src,dst,travel_time_s,delay_probability,carbon_kg,ev_energy_pct
0,3209,2.0022354,0.5830181,0.004450448,0.009901106
0,5917,11.589205,0.5855206,0.04131599,0.08251307
1,4073,2.4877663,0.64095116,0.0018010512,0.004664257
1,2311,38.188354,0.645347,0.08121173,0.1593102
2,2768,3.3392525,0.6364521,0.0052823797,0.011025891
2,388,15.239004,0.633059,0.03078939,0.060152046
3,68,22.880508,0.6263952,0.049552727,0.09648291
3,61,116.16888,0.6204925,0.13356142,0.26296607
4,6895,77.05966,0.628935,0.14569712,0.2839853
4,6327,7.496071,0.62256795,0.0134135485,0.026718885
5,4,151.69211,0.63186973,0.28726098,0.5651027
5,6895,22.035624,0.028689414,0.10300575,0.21718341
6,2209,2.255745,0.6654954,0.0038184598,0.007481113
6,3925,78.11818,0.6753753,0.1598056,0.31161672
7,6692,6.4562073,0.64865476,0.012655087,0.025968447
7,3493,1.9446564,0.6446392,0.0031149387,0.006672725
8,4833,1.7314072,0.4471527,0.002519466,0.0052286834
8,2011,108.02495,0.4437732,0.22045007,0.42478067
8,13,65.4653,0.45665526,0.17331363,0.33525145
9,12,1.4042549,0.4703972,0.002724737,0.005785793
9,10,46.677467,0.463969,0.1242197,0.24140643
10,3992,2.102066,0.4652123,0.002499491,0.004898697
10,5667,27.587524,0.46220973,0.06779472,0.12848738
11,2331,1.8387184,0.437993,0.0028623343,0.0058972985
11,2007,58.042816,0.44542965,0.11682666,0.22686213
11,4916,57.19213,0.43643692,0.14835337,0.28657717
12,3724,1.4371605,0.4748368,0.0031014904,0.0066075623
12,1852,36.983883,0.47301206,0.0818968,0.15770017
13,5668,1.7485733,0.45851767,0.0047801137,0.009839579
14,8,34.724346,0.4505652,0.08887648,0.17144181
14,1858,41.963924,0.43538657,0.09264087,0.17854689
15,16,36.867935,0.45640787,0.07413118,0.14070415
15,2030,14.646996,0.44980398,0.030925494,0.059797235
15,2011,40.68959,0.45088115,0.081330895,0.15697135
16,3727,1.9103127,0.45867428,0.0026350543,0.0051619112
16,15,37.209724,0.45730624,0.074527055,0.14173529
16,2038,23.757719,0.46040007,0.053279363,0.100887604
17,3732,1.843174,0.47842646,0.0038233101,0.007704988
17,2022,119.83735,0.48718813,0.2616912,0.5049578
18,1920,17.034986,0.53638726,0.047158673,0.09177999
18,1920,25.070448,0.53837955,0.052916,0.101833895
19,3887,27.363306,0.54164726,0.08038524,0.15603328
20,6755,1.3981514,0.55389774,0.0020436868,0.005032927
20,6756,0.8097153,0.54616,0.0011872277,0.0027956516
20,2606,20.26768,0.5576223,0.044906337,0.08645485
21,5010,4.855034,0.6725257,0.0069878325,0.014508158
21,2692,21.905235,0.0023866892,0.056840625,0.119662866
22,6874,1.561306,0.6011531,0.0045899376,0.009413332
22,182,5.974331,0.5915499,0.015055686,0.029063106
23,3431,0.0,0.03699544,0.005649939,0.011090264
23,5766,2.3093834,0.5529829,0.0072411597,0.015129283
24,5595,0.4740181,0.10363731,0.00195878,0.0032191426
24,5594,6.3293533,0.6137228,0.0114648715,0.023505375
25,70,55.865982,0.5868617,0.13754836,0.26968482
25,6347,55.5943,0.5774027,0.13642722,0.26280433
25,221,8.311935,0.5859492,0.01655066,0.033027217
26,3607,1.8960419,0.61095905,0.0024428219,0.0057847947
26,3569,4.5933075,0.6121624,0.008607544,0.017622828
27,4655,1.8203163,0.6128629,0.0035133287,0.007975981
27,6625,52.17604,0.6248855,0.07782264,0.14940956
28,5504,1.5604019,0.63123035,0.0028815567,0.0066465437
28,4707,1.1786194,0.63234264,0.0035917088,0.008272931
29,5910,26.544365,0.6378116,0.05384018,0.10485047
29,30,12.351667,0.6361025,0.024825208,0.04875581
30,1654,239.02258,0.6301496,0.4407424,0.8657086
30,5135,90.47224,0.64161384,0.18459252,0.36483005
30,29,12.825983,0.6327832,0.025432914,0.04988444
31,5134,1.6835327,0.6389197,0.0032319278,0.006401792
31,5134,178.09183,0.6342386,0.36858425,0.72301966
32,6596,14.720404,0.6376743,0.030641861,0.05991198
32,2831,57.764023,0.63781637,0.11664206,0.23084405
32,4681,13.995264,0.63827115,0.02913212,0.05712182
33,1983,2.151764,0.6346574,0.0032158494,0.0070792586
33,879,37.768818,0.64073807,0.09047657,0.17630006
34,1983,108.450554,0.63814855,0.19694868,0.38937777
34,35,41.51146,0.6439325,0.07918418,0.15625301
34,4597,132.88245,0.64365095,0.2421993,0.4782294
35,36,10.367565,0.6377918,0.020519637,0.04026583
35,36,7.818405,0.63736117,0.015186869,0.029948145
35,34,41.11655,0.64251924,0.07868868,0.15551656
36,37,4.391472,0.6403502,0.00782986,0.01573737
36,35,7.926342,0.6389302,0.015251428,0.030084297
36,35,10.420404,0.63927454,0.020473868,0.040159136
37,6596,3.6405296,0.63931483,0.007136956,0.0145447105
37,36,4.1307335,0.63884854,0.0074677244,0.01504235
37,38,115.43592,0.6428045,0.21171348,0.41858476
38,4267,27.833107,0.6464447,0.059389543,0.11360269
38,37,116.073044,0.64313763,0.21175182,0.41820413
38,40,32.97664,0.647555,0.06945109,0.13403834
39,3102,1.6165657,0.645523,0.0030337572,0.006502509
39,4602,85.6105,0.6499077,0.1755637,0.34649944
40,4597,5.392727,0.6453599,0.010774553,0.021811947
40,38,32.29755,0.6499795,0.06893366,0.1327983
41,4031,36.299606,0.6548366,0.0761947,0.15053172
41,655,7.083626,0.6473036,0.016410828,0.032174945
42,674,55.09394,0.65196455,0.16849416,0.33207658
43,3762,25.066666,0.67441976,0.060711592,0.11831239
43,2063,15.143021,0.6695175,0.031438813,0.061498977
44,4780,181.79028,0.47703952,0.3599366,0.695257
45,3088,2.0508156,0.6440708,0.003084682,0.006921947
45,2106,163.53606,0.6580435,0.29620507,0.5853204
45,2208,77.94112,0.6486809,0.18955272,0.37543464
46,4460,1.0514069,0.6450628,0.0035288557,0.007978201
47,7009,100.82616,0.6136373,0.26238707,0.5158067
48,2977,1.8776245,0.60399055,0.0031052828,0.0066692233
48,220,102.646416,0.59879744,0.19235608,0.37750494
48,2190,38.669945,0.60594577,0.10445557,0.20390823
49,50,27.934399,0.62432706,0.05925003,0.11318858
49,6320,7.265484,0.61872447,0.012420781,0.025023952
50,49,28.188124,0.625957,0.05955061,0.113534875
50,52,25.357773,0.62104,0.05367179,0.103622936
51,1864,1.9352264,0.61431164,0.005118124,0.010807171
51,3128,58.95284,0.60752475,0.14643905,0.2889077
52,1861,85.333694,0.6144179,0.08382713,0.15844503
52,986,36.08075,0.61431974,0.075596906,0.14698702
52,994,201.35332,0.607949,0.28934336,0.56920415
53,984,7.4032555,0.613463,0.0075042844,0.01673305
53,65,140.17223,0.6154129,0.19940141,0.39480948
54,50,4.924305,0.62164325,0.010520242,0.02163066
54,55,2.599369,0.62462866,0.0042966604,0.009397477
55,5643,62.20855,0.62619555,0.08703487,0.1670821
56,57,67.95997,0.6246138,0.12886727,0.25319678
56,3,77.69939,0.61062056,0.089144394,0.16991591
57,4066,37.457035,0.63060844,0.076348335,0.14861995
58,59,5.7490845,0.6304498,0.011115804,0.022445232
58,3872,7.2879677,0.6247352,0.015224807,0.030237943
59,5514,67.9887,0.63507044,0.10558547,0.20540974
60,738,45.12041,0.6192702,0.05055855,0.09653736
60,4986,12.152945,0.61859226,0.025669083,0.050613627
61,2336,5.271694,0.6178376,0.0110985115,0.02274467
61,62,3.6564178,0.6203902,0.006340854,0.013544753
62,63,50.667767,0.61849874,0.081297114,0.15613465
63,5643,67.12835,0.616351,0.077352196,0.14648609
63,5024,77.2393,0.6203794,0.08741237,0.16909944
64,62,5.03397,0.6199786,0.009012453,0.018657133
64,2336,4.0307693,0.6202748,0.006758839,0.014577538
65,6727,1.4480362,0.36890355,0.0012028292,0.0015859753
65,3604,60.697327,0.6194238,0.11507882,0.22784406
65,53,140.91388,0.61673623,0.20170453,0.3972051
66,3605,3.509327,0.6120466,0.0065173656,0.013169944
66,67,6.7918015,0.6095321,0.015628837,0.03130719
67,24,120.35059,0.61371905,0.13992324,0.2732857
68,58,17.03536,0.63730335,0.036003772,0.069896735
68,1990,16.83844,0.63659894,0.031244814,0.06094537
69,7051,75.18208,0.6383448,0.10566942,0.20964533
69,1998,3.4815369,0.6281402,0.0066309124,0.013921976
69,5858,9.718601,0.6382663,0.019451775,0.038701773
70,71,18.30369,0.58878326,0.043203138,0.08429558
70,6242,63.94348,0.59334904,0.1634734,0.3216636
71,6334,4.025009,0.58810246,0.010291874,0.021062165
71,989,74.00162,0.5858977,0.1828978,0.35815033
72,993,1.5833893,0.5979581,0.0042202473,0.009239718
72,5171,27.454926,0.6021417,0.065692395,0.12779507
73,4596,77.92903,0.64340276,0.19966938,0.3958367
73,1472,70.25911,0.64263344,0.179072,0.35583258
73,5576,57.92679,0.6477456,0.106396094,0.21076182
74,4596,2.8748322,0.6480434,0.005227454,0.011212021
74,1734,89.85075,0.6523487,0.1647717,0.32798398
74,4598,23.205137,0.6542013,0.047386248,0.09094513
75,6789,1.6889114,0.5815096,0.0026002824,0.005929172
75,2639,13.32552,0.58014125,0.028956018,0.05668267
76,7000,1.5813332,0.5681422,0.0036739856,0.008179069
76,7004,2.221096,0.5717799,0.0051913112,0.011030495
76,7005,2.081337,0.5701051,0.0045668706,0.009792641
77,4936,9.386856,0.5210561,0.025535941,0.05007431
78,1720,1.9677658,0.5238443,0.0028438345,0.006094143
78,4058,41.227043,0.51834905,0.13599187,0.26581976
78,2031,37.91308,0.51928866,0.07418218,0.14394517
79,5736,67.88188,0.53223526,0.13267374,0.260306
79,5736,44.603912,0.5349717,0.1412212,0.2763647
80,2165,2.002449,0.5269816,0.0029549226,0.006288886
80,800,5.1010704,0.5255,0.009757616,0.019819275
80,3805,76.410416,0.52693915,0.24689567,0.48108393
81,1438,29.377274,0.51428205,0.07575939,0.14616802
81,3143,47.703148,0.5130846,0.12462443,0.24189731
82,5828,2.0225868,0.54794526,0.0031718984,0.00698483
82,2697,125.089264,0.5461382,0.23895618,0.4679944
82,4106,26.09815,0.5535614,0.052779958,0.1015128
83,5827,2.8221054,0.5732021,0.00526312,0.011117071
83,3788,0.55631256,0.5569535,0.0045244396,0.008926123
84,6468,162.40921,0.5787012,0.33977106,0.66446793
84,1142,116.56854,0.5872697,0.24396914,0.47754252
84,2641,63.854042,0.588022,0.13433652,0.2641201
85,3784,1.6513176,0.55403674,0.003158763,0.007252112
85,107,23.052114,0.55409557,0.05057277,0.09679068
86,106,19.274033,0.5577956,0.0420779,0.081856385
86,85,24.94862,0.5595326,0.055852763,0.10705787
87,3859,1.3219757,0.58398616,0.0038221627,0.007905051
87,482,82.01834,0.59474725,0.17003313,0.33621192
88,3780,1.5063095,0.5443732,0.002565734,0.0061286986
88,248,61.96302,0.54460025,0.13026863,0.254939
88,242,77.614525,0.54539526,0.16410406,0.32054543
89,1761,27.276665,0.57699215,0.054528225,0.10427696
89,2645,73.988556,0.57196736,0.14113882,0.2781869
90,1405,2.0310173,0.58985955,0.0038060397,0.007863179
90,836,5.4256096,0.58959186,0.012870684,0.025842428
91,4258,1.5806465,0.53233206,0.0019457787,0.004578516
91,2679,210.9723,0.5373755,0.41038173,0.79876673
91,1466,51.90243,0.5343564,0.11040813,0.2148313
92,205,2.6250496,0.56428444,0.005288653,0.011230141
93,3752,1.7923355,0.2786084,0.0052889213,0.009042531
93,3754,55.45745,0.53914803,0.11946105,0.23359591
94,3745,1.3600655,0.5445747,0.0025582537,0.0059060752
94,2186,15.379343,0.5497791,0.033505138,0.065498374
95,3777,1.1199417,0.28885853,0.004182644,0.0056457967
95,6099,1.5589981,0.5293684,0.003378898,0.0077218413
96,97,56.811386,0.5499162,0.119252674,0.23383233
96,5313,15.076229,0.54526764,0.032568447,0.06321729
96,119,27.75552,0.5473929,0.05679149,0.108523645
97,96,56.68401,0.5492135,0.11870843,0.23274004
97,6077,45.957424,0.55892795,0.09398247,0.18363737
97,120,31.754047,0.55322057,0.06758125,0.13079914
98,116,13.874348,0.5565998,0.027112573,0.052899778
98,123,32.119324,0.5547915,0.0679184,0.13109118
99,2836,2.9126587,0.543617,0.0052788556,0.011232421
99,1244,12.509785,0.54338074,0.026261926,0.051265344
100,378,9.605373,0.5515754,0.020790689,0.041122094
100,119,73.61235,0.54839677,0.13964975,0.27293944
100,4227,16.334373,0.5511013,0.035226583,0.06802194
101,100,50.541107,0.5511377,0.09891798,0.19279149
101,5480,22.998705,0.54817444,0.047867652,0.09136931
101,3761,73.15224,0.54329866,0.14206116,0.27840954
102,2359,3.4084778,0.5482227,0.0071216226,0.0146341175
102,6845,1.2111893,0.54233545,0.0020505115,0.0050233155
102,4642,44.21159,0.5481276,0.08533909,0.16719523
103,4256,2.0073013,0.54678214,0.0043669045,0.009182364
104,1072,1.1693459,0.554219,0.0021340847,0.004742652
104,4444,35.38965,0.5588248,0.067395896,0.12988281
105,4543,1.5786133,0.5683722,0.0020801201,0.0049500167
105,6253,41.333668,0.5772577,0.087590545,0.1709979
106,107,22.18299,0.552775,0.048550013,0.09295134
106,5314,120.39185,0.54328066,0.25170833,0.4910198
106,86,18.992773,0.5572318,0.040592805,0.0788626
107,248,21.098822,0.5496613,0.045710262,0.08796516
107,106,22.116585,0.55201536,0.048317235,0.092691496
107,85,22.805208,0.5515659,0.049797848,0.09519389
108,3778,22.16797,0.5372161,0.04644315,0.08910503
108,4416,27.322996,0.54224426,0.06648272,0.1273123
108,2277,3.5973969,0.54396456,0.009488463,0.019534945
109,2306,11.49963,0.5424962,0.027541019,0.054418802
109,4420,1.0661011,0.53910583,0.0036925003,0.00798057
110,3761,1.900814,0.54028,0.0027138665,0.0061436594
110,5314,51.467735,0.54253477,0.10788963,0.21110614
110,6105,35.79723,0.5417708,0.06869174,0.13420317
111,104,2.9006882,0.56392187,0.005675897,0.011842161
112,2242,19.774477,0.558449,0.04300978,0.08270439
113,3746,1.5046158,0.53684926,0.0018220246,0.0043915957
113,4444,111.30557,0.54369986,0.21468481,0.41936237
113,94,20.210173,0.54378086,0.04390817,0.08465125
114,2362,6.4389,0.5399306,0.012254521,0.024381012
114,4419,29.595016,0.5442884,0.051053204,0.096812725
114,115,45.975056,0.5399163,0.08931614,0.17423978
115,3750,34.815556,0.285299,0.109923586,0.18182026
115,114,46.98858,0.54222816,0.09102802,0.17713468
116,2665,82.30423,0.54915106,0.12325466,0.23986009
116,124,26.948093,0.5497091,0.060464993,0.11555075
117,2130,48.452187,0.5418785,0.10081377,0.1974186
117,1958,42.39643,0.54740655,0.08851903,0.17245226
117,2129,103.02965,0.5366787,0.20039624,0.39110675
117,3849,20.624483,0.54435825,0.04331103,0.08373501
118,2384,6.781864,0.5509047,0.013208903,0.026668802
118,5308,1.8836174,0.5515839,0.0026932359,0.0059005767
118,1958,32.42587,0.5509229,0.063773505,0.123133406
119,100,73.506996,0.5468968,0.139483,0.27194062
119,96,28.306343,0.5466538,0.05778075,0.11081254
120,119,42.215008,0.55101883,0.082683235,0.15924054
120,123,11.209597,0.55419314,0.024026908,0.047429085
120,97,32.069016,0.55291754,0.06776349,0.13187939
121,2666,61.413292,0.55729675,0.11864436,0.23285666
121,5062,56.174133,0.55923235,0.11739951,0.23041178
121,2722,59.770332,0.5601787,0.12653157,0.24848235
122,124,86.12516,0.5520612,0.18492752,0.35962394
122,1955,100.403336,0.5559147,0.14910088,0.2933275
122,3172,21.469353,0.5540362,0.044940036,0.08613449
122,2665,44.2484,0.5556406,0.08577841,0.16546968
123,116,29.636833,0.5523461,0.06388866,0.12255739
123,120,10.802805,0.55154586,0.023117438,0.04575531
124,1792,26.880486,0.5560576,0.059136327,0.11286451
124,1650,29.840649,0.5555676,0.065575525,0.12533851
125,3782,1.7170639,0.56997466,0.0037372112,0.008314267
125,6691,34.618153,0.5761017,0.07340263,0.14288244
126,1697,2.5909653,0.58698905,0.005091667,0.010654628
126,1865,13.046469,0.5853594,0.029985745,0.058842085
127,3791,52.947956,0.582527,0.11038743,0.21711211
127,1868,12.395819,0.58232296,0.02647993,0.05168557
128,6898,1.6685371,0.5833328,0.0029784963,0.006553754
128,2648,42.108883,0.5859222,0.08557482,0.16732717
129,5317,1.426899,0.57679045,0.0025080442,0.0055212975
130,5314,1.7507057,0.53879976,0.0036182255,0.008043855
130,3761,49.745697,0.5418197,0.10632244,0.20818833
131,4545,125.08719,0.55806065,0.25842625,0.5050167
131,2198,3.0604477,0.5559105,0.0063693672,0.013692722
131,4544,190.0404,0.5538825,0.36589956,0.7152293
132,133,1.8063202,0.5707568,0.0024957731,0.0057540387
132,2200,5.3319397,0.5691936,0.015733853,0.030842766
133,132,1.9772301,0.5673846,0.0029589236,0.00640589
133,2618,75.16418,0.5691645,0.14341591,0.28280777
133,6252,35.586197,0.57026374,0.11672518,0.229158
134,4560,50.014507,0.57825893,0.09568431,0.18778716
134,2650,22.448702,0.5754566,0.04586645,0.088253744
134,4556,47.132088,0.5764749,0.090266906,0.17701633
135,4558,2.720211,0.5835748,0.004080102,0.00872159
135,6470,1.8479156,0.58557796,0.0021049902,0.005053431
135,6469,5.8569756,0.5850902,0.012307137,0.024772272
136,137,42.139,0.58005834,0.08039529,0.15735812
136,2650,72.78077,0.5740894,0.13828665,0.27262658
136,1429,23.870016,0.5800489,0.051046755,0.0975479
136,1428,55.017643,0.5783046,0.1133307,0.22229174
137,2703,56.043175,0.5751596,0.10623342,0.20917495
137,2649,16.475967,0.57870626,0.033653885,0.06538908
137,136,42.160206,0.57837725,0.080384955,0.15754141
138,112,48.18434,0.5544677,0.10400361,0.20308286
138,2694,9.982586,0.5524133,0.02036582,0.040675163
138,4447,4.099144,0.54924184,0.0087117255,0.018532097
139,2693,111.708275,0.5721358,0.21136256,0.41440904
139,230,28.983736,0.5924279,0.05911416,0.11310594
139,140,48.548126,0.5951462,0.09239004,0.18089455
140,2733,54.398064,0.5879946,0.10382469,0.20394695
140,139,48.596252,0.59710294,0.09234922,0.18105717
140,141,50.60028,0.59980226,0.09499561,0.18602335
141,3845,1.9150085,0.60099006,0.0028603598,0.005751729
141,143,17.338667,0.60483944,0.03674308,0.071599886
141,140,50.301765,0.6005988,0.09542939,0.18599354
142,141,45.122208,0.5957289,0.093538105,0.18264942
142,4459,1.6775627,0.5859802,0.0030799434,0.006966278
143,4458,2.2404633,0.6044156,0.0040924996,0.00853765
144,6485,1.9343605,0.6163058,0.0032626987,0.0071026087
144,3843,2.0967216,0.6162755,0.002917245,0.0064509213
145,3841,1.8875008,0.6229857,0.002641134,0.005753681
145,4082,41.474964,0.6374743,0.086710215,0.1690637
146,4034,1.5455971,0.6232819,0.0021739379,0.004852459
147,4446,1.598381,0.5479268,0.0027790964,0.006287411
147,461,4.6118584,0.5504546,0.008296572,0.016921386
147,3753,76.63522,0.54170066,0.16319707,0.3174473
148,4430,1.1404305,0.54501355,0.003391832,0.007415682
148,3151,30.567902,0.5464537,0.06171927,0.11658527
149,651,31.625328,0.5793247,0.06269937,0.1201344
149,652,56.69085,0.57737154,0.10893932,0.21394718
149,4403,31.577126,0.57652026,0.062416375,0.11992918
149,1401,41.806076,0.58037,0.07999673,0.15713343
150,4391,1.7635269,0.5693895,0.0023020655,0.005335778
150,4403,27.882545,0.57229054,0.05612404,0.10679296
150,6955,26.509352,0.565862,0.057634067,0.10980282
151,654,27.64066,0.5590868,0.056033578,0.10662867
151,6108,10.811884,0.55585057,0.021881774,0.043113485
151,4391,61.972195,0.5597529,0.11843221,0.23246764
151,152,25.38407,0.55543905,0.05190114,0.09865684
152,170,21.221766,0.55183744,0.045620896,0.08768074
152,648,25.706558,0.55345774,0.055739112,0.10649922
152,4431,33.45547,0.55243236,0.06514761,0.12664835
152,151,25.340788,0.5561628,0.05184012,0.09854193
153,467,24.07733,0.62966764,0.04909571,0.09497042
153,7029,2.0758286,0.625325,0.0019858181,0.005024761
154,6148,1.4484367,0.6296315,0.0026193783,0.0065161884
154,6150,36.803593,0.6406611,0.07176651,0.13791566
155,479,17.437183,0.6229064,0.035533782,0.069068454
155,4422,60.460968,0.6276033,0.11378358,0.22516997
155,466,29.189285,0.6215689,0.05891171,0.11280675
155,6146,28.68256,0.62834656,0.058137152,0.11168546
156,5421,2.4029274,0.6117192,0.002445519,0.0061305165
156,3937,63.37114,0.61499393,0.11731334,0.23120308
157,3846,1.6931343,0.6013037,0.0021296963,0.0052758455
157,6111,1.7386284,0.60103697,0.0032779723,0.007584572
157,466,63.83352,0.61213464,0.11950605,0.23617777
158,4409,1.7191467,0.5801059,0.0028539225,0.0066549927
158,4399,45.13012,0.5898387,0.09281397,0.1808839
159,162,17.989609,0.57403123,0.03817398,0.07400808
159,4409,16.871103,0.57923746,0.035996374,0.07017387
159,4397,48.682434,0.57952887,0.09218021,0.18127035
160,471,31.653202,0.5884297,0.06240096,0.11987304
160,4406,18.135338,0.58836484,0.037133384,0.07208374
160,4397,28.438366,0.5841924,0.05668363,0.107894
160,4402,18.94205,0.58550406,0.03900132,0.07539869
161,471,46.23937,0.5951059,0.08801581,0.17127104
161,5046,16.01005,0.6066468,0.036685534,0.071977064
162,5535,2.0718575,0.5722338,0.0031258836,0.006772548
162,159,17.911398,0.57275844,0.03822942,0.07392582
162,163,45.44168,0.57480687,0.09392909,0.18268348
163,6120,0.6665611,0.54027957,0.0016140267,0.0037467629
163,4396,6.496311,0.5812555,0.014093779,0.028367355
164,4411,1.9954262,0.589325,0.0027285889,0.006039366
164,471,19.017962,0.5914279,0.038900558,0.07536621
164,165,42.634487,0.59634507,0.08843017,0.1705651
165,1406,1.6042213,0.5944634,0.0031826794,0.0069226176
165,161,15.190594,0.597321,0.034580924,0.067271456
166,167,30.92416,0.56088257,0.06643747,0.12886854
166,162,36.998703,0.5681457,0.07853741,0.15189216
166,6600,31.32339,0.5600087,0.06764414,0.13098148
167,459,24.977997,0.560856,0.051623948,0.09809177
167,6599,45.16867,0.56003284,0.08764548,0.1721893
167,168,17.858355,0.55652136,0.038461614,0.07455708
167,166,31.040272,0.5612211,0.06618357,0.12834227
168,459,18.405066,0.55746025,0.037953816,0.07359155
168,3847,33.358925,0.5540128,0.065248504,0.1268327
168,169,6.54319,0.55779177,0.013451174,0.027389005
168,167,17.6534,0.55595285,0.03772292,0.07334791
169,458,24.372543,0.5568929,0.053243767,0.101679705
169,168,6.981571,0.5580605,0.014695637,0.029635206
170,152,20.899492,0.5529589,0.045365985,0.08695366
170,653,22.107847,0.55480534,0.052520268,0.10200967
171,1074,26.858047,0.564934,0.05736481,0.11015781
171,181,41.158596,0.56551725,0.085280806,0.16575927
172,6454,1.3626404,0.55777717,0.00095235556,0.0024915636
172,6453,1.5735664,0.556838,0.0037158355,0.007766545
173,6456,29.489775,0.56367916,0.06402996,0.1219694
173,1269,100.61556,0.55905443,0.1880433,0.3683927
174,2148,17.321184,0.56465185,0.035361648,0.06824161
174,2674,37.375378,0.57004493,0.07172647,0.14090551
174,233,14.263029,0.5663216,0.02916162,0.056838408
175,694,1.5428734,0.5733994,0.004713036,0.01050292
175,1018,0.33709335,0.040401995,0.0023953319,0.005549565
175,5468,47.730762,0.5817659,0.10296564,0.19917542
176,2718,19.647991,0.5825872,0.045834646,0.0887664
177,6669,29.104687,0.5672596,0.048871502,0.09352544
178,6220,42.18795,0.5580951,0.05048708,0.09637446
178,238,73.956726,0.55946636,0.15376973,0.30108985
179,6713,17.957954,0.53568745,0.039415788,0.0763257
180,1076,28.223373,0.5536291,0.057282075,0.10937981
180,1137,41.190197,0.54670596,0.086946614,0.16787462
181,180,35.12236,0.5559461,0.07457973,0.1442019
182,367,9.476929,0.6011432,0.022071153,0.04385139
183,3291,94.46248,0.5935359,0.17841831,0.3512224
183,3580,24.935415,0.6004463,0.060105473,0.11687198
184,6882,9.707592,0.6115627,0.019337729,0.038584575
184,1646,12.699223,0.60658276,0.023110077,0.04592739
185,6236,3.5996132,0.62197405,0.0066608414,0.013350576
185,1054,2.5892105,0.619156,0.004431151,0.009385273
185,997,60.737946,0.6258375,0.115062214,0.2279884
186,3085,41.589706,0.6294223,0.0796321,0.15720479
186,3588,32.364853,0.63251007,0.06928795,0.13552351
186,2749,78.897964,0.6303378,0.16100536,0.31834522
187,2542,6.8311653,0.6094572,0.013015747,0.026065275
187,2541,8.26656,0.60717106,0.015982404,0.031809583
187,828,39.87706,0.61279076,0.07652707,0.15057458
187,998,20.197592,0.61257654,0.041331492,0.08005834
188,5728,40.663525,0.61309206,0.08701601,0.1689357
188,189,24.90434,0.6138208,0.05984106,0.11631424
189,3236,3.1773186,0.61169595,0.0077594817,0.016102672
189,405,6.3226624,0.60646474,0.015200399,0.030534968
190,1080,31.741776,0.61759335,0.07809669,0.15099882
190,3007,25.70053,0.6124253,0.053276215,0.10209237
191,755,75.28078,0.616113,0.14102763,0.28079534
191,3613,34.545532,0.61731833,0.08576464,0.16807745
191,1118,3.393734,0.61377645,0.004945509,0.010801747
192,2058,1.346672,0.6028623,0.00093171,0.002665937
192,1044,5.958641,0.6216381,0.012581974,0.02558674
193,1373,58.292603,0.60474116,0.12003956,0.23730193
193,4386,58.372635,0.6049272,0.12126493,0.23866414
194,1019,28.461203,0.5663835,0.073996186,0.14274812
194,6516,195.37483,0.5426183,0.41561416,0.8046476
195,2588,4.5221634,0.5024201,0.014128208,0.02842623
195,7002,5.031494,0.50481445,0.015232198,0.030243218
196,7003,18.251623,0.50565726,0.04005228,0.077161625
196,2698,125.56867,0.5180029,0.24682105,0.47949702
197,631,1.9377213,0.4497373,0.0031150728,0.0062186867
197,1309,21.670364,0.46133992,0.052495677,0.10141737
198,197,17.227537,0.44803536,0.040811595,0.07844481
198,1684,1.9337845,0.43544924,0.0035525784,0.0074668527
198,632,2.3832664,0.43754685,0.0044419393,0.009009853
199,627,2.5308952,0.38320488,0.005749084,0.011450157
199,2319,28.901564,0.35907763,0.07376553,0.14025322
199,1623,2.2946014,0.38099968,0.0053742006,0.010682344
200,2627,2.020321,0.48580748,0.0031016544,0.0062981546
200,3538,73.74007,0.49042478,0.14608821,0.28355283
200,6873,13.696995,0.49181262,0.03179042,0.062315375
201,6455,34.729782,0.55684847,0.08813673,0.1671098
201,202,31.567898,0.5541234,0.078494385,0.15206315
201,1073,13.831526,0.55918026,0.0286761,0.055978492
202,201,31.025904,0.55271024,0.07802311,0.1519774
202,1954,36.66424,0.5512412,0.09092009,0.17336537
202,1077,14.211779,0.5550106,0.028887518,0.056473643
203,3837,1.7680397,0.54210436,0.0035281405,0.0076575577
203,4326,1.6202927,0.53908664,0.0050011054,0.010427326
204,6764,2.798687,0.56762004,0.005464822,0.0114007
204,2146,7.9471626,0.5638616,0.016716346,0.033432752
204,3510,45.804516,0.5701212,0.096519895,0.18723533
205,206,14.365887,0.5656348,0.03148623,0.061450444
206,6428,46.12343,0.5659045,0.089241736,0.17392232
206,208,2.1611633,0.56809443,0.0045486614,0.009483993
207,6378,58.064827,0.5691818,0.11564156,0.22562765
207,5176,17.890066,0.5696987,0.0384352,0.07471732
208,6491,1.2571373,0.5611803,0.0025260523,0.0056286007
208,5305,52.31217,0.57258224,0.11177513,0.21960959
209,3006,9.79174,0.5765529,0.021303475,0.042176157
209,6496,26.384071,0.5819254,0.06269,0.12072516
210,1136,42.732235,0.5788684,0.082075246,0.15925947
210,2000,12.869228,0.57889974,0.026265748,0.051663324
210,6663,21.066095,0.57703173,0.04384678,0.08500403
211,692,102.087845,0.5853475,0.19467808,0.3828282
211,6336,32.49568,0.595499,0.06808873,0.13309848
212,374,16.605318,0.6025957,0.037454527,0.07288076
213,227,9.32383,0.59770614,0.016385384,0.03348662
213,2981,4.7430344,0.5995214,0.00941471,0.019365579
214,335,6.0186462,0.56134975,0.012607209,0.025650546
215,3004,22.570246,0.6121351,0.046705604,0.09057913
215,1340,8.406719,0.6129841,0.016258575,0.032357544
215,247,155.97241,0.60502523,0.2923188,0.5745352
215,2731,107.07318,0.60730493,0.19957796,0.39308167
216,3004,44.01429,0.6146817,0.09238472,0.18129615
216,6243,62.61831,0.6068609,0.13021599,0.25771135
217,3002,10.697752,0.61119354,0.021594107,0.04247725
217,3003,15.281509,0.61723435,0.032795355,0.06382098
218,2979,41.58432,0.61975676,0.08699032,0.1701808
218,217,18.933508,0.61718214,0.038816005,0.07496721
219,6737,1.940979,0.6261393,0.0027387738,0.006136462
219,5213,27.28151,0.6347649,0.059208866,0.11327309
220,230,81.9153,0.5873874,0.15477727,0.30427638
220,48,103.10978,0.597353,0.19316646,0.3800527
221,225,30.019653,0.58058304,0.0599521,0.11466323
221,25,8.139393,0.58361846,0.015985347,0.031989306
222,223,69.22107,0.5855156,0.13248253,0.26149848
222,176,17.917908,0.5821656,0.03669941,0.07097312
223,2691,1.812706,0.589823,0.004605867,0.009063974
223,222,69.22091,0.58377844,0.13102923,0.25937334
224,221,102.37268,0.583702,0.1945213,0.38332
224,6003,17.081268,0.5902955,0.038520284,0.07519413
225,2718,61.183147,0.5808784,0.11686198,0.22980061
225,209,42.02612,0.58037496,0.079989284,0.15400527
225,221,29.555744,0.57972133,0.05935276,0.113858245
226,1439,32.101704,0.5769798,0.06268971,0.12129483
226,6742,3.0299377,0.5772457,0.00817436,0.016861647
227,992,49.156097,0.6034409,0.1169383,0.2294268
228,226,29.890251,0.5802305,0.0728772,0.14293072
229,4692,32.884083,0.57654995,0.08270919,0.15810943
229,2719,81.71906,0.5702402,0.25894877,0.5060563
230,220,82.03205,0.58955705,0.1541464,0.30239034
230,139,29.299809,0.5925906,0.05950883,0.11382929
231,1076,39.044266,0.55819714,0.07487043,0.14685422
231,1074,45.11496,0.56387997,0.08661539,0.16944884
231,181,27.70778,0.56245065,0.056173634,0.10662262
232,1076,45.584713,0.5526028,0.08718403,0.16942567
232,1137,24.169968,0.54310536,0.05857458,0.11320181
233,2147,17.627914,0.56478053,0.036152054,0.06990177
233,6450,37.68716,0.56921124,0.07240057,0.14209892
233,5432,14.412519,0.56445146,0.029406592,0.057481118
233,174,14.348028,0.56625956,0.029356562,0.057353355
234,4981,1.3119278,0.5425256,0.0045794025,0.0097076595
235,1077,45.897404,0.555431,0.08849047,0.17190899
235,232,10.721909,0.5483765,0.025052413,0.049589664
236,2672,72.80279,0.5243668,0.15788276,0.30516168
236,2670,107.574905,0.53603226,0.20831293,0.40682483
237,2637,77.714676,0.5182416,0.15367454,0.29963538
238,178,74.31073,0.5562,0.1541526,0.30091065
238,239,39.54332,0.56496245,0.07565583,0.14915839
238,6429,22.892754,0.5652292,0.047222804,0.09052299
238,5217,59.761436,0.56311077,0.124248765,0.24406731
239,1393,15.175121,0.56208926,0.031146012,0.060646452
239,238,39.69409,0.56551313,0.076388754,0.1503796
239,5459,79.9512,0.5568528,0.1535953,0.3015371
240,2364,4.5188713,0.5433112,0.009364918,0.019149587
240,3754,32.59999,0.54130065,0.069733195,0.13513926
241,114,4.4499626,0.5402696,0.008774191,0.017659321
241,2362,6.357605,0.5402274,0.013685212,0.027139768
242,3779,1.4897118,0.536313,0.0021362975,0.0051350147
242,246,5.8373947,0.53940743,0.012859121,0.025679648
243,2836,37.23992,0.5502944,0.06743724,0.12866685
243,2761,49.952866,0.5456808,0.12902147,0.25169748
244,4226,2.2341423,0.55004376,0.0027316064,0.006143719
244,5480,49.074318,0.5514786,0.095516175,0.18568127
244,100,21.297913,0.5484438,0.047186136,0.09040707
245,6257,8.741409,0.5613108,0.017377034,0.034418806
245,4426,56.379715,0.5570328,0.10914181,0.21375889
246,3749,25.596464,0.53964794,0.05639082,0.10771293
247,215,156.56757,0.60590374,0.29349464,0.5782075
247,1521,5.6410637,0.6005901,0.013079852,0.026154667
248,6104,122.8782,0.54116136,0.2366842,0.4618848
248,88,61.378426,0.54482985,0.12946182,0.25328046
248,107,20.54205,0.54944605,0.04465711,0.08601935
249,292,48.61876,0.6248214,0.102350086,0.19872163
249,3707,25.352331,0.6208029,0.04625025,0.08863259
250,1555,2.9567604,0.3676423,0.00853432,0.016389802
251,5249,60.511818,0.42113695,0.1620991,0.31277156
251,695,47.44175,0.4031135,0.09646965,0.18493658
252,1895,1.9050941,0.45363587,0.004254438,0.008787423
252,4868,4.4392395,0.45390618,0.009192154,0.018214196
253,1897,0.53438187,0.45658666,0.0050857887,0.010313377
253,700,74.545815,0.46311954,0.11130145,0.21446343
254,2126,3.261177,0.44397563,0.0035722405,0.0075390786
254,5370,48.49623,0.44324097,0.10766886,0.20738083
255,3953,49.011494,0.28373018,0.1401189,0.27810657
255,269,129.8706,0.32811975,0.2853438,0.54974586
256,6993,38.2711,0.35012227,0.08183549,0.15411052
256,4160,50.456497,0.36949462,0.173944,0.34030485
257,1875,223.50693,0.5159493,0.43890134,0.8535233
257,1875,28.731352,0.5186347,0.07175734,0.13661656
258,6139,1.7695808,0.62690896,0.0035254955,0.007778406
258,7048,13.239965,0.62685764,0.030118875,0.05909463
259,2167,5.8346977,0.6115123,0.01056315,0.021318913
259,2411,2.7229996,0.61966604,0.007361345,0.015361592
260,5044,2.7160454,0.6336357,0.0033771396,0.007869139
260,5206,64.98079,0.6394009,0.16077858,0.3189125
261,941,31.370956,0.5424297,0.06290868,0.121429
261,975,45.910275,0.5473398,0.11338437,0.22036296
261,4774,15.401392,0.54056257,0.03243315,0.06327697
262,965,31.918419,0.5564582,0.063676454,0.122229256
262,923,10.67868,0.55755496,0.025033519,0.049404398
263,980,9.645538,0.043296754,0.022583947,0.043848336
263,895,40.278793,0.56488633,0.09947434,0.191313
264,4303,21.92506,0.5539112,0.052952986,0.10145293
264,1370,11.570324,0.073583156,0.042685725,0.083783194
265,6329,26.813747,0.63173866,0.057254955,0.110312514
265,4109,70.32704,0.62907875,0.13099828,0.26046264
265,6330,25.671282,0.6304458,0.053714823,0.10353964
266,3907,24.537695,0.6360113,0.050760444,0.09800756
266,1372,34.854214,0.6358613,0.06888948,0.13382304
267,449,1.8072853,0.6371258,0.0024305806,0.0055577755
267,3675,2.5103416,0.63669884,0.0038480088,0.00833419
267,5486,67.40364,0.6376121,0.16264282,0.32214308
268,6530,1.4465828,0.29681486,0.005610384,0.010146886
268,6993,100.98433,0.31102347,0.22525185,0.43515414
269,6993,105.43561,0.34992772,0.23042706,0.44274032
269,255,129.27411,0.328016,0.28715536,0.551508
269,270,113.167534,0.39476985,0.24052808,0.46236187
270,274,127.07692,0.42314985,0.2648172,0.5098285
270,269,113.398994,0.39530092,0.23986012,0.4613893
270,271,103.52426,0.4159372,0.21548349,0.4145282
271,4259,1.859127,0.4226292,0.0028590485,0.005796209
271,2128,32.057304,0.42867753,0.069214806,0.13054752
271,270,103.41141,0.42070705,0.21512794,0.4139221
272,1902,2.689827,0.33636463,0.004875593,0.009306818
272,2117,16.910484,0.33904094,0.047194503,0.09287895
273,2927,99.871475,0.41697657,0.20665927,0.39774084
273,274,10.198036,0.43790722,0.021450572,0.041662887
273,715,100.687294,0.45670977,0.20431265,0.3936746
274,275,47.649803,0.44528398,0.09636065,0.18599261
274,273,10.497231,0.43803424,0.022046149,0.04286313
274,270,126.787735,0.4259706,0.26387113,0.50776464
275,715,126.03297,0.46637246,0.25559357,0.49300575
275,5780,81.57083,0.4568061,0.16376776,0.31509936
275,274,47.57653,0.44632328,0.09646802,0.18631186
276,3592,1.9455948,0.63294643,0.0027392209,0.006206304
276,1335,7.106373,0.63473153,0.014031984,0.02792953
277,3590,2.1455116,0.6242832,0.0035899282,0.007501319
277,1333,20.445478,0.6296279,0.04196922,0.08073086
277,3594,49.133404,0.62782145,0.1013671,0.19906542
278,279,27.00393,0.5758904,0.054682493,0.104829155
278,5409,24.544006,0.5770386,0.051131092,0.09816677
279,2489,4.3812294,0.5829411,0.007872932,0.015916646
279,1024,35.708473,0.5779496,0.070651755,0.13624358
280,281,48.080093,0.5880228,0.09119156,0.1794933
280,6359,16.128235,0.5839368,0.033302255,0.06482255
280,1003,47.988396,0.5822396,0.0934974,0.18069538
281,2986,1.9545631,0.5884087,0.0028541312,0.0061973482
281,280,47.90664,0.58733463,0.0914969,0.1793136
281,1568,38.736595,0.59139735,0.08090962,0.15632723
282,6785,17.534382,0.59601176,0.03619918,0.07026305
282,3438,8.104111,0.59534657,0.016016252,0.03164147
283,299,27.470886,0.6018596,0.056089565,0.10743827
283,5075,42.18846,0.6091724,0.10225243,0.19927676
284,285,17.412018,0.62428296,0.03523114,0.06805839
284,407,26.00131,0.6233899,0.05311056,0.102425344
285,286,25.924273,0.6272479,0.052663263,0.101271786
285,380,56.91295,0.63012767,0.10916135,0.21487063
286,3499,22.249208,0.6297742,0.053288564,0.10321653
287,2459,1.994297,0.6794069,0.0029327571,0.0064614564
287,484,118.27323,0.6819412,0.2142789,0.42544723
287,290,19.513643,0.6822673,0.044643525,0.0864527
288,1482,17.709017,0.6796807,0.03566195,0.069222905
289,3420,2.143528,0.66583353,0.0032951608,0.006671265
289,451,49.633224,0.6681211,0.10240239,0.20062162
290,2470,2.4044647,0.6768929,0.0037108734,0.008060083
290,1188,13.462444,0.6792623,0.030166455,0.058747023
291,1964,51.17151,0.6073066,0.09823792,0.19103117
291,3626,197.0509,0.59081507,0.37201312,0.728571
291,5579,39.54962,0.6175098,0.07646939,0.14929959
292,4631,81.051834,0.60409564,0.20298736,0.3975848
293,4019,0.7656059,0.37386715,0.0036596507,0.0036899596
294,3525,2.8956451,0.6778759,0.0019369274,0.005138412
294,4367,63.967293,0.67707294,0.13066503,0.2600839
295,5775,0.11524582,0.39939427,0.0026778877,0.00016671419
295,3963,54.638462,0.44240782,0.18908234,0.2930503
296,323,4.3060493,0.6360409,0.014894262,0.028326169
296,4787,4.3711014,0.65202665,0.007713631,0.015630767
296,4471,41.88417,0.66073525,0.070779875,0.13479114
297,396,66.60899,0.638643,0.12435067,0.24743518
297,5528,29.918316,0.63768446,0.059648454,0.11542795
298,3087,1.5683441,0.60979146,0.0042166486,0.009256855
298,5859,19.32857,0.61428666,0.045259155,0.088511154
299,283,27.196985,0.60236,0.055381894,0.10585085
299,3503,49.56816,0.60267836,0.095511116,0.18637127
299,680,48.874992,0.6035654,0.09332466,0.18112503
300,4571,1.9501724,0.6756666,0.0027938336,0.005685866
300,303,45.00425,0.67773914,0.084578246,0.1659691
300,4570,5.582073,0.6601553,0.011285447,0.02203685
301,4574,2.3589096,0.6662749,0.00486777,0.009772301
301,502,10.59045,0.6747001,0.020643674,0.040679723
302,314,42.046555,0.67226905,0.0797329,0.15737006
302,502,51.234215,0.6702552,0.09242813,0.18070336
302,3906,85.36303,0.6653335,0.15226012,0.30026162
303,300,45.966293,0.6775451,0.085537374,0.16792229
303,3157,72.95372,0.67294645,0.1315348,0.26147532
303,3133,68.02298,0.67463917,0.12392144,0.24705157
303,316,66.65678,0.6764176,0.12180194,0.24226248
304,2923,122.960144,0.65955853,0.22406301,0.44272143
304,3285,253.87415,0.6537715,0.46101823,0.9065855
304,3896,77.897995,0.66200715,0.14088553,0.28116068
305,3900,32.728027,0.35989612,0.12642616,0.19811869
306,3896,6.7673492,0.65883124,0.01277487,0.025302783
306,4137,2.6950645,0.6586503,0.0039658025,0.008272618
306,2924,6.054451,0.657229,0.013661802,0.026568055
307,327,322.92908,0.66921186,0.62597716,1.2338791
307,1519,51.6286,0.40874153,0.1910966,0.3010825
308,310,83.62389,0.64664406,0.1687822,0.3344358
309,3957,2.2150993,0.6496077,0.0035746396,0.0073010027
309,3557,39.405174,0.65092546,0.08036148,0.15768437
309,4624,43.528187,0.65301144,0.08117745,0.15961866
310,329,101.48588,0.64992094,0.20486923,0.40380913
310,308,85.2616,0.65465283,0.17028973,0.33843482
311,3105,9.10751,0.58043444,0.054973282,0.11195772
311,1753,42.17144,0.57449734,0.09887314,0.18908304
312,19,73.11667,0.5467388,0.156459,0.30441663
312,1916,7.1007843,0.54586625,0.04677883,0.09349356
313,4569,3.0797386,0.67091864,0.0036806315,0.008240074
313,4567,6.4257393,0.66923445,0.01282642,0.02596511
313,314,83.02195,0.6738147,0.15139124,0.3017941
314,313,84.20314,0.67043954,0.15259123,0.30383247
314,302,42.17697,0.6696599,0.08028196,0.15853201
314,3133,55.365772,0.6759305,0.102502234,0.20321667
314,315,93.15556,0.6699682,0.16920342,0.33624035
315,359,73.25644,0.66979086,0.13265258,0.26489136
315,319,25.11121,0.6657174,0.04668012,0.08945599
315,314,92.35498,0.6726653,0.1682065,0.33450994
316,3127,73.71573,0.6765038,0.13367203,0.2665788
316,303,65.99973,0.6771442,0.11916684,0.23730348
316,3099,91.09894,0.67964244,0.16383979,0.3260645
316,3126,40.597286,0.67729706,0.07698164,0.15144998
317,321,66.0934,0.67056125,0.12051186,0.24054965
317,318,56.09702,0.66986686,0.10382819,0.2055786
317,4569,53.30953,0.672709,0.09758128,0.19346756
318,317,56.464504,0.6716051,0.103879176,0.20636187
318,499,39.521244,0.6680371,0.07748193,0.15225914
318,3372,88.55617,0.6704949,0.12893483,0.25504768
319,4215,4.5530815,0.66677976,0.008071706,0.016438246
319,315,25.475523,0.671032,0.048128802,0.0928373
320,5496,39.43233,0.6713459,0.07523813,0.14567927
320,4566,40.38085,0.6717577,0.07662552,0.14875561
320,3100,60.913986,0.6712762,0.1184119,0.23536673
320,496,84.67713,0.6710302,0.1629542,0.32453436
321,317,66.08231,0.6708653,0.12017512,0.2399365
321,4567,118.07512,0.6691768,0.2320433,0.4575938
321,501,36.449173,0.6693959,0.07425903,0.14484783
322,6806,109.61176,0.6742004,0.1998017,0.39633846
322,3157,36.31357,0.67058164,0.06972852,0.13721764
322,3155,25.222832,0.67775375,0.052947108,0.10215756
323,2498,2.2076874,0.6419136,0.010329679,0.019757107
324,4243,2.662693,0.64835906,0.004334241,0.009103745
324,3958,4.2653465,0.65091354,0.0073311254,0.014853835
324,3285,86.05429,0.65397847,0.1567767,0.31205085
325,2923,8.203754,0.6576997,0.01572197,0.030849174
325,3158,62.49137,0.66032547,0.11460555,0.22823785
325,2151,94.78867,0.664008,0.1729955,0.34413302
326,4609,15.528717,0.6557168,0.031148896,0.06088333
327,307,321.83624,0.6716583,0.62065876,1.2219458
327,328,49.680847,0.6679535,0.09351129,0.18450095
328,327,49.43048,0.6610648,0.09223929,0.18116252
329,4593,2.843914,0.65185213,0.0016655326,0.0047116876
329,6508,32.287178,0.65462583,0.0690406,0.13452476
330,802,5.295086,0.58919466,0.01563827,0.0302566
331,4114,2.0456238,0.62827575,0.0032195821,0.006834343
332,3388,2.2609787,0.6362781,0.003721282,0.008094341
333,3390,2.1938095,0.6576256,0.0032682866,0.0073474944
333,3386,81.49965,0.6597823,0.14797218,0.2950466
334,2706,137.02228,0.6506729,0.33395725,0.6599306
334,3640,11.665987,0.6519377,0.023004457,0.04520881
335,2188,103.51729,0.5518523,0.215875,0.42174697
335,111,1.7851753,0.55822015,0.0033172667,0.006841868
336,339,72.64885,0.62606084,0.1352456,0.26926756
336,337,29.09983,0.62698597,0.062238082,0.119849384
336,352,47.12325,0.63024724,0.09674736,0.18983227
337,2840,123.27731,0.6266805,0.22707015,0.44862825
337,336,29.026146,0.6277194,0.06248086,0.12014356
337,338,20.357025,0.6247442,0.043013502,0.08307731
338,4450,14.181541,0.61960655,0.028520621,0.05578591
338,339,50.453033,0.6220543,0.101702966,0.19996877
338,337,20.399607,0.62264705,0.042836167,0.08288228
339,336,72.463104,0.6269962,0.13539687,0.2694594
339,3339,27.74542,0.6237063,0.059299722,0.11360961
339,338,50.082302,0.6253788,0.101697415,0.20034969
340,6990,8.238911,0.6227268,0.017030053,0.03404756
340,5932,72.45835,0.62033266,0.1493938,0.29549426
341,342,2.1725235,0.6103593,0.0039329007,0.008597806
341,5931,33.426643,0.61893964,0.07165906,0.13831314
341,4183,34.99521,0.6227385,0.068129614,0.13012809
342,341,2.230278,0.6109847,0.003951587,0.008733094
342,343,70.25688,0.6168115,0.14331758,0.28401327
343,1295,62.412052,0.61642015,0.11752599,0.23261288
343,342,70.29713,0.6178034,0.14301446,0.2837847
343,344,47.635174,0.61684376,0.09737346,0.19060522
344,1294,2.688736,0.6109278,0.0040677562,0.00866355
344,345,57.90088,0.61642694,0.11697209,0.22976944
344,343,47.39885,0.6145465,0.09720291,0.19050695
345,346,53.437614,0.6162441,0.10831827,0.21228525
345,344,58.49724,0.61619776,0.1187326,0.2328909
345,5242,41.875362,0.61603427,0.08033349,0.15626372
346,345,53.200867,0.6146965,0.10722869,0.20991583
346,2372,24.666203,0.6120855,0.053016845,0.101996414
347,4506,0.26348877,0.6036358,0.0041529164,0.007818237
347,4462,1.4556618,0.6107424,0.0025629774,0.0054289103
348,4452,1.9448814,0.6169087,0.0017896146,0.004417315
348,349,24.166796,0.6224836,0.052558858,0.10094059
349,2092,2.4149895,0.6144957,0.003692396,0.007889152
349,1294,165.20038,0.6118201,0.30608782,0.6020742
350,2089,42.995384,0.62580645,0.08920426,0.1744316
350,2752,82.26263,0.6282009,0.16732335,0.33075148
350,353,130.10516,0.62676084,0.23949918,0.47273773
351,2085,136.74484,0.6168429,0.27684036,0.5442897
351,4308,25.759075,0.6231779,0.055702098,0.106968634
352,4448,0.33087158,0.12650734,0.0020482838,0.004342526
352,4451,118.94363,0.6219279,0.21807003,0.4291466
352,336,45.826244,0.6282593,0.096400216,0.1901608
353,3336,157.43765,0.623485,0.2908776,0.5721948
353,350,129.67334,0.62255,0.23897141,0.47089392
353,6353,33.73188,0.63302493,0.06692535,0.12900566
354,6355,1.6463852,0.6188,0.0024221838,0.0053163767
354,355,86.535255,0.6370952,0.15914017,0.3147326
354,6353,31.31073,0.6343212,0.061996765,0.119000494
355,354,87.40823,0.63362676,0.16000271,0.31726265
355,4712,3.5193558,0.63301426,0.008723907,0.01724264
356,357,3.4634056,0.6573806,0.0061617866,0.012187406
356,3362,178.86385,0.6581621,0.30067238,0.5926882
357,356,3.5653572,0.65512013,0.0066556185,0.013020083
357,3737,34.069027,0.6600028,0.066578545,0.12801534
357,5684,5.8461,0.65213424,0.011082299,0.021777079
358,2141,11.44837,0.6584615,0.016596392,0.033599943
358,3737,2.9141998,0.65460056,0.0045203194,0.009711802
358,1071,131.64828,0.6486894,0.2398766,0.4727469
359,315,72.98463,0.66635174,0.1313857,0.26145712
359,503,58.827747,0.6602243,0.12688428,0.2523836
359,3353,27.581564,0.6657692,0.05496948,0.106794074
360,2899,18.857141,0.56524456,0.03913565,0.07533461
360,6677,34.918648,0.56902236,0.06705715,0.13144977
361,1626,213.1375,0.57353675,0.4041795,0.7901312
361,644,41.706387,0.58697486,0.08633424,0.16709578
362,363,37.465073,0.030202985,0.16620775,0.3520318
363,2577,25.181803,0.588175,0.0578897,0.11203105
364,6676,1.717247,0.5932445,0.003898576,0.007841662
364,3219,20.31236,0.041100502,0.087602496,0.1784543
365,2497,2.530838,0.5747499,0.0032541156,0.0074147433
366,2002,8.242256,0.040824294,0.024730243,0.049046695
367,6343,24.18202,0.5910188,0.058829974,0.11540718
367,6348,8.960644,0.5992554,0.020751648,0.040904805
368,416,7.206959,0.5782341,0.016785935,0.033499673
368,793,31.1833,0.57278144,0.075142875,0.14754333
369,1669,8.4162445,0.3839294,0.018888414,0.036327332
369,3329,32.437244,0.38998157,0.074448586,0.14080256
369,1676,10.2939,0.37760958,0.023011044,0.043950632
370,2285,22.442835,0.34544492,0.051477805,0.09727244
370,2316,9.236534,0.34299538,0.020779088,0.039744183
370,2283,23.71618,0.33401382,0.054931972,0.10373134
370,1676,26.910202,0.35986724,0.062133282,0.11712206
371,3329,1.897049,0.39782196,0.0039628297,0.007978022
371,6289,38.04686,0.40969658,0.10618978,0.20511565
372,450,3.6688614,0.6447571,0.008496411,0.017587751
372,373,67.744995,0.64305484,0.105650134,0.20579591
373,366,28.73962,0.651705,0.05427639,0.10653712
374,6348,1.7620316,0.6005385,0.00481762,0.010196939
374,1007,144.7964,0.59005886,0.26995674,0.53123885
375,22,8.383789,0.60307294,0.019822337,0.039225787
376,709,14.122776,0.6048672,0.030033343,0.058814533
376,2506,5.761318,0.60135835,0.013634793,0.027395472
377,2071,2.5399742,0.61766964,0.0036614165,0.007904172
377,2073,2.6686935,0.6172357,0.0040657297,0.0084644705
377,4312,141.8406,0.61847407,0.26253128,0.51799566
378,4227,17.273472,0.5520854,0.03704792,0.0714047
378,1650,16.367073,0.5520156,0.034993716,0.067958474
379,777,40.205517,0.6259559,0.075653754,0.14778547
379,5052,12.123285,0.62763005,0.024711952,0.048668772
380,379,29.678263,0.62822753,0.058607053,0.11367581
380,4929,20.785145,0.62838286,0.041974433,0.08096415
381,2312,15.378439,0.6218775,0.031725902,0.061828256
381,285,27.165339,0.623038,0.05551136,0.10613143
382,383,17.496857,0.62311614,0.03597539,0.06995001
382,2312,38.073532,0.6249541,0.07306973,0.14050427
383,1562,3.0777779,0.61873055,0.0051101074,0.01079835
383,382,17.504982,0.61747086,0.035899017,0.06981643
383,185,27.196384,0.625884,0.0545371,0.10438601
384,2735,45.608692,0.6371363,0.09398086,0.18559407
385,2734,16.934372,0.63645625,0.036017664,0.07004929
386,2739,25.421236,0.6357157,0.054075237,0.104200415
387,386,15.798887,0.6342891,0.033576705,0.065618366
387,1055,12.610107,0.6340087,0.026320577,0.052055836
388,2775,2.702114,0.6344387,0.0038424656,0.008712098
388,2,15.792467,0.63463724,0.031726614,0.061913222
389,2776,3.4258728,0.63224155,0.005609371,0.011760965
389,909,84.117065,0.63232166,0.16657346,0.33115134
390,3403,1.9092445,0.6232035,0.002766855,0.0062431693
390,6097,7.8052025,0.6259562,0.0152480975,0.030188218
391,1733,2.4768753,0.630914,0.0042529926,0.0077492893
391,817,27.088932,0.035475284,0.10393229,0.22198099
392,393,61.35856,0.63915026,0.11479987,0.22718897
392,1113,73.145164,0.6351316,0.1376654,0.27416882
393,5354,63.654755,0.6367238,0.118929915,0.23661599
393,395,29.240034,0.63571596,0.060168516,0.11442736
394,392,12.523994,0.63337594,0.025602989,0.05051127
394,4613,5.4273453,0.637313,0.010289349,0.021133214
395,394,69.324066,0.6357541,0.1282939,0.25460824
395,396,82.45619,0.6368698,0.15348023,0.3050654
396,397,43.165623,0.6379649,0.08202044,0.16039407
396,297,65.903824,0.63809884,0.12351303,0.24524242
396,395,81.94054,0.6370244,0.15214756,0.30221224
397,2003,2.7065964,0.6299201,0.003366001,0.007967547
397,396,42.789795,0.6395523,0.081422545,0.16062462
397,331,56.113453,0.64129233,0.10263714,0.20278859
398,5985,0.0,0.59672546,0.00599923,0.011365965
398,5980,2.279583,0.5986001,0.003854081,0.008223027
399,4628,3.4504242,0.65147865,0.004026331,0.008879274
399,3864,151.48434,0.6632514,0.3031644,0.59731007
399,4627,25.386658,0.65642756,0.05427056,0.105293
400,6230,2.2873993,0.65200824,0.0040700287,0.008650735
401,2938,78.56449,0.67589337,0.15616807,0.31140065
401,401,21.18147,0.66211236,0.04497106,0.08657874
402,403,98.312225,0.64765304,0.18139824,0.35978013
402,1655,114.693146,0.6434614,0.23248321,0.4581343
402,3642,271.51373,0.62666965,0.5379217,1.0548452
403,402,97.42053,0.64370966,0.17874616,0.35471287
403,1655,67.73027,0.64458114,0.12487333,0.24870178
403,3274,27.729084,0.6439399,0.055917542,0.1081157
404,4266,1.9861374,0.6414529,0.0028897002,0.005953595
404,1652,53.077972,0.64965105,0.09919043,0.19561684
404,4267,106.180405,0.6429303,0.21608208,0.42458218
405,5728,20.858124,0.6115619,0.04874424,0.0943208
405,2541,31.76688,0.60882044,0.06402328,0.12269405
406,184,84.51773,0.6189434,0.12183591,0.23973234
406,3234,1.2051392,0.6002245,0.0021362677,0.00539802
407,2313,34.46374,0.6227245,0.068067364,0.13185805
407,2312,2.269722,0.6170751,0.0038650706,0.008320332
408,825,8.193317,0.6145021,0.015914954,0.031643495
408,2212,12.620712,0.6157454,0.028296463,0.055581287
409,6235,2.3485603,0.617245,0.0037240312,0.007933289
409,825,32.232796,0.61591196,0.06515898,0.12497008
410,6236,2.5973854,0.6219637,0.0042104125,0.008800402
410,1054,5.481949,0.6175838,0.010245025,0.020441666
411,1052,58.617313,0.6266478,0.10983094,0.21771064
411,412,64.42487,0.6338252,0.11471415,0.22941503
411,410,20.351006,0.62212896,0.04187569,0.08105301
412,1048,85.29133,0.6265216,0.15929115,0.31556112
412,411,64.09277,0.630362,0.11440739,0.22848526
412,1045,21.468868,0.6255154,0.044183854,0.085630745
412,1046,25.148413,0.6250864,0.05215199,0.1005348
413,414,22.202482,0.5580755,0.047837026,0.09166084
414,1000,3.452942,0.5691373,0.007519141,0.01567255
414,6388,5.333988,0.563021,0.01107128,0.022670045
415,2896,1.2909889,0.5460247,0.004618086,0.009735614
415,2897,1.5470352,0.54730684,0.005177334,0.010865241
416,6621,10.064499,0.57598436,0.023173697,0.045767695
417,5159,2.471531,0.56463224,0.00056973845,0.0022355616
417,5161,13.292881,0.5639451,0.027461804,0.053657413
418,423,36.992256,0.5449989,0.077973165,0.15084824
418,422,14.877666,0.5334386,0.031892862,0.061805233
419,3443,1.8660927,0.52041835,0.0055397972,0.011556387
419,1059,12.015223,0.5117231,0.028310694,0.055540465
420,2445,17.248749,0.5241852,0.04085563,0.07954959
420,1304,22.88309,0.5214015,0.04863904,0.09321098
421,420,8.132534,0.52695733,0.019997396,0.03996928
422,421,3.5014038,0.527155,0.0074206293,0.014783382
422,418,15.133295,0.5348406,0.032587733,0.06342731
423,2894,37.822598,0.5487485,0.07369442,0.14485753
423,418,37.04562,0.54574317,0.077392794,0.14944646
423,5397,66.83854,0.5584838,0.14045659,0.2745999
424,5298,0.22058868,0.14054245,0.0,0.0
424,2858,108.272675,0.5587843,0.23228139,0.4515531
425,3775,2.4511414,0.06650722,0.0075030327,0.014711767
425,3290,3.5662613,0.57938445,0.0070432723,0.014598593
426,965,11.257586,0.558425,0.026771285,0.052759543
426,976,15.850985,0.56104225,0.03471922,0.06749966
427,6059,29.71906,0.52703166,0.06207052,0.12104685
427,6057,29.145199,0.52717125,0.07618125,0.14656727
428,429,45.400642,0.55050486,0.09379296,0.18236855
428,4996,46.630753,0.55530363,0.09742737,0.19007097
429,966,70.402336,0.55248946,0.15144116,0.29534036
429,922,25.102903,0.54925334,0.054777995,0.10479822
429,428,44.451283,0.55163854,0.09260554,0.18026528
430,6333,1.8332062,0.59671557,0.0023194402,0.0053483844
430,431,28.560415,0.60193235,0.06840022,0.13278288
431,712,34.68436,0.603538,0.08394058,0.16343537
431,5698,129.70459,0.5938228,0.2713519,0.53151774
432,5123,1.2637482,0.564845,0.0027484447,0.0059387684
432,803,85.584076,0.60552895,0.21915361,0.43214005
433,2783,1.5836182,0.61994845,0.0030321404,0.0071256906
433,437,20.791508,0.6206342,0.0442651,0.0859635
434,5631,1.8329239,0.61847186,0.005024709,0.00974755
434,758,38.396217,0.62059736,0.08084579,0.15750483
435,3676,3.0353699,0.6139822,0.007861197,0.016183138
435,6437,8.177452,0.6144372,0.018719085,0.037698835
436,435,1.9190063,0.6178331,0.005044967,0.010851905
437,758,21.525162,0.6213192,0.04604297,0.08851933
437,2783,19.637938,0.62265456,0.042165156,0.081639424
438,2795,1.8208923,0.6153476,0.0030999556,0.0070922226
438,6155,30.289143,0.61812407,0.07296165,0.14527352
439,6877,17.928314,0.61882544,0.03989077,0.077766135
439,6189,4.6978645,0.6148449,0.010970145,0.022003457
440,4659,1.3867569,0.6138141,0.0035239682,0.008002311
440,3123,27.631073,0.61809504,0.06420733,0.12498148
441,883,19.203625,0.61595327,0.04467598,0.08748395
441,5628,24.424942,0.614337,0.057497356,0.11175059
442,5698,2.531784,0.6016879,0.0045472085,0.010110319
442,5096,80.14,0.6039301,0.16521065,0.3250461
442,3245,35.682926,0.6004282,0.0762681,0.14881779
443,5759,74.492424,0.64814687,0.18084958,0.3587612
443,444,6.0376816,0.6400349,0.01033774,0.021587193
444,443,5.884239,0.64140564,0.010064319,0.020842314
445,6281,36.941692,0.6408792,0.090822294,0.17484485
446,2002,1.5498619,0.6358485,0.0020369962,0.004081771
446,447,6.5815315,0.060652792,0.022045128,0.043748185
447,444,50.165207,0.63597333,0.08941203,0.16923052
447,7043,15.864721,0.6434382,0.034900762,0.06878296
448,788,14.695179,0.6458423,0.033001505,0.06451818
449,267,2.1624222,0.6406894,0.0029602274,0.0068104565
449,7044,92.089874,0.6375566,0.22342154,0.43915963
450,5529,39.052006,0.6470117,0.09408176,0.18444374
451,3421,2.1429977,0.66873115,0.003259644,0.006899923
451,5890,243.60005,0.6503682,0.4430857,0.87098694
451,5033,49.882366,0.66822124,0.10276976,0.20218775
452,4459,34.18315,0.5801495,0.06661325,0.1291177
452,2733,63.02121,0.5737599,0.11971577,0.23513056
452,1694,11.543657,0.57569075,0.023153327,0.045727
453,5096,134.81839,0.59958714,0.19710872,0.39021915
453,1184,27.219532,0.6062768,0.05852927,0.11156745
453,3328,97.280876,0.6007123,0.2013838,0.39477807
454,2594,15.949629,0.6041676,0.032568634,0.06336813
454,6918,29.674309,0.60356015,0.05956273,0.1141694
454,2598,111.62486,0.6034299,0.20694953,0.40824455
455,733,16.95452,0.60849565,0.034750395,0.06770184
455,2594,122.78472,0.605125,0.22748587,0.4486485
455,1366,191.01903,0.605908,0.36030573,0.70981586
456,2611,23.930094,0.613088,0.04946467,0.09591064
457,839,6.9852104,0.5645985,0.013603292,0.02718389
457,4394,44.382015,0.5741826,0.09346683,0.18139082
458,3757,2.0107079,0.5558899,0.0031978637,0.007000804
458,459,10.323309,0.55889606,0.021270335,0.04221572
458,457,14.691679,0.5597063,0.03235295,0.063082114
459,839,23.41526,0.56286174,0.048233148,0.09232583
459,168,18.714222,0.558159,0.03874835,0.07498457
459,167,25.448652,0.56089526,0.052064415,0.09876559
459,458,10.0516205,0.5587623,0.020499669,0.040745303
460,2061,95.061386,0.6636904,0.100403145,0.19781202
461,147,5.022152,0.5506159,0.009356797,0.018577218
461,6114,55.191406,0.55196565,0.10514209,0.20709203
462,5767,2.528984,0.59954137,0.0047468543,0.010293826
462,3441,30.630028,0.597311,0.060698584,0.11617998
463,4407,1.3691711,0.5792787,0.0030955896,0.0065955967
463,4401,26.809475,0.5928155,0.059327845,0.113955386
464,6144,0.06813431,0.3245085,0.0017305836,0.0032046586
465,4405,1.5613136,0.59293675,0.001921162,0.004615411
465,3846,58.425423,0.59795153,0.11081286,0.21798491
465,5047,55.22999,0.5982871,0.114433005,0.22323677
466,5422,2.0212212,0.61505365,0.0029812753,0.006427631
466,157,62.932632,0.6129185,0.11842266,0.23439541
466,480,65.9508,0.61891633,0.12305282,0.24427125
466,155,29.060602,0.620928,0.05871459,0.112574294
467,3654,2.1900024,0.62962544,0.0032464862,0.0070922226
467,1412,52.418396,0.6399169,0.098372914,0.19317126
467,673,28.115526,0.6354405,0.056352068,0.109084114
468,4640,26.481709,0.61854553,0.054541916,0.105459064
468,3654,29.702682,0.6255289,0.060023144,0.11468623
468,479,28.411701,0.62133825,0.057696383,0.11050982
468,6486,61.753273,0.620895,0.114985734,0.22581294
469,3938,1.580368,0.59730935,0.0021493435,0.005120203
469,6907,57.371178,0.6012558,0.12143258,0.23752277
470,4636,2.2135391,0.5922606,0.0033155084,0.0071514994
470,3327,73.81239,0.58841455,0.13881807,0.2726776
470,469,25.235926,0.59505427,0.051953517,0.0992102
471,164,18.594843,0.589277,0.038052514,0.07383545
471,161,45.64699,0.59658384,0.087771624,0.171018
471,160,31.669579,0.5869495,0.062471434,0.12016989
472,2762,1.4611511,0.5585106,0.0027059838,0.0059758127
472,6094,21.537388,0.55973005,0.046900645,0.090145275
473,1761,79.7417,0.5719496,0.15539566,0.30464482
473,2643,35.049244,0.5769554,0.06885308,0.13415524
474,2466,2.9611511,0.677445,0.0052029267,0.01125966
474,4371,117.36691,0.67927516,0.21325593,0.42353725
474,3917,57.95101,0.6789003,0.13392425,0.2662803
475,837,32.17119,0.5798032,0.06342437,0.121601894
475,838,28.018204,0.5750822,0.05688493,0.108266205
475,6117,7.3913,0.5797681,0.014273904,0.028524473
475,4412,46.854168,0.57923293,0.08903088,0.17458367
476,4636,27.170937,0.5937557,0.05535537,0.105700135
476,4401,34.26848,0.59366035,0.06751715,0.13054317
476,4400,25.323467,0.5962464,0.051750854,0.09930583
477,4400,1.9731102,0.5975347,0.0025882795,0.005826056
477,478,63.397255,0.6129668,0.118958965,0.23442838
477,157,16.248518,0.6016893,0.034907114,0.06801126
478,477,63.84574,0.6087107,0.11992795,0.23596913
478,4639,26.480833,0.61722493,0.05389267,0.10379549
479,3653,29.696907,0.626253,0.060166795,0.11470857
479,5423,28.45746,0.62084144,0.058145292,0.11144054
479,155,17.546194,0.62238044,0.035688743,0.06941155
479,468,28.509525,0.6213329,0.057883434,0.11073615
480,1883,2.0808144,0.6168234,0.002841249,0.0061798543
480,466,67.069916,0.6207424,0.12449548,0.24673843
480,5085,32.48661,0.63604724,0.077522516,0.15438747
481,6461,34.587868,0.5996224,0.06863268,0.13285734
481,5048,14.675394,0.60848033,0.0319873,0.06273793
482,3858,1.0692787,0.57714444,0.0014188215,0.003273666
482,3851,110.11936,0.59801006,0.23012781,0.45106983
482,1403,105.970276,0.5924923,0.19753155,0.38720155
483,701,50.110855,0.64302486,0.093601674,0.18349154
483,7046,34.29029,0.6457228,0.06809506,0.13077734
483,684,36.80447,0.6489033,0.070657365,0.13833934
484,288,6.4818726,0.68278927,0.012228109,0.024816751
484,485,60.49507,0.68415207,0.10870862,0.21571565
485,1872,1.8695145,0.67694247,0.0021034554,0.004369825
485,1874,22.31234,0.68538314,0.043748062,0.08580922
486,485,7.822315,0.680353,0.01482562,0.029249743
486,288,57.3637,0.6831002,0.10441532,0.20643306
487,4321,2.04842,0.6745319,0.003655307,0.0081718415
487,490,3.0974998,0.67636925,0.0058121607,0.01202628
488,2913,1.3955803,0.6668514,0.0030666739,0.0067301393
488,6416,0.0,0.03033933,0.00133802,0.0031618625
488,492,34.036995,0.6681336,0.08547698,0.16759448
489,508,94.43965,0.67460585,0.17436785,0.34636822
489,509,58.757507,0.6729072,0.11735386,0.23385629
489,490,107.28991,0.6771666,0.214384,0.4237613
490,489,106.3407,0.67600656,0.21255454,0.4204877
490,491,45.118244,0.6701515,0.08532836,0.1682568
490,487,3.068756,0.6763293,0.0055877715,0.01181218
491,490,45.297035,0.67093325,0.084672995,0.16690221
491,2106,17.427412,0.66510224,0.0351969,0.06817914
491,492,84.62181,0.66474026,0.15274364,0.30430856
492,491,84.62831,0.66296375,0.15296844,0.30505395
492,2826,50.37491,0.65243745,0.12829912,0.25368792
493,2106,105.062836,0.6526596,0.18930559,0.3755162
493,46,38.90508,0.6446566,0.096481584,0.18944168
494,1629,6.126152,0.68728745,0.008629374,0.017848134
494,5518,6.3257637,0.6810813,0.014265217,0.028173521
495,496,38.18637,0.6690197,0.08361437,0.16473122
495,4210,31.632607,0.6697571,0.06957207,0.13442542
495,1737,93.322464,0.66263884,0.1696378,0.33480412
496,320,84.058716,0.6703057,0.16304782,0.32450268
496,495,37.405235,0.6685827,0.08238999,0.16231017
496,3372,28.574257,0.6731744,0.06327647,0.12260406
497,3090,19.362068,0.6791542,0.039359216,0.07638875
498,6574,2.1543732,0.66660935,0.0033354089,0.0069704056
498,5492,22.95842,0.6728684,0.04601425,0.088924445
499,318,40.173893,0.670325,0.07722493,0.15263805
499,4565,9.104042,0.67355925,0.01788111,0.035324946
500,4568,13.362953,0.66921705,0.027507387,0.053253144
500,5462,25.053366,0.6727774,0.052541263,0.10156544
501,503,117.118286,0.6635895,0.24915063,0.49188513
501,3372,33.911903,0.6696929,0.07552869,0.1479722
501,321,36.68038,0.67171586,0.074777775,0.14711614
502,302,51.153816,0.6707534,0.09203331,0.18023859
502,4574,10.4854355,0.6697249,0.020634703,0.04071273
503,2154,71.17566,0.66374993,0.12852533,0.2568865
503,501,116.873955,0.6672562,0.24973577,0.49324876
503,359,58.769226,0.66390026,0.12777491,0.25461137
504,3595,2.474102,0.6353869,0.0019207001,0.004981622
504,4988,24.548891,0.63628995,0.05300916,0.10180038
505,5034,1.6067696,0.65529305,0.0029760078,0.0062711537
505,6,30.199383,0.6679679,0.06385986,0.12206295
506,6204,13.363283,0.041953206,0.060271747,0.12873445
506,508,85.95694,0.68633133,0.17563033,0.34764922
507,3763,1.8674545,0.65487486,0.0029107183,0.006223738
507,3081,32.163033,0.65969193,0.06849873,0.13361232
508,489,94.553665,0.67606187,0.17432529,0.34661835
508,506,85.00737,0.6724899,0.17284717,0.33893323
508,5240,57.103615,0.676055,0.1130025,0.22455566
509,489,58.165947,0.67181516,0.11509383,0.22893661
509,6592,46.057484,0.66936505,0.08629156,0.16894129
509,3658,32.558346,0.67069644,0.066774055,0.12908404
510,5066,17.404812,0.67575306,0.045808617,0.08976985
510,5066,24.878529,0.6817702,0.04864172,0.09471177
510,6237,22.020845,0.002158165,0.0840819,0.1734278
511,512,95.4767,0.67898965,0.1761061,0.3494284
511,2233,25.242296,0.6750739,0.058548264,0.11514059
512,3129,2.0244331,0.6750876,0.0028998777,0.006354168
512,1420,59.029305,0.67470765,0.106109835,0.20605317
512,511,96.440056,0.67645454,0.1751937,0.34798753
513,2393,94.16029,0.6679378,0.17286086,0.3434912
513,4329,41.19996,0.37901413,0.14782041,0.23035786
513,3660,1.7131577,0.37930933,0.005788259,0.0073688924
514,5376,16.602718,0.62729526,0.03723886,0.07297955
514,4738,7.9104195,0.63422054,0.018053398,0.03542909
515,4729,5.946499,0.5112585,0.0148594305,0.02988565
515,2166,4.134121,0.5053984,0.0068347156,0.014190897
516,2893,2.2697716,0.55002415,0.003477253,0.0074519664
516,1060,69.000984,0.54507965,0.13327555,0.2616553
516,4288,8.834908,0.54905367,0.02150423,0.042724475
517,6266,2.302536,0.43908635,0.0042392984,0.008586451
517,2281,4.3541145,0.44269055,0.009054482,0.017712608
517,6265,5.607464,0.43977112,0.01200451,0.02330476
518,6265,5.5746536,0.43958646,0.010028228,0.019376725
518,517,4.452133,0.44018206,0.009804405,0.018879086
519,5133,1.9463081,0.43586808,0.0030461773,0.0061371624
519,2280,41.981716,0.4203479,0.08394597,0.15988958
519,518,28.751947,0.43971828,0.06572413,0.12407524
520,2280,52.619167,0.4089374,0.10785088,0.20673919
520,519,21.958914,0.42754158,0.0507419,0.09624488
521,4702,1.9326591,0.43252644,0.003756456,0.0075521767
521,520,18.606382,0.43086222,0.04135264,0.07938981
522,4701,2.1689377,0.43630877,0.004315965,0.008942634
522,6841,4.1924744,0.43956566,0.009045124,0.017936349
523,524,284.98932,0.47929156,0.6281669,1.2281587
523,4041,17.317389,0.4551053,0.037524607,0.07227476
523,1855,21.248837,0.45888907,0.04581999,0.087489896
524,3772,1.5702972,0.48111984,0.0028806478,0.00656648
524,523,284.87903,0.47958747,0.6272579,1.2268502
524,528,66.01574,0.4875996,0.1488851,0.28776923
525,526,81.34472,0.45436278,0.17668128,0.34005362
525,6648,22.596209,0.47679946,0.051631596,0.09842755
526,525,79.76199,0.45257598,0.1770738,0.34111917
526,4000,52.871494,0.42291874,0.11745835,0.22695972
526,2026,83.90344,0.40989545,0.17479861,0.3363709
527,2432,28.861599,0.35517588,0.06388914,0.120407104
527,2039,56.305542,0.33522576,0.11889389,0.23089387
527,3610,22.497627,0.36185646,0.050555047,0.09510737
528,3773,1.6595612,0.49659178,0.0023389086,0.0048647225
528,3167,42.96656,0.5007725,0.09318726,0.1810551
529,3041,96.941055,0.5097602,0.19039303,0.36944634
529,530,43.84419,0.5202061,0.093046784,0.18107904
529,3167,84.65335,0.5093739,0.18310422,0.35424787
530,3988,2.3565598,0.5252629,0.0056413487,0.011695713
530,529,43.05293,0.5183013,0.092867754,0.18049344
531,4592,142.9961,0.50022787,0.3161353,0.61243707
531,3734,103.23642,0.52369934,0.20114756,0.3921911
532,4441,153.96811,0.51228464,0.30389783,0.5903406
532,2144,45.04876,0.5232278,0.08795508,0.1712561
532,2144,46.19719,0.52314013,0.09020958,0.17597526
533,3689,1.5231628,0.4858331,0.0027573332,0.0062065423
533,2421,125.5563,0.49480015,0.27443767,0.5307889
533,1553,18.479696,0.49174136,0.04351249,0.083725475
534,1506,33.891525,0.47506067,0.07422977,0.14352459
534,535,69.247826,0.4584295,0.18710607,0.36194122
535,5272,16.873137,0.45039973,0.034580313,0.06692444
535,559,8.6430435,0.4328844,0.02088312,0.04100059
536,5892,2.0179214,0.34306318,0.0041904375,0.008121595
536,2341,138.64706,0.38729084,0.29609346,0.5682025
536,1323,63.73414,0.32748383,0.18808782,0.3650365
537,575,3.3445053,0.498238,0.0070658103,0.014477566
537,2344,56.607903,0.48827624,0.12408253,0.2406443
537,576,44.69515,0.5024081,0.096381105,0.18800579
537,1220,23.137566,0.49522483,0.051186018,0.09779707
538,1514,1.9483948,0.50487816,0.006008476,0.012506381
538,2370,93.20874,0.5162618,0.25845793,0.50271684
539,4661,1.4038048,0.45230567,0.0046912357,0.009491682
539,538,151.62213,0.47106922,0.43602443,0.84821004
540,5955,11.814323,0.5388273,0.024268791,0.048305422
540,5960,0.60569763,0.190186,0.0019019172,0.0041487813
541,1612,0.0,0.057976812,0.0031244978,0.005901143
541,540,74.507034,0.555228,0.19611397,0.38237193
542,5555,1.6812744,0.5332748,0.0032270625,0.006975591
543,4950,5.1879883,0.5289229,0.010259643,0.020509526
543,4951,2.6531334,0.53236836,0.0053003132,0.010987386
544,545,21.905714,0.52739424,0.048050936,0.09165137
544,2602,1.6876717,0.53088605,0.0021345988,0.0047091693
544,1591,36.422684,0.5292849,0.071063325,0.13831241
545,2604,1.5571709,0.53169686,0.0017973632,0.0040810704
545,1596,28.576698,0.53037125,0.061849616,0.11835085
545,1590,27.43525,0.53004736,0.055730116,0.10628806
546,905,22.367111,0.53779656,0.04890579,0.09357834
546,2605,1.7078514,0.53557044,0.0024562702,0.0055363327
547,3445,1.4626579,0.54067886,0.0031054318,0.007021293
547,3447,1.1615257,0.5389542,0.0013081729,0.0034521818
547,1589,59.78199,0.5421367,0.115445934,0.22544508
548,4306,1.5839043,0.5444259,0.0021187067,0.0049942583
548,1378,77.82266,0.5442434,0.14988565,0.29342154
548,549,71.03508,0.5499944,0.15289068,0.29585505
549,6770,0.0,0.044357836,0.0046399534,0.008309022
549,916,2.2524948,0.55843025,0.0045137405,0.008969203
550,3549,0.46947098,0.3151338,0.0,0.0
550,551,63.511063,0.5496184,0.13327365,0.2611282
551,910,64.717865,0.55648476,0.12351774,0.24273956
551,2251,37.15401,0.5596131,0.07797667,0.15177688
551,550,63.622574,0.55287945,0.13585135,0.26536646
552,4889,1.4524422,0.55580705,0.0027407408,0.006584972
552,2251,1.6209831,0.55463445,0.003219895,0.007563263
552,553,80.04704,0.55783886,0.16771415,0.32784656
553,6771,3.605915,0.5614533,0.007423751,0.015514657
553,552,80.59291,0.5587933,0.16846663,0.32923716
553,1126,6.2817345,0.56,0.011999108,0.024180412
554,3064,8.513931,0.5684414,0.0177859,0.03564781
554,5558,22.66252,0.5679451,0.048929524,0.09387866
554,1110,31.201378,0.5675308,0.065757394,0.12672892
555,6497,1.5648422,0.5667001,0.0019500479,0.0048494786
555,1433,195.7318,0.557166,0.3772219,0.7359788
555,4339,64.187225,0.56553763,0.13463753,0.26284978
556,568,93.66153,0.5688566,0.17617117,0.34633696
556,558,10.784246,0.57386374,0.028433219,0.055694617
557,3680,1.7080383,0.57972425,0.0023536906,0.005295694
557,5282,1.6768036,0.5808688,0.001918979,0.0043690056
557,3278,35.075577,0.5823762,0.11270505,0.21984929
558,1876,1.6328888,0.5719184,0.0021027476,0.004884273
558,1881,33.015545,0.5740191,0.065273926,0.12609549
558,3183,80.374344,0.5695126,0.2685393,0.52728635
559,7077,1.8630791,0.4483366,0.005260706,0.010731742
560,3572,34.459587,0.45115134,0.08934709,0.17212036
561,3692,23.623173,0.45750606,0.04868702,0.09221647
561,7075,9.678425,0.44824612,0.0232618,0.045205966
562,5551,1.3904572,0.52098966,0.001841478,0.0041407943
562,2603,97.64104,0.53388524,0.1870549,0.36418337
562,1571,24.408726,0.53578633,0.051359054,0.0981987
563,5971,1.3231773,0.5432061,0.0017633662,0.0041762292
563,5970,28.914898,0.5449261,0.05854013,0.11166967
564,5569,2.7315178,0.5559022,0.0014505014,0.003632754
565,1443,21.90508,0.5632018,0.041318562,0.07942305
565,4241,10.034351,0.5604143,0.020159356,0.040055275
565,896,60.792496,0.5636388,0.08899091,0.1733088
566,6181,1.7426949,0.5697968,0.0023371354,0.0052224398
566,569,71.446,0.5680896,0.13596295,0.2660012
566,5281,56.097504,0.571911,0.10713281,0.20879641
567,6181,57.79156,0.5720866,0.11050835,0.2159391
567,5281,1.6815758,0.571573,0.0033442006,0.0076530427
567,4693,75.740265,0.5709942,0.15897149,0.31110066
568,6181,15.804285,0.5688257,0.032233167,0.06265358
568,556,92.547165,0.5674427,0.17651272,0.34644917
568,1109,53.896927,0.5691531,0.10327295,0.20206827
569,620,2.5359612,0.571486,0.0049161687,0.010454416
569,5281,50.921906,0.57561517,0.10633306,0.2080424
570,4370,1.613678,0.5758937,0.0032755136,0.007317245
570,4343,1.4971848,0.57517624,0.0030936971,0.0068954676
571,639,46.533733,0.59249675,0.15569542,0.30700603
571,640,30.148926,0.59017694,0.089097634,0.17601024
572,3685,1.7304344,0.4828324,0.0023958385,0.005093202
572,2413,63.37615,0.48196477,0.16898859,0.3269655
573,2428,34.778328,0.47958657,0.07056992,0.13497996
573,2425,126.55787,0.47596347,0.25614464,0.49476093
573,2019,35.46669,0.47547105,0.071894646,0.13796274
574,2019,61.299652,0.47735885,0.12148458,0.23620225
574,3687,68.51482,0.48037267,0.13738538,0.26652384
574,3975,151.33751,0.45360157,0.31004843,0.5997237
574,2391,30.278633,0.47414497,0.062696345,0.11918086
575,537,3.3079376,0.49892876,0.0070236176,0.014277831
575,580,57.762375,0.48988357,0.12583426,0.24416475
575,581,44.035553,0.5030115,0.09477108,0.1852787
575,6791,57.72574,0.49940264,0.11329004,0.22044717
576,581,5.12236,0.5084106,0.009991951,0.020011067
576,537,44.30527,0.50351214,0.09562097,0.1865574
576,6157,28.66203,0.5109384,0.06337932,0.121598765
576,1219,27.730976,0.49879238,0.054612078,0.10524784
577,4138,0.9706688,0.32776225,0.0015611872,0.0029993951
577,582,2.03471,0.5178087,0.0061717033,0.013095856
578,2238,2.7752533,0.4737146,0.0048491657,0.009913623
578,2238,102.69353,0.46815878,0.2268728,0.4377247
578,579,24.824665,0.47427464,0.05565657,0.10587146
579,1511,3.5190926,0.47529927,0.006323926,0.012796015
579,580,42.275776,0.48487312,0.0915224,0.17837878
579,578,24.87733,0.47502545,0.055504788,0.10549345
579,6915,129.19833,0.48361748,0.25748014,0.49751335
580,2344,3.2751694,0.48419407,0.005889334,0.011960298
580,575,57.61641,0.48937252,0.12600608,0.24474044
580,579,42.035053,0.48261678,0.0918816,0.17925623
580,1254,57.050774,0.48898572,0.1126236,0.2190499
581,576,4.7128067,0.5087852,0.009057842,0.018146113
581,1840,38.244648,0.5072036,0.07555201,0.14660081
581,6156,28.820332,0.5109603,0.06334562,0.12152144
581,575,43.61349,0.50351435,0.09410002,0.18399858
582,4155,1.1405182,0.5038893,0.0023007914,0.004920706
582,7092,21.114222,0.5228058,0.051352493,0.09957899
583,1511,29.756943,0.4792831,0.0663902,0.12680176
583,2344,13.17074,0.48379445,0.02884382,0.055971324
583,6657,81.28966,0.47970667,0.16190852,0.31360805
584,1462,43.637115,0.5860935,0.083377644,0.16354659
584,4717,190.56297,0.57554644,0.3614038,0.7072181
584,3226,161.16971,0.57675266,0.30358958,0.59542316
585,1464,310.23688,0.57105213,0.5884142,1.1517881
585,1462,251.46873,0.5727559,0.48127493,0.940191
585,586,111.6028,0.5825252,0.20927212,0.41089404
586,6726,1.2986565,0.5841253,0.0015629977,0.004085079
586,724,8.493736,0.584326,0.018126912,0.036304727
586,585,110.84478,0.5847022,0.20762119,0.40798348
587,2958,1.9566078,0.5859586,0.0026738718,0.0060447156
587,2959,25.380646,0.58725536,0.06090817,0.117614105
588,1807,1.7810059,0.5847962,0.0024233684,0.0056956857
588,638,106.50611,0.5790736,0.19990858,0.3924871
588,4338,48.079067,0.5848586,0.12723824,0.2494067
589,2410,3.4648247,0.57999504,0.009710155,0.019924536
589,1808,3.6929703,0.58158726,0.0056620613,0.011787221
590,6800,51.139618,0.5858419,0.097337745,0.19159801
590,1803,24.942192,0.5778387,0.08774403,0.17611487
591,6800,2.0930595,0.584673,0.0034727752,0.0077860653
591,607,49.31714,0.5803544,0.10271747,0.19924365
592,1812,3.9384804,0.58344704,0.0069108084,0.014233917
592,604,38.719803,0.58224,0.07402511,0.14528888
592,1806,21.607538,0.5816266,0.04435404,0.086299665
593,599,36.177864,0.58308,0.072766945,0.1430484
593,595,41.80931,0.58120495,0.08006236,0.15605275
593,1812,21.775236,0.58147573,0.04448687,0.08601336
594,3216,3.9145775,0.57932645,0.0038936734,0.009204775
594,598,2.454956,0.5835966,0.0045956,0.010123298
594,1805,23.85246,0.5790731,0.110359445,0.22024396
595,5407,0.42691422,0.58192563,0.008086979,0.015604958
595,593,42.377804,0.58370054,0.08029317,0.1572079
595,598,25.129295,0.5818912,0.053912982,0.10310154
596,5408,1.5125198,0.5838661,0.002335921,0.005604595
596,5615,14.111284,0.5858788,0.029058367,0.056743838
597,3545,69.8771,0.583309,0.13140349,0.2585271
597,1813,2.5572586,0.57295734,0.0040884763,0.008430973
597,598,71.33241,0.5806682,0.1348302,0.265589
598,594,2.578167,0.58318514,0.0049978644,0.010583878
598,597,71.182816,0.5832212,0.13429318,0.26472527
598,595,24.557936,0.5818733,0.053170823,0.101284206
599,606,59.12578,0.5819334,0.11909195,0.23425046
599,593,36.442596,0.5833699,0.07310733,0.14388329
599,600,36.561596,0.58238214,0.070586205,0.13875258
600,604,10.066856,0.5828906,0.019988835,0.03954494
600,602,63.471577,0.579884,0.11634811,0.22939381
600,1812,39.784405,0.5795179,0.07284792,0.14209664
600,599,36.234993,0.58257014,0.07025556,0.13736221
601,1811,1.6642723,0.58208704,0.0024671555,0.005445212
601,5613,33.47787,0.5846083,0.06982608,0.13552527
601,604,34.139194,0.5819125,0.066198625,0.12798148
602,600,63.188713,0.58249384,0.11680493,0.23052686
602,606,53.950447,0.58435154,0.11156185,0.21896732
602,603,13.529852,0.5814911,0.028508306,0.055796623
603,602,13.338627,0.5822953,0.028062947,0.05501897
603,605,56.79925,0.5848693,0.11575219,0.22691113
603,604,62.798027,0.5809185,0.11930294,0.23468642
604,600,9.726082,0.58339894,0.019309178,0.03822142
604,592,38.65342,0.5816306,0.07396674,0.14503178
604,601,34.139984,0.5803118,0.06663874,0.1280167
604,603,62.612183,0.5789295,0.11912544,0.23418444
605,5747,4.247303,0.5771751,0.0044408366,0.01008895
605,589,5.862274,0.5839618,0.014540248,0.029056638
605,603,56.504097,0.5832876,0.116928555,0.22922984
606,5408,111.5983,0.5843363,0.22975242,0.4511459
606,599,59.28029,0.58437467,0.11939919,0.23498224
606,602,54.276173,0.58546674,0.11220013,0.21986243
607,1804,4.1098747,0.58166736,0.003385663,0.0076181144
607,590,28.209038,0.5795141,0.10486431,0.20978625
608,3574,27.40844,0.5823646,0.05514934,0.10506157
608,1815,166.15018,0.5771655,0.31414258,0.616238
608,1816,64.0059,0.57912326,0.12379788,0.24302277
609,730,4.6920395,0.5797106,0.009092048,0.01820086
609,5801,1.627697,0.58772606,0.0028567314,0.006535232
609,3280,27.716022,0.58434176,0.04803279,0.09267599
609,5618,53.111294,0.020888299,0.2886306,0.61034393
610,611,53.263866,0.5874789,0.1104981,0.21660827
610,5801,27.75291,0.5853895,0.06025269,0.116728306
610,3266,39.49338,0.58678406,0.07547964,0.14803645
611,5239,101.08612,0.5838814,0.20869842,0.40922883
611,610,53.421097,0.59016585,0.11025625,0.21664326
611,2930,59.301224,0.58623564,0.11350362,0.22346073
612,3035,123.57722,0.5755088,0.17962942,0.35438395
612,3894,34.04293,0.5793056,0.0580014,0.110331334
612,6786,9.459663,0.58188766,0.018456407,0.03690526
613,614,100.521935,0.57421285,0.20946279,0.4082844
613,1436,69.63182,0.5798207,0.14313638,0.27942765
613,2132,129.07019,0.5732155,0.24328822,0.47762042
613,3035,63.81505,0.5792353,0.09414318,0.18375851
614,3042,137.72137,0.56818664,0.26090446,0.51212233
614,613,100.44855,0.57036096,0.20936644,0.4079544
614,3032,68.82379,0.5806548,0.14052857,0.2760177
615,5786,1.8249779,0.5787729,0.003414683,0.0073636174
615,4061,10.797159,0.5793596,0.0228955,0.045344755
615,5788,0.6961937,0.57850194,0.004033208,0.008671656
616,5787,81.16017,0.57452637,0.24628934,0.4849227
616,617,8.138496,0.57554924,0.017732106,0.035220534
617,3394,12.314501,0.5763274,0.026744157,0.05231987
617,616,8.198917,0.57677364,0.017420135,0.034768537
618,5263,1.3626366,0.5685772,0.0017217621,0.00387384
618,619,85.14464,0.56181234,0.18313396,0.35637566
619,1444,30.85112,0.5733034,0.065125704,0.12638724
619,5263,84.779015,0.55870026,0.18127725,0.35281783
620,569,2.3901825,0.5720167,0.0045815036,0.010013357
620,621,113.7919,0.56947577,0.21444204,0.4214806
620,6855,66.54752,0.57193047,0.13791646,0.27039188
621,620,113.79529,0.5702624,0.21452993,0.42085204
621,3042,50.0365,0.57410514,0.09709265,0.19025518
621,3042,41.81658,0.57546085,0.080705404,0.15832679
622,936,27.405159,0.5701203,0.058985982,0.11302
622,6684,2.7713852,0.5694453,0.0055966973,0.011789918
623,1887,20.018892,0.5480679,0.047151357,0.091382734
624,3456,7.481369,0.5463975,0.017971255,0.03606473
624,6477,16.045244,0.55050397,0.036551643,0.07183509
625,7091,1.361805,0.52691865,0.0047201887,0.009966165
625,630,2.8723717,0.5274471,0.005863838,0.01189059
626,5016,1.9401245,0.49930906,0.002506286,0.0054683536
626,4725,75.101395,0.48364627,0.195818,0.37894285
627,199,2.5155067,0.38234347,0.005493261,0.010971561
627,1669,2.3459663,0.38391393,0.0053223744,0.010692865
627,2726,25.553976,0.39506716,0.06362079,0.11907616
628,5193,5.3141785,0.44267786,0.010528915,0.020815894
628,6287,52.97043,0.45546412,0.1042824,0.20133477
629,4724,2.077877,0.46622473,0.0027737245,0.00577724
629,1912,125.35787,0.49563494,0.32689297,0.63414365
630,4154,1.3832207,0.527136,0.0023964196,0.0055300444
630,625,2.7067947,0.53028375,0.005464688,0.011431634
630,4682,27.308342,0.52808654,0.0676082,0.13019681
631,197,2.0872993,0.44943812,0.0032877848,0.006603524
631,2279,92.683365,0.43880343,0.19085246,0.36730978
631,632,16.13559,0.44776508,0.03826577,0.073217735
632,198,2.0984383,0.43808523,0.0039961115,0.008046314
632,6627,29.685299,0.42601588,0.076773494,0.14821471
633,634,220.62158,0.5945034,0.45424384,0.88908315
633,1242,201.8605,0.59485894,0.3826901,0.7512247
633,1965,339.7351,0.5918735,0.63231087,1.2412994
633,853,28.59019,0.61208814,0.061886363,0.11942348
634,1242,121.66603,0.599385,0.22640261,0.44653243
634,1186,13.142273,0.6050291,0.02766452,0.054296136
634,633,221.67828,0.5949787,0.45325306,0.88719684
635,5116,1.2379379,0.59781325,0.002320379,0.0053083003
635,2870,25.266142,0.6003127,0.05356527,0.10285832
636,5118,1.7752991,0.5955065,0.0023092255,0.005273044
636,5119,1.5511894,0.60257,0.001868546,0.0046905577
636,5117,81.82373,0.59732354,0.17250645,0.33820438
637,779,94.54372,0.59336275,0.17845176,0.35100716
637,5224,2.8109283,0.5909262,0.0052221715,0.011195034
637,5117,37.513332,0.5973057,0.07748071,0.15035723
638,3656,2.6122818,0.58261037,0.004137926,0.008969694
638,588,105.506645,0.5794249,0.1991479,0.39190882
638,1810,114.11099,0.57635236,0.21462414,0.4215581
639,1809,0.2496376,0.5879522,0.0039143413,0.00840278
639,571,47.91195,0.58220494,0.15147771,0.2978123
639,588,46.71168,0.5831627,0.12548688,0.24687712
640,571,30.142479,0.5880092,0.08896462,0.17496099
640,3038,48.136223,0.5868105,0.14941418,0.2915662
640,3656,59.187103,0.57946485,0.11420457,0.22367771
641,2410,84.001724,0.58133185,0.15898478,0.31338334
642,643,8.313797,0.58194846,0.017098434,0.0339853
642,1803,73.06593,0.5822705,0.14030468,0.27678576
642,1430,52.177605,0.5842713,0.10762239,0.2111327
643,642,8.269653,0.5818921,0.016911268,0.03367929
643,4910,48.50406,0.5838686,0.09242845,0.18049182
643,1810,48.648,0.58309484,0.099768065,0.19519357
644,2949,1.4326744,0.5823249,0.0023688748,0.005222887
645,3862,1.9444504,0.6321833,0.0030332878,0.006888181
645,5087,65.17242,0.6428568,0.13237953,0.26236358
646,831,47.23615,0.5971722,0.090443924,0.17599508
646,5520,38.736046,0.6046591,0.094937116,0.18390599
647,3855,1.0288048,0.60014886,0.0011749417,0.002916351
647,6569,57.34162,0.6381858,0.11909941,0.2342988
647,1408,115.118454,0.62083393,0.21188083,0.41637748
648,4432,33.277374,0.551964,0.06587957,0.12727919
648,654,25.474817,0.55773413,0.051926605,0.09874677
648,152,25.725716,0.5526992,0.055605017,0.10599612
648,3756,6.000332,0.5536834,0.012289457,0.024852827
649,4392,2.0132866,0.5726591,0.0028843656,0.006376609
649,150,27.611336,0.5690245,0.059958484,0.11561479
649,4961,27.862778,0.57499266,0.055923775,0.10667202
650,3751,4.570671,0.5887449,0.011143006,0.022585332
650,651,45.72801,0.5849854,0.08718456,0.16997929
651,149,31.577461,0.57961786,0.062480465,0.11992408
651,3759,7.121563,0.58223945,0.013760529,0.027449608
651,650,45.271374,0.58533156,0.086871475,0.16965327
651,4961,31.36069,0.5784103,0.061967738,0.11899257
652,149,57.119175,0.5767063,0.10905418,0.21413119
652,3678,31.82343,0.5798487,0.07913855,0.15251774
653,6109,0.8204193,0.5541496,0.0028959215,0.0064290166
653,6108,6.8848,0.5576828,0.013697468,0.027329206
654,151,27.594196,0.558996,0.056115,0.10661107
654,3757,6.358692,0.5569821,0.01243002,0.02498138
654,4392,62.0756,0.5637682,0.11900726,0.23423949
654,648,25.442905,0.5573667,0.052369818,0.0994931
655,1950,2.2155266,0.6465566,0.003988914,0.0079265535
655,5575,27.317392,0.6012961,0.06755715,0.13078392
656,6567,16.446161,0.6755935,0.032675534,0.06364182
657,2585,2.3560333,0.68853587,0.003613487,0.0076904893
657,5776,6.2981567,0.4241973,0.011370651,0.01652427
658,295,0.36639404,0.41055292,0.0033450276,0.0012044758
658,3927,45.503563,0.40803206,0.1633856,0.2544682
659,4383,1.9975815,0.6877687,0.0018167123,0.0045238584
659,660,7.92173,0.40592605,0.021936513,0.036156848
660,2219,2.01268,0.67959785,0.002921246,0.006512344
660,3947,27.74871,0.38706094,0.09517618,0.15596534
661,3631,205.79417,0.62615776,0.38415384,0.7500339
661,1332,42.860695,0.6383839,0.08139079,0.16076198
661,663,43.941353,0.6406096,0.08335789,0.16463286
662,1331,114.88461,0.63814074,0.21152484,0.41870773
662,663,60.97062,0.6432989,0.113862276,0.22710517
662,3493,47.626625,0.64428985,0.09091118,0.17770974
663,662,61.394012,0.6437849,0.11421803,0.22761254
663,661,44.067684,0.6417951,0.08371699,0.16510713
663,1331,54.432007,0.63919413,0.102683574,0.2035384
664,1335,31.497814,0.6351862,0.06331879,0.12140667
664,1331,57.988884,0.6343613,0.108761616,0.21618426
664,1333,52.68725,0.6338877,0.09953258,0.19699848
664,4984,83.21601,0.63005054,0.15515372,0.3086701
665,1188,2.966629,0.6732549,0.0050750226,0.01091139
665,2470,12.870211,0.6825725,0.028027043,0.05459424
665,4371,126.96554,0.67989063,0.22808644,0.45233792
666,667,84.38423,0.6710832,0.15210736,0.3036117
666,3924,26.573326,0.67327565,0.06280143,0.12332713
667,666,84.115105,0.6709149,0.15134472,0.30160582
667,668,62.515144,0.66856,0.11354229,0.2257425
667,2209,40.80508,0.66672486,0.076130606,0.14801009
668,290,71.23682,0.67561996,0.12955499,0.25810742
668,667,63.64282,0.6683296,0.11566106,0.23000816
669,4630,0.86726,0.05979535,0.004866272,0.010154232
670,2804,1.8514442,0.62566465,0.0024127662,0.005370185
670,671,33.234844,0.63109356,0.06590512,0.12655047
670,4253,17.480955,0.6284584,0.04542369,0.08920209
671,3854,32.52972,0.6291121,0.066013254,0.12593158
671,670,33.29525,0.62834156,0.0660899,0.12704559
671,672,70.17429,0.6216482,0.13014874,0.25744864
672,671,70.02081,0.621611,0.12961668,0.25665087
672,3856,34.550766,0.6194578,0.068801165,0.13265118
672,4630,34.645134,0.6225608,0.06733852,0.13000403
672,3863,31.98985,0.6165821,0.06434858,0.12327122
673,3653,2.0941505,0.62997615,0.0032875165,0.0070659816
673,154,14.907663,0.63367057,0.030609064,0.059872754
674,2208,179.59567,0.6553519,0.3275546,0.646969
674,5360,25.382889,0.660495,0.06893209,0.13527948
675,676,1.5394135,0.5708852,0.0038256124,0.0085134655
676,675,1.5538139,0.5706465,0.0038283467,0.008278832
677,2191,79.04857,0.57835805,0.16397361,0.32127988
677,2121,178.48369,0.54449606,0.36969808,0.7194922
677,2383,170.47815,0.554121,0.3585103,0.6986521
678,4688,2.0185318,0.59511715,0.0029071644,0.006491989
678,748,47.60974,0.59994584,0.09096134,0.17804205
678,4687,50.931694,0.6000527,0.10695457,0.20892611
679,950,9.188995,0.5123267,0.022269383,0.044052184
680,685,36.679203,0.6061219,0.076309465,0.14904453
681,3602,41.626404,0.60714626,0.080289684,0.1559552
681,685,77.627365,0.6048571,0.147196,0.29070547
682,5008,46.567398,0.63738674,0.09706577,0.18482348
682,219,71.218216,0.6329202,0.14873895,0.29405332
683,684,27.45177,0.64979655,0.054382615,0.10535273
684,683,27.302319,0.64844906,0.054347403,0.10517772
684,1112,56.39433,0.64639807,0.10634544,0.21077992
684,483,36.659107,0.6488589,0.070846304,0.13857323
685,681,77.71907,0.6043085,0.1466457,0.29022172
685,6363,20.512823,0.59793526,0.04362207,0.08418434
686,1906,226.89117,0.36470693,0.4936255,0.9468633
686,687,20.817625,0.32771623,0.04647781,0.08788869
686,1904,165.57153,0.32284248,0.36779627,0.7041512
687,4157,116.61213,0.29773062,0.26173645,0.50704587
687,686,20.387823,0.32834387,0.04576325,0.08644217
688,4249,1.5756874,0.29818588,0.004267983,0.007941797
688,1975,69.879745,0.28677684,0.15689215,0.30794263
688,4268,30.268335,0.30121464,0.07377401,0.1388341
689,6929,20.311026,0.3382038,0.048095882,0.090529926
689,5949,60.16364,0.32338113,0.14091834,0.27437025
690,3529,204.71147,0.46992218,0.41499978,0.80250025
690,6052,113.224075,0.44180128,0.23027346,0.44320822
690,1781,56.293427,0.4819767,0.112786435,0.21929955
691,211,23.665586,0.59463567,0.04983588,0.09561665
691,6313,18.79016,0.59910107,0.04364996,0.08497206
692,1007,146.33786,0.58187497,0.12644629,0.24717075
692,2900,55.292717,0.5827021,0.10616385,0.20753889
693,1015,56.9636,0.58105123,0.108566634,0.21360011
693,692,43.98072,0.57895833,0.0522525,0.09909139
694,4692,1.6640968,0.58073884,0.00556881,0.011730865
694,175,1.2652702,0.5784611,0.0044705197,0.009669274
695,1555,121.549065,0.36492485,0.26437372,0.5085969
695,5254,49.578934,0.40995178,0.10141025,0.19560584
695,251,46.33315,0.40342444,0.09560594,0.18351364
696,5618,1.890358,0.5844251,0.002523601,0.004850328
696,4826,103.1275,0.5821347,0.14550959,0.28560022
697,3397,102.1761,0.5909351,0.19292936,0.37883717
697,2395,30.723057,0.59289986,0.06183727,0.117786154
698,1783,2.225525,0.46560988,0.0028116405,0.005906433
698,1784,23.147444,0.4657308,0.05039639,0.09607583
699,4229,37.208916,0.4645921,0.12378618,0.24260917
699,1885,110.09233,0.45072764,0.22228688,0.42895252
700,1896,1.8064461,0.46264386,0.0023881197,0.005057588
700,698,26.337715,0.4666905,0.048586387,0.092482105
701,6282,1.6268654,0.6332359,0.0043522418,0.008243948
701,483,50.71205,0.6466112,0.09496707,0.18695273
702,3286,162.63808,0.47847,0.32552555,0.6300553
702,4247,48.4847,0.49412,0.10699256,0.20710981
703,1829,0.9194298,0.4769906,0.0037774965,0.008400172
703,6505,103.770325,0.4908391,0.23473713,0.4531728
703,1968,31.531466,0.49537885,0.100541204,0.19875844
704,2275,100.77988,0.62569374,0.18519752,0.36595884
704,249,98.54831,0.62136567,0.24578825,0.48439556
705,4236,26.725365,0.62181365,0.057450242,0.11038319
705,2276,111.64116,0.6238066,0.22630116,0.44550836
705,2275,50.629295,0.62186646,0.095465325,0.18700536
706,3461,1.7768669,0.5937676,0.0016083792,0.00422363
706,742,221.66962,0.5817616,0.5564051,1.0946795
707,3868,1.8197556,0.5926931,0.005008392,0.010732204
707,6271,10.974369,0.59708524,0.022412397,0.04409662
708,3878,2.0901222,0.59114915,0.0035334975,0.0077862293
708,5742,37.948864,0.5959234,0.073367864,0.14250788
709,6661,26.872366,0.60032964,0.05764465,0.11068472
710,711,64.06848,0.59678,0.11751501,0.22909048
710,787,45.938778,0.59615314,0.08842781,0.1724123
711,783,56.03253,0.59544456,0.10753022,0.21025464
711,2890,47.106277,0.5992923,0.08893635,0.1712297
712,829,50.4811,0.59757596,0.07447239,0.14184085
712,2889,7.64896,0.60470146,0.017567568,0.034907788
713,5019,9.874722,0.35132247,0.024300896,0.046147853
713,2927,89.16025,0.37189972,0.18836877,0.3638025
714,1904,1.9176178,0.32911846,0.0033730343,0.006695181
714,255,27.628723,0.32188183,0.07095388,0.13655308
715,273,101.1351,0.45653784,0.20536987,0.39560795
715,2114,117.491196,0.49825686,0.23112604,0.44746774
715,275,125.86449,0.46457812,0.25571483,0.4935208
716,717,60.936462,0.47006634,0.12157734,0.23589866
716,1835,28.681747,0.46020764,0.062480204,0.11781588
717,1843,100.91683,0.48879045,0.20119965,0.38842407
717,716,60.409225,0.4699949,0.12036485,0.23406668
717,5653,29.00005,0.48030087,0.060563814,0.11489476
718,4771,1.8299866,0.51460916,0.0018041879,0.0038274974
718,3882,40.83299,0.51289636,0.081422396,0.15502116
719,4769,27.6851,0.5130767,0.057602722,0.11064312
719,720,118.40838,0.5180791,0.23425058,0.45243096
720,722,150.59021,0.5314662,0.29288372,0.5700032
720,1909,43.382515,0.5137953,0.08335856,0.15903138
720,719,117.604195,0.51596385,0.23426375,0.4523915
721,5978,41.268234,0.5182024,0.10049455,0.19377348
721,1909,66.50605,0.51589996,0.12989932,0.25303528
722,5804,1.4404602,0.54281914,0.0018788502,0.004582271
722,723,90.10008,0.54083043,0.17575867,0.3427662
722,720,150.05695,0.5300309,0.2935659,0.571019
723,722,90.41948,0.54137254,0.17451763,0.34108925
723,6474,103.07514,0.5434929,0.26618028,0.51695454
724,6753,2.522293,0.5793394,0.0017464831,0.004229784
724,725,105.029076,0.58045226,0.22019148,0.42935908
725,3212,2.5883064,0.5805267,0.0020141155,0.004854977
725,4013,89.7086,0.5806732,0.19076408,0.3719271
726,5336,1.9531212,0.58587605,0.0034610108,0.007483989
726,4786,1.8093987,0.58539605,0.003188558,0.0069336295
727,3245,2.782833,0.6009933,0.0044244453,0.009300798
727,728,100.97812,0.5961648,0.18837821,0.370974
727,442,36.181347,0.5992235,0.07856542,0.15309374
728,4687,2.0680695,0.59677535,0.0028651804,0.006343156
728,727,101.551056,0.5969378,0.18849014,0.37127334
728,4688,51.26375,0.6011167,0.10701636,0.2090553
729,644,6.50605,0.5852492,0.013539776,0.027085394
729,3948,315.2475,0.57172716,0.6461509,1.2672807
730,609,4.496273,0.5814558,0.0089605,0.018330336
730,5802,2.2321205,0.58560777,0.0041907504,0.009069011
730,4785,0.57375336,0.04774645,0.011183359,0.020880714
731,4135,46.25625,0.012599587,0.24937734,0.5295564
731,3136,7.913704,0.05063051,0.030504744,0.059791207
732,330,16.947832,0.5903315,0.042233057,0.08295682
733,2597,2.0072174,0.60669863,0.0028649718,0.006428048
733,455,17.56928,0.6137649,0.03596145,0.06980485
734,5065,6.107376,0.596333,0.015927866,0.031782746
734,3410,73.46137,0.592237,0.1405549,0.27801454
735,3520,2.2591515,0.60063124,0.006440975,0.012616783
735,805,38.099075,0.59668016,0.06319368,0.11941503
736,5608,115.56121,0.6473659,0.17192055,0.34100544
737,1989,21.613245,0.63803947,0.039488815,0.07831917
737,5856,20.991905,0.6301085,0.03547453,0.0687579
738,5055,7.22789,0.6120882,0.015893005,0.03146857
739,3781,1.628128,0.54951125,0.0020666346,0.0046282858
739,88,30.183403,0.55298096,0.06534805,0.12545674
740,810,76.24034,0.59587765,0.1429661,0.28189403
740,807,72.020615,0.5936538,0.13475353,0.2643632
741,809,8.20314,0.59605354,0.015785627,0.031410724
741,808,62.297577,0.60071826,0.118123986,0.23271629
741,805,44.399216,0.60212684,0.08487613,0.16528618
741,810,33.640686,0.59842837,0.06636991,0.12743957
742,871,3.4911919,0.59204596,0.005791247,0.012236819
742,743,1.5886497,0.5906026,0.0045887604,0.0095936805
743,6241,1.5226784,0.590396,0.0015843883,0.0035755783
743,3668,40.59586,0.5919429,0.100001834,0.19431968
744,2839,14.563715,0.5954552,0.035184164,0.06873554
745,2437,8.14801,0.59721357,0.020502396,0.040789083
745,3450,2.8907166,0.5954338,0.004584059,0.009889767
746,1561,1.5374298,0.59540755,0.0039276406,0.007901102
746,3892,2.7020874,0.5941256,0.004031509,0.00865905
746,774,50.110615,0.5973439,0.095344596,0.18680634
747,2889,49.928135,0.59498614,0.07508983,0.14442158
747,2837,16.015764,0.5929213,0.030218832,0.05899118
748,812,58.745743,0.5990146,0.11232412,0.22151776
748,678,47.8788,0.5983708,0.09191554,0.18039852
748,1195,59.37432,0.5979662,0.112846896,0.22262189
749,4131,1.2163239,0.5901017,0.0034641623,0.0075450987
750,3137,12.912884,0.5929953,0.03467876,0.06773726
750,782,0.5306244,0.5853334,0.0024958327,0.005309388
751,5621,17.287014,0.0036469102,0.100196965,0.2113797
751,5620,54.769234,0.584268,0.10372418,0.20064893
752,6066,1.8987846,0.6052029,0.0033412501,0.0075154305
753,1375,14.573053,0.5987347,0.03074494,0.060128868
753,3144,17.232645,0.5988617,0.03684386,0.07177702
754,3637,1.672409,0.6493569,0.0022019148,0.004815072
754,3638,16.105259,0.65008,0.032305922,0.06286099
755,4775,2.006939,0.61175793,0.0027798861,0.0063114464
755,191,75.495346,0.61815065,0.14147228,0.27977502
755,6154,66.24759,0.618212,0.12365849,0.24413323
756,6369,46.30299,0.6235761,0.087562285,0.17264791
756,761,31.251673,0.61879885,0.06232984,0.11986555
756,755,27.07523,0.62093204,0.054555826,0.10446291
757,2059,2.538601,0.62517,0.0015023798,0.004284829
757,2750,32.203453,0.6297227,0.06994003,0.1368055
758,437,21.628222,0.6203263,0.045722935,0.088062555
758,438,33.63164,0.61810756,0.07177989,0.14061515
759,6369,1.7318687,0.6161892,0.0023308322,0.0053729117
759,6373,18.730383,0.62153447,0.04048232,0.07894667
760,4987,2.4328194,0.6234113,0.0045850873,0.010064721
760,1117,15.039087,0.61904705,0.030911349,0.06015455
761,3613,37.01339,0.6145245,0.07169457,0.14069714
761,756,30.894268,0.61748886,0.06145724,0.118689835
761,5322,22.948488,0.6168806,0.04893437,0.09499297
762,1191,24.374523,0.60729706,0.057437085,0.111434616
762,1290,17.957172,0.6063656,0.04023751,0.078202486
763,3012,2.02351,0.6007921,0.0027237833,0.006108105
763,3848,53.36397,0.60239166,0.1015967,0.1996338
763,1600,12.042662,0.6009953,0.027275719,0.053460717
764,4037,2.7306557,0.5951358,0.0047147796,0.009037897
764,798,110.138016,0.59114206,0.2086811,0.40818402
764,4515,23.34849,0.13752973,0.055458065,0.11101778
765,1167,77.61003,0.59646964,0.16160458,0.3173383
765,1169,68.18744,0.5975217,0.14193656,0.27936688
765,1190,184.72626,0.5873184,0.34881783,0.68463904
766,1969,4.104965,0.56187034,0.013328522,0.026455924
766,3150,2.932579,0.5677624,0.004899226,0.010437667
767,4674,1.0759048,0.3435984,0.004667379,0.009087995
767,1155,56.236797,0.3827048,0.1956997,0.38035917
768,5688,26.008196,0.48202854,0.046869464,0.08948391
768,5687,12.539461,0.48445684,0.03389409,0.066120945
769,1153,1.4893341,0.35657972,0.0053496063,0.01028195
769,5536,40.687035,0.12444627,0.16683379,0.34743285
770,5581,15.846127,0.32947123,0.03914223,0.0747451
771,4674,40.17599,0.3434324,0.08919694,0.16702855
772,2968,1.673954,0.3116534,0.0034346953,0.0067076385
772,3636,30.983496,0.3324064,0.081226625,0.1536437
773,948,60.650116,0.60056955,0.20185561,0.398744
773,1771,21.471771,0.58998746,0.059996452,0.11681795
774,1145,270.11493,0.58080155,0.51122177,0.9995636
774,5445,94.52541,0.59170663,0.17758217,0.35014153
774,746,50.37081,0.5960237,0.09625433,0.18833666
775,6008,169.98022,0.5599075,0.5459454,1.0717552
775,1157,9.263569,0.58782756,0.025302038,0.049945474
776,3880,1.5002136,0.5502253,0.003106296,0.006993234
776,2246,74.97951,0.5477508,0.24381623,0.47517514
777,381,18.087538,0.6246235,0.037166517,0.07233233
778,1947,26.608692,0.5845711,0.053727143,0.10274299
778,1946,73.61872,0.58858097,0.14190719,0.2755473
778,3282,28.037416,0.58575237,0.05614473,0.10742089
779,637,95.94264,0.59084535,0.17953023,0.35394567
779,4131,23.016464,0.5913224,0.04568151,0.08768921
780,801,3.7236328,0.589686,0.007546045,0.015794784
780,781,27.531124,0.593052,0.057507865,0.109667204
781,2120,73.86595,0.59377664,0.15286125,0.3010468
781,5061,28.462383,0.59439063,0.055837493,0.10771978
782,750,0.63619995,0.5846863,0.0027175695,0.006020844
782,4300,20.44328,0.588266,0.04103766,0.07909734
783,711,55.465908,0.59662426,0.10545558,0.20609267
783,787,34.88962,0.5930102,0.06807646,0.13245842
783,6333,98.80696,0.59045064,0.1839494,0.36173046
784,2953,1.3212357,0.5929066,0.0015907362,0.0037104487
784,430,130.78616,0.58796847,0.33299407,0.6537286
785,3521,61.65866,0.5981689,0.11645501,0.22716674
785,4270,30.18037,0.5962361,0.06399093,0.12292975
785,840,51.016117,0.5985643,0.10434753,0.20466349
786,6095,43.87346,0.605952,0.08410878,0.16110669
786,1282,26.044086,0.6114984,0.05483607,0.10692096
787,3410,65.98938,0.59363085,0.12493903,0.24624756
787,710,45.979435,0.5954312,0.08756383,0.16972314
787,783,34.96914,0.5931264,0.06822099,0.13283852
788,445,40.846275,0.65464365,0.06854095,0.13158166
788,443,21.309147,0.6436845,0.048714474,0.09503004
789,6281,42.204548,0.6440866,0.070495546,0.1366911
789,790,3.47472,0.64146566,0.0066903457,0.012982726
790,789,3.0847816,0.63889474,0.005521059,0.010960847
790,7045,48.810497,0.64561355,0.09192056,0.18248576
791,7045,2.0185547,0.64082617,0.0029488057,0.006513864
791,5530,52.67101,0.645311,0.09780118,0.19423477
791,5529,3.060749,0.64436924,0.004930742,0.010512605
792,1067,6.367077,0.5793662,0.01499553,0.029671133
792,1009,7.521847,0.58053666,0.014474712,0.028600931
793,1665,1.9566307,0.571403,0.0026313215,0.005807668
793,1011,39.24128,0.5726901,0.07449481,0.14763243
793,6580,22.506123,0.570186,0.053210244,0.10305082
794,6341,2.836155,0.5678096,0.007411763,0.015306339
795,6633,1.6606293,0.5677463,0.004588641,0.009579167
795,5396,1.6036301,0.56975424,0.0029544309,0.0065643787
796,6961,1.331047,0.55168605,0.0021365806,0.0052403808
796,2394,21.751898,0.5501725,0.039332468,0.07522513
797,3838,1.7783585,0.5987083,0.0025995672,0.0056525916
797,812,61.788597,0.5983582,0.11762201,0.23062149
797,1195,47.50771,0.5972433,0.09942177,0.1928766
798,764,111.38232,0.5972139,0.21008345,0.4103096
798,3450,66.96585,0.5961174,0.12725231,0.25112548
798,3839,69.48784,0.5998118,0.13136198,0.25921893
798,815,57.55528,0.60137856,0.11026581,0.21679772
799,1187,30.573181,0.59967756,0.060383905,0.11634175
799,812,105.002235,0.59603155,0.19528896,0.3845898
799,4516,53.71139,0.60329545,0.10297445,0.20168139
800,80,4.499523,0.52353835,0.008604981,0.017572433
800,3041,232.49832,0.5030669,0.46212518,0.8980758
800,2472,148.99173,0.5169584,0.29293174,0.5685833
801,3397,2.0388908,0.5917087,0.0030241683,0.006664887
801,697,103.39074,0.59374166,0.19331217,0.37928444
802,4831,90.49025,0.588467,0.20954853,0.4089495
802,4830,107.285545,0.5829078,0.20590726,0.40512094
803,3246,3.2255936,0.5988048,0.0046351627,0.010101497
803,5124,2.2857704,0.59941864,0.0027458817,0.0063978434
803,4790,61.167526,0.6037229,0.15562886,0.30639535
804,6368,1.1926155,0.5629482,0.0033972338,0.0067518204
805,806,3.9178963,0.5933856,0.0053979084,0.011560619
805,741,44.58198,0.5994325,0.0858488,0.16733
806,6732,6.233879,0.59886944,0.011443675,0.023190692
806,809,41.276726,0.59886676,0.07999975,0.15563464
807,6274,44.029377,0.5968523,0.084058866,0.16270337
808,4709,1.7429581,0.59877545,0.0021947473,0.0052223653
808,741,62.798424,0.5998848,0.11887881,0.2340506
808,6371,40.27907,0.6044247,0.0839761,0.16274032
809,741,8.0180435,0.59575176,0.015387379,0.0306018
809,810,28.118252,0.5963048,0.056942895,0.10876863
809,806,41.159573,0.59954023,0.07907011,0.15329546
810,740,75.592766,0.5978575,0.14210509,0.27968508
810,5118,92.545395,0.5965098,0.17406343,0.34232885
810,809,28.276142,0.5950502,0.05733146,0.10969013
810,741,33.890255,0.59732944,0.06672405,0.1283593
811,821,18.586143,0.5851101,0.03939413,0.0763992
811,822,57.117992,0.58444697,0.10909654,0.21451564
811,3824,46.666397,0.589817,0.096540056,0.18949272
812,799,105.27176,0.59779483,0.19562028,0.38565442
812,748,58.84822,0.59962934,0.11235543,0.22153813
812,797,62.26725,0.59852827,0.11710439,0.23014563
812,4687,40.20597,0.6007164,0.07740937,0.15218478
813,4519,1.4826393,0.6021466,0.0027354732,0.006041825
813,4516,2.7215042,0.60059273,0.004348047,0.009299025
814,4047,1.5804329,0.6011183,0.0035888553,0.007108584
814,764,116.055435,0.4058915,0.19893304,0.38548982
815,3848,1.9970665,0.59784526,0.0027521625,0.0063298494
815,814,33.6443,0.6012478,0.071167424,0.13758554
815,798,57.20999,0.6007689,0.109998405,0.2163177
816,3465,31.662989,0.5916371,0.063154995,0.12115819
817,5646,92.95676,0.62456375,0.17541051,0.34544808
817,5641,6.862812,0.10854554,0.019407243,0.039281964
818,4698,1.667923,0.57090926,0.0031980723,0.0070984215
818,819,7.7806053,0.5676943,0.017027125,0.034015134
819,4698,7.319149,0.5691543,0.01576946,0.031477496
820,821,284.8409,0.5701527,0.5895168,1.1559696
820,2819,116.88628,0.5773922,0.24112809,0.47224456
821,2954,151.1949,0.57999825,0.31546623,0.61659276
821,811,18.793911,0.5835685,0.03997788,0.07708628
821,820,283.67212,0.5700974,0.58667827,1.149723
822,811,56.938354,0.5813788,0.10972185,0.21542293
822,1722,64.20876,0.58247316,0.12212976,0.24026456
822,3941,88.337074,0.5777642,0.16582033,0.3264994
823,2378,7.5618362,0.6241598,0.014532037,0.029283568
823,2379,25.69589,0.6211117,0.052898947,0.10230522
824,1048,7.108574,0.62179285,0.013749763,0.027500317
824,2750,26.50399,0.62656665,0.054628436,0.10539548
825,408,8.450909,0.61366636,0.016192809,0.032174274
825,828,26.12792,0.61269134,0.05349556,0.102780215
825,827,31.324305,0.6149317,0.06268985,0.11993473
825,409,32.542072,0.6172695,0.0653184,0.1246784
826,827,34.4089,0.6189204,0.06737206,0.13039072
826,1042,15.230131,0.618703,0.03109878,0.060807824
826,6385,45.909904,0.62359047,0.086839445,0.17121
826,1052,37.482246,0.62108153,0.0721047,0.1419542
827,826,34.498524,0.6179702,0.06743781,0.13082895
827,1050,36.85759,0.61803275,0.07082573,0.13836151
827,1041,23.113638,0.61560905,0.047835637,0.092817605
827,825,31.153278,0.6151583,0.06292102,0.120293215
828,6433,36.807266,0.6136129,0.07137181,0.14058276
828,4969,42.554516,0.6155846,0.081508435,0.1599134
828,825,26.077501,0.6133601,0.05375388,0.10307346
828,187,39.908325,0.6130316,0.07660543,0.15033287
829,4512,210.79655,0.59594226,0.39471215,0.77375335
829,6897,30.694168,0.5982254,0.057210337,0.11016028
830,833,9.920681,0.61180824,0.019329354,0.038178742
830,2579,76.22105,0.6094789,0.14275299,0.28189442
830,2916,21.347828,0.6106918,0.043775573,0.08500651
831,646,46.605984,0.59794784,0.08919008,0.17392008
831,4467,160.82083,0.5983019,0.2995088,0.5891817
831,832,35.828434,0.5978739,0.069836244,0.13598299
832,2579,72.480064,0.60397714,0.13671228,0.26985908
832,831,35.56875,0.5993405,0.06922843,0.13505915
832,1696,10.663702,0.60062706,0.02117005,0.04168555
833,830,10.0083885,0.6134543,0.019677155,0.038671926
833,2917,19.998735,0.61464596,0.04310041,0.08373206
834,4311,45.257427,0.6169699,0.09327471,0.18069968
834,669,52.745827,0.6255051,0.15768495,0.31007913
835,3764,2.0335617,0.64817077,0.0032070726,0.006877795
835,3325,31.210056,0.6531519,0.06570639,0.12879087
836,837,46.028996,0.58726263,0.087349035,0.17024386
836,4410,36.400013,0.597658,0.090121426,0.17539121
837,836,45.049435,0.5881858,0.08696654,0.16989844
837,475,32.073658,0.57991064,0.06385701,0.122076705
837,4411,46.432102,0.586374,0.08878032,0.17413099
837,1400,7.854088,0.5826889,0.015426584,0.03067407
838,4395,1.7699966,0.5728479,0.0026005954,0.0057624727
838,475,28.2927,0.57558966,0.056851063,0.1084874
838,1398,6.3051414,0.5731618,0.013300993,0.026760712
839,4395,47.424423,0.5697687,0.090707876,0.17764987
839,459,22.92529,0.56250596,0.04751856,0.09124342
839,457,7.137619,0.5640884,0.013828896,0.027610019
839,5535,48.299873,0.56643146,0.092970304,0.18235108
840,3008,26.411995,0.5988015,0.05401311,0.10523121
840,785,50.86212,0.5965759,0.104468524,0.20456868
840,1189,41.44986,0.6025081,0.084450744,0.16389401
841,2869,1.621067,0.57386833,0.001993537,0.0045915693
841,843,75.252205,0.5705451,0.14227845,0.2783735
841,844,57.067,0.5738692,0.110402495,0.21653542
842,2869,4.8743744,0.57659316,0.009114429,0.018560007
842,3877,156.98686,0.5699976,0.2968533,0.5817678
843,3874,1.867321,0.58006984,0.002746135,0.006061569
843,1448,20.255869,0.5769732,0.04910152,0.096102536
844,841,57.585167,0.5758482,0.11070247,0.2171235
844,1108,110.35523,0.5761956,0.20927355,0.41130495
844,5674,26.067177,0.574823,0.053215552,0.10105835
845,846,44.73115,0.57541704,0.08650385,0.16861331
845,2934,99.156815,0.5747778,0.18600881,0.36540848
845,1447,54.582485,0.5743432,0.10544066,0.20683089
846,845,44.681423,0.5735534,0.08578045,0.16787903
846,4947,90.359344,0.5652873,0.17277914,0.3384993
846,1446,25.334356,0.5708939,0.052242283,0.099767275
847,2888,19.647629,0.48999304,0.042273704,0.081436865
847,5152,89.06258,0.4977654,0.088291526,0.16877225
848,2079,167.95718,0.61542225,0.31214324,0.61392313
848,2069,97.8197,0.61255586,0.18280691,0.36031502
848,849,98.44475,0.60969347,0.18488947,0.36423376
849,4335,2.7343216,0.60631126,0.0042869225,0.009394303
849,848,98.56842,0.60978234,0.18358621,0.36201715
849,1138,98.41001,0.6038339,0.30947912,0.6095865
850,3449,14.661955,0.6149487,0.033137746,0.06467331
850,851,7.977867,0.6129851,0.0154856,0.030845985
851,5696,40.602627,0.61515844,0.07811617,0.15031749
851,5345,22.24483,0.6094651,0.046216093,0.08969915
852,1368,57.431362,0.61556005,0.10863283,0.21497706
852,1369,77.93544,0.6136236,0.14572597,0.28879344
852,3550,33.113045,0.6137417,0.06495968,0.12604195
852,5697,44.71846,0.61454844,0.08616347,0.16900593
853,1961,66.49532,0.61453253,0.124140166,0.24595053
853,633,28.367752,0.6139058,0.061406627,0.1180057
854,856,3.5028152,0.59730095,0.005802907,0.012212798
854,3831,32.484047,0.5936922,0.06348714,0.123944886
855,858,56.735672,0.5900858,0.105874635,0.20286784
855,5220,2.3106003,0.59443533,0.0035911277,0.007857665
856,4202,9.697498,0.591663,0.019633383,0.03903766
857,7018,2.093361,0.5908128,0.0034708232,0.007363975
857,7019,2.538044,0.58972746,0.0042503923,0.008646503
857,3878,105.09317,0.58836925,0.1985271,0.39037213
858,863,2.233345,0.5921588,0.0030285567,0.0066443235
858,859,17.132717,0.591785,0.034370624,0.066909574
859,4900,3.1543922,0.59149843,0.00501024,0.010704368
859,5137,7.6531715,0.59125334,0.0146146715,0.029299423
860,865,2.9496574,0.587992,0.005075842,0.010683745
861,862,30.221844,0.5952328,0.061734192,0.11808069
861,860,1.8324738,0.5831671,0.0029452816,0.006573975
862,4899,1.5753479,0.58477867,0.0023491532,0.0048171133
863,858,1.9799309,0.5903086,0.0025343075,0.0055125505
863,5220,54.25641,0.5975992,0.10252837,0.20086217
864,863,38.009167,0.5904725,0.07536325,0.14594567
864,3326,12.871128,0.5951676,0.026500002,0.05233839
865,866,1.8223534,0.58953536,0.003041096,0.007123813
865,884,20.629,0.59428555,0.042897694,0.08319779
866,861,1.7323341,0.5890865,0.0023060217,0.0054201335
867,868,1.9715347,0.5875442,0.0026217252,0.005834073
867,3669,65.27888,0.5913532,0.12438281,0.24438745
868,867,2.3733711,0.5914442,0.0041055307,0.008866444
868,870,15.029737,0.59101695,0.03126562,0.061092652
869,5683,1.6060638,0.5859723,0.0019232333,0.0044907033
869,871,100.171715,0.5878894,0.1894487,0.37234116
869,3669,5.5625725,0.58542675,0.010364823,0.02091512
870,886,7.507721,0.59122217,0.014569499,0.02919212
870,888,1.5419693,0.59232354,0.0017083958,0.004225865
871,743,4.798321,0.591769,0.008687407,0.017844751
871,869,100.64286,0.5878876,0.18958879,0.37297016
872,4502,2.579399,0.6013384,0.0037014857,0.008122727
872,4133,13.671095,0.6030896,0.035133447,0.0686875
872,1788,84.44951,0.59952223,0.15846908,0.31254536
873,5712,19.860184,0.6053614,0.05325778,0.10395211
874,4644,25.141226,0.6043877,0.051838703,0.099053964
874,4644,17.801912,0.6076507,0.047627825,0.09319059
875,5875,40.484985,0.60362077,0.12759739,0.2501878
875,4531,55.977764,0.6009172,0.106450945,0.20917067
876,4507,1.863491,0.5974165,0.0040362105,0.0085397065
876,2520,75.91539,0.602666,0.15688458,0.30762014
876,6010,26.62408,0.6038638,0.06714651,0.1305389
877,878,199.01309,0.6614938,0.36850032,0.72169024
877,2195,315.72278,0.6523409,0.61541665,1.210785
877,3196,48.57894,0.6637635,0.09813377,0.19258538
878,877,198.72437,0.65755785,0.36702564,0.7198746
878,6465,45.6881,0.0051130652,0.16654907,0.35036007
878,4054,43.33835,0.0,0.16005658,0.3368569
879,4603,1.475029,0.6237636,0.0038053244,0.007849127
880,3667,93.98735,0.5833165,0.17774022,0.3496026
880,3228,106.80415,0.58655685,0.2205688,0.43233228
880,2960,397.33942,0.56690675,0.7527752,1.4737967
880,4318,142.80722,0.57872,0.29355294,0.5746981
881,3760,1.4544907,0.5399839,0.0046827868,0.009724587
881,110,26.897577,0.53481436,0.057748206,0.109540515
882,2813,3.0517159,0.5798745,0.0013270006,0.0039632022
882,2814,1.7032928,0.5862339,0.004774384,0.010236278
883,440,20.473953,0.6187372,0.04737638,0.09195479
884,885,1.5928688,0.59290683,0.0017955676,0.004251465
884,887,19.240955,0.59037375,0.039101098,0.075857975
885,884,1.6287727,0.58973825,0.0018983185,0.0045382828
885,866,20.578661,0.5913054,0.04146633,0.08012715
886,887,1.476944,0.59008914,0.0017343462,0.00424093
886,885,19.111935,0.5905607,0.03907738,0.075602755
887,886,1.4751854,0.5899612,0.0016748309,0.004109785
887,888,7.036186,0.58986133,0.013568446,0.02728188
888,870,1.6089859,0.5909016,0.0018441081,0.0044347644
888,867,15.506594,0.5878319,0.031848487,0.061793216
889,4777,68.57292,0.31513867,0.15980712,0.3153418
889,1483,52.57653,0.3646013,0.11100727,0.21221814
889,1799,59.64444,0.33059114,0.1295265,0.2511163
891,3480,1.9823494,0.596155,0.0034292564,0.007822424
891,892,171.42348,0.57885385,0.35509315,0.6944658
891,4914,85.54307,0.60247064,0.16153471,0.31790197
892,893,62.525444,0.572542,0.13210876,0.25906894
892,891,171.66354,0.5795519,0.35624203,0.6970042
892,2335,93.49664,0.5767154,0.1779007,0.34932837
893,892,62.325485,0.5732956,0.13034049,0.25572956
893,2383,11.745239,0.5662414,0.02512879,0.049570605
893,2335,75.35968,0.5664566,0.1440203,0.28320885
894,5304,2.0338898,0.606202,0.0038445294,0.007989541
894,763,50.04737,0.6046689,0.12150139,0.2367366
895,2469,14.662512,0.0071431994,0.07015954,0.14411087
896,5569,83.88097,0.5511074,0.15925127,0.31040078
896,565,59.390633,0.5645167,0.09053211,0.17700574
897,3502,2.6791496,0.5554659,0.001353994,0.0039078146
897,5387,37.024307,0.5583131,0.073335625,0.14052324
898,5818,26.02006,0.5565438,0.057115305,0.109464146
898,4893,1.6860085,0.55341846,0.0022976995,0.005235404
899,3500,49.769054,0.5528107,0.09575836,0.18773523
899,901,105.851166,0.5480381,0.20396298,0.39884895
899,1740,41.909653,0.55061275,0.081600495,0.15842184
900,541,0.9872284,0.5628901,0.0036497265,0.0070756376
900,4976,0.86083984,0.041064143,0.007115647,0.013726488
901,5792,3.1015816,0.5542865,0.0030412003,0.0069127083
901,899,107.2406,0.5497635,0.20478415,0.4010753
901,5817,23.436588,0.5535329,0.052206803,0.10001693
902,4888,1.475605,0.5362773,0.0019616932,0.0044076294
902,1377,101.49647,0.5387566,0.19491771,0.37943438
903,2600,1.3537369,0.53628457,0.0022203252,0.005049154
903,5226,2.1034355,0.5365452,0.0044513196,0.009449646
903,5562,1.7372894,0.53741556,0.0030715987,0.006779805
904,1503,23.482767,0.5285239,0.048989005,0.09359233
904,906,23.451225,0.53099006,0.048771232,0.09309297
904,1576,39.408554,0.530138,0.076129824,0.14862584
904,1584,42.554672,0.53271455,0.08168465,0.15939982
905,1583,39.464077,0.5379347,0.07620499,0.14775392
905,903,23.680937,0.5364378,0.051341467,0.09796885
906,904,23.513147,0.531603,0.048838142,0.09320336
906,1583,45.019115,0.5353332,0.086448915,0.1685255
906,1577,50.96673,0.5319679,0.09895341,0.19342804
906,907,24.063213,0.5326498,0.050114993,0.09552691
907,5563,3.1525078,0.53230965,0.0029232726,0.0069034845
907,906,24.22399,0.5348062,0.050445147,0.09616396
907,5564,10.540098,0.5350127,0.023017325,0.045429766
908,1589,40.78717,0.5412162,0.07886654,0.1541296
908,1378,72.092224,0.54306734,0.13967928,0.2733622
908,1380,38.67901,0.5407594,0.07502431,0.14671253
908,1381,105.00455,0.5373565,0.20153525,0.3934918
909,389,83.58815,0.6331121,0.16744152,0.33214074
909,2296,6.0757256,0.63215816,0.01109641,0.02245222
910,3765,1.5407372,0.5555417,0.0020467192,0.004903257
910,551,64.9684,0.5559478,0.12414585,0.24308093
910,4892,17.412619,0.5555206,0.037763335,0.07352018
911,3384,2.3801956,0.5639176,0.0073828474,0.014639154
911,5967,47.310688,0.013931215,0.24975103,0.5328062
912,5964,118.770615,0.5463775,0.25314757,0.49293393
912,1350,167.83957,0.54264534,0.32416347,0.63370144
913,914,43.375736,0.54601735,0.08366945,0.16330473
913,1352,64.20313,0.54757035,0.12374407,0.24239607
913,2925,72.67502,0.544309,0.14234242,0.2786074
914,1348,26.588924,0.5437853,0.054247614,0.10298952
914,1349,30.515827,0.5459692,0.060959145,0.1169377
914,913,43.51173,0.5455314,0.083456695,0.16318744
915,1111,75.28317,0.55854464,0.14411604,0.28302595
915,3586,10.373587,0.56122214,0.02084203,0.041224748
915,1443,18.578804,0.56288445,0.034615893,0.067260765
916,3548,1.7540131,0.55400765,0.0026558638,0.006220117
916,1721,0.0,0.018904805,0.005530335,0.010464922
917,4237,1.4802399,0.5526738,0.0016570687,0.003696546
917,1352,15.759804,0.5513899,0.032548774,0.063503966
917,1351,12.653427,0.55224985,0.027537256,0.054060712
918,939,54.781418,0.56005824,0.11633805,0.22790845
918,3318,39.174034,0.5560329,0.12824145,0.2522969
919,6043,4.9507904,0.031656653,0.013729818,0.027920395
919,927,16.02615,0.56732625,0.033487875,0.06638964
920,3801,1.3694,0.53611636,0.001993388,0.0045772344
920,3827,32.383373,0.53687716,0.070318714,0.13487816
921,624,2.699417,0.5481887,0.0069320723,0.01425916
922,964,26.188335,0.5508292,0.057499684,0.11065234
922,4847,33.478416,0.5481974,0.072075956,0.14052191
922,429,25.086157,0.5482622,0.054624993,0.1046608
923,426,29.800022,0.55865693,0.06481165,0.12364188
923,6054,18.629215,0.56198233,0.04396233,0.08513465
924,918,20.932865,0.5688701,0.059169352,0.11448551
925,981,97.26602,0.5465515,0.20536874,0.39960867
925,6239,11.017738,0.54798424,0.023674384,0.046626493
925,6275,82.668045,0.5448085,0.15886517,0.31035733
926,6618,24.093155,0.5590582,0.049906082,0.09516788
926,927,20.67254,0.5608082,0.042900953,0.08285985
927,938,47.724075,0.56141937,0.091529034,0.1798871
927,926,20.836977,0.55877376,0.04314504,0.083471455
927,928,41.05133,0.5606092,0.07879481,0.15431432
928,932,35.74626,0.5613192,0.069361284,0.13589531
928,4946,2.0615082,0.5568111,0.0031623915,0.006728068
928,927,41.020035,0.5620878,0.0780772,0.15255256
928,929,41.734676,0.56066304,0.07969056,0.15577067
929,931,12.865654,0.5557341,0.026257254,0.05150819
929,3615,22.645826,0.5568684,0.04676267,0.08977211
929,928,41.91934,0.5593172,0.07954006,0.15596378
929,3616,56.879776,0.5537381,0.10973424,0.21466367
930,6549,19.263515,0.5539773,0.04045186,0.078411736
930,6553,40.809494,0.55609083,0.07913254,0.15282351
930,6548,19.889776,0.5538586,0.04176502,0.0808754
931,933,73.331276,0.55566776,0.14064002,0.27595904
931,932,42.261875,0.56093246,0.08100088,0.15888482
931,929,12.795145,0.55726075,0.02614297,0.05121872
932,934,69.890305,0.55982673,0.13396604,0.26340622
932,928,36.231644,0.5610129,0.06991021,0.13634978
932,938,37.552578,0.56306547,0.07226521,0.14252931
932,931,42.422596,0.56094706,0.08114271,0.1590902
933,934,77.866234,0.5593124,0.14937353,0.29336992
933,6887,72.23446,0.558423,0.13780548,0.26960525
933,931,73.77858,0.55705374,0.14167288,0.27809894
934,4280,65.46445,0.5657983,0.12444161,0.24468872
934,932,70.18749,0.56051135,0.13448739,0.26444784
934,935,39.79371,0.5686544,0.07663609,0.15067372
934,933,77.91376,0.5594905,0.14911923,0.29287288
935,936,19.926842,0.56745136,0.04091144,0.07889435
935,934,39.55223,0.5674017,0.07614745,0.1500945
935,938,70.50009,0.56203437,0.13444442,0.26442367
935,6951,41.08375,0.5695253,0.07806079,0.15323862
936,935,19.67118,0.56707364,0.04046077,0.07799553
936,622,27.366428,0.57022077,0.058513943,0.111640915
936,939,95.626076,0.56293094,0.19930637,0.38916877
937,6951,2.9633293,0.5705267,0.0058020577,0.012239113
937,4280,38.642845,0.5718198,0.080851644,0.15631682
938,927,48.150814,0.5636855,0.09145452,0.17897189
938,935,70.56268,0.5625773,0.13464338,0.2648218
938,932,37.54457,0.56340605,0.07235481,0.14283454
939,6618,43.768524,0.5653157,0.08423239,0.16344494
939,918,54.657917,0.56263095,0.11489045,0.22514391
939,936,96.029366,0.56574535,0.19938403,0.38960034
940,3562,1.754612,0.5224299,0.0023828,0.0053202957
940,6057,14.832619,0.52320564,0.032397926,0.06298178
940,972,37.791935,0.52785516,0.07526003,0.14498046
941,973,16.905077,0.5420542,0.035176944,0.067966536
941,427,32.684723,0.53729486,0.08753247,0.17007095
942,6886,52.36176,0.54671127,0.108624026,0.21277234
942,971,40.37473,0.54109186,0.084349126,0.16484313
942,943,31.747717,0.54278046,0.062491193,0.121217944
942,973,45.13166,0.54455626,0.087029554,0.17072812
943,942,32.18156,0.5440476,0.06303482,0.12241606
943,961,48.644047,0.5412639,0.09403478,0.18406402
943,1614,66.7366,0.5437083,0.1286966,0.25197005
944,1342,62.282856,0.57016873,0.12057179,0.23721276
944,946,38.307404,0.5725086,0.073617816,0.14525963
945,6813,1.5412102,0.5737481,0.0021765456,0.004958153
946,1341,134.89099,0.56988657,0.25637653,0.50276566
946,1343,46.046803,0.5723051,0.088607416,0.17358178
946,944,37.762917,0.5693527,0.07254948,0.1425533
947,364,36.814774,0.03706312,0.19652,0.41025215
948,3598,53.396942,0.04036945,0.24745893,0.51844275
949,6059,29.925406,0.5173253,0.07543416,0.14307545
949,6719,31.671421,0.51276183,0.059631895,0.11429358
950,951,38.42197,0.5144565,0.09755626,0.19040795
950,952,27.050224,0.52030826,0.0780053,0.15296787
951,421,1.1745415,0.5279933,0.0041490495,0.008957982
951,1033,1.6498566,0.5264337,0.003492348,0.00755769
952,960,57.81506,0.5194711,0.11351281,0.22298564
952,950,27.134155,0.517702,0.078470804,0.15272069
952,5268,66.646454,0.5432512,0.22514313,0.43775034
953,2170,8.627789,0.57406014,0.017250583,0.034321368
954,953,5.2796097,0.57248104,0.010564521,0.02131015
954,4901,4.102005,0.5673662,0.0064554885,0.013450339
955,954,18.79855,0.5661349,0.039943676,0.07737836
955,956,48.590317,0.55626553,0.09914093,0.1937208
956,958,55.50543,0.53809804,0.113049135,0.22108904
956,955,48.614643,0.5560806,0.098749496,0.1933272
956,968,40.411953,0.55601233,0.081343755,0.15927452
957,6719,31.161476,0.5193277,0.062840685,0.12087032
957,958,20.586702,0.5264706,0.043857172,0.08417765
958,957,20.58332,0.5258462,0.043891102,0.08444013
958,956,55.505028,0.5383004,0.113000765,0.22124837
958,960,35.976482,0.52499956,0.07087587,0.13826329
959,6058,33.73213,0.51403975,0.06428638,0.122715786
959,949,1.4272842,0.5179087,0.0048106313,0.010498136
960,5235,33.458458,0.5175498,0.0662717,0.12730838
960,958,36.17339,0.5257904,0.07059006,0.13745
960,952,57.974655,0.51953214,0.1122427,0.21999012
961,963,21.109602,0.5357319,0.04383926,0.08413048
961,943,48.366962,0.54078174,0.093263105,0.18269448
961,971,11.130451,0.5372565,0.022627331,0.044584572
962,3563,105.52496,0.5361587,0.20416158,0.397767
962,1306,153.02676,0.5350265,0.3244356,0.6307319
962,981,6.4742775,0.5445295,0.014074981,0.028635338
963,961,20.988482,0.5350591,0.04361057,0.0838167
963,969,82.224106,0.52791816,0.17501643,0.33967447
963,971,17.224936,0.5344576,0.037248697,0.07213818
964,429,37.36168,0.55099547,0.071019635,0.13801031
964,3799,112.71137,0.53991514,0.23719749,0.45970744
964,1614,31.518152,0.54580545,0.06233125,0.12133154
965,6055,14.17276,0.55475354,0.03376472,0.06548013
966,6056,15.86948,0.5592338,0.03459775,0.06767771
966,976,22.213104,0.55877376,0.04660583,0.0889323
967,5297,6.7630615,0.5582289,0.014300495,0.029166117
967,6056,9.7332535,0.5574686,0.02128902,0.04244645
968,4696,12.514801,0.56197673,0.025953941,0.050734624
968,4773,89.33879,0.5471368,0.17214654,0.33645752
968,956,40.48419,0.5559965,0.08129841,0.15960047
969,963,81.98193,0.5250216,0.1763159,0.34224752
969,1260,8.581768,0.51418126,0.019079968,0.037451357
970,2465,19.935318,0.5089187,0.046877455,0.08989745
971,942,40.30932,0.54070055,0.083896704,0.16405302
971,972,45.000603,0.53382504,0.08659909,0.16936722
971,963,17.257421,0.5341573,0.037268385,0.07215115
971,961,11.259836,0.535447,0.022830494,0.044876605
972,427,16.354263,0.53313565,0.034221202,0.066240944
972,973,43.1822,0.5393878,0.08388666,0.16059294
972,971,45.405327,0.5343833,0.08889954,0.17299975
973,942,45.75095,0.5437067,0.08841491,0.17301013
973,941,17.073706,0.5404212,0.035277363,0.068338245
973,974,59.145798,0.5489474,0.11454061,0.2244651
974,973,59.14313,0.5490058,0.11365903,0.22313058
974,5050,35.19712,0.55306673,0.06947532,0.13428159
974,6055,17.885042,0.55235136,0.037049033,0.07169423
974,976,75.31062,0.5379828,0.067252666,0.12389593
975,262,14.433214,0.5522037,0.033482898,0.064848386
975,6055,31.894508,0.55333,0.06347605,0.12307228
975,4694,114.332825,0.55213976,0.21834305,0.4261213
976,922,59.198906,0.55238754,0.12618268,0.24585621
976,966,22.09946,0.55419743,0.04626258,0.08909083
976,974,74.63182,0.5438163,0.06693348,0.12427908
977,978,69.49652,0.5738557,0.13247356,0.26191223
977,4696,48.299263,0.5683082,0.09801317,0.19135252
978,977,68.86871,0.56781936,0.13368917,0.26284558
979,3531,0.09378052,0.0,0.0021241307,0.003899157
979,4866,2.8251305,0.5623127,0.005949594,0.012453079
980,6044,0.44789505,0.034464538,0.0032113716,0.006241128
980,4866,9.152023,0.5689013,0.013254635,0.026984438
981,3801,112.42471,0.5373071,0.21802479,0.4252686
981,962,6.610832,0.54516745,0.014471933,0.029416233
981,925,97.177795,0.5446191,0.20546174,0.39999986
982,66,68.90056,0.60409844,0.17364268,0.33993882
983,982,27.989336,0.602566,0.051760092,0.100549884
983,1643,10.173271,0.60102344,0.023537286,0.046550483
984,4832,41.443363,0.6121855,0.04605185,0.089297906
985,7020,2.0484047,0.61529076,0.003512159,0.007947534
985,984,3.8389015,0.61510634,0.009174399,0.018815994
986,7020,2.537384,0.60845995,0.0045399815,0.009831175
986,1860,5.662758,0.61298615,0.004132688,0.009893
987,1329,89.35697,0.60625964,0.16684556,0.32964742
987,1864,31.170456,0.61545724,0.07595576,0.14980122
988,989,2.1195107,0.59138155,0.005835779,0.012153104
988,6334,76.24053,0.5875299,0.19271706,0.3775481
989,990,1.7079697,0.5929857,0.004212454,0.009000957
990,991,1.1411133,0.5887531,0.0037662387,0.007942915
990,72,31.190556,0.5953457,0.07623235,0.14661877
991,2980,2.2658806,0.59435445,0.005959131,0.012436271
992,988,3.942936,0.5961615,0.009658389,0.01986529
993,72,1.6115417,0.59588367,0.004104726,0.0089178085
993,991,31.097698,0.59656113,0.076968715,0.14940427
993,6858,1.9044914,0.5998737,0.0030599684,0.006684959
994,247,48.578747,0.60925436,0.11585468,0.2247433
995,4301,68.93154,0.60925305,0.10160384,0.19700474
995,51,38.990185,0.6108573,0.09402571,0.18212283
996,51,1.51474,0.611692,0.0046385378,0.01012665
996,994,38.8581,0.61091894,0.09591195,0.18542586
997,3235,1.6170197,0.61206836,0.0021686777,0.005303845
997,998,75.70737,0.61820215,0.1426298,0.28304157
998,997,75.90039,0.61920905,0.14099506,0.28022194
998,4968,39.790596,0.61434275,0.07710642,0.15000856
998,187,20.108187,0.61118674,0.041270543,0.079961434
999,2988,72.68708,0.55689263,0.15295407,0.2964751
999,413,62.34318,0.55991364,0.067904554,0.12735642
1000,6387,1.6024551,0.5659099,0.003161475,0.0070901513
1000,6388,6.1992264,0.5693444,0.013432644,0.026976883
1001,6390,2.7940483,0.565017,0.0027357414,0.006360218
1001,1000,26.437737,0.5707828,0.05826728,0.11143004
1002,2988,18.540329,0.5736041,0.043536402,0.08445275
1003,5141,1.4306908,0.58427966,0.0015743747,0.0038590431
1003,2496,13.304239,0.5816194,0.030858051,0.060209066
1004,6464,7.4329185,0.5765173,0.014708072,0.02928552
1004,1028,58.824158,0.57556075,0.11323429,0.22305837
1005,194,47.398254,0.5736696,0.1442394,0.2833824
1006,5467,1.4906006,0.5762458,0.0029486418,0.006371215
1006,1004,24.81763,0.575549,0.050506055,0.09587707
1007,374,143.76373,0.59013844,0.27124634,0.532992
1007,1026,18.673267,0.5806151,0.024792142,0.04909855
1008,1007,55.46009,0.5862217,0.10522234,0.20531115
1008,2900,65.80189,0.57736313,0.12587795,0.24676971
1009,4706,5.494381,0.5746836,0.010554776,0.021561265
1010,1016,45.62495,0.5755739,0.087793596,0.16820696
1010,1011,34.36355,0.5738417,0.067045525,0.130807
1011,1064,43.06477,0.57305586,0.08186416,0.16111599
1011,1012,35.949745,0.56908584,0.06924727,0.13537827
1011,793,38.826855,0.5715933,0.07421166,0.14580421
1011,1010,34.062508,0.5732479,0.06686486,0.12966226
1012,1065,60.38443,0.5630309,0.09039407,0.17289332
1012,1013,19.86535,0.5642545,0.041109312,0.07939813
1012,1011,36.023296,0.5702609,0.06948689,0.13633005
1013,6579,33.254826,0.5642923,0.07003546,0.13537681
1013,1012,20.222958,0.56388485,0.041958112,0.08116463
1014,1064,24.343712,0.570238,0.050048113,0.09530273
1015,6463,1.6339226,0.57861954,0.0020861626,0.0048490763
1015,693,58.240635,0.57955724,0.110688746,0.21740368
1015,5467,66.17234,0.5759766,0.12427424,0.24342626
1016,4706,1.8435745,0.5771557,0.002578564,0.0061986
1016,1067,12.661858,0.57758474,0.02576831,0.05080998
1017,4850,2.0810165,0.58209646,0.002192594,0.0055629015
1017,2474,21.417574,0.58685845,0.050210286,0.097275384
1018,175,0.05891037,0.041039467,0.001322329,0.0031903237
1018,2521,14.898891,0.5858301,0.02891475,0.05667399
1018,1005,30.710533,0.57767683,0.07844256,0.14968473
1019,204,30.697203,0.56515205,0.068343565,0.12919562
1020,1801,31.5801,0.563673,0.06711881,0.13070123
1020,229,75.39183,0.5658585,0.23465568,0.4586733
1021,1068,8.228802,0.56109023,0.017411329,0.035032943
1021,1069,20.588678,0.5634938,0.043451175,0.083550185
1022,1021,45.681717,0.56447,0.09714499,0.18946458
1022,1657,112.989174,0.5546694,0.21510956,0.4220882
1023,5411,2.001381,0.58491856,0.0029103458,0.0063724816
1023,5756,15.862164,0.5820989,0.032512233,0.06325724
1023,1024,68.60806,0.5804307,0.13048278,0.25752437
1024,1996,33.058815,0.57589597,0.065607965,0.12614246
1024,5078,23.852434,0.57618624,0.0488877,0.093551315
1024,1023,68.31274,0.57624114,0.13030162,0.2568029
1025,2580,6.730858,0.59203815,0.016478576,0.033060282
1026,6358,16.93644,0.58599365,0.022935167,0.045552224
1027,2719,44.61649,0.5879796,0.10677275,0.20766565
1028,6762,29.453632,0.5720876,0.06328715,0.12089117
1028,1004,59.269966,0.572048,0.113091655,0.22126482
1029,5160,1.8643417,0.5665057,0.0027082413,0.0060151964
1029,2879,118.81785,0.5659841,0.22689691,0.44584984
1030,2173,16.916224,0.57775414,0.032696657,0.06442159
1030,2175,25.733616,0.5776232,0.060357437,0.114791214
1031,1030,9.435387,0.5774223,0.021984428,0.04349503
1031,1032,181.2253,0.5454435,0.35022023,0.68347645
1032,3885,15.657301,0.55620754,0.033781275,0.06594353
1032,1031,181.50461,0.54754263,0.34876525,0.6811839
1033,422,4.871235,0.52866566,0.010452382,0.02082315
1033,1529,43.308365,0.53590256,0.090537995,0.17528449
1034,2629,94.72609,0.53892934,0.20099068,0.39098608
1035,2620,38.739536,0.5412817,0.082709916,0.16001725
1035,5888,21.94108,0.5452509,0.04826332,0.09279236
1036,3422,1.4685669,0.52077436,0.001884535,0.004220307
1036,1927,49.691467,0.5240901,0.10509309,0.20257121
1037,6208,3.9573898,0.47745186,0.004573025,0.009884119
1037,2302,21.239191,0.4957548,0.04742137,0.09086559
1037,1258,13.232813,0.49030417,0.02813673,0.054772735
1038,1986,1.6260567,0.6139979,0.003909759,0.008242965
1038,1039,143.02032,0.6103828,0.20228148,0.39986017
1039,2488,8.550972,0.6097897,0.010554656,0.021787077
1039,3607,3.4266014,0.60716885,0.0066726357,0.01362139
1040,4969,4.664818,0.6136028,0.008548975,0.017315745
1040,4968,3.1796188,0.61317044,0.0054350644,0.011268064
1040,1054,36.36418,0.61761713,0.07086755,0.138386
1041,408,31.98324,0.6196735,0.07990364,0.15716662
1041,827,22.915268,0.61598474,0.04747473,0.091641776
1042,826,14.714186,0.6204896,0.02987678,0.058360845
1042,1047,10.28022,0.6203977,0.020222738,0.039980277
1042,1051,46.908,0.6244903,0.07168466,0.1370276
1043,1042,49.67779,0.6215093,0.07485396,0.14316097
1043,6385,15.826225,0.62393093,0.033478007,0.06527926
1044,1043,9.651806,0.62357306,0.020347498,0.040643364
1044,1047,35.874966,0.62073755,0.070174076,0.1361241
1045,1049,32.45671,0.62292284,0.06403346,0.1231222
1045,1053,10.47086,0.62192494,0.020489752,0.04040359
1045,412,21.583857,0.62582123,0.044216055,0.08560523
1046,3085,3.580597,0.6275122,0.006274894,0.012801409
1046,824,85.93675,0.6291351,0.1594647,0.31585377
1046,412,25.170881,0.6296741,0.052052487,0.09987779
1047,1042,10.488056,0.61836946,0.020680286,0.040939733
1047,1048,37.108067,0.62202436,0.07234162,0.14120507
1047,1049,37.953568,0.6232068,0.07305085,0.14332816
1047,1044,35.42489,0.62155795,0.070154175,0.13584587
1048,1047,37.397537,0.62254864,0.072239265,0.14213763
1048,824,6.515808,0.6221845,0.012336396,0.024594948
1048,412,85.60925,0.6291709,0.16016708,0.31745663
1049,1051,10.662565,0.6213996,0.021096103,0.04151374
1049,1045,32.268738,0.6249709,0.06419246,0.122873515
1049,1047,37.925343,0.62316597,0.0730236,0.14344253
1050,827,36.70017,0.6182802,0.07106714,0.13876542
1050,3086,41.526688,0.6222239,0.07908537,0.15457416
1050,1052,28.988354,0.6186106,0.05816736,0.11140794
1050,6235,15.602701,0.6184188,0.0316622,0.061938077
1051,1049,10.793415,0.62118745,0.021351472,0.041986674
1051,1052,14.735508,0.6214334,0.029848695,0.05811604
1051,1053,41.274567,0.6240847,0.06430389,0.122367434
1052,826,37.71414,0.62100226,0.07226046,0.14240484
1052,411,57.86455,0.62412834,0.10998858,0.21841642
1052,1050,29.261513,0.6192429,0.057955757,0.11121086
1052,1051,14.753752,0.621615,0.029800665,0.058067366
1053,1045,11.153482,0.6237573,0.022355951,0.043920726
1054,185,2.7233124,0.6192257,0.0044932216,0.009570718
1054,410,5.3395195,0.6200406,0.010014437,0.02001071
1054,1040,36.182037,0.6183259,0.07078056,0.1382256
1055,3588,2.2396889,0.6290163,0.0038621575,0.008577153
1055,387,12.655668,0.6337854,0.026220195,0.05188963
1055,3085,33.629383,0.6317911,0.06666086,0.12849349
1056,2490,9.358524,0.5808027,0.021501176,0.042716086
1056,1057,25.513966,0.58284104,0.051137935,0.09765814
1057,2489,12.222759,0.57646495,0.024715535,0.048194036
1057,279,12.039684,0.5773559,0.02446606,0.048067853
1058,6342,4.60186,0.56736916,0.008136839,0.0171967
1058,5397,4.16346,0.565653,0.006901078,0.01483494
1059,4316,25.86967,0.5143197,0.06332709,0.12009905
1060,1307,105.21089,0.5362162,0.20347717,0.3964573
1060,516,68.91429,0.54319054,0.1335417,0.26205397
1060,1226,37.47356,0.5403617,0.07354972,0.1427392
1060,2623,38.457493,0.5458521,0.074816346,0.14593789
1061,1791,22.1234,0.5274934,0.04622594,0.08852063
1061,1226,64.41405,0.5303748,0.12445803,0.24376643
1061,1223,35.714306,0.5224698,0.06992501,0.13663779
1062,1305,16.74547,0.5228396,0.03644237,0.07094473
1062,1306,26.295574,0.52286077,0.057709284,0.11065916
1062,1223,13.216673,0.5221376,0.027304232,0.053290695
1063,1070,19.649902,0.57034695,0.036549576,0.07121056
1064,1011,43.153282,0.5731618,0.082376406,0.16147879
1064,1065,25.323822,0.5676464,0.051778138,0.09909608
1064,1014,24.388018,0.5727398,0.050045907,0.095802724
1065,1064,25.075468,0.5683133,0.051828645,0.0990458
1065,1063,24.324656,0.56548023,0.044456396,0.0863926
1066,794,4.822304,0.5668126,0.008144125,0.01718545
1066,6633,2.5548859,0.56783,0.005549535,0.011381522
1067,368,2.5370674,0.5767743,0.0063166395,0.01309672
1068,1013,66.38371,0.56586105,0.14525457,0.28221613
1068,1063,35.16325,0.5695321,0.06872174,0.13237292
1069,1068,11.824099,0.5644277,0.023848325,0.04748854
1069,3645,29.647451,0.56286526,0.060659744,0.115682594
1070,1028,24.918552,0.565001,0.0545144,0.10462718
1070,1021,34.854,0.5657665,0.06901961,0.13322458
1070,6464,63.31684,0.567698,0.121307135,0.23792148
1071,2535,27.49469,0.643343,0.055075385,0.1063347
1071,1817,26.722538,0.63871026,0.054654192,0.10551436
1071,358,131.99359,0.6496144,0.24026155,0.47314483
1072,3309,2.4995346,0.5566878,0.005188681,0.011152327
1073,1077,39.20538,0.5607664,0.07546337,0.14861625
1073,1075,45.188797,0.5644734,0.086813465,0.17038062
1073,231,13.966654,0.5596346,0.028713897,0.055849113
1074,2148,19.540003,0.56364155,0.039698623,0.0765175
1074,1075,13.894541,0.5635428,0.02960426,0.057914324
1074,171,27.067684,0.5643676,0.05772685,0.10988599
1074,231,44.59077,0.56329316,0.08530308,0.1671873
1075,2147,19.343208,0.5632435,0.03947586,0.076131456
1075,6453,12.169655,0.56416965,0.025890969,0.051246732
1075,1074,13.901859,0.5631576,0.029560126,0.057830386
1075,1073,45.03737,0.56308913,0.085561015,0.16859943
1076,232,44.860607,0.5514193,0.085661404,0.1667784
1076,231,38.776085,0.5583953,0.07417924,0.14538948
1076,1077,14.501083,0.554491,0.029625952,0.05787211
1076,180,27.88395,0.55274904,0.05676021,0.10821587
1077,235,45.053436,0.54970133,0.08636541,0.16896391
1077,1073,38.956524,0.5599979,0.07501747,0.14714713
1077,202,14.375891,0.55487794,0.029669225,0.057989456
1077,1076,14.457268,0.554334,0.029613972,0.05796226
1078,5512,6.004677,0.5051488,0.017301135,0.03420241
1078,2515,1.2315063,0.5026965,0.004582815,0.0095311105
1079,4740,1.569767,0.6115643,0.001920253,0.0045268685
1079,5866,43.62872,0.6355863,0.080295816,0.15489204
1080,1118,39.688313,0.6159699,0.09533798,0.18454175
1080,3613,24.438316,0.6104422,0.050219536,0.09624864
1081,1373,85.74126,0.60315025,0.16138731,0.3187424
1081,1083,177.6725,0.5944903,0.33447388,0.65764207
1081,7056,148.64204,0.6077557,0.2776966,0.546089
1082,7056,231.76524,0.6044014,0.43021524,0.8444669
1082,6671,63.592712,0.6095347,0.13255888,0.26287016
1082,3633,10.136795,0.60423017,0.021128908,0.041883156
1083,1088,28.946733,0.59349704,0.059261184,0.11331321
1083,5290,72.96847,0.59502393,0.13703746,0.27055007
1083,1081,177.31499,0.59428406,0.33351102,0.6548256
1084,5934,2.0750809,0.59458417,0.003231451,0.0066440552
1084,1552,22.942924,0.5953652,0.04750825,0.091627136
1084,1091,67.51564,0.5944588,0.1402785,0.274468
1085,6311,50.32681,0.59827316,0.103981584,0.20416243
1085,6923,1.6825104,0.59381783,0.0028837547,0.0063626766
1086,5296,22.930904,0.59412986,0.048913337,0.09404796
1086,3584,9.554089,0.59549046,0.019748248,0.03925118
1086,1089,10.279194,0.59437466,0.0214784,0.042620704
1087,5296,1.7908249,0.5920321,0.003044203,0.006751761
1087,5290,2.0525284,0.59772956,0.0041869283,0.009159893
1088,6573,2.7753754,0.5968069,0.004360318,0.0095547885
1088,1083,28.884382,0.59541905,0.058730662,0.112705916
1089,1086,10.021595,0.5938921,0.021139167,0.042081296
1089,5128,78.47479,0.59368914,0.16131246,0.3172419
1090,1545,26.412258,0.5906796,0.055451483,0.106351644
1090,1551,36.04897,0.5911752,0.07286458,0.14299995
1090,1544,77.7381,0.5898312,0.14748871,0.29078063
1091,5934,67.75189,0.5996587,0.14088511,0.27670115
1091,2744,20.663744,0.6009162,0.04383811,0.084438756
1092,6818,1.4110146,0.5871847,0.0031220466,0.0068375915
1092,4349,22.785557,0.5897401,0.049906712,0.09540846
1092,1531,163.92484,0.58227986,0.23816296,0.46847194
1093,1547,10.7232895,0.59138125,0.021211825,0.041838974
1093,1538,35.707626,0.59682345,0.07414425,0.14443907
1094,5184,1.240921,0.5931059,0.002064243,0.0046078116
1094,4680,29.231295,0.595268,0.059827946,0.113892406
1095,773,4.4974136,0.029018939,0.019445792,0.038658902
1095,1453,61.03955,0.5880554,0.13042212,0.25277504
1096,5126,14.5462475,0.5987734,0.030434389,0.059405074
1096,1541,131.26233,0.5912436,0.26992327,0.5294502
1096,1965,24.600883,0.5966409,0.0508084,0.097370446
1097,4140,3.1826897,0.5871572,0.011048436,0.022308454
1098,1283,148.07083,0.57843894,0.27872548,0.54718167
1098,1103,114.2258,0.5844833,0.21313298,0.41793177
1098,1284,43.34313,0.58478254,0.08364275,0.16404353
1099,4291,2.359871,0.5894301,0.007494837,0.0139146745
1100,4129,0.3945923,0.5869838,0.005458623,0.011779651
1100,6194,1.7231178,0.08269313,0.008662745,0.017376974
1101,1103,4.802994,0.5881765,0.009169742,0.018083245
1101,1388,110.70639,0.5856789,0.20743817,0.40842336
1101,7013,37.06846,0.5883747,0.07163616,0.13845518
1102,4126,18.145302,0.002273202,0.07357854,0.15083377
1102,1103,20.043743,0.028643966,0.05738411,0.11755028
1103,1101,4.9563446,0.58652,0.009563394,0.018930167
1103,1098,113.846794,0.5813438,0.21451455,0.42030194
1104,4076,1.9991226,0.63378114,0.0037063807,0.0078314245
1104,6116,26.35966,0.63741916,0.062339693,0.12139121
1105,6424,83.834145,0.63499343,0.17271277,0.34128672
1105,1104,44.121895,0.63504535,0.09040458,0.17849535
1106,5259,1.4281311,0.55832076,0.0024626032,0.005688578
1106,4896,1.8130608,0.56807095,0.0027148873,0.006365925
1107,1446,106.08065,0.56525517,0.19990513,0.3919142
1107,4279,60.8435,0.56224066,0.13028423,0.25470614
1108,844,111.98197,0.5760409,0.21012585,0.41262135
1108,1283,63.7161,0.58159363,0.12235438,0.24033643
1108,1222,74.52078,0.5829422,0.198724,0.39089006
1108,1818,137.1317,0.56937325,0.35994783,0.70717156
1109,568,53.46688,0.5687005,0.10292806,0.2015105
1109,1742,9.997307,0.56602514,0.019933082,0.039334953
1109,1742,7.9745903,0.5663311,0.015588872,0.031013787
1110,554,30.983082,0.56736296,0.06685826,0.129175
1110,6772,126.131096,0.5593441,0.26511765,0.5173511
1110,4885,116.941414,0.56012195,0.22261223,0.4362622
1111,4883,79.224686,0.5587187,0.15161824,0.29791898
1111,4885,62.325756,0.56166697,0.12105804,0.2377258
1111,915,75.50278,0.5601309,0.14490159,0.2849636
1112,684,58.10951,0.64945745,0.10695006,0.2124655
1112,701,26.64267,0.64634603,0.062793754,0.12146076
1113,4965,81.08197,0.6375438,0.15233879,0.30259955
1113,392,72.82901,0.6343312,0.13606289,0.2711222
1113,6708,44.547268,0.63736343,0.085093245,0.16869302
1114,2782,137.92459,0.62549484,0.2579475,0.5084943
1114,3370,101.32866,0.6224614,0.18975389,0.37490147
1115,2249,7.7221375,0.6172815,0.014855251,0.029714942
1115,2249,5.990494,0.6177847,0.011192806,0.022572994
1115,2786,155.39767,0.6159029,0.29063135,0.5722672
1116,4384,1.9110184,0.6105994,0.002049081,0.005228415
1116,1281,108.6385,0.60825914,0.26808408,0.5277161
1117,4775,28.90414,0.61650956,0.058450714,0.11203484
1118,7058,1.8065453,0.6144475,0.004863456,0.010651454
1118,191,3.497383,0.6137892,0.00533925,0.011525899
1119,3110,1.614975,0.58627903,0.0053630173,0.011083782
1119,1120,60.299194,0.5914583,0.12520842,0.2467106
1120,2077,116.55614,0.5906438,0.21760389,0.42911732
1120,2094,19.40249,0.5919982,0.04149213,0.0803847
1120,1119,61.001358,0.59317786,0.12548174,0.24796593
1121,1124,7.5194855,0.5950387,0.01429984,0.028478757
1121,1125,65.42031,0.594731,0.124856934,0.24607284
1121,1122,45.847263,0.59913564,0.09404611,0.18393874
1121,2076,84.7341,0.59381604,0.17462593,0.3428489
1122,1121,45.366165,0.59999436,0.093859635,0.1836445
1122,1125,136.90677,0.5902567,0.2563977,0.504796
1122,1123,6.656967,0.59617347,0.01356931,0.027140573
1123,3162,76.58586,0.59810036,0.14502984,0.2865338
1123,1139,109.62045,0.59717464,0.22510344,0.44139057
1123,1124,48.829514,0.5972823,0.09305468,0.18216497
1123,1122,6.4695663,0.5953715,0.012978807,0.02609998
1124,1121,7.5237885,0.59509265,0.0143513605,0.028612658
1124,2077,100.39934,0.5909255,0.1873332,0.3688509
1124,1123,48.189102,0.59645444,0.09291013,0.18201062
1125,1121,65.48617,0.594549,0.124739796,0.2462089
1125,1122,137.70038,0.5867804,0.2573703,0.5060113
1125,1425,106.07853,0.5873684,0.197151,0.389092
1126,6773,1.6185303,0.55663586,0.0023316965,0.005378768
1126,2256,171.00969,0.5507065,0.32906133,0.64180106
1126,553,6.192215,0.55886954,0.011824101,0.023919567
1127,1128,95.76962,0.56053203,0.18251282,0.35772482
1127,2256,81.96306,0.5622576,0.15684175,0.3075425
1127,3016,81.52754,0.5609392,0.15582576,0.30579332
1128,1132,46.122887,0.56299263,0.088725775,0.17265981
1128,1127,95.35103,0.5589662,0.18187761,0.35615337
1128,2257,51.98262,0.5622014,0.10003655,0.19595376
1129,4746,1.0596848,0.55818343,0.0010329187,0.002761379
1129,2523,1.3089638,0.56142884,0.0043112934,0.009334236
1130,2253,2.1168785,0.55482835,0.0033774525,0.007493958
1130,3206,40.216816,0.55914396,0.08448041,0.16208807
1130,2255,118.918045,0.5557735,0.22637647,0.44185984
1131,1130,46.699947,0.5564139,0.09846052,0.19083609
1131,2255,115.257324,0.5562095,0.21924517,0.4287092
1132,1133,2.3362923,0.5633382,0.0038179532,0.008191749
1132,1128,45.57541,0.5649127,0.08768029,0.17108992
1132,1131,104.20209,0.5551117,0.21889505,0.4245429
1133,1132,2.3727875,0.5625303,0.003880091,0.00849095
1133,3055,27.950432,0.56271327,0.061016627,0.1167849
1133,3054,19.648804,0.5626024,0.041067258,0.07981182
1134,6178,10.8353195,0.56070304,0.025139064,0.049452305
1134,5154,27.638977,0.5598039,0.066026084,0.12805058
1134,2526,83.17821,0.5612334,0.15672272,0.30758446
1135,4874,1.2833748,0.5680316,0.0020990446,0.0048366636
1135,5154,101.10797,0.561357,0.25835404,0.5062253
1136,6904,29.510677,0.5785562,0.06362464,0.12198104
1136,210,42.527203,0.57902765,0.08193068,0.16069584
1137,234,10.165134,0.54180956,0.024301142,0.04791735
1137,179,35.213116,0.5394603,0.0756153,0.14474517
1138,3681,2.4377975,0.6071233,0.00413578,0.00914447
1138,5710,15.099663,0.60998225,0.037884224,0.073644556
1139,1123,109.327515,0.5989894,0.22495681,0.44215238
1139,3681,85.27409,0.6079292,0.17599666,0.346136
1139,1140,74.04111,0.6057152,0.15379286,0.30304524
1140,6760,2.923378,0.6021473,0.0058689862,0.012442991
1140,1139,73.704605,0.6002374,0.1519146,0.29948065
1141,5603,2.3484,0.59427184,0.001053907,0.0033249557
1141,3162,25.187622,0.59800464,0.05502997,0.10533928
1142,84,117.84325,0.58444315,0.24283758,0.47537303
1142,5602,164.28674,0.58173585,0.33930752,0.6635762
1142,3066,22.490417,0.5890069,0.046334725,0.08861184
1143,1459,1.4085274,0.5725459,0.0019918382,0.0048339963
1143,2872,36.264317,0.57664806,0.077204116,0.14881031
1144,1145,22.529776,0.5869882,0.046391055,0.08887585
1144,4535,217.4608,0.57099444,0.4164579,0.81353754
1144,1148,154.1033,0.5758537,0.29001987,0.5686272
1145,774,270.58142,0.5810515,0.51268876,1.0021466
1145,1144,23.099186,0.58827114,0.04729221,0.09038608
1145,2955,225.48624,0.5763139,0.4341576,0.8483659
1146,1147,56.45837,0.5702916,0.11618911,0.22779955
1146,4698,28.867445,0.573276,0.060587537,0.11695433
1146,4697,44.10621,0.5734305,0.083115056,0.16271928
1147,1146,56.022892,0.56967247,0.116310105,0.22827955
1148,3250,42.938675,0.5811637,0.08165769,0.15962304
1148,1144,154.57373,0.5773956,0.29016864,0.56964123
1148,4534,160.94519,0.5755958,0.30423874,0.59717417
1149,4559,1.366108,0.5771836,0.0016437918,0.0040274113
1149,4546,28.84221,0.5782091,0.05851778,0.111433014
1150,3444,14.042696,0.37286377,0.030451342,0.058733776
1151,1150,44.602077,0.33422303,0.09813625,0.18610626
1152,772,4.7754974,0.31540164,0.012756385,0.02400355
1152,1151,2.9076614,0.31357384,0.0062422603,0.011633456
1153,3251,33.8238,0.34015107,0.07590876,0.14307505
1154,4674,69.89924,0.38046038,0.1463863,0.28438208
1154,1949,43.007973,0.40904018,0.08954465,0.17103827
1155,3462,2.134781,0.4152735,0.0066640824,0.013194412
1155,4121,2.745224,0.41372818,0.0104731545,0.020314306
1156,4299,1.7877312,0.58518094,0.007746339,0.015480652
1157,3312,90.70073,0.5822061,0.17706822,0.3480448
1157,2112,68.97232,0.5728798,0.22527254,0.43993407
1158,1159,56.004227,0.58538735,0.10723727,0.2104797
1158,2855,54.8687,0.5892709,0.10540035,0.20707718
1158,2855,58.553375,0.5901757,0.1120928,0.22064319
1158,3467,50.50067,0.5858769,0.09600188,0.18749622
1159,3312,66.233765,0.5880611,0.12608442,0.24828613
1159,1158,55.945786,0.5849179,0.10783583,0.21165419
1159,1160,199.32603,0.5690466,0.38256633,0.748006
1160,5692,74.38341,0.56496185,0.13999906,0.27532303
1160,1159,200.26126,0.5678046,0.382595,0.7475646
1160,6009,123.12721,0.5596516,0.23296365,0.45596182
1161,1374,26.094122,0.5932144,0.0530186,0.10178527
1161,1168,67.35182,0.5980469,0.13865209,0.2729612
1161,3144,80.18741,0.59442353,0.1656631,0.32491016
1162,6779,49.841015,0.5848467,0.16243182,0.3171715
1163,1162,34.09088,0.5894268,0.07342747,0.14192386
1163,2529,10.446522,0.5904455,0.021339893,0.042554095
1164,3944,2.4386978,0.5387115,0.0038970187,0.008254662
1164,1165,48.800457,0.5413757,0.09442213,0.18468954
1164,5952,62.286594,0.53710485,0.19720991,0.38417393
1165,1166,72.14101,0.54374766,0.13866001,0.27181828
1165,1164,49.158524,0.54110676,0.09487694,0.18506229
1165,1175,193.0547,0.5398465,0.37581047,0.73181456
1166,1165,71.37907,0.5411119,0.1387713,0.27194858
1166,4876,39.40714,0.54033434,0.124955885,0.24439484
1167,765,77.16358,0.5920415,0.16104168,0.31630233
1167,3481,10.864208,0.5915741,0.021673769,0.04260546
1168,1169,64.709496,0.596395,0.12359711,0.24387145
1168,5574,125.12542,0.5997388,0.2553732,0.50195706
1168,1161,67.54651,0.60017943,0.13952881,0.27512938
1169,3972,54.16485,0.596722,0.10300573,0.20177226
1169,1168,65.02804,0.5968378,0.12342547,0.24354646
1169,765,68.53075,0.5978693,0.14135906,0.27806747
1169,1374,57.390095,0.5977887,0.118226744,0.23244976
1170,2262,137.9862,0.56951964,0.26150745,0.5132323
1170,2260,71.63028,0.5707886,0.13308713,0.26346177
1170,6531,26.861778,0.570623,0.05166755,0.09847246
1171,2261,147.79004,0.56313205,0.28008428,0.5479045
1171,2383,99.78636,0.56525314,0.18903697,0.3702922
1171,6211,158.84558,0.5491703,0.30273297,0.5904937
1172,2386,44.342834,0.5735322,0.08442195,0.16568509
1172,2876,33.914272,0.57250124,0.07050961,0.13641796
1172,2387,28.357838,0.5738193,0.059827343,0.114222564
1173,1183,46.831398,0.5726351,0.089868866,0.1758612
1173,1179,63.186344,0.57378924,0.13183686,0.25883678
1173,1178,9.187576,0.5701179,0.019307911,0.038329884
1174,1175,117.80588,0.5405731,0.24948534,0.48531306
1174,5941,53.301003,0.5355968,0.11269358,0.2202613
1175,1165,193.00508,0.5386547,0.37532055,0.7304946
1175,1176,12.739988,0.54954034,0.027688004,0.05446227
1175,1174,117.86855,0.5403311,0.24930665,0.48464048
1176,3293,59.610996,0.55157536,0.12564598,0.24584085
1176,1175,12.802605,0.54625356,0.027782358,0.054957286
1177,6924,176.743,0.5413171,0.3409423,0.6632674
1177,2385,136.39752,0.55209595,0.2852101,0.55563515
1177,3293,11.934021,0.5566217,0.025598213,0.050442055
1178,1460,19.411526,0.571052,0.04001993,0.0774697
1178,1173,9.446659,0.5715517,0.019684665,0.039137885
1178,2385,78.810776,0.56431717,0.16302966,0.31896606
1179,2754,220.47336,0.5650297,0.42276844,0.82510966
1179,1183,63.868477,0.5727703,0.12269088,0.24116872
1179,2217,131.05408,0.572402,0.27296385,0.53353673
1179,1173,63.847916,0.57331914,0.13383433,0.26266584
1180,5205,0.6930542,0.42891955,0.0018578544,0.003723532
1180,3909,1.4672737,0.247085,0.0013344213,0.0020459741
1180,5590,4.506119,0.58784556,0.010098413,0.02055645
1181,4645,13.084915,0.5944654,0.0278913,0.055187516
1181,2388,44.790813,0.58396614,0.0933156,0.18095036
1182,5533,118.96179,0.5987841,0.22130242,0.43564785
1182,3480,61.40764,0.60066235,0.12727422,0.25044605
1182,6538,71.59746,0.5994476,0.1511953,0.29753315
1183,2386,66.85818,0.5693203,0.1280143,0.2515838
1183,1173,47.07241,0.57325673,0.09064358,0.17737386
1183,1179,63.48053,0.5719939,0.12135188,0.23819295
1184,6918,2.046589,0.6017869,0.002612032,0.0060207844
1184,6444,5.9831467,0.6063068,0.01206626,0.024282604
1184,453,27.029238,0.6052362,0.058236007,0.11234092
1185,6420,1.7075768,0.59431213,0.0024472103,0.005087048
1185,4709,81.21437,0.5989989,0.15313824,0.3028376
1185,3246,43.51027,0.5981442,0.068682075,0.131514
1186,4960,137.05392,0.5996951,0.19379586,0.3832976
1186,6462,60.075424,0.6032343,0.122959234,0.24181244
1186,634,12.657621,0.6026955,0.026573248,0.052354485
1187,1289,37.930157,0.60805017,0.07726561,0.15157111
1187,799,30.14432,0.6020473,0.059862264,0.11463705
1187,1288,49.941376,0.60553515,0.09403647,0.18461122
1187,6444,47.655064,0.6069173,0.0973049,0.19112597
1188,665,2.9698753,0.67658687,0.0049719587,0.010524884
1188,666,20.48373,0.6731043,0.04617952,0.09075688
1189,840,41.040615,0.60021025,0.08454024,0.16455236
1189,4223,26.037798,0.60872394,0.05739281,0.110883966
1190,3011,31.1002,0.59820616,0.061683457,0.11889137
1190,765,184.1642,0.58964825,0.3479018,0.6825744
1190,5574,70.71321,0.60084254,0.13500813,0.26686707
1191,786,68.29588,0.60772794,0.16547227,0.32412314
1191,2593,29.750633,0.6082296,0.06354882,0.12302896
1192,1337,82.18522,0.65190196,0.15208738,0.3030309
1192,5031,248.8537,0.66155565,0.4497525,0.88502705
1192,1338,40.77746,0.6553726,0.07753454,0.15307406
1193,3352,45.736164,0.63280886,0.087199286,0.17035188
1193,4185,69.599144,0.63343817,0.13062832,0.25884122
1193,6137,187.48795,0.62515205,0.3445556,0.67782915
1194,4514,1.9307594,0.5938821,0.0028170198,0.0063094497
1194,4512,1.7783775,0.5941154,0.0021854937,0.004962668
1195,4382,1.9321289,0.5945904,0.002668023,0.006081417
1195,2438,2.088932,0.59269965,0.0038028583,0.008265853
1195,748,59.71322,0.5989738,0.11364498,0.22401267
1196,4080,2.0936394,0.6007179,0.0023956746,0.0052607507
1196,1636,27.823803,0.6067091,0.0558659,0.11059539
1197,1890,62.18939,0.5315819,0.120717436,0.23630181
1197,1353,29.729824,0.5347718,0.05954315,0.11405702
1197,1348,57.597153,0.5390628,0.11141953,0.21807754
1198,3321,26.646069,0.55769837,0.08120729,0.15618448
1198,3534,24.769703,0.5578192,0.07558626,0.14482166
1199,2357,63.68782,0.53258294,0.12388712,0.24226776
1199,1200,73.60477,0.53603363,0.15557489,0.30301067
1199,2354,3.3105812,0.5378005,0.006900035,0.0144403875
1200,5288,0.79338074,0.35004747,0.0010242537,0.0022168905
1200,1199,72.520424,0.5338197,0.15658852,0.3045482
1200,6543,39.22314,0.5339187,0.077076554,0.14635733
1201,2358,29.03892,0.5257881,0.05895941,0.11252427
1201,2346,64.334946,0.5244242,0.12465094,0.24362364
1201,2357,10.418966,0.5264353,0.021300003,0.042026326
1202,1277,39.726025,0.5176547,0.0780247,0.15166157
1202,1203,29.380753,0.5200755,0.06481244,0.12343454
1202,1204,12.850571,0.5181878,0.027963035,0.05465714
1203,1202,29.75798,0.51981753,0.06517079,0.12398946
1203,1207,42.889526,0.5182621,0.09009145,0.17494592
1203,5005,35.340794,0.5214018,0.075775504,0.14652683
1204,1254,176.5685,0.5037141,0.34920338,0.6777074
1204,1202,12.705267,0.5169206,0.027697064,0.05399181
1204,1207,24.910263,0.51453227,0.055154722,0.105639346
1205,1347,1.2009354,0.55004305,0.0008594468,0.0023514926
1205,6202,72.047516,0.5514458,0.15771613,0.3054757
1206,3563,1.8203735,0.5347705,0.0026869029,0.006015584
1206,6702,98.29354,0.5339513,0.20666082,0.40279105
1207,1203,42.862766,0.5205205,0.090649836,0.17610896
1207,1250,64.425385,0.51196754,0.13865647,0.27010062
1207,1204,24.759754,0.5164457,0.05466054,0.10446543
1208,3609,2.035778,0.42296684,0.0032909662,0.0066462755
1208,2225,32.62752,0.41230226,0.06856291,0.13064335
1208,2341,24.691607,0.42356858,0.053867925,0.10166638
1209,3609,42.69915,0.43240082,0.08578893,0.16501819
1210,1442,27.095894,0.45265776,0.057111975,0.10794587
1210,1211,45.854473,0.46346366,0.09081867,0.17680608
1210,1455,15.458841,0.44949228,0.032726087,0.06318275
1211,1456,43.0306,0.4633891,0.08489789,0.16508016
1211,2323,22.552458,0.47152865,0.048180066,0.09173958
1211,1210,45.75444,0.46358845,0.09087442,0.1769579
1212,1934,5.0643845,0.51098377,0.009704299,0.019372612
1212,1214,26.172035,0.5059838,0.05443684,0.10381249
1212,1932,38.270187,0.5120702,0.07522947,0.14648747
1213,1925,2.1315918,0.51148355,0.004073672,0.008325264
1213,1934,33.381195,0.51055956,0.069752365,0.1306313
1214,1212,26.772762,0.5056772,0.055526845,0.10566391
1214,1230,53.43329,0.49366572,0.10591234,0.2061418
1214,1215,37.6729,0.5035367,0.075264804,0.14642853
1214,1229,47.99958,0.4983807,0.095476605,0.18608129
1215,3664,26.336823,0.50830746,0.055186268,0.10510728
1215,1214,37.27883,0.50362027,0.07523064,0.1462551
1215,1932,26.35267,0.5097949,0.054904222,0.104609974
1215,1216,28.884953,0.504333,0.05935016,0.11466949
1216,1215,29.242569,0.49977347,0.05997038,0.114715904
1216,1278,37.519005,0.4966476,0.07474935,0.14597291
1216,6284,26.828388,0.4900856,0.056297176,0.10760024
1217,2305,25.785902,0.5123471,0.05357917,0.10203107
1217,1279,45.063816,0.50692517,0.08847462,0.17245662
1217,3435,32.343292,0.5091407,0.065117285,0.12421627
1218,3566,1.7500229,0.51310945,0.0026190951,0.005800307
1218,1279,14.361528,0.5119024,0.030067548,0.05838126
1218,6293,10.470772,0.5059627,0.022191092,0.04309845
1219,576,27.681828,0.49987027,0.05512552,0.1065707
1219,1221,23.929005,0.4947478,0.048323754,0.093001395
1219,2204,43.76374,0.5047808,0.08773732,0.17013389
1220,6657,22.667276,0.4893976,0.050360687,0.09615892
1220,537,22.870066,0.4963052,0.05076788,0.09712049
1220,1221,55.196007,0.49373534,0.10970975,0.21321863
1221,1220,54.959194,0.49384636,0.10919181,0.2124382
1221,1839,23.911736,0.50100064,0.05089961,0.097407974
1221,1219,24.048515,0.49600598,0.048250113,0.092719354
1222,1454,23.918333,0.58616424,0.05759051,0.11186668
1222,1108,74.28942,0.5835623,0.19865565,0.39094156
1222,1284,111.225494,0.5786387,0.20957714,0.41122013
1223,1225,21.210533,0.52228576,0.04620129,0.08876677
1223,1305,10.297958,0.52299726,0.022183828,0.043871477
1223,1062,12.965853,0.5217765,0.02668301,0.05208367
1223,1061,35.25548,0.52017826,0.0694059,0.13452914
1224,3701,114.41432,0.5274982,0.22233021,0.43296814
1224,3702,112.021675,0.5301035,0.2382977,0.46146148
1224,1225,43.22039,0.53064954,0.09126195,0.17723411
1225,1223,21.300804,0.5223946,0.046375893,0.089024864
1225,1224,43.508102,0.5326226,0.0902329,0.17530446
1225,1306,24.001972,0.5242483,0.05027684,0.095997766
1225,1791,35.696335,0.526924,0.06902554,0.13485956
1226,1227,37.8811,0.53791475,0.0733688,0.14376318
1226,1061,64.44576,0.5330052,0.124113366,0.2430363
1226,1060,37.530655,0.5413565,0.07295951,0.14158437
1227,1226,38.156876,0.5379818,0.07379023,0.14478824
1227,1791,57.688995,0.5346885,0.11144382,0.21825713
1227,1307,84.58149,0.53568554,0.16391554,0.3200248
1228,1307,53.621616,0.53388035,0.10177074,0.19862476
1228,5253,14.661562,0.53740627,0.032060817,0.06347936
1229,6681,1.5701027,0.4981503,0.002062276,0.004495263
1229,1214,48.29588,0.49736372,0.09588282,0.18638954
1229,3539,26.152544,0.50458133,0.058260795,0.11094646
1230,6682,2.0644913,0.4858074,0.0044955537,0.009306967
1230,1214,53.49918,0.49222445,0.105832905,0.20540392
1231,1316,58.34489,0.37978774,0.123380706,0.23794924
1231,2282,43.25087,0.42038444,0.0964184,0.18559785
1231,2280,35.587166,0.40384728,0.073984265,0.14012128
1231,5895,39.855247,0.408749,0.08913726,0.17115386
1232,1678,42.78549,0.35568696,0.09021228,0.17159456
1232,1679,33.157795,0.3575711,0.07654997,0.1448108
1232,1261,37.517174,0.38616598,0.08516684,0.16267073
1232,1684,112.17557,0.40970245,0.2531278,0.48639727
1233,3696,49.222164,0.31435043,0.10633187,0.20355022
1233,1322,63.74735,0.28291848,0.15127082,0.29566413
1233,2832,2.8118668,0.29957265,0.00727877,0.013416693
1233,2283,23.07204,0.31165007,0.05375491,0.10155871
1234,2300,65.84443,0.28892106,0.14877082,0.28871548
1234,1322,17.992819,0.27478242,0.042801294,0.08117613
1234,1317,16.103447,0.2751137,0.03809148,0.07238155
1235,2333,38.634197,0.37072122,0.08176715,0.15489888
1235,6476,104.47875,0.3941614,0.2412644,0.4631533
1235,1268,16.30348,0.3571602,0.036817644,0.070357956
1236,1237,2.0692863,0.3623982,0.0028358921,0.006114155
1236,5897,50.509846,0.38783813,0.129827,0.25341994
1237,1236,1.9013824,0.3567208,0.0028426796,0.006246716
1237,1316,57.444206,0.3556146,0.11817988,0.22411574
1237,6628,22.288939,0.35173392,0.05633977,0.1078898
1238,5901,18.440245,0.43215698,0.039591298,0.07629013
1238,2006,30.639915,0.42886302,0.06458492,0.122111395
1238,2013,28.132687,0.42504382,0.060697038,0.114253655
1239,5289,1.8988113,0.5941353,0.0035706237,0.0077764094
1239,1538,62.108707,0.59497184,0.1293567,0.2541566
1240,2745,62.25791,0.60071754,0.15773198,0.31106818
1240,1389,87.40839,0.5912107,0.16517472,0.32537693
1240,1539,97.25743,0.5888447,0.18346441,0.3610813
1241,1390,78.359634,0.5987803,0.14793715,0.29194093
1241,1242,32.75867,0.6012455,0.064303815,0.12496286
1241,1550,80.35768,0.59945655,0.15127271,0.29869294
1242,633,202.16653,0.59596145,0.3824412,0.75047547
1242,1241,32.842876,0.6009596,0.06452012,0.12510799
1242,634,121.61667,0.5982153,0.22622657,0.44589412
1243,3785,1.7134438,0.5537379,0.002226159,0.0051113367
1243,86,15.807085,0.56133026,0.03429863,0.06650537
1244,1245,9.021122,0.5478523,0.018663652,0.03657934
1244,101,28.642076,0.54942226,0.0585005,0.112098955
1245,1327,32.358112,0.54916704,0.064131126,0.12408562
1245,1246,12.682274,0.54707205,0.026279561,0.051145703
1246,3409,27.490444,0.5483209,0.048962284,0.09589948
1246,99,9.347965,0.55469793,0.016919963,0.033809826
1247,2994,30.602959,0.55143154,0.06078279,0.11689283
1247,1271,44.761875,0.5510147,0.08648994,0.16945314
1247,1958,12.152618,0.5482428,0.026128322,0.05115971
1247,2724,75.082214,0.55246055,0.1572943,0.30759674
1248,6417,40.165512,0.55776167,0.07888427,0.15337087
1248,3516,1.5529861,0.55653125,0.0020512417,0.0048968494
1249,2995,56.6288,0.4828223,0.11246223,0.21852586
1249,1664,50.15746,0.501472,0.100112185,0.19488248
1249,2587,65.77769,0.4835337,0.13131268,0.25508058
1250,6791,61.2631,0.50704515,0.119892046,0.23399056
1250,1207,64.45297,0.511581,0.13893397,0.2705948
1250,1252,42.082176,0.5159,0.09000335,0.17595702
1251,1842,5.614418,0.52110994,0.012123562,0.024325624
1251,1890,57.102478,0.5228386,0.11191419,0.21870582
1251,1252,3.2904701,0.519838,0.0071309507,0.0144955665
1252,1840,43.380028,0.51167923,0.08438438,0.16388388
1252,1250,41.876904,0.5160247,0.089352205,0.17478028
1252,1251,3.2873268,0.518965,0.007008046,0.014278397
1253,3834,8.418106,0.5277356,0.018371202,0.03682582
1253,5005,1.7166595,0.5237176,0.0035611913,0.007870212
1254,2345,40.119576,0.49898657,0.07996896,0.15514563
1254,580,56.705135,0.4919672,0.11261932,0.21940725
1254,1204,176.68513,0.5052867,0.34934464,0.6778842
1255,3564,2.2408524,0.49626178,0.003796123,0.007627383
1255,2321,32.01915,0.49007478,0.06575346,0.12501714
1255,6657,75.339226,0.48301053,0.16890197,0.3251554
1256,2185,9.435204,0.40675804,0.016512811,0.032648697
1256,1455,75.35629,0.42152444,0.15504798,0.297512
1256,6638,130.58868,0.40343422,0.12590131,0.24713312
1257,1456,63.602516,0.43777233,0.12819572,0.2471583
1257,2376,9.123081,0.4244037,0.015788913,0.031218976
1257,6287,106.72382,0.44541594,0.1012607,0.19752865
1258,6681,56.843243,0.49233538,0.11209013,0.218128
1258,4925,47.641987,0.47956845,0.09446433,0.18375356
1258,2302,26.504839,0.49252093,0.054851934,0.10447088
1258,1037,12.6989765,0.49103153,0.02657181,0.05187498
1259,1260,2.8361015,0.51205426,0.006144993,0.01281248
1259,3562,57.13643,0.5142879,0.11133286,0.21779266
1259,6063,2.7880707,0.5125846,0.005882807,0.012107894
1260,1259,3.1224823,0.5154711,0.0066028237,0.013646781
1260,6442,14.207836,0.51699984,0.031311505,0.06218414
1261,5371,57.587402,0.41785645,0.11819182,0.2272409
1261,1682,29.675575,0.415103,0.06776758,0.12937641
1261,1677,47.427,0.38779745,0.09841583,0.1878299
1261,1232,37.35995,0.3877471,0.08495954,0.16288413
1262,5612,1.9974976,0.41529042,0.0034544766,0.0071954876
1262,2833,17.25056,0.41900617,0.037971158,0.07289468
1262,1682,35.021984,0.4225569,0.07884875,0.15059654
1262,1677,45.83179,0.3954777,0.09424391,0.18079807
1263,1264,2.599205,0.31901062,0.005783692,0.010952413
1263,1672,2.3771172,0.3186754,0.0049615577,0.009479657
1263,6629,31.946209,0.3289014,0.08536005,0.16098489
1264,1263,2.523758,0.3179707,0.005858086,0.011134982
1264,6631,46.235992,0.29887253,0.12642771,0.24729574
1264,1675,2.5454788,0.3174547,0.005626276,0.010800377
1265,1678,23.318941,0.34930497,0.052100096,0.09792011
1265,1677,14.107725,0.36454588,0.030581266,0.058444932
1265,1686,52.949783,0.3427813,0.11329812,0.2187658
1266,1671,62.475655,0.32875818,0.13469721,0.26105583
1266,1315,7.351097,0.3223433,0.016247138,0.030922115
1266,1316,36.860382,0.3425098,0.080728,0.15253878
1267,2333,81.343544,0.3600154,0.17502028,0.33727637
1267,1268,27.24609,0.34421194,0.06401172,0.12094818
1267,1317,97.61003,0.29828644,0.23750415,0.45952356
1267,2300,70.98662,0.31913105,0.15759358,0.30503395
1268,1267,26.79459,0.34379297,0.06305599,0.12001617
1268,1235,16.534103,0.35729015,0.03721374,0.07106099
1268,1315,75.10411,0.33184862,0.16500324,0.31962234
1269,3866,62.358826,0.55933005,0.12047232,0.2367099
1269,173,99.29042,0.5587,0.18906185,0.36999914
1269,3517,33.70391,0.5591502,0.06684528,0.12934487
1270,1955,57.071777,0.5545904,0.10982007,0.21492542
1270,3518,9.795048,0.55920553,0.0200468,0.039725795
1271,2725,101.94922,0.5493276,0.1945708,0.3809377
1271,1247,45.28087,0.55106634,0.087943405,0.17200436
1271,2699,89.192375,0.5410805,0.1726551,0.3374985
1272,6736,4.997261,0.53465647,0.011009738,0.022488236
1272,2366,6.246025,0.5426504,0.015143499,0.030367926
1273,2649,40.088398,0.5848296,0.08265184,0.16211253
1273,2883,82.59157,0.5840956,0.15560123,0.30663782
1273,5320,12.590828,0.5825834,0.027376413,0.053764865
1274,1275,113.936584,0.593101,0.2130878,0.41987276
1274,3066,100.53154,0.58767295,0.19003496,0.37357983
1274,2081,76.49701,0.5932093,0.14489621,0.2856002
1275,1274,114.13821,0.59081966,0.21224448,0.41743815
1275,6741,29.951717,0.5976899,0.06126286,0.117253274
1275,1788,69.08551,0.5966704,0.1308189,0.25776923
1276,1277,56.607162,0.52142465,0.11140159,0.21820095
1276,1253,31.40458,0.5254533,0.06383501,0.12232183
1277,1276,56.977795,0.5239601,0.10986397,0.21494515
1277,1202,39.78164,0.5187279,0.07794307,0.15121576
1277,2356,18.876322,0.5181205,0.03957243,0.07662942
1278,1216,37.118244,0.50325143,0.07462366,0.14515123
1278,3435,12.151497,0.5064302,0.02518905,0.0491143
1278,4164,23.259205,0.50119567,0.049639426,0.095033556
1279,1218,14.499552,0.5109429,0.030389648,0.059034355
1279,1217,45.173843,0.50720507,0.08865601,0.17226623
1279,2305,60.895252,0.511838,0.11884862,0.2319138
1280,3700,1.2926445,0.5252696,0.002454348,0.0053815693
1280,1931,22.451738,0.52116156,0.05099262,0.09782561
1281,3665,11.706406,0.61320955,0.023497209,0.046161786
1281,2785,33.352364,0.6176599,0.07078758,0.13740587
1282,2786,73.65098,0.61694634,0.18182206,0.35647023
1283,1098,148.18948,0.5770725,0.2794012,0.54874444
1283,1284,95.21716,0.5785391,0.17974356,0.35331297
1283,1108,62.926193,0.5810695,0.12217031,0.24014592
1284,1283,95.08772,0.5778502,0.17908126,0.35196733
1284,1222,110.45781,0.5791125,0.2092213,0.41052523
1284,1098,43.38183,0.5842409,0.08375887,0.16394109
1285,4136,1.6128197,0.5860293,0.0020194575,0.0047481805
1285,5969,35.43579,0.59020036,0.08556396,0.16498616
1286,2131,1.0618095,0.5805205,0.0032427087,0.0071829557
1286,5924,3.1501617,0.5854162,0.003997855,0.00888437
1287,2097,1.592598,0.6429361,0.0024266988,0.004770741
1287,2164,31.186558,0.64403254,0.07624412,0.14824128
1288,1599,36.39369,0.6064585,0.07109138,0.13849741
1288,2608,40.94781,0.60533005,0.07814129,0.15345947
1288,1187,49.902733,0.6042659,0.094400756,0.18493797
1289,6867,2.3168144,0.6031255,0.0041114986,0.009098142
1289,1187,37.576588,0.60485303,0.07770342,0.15272243
1289,6765,28.073202,0.599263,0.05627399,0.1077234
1290,2608,49.435184,0.6064395,0.09337633,0.18273734
1290,3013,6.385803,0.6082357,0.01466535,0.0294431
1290,762,18.106903,0.60921377,0.04024057,0.07827521
1291,2608,22.678482,0.6002768,0.045768905,0.088816114
1292,6426,28.72841,0.6456818,0.061661236,0.1221751
1293,2615,5.326824,0.61160654,0.012523256,0.025274187
1293,2613,2.3780212,0.61380976,0.005386248,0.01123482
1294,344,2.845024,0.6110433,0.0044786856,0.009628162
1294,349,164.6278,0.61029285,0.3069364,0.60412174
1294,2087,129.35385,0.60950273,0.24090052,0.47332817
1295,343,62.408913,0.61579394,0.11765325,0.2329779
1295,3161,61.030586,0.61504257,0.11536327,0.22802937
1295,1296,56.99859,0.6159422,0.107956715,0.21274266
1296,2105,64.41037,0.61658424,0.12045282,0.23821305
1296,1297,29.27782,0.61339533,0.05877775,0.113081135
1296,1295,56.731636,0.6150292,0.10778983,0.21243298
1297,3160,23.941656,0.6148492,0.04912718,0.09480135
1297,5490,94.020996,0.6143915,0.17743105,0.34911925
1297,1296,29.50588,0.6145417,0.05900341,0.11343823
1298,3343,181.49234,0.6112614,0.33643544,0.6616129
1298,1299,90.18837,0.61361027,0.16785207,0.33156568
1298,1605,85.45114,0.61238706,0.15886196,0.31399947
1298,5489,16.934685,0.61261934,0.03455519,0.06754052
1299,1298,90.69255,0.6191765,0.16934542,0.33459717
1299,1300,72.97612,0.61775994,0.14943315,0.2955458
1299,3317,166.99203,0.6174005,0.33766556,0.66344196
1300,1299,72.69392,0.61427516,0.14787215,0.29190156
1300,1605,33.411713,0.61379313,0.0705252,0.13707101
1300,4424,32.373466,0.6138409,0.06514559,0.124158345
1301,1607,97.40157,0.60805166,0.25828338,0.50992894
1301,4423,36.479244,0.6152464,0.072168335,0.14028895
1302,2983,2.2899666,0.6162135,0.0035826638,0.0074983984
1302,3343,2.0020294,0.6156212,0.0030610785,0.006594509
1302,2984,36.073593,0.6243424,0.070049554,0.13442513
1303,2844,28.347683,0.61990285,0.05784649,0.111107215
1303,3341,30.8344,0.62227786,0.062119164,0.118858516
1303,1982,8.815624,0.6199064,0.017078921,0.03380929
1304,2464,16.804653,0.51550007,0.035518523,0.06861156
1304,420,22.030666,0.51843673,0.04698623,0.09036581
1305,1223,10.188522,0.5202493,0.022449248,0.044563442
1305,6442,0.8185425,0.32081157,0.0011046678,0.0024745017
1305,1062,16.08486,0.51898664,0.035198536,0.06848047
1305,969,7.410942,0.5159522,0.017161049,0.033682078
1306,1225,23.928606,0.525828,0.049931504,0.095209315
1306,1062,26.525103,0.52279013,0.058282074,0.11179726
1306,962,152.40344,0.53290755,0.32378814,0.6287355
1307,1228,53.28172,0.5313211,0.10361224,0.20196722
1307,1227,84.48758,0.53535265,0.16419509,0.3203008
1307,1060,105.59093,0.5374218,0.20341575,0.3965571
1308,3437,39.07678,0.59866333,0.0731837,0.14173543
1308,1637,44.609528,0.60171777,0.08582252,0.16651523
1309,1310,2.1943283,0.46640503,0.003711149,0.0075493753
1309,6017,26.468044,0.47509786,0.06468536,0.12254275
1310,4322,2.0088654,0.46738717,0.0031101927,0.006471738
1310,1309,2.0164108,0.4662546,0.0032453686,0.0064053386
1310,631,23.447098,0.46461934,0.057540804,0.11029294
1311,4322,110.262085,0.45609796,0.22351202,0.430385
1311,2517,123.8778,0.48580992,0.27206415,0.52543813
1311,2279,24.62626,0.44914046,0.056036443,0.10610869
1312,4952,3.4021797,0.42548925,0.0074221864,0.014290914
1312,1674,59.093708,0.41637945,0.13416602,0.25902247
1313,628,72.24788,0.4298386,0.15015726,0.28831315
1313,2926,38.095963,0.43852848,0.07113521,0.13382626
1314,1668,2.1384773,0.29702622,0.0043367296,0.008215547
1314,1263,39.425617,0.30212265,0.105272256,0.20418876
1315,1268,74.723015,0.33018267,0.16444933,0.31883356
1315,1321,27.666012,0.31160867,0.062713794,0.117686525
1315,1266,7.225975,0.32215965,0.015950277,0.030305967
1316,1237,57.365883,0.35339153,0.118672945,0.22383691
1316,1266,36.92986,0.34156972,0.0810975,0.15264538
1316,1231,58.65555,0.37885186,0.1238803,0.23778115
1317,1320,20.018621,0.25599885,0.046422575,0.08658764
1317,1267,97.77962,0.29614016,0.23663852,0.4575426
1317,1234,16.312546,0.2738799,0.038064472,0.072194494
1318,1319,8.268822,0.29157948,0.019506,0.03642775
1318,2318,48.793007,0.31522605,0.10871628,0.20673083
1318,6631,2.1305504,0.29637128,0.0054246336,0.010209471
1319,2286,2.9770966,0.29389608,0.007722497,0.014252886
1319,1320,63.516937,0.26720542,0.1418291,0.2773543
1320,1317,20.615297,0.28523448,0.047706492,0.08926114
1320,1321,66.34207,0.28182602,0.14896053,0.29054967
1320,1319,65.48511,0.28853863,0.14499119,0.28350806
1320,1322,18.004086,0.27308515,0.04088769,0.0775461
1321,1320,66.43826,0.28166065,0.14917485,0.2912442
1321,1675,68.27781,0.3014996,0.15181318,0.29506186
1321,1315,27.671331,0.31141734,0.063478895,0.11915648
1322,1234,18.287094,0.27463078,0.043213483,0.08184186
1322,1233,63.340027,0.28303832,0.15146385,0.29658142
1322,1320,17.969582,0.27146804,0.040992904,0.07767001
1323,2284,33.801388,0.31593722,0.09194414,0.16914135
1323,6636,22.7134,0.31827995,0.05705956,0.11043738
1324,5594,1.5088196,0.60770816,0.003956221,0.008566156
1325,4425,2.2993393,0.5491887,0.004336059,0.009224474
1326,103,9.157631,0.5495683,0.01959391,0.038555488
1327,1328,30.322765,0.55279404,0.06068343,0.11635388
1327,1245,32.03033,0.5511544,0.06418997,0.123340726
1327,3618,46.919365,0.55388874,0.09001786,0.17517184
1327,5480,8.011539,0.5484223,0.015707918,0.031252533
1328,2239,30.851162,0.55385816,0.06271317,0.1194886
1328,1327,30.424702,0.5535755,0.060713623,0.11609423
1328,3620,29.943089,0.55448973,0.060098756,0.11475828
1329,4917,36.22457,0.60698855,0.06888208,0.13373253
1329,987,90.02858,0.607708,0.16831389,0.33219114
1330,5946,5.195816,0.6194432,0.0079430565,0.016703844
1330,7026,131.33551,0.6222125,0.1893238,0.37510663
1331,1332,39.876854,0.638378,0.07611308,0.15052691
1331,662,114.85248,0.6390525,0.21173783,0.41909713
1331,663,54.37422,0.64046305,0.1024593,0.20334105
1331,664,57.814342,0.63718146,0.1091972,0.21774063
1332,3592,56.232056,0.63876826,0.10537392,0.20988761
1332,661,42.82352,0.63810205,0.08149736,0.16097641
1332,1331,39.636837,0.63679147,0.07620823,0.15067755
1333,1334,133.20218,0.6344596,0.24591124,0.48670673
1333,277,20.476274,0.6287479,0.0422284,0.081398375
1333,664,52.68947,0.63536346,0.09919831,0.19710767
1334,6722,1.8522873,0.6348926,0.0025146902,0.005590409
1334,277,100.937225,0.63311553,0.20837563,0.4096861
1334,1333,133.5356,0.6334506,0.24567074,0.48601454
1335,664,31.168943,0.63649696,0.06291139,0.121282786
1335,3592,7.3149567,0.63555986,0.014139652,0.028267518
1336,3354,33.92801,0.64708483,0.07167674,0.13970476
1336,6721,12.619301,0.6431117,0.026216649,0.05171053
1337,1339,12.899834,0.64463335,0.02555105,0.05004652
1337,1192,82.72266,0.6523669,0.1519382,0.30242127
1337,1338,54.62371,0.65212965,0.101801775,0.20180988
1338,1337,54.675037,0.65010846,0.10168704,0.20130305
1338,1192,40.763447,0.6540974,0.07712577,0.15234253
1338,3491,29.0374,0.651641,0.058897167,0.11325661
1339,1337,13.23674,0.6475975,0.02667617,0.05190921
1339,1336,39.34697,0.65227497,0.07628596,0.15055898
1340,215,8.45591,0.61681026,0.016782962,0.033218443
1340,2730,20.625347,0.6196937,0.042903632,0.084073976
1341,946,135.72888,0.5691485,0.2562901,0.502865
1341,1773,37.682022,0.5829779,0.09514487,0.18447307
1342,944,62.629143,0.56704617,0.1205296,0.23610596
1342,945,14.886713,0.5787733,0.030568209,0.05961618
1343,946,46.452873,0.5711845,0.08909985,0.17451392
1343,4346,12.583672,0.57138866,0.02594234,0.050831273
1344,4346,1.5871696,0.57597417,0.0018129796,0.0043540895
1344,6042,9.652889,0.57618046,0.02571147,0.05064276
1345,1528,23.40763,0.552477,0.051379237,0.098343596
1346,6541,0.91313934,0.5346652,0.0014546365,0.0035346448
1346,1205,97.09874,0.548627,0.1894989,0.37041396
1347,4201,1.2837791,0.5614304,0.0011597723,0.0024693906
1347,6699,29.085537,0.029192805,0.14501137,0.30506942
1348,914,26.627577,0.54335976,0.054359194,0.103690974
1348,1891,105.69212,0.5355886,0.20457834,0.39849538
1348,1197,57.442585,0.5385318,0.11126115,0.21778554
1349,914,30.7798,0.54555637,0.06139964,0.11814271
1349,1352,28.415009,0.54855037,0.05748706,0.109257266
1349,1350,124.12193,0.5409478,0.23827922,0.46525073
1350,912,168.52173,0.5446631,0.32417238,0.6339016
1350,1353,58.598175,0.5408753,0.11419364,0.22369704
1350,1349,124.91189,0.544421,0.23906597,0.4676689
1351,1352,19.965857,0.55202085,0.04177245,0.08063895
1351,3384,27.511536,0.55131614,0.059229027,0.11355409
1352,1349,27.901073,0.54710245,0.056712836,0.107999146
1352,917,15.527643,0.55045146,0.031977024,0.062467888
1352,1351,19.915762,0.54883015,0.041512962,0.08055413
1352,913,64.0383,0.5459603,0.12300899,0.24063575
1353,1350,58.486507,0.541321,0.11296525,0.22115174
1353,1197,29.790077,0.5343539,0.059719723,0.11472284
1353,5288,63.041473,0.5398298,0.12067127,0.23607467
1354,2371,28.03673,0.5207324,0.05755907,0.11012549
1354,1594,107.18483,0.5213136,0.2095422,0.40779984
1354,1515,68.28792,0.522061,0.13369021,0.26152956
1355,2371,53.32395,0.5255469,0.10317335,0.201639
1355,4950,26.15868,0.52544487,0.054319233,0.103815995
1355,1592,21.665611,0.5247411,0.045379557,0.087042
1356,2371,80.07242,0.52309823,0.15895301,0.30984926
1356,1357,54.74726,0.5292184,0.10646108,0.20844764
1357,2353,12.418499,0.5321435,0.026306555,0.051352367
1358,3416,5.1376038,0.5490002,0.008833118,0.017998517
1358,3415,16.246214,0.54792917,0.038887486,0.07570618
1359,3615,1.9215355,0.553534,0.0028707534,0.0063116997
1359,3616,7.9210167,0.55466324,0.016254023,0.03220196
1360,6551,30.257607,0.5583383,0.060113385,0.115969546
1360,6551,30.973616,0.5583299,0.06140206,0.11849193
1361,4044,1.825119,0.5647005,0.0029056147,0.0068306476
1361,4216,47.724503,0.5670033,0.09042693,0.1742495
1362,1363,67.13319,0.60068893,0.12765536,0.25179887
1362,3633,13.901087,0.6026193,0.028173432,0.05508732
1362,6490,89.80584,0.5959614,0.16776717,0.33099392
1363,3470,2.1195145,0.59914494,0.0028367862,0.006496638
1363,1362,67.55111,0.6023919,0.12728179,0.2514238
1363,2742,51.03497,0.60160655,0.12522765,0.24648048
1364,4296,0.8311081,0.43992314,0.0026739314,0.0046257228
1364,6490,12.272963,0.59613514,0.023898318,0.04696469
1365,1780,4.704056,0.61621726,0.009672917,0.019364595
1365,1368,32.66219,0.61832124,0.06913808,0.13495979
1365,3550,62.515686,0.6178985,0.11728743,0.23245694
1366,455,191.22772,0.6067943,0.36077753,0.71116227
1366,1369,25.442144,0.60936874,0.052206494,0.10026896
1366,3550,84.772354,0.61376154,0.1585688,0.31366247
1367,3833,286.0467,0.5675179,0.5415846,1.0583336
1367,3394,189.14624,0.56853545,0.3644234,0.71265155
1367,2799,103.18795,0.58208025,0.19247124,0.37895107
1368,1365,32.814648,0.61976874,0.06920678,0.13491839
1368,3676,6.261097,0.61603165,0.0123616755,0.024837792
1368,852,57.20294,0.61658645,0.10811215,0.21386516
1369,852,77.93014,0.61313033,0.1457589,0.28876537
1369,1366,25.502905,0.6100446,0.052458804,0.10099813
1369,1777,34.76593,0.6102547,0.068507455,0.13350867
1370,4302,19.597292,0.03163171,0.08360735,0.17117406
1371,3798,42.646103,0.54422086,0.08909424,0.1735241
1371,921,5.188259,0.5474437,0.012957998,0.025844783
1372,3675,96.48851,0.63630384,0.1755296,0.34800822
1372,2276,54.83362,0.6319202,0.10318097,0.20405479
1372,266,34.569973,0.6372949,0.06863344,0.13195847
1373,193,57.65582,0.60354424,0.11970498,0.23637566
1373,1081,85.33589,0.6065904,0.15922987,0.3150022
1373,3633,23.777197,0.60463315,0.051311474,0.09851576
1374,3465,36.44104,0.59278876,0.07127059,0.13813059
1374,1161,26.098324,0.59188193,0.05292907,0.1015443
1374,1169,56.91913,0.594354,0.11768382,0.23094803
1374,5410,76.699356,0.5946417,0.15808079,0.31059623
1375,753,14.710613,0.5978518,0.030942522,0.060684733
1375,4230,93.21872,0.6022982,0.19058812,0.37438023
1375,2182,57.21845,0.60203034,0.13916689,0.27424812
1376,3576,175.91438,0.60524714,0.33073986,0.64929837
1376,6366,94.914566,0.6117538,0.23699781,0.46603656
1377,6604,70.26622,0.5490629,0.13612309,0.26458177
1377,6768,57.0623,0.5490306,0.110115044,0.21514872
1378,1379,43.570133,0.54744416,0.08434946,0.16454135
1378,548,77.85368,0.545383,0.15029867,0.29400942
1378,908,72.362404,0.5436721,0.13947856,0.2730167
1378,3934,105.85809,0.54588586,0.20034571,0.39194992
1379,1378,43.540478,0.54759914,0.08439219,0.16458298
1379,1380,72.30825,0.54394877,0.13936189,0.27280712
1379,1499,111.2129,0.5437584,0.21238774,0.41459048
1380,1381,148.4119,0.53490233,0.28732112,0.56010747
1380,1379,72.199554,0.542884,0.13978873,0.27346364
1380,908,38.626293,0.54103684,0.07521276,0.14694656
1381,5566,2.218544,0.53387094,0.0045984164,0.009724796
1381,5568,2.0371933,0.5325608,0.0042253733,0.008973256
1381,1380,147.95386,0.5332435,0.28761527,0.5607839
1381,908,104.84854,0.5358651,0.20212,0.3945394
1382,1577,33.47877,0.5310598,0.06694795,0.13018835
1382,5567,11.533642,0.53108406,0.025555156,0.050303027
1383,1573,32.147022,0.52302086,0.069803864,0.1343387
1383,5567,61.298393,0.53171825,0.12858756,0.25114167
1383,1575,35.163322,0.52267236,0.069647044,0.13541612
1383,1574,103.03731,0.5273152,0.20051707,0.39064008
1384,1502,50.90381,0.52269375,0.099830315,0.19571337
1384,1573,34.839027,0.52089953,0.07531745,0.1460846
1384,1504,112.58753,0.5173698,0.24308565,0.47178364
1385,1504,140.05078,0.51666266,0.27582228,0.53634125
1385,1578,85.101364,0.5234728,0.16546893,0.32236344
1385,1575,56.139767,0.52187806,0.10979723,0.21454844
1386,5618,3.1266365,0.57205164,0.0059588775,0.012078434
1386,4824,2.6185837,0.5808411,0.0046823546,0.009589598
1386,730,51.808315,0.007599652,0.28742227,0.6118885
1387,174,27.551025,0.5682468,0.05536517,0.1060211
1387,204,14.489571,0.56711656,0.031668056,0.06151183
1388,1540,48.798355,0.59183174,0.09258879,0.1816249
1388,1389,144.72234,0.5867462,0.27090392,0.5327435
1388,1101,110.41582,0.58632654,0.20779051,0.4091441
1389,1240,86.59531,0.59125626,0.16502258,0.32518294
1389,2119,60.24627,0.5949717,0.11574547,0.2280444
1389,1388,144.84973,0.58721566,0.27142698,0.5337991
1390,1549,106.94399,0.5956985,0.20022379,0.3944239
1390,1965,88.771484,0.5979391,0.16672038,0.32867017
1390,1241,78.22533,0.5990255,0.14829478,0.2929156
1391,3836,26.140915,0.53971434,0.06300743,0.12087343
1392,1953,1.6802979,0.5607736,0.002536267,0.005773738
1392,173,19.78029,0.56329167,0.04346131,0.084646896
1393,239,15.24843,0.5625348,0.031401753,0.061172947
1393,1394,17.0002,0.56443095,0.035012115,0.068163544
1393,5429,51.347485,0.5651576,0.09778403,0.19198266
1394,1393,17.086803,0.5635008,0.03520951,0.0685882
1394,1953,20.801483,0.563176,0.04295761,0.083061725
1394,1395,94.50256,0.5617856,0.18071252,0.35403675
1394,1396,38.4142,0.56512034,0.0738284,0.14584595
1395,1394,94.939255,0.56391996,0.18022005,0.35336947
1395,5459,17.501677,0.5597318,0.038136285,0.07426976
1396,5428,12.543249,0.5616595,0.025991954,0.050773308
1396,1394,38.239388,0.56508964,0.07373664,0.14550643
1397,5432,21.073101,0.5662811,0.03934505,0.07607355
1398,3758,1.3090553,0.5705668,0.0026154518,0.005672753
1398,6117,25.797115,0.5786998,0.057402916,0.11013499
1399,6114,1.4411049,0.54239583,0.0028485507,0.0062399507
1399,461,52.75067,0.5452056,0.10509255,0.20508611
1400,3759,2.4195213,0.5835178,0.00391192,0.008362755
1400,90,42.237576,0.5878812,0.08810922,0.17006035
1400,837,7.8255844,0.58376986,0.015185796,0.03016314
1401,149,42.140575,0.5821422,0.080653064,0.15856074
1401,650,27.971733,0.5885621,0.06780069,0.13149005
1401,1402,1.9242287,0.5842278,0.002599448,0.0057887435
1402,1401,1.7981262,0.58497965,0.0023625866,0.0054624826
1402,5248,39.405037,0.5855514,0.09495386,0.18380187
1403,482,105.33525,0.5878921,0.1976555,0.38819098
1403,1402,24.422243,0.58786696,0.058626924,0.11380889
1404,3350,37.104687,0.5945895,0.07273885,0.14151801
1404,1405,23.570295,0.5944954,0.055544164,0.107443415
1405,5084,1.3315239,0.58377105,0.0035562515,0.0076075196
1406,4413,0.51371384,0.5881482,0.0021354929,0.0048849136
1406,6461,12.200169,0.59442884,0.024574764,0.048386082
1407,1409,2.21072,0.6333932,0.008040458,0.015889153
1407,1418,31.334785,0.6457064,0.078768075,0.15475008
1408,647,115.18011,0.61307317,0.21237785,0.41736674
1408,5632,29.177689,0.61550957,0.071346626,0.13944758
1409,4421,39.104473,0.6417648,0.09423295,0.18318866
1410,42,2.0513268,0.6224637,0.008160464,0.016348734
1410,1417,39.211197,0.6447557,0.065067746,0.125297
1411,464,2.4876938,0.6449137,0.0039882287,0.0076015145
1411,1412,34.11867,0.64238703,0.08599381,0.16754368
1412,467,52.819992,0.6393036,0.09793458,0.19318676
1412,3088,48.347454,0.6419754,0.11640888,0.2286125
1413,46,1.7681313,0.6427267,0.0032473654,0.0076170415
1413,2903,99.22493,0.64200306,0.23942631,0.4723717
1414,4207,2.3532677,0.6399476,0.0034663603,0.007495135
1414,1415,21.415888,0.6446325,0.052398387,0.10266967
1415,1417,61.360992,0.6486914,0.14658843,0.29175857
1415,1409,31.325447,0.6450065,0.08039484,0.15571965
1416,1407,72.97824,0.65803194,0.19088215,0.37805885
1416,6188,43.40433,0.660264,0.0825558,0.16140665
1417,6145,26.954292,0.64892083,0.06217575,0.12019557
1418,6475,1.0854416,0.6421671,0.0046915784,0.0101704
1419,1418,59.011024,0.65079814,0.14060158,0.27998284
1419,42,38.24392,0.64925176,0.06099986,0.115904115
1420,2234,10.907803,0.04022038,0.054599866,0.11654214
1420,512,57.837917,0.68499744,0.10715728,0.21089101
1421,5164,19.083426,0.6831904,0.04336862,0.08412088
1421,5727,33.47471,0.012868762,0.18249103,0.38572985
1422,6584,3.4846535,0.67103744,0.008507356,0.017541006
1422,3252,2.1209183,0.6772064,0.002922289,0.0066379607
1423,6593,49.32161,0.6731875,0.09756823,0.19353196
1423,6219,31.779446,0.66931653,0.09081705,0.17663327
1424,7016,55.54535,0.49760798,0.14782527,0.28708175
1424,1522,5.556328,0.4906236,0.03876124,0.07643044
1425,2644,88.14929,0.5837647,0.16681594,0.32834178
1425,1125,105.98563,0.58742374,0.19743922,0.38976514
1425,1832,67.9845,0.5885034,0.12608188,0.24940696
1426,2202,34.991573,0.570197,0.06807119,0.13412844
1427,3783,1.498909,0.5604808,0.0029369816,0.0063911825
1428,136,54.67642,0.57710904,0.1138047,0.22377425
1428,5822,15.600458,0.5799848,0.033970933,0.06626929
1429,136,23.76979,0.578442,0.0515658,0.098567404
1429,6091,18.099684,0.58511066,0.039228395,0.07632273
1430,6226,48.483643,0.5784849,0.21932462,0.42795473
1430,642,53.254395,0.5830808,0.10979198,0.21515447
1431,3201,1.8553123,0.58126146,0.0024730042,0.0056423694
1431,7089,54.390366,0.57902586,0.14608389,0.28675586
1432,3198,1.4100952,0.57871985,0.0029335022,0.0064686835
1432,3192,131.08055,0.5769652,0.2765591,0.5398053
1433,3064,131.7377,0.5622018,0.27562758,0.5382935
1433,555,195.67694,0.55753505,0.37739936,0.73690164
1433,1434,63.388397,0.56837505,0.13304184,0.26104385
1434,1435,21.339418,0.5712063,0.04394573,0.0846342
1434,3039,32.606514,0.5732717,0.06852921,0.13403043
1434,1433,63.50059,0.5679566,0.13162635,0.25791463
1435,1434,21.442837,0.56903213,0.04399783,0.08441444
1435,3039,25.848122,0.56985635,0.052521173,0.09975617
1435,3064,213.94307,0.55539554,0.41375437,0.8071952
1436,613,70.138145,0.5777759,0.14264785,0.27857345
1436,2133,66.98234,0.57960165,0.13794711,0.27101213
1436,2132,106.1904,0.576098,0.2006203,0.3940001
1437,2133,26.943327,0.5792668,0.057414327,0.110339746
1437,2133,23.87029,0.5787794,0.05105124,0.09781832
1437,7088,48.22213,0.582559,0.097836904,0.19085404
1438,1846,1.7284203,0.51569873,0.0060676113,0.012197763
1438,5820,16.868435,0.51290005,0.044791937,0.08732668
1439,225,29.84039,0.5784539,0.059497394,0.114817835
1439,226,31.279732,0.57535326,0.06264701,0.120767325
1440,6016,42.508663,0.52269953,0.082744926,0.15794599
1440,2460,102.153625,0.5301654,0.19664523,0.3830616
1441,5203,1.8607826,0.4607103,0.002654761,0.005371973
1441,2322,45.16378,0.46763512,0.08854317,0.17226243
1441,1789,29.251095,0.45830777,0.06638578,0.12561314
1442,1789,45.32559,0.45257992,0.08987648,0.17432646
1442,1210,26.978395,0.45291954,0.057230957,0.1080409
1442,2322,34.504982,0.46496847,0.06979271,0.13341232
1443,4242,7.3485603,0.56026757,0.014422931,0.029007375
1443,5544,104.65599,0.5613186,0.19802907,0.3884408
1443,565,21.588976,0.56187844,0.04062041,0.07827881
1444,619,30.80398,0.5738291,0.06580888,0.12635294
1444,5680,19.543056,0.57375747,0.04220577,0.08231744
1445,1570,45.801914,0.56644213,0.14954866,0.2925868
1445,3062,109.6516,0.5581679,0.21416423,0.41950864
1446,1107,106.43777,0.5692663,0.20113072,0.3936032
1446,846,25.31306,0.5718921,0.05190422,0.09918207
1446,1447,9.334557,0.57314754,0.018436775,0.03667164
1447,5262,142.12149,0.5635521,0.26995036,0.52867174
1447,845,54.43646,0.5730419,0.10477602,0.20518884
1447,1446,9.533073,0.573536,0.018970817,0.03760104
1447,3875,60.912983,0.575066,0.11800303,0.2312156
1448,4753,2.6226196,0.571439,0.0019928217,0.0048522353
1448,1450,17.228382,0.5780801,0.040791538,0.07940433
1449,3833,12.560141,0.57938755,0.029252104,0.057691783
1449,5211,37.91839,0.57915115,0.09911587,0.19314529
1450,1451,4.1765366,0.5787516,0.010884821,0.021883994
1451,1450,3.4465866,0.58414173,0.008943126,0.017956719
1451,5674,11.718792,0.57571477,0.028058007,0.05493576
1452,1818,94.77457,0.5724398,0.2523095,0.49570203
1452,4756,8.019669,0.57913846,0.015351877,0.031071141
1453,5130,54.8652,0.59430873,0.11321555,0.22155292
1453,1095,61.158432,0.5883307,0.12893361,0.24973182
1454,3185,46.1756,0.5913795,0.12182467,0.23837392
1454,1222,23.76921,0.58741105,0.057076357,0.111341596
1454,3877,64.29005,0.57896376,0.12171142,0.23948053
1455,4678,62.791252,0.43731594,0.12834856,0.24789259
1455,1210,15.317476,0.44977218,0.03241009,0.062471613
1455,1256,75.32849,0.42417154,0.15510492,0.2981913
1456,1257,63.07609,0.439626,0.1280094,0.24732915
1456,1211,42.992622,0.46366647,0.0853908,0.16598843
1456,5015,61.71704,0.4651671,0.123206675,0.23966551
1457,3996,2.03648,0.5875196,0.00237941,0.0058640093
1457,5839,1.2951164,0.5784127,0.003958605,0.008547157
1458,2962,0.98340607,0.5771592,0.001642555,0.0042277575
1458,6984,85.70877,0.5787321,0.22253352,0.43587565
1459,1143,1.3550797,0.57344955,0.0017464831,0.0039518923
1459,3453,16.89977,0.5763786,0.03455943,0.06788007
1459,6029,37.01294,0.5776373,0.07996702,0.1539289
1460,1178,19.179174,0.5690815,0.03948622,0.07638798
1460,4537,215.27074,0.56068605,0.41530025,0.8102505
1460,1476,23.522259,0.56828743,0.04928281,0.09480889
1461,3237,1.8496666,0.586973,0.0024405047,0.005896196
1461,2873,102.82898,0.58015436,0.2630004,0.5153227
1461,1463,178.15549,0.57519394,0.33823586,0.6623131
1462,585,252.14365,0.5758844,0.48051804,0.9389324
1462,584,43.776283,0.5870061,0.08351366,0.16352034
1462,1463,115.08475,0.5823543,0.21656342,0.42563203
1463,2873,188.33536,0.57048887,0.35840884,0.701228
1463,1462,115.439445,0.58050585,0.21777585,0.42794788
1463,1461,178.04738,0.5769343,0.33899724,0.6641642
1464,3239,1.817318,0.5842508,0.0022908673,0.0055784136
1464,2811,124.29638,0.5747146,0.31193706,0.61007524
1464,585,310.05432,0.56992483,0.58824116,1.1517487
1465,2951,2.0150452,0.5823765,0.0029311404,0.006409958
1465,5768,101.85403,0.5748951,0.25875542,0.50728106
1466,4257,1.4865189,0.53796726,0.0018545762,0.0044870824
1466,2663,64.09526,0.543008,0.123180136,0.24052575
1466,5315,47.65854,0.5421648,0.10032443,0.1944009
1467,5315,1.4005394,0.54059035,0.0018372834,0.0044570863
1467,4257,48.735317,0.53936344,0.10230264,0.19820389
1468,2462,85.86073,0.5267434,0.16856986,0.3279782
1469,4294,4.010952,0.52866584,0.012489282,0.024410844
1470,4583,195.21533,0.5604168,0.37547964,0.7334079
1470,2796,23.273159,0.5774633,0.05028754,0.09606645
1470,2461,34.620506,0.5788837,0.072546184,0.14099637
1471,2632,3.148182,0.64366966,0.0056332126,0.012032464
1471,1472,125.794365,0.6324315,0.3126709,0.6163523
1472,2164,2.0397758,0.6371756,0.005684465,0.012143329
1472,73,72.232605,0.64327145,0.17988285,0.3563161
1472,2097,32.258644,0.64173657,0.078358546,0.15318882
1473,5223,1.8260384,0.62428224,0.002414167,0.005436927
1473,2846,17.051346,0.6280426,0.038751222,0.075362906
1473,1654,196.28355,0.6274896,0.362506,0.71385837
1474,5416,1.96381,0.6284739,0.0026563331,0.0061835945
1474,3890,32.129433,0.6298228,0.07918138,0.15555422
1475,3233,24.648825,0.5824542,0.050438654,0.09653211
1475,1493,16.914268,0.5833116,0.034619816,0.06735789
1475,3279,108.23185,0.58431554,0.20216602,0.39679152
1476,1460,23.462921,0.57012564,0.04905991,0.094406985
1476,1476,225.31749,0.5541423,0.44147682,0.8590903
1477,4521,2.052452,0.40335196,0.0033579692,0.0067155063
1477,1905,41.264046,0.39603382,0.11026632,0.21391515
1478,4526,80.30161,0.42453602,0.16585745,0.31966224
1479,1480,86.1564,0.51314485,0.16964412,0.32988197
1479,1488,121.62982,0.51034456,0.24026918,0.46642798
1480,1479,85.662254,0.5147567,0.16886497,0.32836127
1480,5442,4.408188,0.5191749,0.008597396,0.017403707
1481,5442,2.4828072,0.51414967,0.006712459,0.013586879
1481,1480,2.8423462,0.5132018,0.0056381,0.011620134
1482,1819,54.43137,0.6759336,0.10155794,0.20103309
1482,6643,10.822397,0.6752619,0.020999156,0.04128763
1483,3258,152.1301,0.38561583,0.34129265,0.6556577
1483,889,52.706207,0.3639735,0.11186956,0.21436265
1483,1796,125.03596,0.39435458,0.26554042,0.5099459
1484,1485,79.85741,0.52420557,0.17483771,0.3389128
1484,1487,93.87663,0.52118164,0.20081162,0.38934904
1484,2710,271.018,0.5264821,0.40156206,0.7803927
1485,6780,0.7139969,0.19072634,0.00070917606,0.0019930303
1485,3243,179.2826,0.5201109,0.3847023,0.74842066
1485,1484,77.97726,0.52055603,0.1727797,0.33431026
1486,1972,195.30382,0.4677754,0.39746103,0.76764554
1486,5353,126.06281,0.43966725,0.26037374,0.5012784
1486,6608,3.311821,0.46143398,0.0063472763,0.013008058
1487,1484,93.567635,0.52072835,0.2006118,0.38885385
1487,2713,46.763298,0.52571034,0.099461764,0.19359913
1487,1488,132.10628,0.5171373,0.25924027,0.50336325
1488,1824,195.61679,0.5064514,0.387303,0.7521593
1488,1479,122.13063,0.51043415,0.23943365,0.46469426
1488,1487,132.32626,0.51903003,0.25880143,0.50314474
1489,4851,1.8494301,0.57082295,0.003531091,0.007536024
1489,6763,2.823124,0.5722879,0.0055352747,0.011541635
1490,3933,2.4112015,0.5568242,0.0035614744,0.0074386448
1490,1847,1.6672554,0.5512252,0.0023212954,0.0052125305
1490,916,27.013737,0.023050338,0.13240904,0.28020963
1491,1824,57.73294,0.5045472,0.11352078,0.22128996
1491,6512,125.93959,0.510153,0.27443925,0.5305477
1491,6781,9.9209175,0.5086141,0.021608695,0.04252051
1492,1493,43.43823,0.5839677,0.08303194,0.1627205
1492,2800,48.38969,0.5829367,0.0929837,0.18201047
1492,3261,71.479294,0.5816167,0.13584033,0.26778212
1493,3233,22.513626,0.5830711,0.046065677,0.08890519
1493,1492,43.402004,0.5845041,0.08257103,0.16226384
1493,1475,17.216322,0.5838078,0.035272844,0.06859512
1494,5351,99.023,0.58143103,0.1862142,0.36602354
1494,3223,51.477997,0.5844003,0.09841394,0.19246854
1494,5356,73.69997,0.58468056,0.13915092,0.27433872
1495,3808,29.833221,0.581701,0.058750246,0.11273169
1495,3601,34.87812,0.5840592,0.067684524,0.13129853
1495,3807,2.2457428,0.585269,0.0033678636,0.0070652664
1496,3017,134.09833,0.5648525,0.2782945,0.5438967
1496,3034,52.024837,0.57197,0.09901091,0.19418003
1496,4933,29.304268,0.5721499,0.06222821,0.120506
1497,4934,2.4315414,0.5728056,0.0042336583,0.009061635
1497,4933,2.3875237,0.5710991,0.004537761,0.009809449
1497,3034,29.399593,0.5731719,0.06242478,0.120616004
1498,3195,5.044979,0.57840693,0.009564005,0.019255862
1498,7006,2.5190773,0.57674587,0.004420072,0.009436831
1498,3040,174.10945,0.56471133,0.35063812,0.686544
1499,3176,253.13054,0.53226,0.5376462,1.049105
1499,5153,107.38011,0.5454452,0.22786096,0.4430446
1499,1588,138.13483,0.5424283,0.2651647,0.5175381
1499,1379,111.49373,0.54308504,0.21301946,0.41621244
1500,2403,37.18174,0.52039486,0.07912699,0.15214294
1500,1572,260.82794,0.5104334,0.51684314,1.0069618
1500,6978,121.83732,0.5152574,0.2621233,0.5078999
1501,6983,1.4819603,0.50705653,0.0025959238,0.005527377
1502,1574,62.35742,0.526352,0.121989995,0.23855262
1502,1384,50.50229,0.51870674,0.09925112,0.1938659
1502,3608,336.25592,0.5112012,0.6559163,1.2814076
1503,1582,4.3499985,0.52860755,0.008038782,0.01636976
1503,904,23.569721,0.5292577,0.04912942,0.093792126
1503,1580,40.040665,0.5322205,0.07746041,0.15068826
1504,1384,111.8869,0.5165329,0.24229902,0.4698559
1504,1385,139.21393,0.5137701,0.27575403,0.53479177
1504,1505,21.142563,0.5117228,0.046974435,0.09029213
1505,5265,1.7112999,0.510175,0.0033266768,0.0074034333
1505,1572,107.17163,0.5131932,0.20857072,0.4049545
1505,1504,20.75086,0.51046777,0.045792945,0.08804585
1506,534,33.442345,0.47611934,0.07404536,0.14290257
1506,2349,74.51088,0.48120585,0.1640842,0.3166058
1506,6839,238.27425,0.4642856,0.4861601,0.9418532
1507,1597,65.768364,0.5299327,0.12729117,0.24897915
1507,1593,22.43218,0.52382153,0.047276657,0.09035256
1507,1590,37.429756,0.5273821,0.07326785,0.14164074
1507,2375,121.233894,0.52062905,0.23668104,0.46007454
1508,6838,2.357071,0.4622896,0.002941683,0.005994186
1508,2374,213.5983,0.48560542,0.42882848,0.83070064
1508,1512,37.18439,0.46347764,0.075453386,0.14363664
1509,2347,31.960293,0.49958432,0.06601724,0.12485883
1509,1510,6.8340225,0.49833554,0.013673894,0.027077317
1510,5155,146.93747,0.475004,0.2955991,0.5709106
1510,1509,5.9385643,0.49804753,0.011567891,0.023211837
1510,6914,2.32518,0.4963008,0.0039272085,0.0082881
1511,579,3.4177628,0.47536442,0.00631132,0.012731776
1511,2238,25.873934,0.47537026,0.05792758,0.11052931
1511,583,29.810535,0.4805059,0.066328526,0.12636761
1512,5266,4.466091,0.46190035,0.008399829,0.01692155
1512,3061,89.48064,0.47049978,0.17938912,0.34609205
1512,1508,37.55825,0.46559328,0.07570022,0.14389174
1513,3197,1.2695236,0.506865,0.004614666,0.009444922
1513,1510,25.80527,0.49835044,0.054408774,0.10351921
1513,1514,42.644363,0.50121015,0.084487475,0.16480687
1514,538,2.145729,0.50259703,0.006176971,0.01257585
1514,2347,2.6990013,0.5043927,0.004362069,0.008771256
1514,1513,43.213665,0.5019705,0.08459167,0.16481975
1515,1354,68.22882,0.51939815,0.13315375,0.2603835
1515,2346,23.824026,0.5175817,0.05007151,0.0958301
1515,4949,47.779778,0.52009124,0.092815295,0.18075678
1515,1516,46.528694,0.51368624,0.091326885,0.17653322
1516,5905,0.89419174,0.5011718,0.0030345619,0.0063292235
1517,2342,126.2344,0.44480664,0.25953302,0.50054157
1518,2343,8.928829,0.46721375,0.01829505,0.036049843
1518,3000,5.624981,0.46008348,0.011262335,0.022314817
1518,1517,6.6541824,0.46668905,0.013207383,0.025792211
1519,6587,1.0042648,0.41136795,0.004978247,0.0046768636
1519,6594,2.1014366,0.6996136,0.0019593239,0.0045764744
1520,5950,1.5960236,0.31549567,0.0034505054,0.0066222847
1520,6927,2.7750092,0.318321,0.0071209893,0.013056487
1520,4157,118.95244,0.2976839,0.26774725,0.51749086
1521,5170,1.3502884,0.6053045,0.0037651882,0.008443281
1521,3571,13.011282,0.6050535,0.026320457,0.051680878
1523,1524,3.6919708,0.5358721,0.012340844,0.02504845
1523,1526,73.24814,0.54185176,0.17558146,0.34187084
1524,1921,11.7366905,0.5407849,0.030830242,0.060541607
1525,1524,73.76752,0.54366964,0.15695924,0.3046196
1525,1526,5.2076454,0.54456985,0.040179398,0.0800442
1526,3106,123.67436,0.55681604,0.9577872,1.8773528
1527,418,40.72592,0.5400716,0.08619195,0.16594136
1527,1529,2.8835335,0.5454248,0.006049499,0.012414321
1528,1527,1.7757378,0.5461879,0.0034928843,0.0075790137
1529,3267,2.4704514,0.548864,0.0050906837,0.0105578005
1530,3219,1.0517578,0.58882546,0.003200248,0.00651747
1530,1533,26.781582,0.58524734,0.053474568,0.10295934
1531,4198,1.7563362,0.5853616,0.0021059588,0.004905805
1531,1092,167.18134,0.582202,0.23680714,0.46632618
1531,2177,29.904284,0.5882862,0.05824709,0.1126938
1532,1533,5.1011963,0.5867423,0.010233484,0.02051866
1532,1531,27.785772,0.5868334,0.05551114,0.10620083
1532,1537,105.61176,0.58638376,0.21771389,0.42601383
1533,5869,40.26587,0.5898104,0.07915977,0.15280432
1534,1535,2.1647072,0.58489573,0.002987042,0.006703168
1534,1536,93.43288,0.58453524,0.17583932,0.34558713
1534,1532,29.396568,0.5847981,0.057441466,0.11015277
1535,1534,2.0536423,0.58807325,0.003162168,0.0071873665
1535,4198,34.44582,0.5791347,0.11019275,0.21275225
1536,1534,92.82759,0.5836779,0.17533234,0.3448077
1536,4680,65.363266,0.59230125,0.12458031,0.2452434
1536,2499,137.98859,0.5822072,0.20063215,0.39627856
1537,1532,105.87558,0.59269285,0.21670452,0.42513978
1537,1094,9.294205,0.59196573,0.019713901,0.03896351
1538,1547,50.922203,0.5934555,0.09651302,0.18854931
1538,2745,236.68987,0.5804635,0.44968662,0.8796473
1538,1239,62.665237,0.59781486,0.13060842,0.25658125
1538,1093,36.035072,0.5958138,0.075571105,0.14660743
1539,1540,37.066284,0.59059787,0.07171214,0.14026868
1539,3229,30.813627,0.5887145,0.061883926,0.11845143
1539,1240,96.13982,0.58777833,0.1812713,0.35679197
1540,1388,48.355957,0.59100085,0.0922151,0.18045498
1540,1539,36.987343,0.5913176,0.07147582,0.13988139
1540,3229,17.73389,0.5896106,0.036458224,0.07086959
1541,2745,46.4966,0.5986029,0.08922391,0.17479216
1541,1096,131.01839,0.59145194,0.26955768,0.5291402
1541,1543,17.208273,0.59585154,0.036504995,0.07072823
1542,1543,34.066376,0.598842,0.07202183,0.1410799
1542,2120,90.97117,0.59453726,0.18813752,0.36924547
1542,2119,131.5929,0.59067655,0.246234,0.48524857
1543,1541,17.443562,0.5968075,0.03665324,0.07118928
1543,1549,28.309366,0.59412783,0.0564309,0.107909516
1543,1542,33.965363,0.5984038,0.07080065,0.13846436
1544,1090,77.86813,0.5898764,0.14766315,0.29122669
1544,1552,13.675718,0.5941909,0.027746566,0.054264843
1544,1546,101.76294,0.58900005,0.19059235,0.3755088
1545,1548,56.7457,0.5929401,0.11503264,0.22673684
1545,1090,26.639929,0.5902027,0.056509454,0.10838524
1545,1546,20.319847,0.58994764,0.041909754,0.08093339
1546,1547,62.366455,0.58933896,0.118765175,0.23351525
1546,1544,101.56535,0.58897644,0.19081876,0.3756809
1546,1545,19.985899,0.5899029,0.040979143,0.07913845
1547,5243,2.1051903,0.59213805,0.0033019632,0.006593317
1547,1093,10.522341,0.5923696,0.020872667,0.041100115
1547,1546,62.101475,0.59163755,0.1189941,0.23403373
1547,1538,50.100513,0.5941298,0.09576446,0.18727358
1548,4348,1.9490395,0.58995026,0.0033202544,0.007419586
1548,1545,56.603138,0.5947162,0.11466129,0.22630695
1549,1543,28.822945,0.59346986,0.05741645,0.11003269
1549,1390,107.03353,0.5952491,0.19983682,0.39326227
1549,1550,99.09439,0.5958622,0.18503986,0.36473364
1550,1241,80.25052,0.59688383,0.15092531,0.29782575
1550,1549,98.88692,0.5938662,0.18459266,0.36340111
1550,6616,34.232697,0.6002147,0.068747625,0.13198006
1551,1090,36.02935,0.59105796,0.072866075,0.14359348
1551,5131,11.360752,0.5942243,0.023475192,0.04635285
1551,1552,82.044266,0.5893516,0.15489182,0.30527812
1552,1544,13.661932,0.5937943,0.027764574,0.05429955
1552,1084,23.067211,0.59476036,0.048179235,0.09320908
1552,1551,82.00391,0.5887778,0.15474355,0.30491167
1553,3690,1.4550133,0.48811877,0.00200136,0.0041814744
1553,2348,234.41026,0.49257696,0.4689528,0.91129243
1553,2402,63.09081,0.48266593,0.17010756,0.32933056
1554,723,18.820906,0.54137766,0.04534889,0.08854953
1554,5172,26.20249,0.5377543,0.055289395,0.10575659
1555,695,122.14326,0.36453727,0.26429433,0.50755525
1555,5255,93.38719,0.391321,0.26627943,0.5126799
1556,251,64.66994,0.42484033,0.17547566,0.33764896
1557,4883,1.8075333,0.563389,0.003039144,0.006868899
1557,4884,15.120625,0.56501913,0.031801865,0.0620495
1558,4788,227.44844,0.65932226,0.18350255,0.3625038
1559,1560,71.53354,0.6469383,0.1317899,0.2618534
1559,1794,65.16835,0.6777358,0.14529262,0.28857267
1559,4738,22.845913,0.6470113,0.05301536,0.10376993
1560,1559,71.31072,0.64407283,0.13259566,0.26347768
1561,746,1.692337,0.59161615,0.005209595,0.011084914
1561,6065,139.29115,0.5880159,0.40311515,0.7932331
1562,383,3.1964264,0.61850166,0.0056217313,0.011553958
1562,823,25.926517,0.6225914,0.052761644,0.10162555
1563,5757,36.60888,0.5902951,0.09010662,0.1751862
1564,6398,41.61608,0.58619654,0.10433022,0.19698477
1565,4088,16.285986,0.59471554,0.03469647,0.06772276
1566,1563,5.281231,0.5939801,0.012571096,0.025262624
1566,1567,17.19175,0.5972235,0.032318413,0.063770264
1567,2986,38.07069,0.59117866,0.080371484,0.15500659
1568,1563,16.324194,0.5885537,0.029785503,0.058201566
1568,1565,31.85376,0.59438443,0.06566815,0.12849487
1569,1564,5.890457,0.5893592,0.01379396,0.027349412
1569,1565,19.504316,0.59222263,0.035491645,0.06907918
1570,5708,22.58392,0.56451267,0.06457485,0.12437367
1570,4060,11.108067,0.5657389,0.02264215,0.04461907
1571,5111,1.5971642,0.537861,0.0022799075,0.0052457154
1571,5976,32.17644,0.5419199,0.06397751,0.12210524
1571,562,24.651552,0.5377758,0.051802877,0.09910044
1572,1500,259.50906,0.5096411,0.5167251,1.006993
1572,2350,100.45562,0.5099906,0.19471727,0.3777281
1572,1505,107.11442,0.512516,0.2085936,0.40545464
1573,1384,34.389862,0.52020013,0.07437128,0.1445749
1573,1383,32.090004,0.522492,0.069888964,0.1351462
1573,1574,73.01136,0.52444583,0.14211723,0.27694228
1574,1383,103.602104,0.52994883,0.20053792,0.391092
1574,1502,62.73519,0.52942526,0.12145342,0.23762438
1574,1573,73.07336,0.5275712,0.14173083,0.276901
1575,1577,77.35015,0.52787936,0.14978276,0.29213443
1575,1385,56.36675,0.5219932,0.10985758,0.21452308
1575,1383,35.27536,0.5236925,0.06992324,0.13634804
1576,1577,23.486248,0.5275336,0.048876468,0.093351126
1576,1578,50.123962,0.52742827,0.09750523,0.19051959
1576,904,39.5931,0.53049666,0.076528355,0.14934391
1577,906,50.977905,0.5320535,0.09884894,0.19335099
1577,1575,77.00654,0.52668107,0.1491539,0.290903
1577,1382,33.42203,0.53039515,0.066354886,0.12780179
1577,1576,23.564993,0.5284691,0.049001947,0.09385965
1578,1385,84.824974,0.521929,0.16491184,0.32074642
1578,1582,26.45418,0.5262049,0.054451503,0.10386586
1578,1576,50.273666,0.5278399,0.09744789,0.19035408
1579,1581,16.775387,0.5280638,0.03501391,0.067934535
1579,1582,31.044666,0.5278311,0.062097296,0.11893892
1579,1595,29.987747,0.52787614,0.060119793,0.1151465
1580,1581,21.897657,0.5297964,0.045909185,0.08783836
1580,1584,13.758368,0.5317207,0.028384104,0.05556041
1580,1503,40.100613,0.53129864,0.077329546,0.15061872
1581,1580,22.09694,0.53072983,0.046290327,0.08866943
1581,1579,16.644867,0.52864224,0.03468414,0.06734856
1581,1598,36.520485,0.5281415,0.071445115,0.13867879
1582,1503,4.519825,0.5288059,0.008400023,0.01704286
1582,1578,26.143114,0.5258713,0.053899534,0.102730624
1582,1579,31.01617,0.5285377,0.062003516,0.1188083
1583,1584,23.43521,0.5331988,0.048809696,0.09325427
1583,905,38.744095,0.5359019,0.07525059,0.14646131
1583,906,44.772793,0.5341765,0.08624347,0.1682808
1583,1585,25.40634,0.5365791,0.052355964,0.09971433
1584,1580,13.899441,0.53239226,0.028687395,0.056162708
1584,1583,23.467659,0.53398937,0.048831027,0.09321927
1584,904,42.555492,0.5332186,0.08176723,0.15959334
1584,546,38.675026,0.5316852,0.0744586,0.14384778
1585,5561,21.506168,0.5367299,0.046175376,0.08846643
1585,5104,34.954758,0.53645337,0.0736815,0.14249632
1585,1583,25.281105,0.5371735,0.05186996,0.09876295
1586,1587,5.3451385,0.54828495,0.010834612,0.022028685
1587,1586,5.2991447,0.55069983,0.009860985,0.020211145
1587,1588,81.92188,0.5473484,0.15790045,0.3088854
1587,6894,61.556095,0.5452501,0.11893669,0.23342176
1588,6894,107.42785,0.54519635,0.2060695,0.40262616
1588,1499,138.04086,0.5442083,0.26464444,0.51680547
1588,1587,81.56912,0.54564005,0.15876435,0.31064874
1589,908,40.760777,0.54225415,0.07886248,0.15422738
1589,547,59.942047,0.5400916,0.11545752,0.22621888
1589,5563,70.694855,0.53877944,0.13641705,0.2668047
1590,1591,20.33214,0.526776,0.042388488,0.08170183
1590,1597,21.6875,0.5274962,0.045458034,0.08709485
1590,545,27.260822,0.52805316,0.055285204,0.10537201
1590,1507,37.434498,0.526048,0.07319459,0.14160506
1591,1590,20.221983,0.5266125,0.042153783,0.08129445
1591,1592,22.24699,0.52466834,0.046595138,0.0891915
1591,1593,28.263279,0.5245769,0.057254788,0.1091114
1591,544,36.006584,0.5291855,0.070501655,0.1363779
1592,1591,22.408266,0.5250143,0.046836164,0.0895527
1592,1594,23.91045,0.5223153,0.04999195,0.09532065
1592,1355,21.825401,0.5259407,0.04563118,0.08747989
1593,1594,18.331898,0.5226178,0.03842486,0.07441685
1593,1591,28.585157,0.52502495,0.057718318,0.11001695
1593,1507,22.637447,0.5232505,0.047623247,0.09098304
1594,1593,18.247013,0.52388483,0.038200088,0.07398218
1594,1354,107.08802,0.5200175,0.20927654,0.40736237
1594,1592,23.894989,0.5235355,0.049998537,0.09547991
1595,1579,30.076366,0.5283947,0.06018161,0.115277596
1595,1597,13.28059,0.52911615,0.027495377,0.053806633
1595,1596,27.805698,0.52948546,0.056027357,0.10702849
1596,2601,1.474289,0.5325031,0.0017729253,0.0040938854
1596,1595,27.75272,0.52849174,0.056563936,0.107964404
1596,1598,20.25295,0.52854013,0.04418336,0.085209735
1597,1507,66.01164,0.5299716,0.12751189,0.24931243
1597,1590,21.695475,0.5288069,0.045346595,0.08679029
1597,1595,13.282734,0.5291714,0.027473807,0.053664684
1598,1581,36.710903,0.53164107,0.07229696,0.14084704
1598,6409,19.67922,0.5283734,0.043463193,0.08419485
1599,2594,37.5437,0.60569733,0.07254094,0.14237392
1599,1288,36.5291,0.6046408,0.07056688,0.13854942
1599,2597,117.25209,0.6045868,0.21746442,0.42802632
1600,3011,1.9923782,0.59886795,0.0026775897,0.0059379786
1600,1601,1.6975594,0.60627824,0.0051056445,0.010168597
1601,3009,5.81324,0.58762145,0.012721479,0.025258392
1601,2192,11.969612,0.047318757,0.02828569,0.057629727
1602,1603,10.792034,0.60845685,0.022382341,0.04434797
1602,2093,79.92622,0.609488,0.16796249,0.32914943
1603,3060,21.53407,0.6127697,0.045570437,0.08791453
1603,1602,10.9561,0.6102382,0.022552893,0.044653744
1603,3161,54.714794,0.61222875,0.10361155,0.2038419
1604,3057,78.53216,0.6122804,0.14763552,0.29244193
1604,3060,167.97287,0.6061085,0.34329715,0.6731257
1604,1606,67.11931,0.6140386,0.13689893,0.27048123
1605,1300,33.23796,0.6164142,0.0704863,0.13696493
1605,3056,27.515396,0.6148797,0.058888298,0.11379196
1605,1298,85.352554,0.61691254,0.15873703,0.31401032
1606,3056,3.378601,0.611103,0.0067761764,0.013829738
1606,3058,109.352165,0.60930926,0.20137921,0.39718512
1606,1604,65.37996,0.613315,0.13466886,0.26620343
1607,3057,45.92284,0.60901904,0.08832717,0.17227376
1607,1301,99.7114,0.60743827,0.2546419,0.50196403
1607,1944,85.8238,0.6087768,0.19199115,0.3775398
1608,5110,1.1373863,0.5420605,0.0021593496,0.005043924
1608,5341,32.28133,0.54724085,0.065767795,0.1248589
1609,5975,24.67158,0.5436318,0.051465698,0.09780648
1609,5977,5.253544,0.54243547,0.010029696,0.020183504
1610,5111,30.532516,0.5388591,0.062104266,0.1194123
1610,5977,25.92069,0.5388308,0.066686764,0.12728932
1611,1612,26.859234,0.55427706,0.06921204,0.13533498
1612,1613,1.9734612,0.56259745,0.0059631616,0.012585506
1612,6158,14.229174,0.034568995,0.05963066,0.12098314
1613,900,0.0,0.038093537,0.004013054,0.007451415
1614,6609,34.624855,0.5474938,0.068533435,0.13223091
1614,943,66.70665,0.54386216,0.12838946,0.25133294
1614,964,31.833252,0.54918617,0.06218023,0.120815694
1615,4625,20.309826,0.024563879,0.09065217,0.18435128
1616,4626,2.331356,0.66414344,0.0037526637,0.008134365
1616,6034,90.18342,0.67001295,0.12601297,0.25013655
1616,6465,139.44452,0.6671587,0.27337933,0.53845745
1617,4634,1.8398132,0.66966015,0.0028375909,0.006231174
1617,4210,14.304338,0.66842836,0.031262156,0.0610739
1618,4608,2.0081177,0.6564852,0.0031880364,0.0067162663
1618,326,3.4214058,0.65921044,0.005594127,0.011848375
1618,4187,6.249073,0.6582465,0.0120003,0.024200529
1619,2123,33.54717,0.65464795,0.06948058,0.13429224
1619,1659,13.852322,0.65232956,0.028521962,0.055915013
1619,5706,15.500814,0.65191185,0.032037377,0.062297523
1620,5707,2.570076,0.6539111,0.0014967397,0.0041767955
1620,5706,15.044334,0.6545601,0.031977374,0.062117875
1621,3802,1.5784531,0.5271556,0.002079457,0.004626006
1621,1892,46.545216,0.5220764,0.0898314,0.17557564
1621,6704,31.355385,0.52470386,0.06745983,0.12817264
1622,1685,4.3136215,0.37601352,0.009118952,0.01780425
1623,1685,50.3786,0.37448475,0.10410517,0.19940199
1623,1624,47.332783,0.35620266,0.101175375,0.19269471
1623,199,1.9597626,0.3790851,0.0043555126,0.00870651
1624,7028,2.4258804,0.32686412,0.005253017,0.010037705
1624,1680,16.877565,0.32837784,0.03726013,0.07140229
1625,2833,18.43738,0.42559424,0.03969851,0.076468244
1625,2308,10.175465,0.43530643,0.021186091,0.0412931
1625,2627,173.1067,0.4671036,0.35029325,0.67726576
1626,361,213.7867,0.5722137,0.4046411,0.7904633
1626,6184,96.586235,0.57929605,0.18177935,0.3565726
1627,3069,0.0,0.5746912,0.0075035095,0.014939427
1627,3218,1.8866997,0.58203775,0.0024611652,0.005727172
1628,6850,0.6934166,0.044937164,0.0075459555,0.014383614
1628,4710,5.337467,0.4193768,0.010797739,0.015950039
1629,6641,17.489803,0.044915557,0.07589693,0.15640277
1630,2444,2.4100342,0.44794485,0.0018516332,0.0029310137
1630,5660,1.9514961,0.67171144,0.002490446,0.004551068
1630,6561,22.074297,0.67951304,0.058820166,0.11361259
1631,1634,2.0372925,0.681065,0.00262101,0.005612552
1631,3117,2.4690552,0.67825264,0.0036138967,0.0077535957
1631,1633,36.026558,0.6707328,0.10378767,0.20126295
1632,3091,1.994339,0.681753,0.0032421872,0.007266
1632,3095,2.182785,0.6792794,0.0040654913,0.0076502413
1632,1631,32.605637,0.67536116,0.0948901,0.18711698
1633,3118,1.8209953,0.67495346,0.0024310425,0.0053090006
1633,2519,64.307175,0.66452324,0.2026951,0.3986727
1634,1631,2.2607727,0.67812866,0.0032421276,0.0068495274
1634,3091,31.952065,0.67494833,0.09619472,0.18916911
1635,2502,74.62878,0.69490457,0.23081574,0.45878887
1636,188,29.663414,0.6107944,0.073143795,0.14191988
1637,1308,44.729206,0.60193264,0.08596559,0.16808331
1637,5861,86.00291,0.6067917,0.21486938,0.42348862
1638,5012,93.7421,0.5957689,0.2348148,0.46079838
1639,6396,6.556633,0.59832066,0.015235975,0.030726567
1639,5338,5.8042374,0.5975341,0.009069517,0.0191942
1640,1638,32.07306,0.5959405,0.05676556,0.111084275
1640,1639,4.0856895,0.60025686,0.009570338,0.01959084
1641,6345,62.992912,0.6086314,0.13235427,0.25964254
1642,1641,5.0479393,0.60290563,0.010505475,0.021581784
1642,182,5.145973,0.60196966,0.012108929,0.024575755
1643,1641,11.307039,0.6021775,0.020864516,0.04137686
1643,1642,7.5651627,0.58871603,0.017935544,0.034423664
1644,3460,4.3896065,0.6141814,0.010739081,0.021971688
1644,2508,6.459606,0.61321026,0.012665033,0.02568467
1645,2901,9.826687,0.612506,0.022558562,0.04466179
1646,5534,12.96715,0.60922706,0.03018837,0.059020214
1647,3476,59.09115,0.5749217,0.12390514,0.24084869
1647,2947,1.8245087,0.578941,0.0033914223,0.0071920604
1648,5735,2.9155235,0.5989836,0.0067134276,0.013721615
1648,2741,17.356361,0.59851843,0.029331747,0.057356894
1649,5076,9.170551,0.5977913,0.021912806,0.043707088
1650,98,34.534115,0.5571265,0.07208905,0.1409468
1650,378,16.364746,0.55492467,0.03477125,0.067465186
1651,2005,93.81253,0.5892756,0.23869893,0.46680307
1652,6972,93.11861,0.6527729,0.17071553,0.3390854
1652,404,53.34393,0.6512157,0.09957746,0.19698872
1652,3274,69.57722,0.6471395,0.12757711,0.25364754
1653,5414,5.283638,0.6307982,0.009726219,0.019504607
1653,3352,5.654747,0.6293772,0.010436572,0.02084446
1653,1654,19.969337,0.6339596,0.040725023,0.07883845
1654,1653,19.8063,0.63139594,0.040621255,0.078471206
1654,30,239.3097,0.6291787,0.4407552,0.8656527
1654,1473,196.54195,0.62442416,0.36162683,0.7111428
1655,1656,79.432655,0.64977086,0.15824687,0.31438246
1655,402,114.23384,0.6428241,0.23064193,0.45441633
1655,403,67.91872,0.646384,0.12552692,0.25008792
1656,2160,8.054989,0.6449961,0.01616855,0.032059252
1656,1655,78.29184,0.64885426,0.15744728,0.31266037
1657,1022,112.812325,0.55471295,0.21564676,0.42287526
1657,1391,30.13956,0.545258,0.074591435,0.14596672
1658,5227,2.5804634,0.6434079,0.004526414,0.009929404
1658,2160,44.961407,0.650572,0.0893335,0.17477548
1658,6970,47.716328,0.649554,0.089780055,0.17676723
1659,3296,29.789013,0.65389943,0.06257998,0.11972588
1659,1619,13.446743,0.65281343,0.027741238,0.054361403
1659,2124,110.946304,0.6556787,0.20210463,0.40023404
1660,4179,15.718441,0.65762496,0.03267092,0.06383204
1660,6039,18.767494,0.6525867,0.039600562,0.07728811
1661,3559,66.66304,0.65443087,0.13194397,0.2626732
1661,4179,21.722559,0.6553587,0.04553913,0.087778136
1661,2156,33.887253,0.6556757,0.066404566,0.12849408
1662,3296,38.164303,0.64892715,0.07943911,0.15551722
1663,2139,413.6192,0.6359181,0.7533337,1.4844556
1663,2231,25.008802,0.6538239,0.051063996,0.09907604
1664,1249,50.108665,0.5014496,0.10007704,0.1948429
1664,6712,62.663296,0.5269409,0.12159439,0.23798366
1664,2834,63.001225,0.50460196,0.12388487,0.24150002
1665,793,2.1604729,0.5687395,0.0032581314,0.0069395006
1665,6351,32.280888,0.5768424,0.07924895,0.15282689
1666,1665,17.06885,0.5707753,0.039253015,0.07623515
1667,6580,1.3913307,0.5680415,0.004102677,0.008539289
1667,1666,4.186451,0.5691982,0.010643095,0.021717414
1668,1686,31.371227,0.31823385,0.070506275,0.13304217
1668,1672,48.621548,0.30770704,0.106774434,0.20452274
1668,1314,1.9179955,0.29674548,0.004416637,0.0083028525
1669,369,8.374981,0.38409874,0.018752567,0.036166087
1669,627,2.358883,0.38128436,0.0051143765,0.010234341
1669,2727,29.749844,0.39511746,0.06102207,0.11356519
1670,1680,25.770918,0.31676966,0.058119368,0.109703265
1670,1668,11.659956,0.30301446,0.025577366,0.048724294
1671,6628,2.1424637,0.34121197,0.0043125153,0.008096531
1671,1266,62.613506,0.3308677,0.13474278,0.2618047
1671,1675,38.556087,0.3319733,0.08557966,0.16100518
1672,1679,38.629765,0.33440632,0.08616433,0.16183972
1672,1263,1.9470673,0.31758088,0.004377924,0.008341968
1672,1678,27.145128,0.33046192,0.06078194,0.11446845
1673,1318,8.448059,0.29526824,0.019899681,0.037273273
1673,2316,46.470894,0.31880853,0.10123803,0.19300035
1674,1685,36.81967,0.39282435,0.07642935,0.14458996
1674,1312,59.776073,0.4128494,0.13368197,0.25794166
1674,2833,31.99448,0.41615292,0.07277548,0.13959058
1675,1321,68.41728,0.30258286,0.15190051,0.29563844
1675,1318,57.138683,0.29676092,0.12885983,0.24931878
1675,1264,2.39579,0.31745732,0.0052278265,0.0098771155
1676,370,26.685055,0.35913545,0.062145,0.117096595
1676,369,10.143036,0.3784158,0.022660986,0.04352811
1676,2316,29.707502,0.3574149,0.064504236,0.12154426
1677,1265,14.088663,0.3649801,0.030580785,0.058463804
1677,1261,47.35531,0.38721257,0.09862778,0.18819356
1677,1262,46.259296,0.39542383,0.09471072,0.18126851
1678,1672,26.994122,0.3306821,0.0602023,0.11325245
1678,1265,23.320147,0.35050908,0.052183945,0.09794702
1678,1232,42.34991,0.35667628,0.09005765,0.17146131
1679,1232,32.95199,0.35844088,0.07643039,0.14485297
1679,1684,121.45013,0.39142424,0.25295588,0.48518306
1679,6629,1.9833183,0.34459466,0.0046486855,0.00910227
1680,1670,25.40846,0.3182756,0.057835773,0.10867549
1680,1624,16.47669,0.32851607,0.036163963,0.06938999
1680,1686,9.901501,0.3291692,0.021680892,0.041361228
1681,7032,7.1734047,0.46619847,0.014823765,0.029551804
1681,5371,114.73266,0.4517042,0.23359483,0.45052588
1681,1684,58.355553,0.45927075,0.11373801,0.22123
1682,5371,66.19716,0.43077558,0.13601045,0.2616668
1682,1262,35.123272,0.42355692,0.078817025,0.15135203
1682,1261,29.735107,0.41496402,0.06784968,0.12980253
1683,1312,2.6701164,0.42864233,0.0060449466,0.012073576
1683,4952,4.1869087,0.43094125,0.0070932508,0.013808519
1684,198,1.7601357,0.43671733,0.0033129677,0.006785497
1684,1232,111.72488,0.40857354,0.25438377,0.48906046
1684,1681,57.1868,0.45885292,0.1130822,0.2198048
1684,1679,120.4409,0.38884068,0.25462162,0.48846447
1685,1622,4.7032776,0.37261143,0.0100491345,0.019348025
1685,1623,49.691597,0.37569004,0.10278317,0.1961447
1685,1674,36.961006,0.39371443,0.07599905,0.14383136
1685,1686,39.52574,0.3543338,0.08460267,0.16002378
1686,1668,31.538246,0.3173157,0.0702739,0.13221812
1686,1680,9.866791,0.32902056,0.021553509,0.041093156
1686,1265,53.203358,0.3426798,0.11287031,0.21780479
1686,1685,39.82181,0.35233998,0.08422365,0.15953174
1687,2895,24.732174,0.5503775,0.05892837,0.1133973
1688,5333,4.6805153,0.5546787,0.009735577,0.0199015
1688,6525,114.7731,0.5886934,0.2350758,0.4615059
1689,3349,4.2739334,0.6379305,0.008194067,0.016612396
1689,2138,75.60544,0.6470984,0.15075254,0.29941785
1689,3348,6.3253784,0.63817173,0.011964038,0.023993745
1690,2940,28.662697,0.38160625,0.106125146,0.17355412
1691,6232,2.4078941,0.64246327,0.004639417,0.009296715
1691,7074,0.0,0.09718311,0.00810352,0.014594555
1692,4459,14.983948,0.5882771,0.03179427,0.06214785
1692,6911,23.429043,0.5831131,0.036049142,0.07044627
1693,3327,2.026577,0.58366835,0.0032437667,0.005954042
1693,1692,18.994053,0.5811649,0.03259691,0.06390762
1694,452,11.974001,0.57626545,0.02445557,0.048239246
1694,1693,31.160557,0.57540935,0.049277924,0.09636854
1695,6404,1.3701859,0.57294893,0.0022907183,0.004854366
1695,1694,30.185057,0.57461286,0.045407258,0.087998524
1696,2578,45.917336,0.6082729,0.14555645,0.2859386
1696,832,11.049065,0.60037726,0.021961808,0.04337807
1697,1868,1.3765297,0.58097166,0.0041052178,0.008546278
1697,127,12.458921,0.5828131,0.026534982,0.051614836
1698,3678,1.3562737,0.5791775,0.0044753253,0.009623274
1698,6743,42.927105,0.5756268,0.10469758,0.20458132
1699,87,1.9431343,0.59303164,0.0036442727,0.007974625
1699,1697,71.075645,0.5862522,0.17999023,0.35310483
1700,1119,1.8706169,0.58694595,0.003428392,0.0077888966
1700,2885,42.2479,0.5947826,0.13511905,0.26538214
1701,83,2.3773575,0.5742073,0.004595332,0.009850979
1701,5823,1.3651161,0.57450646,0.0046039,0.010018125
1702,5825,26.821228,0.57066023,0.06885877,0.13304476
1702,4197,50.744354,0.56855494,0.12856159,0.25018173
1703,1706,17.98742,0.52308536,0.048699528,0.09509615
1703,4937,1.4009209,0.5281808,0.0017351359,0.0043230355
1704,2995,180.557,0.48711774,0.15948689,0.31197047
1704,6712,116.51158,0.5272551,0.25316104,0.4882093
1705,5821,19.77054,0.5135189,0.042175215,0.0816248
1705,1710,77.541664,0.50683373,0.24416131,0.474692
1706,1705,14.750504,0.51790816,0.03909028,0.07594669
1707,6246,26.312489,0.5205339,0.07587381,0.14530928
1707,6245,35.07894,0.52085257,0.07326815,0.14285626
1708,2720,40.631348,0.56590724,0.07922574,0.1551599
1708,6250,10.9466915,0.56802464,0.029057808,0.057313487
1709,2996,4.1656303,0.5359051,0.00812082,0.016791329
1709,2698,121.528305,0.527826,0.26000243,0.50382125
1709,6776,45.576824,0.54383254,0.08936658,0.17235552
1710,2588,56.954052,0.5076347,0.17582077,0.34138042
1711,2680,83.82316,0.555228,0.121770754,0.23886384
1711,4107,18.762142,0.5547167,0.051143274,0.09955562
1711,5828,13.619501,0.55405104,0.02517312,0.049543813
1712,4980,61.826904,0.5417407,0.0655409,0.12438342
1712,1020,154.36719,0.5383188,0.3234621,0.625781
1713,2590,32.15471,0.49655107,0.07239448,0.1362143
1714,3826,1.884018,0.5287355,0.0035301521,0.007427886
1714,1716,4.170677,0.53077507,0.013343483,0.026812032
1715,6020,28.891327,0.5305369,0.08613282,0.16721894
1715,1917,32.831676,0.53197736,0.082953125,0.15760595
1716,1469,1.3668671,0.52730286,0.0034245998,0.0072955787
1716,2272,50.479343,0.5291859,0.1671772,0.32613182
1717,1719,0.8270111,0.525224,0.0030941889,0.006286368
1717,1703,43.639297,0.5259748,0.14026515,0.27405554
1718,2661,90.152466,0.52593964,0.18034473,0.35133386
1718,5237,42.96147,0.52351534,0.13797982,0.27007246
1719,1717,0.940567,0.5281627,0.0032311827,0.0065853596
1719,4001,19.544565,0.53032166,0.054266535,0.10631181
1720,78,1.8814163,0.5231223,0.0027646422,0.005932942
1720,2655,70.31353,0.5250816,0.23229423,0.45157856
1721,3431,1.9181747,0.56148285,0.0028802156,0.0059648305
1721,4918,25.045267,0.021393597,0.1159006,0.2448944
1722,2915,6.8478584,0.58307064,0.013176568,0.026274875
1722,822,63.77207,0.5812087,0.12171509,0.23926619
1722,4196,7.9946823,0.5748334,0.013330542,0.026893198
1723,4184,2.6973152,0.62523264,0.004509695,0.009168029
1723,3643,44.174564,0.63222617,0.08421506,0.16511683
1724,1725,0.69558716,0.53285205,0.0049114972,0.00990665
1724,2687,29.61177,0.53410804,0.07383565,0.14062862
1725,2684,16.86695,0.53884184,0.035074607,0.068342574
1725,6777,41.825356,0.5420297,0.13263518,0.2584344
1726,1724,12.980221,0.5396845,0.033389535,0.06548671
1727,6244,7.483547,0.5350911,0.019408777,0.03857045
1728,1719,26.168852,0.52483594,0.07681727,0.15000586
1728,1729,136.38687,0.5257468,0.26362947,0.51318073
1729,2685,2.2786865,0.5372666,0.005138129,0.011235058
1729,1728,135.92593,0.52791613,0.2646895,0.51499087
1730,3485,4.2986755,0.62324643,0.0080355555,0.015354902
1730,5647,23.243399,0.0108113885,0.05861953,0.12092187
1730,2003,93.486984,0.6285139,0.17161015,0.33922118
1731,5355,89.503365,0.62472403,0.16511914,0.3262565
1731,7035,13.42391,0.08330533,0.042594675,0.083916105
1732,6098,1.8150406,0.6262355,0.0043722168,0.009790793
1733,391,2.4755936,0.6302135,0.004094228,0.00763914
1733,3403,49.968555,0.62706596,0.0949657,0.18457112
1733,6802,17.550907,0.100756824,0.054819778,0.1063766
1734,1735,194.89078,0.65559065,0.3546123,0.698745
1734,1979,106.87186,0.6572782,0.19425637,0.3854496
1734,74,90.61641,0.6514187,0.16491726,0.32864493
1735,2821,92.622025,0.66298395,0.16798747,0.3341249
1735,1734,194.16637,0.6580241,0.35477674,0.699986
1735,6036,144.06424,0.662344,0.27900317,0.5504857
1736,1737,96.19435,0.6662123,0.17600587,0.34891015
1736,1617,76.4368,0.6681813,0.14882635,0.29608256
1737,1736,96.551346,0.6729285,0.17411028,0.34699738
1737,495,93.38464,0.66936564,0.16962898,0.33544675
1737,5497,2.6169128,0.67043465,0.004704438,0.009430736
1738,2444,19.682972,0.4090938,0.04269663,0.06505679
1739,7015,1.0594597,0.48867333,0.002931796,0.006221518
1739,3815,34.4128,0.48841557,0.07023435,0.13574518
1739,6689,13.50828,0.49555457,0.031177558,0.06119491
1740,899,42.069363,0.55147195,0.081843354,0.15842089
1740,6602,77.89466,0.54437995,0.20828015,0.40553576
1741,4353,7.017372,0.55142736,0.0152179375,0.030821964
1741,3768,1.3078079,0.5473443,0.0044130534,0.009417191
1742,1109,10.042961,0.5656116,0.019850776,0.0390542
1742,1109,8.075401,0.56583524,0.0155997425,0.030899197
1742,6942,61.56194,0.57156295,0.11637746,0.22643007
1743,2142,1.6749306,0.6052134,0.0023087636,0.005351424
1743,3346,152.61636,0.5968521,0.28281996,0.5556328
1743,5464,30.52541,0.61498606,0.060204647,0.115368806
1744,3348,212.25298,0.63749266,0.38689736,0.7615119
1744,1745,4.8372993,0.6492118,0.008873999,0.018153861
1745,4943,6.988693,0.64808345,0.013242349,0.026441708
1745,3347,3.3361397,0.6476525,0.005790785,0.012219787
1746,3360,3.1479683,0.66010576,0.005125575,0.010638535
1746,6484,83.09569,0.6703573,0.14971307,0.29836407
1746,2936,189.93042,0.675683,0.36604103,0.7220756
1747,6961,165.83255,0.5381907,0.31995612,0.6229444
1747,6534,8.344971,0.5536427,0.01670742,0.033479333
1748,5770,168.0947,0.57272655,0.31676626,0.61947274
1748,3262,262.74182,0.6330307,0.48411745,0.9495466
1748,1794,308.89807,0.647243,0.5625112,1.1044531
1749,3986,2.5763779,0.6722239,0.0027097166,0.006293595
1749,5324,25.46052,0.6701723,0.052240655,0.101345584
1750,3153,31.287388,0.65889317,0.05035325,0.097890116
1750,3153,31.660183,0.6601249,0.051256575,0.09886341
1751,2125,204.66411,0.65433794,0.4114898,0.8102809
1752,2520,39.38971,0.60122126,0.26093787,0.50738764
1752,1945,21.61946,0.59466714,0.04685772,0.0898714
1753,3104,20.305487,0.57931554,0.0679922,0.1325007
1755,1763,51.806328,0.5734343,0.10692762,0.20616019
1755,1759,10.242493,0.5738063,0.058563948,0.118839316
1756,1763,11.227715,0.5727382,0.05691974,0.11446234
1756,1759,36.742313,0.573357,0.077030994,0.1467901
1757,1753,11.667885,0.5773907,0.053136073,0.106179215
1757,3105,59.94395,0.5830273,0.12666197,0.24631852
1758,3103,35.714695,0.5758132,0.09370796,0.17963351
1758,1754,7.5809326,0.57262796,0.04845471,0.097209334
1759,311,8.304222,0.5701079,0.05058299,0.09961655
1760,2853,27.888939,0.5779295,0.10257377,0.20476511
1761,89,28.45763,0.57569903,0.057443526,0.1096832
1761,473,79.91999,0.5716902,0.1540801,0.3021978
1762,3093,34.71436,0.60152924,0.21665224,0.42491806
1762,6010,60.243706,0.59594214,0.12386903,0.23988888
1763,6605,9.761623,0.5744735,0.022017866,0.04324183
1764,3103,11.977064,0.5776525,0.057789266,0.115849406
1764,1754,54.87275,0.58132124,0.116683595,0.2247818
1765,1817,139.26227,0.6159711,0.25673237,0.5056479
1765,3346,15.598478,0.6001667,0.031666484,0.061686173
1765,2976,91.60208,0.6071569,0.16843389,0.3323872
1766,1823,26.836594,0.40174177,0.05844711,0.11065787
1766,6198,23.859314,0.3958603,0.053561382,0.10113096
1767,6217,55.96763,0.30869383,0.14650533,0.2884223
1768,2522,4.504387,0.6167039,0.010378346,0.020434499
1768,3742,58.346252,0.6179355,0.11914086,0.23400989
1769,948,47.274357,0.5891512,0.113879606,0.22147092
1770,5838,28.235329,0.5892339,0.06770086,0.1317632
1771,1770,6.2118225,0.5804073,0.015639022,0.03133075
1771,5721,1.9487915,0.5838744,0.008084066,0.016106844
1772,1769,1.3499413,0.57867134,0.004268475,0.009188652
1772,6728,2.489708,0.58039886,0.007153347,0.014603749
1773,1775,4.790512,0.58043,0.0118163675,0.023190677
1773,6728,1.5440674,0.5718408,0.004747838,0.009850547
1774,947,22.839375,0.5889088,0.06159624,0.11859968
1775,1344,93.36075,0.57191426,0.31548616,0.61979884
1776,1777,2.6217346,0.6099379,0.0045737103,0.009642705
1777,1776,2.6442032,0.6118419,0.004049711,0.008460879
1777,1369,34.884384,0.61131305,0.06792597,0.13236709
1777,3828,30.671293,0.6117204,0.06095279,0.11701125
1778,1779,1.3012238,0.54845893,0.0015707463,0.0033803433
1778,1358,54.776615,0.5553764,0.14114292,0.2760594
1779,1778,1.4470482,0.55098736,0.0017111897,0.0029936582
1779,6590,1.9967957,0.55255836,0.0023595095,0.0039518625
1779,3544,31.648067,0.02407381,0.16130668,0.33985662
1780,1365,4.462494,0.61747736,0.009024009,0.018029854
1780,2787,20.09764,0.6206613,0.04335339,0.08459663
1781,5013,127.01477,0.46386865,0.2594285,0.5012643
1781,4063,87.43323,0.5036816,0.17512988,0.3382717
1781,690,56.55796,0.484936,0.11226715,0.21796952
1782,1995,1.9944801,0.48474953,0.002564229,0.005628541
1782,1831,43.007275,0.47897282,0.10839269,0.21045975
1783,4524,1.8367577,0.46902034,0.0027678087,0.0055770427
1783,4523,3.0376282,0.47049874,0.0041666254,0.008454874
1784,1785,2.0562592,0.4634357,0.0023267418,0.0048202425
1784,4020,5.4172134,0.46732283,0.010934584,0.021595359
1785,1784,2.0327187,0.46332943,0.002224356,0.0045491755
1785,1783,23.32675,0.46565032,0.05087491,0.09680554
1786,4248,12.973366,0.49119884,0.030807283,0.059996486
1787,5385,2.5800705,0.58835316,0.0051124245,0.010966092
1787,3046,34.7638,0.5880006,0.07402045,0.14422959
1788,3067,70.83948,0.5999903,0.13407433,0.2649532
1788,872,84.940285,0.59998775,0.1587406,0.31311372
1788,1275,69.06615,0.60011506,0.13089103,0.2589711
1789,5204,1.9495659,0.44634175,0.002891548,0.0059775114
1789,1442,45.538162,0.45315284,0.09079768,0.17579003
1789,4678,26.217442,0.44164443,0.0599636,0.11416306
1790,1441,25.218739,0.46730822,0.056680486,0.1074912
1790,1825,12.023945,0.47515386,0.026226223,0.051021487
1791,1061,22.21799,0.5271084,0.046607483,0.08921306
1791,4323,39.968487,0.53302586,0.07683648,0.15124574
1791,1225,35.611385,0.52859634,0.06986099,0.13673271
1791,1227,57.557564,0.53197247,0.11191191,0.2193319
1792,2599,30.340677,0.5547262,0.0660395,0.12721333
1792,4226,70.35119,0.5509709,0.108863965,0.21359116
1793,3455,2.033512,0.5452352,0.0033075511,0.0072901696
1793,4189,100.57948,0.5391785,0.19895461,0.38797683
1794,2125,1.1581726,0.37856436,0.0045143813,0.0050727725
1794,1748,307.04657,0.64942396,0.56350774,1.1071588
1794,1559,64.72151,0.67650664,0.14804903,0.2942557
1795,3414,56.01179,0.56334037,0.09013771,0.17574543
1795,676,80.2575,0.5580779,0.19923265,0.3895759
1796,1483,126.102264,0.39514893,0.2653373,0.5098557
1796,1440,100.9698,0.46469414,0.20382276,0.39248598
1797,1767,5.042671,0.30894548,0.014408976,0.027660087
1797,4777,5.64785,0.14336523,0.011731207,0.023685291
1798,1799,4.0685654,0.3248874,0.009178281,0.017247528
1798,2107,75.43764,0.3381108,0.16394004,0.31854302
1798,3132,42.569027,0.20272094,0.10922943,0.2228617
1799,1798,4.633648,0.3230842,0.0106203705,0.019874498
1799,4777,47.507236,0.2812013,0.11270717,0.22552764
1799,889,58.965576,0.33127734,0.12987705,0.251356
1800,1906,2.3203506,0.43866745,0.0033408403,0.006937951
1800,713,70.13155,0.39385116,0.19236222,0.37157473
1801,1022,1.9737587,0.56230867,0.004353136,0.009377077
1802,3706,2.1329308,0.61320484,0.0029464737,0.0063639283
1802,4204,53.97397,0.6195953,0.13144623,0.25999916
1802,2110,81.414764,0.6156266,0.15171689,0.30037692
1803,1430,24.643867,0.5803259,0.086998284,0.17380759
1803,642,74.844925,0.5786612,0.14175037,0.27874732
1804,3659,0.0,0.56558454,0.00729876,0.014545426
1805,607,0.0,0.5651862,0.006389044,0.012703046
1805,1806,86.170746,0.5750981,0.09798641,0.18812668
1806,592,21.62218,0.5812796,0.044613607,0.086034976
1806,601,60.180992,0.5730715,0.07445555,0.13942182
1807,588,1.7509422,0.58305806,0.0022131577,0.0050044507
1807,1809,46.99454,0.58479875,0.12490183,0.24477957
1808,1810,61.123627,0.58240765,0.12730353,0.25032654
1808,5747,6.651226,0.5836512,0.0140189305,0.02812311
1808,589,2.9250526,0.5823365,0.003817238,0.008321121
1809,639,0.32715225,0.58776885,0.0041917935,0.0086604655
1809,5578,49.4683,0.58150345,0.13072902,0.2566387
1810,643,48.6155,0.58518445,0.10118246,0.19833194
1810,1808,61.285107,0.58334494,0.1276789,0.25125957
1810,638,114.13139,0.5792223,0.21540728,0.423626
1811,601,1.843338,0.580937,0.002711527,0.005783975
1811,6801,32.666836,0.5841334,0.07037642,0.13547201
1812,592,3.8271255,0.58375746,0.0066390038,0.013686642
1812,600,39.806103,0.57885766,0.07292338,0.14264096
1812,593,21.803415,0.5825866,0.044408217,0.08587385
1813,594,33.592678,0.588491,0.14604558,0.28744793
1814,6725,13.690016,0.034038275,0.080364294,0.17096165
1815,4003,4.6749153,0.58629113,0.00856749,0.017111868
1815,608,166.6691,0.5769463,0.3139686,0.61627644
1815,3547,13.254879,0.58738583,0.026468813,0.052151844
1816,608,65.00539,0.5828603,0.12369404,0.24318978
1817,2534,3.9253883,0.6336211,0.0067739636,0.013543367
1817,1765,139.08208,0.61505127,0.25575048,0.50405854
1817,1071,26.928467,0.6378462,0.05425171,0.10483348
1818,1452,95.708145,0.5737146,0.25086555,0.49254727
1818,2803,68.82417,0.5888395,0.18325713,0.35965303
1818,1108,138.1403,0.572481,0.35993418,0.7069353
1819,1482,54.67658,0.67627275,0.10061166,0.19899432
1819,486,18.484018,0.67909795,0.037017833,0.07162828
1820,6302,28.370953,0.506106,0.05944434,0.113904715
1820,4761,10.972935,0.5127919,0.020790808,0.04117565
1821,6210,1.6684151,0.5456923,0.0015605465,0.0038699508
1821,6211,2.8085098,0.5466572,0.005052775,0.01070255
1822,4200,1.5921936,0.5857893,0.0022282675,0.005203396
1822,5107,128.63455,0.5790088,0.2645123,0.51590836
1823,1836,127.6315,0.41556764,0.2671718,0.5134017
1823,4330,20.808008,0.3959465,0.045712855,0.08708947
1823,1766,26.71695,0.40511775,0.05837476,0.1097434
1824,1488,195.08018,0.5048062,0.38715342,0.7516658
1824,1972,105.59994,0.48970532,0.21056595,0.40729603
1824,1491,57.65407,0.50564677,0.11392817,0.22209163
1825,7033,38.468147,0.47742546,0.076873004,0.14682707
1825,1790,11.345219,0.473421,0.02475185,0.048316672
1825,6657,26.843555,0.48269293,0.059341967,0.113337465
1826,4861,3.1020775,0.3617649,0.008788466,0.017248541
1826,4804,25.94868,0.3771667,0.053121068,0.10062755
1827,1834,140.90701,0.4188766,0.2906512,0.55987215
1827,1826,51.933556,0.37923548,0.14044514,0.27301586
1828,5653,1.4138641,0.4284429,0.002156511,0.0042079836
1828,4856,15.475332,0.48105055,0.042983454,0.08387247
1829,703,0.7153435,0.48585898,0.0028827414,0.006523907
1829,4741,41.375427,0.48663908,0.10330909,0.20174417
1830,1831,2.0025253,0.4708896,0.0024526864,0.0053341687
1830,1995,43.08236,0.47652546,0.10871229,0.21157251
1831,1830,2.0355072,0.4733963,0.0026784688,0.005713165
1831,6318,79.532234,0.45926726,0.21260461,0.41030818
1832,2094,4.7387505,0.58973855,0.009533264,0.019531146
1832,2076,65.89747,0.59320396,0.13674061,0.26945975
1832,1425,67.99399,0.5889065,0.12550832,0.24816203
1833,1845,5.0990677,0.31779003,0.013463177,0.025068551
1833,3132,7.897705,0.19123387,0.017617688,0.033935875
1834,4743,22.035429,0.46701315,0.052897975,0.10144386
1834,1827,139.77248,0.41919872,0.29137772,0.5608035
1835,1836,24.624563,0.45560008,0.053833477,0.10273966
1835,1993,15.363005,0.44996718,0.03266547,0.06334474
1836,5509,12.953804,0.4540254,0.027309015,0.052935123
1836,1823,127.68832,0.4162226,0.26759207,0.5143185
1837,2342,72.74941,0.44541705,0.14795758,0.28501883
1837,5203,31.555836,0.4581918,0.06578147,0.12481618
1837,2238,135.29982,0.46204966,0.27558896,0.5314985
1838,7033,2.901577,0.48264492,0.00568223,0.0115348995
1839,3564,50.96888,0.49864182,0.10073085,0.19633901
1839,1221,23.914625,0.50183785,0.05070391,0.096950606
1839,2207,28.825127,0.5073311,0.058995802,0.11243339
1840,6791,18.466005,0.5103636,0.03881103,0.07497944
1840,581,38.496696,0.5078664,0.07605256,0.14783569
1840,1252,43.41708,0.51280403,0.084345706,0.16447796
1841,2925,49.03655,0.53980744,0.12247087,0.23912108
1842,1251,5.6309967,0.5189919,0.012111992,0.024395064
1842,3663,67.14099,0.52238834,0.14441118,0.28121147
1843,703,4.3032303,0.49163324,0.0138473585,0.027699187
1843,717,100.61719,0.48553008,0.2010817,0.3892439
1844,2533,152.55486,0.4361179,0.31364107,0.60464954
1844,4331,10.359848,0.39628163,0.025118671,0.048345476
1845,4803,39.693592,0.32680082,0.10389208,0.2032608
1846,4098,2.14748,0.51091665,0.0034598783,0.0067023784
1846,3119,4.969059,0.5111494,0.013378538,0.026406229
1847,1490,1.4023094,0.5557368,0.0016663224,0.0039491057
1847,3548,54.488926,0.5520688,0.14017428,0.27428722
1848,3544,164.72334,0.54720426,1.3620883,2.692093
1848,4472,38.92679,0.020453155,0.20141825,0.42693457
1849,1857,32.85851,0.4605058,0.06806837,0.13000606
1849,1855,22.97613,0.46272638,0.04951772,0.09416028
1849,1850,68.84754,0.46641487,0.13906637,0.26965594
1850,1849,68.23139,0.46463722,0.13797677,0.26667392
1851,2289,218.4308,0.5018476,0.43297035,0.8417335
1851,5465,3.002102,0.48478702,0.0051555857,0.010546058
1852,3725,1.8033066,0.46366653,0.0024950132,0.004955411
1852,2330,37.68883,0.4656221,0.08371302,0.16171002
1853,1857,1.9216232,0.4479921,0.0026832148,0.005498767
1853,3074,156.62492,0.4265507,0.4658827,0.9071279
1854,2328,48.059536,0.46805495,0.09602977,0.18564361
1855,2197,27.858238,0.45809627,0.058644854,0.11078316
1855,1849,22.862032,0.46068692,0.04894047,0.09309454
1855,523,21.539404,0.46148074,0.04627058,0.08826141
1856,5871,1.3905258,0.48288718,0.0025765002,0.005588129
1856,4702,114.95772,0.46088573,0.25324914,0.4887386
1856,2299,62.413055,0.47164547,0.12312439,0.23950002
1856,6823,54.59571,0.48868382,0.106798045,0.2079689
1857,1853,1.8639526,0.45086443,0.0025568828,0.005300492
1857,2197,18.33648,0.45235008,0.038919456,0.075157404
1857,1849,32.380604,0.45834696,0.06659845,0.12610811
1857,2329,61.33532,0.45392793,0.121111184,0.23553891
1858,14,41.3341,0.43748564,0.092771895,0.17923792
1858,3075,15.382322,0.43025708,0.033930898,0.06513228
1858,2011,105.85196,0.43376237,0.21688175,0.41708222
1859,6327,3.7286072,0.61863005,0.005523555,0.011287674
1859,5948,3.0704727,0.6157138,0.0041475,0.008602545
1859,5947,7.536297,0.61366177,0.01292076,0.025954053
1860,4832,45.570675,0.6139238,0.05046132,0.09696082
1861,6340,2.2620163,0.61216736,0.004995145,0.009881362
1861,1863,99.11121,0.6060564,0.09317677,0.17950583
1862,4246,3.2257957,0.6111062,0.004352778,0.009521529
1862,7026,3.6239243,0.60735875,0.0051268414,0.010921583
1862,996,5.398094,0.61097884,0.012757853,0.025667816
1863,1862,5.950886,0.60756207,0.0055525973,0.012667313
1863,7026,3.3707275,0.6072767,0.005171068,0.0107651055
1864,4245,1.1593895,0.6047468,0.0030215383,0.0065726787
1865,87,60.797436,0.5853095,0.15440929,0.30243716
1866,2084,28.62563,0.61273754,0.07196534,0.14123455
1867,1869,2.174244,0.61823106,0.0039613396,0.008791581
1867,669,30.479698,0.62264425,0.062005296,0.11950149
1868,5321,2.569069,0.5861877,0.0048119426,0.010256261
1868,1698,11.617973,0.5838961,0.027100928,0.05300945
1869,4314,1.212307,0.5981329,0.0020158142,0.0053855777
1869,2080,11.578714,0.61456096,0.024399132,0.04795225
1870,1869,29.522259,0.62633073,0.062279508,0.11952538
1870,1866,61.77882,0.61887336,0.16127943,0.31799376
1871,4116,113.87863,0.6729419,0.1527947,0.3046571
1871,1873,49.232155,0.4029789,0.17487028,0.27303815
1872,5519,6.177597,0.03846976,0.026607893,0.053307638
1872,485,1.9387627,0.67724043,0.002931662,0.005658701
1873,3710,0.012638092,0.40698695,0.002445884,0.0
1873,4116,1.661583,0.70401716,0.0037992299,0.0076844096
1874,1628,11.557138,0.044959605,0.05156825,0.10837532
1875,5125,26.226692,0.5187389,0.064006805,0.12224576
1875,257,223.53795,0.5157964,0.43899822,0.85356355
1876,558,1.6093483,0.56712914,0.001912564,0.0044374466
1876,1445,15.824417,0.5681441,0.042230986,0.08302066
1877,1878,58.74711,0.57710224,0.11207499,0.21958815
1878,4345,6.071972,0.56885797,0.006531015,0.013973698
1878,5679,2.2489357,0.5657398,0.004005499,0.008807465
1879,5682,3.7165375,0.569986,0.0076934025,0.015958577
1879,3276,20.210094,0.56855357,0.026012763,0.051405028
1880,2864,19.326384,0.57245255,0.04131661,0.07972806
1881,1880,11.080896,0.56889707,0.014378294,0.02870211
1881,5681,3.6376152,0.5714286,0.0063373893,0.012751564
1882,3096,25.2534,0.68911415,0.06562673,0.12923975
1883,480,2.0406303,0.6193223,0.0027430132,0.0062398314
1883,1408,14.173853,0.62089896,0.031849287,0.062394626
1884,5592,2.2059784,0.5861065,0.0055333376,0.011354774
1884,2245,103.761955,0.5872735,0.19781348,0.38926134
1885,4845,58.96116,0.4608873,0.1177313,0.2294943
1885,5232,95.27507,0.4546803,0.19289881,0.3717505
1885,699,110.04794,0.45290858,0.2231574,0.4300576
1886,4153,25.84221,0.5480171,0.061735224,0.11918918
1886,1887,5.462467,0.5469372,0.013504975,0.027011976
1887,1371,11.237398,0.54662544,0.026363723,0.051968023
1888,2469,4.4443626,0.55522037,0.009179369,0.018920392
1889,623,18.495882,0.5590497,0.04508683,0.08742807
1889,5993,26.944263,0.0028135777,0.12959452,0.27924496
1890,1842,55.90342,0.5234884,0.10888526,0.2127961
1890,1891,15.232721,0.5280836,0.031750955,0.06162566
1890,1197,62.203922,0.5316852,0.12091282,0.23654154
1891,4836,77.63611,0.529175,0.15063359,0.29389122
1891,1348,105.823425,0.5360885,0.2043425,0.3981006
1891,1890,15.118164,0.5268804,0.03144622,0.06108948
1892,1621,46.274086,0.521246,0.0892097,0.17388542
1892,2310,30.691792,0.5154508,0.062084153,0.11916964
1892,2205,36.88638,0.5188882,0.073284,0.1404298
1893,4021,23.339834,0.46264067,0.05071153,0.096431844
1893,1894,0.89364624,0.31380972,0.0034518018,0.0067285895
1894,4220,1.6409302,0.45550722,0.0027618855,0.00521259
1894,5207,24.24519,0.46153805,0.07259355,0.13967277
1895,5198,1.8028069,0.4563369,0.003793694,0.007972181
1895,2473,12.513401,0.45166057,0.026061647,0.050495878
1896,700,2.107994,0.46360293,0.0030407235,0.0063424855
1896,1897,75.04465,0.45868206,0.11191066,0.21507204
1897,1898,2.2625618,0.45338404,0.0024918765,0.0049310625
1897,254,40.177006,0.44595778,0.13502978,0.26194417
1898,253,2.2836914,0.45247096,0.0036343038,0.0072747916
1898,5199,39.408077,0.4532875,0.087426774,0.16848424
1899,4867,1.5473785,0.47094128,0.0043852404,0.008905664
1900,1901,2.3160553,0.37368193,0.0045775026,0.009042591
1900,1907,14.577278,0.376459,0.033226416,0.0638435
1901,1900,2.582386,0.37130773,0.005127169,0.010093167
1901,5353,313.0879,0.3961646,0.66590476,1.2849337
1901,4520,35.185238,0.38249022,0.08113452,0.15273288
1902,272,2.6553307,0.33633524,0.00482437,0.009315968
1902,4860,35.16059,0.32245815,0.11678297,0.22771181
1903,1985,2.0532722,0.34566998,0.0037820488,0.007364899
1903,2586,18.77735,0.34467208,0.052877504,0.10441758
1904,714,1.6510582,0.329471,0.0031762272,0.0062361807
1904,686,165.39362,0.32289565,0.36601976,0.7020083
1904,5020,16.916813,0.3360412,0.041774053,0.07940232
1905,1900,36.00896,0.38301092,0.083675556,0.15857802
1905,5591,63.80548,0.37949735,0.16947621,0.3289701
1906,1800,2.095295,0.43821818,0.0029340088,0.006025851
1906,686,227.91057,0.362366,0.4941263,0.94850415
1906,4732,59.436806,0.4740224,0.15565163,0.30080265
1907,2481,2.8223877,0.36899552,0.004226893,0.008421719
1907,2482,2.1478577,0.36923242,0.0048169643,0.009577006
1908,1970,203.40355,0.33538795,0.45099157,0.8623763
1908,2481,72.563934,0.3684895,0.15710655,0.30420744
1909,721,66.747185,0.5154163,0.12798522,0.24808112
1909,720,42.837658,0.5149695,0.083209395,0.15899573
1909,4276,82.765656,0.509947,0.16021006,0.31106055
1910,4351,13.31889,0.5066357,0.031200007,0.060656175
1911,1910,5.3494644,0.512489,0.008736074,0.017434925
1911,4002,20.412138,0.50673884,0.042814203,0.082234226
1912,2223,2.920372,0.5108718,0.0041390434,0.008818939
1912,1914,44.067604,0.50611264,0.11174231,0.21422096
1913,6294,30.571995,0.5122744,0.062940896,0.119068116
1914,6503,1.640091,0.51691663,0.0016870946,0.0037722439
1914,2324,28.532818,0.5151392,0.07018316,0.13361727
1915,1913,2.9878502,0.5190767,0.0043725893,0.009356946
1915,1910,45.244137,0.5115667,0.11134823,0.21532653
1916,3165,24.182314,0.53924745,0.13149685,0.26081678
1917,6520,0.9805832,0.53294957,0.0036553964,0.007920325
1917,2265,46.670406,0.5350962,0.1148683,0.22331467
1917,2264,21.817247,0.53553134,0.042381234,0.08266815
1918,4878,1.4254837,0.53213567,0.0047236383,0.009777725
1918,4676,29.639904,0.5332847,0.09053054,0.176074
1919,1922,7.3898926,0.5369719,0.020811662,0.04110682
1919,2914,99.75694,0.53145474,0.15263057,0.29713494
1920,4878,30.823235,0.535092,0.09389623,0.18487513
1921,1916,58.86492,0.54189926,0.13932997,0.27063233
1921,19,8.182377,0.53849125,0.022643276,0.04493466
1922,1918,22.281803,0.53609806,0.06284541,0.122080564
1923,3164,3.0071564,0.54456073,0.010983825,0.022175401
1923,3166,126.32071,0.53834397,0.30410928,0.59117883
1924,3427,13.392994,0.5184277,0.029491756,0.057967477
1924,1926,21.526667,0.514199,0.047550984,0.091212414
1925,3539,1.6656227,0.5063568,0.0032921731,0.006973505
1925,1213,1.6405449,0.5095619,0.0025335774,0.005692914
1925,1926,9.382244,0.51224524,0.020480253,0.040476993
1926,2301,2.0164604,0.5122848,0.002832532,0.0059924275
1926,1925,8.954613,0.5127914,0.01947084,0.03856629
1926,1924,21.908304,0.5100045,0.048375204,0.09277692
1927,5105,1.0446892,0.04071632,0.0020329058,0.0037491918
1928,4051,17.348513,0.5316919,0.024703465,0.048844084
1928,5398,14.7959175,0.5311439,0.021494515,0.04261212
1929,1924,58.923813,0.5241157,0.13540393,0.26476276
1929,1928,18.366402,0.5337757,0.025929876,0.05199568
1930,1932,26.660597,0.51373786,0.055591702,0.1057741
1930,1931,21.610537,0.5187511,0.042318452,0.08144898
1930,3664,30.454834,0.51404,0.055563826,0.105505146
1931,5067,3.071041,0.52143514,0.0065785795,0.013647392
1931,1930,21.919724,0.51949364,0.042969547,0.08264814
1932,1215,26.094975,0.5094546,0.054318365,0.103497855
1932,1930,26.72042,0.51285386,0.055623047,0.10599604
1932,1212,38.32032,0.5114787,0.075242266,0.14603451
1932,1933,24.26026,0.51621026,0.05159902,0.09877257
1933,1932,24.276144,0.51678115,0.051445164,0.098056875
1933,1280,9.580635,0.52449805,0.019513808,0.039019316
1934,1212,5.309513,0.51375306,0.01041691,0.020699084
1934,2301,34.953186,0.50875074,0.070991375,0.13522688
1935,6288,9.199345,0.4640788,0.019040622,0.037507087
1936,4488,39.358185,0.58119726,0.08179056,0.15729804
1936,1939,22.192844,0.5772315,0.048461553,0.09314057
1937,4478,1.5740204,0.5685338,0.002543226,0.005448222
1937,1939,148.55046,0.56282884,0.31593147,0.6143241
1938,4022,20.562395,0.57344866,0.04270903,0.08248571
1938,1940,23.563423,0.57488585,0.048821706,0.09369618
1939,4478,148.95357,0.5621385,0.31626883,0.6154452
1939,1936,22.762983,0.57942,0.04911594,0.094156586
1940,1938,23.647823,0.5730607,0.048973296,0.093722954
1940,3169,194.04042,0.5622401,0.37259573,0.72762924
1940,4022,24.119541,0.5718451,0.050213635,0.09589462
1941,4477,2.2027092,0.56546116,0.0042803735,0.009225234
1941,3337,71.89052,0.56281877,0.1360318,0.26701027
1942,4490,1.6082573,0.57612497,0.0026730075,0.0054648817
1942,4373,2.5656662,0.5135358,0.0057765394,0.0118240565
1942,2270,51.612,0.5798807,0.09939563,0.19318819
1943,4491,2.984146,0.587614,0.0056540594,0.011024848
1943,1942,33.531982,0.118453056,0.1130447,0.23503926
1944,4501,215.1322,0.59502757,0.4301778,0.8425773
1944,1607,84.9142,0.6053005,0.19275916,0.37920624
1944,4469,284.24875,0.59652525,0.56949013,1.1179305
1945,4510,22.920969,0.59724456,0.048220597,0.093135044
1945,4510,21.25387,0.5972076,0.047464054,0.09181265
1946,778,73.456604,0.58597004,0.14175555,0.2771477
1946,3488,29.823683,0.018212736,0.19521296,0.4129241
1947,3617,164.73573,0.58055776,0.31030574,0.6089467
1947,5616,80.24599,0.58679444,0.1505577,0.29671845
1947,778,26.394325,0.58697414,0.053699035,0.10282944
1947,2221,9.285931,0.5853315,0.01811982,0.03577225
1948,1422,29.364712,0.68306756,0.07085897,0.13779333
1949,3084,1.8756981,0.4248724,0.0030868128,0.006493941
1949,6052,4.112137,0.42486173,0.008356027,0.01652582
1949,6053,2.1150436,0.42499354,0.003611967,0.007215455
1950,2935,6.5344543,0.65043414,0.01477617,0.029621318
1951,3814,28.277111,0.5652964,0.06850782,0.13247415
1951,6920,128.02762,0.55353105,0.30055168,0.58633846
1952,5029,1.6806793,0.42036077,0.005338177,0.010734573
1952,1766,28.294762,0.41226488,0.06414367,0.12108263
1953,1392,1.611393,0.56043357,0.0021694899,0.004754469
1953,1394,20.388073,0.5641197,0.04204401,0.081426956
1953,5449,87.14279,0.55572516,0.18249214,0.35513186
1954,235,11.423368,0.5503433,0.026827693,0.052818835
1954,202,37.19475,0.55176,0.09247926,0.17689826
1954,2671,103.905594,0.54558843,0.19995108,0.39149117
1955,1270,56.732246,0.55770123,0.110121354,0.2155949
1955,2668,78.7796,0.55124086,0.15195146,0.2975816
1955,122,100.29291,0.5526841,0.14882883,0.2930319
1956,4620,1.9858475,0.6344972,0.0032473207,0.006954491
1956,4621,5.3778152,0.6358266,0.010045715,0.020320296
1957,4978,1.5128555,0.5435599,0.0018623248,0.004246518
1957,1657,21.003693,0.54761946,0.04999592,0.096364275
1958,118,32.377285,0.54997045,0.06411096,0.122983694
1958,117,41.78587,0.5467285,0.087467775,0.17094588
1958,1247,12.277199,0.5491516,0.026394948,0.05167781
1959,4479,54.293594,0.5683065,0.1150073,0.22501811
1959,1960,86.66602,0.55944353,0.18082276,0.35344794
1959,2658,299.1942,0.5425707,0.5765056,1.1266918
1960,7001,1.8771782,0.54984087,0.0036856905,0.0082092285
1960,1959,86.21486,0.55312705,0.18182293,0.35457575
1961,5345,0.9540558,0.56256926,0.0015340298,0.0028192103
1961,853,65.3118,0.61009294,0.12290371,0.24209063
1962,4715,1.5812988,0.60642344,0.0041967332,0.0091852695
1962,1963,38.4505,0.61838865,0.09040589,0.17675525
1963,1962,38.87137,0.61729467,0.09232866,0.17923228
1963,6961,240.01112,0.5800882,0.4543884,0.8877515
1963,2393,312.1665,0.6286346,0.5731812,1.1256176
1964,291,51.051994,0.60697573,0.09818766,0.19048609
1964,2121,223.38101,0.5727799,0.4297463,0.8391176
1964,2108,82.23088,0.59543395,0.1570598,0.30888444
1965,1096,24.911715,0.59731317,0.051350392,0.098201536
1965,633,337.39032,0.5893644,0.62943953,1.2342566
1965,1390,88.69794,0.5976603,0.16682942,0.3285728
1966,2093,3.6014252,0.6071435,0.0063175634,0.013036832
1966,1602,81.87022,0.6039642,0.17349616,0.33954567
1966,2091,97.097984,0.60397613,0.18068436,0.35579818
1967,5877,0.82375336,0.55882484,0.0048012882,0.008975446
1968,5326,0.6056404,0.34081113,0.0015557557,0.0028653145
1968,703,31.461452,0.49611318,0.098972365,0.19407628
1968,4276,37.59852,0.5031021,0.07741657,0.14859721
1969,4023,22.399391,0.56110156,0.063544065,0.12307788
1970,1908,202.81218,0.33693838,0.451506,0.86204356
1970,6928,3.2553673,0.31394023,0.007199481,0.013700992
1971,2716,54.237373,0.5152746,0.13246566,0.25764227
1971,6798,41.609398,0.5200576,0.10351679,0.20170966
1972,1486,196.23013,0.46921903,0.39934725,0.77178645
1972,5352,124.27122,0.4836889,0.24981236,0.48262388
1972,1824,105.43343,0.4938606,0.20982075,0.40593702
1972,1973,76.53311,0.485963,0.15285085,0.2960871
1973,1972,77.59164,0.48531923,0.15368281,0.29702798
1974,2122,1.804245,0.32456356,0.003426224,0.006742522
1974,6507,29.105316,0.3199526,0.075031236,0.14348283
1974,4666,48.787403,0.33583245,0.10645259,0.20184112
1975,5778,3.2852783,0.13264099,0.007063277,0.014426097
1975,688,69.00244,0.29126447,0.15757805,0.3073507
1975,3627,62.049156,0.1749689,0.15182595,0.29982743
1976,4356,1.6504211,0.6241078,0.002546683,0.005267948
1976,2705,79.933304,0.6271823,0.20211336,0.39894807
1977,6268,1.5201187,0.64455116,0.0026500747,0.0059588104
1978,4616,2.2794456,0.65112233,0.0042559803,0.008927301
1979,1734,106.11471,0.6558747,0.19284454,0.38243997
1979,3307,68.22946,0.6511196,0.12454571,0.24811569
1979,3345,21.678896,0.6491038,0.044213165,0.085779935
1980,879,1.7438278,0.6396343,0.003474988,0.007201344
1980,1983,36.754047,0.63367724,0.0906989,0.17670539
1981,2843,82.08542,0.6204378,0.15388808,0.30423346
1981,6991,5.12035,0.6242038,0.009428933,0.01941301
1982,3300,54.38181,0.62323755,0.10049636,0.1963822
1982,1303,9.088329,0.6187728,0.017531022,0.034668505
1982,3342,118.2848,0.61756456,0.21758291,0.4277284
1983,34,107.75417,0.6381796,0.19674173,0.3886938
1983,33,2.1421776,0.6319809,0.003121376,0.00676921
1983,28,68.555435,0.6353667,0.16636732,0.32859164
1984,6097,61.693733,0.6290754,0.116565585,0.23200597
1985,1903,1.9433098,0.34639937,0.0037917346,0.007404387
1985,5936,18.246151,0.35337257,0.05093384,0.101036
1985,4665,148.49817,0.34762043,0.32648304,0.6264152
1986,27,2.9562263,0.61656713,0.0041570812,0.0088881105
1986,3460,75.65278,0.62122273,0.15728371,0.31015784
1987,3451,20.297754,0.6339948,0.04166259,0.0806703
1987,5355,28.882347,0.63460654,0.058660064,0.11194375
1988,69,70.97226,0.62827784,0.099748395,0.19326586
1989,1988,8.115196,0.63590336,0.014535457,0.028706625
1990,4846,46.551147,0.6339675,0.098202825,0.19208589
1991,2479,1.2267494,0.47787127,0.004440777,0.009249151
1991,5028,86.25365,0.45807797,0.1960019,0.378111
1991,3919,2.43499,0.4757249,0.007573515,0.015321791
1992,716,37.932747,0.4614026,0.0779642,0.14903915
1993,1835,15.673458,0.45027512,0.03333412,0.06462016
1993,5252,37.904793,0.44155794,0.07921147,0.14915405
1994,1152,21.148264,0.3315946,0.05325004,0.101583965
1994,6216,2.216591,0.32940817,0.004129164,0.008029282
1995,1782,1.833435,0.4842583,0.0021595433,0.0047180653
1995,702,24.33276,0.48794645,0.059133153,0.113537595
1996,1024,32.630806,0.57233673,0.06511536,0.12595516
1996,278,33.384827,0.57261163,0.066208646,0.12860307
1997,4921,32.990078,0.5294164,0.06651072,0.12933576
1997,4979,32.238297,0.538454,0.0635768,0.122767314
1998,4822,48.00956,0.63065934,0.12340556,0.24177933
1999,3636,140.13617,0.39883587,0.29518104,0.5673047
1999,3152,123.70466,0.38089755,0.26163998,0.5013639
2000,210,12.999746,0.58082604,0.026413888,0.051706046
2000,6664,32.41136,0.58071506,0.07932596,0.15382564
2001,448,14.673271,0.64390445,0.03290288,0.0644744
2001,373,23.113482,0.64569867,0.042932205,0.08468173
2002,3479,0.9507408,0.06775299,0.0050350875,0.009950221
2002,397,102.51584,0.6365016,0.18718478,0.36992425
2003,397,2.68359,0.63167596,0.0033832565,0.0077452213
2003,1730,94.79468,0.6378225,0.17351514,0.34266767
2003,3479,99.689545,0.6434369,0.18275529,0.36182958
2004,331,0.43172836,0.5431079,0.00032965094,0.0008763075
2004,2003,54.85461,0.63395303,0.10401072,0.20409593
2005,1884,1.7372093,0.5880011,0.0043878034,0.009157985
2005,1026,11.323868,0.5896236,0.02206543,0.043247372
2006,2017,23.40355,0.42376173,0.05101006,0.09644663
2006,1238,30.773975,0.42944282,0.064685024,0.12255983
2006,2339,43.12535,0.42239842,0.087710544,0.1696541
2007,2390,40.985878,0.4550367,0.0817596,0.1573817
2007,11,57.750267,0.445833,0.116192706,0.22564971
2007,2998,240.86876,0.46137744,0.49168876,0.95285004
2008,2339,20.983555,0.4155855,0.046115566,0.087894
2008,2017,49.306076,0.41204822,0.100467995,0.1923434
2008,2340,56.122337,0.404065,0.115580946,0.22221518
2009,2054,36.117477,0.45939848,0.07334836,0.14044155
2009,2032,53.943363,0.46621603,0.107321225,0.20831071
2009,2014,111.90537,0.46303096,0.22724596,0.43848026
2010,2014,29.181784,0.46151614,0.0653908,0.1245082
2010,2012,15.141666,0.4653652,0.03386745,0.06576054
2011,1858,105.47456,0.43480325,0.21744749,0.41826215
2011,15,40.93207,0.45007107,0.08225886,0.15841293
2011,8,108.4224,0.44163343,0.21978715,0.4233294
2012,13,1.9192162,0.4636926,0.004082717,0.0082259625
2012,4833,65.31162,0.4526543,0.17514884,0.3381157
2013,2017,27.209614,0.41783395,0.058702476,0.11067039
2013,1238,28.423042,0.42392218,0.060809523,0.11489481
2013,2333,92.08799,0.39724666,0.1932009,0.37162468
2014,2010,29.157166,0.46344846,0.06576169,0.12489715
2014,2015,79.892715,0.4619171,0.1778011,0.34171307
2014,2009,112.123764,0.45829284,0.22788069,0.43932503
2015,2014,80.021194,0.46405828,0.17892233,0.344302
2015,2016,48.03613,0.46537036,0.10649571,0.20766973
2015,2396,210.24588,0.465299,0.42765516,0.82667303
2016,2417,41.709007,0.46200582,0.0880368,0.17004469
2016,2418,60.410156,0.46052292,0.122585736,0.23792619
2016,2015,47.705982,0.4662398,0.10516167,0.2046481
2017,2006,23.334225,0.42399436,0.050852504,0.096239835
2017,2008,49.26242,0.41268986,0.10035616,0.19216965
2017,2013,27.008362,0.41900527,0.058632724,0.11020546
2018,2509,54.65906,0.5033667,0.106555596,0.20714161
2018,2036,29.105066,0.51045746,0.06005428,0.11470509
2018,2513,12.994707,0.5056195,0.02699504,0.052599624
2019,574,61.217205,0.47622758,0.12179238,0.23660925
2019,573,35.553062,0.47530887,0.07191512,0.13769245
2019,2427,37.271214,0.47969198,0.07450247,0.14276107
2019,6126,213.91226,0.44669187,0.4423206,0.85286534
2020,2043,71.87493,0.42296863,0.14684626,0.2830611
2020,2051,78.92961,0.4379337,0.1618335,0.31137264
2020,6085,18.643091,0.43746847,0.040309016,0.0777844
2021,3611,1.7031441,0.3858968,0.0029364303,0.006024003
2021,3452,110.96968,0.3699053,0.23977754,0.4609818
2021,2589,7.2966423,0.3834061,0.016957149,0.03212574
2022,4440,1.1841393,0.4990094,0.0022196919,0.005602032
2022,2042,59.96583,0.5050218,0.11686989,0.22752759
2023,4551,1.7488441,0.40691322,0.0030165687,0.006243348
2023,2457,23.295362,0.3969699,0.051364552,0.097150706
2024,4039,21.888277,0.40383875,0.048419833,0.091771565
2024,2025,96.42035,0.36850303,0.20734493,0.3999011
2024,2026,67.60619,0.39057374,0.14198875,0.27354544
2025,3979,5.9418716,0.33432725,0.013277106,0.025158763
2025,2432,76.2732,0.33076572,0.17104171,0.33153203
2025,2024,96.4411,0.36749917,0.20759635,0.4004127
2026,526,84.3044,0.41082522,0.17557546,0.33711356
2026,3612,23.776228,0.38171798,0.052361283,0.09865599
2026,2024,67.04014,0.39093626,0.14167944,0.27330288
2027,3720,1.6266823,0.4718955,0.0022746995,0.004478276
2027,6649,89.62132,0.47070685,0.20095193,0.38731033
2028,2040,4.19915,0.4169138,0.008378312,0.016699836
2028,2034,91.5988,0.39919102,0.19167796,0.36853033
2028,4039,26.811823,0.41162452,0.05854206,0.10993358
2029,3729,1.7191849,0.46345225,0.0024847612,0.0050789714
2029,2041,38.955074,0.4654957,0.08564725,0.16543145
2030,2053,5.4361115,0.44523177,0.010857008,0.021649256
2030,15,14.720165,0.44775218,0.031134423,0.060041778
2030,3075,120.27113,0.4309654,0.24780929,0.47724843
2030,3722,38.25449,0.45160687,0.07772593,0.14766435
2031,2036,54.257748,0.51323074,0.10588976,0.20682496
2031,78,37.59903,0.5188058,0.07448842,0.14408898
2031,6893,14.002556,0.5164029,0.029496383,0.057409182
2032,6161,41.81534,0.4694009,0.08280276,0.16062509
2032,2009,53.681534,0.4665739,0.10675676,0.20678587
2032,2455,28.196918,0.46824563,0.058837462,0.11159982
2033,2484,2.7058716,0.48318985,0.0049053878,0.0102088
2033,2483,2.8700943,0.48815876,0.005401671,0.011342704
2034,5071,27.888348,0.37902135,0.06282671,0.116333924
2034,4039,103.83999,0.38530558,0.22027159,0.42310712
2034,2043,58.356926,0.399623,0.12051736,0.23256819
2034,2028,91.579254,0.39873523,0.1918504,0.36858666
2035,5585,39.986366,0.40857127,0.083267376,0.15780175
2035,2430,61.221035,0.39049083,0.12506577,0.2424953
2036,2031,54.11333,0.5133784,0.104703,0.20446792
2036,6635,77.104904,0.5070653,0.15143192,0.29428515
2036,2018,29.051899,0.51017195,0.060112912,0.11502494
2037,2433,2.0504265,0.30677682,0.004795596,0.008776516
2037,2468,38.281384,0.13130936,0.110136054,0.2296138
2038,5749,5.076046,0.45519766,0.011020385,0.021417752
2038,3722,8.823433,0.45658365,0.012931839,0.025600225
2039,4959,1.5143471,0.31205583,0.0034894422,0.006660208
2039,2055,22.478418,0.32342023,0.054255035,0.101443976
2039,527,55.873596,0.33781886,0.119672395,0.23254818
2040,2028,4.2119484,0.416725,0.008351624,0.016611665
2040,6086,65.681244,0.42586344,0.13339476,0.2578481
2040,2047,78.936005,0.42505682,0.16339198,0.31449804
2041,3730,1.6503181,0.46485364,0.002468899,0.005051613
2041,2487,59.79521,0.46872061,0.13539301,0.2613957
2042,3378,24.749622,0.5113844,0.052917447,0.10093894
2042,4442,1.5264854,0.50960666,0.002247043,0.004908204
2042,2048,6.4524956,0.51155674,0.012945771,0.026003078
2043,2020,70.9466,0.42223155,0.14712548,0.28260857
2043,6127,23.204412,0.41760024,0.050937243,0.09618312
2043,2034,57.910873,0.4018727,0.120257765,0.23190205
2044,4957,0.9895897,0.13979432,0.0024920255,0.0048397332
2044,2046,52.90587,0.26395005,0.115737036,0.2270577
2045,4549,1.0430489,0.051304877,0.0035209134,0.0074937195
2046,4953,1.6820412,0.2833038,0.0055033714,0.00986214
2046,2037,30.33031,0.1254451,0.08155991,0.15748754
2047,2458,73.52626,0.42712045,0.15154919,0.29221326
2047,2040,79.41435,0.42640185,0.16506313,0.31808794
2047,2454,83.5188,0.45278242,0.17068622,0.32937908
2048,4610,3.2085876,0.517839,0.00578662,0.012106612
2048,2514,104.430786,0.5016455,0.20755756,0.40263468
2048,2042,6.783184,0.5151438,0.013349004,0.026548833
2049,4551,68.924255,0.39742488,0.1432672,0.27690864
2049,3729,113.888306,0.43027762,0.23420057,0.45081288
2049,4000,49.55712,0.4023526,0.10170874,0.19403926
2050,4964,0.51179504,0.06636983,0.002354376,0.005092174
2050,2035,16.454659,0.41144937,0.035583753,0.06855537
2051,4195,63.80802,0.45458722,0.14094351,0.27417755
2051,2417,31.277485,0.45433015,0.06872462,0.1304728
2051,2020,78.524536,0.4379881,0.16262305,0.31283143
2051,2422,44.573586,0.45528913,0.09885216,0.19153224
2052,4363,1.172905,0.056800693,0.004028119,0.008266643
2053,2030,4.946064,0.4471265,0.009742133,0.01952435
2053,3721,41.31539,0.4519174,0.08175181,0.157144
2053,5901,71.76752,0.43498895,0.14554575,0.28043738
2053,2337,67.48127,0.4328544,0.13676584,0.26379648
2054,2009,35.913174,0.4575394,0.07268237,0.139871
2055,4958,1.7619743,0.33036816,0.0034661219,0.0067026317
2055,3610,32.46428,0.34926772,0.077027306,0.14471579
2056,6315,0.0,0.3672448,0.0006008521,0.0025217682
2056,4739,18.301027,0.61174333,0.03879167,0.074953966
2057,3597,1.7639961,0.6244588,0.003594339,0.0075889975
2057,6908,37.789394,0.62929106,0.07924273,0.15549675
2058,192,0.82471085,0.57238454,0.00029662251,0.0009165108
2058,4740,27.09637,0.6200511,0.05380906,0.10250818
2058,4078,27.171974,0.6233173,0.05871957,0.11265688
2059,757,2.4185638,0.6222017,0.001369983,0.003956735
2059,2399,27.97295,0.6357975,0.0609542,0.11629663
2060,4996,1.5771675,0.5514559,0.0019879118,0.0044198334
2060,428,44.443073,0.5564498,0.095447354,0.18473144
2061,4471,10.848415,0.65346736,0.0207728,0.041089088
2061,460,94.56865,0.6657855,0.10007176,0.19795236
2062,4720,78.55189,0.58516747,0.20642278,0.40469712
2062,6326,1.6474686,0.59412813,0.0045003146,0.0092586875
2063,4132,157.80116,0.6688675,0.31509998,0.6219685
2064,3871,37.258125,0.6606786,0.071623266,0.13702023
2064,2065,0.91316223,0.62904716,0.0021002442,0.004845172
2065,5878,74.53665,0.65117407,0.19178045,0.3775837
2065,2064,0.28613663,0.61650753,0.0006013587,0.0017126799
2066,6260,42.134098,0.61669886,0.08172064,0.15887056
2067,4808,93.36127,0.54862857,0.17838553,0.34590846
2067,6917,107.481064,0.575945,0.20236464,0.39730626
2067,2394,74.45244,0.5497275,0.107106775,0.20855147
2068,3835,49.67382,0.60429615,0.09523962,0.18612252
2068,3067,48.841503,0.60082567,0.092989184,0.18175836
2068,5588,91.04996,0.60106397,0.17060494,0.33563292
2069,2087,8.489445,0.6118547,0.0164489,0.032481223
2069,848,97.84873,0.6121694,0.18160155,0.35797206
2069,4463,76.586815,0.6099011,0.1420818,0.28068632
2070,2078,12.934616,0.6264878,0.026126042,0.051495135
2070,3324,18.076324,0.6271914,0.03692981,0.071998484
2071,377,2.2726212,0.6202849,0.00330697,0.007397875
2071,4620,201.8109,0.6275201,0.37103543,0.7308697
2071,4024,64.49751,0.6276611,0.11905898,0.23431465
2072,2075,1.7649078,0.6234844,0.0021708459,0.005420193
2072,2581,39.493755,0.6285851,0.07640134,0.14978506
2073,377,2.380703,0.6184614,0.0040234774,0.008714452
2074,2581,41.974808,0.6265098,0.0806897,0.15830728
2074,2070,14.336483,0.619289,0.029036991,0.05686099
2074,6790,4.6298256,0.62277323,0.008390129,0.016820133
2075,2078,1.8789711,0.62338233,0.0033028796,0.0073821247
2075,4307,61.862026,0.6279908,0.11491899,0.22644608
2076,1121,84.5053,0.5940318,0.1743873,0.3424101
2076,1832,66.07336,0.59197176,0.13698798,0.26946318
2076,2077,36.52154,0.5930014,0.07101077,0.13929492
2077,1124,100.26688,0.5907039,0.18790524,0.36958772
2077,2326,117.32315,0.59093153,0.22013187,0.43333274
2077,2076,36.889526,0.5930356,0.07121314,0.13968116
2077,1120,116.37599,0.58925986,0.21782899,0.4287215
2078,2075,1.4170914,0.6208663,0.0019051284,0.004850179
2078,2072,2.020916,0.6226378,0.0028211996,0.006468609
2078,2070,13.015839,0.62615854,0.026193187,0.051629767
2079,3159,2.039444,0.62078166,0.00381352,0.007904276
2079,848,167.56479,0.61154556,0.31057662,0.6097524
2080,4312,7.458477,0.6169474,0.014453582,0.028851017
2080,4313,1.678772,0.6107491,0.0028594956,0.0067098886
2081,1274,76.24498,0.5886663,0.14405881,0.28410366
2081,3066,156.8487,0.5823944,0.2934137,0.5765427
2081,2082,42.81745,0.58750975,0.08198644,0.16078128
2082,2081,42.855083,0.5902505,0.082472526,0.16127513
2083,6996,153.97244,0.5733822,0.29169723,0.57054394
2083,6789,76.04215,0.5792525,0.144359,0.2844023
2083,2971,118.28463,0.5779841,0.22291923,0.43690473
2084,2578,1.9531517,0.60658944,0.0026428476,0.006125599
2084,2085,101.81282,0.6108291,0.18907091,0.37276885
2084,5523,84.20103,0.5997057,0.22670624,0.44410473
2085,2084,102.50913,0.61346626,0.18969974,0.37422156
2085,4313,95.35849,0.61681,0.19525084,0.3851021
2085,351,137.40851,0.6181698,0.2784706,0.5473922
2086,6140,1.8529205,0.6403095,0.0033168346,0.007265076
2086,6256,42.399193,0.64445436,0.10764543,0.20968132
2087,2069,8.784756,0.61157894,0.016856626,0.033614412
2087,2088,87.341385,0.61537427,0.16024598,0.31785336
2087,1294,129.92627,0.61109596,0.24073851,0.4724307
2088,2087,87.96727,0.6183498,0.16042916,0.3179626
2088,2089,144.90405,0.6144749,0.26651248,0.52451164
2088,2090,158.08617,0.61608326,0.292691,0.57686913
2089,4310,51.144108,0.62262213,0.10552947,0.20728332
2089,350,42.7362,0.6250643,0.0886085,0.17297491
2089,2088,144.27411,0.61677617,0.26500723,0.52198
2090,2092,18.03029,0.61936593,0.037149534,0.07223626
2090,2752,130.27719,0.61847657,0.24037331,0.47359145
2090,2088,157.80614,0.6156695,0.29248965,0.57600427
2091,1966,96.69293,0.605012,0.18143634,0.3572249
2091,4505,116.11346,0.6056209,0.21479581,0.4231655
2091,4502,107.79149,0.6033522,0.19955736,0.39304855
2092,349,2.1810303,0.6151312,0.0032442212,0.0069457144
2092,2090,17.851845,0.6203536,0.036536273,0.07119865
2092,4452,23.960762,0.620884,0.051599182,0.10034705
2093,1966,3.6191483,0.6063874,0.0064860582,0.0135034025
2093,5713,135.14987,0.60289997,0.27677965,0.5424074
2093,3060,203.9478,0.5951265,0.3844393,0.7532637
2094,1832,4.704132,0.58948016,0.009375088,0.019289821
2094,1120,19.478558,0.5890784,0.041416027,0.08000102
2094,2882,24.057596,0.5865321,0.049188588,0.09425177
2095,4605,1.8123665,0.638679,0.0026865155,0.005783707
2095,4607,36.298386,0.6423875,0.07647398,0.1475158
2096,3513,1.9557915,0.6282851,0.0029588342,0.0065683573
2096,6354,21.726713,0.634949,0.044415012,0.08590759
2096,4309,176.27905,0.6236068,0.3253605,0.6406358
2097,5503,0.7983856,0.61798996,0.002970986,0.0062288046
2097,5343,4.3384666,0.64149225,0.00769189,0.016067639
2098,2099,31.501942,0.6373371,0.062003188,0.119169645
2098,2103,66.45584,0.6352825,0.12311029,0.24368316
2099,4621,86.14882,0.6389866,0.15678266,0.31130752
2099,2104,15.800514,0.63516647,0.031821486,0.06208107
2100,2633,118.361176,0.64061505,0.21532464,0.42484358
2100,4594,15.561739,0.63499403,0.03140376,0.06116596
2101,4601,122.09933,0.6453172,0.22232923,0.43830478
2101,3082,12.333834,0.64044446,0.024575979,0.048231393
2101,5576,28.335823,0.643675,0.057187203,0.11001467
2102,2581,111.63554,0.629788,0.20397758,0.40239066
2102,6354,76.35179,0.6335727,0.13993925,0.27841443
2102,2975,17.819855,0.63239706,0.036191065,0.07047441
2102,5501,62.441475,0.636433,0.114689544,0.22677565
2103,2975,30.723412,0.63633317,0.06008723,0.11538147
2103,2098,66.708534,0.63672304,0.12368495,0.24449748
2104,2098,16.565344,0.6368375,0.033452597,0.06528827
2104,2099,16.05773,0.6391143,0.032413926,0.06292817
2105,2843,153.7027,0.6159935,0.2837611,0.5591973
2105,1296,64.70983,0.61669326,0.12140633,0.23979655
2105,4183,67.78566,0.62006676,0.12436572,0.24673611
2106,491,17.426237,0.6643447,0.035031907,0.067821406
2106,45,163.5804,0.65791696,0.2949407,0.58268714
2106,493,103.12503,0.65403765,0.18763387,0.37142456
2107,1798,75.45445,0.33772838,0.16627243,0.32240996
2108,1964,82.76975,0.59536916,0.15656984,0.30828714
2109,2110,3.654972,0.6167519,0.0054739863,0.011706874
2109,3704,1.9844475,0.61290586,0.002078548,0.0052499473
2109,1802,61.65284,0.61776847,0.14935479,0.2946045
2110,2109,3.9720306,0.6182899,0.006038122,0.012769192
2110,1802,81.179276,0.6166456,0.15122128,0.29968005
2110,3705,61.13512,0.6168292,0.11536279,0.2278789
2111,3291,40.003197,0.5930379,0.078547716,0.15324298
2111,6537,3.3147087,0.59392846,0.0049679875,0.011176616
2112,6195,4.0053062,0.57558405,0.0070355833,0.014471039
2112,6853,12.814251,0.57120126,0.03368106,0.06611217
2112,6853,12.031364,0.56935316,0.032259442,0.06330505
2113,2716,5.0239754,0.51696664,0.009421922,0.019129798
2113,3139,211.38121,0.5111361,0.5328814,1.0440865
2113,4305,46.88168,0.5177134,0.098735616,0.19214408
2114,4470,108.424736,0.52077174,0.2840594,0.55096513
2114,715,117.087456,0.49251527,0.23057249,0.4464041
2115,2398,1.4745865,0.51108074,0.0018898696,0.004119873
2115,2927,188.18037,0.44675976,0.38496724,0.7424279
2115,4735,39.154457,0.50965345,0.09856454,0.19307014
2116,3951,1.8751373,0.44437855,0.0028127506,0.005835265
2116,5758,149.59639,0.4774574,0.29925248,0.57791376
2116,6959,29.705212,0.43122822,0.07433444,0.14209422
2117,2586,1.6439781,0.3415782,0.005351864,0.010481924
2117,1985,18.480534,0.3457472,0.05227665,0.10426721
2118,3908,2.2043266,0.4577245,0.0036255717,0.007245958
2118,5783,2.1235504,0.45516333,0.0023360252,0.0047798604
2119,1542,131.75894,0.58985394,0.24626577,0.48505306
2119,2120,47.553703,0.5944555,0.09145283,0.17912236
2119,1389,60.07202,0.593326,0.11529848,0.22724032
2120,2119,47.594353,0.59546566,0.09119707,0.17866151
2120,1542,91.21948,0.5938709,0.18814757,0.36925715
2120,781,73.20806,0.59782994,0.15234436,0.29999405
2121,2193,156.30576,0.55612636,0.3234964,0.63084394
2121,1964,223.64433,0.56996983,0.42982173,0.8397484
2121,677,178.32457,0.54472107,0.36962807,0.71936876
2122,2278,16.26919,0.33205557,0.047108557,0.09166494
2122,2278,23.27443,0.32865968,0.05273635,0.09949474
2122,1974,1.8618011,0.32729584,0.0037293583,0.0072067827
2123,1619,33.745182,0.65399474,0.06928295,0.13412188
2123,2195,22.519787,0.6536461,0.047082715,0.09086216
2123,6084,16.957582,0.6499582,0.034106586,0.06640442
2124,1659,111.53769,0.6538906,0.20246616,0.400685
2124,4262,54.11005,0.65225327,0.100276224,0.19833782
2124,6083,36.806244,0.6469353,0.07158558,0.1384786
2125,1794,1.0858383,0.39230573,0.0043370277,0.0043228865
2125,5812,27.815945,0.41766134,0.09984467,0.15804426
2125,1751,205.42447,0.65974414,0.40938184,0.8047492
2126,254,3.2610397,0.44290766,0.003720358,0.00797914
2126,1898,48.069347,0.44983763,0.13030426,0.25341412
2127,2128,2.255516,0.43726015,0.0047055557,0.0096600205
2127,4259,32.23308,0.4343181,0.06839763,0.12949908
2128,2126,48.853226,0.44060177,0.107376486,0.20617165
2129,2637,6.3343544,0.52812546,0.01251597,0.025203347
2129,2130,87.24536,0.5312766,0.16900766,0.33016673
2129,117,103.17396,0.53735924,0.19882488,0.38881904
2130,2129,87.39546,0.5313752,0.17088583,0.3329035
2130,5310,38.862553,0.53939974,0.07508989,0.14621237
2130,2698,43.7047,0.5338697,0.09128336,0.17770204
2130,117,48.406784,0.5412562,0.10072864,0.19736692
2131,5924,1.6470375,0.58810955,0.0024264902,0.005428821
2131,2134,1.1338005,0.5880266,0.003581047,0.0073113292
2132,1436,106.07994,0.5742908,0.20021513,0.39300674
2132,3194,99.467224,0.57562554,0.1852341,0.36343974
2132,613,129.17175,0.57225496,0.2424095,0.4753136
2133,1437,26.927284,0.57978857,0.057590112,0.11092765
2133,1437,23.732141,0.57923734,0.050955113,0.09763575
2133,1436,66.60277,0.5797916,0.13633732,0.26781648
2134,4361,2.3650017,0.58691466,0.004391417,0.009407848
2134,4768,18.360884,0.5892508,0.042381376,0.08264924
2135,4716,18.944899,0.5874556,0.040170856,0.07849056
2136,5035,20.1721,0.5121564,0.049037196,0.094710834
2136,5035,26.904194,0.5057599,0.053480845,0.10336198
2137,5125,1.7272148,0.5155965,0.0020714402,0.004772991
2137,2136,10.761038,0.51285154,0.025426105,0.05013658
2138,1689,75.38219,0.650126,0.15097426,0.30020598
2138,6660,10.286987,0.6451362,0.020986378,0.041602895
2139,4179,153.40536,0.65106714,0.27966392,0.55223715
2139,3559,156.0982,0.6483037,0.28676224,0.56551594
2139,1663,407.07782,0.6351385,0.73963064,1.4585133
2140,531,1.9158401,0.5153824,0.0043624267,0.008984968
2140,5026,177.79762,0.49824715,0.35463956,0.6865931
2140,6125,34.141285,0.5183534,0.07420282,0.14298433
2141,3344,19.030499,0.65457296,0.026406407,0.052003846
2141,358,11.811747,0.66149867,0.016860776,0.03431484
2141,3737,8.663448,0.6563491,0.016679652,0.033283487
2142,1743,1.9472198,0.6057601,0.002985634,0.006528884
2142,6952,9.633991,0.62003016,0.013799213,0.028562829
2143,2875,29.062574,0.60711616,0.08447097,0.16585612
2143,2400,81.84294,0.5970909,0.15436338,0.3045662
2144,532,45.16988,0.5228879,0.08810302,0.17199576
2144,532,46.30456,0.52285165,0.090588816,0.1767302
2144,3734,40.45996,0.52887034,0.07844774,0.1528024
2145,6889,3.1531906,0.6275616,0.0027755424,0.006910339
2145,5466,24.455853,0.6416479,0.054076076,0.10451908
2146,2148,20.151413,0.5634176,0.04370153,0.08401382
2147,1075,19.498516,0.5638103,0.040222984,0.07756537
2147,233,17.885118,0.56489724,0.036869653,0.0712782
2147,1397,12.956425,0.56477374,0.027750365,0.054244548
2148,1074,19.39095,0.56433463,0.039613947,0.076303884
2148,174,17.446003,0.5655405,0.035780795,0.069257945
2148,2147,13.152044,0.5631028,0.028448835,0.05540158
2149,4231,2.2393417,0.6521386,0.002715513,0.00563772
2149,2150,43.050564,0.65682065,0.08710539,0.16961583
2149,6421,126.112976,0.65475786,0.24566457,0.48458958
2149,2158,33.720203,0.6591433,0.06620347,0.12798733
2150,6037,2.9210396,0.6506538,0.00424587,0.0086095035
2150,2159,73.01842,0.66406095,0.13074486,0.26066136
2150,4054,40.136974,0.08078337,0.13514853,0.2802302
2150,2149,43.32771,0.6587423,0.08672214,0.171581
2151,2154,128.33932,0.6607383,0.23125976,0.4572134
2151,4609,47.331635,0.6594841,0.088872984,0.17470157
2151,325,95.5985,0.662998,0.17380032,0.34519088
2152,6170,2.4745865,0.6568502,0.0043919533,0.009144127
2152,4187,91.38271,0.6587299,0.1770069,0.351736
2153,6169,33.48291,0.66297114,0.06649082,0.12794879
2153,2154,143.33994,0.6613303,0.2583705,0.51069707
2153,2155,190.31763,0.66304076,0.3427103,0.67597294
2154,503,71.307686,0.6600435,0.12923753,0.25732473
2154,2151,128.42697,0.6611741,0.23262942,0.4598605
2154,2153,143.63385,0.6610062,0.25972995,0.51334846
2155,4293,41.733517,0.6668604,0.08285466,0.16382553
2155,6168,74.96036,0.66901356,0.14441882,0.2884655
2155,2153,190.08464,0.6644857,0.34348658,0.6783517
2156,2157,47.432625,0.65622085,0.08911291,0.17583045
2156,1661,33.932247,0.65683675,0.06665306,0.12918125
2156,2159,90.02123,0.65899974,0.16437933,0.32693577
2157,6421,87.97229,0.6567056,0.1594854,0.31731677
2157,2158,70.38025,0.657794,0.12825695,0.25598705
2157,2156,47.679443,0.6570643,0.089383274,0.17652558
2158,2157,70.13089,0.6580102,0.12791987,0.25528997
2158,2149,33.653893,0.6588949,0.06652039,0.12803277
2158,2159,35.36643,0.6598429,0.06895498,0.13406685
2159,2150,73.242805,0.660306,0.13048029,0.259722
2159,2156,90.02072,0.65944993,0.1645146,0.32729048
2159,2158,35.430447,0.66003394,0.0690758,0.13432397
2160,1658,45.581654,0.65032417,0.09097836,0.17873795
2160,1656,8.223343,0.64466065,0.016350776,0.032626674
2160,3561,120.641014,0.63969946,0.22298643,0.43910944
2161,3484,93.28044,0.6282134,0.18845475,0.37176865
2161,4762,77.4207,0.63079524,0.15651962,0.30959964
2161,7007,8.48143,0.62823635,0.016038999,0.031730384
2162,2163,42.01168,0.63509965,0.07986933,0.15325204
2162,4708,28.628628,0.637452,0.06697148,0.13141793
2163,7007,109.66898,0.6336215,0.20767885,0.4088555
2163,2162,42.17613,0.6344795,0.08044219,0.15421693
2164,2632,130.03609,0.636971,0.31567484,0.62268245
2165,80,1.9669495,0.5266097,0.0030364692,0.0063281804
2165,2462,20.951277,0.5284534,0.05850979,0.11418974
2166,2398,34.0956,0.5130609,0.084514245,0.16221836
2167,5247,73.59198,0.39003408,0.19304156,0.32577905
2168,4612,62.181587,0.63172376,0.15249933,0.30285445
2169,2411,2.3822174,0.3485037,0.00350032,0.005206123
2169,7049,32.210213,0.6260152,0.08080176,0.16115429
2170,2176,9.1537895,0.57661337,0.018257096,0.036188185
2170,3292,41.64502,0.5769551,0.07997892,0.15450396
2171,3292,23.557901,0.5754431,0.043492045,0.08469166
2171,3289,26.17278,0.5765631,0.060693804,0.11856401
2172,2173,9.979782,0.5764868,0.020195663,0.040140346
2172,3289,17.022375,0.5746065,0.032810066,0.06457291
2173,5270,38.316765,0.5740634,0.07545922,0.14533095
2174,425,32.605473,0.58197546,0.08010849,0.15662494
2175,2176,17.72457,0.5813325,0.03657546,0.070933625
2175,2174,24.841902,0.5774193,0.05922266,0.11446408
2176,2174,13.213287,0.5763374,0.027122527,0.053137228
2177,6581,2.2132149,0.58395433,0.0032886788,0.0072512925
2178,2177,4.4654694,0.5838306,0.0069830716,0.014850959
2178,1530,30.486065,0.59010506,0.06027892,0.11635746
2179,6407,2.103695,0.5929741,0.004919097,0.010535061
2179,462,2.1531982,0.59326315,0.0043187886,0.009500414
2180,6325,22.493029,0.5893827,0.055235785,0.10719122
2181,4240,2.1785545,0.5937667,0.0041433796,0.009129778
2181,2180,2.693222,0.59407467,0.0070799366,0.014589086
2182,1375,56.72667,0.6051544,0.14034744,0.27682766
2183,3467,69.49596,0.5842438,0.13211864,0.26018643
2183,2387,130.4798,0.5739834,0.2701586,0.5292018
2183,6445,5.256832,0.58641577,0.010671116,0.021627933
2184,3286,132.16078,0.47064438,0.26534113,0.5133193
2184,3918,31.5919,0.47021213,0.09814027,0.19414572
2185,1256,9.90741,0.40470597,0.017487407,0.03447561
2185,2228,40.223396,0.39219442,0.089174144,0.1713416
2185,2376,68.663055,0.41554537,0.07633287,0.14179006
2186,2187,1.4019203,0.5491597,0.0024949238,0.005833164
2187,111,102.67914,0.55126894,0.21413627,0.41841042
2187,2188,1.6759071,0.54907936,0.0032328293,0.0068106353
2188,4447,4.0036316,0.5538121,0.008552067,0.017424345
2189,214,92.71744,0.57380915,0.31689855,0.62215227
2190,2189,12.016258,0.5966526,0.022205234,0.043759584
2190,3311,4.119602,0.6027742,0.011091977,0.022356927
2191,2335,140.24463,0.57056355,0.26537678,0.5199037
2191,677,78.537476,0.5773383,0.16364977,0.32053322
2191,6997,49.881348,0.5913888,0.10375798,0.20262733
2192,4049,24.128775,0.018226326,0.068689555,0.14104146
2192,3010,3.667595,0.377982,0.00774391,0.015515804
2193,3512,1.5704536,0.579865,0.0024419576,0.0061685294
2193,4999,138.69424,0.5402986,0.2938591,0.5685082
2193,2121,156.71509,0.55726385,0.3230641,0.6295008
2194,987,1.8698807,0.60275733,0.005037561,0.010865048
2194,4301,58.382584,0.6066009,0.09015408,0.1727209
2195,2539,192.6783,0.65266794,0.35444078,0.6982903
2195,2123,22.50269,0.656349,0.04780144,0.091641486
2195,877,315.06165,0.6513846,0.6150427,1.210342
2196,6793,1.5345154,0.6468047,0.0027215555,0.0061661303
2197,1857,18.460299,0.45288113,0.0391949,0.07562657
2197,5754,16.383295,0.45126545,0.03459564,0.0669043
2197,1855,27.97102,0.4576503,0.058626365,0.11080458
2198,131,3.3171654,0.55934525,0.006842494,0.014179513
2198,6080,8.594753,0.55753636,0.0187513,0.03756748
2199,2582,99.87161,0.5507752,0.19333343,0.37815785
2199,6079,31.613422,0.5583866,0.06357199,0.12284422
2200,4554,19.022654,0.56934464,0.039277058,0.075591646
2200,5060,50.37906,0.569676,0.1610598,0.3175163
2201,4562,1.9829178,0.57152504,0.0056342185,0.011839747
2201,4561,2.7023125,0.57046896,0.004400559,0.009457752
2202,3786,14.92338,0.5695523,0.030819308,0.060264744
2202,1426,35.181828,0.5712493,0.06819415,0.1339031
2202,4561,12.677351,0.57159567,0.02595567,0.051119328
2203,3579,31.719046,0.52371615,0.07816038,0.14931512
2203,6300,14.09547,0.52680403,0.03255814,0.063669875
2204,2207,33.077545,0.5114521,0.06653458,0.12736142
2204,2206,28.502945,0.51282364,0.05803243,0.111126326
2204,1219,43.936703,0.50689983,0.08665353,0.16949248
2204,4139,33.480408,0.51595354,0.066842146,0.12898673
2205,3741,1.5780525,0.52238166,0.0022146627,0.004807666
2205,6298,9.4646,0.5182056,0.020193532,0.040010527
2205,1892,36.48897,0.5186346,0.072708204,0.14071637
2206,6157,13.459295,0.5164635,0.029421836,0.057192326
2206,4138,37.86234,0.52223504,0.08373654,0.16207291
2206,2204,28.397427,0.51337194,0.057713877,0.11035921
2207,3565,60.967155,0.5064094,0.11817834,0.23071365
2207,2204,33.017136,0.5113582,0.06649281,0.12715825
2207,4059,24.397196,0.5117957,0.051372938,0.09792862
2207,1839,28.791431,0.5069482,0.059143122,0.11254019
2208,674,181.0978,0.6564234,0.32815075,0.6475431
2208,464,2.4304848,0.6245119,0.0060677156,0.012386501
2209,6,2.3911362,0.6634573,0.003901288,0.0075463057
2209,667,40.62203,0.6678928,0.07599937,0.14825426
2209,5034,30.163147,0.66754985,0.063259125,0.121930376
2210,1324,3.2817535,0.6119604,0.0077700615,0.015935227
2210,2211,4.620636,0.61067116,0.0069268495,0.014676809
2211,6335,30.822224,0.6187562,0.07705684,0.15236087
2212,6383,69.45342,0.6164444,0.10112107,0.2003524
2212,6431,14.658907,0.61716646,0.03304911,0.06447719
2212,408,12.434406,0.6170548,0.027909562,0.054686792
2213,2215,28.236298,0.6205604,0.050485235,0.09603455
2213,2792,19.40964,0.6220967,0.03999873,0.07755921
2214,2248,2.656437,0.6214522,0.004337564,0.0093261
2214,1114,35.51396,0.6213746,0.06917201,0.1339499
2215,2213,28.933502,0.6169267,0.051703297,0.09899898
2216,3913,244.60162,0.5754609,0.46466076,0.9079744
2216,5589,11.967852,0.58770794,0.025405742,0.05004838
2216,2217,29.590485,0.5854657,0.06304665,0.121438034
2217,2388,53.242252,0.58302164,0.1006293,0.1961701
2217,2216,29.28415,0.5860848,0.06285632,0.12118168
2217,1179,130.33261,0.5751808,0.27136979,0.5311053
2218,3670,2.2001076,0.39534676,0.0029214546,0.0008068383
2218,3915,2.298603,0.67934555,0.0040888265,0.008529231
2218,2219,57.387062,0.4010356,0.15352425,0.23711409
2219,660,1.9171104,0.6805167,0.002500303,0.005382821
2219,3873,101.60277,0.67389214,0.18501118,0.36745152
2219,2218,57.053596,0.3988371,0.15280108,0.23560032
2220,3284,199.12794,0.65376574,0.36099982,0.7119016
2220,3158,35.020355,0.6611359,0.06874817,0.13368413
2220,4134,113.633514,0.65951306,0.2074091,0.41100842
2221,1947,9.718437,0.5879399,0.019693464,0.038812622
2222,2244,93.711105,0.5826953,0.17659041,0.34737855
2223,6296,19.403542,0.50602144,0.04134819,0.08027342
2224,4163,3.324356,0.5003069,0.006175481,0.012480587
2224,2226,13.204725,0.5019548,0.02796349,0.054534107
2224,2323,76.09387,0.48794717,0.15281901,0.29599518
2225,6637,77.50418,0.3934241,0.16364133,0.3151563
2225,2229,33.111042,0.41612178,0.070351675,0.13314095
2225,1208,32.79698,0.41503277,0.06957504,0.13182802
2226,2321,73.11809,0.4916558,0.14446971,0.27999482
2226,2223,33.55362,0.5048549,0.06670553,0.12777147
2227,2228,34.293198,0.40098047,0.06424871,0.120907426
2227,2230,25.789108,0.40502542,0.0556609,0.10509046
2227,2376,31.840809,0.41802666,0.06736493,0.12790118
2228,2227,34.271614,0.39805305,0.06422231,0.12019673
2228,2320,42.1886,0.3826096,0.096177675,0.1857919
2228,2185,39.503056,0.3960852,0.09011071,0.17354965
2229,3609,2.1750832,0.423817,0.0036371723,0.0073628426
2229,2225,32.975586,0.4133629,0.06922242,0.13196571
2229,4677,57.743538,0.42302662,0.11671756,0.22566369
2230,2227,25.750923,0.40134332,0.055387065,0.104971476
2231,7039,2.3544693,0.645602,0.0038539171,0.008152947
2231,1663,24.704948,0.6499505,0.050109368,0.09658896
2231,5099,201.68999,0.6441719,0.39372727,0.77597123
2232,4662,23.146458,0.025723964,0.12453826,0.2642986
2233,5244,10.435068,0.04045999,0.04665306,0.09718065
2234,2692,33.26886,0.695737,0.09399314,0.1784647
2234,4632,13.343607,0.013815641,0.03220511,0.064679004
2235,6199,19.151684,0.043227196,0.08586589,0.17658462
2236,2235,34.60505,0.67840624,0.10634589,0.20292792
2236,5010,33.764137,0.6823195,0.059928127,0.113976225
2237,5163,1.6178665,0.67665696,0.0040477216,0.009062007
2237,5165,12.092424,0.6776531,0.0277194,0.05453393
2237,3945,3.0346756,0.6759203,0.007315226,0.01506184
2238,578,2.8323288,0.4721766,0.004926592,0.009967819
2238,578,102.3777,0.46647587,0.22672138,0.43756145
2238,1511,25.906988,0.4735581,0.05811681,0.11052703
2238,1837,135.00159,0.4624501,0.27523726,0.5312016
2239,1328,31.207401,0.5539674,0.06263437,0.12021694
2239,5456,4.024048,0.55579734,0.0071757883,0.014332265
2240,1395,17.157608,0.5648048,0.037136186,0.0726441
2240,5450,1.3389053,0.55494636,0.0025282055,0.0055072755
2241,5451,1.4434776,0.55597687,0.0030604303,0.00647597
2241,5454,6.396286,0.55921036,0.014113426,0.028549656
2242,2733,53.466022,0.5698301,0.103237934,0.20228003
2242,2886,8.302681,0.56278825,0.018021658,0.03583549
2243,4380,10.372686,0.58465654,0.021310858,0.04200521
2243,5381,21.76766,0.5845458,0.047056366,0.09121959
2244,2222,92.87299,0.5826682,0.17744869,0.34859908
2244,2748,44.145058,0.5882238,0.084395915,0.16470146
2244,3231,119.9629,0.5871889,0.22489244,0.4422794
2245,6399,1.7589493,0.59721553,0.003884256,0.008196577
2246,2429,1.7811546,0.54574865,0.007699743,0.015839547
2247,1166,21.747856,0.5470957,0.06027038,0.11704381
2247,4029,54.61002,0.55008847,0.083847545,0.163726
2248,2214,2.6553574,0.62083375,0.0042533353,0.009011269
2248,2249,6.733082,0.623313,0.012022145,0.024056152
2248,2609,248.38501,0.6122398,0.46257383,0.9063017
2249,1115,7.7636375,0.6183968,0.014971346,0.029953808
2249,1115,5.744484,0.619178,0.01074177,0.021704003
2249,2248,6.406044,0.62295645,0.011208639,0.02273506
2250,5388,2.3915367,0.5619144,0.00442037,0.009498507
2251,552,1.6338425,0.5531559,0.0030160919,0.007007867
2251,3206,63.257706,0.55108637,0.13222359,0.25830436
2251,551,37.163322,0.5561517,0.07776273,0.1512853
2252,2253,36.664783,0.5579658,0.07150361,0.13860568
2252,5095,105.4839,0.55011797,0.20266554,0.39581788
2252,2254,124.31249,0.55166805,0.23818964,0.46553057
2253,1130,1.9751854,0.5544894,0.0032414272,0.007073298
2253,1133,149.19531,0.5507094,0.31717685,0.6164427
2253,2252,36.513065,0.55798036,0.07124443,0.1382849
2254,2252,125.59027,0.55204713,0.23906887,0.4679569
2254,5283,75.87338,0.55015415,0.20089051,0.39132214
2255,2256,73.50172,0.5621684,0.14090094,0.27659154
2255,1131,115.53362,0.5566848,0.21861896,0.4269501
2255,1130,119.11241,0.5556097,0.22630957,0.44272196
2256,1127,81.621216,0.56183803,0.1574986,0.30874437
2256,1126,171.07483,0.55212533,0.3293891,0.6427562
2256,3016,116.570496,0.56226075,0.2215397,0.4340309
2256,2255,73.07513,0.56184506,0.1413171,0.27733463
2257,1128,51.22886,0.56313777,0.09926477,0.1946985
2257,3055,14.202438,0.56124735,0.030208785,0.059011467
2257,2258,17.341446,0.56307733,0.037199307,0.07229902
2258,4747,2.0344315,0.56246877,0.0037448853,0.0083090365
2258,2257,17.766033,0.5625949,0.038146097,0.07406418
2258,1129,40.561142,0.56128025,0.085952215,0.1655766
2259,2525,34.063347,0.5728588,0.08285595,0.16323349
2260,2261,6.514702,0.5729972,0.012702711,0.02565828
2260,2262,1.8521881,0.5722312,0.0025726631,0.005742565
2260,1170,71.72074,0.56985354,0.13236389,0.26211566
2261,1171,147.91443,0.5589682,0.279664,0.5466381
2261,2262,7.606762,0.57292145,0.015395395,0.030541569
2262,2260,1.8386002,0.57119095,0.0026500747,0.006001681
2262,1170,138.84705,0.56660664,0.26206562,0.5141251
2263,3015,69.421906,0.6063748,0.13114172,0.259108
2263,2593,35.816288,0.60865605,0.07444002,0.14573826
2263,5574,45.17927,0.6078953,0.09198521,0.18028359
2264,79,10.881269,0.5347808,0.028465696,0.05567816
2265,18,4.1658897,0.53608197,0.010887183,0.021806747
2265,6386,49.671783,0.534426,0.09826167,0.19254465
2266,3338,259.98807,0.5364829,0.5097094,0.99326587
2266,6021,23.137936,0.5299415,0.06526308,0.12626505
2267,2973,48.11152,0.5870077,0.091989696,0.18004057
2267,5699,74.94929,0.5823581,0.14185253,0.27930045
2267,4068,73.57399,0.5853887,0.13693087,0.2680302
2267,2972,28.397785,0.5856407,0.056424603,0.10791842
2268,2972,59.76664,0.58806866,0.11437336,0.22423947
2269,4377,1.7689781,0.5860005,0.0024891347,0.006021723
2269,5703,156.85382,0.5777294,0.29611185,0.57777345
2269,4376,139.36859,0.57811475,0.28805822,0.56209415
2270,3169,224.29298,0.570362,0.42270732,0.8277348
2270,1942,52.521233,0.5807237,0.09950058,0.19397889
2270,5700,112.941635,0.5805245,0.21288607,0.41819274
2271,1469,48.86824,0.52316195,0.1569798,0.30569905
2272,3991,0.078933716,0.5239039,0.004874468,0.00981544
2273,2272,1.1173592,0.52499026,0.0032140762,0.006696403
2273,2271,2.5121613,0.5260568,0.009668246,0.01939191
2274,3830,2.6217766,0.3010332,0.0023423135,0.0044433326
2274,3829,15.683308,0.29779166,0.036706492,0.06995977
2275,2412,95.94281,0.6321332,0.17756477,0.3502082
2275,705,50.282845,0.6231814,0.09554617,0.18774153
2275,704,100.27472,0.63007367,0.18471488,0.36418974
2276,6329,45.383682,0.6306472,0.0924821,0.18174903
2276,705,112.07561,0.62586516,0.22614375,0.44556922
2276,1372,55.111256,0.6323509,0.103740886,0.20503213
2277,108,3.9922104,0.5434467,0.01008489,0.02056685
2277,4435,34.261562,0.5458993,0.08368399,0.1623442
2278,256,14.707928,0.34708786,0.04026421,0.07796286
2279,631,92.512085,0.4386829,0.19036835,0.36649334
2279,1311,24.306616,0.4484892,0.055055685,0.10465934
2279,6266,4.711254,0.44183317,0.010241874,0.020146132
2280,520,51.564728,0.41085526,0.10771929,0.20667513
2280,1231,35.45359,0.4051435,0.07447027,0.14137991
2280,519,41.10791,0.4220954,0.08341867,0.15941927
2281,2279,2.0743866,0.44506186,0.0044890866,0.008874506
2282,6267,1.7706795,0.44088143,0.0033565909,0.0067403316
2282,1231,43.611897,0.4215234,0.09653131,0.18611187
2283,3697,43.42428,0.3289269,0.095179066,0.18096244
2283,1233,23.12772,0.31246927,0.0539966,0.10185561
2283,370,23.440203,0.33400995,0.054552514,0.10299849
2284,4038,16.497776,0.32529092,0.04216834,0.080953434
2285,370,22.125448,0.34699345,0.051071502,0.09641489
2285,7060,21.508638,0.3522657,0.05029312,0.09491464
2286,2832,25.921682,0.2966136,0.062040444,0.11771014
2286,1673,6.97089,0.29221666,0.015184663,0.028890133
2287,2626,1.7884216,0.5271066,0.002449073,0.0056058317
2287,3422,87.36331,0.52373403,0.17015207,0.33195406
2287,3703,50.71628,0.5377981,0.12724788,0.24946444
2288,7032,130.86769,0.4808857,0.26199254,0.5061696
2289,2290,10.5064335,0.5134583,0.021505177,0.04240997
2289,3259,33.284946,0.5041264,0.06677392,0.12857455
2289,1851,218.0486,0.4999146,0.43365607,0.843476
2289,2517,7.948662,0.50905854,0.016026981,0.031847984
2290,2289,10.542625,0.5120746,0.022446334,0.044228032
2291,2774,3.3220062,0.6340024,0.0053519234,0.01130271
2291,3588,41.689438,0.63537276,0.07983987,0.15731388
2292,6908,2.2857895,0.6281666,0.003710784,0.007818893
2292,3597,37.669876,0.6309371,0.08047625,0.1574765
2293,2294,4.7577095,0.6285216,0.009484448,0.019123554
2293,6501,41.102966,0.6299914,0.0847731,0.16605209
2294,2297,2.8311615,0.6312837,0.0053537935,0.011580512
2295,2293,5.75296,0.6326542,0.0117973015,0.024119824
2296,2292,2.6149216,0.6319819,0.004400067,0.010029957
2297,909,5.007786,0.63113654,0.009446032,0.019284606
2297,2296,4.0954704,0.6310729,0.008214086,0.01688154
2298,406,2.125866,0.61574453,0.0028270632,0.0065398514
2298,2313,31.6189,0.6202091,0.0651116,0.12500545
2299,1856,62.422928,0.4751029,0.123777,0.23952684
2300,2340,119.835686,0.3586079,0.26112574,0.501854
2300,1234,66.54681,0.2887703,0.15014441,0.29154024
2300,1267,70.74902,0.3175565,0.15782326,0.30489886
2301,1926,1.6616096,0.5133576,0.0028650165,0.0061651617
2302,3538,1.6179085,0.49895564,0.0021729916,0.0045411885
2302,1258,26.584255,0.49307024,0.05529141,0.10523934
2302,1036,49.76289,0.5080363,0.10717803,0.20806454
2303,3537,1.3128662,0.47300342,0.0039065033,0.008216813
2303,1037,68.32204,0.4786931,0.15372127,0.29623035
2304,2305,32.548084,0.5143706,0.06556253,0.12602177
2304,3664,25.083166,0.51054835,0.052768238,0.10058893
2304,3435,29.944897,0.510051,0.060980275,0.11646733
2305,1279,61.02491,0.5122013,0.11881872,0.2317937
2305,2304,32.6586,0.5145444,0.06566464,0.1262424
2305,1217,25.786787,0.5125751,0.05357732,0.10209314
2306,109,11.236883,0.54297346,0.026849195,0.05283238
2306,6419,7.908413,0.54092354,0.01956933,0.038675964
2307,2308,11.308521,0.43807584,0.023803711,0.045985296
2307,5612,23.5202,0.4234606,0.051692076,0.097325645
2308,6834,1.9515381,0.4378986,0.0028087497,0.005617976
2308,1625,9.750515,0.43672484,0.020065226,0.03906271
2309,3803,1.2879448,0.52131224,0.002511777,0.0057458133
2309,1621,21.01386,0.5247584,0.045960065,0.08803838
2310,1892,30.672535,0.5153122,0.062039606,0.11901607
2310,3566,33.055386,0.5133301,0.06701305,0.12747894
2310,5245,32.842422,0.51688427,0.06610125,0.12618297
2311,6794,2.573906,0.6408376,0.004822962,0.0102799535
2311,3381,1.4485893,0.64057815,0.0017762259,0.0047115088
2311,6711,165.93063,0.636425,0.3095343,0.61241245
2312,381,15.454454,0.6203632,0.0315955,0.06159258
2312,407,2.0301056,0.6148826,0.0035026968,0.007900119
2313,382,4.6630173,0.6189054,0.008642122,0.017479777
2313,2298,31.621277,0.62132955,0.064854115,0.12487747
2314,680,47.88979,0.60953593,0.09892129,0.19255346
2315,252,1.8634529,0.45491767,0.0040209517,0.008308217
2315,4868,9.371048,0.45684394,0.011928879,0.023542613
2316,2318,6.484146,0.33999348,0.0147934705,0.028300762
2316,370,8.981117,0.3425877,0.020251937,0.038679913
2316,1673,46.81341,0.31753764,0.101235546,0.1922886
2316,1676,29.862152,0.35709852,0.06412208,0.12073615
2317,2318,2.1880608,0.34101236,0.0051723495,0.009789631
2317,2319,1.9635811,0.34036142,0.004526399,0.008530244
2317,627,29.0588,0.36389878,0.07490825,0.14407092
2318,2316,6.539009,0.3408699,0.014987096,0.02854757
2318,2317,2.274414,0.34159806,0.005322963,0.010219216
2318,1669,34.81701,0.36120096,0.07534282,0.14105378
2319,2317,1.8667526,0.3417887,0.004204765,0.008014098
2319,7027,15.982443,0.33370763,0.03955005,0.07556935
2320,2228,42.93188,0.37971452,0.09554584,0.18256551
2321,2323,32.16011,0.4807997,0.06598324,0.12542233
2321,1255,32.094807,0.49086332,0.066338114,0.12627643
2321,2226,72.438614,0.49071315,0.14380342,0.2785864
2322,1441,44.806076,0.46731222,0.08802,0.17141157
2322,1442,34.48702,0.46503374,0.069646396,0.13296352
2322,7033,22.934275,0.47445107,0.048937254,0.0931721
2323,1211,22.530474,0.47150669,0.048141424,0.091663845
2323,2321,32.31171,0.48039648,0.06613934,0.12553743
2323,2224,76.2404,0.48584935,0.1522591,0.29460645
2324,3578,10.784834,0.52185845,0.025418423,0.050343633
2324,4059,1.6662598,0.5163331,0.0020859987,0.0045540333
2325,3330,10.070972,0.34580705,0.02210503,0.039867774
2326,1119,56.627274,0.58894503,0.15000999,0.29411608
2326,2077,117.73966,0.59004086,0.22129023,0.43590677
2327,2884,13.269333,0.59331036,0.027133785,0.053089797
2327,5521,41.288162,0.60121095,0.12694035,0.24751058
2328,3726,42.111275,0.46662605,0.08398922,0.16288114
2328,1854,47.625145,0.46955916,0.09626901,0.18646447
2328,3725,64.51092,0.46948096,0.12792219,0.24835272
2329,3728,16.431007,0.4666595,0.023781084,0.04660958
2329,5750,6.299206,0.45603353,0.012717314,0.024735332
2329,1857,60.730865,0.45496187,0.12223882,0.23737636
2330,3726,1.7845917,0.4634299,0.0027353093,0.0053940713
2330,16,13.777716,0.46374437,0.030007377,0.058095932
2331,11,1.732872,0.44077566,0.0027372465,0.00575687
2331,2920,49.273438,0.4384401,0.12562013,0.24424812
2332,2561,45.08079,0.40951192,0.090692624,0.17339033
2333,2013,92.32066,0.39526638,0.19317874,0.3720382
2333,1235,38.62935,0.36965877,0.08206358,0.1554845
2333,1267,80.607376,0.35710576,0.17540325,0.33780766
2333,6476,91.81209,0.39701438,0.19373113,0.371899
2334,5794,1.5239792,0.4531815,0.0049165115,0.009983316
2334,3511,31.418365,0.44852868,0.06587055,0.1249128
2334,5399,56.26095,0.4512471,0.11490459,0.22361436
2335,892,93.579025,0.57531166,0.17786993,0.3492207
2335,893,75.98627,0.5670556,0.14557728,0.28609356
2335,2191,140.50803,0.57150555,0.2659864,0.52125543
2336,60,39.3269,0.6292369,0.084796175,0.16495395
2337,2053,67.93823,0.43217173,0.13709417,0.26388094
2338,5391,5.7472305,0.55376947,0.014608301,0.028736472
2338,4818,27.606869,0.5513055,0.051324274,0.098979846
2339,2008,20.888645,0.4131044,0.045694143,0.08718233
2339,2921,3.6878624,0.41673818,0.0072284415,0.014441401
2339,2006,43.12216,0.41976327,0.08751757,0.16860314
2339,2553,62.547615,0.40987962,0.1284689,0.24998993
2340,2008,56.40266,0.40142626,0.11521154,0.22160466
2340,5557,31.696255,0.39693084,0.06766489,0.12726524
2340,2300,119.58642,0.3599888,0.2604604,0.50080454
2341,1208,24.570621,0.42357832,0.054232232,0.10212652
2341,536,137.26978,0.38461053,0.29514453,0.56666225
2341,2342,43.168003,0.43262058,0.087439224,0.16855371
2342,1517,127.02164,0.44466716,0.26079267,0.5025243
2342,1837,73.20383,0.4498934,0.14770024,0.28476417
2342,2341,43.925728,0.43707043,0.08857375,0.17127937
2343,1518,8.850395,0.46778482,0.018126152,0.035587266
2344,580,3.337597,0.48549026,0.0060042217,0.012259528
2344,583,13.144558,0.48383594,0.02870188,0.05557564
2344,537,56.821888,0.4907771,0.123919144,0.24074084
2345,1254,40.44494,0.49811658,0.08021812,0.15586926
2346,1201,64.527985,0.5246536,0.12475524,0.24373704
2346,1515,23.83423,0.517227,0.049989186,0.0955272
2346,2356,15.7747135,0.5187527,0.032947112,0.06397138
2347,1514,2.2769814,0.50500375,0.0041434392,0.008612588
2348,2402,138.27893,0.48806465,0.2758274,0.5338383
2348,2349,7.995365,0.4918651,0.016240492,0.03213735
2348,1553,234.25136,0.49346995,0.4675453,0.9082191
2349,2348,8.047359,0.49317276,0.016195692,0.03187555
2349,1506,74.44417,0.48098195,0.16269112,0.31404644
2349,5264,124.31888,0.4936855,0.2676678,0.5172658
2350,1572,101.14023,0.5078955,0.19365965,0.37605375
2350,5265,62.33172,0.509843,0.13658309,0.26622602
2351,2241,11.106245,0.56055814,0.024335414,0.048077345
2351,6418,37.09424,0.5600226,0.07721609,0.15124777
2352,5056,12.407177,0.51659435,0.028653577,0.05638744
2353,3355,1.9399757,0.5345274,0.0028392375,0.0064339936
2353,6774,6.623955,0.53435314,0.0115754455,0.023663715
2354,5988,33.177383,0.5389768,0.071108565,0.13709798
2354,1199,3.421646,0.5365979,0.007235579,0.014962032
2355,4924,2.2772827,0.52847046,0.0042206794,0.008255675
2355,2358,19.754263,0.52813107,0.041671984,0.080356605
2356,2357,63.63814,0.524607,0.123329505,0.24114183
2356,2346,15.715195,0.51910627,0.032805644,0.06365549
2356,1277,18.75018,0.5195157,0.039329264,0.07606852
2357,1199,63.651382,0.53329736,0.12303576,0.24053821
2357,2356,63.626152,0.52372396,0.12326741,0.24097084
2357,1201,10.428553,0.5274092,0.021237224,0.041882247
2358,1201,28.976467,0.52543676,0.05876804,0.112296045
2358,2355,19.556892,0.5268995,0.041079164,0.07959995
2358,4949,9.743885,0.52518904,0.019777559,0.039230287
2359,2365,3.152073,0.5466886,0.0067543164,0.013730064
2360,4420,23.159044,0.5434031,0.051272806,0.09806727
2360,6946,4.4394836,0.54313236,0.009549238,0.01919429
2360,6845,44.259365,0.5424226,0.09295053,0.18126094
2361,6946,6.286228,0.539759,0.013479613,0.026868612
2361,2360,5.301834,0.539832,0.011547059,0.023296028
2362,2361,1.5734978,0.5423733,0.0030200183,0.006573856
2363,6943,4.2574425,0.54201484,0.008926012,0.017916098
2363,93,58.5755,0.5390703,0.123370856,0.24138355
2364,2363,2.7491798,0.54252636,0.00563623,0.011679575
2365,3621,60.534035,0.5509033,0.12808411,0.2508446
2365,1325,3.5219154,0.54676807,0.0072162896,0.014287457
2366,881,5.2013817,0.54633945,0.012511104,0.025317624
2367,6342,2.7046967,0.56538016,0.0042994395,0.009336352
2367,6622,1.6875229,0.5694911,0.0023153052,0.005428791
2368,2367,40.40153,0.56926465,0.06938946,0.13309075
2368,6411,12.356745,0.5632871,0.024182677,0.048291743
2369,1058,37.862644,0.5668442,0.064842,0.12261957
2369,1687,49.715584,0.5663537,0.078935415,0.15051307
2369,6411,9.834488,0.55890864,0.023785971,0.046504706
2370,1356,29.577944,0.52062184,0.05998781,0.115442954
2370,6203,39.079937,0.5242059,0.10387161,0.20230304
2371,1354,28.001017,0.5199401,0.057112023,0.10923945
2371,1355,53.797176,0.5267069,0.10380325,0.20268428
2371,1356,81.244484,0.5270645,0.15751109,0.3070959
2372,4463,1.660675,0.6067202,0.002201736,0.0052331537
2372,347,62.13749,0.61784667,0.12934877,0.2551665
2373,6572,2.7167168,0.6204473,0.0019602776,0.00505051
2373,3889,9.758636,0.62033635,0.020377137,0.040601447
2374,2375,29.864885,0.5083716,0.062282994,0.118149415
2374,1508,214.4204,0.48672378,0.42933273,0.8318147
2375,1507,122.10675,0.5192389,0.23711425,0.4610461
2375,2374,27.769775,0.5099283,0.058606602,0.111918576
2376,2227,31.691025,0.4142159,0.06706773,0.12691014
2376,2185,67.915474,0.41881746,0.07651866,0.14290659
2376,1257,9.21027,0.42455322,0.016172953,0.032149866
2377,5053,3.2943153,0.6276718,0.0054755434,0.01173082
2378,411,20.628145,0.6232256,0.04308671,0.083201446
2379,2377,35.45826,0.62911195,0.07059302,0.13763906
2379,777,18.443672,0.62643975,0.03777864,0.073759325
2380,3470,74.34305,0.60496086,0.18903624,0.37331566
2381,5685,2.3150635,0.58450395,0.0062238052,0.012903541
2381,5686,15.567816,0.58094287,0.02905289,0.05682292
2382,1025,11.129564,0.59167874,0.020263582,0.040460438
2382,3385,8.225826,0.59506905,0.019444145,0.038560882
2383,893,12.168701,0.5661178,0.026046783,0.0511121
2383,677,170.55054,0.55157185,0.35773942,0.69628334
2383,1171,100.05336,0.5646883,0.1892683,0.37101096
2384,2994,5.340355,0.54935163,0.010002568,0.020251885
2384,118,6.719677,0.5489527,0.013006143,0.026177675
2384,2607,57.11541,0.5526497,0.115994,0.22718443
2385,2876,190.49506,0.55413747,0.36346245,0.70939916
2385,1178,78.644646,0.56711066,0.16435811,0.3217086
2385,1177,136.63747,0.55494046,0.2852051,0.5564662
2386,1183,66.75641,0.5684661,0.12722638,0.24986117
2386,1172,44.13915,0.5715692,0.08478045,0.16501388
2386,2387,56.81369,0.5708526,0.109490216,0.21504882
2387,2386,56.829895,0.5716151,0.10936751,0.21487293
2387,1172,28.046474,0.572558,0.05976239,0.114684
2387,2183,130.37616,0.5734019,0.26995727,0.5284006
2388,6446,1.6670341,0.58328414,0.0024345368,0.0053336173
2388,2217,52.77176,0.5826653,0.10058747,0.19581622
2388,6445,20.158625,0.58404523,0.043563463,0.08451247
2389,3912,1.955925,0.59130675,0.0035458133,0.007180795
2389,4536,47.181232,0.5924809,0.09626139,0.18754438
2390,2998,85.48947,0.46180397,0.17261565,0.33322337
2390,4915,74.53193,0.45059848,0.15090495,0.29151404
2390,2007,40.864628,0.45632893,0.0816929,0.15757093
2391,3688,88.532394,0.4801651,0.17780513,0.34389216
2391,2392,54.13349,0.4736998,0.10765129,0.20937946
2391,574,30.418718,0.47432852,0.0629393,0.11975342
2392,6177,3.5032997,0.4663095,0.0072833076,0.01460208
2392,2391,53.81405,0.4716122,0.107530706,0.20863728
2392,4670,3.869133,0.46804595,0.009817839,0.019484386
2393,4794,84.33775,0.6522438,0.1526409,0.3036679
2393,1963,311.5531,0.6270995,0.57351977,1.1257751
2393,513,94.60977,0.6709433,0.1730653,0.34416378
2394,796,22.485767,0.5479067,0.040501945,0.076842174
2394,2067,74.80405,0.55080795,0.10731992,0.20941092
2395,2746,146.46698,0.583709,0.2735247,0.53810555
2395,697,30.56255,0.5942664,0.06150004,0.11705634
2395,3231,119.04691,0.5885165,0.22301653,0.43840176
2396,2015,210.81583,0.4689791,0.4284924,0.8279962
2397,4666,88.43884,0.36421233,0.18824354,0.36226687
2398,2115,1.5272179,0.51171887,0.001926519,0.004151061
2398,4828,9.511051,0.5160311,0.022462852,0.044533774
2399,2057,1.4822502,0.6304569,0.0032539517,0.007018283
2399,3478,50.845337,0.6276491,0.10745872,0.21058849
2400,2143,82.51177,0.5994791,0.15458344,0.30426496
2400,2401,114.99105,0.5951462,0.21425536,0.42089868
2400,3433,33.387592,0.5978188,0.06595265,0.12706986
2401,4527,1.7612152,0.5985128,0.002373919,0.0055544227
2401,2400,115.09975,0.5936843,0.21340892,0.41935286
2401,3070,12.18989,0.59825665,0.02608192,0.05114335
2402,5806,1.5679817,0.48314828,0.0021668598,0.0044932216
2402,2348,138.51312,0.4887369,0.2779397,0.53811175
2402,534,73.025665,0.4775602,0.19742085,0.3829174
2403,1500,37.024406,0.5185205,0.07842489,0.15222614
2403,3608,90.87437,0.5270534,0.19597144,0.37992454
2404,3589,4.2330093,0.51611215,0.008899167,0.01824294
2405,2420,108.898796,0.5081254,0.21520776,0.4168519
2405,3589,61.830635,0.5083452,0.12273575,0.239396
2405,6981,76.66684,0.5075851,0.15063646,0.29312396
2406,6689,0.8685303,0.5018554,0.0028170496,0.0062649697
2406,7015,12.453468,0.49416754,0.029066026,0.05700642
2407,2408,39.25436,0.49671966,0.09459503,0.18315096
2407,2406,1.3237419,0.4931964,0.004319802,0.008775607
2409,2408,1.8835487,0.4909151,0.025736913,0.05039023
2409,2406,33.69364,0.49951074,0.08412017,0.16004367
2410,641,84.036766,0.5792593,0.15904024,0.31317198
2410,4337,19.897198,0.58846825,0.048121937,0.094489895
2411,2167,5.1575203,0.3363688,0.010559045,0.017895013
2411,2168,3.2126236,0.6313435,0.008436643,0.016805261
2412,2275,96.35477,0.6274036,0.17727113,0.35038793
2412,704,27.702663,0.6352236,0.06544803,0.12840354
2413,2424,17.344631,0.48617852,0.040511135,0.078298956
2413,2415,103.63155,0.48488823,0.20733395,0.40173227
2414,3973,1.4992218,0.48836902,0.0018947199,0.003956735
2414,2420,115.50126,0.4942426,0.230299,0.4458717
2414,572,56.20324,0.4861836,0.14590521,0.28292122
2415,2420,116.51216,0.4976142,0.23162276,0.4488353
2415,2421,37.148643,0.49662256,0.07433644,0.14345238
2415,2413,103.23182,0.48813134,0.2065906,0.39971492
2416,6879,11.548117,0.58703613,0.024584979,0.048408583
2416,3950,16.410175,0.5819975,0.021980986,0.04354416
2417,2016,41.7619,0.461988,0.087777466,0.16954874
2417,2051,31.083977,0.45673063,0.06910077,0.13069575
2417,2418,42.17724,0.45563504,0.08483772,0.16422492
2418,2422,51.261864,0.46282816,0.10417692,0.20233299
2418,2016,60.823586,0.4619368,0.12179514,0.2367347
2418,2419,80.07049,0.46607995,0.16153607,0.3118348
2418,2417,42.01813,0.45845795,0.085165195,0.16575931
2419,2418,80.667145,0.46834314,0.16161072,0.3122151
2420,2414,115.68386,0.49218383,0.23009068,0.44598454
2420,2405,109.03846,0.50783235,0.21566516,0.41839266
2420,2415,116.799576,0.49706718,0.23156673,0.4487883
2421,533,126.02936,0.4942693,0.274235,0.5302713
2421,2415,37.244358,0.49587318,0.074463345,0.14356719
2421,6979,44.955338,0.49856848,0.09661387,0.1878344
2422,2418,52.037613,0.46081352,0.10461411,0.20263651
2422,6177,33.445244,0.46513507,0.07402362,0.14203563
2422,2051,44.56907,0.4568419,0.09877219,0.19181246
2423,5025,2.6476936,0.35126883,0.00584583,0.011494115
2423,2052,28.057316,0.11007786,0.078769326,0.15281792
2423,3554,61.847916,0.33784005,0.13749889,0.26884454
2424,3687,1.6328049,0.4842716,0.0022867918,0.0047682226
2424,2426,27.977345,0.49173328,0.06842812,0.12998563
2425,573,126.76556,0.47692698,0.2547837,0.49231875
2425,3815,5.3903236,0.48761162,0.010700561,0.021477416
2425,3625,106.81391,0.4810287,0.21411648,0.41356474
2426,3688,2.0507088,0.48730865,0.0032910854,0.0068341643
2426,4842,34.305977,0.48795873,0.086739436,0.16630752
2427,3686,10.458958,0.48051587,0.021906674,0.042914882
2427,2428,33.291126,0.483012,0.06790744,0.12951225
2427,2019,36.837593,0.47906536,0.07403178,0.14199421
2428,3625,4.6639786,0.4848769,0.008919582,0.017904505
2428,573,34.489754,0.4782129,0.07003939,0.13400309
2428,2427,33.364212,0.48247978,0.067999616,0.12962598
2429,2247,4.9605293,0.5469803,0.015046574,0.03013511
2429,2708,1.8981438,0.54408,0.0027396083,0.0058065653
2430,2467,13.881989,0.3771059,0.030099563,0.05777903
2430,2035,60.640343,0.3949568,0.12510237,0.24247053
2430,3984,63.767117,0.3556007,0.1353554,0.26345766
2431,2432,32.930008,0.3613184,0.07037759,0.13367753
2432,2025,76.85972,0.33459032,0.17022242,0.33002126
2432,527,29.464966,0.35668504,0.06469086,0.121512026
2432,2431,33.14881,0.36324048,0.070784874,0.13346222
2432,2433,59.07148,0.32760352,0.12729296,0.2483314
2433,2037,2.0488281,0.30489445,0.0054351985,0.010160461
2433,2432,57.57357,0.32686195,0.12899867,0.25120598
2433,4953,29.769695,0.13261333,0.081253536,0.1579237
2434,3893,3.6155624,0.5947387,0.012248002,0.0245125
2435,2436,33.984707,0.60153145,0.08677471,0.16894533
2435,2434,66.94124,0.5961605,0.21590799,0.42412817
2436,4513,0.71971893,0.5916179,0.0032306015,0.0074574947
2436,1194,2.1101913,0.59516764,0.004174717,0.009212062
2437,4511,47.148266,0.59918386,0.11860667,0.23205306
2437,3519,71.54483,0.59314036,0.21551019,0.42363346
2438,3519,36.089367,0.60088575,0.09217812,0.17793801
2438,2436,4.970928,0.596681,0.010513462,0.021463796
2439,5850,1.67939,0.5885588,0.0049676746,0.010256872
2439,6481,74.47275,0.5877671,0.22029814,0.43283206
2440,4018,1.0544701,0.58695734,0.003843829,0.008306533
2440,2441,79.5311,0.58985025,0.24010715,0.4718284
2441,2442,0.56741714,0.58332455,0.002329208,0.0053682625
2441,3145,87.54762,0.58683777,0.29088476,0.5727755
2442,2441,0.38536453,0.58441114,0.0018435568,0.004355639
2442,6988,117.758835,0.58786136,0.21919698,0.43051338
2443,3795,2.2923355,0.6750785,0.002206765,0.0049913377
2443,6809,19.322083,0.6715575,0.04533626,0.08814509
2444,3125,2.337288,0.6937641,0.0039165467,0.00740166
2444,1630,1.8457947,0.4479385,0.0018844157,0.001999706
2444,6820,0.11470032,0.37081224,0.0,0.0
2445,419,6.659218,0.51890296,0.016608618,0.03306794
2445,1059,18.087357,0.5173067,0.036136705,0.070357904
2446,4284,3.6482964,0.5945267,0.0069695488,0.0155055225
2446,2803,2.154255,0.57835215,0.0069697574,0.014881089
2447,3230,41.439972,0.5875884,0.07734511,0.15129398
2447,3488,82.52976,0.5818434,0.1554845,0.30361003
2447,3282,106.97004,0.58486164,0.20101504,0.3952418
2448,2449,1.9742126,0.6653191,0.0046442077,0.008752257
2448,6303,21.167519,0.040566742,0.09192483,0.19036289
2449,2448,1.707344,0.65737486,0.0034644306,0.006849006
2449,6170,47.82029,0.6632867,0.093338795,0.18454745
2449,4293,35.96869,0.66727257,0.071669154,0.13980466
2450,5157,32.75482,0.56746054,0.06591484,0.12676147
2450,3477,9.598492,0.56502646,0.019704565,0.03881693
2451,2967,2.6285934,0.56373525,0.0043579936,0.009148285
2451,6262,2.717804,0.5651928,0.0036812425,0.008139625
2451,2453,33.970196,0.5782435,0.08853437,0.16998751
2451,2452,28.59993,0.55501264,0.07168974,0.14036626
2452,4148,34.924812,0.5166383,0.11487045,0.22498901
2453,5597,10.387676,0.5906324,0.027153306,0.0534212
2454,2047,83.07529,0.44876286,0.17043099,0.3281206
2454,2456,50.016724,0.46746653,0.10050662,0.1952908
2454,2455,38.2446,0.4648884,0.07713561,0.14782682
2455,2454,38.514347,0.46584386,0.07691502,0.14769477
2455,2032,28.30752,0.46666855,0.05870749,0.11141893
2455,2456,20.245262,0.4653786,0.043158602,0.08271786
2456,2454,50.351208,0.46819857,0.10041575,0.19509007
2456,3720,43.929714,0.472807,0.086525165,0.16799152
2456,2455,20.163193,0.4660663,0.04298419,0.08235993
2457,3982,53.558414,0.3767334,0.11224172,0.21793747
2457,2023,22.860813,0.3977128,0.050232146,0.095164225
2458,2047,73.34139,0.41923815,0.15115403,0.29016858
2459,287,2.3898773,0.6751508,0.003497012,0.0072353035
2459,474,30.009434,0.6755809,0.07072529,0.13913208
2460,1440,102.07057,0.5292685,0.19743183,0.38406104
2460,4810,4.843094,0.56103504,0.00881616,0.017796904
2461,1470,34.379578,0.5805958,0.0719741,0.14048709
2461,6788,68.75966,0.5773399,0.14361483,0.28146765
2461,3050,26.860495,0.58029914,0.057175215,0.10872348
2462,1468,85.23475,0.52978593,0.16789663,0.3277889
2462,1718,57.74193,0.5285525,0.18848681,0.36686352
2463,1019,24.761034,0.5734236,0.054412812,0.10383885
2464,679,15.336245,0.5115142,0.032393117,0.0634203
2464,2465,21.589449,0.50596744,0.044210184,0.08536295
2465,2464,21.913393,0.5051765,0.044342387,0.08559985
2465,679,8.905338,0.5132769,0.02116634,0.042226493
2466,474,2.358242,0.67300415,0.0038132817,0.008403629
2466,287,29.8037,0.681466,0.07076352,0.13910224
2467,5071,2.427822,0.3741478,0.0049380586,0.009791061
2467,2050,41.460423,0.16663417,0.12047316,0.24787995
2467,2430,13.46817,0.36966053,0.029306874,0.056348562
2468,3979,1.8968201,0.33099848,0.0039919913,0.007547289
2468,3984,12.808838,0.33708638,0.029087886,0.05548004
2469,1889,1.2846489,0.006299138,0.00910987,0.016374096
2470,290,2.213848,0.67284775,0.003127411,0.0069940835
2470,2459,17.620266,0.6778209,0.040211212,0.07820175
2471,6006,1.6605644,0.46513805,0.0023309216,0.004830897
2471,3773,128.03851,0.48063865,0.25632054,0.4957711
2471,2029,26.30241,0.46437135,0.06020181,0.11429996
2472,6635,31.140598,0.5077504,0.06386995,0.122259125
2472,800,149.28914,0.5193974,0.29322982,0.5695063
2472,4058,89.41411,0.5169064,0.17461684,0.33878142
2473,3908,2.096325,0.45408776,0.0033109263,0.0066646785
2473,5783,2.1764412,0.45437586,0.0036155358,0.0073187053
2474,175,8.752068,0.583893,0.02057825,0.040543273
2474,2521,6.335907,0.5778427,0.015051194,0.030074894
2475,2476,1.1250916,0.54387724,0.0038769841,0.00865306
2475,766,84.046555,0.5458677,0.27697387,0.5393132
2476,2475,0.61769867,0.5414804,0.002938591,0.006905362
2477,769,44.07466,0.368109,0.10147533,0.19388613
2478,2477,2.4051743,0.38455302,0.006919265,0.013458222
2478,1153,50.085796,0.36639225,0.1072497,0.20360771
2479,1991,1.35643,0.48323217,0.004437253,0.009395018
2479,6729,31.472797,0.4756757,0.06592669,0.12482131
2480,3200,1.4683113,0.5790452,0.0026551187,0.0056609213
2480,1431,41.783104,0.58337855,0.11252545,0.21962747
2481,2482,2.653698,0.3705815,0.0039237887,0.007855132
2481,1908,72.82323,0.36801788,0.1563861,0.30242622
2482,1901,17.452396,0.37414008,0.03980808,0.07621601
2483,4547,50.24016,0.48502392,0.11000907,0.21314174
2484,2483,3.1207466,0.4874615,0.0038706735,0.008162022
2484,2033,2.5984306,0.48371208,0.004536897,0.009289846
2484,2510,60.532032,0.4899272,0.11958177,0.23208447
2485,2487,88.47271,0.4839188,0.17787385,0.34312665
2486,6635,106.317955,0.49296755,0.21226573,0.4113502
2486,2033,26.087376,0.4820269,0.058320552,0.111375876
2487,2485,88.55754,0.48284453,0.17836802,0.34563807
2487,2486,32.424843,0.47942764,0.07286129,0.13901871
2488,6727,60.6113,0.61882704,0.11269523,0.22273955
2489,280,37.389263,0.582765,0.07347911,0.14212388
2490,365,9.306385,0.5765149,0.016557276,0.033175185
2490,6619,4.983036,0.58088297,0.012197375,0.024655282
2491,6632,58.52707,0.5617941,0.1489461,0.29146177
2491,2495,1.0700264,0.5600382,0.0036918744,0.007919729
2492,3504,2.1634712,0.56102777,0.007188402,0.0146678835
2492,2491,3.1379395,0.56170994,0.009235375,0.018680021
2493,2492,1.2803993,0.5655354,0.0037522763,0.008078262
2494,2493,0.58553314,0.5618773,0.0040889457,0.008568138
2494,5390,30.444376,0.5599313,0.07900752,0.15311319
2495,2494,0.95061874,0.56411505,0.0034834817,0.0074774027
2496,1056,3.890789,0.58095384,0.009784564,0.019988775
2496,6620,19.812912,0.5830944,0.046408735,0.090015
2497,6619,3.7622986,0.5819449,0.006444216,0.013333291
2497,365,2.754692,0.5763541,0.0033845752,0.007777989
2498,5488,61.67566,0.66712844,0.1139967,0.22714826
2498,5401,89.30922,0.6697588,0.27931035,0.5540249
2499,3391,1.7527046,0.59033304,0.0016828701,0.003324777
2499,1536,137.28427,0.5817147,0.20037279,0.39508343
2499,1534,90.21221,0.5793451,0.16968173,0.33120117
2500,4095,43.348434,0.69244576,0.08683041,0.17077254
2500,1635,1.9718323,0.68687844,0.008341633,0.016740337
2501,5878,2.0235481,0.6727927,0.0045675933,0.009529412
2501,5660,126.1785,0.40144977,0.40847334,0.70167327
2502,1882,95.606064,0.6760369,0.28949144,0.57229835
2503,2504,3.5419083,0.46433917,0.0036150292,0.007728398
2504,2503,3.9968185,0.4660382,0.00467398,0.010087043
2504,4540,8.006508,0.47375858,0.017723776,0.03494665
2505,2503,6.3609543,0.47322148,0.013859212,0.027189702
2505,4540,2.6475296,0.46969298,0.0021308213,0.0048612207
2506,2194,29.7817,0.60717773,0.07184477,0.13988586
2507,1645,3.178543,0.61165535,0.00781367,0.01627867
2507,2892,24.933592,0.61179197,0.045793295,0.08947192
2508,27,64.88277,0.6203449,0.13532093,0.26579046
2509,2510,2.3521004,0.5008366,0.0037341043,0.0075975657
2509,2018,54.670982,0.5007541,0.10735953,0.20941319
2509,2513,47.559246,0.5027187,0.09455609,0.18335259
2510,2509,2.368248,0.5007488,0.0037739128,0.0077721477
2510,2484,60.61784,0.48993298,0.119963355,0.23326561
2511,6892,46.510136,0.51321614,0.09093415,0.1761323
2511,2512,26.830744,0.51388526,0.055449825,0.10563625
2511,2513,72.8304,0.5063175,0.14212124,0.27662185
2512,3378,48.426617,0.5157518,0.09335914,0.18300225
2512,6893,13.387255,0.51714766,0.027909786,0.054547712
2512,2511,26.604721,0.51294094,0.05486277,0.10462524
2513,2514,1.7691956,0.50636744,0.0024429709,0.0052115023
2513,2511,72.76723,0.5056628,0.14270575,0.2776985
2513,2018,13.471207,0.5057545,0.028020233,0.054440267
2514,2513,1.7712555,0.50488216,0.0024919957,0.005269915
2514,2510,48.774685,0.5005432,0.098209515,0.19011942
2514,2048,104.64282,0.50045496,0.20812204,0.40354443
2515,2517,29.908909,0.5009328,0.06065178,0.11614377
2515,1078,1.6236229,0.50263864,0.0051165596,0.01053068
2515,2518,27.994308,0.49551058,0.057681467,0.10944628
2516,4244,1.5207367,0.49989763,0.005783975,0.012001112
2517,2289,8.24538,0.50873286,0.016723022,0.033167496
2517,1311,123.32828,0.48475993,0.27067038,0.52330714
2517,2515,30.222885,0.5004747,0.061198562,0.11757693
2518,6823,1.5606956,0.4952268,0.0022145137,0.004486367
2518,6821,8.568859,0.4951444,0.015752248,0.031110585
2518,2515,28.17506,0.49668187,0.058407307,0.11126344
2519,3100,2.135559,0.6734089,0.003633678,0.007408008
2519,3134,4.6680756,0.66653234,0.014073908,0.027343452
2521,176,7.043087,0.58043313,0.016623832,0.033288777
2522,5532,116.24696,0.59883827,0.29338896,0.57698154
2523,4744,1.842968,0.5588154,0.002930902,0.006591618
2523,2254,63.524292,0.5540881,0.16321872,0.31806433
2524,2526,77.10936,0.5593479,0.14582837,0.28597552
2524,5273,75.64203,0.5607136,0.14495426,0.28480724
2524,4744,146.50095,0.55161536,0.27983567,0.5460016
2525,1135,1.4729271,0.5580284,0.0038847476,0.008120909
2526,2524,75.96286,0.5567314,0.14582747,0.28656143
2526,1134,82.649506,0.55755204,0.15811056,0.3104781
2527,4875,1.7462692,0.56944925,0.002732128,0.0060261637
2528,5061,1.390564,0.58999634,0.004117757,0.0087017715
2528,5848,133.71228,0.5810204,0.3190452,0.62355393
2529,3149,35.955055,0.59164274,0.08776434,0.17013635
2530,1163,2.6341286,0.5949414,0.0038536936,0.008458644
2530,7053,299.60992,0.59448826,0.113882564,0.24725235
2531,2529,26.399471,0.5972585,0.06296258,0.12167095
2531,2530,16.446692,0.59961283,0.03316039,0.064802974
2532,6538,25.253782,0.5958039,0.051889274,0.09960567
2532,6565,21.146618,0.59660393,0.050172593,0.09689351
2533,1844,152.3675,0.4366296,0.3152618,0.6068845
2533,4813,19.431662,0.49694088,0.04148383,0.08035901
2533,4475,54.080627,0.50495696,0.107439086,0.2093486
2534,1817,4.220394,0.63474107,0.0078057125,0.015561327
2534,5600,63.376335,0.6305224,0.11718031,0.23122978
2535,3186,2.595707,0.64152336,0.0041276887,0.0089830905
2535,6576,9.689644,0.6460511,0.019275889,0.038250938
2536,3383,82.143936,0.6392169,0.16956165,0.33442885
2537,5181,1.9481773,0.40738028,0.003442213,0.0041268617
2537,736,4.6579247,0.66947806,0.0065660253,0.014269322
2538,3974,44.12814,0.65482503,0.08328703,0.16421147
2538,2539,147.41234,0.64689296,0.26803792,0.52742016
2538,3101,78.192856,0.6480807,0.15395461,0.3048756
2539,2195,193.27484,0.6521274,0.35472375,0.6991607
2539,2821,75.94446,0.6590257,0.13713849,0.27335608
2539,2538,147.68715,0.6510639,0.26835725,0.52855265
2540,2543,3.868946,0.6057733,0.009651661,0.019858629
2540,4080,25.81307,0.60260767,0.049526386,0.09707972
2541,187,8.12426,0.60908633,0.015556768,0.030902773
2541,405,32.069317,0.60807014,0.06336545,0.12181857
2541,2542,3.6571121,0.60775346,0.005243562,0.011037573
2542,2541,4.076664,0.60755783,0.006362818,0.013331786
2542,6264,26.181097,0.61086696,0.05359074,0.103648126
2543,1636,4.50264,0.60499835,0.010677241,0.021155417
2544,2545,6.282524,0.41375542,0.013201654,0.025310919
2544,2563,18.808968,0.4178505,0.038073536,0.07270236
2545,6835,2.3392715,0.41173428,0.003912069,0.0077597946
2545,3693,10.853811,0.4195841,0.02154331,0.041747123
2546,3698,4.0072594,0.4143191,0.01048772,0.020603329
2546,2548,10.32165,0.40535846,0.020368777,0.039302036
2547,2558,2.6091805,0.41749442,0.0045942366,0.00911741
2547,6835,4.626045,0.41335455,0.008159548,0.01613681
2548,2549,3.709755,0.40756524,0.007024221,0.013943285
2549,6814,60.40628,0.4020473,0.12548421,0.2420721
2549,2548,2.9110909,0.4090696,0.005696997,0.011449218
2550,3691,2.3966904,0.47244757,0.0038003772,0.0076784343
2550,2998,38.026237,0.47198057,0.07613826,0.14515665
2550,2564,2.6190796,0.46973127,0.004570499,0.009110466
2551,2560,1.7806358,0.41361672,0.006068565,0.012025788
2551,2921,66.40697,0.41129592,0.1383682,0.26814687
2551,2918,19.891455,0.40580106,0.04431923,0.08455653
2552,2554,3.3331451,0.4077494,0.0053244233,0.010591075
2552,6816,3.0131836,0.41199845,0.0058260486,0.011699751
2553,2555,1.7130356,0.4101755,0.0058356747,0.011691764
2553,2339,62.423164,0.40934926,0.12887122,0.25026262
2554,2548,2.2822456,0.4114766,0.0040386617,0.008215517
2554,2552,3.5315628,0.41220447,0.0057513416,0.011367336
2555,2553,1.7591286,0.40985838,0.005473152,0.01088132
2555,5900,106.182625,0.4129702,0.31487325,0.60946614
2556,2557,6.0710487,0.42077845,0.015011683,0.029140249
2556,2559,19.466194,0.4229834,0.039527424,0.07576179
2557,2558,9.25436,0.42326722,0.018149346,0.03501855
2557,6739,4.1883774,0.41818666,0.010869056,0.02088499
2558,2559,3.694355,0.41614443,0.0067088306,0.013336495
2559,6827,44.037926,0.42181107,0.09111025,0.1737572
2560,2551,1.7040939,0.41525957,0.0054166317,0.010750726
2560,6828,119.25793,0.40386856,0.38815537,0.7523728
2561,2332,45.06273,0.41468552,0.0918361,0.17633973
2561,2562,3.565361,0.40416318,0.00727728,0.014502659
2561,2552,78.26457,0.4050476,0.16342151,0.31591618
2562,2561,4.2705193,0.39898276,0.008643173,0.016966984
2562,5556,1.7347946,0.40406656,0.0032323822,0.006822109
2562,2553,49.88688,0.40319076,0.10450649,0.20137683
2563,536,95.55102,0.37599194,0.28669372,0.5544892
2564,3691,1.1380081,0.47206587,0.0041173548,0.008669376
2564,2550,2.7082253,0.46894494,0.004654035,0.009475797
2565,5940,1.0916786,0.61459464,0.0024118423,0.006122023
2565,5914,71.08277,0.63203734,0.17601973,0.34772718
2566,2567,0.02878189,0.60219276,0.020558178,0.038953245
2566,3884,24.310549,0.62809783,0.051559992,0.10023578
2567,1752,318.62372,0.61650074,2.198529,4.3088803
2568,5126,1.7449455,0.5961494,0.0030378327,0.0072597265
2568,5289,27.08619,0.59811866,0.05869028,0.11310552
2568,5127,6.943863,0.5995109,0.016625457,0.033032626
2569,2570,8.0758705,0.6783302,0.01931554,0.0386851
2569,5166,3.1281013,0.6701439,0.011079848,0.022219628
2570,3945,3.4820557,0.6782136,0.0089904815,0.01873669
2571,5166,1.6846886,0.6687153,0.0065336004,0.013073668
2571,1948,11.922201,0.6783023,0.02463714,0.04828188
2572,5518,1.1924477,0.08580366,0.0079436675,0.016051784
2572,488,68.91785,0.6803974,0.17485958,0.34404415
2573,2989,1.8519478,0.59534925,0.0038080364,0.008339256
2573,4085,24.283972,0.5989806,0.05274646,0.10217967
2574,6696,103.992905,0.58062,0.15302837,0.29976213
2575,3345,99.21858,0.65398985,0.18076864,0.35880965
2575,5575,83.87353,0.65426207,0.1513966,0.30127743
2575,3081,83.951416,0.6564266,0.15156592,0.3021585
2576,1095,31.805098,0.0,0.16780046,0.36053503
2577,1341,7.495693,0.5813337,0.018072821,0.036325738
2577,947,65.55188,0.589587,0.19689134,0.3865105
2578,2084,1.9462204,0.60459983,0.0025125146,0.0056994706
2578,2579,11.361744,0.60720354,0.022529945,0.04440327
2578,834,27.333546,0.6155186,0.0761291,0.14801705
2579,830,76.66565,0.6100859,0.14276773,0.2821002
2579,832,72.78982,0.6029713,0.13689205,0.26996785
2579,2578,11.030579,0.606144,0.021827959,0.043003842
2580,691,2.7190552,0.5944905,0.0070934594,0.0147152245
2580,224,2.799492,0.59274256,0.0069882646,0.014661655
2581,2102,111.51113,0.6324905,0.20389804,0.40271223
2581,2074,42.468384,0.6271048,0.081629604,0.15956353
2581,2072,39.468487,0.62799406,0.076647066,0.14923468
2582,4206,1.7346306,0.5565302,0.0023884475,0.005604401
2582,2199,101.14849,0.55053735,0.1925264,0.3774876
2582,1243,22.88097,0.55847764,0.051007614,0.09788223
2583,6644,81.46248,0.6745581,0.1496776,0.29758775
2583,6639,19.210821,0.033632725,0.09004093,0.18721329
2584,3775,9.569092,0.5808094,0.018628642,0.037052676
2584,3599,5.1527596,0.57843596,0.00909052,0.018495604
2585,657,2.1250877,0.69313896,0.0028096884,0.0063388348
2585,3916,79.11066,0.3833359,0.24406025,0.3952762
2585,4371,96.08267,0.68245536,0.17762262,0.35376924
2586,2117,1.6062584,0.34114528,0.0052880123,0.010330558
2586,1902,16.711582,0.33864808,0.046307694,0.090910815
2587,2834,59.759903,0.49074763,0.118640274,0.23050207
2587,1249,65.51035,0.4839058,0.13121529,0.25467718
2587,6834,47.38971,0.4615043,0.09539208,0.18541253
2588,6011,5.230854,0.4992644,0.015223496,0.030024484
2589,3612,1.8445053,0.38322735,0.003176123,0.006286919
2589,3610,24.220497,0.37180343,0.05689167,0.10673009
2590,2638,56.255325,0.50240767,0.124345504,0.2384001
2590,3402,15.578537,0.5007478,0.03401416,0.06629813
2591,5278,14.712084,0.54988104,0.035097092,0.068350255
2591,2625,137.09567,0.5407057,0.26656303,0.5214598
2591,4180,44.935467,0.5572749,0.08705839,0.17061228
2592,1189,21.223206,0.5969355,0.04462097,0.08583271
2593,3014,44.445644,0.60822994,0.08483769,0.1663008
2593,1191,29.617777,0.6093091,0.06356591,0.12209163
2593,2263,35.428017,0.60877514,0.07400049,0.14435862
2594,455,122.91056,0.606186,0.22742617,0.44860035
2594,454,16.029512,0.60417867,0.032728974,0.06368605
2594,1599,37.416386,0.606055,0.072791986,0.14249279
2595,3666,12.468445,0.6065553,0.025110163,0.049517244
2595,2610,1.9315147,0.6079696,0.0025149286,0.0055704266
2595,6095,41.310223,0.61088616,0.0805657,0.15702212
2596,456,3.4182777,0.61288595,0.0050678104,0.011503637
2596,733,3.0958595,0.6145251,0.004744582,0.010212854
2597,456,2.3607368,0.61132425,0.0031251833,0.007224366
2597,1599,117.13542,0.6051909,0.21806374,0.42928755
2598,454,111.72482,0.60199195,0.20745322,0.4089642
2598,5122,43.58556,0.60920924,0.083499506,0.16312963
2598,4090,168.28163,0.6045363,0.31443733,0.6187635
2599,6417,2.123375,0.55506676,0.0037991107,0.008038193
2599,1792,29.853432,0.55547136,0.06576555,0.1263543
2600,903,1.5135384,0.53950244,0.002921395,0.0068220496
2600,2605,43.076473,0.5418556,0.092383705,0.18033499
2601,1596,1.7353363,0.53298825,0.0022919849,0.0050849468
2601,2604,28.10923,0.53280157,0.06160131,0.11677941
2602,544,1.5932579,0.53022796,0.0019643381,0.004540503
2602,4888,131.4466,0.5344301,0.2531757,0.49340516
2602,5554,53.545235,0.52721244,0.11229191,0.21851744
2603,542,2.1260185,0.5324367,0.0036107004,0.0071879327
2603,4704,46.01046,0.52989787,0.09615729,0.18704185
2604,545,1.5337029,0.53037626,0.0020194128,0.0045455396
2604,2602,22.171091,0.5315574,0.048964813,0.09326479
2605,6410,1.2139244,0.53289115,0.00227952,0.0054127276
2605,902,36.353516,0.53708756,0.07166439,0.13922477
2606,5935,1.5536461,0.55703515,0.0018999726,0.004645556
2606,2994,68.262085,0.5541157,0.1307554,0.25665057
2606,6024,12.712391,0.5568458,0.027876705,0.054685317
2607,2384,57.502213,0.55331904,0.116958596,0.22858547
2607,6756,1.5396881,0.5587716,0.0020138472,0.0052607507
2608,1290,49.359398,0.6042911,0.094012275,0.18431161
2608,1291,22.491167,0.5985095,0.045502607,0.08849012
2608,1288,40.74587,0.6048862,0.07824564,0.15412977
2609,4928,76.19394,0.62326276,0.14296877,0.28324056
2609,2248,249.50941,0.6141292,0.46374443,0.9091855
2610,2595,2.458393,0.60774803,0.0039369017,0.008465901
2611,762,41.83729,0.61127275,0.10094791,0.19577834
2612,6437,1.5974426,0.6063437,0.0037302077,0.0078027546
2612,4659,33.33512,0.6164223,0.08564384,0.16576476
2613,4989,8.012489,0.6114414,0.018123522,0.036055043
2614,2615,1.5071831,0.60871184,0.0040237457,0.00881727
2614,2613,9.662476,0.61226326,0.022139125,0.043613926
2615,2616,14.534037,0.6130607,0.03291585,0.064310245
2616,5346,10.794155,0.614099,0.021904401,0.04341744
2616,850,12.5874,0.61687946,0.02890955,0.05681631
2617,5346,1.6618271,0.2772236,0.0019695908,0.003410548
2617,1961,15.527977,0.6178073,0.031831633,0.061965615
2618,4556,27.020464,0.57556766,0.05472777,0.10429005
2618,2650,56.67919,0.5769174,0.110103235,0.21630517
2618,2704,103.91734,0.5707505,0.19676459,0.3863733
2618,133,75.25948,0.5696653,0.14489761,0.2855433
2619,5328,137.83284,0.64329255,0.27637812,0.5457238
2620,1929,34.003616,0.5320757,0.07573439,0.14429015
2621,2623,27.451145,0.5471355,0.066662826,0.12748115
2622,2620,40.340366,0.543333,0.08432123,0.1638979
2622,2621,50.086544,0.5433806,0.12587382,0.24594417
2623,4290,7.524971,0.5535448,0.017648056,0.035234615
2623,1060,38.45597,0.5475778,0.07471769,0.14660273
2624,2630,1.8681946,0.4758655,0.003518641,0.007385507
2625,2628,44.319717,0.5403765,0.09370468,0.18138365
2625,2591,137.13919,0.5422967,0.26375338,0.5164072
2626,2287,1.7497787,0.5288309,0.0026501492,0.0057597756
2626,6872,82.61858,0.5122782,0.18034005,0.34751356
2627,200,1.8830948,0.485311,0.0029526874,0.0063017607
2627,2624,17.298775,0.485606,0.03805338,0.07375607
2627,1625,172.76799,0.46538842,0.35101113,0.6783923
2628,4978,187.64905,0.5256027,0.36738172,0.7154819
2628,2626,3.2550278,0.53021604,0.0070938095,0.014756575
2629,2835,1.6266556,0.5506878,0.003434062,0.007672772
2629,3650,74.8858,0.5641351,0.19224018,0.37429184
2630,2303,1.9966431,0.4796329,0.0040967837,0.008279368
2630,5426,60.623116,0.4607065,0.13432202,0.25967947
2631,2936,39.105175,0.3816355,0.14965305,0.23403245
2632,1471,2.8037682,0.63968873,0.004588641,0.009544089
2632,2633,36.116047,0.6473556,0.08713575,0.1696524
2633,1950,11.724043,0.6506356,0.026746847,0.05247861
2633,2100,118.71681,0.6441978,0.21532124,0.42582878
2634,2501,23.77495,0.4225392,0.08589683,0.14113146
2635,2637,52.578537,0.531438,0.1009843,0.19745716
2635,2636,27.975922,0.5305161,0.05644439,0.1079471
2635,2699,22.199928,0.53021675,0.04647671,0.0887402
2636,2635,27.97519,0.5301617,0.056893837,0.10859971
2636,2891,57.828136,0.5200107,0.112791315,0.22076741
2636,2699,33.770065,0.5304695,0.06699856,0.12995501
2637,2635,52.68403,0.52907366,0.102169394,0.19984117
2637,2129,6.269127,0.52713376,0.012351312,0.024885923
2637,237,77.85094,0.51819175,0.1545853,0.30122393
2638,5738,1.9604912,0.5062611,0.0031862631,0.0065347105
2638,3865,38.80185,0.5083528,0.084935546,0.16100499
2639,2642,77.06261,0.5790442,0.15769027,0.30955642
2639,6789,15.256842,0.5832939,0.0328406,0.06397017
2640,2652,21.760614,0.5457393,0.049522806,0.09529732
2640,5737,74.34004,0.53968316,0.16079244,0.31313044
2641,84,63.271305,0.5859975,0.13222077,0.25986707
2641,2945,15.762186,0.5832482,0.034028627,0.066146724
2642,2639,75.971344,0.5797805,0.15903217,0.311819
2642,2700,19.43367,0.57848114,0.041426715,0.08023424
2642,2643,27.972622,0.5792811,0.056151066,0.107324585
2643,2642,28.256546,0.57686305,0.056270536,0.108556315
2644,1425,87.728065,0.58352697,0.16583091,0.32621032
2644,5318,20.096241,0.58576643,0.042930618,0.08306052
2644,6469,90.8875,0.5838422,0.18758982,0.3674572
2645,89,74.16606,0.57208407,0.14121613,0.27775344
2645,4583,117.0742,0.56466967,0.24621475,0.47947007
2646,2797,38.27438,0.56915677,0.07416229,0.14557695
2646,2645,36.886868,0.57190096,0.07649505,0.14803049
2647,4583,1.480072,0.56104004,0.0019100979,0.0045433193
2647,3331,79.85525,0.55741864,0.15243326,0.2989055
2647,2646,80.821815,0.5590649,0.17233855,0.33463633
2648,3791,2.2006073,0.5813762,0.0037270188,0.008245587
2648,6598,98.18675,0.5714394,0.20926684,0.40957165
2648,128,42.546085,0.5852964,0.08731664,0.17144659
2649,137,16.679865,0.58062077,0.03408057,0.066255234
2649,1273,40.111206,0.58234936,0.082341924,0.16059412
2649,3115,68.30578,0.5825633,0.14060783,0.2761946
2650,2618,56.992374,0.5757231,0.10984545,0.21578494
2650,136,73.38755,0.57271826,0.13869548,0.273259
2650,134,22.410654,0.57603073,0.045748692,0.08807375
2651,3790,1.609932,0.56312704,0.002005048,0.0047927946
2651,1427,9.471703,0.56263655,0.02041965,0.040775597
2651,3785,168.17268,0.55275285,0.3233562,0.63266474
2652,6613,0.61193085,0.3069468,0.0007049814,0.0017333478
2652,6775,82.4229,0.54896843,0.18165106,0.35418183
2653,4919,1.4419937,0.5392779,0.002754584,0.0062329024
2653,2654,105.769,0.5355356,0.20540312,0.400227
2653,4476,159.10403,0.5408018,0.30886692,0.60070384
2654,2653,105.46352,0.5323413,0.20551959,0.40116253
2654,6103,2.9220657,0.5349743,0.00520543,0.010903373
2655,3886,2.2330704,0.5270804,0.0036157146,0.007564798
2655,6102,49.09654,0.53144294,0.09450177,0.1856458
2655,5737,70.90199,0.5203162,0.2287277,0.44402498
2656,6610,1.6158104,0.53865194,0.0021744296,0.005138904
2656,2657,54.557842,0.5376325,0.10769353,0.21005914
2656,6179,39.399208,0.5425206,0.0770016,0.14811671
2657,5760,1.4264221,0.54128146,0.0027050003,0.00602749
2657,2656,55.440536,0.540492,0.109163195,0.21268402
2658,4334,42.902855,0.5389702,0.08304522,0.16153137
2658,4483,114.10146,0.5433599,0.21795282,0.42597586
2658,1959,298.22546,0.542197,0.5767028,1.126778
2659,3331,41.524204,0.55818707,0.08079911,0.15757805
2659,2677,111.46338,0.5543495,0.21170989,0.4146601
2659,6423,71.20726,0.55043805,0.13735506,0.26942194
2660,2661,12.972218,0.53654456,0.027741455,0.054338
2660,4334,16.084446,0.53867453,0.031220064,0.061254784
2660,5760,30.53136,0.53405815,0.062426437,0.11872539
2661,4334,1.9175148,0.5356294,0.0027359948,0.0061618835
2661,2660,13.300268,0.5370952,0.028200246,0.05522602
2661,1718,91.99043,0.5303109,0.17827663,0.34778273
2662,4585,1.2932549,0.5490861,0.0017728508,0.0041065067
2662,2663,87.67248,0.5477868,0.16804333,0.32895833
2662,6423,109.412834,0.54911375,0.20865567,0.40843612
2663,2662,87.42799,0.54814065,0.1683791,0.32933468
2663,6423,41.437252,0.54977876,0.08009637,0.15684369
2663,1466,64.02177,0.54120964,0.12199055,0.23869777
2664,6736,29.13977,0.53945225,0.052475434,0.09923551
2664,109,12.269526,0.5447327,0.029187944,0.057364732
2665,2666,43.371063,0.5581557,0.07174509,0.1379439
2665,122,43.708862,0.5581793,0.0850826,0.16457015
2666,121,61.69011,0.5559364,0.11845949,0.23224498
2666,122,28.657497,0.55890954,0.06116475,0.117752
2666,2723,41.712193,0.5587668,0.08649904,0.16909972
2667,2668,43.40074,0.55146205,0.084165156,0.16468221
2667,2669,69.64805,0.543239,0.13508922,0.26492697
2667,3172,68.80344,0.55058837,0.13255316,0.25993404
2668,2667,43.812885,0.5522744,0.084596746,0.1654571
2668,1955,79.31295,0.55000025,0.15136874,0.2963462
2668,2671,22.97346,0.54816115,0.047788896,0.09120966
2669,2670,23.675169,0.54023916,0.049557976,0.09449376
2669,2672,100.263176,0.52927154,0.19658674,0.38234416
2669,2667,69.66073,0.5438161,0.13452807,0.26384938
2670,236,106.71968,0.53830755,0.20684956,0.40362334
2670,2669,23.682154,0.53992236,0.049382683,0.094073564
2670,2671,34.84269,0.5440059,0.068517596,0.13225175
2671,1954,103.23395,0.5448009,0.20017475,0.39099544
2671,2670,34.583458,0.54299927,0.06847435,0.13178925
2671,2668,22.720085,0.5469005,0.04731297,0.09046872
2672,5739,32.56406,0.50860673,0.072296955,0.13864768
2672,2669,101.17559,0.5261677,0.19839457,0.3863051
2673,6450,1.8082047,0.5692732,0.0024531335,0.0055671483
2673,177,12.289558,0.5707974,0.026780814,0.052688107
2674,6448,1.3601379,0.5696292,0.001544334,0.0037891567
2674,6449,1.8095665,0.5672549,0.003850229,0.008148149
2674,174,37.52784,0.5686577,0.07232614,0.14186752
2675,3510,1.8882217,0.5696657,0.003036037,0.0068550855
2675,1387,33.69404,0.56955266,0.07079632,0.13870558
2675,6449,25.102745,0.5701757,0.053201504,0.10153413
2676,6251,168.74025,0.5634433,0.3221208,0.6305345
2676,2702,30.376522,0.5742864,0.06122511,0.116763785
2676,2680,262.82214,0.55652785,0.5053148,0.9863973
2677,2659,111.36818,0.5548116,0.21137488,0.41412047
2677,2797,79.59296,0.5600944,0.15188041,0.29845238
2677,3043,43.287743,0.5641403,0.08399874,0.16405639
2678,2680,85.23478,0.5552513,0.12692222,0.24898651
2678,5543,79.38414,0.5505178,0.15365422,0.3011135
2678,2798,66.741646,0.5541599,0.1293284,0.2534532
2679,2798,69.065414,0.5551685,0.13332176,0.26122338
2679,91,210.27519,0.53738934,0.4095746,0.7977328
2679,5543,133.35803,0.5436905,0.25697762,0.50194174
2680,2678,84.50223,0.55597824,0.12718454,0.24997444
2680,1711,83.36589,0.55373037,0.12221281,0.23998918
2680,2676,263.404,0.5572732,0.5042968,0.984315
2681,5222,4.2393875,0.53781843,0.010327123,0.020750567
2681,6191,9.031616,0.5284814,0.03238538,0.06459084
2682,2686,10.818684,0.52407753,0.035733208,0.07089628
2682,1729,11.801088,0.534048,0.02618415,0.051548183
2683,6190,2.1352425,0.5312132,0.012617014,0.025058374
2684,1709,1.7993965,0.5344463,0.0030376092,0.0066123307
2685,4941,1.0102692,0.5324366,0.0027634352,0.005731538
2685,2689,29.554268,0.5331647,0.06702586,0.12975784
2686,2688,10.385277,0.5244713,0.035285465,0.06977113
2687,2845,11.237892,0.5239376,0.037547175,0.074691206
2688,1726,24.955454,0.53306246,0.05820975,0.11198315
2688,2690,11.152359,0.5312313,0.055230018,0.1114314
2689,81,33.825462,0.52013,0.09051898,0.1740589
2690,7002,53.281136,0.51526153,0.3285471,0.6340367
2691,1017,37.488052,0.5827873,0.09768251,0.18993898
2691,1005,74.04614,0.5742221,0.2388289,0.47042298
2692,506,14.262365,0.037784904,0.069668785,0.14983824
2693,139,112.162125,0.5746424,0.21276644,0.41789052
2693,2694,16.517706,0.5560154,0.03445455,0.06699183
2694,138,10.803186,0.5472938,0.022075705,0.043515086
2694,2693,15.091591,0.55596536,0.031419758,0.06128525
2695,2696,71.43529,0.549574,0.13746232,0.26871243
2695,7064,2.876419,0.55640286,0.0046382397,0.01014027
2696,5311,1.7749863,0.5468403,0.0028827712,0.0066910833
2696,5309,79.760895,0.5410922,0.15491661,0.30229375
2697,82,123.69182,0.5419455,0.23823339,0.46562052
2697,2698,39.679657,0.5329446,0.0774453,0.1507122
2697,5309,22.593508,0.5364594,0.04771687,0.09150988
2698,196,125.151695,0.51724756,0.24687839,0.47989756
2698,1709,121.69468,0.5285837,0.2604088,0.5046294
2698,2697,39.536255,0.5330346,0.07683812,0.15002108
2698,2130,43.134735,0.5333091,0.091118984,0.17749754
2699,2636,34.241333,0.5315346,0.066790774,0.12991723
2699,1271,89.09783,0.54098827,0.1714826,0.33512473
2699,2635,22.423239,0.53149796,0.046819586,0.08943269
2700,2642,19.575253,0.5816634,0.04166117,0.08067292
2700,6422,31.633047,0.58259845,0.06628981,0.1278881
2700,2767,13.175909,0.5839634,0.026677258,0.05223307
2701,2702,196.27663,0.565845,0.37377986,0.7306087
2701,2767,32.767212,0.57960874,0.06559807,0.12674247
2702,2676,30.530188,0.57416826,0.061103903,0.116983175
2702,2946,167.44835,0.57130754,0.3190763,0.6249766
2702,2701,195.31493,0.56916136,0.37396178,0.73082864
2703,1702,18.14522,0.5768191,0.048876885,0.0960821
2703,137,55.65592,0.5794742,0.106578015,0.21065651
2704,2618,103.83437,0.5698045,0.19659534,0.38593182
2704,5833,41.244328,0.57189333,0.080150805,0.15567797
2704,5550,228.02774,0.5636678,0.43691814,0.8530781
2705,5709,3.7217026,0.6255354,0.00898242,0.018251419
2705,4354,1.6596146,0.62352073,0.0019703954,0.004762098
2706,2707,2.2110672,0.6615602,0.0023878217,0.0057611167
2706,5030,151.42273,0.6662395,0.3678261,0.7274674
2707,2706,2.4405403,0.6615842,0.0029359013,0.0069740713
2707,1112,156.16753,0.6486603,0.38296616,0.75588423
2708,6521,81.94606,0.5465821,0.2637891,0.5148496
2708,3243,208.77588,0.5347525,0.40581477,0.7892821
2708,2429,1.6287537,0.5454618,0.0020644143,0.0051034987
2709,3243,31.529446,0.5415669,0.068377726,0.13018796
2709,2708,34.47444,0.54663646,0.107353576,0.21083467
2710,1484,267.0932,0.52430946,0.40298858,0.7836846
2710,2709,18.6456,0.54147154,0.051410746,0.101027265
2711,3944,52.73667,0.5407996,0.16403738,0.32004905
2711,3944,82.16668,0.53874195,0.15863705,0.31065398
2712,3139,1.5590706,0.53305954,0.0053134933,0.01131627
2712,2715,41.029266,0.52857566,0.13273412,0.2598994
2713,2714,2.097355,0.5250777,0.004089065,0.008856639
2713,5951,62.27713,0.5296988,0.16082495,0.31381196
2713,1487,46.980488,0.5257291,0.09817812,0.19238855
2714,2713,1.8791847,0.52379173,0.0034150109,0.0075512975
2714,2715,1.8047523,0.5254649,0.0031462759,0.00679785
2714,5951,52.85596,0.5320538,0.16388425,0.32001162
2715,2714,1.4812393,0.5269229,0.0028670952,0.0064311475
2716,2113,4.871662,0.516033,0.009295404,0.018735632
2716,5442,2.9299622,0.5181542,0.0075147077,0.015299574
2716,1971,54.971237,0.5189755,0.1322946,0.25827265
2717,4355,81.86708,0.6216396,0.16680214,0.32984787
2718,225,61.305046,0.58039564,0.11714791,0.23080593
2718,2000,2.1350174,0.57926273,0.0060833916,0.012497231
2719,6002,21.39971,0.5886601,0.0512563,0.09940576
2720,4543,80.378586,0.5619927,0.15257378,0.29992554
2720,2721,46.855682,0.56332314,0.08971466,0.17605679
2720,3170,48.358078,0.5646723,0.09398022,0.18452726
2720,1708,41.754852,0.5662236,0.0807057,0.15729588
2721,4686,1.6811638,0.56040853,0.002170533,0.0049320012
2721,2720,46.27402,0.56495047,0.08988505,0.17593662
2721,4274,24.859613,0.56376636,0.05430016,0.103984356
2722,2724,49.88878,0.55554295,0.10425422,0.20413378
2722,121,59.5498,0.55610305,0.1252538,0.24546771
2722,5307,3.5850525,0.5604369,0.007523589,0.015889198
2723,2725,38.2533,0.55755115,0.07374443,0.14564751
2723,2724,23.253145,0.5545806,0.05077832,0.09711749
2723,2666,41.47258,0.5571743,0.086114876,0.16858274
2724,2722,49.895008,0.5565887,0.10456016,0.20528366
2724,1247,75.03951,0.55208415,0.1582314,0.3092017
2724,2723,23.29048,0.5534277,0.050972853,0.09735922
2725,2723,38.93908,0.55570483,0.07462677,0.14669237
2725,1271,101.89256,0.54906994,0.19467993,0.38140047
2725,3172,55.030952,0.55582994,0.08609708,0.16704823
2726,2926,56.74291,0.43540826,0.15274982,0.29209685
2727,6292,30.040525,0.4131157,0.059863236,0.11414689
2727,2726,2.3952332,0.4085808,0.0037423968,0.007149726
2728,199,78.74636,0.42044336,0.21476543,0.40919936
2729,4576,7.272995,0.62895817,0.01419881,0.028435364
2730,2729,44.42988,0.62356174,0.08672498,0.16710804
2730,1340,20.582474,0.6169205,0.04253454,0.0833124
2731,215,107.82431,0.608726,0.20064133,0.3955169
2731,3570,13.935276,0.60567486,0.02846253,0.05571258
2732,4433,1.0374794,0.5441631,0.0023912042,0.0052484274
2732,4445,55.330868,0.55567014,0.10802804,0.21068546
2733,2242,53.42784,0.57217395,0.103476346,0.2026522
2733,140,54.400623,0.58753985,0.10391953,0.20399767
2733,452,62.82911,0.5739804,0.11970784,0.23527949
2734,384,5.524273,0.635286,0.0110493675,0.02231133
2734,3717,12.624193,0.63330156,0.026683152,0.052527666
2735,2736,16.93008,0.6305628,0.03592488,0.06942352
2735,2737,3.0589485,0.63257205,0.005917877,0.012614846
2736,6799,2.1633186,0.62496275,0.003985435,0.008720502
2736,5607,46.054688,0.63062257,0.0955481,0.1866519
2737,2740,24.860174,0.6372991,0.054070458,0.10356106
2738,385,3.842823,0.636359,0.0075438917,0.016019627
2739,2738,4.626602,0.633735,0.009301305,0.019052535
2739,385,3.5733566,0.63418853,0.0065793395,0.013708144
2740,387,7.729641,0.63194335,0.016467094,0.03297946
2740,386,16.512444,0.63439804,0.03504546,0.06838043
2741,2179,73.69592,0.5969019,0.10413517,0.19965911
2742,4080,38.57817,0.6078239,0.06483337,0.12534693
2742,2540,29.209831,0.60891896,0.07206824,0.14011481
2743,4386,1.0365868,0.59702194,0.0033259615,0.007136941
2743,193,59.275215,0.5978105,0.124203786,0.24406964
2744,5954,17.347134,0.6001314,0.03706208,0.07245814
2744,1091,20.545706,0.5985941,0.043629132,0.08415765
2745,1541,46.95265,0.5977339,0.089711234,0.17580761
2745,1240,61.96186,0.6015184,0.15830596,0.3119132
2745,5127,96.066635,0.5991261,0.2438269,0.48097908
2745,1538,237.53128,0.58131605,0.45053667,0.8810006
2746,2747,40.725853,0.59047085,0.07884741,0.15401931
2746,2395,145.84494,0.5859489,0.27298537,0.53745615
2746,3514,107.229576,0.58669573,0.19913697,0.39239442
2747,2748,19.192688,0.5871881,0.03940398,0.076313205
2747,2746,40.99584,0.5886521,0.07887479,0.15452473
2747,3230,94.73552,0.58452713,0.17782933,0.34939998
2748,2747,19.20754,0.58850443,0.039333507,0.07629778
2748,3282,41.335854,0.58802885,0.07927269,0.1554008
2748,2244,43.67241,0.5886613,0.08354975,0.16346377
2749,2399,1.016716,0.60877424,0.0024917126,0.0056242347
2749,757,27.435925,0.62773573,0.06001786,0.114465445
2750,2056,1.3706207,0.6238725,0.0031521171,0.0072303265
2750,4079,16.206488,0.62529117,0.034422018,0.06708293
2751,4653,2.6027985,0.6159493,0.0044482127,0.009322315
2751,5323,23.145977,0.6190727,0.04952505,0.09566752
2751,4905,13.990587,0.61868334,0.02789446,0.054916143
2752,350,82.30936,0.628808,0.1675144,0.33117285
2752,3484,104.435326,0.62759185,0.21240012,0.4182312
2752,2090,130.67332,0.6205306,0.24086815,0.47521472
2753,4309,1.8541527,0.61848795,0.0025651231,0.0057842433
2753,2079,18.502203,0.62275183,0.039563734,0.07696922
2754,4535,2.105217,0.5846018,0.0033154637,0.0071192086
2754,1179,220.06786,0.5698374,0.4229118,0.8249802
2754,4536,30.11908,0.5884401,0.06467494,0.12425388
2755,6903,0.0,0.064473,0.0018559471,0.0034398139
2755,6904,1.563736,0.57374835,0.0026951805,0.0055559427
2756,3811,1.614048,0.6183227,0.0018648878,0.0041723102
2756,4093,19.521763,0.620658,0.04493713,0.08700441
2757,4648,28.264166,0.61013335,0.056183636,0.10824969
2758,3145,1.2620964,0.58639395,0.0037519485,0.008186489
2758,5832,4.8591194,0.5924648,0.008361667,0.016929075
2758,6989,15.878447,0.5916148,0.032125533,0.06263321
2759,4009,1.0987167,0.61706537,0.0031165704,0.007165879
2759,4120,41.736362,0.6226779,0.0792931,0.15462887
2760,4649,55.575207,0.61821806,0.10795213,0.21174464
2760,4007,1.5576744,0.61117834,0.0028170645,0.006390646
2761,3813,16.741966,0.54145205,0.03886814,0.07526516
2762,3622,1.2733345,0.5586586,0.0023895353,0.005287379
2762,4415,41.806446,0.5643178,0.08734385,0.16975003
2763,3713,1.9186592,0.6342681,0.0031325892,0.0074868053
2764,2378,84.25026,0.63010097,0.122172065,0.24274084
2764,387,39.506084,0.6325731,0.0632386,0.11944787
2764,1046,32.644886,0.6290546,0.064395115,0.12427667
2765,2766,1.2660141,0.61376184,0.0044174716,0.009400457
2765,4283,15.031996,0.61503017,0.034420695,0.06718916
2766,4319,2.2893333,0.61477935,0.0061015487,0.012686163
2766,2794,53.971355,0.61610883,0.13410634,0.26473558
2767,2700,13.176588,0.57868296,0.026795097,0.052347526
2767,2701,32.392944,0.5787751,0.06429054,0.12371288
2768,2772,7.0137444,0.6369252,0.014527783,0.029276654
2769,2770,5.4331474,0.63724095,0.0111709535,0.023006082
2770,2738,14.069963,0.6380731,0.028860435,0.056678712
2770,2771,5.45187,0.63496196,0.011079878,0.022272289
2771,2,3.425911,0.63579655,0.005607061,0.01209186
2771,2768,1.898632,0.63361335,0.0030425638,0.0070507526
2772,6460,75.267365,0.64292485,0.15493605,0.3054699
2772,2769,2.7990837,0.6382103,0.0051361322,0.010686785
2773,389,3.118599,0.6357646,0.005999841,0.013018444
2773,2776,2.2150612,0.6328184,0.0038964674,0.008647352
2774,2773,1.6681786,0.6284816,0.002638191,0.006109804
2775,4587,0.12504959,0.07862598,0.001505889,0.0031563193
2776,2777,1.4237823,0.6261597,0.0020272955,0.0050335974
2777,388,3.2361565,0.6390412,0.0061572194,0.013580024
2777,2775,2.37883,0.6304311,0.003950037,0.008948222
2778,5477,9.5786705,0.6190757,0.020607382,0.040921077
2779,760,1.4767532,0.6239672,0.002206184,0.0053257346
2779,6375,10.052948,0.6175342,0.020627819,0.041235313
2780,2784,1.8747406,0.61669564,0.002717644,0.0062834024
2781,2789,57.745506,0.6225268,0.1098415,0.21609786
2781,2787,102.953,0.6196566,0.21492904,0.42211142
2782,2295,91.763245,0.6310308,0.1881961,0.3707552
2782,1114,138.68268,0.6285647,0.25800082,0.5094978
2783,2780,1.6033974,0.6187714,0.002672024,0.0059369802
2783,2781,10.92642,0.6199778,0.023523577,0.04652232
2784,433,1.8140411,0.6218119,0.0027548969,0.006433144
2784,5864,3.2950134,0.62049747,0.0062292516,0.012927815
2785,2596,40.939896,0.61629325,0.07091432,0.1354226
2785,2611,32.82273,0.6150004,0.07195736,0.13745761
2786,4384,35.716015,0.6194612,0.08951379,0.17454118
2786,1115,156.81363,0.61327696,0.2914404,0.5743995
2787,1116,54.550842,0.61892545,0.13283509,0.26160127
2788,1780,24.614542,0.6220949,0.05405209,0.10320001
2788,2778,104.572464,0.61981165,0.21755463,0.42765516
2789,5190,2.1439857,0.6149569,0.0033530444,0.0072930157
2789,3677,34.648506,0.622243,0.068020955,0.13205945
2790,5191,2.0657234,0.61694986,0.0028939694,0.0065177083
2790,2789,3.2197342,0.6183157,0.0053626746,0.011132315
2790,2778,58.307777,0.6228816,0.10907845,0.21451283
2791,2793,2.5010948,0.6187278,0.0029786006,0.0071161836
2791,5863,29.311104,0.62226063,0.063884854,0.12234667
2792,2213,23.898823,0.6211416,0.04071734,0.07839155
2792,2793,3.7022934,0.62057924,0.005622484,0.012100682
2793,2791,2.2191315,0.61421686,0.0025570318,0.005725801
2793,2782,26.96429,0.6226582,0.05851471,0.11302252
2793,2792,2.9996262,0.6220708,0.003944002,0.008724451
2794,6155,1.4085121,0.61448926,0.0037390962,0.008221209
2794,441,25.428612,0.6139172,0.05986932,0.11612642
2794,2795,30.027283,0.6236011,0.073216416,0.1444122
2795,438,1.7580261,0.61219245,0.0028750673,0.006590888
2795,2612,22.780811,0.6214739,0.053098097,0.10199482
2796,5384,178.44646,0.56404203,0.3416811,0.6674853
2796,5813,112.14222,0.57312626,0.23294821,0.45616913
2796,1470,22.877966,0.5763231,0.049722213,0.09533261
2797,3331,134.81085,0.55412966,0.25603727,0.5008008
2797,2646,38.074955,0.5673737,0.07440223,0.14443612
2797,2677,79.60646,0.55974185,0.15199374,0.29849982
2798,2678,67.02706,0.5533392,0.1292623,0.25354776
2798,3043,103.38742,0.55774593,0.19694293,0.3859341
2798,2679,69.48151,0.5573796,0.13315597,0.2617415
2799,5277,38.903442,0.58363986,0.075636074,0.14637217
2799,1367,102.85957,0.57961476,0.192307,0.37814945
2799,4750,30.474926,0.58027637,0.06049805,0.11592778
2800,2932,12.580915,0.5836969,0.025299393,0.049590528
2800,1492,48.758305,0.5846355,0.09322286,0.18226302
2800,3261,35.515224,0.58917254,0.07143483,0.13855395
2801,4090,2.9379196,0.61210746,0.0055137053,0.011517286
2801,6510,47.306038,0.6105175,0.09200834,0.17861824
2802,4090,48.249397,0.61197054,0.09336952,0.18232073
2802,3828,81.04765,0.61057246,0.19863155,0.3904177
2803,4284,5.4212837,0.58708805,0.008271433,0.016963422
2803,1818,68.04947,0.5815069,0.18273881,0.35855782
2804,670,1.9518661,0.6282768,0.0026716068,0.0058405995
2804,1870,53.42102,0.6252108,0.13655472,0.26891962
2805,3863,1.8482437,0.61088735,0.0028294101,0.0059626997
2805,3428,31.23095,0.62430733,0.067688875,0.1318897
2806,1969,11.719685,0.5640956,0.027183972,0.05377972
2806,3150,4.14386,0.5645849,0.00769189,0.015897423
2807,2810,3.1469421,0.5794362,0.0026611388,0.0064694583
2807,2815,29.456854,0.5785276,0.03728557,0.07281251
2807,3213,40.9283,0.5910722,0.08596896,0.16604628
2808,2816,3.1298409,0.57946926,0.0016486943,0.004693553
2808,2818,2.394596,0.5861475,0.006246768,0.013171434
2809,3213,37.58281,0.5773817,0.047078833,0.09105791
2810,2807,2.6772728,0.5772017,0.0016988888,0.004432678
2810,3214,352.84692,0.57140887,0.31136686,0.60964364
2811,2813,1.7723618,0.5802875,0.004850924,0.010276467
2811,2809,5.175392,0.580347,0.008659281,0.017979726
2812,5769,31.170849,0.57582486,0.039633803,0.07721587
2812,2810,40.752266,0.5847777,0.08848708,0.16933024
2813,2809,4.8958244,0.58104604,0.00393714,0.009473488
2813,2808,1.6582375,0.58101666,0.004890971,0.010294452
2814,3239,125.24598,0.5713272,0.32167175,0.6303961
2815,882,4.8392525,0.58020306,0.0027285889,0.006992355
2815,2814,3.358818,0.5806654,0.0047117844,0.010514811
2816,2817,4.639847,0.58008033,0.0039472133,0.009408876
2816,882,1.630436,0.5799654,0.0050007775,0.010515019
2817,2810,35.19966,0.5775631,0.04495167,0.08653215
2818,2951,101.54303,0.5726168,0.2599182,0.50982606
2819,4577,1.7240143,0.57868606,0.0020119473,0.004833117
2819,820,115.827675,0.574496,0.24097958,0.470972
2820,4602,2.4577599,0.6464221,0.0038233846,0.007648766
2820,3102,85.78503,0.65544283,0.17222822,0.34046736
2820,3974,91.35279,0.65906584,0.16564283,0.32957858
2821,1735,92.905945,0.66155106,0.16702038,0.33222538
2821,2539,76.077324,0.65851736,0.13644075,0.2720109
2821,2823,82.46017,0.6575614,0.14992055,0.29890037
2822,2824,37.670742,0.6565095,0.072599135,0.14244667
2823,2821,82.8934,0.6583398,0.14973429,0.29857838
2823,3974,57.40544,0.6563331,0.10614596,0.21095851
2823,2822,31.324339,0.6567212,0.06194167,0.11860693
2824,4615,1.9009933,0.65180755,0.0024201125,0.0057692826
2824,1978,12.592165,0.6575397,0.026007637,0.051271304
2824,2822,38.553974,0.6575705,0.07333427,0.14184165
2825,5482,7.3770065,0.4086589,0.021056756,0.034543023
2826,2909,27.201841,0.6415601,0.05153931,0.099569924
2826,47,59.762783,0.6366681,0.1558225,0.3073531
2827,5853,22.489946,0.6293606,0.051250916,0.09923883
2827,2565,6.069721,0.62337124,0.014042191,0.028188422
2829,2830,2.1372375,0.6312707,0.0031739622,0.006705597
2829,2162,21.132133,0.6384574,0.049098313,0.095060974
2830,2829,2.1644478,0.62721044,0.003125511,0.0065531433
2830,5909,2.391594,0.63022166,0.0037390217,0.0076502413
2830,4727,45.28236,0.63308287,0.10848042,0.2114444
2831,32,58.670227,0.64018565,0.11813333,0.2342218
2831,5505,41.464977,0.6380565,0.08564947,0.1680671
2832,1673,22.895798,0.29749352,0.05515244,0.103688315
2832,1233,2.2521706,0.2985552,0.0059414804,0.010941505
2833,1674,32.058945,0.41462648,0.07283002,0.13915227
2833,1262,17.6154,0.4199645,0.039269596,0.07536861
2833,1625,18.633291,0.42788884,0.04019223,0.07733561
2834,2587,59.938972,0.49053222,0.118966,0.23119944
2834,4920,40.526535,0.51162434,0.07988584,0.15478195
2834,1664,63.107826,0.50520843,0.12390253,0.2415987
2835,3703,0.8819313,0.5419341,0.003808774,0.008303374
2835,2625,12.846827,0.54808104,0.02821251,0.055197053
2836,99,2.7299423,0.54615015,0.004851572,0.010563999
2836,4642,2.4272995,0.54521143,0.0039244443,0.0086689
2836,4641,2.7679024,0.5502154,0.0036020726,0.008100122
2837,4688,22.776106,0.59683216,0.047287825,0.09172766
2837,747,15.230059,0.5945861,0.028586537,0.05598271
2838,2890,8.690651,0.59787285,0.015412711,0.030884102
2838,4069,80.28128,0.599216,0.23711258,0.46552908
2839,2837,5.2349777,0.60014564,0.008513577,0.01750359
2839,6533,73.821945,0.5978947,0.18454462,0.36322594
2840,5415,92.34433,0.62769103,0.16964445,0.3358063
2840,337,123.74669,0.6200375,0.2266317,0.44651836
2840,4591,35.927334,0.62604487,0.071200594,0.13636316
2841,2681,453.30206,0.586051,2.1878903,4.3006263
2842,4489,58.28651,0.57850367,0.13745545,0.26848182
2842,2854,50.819885,0.5703644,0.23199183,0.4528039
2843,1981,82.693726,0.6225341,0.15288194,0.3024208
2843,2985,30.6236,0.61768806,0.06129032,0.11764738
2843,2105,153.14792,0.61619055,0.2822987,0.55648005
2844,4438,2.056778,0.6196544,0.0031148493,0.006622985
2844,4436,22.96447,0.62636626,0.04890214,0.09429947
2844,1303,28.321182,0.621721,0.057518467,0.11059766
2845,2683,4.3718605,0.52997565,0.017966524,0.035027325
2845,6192,7.0801353,0.53700215,0.016795762,0.032843515
2846,5415,1.8430405,0.6272262,0.0025292933,0.005759746
2846,6137,15.976013,0.6300415,0.036159623,0.07064624
2847,2849,95.9942,0.5895928,0.18154263,0.35587737
2847,2972,55.688873,0.5883737,0.10586997,0.20706095
2847,2848,93.85756,0.58865047,0.17626719,0.34674037
2848,6694,188.82568,0.5813875,0.35712892,0.6995235
2848,2847,93.89543,0.58664006,0.17663491,0.3478667
2849,4068,39.45215,0.14988372,0.12627849,0.2573396
2849,2847,97.118835,0.5814558,0.17983173,0.35287222
2850,4591,43.99339,0.6230025,0.083693326,0.16023178
2850,3341,65.09739,0.6213559,0.12131952,0.23874518
2851,2854,35.86485,0.581375,0.08449722,0.16299143
2851,2852,8.762981,0.5797845,0.018565498,0.03719671
2852,4488,0.6209297,0.56958604,0.0023089424,0.005800888
2852,1936,37.82354,0.5776344,0.08017431,0.15339486
2853,2852,40.982887,0.57489246,0.09482781,0.18053104
2853,2841,54.061974,0.5744373,0.24056214,0.469136
2854,1764,24.267712,0.5685404,0.11191894,0.22382021
2855,1158,55.415306,0.5909536,0.106632754,0.20943587
2855,1158,59.022614,0.59151655,0.113394216,0.22310144
2855,3148,12.278177,0.5968069,0.02451744,0.048174024
2855,3312,96.3311,0.58946526,0.18217652,0.3579623
2856,944,66.998276,0.56455195,0.12659493,0.24654546
2857,2861,1.3826218,0.5606662,0.0042800903,0.008817732
2857,4871,44.076675,0.5702539,0.109308854,0.21442644
2858,5847,1.319233,0.5628313,0.002956435,0.0069202185
2858,2856,8.421616,0.5698328,0.00833223,0.017747745
2859,2857,4.847328,0.56428015,0.011702523,0.02377902
2860,2862,1.8152351,0.5673327,0.0047407746,0.010085613
2860,6056,85.40233,0.556587,0.09829883,0.18805999
2861,2860,1.2735901,0.5631143,0.0036905408,0.007850066
2862,3322,24.447475,0.5632346,0.05803142,0.11180344
2862,2859,1.278038,0.5611344,0.0038029775,0.008054569
2863,2868,1.3877296,0.5704558,0.0027749464,0.006289467
2863,2866,1.719429,0.5712819,0.0034166276,0.0074875057
2864,2867,2.3803024,0.5705227,0.0045180246,0.00936839
2864,2866,1.9761467,0.57454824,0.0036265403,0.007986277
2865,2868,0.21186829,0.056889415,0.0008081943,0.0021222532
2865,2867,1.8448219,0.5713177,0.0043602437,0.009509608
2866,2864,2.1356087,0.57287025,0.0046492293,0.009670049
2866,2863,1.6990547,0.57311743,0.003773421,0.00837113
2866,1879,19.920887,0.5767251,0.044106342,0.08518526
2867,2865,1.8944702,0.5746617,0.004372321,0.009126857
2867,2864,2.2391777,0.5758045,0.0046216473,0.009643301
2867,4693,13.056772,0.5706873,0.02882523,0.05625029
2868,2863,1.304779,0.5714981,0.002936229,0.0068545043
2868,2865,0.5700264,0.048517525,0.0019608885,0.0038649738
2868,3181,55.336426,0.5776557,0.11828717,0.23148854
2869,841,2.0169106,0.5776999,0.0032711402,0.0072610825
2870,6614,1.5525589,0.59898144,0.0016606674,0.0040224046
2870,6615,68.46061,0.6030248,0.1282684,0.25342792
2870,5549,30.92064,0.6025924,0.06680195,0.12903687
2871,4697,2.1465912,0.572352,0.0033029243,0.007160872
2871,6026,27.990711,0.57682306,0.060750283,0.11698361
2872,4533,13.232929,0.5769621,0.028100811,0.05520487
2872,1459,35.587257,0.58050483,0.07480554,0.14667988
2873,3238,1.6040573,0.5841991,0.0018752068,0.0047074705
2873,1464,89.40266,0.57991517,0.22859994,0.44787037
2873,1463,188.19217,0.5709299,0.35786,0.7002121
2874,4497,89.696915,0.59846157,0.16806984,0.3314736
2875,4497,2.2266235,0.601498,0.0032079965,0.007040754
2875,4027,58.036934,0.60202557,0.17811917,0.34940577
2876,2385,189.27779,0.55155087,0.36302975,0.7079683
2876,2878,63.867676,0.56296796,0.13506502,0.2646129
2876,1172,33.389755,0.5706618,0.07038002,0.13715965
2877,3880,43.033676,0.56346977,0.09063851,0.175589
2877,2878,2.5243607,0.56484085,0.0053843036,0.011370435
2878,2877,2.4728622,0.56255674,0.0053360537,0.011364639
2878,2876,63.306137,0.560424,0.13236523,0.2595405
2879,1029,119.79833,0.5632843,0.22813812,0.44698036
2879,6323,17.988,0.57380396,0.037152544,0.07189066
2880,6322,3.2674484,0.5798989,0.008095458,0.016527101
2880,6323,2.7386894,0.57833606,0.0042620376,0.009086147
2881,2381,26.492546,0.5759394,0.066197135,0.12753937
2882,2883,38.123524,0.58631396,0.073387235,0.14462125
2883,2882,38.27289,0.58509415,0.07367375,0.14425738
2883,1273,81.587524,0.5782917,0.15567037,0.30657667
2883,3111,30.550404,0.5846578,0.061545618,0.11752528
2884,3351,33.28802,0.59273374,0.06584957,0.12751241
2884,2885,17.259401,0.5947461,0.03543479,0.06892424
2884,3816,41.50822,0.5941448,0.07994226,0.1552377
2884,2327,13.4351425,0.59429455,0.027438194,0.053806677
2885,2884,17.024557,0.5931495,0.03528801,0.06831821
2885,2327,8.398083,0.5920341,0.0227869,0.04486236
2886,2899,26.232826,0.57128024,0.05593945,0.10677544
2886,147,38.463074,0.5624846,0.08137977,0.15734985
2887,4130,1.2769432,0.5896573,0.0036298856,0.0078347325
2888,847,19.770172,0.48937544,0.04276129,0.0822543
2888,3682,36.946266,0.49504915,0.07936343,0.15285946
2888,4970,21.056334,0.49256483,0.04501903,0.08641587
2889,735,3.4970589,0.59818536,0.004931815,0.010963306
2889,727,47.8991,0.6038393,0.09943803,0.19361094
2890,2902,44.769917,0.59348804,0.066903345,0.12872377
2891,2636,58.186623,0.5193587,0.11218225,0.21888086
2891,5739,31.06195,0.50955695,0.063666716,0.12234996
2892,298,17.438784,0.60831887,0.0398791,0.0775199
2893,516,2.0489502,0.5460755,0.0030111372,0.0066817105
2893,2898,4.9295807,0.5521262,0.008475475,0.017128393
2893,3299,52.214584,0.55230933,0.12896511,0.2535064
2893,4289,33.104984,0.5530716,0.060200833,0.1141164
2894,415,1.6722183,0.5470484,0.005502045,0.011427134
2894,423,38.228,0.5511916,0.074534684,0.14731841
2895,2898,2.8391,0.55118746,0.0042820126,0.009268448
2895,415,7.5322647,0.5523531,0.018684328,0.036979288
2896,3443,54.27926,0.5357562,0.14124714,0.2757864
2897,2898,3.0317116,0.54733664,0.008565314,0.017328396
2897,2893,6.356724,0.5498057,0.015541919,0.031079948
2898,1795,20.955185,0.5513334,0.049483012,0.09592403
2898,2893,4.6971893,0.55334544,0.007890381,0.01622799
2898,2895,2.5341263,0.5506861,0.0035587102,0.0077934414
2899,2886,25.530704,0.5664991,0.05539279,0.10511686
2899,6400,31.31334,0.5697398,0.067736074,0.1302034
2900,5138,1.5491104,0.575778,0.0020940453,0.004953772
2900,1015,28.432549,0.5755881,0.05755493,0.11058095
2901,1644,2.340271,0.61462885,0.0045767874,0.010110125
2901,5210,69.216156,0.61888695,0.17602,0.3479887
2902,712,4.488453,0.6008066,0.0068508685,0.014234349
2902,2952,37.656326,0.60578185,0.09129155,0.176853
2903,2911,18.484287,0.6381935,0.03270935,0.06365527
2903,6162,53.977528,0.64778185,0.11375189,0.22267696
2904,6162,48.805187,0.64046437,0.05388644,0.10292474
2905,493,60.637768,0.64374185,0.14360255,0.28355178
2906,2905,19.992765,0.6493861,0.036468297,0.07139778
2907,2912,8.041004,0.6366859,0.013605468,0.027251855
2907,6966,7.2224693,0.6324564,0.0071663335,0.015650526
2908,47,47.361923,0.62697744,0.07588704,0.14519228
2909,2906,9.839989,0.64227563,0.018458888,0.036463797
2909,6968,5.92614,0.637482,0.010672569,0.020692796
2910,2904,11.267391,0.63434374,0.02123534,0.0418002
2910,6967,6.4430466,0.63110566,0.011635728,0.022972107
2911,2908,12.323841,0.63825244,0.021713153,0.042930022
2911,6969,7.4908676,0.6364292,0.012899756,0.02635707
2912,6514,26.73497,0.6433134,0.046328813,0.090854324
2913,488,1.6309357,0.66619587,0.0030485317,0.0072402507
2913,494,57.65365,0.6766108,0.14319527,0.28403056
2914,1525,28.850231,0.53906727,0.16303863,0.3188311
2915,1722,6.9263115,0.58294475,0.013251781,0.026495144
2915,2957,1.7621346,0.5838219,0.002192475,0.0052065253
2915,4196,5.7014008,0.58214456,0.0135277435,0.02691099
2916,4467,3.0272827,0.61019796,0.0049224123,0.010375649
2916,2917,10.920086,0.6095316,0.021597594,0.04265198
2916,830,21.397331,0.6112853,0.04386558,0.08518909
2917,4046,1.9648094,0.61121833,0.0027108118,0.0056598783
2917,2805,3.0172882,0.61351347,0.005658701,0.011348188
2917,2916,11.00382,0.6106363,0.021684594,0.04263529
2918,2919,69.94702,0.41929147,0.14317963,0.2767904
2918,2561,29.087814,0.4026366,0.06300342,0.11906452
2919,2331,19.090986,0.43751827,0.045596603,0.08768478
2919,2918,70.274925,0.42057818,0.143629,0.27677867
2920,14,21.044073,0.4420786,0.05093127,0.09768495
2920,2921,53.787857,0.4262436,0.11007513,0.21290427
2921,2339,3.7316437,0.41683766,0.007263884,0.014508247
2921,2920,52.79227,0.42600212,0.10747583,0.20800936
2921,2551,66.95114,0.4123252,0.13786651,0.26739326
2921,3075,40.1287,0.4240588,0.0816686,0.15586147
2922,5517,1.7755203,0.5853722,0.002975367,0.0067132562
2922,3396,44.380062,0.5876031,0.091424696,0.17849699
2923,325,7.96999,0.65963465,0.0153112635,0.030233651
2923,304,123.63076,0.6596758,0.22347027,0.44181544
2923,4617,63.37342,0.6595359,0.15707467,0.312326
2924,3896,3.3845444,0.6599661,0.0060086697,0.012292042
2924,306,5.8114243,0.66082925,0.013594016,0.026642025
2924,4617,77.22836,0.6623557,0.19428378,0.38573053
2925,913,73.83159,0.54313785,0.14253321,0.27933148
2925,3076,13.7050495,0.5464917,0.031495765,0.06173926
2926,629,88.17614,0.4477476,0.23407039,0.4520316
2927,2115,188.91553,0.44724393,0.3848132,0.74207675
2927,713,88.40285,0.37073618,0.18874,0.36380106
2927,273,99.97662,0.41457403,0.20761356,0.3995154
2928,3266,6.3615723,0.58542633,0.0119552985,0.023941323
2928,2929,10.759815,0.5846689,0.021414503,0.042159274
2928,2930,52.720745,0.5851437,0.10080484,0.19757779
2929,2928,10.86326,0.58576334,0.02162189,0.042572707
2929,3264,5.712425,0.5871951,0.010481976,0.021064773
2929,3233,59.06649,0.5846977,0.11261423,0.2214045
2930,2928,52.942627,0.58466315,0.100752875,0.19729872
2930,2931,76.21379,0.5813421,0.14311913,0.28187552
2930,611,59.111168,0.58373624,0.113343544,0.22277662
2930,3233,15.781778,0.58509743,0.032276515,0.0627338
2931,5058,1.7325859,0.58424133,0.0023076907,0.0052044243
2931,2930,75.99503,0.5806066,0.14380994,0.2832786
2931,2932,52.723213,0.58217096,0.100786656,0.19658323
2932,2800,12.292578,0.58476853,0.024843812,0.048664734
2932,3232,142.59763,0.5768779,0.26749742,0.5249576
2932,2931,52.554016,0.582467,0.10056437,0.19648542
2933,3820,65.38095,0.587261,0.17341295,0.34057856
2933,3396,51.51103,0.5858927,0.10608439,0.20728767
2933,3641,104.719086,0.57951784,0.19662839,0.38674745
2934,4757,1.2570114,0.5754516,0.0016613975,0.004066378
2934,845,99.12285,0.57447714,0.18566914,0.36575043
2934,5673,72.58774,0.57694685,0.2037551,0.39999032
2935,41,2.48909,0.6475424,0.004646212,0.009591907
2935,6255,26.039236,0.64922255,0.060565874,0.116553456
2936,1746,191.31313,0.67913103,0.36960605,0.7291868
2936,6586,40.596344,0.4275835,0.15241623,0.23558655
2937,4664,3.9166946,0.69307345,0.0002785176,0.0020050108
2937,2939,55.897987,0.42170507,0.20416519,0.32407767
2938,4190,3.9975967,0.40514007,0.013110489,0.019394442
2938,401,78.630936,0.6722717,0.15796304,0.31469807
2939,2940,1.9761047,0.68228185,0.001836434,0.004350722
2939,3864,28.778912,0.41563538,0.107763335,0.17160627
2940,2939,1.8374825,0.6854459,0.0014222264,0.0036595315
2940,4664,56.048553,0.4264794,0.20388669,0.3226886
2941,2938,9.73119,0.3932789,0.028442807,0.049168795
2942,6441,9.609375,0.5748624,0.010678403,0.02230902
2942,1345,66.52307,0.5640028,0.14258471,0.2787506
2943,2540,3.3450203,0.61138505,0.004572533,0.010181025
2943,2380,4.776684,0.6055992,0.0118692,0.023796052
2944,5500,2.7773094,0.6735131,0.003396012,0.0078582615
2944,3921,133.23145,0.67750835,0.26664153,0.5234018
2945,2946,1.688488,0.58316344,0.002156794,0.0051451027
2945,6422,11.798944,0.58222055,0.02546791,0.049967393
2946,2945,1.6707764,0.58206207,0.0021495074,0.0051588267
2946,2702,167.34343,0.5697038,0.31767172,0.6224593
2946,2641,17.359869,0.5829674,0.037265126,0.072254315
2947,5400,1.7629623,0.58023846,0.0037766397,0.008049265
2947,2942,4.7170258,0.58047074,0.009864405,0.020154566
2948,3458,114.842926,0.5798942,0.1617214,0.3168363
2949,2950,5.8733597,0.5831381,0.012758702,0.02527903
2949,6678,91.81311,0.5763425,0.2053397,0.3973382
2950,729,1.8294373,0.5798784,0.003528051,0.007767141
2950,6172,85.14775,0.5805245,0.18031067,0.35304087
2951,1465,2.0640297,0.58127785,0.0030723587,0.0067819953
2951,6310,172.43683,0.56990063,0.43498516,0.853762
2952,6333,26.795033,0.5997522,0.064591154,0.124437965
2953,2956,0.99679565,0.59311545,0.0032096878,0.007240817
2953,4328,48.9572,0.5963566,0.09346737,0.18116912
2954,3823,1.3346481,0.5865428,0.0020845681,0.0054675043
2954,5996,68.746574,0.5878399,0.18645397,0.3651744
2954,821,151.50638,0.57823104,0.31436935,0.61431533
2955,784,1.9976044,0.59305,0.0026872084,0.006183654
2955,1145,225.83012,0.57712007,0.4329476,0.84600204
2956,4327,1.4237022,0.59317887,0.0019442737,0.004549518
2956,5995,65.867905,0.5939086,0.16864884,0.33010674
2957,2915,1.5775414,0.5824013,0.0020866692,0.004983619
2957,6985,91.15668,0.57611257,0.23364776,0.45695013
2958,587,1.7946358,0.58409876,0.0023791865,0.0054763407
2958,4359,1.3276787,0.5831587,0.0014662221,0.003771335
2958,2957,24.734213,0.58337766,0.05962391,0.11575048
2959,4358,29.970146,0.58555305,0.071264215,0.13798186
2959,2958,25.857384,0.584199,0.06252003,0.1206464
2960,2961,1.4548073,0.57960534,0.0016570836,0.00405252
2960,880,394.97223,0.566138,0.74833107,1.4655836
2961,2960,1.9202499,0.5804573,0.0030102879,0.0067709386
2961,3993,41.01828,0.57956797,0.101528704,0.19535191
2962,1458,1.1463547,0.57853377,0.0016521588,0.0044870228
2962,3994,5.1223907,0.58242524,0.012711838,0.025824368
2963,2965,3.115223,0.6644336,0.0049494207,0.010325775
2963,4617,93.89047,0.6631086,0.17078392,0.33935133
2964,4213,2.0836601,0.66495633,0.0034821704,0.0081269
2964,2963,93.31804,0.6699411,0.1754088,0.34680375
2965,2963,4.2970505,0.6640289,0.00786452,0.015701115
2965,3353,14.931732,0.66746676,0.030091304,0.058628872
2966,5691,1.8292694,0.5627104,0.0020663217,0.0048607737
2966,5690,10.636269,0.5620085,0.02201549,0.043206185
2967,2451,2.4816284,0.56296617,0.0040161014,0.008756056
2967,6013,36.578255,0.5547105,0.0713944,0.13802844
2967,3346,119.55947,0.57515293,0.2246438,0.44023597
2968,772,1.7658272,0.3127947,0.0038053542,0.0072476864
2968,770,7.0640373,0.31930912,0.018482432,0.03499356
2968,771,3.9356346,0.31515506,0.008758262,0.016266122
2969,3573,33.173817,0.5651972,0.054586668,0.10345698
2969,3897,4.8200874,0.5613495,0.007828586,0.01597716
2970,3400,31.37309,0.51498914,0.08053897,0.15112767
2970,4097,22.327559,0.5104224,0.047843855,0.09183803
2971,3049,76.42713,0.58293486,0.14644268,0.28843337
2971,5382,36.467625,0.58527845,0.071252614,0.13703218
2971,2083,117.92276,0.5797748,0.2213681,0.43397176
2972,2267,28.269146,0.58480126,0.056159906,0.10754838
2972,2268,59.409126,0.5862232,0.114683226,0.22488925
2972,2847,55.4074,0.5873768,0.10622415,0.20750038
2973,2267,48.153004,0.58825153,0.09168132,0.17917407
2974,5701,1.5192909,0.58920187,0.003259465,0.006182343
2974,2849,24.5078,0.4930567,0.056501973,0.108945526
2975,2102,17.797626,0.63583726,0.03641678,0.07095226
2975,2103,29.320503,0.636539,0.05746893,0.11122585
2976,2967,106.22931,0.58635324,0.19950113,0.3908263
2976,1765,90.91997,0.60905963,0.16765335,0.3307497
2976,3154,2.2929535,0.60848224,0.003154926,0.006555006
2977,48,1.654068,0.6025152,0.0031225383,0.007225707
2977,217,42.536278,0.6143232,0.08878395,0.1748312
2977,2979,17.26422,0.6107118,0.040169228,0.07820059
2978,2910,46.89157,0.6253894,0.07760948,0.14871253
2978,6514,60.854355,0.6301718,0.15461117,0.30335873
2979,7009,1.9175148,0.6099232,0.0020462722,0.0049948245
2979,2978,95.80227,0.6094196,0.26125708,0.5144737
2980,992,1.2740593,0.5940587,0.0036406592,0.008117199
2980,3308,53.93911,0.6015023,0.12617977,0.24855068
2981,3308,1.8845596,0.60017186,0.0030732155,0.0066144764
2981,227,3.0775566,0.6022191,0.0076601803,0.0159273
2982,6952,0.96263885,0.37012768,0.0,0.0
2982,3386,644.0755,0.63651496,1.1876314,2.3365152
2982,3739,195.83217,0.5791316,0.37267956,0.7276638
2983,3342,2.1780548,0.61622643,0.0031975657,0.0069313794
2983,1302,2.2312813,0.6149911,0.003353253,0.0070635527
2984,2985,57.54819,0.6202962,0.108919434,0.21356285
2984,2983,37.131428,0.62083614,0.07119811,0.13759713
2985,2984,56.98577,0.6212605,0.10757491,0.21195741
2985,2843,30.366783,0.62016124,0.06082835,0.11651555
2985,3340,12.971088,0.61793536,0.025579132,0.05000207
2986,281,1.8442001,0.5883806,0.0025630072,0.0057575256
2986,5989,35.596603,0.58909345,0.076004155,0.1484114
2987,1564,20.657558,0.5925941,0.03982894,0.077600576
2987,1567,31.31585,0.59199864,0.06640679,0.13050777
2988,5094,39.892918,0.5716671,0.09792136,0.18567231
2989,3458,1.6718521,0.59271544,0.0027558953,0.0060284883
2989,2574,4.8845634,0.5948795,0.01028274,0.02099821
2990,3668,283.9122,0.5779456,0.5336311,1.0431789
2990,4783,23.334957,0.5895602,0.047537036,0.09089337
2991,4864,13.778275,0.58760667,0.029510722,0.05777631
2991,6819,8.216965,0.59071875,0.01655408,0.033079743
2992,3227,1.8035545,0.58366954,0.0031825304,0.0072338283
2992,6819,11.951471,0.58440983,0.025694966,0.050408036
2992,3601,197.25606,0.5723483,0.37600857,0.7358303
2993,3171,73.952866,0.551055,0.13826896,0.27125353
2993,6025,13.376587,0.5564189,0.02933551,0.057693474
2994,2384,5.3153114,0.5509837,0.009984352,0.020278022
2994,1247,30.849413,0.55214316,0.06106296,0.11779831
2994,2606,67.86883,0.5514787,0.13062024,0.25619444
2995,1249,56.151627,0.48165756,0.11110127,0.21521157
2995,5612,151.72348,0.43327546,0.15268502,0.29635474
2995,1704,179.65617,0.48796916,0.16086811,0.3131233
2996,6560,9.478279,0.5350586,0.019442298,0.038112506
2996,1709,3.3433952,0.53891605,0.0062842146,0.01313816
2996,5543,84.17283,0.5414912,0.16328014,0.31962115
2997,5751,7.6007423,0.4463059,0.016765751,0.032803774
2997,6840,14.121292,0.44457546,0.030932222,0.059838563
2998,2550,38.287643,0.47334972,0.07750511,0.14781705
2998,2390,85.182526,0.45984313,0.17297874,0.33379465
2998,2007,240.516,0.4606383,0.49161276,0.95279944
2999,3572,1.942936,0.44616324,0.0030408725,0.006118834
2999,4915,2.2441711,0.44714832,0.0037833303,0.007939979
2999,561,33.013172,0.45151418,0.08509149,0.16284026
3000,1518,5.535694,0.46073195,0.011040047,0.021847337
3000,5156,1.6816635,0.46464527,0.0026572868,0.006055087
3000,5267,36.19153,0.45501897,0.07139803,0.13678716
3001,682,4.0044327,0.6289487,0.008075245,0.01652965
3002,3004,17.150257,0.61182696,0.03517745,0.0686593
3002,216,50.57185,0.6108311,0.09607718,0.1862066
3003,1340,21.674505,0.61526114,0.04550319,0.08845257
3003,218,30.768797,0.62077206,0.06689109,0.12904972
3004,3002,17.185104,0.61304325,0.035042282,0.06833058
3004,215,22.682724,0.6170034,0.04666371,0.09014145
3004,3003,7.40493,0.61357516,0.015176035,0.030113041
3005,6494,4.635498,0.5752417,0.007406451,0.015316471
3005,6495,1.7372665,0.5530362,0.0048242286,0.009885162
3006,1136,8.231407,0.5769815,0.01779195,0.03540276
3007,4908,22.85437,0.6186878,0.04579582,0.08804727
3007,190,25.719141,0.61402375,0.053353187,0.10215635
3007,6381,30.76281,0.6211901,0.07441961,0.14609176
3008,840,25.526327,0.6013635,0.053180832,0.10377139
3008,4047,9.662563,0.1182898,0.027016334,0.05313991
3009,4223,0.0,0.06391135,0.0024274886,0.0053894967
3009,2592,2.9718094,0.6104242,0.006063372,0.012351036
3010,3009,1.3927269,0.08288342,0.0056080446,0.012385294
3010,2592,3.4021149,0.6003169,0.005516745,0.012230456
3011,1600,1.8870811,0.599368,0.0024128407,0.0054511875
3011,1190,31.143433,0.6005983,0.0612943,0.11744947
3011,3012,11.783323,0.59969324,0.026588984,0.05215685
3012,763,1.915184,0.5998035,0.0025837123,0.0058384836
3012,3015,33.033733,0.60869926,0.08090977,0.15859757
3013,5302,18.197193,0.60700655,0.042415056,0.08245794
3013,1290,6.310543,0.6040842,0.014770001,0.029574364
3014,2593,44.344822,0.6071967,0.085090585,0.16684748
3014,3013,12.574648,0.60993123,0.029108651,0.057270303
3015,2263,69.56178,0.60098666,0.13234857,0.26118422
3015,5304,19.10284,0.6102247,0.044390887,0.08649277
3016,3395,57.15609,0.56790304,0.109046705,0.2135862
3016,2256,116.50521,0.56064975,0.22063732,0.4315942
3016,1127,81.321594,0.5604999,0.15543646,0.30488247
3017,1496,133.71921,0.56449413,0.2804048,0.54830873
3017,3395,114.083786,0.5672929,0.21621226,0.42359012
3018,3040,70.40581,0.57403046,0.14466392,0.2840894
3018,4934,113.79965,0.5718369,0.22900128,0.44915444
3018,6848,155.92923,0.5681531,0.2953254,0.57820183
3019,3065,417.8227,0.55616856,0.79002416,1.5470735
3019,6848,2.1428375,0.5773799,0.003314212,0.007488981
3020,4374,1.2351227,0.57397795,0.0013614148,0.0033818483
3020,3022,72.4433,0.5754119,0.13794826,0.2712243
3020,3027,69.80132,0.57440597,0.14785829,0.28871652
3021,6556,1.6930923,0.57531357,0.0014806017,0.003720373
3021,3022,6.4552193,0.5752723,0.012661569,0.025321826
3022,3020,73.234276,0.57002777,0.13921927,0.27354404
3022,6556,6.7831116,0.5757864,0.013394348,0.026665926
3023,3024,61.940323,0.57151896,0.11478691,0.22211996
3023,6849,12.565126,0.57670176,0.025535837,0.0503999
3024,3023,60.473465,0.57440215,0.11232382,0.21766692
3024,6555,27.441185,0.579331,0.056553036,0.10794638
3025,3026,27.84917,0.57582474,0.055259656,0.106642544
3026,3029,69.5253,0.57331604,0.13133167,0.25879592
3026,3028,53.915237,0.5763355,0.1035635,0.20300716
3026,3025,27.74405,0.5750994,0.05565404,0.10668549
3027,4342,1.5366898,0.5776765,0.0021394342,0.005032927
3027,3028,10.442961,0.5768813,0.022538029,0.044391245
3028,4344,1.6977654,0.5795652,0.0021870732,0.0050175637
3028,3026,54.305946,0.5782787,0.10363635,0.20269714
3028,3029,27.913128,0.577106,0.06034768,0.116405435
3029,4343,1.1839218,0.5753324,0.0012788698,0.0033376515
3029,570,1.6442909,0.5723447,0.0032226294,0.007013738
3029,3026,69.78717,0.5767519,0.13218951,0.2598117
3030,3031,8.125618,0.5789999,0.015913546,0.031823963
3030,4370,102.20653,0.57867336,0.19140673,0.37579873
3030,4369,188.6891,0.56739235,0.36091024,0.70570123
3031,7086,70.552025,0.5787128,0.13402285,0.2628927
3031,3030,8.062923,0.5794455,0.015799187,0.031588554
3031,3036,137.53505,0.57348925,0.2582644,0.5070715
3032,3035,111.28412,0.573974,0.209928,0.4122271
3032,4061,2.7940407,0.575713,0.005379349,0.011467338
3032,614,67.41101,0.5787578,0.1385028,0.27278832
3033,5097,2.4747734,0.5769366,0.004563831,0.009826258
3033,5784,11.468239,0.57943404,0.02326461,0.045713454
3034,1496,51.59308,0.57141966,0.09873539,0.19359885
3034,1497,29.42899,0.5728297,0.0623473,0.120458044
3034,3039,8.467701,0.56999743,0.017785914,0.035399154
3035,3032,111.37683,0.57621676,0.21136004,0.41461217
3035,613,63.199192,0.57687217,0.09410853,0.18426907
3035,612,122.397766,0.5763157,0.18041748,0.35610086
3036,3031,137.0555,0.5722699,0.25777552,0.5059652
3036,3201,83.313995,0.5754605,0.15792222,0.31075633
3036,3037,26.736614,0.5779956,0.05420427,0.10371987
3037,3036,26.615011,0.5782144,0.053700373,0.10279198
3037,5774,9.497662,0.5797651,0.01897522,0.037372008
3038,5368,1.41893,0.58088934,0.0014678165,0.003324017
3038,640,47.35035,0.5896893,0.14966434,0.29241976
3038,3083,63.2502,0.5784723,0.20894516,0.40782475
3039,1435,25.54826,0.57128024,0.05207368,0.09911026
3039,3034,8.504093,0.5721086,0.017679721,0.035334274
3039,1434,32.5913,0.5726181,0.06839602,0.13333888
3040,1498,175.02734,0.56608385,0.35209677,0.68923545
3040,3018,71.01517,0.5735966,0.14409615,0.28311574
3040,6611,45.039806,0.57565886,0.0866324,0.16727062
3041,3167,1.7463799,0.50231004,0.0025649294,0.00556837
3041,529,96.39905,0.5079682,0.18942767,0.3680628
3041,800,232.54083,0.5041041,0.4621526,0.89831865
3042,614,137.30334,0.56640726,0.25924787,0.5082657
3042,621,41.729134,0.57629436,0.080438435,0.15765107
3042,621,49.997074,0.5751574,0.09665046,0.18961787
3043,2798,103.15748,0.5563813,0.19674313,0.38504082
3043,2677,43.40844,0.56426436,0.08415233,0.16423944
3043,4539,79.54312,0.5548652,0.1521825,0.29841572
3044,4487,118.47134,0.5744249,0.2219679,0.43493974
3044,4485,40.228355,0.5800243,0.07679813,0.15129817
3044,4491,36.17154,0.5835944,0.069635555,0.13418308
3045,4378,3.036255,0.5846447,0.006113507,0.013004929
3046,3049,3.1785698,0.58459723,0.005743012,0.011732444
3046,3050,102.080635,0.5788172,0.21456432,0.41790366
3047,4744,110.786446,0.5491407,0.28834665,0.5624847
3047,3048,35.430626,0.5550425,0.069728576,0.1364848
3048,3047,35.43734,0.5540596,0.06918068,0.13420315
3048,5285,82.78403,0.55098635,0.15865432,0.31068826
3048,5021,32.273415,0.5552006,0.06408084,0.12293702
3049,3046,3.1585083,0.5864848,0.0056048036,0.011478633
3049,2971,77.53444,0.5797709,0.14608699,0.2878828
3049,5385,34.636105,0.5855899,0.07356192,0.1425039
3050,2461,26.78315,0.5791953,0.057476297,0.10943115
3050,3049,99.57355,0.5779925,0.21380796,0.41744208
3051,5986,2.3282776,0.5991852,0.0036374256,0.008041248
3051,3432,99.335464,0.5977607,0.18605503,0.3662245
3051,6906,50.078907,0.6043784,0.12514797,0.24352166
3052,6683,53.515907,0.5955468,0.102260515,0.19978236
3053,4496,2.850174,0.60154104,0.0044451356,0.009466261
3053,2143,9.6333275,0.601547,0.025015004,0.04895082
3054,1129,14.036951,0.56222963,0.028726816,0.05598887
3054,1133,19.366339,0.5642459,0.040009093,0.077647835
3055,1132,28.258274,0.56308,0.06066699,0.11668407
3055,2257,14.008806,0.5627327,0.030088495,0.0587703
3056,1606,3.1329803,0.6105241,0.006030597,0.012561262
3056,3057,153.47754,0.604998,0.28480548,0.5613345
3056,1605,27.498901,0.6150609,0.059136182,0.113944724
3057,1607,45.88001,0.6102026,0.0882163,0.17257626
3057,1604,77.91122,0.6106672,0.14604947,0.2896023
3057,3056,153.78714,0.6026857,0.28575045,0.5621682
3058,1606,109.39572,0.6088607,0.20234248,0.3982653
3058,3059,42.699142,0.6142911,0.082350664,0.16169778
3058,3160,110.3432,0.612484,0.20404458,0.4020924
3059,3160,43.37577,0.6143282,0.08338812,0.16337211
3059,3161,87.81726,0.6123518,0.16296126,0.32204807
3059,3058,42.54918,0.6141333,0.08214766,0.16130137
3060,2093,204.64206,0.59718686,0.38538796,0.7559241
3060,1604,167.24223,0.60504675,0.34226766,0.67086685
3060,1603,21.737343,0.61274046,0.04645378,0.08930642
3061,1512,89.43723,0.47263938,0.17914301,0.34579256
3061,1509,49.138924,0.49280804,0.096792355,0.1880091
3062,3202,1.5802269,0.5653455,0.0022050068,0.0050815493
3062,1445,111.182144,0.55907714,0.21383435,0.41815752
3062,3797,87.65694,0.5563604,0.16698556,0.32647187
3063,3202,61.130356,0.56640756,0.11798426,0.23114148
3063,4181,21.203161,0.56517124,0.044135604,0.08501792
3063,4711,47.899193,0.5660965,0.0900841,0.17566848
3064,1433,131.14273,0.56178176,0.2748457,0.5360995
3064,1435,214.62553,0.5564363,0.41387197,0.8075024
3064,554,8.65527,0.5669993,0.018386103,0.036851108
3065,6869,25.018883,0.57109547,0.054279443,0.10379093
3065,3019,411.57623,0.56015617,0.77926886,1.5263951
3065,3204,27.176441,0.57331663,0.0590502,0.11352575
3066,2081,156.72559,0.5843057,0.29327232,0.57632947
3066,1274,99.90065,0.58781683,0.18884277,0.37130153
3066,1142,22.328283,0.5881999,0.046309482,0.088869125
3067,2068,48.93906,0.6005674,0.09372306,0.18308944
3067,6760,159.46509,0.59386235,0.29988086,0.588699
3067,1788,70.78404,0.5981432,0.1343073,0.26509702
3068,3217,1.6238098,0.581857,0.0025776178,0.00614734
3068,1627,40.24995,0.5816559,0.18743542,0.36575294
3069,5689,2.5214233,0.578346,0.0030443221,0.006951511
3070,4529,1.6958618,0.5978696,0.0021391064,0.0049393177
3070,6683,119.305954,0.5920628,0.2496692,0.4878798
3070,3433,112.85859,0.59396577,0.20982546,0.41201857
3071,3072,0.52371216,0.3544318,0.000316225,0.00037886202
3071,6122,270.07947,0.59277546,0.5626615,1.1033442
3072,3071,0.9627228,0.35719514,0.0011062324,0.0017150491
3072,6606,48.1126,0.6171327,0.10134819,0.19883615
3073,6760,1.3628616,0.59805655,0.0019422695,0.0046876967
3073,1140,2.419304,0.6001133,0.0048283264,0.010381728
3074,3075,1.8953552,0.42776513,0.003580898,0.0073204786
3074,2560,74.93013,0.41574106,0.21661529,0.41807577
3075,3074,1.8460999,0.42475128,0.0036812127,0.007533565
3075,2921,39.903355,0.42373845,0.08200829,0.15686168
3075,2030,120.36715,0.43107548,0.24861768,0.47839344
3075,1858,14.807657,0.42947793,0.032649767,0.06276387
3076,3456,6.709873,0.5444893,0.01599387,0.032199085
3076,6477,17.329063,0.5419256,0.03351994,0.06684463
3077,5883,1.5664787,0.5485381,0.0022610947,0.005067393
3077,1888,51.94726,0.54884917,0.10828479,0.2105788
3078,5206,1.7062912,0.6392745,0.001687035,0.0047124177
3078,5044,66.453255,0.6350388,0.16248241,0.3209411
3079,4928,42.83959,0.62338173,0.08178493,0.16108674
3079,4690,35.85948,0.6243435,0.08686161,0.1696852
3080,5177,2.4543343,0.620709,0.00168778,0.0043987334
3080,4691,34.54873,0.62668777,0.07489526,0.1448294
3081,4595,1.8930969,0.65298533,0.002728261,0.005832717
3081,835,58.505737,0.6584152,0.117161065,0.23136005
3081,2575,83.22427,0.66059506,0.15090708,0.3008931
3082,4605,38.8223,0.64283615,0.07454464,0.14540201
3082,2101,11.965673,0.6399299,0.023829281,0.046792552
3082,3187,108.7539,0.63825965,0.19567224,0.38771844
3083,6226,113.3596,0.57510084,0.3843862,0.75210834
3083,3038,63.545303,0.5825014,0.21020432,0.4108582
3084,1949,1.9345322,0.42378277,0.0028304234,0.005920619
3084,5014,17.064833,0.43411088,0.046654068,0.09090232
3085,1046,3.6076012,0.6255265,0.0065126494,0.013141647
3085,186,41.28301,0.6283791,0.079354115,0.15639171
3085,1055,33.57149,0.6314379,0.066467136,0.12807357
3086,1050,41.55088,0.62372327,0.07932511,0.15479746
3086,411,8.144867,0.624063,0.016228996,0.032057613
3087,6438,3.9619408,0.6075271,0.0059018135,0.012084961
3087,5075,25.186337,0.6127496,0.060429353,0.116250455
3088,45,1.9842377,0.6418049,0.0028564185,0.0062108636
3088,3840,24.948328,0.6452779,0.05905041,0.11420905
3089,6557,1.720459,0.67465925,0.0052552223,0.011575818
3089,5073,9.019764,0.6779332,0.017524764,0.03511657
3090,3089,13.773596,0.6782907,0.027328663,0.054163665
3090,6350,2.4540825,0.6664158,0.0058621615,0.012267455
3091,1632,1.7145004,0.6766145,0.0028555542,0.006394252
3091,2500,34.88465,0.6757138,0.10205444,0.19810775
3092,1635,3.80933,0.6934001,0.004626952,0.009591535
3092,6815,36.78002,0.6784468,0.06718129,0.131478
3093,6193,254.8232,0.6132081,1.907702,3.7427683
3094,1758,5.059498,0.569744,0.037169304,0.07250115
3095,1632,2.1239815,0.6772949,0.003664583,0.0074980855
3095,3117,61.78014,0.68467325,0.090416625,0.17467739
3095,3127,41.215603,0.6793044,0.0771361,0.1534289
3096,3527,2.473671,0.65824664,0.00590007,0.012231156
3096,296,7.252842,0.65046394,0.020625822,0.040138155
3097,3125,42.02474,0.68805367,0.062310204,0.118056886
3097,1738,4.4838676,0.38845932,0.012661435,0.019078776
3098,5018,14.032782,0.64711607,0.036658954,0.07178533
3099,6075,3.8731194,0.6886189,0.004973188,0.011041895
3099,316,89.858055,0.6809007,0.16413313,0.3270349
3100,2519,2.1123505,0.66762936,0.0032390505,0.006423801
3100,6207,9.234482,0.67324173,0.017533198,0.03487861
3100,320,61.12082,0.6722085,0.118134454,0.23458074
3101,4600,1.7869949,0.6368485,0.003712982,0.008075193
3101,1977,59.655914,0.6489858,0.12147856,0.24032387
3102,3101,1.9078598,0.65059686,0.0037562475,0.007713318
3102,2538,78.141846,0.64881504,0.15698722,0.31027204
3103,1756,23.609364,0.5786868,0.057798825,0.11180259
3104,3094,36.662907,0.5726114,0.08894813,0.1695056
3104,1760,13.765852,0.5656631,0.046103384,0.09170701
3105,312,123.37938,0.5548162,0.95417446,1.8717874
3106,3094,7.526081,0.5754465,0.049178984,0.09876036
3106,1760,46.48777,0.5798284,0.09445594,0.1810898
3107,3168,2.1483498,0.5806213,0.0032279268,0.007178262
3107,6605,3.1262627,0.57972175,0.0054810047,0.011315033
3107,1757,4.5552635,0.5822912,0.025032617,0.050112396
3108,3109,1.1658287,0.619146,0.003122747,0.0068831444
3109,5419,1.6992149,0.62022084,0.0029015243,0.006128788
3109,2827,10.048164,0.62365466,0.022997782,0.04515043
3110,3111,26.878746,0.5859628,0.05485597,0.10472652
3110,6389,45.532516,0.58488446,0.121230036,0.23784715
3111,6900,2.1782722,0.5853856,0.003166005,0.006925404
3111,2883,30.6679,0.58377904,0.0612872,0.11835924
3112,3429,28.683723,0.5852714,0.05927527,0.11244026
3112,1700,39.8057,0.5928542,0.12282891,0.24111076
3113,6901,1.9962349,0.58269674,0.0026156008,0.005722344
3113,3114,2.5455856,0.5841762,0.0047283396,0.0101079345
3114,3115,8.906403,0.58246547,0.017824613,0.035300165
3115,3429,4.54303,0.5863998,0.00903485,0.018140882
3115,6389,24.926224,0.582547,0.049782787,0.095098995
3115,2649,68.238495,0.581841,0.14140958,0.2779304
3116,4890,51.66188,0.56034964,0.17117971,0.33721536
3116,6201,13.52252,0.032904714,0.056628097,0.11350393
3117,1631,2.2023811,0.67857593,0.003217034,0.0069647282
3117,3118,73.08911,0.6773572,0.09889598,0.1968806
3117,3127,31.980362,0.68033504,0.06335895,0.1211458
3118,1633,1.9136963,0.671077,0.002279222,0.00493668
3118,2443,74.12002,0.6775919,0.09901748,0.19672906
3118,3156,63.797382,0.674298,0.11656286,0.23149304
3119,5513,4.2613525,0.5092689,0.011904344,0.023214132
3120,4099,23.495302,0.508171,0.04998363,0.09547391
3121,1846,2.4098396,0.5151449,0.004149854,0.008396313
3121,3119,8.9689865,0.51673055,0.016093418,0.031869575
3122,2629,0.16591263,0.5499463,0.003231749,0.0068093836
3122,2622,51.20668,0.5416995,0.13294218,0.2609672
3123,440,27.3354,0.617942,0.06417557,0.1250167
3123,5294,16.70603,0.61614424,0.03858271,0.07534664
3123,5696,13.342041,0.6148904,0.030765027,0.060138293
3124,3123,6.101177,0.61035085,0.015122168,0.030338064
3124,3301,26.53357,0.61291057,0.054081596,0.103211686
3125,2444,3.002964,0.686651,0.00542181,0.010315537
3125,1882,258.91486,0.6768451,0.35957828,0.70762074
3126,5660,75.30939,0.6780685,0.14532015,0.28575194
3126,4570,58.16816,0.66586185,0.1148784,0.22290128
3126,316,40.528088,0.67735577,0.077245146,0.15212654
3127,3117,32.610023,0.68290025,0.063389525,0.12204405
3127,316,73.74598,0.6788809,0.13384049,0.2675064
3127,3095,41.525356,0.67932063,0.079030156,0.15618229
3127,3156,42.01467,0.6755815,0.07972472,0.1585967
3128,2506,8.263008,0.6007121,0.019189492,0.038483217
3128,709,8.037601,0.60210055,0.0167059,0.033521846
3129,512,2.7653084,0.6799108,0.005002372,0.010229871
3129,3356,24.250357,0.68246305,0.048296917,0.09383878
3130,3131,2.219654,0.6633067,0.0015607849,0.003824532
3130,4776,68.883934,0.66904527,0.123786636,0.24708408
3131,3130,2.077835,0.6669062,0.0014876425,0.0034367442
3131,5098,72.58366,0.66838217,0.22716144,0.4501099
3132,1798,42.30883,0.19647428,0.107747875,0.22098236
3132,1845,8.28669,0.1883274,0.019032039,0.036474004
3133,4574,45.42312,0.66806877,0.089345485,0.17412694
3133,303,69.13622,0.67755425,0.12240414,0.24434048
3133,5461,59.193596,0.6723101,0.11775707,0.23131925
3133,314,56.28623,0.6748343,0.102130055,0.2024908
3134,6207,2.2399406,0.67472976,0.0060542,0.012344182
3134,5539,29.194733,0.67421895,0.0840883,0.16481349
3135,4141,19.434612,0.044104725,0.07753513,0.15846749
3135,6958,1.7885933,0.5894236,0.005371839,0.011346072
3136,3135,1.6101837,0.046420276,0.008997239,0.017666325
3137,4300,0.9107933,0.58828396,0.0042064264,0.009485871
3137,6405,16.374493,0.59424716,0.044195298,0.08650591
3138,4129,1.3881569,0.5883126,0.0048401803,0.01037994
3138,6194,1.5021248,0.58834004,0.007374771,0.01381515
3139,2712,1.5029907,0.5321882,0.004896611,0.010272309
3139,2113,211.2971,0.5125296,0.53327274,1.0446706
3139,5941,4.844059,0.5330254,0.012128428,0.024752334
3140,707,19.379868,0.5970383,0.03886309,0.07540178
3141,3120,3.6001778,0.5060012,0.009804197,0.01978217
3141,3142,40.89201,0.5165773,0.12923674,0.25380957
3142,1707,0.98989487,0.51764697,0.005510032,0.011442959
3143,2516,32.239265,0.5031943,0.08851342,0.16704217
3144,3147,4.2870407,0.59650195,0.008294381,0.01722905
3144,1161,79.78501,0.5934847,0.16476178,0.32395402
3145,2758,1.2646599,0.58797365,0.0041549057,0.008769363
3145,5831,1.5725632,0.5883615,0.008083589,0.016368628
3146,3463,1.8302116,0.5914711,0.0025393143,0.005934462
3146,816,60.912537,0.5987724,0.113514364,0.22378865
3146,3464,2.999279,0.5909298,0.0062812865,0.013307452
3147,5410,7.14835,0.59310347,0.015099011,0.03004226
3147,4618,10.020401,0.59165466,0.021409616,0.04219313
3148,6989,11.959257,0.5880269,0.02242013,0.04433772
3148,2855,11.223728,0.5955707,0.021955132,0.04333839
3149,6718,12.457975,0.5881396,0.03264669,0.06374806
3150,6919,115.73927,0.55383277,0.21796215,0.42572215
3150,766,3.0347672,0.5683426,0.005181469,0.010807991
3151,4431,2.02005,0.54543626,0.0030144379,0.00642772
3151,4427,31.49756,0.5534577,0.06344729,0.121067435
3152,1151,8.355297,0.318666,0.016672365,0.031318963
3152,772,3.073532,0.31768346,0.006972544,0.013034746
3153,5662,101.20973,0.65550697,0.13803968,0.27224654
3154,6012,91.22104,0.5862044,0.2904441,0.57134527
3154,2976,1.6781616,0.6050982,0.002280727,0.005089447
3155,4224,1.9556084,0.6755276,0.0035738796,0.0077487677
3155,5461,11.771431,0.6780239,0.024011493,0.0468906
3156,3118,65.224075,0.67723435,0.117655106,0.23494819
3156,3127,42.32931,0.6765348,0.079876475,0.15872182
3156,3157,27.893738,0.674264,0.054302085,0.10581532
3157,303,72.39737,0.6771183,0.13069052,0.26063466
3157,3156,28.063576,0.6731854,0.053855043,0.10484898
3157,322,36.747078,0.6698054,0.0692828,0.1366005
3158,2220,34.923058,0.65962076,0.06858539,0.13297182
3158,325,62.640728,0.65980303,0.11475341,0.22841337
3158,3405,115.035515,0.65868604,0.20927325,0.41430724
3159,4308,1.9621849,0.621124,0.0031602383,0.006701559
3159,351,25.54234,0.6248374,0.055567037,0.10740398
3160,1297,24.004444,0.6131355,0.04935824,0.09548113
3160,3059,43.34218,0.6135203,0.08351374,0.16365416
3160,3058,110.191605,0.61176026,0.2036593,0.4012652
3161,1603,55.06156,0.6115994,0.10469934,0.20612134
3161,1295,61.038723,0.6148844,0.11543179,0.22816691
3161,3059,88.02197,0.61245006,0.1637309,0.3234463
3162,6761,1.8480911,0.5987617,0.0024816543,0.0055471957
3162,1123,77.15733,0.59636986,0.14575914,0.28776243
3162,3073,2.853428,0.5954362,0.005769521,0.012016073
3163,3980,2.5609436,0.30924565,0.005742781,0.010848343
3163,4955,34.37833,0.13162956,0.09354408,0.19082218
3164,1919,51.266068,0.5414572,0.16517425,0.3236572
3165,3166,2.6979523,0.534568,0.03115533,0.061303295
3165,3164,142.4188,0.53322285,0.3034611,0.5878743
3167,3041,1.656929,0.50307256,0.0022377446,0.004896447
3167,3773,43.464973,0.50079364,0.0944776,0.18369648
3167,529,84.636536,0.50795907,0.1823924,0.35280198
3168,3107,2.5417786,0.5816153,0.0038958266,0.008125603
3168,3169,26.52356,0.58085376,0.053949125,0.10284187
3169,1940,194.54848,0.5642906,0.37264317,0.72799385
3169,2270,223.55867,0.5688596,0.42315996,0.82829154
3169,3168,26.572985,0.5791401,0.054438084,0.10361448
3170,3171,67.77469,0.5579195,0.13087761,0.2568645
3170,3171,67.99962,0.5575134,0.13129875,0.2576829
3170,2720,48.26087,0.5641062,0.094559744,0.18529621
3171,2993,73.996704,0.5568869,0.14052507,0.27552631
3171,3170,67.76985,0.5577612,0.13112383,0.25737816
3171,3170,67.549934,0.55816495,0.13069269,0.2565372
3172,2667,68.99396,0.5513648,0.13266455,0.26032826
3172,122,21.5368,0.555404,0.04507558,0.08670527
3172,2725,55.04995,0.55769455,0.0852936,0.16527936
3173,2914,4.460678,0.5314531,0.03363082,0.06495472
3173,1922,73.040985,0.53864074,0.15574071,0.30251133
3174,5072,1.7412224,0.4776223,0.002845697,0.005997956
3174,5015,1.8970261,0.4793454,0.004101917,0.008541584
3175,3178,35.7845,0.53844607,0.069895335,0.13588955
3175,3176,65.300476,0.5388237,0.12606554,0.24648154
3175,3177,95.73126,0.5397848,0.18385778,0.35833773
3176,3175,65.42456,0.53931123,0.12563375,0.245968
3176,3178,69.82158,0.53770715,0.14833865,0.28914988
3176,1499,253.39781,0.533449,0.5368709,1.0468869
3177,3175,95.54967,0.53771275,0.18408222,0.35967445
3177,3551,103.68939,0.5420522,0.19886461,0.3882442
3178,3175,35.845573,0.5370422,0.06995721,0.13641775
3178,3608,199.56694,0.5273999,0.42201298,0.8212854
3178,3176,70.16535,0.53642255,0.14829266,0.28904366
3179,3587,24.020231,0.57003504,0.049821924,0.09537413
3179,6180,7.6272697,0.5681824,0.014880322,0.029446676
3180,3179,4.524273,0.5637901,0.008933775,0.018498123
3181,2863,55.403374,0.57273716,0.11819478,0.23065975
3181,4879,109.13625,0.5721358,0.22399604,0.43842834
3182,5819,26.092398,0.577542,0.051384438,0.097734325
3182,1876,80.92233,0.5708926,0.26868165,0.52762496
3183,557,76.43266,0.5707741,0.25423437,0.49893254
3184,5834,1.120266,0.24706486,0.0007989779,0.0006685704
3184,6517,41.071526,0.5876268,0.07976631,0.15449095
3184,3207,51.498978,0.5771167,0.098444454,0.19150703
3185,5835,1.225666,0.27961135,0.0010109395,0.00156793
3185,1454,44.370712,0.58583784,0.122915685,0.24118233
3185,3540,39.72194,0.58130085,0.07725668,0.1504955
3186,1744,2.6441956,0.6461992,0.0043421984,0.009270206
3186,6577,8.777367,0.6460143,0.020408966,0.03991878
3187,4712,1.692337,0.6230831,0.0016507059,0.0046227276
3187,3082,108.977844,0.6405392,0.1966012,0.38881963
3187,4604,42.727604,0.64101595,0.1025976,0.20045552
3188,3189,1.8560715,0.57560325,0.0036460832,0.0076924264
3188,4036,48.17367,0.5777751,0.10284323,0.1982565
3189,3190,1.8099594,0.57711107,0.0034115687,0.0072270036
3190,3193,0.6849098,0.54248637,0.0016372278,0.003500089
3190,3020,1.3789482,0.5714578,0.0025757104,0.006058827
3191,3192,1.7370758,0.5749033,0.0034378842,0.0071031153
3191,3199,90.18848,0.5743831,0.19281587,0.37636942
3192,3194,1.0206604,0.14334303,0.0018311962,0.0037531406
3193,3191,1.3266754,0.5730263,0.0025217235,0.005462125
3194,2132,97.87651,0.5699308,0.18568766,0.3648404
3194,3188,2.151001,0.579635,0.0044049174,0.008910388
3195,1498,5.4807663,0.5786855,0.01147452,0.02303806
3196,877,47.53748,0.6670073,0.09415745,0.18564889
3196,5633,10.834629,0.66622275,0.022080272,0.043617874
3197,1513,1.0467796,0.50346553,0.004555978,0.009803176
3197,5799,150.32053,0.46822968,0.42952418,0.8337517
3198,7090,0.29961777,0.48522776,0.0009790957,0.0011093467
3199,4342,94.825294,0.57377785,0.18015169,0.35411882
3199,3198,39.109547,0.58463454,0.08139827,0.15643086
3200,6986,0.28699112,0.5328147,0.002268903,0.0044249
3201,1431,1.5647659,0.58131105,0.0019307286,0.0046895593
3201,3200,42.439747,0.5876334,0.11004661,0.21491882
3201,3036,84.197784,0.57631475,0.15907553,0.31319088
3202,3062,1.4225998,0.5643994,0.0018806234,0.0045263767
3202,3063,61.33159,0.56683004,0.11795884,0.23198931
3203,1106,1.2834015,0.5589839,0.002057843,0.0049325526
3203,3202,88.74434,0.56490403,0.1732485,0.3394332
3204,3205,2.9258003,0.5711542,0.0021660104,0.0052731037
3204,4035,274.83118,0.5656121,0.57901585,1.1314813
3205,3204,3.204567,0.5684225,0.0029740632,0.006943658
3205,3065,27.324894,0.5779528,0.059717283,0.11448183
3206,2251,63.985886,0.5578251,0.13262664,0.2591576
3206,2253,41.55955,0.5594302,0.086184785,0.16580099
3207,4749,24.877848,0.58494747,0.050924446,0.09742467
3207,3184,52.71463,0.5861001,0.097994946,0.19229534
3208,5148,35.499844,0.5853337,0.15868445,0.31063518
3209,4827,0.0,0.5780287,0.0077966824,0.01622869
3209,4944,72.566895,0.5848755,0.15334085,0.30044398
3210,3208,6.1012764,0.5866779,0.010480478,0.02114828
3210,4827,2.6933746,0.58726203,0.0051108524,0.010545716
3211,5922,1.67519,0.58515024,0.0019514114,0.004547477
3211,5726,118.849174,0.5809308,0.22667798,0.4442364
3212,725,2.710762,0.5788087,0.0022380427,0.005161643
3212,6753,104.55667,0.57889575,0.22104985,0.43074477
3213,586,263.73993,0.5757646,0.5475973,1.06936
3214,3215,1.8401527,0.57782817,0.0017525852,0.004538521
3215,3214,2.2397423,0.58163756,0.00245478,0.0057837963
3215,2807,162.7619,0.5711573,0.33884883,0.6621142
3216,594,4.1481247,0.5750942,0.0041845217,0.009614676
3216,5918,35.66086,0.5836041,0.19497877,0.37796772
3217,3068,1.786377,0.5820568,0.0028517917,0.006380871
3217,6225,84.97748,0.5743725,0.39020532,0.7585644
3218,1627,1.8437767,0.5824683,0.002522111,0.005565062
3218,3217,40.37528,0.5804477,0.18374291,0.3581957
3219,1530,1.270504,0.5853606,0.003514953,0.006896168
3219,5870,40.9091,0.57492906,0.13038296,0.25162247
3220,3140,5.541321,0.5919086,0.014257483,0.028579548
3220,5987,50.001812,0.5958479,0.16117702,0.3155101
3221,3222,1.4891701,0.585258,0.0029475912,0.0067256093
3221,3225,166.0054,0.58020324,0.34956655,0.6836219
3222,3221,1.6680412,0.5885763,0.0029070303,0.0066120774
3222,2992,59.440804,0.5883845,0.12409361,0.2435227
3223,3225,1.7105789,0.5859104,0.002083309,0.0048468113
3223,1494,51.618378,0.5862342,0.0987386,0.19302991
3223,3222,166.65039,0.5712147,0.3469818,0.6764028
3224,4165,107.637764,0.585134,0.20244704,0.3981744
3224,3617,97.64911,0.58490556,0.18439856,0.36250603
3224,3225,62.788666,0.58751905,0.120088965,0.23617953
3225,3223,1.845726,0.58733386,0.0024492815,0.0057123154
3225,3224,62.587364,0.58755344,0.120091595,0.23588133
3225,1822,42.340378,0.58933485,0.08804748,0.16997838
3226,584,161.07315,0.5785604,0.30264488,0.5937422
3226,3241,388.75848,0.5715004,0.73203075,1.4340383
3226,3601,15.202885,0.586258,0.03102177,0.06050454
3227,2992,2.137516,0.5885375,0.0039520934,0.008662805
3227,3221,57.326305,0.5948689,0.12113392,0.2387032
3228,4360,1.4999924,0.5874732,0.0018094555,0.004443571
3228,880,105.885086,0.5860523,0.22109273,0.4326046
3229,1540,17.714815,0.58950967,0.036307067,0.07049929
3229,1539,31.071404,0.5901767,0.061331324,0.11774883
3229,3393,127.00305,0.5847332,0.23875952,0.46933168
3230,3514,21.917917,0.5863515,0.043651067,0.0835168
3230,2447,41.2517,0.58947426,0.07732173,0.15115336
3230,2747,94.59055,0.5857847,0.17798063,0.34995306
3231,2395,119.42439,0.59076065,0.22438931,0.44195098
3231,5357,188.59735,0.5799481,0.35633117,0.69844735
3231,2244,120.244896,0.58730316,0.22631201,0.44530112
3232,3867,64.544174,0.5808448,0.13763428,0.271226
3232,3965,6.0257797,0.5829619,0.012307867,0.024786443
3232,2932,142.52017,0.5791403,0.2679765,0.52645373
3233,1475,24.633099,0.5830583,0.050617006,0.096834876
3233,1493,22.530304,0.5835793,0.045991793,0.08879433
3233,2930,16.011223,0.585297,0.03271754,0.06355882
3233,2929,58.96306,0.58374214,0.11224453,0.22048888
3234,3235,1.8834267,0.6105764,0.003102623,0.0071237087
3235,997,1.9123306,0.61592925,0.00280343,0.0062461644
3235,2298,2.3828201,0.6169312,0.0037669986,0.008208916
3236,6432,52.396393,0.61646044,0.1223696,0.24109638
3236,405,6.846283,0.60739136,0.016442358,0.032417014
3237,1461,1.9164314,0.5866879,0.0026613176,0.0060890466
3237,5142,61.536713,0.58573383,0.15662344,0.30648774
3238,2873,1.5653648,0.58390605,0.0019085109,0.0046548396
3238,3237,102.4461,0.57711744,0.26570764,0.52112365
3239,1464,1.8338432,0.58329,0.0023744404,0.005480215
3239,3238,88.63013,0.5800064,0.23084098,0.45239568
3240,3241,6.830185,0.58579135,0.013114803,0.026099473
3240,5403,20.489632,0.5839718,0.04234844,0.0818692
3240,3806,8.515766,0.58433914,0.017574511,0.034767866
3241,3240,6.8529243,0.5860186,0.013367891,0.026804298
3241,7063,67.28139,0.58370006,0.14183235,0.27783453
3241,3226,386.93073,0.57083017,0.72926074,1.4292263
3242,5725,11.845623,0.5856075,0.023685783,0.04659961
3242,5404,43.08777,0.58712244,0.08186066,0.15669344
3243,2708,209.1803,0.53692865,0.4058622,0.78995407
3243,1485,182.08862,0.52331364,0.38728973,0.7542623
3243,2709,30.988323,0.5385005,0.067779884,0.130604
3244,4336,1.6820831,0.6074256,0.0038082004,0.0083292425
3245,727,2.8585129,0.60131955,0.0049211085,0.01047945
3245,6795,47.49617,0.60006464,0.09911415,0.19304675
3246,803,3.3498917,0.6015872,0.004846297,0.010287419
3246,6420,36.227837,0.6050558,0.07059711,0.13580972
3247,3248,1.4584427,0.64709735,0.003691934,0.008231416
3247,3946,127.78625,0.68011004,0.1790098,0.35723785
3248,3247,1.5098839,0.67393595,0.0039447695,0.008766279
3248,5540,33.739246,0.66771936,0.09903036,0.19405007
3249,5009,3.1526146,0.62780505,0.004142165,0.008848801
3249,3630,62.36016,0.022522867,0.26294518,0.5572664
3250,4546,19.217793,0.5788362,0.039660253,0.077106625
3250,1148,42.71486,0.5794649,0.081909224,0.15971076
3250,4188,80.17416,0.5718534,0.15408444,0.30238754
3251,771,10.390593,0.31459343,0.021055974,0.040075645
3251,770,4.0345764,0.32043445,0.009119667,0.017330915
3252,6585,6.644161,0.6784835,0.010721654,0.02159825
3252,1422,2.5638695,0.6781397,0.004238151,0.008831903
3253,1948,20.939232,0.68104297,0.035674237,0.070039205
3253,3614,6.752983,0.6724169,0.025455661,0.051067114
3254,3490,4.4527435,0.67326975,0.01091861,0.022016719
3254,6558,0.89294815,0.668115,0.010894887,0.02156432
3255,4614,2.5682564,0.65760213,0.0015718043,0.004251197
3255,2824,8.514294,0.65462995,0.017451905,0.034576774
3256,6487,1.2625504,0.6175158,0.0021343604,0.00583978
3256,3843,24.794329,0.6214917,0.051731065,0.09971929
3257,4456,1.8810616,0.60313874,0.0026012808,0.0057391375
3257,3844,24.678082,0.6096547,0.05042774,0.09747314
3258,1483,152.11214,0.38865682,0.34124935,0.6555897
3258,6447,57.947136,0.374963,0.12407966,0.23636156
3259,4244,1.237999,0.49586526,0.0038961992,0.008016199
3259,2289,32.84098,0.50134885,0.06692034,0.12855414
3259,6821,27.728634,0.49767148,0.05811043,0.110151224
3260,3656,67.15448,0.57739246,0.12802199,0.2511662
3260,4910,59.937073,0.58051264,0.11305764,0.22029753
3261,1492,71.87677,0.58150905,0.13683185,0.26923728
3261,2800,35.41569,0.5866076,0.07163282,0.13900492
3261,3821,50.00028,0.5821336,0.09771749,0.18793866
3262,4794,1.0713882,0.591472,0.0011235699,0.0021592677
3262,1748,263.39386,0.6259603,0.4818455,0.9440246
3262,6871,49.11626,0.65361613,0.11583396,0.22568733
3263,4838,2.781124,0.5792071,0.002108544,0.0051094145
3263,3894,140.73215,0.57722473,0.2894368,0.5641612
3264,2929,5.5486717,0.58425343,0.010142922,0.02026634
3264,3280,54.231857,0.58630913,0.10314594,0.20203072
3264,3266,10.841997,0.5841195,0.02149479,0.04217446
3265,2922,17.326925,0.58574176,0.037103355,0.07213043
3265,4839,25.268726,0.5833678,0.05366087,0.10272582
3266,2928,6.40432,0.5853478,0.01211565,0.024226934
3266,610,38.950928,0.5866648,0.07474561,0.14681526
3266,3264,10.876633,0.5855784,0.021700762,0.04274474
3267,1032,5.163372,0.55211884,0.01135271,0.022816852
3267,1528,1.52911,0.54139507,0.003187187,0.0071242154
3268,3269,1.9608765,0.011553049,0.006859854,0.012192488
3268,924,51.957787,0.5486422,0.1280028,0.24198683
3269,3271,17.331293,0.0025486946,0.05869677,0.119254574
3269,3270,10.365704,0.5571041,0.021568425,0.041661248
3270,6583,13.083773,0.5564978,0.021212094,0.04269719
3270,3271,66.20331,0.55617106,0.127683,0.24833202
3270,3269,8.515232,0.5632691,0.017459653,0.034675717
3271,3270,64.3883,0.55942947,0.124769,0.24362665
3271,5377,4.1688957,0.024939686,0.01071921,0.021521986
3272,3964,2.1128082,0.67663956,0.0024627373,0.0058991164
3272,3711,48.91479,0.4132241,0.17362523,0.26970783
3273,5676,2.0671577,0.5751881,0.004368633,0.009364232
3273,1877,10.158844,0.5750831,0.011924982,0.02475354
3274,3377,145.31317,0.63644016,0.26735827,0.52571857
3274,1652,69.22153,0.64513147,0.127931,0.25457275
3274,403,27.817162,0.6440966,0.05594534,0.1081368
3275,3277,0.42570877,0.57063055,0.0024145693,0.0056214184
3275,3185,46.75093,0.5882667,0.08762774,0.17043212
3276,5677,56.17781,0.5774547,0.106524475,0.20778659
3277,3275,0.76686096,0.57321775,0.002656065,0.0058774054
3277,3540,51.835407,0.582397,0.16861519,0.33014154
3278,3679,0.30628967,0.5693902,0.0022766516,0.0055672973
3278,6518,49.634533,0.5834634,0.16008309,0.3140259
3279,3320,80.23761,0.58559465,0.1115313,0.21863359
3279,1475,107.88221,0.58527845,0.2026581,0.39871392
3280,3264,54.052986,0.58699334,0.103880726,0.20326707
3280,3279,82.22958,0.5834008,0.11562625,0.22570632
3281,3240,51.715862,0.58413315,0.10779114,0.2104831
3282,778,28.15622,0.5856921,0.05689119,0.10857163
3282,2748,41.54579,0.58658105,0.07952722,0.15554312
3282,2447,106.888794,0.58411145,0.1996032,0.3922674
3283,6072,9.276524,0.65182936,0.01855369,0.03646171
3283,7071,2.4117775,0.64121896,0.0031744689,0.0062532723
3283,7073,27.819864,0.6545261,0.057512507,0.11042506
3283,3284,81.91554,0.65319264,0.14839543,0.29597417
3284,3285,7.8000755,0.6534529,0.014983334,0.029759422
3284,2220,198.56618,0.6527706,0.3611727,0.71240425
3284,3283,82.31463,0.65255475,0.14856929,0.29619223
3285,3284,7.7964706,0.654665,0.01495707,0.029729202
3285,324,86.41246,0.65380174,0.15768076,0.3137178
3285,304,252.75897,0.652196,0.46087322,0.9058008
3286,4523,81.04581,0.4660917,0.17097266,0.33015874
3286,702,162.6276,0.47892636,0.3269057,0.6324598
3286,2184,131.8453,0.4721914,0.2653766,0.51303625
3287,3910,68.95207,0.592495,0.14538518,0.28559172
3287,5446,16.902773,0.591638,0.036424004,0.070819855
3288,4737,1.7102852,0.5881416,0.0031805113,0.007396683
3288,4736,3.907917,0.5930619,0.0076101944,0.015843213
3289,2880,44.983437,0.57499665,0.11050829,0.21247478
3290,3334,86.90543,0.5676914,0.18441588,0.36023208
3290,978,31.120201,0.5789161,0.06158781,0.116972014
3291,2111,40.513218,0.59453535,0.078601725,0.15405346
3291,183,94.45286,0.594914,0.17867129,0.35127228
3291,5395,37.488827,0.59146523,0.07182984,0.13957024
3292,4304,91.85967,0.5817013,0.17222252,0.3375172
3293,1177,12.137243,0.5544481,0.026029617,0.05120875
3293,1176,59.164833,0.55100435,0.12545311,0.24552117
3294,5657,66.647736,0.6419774,0.13623324,0.26980782
3294,4681,12.115664,0.6391636,0.02505526,0.049237028
3295,5358,2.8115997,0.6383846,0.0019529015,0.005097389
3295,4599,52.056675,0.6469471,0.10758564,0.2113211
3296,5227,51.03872,0.64884984,0.07543435,0.14437039
3296,1659,29.328241,0.65569293,0.061681144,0.11821137
3297,3174,1.6570854,0.47709924,0.0039794743,0.008346781
3297,1935,43.20776,0.46786734,0.08776043,0.16909076
3298,5392,2.6690025,0.5562824,0.003772147,0.008570686
3298,4820,25.793186,0.5527295,0.047994837,0.09356748
3299,3508,12.161093,0.55195767,0.029355932,0.057241306
3300,4450,112.42263,0.6218666,0.2095147,0.41126788
3300,1982,54.738876,0.6191633,0.10270097,0.20086814
3302,5746,2.0171318,0.6515019,0.0037545934,0.008413345
3302,3442,3.3607216,0.64568985,0.008103982,0.017286286
3303,7078,0.6238899,0.55894166,0.006177135,0.012503281
3303,3535,2.014618,0.56277776,0.0067212954,0.013378859
3304,5723,2.7945824,0.5768058,0.009937383,0.019709721
3304,1774,5.092148,0.5782325,0.014813103,0.029114023
3305,3534,21.118927,0.5614194,0.05804642,0.11258272
3305,3392,1.4158669,0.563124,0.00406982,0.007827938
3306,263,58.913048,0.5585345,0.18999973,0.37178248
3307,1979,68.65992,0.6517991,0.12539434,0.25009328
3307,74,42.8187,0.6491393,0.08033331,0.15544268
3308,3310,1.1093407,0.5835429,0.0037990808,0.007920846
3309,213,94.52242,0.5764432,0.3231125,0.6328252
3309,214,1.4952087,0.5584829,0.0028713346,0.006170392
3310,3311,1.7718391,0.5990539,0.0031270534,0.00706625
3310,2977,42.100735,0.6040735,0.11653209,0.22933236
3311,2189,5.4512215,0.60350543,0.010435872,0.021079212
3311,2981,1.2103882,0.6004177,0.0039167255,0.008139282
3312,1159,66.18265,0.58661497,0.1254,0.24693924
3312,2855,96.00939,0.58648616,0.18065067,0.3553185
3312,1157,92.14015,0.5855217,0.17726803,0.34847325
3313,3317,86.89049,0.6177607,0.16095175,0.31801528
3314,3316,58.533394,0.61752313,0.11069564,0.21776265
3315,3316,82.92258,0.62013197,0.16729277,0.32987794
3315,2844,29.092113,0.6233359,0.062432576,0.120125294
3316,3317,4.0719833,0.6191753,0.007848546,0.015794754
3316,3315,82.689514,0.6218848,0.16766287,0.33084843
3316,3314,57.708893,0.61796206,0.11031012,0.2166344
3316,3342,36.453087,0.6207106,0.07060831,0.13796833
3317,3316,4.4750595,0.6182966,0.008616075,0.01731117
3317,1299,165.86508,0.6122914,0.33743072,0.6623237
3317,3313,85.64984,0.61735326,0.16042069,0.3164811
3317,3343,36.816673,0.6205823,0.071036704,0.13947411
3318,1198,19.85934,0.55457354,0.056507923,0.111002095
3318,7079,20.501307,0.5547731,0.058689,0.114908785
3319,4911,1.8942871,0.5815876,0.003743142,0.00805369
3319,3320,124.30155,0.58186287,0.2462261,0.48313165
3319,3820,32.98352,0.5866793,0.06198503,0.119448364
3320,3319,125.00155,0.5791696,0.2467874,0.4846766
3320,696,22.066235,0.58165205,0.038352676,0.073784426
3321,2859,20.879395,0.56326514,0.057228845,0.11192764
3322,3303,27.30431,0.5641805,0.069193155,0.13369149
3322,3306,42.218567,0.5618797,0.12717506,0.24997512
3323,7031,3.015686,0.49078137,0.0043203533,0.008638158
3323,6511,27.961525,0.49100044,0.058621347,0.111636005
3324,4024,1.4217339,0.61733866,0.0022909567,0.0054285377
3324,2073,67.033295,0.62788165,0.12311645,0.24303904
3325,655,33.661495,0.6521993,0.07120037,0.13883162
3326,864,3.0917168,0.59233904,0.005164407,0.01116769
3327,1693,2.28014,0.5835201,0.003392771,0.0061267167
3327,470,72.92082,0.585585,0.13890861,0.27307585
3327,6404,63.548355,0.5710764,0.077412136,0.14552365
3328,728,7.0697327,0.5977685,0.01505661,0.030113772
3328,453,97.31348,0.5977836,0.20076765,0.39393598
3329,371,1.8692856,0.39647558,0.0040564835,0.008210063
3329,7060,33.62523,0.37300485,0.093986906,0.1816832
3329,369,32.573776,0.3893535,0.07450837,0.14140567
3330,2168,63.429283,0.3609483,0.19592872,0.32873172
3330,5247,2.330639,0.64827335,0.0043568984,0.009380579
3331,2659,41.697132,0.5571317,0.08054889,0.15694827
3331,2647,79.848946,0.55887264,0.15260264,0.29921007
3331,5316,97.889626,0.5514085,0.18870014,0.36856136
3331,2797,134.91708,0.5549205,0.25659895,0.50228596
3332,2584,25.299786,0.570731,0.054791797,0.1059586
3332,362,30.37613,0.57608825,0.06279585,0.12377485
3333,4719,0.96141815,0.56719,0.0011529773,0.0031245202
3334,6279,2.855713,0.5685212,0.006093949,0.012671128
3334,3333,6.3966713,0.5732975,0.0070336983,0.015081316
3335,4972,7.769779,0.5667008,0.008702472,0.018138707
3335,6277,2.010147,0.56298894,0.0038255975,0.008411422
3336,353,157.75685,0.62743217,0.2912027,0.5747331
3337,4022,84.77333,0.5667773,0.16465032,0.32296768
3337,1941,71.54633,0.56149095,0.13534296,0.2657698
3337,4478,94.124985,0.56776935,0.17818558,0.34926987
3338,4477,103.29208,0.561199,0.21566477,0.42057502
3338,6613,130.71939,0.54645854,0.27818075,0.5405776
3338,2266,263.9495,0.5359656,0.5085575,0.9896121
3339,339,27.461678,0.6246437,0.058945477,0.113116235
3339,6992,7.273754,0.62405443,0.015006699,0.030032456
3340,2985,13.564932,0.61942846,0.02744893,0.053901345
3341,2850,64.42414,0.62295675,0.11846557,0.23332559
3341,5416,108.551674,0.6237395,0.1994716,0.39368334
3341,1303,30.910099,0.6216096,0.06232871,0.11939968
3342,2983,2.4087868,0.6165213,0.0035684928,0.0076156855
3342,3316,36.584736,0.61845785,0.07045829,0.13818765
3342,1982,118.39256,0.6194641,0.21803454,0.4296456
3343,1302,1.9725761,0.6154296,0.0027547628,0.0060387254
3343,1298,180.93234,0.611745,0.33661565,0.6624753
3343,3317,36.8047,0.61960506,0.07115093,0.13864103
3344,4142,88.229034,0.6481774,0.08341696,0.15861902
3344,4142,63.4211,0.6466048,0.089781545,0.17285739
3344,2141,19.038815,0.6526656,0.025395095,0.049938306
3345,2575,99.10308,0.65674603,0.18018654,0.35797596
3345,1471,97.61815,0.64755017,0.17922005,0.3551852
3345,1979,21.72042,0.6524922,0.044562537,0.086231776
3346,1765,15.550785,0.6000155,0.03146316,0.061317742
3346,1743,153.24483,0.5972705,0.2836486,0.5571858
3346,2967,119.29492,0.5744167,0.22497767,0.4404735
3347,3869,3.1508179,0.6440306,0.0050659776,0.010396421
3347,5499,59.997486,0.6524685,0.10944538,0.21503694
3348,3349,4.334564,0.637004,0.0065046176,0.013647899
3348,1744,212.85078,0.64187574,0.3862113,0.7608094
3348,1689,5.852272,0.6397792,0.010878585,0.021919578
3349,1689,4.248646,0.6379809,0.008164026,0.01669158
3349,3348,4.7014084,0.63812673,0.0073235184,0.015193477
3349,4629,40.96488,0.6373427,0.08356386,0.16537388
3350,6461,1.7284813,0.58990806,0.0027183518,0.005656749
3350,1404,36.908154,0.59418064,0.071728304,0.1393077
3350,4413,11.605576,0.59515893,0.023710847,0.046962187
3351,2884,33.781464,0.5946975,0.06662341,0.1292107
3351,3816,20.947964,0.5923233,0.04967564,0.0966961
3352,5414,4.3866463,0.63269323,0.007978499,0.016106397
3352,1653,5.573517,0.6289262,0.010381706,0.020722866
3352,1193,45.285873,0.6323004,0.086226255,0.16927287
3353,4213,77.09645,0.6689983,0.14072329,0.2806396
3353,359,26.776009,0.66555476,0.053828657,0.104443334
3354,7,2.2580757,0.6486311,0.0032779276,0.0077486187
3354,1336,33.79132,0.6482974,0.07178868,0.14029172
3355,2353,2.5976868,0.53435206,0.00438112,0.009294465
3355,4703,10.357677,0.53616226,0.022452578,0.044668227
3356,6591,55.686024,0.67457235,0.10328754,0.20493387
3357,4262,1.9506264,0.6463313,0.0028850213,0.0062274635
3357,404,9.074562,0.6487265,0.018928118,0.037491903
3358,4265,2.7793732,0.6458512,0.0017041415,0.004800841
3358,3357,14.055016,0.64660394,0.029879753,0.05851978
3359,4263,2.956478,0.6492344,0.002052106,0.0052788854
3359,4261,26.378496,0.6485083,0.056157567,0.1079236
3360,1746,3.0166588,0.6635262,0.005175635,0.01081197
3360,6679,8.842278,0.6642737,0.017110556,0.034080952
3360,4789,3.507248,0.6641444,0.0060646087,0.01248683
3360,5098,32.663986,0.6726432,0.07921718,0.15586619
3361,4755,22.168764,0.6340452,0.050808623,0.09838276
3362,356,176.94041,0.66089684,0.30146825,0.5949868
3363,3364,3.1924553,0.64994884,0.005735293,0.011928469
3363,3644,6.616371,0.6521808,0.013475284,0.026962146
3363,7042,61.80162,0.65450203,0.11985783,0.23894534
3364,3363,3.3113518,0.64789104,0.0063851774,0.0128956735
3364,4869,2.162754,0.62428635,0.0038420334,0.00741978
3364,6421,66.48865,0.65585136,0.12992236,0.2584075
3364,3644,3.9072266,0.6507075,0.008221328,0.016522512
3365,3366,2.6540718,0.6535772,0.0036619082,0.0069025755
3365,4053,13.203363,0.026381701,0.061480097,0.12829633
3366,1618,2.0805054,0.6584717,0.0032983571,0.00740619
3366,6305,0.0,0.07108569,0.0064271316,0.011270791
3367,3369,0.6176491,0.43645275,0.00073187053,0.0014805496
3367,2790,21.402937,0.6269234,0.044441633,0.08600991
3368,3367,1.4494781,0.6135607,0.0020723417,0.004867241
3368,2215,26.202763,0.62550825,0.045412447,0.08715315
3369,3371,2.060398,0.61866164,0.0032473207,0.0065912306
3370,3368,2.0418549,0.61438876,0.0031597316,0.0073590577
3371,2214,143.944,0.6264949,0.2726052,0.5375464
3371,3370,1.558506,0.6136503,0.0029886365,0.006949544
3372,318,89.06038,0.66927034,0.12828913,0.25366193
3372,501,34.296722,0.6670195,0.07556253,0.14736019
3372,496,28.907164,0.67159665,0.06343608,0.12291499
3373,1700,1.842762,0.586409,0.0031653568,0.00700891
3374,6659,43.438194,0.63624597,0.083948776,0.16507514
3374,276,70.680084,0.6380253,0.13328767,0.26424065
3374,3593,2.0932007,0.62845594,0.0035864264,0.008163974
3375,3672,1.2699127,0.4666501,0.0066722482,0.013275087
3375,3376,4.142864,0.4633975,0.0030550137,0.0063780397
3376,699,8.706203,0.46727443,0.023188926,0.044829935
3377,3274,145.77924,0.6393647,0.26745427,0.52748567
3378,4441,1.6451416,0.5161762,0.0022019893,0.0047714114
3378,2512,48.479298,0.5150451,0.094807856,0.18487039
3379,1800,51.614456,0.46762696,0.13267383,0.25757223
3380,6794,1.6680374,0.64078736,0.0031177178,0.0069738925
3380,3381,2.4318047,0.6439217,0.0048879683,0.010698602
3381,2311,1.7143593,0.6404077,0.0024352968,0.005828738
3381,4073,38.139584,0.64114696,0.080345586,0.15692043
3382,1732,1.8617897,0.6344266,0.0033132508,0.007137865
3382,6096,80.26123,0.6346183,0.19807777,0.39171076
3383,1105,1.8680115,0.63318175,0.004081361,0.009513542
3383,3382,45.392555,0.6374987,0.095267005,0.18797083
3384,912,4.1759567,0.5561049,0.008682512,0.017591983
3385,6313,1.6994514,0.59359664,0.0052366033,0.011142701
3385,1025,6.509327,0.59516096,0.015443616,0.030995965
3386,2982,645.07355,0.638626,1.1862798,2.3340433
3386,5430,180.42416,0.6487473,0.33367747,0.6570027
3386,333,80.982544,0.6593925,0.14764875,0.29437476
3387,3389,5.4817505,0.65064675,0.009935565,0.02052249
3388,3387,2.6364136,0.63948697,0.004621111,0.010278642
3388,4123,32.870296,0.6646522,0.0658261,0.12499772
3389,332,2.4730797,0.6406928,0.0044102,0.009780541
3389,754,72.88848,0.6530872,0.13713609,0.27140033
3390,4372,2.136734,0.65765655,0.0020755604,0.005135685
3390,4122,18.677614,0.65947944,0.037988633,0.0735336
3391,2499,2.0177078,0.58537215,0.0029556528,0.006547585
3391,1535,37.056034,0.20559242,0.17102379,0.3570816
3392,3303,0.68029785,0.56187147,0.0063570514,0.0127943605
3392,4278,4.619007,0.55763984,0.011505008,0.02356781
3393,2499,71.63835,0.5870077,0.13099651,0.25707704
3393,3229,127.36305,0.58741605,0.23976362,0.47165388
3394,1367,190.32362,0.56851715,0.36258668,0.70929164
3394,4880,65.51619,0.57611483,0.13673453,0.2656682
3394,617,12.413973,0.57759744,0.026711583,0.05242735
3395,3016,56.25022,0.5665829,0.1093709,0.21386285
3395,3017,113.95645,0.5644242,0.21630979,0.42338347
3396,2922,44.441837,0.5870069,0.091654316,0.17853624
3396,2933,50.79639,0.5851071,0.10430775,0.20364556
3396,3641,107.93913,0.58026487,0.20202124,0.39713237
3397,6480,61.624992,0.59586746,0.11438496,0.22409275
3397,6174,4.6958885,0.59605646,0.008641183,0.018081725
3398,4283,21.289154,0.61463946,0.043531183,0.08416747
3398,7057,13.511822,0.6159946,0.027461402,0.054004118
3399,5805,11.643984,0.6105824,0.024935156,0.048891515
3399,853,64.6064,0.60979927,0.13370506,0.26305586
3400,3142,5.8354034,0.5180286,0.0153249875,0.03046523
3401,2970,48.306602,0.50947076,0.094551876,0.18375729
3401,77,81.49434,0.5198419,0.26394793,0.51125836
3402,196,38.024097,0.5061054,0.08250602,0.15649761
3403,390,1.996418,0.62173146,0.0030111969,0.006547317
3403,1733,50.4246,0.6296523,0.09424264,0.18367025
3403,5649,71.38146,0.6338743,0.13101144,0.2604335
3404,5705,1.2468948,0.62073016,0.0036180913,0.0084079355
3404,3411,2.9476662,0.62465346,0.005229123,0.011385053
3405,4134,20.167618,0.6563335,0.041539263,0.08011014
3405,6153,90.44529,0.6594107,0.17585856,0.3487418
3405,3158,115.52757,0.660202,0.20948708,0.41462818
3406,59,9.965,0.6293289,0.013285436,0.02714181
3406,58,7.9149323,0.6246311,0.013910383,0.027947143
3407,3813,1.516182,0.5363198,0.0048044026,0.010067329
3407,3408,15.939058,0.5420753,0.037378475,0.07264401
3408,99,38.04879,0.5473502,0.06425791,0.12189989
3408,3409,51.24595,0.5499937,0.121925086,0.23950067
3409,6221,34.088886,0.5481637,0.08501853,0.16127881
3410,787,66.06029,0.5941115,0.12557031,0.24731976
3410,4328,151.22986,0.58784443,0.28287864,0.556058
3410,734,74.63689,0.59472376,0.1412858,0.278305
3411,6097,2.3482056,0.6243169,0.0038507208,0.008323535
3411,3403,8.830509,0.6269293,0.017742574,0.03510861
3412,6331,2.2946434,0.62100977,0.003953606,0.008138448
3412,6337,201.4739,0.6166715,0.37605157,0.73790956
3412,6330,20.57927,0.6306445,0.043685857,0.08456262
3413,4112,15.449207,0.6295472,0.03135761,0.06124296
3413,6544,2.1770096,0.6281552,0.0037628934,0.0081400275
3414,2369,2.601204,0.5666098,0.0070697814,0.014635071
3415,5789,0.7430191,0.5507346,0.0028353557,0.006061256
3415,4976,42.443157,0.55470926,0.10825453,0.209537
3416,1358,4.9787292,0.5491272,0.008180261,0.017071858
3416,3415,24.67543,0.55032545,0.04433714,0.08475887
3416,5571,69.70598,0.55075854,0.10516079,0.2044497
3417,6520,49.669453,0.5290275,0.12537898,0.2441342
3417,18,33.764183,0.5363833,0.10780967,0.21154018
3418,6720,1.1148071,0.5222475,0.0040085316,0.00805448
3418,6058,45.599266,0.51966065,0.11880158,0.2340085
3419,6640,2.3299713,0.6696753,0.0038309246,0.0074785054
3419,1819,9.566315,0.67810684,0.01846768,0.036486894
3420,289,2.0871658,0.66953856,0.0031915605,0.0067399144
3420,668,33.999557,0.6735908,0.0657448,0.12645599
3420,6643,66.0468,0.67467624,0.13453016,0.2674498
3421,451,2.0634499,0.6623973,0.003453888,0.0072725564
3421,3420,50.035236,0.6704806,0.102868326,0.20226757
3422,1036,1.533741,0.517638,0.0019182339,0.0043492317
3422,2287,87.11333,0.5266067,0.16971567,0.33144477
3422,3538,50.322464,0.50819236,0.1088438,0.21182746
3423,1228,19.570782,0.5278885,0.043987468,0.08536469
3424,3423,30.59948,0.53270715,0.041863404,0.08185579
3425,4051,1.6692238,0.53032124,0.0033009946,0.0069924444
3425,3424,9.409603,0.5295434,0.010599114,0.02174604
3426,5548,114.09922,0.52363163,0.24988508,0.4821334
3426,3825,17.836514,0.5324446,0.025858827,0.051206246
3427,3825,39.458023,0.52400434,0.049170624,0.09598182
3427,3423,51.27388,0.52311265,0.11007316,0.21339124
3428,3851,1.101059,0.61170185,0.0025086924,0.0057142377
3428,3857,9.882198,0.6135459,0.02097603,0.04143946
3429,3115,4.3458977,0.5849848,0.008885182,0.01809831
3429,6899,19.260883,0.58447045,0.04182465,0.08118846
3430,5226,1.2788506,0.53538525,0.0013821796,0.0032535642
3430,2600,1.6480637,0.54077405,0.003892094,0.008305863
3431,5766,3.2279701,0.55449975,0.0058323443,0.011900902
3431,549,0.05372238,0.043943882,0.0047906563,0.008323774
3432,3051,100.90202,0.59553903,0.18672577,0.3679552
3432,3433,304.39496,0.58610225,0.5723283,1.1203685
3433,2400,33.481857,0.59797657,0.06553487,0.12720484
3433,6695,114.93756,0.59336406,0.21391626,0.42079598
3433,3432,304.20258,0.5864913,0.5700138,1.1155077
3433,3070,112.56861,0.59553504,0.21054411,0.41349387
3434,6214,2.461113,0.5663084,0.0018318668,0.0049973726
3434,4389,7.93631,0.5584908,0.009982534,0.020767808
3435,2304,29.933119,0.5095922,0.061067387,0.11678551
3435,1217,32.24904,0.50856173,0.065154634,0.124540776
3435,1278,12.164003,0.5071311,0.02522447,0.049122915
3436,3437,2.3237877,0.59692234,0.003645189,0.007854775
3436,1308,38.886765,0.5979411,0.07434206,0.14370048
3437,3438,6.1758156,0.5951359,0.011875384,0.023978263
3437,3436,2.1333237,0.5936541,0.0033316165,0.0074771494
3437,282,8.529404,0.59619653,0.016858436,0.033671647
3438,4938,1.9841766,0.593734,0.0034785122,0.0076182485
3439,3436,9.315098,0.5949667,0.018851735,0.03740926
3439,4938,2.1567612,0.5960632,0.002834037,0.006482005
3440,3439,4.047756,0.59441066,0.0075448006,0.015418887
3440,3441,16.44687,0.59698653,0.033517685,0.065344684
3441,3440,16.48976,0.5951922,0.03376307,0.065740034
3441,5767,29.743866,0.59823996,0.05939947,0.11362934
3442,6645,3.5326653,0.6469556,0.008764163,0.018075615
3442,1292,4.142765,0.64442325,0.007972673,0.016471505
3443,2894,54.031357,0.5373489,0.13811848,0.26970854
3443,419,1.9692192,0.5211839,0.00572823,0.011864677
3444,1796,31.31712,0.39333588,0.07027145,0.13411766
3444,44,1.6543121,0.3817451,0.0053377524,0.010090843
3445,3446,2.5814934,0.539095,0.0021607354,0.004974246
3445,548,78.28209,0.5429582,0.165804,0.3219357
3446,3447,1.247673,0.5396445,0.0030634925,0.007047504
3446,3445,2.5760536,0.5398871,0.0020344034,0.004873827
3447,547,1.4809227,0.53937477,0.0019184873,0.00463672
3447,5572,19.58261,0.54096687,0.04279608,0.08276662
3448,4041,7.8359413,0.4614396,0.010911785,0.021785155
3448,5755,5.114357,0.45168248,0.010451682,0.020685926
3449,5295,1.4171753,0.61083645,0.003244862,0.007435113
3449,2614,12.798803,0.61364555,0.029167015,0.057208374
3450,4382,72.05432,0.595105,0.13591832,0.26840675
3450,5447,134.65448,0.59104806,0.25103566,0.4939345
3450,798,66.44904,0.5967967,0.12673819,0.24967778
3450,745,2.9280434,0.59572816,0.004536912,0.009763837
3451,1987,20.235949,0.6365893,0.041555993,0.08048248
3451,4104,6.466297,0.6313395,0.009520829,0.019735023
3452,2021,111.37299,0.36976746,0.23884568,0.45918846
3452,4958,51.653,0.3343249,0.11054245,0.21132945
3452,3980,48.666702,0.32192358,0.10468778,0.2023954
3453,1149,66.57431,0.5762087,0.12657748,0.24752884
3453,1459,17.604057,0.57331026,0.036145914,0.07077245
3454,3455,35.192993,0.5454525,0.09174869,0.1771867
3454,2475,47.9523,0.5472505,0.15759155,0.30816734
3455,1821,1.7534447,0.54693455,0.0025514811,0.006052181
3455,6301,0.51119995,0.5436343,0.002576232,0.0056999624
3456,1886,4.541359,0.5485511,0.011127539,0.022687301
3457,2989,13.917988,0.5930466,0.030112308,0.059054114
3457,2574,14.513433,0.59374976,0.030249495,0.059619814
3458,4240,2.591053,0.5957316,0.0048841015,0.010377556
3458,2180,7.7572327,0.59389746,0.016172327,0.032160535
3459,1645,18.460049,0.6100471,0.034275144,0.06715905
3459,2892,4.6352806,0.6103355,0.011044748,0.022435829
3460,3459,12.167168,0.6118511,0.028164782,0.054882668
3461,6272,1.1193428,0.5962045,0.003439486,0.0075776577
3461,706,2.1091576,0.5931418,0.0022368953,0.005469173
3462,6197,32.707935,0.4004113,0.075779535,0.14293686
3463,3146,2.1896172,0.59312606,0.0033410192,0.0076108277
3463,7053,10.176739,0.59723693,0.021173827,0.04231599
3464,3463,3.7257996,0.58970135,0.007884264,0.016169667
3464,5832,53.515934,0.594163,0.10236634,0.20035282
3465,1374,36.41034,0.5935357,0.0713831,0.13893057
3465,3972,59.580017,0.592466,0.1118084,0.21767414
3466,3467,7.5678215,0.5861768,0.014933243,0.02948764
3467,3466,7.565426,0.58262277,0.014284715,0.02818723
3467,1158,49.97056,0.5849763,0.09561081,0.18672094
3467,2183,69.38052,0.5816233,0.13188604,0.25976604
3468,5693,1.9653358,0.5904702,0.0032020137,0.0071753114
3468,3469,5.1437035,0.5892048,0.010353386,0.020954862
3469,3909,12.323893,0.58680207,0.026281089,0.05167027
3470,1363,1.9694405,0.5971294,0.0024403706,0.005628273
3470,4295,23.16157,0.6027519,0.054319285,0.104985334
3471,2743,1.4942474,0.5896648,0.0027659014,0.0060124397
3471,3472,5.537369,0.59894246,0.012771793,0.025731012
3472,4357,1.485878,0.59242314,0.0036444217,0.00794448
3473,5838,1.7333984,0.58524823,0.0016241744,0.0042473674
3473,3474,28.723438,0.5891802,0.06942533,0.13423325
3474,1769,4.5816917,0.5821867,0.011705823,0.023415074
3474,5722,2.9595451,0.5827168,0.0072946697,0.014740899
3475,2450,13.031765,0.5683914,0.026804999,0.052269146
3475,3477,6.594082,0.5673299,0.014307842,0.02879399
3476,3477,1.6540871,0.5702616,0.0024177209,0.0056771636
3476,4152,25.107403,0.5678772,0.055418875,0.1054772
3477,3476,1.2741203,0.5651708,0.0014441386,0.0034903735
3477,6624,52.110275,0.57612145,0.11109363,0.21679059
3478,2057,52.74003,0.6306232,0.10949949,0.215651
3478,6922,27.030756,0.62397206,0.058211315,0.1116082
3479,3952,3.2647934,0.62247735,0.005618356,0.011570513
3479,1730,106.982635,0.29119682,0.1683903,0.3145265
3480,891,2.0699387,0.5957791,0.0037070736,0.008136615
3480,1182,61.10875,0.60154784,0.12657991,0.24935827
3481,5695,2.0606003,0.5871684,0.0034209862,0.00772886
3481,4647,9.577423,0.5851801,0.009298287,0.019557416
3482,5694,2.3782578,0.59009075,0.0045728013,0.009761006
3482,5999,7.0467224,0.5875085,0.0068125427,0.014214933
3483,4107,1.8421059,0.5530001,0.0030722842,0.006746173
3483,4072,31.546795,0.55360407,0.06465604,0.12490609
3484,2161,93.135124,0.6303273,0.18867198,0.37265107
3484,2752,104.218124,0.6270083,0.21178457,0.41702133
3484,6068,9.234451,0.62426007,0.018920727,0.03753102
3485,1730,4.2846184,0.63553244,0.008189097,0.015640274
3485,6329,152.03557,0.60438126,0.19608682,0.3823881
3485,3952,60.140053,0.0,0.16568977,0.34913343
3486,5654,1.7925034,0.58933675,0.00800997,0.016283914
3486,1099,34.48795,0.58639884,0.108094394,0.21095186
3487,6678,146.94266,0.052488953,1.1941587,2.4614487
3487,3281,8.972473,0.58622724,0.020862378,0.040375262
3488,2447,82.71592,0.5816041,0.15581697,0.30614343
3488,3136,19.108063,0.0064605474,0.1070617,0.2294249
3489,4232,70.413055,0.5825261,0.09943519,0.1931681
3490,5073,1.7985954,0.63896453,0.012855299,0.024716541
3491,7038,2.171257,0.65408796,0.0042597055,0.009522125
3491,1338,29.138077,0.65356916,0.058860462,0.11356775
3492,7037,1.7211838,0.6453192,0.0032487288,0.0077145845
3492,6693,15.110878,0.6553565,0.031224921,0.06153407
3493,3354,2.1257706,0.6478282,0.0031199008,0.007556781
3493,7,1.9830589,0.64508843,0.0030337423,0.0065737665
3493,662,48.059017,0.644097,0.09111894,0.17945635
3494,3495,2.4185028,0.63168466,0.002976872,0.0072117
3494,3496,25.83647,0.6298004,0.061125174,0.11872724
3495,3494,2.516838,0.6272756,0.003286995,0.007839575
3495,5039,17.030598,0.6301508,0.038759485,0.07558247
3496,3497,2.0121536,0.6230671,0.0021999106,0.0056488663
3496,3498,14.249994,0.6218406,0.032493964,0.063481264
3497,3496,2.2089958,0.6287858,0.002515614,0.00645335
3497,5606,10.603796,0.6288878,0.024904907,0.049289703
3498,3499,2.0963135,0.6276003,0.002267234,0.005838871
3498,5042,33.258507,0.6303523,0.07980326,0.15693453
3499,3498,2.1728134,0.6237266,0.0024524033,0.006161481
3499,3497,14.140823,0.6241483,0.03219958,0.06307859
3500,899,49.627434,0.55257124,0.095882595,0.18791497
3500,4893,34.507492,0.55524546,0.06734557,0.13034144
3500,3769,60.754684,0.55339634,0.116318986,0.22781512
3501,910,26.028921,0.55588514,0.05710973,0.10881314
3501,3769,1.6481972,0.55416226,0.0025242195,0.005800098
3502,4894,2.5304413,0.5558452,0.0008449033,0.0029118806
3502,5791,21.469809,0.55795133,0.046826772,0.09025509
3503,299,50.03591,0.60301965,0.09701814,0.18965605
3503,5076,23.970419,0.5994832,0.04905254,0.0937099
3504,3414,9.572891,0.5617855,0.022768319,0.045024693
3505,3504,7.387615,0.55851835,0.01877892,0.037257254
3505,2493,2.54982,0.56150424,0.008124284,0.016456485
3506,5859,3.1811066,0.6106306,0.004665546,0.010220468
3506,6439,13.095827,0.6078404,0.03042626,0.06005913
3507,3505,17.112843,0.5533236,0.04247458,0.08252745
3508,1035,31.39663,0.5459424,0.06944246,0.13452272
3509,5988,2.2169342,0.5374715,0.0041267276,0.0088029355
3509,2354,32.4113,0.5400665,0.071095794,0.13629656
3510,2675,1.7717934,0.5678241,0.0030290186,0.0066963434
3510,6665,45.36959,0.5849239,0.096194945,0.18744011
3511,5752,3.4917412,0.45191908,0.00640513,0.0126051605
3511,5753,11.504583,0.4610205,0.016157694,0.031401426
3511,2334,32.07117,0.45297104,0.06664676,0.12629282
3512,2193,1.619976,0.57832664,0.002681367,0.0062939078
3512,4752,90.82236,0.5932121,0.19178781,0.37424225
3513,2096,2.162342,0.6331348,0.0036076084,0.007826671
3513,354,18.653482,0.63466275,0.03807104,0.07398272
3514,2746,107.29029,0.58452916,0.2001572,0.3937593
3514,3230,21.782803,0.5843571,0.043466408,0.08304407
3514,3515,99.45737,0.5869382,0.18389395,0.36244434
3515,7052,1.4449959,0.5853024,0.0016189069,0.004030913
3515,6782,23.991873,0.59253097,0.05005281,0.095334746
3515,3514,98.973404,0.5918947,0.18422943,0.36269727
3516,3518,1.4311066,0.5580828,0.0020539612,0.0048818737
3516,1270,8.453541,0.558936,0.017265417,0.034529716
3517,1269,33.63081,0.5564351,0.06697004,0.1304923
3517,1248,2.3396912,0.5522402,0.0039657727,0.008331001
3518,3517,2.1589546,0.556735,0.0039872825,0.008906379
3519,4689,41.940937,0.5982592,0.12068531,0.23375489
3520,2902,2.5828934,0.6000001,0.006668441,0.013863429
3520,6533,28.285034,0.6032189,0.07006165,0.13560723
3521,785,60.86479,0.59159124,0.1174095,0.22942339
3521,4037,18.839281,0.038691193,0.048959024,0.09767364
3522,2532,48.26784,0.59157807,0.12070808,0.23479131
3522,1162,47.23777,0.5920653,0.1550642,0.3042373
3523,5510,59.855713,0.46049473,0.11950931,0.23207195
3523,6729,64.269714,0.46269327,0.12855375,0.24877942
3524,3462,6.782322,0.4134851,0.015499115,0.029969424
3524,4121,2.0165405,0.41388723,0.0063418224,0.012198865
3525,294,2.9616508,0.6750187,0.0020990148,0.005414784
3525,3526,13.388685,0.66939193,0.027896255,0.054765992
3526,4332,2.6398735,0.6772396,0.0015403479,0.0042047948
3526,6033,26.159494,0.67564255,0.055425636,0.106882975
3527,2634,4.289356,0.6633955,0.0066514984,0.0142685175
3527,4787,3.1751442,0.37963432,0.007002555,0.009896398
3528,3614,0.0,0.66724,0.0075403824,0.014919683
3528,3248,68.67771,0.6738469,0.20940128,0.41456622
3529,3530,2.195671,0.46633956,0.00362321,0.006851837
3529,3634,53.061344,0.433647,0.13497727,0.26332217
3530,6362,0.6770668,0.15332231,0.0017239675,0.0039627105
3531,5377,3.684639,0.54310685,0.008025631,0.01676865
3531,6583,12.022999,0.0052853823,0.04017141,0.079891354
3532,924,1.9294624,0.063599646,0.004052706,0.00891161
3533,5854,4.0356293,0.06231323,0.010538526,0.0212726
3533,4528,156.79498,0.5894778,0.32071778,0.6276601
3533,4377,127.98718,0.58489436,0.23706868,0.46575087
3534,5670,52.383675,0.5660251,0.16660914,0.3259763
3535,3305,0.8595276,0.5558481,0.006040901,0.0115811825
3536,4278,3.2316055,0.55936944,0.009254634,0.018829226
3536,3392,5.3637505,0.56075305,0.015438914,0.030102655
3537,2624,1.6113396,0.48204398,0.003696546,0.007543057
3537,200,16.357847,0.48561662,0.03875599,0.07501486
3538,2302,1.8013687,0.5006271,0.0024888217,0.005045593
3538,6208,18.85701,0.49473038,0.04175632,0.08048018
3538,200,73.68947,0.49191216,0.14600965,0.28332892
3539,1925,1.8073692,0.5084123,0.0034870505,0.0074725
3539,6681,26.30243,0.5049055,0.058543745,0.11159665
3540,3876,27.623085,0.5803656,0.08126777,0.15838486
3541,4149,1.8577385,0.5851558,0.0053779334,0.011114597
3541,6824,25.950495,0.59448606,0.07393468,0.14354624
3542,6590,31.870611,0.027934879,0.16137752,0.3405915
3542,3543,166.2857,0.55510366,1.377991,2.724594
3544,5789,2.3753738,0.54893976,0.008403979,0.015925437
3545,597,69.86421,0.58200157,0.13165997,0.25866807
3545,5615,15.594347,0.58602977,0.03195308,0.06242556
3545,3546,10.85779,0.5849891,0.021612763,0.042626828
3546,3545,10.901791,0.5822937,0.021662883,0.042681858
3546,6987,76.505005,0.57947266,0.14371897,0.2817184
3547,3832,2.2408447,0.58669555,0.0035060719,0.007683009
3547,1815,13.471594,0.58441705,0.027238347,0.05336389
3548,550,1.0080681,0.28217492,0.0008691624,0.0024368167
3548,3549,1.5032768,0.32200223,0.0017426163,0.003813535
3549,1721,1.2982063,0.5572031,0.0021550655,0.00413087
3549,1741,51.85031,0.54681474,0.1395822,0.27340153
3550,1366,84.878716,0.6134515,0.15868217,0.31380197
3550,1365,63.151512,0.6172047,0.118554816,0.2351943
3550,852,33.16377,0.6140953,0.06521502,0.1267615
3551,3177,103.75592,0.54236686,0.19917578,0.3891576
3551,6894,164.76318,0.5389442,0.31784284,0.6198723
3552,3553,81.14506,0.3715557,0.17376855,0.33655766
3552,3554,60.08185,0.33170712,0.1314512,0.25497276
3553,6124,2.2623672,0.3982987,0.004268907,0.00896655
3553,2045,33.858437,0.09623739,0.10213749,0.21774709
3553,3552,80.698,0.37252367,0.17368197,0.3365968
3554,2423,62.59323,0.33598304,0.13766982,0.26914027
3554,3552,60.06494,0.33156598,0.13101032,0.2538823
3555,3558,21.54867,0.642939,0.04506988,0.08811474
3556,6142,0.8548317,0.4176556,0.0012691617,0.0023773909
3556,4624,40.092876,0.6502383,0.076357834,0.14944527
3557,4624,2.0892105,0.6480406,0.0030153915,0.006598264
3557,3556,37.135498,0.6477785,0.07659541,0.14991766
3558,6143,28.362007,0.00245893,0.09787652,0.20661758
3558,3555,21.050747,0.65181094,0.043930642,0.08529398
3559,3644,153.13531,0.65033895,0.30726218,0.6056993
3559,1661,67.03153,0.6557115,0.13454783,0.26793623
3559,2139,156.50272,0.64560074,0.28663522,0.5647526
3560,4453,2.208149,0.61513764,0.002272144,0.0053254515
3560,348,42.87438,0.621434,0.08924686,0.17303231
3561,2160,121.24551,0.641397,0.22316968,0.43943578
3562,940,1.5638924,0.5247798,0.0020275638,0.0045579523
3562,1259,57.96964,0.5157697,0.11278989,0.220939
3562,6113,116.18198,0.5326249,0.25183335,0.48806822
3563,1206,1.7713928,0.5326023,0.0026447177,0.0060667545
3563,962,105.384766,0.5370369,0.2036671,0.39694044
3563,6112,12.457363,0.5310002,0.02723036,0.05331616
3564,1255,1.9554634,0.4958441,0.0030733198,0.006345302
3564,1839,51.11672,0.49788332,0.10142149,0.19743624
3564,3565,39.60617,0.50005305,0.08533686,0.16587144
3565,2207,62.19622,0.50838715,0.12049605,0.23456824
3565,6295,12.886446,0.5051787,0.028498933,0.055747956
3566,1218,2.0769196,0.51146173,0.0034352466,0.0072637796
3566,6700,28.496452,0.514421,0.06131451,0.117377415
3566,2310,32.541378,0.5123192,0.06624658,0.1266197
3568,3567,4.5197563,0.60273665,0.0037323758,0.0089145005
3568,3569,7.7521667,0.60075474,0.008481242,0.018365309
3569,1986,103.09526,0.61856705,0.21259147,0.4167886
3570,3571,3.6022873,0.60044265,0.0052781403,0.011042669
3570,5170,15.590109,0.60239816,0.03208011,0.06293654
3571,3570,3.436695,0.6007998,0.0048884004,0.010425165
3571,2731,18.209099,0.60275817,0.03762232,0.07300072
3572,2999,2.2690964,0.44224924,0.0036943182,0.0074612647
3572,2919,45.204037,0.441434,0.114320956,0.22271293
3573,3814,8.555466,0.5639738,0.008990869,0.01799202
3573,2969,33.398663,0.5647868,0.055470046,0.10514038
3574,608,27.11709,0.58275634,0.054714147,0.10431737
3574,4652,27.421057,0.58332574,0.054367963,0.103603594
3574,3575,124.77245,0.5805173,0.10477882,0.20631081
3575,3574,126.46762,0.58024573,0.10192496,0.20186591
3575,5796,73.85327,0.5907019,0.13620111,0.2683811
3576,5475,1.9110947,0.6053658,0.0017193407,0.0044801384
3576,1376,176.61906,0.601088,0.33203262,0.65331304
3576,5059,20.826138,0.6136465,0.04271074,0.082111485
3577,577,17.481913,0.52607167,0.04095501,0.08001012
3578,6299,19.841951,0.5238267,0.046617974,0.09018897
3578,3577,29.489346,0.5214545,0.072953776,0.13973907
3579,1915,35.489452,0.5171703,0.090002574,0.17403027
3580,5729,1.5411987,0.6052976,0.0047811717,0.010459155
3580,5730,1.4025803,0.6038477,0.0044043213,0.009746268
3581,2543,5.0620003,0.6035792,0.012497999,0.025048569
3582,5731,3.4324875,0.6057765,0.00617975,0.013059184
3582,2380,12.810574,0.60057306,0.02246695,0.044167727
3583,3582,2.6990662,0.60317373,0.0037920922,0.008513942
3583,5394,67.11771,0.6014138,0.12845021,0.2533196
3584,1086,9.634552,0.59601885,0.020170629,0.04002905
3584,1085,2.5845833,0.5970235,0.0047700256,0.010259852
3585,5840,14.674833,0.59370196,0.03350827,0.06540853
3585,5841,2.2191467,0.58727014,0.0025485232,0.006026402
3586,915,10.615019,0.56164,0.02144757,0.0422623
3586,4242,2.1442337,0.56188333,0.0034137145,0.007509768
3587,3179,24.102869,0.5678577,0.050250784,0.09612126
3587,5544,5.4953003,0.56633675,0.010703236,0.021444738
3588,1055,1.9396362,0.62702644,0.0033306926,0.00760895
3588,2291,41.644814,0.6328455,0.07988515,0.15652615
3588,186,32.099655,0.6311649,0.06923054,0.13430072
3589,2405,62.83235,0.5108836,0.12198969,0.23767734
3589,2404,3.8604965,0.5176081,0.0071579143,0.014852032
3590,277,2.0316505,0.62833935,0.0034134313,0.007252872
3590,6722,103.39519,0.6379813,0.21219523,0.41698915
3591,258,1.644764,0.6264041,0.004835576,0.010717273
3592,276,1.9114685,0.6318052,0.0027045086,0.0061469376
3592,1332,56.427753,0.6377204,0.105541,0.20957305
3592,3593,71.677605,0.6354556,0.13348708,0.26508126
3593,3374,2.0918846,0.62874347,0.0034704506,0.007898584
3593,6138,34.6516,0.6360997,0.06751639,0.13253231
3594,3591,1.7064705,0.6333708,0.0031328425,0.0069383383
3594,4982,49.088303,0.6352509,0.120256856,0.23892683
3595,504,2.4446907,0.6369557,0.0014525279,0.0042820126
3595,6654,21.563877,0.63822556,0.04665049,0.089890376
3596,5856,2.1911163,0.634333,0.0059257,0.012771338
3596,5609,35.10693,0.6344924,0.09003776,0.17745799
3597,2749,1.4867973,0.6275353,0.002900608,0.006513104
3597,186,77.323326,0.62995446,0.16020781,0.31635112
3598,2171,53.226604,0.5724257,0.13128889,0.25665784
3599,362,0.22085571,0.031340986,0.004086986,0.008571014
3600,2856,1.8743362,0.56943136,0.002969645,0.0069639385
3600,945,48.330235,0.57363224,0.09356208,0.18115918
3601,2992,196.57712,0.5720627,0.37518993,0.7343031
3601,1495,35.15127,0.58507675,0.067414716,0.13125902
3601,3226,15.079781,0.5870619,0.03067061,0.06001533
3602,5730,3.1863556,0.6034034,0.00510972,0.010917723
3602,5733,4.3104362,0.60499334,0.007928349,0.01645574
3603,67,2.0011177,0.6102179,0.0033719242,0.007616043
3604,3603,8.751949,0.60206836,0.009521633,0.020121604
3604,3606,2.9352455,0.6062827,0.005134739,0.010878831
3605,3567,10.883982,0.6110741,0.015460923,0.03175594
3605,5188,4.1000023,0.61379004,0.008254774,0.016441897
3606,5188,1.9043503,0.61133987,0.0024337247,0.005602494
3606,3603,3.8278008,0.612103,0.0072600767,0.015234515
3607,3606,1.7980118,0.60764545,0.0034283772,0.0077622533
3607,2488,3.3715553,0.6156429,0.0052780956,0.011276245
3608,2403,90.047775,0.5246971,0.19630137,0.3806458
3608,3178,199.55641,0.53068477,0.42251074,0.82214665
3608,1502,334.90967,0.5109448,0.6556552,1.2808307
3609,2229,1.835659,0.4279748,0.0031210482,0.0064843744
3609,1208,1.8247452,0.42635274,0.003086634,0.006381169
3609,1209,42.800377,0.43475717,0.0857692,0.16520646
3610,527,22.389797,0.3636396,0.050306223,0.094378516
3610,3612,24.41511,0.37279618,0.057368603,0.10753851
3610,4958,31.871998,0.3519299,0.07574249,0.1430867
3611,2021,1.9352837,0.38666672,0.0031450838,0.0061497986
3611,4000,34.514977,0.39863884,0.07893639,0.14946736
3612,2589,1.67976,0.38118744,0.0030152574,0.0062545836
3612,3611,7.812847,0.38040376,0.018073626,0.03427224
3612,2026,23.783575,0.38038567,0.05237221,0.09855722
3613,761,37.66665,0.6158275,0.07268717,0.14210156
3613,3007,33.48797,0.6190852,0.081461,0.15937147
3613,1080,24.507689,0.61258864,0.05055299,0.09749646
3614,5300,3.4837875,0.68002135,0.006729625,0.013737857
3614,3528,0.0,0.6557356,0.0057895407,0.011216342
3614,6557,8.463234,0.67363036,0.030428454,0.060767293
3615,1359,1.642376,0.55435526,0.0022791177,0.0051152557
3615,929,22.72407,0.5580483,0.046819825,0.08973507
3615,6552,9.715351,0.555004,0.019595638,0.03883204
3616,929,57.596233,0.55738276,0.10993561,0.21483383
3616,3615,8.727638,0.55453235,0.01763893,0.03491707
3617,3224,97.77484,0.58445394,0.1849854,0.36362392
3617,4824,126.314316,0.58425164,0.2370084,0.46630293
3617,1947,165.35309,0.5797876,0.3123956,0.612741
3618,3619,3.1103897,0.5558034,0.0020795316,0.004818812
3618,1327,46.38521,0.5528701,0.08986671,0.1747119
3619,3620,21.031235,0.5549799,0.046201974,0.08863756
3620,5459,2.0795212,0.55443406,0.0029047579,0.0063665956
3620,1328,30.214714,0.55396855,0.060511336,0.11646486
3620,5450,30.98539,0.55746305,0.06670247,0.12882951
3621,472,1.4877625,0.5611812,0.0026911348,0.005899355
3621,3623,17.631983,0.5619242,0.037610892,0.072626255
3622,3621,1.5231514,0.56048477,0.0027123764,0.0057258904
3622,1325,59.305244,0.55312055,0.12597036,0.24624136
3623,4931,48.612663,0.55706745,0.05463721,0.1031288
3623,3619,59.9899,0.5509577,0.13032003,0.25482965
3624,178,24.315077,0.5548216,0.03194666,0.06138336
3624,6515,60.7294,0.546758,0.12837636,0.25012916
3625,2428,4.4326363,0.4845208,0.008434944,0.016950488
3625,2425,106.1342,0.47856113,0.2141461,0.41386157
3625,3685,7.4334106,0.48419726,0.0149734095,0.029763222
3626,291,196.66737,0.5914301,0.3721925,0.73051614
3627,3953,1.9471703,0.12891242,0.0019301027,0.005524069
3627,1975,62.59335,0.16078907,0.15025583,0.29864994
3627,1904,72.027405,0.2812189,0.20628867,0.39894775
3628,3832,132.1079,0.57845664,0.24769285,0.48713374
3629,5751,2.071251,0.45233,0.0036165342,0.0073700845
3629,2299,40.032143,0.4619795,0.08314154,0.15865844
3630,3632,53.91486,0.008126855,0.17162456,0.3610146
3631,661,207.55804,0.6428352,0.38944054,0.7626732
3631,5891,47.65644,0.02133295,0.26057878,0.55703175
3632,5008,2.5843658,0.6319348,0.0050254986,0.009244174
3632,3631,5.2335205,0.02830872,0.02709911,0.053239107
3633,1362,14.723499,0.604226,0.030069023,0.058879763
3633,1082,10.443773,0.6041775,0.021660283,0.043041155
3633,1373,23.92281,0.60462993,0.051358104,0.09869932
3634,3635,2.3050804,0.4011968,0.0034682974,0.0069686174
3634,2968,48.652477,0.35266697,0.12584737,0.24578816
3635,3634,2.559044,0.40065798,0.004089512,0.008148506
3635,3530,53.35231,0.433909,0.13612545,0.26479092
3636,1999,139.90993,0.40498936,0.29597777,0.56940734
3636,3635,21.247057,0.38420892,0.052270297,0.099913426
3637,754,1.7307968,0.6497252,0.0023000762,0.004944995
3637,332,77.25883,0.6532661,0.14093208,0.2809499
3638,3639,1.320301,0.645031,0.0015931651,0.003834933
3638,3640,2.259388,0.650486,0.003417924,0.0077171624
3639,3638,1.4879112,0.644609,0.0020879582,0.0046411604
3639,3637,14.185648,0.65186113,0.028347485,0.05520402
3640,3639,2.3724098,0.6512632,0.0034728348,0.007857755
3640,334,11.66316,0.65054506,0.023034088,0.04487075
3641,5121,33.84735,0.5813162,0.06590219,0.1284303
3641,3396,108.62198,0.5793796,0.20346794,0.39939308
3641,2933,104.05858,0.5790242,0.19590911,0.385285
3642,3643,118.84435,0.6331974,0.21729323,0.42906937
3642,402,271.95105,0.6263254,0.53950506,1.0584468
3643,3642,117.31426,0.6315616,0.21563584,0.4247589
3643,1723,44.45604,0.63243365,0.08525514,0.16642216
3643,4575,62.362976,0.6346377,0.11620571,0.23028807
3644,3559,152.81035,0.6495912,0.30505386,0.60080665
3644,3364,3.7866592,0.6537442,0.0073860437,0.015250519
3645,3646,4.7624397,0.5621345,0.00861831,0.017545551
3645,1069,29.46595,0.5604836,0.06045688,0.114943676
3646,3647,0.116996765,0.067866385,0.00107494,0.0018768758
3647,3648,1.2687798,0.55406755,0.0042278618,0.008874685
3647,1957,72.242386,0.5497619,0.1875483,0.36554152
3648,3651,1.945076,0.55735004,0.0052602515,0.010810211
3649,3645,5.7303123,0.55859995,0.010705531,0.021624178
3649,3646,1.1685944,0.5639264,0.0032389015,0.0068811625
3650,3649,1.6248245,0.5510051,0.005358435,0.010668293
3651,3650,0.48218536,0.06605595,0.0017609075,0.0026993155
3651,4180,23.810026,0.56069887,0.056502834,0.10861363
3652,6652,1.4550285,0.6337515,0.0035614148,0.007655531
3652,6147,62.89386,0.6354688,0.11714178,0.2319616
3653,479,29.722895,0.6274598,0.05996713,0.114644304
3653,673,2.0014648,0.62780535,0.0030518472,0.006280571
3653,3654,28.579617,0.6326045,0.056653522,0.10908231
3654,468,29.734884,0.6279033,0.060246922,0.11517067
3654,467,2.12883,0.62629884,0.0032134652,0.0067738593
3654,7029,23.724167,0.63137674,0.04857369,0.09388321
3655,146,1.8785515,0.6217879,0.0025642589,0.0059777945
3655,3842,24.551233,0.6280789,0.05099355,0.09865141
3656,638,2.6226501,0.5814695,0.0042405874,0.0090623945
3656,3260,66.74188,0.58169526,0.12552515,0.24672222
3656,640,58.16181,0.57865006,0.11290109,0.22121045
3657,6413,2.097168,0.66644305,0.003140144,0.006852016
3657,5090,49.008984,0.67117786,0.10046939,0.19830984
3658,6414,1.9040031,0.665752,0.0035089105,0.0075193793
3658,509,32.137054,0.6726717,0.067045614,0.12923221
3659,1805,3.5208015,0.57861024,0.002741985,0.006510645
3659,3216,23.280403,0.5755935,0.10866758,0.21718922
3660,513,1.962143,0.39136845,0.006581597,0.008424491
3660,6231,11.841816,0.400272,0.033736344,0.05474712
3661,5704,2.0703316,0.61360294,0.0035731047,0.008061126
3661,3662,17.795935,0.61587125,0.03772154,0.07345812
3661,3705,36.840034,0.62007093,0.09045521,0.17706496
3662,3661,17.946634,0.61533475,0.037700187,0.07312397
3662,6338,20.390453,0.614453,0.043217257,0.08350818
3662,6595,132.47922,0.60398126,0.27144432,0.53256255
3663,1842,67.4798,0.5176611,0.14338863,0.27936184
3663,4154,3.320713,0.5279323,0.007412657,0.015291721
3664,1215,26.084604,0.5081474,0.054453764,0.10361889
3664,2304,25.117872,0.5111403,0.052905228,0.100812666
3664,1930,30.39489,0.51318955,0.05535105,0.10513558
3665,2610,12.834015,0.6109663,0.026117645,0.05132386
3665,3666,2.626606,0.6080281,0.0031370968,0.0071842372
3666,3665,2.5719948,0.60823256,0.0032212734,0.007284358
3666,1282,13.449612,0.6120386,0.024724215,0.048682615
3667,880,93.595276,0.5819283,0.17771602,0.3495955
3667,6589,169.25427,0.57879084,0.3208573,0.6293453
3667,4136,141.4555,0.58233064,0.26588607,0.5219837
3668,3955,1.3573227,0.5872414,0.0015804768,0.00426884
3668,2990,282.25177,0.5778182,0.5306589,1.0372114
3668,1285,51.968956,0.5895682,0.12958196,0.25507817
3669,867,65.36369,0.59024614,0.12444729,0.24449745
3669,5683,4.9298973,0.5877807,0.00900653,0.018029407
3670,2218,1.8338852,0.39103615,0.002076745,0.0
3670,2585,70.2164,0.4116418,0.21554035,0.34231788
3670,4368,77.907394,0.68052965,0.158524,0.31512785
3671,5054,10.232807,0.54556674,0.020530574,0.040585443
3671,5979,81.04033,0.53117955,0.211543,0.40976048
3672,1893,26.992743,0.46375105,0.07963331,0.15647927
3673,3376,0.79891586,0.45940995,0.004893355,0.009926453
3673,3672,3.6916199,0.46031952,0.0036416799,0.007960394
3674,4220,22.72126,0.46044886,0.067060694,0.12926318
3674,5183,25.779863,0.45352668,0.05358499,0.10185199
3675,1372,95.85945,0.6420477,0.1747557,0.34709316
3675,267,2.6539803,0.63872147,0.0043101385,0.009124249
3676,1368,6.8357124,0.6175131,0.013664983,0.027279302
3676,5189,9.402828,0.61576545,0.021431081,0.042552844
3677,434,2.7313309,0.6184391,0.0073815435,0.015678674
3678,1401,54.22329,0.5830889,0.13314456,0.26098898
3678,5321,9.006668,0.58359724,0.02097182,0.04147473
3679,3278,0.25745773,0.56387436,0.0022300854,0.005118534
3679,3184,42.816566,0.5871597,0.08122809,0.15650609
3680,557,1.4175758,0.57756644,0.0022775307,0.0053238124
3680,3679,56.002438,0.58122283,0.10712443,0.20972975
3681,1138,1.6407547,0.6062308,0.0026021376,0.006419763
3681,1139,84.980774,0.604586,0.1745953,0.34379095
3681,4335,96.687,0.5976461,0.3148431,0.61911815
3682,4584,0.5875244,0.019257903,0.00040159374,0.0007995218
3682,7030,4.9665337,0.50193304,0.0098597035,0.02084276
3682,2888,34.835487,0.49127582,0.07630807,0.14497152
3683,3763,156.86063,0.6553261,0.28310123,0.55834126
3683,6757,4.6223717,0.66072035,0.008308113,0.01705712
3684,6413,48.727573,0.67304677,0.09964334,0.19700103
3685,572,1.5875435,0.48443815,0.0021514073,0.0043447465
3685,3973,56.18901,0.4860489,0.14544106,0.2818439
3685,3625,7.9292183,0.48594016,0.01602897,0.031788856
3686,2427,10.268276,0.48016563,0.021552213,0.04226716
3686,3685,27.671066,0.48535576,0.06837187,0.12996694
3687,2424,1.6399155,0.48552045,0.0021877438,0.0044059902
3687,574,69.762436,0.48082852,0.13966393,0.27027106
3687,3686,55.049595,0.4830461,0.14579102,0.28263333
3688,2426,1.7719688,0.48800722,0.0026518926,0.0054541975
3688,2391,88.670425,0.48048407,0.178112,0.3443386
3688,3687,27.156696,0.49156752,0.067027465,0.12723693
3689,533,1.5574341,0.48702323,0.0029183477,0.0064128935
3689,4841,16.921072,0.49267155,0.039405923,0.07623387
3690,1553,1.5882759,0.48313758,0.002391465,0.004854575
3690,3689,17.569014,0.48983097,0.041763376,0.0807516
3691,2550,2.346981,0.47023705,0.0038888827,0.007946372
3691,5806,74.98006,0.4757207,0.2040017,0.39394867
3692,2564,66.45887,0.4579094,0.1769749,0.34088242
3693,2563,2.147873,0.4122604,0.005874656,0.011478603
3694,5892,62.803932,0.31767833,0.189329,0.36660722
3695,3694,34.00517,0.3181864,0.09203699,0.17003152
3695,4815,14.371883,0.32331663,0.035679255,0.06819521
3696,4038,1.7905159,0.32475752,0.0037672073,0.0074238926
3696,3695,16.069399,0.32907224,0.04106923,0.07846887
3696,1233,49.67605,0.3138168,0.10749983,0.2058391
3697,2283,43.843197,0.32704282,0.09507365,0.18004452
3697,3696,20.37626,0.335224,0.05270705,0.09957443
3698,6740,2.6532478,0.41442728,0.007511601,0.014690682
3698,6836,2.434639,0.41238827,0.0041028857,0.008356646
3699,2546,1.6692772,0.41200152,0.005630307,0.011076257
3699,2549,16.368277,0.40940857,0.034230564,0.0659061
3700,5547,0.4723816,0.03304544,0.0009963512,0.0012597144
3700,5106,99.82974,0.534234,0.19179691,0.37357062
3701,5067,1.4953079,0.51871675,0.0016267747,0.0037260503
3701,1224,114.69197,0.53188986,0.22110006,0.43071038
3701,3700,26.115452,0.5226296,0.060335334,0.11637711
3702,1224,112.51411,0.5283948,0.23777848,0.4613487
3702,3701,32.105232,0.52110726,0.07104002,0.13682735
3703,3122,1.1549377,0.54875404,0.0033903643,0.007121071
3704,2109,2.3818016,0.61400366,0.0028669015,0.006703198
3704,5638,16.636019,0.61879337,0.037667926,0.073260196
3705,4990,2.0438004,0.613553,0.0029177368,0.006641686
3705,2110,61.386986,0.6165349,0.11558805,0.22828616
3705,4238,30.825405,0.62254643,0.074445836,0.14696552
3706,1802,1.7270203,0.61385846,0.0022426993,0.005299434
3706,3704,61.02751,0.61795205,0.15075073,0.29761398
3707,4204,2.301384,0.5983537,0.0025902689,0.006242469
3707,3706,52.99791,0.6183464,0.12957822,0.2545381
3708,3112,63.140114,0.5721289,0.20137787,0.3940881
3709,1873,2.0033836,0.69274795,0.0045700073,0.008833662
3709,6205,60.57731,0.40339687,0.20798382,0.33463788
3710,3711,2.2184258,0.69660187,0.005236052,0.010452285
3710,3964,45.63868,0.41046062,0.15988451,0.24722624
3711,3709,0.14120483,0.38674104,0.002597928,0.00053973496
3711,5011,60.170174,0.6892054,0.1404233,0.27891606
3712,5093,1.8180237,0.6372305,0.0035536662,0.008194208
3712,5187,13.327232,0.6385361,0.02753745,0.05392748
3713,3712,1.8641548,0.63917434,0.0026997626,0.0064271092
3713,3718,35.137543,0.63809836,0.07448104,0.14638326
3714,3716,9.590389,0.6341962,0.020423621,0.040563375
3714,3715,2.4536095,0.6387956,0.0015021712,0.0044222623
3715,3714,2.4655304,0.6393063,0.0016947389,0.004771754
3715,3719,12.211159,0.63664794,0.026031293,0.0512819
3716,3717,2.5273018,0.6390542,0.0015685782,0.0046438277
3716,384,15.328167,0.63798386,0.032864526,0.064404175
3717,3716,2.719761,0.6355037,0.0022476465,0.0058896393
3717,3715,9.428974,0.63403875,0.019776016,0.039313123
3718,3719,2.4426498,0.6383556,0.0016063675,0.004627943
3718,3714,10.9567585,0.6338233,0.02325216,0.046017975
3719,3718,2.3718796,0.6425338,0.0012703612,0.0037128478
3719,3712,35.379387,0.6411159,0.07505499,0.1465416
3720,2027,1.6186066,0.4707984,0.0022985265,0.004709527
3720,2456,44.1596,0.47069943,0.086729474,0.16917174
3720,3723,36.147964,0.4763799,0.09329788,0.18200587
3721,5399,5.896511,0.45255804,0.012979031,0.025116742
3721,5399,2.0192986,0.45083755,0.0029888898,0.006150499
3721,2053,40.894257,0.45114562,0.08274602,0.15982158
3722,2030,37.984985,0.45373064,0.07787625,0.14819653
3722,5749,3.9647064,0.45505142,0.007400684,0.01483193
3723,6161,1.9032135,0.47189754,0.0040144846,0.008328751
3723,9,1.2022133,0.4673111,0.0041052625,0.008654982
3724,3723,1.5570259,0.47187778,0.0033334717,0.006967634
3724,2027,41.711758,0.47180516,0.09261999,0.1804071
3725,1852,1.8064346,0.46651512,0.002396971,0.004744783
3725,2328,65.13209,0.47173676,0.12868248,0.24906981
3725,3724,37.125732,0.47380257,0.083008476,0.15934995
3726,2330,1.7445717,0.46258277,0.002651386,0.0053899735
3726,2328,42.687256,0.4676745,0.08364519,0.16187464
3726,3725,38.19216,0.46859604,0.0835236,0.1610413
3727,16,1.9335556,0.45969716,0.0028405488,0.0057621747
3727,3726,13.478819,0.466168,0.029277962,0.056788713
3728,3727,24.47736,0.4622213,0.054446857,0.103397794
3729,2029,1.7315216,0.46493244,0.0024275184,0.0050053
3729,2049,113.677185,0.43059897,0.23510224,0.45243657
3729,6006,24.25473,0.4685791,0.059042826,0.11326352
3730,2041,1.8587227,0.4631197,0.0026833713,0.005496949
3730,4550,122.99757,0.43102634,0.25525925,0.49225295
3730,3729,33.844215,0.4696458,0.08700032,0.16785492
3731,4547,1.902031,0.4765476,0.0039258227,0.007883504
3731,3730,138.84822,0.47171044,0.3766087,0.7329089
3732,2505,2.7603188,0.47195238,0.005925074,0.012086362
3732,3731,1.2638206,0.4685408,0.004059039,0.008445114
3733,6067,0.90076447,0.49354315,0.003636688,0.007713437
3734,531,104.53235,0.5231314,0.20356637,0.3966451
3734,2144,40.683876,0.52900195,0.07890735,0.15430641
3734,3735,20.947351,0.5271865,0.049275577,0.09503661
3734,6520,7.5102043,0.533247,0.016167141,0.032531142
3735,3734,21.090311,0.5279746,0.049685646,0.095827885
3735,6125,30.515478,0.52527356,0.07733502,0.14830497
3736,6125,1.2565536,0.52102715,0.0023870245,0.005393356
3736,3735,30.526484,0.523955,0.07668753,0.14616117
3737,357,34.04592,0.65887845,0.06682794,0.12775272
3737,358,2.9825478,0.65445787,0.0048062876,0.010166347
3737,2141,8.651642,0.65672576,0.016881473,0.033656448
3738,3740,2.177517,0.51387066,0.002640508,0.005485326
3738,5000,29.768814,0.50683486,0.06446781,0.12353353
3739,2982,200.31958,0.58078164,0.3739741,0.73168373
3739,3738,79.8651,0.5212867,0.16849962,0.32820362
3740,3738,2.1989594,0.5132506,0.0026372373,0.0056527704
3740,3739,83.453995,0.5273646,0.17237753,0.3349945
3741,2205,1.7206802,0.5246129,0.0024600476,0.005463794
3741,6705,53.826397,0.52918935,0.11526671,0.22515702
3742,2522,57.41684,0.6159289,0.11971181,0.2357136
3742,6066,53.09236,0.61602694,0.10823102,0.21227644
3743,2186,1.3778305,0.5467258,0.0030929968,0.0067040473
3743,3745,15.536917,0.5465491,0.033849835,0.06578023
3744,3750,1.8037376,0.53485525,0.0034747645,0.007528886
3744,3748,9.276756,0.287535,0.022966176,0.040711418
3744,93,1.3302612,0.5339444,0.0025137663,0.0057734996
3745,94,1.4824905,0.5446837,0.0026221275,0.0059820116
3745,3746,19.7982,0.5435365,0.04297442,0.08298504
3745,4446,54.774956,0.54790705,0.1147295,0.22487965
3746,113,1.5644569,0.5388021,0.001871787,0.0044265687
3746,3747,35.6181,0.53998226,0.08050188,0.15551946
3747,3753,1.1051064,0.5555045,0.00291048,0.0065205395
3747,4446,75.78617,0.5473924,0.16605748,0.32359934
3747,3744,1.2699318,0.31243038,0.0045337155,0.006686136
3748,4417,42.41867,0.2932595,0.14125119,0.22767268
3749,95,1.9019089,0.534883,0.0038222522,0.0077599287
3749,6100,30.695206,0.54391074,0.060385507,0.11637066
3750,93,1.1551743,0.29535818,0.004177727,0.0062180012
3750,6943,57.722767,0.5396025,0.12265091,0.23937505
3751,90,0.7963028,0.586257,0.003133975,0.0068004876
3751,3759,42.58362,0.58701587,0.089676,0.17419326
3752,3747,1.7684746,0.5416748,0.004661992,0.0094781965
3752,113,36.943462,0.5362573,0.08036365,0.15454799
3753,3744,1.6641159,0.5547704,0.003542766,0.007675454
3753,1399,52.267357,0.5413124,0.111401305,0.21870664
3754,6697,45.787834,0.5474575,0.09547666,0.18635276
3755,3748,28.35125,0.53993756,0.036116958,0.06881957
3755,3744,6.831852,0.54043037,0.014993042,0.029491171
3756,4428,30.7481,0.55309045,0.06557913,0.12666066
3756,648,6.206249,0.5558273,0.013113581,0.026492238
3757,458,2.033207,0.55615324,0.0032068044,0.0071382225
3757,654,6.540432,0.55808955,0.01264026,0.025568917
3757,3756,23.86695,0.55615383,0.05242924,0.09958178
3758,4393,0.8286209,0.558876,0.001823552,0.0042699575
3758,649,5.5018005,0.5733359,0.011969872,0.024190933
3759,1400,2.3364525,0.58232653,0.003739141,0.007919058
3759,651,7.072296,0.5821112,0.013536796,0.026971206
3759,3758,52.84946,0.57486254,0.110604376,0.21516287
3760,6735,15.979345,0.5398873,0.036807347,0.07129398
3761,110,2.1063843,0.5410381,0.0033654794,0.00760749
3761,101,73.333694,0.54414076,0.14156999,0.27739716
3761,3760,26.307278,0.54001164,0.05816087,0.111396804
3762,6218,0.33360672,0.37579194,0.0003976822,0.00092732906
3762,5151,52.091072,0.67017746,0.10645795,0.2098239
3763,507,2.0916367,0.65539265,0.0030389354,0.006754756
3763,5150,152.09909,0.6584749,0.30329144,0.5972085
3763,3683,155.87103,0.65809906,0.2833401,0.55820286
3764,835,1.8891335,0.64634573,0.002523847,0.005719304
3764,6185,136.76215,0.6515527,0.24752516,0.48791575
3764,4595,57.84386,0.65366447,0.11707455,0.23106717
3765,910,1.4994392,0.55526686,0.0020620972,0.004797429
3765,3769,25.954058,0.5573528,0.057353985,0.10993882
3766,3770,0.36928177,0.03987795,0.006642632,0.011546686
3767,3766,2.362175,0.5552371,0.0044282973,0.009053007
3767,6601,44.717766,0.023718894,0.23288178,0.49088538
3768,3767,1.6604843,0.5545101,0.0031194687,0.0062057823
3768,4903,4.84774,0.5474796,0.012839213,0.025706708
3769,3501,1.494957,0.55381006,0.0020794868,0.0049366504
3769,3500,60.913277,0.555992,0.11676497,0.22847292
3769,4902,48.346863,0.5515682,0.101230636,0.1959268
3770,3771,2.4648705,0.5642633,0.004223712,0.008330911
3770,3929,2.1356506,0.036577046,0.011919513,0.023127228
3771,1741,1.540451,0.5538272,0.0029242262,0.005642608
3771,3767,0.0,0.04097253,0.004957333,0.009061426
3772,524,1.4309921,0.4808463,0.0026152134,0.005880356
3772,4033,26.410835,0.481741,0.05903106,0.11285328
3773,528,1.84478,0.4966294,0.0026442632,0.0055642724
3773,3772,66.57744,0.48845714,0.14771737,0.28521705
3773,2471,128.3825,0.48278734,0.2573469,0.4970225
3774,5891,1.8831253,0.6412256,0.0023186952,0.00452286
3774,5008,49.54,0.0,0.28293177,0.60297996
3775,3598,2.6800003,0.5875869,0.005603969,0.011486337
3775,3599,4.1628036,0.022158593,0.01705461,0.03347902
3776,5231,50.49636,0.4590588,0.1001223,0.19351438
3776,2118,8.569756,0.45822045,0.017715208,0.03452906
3777,6101,0.8011284,0.52714545,0.0015438125,0.0036372393
3777,6733,15.027668,0.28448784,0.039400347,0.07227907
3778,246,1.783577,0.5364543,0.0031725094,0.0066186786
3778,3779,4.9933815,0.54048574,0.011394881,0.023241729
3779,2277,22.152697,0.5437446,0.04754036,0.09118835
3779,3780,75.480194,0.54682904,0.16882986,0.32879055
3780,88,1.3282051,0.54012597,0.0024264604,0.0056822896
3780,3781,29.792458,0.5551524,0.065054476,0.12573189
3781,739,1.5871735,0.5530144,0.0020240247,0.004577026
3781,6106,44.297394,0.55965424,0.08752935,0.17007396
3781,6751,57.55402,0.5596772,0.12234162,0.23921673
3782,6598,1.6287842,0.5677596,0.0032760948,0.0068330765
3782,3791,97.76874,0.57487696,0.20958638,0.41003895
3783,3793,1.5051842,0.56290627,0.002986513,0.006688878
3783,3794,13.965965,0.56292725,0.03001915,0.058583327
3784,85,1.8182373,0.5544727,0.0036664456,0.008063927
3784,3785,39.65952,0.559016,0.08441776,0.16417162
3784,6394,50.190914,0.5601266,0.10551691,0.2063376
3785,1243,1.6882057,0.55239445,0.002137296,0.0049634576
3785,2651,167.85992,0.55216837,0.3237776,0.63281304
3785,4206,22.671404,0.5578161,0.049600832,0.094652444
3786,3787,8.984695,0.570698,0.019370422,0.038629055
3786,2202,14.645803,0.5686791,0.030089427,0.058741443
3787,6087,2.6972466,0.5697888,0.0015660003,0.0044388026
3787,3788,2.4032402,0.5715022,0.005052045,0.010707676
3788,3789,1.820404,0.5731906,0.0039288923,0.008430183
3788,2201,17.04629,0.5708828,0.0409847,0.07965622
3789,1701,0.6905556,0.57484347,0.0037633255,0.008036166
3789,5824,2.490223,0.57465935,0.0051083416,0.010254696
3790,2651,1.8820763,0.5653007,0.0026452392,0.005999133
3790,125,25.216331,0.5679408,0.05597785,0.10654095
3791,2648,2.283966,0.58077675,0.0039775223,0.008897588
3791,127,53.817986,0.5826368,0.113213554,0.22252512
3792,1427,1.5537148,0.56450754,0.0030866936,0.0067436546
3792,3790,9.02652,0.5678849,0.019689947,0.039281175
3793,3792,1.3397789,0.56446296,0.0027882308,0.0061743855
3793,6752,46.865356,0.5712531,0.09837287,0.1924449
3794,6395,17.86233,0.56273574,0.038076334,0.07403135
3794,3793,14.249882,0.56414986,0.031034779,0.060776845
3795,2944,4.4820633,0.6773457,0.008939497,0.018574372
3795,3100,36.497524,0.6768238,0.08976217,0.1752787
3796,6658,48.741146,0.6285981,0.07299186,0.14172778
3797,1106,1.4026375,0.5581481,0.0022228137,0.00530535
3797,4896,3.1317482,0.5628577,0.004096605,0.009095818
3798,6275,38.30131,0.5417254,0.047625978,0.09099451
3798,3800,40.358795,0.53981155,0.08362234,0.1616963
3799,3827,3.6172142,0.5387018,0.003470257,0.008416295
3799,964,112.291084,0.5421548,0.23637077,0.45927554
3799,3800,30.94796,0.53870314,0.03863069,0.07555429
3800,3801,16.851398,0.5338549,0.036511738,0.07108395
3801,920,1.4148865,0.53640467,0.0020542145,0.004949227
3801,981,112.738014,0.53956854,0.21749446,0.42416796
3801,6706,26.58657,0.5302322,0.059565358,0.11372393
3802,1621,1.6636963,0.5285589,0.002383612,0.005369693
3802,3803,21.477522,0.5275448,0.047888335,0.09200426
3803,2309,1.088028,0.5217124,0.0021611676,0.0052013844
3803,3804,15.824867,0.5252202,0.034754004,0.067576535
3804,5245,1.9604683,0.5224422,0.0027614087,0.005832717
3804,6701,27.917458,0.5195728,0.063533366,0.12029247
3805,3989,1.4728851,0.5250206,0.0031107739,0.0066344887
3805,2273,0.22283173,0.5234067,0.0042526647,0.008622527
3806,726,79.32585,0.5810614,0.16543049,0.32280117
3807,5356,2.9466057,0.58659476,0.005360402,0.011213183
3807,1495,2.7093544,0.5865557,0.0048722327,0.0102208555
3808,1495,29.76038,0.5823858,0.058737956,0.11350021
3809,2508,8.830788,0.6136888,0.016395047,0.033105284
3809,1644,9.328243,0.6113675,0.021440163,0.041615427
3810,2759,1.5534172,0.61756563,0.0022900403,0.005131319
3810,6365,84.539505,0.620795,0.20239604,0.3970922
3811,4802,1.5266876,0.61208797,0.003916979,0.008927166
3812,3810,1.2358437,0.5807576,0.00348977,0.007122919
3813,3407,1.2092171,0.5382596,0.003935896,0.00854449
3813,6912,4.42976,0.5417685,0.011110261,0.02222301
3813,6419,1.2622185,0.5373941,0.0040548444,0.008798197
3814,3573,8.639118,0.5623188,0.008859038,0.017818123
3814,5659,25.49644,0.56367236,0.062194932,0.12041099
3815,1739,34.699562,0.48788732,0.07020825,0.13496594
3815,2425,5.623127,0.4881543,0.011037208,0.02179408
3816,4468,5.429901,0.59456336,0.013158865,0.026455328
3816,2884,41.495686,0.5952943,0.08007783,0.15666974
3817,5727,32.079777,0.0072500706,0.121617764,0.26101238
3817,6888,36.659954,0.0,0.13793506,0.30010486
3818,3819,25.87514,0.52489567,0.053887386,0.10377884
3818,3819,18.439816,0.5304122,0.051709652,0.10123563
3819,1717,20.6,0.53129756,0.0569821,0.11097804
3820,2933,65.27448,0.5877697,0.1735585,0.3410834
3820,3319,33.01516,0.5821784,0.061422985,0.11843178
3820,3821,6.076126,0.5886983,0.011007592,0.02174133
3821,4911,23.547129,0.58396643,0.04989302,0.09537111
3821,3820,5.7422447,0.5891299,0.009900294,0.019870609
3821,3261,49.37167,0.58635604,0.09791413,0.18870509
3822,3824,1.763977,0.58581144,0.0029241517,0.0067863464
3822,4358,44.6049,0.58929515,0.10726218,0.20854208
3823,2954,1.4619408,0.58812636,0.0022065118,0.0052363425
3823,6589,47.610134,0.5905635,0.11595668,0.2266885
3824,3822,1.5200081,0.5848243,0.0025381446,0.0060804486
3824,811,47.0676,0.5855555,0.09739247,0.19068065
3824,6588,59.675354,0.58126265,0.16108945,0.3153748
3825,3426,17.602825,0.5302883,0.02679947,0.053080395
3826,91,62.713776,0.52974164,0.1373786,0.26767805
3827,3799,3.7906342,0.5407726,0.0042200685,0.009767473
3827,921,63.857666,0.5428305,0.13461293,0.26183778
3828,5697,34.892612,0.6159979,0.086362876,0.16663402
3829,4268,2.5118942,0.29585177,0.0021932423,0.00424321
3829,4249,30.115986,0.29589182,0.072852194,0.13661806
3830,2274,2.6286583,0.30029947,0.0024758428,0.0048286766
3830,5474,26.531452,0.30159962,0.064496726,0.1205453
3831,6784,23.494776,0.5912912,0.044331234,0.08524503
3832,5112,1.8082161,0.58435786,0.002407916,0.005650103
3832,3628,132.54543,0.5720297,0.24787965,0.48594755
3833,4101,44.123604,0.58004147,0.088718474,0.17367835
3833,1449,13.075293,0.57989526,0.030145701,0.059400395
3833,1367,285.70032,0.5660612,0.54328704,1.0618217
3834,1253,8.773605,0.5292787,0.01897426,0.037838235
3834,1200,59.996857,0.53361374,0.12788649,0.2495467
3835,2068,49.85029,0.6015438,0.095245436,0.18554688
3835,873,26.37139,0.60309964,0.05303046,0.10230324
3836,203,1.4014091,0.53411674,0.0046659186,0.010065317
3836,3837,2.4223213,0.5434358,0.0032817796,0.0072471946
3837,4854,37.891544,0.55027777,0.08049642,0.15485048
3838,797,1.9702759,0.59563357,0.003142409,0.0065944493
3838,3839,52.24254,0.59385693,0.11093084,0.2151593
3839,4315,2.0144577,0.59984815,0.002794817,0.006595269
3839,798,68.97137,0.5982316,0.13129151,0.25905538
3839,6833,30.168999,0.6003882,0.06499572,0.12456809
3840,1413,1.0919571,0.6353217,0.003216058,0.007566169
3840,4083,7.64439,0.6393582,0.0153659955,0.030631676
3841,3842,1.9387894,0.6253154,0.0033511147,0.007407382
3841,146,24.226358,0.6275251,0.049162477,0.09507508
3842,4449,2.422554,0.6227794,0.003704831,0.007932067
3842,6488,27.342693,0.6249796,0.05891344,0.11337591
3843,144,1.8815117,0.6155677,0.002400972,0.005387917
3843,4457,26.844475,0.6169895,0.058289707,0.11297182
3844,143,1.8716965,0.60602206,0.0027466416,0.006010726
3844,3845,16.665066,0.6103018,0.036011867,0.07039722
3845,141,2.003662,0.6004649,0.0031409785,0.006547749
3845,142,44.81412,0.598406,0.09360042,0.18093604
3846,157,1.8457794,0.60061073,0.0024441332,0.0055885017
3846,465,58.063557,0.6005927,0.11003186,0.21697073
3846,4400,16.216251,0.5996743,0.034868803,0.06777882
3847,168,33.500378,0.55328006,0.066089615,0.1281451
3847,4433,5.591606,0.5439148,0.011176266,0.02254711
3848,815,1.932682,0.5968218,0.0026579127,0.006040007
3848,763,52.99408,0.60280055,0.10044507,0.196887
3848,4518,60.220264,0.6014634,0.12741244,0.25013947
3849,5312,25.129803,0.5479665,0.052144583,0.099308826
3849,117,20.703413,0.5461064,0.043653037,0.083820336
3850,2696,1.1567764,0.54417056,0.0017007366,0.0044072866
3850,2695,72.18175,0.5500322,0.13971321,0.27332658
3851,3853,1.3066292,0.6099632,0.0018737465,0.0049092323
3851,481,85.605804,0.6106847,0.1794307,0.3512259
3852,3428,1.1778946,0.6134355,0.0027611554,0.0061770976
3852,3863,31.843422,0.6123339,0.069723204,0.1359367
3853,3852,1.5929604,0.61948866,0.0031787679,0.007298723
3853,647,85.46605,0.6199012,0.17870802,0.35326695
3854,3855,7.400158,0.626547,0.015033409,0.030077457
3854,671,32.54784,0.62672657,0.0653289,0.12573628
3855,647,1.2277718,0.60145944,0.0019294918,0.0043105185
3855,3856,56.67651,0.6191276,0.117733404,0.22954947
3856,672,34.2745,0.6161684,0.068341956,0.13272008
3856,3852,30.015497,0.6261824,0.06461054,0.124871075
3857,4467,35.099834,0.61340916,0.06977618,0.13510159
3857,3858,100.80769,0.60355324,0.21024862,0.4110223
3858,482,1.1100693,0.57495964,0.0018881485,0.0039839894
3858,3859,82.94353,0.5986968,0.17273548,0.33795065
3859,4468,1.7626762,0.59629905,0.0035694912,0.007434979
3859,646,27.500816,0.59916085,0.06653869,0.12910098
3860,3861,1.8289948,0.6348029,0.0036878884,0.007906899
3860,6570,61.041256,0.6338895,0.12284011,0.24247472
3861,4255,1.9192963,0.6375745,0.003691502,0.008379176
3861,4254,47.8803,0.62759966,0.05406892,0.10369702
3862,645,1.6466255,0.623551,0.0026513264,0.0060620457
3862,4207,78.71509,0.641052,0.14288628,0.28392923
3862,6568,37.93324,0.6393334,0.07819772,0.15317677
3863,4046,2.916294,0.61263156,0.005400233,0.010655999
3863,2805,1.8360481,0.61113125,0.0025115535,0.004988387
3863,672,32.165535,0.61789703,0.064066224,0.12326753
3864,2941,72.460526,0.37383074,0.27711463,0.4599601
3864,399,151.35217,0.65952945,0.30515462,0.59991264
3865,5739,1.8248901,0.5050629,0.002863109,0.0059129894
3865,1704,31.577927,0.5055107,0.06936959,0.13158375
3866,1269,63.688553,0.5578394,0.12195055,0.23961878
3866,1392,50.868004,0.559258,0.10628972,0.20663247
3867,5121,27.205627,0.5810955,0.054622166,0.10399775
3867,5121,24.924135,0.58117944,0.050691515,0.09653019
3867,6786,187.87144,0.57038283,0.38683924,0.75540525
3867,3232,65.25905,0.5815135,0.13745816,0.27045164
3868,707,1.8267937,0.59106004,0.004993312,0.010402575
3869,3870,2.9401245,0.64366823,0.004951194,0.010703787
3869,3186,5.2035255,0.64100015,0.012499265,0.02518788
3870,2535,7.93256,0.64794374,0.015575014,0.031230733
3871,2631,11.135992,0.6444985,0.021932036,0.04342009
3871,323,4.734524,0.64411235,0.011265278,0.022527635
3872,1990,2.7453804,0.62790453,0.005166389,0.011133522
3872,5858,49.52791,0.6330677,0.09325376,0.1817031
3873,2219,103.18658,0.67896754,0.18811944,0.37347212
3873,5167,28.51223,0.6789516,0.055708557,0.10722918
3874,5212,1.1630936,0.5717596,0.004372664,0.008938417
3875,1447,61.592003,0.5725659,0.117665485,0.2310329
3875,1449,20.897858,0.57881767,0.050413314,0.09816342
3876,5282,10.978735,0.58038485,0.029680204,0.05837003
3876,3877,20.813486,0.5818821,0.042037074,0.079671755
3877,842,158.05756,0.57291114,0.29843414,0.58500355
3877,1454,63.3664,0.58100986,0.1224692,0.24064395
3877,3876,19.577576,0.5817292,0.03927517,0.07482478
3878,3140,26.644663,0.59296995,0.054125734,0.10396551
3879,4997,1.2349548,0.5414107,0.002280563,0.005572036
3879,3077,7.009735,0.5525411,0.015683629,0.03128782
3880,6009,5.000946,0.5585398,0.009444207,0.019456118
3880,776,1.3538971,0.54920775,0.0024276525,0.0060698837
3880,2877,43.75307,0.563682,0.09088139,0.17610203
3880,2246,123.77311,0.5490296,0.2343351,0.45754462
3881,6573,1.1727295,0.5978957,0.00365749,0.007963657
3881,1088,2.5749817,0.5958522,0.004015222,0.008646727
3882,3919,85.02858,0.49872273,0.16760853,0.32540527
3883,3131,3.383854,0.6555314,0.011020489,0.022008762
3884,4004,2.714672,0.62077343,0.0057888404,0.011973619
3885,417,47.13609,0.56429803,0.053958964,0.1021472
3885,5276,69.04363,0.56444234,0.14524505,0.28402907
3886,2655,2.2423668,0.52632797,0.0038698465,0.008218989
3886,78,70.1853,0.5259137,0.2330682,0.45419234
3888,95,20.403402,0.30586618,0.05343778,0.100227
3888,6100,1.3737984,0.540136,0.0028243363,0.006753698
3889,5178,2.5108185,0.6226183,0.0015595928,0.0045090765
3889,3080,11.954689,0.62228334,0.025439791,0.04997295
3890,5417,1.9987373,0.6246834,0.0033773035,0.0077430904
3890,3108,30.698828,0.63063735,0.07328827,0.14339589
3891,448,31.658356,0.64385986,0.055668663,0.109545305
3891,366,22.722916,0.64505756,0.054061875,0.10558857
3892,746,2.8198242,0.5949947,0.0043942556,0.009336337
3892,4514,72.23712,0.5985806,0.13592385,0.26860106
3892,3893,2.0807037,0.59550637,0.0053341985,0.010774091
3893,1561,1.1829491,0.5938786,0.0064742044,0.012822688
3893,3892,1.6952286,0.595343,0.0051011518,0.010532439
3894,4865,2.6730423,0.5818524,0.003662534,0.008219168
3894,612,33.892082,0.5806193,0.05849565,0.11119651
3894,5929,35.512882,0.583231,0.07438687,0.14263675
3895,5326,62.941315,0.5032848,0.15854466,0.3068869
3895,2137,4.6678467,0.5130334,0.012095816,0.02432105
3896,306,6.5721016,0.660571,0.01230742,0.024338707
3896,2924,3.546959,0.6574507,0.0061209872,0.012412265
3896,304,77.177605,0.6602671,0.13890298,0.27712297
3897,3898,10.149574,0.56192195,0.018329658,0.036490396
3897,2969,4.787815,0.5611131,0.0077436343,0.015910655
3898,3897,11.369034,0.55931085,0.02126699,0.041599974
3898,5691,44.48279,0.5678815,0.07306125,0.13969237
3899,4658,2.4557037,0.6951907,0.002489671,0.0061650425
3899,3903,28.339497,0.390059,0.1068811,0.17055728
3900,3901,0.77427673,0.35181272,0.0042519122,0.0044493824
3900,3902,3.7822952,0.6499504,0.005269617,0.011422008
3901,4787,3.9910164,0.66032827,0.0072964802,0.01495178
3901,2634,3.0554428,0.40747747,0.010596901,0.014781952
3902,2631,0.6903305,0.34183255,0.0035466328,0.0040687025
3903,3943,1.9676514,0.6843785,0.0017661154,0.0044528097
3903,307,24.183699,0.4198702,0.089190274,0.14776671
3904,6228,0.6899719,0.40576482,0.004478134,0.0039181113
3905,4137,667.2473,0.65408343,0.98024416,1.9260074
3905,305,9.568726,0.6874123,0.01846432,0.036047786
3906,4212,6.750019,0.66765606,0.012727439,0.025292188
3906,302,85.36403,0.6687794,0.1520301,0.30087358
3908,5198,11.705797,0.4601759,0.024913825,0.048586622
3909,1180,1.6179924,0.24235868,0.002117455,0.0041021705
3909,5590,4.2051544,0.5909887,0.009123072,0.01888889
3910,3911,32.541862,0.59225565,0.06990665,0.13778508
3910,3287,69.37189,0.59332514,0.14586565,0.286892
3911,2389,1.7100525,0.58311653,0.0032733902,0.0075403303
3912,3910,31.722301,0.59107846,0.07201362,0.14268124
3912,3913,11.52306,0.58955204,0.023966365,0.0473485
3913,2216,242.76538,0.57339835,0.46536446,0.90932775
3913,3911,14.402863,0.5904455,0.02914077,0.056808807
3914,5593,30.617676,0.49673253,0.077554695,0.14908493
3914,1786,27.771427,0.4951636,0.06814891,0.12947008
3915,293,1.7586441,0.6616862,0.0026878044,0.0058067143
3915,5637,2.0149689,0.39467072,0.007172562,0.00896734
3916,2585,79.866714,0.3809172,0.247626,0.40147007
3917,3710,1.5054321,0.68988204,0.0037485883,0.008159965
3917,3916,24.208855,0.6864359,0.048815478,0.094932005
3918,4229,1.4075356,0.4548688,0.004248321,0.008785009
3918,3375,44.3252,0.46617678,0.14854696,0.28898588
3919,2479,3.4880714,0.48581475,0.0070138276,0.0142006725
3919,1991,2.3965073,0.48333675,0.007159479,0.014576271
3920,7061,2.5845604,0.58603257,0.0028998181,0.006815642
3921,3947,2.6992798,0.6844164,0.0050091967,0.010186851
3921,4383,37.786766,0.39427066,0.13544999,0.21085984
3922,3921,0.0,0.40190133,0.0011427999,0.0
3922,5500,105.911835,0.6785631,0.26787052,0.5301423
3923,4781,1.7023239,0.66378796,0.00431516,0.008919865
3923,6032,52.841583,0.6716143,0.10767521,0.21193762
3924,3925,0.062137604,0.23586228,0.0023503602,0.0047513098
3924,2209,78.97596,0.66592807,0.15814842,0.31427038
3925,3923,1.9433594,0.67497754,0.0043141693,0.009101316
3925,5031,80.925095,0.67349815,0.19669747,0.38881075
3926,7051,2.2525826,0.6305664,0.003933601,0.008883312
3926,1998,72.19399,0.6331062,0.10057729,0.19760585
3927,3915,0.43112946,0.37551174,0.0026142448,0.001726225
3927,3670,2.259678,0.672142,0.004270844,0.008732125
3928,6559,2.4833984,0.66206074,0.004506603,0.008600101
3928,5089,4.2606316,0.66486394,0.013920724,0.027995944
3929,6767,0.8918953,0.45599872,0.0012785867,0.0031545162
3929,4918,1.9968262,0.5524196,0.002987817,0.0061846524
3929,6769,23.396448,0.024259895,0.10453887,0.21840638
3930,5551,116.28156,0.5391215,0.22279239,0.43494618
3930,6603,59.582886,0.55193233,0.1124799,0.21861072
3931,5553,2.3958244,0.5490732,0.0039661005,0.008658692
3931,563,33.174072,0.5471948,0.06482002,0.12544881
3932,3542,8.546875,0.033340037,0.035806596,0.07066393
3932,3931,31.38041,0.5571591,0.063884884,0.12150418
3933,3934,1.3740768,0.557257,0.0017276406,0.0035143942
3933,1490,2.4681969,0.5544217,0.00398048,0.008377761
3933,5437,42.897167,0.00663054,0.2286776,0.48619902
3934,3933,1.3183784,0.55072314,0.0014887527,0.0037176162
3934,1378,104.488914,0.54484785,0.19934618,0.38990724
3934,5440,89.89095,0.5504107,0.24538484,0.47784173
3935,3655,1.7607155,0.62385714,0.0024859235,0.005789906
3935,6489,28.300175,0.6236643,0.057092786,0.109903984
3936,3256,1.3606606,0.6108568,0.0023081526,0.005714074
3936,4455,29.459911,0.62111616,0.060302258,0.11439624
3937,3257,1.8435402,0.6067467,0.0024585426,0.005770251
3937,4146,62.608734,0.6057255,0.116534166,0.22987527
3938,4638,1.6635895,0.59989613,0.0030642673,0.0069241226
3938,156,62.819454,0.6129796,0.1173196,0.23122233
3939,3940,1.7027664,0.58360386,0.0021063164,0.004951313
3939,4580,100.59164,0.5729296,0.21560466,0.4205075
3940,3939,1.5966492,0.5816359,0.0018906146,0.0045693964
3940,3941,40.082645,0.58355737,0.08532136,0.16467956
3941,3942,1.5428467,0.5788999,0.0018601567,0.004246399
3941,822,88.52956,0.5790758,0.16637337,0.32720274
3942,3941,2.0104332,0.58255607,0.0033076257,0.0074222684
3942,3939,39.536186,0.5844277,0.08473344,0.16474894
3943,3903,1.7751541,0.68388695,0.0014532208,0.003737405
3943,6452,37.17136,0.43106413,0.14137234,0.21904008
3944,1164,2.2840767,0.5379215,0.0035479069,0.0077839345
3944,4877,34.605076,0.53860116,0.10645339,0.20897198
3944,2711,82.456375,0.5378945,0.15886152,0.3103217
3945,511,4.996441,0.6792776,0.012227349,0.025043994
3945,2237,2.928379,0.677983,0.007055156,0.014593706
3946,6206,1.1933136,0.656155,0.0028571486,0.0063437074
3946,2944,68.40254,0.67752874,0.09411404,0.18528177
3947,6280,0.5542717,0.37962282,0.0032368451,0.0023806691
3948,5337,1.6222229,0.58611906,0.0030584037,0.006957993
3948,4056,5.914974,0.58803755,0.012519807,0.02536045
3949,3211,1.9099846,0.5856932,0.002827637,0.006414667
3949,5922,1.4098587,0.58696276,0.0023612455,0.0054207444
3950,4825,60.16156,0.5866573,0.12548369,0.24461183
3951,2116,1.8041992,0.44373062,0.0026157945,0.0054496676
3951,1834,12.416773,0.45400208,0.029041074,0.056265682
3952,446,0.08444977,0.06690103,0.0022551268,0.0037269294
3952,446,1.9157295,0.6274068,0.0026688278,0.0049260855
3953,3627,1.82827,0.123016596,0.0018003806,0.0054370463
3953,268,43.29846,0.2762683,0.1206972,0.23509808
3954,4152,2.0379677,0.56559366,0.0036028177,0.008078039
3954,3475,17.973291,0.5672428,0.038290918,0.07444027
3955,3668,1.52594,0.5872351,0.0018288344,0.0043289512
3955,6241,41.894394,0.59534276,0.099869445,0.19387928
3956,1691,2.3429794,0.64211285,0.0034181029,0.0069121122
3956,3959,2.3039932,0.6504218,0.0030811578,0.006626472
3956,6143,3.4628334,0.6435439,0.006358221,0.012470067
3957,309,2.3868256,0.6473656,0.003737688,0.00778988
3957,6509,2.0317078,0.64611566,0.003795214,0.007987499
3957,4243,76.91496,0.6520894,0.13822225,0.27534178
3958,324,4.36689,0.6521662,0.007920437,0.016022608
3958,4064,3.7795296,0.6505163,0.007606536,0.015636876
3959,4622,3.7004662,0.6480702,0.0061081275,0.012428448
3959,3956,2.3319054,0.64998424,0.0030999556,0.0065133125
3959,4623,4.0204315,0.6503092,0.007228188,0.014622629
3960,3961,1.5682793,0.501593,0.0017458275,0.0040400773
3960,2114,48.14013,0.5077559,0.11800488,0.23033911
3961,3960,1.7280464,0.50232714,0.0021037236,0.004742384
3961,4317,42.442963,0.48698953,0.10667374,0.20792857
3962,3963,1.7085686,0.6881062,0.0012273192,0.003326282
3962,5775,50.43632,0.41093087,0.1806362,0.28080747
3963,3962,1.8433495,0.6867449,0.0015345812,0.003799811
3963,5162,46.20852,0.4200289,0.16423838,0.2548179
3964,3272,2.4317055,0.67138153,0.0028424412,0.00656417
3964,4092,17.166859,0.39548486,0.05538979,0.09408576
3965,3232,5.8076134,0.58538723,0.0121184215,0.024523526
3965,5583,3.0058022,0.5845581,0.0066265464,0.01390408
3965,5582,2.2798119,0.58436155,0.004624963,0.009992316
3966,3967,2.8739548,0.62553453,0.0022703782,0.0059019774
3966,4111,59.773716,0.6277774,0.12421885,0.24462005
3967,3966,2.9276123,0.6256879,0.0024766475,0.0060118884
3967,5645,9.595543,0.62316555,0.020290092,0.040215954
3968,3971,1.8846855,0.5825347,0.0018077418,0.004288748
3968,4003,23.39776,0.5855824,0.04830604,0.09297538
3969,3970,1.8876228,0.58309287,0.0017698482,0.004183665
3969,4811,24.509783,0.5847821,0.04987735,0.09528265
3970,3969,1.7798653,0.5827954,0.0016609803,0.004260704
3970,3968,3.2097588,0.58434975,0.0055570155,0.011725426
3971,3968,1.8224945,0.58339196,0.0017220005,0.0043904334
3971,3969,3.4226532,0.58439004,0.006020285,0.012539342
3972,1169,54.226696,0.59041464,0.1044627,0.20363967
3972,1167,86.09597,0.5884819,0.16019332,0.3144177
3973,2414,1.5225182,0.4854924,0.0019564852,0.004244089
3973,1739,33.084267,0.4916499,0.08510201,0.16547132
3974,2823,56.933865,0.65512055,0.10523926,0.20890768
3974,2538,43.969227,0.6523442,0.08273833,0.16268694
3974,2820,91.45685,0.65902835,0.1661942,0.33031756
3975,4194,21.834164,0.08167714,0.06310145,0.12186527
3975,574,149.74948,0.45292342,0.30486652,0.591609
3976,6504,7.129471,0.4903933,0.01577197,0.03164862
3977,4505,2.63966,0.60603034,0.0038551912,0.008466437
3977,874,0.6965294,0.59063125,0.0047233254,0.009149969
3978,3984,1.9594345,0.33899683,0.0040583387,0.0076142848
3978,3979,13.877224,0.33602345,0.031549912,0.060317986
3979,2468,1.6775932,0.33279264,0.0038692206,0.0074484497
3979,2025,5.998867,0.3377552,0.013361096,0.025415242
3979,2433,40.306362,0.1911268,0.111305,0.22777584
3980,3163,2.245449,0.30842775,0.0055727214,0.010384902
3980,3452,47.41382,0.3245708,0.10494593,0.20260876
3980,4364,29.950844,0.11142394,0.0823234,0.16197824
3981,2052,2.924572,0.33122653,0.006192766,0.011960968
3981,5025,27.35697,0.060442746,0.079652585,0.15359206
3982,2045,2.3864021,0.3638147,0.0050081387,0.009654924
3982,6124,34.161705,0.08979303,0.10415355,0.21988145
3984,3978,1.8681679,0.34046745,0.0040166974,0.0076602697
3984,2430,63.553688,0.35695755,0.13652344,0.26451415
3984,2467,47.605083,0.2981429,0.12015364,0.24103679
3985,5021,2.2107658,0.55423766,0.0035703108,0.007798597
3985,5433,27.091303,0.5621812,0.06909871,0.13373022
3986,5661,2.2186584,0.6662369,0.0018558279,0.0047103465
3987,5811,2.7629395,0.529815,0.0058099553,0.0120451
3987,2271,5.1319695,0.52802956,0.013503663,0.026761472
3988,3987,1.7970581,0.52847826,0.0040236562,0.008843273
3988,3990,2.56876,0.5249028,0.0018264428,0.004569769
3989,5811,2.6312904,0.5313404,0.0009813309,0.0034165531
3989,3990,3.7369232,0.5286203,0.008470669,0.01734306
3990,530,1.9190865,0.5239317,0.0046725497,0.0100951195
3990,3988,2.7877579,0.5277794,0.0023500323,0.0055683106
3991,3805,1.1591759,0.51972896,0.0027437136,0.0059925765
3991,2165,72.92557,0.52459514,0.25019786,0.48674572
3992,10,1.9740753,0.46413207,0.0026080906,0.0053521544
3992,12,47.859135,0.46935412,0.12234959,0.23788863
3993,3994,1.689064,0.578576,0.0015282258,0.004061535
3993,1458,5.5149384,0.58232397,0.013341874,0.026780605
3994,3993,1.4592171,0.57832634,0.0011915416,0.0032931268
3994,2960,40.052544,0.5847931,0.09928111,0.19101782
3995,6311,8.821259,0.58832824,0.02089151,0.041359007
3996,5839,2.3579369,0.5867541,0.0032833666,0.00713329
3996,5842,17.929546,0.5880858,0.03582426,0.06984975
3997,3998,1.9300385,0.5885011,0.002098389,0.0049826503
3997,3995,20.763565,0.58842224,0.041740492,0.08075962
3998,3997,1.9643555,0.5879456,0.002218917,0.0052380413
3998,3999,1.9047241,0.58917415,0.0020740256,0.004884422
3998,3995,17.764229,0.5910427,0.040707145,0.0789842
3999,3998,2.001049,0.5895101,0.0023115128,0.005386725
3999,5843,1.8432426,0.5934138,0.0054127946,0.011624932
4000,526,53.87624,0.42577702,0.11931083,0.229925
4000,2021,34.818707,0.4015187,0.07960129,0.15195149
4000,2049,49.74202,0.40405652,0.10231348,0.19580601
4001,1714,21.268448,0.529535,0.06090597,0.117935315
4001,5906,28.75874,0.52653694,0.05851956,0.113042705
4002,4163,29.388514,0.502732,0.06193663,0.11704604
4003,1815,4.9699783,0.5873687,0.009328343,0.018633753
4003,3971,22.234371,0.58508223,0.04632721,0.08937667
4004,3884,2.3275948,0.62644684,0.004939936,0.010358557
4004,6073,25.404993,0.63195735,0.056749456,0.11141222
4005,4006,1.3707504,0.6121175,0.0022062287,0.0053085983
4005,3576,5.450989,0.6136403,0.0110992715,0.02280341
4006,4648,2.3876457,0.6114503,0.0035521463,0.0077925026
4006,2757,2.7802582,0.61599356,0.004078701,0.00895679
4007,4011,1.5093117,0.6055365,0.002338566,0.0050254017
4008,4010,2.4052925,0.61595637,0.0036341697,0.008691862
4009,3812,1.5478783,0.61922294,0.0018658936,0.004144743
4009,4117,27.801262,0.62458915,0.066641286,0.12919828
4010,4119,12.362621,0.6178386,0.025379792,0.049944535
4010,4012,1.582241,0.6150681,0.001901634,0.004955083
4011,2756,51.740005,0.62596667,0.09952732,0.19251934
4011,4008,1.5837173,0.61181444,0.00304576,0.0073868334
4012,2760,1.7557297,0.61494315,0.0026248768,0.006059289
4013,4014,2.4232826,0.58059204,0.0014427975,0.0037211925
4013,4055,27.008068,0.58766925,0.05861009,0.11241706
4014,4013,2.4176674,0.57878256,0.0015656799,0.0038220584
4014,3212,90.79852,0.5818987,0.19121847,0.372571
4015,5779,18.920527,0.6007292,0.051770154,0.101483166
4015,5779,27.89025,0.5970199,0.057574473,0.109231666
4016,4017,28.119987,0.6061203,0.055287745,0.1061916
4016,4017,19.318043,0.61102575,0.050564926,0.09858831
4017,5876,0.3937149,0.18534741,0.002574876,0.005296275
4018,2440,0.6465874,0.5850354,0.0029367432,0.0065412074
4018,6007,70.76168,0.5911302,0.13478246,0.2653365
4019,3927,2.537777,0.6668714,0.0043321177,0.008796677
4019,295,45.934917,0.403853,0.16563201,0.25726217
4020,4021,2.027687,0.4628328,0.0022453144,0.00461559
4020,1894,23.672203,0.47343278,0.05128339,0.097833835
4021,4020,2.0617638,0.46244285,0.0022774264,0.004718393
4021,1785,5.5361214,0.46685416,0.011177219,0.021999985
4022,1938,20.752893,0.5723129,0.042841095,0.08290317
4022,3337,85.1667,0.5619104,0.16441187,0.32143274
4022,1940,24.282127,0.5728611,0.04997134,0.095432766
4023,6531,25.789114,0.5683965,0.0748856,0.14585432
4023,6195,25.554543,0.5696547,0.0764317,0.14970657
4024,3324,1.3831978,0.6111624,0.0020686984,0.0047179163
4024,6790,1.8996849,0.6250765,0.0025286078,0.0057997704
4025,4026,2.9112358,0.62132156,0.0020199493,0.0055901706
4025,4654,21.69296,0.6176858,0.04726102,0.091097936
4026,4025,3.141983,0.6213214,0.0026429817,0.0068137944
4026,5041,22.241707,0.62606114,0.049014788,0.09477907
4027,4028,20.467728,0.59929264,0.054685872,0.10566794
4027,4028,28.219725,0.6019585,0.056625325,0.10769871
4028,4499,1.058609,0.5970951,0.005282201,0.010503188
4028,5874,30.538979,0.607546,0.0895288,0.1754555
4029,2247,56.110115,0.5511369,0.08361985,0.16143838
4030,4766,120.39942,0.62218726,0.22115326,0.43560803
4030,4766,1.6677895,0.6201525,0.0040976927,0.008887008
4031,3325,2.1969452,0.647133,0.0040935576,0.008987531
4031,3764,31.121273,0.65216583,0.06543482,0.12755279
4032,4033,2.8097763,0.4765839,0.0026822314,0.005914852
4032,524,26.304356,0.48259592,0.059621684,0.11360865
4033,4032,2.8506317,0.474113,0.0025701076,0.005831003
4033,6482,21.279785,0.47702235,0.047583926,0.09114899
4034,3935,1.7253227,0.63002694,0.003056027,0.0072508156
4034,153,40.409325,0.6345955,0.07894471,0.15255433
4035,4036,2.8426476,0.5756459,0.0022321343,0.0052743554
4035,3189,49.221138,0.5816642,0.103402115,0.20050356
4036,4035,3.026451,0.57355225,0.0023646504,0.005514592
4036,3205,275.50272,0.5651839,0.57754755,1.1280361
4037,764,3.1336784,0.59142905,0.0058272555,0.011332884
4037,3008,56.677357,0.01162529,0.16320395,0.33926332
4038,3696,1.9598999,0.32492077,0.0036756545,0.0072294623
4038,7059,35.852253,0.3365708,0.09921164,0.19108042
4039,2024,21.911121,0.40275383,0.04849411,0.09190787
4039,2034,103.69321,0.38492584,0.22003338,0.42260838
4039,2028,26.848923,0.41113535,0.05879857,0.11040045
4040,4230,78.75186,0.6118594,0.16480893,0.32424635
4040,752,1.7508163,0.6067135,0.003068857,0.006661579
4041,523,17.348717,0.45532846,0.037441697,0.07235226
4041,5754,3.381363,0.4539636,0.007615559,0.015053183
4042,4043,2.0694542,0.6292396,0.0021308362,0.005302161
4042,5651,90.432,0.63274205,0.10037224,0.19773522
4043,4042,1.9753342,0.62716234,0.0018770844,0.0048049986
4043,4103,4.828285,0.6301277,0.0062937513,0.013692379
4044,5115,1.1351128,0.5586558,0.00130146,0.0031675547
4044,3203,10.509867,0.5608303,0.02160383,0.04261315
4045,4089,1.080471,0.5323288,0.0043636784,0.009491488
4045,6004,31.208637,0.5268298,0.093256004,0.18102542
4046,2917,2.0230675,0.61054677,0.0030718818,0.0065917373
4046,1867,28.238857,0.6163425,0.061352797,0.11806894
4047,4048,0.031032562,0.30600977,0.0018729344,0.0039249957
4048,4049,1.6859169,0.5943178,0.0031662583,0.0066257715
4048,3010,28.327518,0.54165584,0.07196385,0.14275348
4049,814,1.116909,0.40257615,0.0007721856,0.0019956678
4049,3848,33.396812,0.60190487,0.07082662,0.137377
4050,3425,4.2118645,0.5258737,0.009366319,0.019036248
4050,3424,16.64089,0.53130555,0.023091912,0.046360105
4051,1927,5.3600006,0.52967185,0.0046925247,0.010325462
4051,5398,3.743023,0.5296982,0.0079264045,0.01627104
4052,4723,1.8143044,0.66833144,0.0039959773,0.00841026
4052,1736,44.137997,0.67158645,0.08762984,0.17141198
4053,4054,1.7582016,0.65623873,0.005688451,0.0100366175
4053,6304,26.675297,0.040761262,0.12854962,0.2738789
4054,4053,2.063465,0.656479,0.004928738,0.0097001195
4054,878,43.60527,0.0031559467,0.1601704,0.33577532
4054,2150,41.71419,0.082944095,0.13727608,0.2799679
4055,4056,2.6825218,0.57850903,0.0017892271,0.0046364516
4055,5337,6.2258835,0.58506864,0.013138048,0.026648715
4056,4055,2.3718262,0.5801155,0.0010508895,0.0032028258
4056,4014,27.008554,0.5868905,0.05818055,0.111119315
4057,4205,2.4503288,0.6565206,0.0053096265,0.010504767
4057,6166,32.301857,0.047461092,0.16616353,0.35446054
4058,80,87.287094,0.5236061,0.2934106,0.56930745
4058,2472,88.15183,0.5145859,0.1752013,0.34013236
4059,2324,1.5510483,0.51622176,0.0020046607,0.004323736
4059,2207,24.43935,0.5128329,0.051485192,0.0980967
4059,4139,34.6515,0.5177758,0.0688543,0.13181004
4060,1570,10.896925,0.5648528,0.02224411,0.04395759
4060,4181,60.882187,0.5586686,0.11630562,0.22743249
4061,5097,12.840574,0.57736737,0.027250804,0.053659305
4061,615,10.706802,0.58038217,0.022421658,0.044459984
4061,3032,3.0080032,0.57632405,0.0057047307,0.012284771
4062,4772,1.7844467,0.5134392,0.002694264,0.0057414323
4062,4761,4.475582,0.51081896,0.0072983876,0.014984757
4063,1781,87.21526,0.5004823,0.17491692,0.33832192
4063,6302,21.530005,0.50373274,0.045399304,0.08692845
4064,3957,65.12634,0.6514876,0.13011882,0.25751668
4064,4243,2.47546,0.6478013,0.0041884333,0.0089340955
4065,5209,2.410778,0.6283102,0.003360279,0.007661909
4065,5042,2.1103973,0.62331975,0.0039554685,0.009039819
4065,286,14.0882225,0.6271779,0.032561857,0.06398569
4066,54,1.9322777,0.62411755,0.004085943,0.008800477
4066,55,2.8721275,0.6253002,0.004834622,0.010358542
4067,4496,200.93707,0.59496075,0.37573,0.73892635
4068,5703,2.5427399,0.5906094,0.004441805,0.008614406
4068,2267,72.307106,0.5860771,0.13731182,0.2689882
4068,5885,28.012802,0.039473683,0.09557999,0.19982111
4069,2435,38.905716,0.59643304,0.12315171,0.23932014
4070,7014,0.86379623,0.53471744,0.003056012,0.006528735
4070,2996,46.24928,0.5431754,0.09018501,0.1741086
4071,4072,0.7364464,0.5437643,0.003063254,0.0063780397
4071,7014,19.467379,0.54840565,0.053091656,0.10407756
4072,4071,0.9304695,0.5417372,0.0032047704,0.006743625
4072,4070,28.016058,0.54710215,0.056367707,0.10810532
4073,1,2.5670815,0.6408711,0.0020700544,0.0052105337
4073,6425,64.174194,0.6353009,0.13394001,0.2651845
4074,4075,2.0822906,0.65811956,0.0018200874,0.003995374
4074,2583,14.800962,0.036243826,0.06847642,0.14337812
4075,4074,2.2469635,0.6608446,0.0021549016,0.004650295
4075,5169,37.473434,0.09902015,0.18622807,0.3910467
4076,5173,8.718983,0.6345162,0.020309351,0.04026787
4077,5607,2.632042,0.63179404,0.0021140352,0.0054355264
4077,6799,45.904404,0.6285841,0.09762317,0.1910806
4078,4079,2.6415443,0.6209252,0.0020861775,0.005388126
4078,2056,15.718239,0.62661576,0.033799525,0.06589799
4079,4078,2.5720177,0.6202213,0.0018947497,0.00488922
4079,192,27.266224,0.63245124,0.060253885,0.11464246
4080,1196,1.7893829,0.60367984,0.0019414201,0.0049720854
4080,4298,47.158543,0.60967946,0.0890373,0.17402434
4081,1364,2.0769806,0.5983396,0.002875857,0.00616464
4081,4385,55.284454,0.5976922,0.13749859,0.26983204
4082,4083,2.8008652,0.6434311,0.0018908232,0.0049819797
4082,1413,7.4066887,0.6431508,0.015290663,0.030713186
4083,4082,2.892868,0.6457878,0.002202496,0.005224347
4083,3841,41.322063,0.6322153,0.08654619,0.16762587
4084,1521,2.3111305,0.6034641,0.0027728304,0.006474018
4084,995,54.103767,0.60283214,0.12727092,0.24927801
4085,4086,3.1776009,0.59050584,0.0025952682,0.006411627
4085,6847,25.379782,0.59538484,0.055921476,0.107790895
4086,3457,6.4727745,0.5943867,0.013578102,0.027273282
4086,4085,2.9824944,0.5900629,0.0023161545,0.0058633834
4087,4088,2.9211578,0.5888806,0.0025455654,0.0061198324
4087,2987,16.899895,0.59429884,0.036265176,0.07058358
4088,4087,2.7673302,0.58736944,0.002200693,0.0054596364
4088,5003,35.05768,0.5934642,0.07492819,0.14357224
4089,6005,58.853775,0.5327996,0.08608112,0.165873
4090,2801,2.8018417,0.6083144,0.0046271756,0.009420648
4090,2598,168.10014,0.6029197,0.31340426,0.6172806
4090,1777,25.177002,0.6080073,0.050862893,0.09997953
4091,4092,2.254837,0.6886449,0.0024610758,0.0055887997
4091,3272,19.072765,0.42765218,0.06080176,0.10166302
4092,657,10.684456,0.4065692,0.031861003,0.053686306
4092,4091,2.0894775,0.68886596,0.0018238649,0.0045050383
4093,4094,1.6927528,0.6093836,0.0014817491,0.0040974617
4093,6338,69.959785,0.6181177,0.17338394,0.3415024
4094,4093,1.899498,0.6129972,0.0020210668,0.0051280707
4094,3811,19.81013,0.6205794,0.045880277,0.08905647
4095,6076,0.54990387,0.38296795,0.0036063865,0.0025617331
4095,1738,6.533348,0.6873196,0.011898406,0.024068832
4096,4097,4.006653,0.5145133,0.0064122453,0.013069838
4096,1710,71.02461,0.5138228,0.13701458,0.26685524
4097,6471,11.560791,0.5151247,0.024517536,0.048618793
4098,6471,1.7659531,0.5156647,0.00552848,0.011486888
4098,4099,9.320747,0.51473004,0.018804692,0.03685403
4099,4096,3.7447777,0.51110315,0.0069767535,0.014062703
4100,6575,45.162483,0.5654268,0.087464586,0.17037053
4101,3273,16.410013,0.5800591,0.03510231,0.06830317
4101,3833,43.55234,0.57957876,0.08634524,0.16948001
4102,4101,16.842514,0.57925266,0.03552171,0.06905903
4103,4104,1.934269,0.6274233,0.0017450154,0.004238963
4103,3451,6.9846687,0.628492,0.010426052,0.021463886
4104,4103,1.9793854,0.62729394,0.0018868223,0.004624203
4104,4042,4.902424,0.63015866,0.0063667446,0.013790518
4105,4586,0.00022506714,0.5271255,0.0036848113,0.007590458
4105,4106,33.649723,0.55386144,0.10394089,0.20442581
4106,4275,28.850298,0.5543063,0.08739145,0.17070958
4107,3483,1.4689178,0.55804497,0.0017193109,0.003912002
4107,4071,22.733124,0.55287045,0.065298334,0.12686107
4108,5648,2.255806,0.6303303,0.0035244375,0.0074700713
4108,1731,21.445597,0.056389987,0.077710494,0.15617013
4109,5144,32.55816,0.64557576,0.06423703,0.124050304
4109,265,70.85858,0.6307015,0.1334481,0.2650457
4110,4108,19.735416,0.642781,0.039518077,0.076766916
4110,4113,63.572895,0.6365677,0.11928505,0.23689339
4111,6544,1.8766975,0.6292133,0.0025848597,0.005951643
4111,3412,14.886095,0.6296878,0.031604663,0.061522797
4112,7034,79.5594,0.6288938,0.1476426,0.28949952
4112,3413,15.559437,0.63053346,0.03145199,0.061529644
4113,4110,63.158627,0.634398,0.118442915,0.2352551
4113,2004,5.598957,0.62716115,0.010125302,0.0204608
4114,4115,0.960762,0.58968437,0.0015985444,0.004695967
4114,5354,30.608742,0.64347273,0.06349757,0.120413505
4115,2004,2.063095,0.6286963,0.0033335164,0.0069007427
4115,4113,5.9059525,0.6380241,0.011042722,0.02252604
4116,3917,4.1120224,0.6976094,0.005975358,0.0125223845
4116,2466,57.62282,0.6856009,0.13527866,0.26874554
4117,4118,1.8614502,0.6134216,0.0017796233,0.0045971572
4117,4801,52.748016,0.6177717,0.12611371,0.24779686
4118,4117,1.9681091,0.6143786,0.0021254122,0.005476117
4118,3812,28.875235,0.624695,0.06823406,0.13369957
4119,4120,2.1037445,0.6133081,0.0022105426,0.005311981
4119,4009,39.86664,0.62247753,0.076453954,0.14816694
4120,4119,2.038826,0.61280614,0.002052769,0.0052462667
4120,4012,12.1475315,0.61687666,0.024321161,0.047962368
4121,3084,7.04615,0.4212135,0.020367697,0.03963323
4122,4123,1.9074135,0.65381825,0.0025816634,0.0055313855
4122,3387,33.851578,0.65628743,0.066078424,0.12769379
4123,4122,1.8960037,0.65406406,0.0025510192,0.005434096
4123,4372,18.402525,0.6575029,0.037202705,0.07221379
4124,751,2.6363983,0.5966908,0.008232273,0.015372038
4125,732,54.08481,0.5873549,0.17617452,0.34134912
4125,4124,21.307072,0.010951877,0.08440001,0.17209576
4126,1099,26.032446,0.0,0.10625148,0.22521648
4126,4125,22.13544,0.0046106577,0.06879434,0.14746153
4127,4128,2.2437973,0.5861158,0.007714823,0.01610504
4127,802,34.536964,0.5878332,0.10771106,0.20997891
4128,330,27.88866,0.5896798,0.08324109,0.16366975
4128,6950,66.98276,0.5854843,0.15441217,0.30041525
4129,3138,1.5957603,0.5900334,0.004603304,0.010082886
4129,4127,0.7061615,0.5828708,0.005212538,0.01016663
4130,2887,1.2806969,0.5904391,0.0036753416,0.008105233
4130,6174,59.027832,0.5986998,0.112965845,0.22143933
4131,4130,3.988243,0.5949158,0.0067353845,0.013692513
4131,749,1.3336449,0.5909463,0.0037024543,0.0081539005
4132,4662,2.819004,0.66493285,0.004706882,0.009818584
4132,7023,32.73766,0.6788868,0.06734582,0.13095295
4132,2063,157.86526,0.6710691,0.31618094,0.62448525
4133,3835,2.375595,0.6016548,0.0038249865,0.008302793
4133,873,20.221485,0.6057379,0.054437477,0.106564745
4134,7069,119.672615,0.6560097,0.23233005,0.45880735
4134,3405,20.264515,0.6564748,0.041706566,0.08044146
4134,2220,114.420006,0.65883976,0.20762968,0.41109422
4135,7013,3.9524193,0.5897602,0.009962991,0.019785985
4135,6949,20.336906,0.016303778,0.08860163,0.18023248
4136,1285,1.7468643,0.5882848,0.002336897,0.005579084
4136,3667,141.14561,0.58126146,0.26520354,0.52007234
4136,3955,51.609623,0.58926344,0.1294083,0.25487632
4137,306,2.959221,0.6609556,0.0047623813,0.009947643
4137,3905,670.5828,0.6580128,0.98557436,1.9365357
4138,577,1.0063667,0.36973527,0.0020609796,0.003670916
4138,4155,2.5410004,0.510151,0.0043527335,0.009188518
4138,2206,38.056976,0.52093136,0.084178664,0.1629475
4139,6299,2.1082191,0.5224915,0.0029915646,0.0060988218
4139,2204,33.38909,0.5161262,0.06671939,0.12891084
4139,4138,32.887436,0.5218058,0.06693398,0.12729245
4140,4124,31.139503,0.580264,0.08999782,0.17481071
4141,1100,6.655163,0.14311257,0.020171836,0.040132567
4141,4140,4.5382423,0.59155774,0.011216231,0.022712544
4142,5464,342.4665,0.62541497,0.28813154,0.56415397
4142,3344,88.20958,0.64592934,0.082185246,0.15686265
4142,3344,64.19648,0.6473862,0.088085726,0.1701579
4143,6907,2.0777702,0.5998578,0.004118219,0.007868916
4143,3938,56.017994,0.6013375,0.120003134,0.23549242
4144,4146,1.2847099,0.59493077,0.002766408,0.00605233
4144,3257,61.21547,0.60290873,0.11718718,0.22983582
4145,6911,1.6764488,0.59592295,0.0028633326,0.005559802
4145,3327,43.805588,0.5824487,0.060101975,0.114011586
4146,4143,0.58771515,0.07939324,0.00088185817,0.00155285
4147,1999,50.778458,0.4808814,0.10264339,0.19938721
4147,4148,0.70915985,0.5022415,0.0033327937,0.006966576
4148,4147,1.0293007,0.49756357,0.003859356,0.008165583
4148,767,125.71535,0.36632258,0.4617983,0.8935549
4149,6825,34.72296,0.58970326,0.066544876,0.1297428
4150,4151,2.0233078,0.6046623,0.0020368919,0.005060345
4150,4297,25.28132,0.6088054,0.05183349,0.09953087
4151,4150,2.0812683,0.60457987,0.0021467805,0.005199358
4151,6671,12.869659,0.6093455,0.026156917,0.05130756
4152,3954,1.850914,0.5678308,0.003377393,0.00761427
4152,6387,7.8926277,0.56844693,0.017113566,0.034313783
4153,1370,34.546886,0.54998296,0.08832946,0.17341994
4153,5994,55.420975,0.55069727,0.11711848,0.22994879
4154,630,1.6451912,0.5270798,0.0032579526,0.007016018
4155,582,1.3067741,0.4955232,0.0025242195,0.00603579
4155,7093,25.969141,0.5261638,0.05450012,0.10307882
4155,6156,50.63164,0.51796424,0.10939306,0.21256807
4156,4362,78.055664,0.16267782,0.19727689,0.39791304
4156,5777,21.742947,0.18853772,0.052351605,0.097475156
4157,1520,118.18172,0.2988171,0.2672469,0.5169607
4157,687,115.95971,0.29648805,0.26187703,0.506875
4157,4362,29.9247,0.17191765,0.073931664,0.13950488
4158,5045,77.16623,0.3711079,0.20778534,0.4016642
4159,3674,22.806225,0.46246767,0.065121785,0.12787043
4159,5183,6.26437,0.45946184,0.012751728,0.02529937
4160,4161,18.381647,0.3979325,0.050992046,0.100279376
4160,4161,25.020088,0.39776716,0.056329314,0.10659466
4161,5380,36.1597,0.41260657,0.099613175,0.19349273
4162,4563,1.6979523,0.6719336,0.0032209754,0.0070490837
4162,5460,96.16463,0.67472386,0.19637708,0.38831192
4163,2224,3.079029,0.5011739,0.0056209564,0.011488512
4163,4164,17.781807,0.5009128,0.037857164,0.07371763
4164,5016,7.623665,0.5002259,0.015471138,0.030585408
4164,1278,23.404446,0.50191057,0.049441542,0.094479986
4165,5357,2.7396202,0.58623415,0.0044871047,0.0094020665
4165,3224,107.48198,0.58486575,0.20144719,0.39602005
4165,6826,3.005947,0.586997,0.0050478503,0.010523871
4166,6930,18.92515,0.6799048,0.03812737,0.074141085
4166,4170,2.4330788,0.67167515,0.004274085,0.008949041
4167,4182,18.365126,0.68921113,0.03696568,0.07183962
4167,5669,2.38871,0.68095255,0.003996782,0.008977413
4168,4174,2.753872,0.6745751,0.0029803067,0.0073511153
4168,4174,9.63129,0.6731211,0.01849366,0.036993727
4169,4168,17.460945,0.67595345,0.03533837,0.06891932
4169,4175,2.6543198,0.67045164,0.0043733567,0.009317473
4170,6132,4.9770355,0.6763439,0.009126358,0.01899682
4171,4176,2.5435295,0.679856,0.0040723383,0.008430958
4171,6936,27.967213,0.6830708,0.054970387,0.106593505
4172,4182,2.2311554,0.69194597,0.0021861792,0.0051430017
4172,5669,18.297956,0.6887637,0.03670093,0.07150659
4173,4177,0.38418198,0.38493085,0.0027631223,0.0015090853
4173,4172,4.29554,0.70137817,0.007266335,0.014794007
4173,4796,61.799564,0.39921814,0.20806456,0.3315179
4174,4175,16.527918,0.673952,0.033182148,0.06487904
4175,4166,2.838482,0.6707366,0.004883267,0.010374799
4176,4167,2.107952,0.67914295,0.0032896325,0.007383585
4177,4173,0.037929535,0.41706777,0.0025853962,0.0
4177,5366,16.808018,0.4189297,0.051545102,0.08339073
4178,5136,87.449875,0.5911973,0.16534454,0.3261407
4178,6826,389.193,0.5768596,0.73717093,1.4461414
4178,5683,93.86948,0.5907292,0.17619133,0.3473333
4179,1661,21.806246,0.6556171,0.046075396,0.088683546
4179,1660,16.081871,0.6553962,0.033441927,0.064981416
4179,2139,152.94669,0.6470795,0.2784359,0.54877144
4180,2835,54.88747,0.55224365,0.13927074,0.2724081
4180,2591,45.00321,0.55573565,0.08739141,0.17185767
4181,3063,20.836403,0.563678,0.043422844,0.083632424
4181,4060,63.359097,0.5597682,0.1200126,0.23393506
4182,4177,5.3147926,0.6950271,0.009314425,0.019354671
4182,4172,2.3071442,0.69302905,0.0022256076,0.0052734762
4183,342,36.388687,0.617185,0.07054035,0.13623549
4183,2105,67.61077,0.6167654,0.12608677,0.24885769
4184,1723,2.4541779,0.6247395,0.0038749278,0.0077410936
4184,4185,67.91512,0.6263695,0.12717324,0.2506894
4184,4575,15.060345,0.6300463,0.030295815,0.059111297
4185,1193,70.4411,0.63375056,0.13107939,0.26007518
4185,4184,70.02626,0.6271399,0.1275531,0.25204766
4186,4995,2.3967667,0.55569506,0.0015861243,0.004138276
4186,4994,49.641663,0.5580105,0.104018256,0.20095415
4187,326,8.879978,0.6616432,0.015297845,0.030926928
4187,2152,92.19644,0.6606558,0.17798883,0.35432774
4188,3250,80.88457,0.57425267,0.1534512,0.30163655
4189,5904,31.985462,0.52775514,0.063530505,0.12383172
4190,6513,26.464596,0.6909656,0.050380852,0.097259045
4191,4325,11.618868,0.6641369,0.022815838,0.044926226
4191,4791,2.086094,0.66708887,0.0018790141,0.004623145
4192,4193,1.7394791,0.65511054,0.0011011288,0.0034124255
4193,4192,2.2251663,0.65562236,0.00219509,0.0054205507
4193,4792,27.839943,0.66170424,0.05496107,0.10625002
4194,4195,1.8581963,0.45298216,0.0034159422,0.0076238364
4195,4194,1.7059021,0.45490187,0.0033553243,0.007445708
4195,5069,26.66087,0.06388521,0.07954636,0.15426065
4195,2051,62.847897,0.4568255,0.1410366,0.2751661
4196,587,18.832243,0.5846741,0.044289652,0.085809134
4197,133,56.426075,0.5647344,0.1796403,0.3482358
4198,1531,1.7284012,0.5853907,0.0025654063,0.0059841275
4198,2576,20.103743,0.009222686,0.091755584,0.18849227
4199,5108,1.0265465,0.59356874,0.0017405674,0.004092142
4199,5622,0.0,0.009150624,0.0,0.0012476295
4200,5351,2.7862282,0.58877444,0.004619159,0.01006484
4200,1822,1.5153465,0.5863489,0.002052933,0.004951805
4200,5580,9.379295,0.5878083,0.019719295,0.039373845
4201,5968,0.7460594,0.06259015,0.0041536465,0.0073353797
4202,4203,0.8685608,0.59075516,0.0027736053,0.0056273043
4202,708,21.55882,0.5939726,0.043609798,0.08429312
4203,4202,1.0946236,0.5906433,0.0031519383,0.0066994727
4203,3220,27.965115,0.59768265,0.081620395,0.15801439
4204,5185,2.2806587,0.6169146,0.006415114,0.013394982
4204,5579,30.985676,0.61061245,0.056452878,0.1094947
4205,4057,2.7338905,0.65713155,0.0058529526,0.011741832
4205,4292,23.87143,0.03390321,0.14848724,0.31632686
4206,2582,1.4492493,0.5554806,0.0017754734,0.0042529553
4206,3786,121.52406,0.5570199,0.25851572,0.5035116
4207,1414,2.1584244,0.63900024,0.002988249,0.006216362
4207,3862,77.722855,0.6398736,0.14279476,0.28403986
4207,6050,30.74986,0.6468438,0.06150371,0.11787694
4208,6050,4.5785217,0.6445196,0.008253545,0.016549021
4208,4466,2.489132,0.64458513,0.0038742349,0.008058965
4208,6141,2.4917183,0.63861924,0.004400857,0.008540869
4209,4634,3.65094,0.67232823,0.007174544,0.013915464
4209,6168,24.669926,0.6726265,0.051145438,0.09933641
4210,4633,10.949205,0.66613966,0.02394212,0.047400117
4210,495,30.911436,0.6684811,0.06927,0.13389122
4211,3906,6.598007,0.6671192,0.012661509,0.02463749
4211,4212,2.4404526,0.6659163,0.003781572,0.008353248
4212,2964,1.9510422,0.66488814,0.0025984794,0.006245479
4213,4214,1.444664,0.29455426,0.003558904,0.0071059167
4214,319,3.333416,0.66962004,0.0057225525,0.011697218
4214,4215,1.7120934,0.6620803,0.0031120777,0.0073909312
4215,4211,1.9292679,0.6647483,0.0026508197,0.006259382
4216,4217,1.2757072,0.562842,0.0012230724,0.0032941997
4216,4218,29.975742,0.56514937,0.06020628,0.11488951
4217,4216,1.40551,0.5611547,0.0015764609,0.0040162653
4217,4044,48.339447,0.5687015,0.09422126,0.18182659
4218,4219,1.0840912,0.5577798,0.0010252893,0.0027443767
4218,4711,83.64919,0.5585845,0.16019893,0.31399173
4219,4218,1.0888481,0.5589718,0.0011616126,0.0032562166
4219,4217,29.877682,0.5629088,0.060269903,0.11431483
4220,6913,0.6407814,0.04773873,0.003213182,0.005341217
4221,4222,14.561342,0.30716303,0.031128533,0.059477314
4221,5473,8.027866,0.30707395,0.020163089,0.03835176
4222,4668,22.744408,0.31261677,0.0541154,0.10169566
4223,3011,9.6916275,0.59966034,0.022505738,0.044303566
4224,5462,1.976368,0.66544586,0.0038633123,0.008422211
4224,500,23.486319,0.6774144,0.04955265,0.095222354
4225,5460,2.9004402,0.6767154,0.0016498715,0.004594907
4225,4563,96.97363,0.6769055,0.19642411,0.38748428
4226,244,2.7164612,0.5483504,0.0038748682,0.008475557
4226,5453,34.042484,0.5515226,0.07340393,0.1425516
4226,1792,70.36156,0.54834527,0.10767251,0.2109808
4227,4226,5.956856,0.5495995,0.012907341,0.026036918
4228,4798,15.899727,0.6229282,0.032038845,0.06255671
4228,4629,58.291176,0.6247897,0.1097198,0.21626525
4228,4758,47.285843,0.62329507,0.072133034,0.13685
4229,3918,1.3928604,0.46214446,0.0042626634,0.008812115
4229,5241,66.041794,0.4637469,0.19305605,0.37375033
4230,1375,93.26857,0.59839,0.19124863,0.37552968
4230,752,81.94409,0.60870194,0.17105752,0.3366767
4231,6037,13.118746,0.028239936,0.083604254,0.1782006
4231,2149,2.1658058,0.6531174,0.002951324,0.006120503
4232,6393,58.363163,0.58993536,0.081717595,0.154555
4233,4232,1.824707,0.59329355,0.005405672,0.010348842
4233,3487,161.7074,0.06637359,1.3376335,2.7496645
4234,7017,20.283905,0.59402555,0.04205637,0.081807055
4234,4235,16.95114,0.59260786,0.034944396,0.06817378
4235,3831,3.9686546,0.5956694,0.005683258,0.011964887
4235,856,32.27816,0.59974146,0.06333865,0.122509375
4236,705,26.557648,0.6222659,0.05704176,0.10925279
4236,4239,32.804203,0.63008124,0.070011854,0.13605052
4237,917,1.3763428,0.5501407,0.0021454766,0.0051166713
4237,911,18.229588,0.004765451,0.08192792,0.16608126
4238,5642,1.5838661,0.6115809,0.004171282,0.009044319
4239,4238,2.091198,0.62021863,0.0039260313,0.008160114
4239,4990,31.057713,0.6191695,0.076444864,0.1475955
4240,6408,1.5544968,0.59437364,0.002730444,0.00563024
4240,2573,1.918663,0.5896837,0.004330687,0.009336367
4241,3586,6.3144608,0.5601641,0.012739934,0.025468469
4241,565,10.257759,0.56162584,0.020927846,0.041269436
4242,1443,7.350113,0.5650495,0.014820524,0.029795706
4242,4241,3.4429474,0.5620428,0.0065851063,0.013627782
4243,324,2.7863846,0.6487484,0.004671499,0.009670347
4243,3957,76.727036,0.65305316,0.13809937,0.27548194
4243,4064,2.3239708,0.6454564,0.0036568493,0.007617578
4244,3259,1.0632439,0.49513116,0.0041737407,0.008741692
4244,5872,59.51091,0.48702037,0.16767693,0.32589552
4245,996,1.4439125,0.6030357,0.004190363,0.009343743
4245,4246,2.8392448,0.60441893,0.0075226054,0.01559706
4246,1862,3.6770592,0.60734445,0.0055777505,0.011865929
4246,6340,104.16748,0.60897243,0.09594747,0.18648434
4247,4248,1.9027138,0.49125978,0.0022951216,0.0050418973
4247,6796,15.632603,0.49374285,0.033842895,0.06587654
4248,4247,1.8960152,0.49507013,0.0025576428,0.005574286
4248,6380,15.305565,0.49162686,0.035875678,0.07057259
4249,688,1.5813942,0.29790902,0.0037070438,0.0069708973
4249,5942,56.777927,0.29619518,0.13729109,0.26893815
4250,4255,48.223976,0.632242,0.05353696,0.10176079
4250,4252,40.121506,0.6361708,0.10206103,0.1981097
4251,3860,2.3740807,0.6349218,0.0051334724,0.011177704
4251,4252,53.60499,0.6199054,0.05917945,0.11276385
4252,2804,19.339825,0.629907,0.046197955,0.09000874
4253,3860,26.338522,0.63515794,0.058203224,0.11181882
4253,4254,36.16709,0.6303708,0.10308124,0.19927697
4254,4465,44.761753,0.63946414,0.1251723,0.24213171
4255,4251,2.7973099,0.6315789,0.0009838566,0.0034708828
4255,2100,17.754993,0.6350447,0.036326762,0.07048216
4256,102,3.534954,0.5491829,0.006477788,0.0133588165
4256,2359,3.5075378,0.55114424,0.00731539,0.015111759
4257,1466,1.3601265,0.53619426,0.0017832965,0.004251674
4257,4258,52.743435,0.5348714,0.110548735,0.21392417
4258,91,1.4300232,0.5323605,0.002012901,0.0047166944
4258,1716,61.40216,0.53006136,0.134155,0.2607433
4259,271,1.9360695,0.42375517,0.0029082373,0.005913332
4260,3404,2.199356,0.62721753,0.0035026222,0.008177444
4260,6804,44.35428,0.63492715,0.10632069,0.2074223
4261,4264,2.7669563,0.6506942,0.0017623678,0.004699841
4261,3358,32.105804,0.64937234,0.06861726,0.13234988
4262,3357,2.1219292,0.64463836,0.0032451302,0.00702931
4262,2124,53.423496,0.65215087,0.100181565,0.19790158
4262,4265,14.943256,0.6479662,0.03137016,0.061261147
4263,3359,2.9869003,0.6499825,0.0019555464,0.0052285343
4263,6974,22.116302,0.64946896,0.047997158,0.09357179
4264,4261,2.8904533,0.6491783,0.0020364895,0.005247459
4264,4263,27.85902,0.6464397,0.059341762,0.114212
4265,3358,2.7795258,0.6493316,0.0018661916,0.004785195
4265,4264,31.12474,0.6492255,0.06645216,0.12822494
4266,404,1.9066887,0.64700294,0.0028737783,0.0060056
4266,4262,10.019638,0.6513803,0.020855248,0.041271865
4267,4266,106.582375,0.64808166,0.21562879,0.42412752
4267,38,28.006432,0.6478539,0.06006972,0.11474821
4268,3829,2.525383,0.29736114,0.0023057088,0.004418686
4268,3830,15.923342,0.29688925,0.037390508,0.07122932
4269,4760,2.0828552,0.59408665,0.0037198514,0.008081764
4269,4646,26.148352,0.5922051,0.05619195,0.10762591
4270,785,30.28476,0.59629893,0.06404917,0.12396313
4270,4759,56.568516,0.594578,0.11757408,0.23008266
4271,4272,33.34456,0.5580275,0.102788515,0.20131102
4271,6249,29.287548,0.5656712,0.05842765,0.112233445
4272,1711,33.424316,0.55065274,0.113961406,0.22457726
4273,1708,13.074781,0.56415504,0.03387091,0.06577495
4274,6249,2.696003,0.5599365,0.005231127,0.010802135
4274,4273,29.981491,0.5674582,0.058975212,0.113523886
4274,4686,24.185652,0.5641651,0.053083505,0.101496324
4275,4274,23.310122,0.5590294,0.048954275,0.094053194
4275,4273,32.8687,0.56265,0.10166408,0.20002228
4276,1909,82.692,0.50448155,0.16019619,0.3116681
4276,5326,38.232132,0.50724715,0.07693862,0.14578658
4277,6831,1.2937241,0.56503564,0.0024583042,0.0060394853
4277,4855,22.033869,0.56838846,0.048076846,0.09190512
4277,1801,19.899727,0.56877947,0.044057146,0.08547409
4278,3321,21.215412,0.5603205,0.050866783,0.09776145
4279,4280,1.4292107,0.567991,0.0020463616,0.0046615303
4279,937,38.750996,0.5737769,0.08145048,0.15625502
4280,4279,1.4231987,0.5697322,0.0018531084,0.0043319613
4280,934,65.33228,0.5657067,0.12503289,0.24504785
4280,5260,68.43347,0.56345934,0.14403877,0.28094688
4281,792,9.714672,0.5774472,0.02279172,0.04493715
4281,4282,4.2724075,0.5805934,0.0074054524,0.015170485
4282,6621,13.844965,0.577002,0.03197252,0.062481217
4282,4281,4.3620224,0.5795759,0.0075248703,0.015470296
4283,5805,1.7991982,0.61100954,0.0044409707,0.009887144
4283,3399,13.312296,0.614294,0.028012998,0.05522213
4283,3398,22.525997,0.6139381,0.044852536,0.08729066
4284,6582,3.4727936,0.58797324,0.005640827,0.011866406
4285,5145,10.476774,0.58149177,0.03694149,0.07362762
4286,4650,3.0547829,0.58421284,0.005073063,0.010556519
4286,4285,27.890448,0.58328164,0.0558605,0.10671329
4286,4829,33.941742,0.58452284,0.066088475,0.12842588
4287,4285,18.47256,0.59299386,0.0643976,0.12705766
4287,4812,24.843119,0.57772744,0.050763167,0.09739771
4288,2896,1.137825,0.5441977,0.004458472,0.009396747
4288,2897,1.9276886,0.54629225,0.0062795654,0.012906045
4289,4818,29.27927,0.5523713,0.052659523,0.10127924
4289,3507,28.636024,0.55067855,0.05283804,0.102508314
4290,4819,25.093372,0.5509677,0.06199824,0.12052359
4290,2338,14.613762,0.5490464,0.035013914,0.06882365
4291,3277,101.85074,0.5807015,0.30426255,0.5978169
4291,3275,157.6294,0.57257545,0.3005711,0.58909404
4292,4293,1.9458961,0.6616589,0.004884444,0.008958176
4292,2448,15.279924,0.03511426,0.069810756,0.14469007
4293,4292,2.0164032,0.6588001,0.0043939874,0.009069324
4293,2449,36.07058,0.6682167,0.0716633,0.14013585
4293,2155,41.731846,0.6663077,0.08173078,0.16147017
4294,1714,1.2554512,0.52703834,0.002977036,0.006108716
4294,3818,0.7666092,0.5241065,0.00549943,0.010685608
4295,4081,1.2189484,0.5902606,0.0035793185,0.008078456
4296,4295,2.6051598,0.5979586,0.003944993,0.008436874
4296,1363,22.804163,0.6002163,0.053459562,0.10347586
4297,4298,2.108158,0.6024806,0.0020936131,0.005094245
4297,1196,47.188774,0.6081539,0.09064535,0.17616756
4298,4297,1.9093742,0.60354894,0.0018648133,0.0047225654
4298,4151,25.751474,0.60628676,0.05299112,0.10183419
4299,3522,14.56699,0.59027123,0.037867695,0.07424986
4299,6536,107.81828,0.5809307,0.2031253,0.39936614
4300,6405,21.622465,0.5883491,0.044301376,0.0852848
4301,4832,106.08809,0.6069788,0.16605833,0.3222626
4302,3268,18.826847,0.017527819,0.07848654,0.16119862
4303,623,38.834377,0.5520881,0.09527564,0.18555516
4303,4302,43.135296,0.54998755,0.07518454,0.14569154
4304,4737,3.974743,0.58734405,0.0072288886,0.014760613
4304,4736,2.2362213,0.5889349,0.0025743544,0.006101072
4305,2113,47.727013,0.5164517,0.10012724,0.19489749
4305,5963,22.16416,0.5197256,0.049344655,0.094498836
4306,548,1.4267387,0.5451529,0.0019546896,0.004746124
4306,3446,78.30945,0.5408582,0.1663267,0.32182124
4307,2079,1.6589699,0.62157893,0.0024924949,0.0059493035
4307,4309,18.446663,0.6256177,0.039333597,0.076051004
4308,4307,1.9051361,0.6207495,0.0036973357,0.0084894
4308,2078,62.013046,0.62725884,0.11474962,0.22606069
4309,2753,1.948288,0.6165663,0.0025403425,0.0057417452
4309,2096,176.04941,0.6233789,0.32421222,0.6388273
4309,4310,46.413094,0.62098914,0.09608348,0.18678156
4310,2753,47.064983,0.62404895,0.09731651,0.18938392
4310,2089,51.754642,0.62150335,0.10578974,0.20729105
4311,1867,1.7602501,0.6086569,0.0033130273,0.007817715
4311,833,8.251675,0.61482286,0.0169921,0.03381905
4312,377,142.86382,0.61525077,0.26353583,0.5184627
4312,4313,7.260437,0.61871845,0.013787448,0.027904823
4313,2085,95.642334,0.61539483,0.19572257,0.38565135
4313,2080,1.9594231,0.61096036,0.0034584627,0.007961005
4313,4314,12.039879,0.6166411,0.025508247,0.050010964
4314,4311,2.1250458,0.6144203,0.003929436,0.008808702
4314,1866,47.818935,0.616921,0.09706022,0.18714665
4315,3839,1.8974075,0.5994943,0.0025358796,0.0057320893
4315,797,53.466167,0.59914047,0.110798694,0.21558847
4316,6062,15.485947,0.506344,0.033294022,0.06496321
4316,6061,13.472572,0.5088657,0.031744014,0.0620787
4317,4743,2.089447,0.47584015,0.002568081,0.0056188554
4317,2116,30.9262,0.46446857,0.07743998,0.14769518
4318,880,140.46509,0.57730997,0.29274133,0.57272255
4318,4359,4.33226,0.583296,0.009129941,0.018671438
4319,191,18.783981,0.60875887,0.04374338,0.08506602
4320,487,8.416004,0.6799798,0.016967751,0.033520073
4320,4321,8.307255,0.67868733,0.01667492,0.03311713
4321,487,2.1770248,0.6736413,0.0037931427,0.008391097
4321,6415,51.624218,0.67396057,0.10402009,0.20598103
4322,1310,1.8853035,0.46735385,0.0028309599,0.00590989
4322,1311,109.57216,0.4570368,0.22336268,0.43101442
4322,7032,18.307268,0.46948692,0.038834397,0.07514643
4323,1791,39.983994,0.53112984,0.07669074,0.15133359
4324,4816,2.6525803,0.6666679,0.004158482,0.009032428
4324,6133,2.0528793,0.6689991,0.0018175617,0.0045701563
4325,4792,2.1865082,0.6604843,0.0021318048,0.005054742
4325,4192,27.708138,0.6654293,0.0548323,0.1060803
4326,4981,3.7632523,0.54571015,0.0032866523,0.007235855
4326,234,1.4816208,0.5427829,0.004688449,0.009769544
4327,2955,2.4212303,0.59212375,0.0039718673,0.008913666
4327,784,1.1296005,0.5895204,0.0036039203,0.007989407
4328,3410,151.49629,0.5882778,0.2844543,0.5593817
4328,2956,50.10016,0.5969911,0.094003096,0.18259993
4329,4796,0.31142426,0.37361085,0.0023435205,0.0010298342
4329,6870,55.417362,0.6562153,0.13378233,0.26223305
4329,513,41.972454,0.41001338,0.14919156,0.22998287
4330,1823,20.874893,0.39324036,0.0461534,0.087624565
4331,4861,26.855911,0.37563992,0.05664138,0.10678924
4331,4805,34.358406,0.36901212,0.091605954,0.1724195
4332,294,12.84564,0.6709146,0.026734054,0.05245763
4332,3526,2.7004318,0.6752484,0.0016308352,0.0044526905
4333,5770,13.91815,0.5577468,0.028900303,0.05638355
4334,2661,1.798912,0.5366931,0.0027214512,0.006059766
4334,2658,42.522453,0.54076433,0.08190322,0.15962675
4334,2660,16.256313,0.5345203,0.031724583,0.062100388
4335,849,2.5771446,0.60724777,0.0038932264,0.008599162
4335,5522,103.094536,0.5967466,0.3258656,0.6425797
4336,3244,1.5681915,0.6072012,0.0038288832,0.00860472
4336,432,37.545288,0.6132162,0.09621307,0.18800607
4337,1807,49.57727,0.58349645,0.12977462,0.25278443
4338,5614,60.432816,0.57831466,0.12852119,0.25173384
4338,1808,28.059866,0.5827832,0.060340274,0.11652641
4339,4341,1.3255348,0.57048047,0.0019440651,0.0051389337
4339,6869,15.914757,0.5711358,0.034486968,0.06675453
4340,6854,0.4578476,0.5591331,0.0002965033,0.0018197745
4340,6855,12.780558,0.57199675,0.02736403,0.053563237
4341,4340,1.468399,0.5698827,0.0026563928,0.005869448
4342,3027,1.2692413,0.5749559,0.0016997084,0.004436448
4342,4374,70.88454,0.57185775,0.14925432,0.2912593
4342,3199,94.19783,0.5701276,0.17997229,0.35262817
4343,3029,1.3638573,0.58003014,0.0019582286,0.0048775077
4343,4344,27.794464,0.58183986,0.06111199,0.11758532
4344,4342,10.342701,0.57783633,0.022324584,0.044043154
4344,3028,1.5451355,0.57747185,0.0020515546,0.004826769
4345,1444,15.697645,0.5747484,0.033693835,0.06571973
4346,1344,1.2845726,0.5720471,0.001799047,0.0043864697
4347,4349,1.4782715,0.5859587,0.003131412,0.006860003
4347,6818,22.865358,0.59011465,0.04949313,0.09512248
4348,6817,4.9031334,0.59342474,0.009268515,0.018867329
4348,1548,1.731411,0.5894278,0.0029042214,0.0064736307
4348,5243,28.24578,0.5950612,0.056551173,0.10851401
4349,1094,1.2779121,0.5823819,0.0024788752,0.005742073
4349,1537,10.1193695,0.5885132,0.02123025,0.04205899
4350,6682,59.534496,0.4824286,0.13165264,0.25559705
4350,1229,11.566147,0.49802825,0.025358401,0.04947117
4351,4002,3.963829,0.5105108,0.006140113,0.0121040195
4351,626,42.931755,0.49950063,0.10606352,0.20662478
4352,4713,16.385471,0.5470077,0.037952203,0.07338545
4352,5225,59.37248,0.523409,0.14977384,0.29047596
4353,4902,2.7219086,0.5427834,0.0020942837,0.0048683584
4353,3501,47.503464,0.55334693,0.09930563,0.19197923
4354,2705,1.8688164,0.62561405,0.0026674345,0.0056939125
4354,4356,82.26105,0.62590057,0.20377034,0.4003002
4355,4354,3.182331,0.62557036,0.007928573,0.01659219
4355,5709,1.8776169,0.6184081,0.0031810328,0.0074090213
4355,2717,82.48392,0.6281797,0.16689694,0.33037394
4356,1976,1.4543343,0.6223957,0.001460366,0.0037472844
4357,3881,1.7952805,0.59580195,0.002527997,0.005694166
4357,5845,31.122753,0.5960835,0.074283876,0.14553711
4358,3824,40.543064,0.5887141,0.10859373,0.2118372
4358,2959,30.080334,0.5909766,0.07168437,0.13950989
4359,2958,1.6250496,0.5844282,0.0020377487,0.004834622
4359,4318,4.60614,0.5848026,0.00971368,0.019877344
4360,2131,1.6743965,0.5861824,0.0029955357,0.006671384
4360,6519,30.344181,0.5883375,0.07523897,0.14663327
4361,4360,0.9388809,0.58520526,0.0032816604,0.00737451
4361,3228,2.1128235,0.587748,0.0030263215,0.0067539364
4362,4157,30.01302,0.17440379,0.073721066,0.1383821
4362,4156,76.8307,0.15615249,0.20086074,0.40712076
4363,4364,2.718666,0.32617885,0.0058105513,0.011172742
4363,3163,29.840345,0.08893338,0.08282095,0.16325685
4364,3981,1.108078,0.06788054,0.004134044,0.008466288
4365,4366,2.5039787,0.67497647,0.0038044453,0.008760616
4365,4371,65.24858,0.6760952,0.11890492,0.23770362
4366,4367,1.7074776,0.675939,0.0025971904,0.0057547987
4366,3525,63.423622,0.67257905,0.12943816,0.2560124
4367,5167,1.9251213,0.66589105,0.0039028004,0.008487299
4367,3873,28.98885,0.67463213,0.05748047,0.11029505
4368,4366,1.8241997,0.67180276,0.003507562,0.007691756
4368,4365,2.4869614,0.67426765,0.0039031282,0.008499935
4369,4370,91.898026,0.5815112,0.19251746,0.37708035
4369,3030,189.39227,0.56601,0.36172318,0.707534
4370,570,1.8882523,0.5747344,0.004082255,0.0086670965
4370,3030,102.38785,0.5755323,0.19037455,0.37416148
4370,4369,91.78178,0.58015287,0.19061953,0.37260574
4371,474,117.76762,0.6747335,0.21602567,0.42812833
4371,2585,97.74106,0.6816094,0.17960027,0.35684448
4371,665,126.07668,0.67816097,0.23330376,0.46350187
4371,4365,65.29866,0.6770972,0.11871266,0.23694196
4372,3390,2.0753899,0.6576952,0.001944676,0.004895389
4372,333,2.1356506,0.65531814,0.0033680573,0.0075642616
4373,2851,1.8949585,0.5764533,0.0039845407,0.008256063
4373,4487,1.1825829,0.56863457,0.001917012,0.004368484
4374,3020,1.6226921,0.576961,0.0021950305,0.005461216
4374,3193,1.4283447,0.56937736,0.002849415,0.006272584
4375,2974,1.0134888,0.37955594,0.0035145804,0.007043615
4376,4379,1.6894264,0.5780098,0.0029668063,0.0067672133
4377,2269,1.7173424,0.5860164,0.0023570657,0.0055719763
4377,5887,60.06948,0.586575,0.12643856,0.24633576
4377,3533,128.16039,0.587224,0.23844165,0.46843374
4378,1787,1.2441978,0.5834095,0.0023047328,0.0051365346
4378,5383,122.83385,0.5797776,0.25919732,0.5070112
4379,5381,1.5848198,0.57863235,0.0025586113,0.005441636
4379,2243,20.26574,0.5833182,0.044548947,0.086645514
4380,7000,161.4913,0.5643564,0.34127763,0.6653722
4380,2243,8.450249,0.5866709,0.01697468,0.034079403
4381,5382,1.937706,0.585906,0.0031331554,0.0066809505
4381,3045,73.35285,0.58646536,0.153352,0.2997458
4382,1195,1.8340416,0.59412414,0.002513066,0.0057266206
4382,3450,72.11408,0.59472257,0.13568465,0.26782256
4382,3838,46.8524,0.59987354,0.09741993,0.18934
4383,659,2.1341362,0.6872997,0.0019525886,0.0049438477
4383,5636,22.172194,0.42201176,0.07500422,0.126525
4384,1116,1.8175888,0.60965234,0.0018250123,0.004907325
4384,2788,55.20668,0.61798865,0.13277994,0.26240373
4385,3471,1.6323547,0.5899912,0.0046480596,0.009547904
4386,4385,1.3868523,0.5950591,0.0025892034,0.005711317
4386,1364,55.40318,0.5973707,0.14008713,0.27581596
4387,6724,0.51537323,0.5746364,0.0024257526,0.0052264035
4387,6214,182.79228,0.56476647,0.20723289,0.40706185
4388,4390,1.8525543,0.56208694,0.003140144,0.006899014
4388,245,13.8713665,0.5620269,0.029121771,0.057036005
4389,4390,2.060093,0.55982584,0.0034369752,0.007295415
4389,6134,67.31685,0.54974,0.14348124,0.27837104
4390,6213,1.4635277,0.5610257,0.0033059642,0.0071613938
4390,4389,2.097992,0.55875194,0.0033341423,0.0071970075
4390,4388,1.4578819,0.5584131,0.0019460171,0.004689306
4391,150,1.980999,0.5686883,0.0026291758,0.0059183985
4391,4392,27.488312,0.57058966,0.060060166,0.1152403
4391,151,62.378162,0.5619208,0.11900412,0.23360403
4392,649,1.8253593,0.57153165,0.0024282783,0.005554855
4392,654,62.92459,0.56462634,0.11968974,0.23554796
4392,4393,5.499157,0.5710085,0.012109362,0.02439551
4393,4394,1.4249191,0.57313156,0.003163062,0.0069110096
4393,3757,56.454468,0.563042,0.12190163,0.23835263
4394,4395,6.4745903,0.57257783,0.014226072,0.028685257
4394,1398,0.87107086,0.5635314,0.0018760115,0.004360929
4395,838,1.7944565,0.5712602,0.002752103,0.0060432255
4395,839,48.014656,0.57170427,0.09157523,0.17932543
4395,6118,44.694374,0.57671005,0.09249645,0.17914848
4396,4397,9.601799,0.5844704,0.020066313,0.039746985
4396,6120,6.840458,0.5820354,0.014590755,0.029258817
4397,4398,8.536091,0.58571076,0.01740373,0.034684435
4397,4396,9.515682,0.5847116,0.019631512,0.039090768
4397,160,28.303589,0.58307743,0.05650629,0.10758868
4397,159,48.549225,0.57722837,0.09137839,0.17994486
4398,4397,8.8787155,0.5867346,0.018408231,0.0364898
4398,4408,7.2916565,0.58883095,0.015462235,0.030915588
4399,463,1.3972626,0.5864473,0.0025921017,0.0052165687
4400,477,2.0891,0.6014291,0.0028367266,0.0062950253
4400,476,25.387505,0.59750324,0.051788263,0.099086106
4400,4637,25.896463,0.60090065,0.05622738,0.10757197
4401,4406,2.0185356,0.5883563,0.0030904561,0.0065775663
4401,476,34.808067,0.59434915,0.06770286,0.13120428
4401,465,16.891396,0.5885048,0.036208645,0.070299715
4402,4412,2.1392403,0.5850644,0.0029719472,0.006538123
4402,164,29.409882,0.5842428,0.06304689,0.12184009
4402,160,18.973532,0.5852748,0.0388343,0.07510577
4403,4961,30.733347,0.57507396,0.060847312,0.116830766
4403,150,27.768543,0.5714407,0.05570799,0.10615637
4403,149,31.549118,0.5765174,0.062315114,0.119818754
4403,4404,49.0359,0.5723542,0.094629616,0.18533099
4404,4403,49.843075,0.57257104,0.09520175,0.18659456
4404,6744,16.017094,0.5719958,0.03723446,0.072529435
4405,465,1.7105064,0.59270555,0.0022629797,0.0053128004
4405,4406,17.59689,0.5908703,0.03765512,0.073039666
4406,4401,2.2561836,0.5900476,0.0035830215,0.007625431
4406,160,17.878134,0.5889921,0.036708105,0.07112013
4406,4407,25.938314,0.5867915,0.05647687,0.10757875
4407,4408,1.1888008,0.5706167,0.0024946406,0.005638197
4407,4398,7.228031,0.58575016,0.015283495,0.030583367
4408,4399,1.6293182,0.5910066,0.0033606738,0.007221237
4408,4409,44.40629,0.583135,0.0948775,0.18393824
4409,158,1.4829788,0.5797632,0.0023667961,0.005668506
4409,6401,36.670128,0.5765385,0.07664801,0.14795902
4409,159,16.961908,0.5768067,0.036140967,0.070287906
4410,165,0.73727417,0.5917992,0.002795294,0.00633654
4410,4411,42.454777,0.59414613,0.089843206,0.1742304
4411,164,2.021614,0.58700144,0.0029420555,0.0064585656
4411,4412,29.48668,0.5852401,0.06329507,0.122261494
4411,837,47.278503,0.58709323,0.089453906,0.17456625
4412,4402,2.0186234,0.5838108,0.0027914122,0.006174639
4412,6119,25.688698,0.5797667,0.056114957,0.10718295
4412,475,47.676632,0.58108073,0.09019634,0.1765732
4413,4410,1.2178955,0.5924869,0.0025112852,0.0056230277
4413,1404,24.332928,0.59397644,0.058932647,0.11429747
4414,6724,171.27165,0.56978744,0.19855027,0.38965195
4415,4414,11.880072,0.56499827,0.014305763,0.028650314
4415,6212,3.3557854,0.56482035,0.0071049556,0.014502481
4416,6734,1.4765244,0.5488873,0.004126489,0.008067474
4416,108,27.218658,0.5385682,0.06653967,0.12899315
4417,4416,2.1458626,0.5575486,0.006393932,0.013230592
4417,6734,0.95108414,0.3132406,0.0041088164,0.0055851936
4418,4417,1.8556747,0.55239534,0.00564301,0.010861352
4418,115,16.79244,0.30020472,0.043972153,0.08145151
4419,2664,1.8497696,0.5400681,0.0021304786,0.004522741
4419,4418,36.64762,0.5388696,0.090387516,0.17476614
4420,2360,23.233942,0.53996706,0.0511892,0.09780839
4420,109,1.2852974,0.5407834,0.0041636676,0.008941978
4420,4419,12.472107,0.54099333,0.029225819,0.056979805
4421,6653,1.4542847,0.632023,0.0036801994,0.0078012347
4422,155,61.118347,0.6275169,0.11533504,0.22748348
4422,5086,1.7891998,0.6277132,0.0024763942,0.0060599893
4423,4424,22.465385,0.6131609,0.046592742,0.090304464
4423,1301,36.362267,0.615093,0.07162952,0.13896391
4424,4423,22.69968,0.6133301,0.0470063,0.09121095
4424,1300,32.240303,0.6111442,0.065333255,0.12524264
4425,1326,3.079403,0.55085635,0.005902894,0.012082756
4425,4426,5.4903183,0.551702,0.010616355,0.021486133
4426,1326,4.8932304,0.55128574,0.0088566765,0.017518356
4426,245,56.41617,0.5562215,0.108762644,0.21365911
4427,2732,1.3522644,0.54453546,0.002362512,0.0053230226
4427,3755,77.86161,0.54269123,0.17061666,0.33277684
4428,4427,1.3402328,0.5470997,0.0028253794,0.0063869655
4428,4432,6.8125496,0.54971415,0.014045566,0.028122753
4429,4434,0.8803406,0.54082084,0.0035146102,0.007546425
4430,4429,1.9587746,0.5492261,0.0029789284,0.006380737
4430,170,28.627983,0.5502036,0.07116121,0.13748136
4431,3151,1.8455124,0.5467816,0.002643533,0.0057772696
4431,4430,30.555164,0.54999024,0.060296882,0.11502426
4431,152,33.767765,0.5499509,0.06593929,0.128721
4432,4431,26.37167,0.54637086,0.054244693,0.10282077
4432,648,33.513947,0.55213886,0.06640062,0.12863158
4433,4428,1.3931808,0.5471013,0.0025448948,0.0059472173
4433,169,30.151108,0.5576817,0.06876863,0.13121909
4434,148,1.3168755,0.54503155,0.0016229078,0.0035382807
4434,4435,14.68997,0.545618,0.03428365,0.06631321
4435,2277,33.741486,0.54240865,0.08297695,0.15989909
4435,148,13.885811,0.5412744,0.031979717,0.062251896
4436,4437,1.8823204,0.62208426,0.0027249157,0.005899057
4436,4439,95.056175,0.62440073,0.19636452,0.3855734
4437,4436,1.8789177,0.62321573,0.0026992261,0.0063021034
4437,5420,198.9316,0.6148712,0.3693853,0.724497
4437,4438,22.625797,0.62698126,0.048901815,0.09437477
4438,2844,1.9536667,0.62007314,0.0029429793,0.0064884126
4438,3315,28.64847,0.62714636,0.061840437,0.11934467
4439,4437,95.62955,0.6294292,0.19685328,0.38750723
4439,5417,12.150713,0.6281274,0.025123887,0.049644172
4440,3733,1.1668091,0.5017662,0.0016528443,0.0037303418
4440,3736,155.51854,0.51456994,0.33962366,0.6567357
4441,3378,1.6949348,0.5156923,0.0022232458,0.0047638267
4441,532,154.94214,0.5144769,0.30393386,0.590539
4441,4442,23.73922,0.5120986,0.051197983,0.09714409
4442,2042,1.9879341,0.5130348,0.003035158,0.0062363
4442,4440,59.58463,0.5045624,0.11613044,0.22669047
4443,4444,1.7794075,0.55140233,0.002916813,0.0066839308
4443,1072,35.8831,0.55207616,0.06831376,0.1321255
4444,4443,1.7570763,0.5504705,0.0026622117,0.0061716586
4444,113,111.38722,0.5430071,0.21475416,0.42013234
4444,6698,44.029057,0.55078083,0.084082395,0.1619795
4445,6599,2.357586,0.55609715,0.004081093,0.00886564
4445,6600,2.252716,0.5545337,0.0041671917,0.008800507
4446,147,1.5549126,0.5498787,0.0029633269,0.006661296
4446,3745,54.44003,0.5464478,0.1149108,0.22520906
4446,112,14.135372,0.55601406,0.030412126,0.05892089
4447,138,4.9193687,0.5452206,0.010460101,0.021190152
4447,3743,1.4199104,0.5507039,0.0026940554,0.006008491
4448,352,0.0,0.14236933,0.0012289435,0.0031867921
4448,6068,18.402554,0.6295597,0.039244585,0.07641276
4449,145,1.9449272,0.62147063,0.0034932196,0.0079215765
4450,338,13.419989,0.62137765,0.026971988,0.052892074
4450,3300,113.649376,0.62029016,0.20844123,0.40907708
4451,4454,2.132431,0.6177194,0.0032776743,0.0068990737
4451,5911,26.197395,0.6218716,0.056834348,0.10945451
4451,352,120.0642,0.62394,0.2200492,0.43310255
4452,348,2.0420494,0.61566865,0.0020205304,0.0048440993
4452,4453,43.54861,0.6214033,0.090151355,0.17496103
4453,3560,2.226963,0.6158217,0.0023633167,0.0054804385
4453,4451,22.888762,0.62379575,0.0492477,0.09451891
4454,4451,2.0567665,0.61990523,0.0033195242,0.006719321
4454,3560,23.383064,0.62446684,0.050407924,0.098318376
4455,3937,1.3293839,0.6062127,0.0018347055,0.0047776997
4455,5421,62.498238,0.6155223,0.11915073,0.23422231
4456,4455,1.6170082,0.60717946,0.0025626495,0.006208554
4456,3256,29.587225,0.6192057,0.05983968,0.11466726
4457,3844,1.4759636,0.6072716,0.0029365197,0.006865829
4457,4456,24.157503,0.60810405,0.0491946,0.09428515
4458,4457,1.8825111,0.6073253,0.0026243925,0.006150216
4458,144,27.39319,0.61493087,0.05875242,0.11335253
4459,452,34.227966,0.5811298,0.06652274,0.12857673
4459,142,1.6607895,0.5872948,0.002609089,0.0060047805
4459,1692,14.346312,0.5867928,0.03013438,0.0590128
4460,3840,1.9309044,0.6414194,0.0036062226,0.007721871
4460,45,24.350325,0.64497876,0.057896867,0.11217388
4461,4505,0.27587128,0.5993378,0.0045504794,0.009962589
4462,6209,0.1918869,0.38086912,0.0028160214,0.005782366
4463,2372,1.723011,0.6054454,0.002229832,0.005093664
4463,2069,76.15825,0.6103252,0.14239764,0.28094378
4463,346,24.79864,0.6117538,0.05356873,0.10363266
4464,2203,7.0549965,0.522732,0.017051883,0.034311384
4464,6297,23.624544,0.51820284,0.050362144,0.0959487
4465,4940,20.890053,0.647068,0.04281686,0.08218685
4465,6254,1.9351006,0.632367,0.007837273,0.015897661
4466,4208,2.0994186,0.6399285,0.0031637773,0.0067575574
4466,6045,26.433678,0.6458143,0.053421568,0.10281442
4466,6571,73.244156,0.64417994,0.14907703,0.2954
4467,2916,3.1884575,0.6093403,0.0052433386,0.010985583
4467,831,160.6208,0.5968454,0.29843932,0.58704996
4467,3857,35.233803,0.61380285,0.0700748,0.13468243
4468,1699,1.233902,0.5846344,0.0033909604,0.0072499365
4469,4469,12.684851,0.6075914,0.026055284,0.051175937
4469,4469,12.684851,0.6075914,0.026055284,0.051175937
4469,1944,284.45593,0.5959197,0.5694805,1.1187527
4470,5056,1.6683769,0.51810163,0.0018722191,0.0044644326
4470,2115,24.264784,0.51378804,0.05913661,0.11400314
4471,2061,13.806795,0.66648775,0.020745106,0.04101631
4471,296,41.829178,0.66287625,0.07079831,0.13440388
4472,4473,1.5180626,0.5603172,0.0051251873,0.010225385
4472,5434,26.173582,0.027732462,0.12077388,0.25677136
4473,4472,1.5010567,0.55805916,0.0049597323,0.009106323
4473,3543,41.55394,0.041101456,0.21248996,0.44880956
4474,4715,81.3869,0.6071985,0.18925494,0.37166744
4474,5149,43.118656,0.5825906,0.104873985,0.20292251
4475,2533,54.943798,0.50355357,0.107679635,0.20973693
4476,1960,2.3007011,0.5578612,0.0041209683,0.009003609
4476,2653,158.7694,0.53794974,0.31026673,0.60350454
4477,1941,2.0785599,0.5642542,0.0041041896,0.0088439435
4477,3338,101.87813,0.555454,0.21554017,0.41999903
4477,1937,47.29973,0.5621922,0.101100326,0.1955568
4478,1937,1.2704353,0.56726617,0.0020065755,0.0046120286
4478,3337,94.44566,0.5635196,0.1783602,0.34891975
4478,1941,46.178562,0.5669211,0.098962374,0.19102482
4479,1959,54.101383,0.56397086,0.11334869,0.22155502
4479,4480,11.413748,0.56828,0.024691954,0.048525035
4480,7000,28.008429,0.56939626,0.060700465,0.11594627
4480,4479,11.127075,0.56818676,0.024229467,0.04779333
4481,4483,1.3927727,0.5512504,0.0018246993,0.004390374
4481,6994,62.13879,0.55178654,0.13365698,0.26072425
4482,4484,1.7567673,0.5552023,0.0032672435,0.007350892
4483,4481,1.2167053,0.5489177,0.0013006032,0.0034463406
4483,2658,114.28232,0.54487324,0.21783319,0.42548603
4483,1467,98.47456,0.5392622,0.21324465,0.41272682
4484,6994,0.91487885,0.55367804,0.0015602186,0.0038702488
4484,4483,62.717392,0.551993,0.13235012,0.25907242
4485,3044,39.975407,0.58247095,0.076816484,0.15201949
4486,3053,30.264452,0.60788274,0.08847196,0.17406283
4487,4490,2.4086685,0.45332807,0.0057272986,0.011883289
4487,4373,1.5508995,0.5721174,0.0025982559,0.00540258
4487,3044,118.93963,0.5795326,0.22210753,0.43674874
4488,2841,59.223713,0.57795084,0.13749988,0.26739177
4488,4489,7.764221,0.5822328,0.016733654,0.033460423
4489,2851,0.7164917,0.5469879,0.001964204,0.004732609
4489,4487,0.82881546,0.5278655,0.0020165145,0.005032018
4490,1942,2.5078506,0.5798635,0.0045934916,0.009625062
4490,4491,37.36142,0.20167434,0.11407647,0.2345655
4491,1943,2.4804878,0.5898967,0.0044872686,0.008247927
4491,6069,28.569778,0.05493039,0.09962371,0.20938563
4491,3044,35.735405,0.5837213,0.06909542,0.1344792
4492,4507,9.157326,0.59602374,0.024339348,0.048147663
4493,4509,12.679058,0.5994973,0.02665291,0.052623138
4493,4492,13.468647,0.60440487,0.0343571,0.06710027
4494,4493,35.524975,0.6037555,0.110008344,0.21498768
4495,4494,14.413042,0.6009882,0.03827909,0.07483741
4495,4494,21.550959,0.5997007,0.04365744,0.08420094
4496,3053,2.2941856,0.60423744,0.0030707195,0.006985739
4496,4067,200.4072,0.59373724,0.37615928,0.7393906
4496,4495,30.008698,0.6089773,0.086329915,0.16831473
4497,2875,2.197712,0.59982663,0.00315319,0.0070176423
4497,2874,89.21007,0.59903973,0.16747425,0.3301326
4497,4496,37.737564,0.6064302,0.114567496,0.2234532
4498,4497,56.807316,0.6032159,0.17798367,0.35089034
4499,4498,20.251726,0.6025309,0.053063694,0.104207195
4499,4498,29.380688,0.6008657,0.057195634,0.11065464
4499,4028,0.7662277,0.5943131,0.0048065707,0.009543747
4500,5874,1.9581451,0.6041241,0.0034613535,0.0076123476
4500,4499,30.37209,0.60350984,0.08846012,0.17258686
4501,1944,214.83765,0.59559757,0.4299275,0.84303766
4501,5711,11.884319,0.6051459,0.03011522,0.05899018
4502,872,2.6035042,0.60255,0.003704086,0.008083731
4502,2091,106.914665,0.6042451,0.19941586,0.39200634
4502,5714,28.369156,0.60948205,0.080287084,0.15671584
4503,4502,11.50465,0.6024043,0.030185316,0.059110165
4504,4503,28.4011,0.60245645,0.057460032,0.111016855
4504,4503,20.305723,0.6057823,0.05505564,0.10726667
4505,3977,2.6573868,0.6073602,0.003944196,0.0085629225
4505,2091,115.55659,0.60833824,0.21543474,0.42393643
4505,4814,79.44259,0.6041731,0.24948213,0.4922499
4506,4461,30.638098,0.60855144,0.06000107,0.11435238
4506,4461,21.2025,0.61398125,0.056776647,0.11085359
4507,876,1.8364105,0.59787935,0.004040092,0.008632898
4507,6905,8.432194,0.6027919,0.02219095,0.043069586
4508,3093,15.086512,0.6029266,0.031503987,0.06153211
4509,4508,13.799173,0.59444803,0.02888374,0.056492105
4509,4508,12.833155,0.59387857,0.028248534,0.055395626
4510,4492,2.5696297,0.59663355,0.0044159517,0.009368852
4511,2438,0.7682419,0.5892676,0.003342621,0.007830426
4511,4382,1.5707169,0.58764374,0.0031703934,0.0074272305
4512,4514,2.5316734,0.59793794,0.0040132776,0.008644968
4512,829,209.4566,0.59081537,0.39508507,0.7738936
4513,2434,49.957348,0.59748614,0.1239106,0.24186063
4513,4511,5.110367,0.5958355,0.010784075,0.022038713
4514,1194,2.497593,0.59556735,0.0041058734,0.008640125
4514,4513,2.3194733,0.5939598,0.0044191554,0.009684056
4514,3892,72.28143,0.59587455,0.13617319,0.268489
4515,5444,2.4082108,0.59456694,0.0058242083,0.011963204
4516,4519,2.2671967,0.60561204,0.003172271,0.007009059
4516,799,53.568024,0.6017326,0.10273245,0.2010912
4517,4518,1.5279045,0.6008592,0.0030147508,0.006871447
4517,815,60.794945,0.5992154,0.12991486,0.25513613
4518,813,2.3376198,0.6023397,0.0043298304,0.0092393905
4518,4532,21.30501,0.60821193,0.04637975,0.0901147
4519,4517,1.3531036,0.599818,0.0031312779,0.006753221
4519,6832,3.147869,0.60231405,0.006131135,0.012788579
4520,4521,41.889076,0.3939141,0.1090647,0.20987535
4521,1477,1.8801003,0.40760586,0.0032545924,0.0065344423
4521,4526,67.2037,0.4083891,0.1381717,0.26741502
4522,698,1.5767517,0.46972275,0.0026074648,0.005756989
4522,1896,27.638378,0.47113767,0.050624847,0.0969842
4523,3286,79.93785,0.47565636,0.17076033,0.3287226
4523,4524,4.891941,0.471115,0.007819273,0.015122205
4524,4522,2.3200378,0.47120428,0.0022379532,0.0045413226
4525,5591,48.18096,0.36627114,0.09963574,0.18826091
4525,4520,63.58474,0.37406087,0.16972403,0.32804462
4526,4521,66.7874,0.40342504,0.13717748,0.26377863
4526,1478,79.23768,0.41643724,0.16276294,0.31314933
4527,2401,1.6793137,0.60024536,0.0022824928,0.00547722
4527,4531,3.0072212,0.59914327,0.0060645193,0.012885243
4528,3533,155.89946,0.58642936,0.32006362,0.6268276
4528,4530,18.771826,0.5962773,0.040147677,0.07798706
4529,3070,1.7437515,0.5989951,0.0023985654,0.005634412
4529,4527,11.463173,0.6003654,0.024402723,0.048119545
4530,6683,1.7682686,0.5953678,0.0023356378,0.005461693
4530,4529,121.855064,0.593939,0.25316584,0.49430692
4531,6787,1.5762177,0.5964824,0.0021135733,0.0049529225
4531,875,55.5614,0.60204506,0.10587786,0.20738661
4531,5873,40.53199,0.60385543,0.08444086,0.16253112
4532,6866,1.5135117,0.6012416,0.0024356246,0.0055857897
4533,4537,3.0922356,0.5747159,0.006503843,0.013498664
4533,2872,14.072851,0.57596105,0.029701017,0.05805531
4534,1148,160.80551,0.5708099,0.3028849,0.5934861
4534,6224,170.46419,0.5657238,0.35977453,0.70120347
4535,2754,2.1574821,0.5831473,0.0034131035,0.007460505
4535,1144,217.72751,0.572469,0.41607785,0.8126533
4535,4534,8.624039,0.5815252,0.01838708,0.03645675
4536,4535,28.925983,0.5883941,0.06355746,0.12236954
4536,2389,46.655922,0.5910829,0.09515565,0.18603228
4537,6224,1.4443016,0.5753434,0.0015287772,0.0039521456
4537,1460,216.66597,0.5626464,0.4160209,0.81244713
4537,2754,178.96642,0.5685688,0.3704695,0.7226051
4538,2044,1.9922295,0.26312336,0.0053593293,0.009856582
4539,4585,49.833706,0.55628806,0.094594136,0.183923
4539,3043,79.760284,0.5559422,0.15307592,0.3004641
4540,3731,1.7166443,0.4698466,0.0039027408,0.008356199
4540,2505,2.7287712,0.46879,0.002219811,0.0053296536
4541,4542,0.9631386,0.5661886,0.0015823916,0.0036189556
4541,6251,45.38617,0.5664939,0.14712323,0.2894306
4542,6253,0.30100632,0.48444283,0.0033300817,0.00568521
4542,4543,39.90741,0.5697383,0.084976494,0.16366594
4543,105,1.5949669,0.56781906,0.0019908994,0.004755959
4543,2720,80.60759,0.5617747,0.15327244,0.30118632
4543,4545,51.42874,0.5652154,0.107034445,0.20848761
4544,131,188.91151,0.55315864,0.36630845,0.7161207
4544,4553,3.4901695,0.5729835,0.0059510246,0.012316972
4545,131,124.546005,0.55509424,0.25926277,0.50600314
4545,105,50.723434,0.5662109,0.107148305,0.20841005
4546,3250,19.469217,0.5774474,0.040465478,0.0784055
4546,4559,28.388308,0.577232,0.057362184,0.10973387
4547,17,1.848175,0.47431964,0.003254965,0.0070177168
4548,3982,0.73820496,0.11894563,0.0026398897,0.0058242083
4548,4551,73.24025,0.38124877,0.15764983,0.306257
4549,2423,6.412426,0.16832647,0.01546064,0.029796466
4549,4548,2.6371574,0.35233104,0.005438052,0.010872126
4550,2023,2.7056084,0.40209204,0.0054264665,0.010551453
4550,3730,122.37959,0.43257508,0.2553599,0.49215907
4551,4550,2.7423286,0.40139815,0.0052344725,0.010239899
4551,2023,2.0203323,0.40422183,0.003482379,0.006967455
4551,2049,68.258766,0.3968396,0.1439457,0.27832252
4552,4555,20.11076,0.5724899,0.041605625,0.08048115
4552,6472,2.5345573,0.5697866,0.004428372,0.009540319
4553,6472,1.6810188,0.56810737,0.0023141727,0.0053240657
4554,4555,3.477501,0.5697804,0.005024828,0.0105228275
4554,4553,20.455835,0.5712006,0.042229876,0.081438944
4555,4554,3.641861,0.5689572,0.005325094,0.011077955
4555,132,16.908598,0.5688551,0.035231933,0.068411164
4556,4557,49.18662,0.57666403,0.09440383,0.18529567
4556,2618,27.207918,0.57537204,0.054941557,0.10430075
4556,134,47.1113,0.57673895,0.09037499,0.17727043
4557,4560,53.37559,0.57788086,0.102232,0.2003209
4557,5550,24.398733,0.57757145,0.049898837,0.09542813
4557,4556,49.258465,0.5765969,0.09410295,0.1847334
4558,135,2.6465378,0.58335054,0.0042019933,0.00895074
4558,5550,52.65487,0.5819452,0.10096083,0.19777898
4558,4560,47.54525,0.58186215,0.091486834,0.17978297
4559,1149,1.4108124,0.5783325,0.0017769411,0.0043480843
4559,3453,66.40524,0.5773001,0.12571785,0.24539386
4560,4557,53.357185,0.5785713,0.10241643,0.20082226
4560,4558,48.238964,0.5811984,0.09223632,0.1808344
4560,134,50.00278,0.57877475,0.09573027,0.18806235
4561,2202,12.351526,0.57083243,0.025423981,0.049794257
4561,4562,5.1568375,0.574453,0.009746596,0.019479021
4562,3708,14.412849,0.5762392,0.03415447,0.066649616
4563,4565,1.8433304,0.66920495,0.0035015345,0.0075951666
4563,499,9.881481,0.6716974,0.019930542,0.0390016
4564,4162,1.7032928,0.67047405,0.0035163611,0.0075207204
4564,6808,34.301453,0.67629915,0.07109475,0.13848136
4565,4564,1.5124435,0.66791224,0.002919227,0.0064061284
4565,4566,6.285637,0.66964364,0.011715457,0.02338323
4566,4564,6.008255,0.67278147,0.011204608,0.022495255
4566,320,39.81514,0.6748064,0.076163284,0.14953206
4567,321,117.58629,0.6695094,0.23253655,0.45928228
4567,4569,6.267071,0.67016697,0.012692384,0.025521368
4568,313,10.245033,0.671713,0.020616546,0.04040405
4568,500,13.524624,0.67256665,0.0281744,0.054621294
4569,313,2.4206886,0.6693062,0.0026527345,0.006112963
4569,317,53.18184,0.6721653,0.09742161,0.19301678
4569,4568,10.04084,0.67602754,0.020421922,0.040158927
4570,3126,59.183365,0.6747264,0.11342167,0.22226822
4570,4571,5.1567345,0.6696532,0.009888053,0.019910961
4571,300,2.3186607,0.67450035,0.0035992041,0.0073792487
4571,4572,6.480423,0.66749257,0.013202637,0.02611047
4572,300,6.552826,0.6685484,0.0130041465,0.025682867
4572,4573,49.40728,0.6717534,0.09779529,0.1900529
4573,4572,48.243935,0.67037994,0.09596982,0.18626632
4573,301,7.6577835,0.67316747,0.015535019,0.03064984
4574,301,2.2617416,0.6671218,0.0046083927,0.009318903
4574,4573,7.943718,0.6693005,0.015936896,0.03157775
4574,3133,45.448494,0.666526,0.0910414,0.17703503
4575,3643,62.377052,0.6339199,0.1158998,0.22990271
4575,4184,15.682539,0.62736505,0.03172468,0.06182658
4575,5414,129.33269,0.6300662,0.23707733,0.46766746
4576,2729,6.992489,0.6301805,0.0131872,0.02634634
4576,682,34.92657,0.6315904,0.074889556,0.1464029
4577,2819,1.7903824,0.575006,0.0020992681,0.004940659
4577,4579,11.069431,0.57686824,0.02402059,0.04748462
4578,4579,1.8904266,0.5753111,0.0018878952,0.004641518
4578,4577,11.132917,0.5775573,0.024176821,0.047616646
4579,4578,1.9507561,0.5749106,0.002021201,0.004623413
4579,4581,65.65276,0.5732482,0.13888966,0.27141678
4580,4581,1.9173203,0.5771379,0.0019890293,0.0047303587
4580,4578,65.33843,0.5707145,0.13832338,0.27042618
4581,4580,2.012558,0.575197,0.0022268295,0.005200535
4581,3940,100.574715,0.57574695,0.21419212,0.41761732
4582,1776,29.870033,0.6120949,0.0592206,0.114325695
4582,6510,79.20439,0.60972023,0.19592145,0.38485605
4583,2647,1.34161,0.56236786,0.0018661469,0.0047910213
4583,1470,195.21458,0.5603226,0.37483603,0.73161083
4583,6995,106.44169,0.5561496,0.22379637,0.43477345
4584,3323,2.2703552,0.49715066,0.0044861212,0.010310695
4584,3682,0.74186325,0.028546274,0.001294665,0.0025958568
4585,2662,1.2312889,0.5505657,0.0020808354,0.0048601925
4585,4539,51.200302,0.55585444,0.09622744,0.1868007
4586,4105,0.23571777,0.5229577,0.0041668937,0.00826259
4586,82,26.763138,0.5525183,0.05432501,0.103778616
4587,2291,3.2701263,0.643125,0.006729789,0.014561966
4587,2774,1.790493,0.63406706,0.00339856,0.008056864
4588,6182,2.8577156,0.55898124,0.0061019063,0.012760654
4590,5353,111.7754,0.4381269,0.22815564,0.438569
4591,2850,43.412117,0.6250723,0.08201973,0.157352
4591,2840,35.777885,0.6265446,0.07110454,0.13894604
4592,3983,5.3782997,0.4910161,0.011843972,0.024062946
4592,5665,2.5823936,0.48213503,0.0019647852,0.0045477897
4593,329,3.0527,0.64904153,0.0018942133,0.005228266
4593,310,101.703384,0.6493572,0.20314443,0.399776
4594,4251,33.921074,0.638109,0.06528015,0.12626687
4594,4619,30.463196,0.6415158,0.061778296,0.117915824
4595,3081,1.9214745,0.653916,0.0031158254,0.0066559613
4595,3763,31.70781,0.6598153,0.0670457,0.1300728
4596,74,2.3858337,0.64842194,0.0040885434,0.009073392
4596,73,77.481026,0.6499888,0.20112732,0.39959276
4596,3307,44.140038,0.64661276,0.082404464,0.1589808
4597,4599,2.2775002,0.64046645,0.0033951849,0.0072683394
4597,34,132.75713,0.6427671,0.241878,0.4773215
4597,5358,52.209846,0.6446913,0.10754335,0.2096518
4598,1978,1.7393837,0.6541883,0.0023262948,0.005621314
4598,4615,12.340445,0.6570002,0.02551093,0.050337985
4599,4597,2.034481,0.6453068,0.0029942617,0.0066088885
4599,40,5.7024536,0.6460782,0.011396572,0.023116544
4600,39,1.4154587,0.63818425,0.0025250986,0.005897537
4600,4601,2.8186226,0.6492915,0.0047526583,0.0102188885
4601,39,2.534649,0.64881533,0.0040494353,0.009103268
4601,2101,123.08123,0.64343053,0.22468764,0.44271034
4602,5990,2.5571747,0.6481122,0.0050422847,0.01062341
4602,2820,2.7149925,0.6558294,0.0044078305,0.009130806
4603,4604,1.5915718,0.6292662,0.0031646118,0.0067674816
4603,355,37.63704,0.6361933,0.09038107,0.17517887
4604,1980,1.136589,0.630016,0.0035883188,0.007400498
4604,4606,54.534706,0.64066577,0.11230633,0.22045416
4605,2095,2.1459694,0.6348438,0.0034075081,0.0071843415
4605,3082,38.678658,0.6450684,0.074492015,0.14564508
4605,6999,11.59992,0.64150417,0.024115786,0.04751064
4606,4607,2.8383331,0.64016956,0.0021447763,0.0051891804
4606,4605,36.96614,0.6423542,0.07837857,0.15355274
4607,4606,2.7117996,0.63837206,0.0019199625,0.004619375
4607,1980,54.303757,0.643744,0.112757035,0.22087927
4608,6305,2.4365044,0.65387535,0.0028758869,0.006135404
4608,1618,2.153057,0.655494,0.0034631342,0.0072856396
4608,6153,24.861582,0.6584991,0.051319495,0.09893154
4609,4608,19.93175,0.6630988,0.04043188,0.07824339
4609,2151,47.296864,0.66099685,0.08936986,0.17603801
4610,2048,3.4890327,0.51509595,0.0071571097,0.01461865
4611,4612,2.2700043,0.6384192,0.002770856,0.006332308
4611,2169,63.27032,0.6289385,0.1613985,0.31964868
4612,260,1.6019783,0.62830424,0.004614666,0.010162413
4612,4613,112.704315,0.6374671,0.21211916,0.41947746
4613,260,112.8818,0.6312931,0.21363151,0.4216353
4613,394,5.169121,0.6367662,0.009758897,0.020235077
4614,3255,2.6048584,0.6585354,0.0015577972,0.004521489
4614,3255,2.8173065,0.65297544,0.005115643,0.01130107
4615,2824,1.9729843,0.6526103,0.0026511773,0.006272435
4615,4614,8.182682,0.64806724,0.016729757,0.03331594
4616,2820,3.1752586,0.65462667,0.006099023,0.012970194
4616,5990,1.5397911,0.651893,0.0021904036,0.0053400695
4617,2924,79.06386,0.66084766,0.19303666,0.3829984
4617,2923,64.17018,0.65885115,0.15613142,0.31034666
4617,2963,94.25258,0.663926,0.17145765,0.3405779
4618,753,10.890715,0.5928867,0.023032695,0.04540111
4619,4594,30.746067,0.638961,0.06183218,0.11764522
4619,1956,10.756477,0.63566834,0.021197736,0.04196182
4620,1956,1.5959892,0.6323135,0.0022837892,0.005334109
4620,2071,200.75574,0.62469,0.37258267,0.7330351
4620,4619,9.846466,0.6382793,0.01927986,0.038270637
4621,4620,5.1641846,0.640074,0.009700939,0.019809827
4621,2099,86.19342,0.6373055,0.15694463,0.31241274
4622,3959,3.4588394,0.6513699,0.005950965,0.012112513
4622,7073,59.669064,0.6538224,0.11602786,0.23114431
4622,4623,9.1437645,0.64853966,0.010691829,0.022668049
4623,3958,8.30629,0.6533172,0.017175913,0.034240946
4624,3557,2.0240135,0.6451851,0.00298547,0.0064780563
4624,309,43.21061,0.65221566,0.08171516,0.16133246
4624,3556,39.815773,0.64800674,0.07688433,0.15118721
4624,5441,32.181618,0.6501131,0.06280459,0.12114455
4625,6165,0.0,0.04423645,0.0043293536,0.0076423436
4626,4635,2.2320938,0.67078894,0.0015717596,0.0036731362
4626,1616,2.2872849,0.6695168,0.0037823468,0.008157834
4626,4132,113.593735,0.6752068,0.21996453,0.43566567
4627,4628,29.28661,0.6544972,0.051428482,0.09980305
4627,6159,25.272783,0.65727913,0.053364813,0.102759615
4627,399,25.626575,0.6561894,0.05452487,0.105368815
4628,399,3.416069,0.6522769,0.0039505735,0.008702472
4628,5324,342.62805,0.6575957,0.46311593,0.9097567
4628,4627,29.376986,0.65639263,0.051171355,0.09926827
4629,6526,58.76052,0.62693644,0.11933487,0.23551594
4629,3349,41.15932,0.6378013,0.08347424,0.16429588
4629,4228,59.102863,0.6282018,0.10957447,0.21509278
4630,670,43.985546,0.62343824,0.13904694,0.2735423
4630,672,34.073933,0.616838,0.06756932,0.1302856
4631,4752,1.9204369,0.5948335,0.0021058545,0.005365625
4631,2193,75.50108,0.58586216,0.19412395,0.38013083
4632,21,1.0998764,0.006796658,0.0031215101,0.0058767647
4633,4209,6.93618,0.6627319,0.007771544,0.017096967
4633,4634,2.1045265,0.67107695,0.004869826,0.010537565
4634,4209,4.219837,0.6619312,0.007969551,0.015514165
4634,1617,1.7537575,0.6673285,0.0026142,0.0054969788
4635,4625,2.9994926,0.66911083,0.0030173585,0.0069420785
4635,2232,20.566635,0.058536053,0.09131572,0.18924801
4636,470,2.3246956,0.5919203,0.0035062209,0.007610306
4636,476,27.510117,0.594075,0.055768386,0.1066063
4637,469,1.3564835,0.5869019,0.0024690628,0.005720824
4637,4636,25.40946,0.5940944,0.053040933,0.10126283
4638,4637,1.3795776,0.5974944,0.0018485561,0.0043668747
4638,477,25.923729,0.6023191,0.05646157,0.10873368
4639,156,1.5590324,0.60978,0.0024862215,0.0060608387
4639,4638,62.182648,0.61080396,0.11798139,0.23164728
4640,468,26.453558,0.61820936,0.05466954,0.105397195
4640,5424,2.1803246,0.61041355,0.0031452328,0.0067748874
4641,2761,33.931667,0.54936516,0.058672607,0.11198381
4642,4641,3.9879112,0.54856527,0.0060877204,0.012899131
4642,102,43.808548,0.5480136,0.084583774,0.16496208
4642,2836,2.6627464,0.54246014,0.0044028684,0.009200454
4643,4778,2.981182,0.5957184,0.0038297474,0.008506164
4644,4462,2.6159134,0.5995779,0.009668052,0.019254386
4645,5693,2.0598145,0.59086853,0.0040849894,0.008996412
4645,6171,8.503883,0.5848472,0.008920699,0.018702462
4646,3482,4.8131332,0.5920502,0.009784371,0.019870922
4646,4269,26.222807,0.591966,0.056051314,0.107556775
4647,4646,5.0894203,0.5892584,0.010224812,0.02089949
4648,4649,2.168602,0.60300165,0.003359355,0.0077001005
4648,4007,56.735138,0.61610126,0.107524514,0.21141481
4649,4005,1.7097168,0.6068381,0.0024342835,0.006020114
4650,4286,3.0077019,0.5835531,0.0048620477,0.009987205
4650,4829,34.51344,0.584021,0.06776952,0.13181248
4651,4652,2.454815,0.58665425,0.004192658,0.008995995
4651,3574,27.478447,0.58526003,0.055909034,0.106929556
4652,4651,1.9562988,0.5842995,0.0026651993,0.0057338476
4652,4829,130.26917,0.5787647,0.24451005,0.48096883
4653,2751,2.4038315,0.616057,0.0040447786,0.008618593
4653,4909,14.451269,0.6194314,0.028855838,0.0566298
4653,6384,27.019756,0.61804503,0.056860946,0.10958992
4654,4986,2.0650635,0.62067544,0.0040950775,0.0092712045
4654,5630,138.18427,0.62341845,0.19748215,0.39147228
4655,1038,2.8946152,0.6176431,0.0052554756,0.011452034
4655,6339,76.46293,0.6177294,0.10792422,0.21221505
4656,5605,1.9381294,0.63866264,0.0051186606,0.011210233
4656,5604,26.140245,0.6398068,0.05588515,0.10854965
4657,5629,2.0083427,0.62956643,0.0037405267,0.008739784
4657,5857,67.86416,0.63531435,0.099228546,0.19576913
4658,3899,2.0485535,0.6956966,0.0021467656,0.005512014
4659,440,1.6542473,0.60933423,0.0040639937,0.009125844
4659,436,26.948421,0.6221991,0.06382291,0.12367746
4660,6238,23.995487,0.61126,0.05699081,0.110181764
4660,6237,249.06195,0.0,1.0309871,2.1463263
4661,539,1.4628181,0.45304063,0.0048257113,0.009646073
4661,5266,36.47134,0.4563352,0.07426185,0.14163403
4662,4132,2.1914902,0.66574836,0.0037622675,0.00793463
4662,7022,8.418259,0.0357669,0.05534766,0.12118297
4663,6229,34.573925,0.7034669,0.06589727,0.1260729
4663,3904,16.23357,0.4197048,0.054954775,0.09406766
4664,2937,3.6095161,0.68909883,0.0,0.0013963431
4664,2825,25.306747,0.4138725,0.0943929,0.15416527
4665,4666,1.8318558,0.34574008,0.0033772886,0.00663051
4665,1985,148.18143,0.34725884,0.32608896,0.62543243
4665,1974,49.460365,0.33627456,0.10891675,0.20920733
4666,4665,1.9474525,0.34722805,0.0038604736,0.007457733
4666,2397,88.56983,0.3642279,0.18943195,0.36480653
4667,4668,2.6666183,0.3150233,0.0046803877,0.0088288635
4667,5469,7.1700134,0.31893912,0.018681295,0.035675615
4668,6506,2.33387,0.31693268,0.006060295,0.011359423
4668,4667,2.4505348,0.31616408,0.0044911504,0.008621946
4669,4650,29.952553,0.58585644,0.060837585,0.11647847
4669,5625,66.368095,0.5836918,0.22022328,0.43221194
4670,5347,106.98156,0.47398275,0.286851,0.55584687
4670,5347,140.8679,0.47398543,0.28599572,0.5525221
4671,4842,1.0538483,0.48336455,0.0034059212,0.007257238
4671,4672,14.211365,0.48302224,0.034214966,0.06638628
4671,3688,34.51501,0.489055,0.08745644,0.16826093
4672,4673,110.93734,0.47466066,0.29916123,0.57851875
4672,4671,14.119648,0.4864322,0.033766072,0.065963395
4673,6177,9.529381,0.47303033,0.02270209,0.04452093
4674,767,1.0524406,0.35524616,0.004723519,0.009203032
4674,1154,70.0091,0.38293025,0.1467917,0.28342828
4674,1154,66.102425,0.3819841,0.13872688,0.2678765
4675,1715,14.050489,0.5433611,0.03629427,0.07096859
4676,4675,19.832102,0.5332929,0.05711557,0.11152103
4676,4675,27.980164,0.52992445,0.05763974,0.11199752
4677,4678,1.785099,0.4304173,0.002727218,0.0055877417
4677,2229,57.644672,0.4257546,0.11762347,0.22807689
4677,5204,26.6431,0.43865997,0.061421663,0.115836814
4678,4677,1.9304276,0.43004704,0.002959989,0.0060690343
4678,1455,63.13491,0.43497443,0.12910104,0.24890679
4678,6638,49.381657,0.41182458,0.111036375,0.21439584
4679,4815,2.3392105,0.32344645,0.006093152,0.011413321
4679,2284,14.203575,0.32514697,0.035082623,0.067036286
4680,1536,65.5074,0.590538,0.12583585,0.24731377
4680,5184,30.845772,0.5956741,0.061016053,0.11742808
4681,32,14.170359,0.63828295,0.029463932,0.057780728
4681,6596,9.278397,0.6380365,0.018845953,0.037287787
4681,3294,12.427458,0.6380673,0.025540464,0.050317794
4682,5720,5.1308975,0.5305586,0.013120092,0.026497781
4683,625,27.28838,0.53177065,0.06765922,0.13023853
4683,4682,3.2769623,0.5285519,0.004636474,0.010196865
4684,417,2.346386,0.5677935,0.003951259,0.008324832
4684,1345,46.157825,0.56193906,0.05364694,0.102294
4685,1006,2.2130814,0.5767029,0.0037234053,0.007872999
4685,4851,57.21003,0.56798553,0.12295939,0.23932073
4686,2721,1.5631256,0.5588892,0.002143003,0.004899338
4686,7065,52.734367,0.56037474,0.11110945,0.21600176
4687,728,1.9883003,0.59803617,0.0027232915,0.006196648
4687,812,40.25236,0.60026795,0.07772046,0.15297501
4687,3328,7.2203407,0.5970205,0.015108384,0.03003548
4688,744,2.546032,0.6004331,0.0042981356,0.008968934
4688,678,2.1345253,0.59771687,0.003054522,0.006779626
4688,2837,22.43687,0.5987378,0.04639859,0.09039515
4689,744,1.4969788,0.5951476,0.004585743,0.009201422
4689,678,2.8289642,0.60042727,0.005990647,0.012537867
4690,5174,1.4912376,0.6136935,0.003907293,0.008496225
4691,4690,2.1916733,0.62225103,0.0040754303,0.008835271
4691,6803,62.007576,0.627808,0.15212047,0.29768148
4692,1027,28.347052,0.5818178,0.06896297,0.13391352
4692,693,87.6358,0.5778334,0.08246329,0.15710501
4693,2865,12.46229,0.5745803,0.027068295,0.053046674
4693,567,76.784454,0.57429856,0.15830827,0.31059963
4694,4695,12.33836,0.56585073,0.026063591,0.05111496
4694,975,114.4733,0.55336183,0.21753854,0.42538148
4695,4974,1.365921,0.57017773,0.0022964627,0.0053753406
4695,262,119.050934,0.5582101,0.23184317,0.4535945
4696,968,12.470165,0.5587722,0.026138254,0.051301688
4696,4694,42.354015,0.56299996,0.08651828,0.16597176
4697,2871,1.6312218,0.57308745,0.0020423904,0.004773319
4697,1146,43.930897,0.5724268,0.083930254,0.16317654
4697,6028,12.6774025,0.572236,0.027504638,0.053868815
4698,818,1.5296326,0.57035995,0.0025977492,0.0058669895
4698,1146,28.834082,0.5707512,0.060907338,0.11739966
4698,6031,6.377102,0.56954956,0.013576359,0.027402237
4699,4992,45.472427,0.5421959,0.09625843,0.1865453
4699,3509,5.435993,0.53977275,0.012068659,0.024620667
4700,6774,2.4892578,0.5361238,0.0046363547,0.009643495
4700,3355,8.968357,0.5393811,0.019866258,0.03977944
4701,6843,4.285446,0.44311988,0.00917685,0.018104315
4701,522,2.1784515,0.44158038,0.004631445,0.009539634
4701,6840,1.4316368,0.44526386,0.0031429231,0.00679332
4702,521,1.9656067,0.4326679,0.003820926,0.007781625
4702,1856,115.39768,0.4636326,0.2541575,0.4905929
4702,6840,55.88944,0.4400472,0.1266436,0.2449534
4703,542,45.78343,0.53232473,0.093979515,0.18243451
4703,4704,1.7262383,0.53432095,0.0033878088,0.0072799027
4704,4699,16.619844,0.5360394,0.035836138,0.07016185
4705,3509,20.17491,0.5343726,0.04458946,0.08613661
4705,4924,55.213665,0.5354395,0.14354022,0.2793806
4706,1016,1.7377548,0.57978123,0.0021644235,0.0049625486
4706,5139,34.520435,0.58409095,0.067426495,0.13044418
4707,4708,2.1973343,0.63416666,0.003917642,0.008280829
4707,2830,45.677536,0.63424075,0.111049905,0.21727252
4708,5230,1.9949226,0.6288696,0.0045987368,0.010215268
4709,808,1.6466522,0.59740096,0.0019797608,0.004879445
4709,1185,81.67494,0.5992509,0.15317677,0.30245072
4709,6964,114.676125,0.5958727,0.24113318,0.47114486
4710,1871,3.778202,0.39508936,0.011709198,0.017356575
4711,3063,47.49524,0.5609094,0.0912692,0.1785808
4711,4219,81.10077,0.55594885,0.15520543,0.30362543
4712,3187,1.5897408,0.6285081,0.0011952296,0.003527239
4712,5502,43.993233,0.63669884,0.10447371,0.20344853
4713,4352,16.676304,0.5431677,0.038426507,0.074442126
4713,4333,5.7623596,0.5527677,0.013822116,0.027713135
4714,4779,2.3763466,0.60143924,0.0026666895,0.0065135807
4714,5332,17.65568,0.6048467,0.039788503,0.07759985
4715,1962,1.2599945,0.59943736,0.0038572028,0.008889407
4715,4793,74.79123,0.621888,0.18469624,0.36344376
4715,4474,77.99898,0.60388184,0.19023278,0.37315243
4716,4717,1.7237167,0.5846313,0.0033394396,0.007139161
4716,4718,2.6610947,0.5823016,0.0015356019,0.004208654
4717,4718,1.8442726,0.58832705,0.0035973042,0.007907137
4717,584,190.91042,0.57465076,0.36016026,0.7057671
4718,4716,2.4673042,0.58559316,0.0011945888,0.0034909248
4718,4862,26.262438,0.58882123,0.057240386,0.1093014
4719,4695,0.8226738,0.5668965,0.0016658157,0.0048345327
4719,977,4.653843,0.5699815,0.010399893,0.021691188
4720,6321,24.675495,0.5781803,0.060012173,0.11677378
4721,636,2.2636414,0.5935017,0.004229896,0.008834168
4721,4722,28.367588,0.5984956,0.056955315,0.10851756
4722,6175,250.7607,0.5888053,0.4705576,0.9196023
4722,636,28.840815,0.59661263,0.056044556,0.107330136
4723,4052,1.8449173,0.6714596,0.004694268,0.008570015
4723,1615,17.877565,0.020247579,0.10896899,0.22986682
4724,629,2.1283684,0.4688602,0.0026125684,0.005308911
4724,3174,30.724873,0.47229606,0.065492205,0.12423131
4725,2728,87.44994,0.45214367,0.22845706,0.44040227
4725,1935,14.688665,0.468759,0.0286569,0.055410706
4726,6881,1.5325928,0.60754704,0.0041064247,0.008839995
4727,4763,2.2621193,0.6303644,0.0026553571,0.006347701
4727,5916,44.458424,0.6328366,0.10640607,0.20746818
4728,6255,0.9055023,0.6470162,0.004063949,0.008730248
4728,41,25.470808,0.65387714,0.060387164,0.11560007
4729,4734,1.3981552,0.5042906,0.003446065,0.0073253214
4730,4732,1.5224533,0.49534586,0.004582621,0.009544253
4730,3379,6.938011,0.50218827,0.01637008,0.03250684
4731,6812,11.510981,0.5104025,0.026867196,0.052835166
4731,4729,1.1392975,0.5064317,0.0035116225,0.0077262074
4732,4731,1.2948265,0.50332063,0.0037351102,0.007929385
4733,4730,1.3183975,0.49589077,0.0034586713,0.007289648
4734,2166,7.608612,0.50841355,0.017794408,0.03533961
4734,4733,1.3847923,0.5007268,0.0038945153,0.008051619
4735,4733,1.5102272,0.50080097,0.0043257847,0.009172678
4735,3379,10.151127,0.5051891,0.019582488,0.038713545
4736,4304,2.3336258,0.5874985,0.002787143,0.0062595904
4736,2172,89.62889,0.5824425,0.16920742,0.33295393
4737,5393,1.4075966,0.5859206,0.0024662018,0.0058597326
4737,5394,25.783278,0.5905447,0.05408742,0.10284506
4738,514,7.928303,0.6370109,0.017903127,0.035756454
4738,1559,23.250408,0.64948493,0.054048445,0.10548687
4739,5866,2.1669197,0.6315441,0.0037359744,0.008671746
4739,4740,44.33194,0.62239796,0.0804723,0.15634497
4740,1079,1.9788971,0.59577084,0.0026510283,0.0060678422
4740,4906,19.072014,0.61805683,0.038971454,0.075567536
4740,2058,27.161884,0.619138,0.05394663,0.10277024
4741,5180,37.97972,0.47745866,0.09435253,0.18262768
4741,5197,24.75897,0.47572,0.052074824,0.099120826
4742,5448,36.10606,0.6399449,0.076335415,0.14917807
4742,5448,40.462753,0.6380739,0.079010226,0.15309198
4743,4317,2.1356735,0.47210044,0.002910927,0.0062336028
4743,3960,42.657143,0.48891804,0.10602533,0.20578349
4744,2523,1.6777267,0.55903536,0.0024522692,0.005751848
4744,4746,1.2841301,0.56135833,0.0040841773,0.008739233
4744,2524,145.45297,0.5492964,0.27914703,0.54464155
4745,5273,1.97398,0.56134194,0.003303118,0.0072647184
4745,2258,8.913715,0.5618059,0.019500986,0.039001063
4746,1129,1.3066406,0.55883205,0.0016635805,0.0039004385
4746,4747,34.51316,0.5647967,0.088386856,0.1707512
4747,5273,8.629929,0.5635403,0.020616174,0.040957674
4747,2258,2.108387,0.56236446,0.003951885,0.008695781
4748,4873,15.794008,0.3477106,0.035995368,0.069034874
4749,4750,1.8935318,0.5798424,0.0018376261,0.0047197044
4749,2799,31.17984,0.5825668,0.06219078,0.11928364
4750,4749,1.8110657,0.58122283,0.0017470643,0.0043477267
4750,3207,24.023363,0.5818333,0.04849456,0.09266297
4751,4983,1.7842827,0.62789005,0.0048737675,0.009771019
4751,4984,3.4178238,0.63254344,0.006087035,0.012891933
4752,4631,1.7647667,0.5911046,0.0019193217,0.004818782
4752,5195,81.416306,0.6043435,0.20358498,0.39891255
4753,1448,2.637165,0.5701723,0.002241999,0.0053523034
4753,3874,20.506266,0.5790282,0.049055193,0.09590812
4754,4755,2.2446594,0.6364132,0.0027143955,0.0063686967
4754,6711,24.162384,0.6376447,0.05672916,0.109781735
4755,4754,2.202835,0.6317761,0.0026324242,0.00660713
4755,6708,44.707027,0.6396673,0.10828009,0.21383242
4756,6467,1.1774979,0.57228965,0.002019696,0.0047775805
4756,5671,165.23547,0.5690458,0.44724262,0.8768059
4757,4756,0.78180313,0.54563296,0.003052637,0.00646542
4757,1452,9.773239,0.576722,0.020066075,0.039472893
4758,4228,46.661297,0.624137,0.07375403,0.13987227
4759,4269,2.0794487,0.59042436,0.0040870756,0.008976668
4759,4760,3.1864357,0.5882456,0.0015694574,0.0041018277
4760,4270,55.68418,0.59444946,0.11728606,0.22848234
4761,4062,4.1594887,0.511418,0.0066650957,0.013621882
4761,4089,95.76938,0.52245617,0.13965112,0.27333567
4762,2161,77.08565,0.63209456,0.15646136,0.31040654
4762,2829,31.18673,0.6326305,0.07585681,0.14836155
4763,4762,16.298595,0.6326272,0.03681909,0.07187671
4763,4727,2.2378693,0.62978154,0.0026275888,0.0061943084
4764,6529,12.631849,0.60699785,0.028889619,0.056799933
4764,4779,20.606098,0.6083552,0.047251258,0.09119412
4765,766,144.62039,0.55336565,0.21674019,0.42514277
4766,5484,121.95171,0.62353003,0.296958,0.585781
4767,6519,47.245907,0.58409435,0.114926234,0.2240353
4767,4361,18.629871,0.5879569,0.04269989,0.08256289
4768,5920,37.181103,0.59037524,0.090257876,0.17356223
4769,4770,1.8261414,0.51219285,0.0019312054,0.0042769164
4769,718,1.9812508,0.513359,0.0033631176,0.0069310516
4770,4769,1.6986427,0.5154236,0.0015700012,0.0033489764
4770,719,27.35773,0.5157422,0.057806794,0.11061858
4771,718,1.8116226,0.51048213,0.0018464699,0.0040882677
4771,4770,1.9708977,0.5138193,0.0033049062,0.0067667216
4772,3882,1.6641083,0.5136168,0.0025841892,0.005704671
4772,4771,39.512142,0.5135151,0.08020802,0.15255465
4773,968,89.557495,0.5503385,0.17227334,0.3373183
4773,4774,8.120018,0.5419955,0.016577654,0.033013567
4774,261,15.55855,0.54095644,0.032451034,0.06320564
4774,4773,8.284721,0.5414746,0.01692716,0.03339632
4775,755,1.8438187,0.6159576,0.00270278,0.006343916
4775,1117,28.868822,0.61705923,0.058184147,0.111870416
4775,756,27.212217,0.62132037,0.054802693,0.10536691
4776,1746,9.527214,0.6649966,0.018654242,0.0369896
4776,6679,3.174694,0.6673124,0.003992066,0.0091665685
4777,1799,48.18166,0.25916404,0.110379115,0.22033347
4777,889,69.47082,0.32293516,0.15778711,0.30942857
4777,1767,2.9695816,0.109508395,0.0066137537,0.013102606
4778,4643,2.8755188,0.59914666,0.003675282,0.008548051
4778,6916,2.7691612,0.5999395,0.0070487186,0.014660433
4779,4714,2.3091393,0.6011978,0.002461195,0.0061920285
4779,4764,21.291265,0.6100518,0.048553906,0.09388336
4780,2453,60.572895,0.56656253,0.1646897,0.32007593
4781,3924,1.9064941,0.67404896,0.00357569,0.007583663
4781,665,43.97003,0.67738324,0.10332478,0.20336197
4782,2135,7.4063683,0.58626086,0.015268445,0.03022781
4782,4863,19.915504,0.5893475,0.04344003,0.083273314
4783,4784,1.8129387,0.58471775,0.0033909902,0.007653773
4784,4864,1.4005547,0.5850701,0.0027829185,0.006338939
4784,2991,13.2983055,0.5841173,0.028430834,0.055726185
4785,6392,5.040058,0.038860798,0.03270774,0.066012695
4786,3949,1.661705,0.58446133,0.0030791387,0.0067254007
4786,5405,80.28714,0.5825401,0.16941902,0.33180368
4787,296,4.6969185,0.65488124,0.008400083,0.016976506
4787,3902,1.529499,0.36671594,0.006113149,0.007629484
4788,1558,230.97147,0.6659521,0.1817634,0.3603297
4788,5487,2.2547913,0.6639799,0.003050968,0.006555155
4789,6680,7.7084618,0.6616746,0.014412753,0.02872692
4789,5684,63.789185,0.660269,0.11730283,0.23302461
4789,3360,3.5885544,0.6604078,0.0061870813,0.012516841
4790,6371,0.9002228,0.59658474,0.0031387582,0.007180065
4790,4709,40.174294,0.6041689,0.08402441,0.16327704
4791,4324,7.06345,0.6670171,0.013364203,0.02667676
4791,4191,2.112133,0.66701925,0.0019189641,0.0046469867
4792,4791,11.712952,0.66283274,0.022959612,0.045124784
4792,4325,2.2068176,0.66028655,0.0021386892,0.0050563514
4793,4795,1.9004784,0.6297517,0.0019543618,0.005013749
4793,3262,67.21987,0.6420089,0.16074157,0.31737146
4794,3262,1.0944481,0.58924973,0.0013206527,0.0027439147
4794,2393,84.10974,0.65179557,0.15058504,0.29888636
4794,4795,65.61795,0.6414857,0.15861207,0.31318676
4795,1962,74.39701,0.61907816,0.18598682,0.36465448
4795,4793,2.0618134,0.62768996,0.0021207556,0.005348474
4796,4329,0.4098549,0.34429443,0.0026766956,0.0020131469
4796,4173,63.13362,0.40611127,0.21290495,0.3400386
4797,4779,17.626621,0.6068946,0.041194517,0.07986661
4797,5332,1.5535774,0.60417455,0.0017084405,0.0038938522
4798,5330,4.1884727,0.6189264,0.0075977743,0.015071675
4798,6917,117.21505,0.6108384,0.2160175,0.42565516
4798,4228,15.113703,0.6244099,0.030558366,0.059723757
4799,5331,1.782299,0.60946363,0.002333194,0.0053896755
4799,5330,41.519203,0.62092394,0.08023756,0.15424302
4800,4797,1.1077194,0.60368574,0.0032678545,0.0068621635
4800,4799,26.036465,0.6068048,0.05226337,0.10007936
4801,2756,1.5255394,0.6181416,0.004189372,0.009111464
4801,4008,50.10087,0.6185726,0.094156764,0.1846734
4802,4801,1.4724579,0.6169943,0.0020254627,0.004729092
4802,4118,52.02197,0.6174128,0.12442231,0.24449039
4803,7024,20.862532,0.36016804,0.045217607,0.08571477
4803,4804,34.025703,0.36038738,0.091455616,0.1702781
4804,6960,24.206835,0.39564353,0.058924213,0.11302469
4805,1797,39.402824,0.32818425,0.10302915,0.20049497
4806,250,2.4607277,0.361718,0.0075251684,0.014439896
4806,7025,2.2651558,0.36391884,0.0040261745,0.007774323
4807,6478,2.6915245,0.55535716,0.004532419,0.00948146
4807,5287,43.353947,0.55725974,0.11074227,0.215998
4808,2067,94.26022,0.54688543,0.17703837,0.34408414
4808,5335,4.234028,0.5546681,0.0079284385,0.016292512
4809,2460,1.504612,0.5592257,0.0020520613,0.00500308
4809,6262,36.548565,0.5648458,0.068796985,0.13192043
4810,5334,0.8021431,0.5560285,0.0005146414,0.0018670112
4811,4812,1.9417343,0.5834127,0.0020178035,0.004798159
4811,4286,22.195957,0.5819793,0.045476343,0.08748688
4812,4811,1.9444199,0.584078,0.0019764453,0.004682258
4812,3970,24.339523,0.58469945,0.049543366,0.095097944
4813,6891,1.0228386,0.49632162,0.0037470832,0.008073315
4813,2533,19.192825,0.49248204,0.0410303,0.07926306
4814,5712,1.4609337,0.59726864,0.0044680685,0.009475738
4814,4504,21.023773,0.60903406,0.055715244,0.10862651
4815,5301,1.0572357,0.3052227,0.005419463,0.010244206
4816,6131,26.173134,0.67393756,0.05212342,0.1007481
4816,4817,2.1198769,0.66869503,0.0019607246,0.0049611777
4817,6133,2.9422646,0.66621304,0.0048476756,0.010311365
4817,4816,2.0976372,0.6692607,0.0018784627,0.004778847
4818,5748,16.296515,0.55776894,0.031614512,0.062331147
4819,3507,8.415516,0.55594903,0.020344421,0.03956738
4820,5391,52.679222,0.5480986,0.087064,0.16465338
4820,4819,27.373459,0.55067736,0.04961313,0.09618467
4821,3926,47.097115,0.6344764,0.09836689,0.19327186
4822,6655,5.936161,0.62947965,0.014125757,0.02799292
4822,4821,5.1892548,0.6333276,0.008052431,0.01683493
4823,4287,37.13523,0.58316225,0.1598824,0.31712624
4824,1386,2.8874931,0.58246475,0.0042967647,0.009363353
4824,3617,125.46943,0.5830554,0.23533672,0.46246845
4824,5616,146.89441,0.5771298,0.27617428,0.5401536
4825,7012,1.9718361,0.5870471,0.003456071,0.0076616555
4826,3920,2.196003,0.58488035,0.0022704974,0.005204335
4826,4913,56.307014,0.5877372,0.116973564,0.22657433
4827,3208,0.0,0.57573956,0.0074770376,0.015182599
4827,5919,2.4287643,0.5838122,0.00499209,0.010582939
4828,2352,0.96762466,0.5098516,0.003258206,0.0072105676
4828,2352,39.71843,0.5181975,0.07810026,0.1497161
4829,4652,129.83043,0.5820096,0.243788,0.47989345
4829,4650,34.592228,0.58305347,0.067419186,0.13094452
4829,4286,33.913513,0.5828838,0.06610477,0.12781309
4830,4831,1.7430801,0.5789289,0.0038405582,0.008193269
4830,3515,9.423992,0.5888918,0.018159606,0.036049545
4831,7052,5.2328568,0.5837995,0.014218561,0.028179154
4831,4830,0.91005325,0.58019805,0.0026257113,0.0061603636
4832,5643,60.255203,0.6112019,0.093835816,0.18105517
4833,8,1.7607918,0.44467318,0.0025285631,0.0051930696
4833,11,95.89739,0.44142687,0.2581542,0.4986853
4834,4835,23.605673,0.31426927,0.051357947,0.09683062
4834,5472,13.041222,0.3125196,0.031244215,0.0597663
4835,5470,0.0,0.06021285,0.0050818026,0.009524345
4836,1841,5.914715,0.535719,0.011395901,0.023020953
4836,1891,78.0787,0.53225404,0.15120931,0.29537076
4837,2480,0.9149513,0.5809372,0.0032338873,0.006929204
4837,5926,146.19821,0.5728912,0.30346766,0.5927694
4838,3263,2.6965332,0.5799053,0.0019159168,0.00482291
4838,5516,33.444443,0.5877407,0.07124044,0.13726145
4839,3396,13.86586,0.58471256,0.029535625,0.057723932
4839,3265,25.019398,0.5831826,0.052975643,0.10122716
4840,4841,1.3742485,0.48404956,0.0039567575,0.008519739
4840,533,16.945187,0.49296317,0.03973102,0.0765771
4841,4840,1.275322,0.48287782,0.003724195,0.008054957
4841,5664,2.815094,0.49188814,0.0073937327,0.014733732
4842,4671,1.0214233,0.48874587,0.0035397112,0.007760823
4842,4840,4.6898613,0.4901137,0.011988401,0.024142891
4843,1416,20.80053,0.66355914,0.049434077,0.096254736
4844,4843,32.278313,0.6694993,0.08150294,0.1598277
4844,4843,45.15055,0.66664016,0.082489304,0.1622288
4845,1885,59.71279,0.45667,0.11883251,0.23062679
4845,3673,23.635534,0.46300375,0.06815707,0.13259856
4846,3249,27.65467,0.62918484,0.07800388,0.15436555
4847,6885,1.3098068,0.5273975,0.0025935173,0.005558133
4847,5050,12.386744,0.55025417,0.025786713,0.050261617
4848,3895,92.7605,0.5082023,0.23920047,0.46465605
4849,4158,22.095495,0.40180582,0.053528883,0.10196417
4849,4158,25.48688,0.39666617,0.055422273,0.10445494
4850,1017,1.7203865,0.5817306,0.0016616955,0.004210755
4850,1027,12.973488,0.58738065,0.024312526,0.048060045
4851,4853,2.2723389,0.5711787,0.00426846,0.00881125
4851,2463,2.942253,0.57329303,0.005662553,0.011558488
4852,4854,1.639946,0.5487712,0.0023836866,0.005680099
4852,4326,41.400772,0.5511627,0.08751309,0.16886523
4852,180,22.48895,0.55156195,0.047040056,0.089586996
4853,2463,1.8073502,0.5680719,0.0031717196,0.0068732947
4853,6831,21.804108,0.5693342,0.04684788,0.089841686
4854,4852,1.9536896,0.54875463,0.0029302314,0.0064453334
4854,4277,95.078865,0.5530247,0.20323086,0.3954532
4855,4853,1.9050446,0.56635725,0.0037260726,0.008014753
4855,1489,3.4515762,0.57174253,0.0071703345,0.014898628
4856,1843,30.413498,0.4874736,0.09210079,0.18108101
4857,4858,3.0921173,0.45322448,0.003223613,0.0069499016
4857,2315,6.065304,0.45991066,0.018257141,0.035677016
4858,4857,3.1419792,0.45560104,0.003372252,0.0073367357
4858,4159,1.3010025,0.45167845,0.0067209974,0.012759566
4859,4860,2.47118,0.31756535,0.0043893754,0.008392915
4859,272,35.467407,0.32001847,0.11845433,0.231127
4860,4859,2.5753937,0.3181191,0.0047649443,0.008929312
4860,5471,25.033745,0.30931517,0.07321512,0.14140928
4861,4806,2.4550095,0.36336488,0.004303366,0.008652881
4861,6447,1.8194427,0.3618139,0.00397633,0.0076364875
4862,4782,2.025463,0.5845179,0.0039153397,0.008076981
4862,2134,201.56505,0.5784096,0.41942045,0.8193539
4863,4783,1.5732155,0.5877189,0.0024333075,0.005559355
4863,2990,23.196442,0.58703655,0.046730455,0.08922514
4864,4863,1.8702812,0.58898574,0.003500998,0.0075154603
4864,2135,23.181927,0.58804387,0.050941702,0.097932704
4865,3894,2.7376442,0.5803821,0.003820762,0.00849171
4865,4838,140.54562,0.5750709,0.28956482,0.56500196
4866,4186,12.352709,0.5566219,0.026324742,0.05169934
4867,2184,7.5306473,0.47183564,0.018242888,0.036193445
4868,5200,5.3742867,0.45378333,0.012204863,0.024394855
4869,3364,1.7722206,0.6322684,0.0033568516,0.006416902
4869,4231,50.221443,0.016050696,0.37283692,0.78605765
4870,4871,0.5275574,0.22132218,0.0009616241,0.0024946332
4870,2861,42.850742,0.5673125,0.11243187,0.2165122
4871,4870,0.4391594,0.21810949,0.0019694716,0.0047187656
4871,424,12.655127,0.5679694,0.026734293,0.052324533
4872,2567,9.274635,0.6253337,0.018329687,0.036220983
4873,6929,3.180317,0.3438859,0.003945321,0.008118808
4873,689,21.016314,0.34500897,0.050105777,0.094140805
4874,4875,0.95441055,0.56418145,0.0034648925,0.007403031
4874,2527,2.0337257,0.57309645,0.002970092,0.006603673
4875,2525,1.4614906,0.56786436,0.0015596971,0.0033420175
4875,2259,34.284103,0.5743107,0.08494764,0.16433384
4876,4877,1.3176346,0.53592247,0.0040502027,0.008234605
4876,1164,34.638107,0.54178154,0.10665679,0.20935526
4877,4876,1.0456467,0.53316665,0.0035747662,0.007266283
4877,2710,15.7731,0.5418381,0.040924374,0.0797657
4878,1918,1.2528534,0.532289,0.004361339,0.009069264
4878,1523,35.60005,0.53486603,0.116154,0.22773582
4879,4880,3.1350746,0.57420063,0.006596841,0.013432533
4879,3181,108.217094,0.57127255,0.22412345,0.43879396
4880,3394,63.692642,0.57243866,0.13629672,0.26596117
4880,4879,1.5419159,0.5702189,0.0026233345,0.0059224367
4881,4882,53.355873,0.5602211,0.1013031,0.19689313
4881,4885,2.9499893,0.5628584,0.005353734,0.011165038
4882,4884,1.3558464,0.55961674,0.0016861483,0.004230976
4882,4883,15.615379,0.56061584,0.03249442,0.06343078
4883,1557,1.6019974,0.5637281,0.002080746,0.0046058744
4883,1111,79.3949,0.55980384,0.15181907,0.2981353
4884,4882,1.2907791,0.5606376,0.001409322,0.0035345256
4884,4881,53.393795,0.5657013,0.10231235,0.199842
4885,1111,62.218815,0.561079,0.12100263,0.23717561
4885,1110,117.01128,0.55706173,0.2226415,0.4359908
4885,5545,144.46756,0.5552076,0.27596027,0.53935766
4885,4881,2.8959274,0.5604238,0.004905045,0.010269955
4886,4234,14.554016,0.59399825,0.029798798,0.0585313
4886,5064,72.58206,0.59440947,0.1379757,0.27111807
4887,6601,1.8256378,0.56057674,0.0027964339,0.0054743886
4887,3766,45.238197,0.020613134,0.23525015,0.49677557
4888,902,1.4572449,0.5361793,0.002214171,0.0054105073
4888,2602,131.36517,0.5295893,0.25439036,0.49581498
4888,6410,37.805435,0.53403723,0.073402524,0.14117593
4889,552,1.7432518,0.55741644,0.0033382177,0.0075524
4889,897,53.048874,0.55321217,0.11134951,0.21645814
4890,4991,162.03763,0.54989946,0.39050618,0.7617303
4890,5992,3.0911026,0.5520552,0.0066445097,0.014012188
4891,5793,2.4075394,0.55400074,0.0019467473,0.0046491325
4891,5006,3.5407486,0.55814254,0.0076693147,0.015865788
4892,897,2.565918,0.5536105,0.0013097003,0.0035556257
4892,4889,52.85537,0.559327,0.11021141,0.21302119
4893,898,1.5891762,0.55589914,0.0020580962,0.004864782
4893,3500,34.47327,0.5560143,0.06760372,0.13181466
4893,5815,21.015697,0.5531704,0.046219528,0.08898364
4894,4892,3.0910492,0.5526399,0.0018207729,0.004857585
4894,3765,16.748646,0.5600228,0.036639333,0.07138572
4895,564,1.5201836,0.55388427,0.0022537336,0.004982069
4895,4891,63.490032,0.5539232,0.13383329,0.2599874
4896,618,56.78852,0.5646112,0.10961531,0.21324758
4897,860,30.379305,0.59716696,0.06233721,0.118867196
4897,862,1.3618546,0.57146204,0.0023687556,0.0055741966
4898,5137,1.8200417,0.5917148,0.0030880868,0.0072095245
4898,5718,1.6716614,0.5906879,0.003021285,0.0070987195
4899,863,23.83668,0.59344536,0.050018206,0.09642723
4899,4900,1.6424522,0.58607006,0.0028774068,0.0066284835
4900,4898,1.7062645,0.59081745,0.002631843,0.0053314716
4901,954,4.255169,0.5669233,0.00658755,0.01332666
4901,953,4.59869,0.570532,0.013758078,0.027020395
4902,4353,2.97575,0.54996645,0.002832517,0.00642927
4902,4903,10.632036,0.5498097,0.023307666,0.045952752
4902,3768,7.2089767,0.55139977,0.015738674,0.031487808
4903,1740,8.914337,0.5500412,0.021711618,0.042941064
4904,4905,2.095131,0.6167287,0.0021700263,0.0055449903
4904,4653,14.460463,0.61985254,0.02896358,0.056701742
4905,4904,2.1675491,0.62080467,0.0024421662,0.005810857
4905,4907,9.512348,0.62348235,0.01827722,0.036715925
4906,4904,9.936581,0.62411493,0.019320406,0.038720384
4906,4907,2.404251,0.62217426,0.0029331744,0.006894037
4907,4906,2.2903671,0.61775655,0.0026205406,0.006497517
4907,1079,20.129591,0.6275216,0.04092095,0.07938632
4908,4909,1.5661964,0.62023443,0.0021904483,0.0053335577
4908,2751,14.911442,0.62114304,0.030129295,0.058880888
4909,4908,1.6408157,0.62002075,0.0024093762,0.005835533
4909,3007,22.965393,0.617409,0.04642664,0.089194186
4910,643,49.10152,0.5826902,0.09367604,0.18273379
4910,3260,59.630707,0.5820332,0.11173827,0.21791317
4911,3821,24.06446,0.589278,0.05062416,0.09672619
4911,4912,46.054554,0.58645904,0.095108554,0.18359247
4912,4913,2.9384232,0.58216906,0.0027269349,0.006751269
4912,3920,57.74672,0.59055847,0.11851675,0.23100424
4913,4912,3.2478714,0.5805075,0.0027770698,0.006298825
4913,3319,44.36312,0.58828294,0.09148863,0.17695346
4914,890,1.9675636,0.60091317,0.0028481036,0.006575316
4914,5348,76.25157,0.6076358,0.1419472,0.2794176
4915,2390,73.89363,0.45069492,0.15088473,0.29120877
4915,2999,2.464737,0.4438851,0.0044128746,0.00893335
4915,4916,2.189251,0.44337302,0.0040422603,0.008258551
4916,2999,2.715355,0.44700983,0.0074063167,0.014415994
4916,4915,1.87043,0.44303253,0.0028759614,0.006142691
4917,983,5.3475876,0.60499775,0.012441561,0.0247228
4918,3929,1.98452,0.5504136,0.0026986971,0.0064557344
4918,3771,1.323616,0.0306139,0.009791084,0.018170252
4919,2653,1.596775,0.5410733,0.003110014,0.006806314
4919,6610,47.564457,0.54080105,0.09103346,0.17505625
4920,2834,40.53554,0.5113778,0.08039385,0.15520297
4920,4923,16.875057,0.5202981,0.035693225,0.0690723
4921,1997,33.747982,0.53221446,0.066784486,0.12989105
4921,4922,1.7011261,0.5273087,0.0026800856,0.0056645274
4922,4923,1.141674,0.52343327,0.001362294,0.0033522248
4922,4920,16.854338,0.5229989,0.035734285,0.06937349
4923,4922,1.257431,0.5216138,0.0014225692,0.0033811927
4923,4921,2.6699295,0.52455366,0.0048298463,0.00971514
4924,4948,21.466301,0.5283173,0.054790296,0.1062958
4925,4926,2.3731575,0.46386847,0.0040424243,0.007876411
4925,1258,48.41017,0.47833723,0.09589828,0.18625845
4926,4927,1.8839607,0.45787936,0.0027565807,0.00575158
4926,5193,21.616909,0.4548725,0.04699318,0.08973691
4927,4925,2.0411644,0.4634933,0.0034083128,0.0067540705
4927,4926,1.7463188,0.4593448,0.00232137,0.004832864
4928,3079,43.040577,0.6235086,0.082329944,0.16141099
4928,6049,162.26718,0.6126558,0.30084345,0.59195983
4928,2609,71.06876,0.62542045,0.13173798,0.26122567
4929,4930,4.307663,0.6334426,0.0062097833,0.013107702
4929,5610,2.3852272,0.62683105,0.0033974126,0.00774087
4930,3495,11.756351,0.6309727,0.02698087,0.053168416
4931,6222,5.6127777,0.55921245,0.0048381016,0.010460526
4931,4932,5.665783,0.5599127,0.009476341,0.019303113
4932,243,29.716572,0.55587816,0.07322027,0.14178339
4933,1497,2.3505745,0.5717791,0.004415907,0.009596437
4933,4934,3.021267,0.5729536,0.0051179454,0.0107925385
4933,1496,29.222733,0.5729949,0.062149663,0.11952687
4934,1497,2.2955475,0.5714135,0.0040171146,0.008730799
4934,4933,2.8464775,0.5710211,0.0046124086,0.009784356
4934,3018,113.19674,0.5709684,0.22885573,0.44844335
4935,1728,23.099224,0.52843755,0.06543265,0.12600791
4936,4935,17.645351,0.52360475,0.049883183,0.0970141
4936,4935,26.706146,0.51930684,0.055958517,0.107536145
4937,1703,1.610733,0.52375144,0.0029308274,0.00642927
4937,1706,25.004196,0.5221147,0.052883603,0.100776814
4938,3440,4.3795624,0.5957034,0.008306459,0.016983196
4938,3439,2.4507256,0.5971179,0.0035310015,0.007747665
4939,4940,1.5674133,0.646186,0.005026318,0.011280179
4939,6046,9.9330635,0.6455725,0.024254613,0.047969714
4940,6045,11.71517,0.64350843,0.023494259,0.046441764
4941,2685,1.0683174,0.53294396,0.0028431788,0.005855337
4941,2686,9.558098,0.5383037,0.02203998,0.04372473
4942,4943,3.3413315,0.6503717,0.004509039,0.010054424
4942,3347,5.1145973,0.6472265,0.008017242,0.016794264
4943,4942,3.4649582,0.6448701,0.004918039,0.01036711
4943,1750,83.5219,0.65894485,0.11482684,0.22914705
4944,5404,1.338871,0.58153576,0.002766274,0.0062914193
4944,3242,43.42849,0.5864037,0.08200564,0.15828708
4945,4946,20.24031,0.5622282,0.042393506,0.08260861
4945,5810,1.1235237,0.55317354,0.0021135435,0.005409658
4946,928,2.392044,0.5582632,0.003998719,0.008577302
4946,5810,18.987535,0.5594168,0.039570466,0.0767447
4947,622,3.8829613,0.568714,0.0070021525,0.014390752
4947,846,91.66974,0.5696496,0.17312363,0.33994514
4948,5905,67.31221,0.518994,0.18211983,0.3539437
4949,4948,2.4965744,0.5296796,0.00701683,0.014126062
4949,1515,47.709473,0.5195085,0.09329432,0.182065
4949,2358,9.594868,0.5252574,0.01942844,0.038476363
4950,4951,3.0513039,0.5304555,0.005513631,0.011049122
4950,1355,26.5336,0.5292969,0.054459468,0.10398108
4951,544,28.122673,0.5331913,0.06127464,0.1173702
4952,1623,44.638386,0.40149572,0.08360133,0.15840505
4953,4954,0.3969841,0.052776247,0.0023277998,0.0046579987
4953,2039,29.189552,0.27356696,0.07250022,0.13739905
4954,4955,2.4186096,0.2811116,0.0068714544,0.012585789
4954,3980,38.385647,0.2189652,0.09516517,0.19031163
4955,2046,1.1733894,0.1343005,0.0040764585,0.007913902
4955,4957,52.86019,0.26241574,0.11623317,0.22751927
4956,4538,1.8302765,0.19648209,0.0040038154,0.0073219836
4956,4538,33.4047,0.2513823,0.077164605,0.146533
4957,4956,1.9119568,0.26243526,0.005600415,0.010377198
4958,2055,1.7092514,0.33064342,0.0034722537,0.0068458766
4958,3452,51.864796,0.33543366,0.1109854,0.21222216
4958,4959,22.366594,0.3233787,0.05328199,0.1001166
4959,2039,1.7588425,0.30869386,0.0036462024,0.0069901943
4959,4954,29.30818,0.2961473,0.07234324,0.13615018
4960,1186,136.34341,0.5973185,0.19453989,0.3844513
4960,1185,13.776304,0.6001771,0.025120385,0.0493861
4961,4403,30.836555,0.57604456,0.06103943,0.117161006
4961,651,31.393047,0.57787406,0.06222835,0.11942808
4961,649,27.665648,0.5728494,0.055942304,0.106211334
4962,4914,1.3713799,0.6016643,0.002143599,0.005040586
4962,3480,81.7791,0.5984006,0.15446699,0.3035078
4963,4962,1.954052,0.59829086,0.0028694198,0.005848199
4964,6128,1.6620636,0.41801548,0.0027501807,0.0053308904
4964,5068,29.064674,0.06311932,0.08837856,0.1783183
4965,1113,83.24793,0.63387334,0.15147161,0.29968435
4965,4967,17.883291,0.6407111,0.03682166,0.070975885
4966,4967,1.366581,0.6388617,0.0018964782,0.004623696
4966,4965,17.921532,0.6423601,0.037022334,0.07158177
4967,6227,1.9223557,0.6402734,0.0029514283,0.006746471
4967,4966,1.4390297,0.6401334,0.0019233823,0.004608333
4968,1040,3.10849,0.6137449,0.005266197,0.010931268
4968,998,39.712955,0.61468625,0.0768403,0.15016906
4968,4969,3.8169518,0.6104795,0.005690098,0.01199843
4969,1040,4.34626,0.6143679,0.007877186,0.016020447
4969,828,42.687706,0.6158247,0.08187098,0.16090144
4969,4968,3.6495285,0.61131793,0.005337782,0.0113352835
4970,2888,21.306044,0.4901785,0.04600889,0.0882052
4970,6511,59.283955,0.48869926,0.1298458,0.2519486
4971,7031,28.030535,0.4955735,0.057513364,0.10974186
4971,847,58.19639,0.49627274,0.12724628,0.24777858
4972,3332,57.093555,0.57232106,0.118236005,0.23177655
4973,5298,109.65061,0.5700921,0.23417133,0.4569044
4974,6276,1.6509056,0.5696596,0.0035493672,0.008255884
4974,4973,7.5463524,0.57204133,0.0077458024,0.016707942
4975,3600,1.3544502,0.574603,0.0012678802,0.0032511652
4976,3116,5.458496,0.03968641,0.02321241,0.045483172
4977,6725,1.1683388,0.5758738,0.0039042756,0.0077669024
4977,6880,77.73567,0.57759315,0.16378996,0.31942952
4978,1957,1.2587051,0.54410875,0.0016099364,0.0042387396
4978,2628,188.01051,0.529309,0.3664082,0.71378654
4978,5278,49.55362,0.55005074,0.12129365,0.23667648
4979,1391,1.2598305,0.54181623,0.0016741157,0.0037175566
4979,4978,48.8666,0.54505527,0.121368766,0.23728904
4980,203,1.5051193,0.5390539,0.002998218,0.006505817
4980,4979,27.716574,0.54358596,0.068281084,0.13082471
4981,4980,1.3857613,0.5404885,0.00466498,0.009789944
4981,6516,54.179993,0.54297316,0.060069196,0.1119347
4982,4751,1.6582146,0.62839305,0.0046480745,0.01004608
4982,4984,4.208256,0.6223866,0.006619714,0.013553202
4983,6716,0.0,0.037166357,0.0031853914,0.006433964
4984,664,83.43364,0.63504803,0.1556007,0.30950198
4984,4983,3.135479,0.6288103,0.005053848,0.010473996
4985,5735,9.734108,0.6028975,0.022707552,0.04480183
4985,2741,5.5338287,0.6051976,0.009206153,0.019016117
4986,6625,1.7538986,0.6237275,0.0030266792,0.0074754506
4986,738,19.645958,0.62621653,0.04200611,0.08148062
4987,5862,1.951252,0.6169695,0.003064163,0.0069616586
4988,6935,2.5065231,0.63791704,0.0017004684,0.004496798
4988,5744,55.620846,0.6421301,0.11385847,0.22508657
4989,439,3.0827484,0.61560535,0.0074632987,0.01541622
4989,6189,5.0228577,0.61565167,0.011814825,0.02389212
4990,3705,2.0785599,0.61380833,0.0027926266,0.0062526464
4990,5704,36.924885,0.6174291,0.09092106,0.17553835
4991,6942,0.088581085,0.11771017,0.0032999814,0.0064389557
4992,1610,2.3354073,0.5395701,0.00770548,0.015966594
4993,4994,2.405964,0.5533823,0.0017163828,0.0038710088
4993,4995,49.106293,0.5567015,0.10333065,0.19979228
4994,4993,2.9019928,0.5512532,0.0027481914,0.006251067
4994,2060,6.571556,0.5552131,0.014560163,0.029051587
4995,4186,2.6448288,0.55532545,0.0016610846,0.004363388
4995,3531,17.140032,0.56203324,0.037641782,0.07385818
4996,2060,1.445137,0.55439466,0.0017276257,0.004204467
4996,4993,6.0193787,0.55601084,0.013162218,0.026511654
4996,5883,38.720062,0.5562652,0.07464417,0.14563689
4997,3879,1.374855,0.54019177,0.002396524,0.005884841
4998,5001,1.1172943,0.50344133,0.0020871013,0.0045625716
4998,6361,28.827816,0.49366796,0.07154409,0.1363881
4999,4998,1.1195488,0.4963576,0.002769515,0.0062863976
5000,4999,1.3352661,0.50411975,0.0026595816,0.0052713156
5000,3512,139.15732,0.5442198,0.29880944,0.5802441
5001,5000,0.80818176,0.49239168,0.0015907958,0.0042119026
5001,3740,30.611128,0.5079074,0.06578216,0.12516892
5002,4282,0.8531418,0.57374907,0.003185846,0.0068538934
5003,4086,25.138733,0.59699625,0.054946203,0.10591217
5003,6847,1.98423,0.5870179,0.0030842498,0.00687024
5004,5962,9.952873,0.54105026,0.019992247,0.039739788
5004,1346,6.1978874,0.53770834,0.012240298,0.024755001
5005,1253,1.7448654,0.52510434,0.003580138,0.007829666
5005,1276,31.616938,0.52439845,0.06340212,0.12192829
5005,1203,35.232807,0.521738,0.07577217,0.14677231
5006,5007,2.7399368,0.55306107,0.0018294901,0.0027948022
5006,901,5.2895164,0.5590391,0.011363916,0.022703126
5007,5006,2.768383,0.55478543,0.001917623,0.0030254722
5007,5793,3.972004,0.55940074,0.008287616,0.017178178
5008,3632,2.0543938,0.6346623,0.0036272705,0.007352978
5008,5,14.205036,0.025309712,0.07068814,0.15205976
5008,682,46.938484,0.63520366,0.09841448,0.18864961
5009,6656,27.46426,0.62482685,0.07743368,0.15419918
5009,7054,3.3799515,0.6294731,0.006212145,0.012965962
5010,5011,2.6376762,0.68342763,0.0031063855,0.0074686855
5010,3709,93.7352,0.685552,0.13006952,0.25982717
5011,4632,4.2000465,0.6867602,0.00852748,0.01664856
5011,2235,29.183285,0.68202674,0.048960574,0.096965045
5012,1651,4.739025,0.60007274,0.007443264,0.015296459
5012,375,4.2315063,0.5942551,0.010528363,0.02105607
5013,5014,1.7648468,0.44311756,0.005448237,0.010611981
5013,1781,126.6946,0.463536,0.2592395,0.50006
5014,5013,1.4618683,0.4398976,0.00496608,0.010037243
5014,768,59.148277,0.4587564,0.19732447,0.38108677
5015,1456,61.62461,0.46067837,0.12264997,0.2386297
5015,5072,1.8423347,0.47069713,0.0035734624,0.0075330734
5016,626,1.9250374,0.4980979,0.0024118125,0.005323395
5016,6284,29.594082,0.49437934,0.06182419,0.11765386
5017,5018,1.0426216,0.6502236,0.002824828,0.006190613
5017,3870,72.49798,0.6567487,0.13166392,0.26301444
5018,5017,1.291481,0.6597287,0.0036849603,0.007817879
5018,5655,12.918512,0.65239394,0.0337575,0.06591203
5019,5020,2.306179,0.34337533,0.0036294386,0.0072399676
5019,714,16.743158,0.3374396,0.04093875,0.078120634
5020,5019,2.0561981,0.3444103,0.0029931888,0.005782768
5020,1906,77.68909,0.3860165,0.2206266,0.42396593
5021,3985,1.9547958,0.55273014,0.002835773,0.0063378066
5021,3048,31.827694,0.55448455,0.063223004,0.12227142
5021,5022,33.947464,0.555079,0.066818036,0.12882581
5021,5285,59.807854,0.55273336,0.11559933,0.22630942
5022,5283,1.4760094,0.5538246,0.0020583197,0.0046735555
5022,3047,29.872908,0.5535639,0.0732289,0.14230035
5022,5021,34.64784,0.5566148,0.068166316,0.13159181
5023,5238,1.5494728,0.5915165,0.0024376512,0.005634859
5023,6347,27.857256,0.59185326,0.058696616,0.112413265
5024,5546,3.0732002,0.6146427,0.004959807,0.010200754
5024,63,78.79947,0.62374526,0.08640423,0.1669084
5024,65,2.6507072,0.61102664,0.003974624,0.008725092
5025,2423,2.7148438,0.35648173,0.005935125,0.011252642
5025,4548,6.064007,0.08044121,0.015334196,0.03051801
5026,2140,178.97934,0.5035366,0.35400534,0.686615
5026,3733,8.020756,0.50012606,0.016812943,0.033183843
5026,6067,8.317223,0.49726498,0.01746051,0.03402306
5027,6830,32.16282,0.4329935,0.068831414,0.13025028
5028,6730,1.6580429,0.4332602,0.0050179735,0.009920418
5028,5029,22.336794,0.4271328,0.050394785,0.095813595
5029,1952,1.6055565,0.4200186,0.005198851,0.01021044
5029,3524,7.951149,0.4210842,0.01789856,0.03476052
5030,5031,2.153263,0.6671184,0.003098175,0.007016197
5030,3923,81.91077,0.66767526,0.19590037,0.3869527
5030,5109,51.381397,0.66827285,0.09638485,0.18945207
5031,5030,2.29002,0.6677104,0.0032386035,0.007264197
5031,1192,249.59067,0.65991396,0.45189664,0.88912225
5031,2707,149.41151,0.66485,0.36464852,0.7208992
5032,505,1.8851166,0.65929395,0.0032842606,0.007424772
5033,5032,1.5501595,0.6648106,0.0029344708,0.006747529
5033,5851,96.51012,0.6639311,0.19766162,0.39135474
5034,5033,2.1908493,0.6622658,0.0044073164,0.009008765
5034,3421,50.43371,0.6681005,0.10238669,0.20181647
5035,721,17.976505,0.5152483,0.043323208,0.08368415
5035,2136,26.772757,0.5072571,0.05331908,0.102598764
5036,5609,1.5692062,0.63745695,0.004626818,0.009844646
5036,737,37.306904,0.6407875,0.059321113,0.11375813
5037,5040,1.0396118,0.62895435,0.003205791,0.0072497874
5037,4657,31.864735,0.63939446,0.06986285,0.1368271
5038,5037,1.7839584,0.63531864,0.0038306266,0.008497044
5038,5079,35.877983,0.6367078,0.08773084,0.17124353
5039,5038,0.86019135,0.6284355,0.0033781677,0.007036954
5039,4077,16.793434,0.6319276,0.03557157,0.069499135
5040,5039,1.6851768,0.63350916,0.0032554418,0.0074074864
5040,3494,15.914705,0.63258445,0.036540955,0.07106932
5041,5210,1.9441948,0.62028927,0.0040240884,0.0084910095
5041,3809,59.06196,0.61888313,0.14929408,0.29486227
5042,5041,1.1948395,0.62172204,0.0043332353,0.009386048
5042,4025,21.472153,0.6237637,0.04665955,0.09085177
5043,6754,1.8929176,0.6377147,0.0056713,0.011670649
5043,2763,16.33937,0.6388745,0.034847427,0.06803078
5044,4611,1.6524391,0.598645,0.0042199492,0.008521318
5045,1974,20.853283,0.3380787,0.052118037,0.098622136
5045,1974,24.720417,0.33616284,0.05517036,0.1046377
5046,5047,0.6114845,0.59755087,0.0024910122,0.005589828
5046,4405,55.224133,0.59614,0.11643571,0.22641614
5047,5049,1.4961929,0.59773916,0.0030783787,0.0069692433
5047,4660,28.064203,0.6089734,0.06789099,0.1311737
5048,5046,1.2381516,0.59493417,0.0025263652,0.0053203553
5048,1406,28.194347,0.5995197,0.06984471,0.13539875
5049,5048,0.51802826,0.57543516,0.0025060177,0.0048532784
5049,3853,102.44144,0.61133784,0.2097699,0.41079533
5050,974,35.115196,0.55254704,0.06859027,0.1343404
5050,6885,11.63369,0.5499253,0.023972027,0.04750797
5051,2657,100.61328,0.54060405,0.196302,0.38293076
5051,6179,6.3414,0.5407612,0.012229025,0.024937809
5052,2377,3.097435,0.6322256,0.0051973686,0.011429831
5052,5053,4.8444977,0.63130337,0.007554628,0.015914083
5053,6799,30.84444,0.6283123,0.06232638,0.119541295
5054,3671,10.001862,0.5450961,0.02040296,0.040361017
5055,4655,10.165234,0.6146859,0.021577753,0.042254493
5055,4655,18.873455,0.6159497,0.024675928,0.04888147
5056,4470,1.5693779,0.5183694,0.001738973,0.0041491985
5056,3961,155.48737,0.5135822,0.40606183,0.7900597
5057,5239,4.3802986,0.58456105,0.007975139,0.016516566
5057,5058,90.30716,0.5809614,0.17171732,0.3368155
5058,2931,1.6153564,0.5821597,0.0023539588,0.005551487
5058,5057,90.25587,0.5814291,0.17101806,0.33571094
5059,5348,1.5852051,0.607696,0.0017810017,0.004393533
5059,890,75.13053,0.6098454,0.14358439,0.28345942
5060,5826,19.993967,0.5651745,0.049614705,0.096337214
5060,3708,41.163906,0.56851935,0.13381544,0.26106617
5061,2528,0.53022766,0.58533055,0.002480112,0.0053873956
5061,5849,167.08449,0.5816728,0.3174691,0.6213724
5062,121,56.141106,0.5575397,0.11754726,0.23072056
5062,6078,7.497402,0.5599145,0.016171955,0.03232467
5063,43,2.628605,0.67058724,0.006490648,0.013919324
5064,2528,104.49448,0.5860214,0.27547476,0.5385292
5065,2838,126.98105,0.58827215,0.31133622,0.6096335
5065,710,57.990566,0.5960126,0.11067468,0.21501076
5066,2569,9.104614,0.67011243,0.02450604,0.048205093
5067,3701,1.5712662,0.5218276,0.002147302,0.0048066974
5067,6703,98.675705,0.51848567,0.21531756,0.41707003
5068,5069,3.9012299,0.4273858,0.0030542538,0.0078166425
5068,3975,9.263428,0.056501627,0.022803158,0.045433015
5069,5068,2.7294693,0.42810225,0.0014351532,0.004643649
5069,6128,27.914291,0.04150313,0.08685463,0.17788158
5070,2050,2.1717033,0.40967304,0.0036015287,0.0062530935
5070,5071,38.35859,0.08205974,0.12023992,0.25121307
5071,2034,27.295052,0.38095373,0.06209939,0.115142085
5071,2467,2.5746155,0.3772105,0.0052198693,0.010209739
5071,3978,38.254807,0.10673407,0.11664098,0.24087222
5072,6286,1.7277222,0.47718525,0.0034407228,0.0074667484
5072,6285,34.084583,0.48169282,0.07188894,0.13592914
5073,4052,62.403397,0.6748474,0.121907026,0.24259657
5074,5534,19.916779,0.61431146,0.04699805,0.09126181
5074,298,24.873795,0.61208457,0.05965774,0.11484974
5075,5074,1.4966278,0.6066113,0.0046455413,0.010441631
5075,5192,22.443956,0.61354876,0.054184124,0.105351076
5076,4985,42.170307,0.599226,0.106527306,0.20680425
5076,2181,30.627232,0.5984371,0.060759455,0.116603196
5077,6391,0.0,0.39406067,0.0,0.0
5077,1001,6.1770897,0.5734629,0.013217941,0.026802957
5078,5077,1.8176727,0.5700713,0.0035892874,0.0074946284
5078,6623,27.136948,0.57468367,0.065818794,0.12754509
5079,6129,6.9399414,0.6308848,0.016419023,0.032886475
5079,5080,2.1496773,0.6372739,0.0024571344,0.006142691
5080,5037,34.683502,0.6407587,0.08542617,0.16618314
5080,5079,1.9291191,0.6403447,0.002089955,0.005332738
5081,2736,1.7974358,0.6278519,0.0034783334,0.007997304
5081,2737,16.075321,0.6324342,0.034505658,0.06758659
5081,2764,36.004086,0.6289696,0.070491046,0.13689679
5082,5083,1.7987251,0.6368013,0.0035706535,0.0076631457
5082,5630,1.4999962,0.6348644,0.0028723925,0.006590128
5082,4986,135.60123,0.6288686,0.20433429,0.40352967
5083,3406,60.519417,0.6314254,0.08959235,0.1751211
5084,3751,1.6709061,0.5828223,0.003334634,0.007037744
5084,1403,12.290529,0.58905786,0.027830146,0.054485053
5085,5086,0.0,0.10532203,0.0009966344,0.002044484
5085,4422,1.6729317,0.62917084,0.0022445843,0.0050870776
5086,5088,1.7513542,0.633381,0.0036190897,0.0073955506
5086,3652,24.341785,0.6380932,0.058819428,0.11454725
5087,5085,1.5170059,0.63749665,0.002813287,0.0058810264
5087,1883,31.717743,0.6352388,0.078034624,0.15460627
5088,5087,0.46086502,0.2613777,0.0029611662,0.006364435
5088,3862,63.67568,0.6312385,0.13180168,0.26067647
5089,3684,1.8845787,0.6587092,0.0031309351,0.006974533
5089,5090,0.5216942,0.64991695,0.0055101365,0.010710597
5090,5092,2.4014053,0.6641358,0.00455527,0.009239599
5090,1423,25.998852,0.6732438,0.07438326,0.1453254
5091,5089,2.5294838,0.6703452,0.0044401065,0.009588763
5091,4844,1.7793465,0.66362673,0.005468093,0.011477634
5092,5091,1.3689041,0.66548026,0.0042972267,0.009306595
5092,6758,42.30839,0.667097,0.07940823,0.15195414
5093,2763,2.0287971,0.63726896,0.0030165836,0.007170573
5093,6754,16.182848,0.64322144,0.03499871,0.06907404
5094,5757,2.0617218,0.590253,0.0030114502,0.0065909475
5094,1569,36.98039,0.59075916,0.0904652,0.17233711
5095,2252,106.49092,0.55042726,0.20275003,0.39615303
5095,1847,24.320206,0.5547819,0.06020724,0.11705126
5096,453,135.35141,0.5990666,0.19750187,0.39089835
5096,6862,23.12728,0.60871637,0.04961606,0.09566369
5096,442,80.54872,0.6049894,0.16549385,0.32566658
5097,4061,12.238417,0.57644016,0.026016302,0.051330715
5097,3033,2.0108528,0.57810533,0.003920324,0.008701563
5097,5785,1.6896439,0.57524776,0.0032684654,0.0070995986
5098,5907,28.26501,0.6646662,0.08187314,0.16000138
5099,5101,2.6262894,0.6415385,0.0062919483,0.013380423
5099,5100,1.7713089,0.6459089,0.003998466,0.008876726
5099,2231,202.92604,0.6506789,0.39663962,0.78260356
5100,5099,2.1745071,0.63921607,0.0048663467,0.009973645
5101,6232,54.90254,0.031911314,0.3966371,0.82406604
5102,5103,2.0438118,0.44073448,0.0030769184,0.0061633736
5103,5102,2.1546326,0.44086868,0.0036227629,0.007181838
5103,4661,20.398577,0.44906527,0.044011135,0.08421281
5104,1585,35.02854,0.5377338,0.07442308,0.14473721
5104,907,9.829292,0.5371668,0.021539338,0.0426597
5105,3425,3.664524,0.53078985,0.0025790408,0.005984947
5105,3426,2.6531105,0.5322396,0.006431699,0.013310581
5106,3700,98.96344,0.52971625,0.19460636,0.37867147
5107,5622,1.7710953,0.5872045,0.0033168197,0.0073034763
5107,4824,104.60718,0.58497703,0.19726115,0.38764846
5108,6844,3.277752,0.5874127,0.006146185,0.012866721
5108,5107,1.7850037,0.58714527,0.0025171116,0.005526468
5109,5030,51.225918,0.67100894,0.09649506,0.19065551
5110,5975,1.0690308,0.53981405,0.0015080273,0.003912553
5110,1609,25.301987,0.53936976,0.052802376,0.10100626
5111,1571,1.6908569,0.53700584,0.0022487342,0.005161956
5111,1610,30.294167,0.53799254,0.061087243,0.11768213
5112,6987,1.8752556,0.5825653,0.0018411949,0.004411027
5112,3546,75.82768,0.5829988,0.14421324,0.28348783
5113,6564,2.810318,0.57626605,0.0022514835,0.0054416955
5113,596,24.771383,0.585609,0.05461346,0.104367256
5114,6887,0.036239624,0.020860672,0.0010017753,0.0032019466
5114,1361,0.84628296,0.54332465,0.0019101426,0.004834816
5115,5114,1.3464432,0.5549045,0.0021731108,0.004894048
5115,5114,1.5835762,0.5562319,0.002615109,0.005935669
5116,6964,1.4386444,0.6002197,0.002850145,0.006291136
5116,808,115.38833,0.5970807,0.24339756,0.4767382
5117,637,37.469837,0.59897834,0.077655375,0.1520189
5117,5118,81.96045,0.59899926,0.17239848,0.33795518
5118,636,1.9340477,0.59633636,0.0027890578,0.006538719
5118,5119,0.22243118,0.2918399,0.0009173155,0.0022770464
5118,810,92.94697,0.5965728,0.17428927,0.34291655
5119,5120,1.5920639,0.5956935,0.0035492778,0.007512301
5120,4721,2.1278534,0.59808147,0.003333591,0.0075148195
5120,6457,27.34177,0.60078007,0.058842264,0.11279999
5121,3641,33.610947,0.5810027,0.06551765,0.1273787
5121,3867,26.926403,0.57987034,0.054757085,0.10428709
5121,3867,24.729382,0.58005726,0.050931484,0.09720588
5122,2598,42.995224,0.60850966,0.08375792,0.16316721
5122,2802,31.2861,0.6136146,0.0764091,0.14803419
5123,432,1.689003,0.56713206,0.0032009631,0.0067548305
5123,5122,26.310225,0.6118233,0.06301206,0.122628905
5123,6861,38.87864,0.61023295,0.0807191,0.15908086
5124,803,2.3656769,0.60157406,0.0027001202,0.0060664266
5124,5123,86.95557,0.60617363,0.21914497,0.43157804
5125,2137,1.7101974,0.51214623,0.0018548891,0.0043336004
5125,3914,97.209854,0.5047446,0.2524409,0.4886377
5126,1096,14.359175,0.5995908,0.03050327,0.05979961
5126,2568,2.1592407,0.5954725,0.00390929,0.008613899
5127,2745,95.37463,0.59267265,0.24548051,0.4834094
5127,5126,6.897251,0.59844303,0.017194219,0.034410417
5128,5129,1.0897827,0.5719051,0.001847215,0.003858775
5128,1089,78.704346,0.59252304,0.16082738,0.3163608
5129,1453,54.139046,0.5886186,0.115758754,0.22610724
5129,5130,1.9015732,0.5883418,0.0037362278,0.008105725
5130,5131,1.4639931,0.58947206,0.0028926656,0.006545469
5131,1551,11.387173,0.59265506,0.023700237,0.04636854
5131,5128,2.6881561,0.5909331,0.005625017,0.011649072
5132,6528,18.04578,0.6097888,0.04098525,0.07972977
5132,6522,1.8363228,0.604945,0.0043109506,0.009191334
5133,519,2.0311089,0.43621504,0.0030906796,0.006205395
5133,4702,36.57728,0.43562567,0.08212511,0.15713608
5134,5135,1.8585548,0.63975465,0.0035542175,0.0076502413
5134,30,89.16864,0.6416728,0.18351626,0.36269855
5135,5657,2.0418015,0.6351891,0.0037275553,0.008116007
5135,3294,65.75296,0.64416265,0.13478455,0.26745513
5136,4178,87.74019,0.59258074,0.16688392,0.32937217
5136,5718,27.394455,0.5925554,0.0544091,0.104189724
5137,5136,25.770727,0.58895516,0.052818928,0.10124129
5138,2900,1.7007103,0.57808286,0.002353333,0.005425781
5138,1010,35.356728,0.575394,0.069579706,0.13494915
5138,5139,55.139957,0.57974184,0.105585754,0.20601246
5139,5140,9.33569,0.578888,0.018888712,0.03756611
5140,1008,1.7564735,0.5817619,0.0025715753,0.005738303
5140,5141,20.217932,0.58662874,0.042023294,0.081703156
5140,1009,36.85146,0.58328754,0.07175361,0.13872245
5141,1003,1.5238571,0.5832891,0.0019387603,0.004593447
5141,1008,18.933155,0.57973796,0.039396297,0.076428786
5142,5143,1.6732788,0.58384234,0.0016888231,0.0043561608
5142,5921,1.4434052,0.58571655,0.0046764463,0.010172486
5143,5142,1.4203339,0.58467764,0.001155369,0.0033929348
5143,1461,62.19251,0.585117,0.15652362,0.30676898
5144,5647,2.7752037,0.61261016,0.0047341287,0.010006502
5144,3485,23.79076,0.042581886,0.055942744,0.1130989
5145,5146,2.1944695,0.58235663,0.0025204867,0.00612098
5145,5147,4.6584435,0.5746938,0.019473411,0.03938517
5146,5145,2.1238174,0.5835681,0.0024313554,0.0060630143
5146,4669,9.793793,0.5761976,0.03424666,0.068145454
5147,5148,2.2339325,0.58357865,0.0026553273,0.006480694
5147,5919,35.998737,0.5816099,0.15725607,0.30836785
5148,5147,2.4119415,0.58220226,0.0030414164,0.0071889013
5148,5146,5.0058174,0.57758564,0.019944996,0.040201306
5149,5771,26.928457,0.56473565,0.063858435,0.123323396
5149,4474,43.966644,0.5836027,0.106663525,0.20620036
5150,5151,2.7858658,0.66974086,0.0020037666,0.0048642904
5150,6218,52.576588,0.6763695,0.10593626,0.20926113
5151,5150,2.99057,0.6711778,0.0023480728,0.0059435666
5151,507,153.22485,0.6595117,0.3085923,0.6069839
5152,5593,2.6016731,0.4892816,0.005140461,0.010616645
5152,4970,41.972763,0.49492133,0.08944025,0.17262632
5153,1499,107.19019,0.543915,0.2275173,0.44193363
5154,1134,27.801874,0.5624853,0.06638614,0.12900741
5154,4874,101.367355,0.55824995,0.26274619,0.5153867
5155,1510,147.42682,0.475511,0.29533193,0.57046497
5156,3000,2.000019,0.46805164,0.0040717125,0.008619785
5156,5800,46.25758,0.4568571,0.09585416,0.1849099
5157,2450,33.265533,0.5688768,0.06630886,0.12779702
5157,4684,3.4602356,0.56603,0.006185837,0.012694553
5158,4684,2.2449875,0.5656597,0.00025836378,0.0017953813
5158,5157,3.0857086,0.56878984,0.005381413,0.011426285
5159,5158,1.6234322,0.56586826,0.0022080913,0.0053144395
5159,5276,96.41283,0.56625706,0.0897619,0.17394851
5160,5161,1.667099,0.5600727,0.0014985874,0.0035555065
5160,5159,13.419357,0.5658803,0.027442425,0.053608477
5161,1029,1.4654083,0.5651227,0.0020206347,0.00470756
5161,5160,1.5504227,0.56157994,0.001288496,0.003313139
5162,5244,2.2772713,0.6711025,0.004851632,0.00967443
5162,1421,14.189463,0.05250171,0.058169104,0.12106909
5163,2237,1.2903748,0.67756534,0.0033505484,0.007853076
5163,6888,107.95849,0.6758725,0.15762341,0.3087316
5164,2237,7.388275,0.67676306,0.017291367,0.034507334
5164,5163,7.358528,0.6777536,0.017394312,0.034773692
5165,3528,2.2542725,0.6801604,0.0042055324,0.009494498
5165,5300,1.7455482,0.6710209,0.0050951466,0.011094078
5166,5165,3.1951256,0.685547,0.0060766563,0.012953222
5166,2570,5.8798447,0.6724732,0.014240146,0.028546304
5167,4368,1.7048683,0.675155,0.0027341768,0.006134793
5167,2218,77.41666,0.67804855,0.15841573,0.31472537
5168,5169,1.2175713,0.6455697,0.0013258681,0.0027781278
5168,4074,33.882607,0.019350827,0.18614858,0.39902878
5169,3774,0.03261566,0.0627915,0.004179448,0.008113101
5169,5215,81.73744,0.64396983,0.14977308,0.2978794
5170,5171,2.3251305,0.5995695,0.0029179305,0.006633699
5170,993,26.471584,0.5995064,0.06557815,0.12687536
5171,4084,1.9067726,0.59999263,0.005448401,0.011329919
5172,1554,21.11645,0.53690094,0.051213227,0.099157706
5172,1554,26.348515,0.53848976,0.05497026,0.10530923
5173,6711,2.3369179,0.63041544,0.0044016466,0.009616688
5173,5379,2.218338,0.63304156,0.0056169853,0.01148887
5173,5650,121.65115,0.6314918,0.25126678,0.4942634
5174,5175,1.7772369,0.618094,0.0036342293,0.0077138543
5174,6364,41.543755,0.6182072,0.09997021,0.19504894
5175,4691,1.5092735,0.61975896,0.0040125176,0.0086379945
5175,5177,35.596764,0.62376076,0.07505485,0.14663766
5176,92,1.8191719,0.56718564,0.003112793,0.0068202615
5176,6093,32.575752,0.5646891,0.06830256,0.13282841
5177,3080,2.594616,0.61867607,0.0018056929,0.004673496
5177,5178,12.761208,0.61984724,0.026938997,0.053060174
5178,3889,2.5278473,0.62234557,0.0016049221,0.004564449
5178,6572,9.264145,0.62228715,0.019479528,0.038584486
5179,5369,1.7201576,0.44304848,0.0052055344,0.010625973
5179,6317,26.705322,0.44458112,0.06424566,0.122283064
5180,1899,11.909607,0.47356352,0.028062783,0.054959014
5180,4867,15.839979,0.4730722,0.03083611,0.060299784
5180,5515,5.355236,0.47300977,0.0088128,0.017238975
5181,3302,1.6414261,0.6470702,0.005131766,0.011186555
5182,2127,29.271097,0.43467483,0.06610887,0.124062285
5182,2127,30.110733,0.43485138,0.06908438,0.12999424
5183,3674,26.362986,0.44992712,0.053980872,0.10298256
5184,4347,1.735733,0.5883182,0.0031108037,0.0066358894
5185,5186,3.2509766,0.61433566,0.004534416,0.009889469
5186,3707,2.372879,0.6113942,0.005896069,0.012058586
5186,5587,24.068392,0.61738545,0.043219615,0.08411399
5187,6426,80.56377,0.64583594,0.15119983,0.30132347
5187,5093,12.911909,0.6375289,0.026317947,0.05162333
5188,26,1.4164925,0.60835546,0.0021226853,0.0052310526
5189,3677,1.7340698,0.61583,0.0050933585,0.010644704
5189,5190,36.132072,0.61592096,0.06888594,0.13275479
5190,2789,1.9158478,0.6165191,0.0027924627,0.006106168
5190,5191,3.1398544,0.61844146,0.0052248836,0.011071771
5190,5191,44.67236,0.6209527,0.085523106,0.1689391
5191,2790,2.0337791,0.6161801,0.0030464157,0.0068106055
5191,5190,44.514122,0.619718,0.085188024,0.16773216
5191,3369,20.268614,0.6220824,0.04146091,0.08047099
5192,6890,1.2370262,0.6113521,0.004179746,0.0093728155
5192,6634,2.3716507,0.61457705,0.0027956963,0.006688714
5192,2314,4.8490334,0.61281496,0.007644236,0.016417563
5193,628,4.513817,0.4389909,0.0088749975,0.01757139
5193,4927,21.37428,0.4526037,0.04670299,0.089265436
5193,5908,39.237354,0.44627976,0.08121662,0.15356597
5194,5868,26.784119,0.58197534,0.054167785,0.10401269
5195,5185,33.291233,0.61931187,0.058197416,0.11127562
5195,5587,48.232895,0.62277913,0.10103757,0.19531412
5196,5328,2.3235588,0.63827235,0.0046534687,0.010199815
5196,6473,383.93207,0.6296443,0.76815,1.5200148
5196,5327,62.74775,0.6396544,0.14871596,0.29161224
5198,252,1.8873901,0.45654008,0.004172668,0.008408934
5198,4858,9.125389,0.46125,0.025967397,0.05034694
5199,5200,2.862358,0.45130172,0.0026141256,0.0058810264
5199,1895,12.579836,0.45568496,0.02800405,0.054162875
5200,5199,3.2268333,0.45048854,0.003611222,0.007889479
5200,253,29.889297,0.45192403,0.090165645,0.17752261
5201,5202,1.8758659,0.5811918,0.004431434,0.009314388
5202,5201,1.9571648,0.5804303,0.0045100376,0.009662315
5202,6088,22.328175,0.5785447,0.1236144,0.2476883
5203,1441,1.881321,0.46144116,0.0027842447,0.0056693256
5203,1837,31.615463,0.45883667,0.06529207,0.12382508
5203,1790,24.944199,0.46754822,0.056572758,0.10699601
5204,1789,1.9214859,0.44633225,0.002627872,0.005349174
5204,5203,29.358345,0.45427307,0.06675037,0.12656045
5205,1180,1.3824615,0.41914123,0.002981916,0.006265208
5205,5589,21.981543,0.5893477,0.04844376,0.09315036
5206,3078,1.9420929,0.63557863,0.0021463633,0.0054998994
5206,5531,103.37984,0.64183587,0.25546825,0.50562507
5207,5208,16.57435,0.46311095,0.04491505,0.08853866
5207,5208,24.451466,0.4535026,0.050306443,0.09513321
5208,4857,6.5112534,0.46123505,0.019095942,0.0372155
5209,284,25.13635,0.6239947,0.0515445,0.09898026
5210,5209,1.7244492,0.6236584,0.0022547916,0.005595535
5210,4065,1.2367706,0.6209857,0.0037623718,0.008228585
5211,843,1.2895432,0.57448643,0.0042616352,0.009329468
5211,842,71.430664,0.5731634,0.13477072,0.26441947
5212,5211,1.4824753,0.57694536,0.0021897927,0.0046920776
5212,3875,21.79276,0.5779149,0.05264075,0.10248443
5213,5215,2.1233215,0.6346604,0.004084237,0.009058967
5213,3774,81.21124,0.64673096,0.14897153,0.29386142
5214,5213,1.7269745,0.63695914,0.0030816495,0.007018745
5214,6737,27.742094,0.63757324,0.0612164,0.116453454
5215,5216,1.8679352,0.6363343,0.0023276657,0.005794212
5215,4742,34.86596,0.63797593,0.07362036,0.14428756
5216,5214,1.6307678,0.63082033,0.0029540583,0.0067736804
5217,6451,1.4931068,0.5676091,0.0025635287,0.0059507936
5217,5429,49.660492,0.5694161,0.07792395,0.14983809
5217,238,60.050037,0.56508225,0.12556551,0.24697739
5218,7018,18.219183,0.59528285,0.037313603,0.07268916
5218,5221,2.6040916,0.596067,0.0038257763,0.008198708
5219,855,2.4289742,0.59472525,0.003466539,0.007711947
5220,5218,2.1700935,0.59042346,0.0035999194,0.008071721
5221,4886,41.82255,0.5962099,0.081044294,0.15645808
5221,5219,1.8036461,0.59240425,0.0028932765,0.0069841295
5222,2681,3.4461136,0.53508896,0.0084279105,0.01726529
5222,2842,356.25275,0.57463163,2.1946719,4.305907
5223,1473,1.9985504,0.62646264,0.0027557313,0.006302893
5223,5526,66.80026,0.6296905,0.16594979,0.3274639
5224,637,2.9708862,0.5935193,0.0057238117,0.012044355
5224,6273,4.535076,0.5957589,0.009523787,0.019637585
5225,6891,1.6547127,0.50100267,0.001765728,0.0040617287
5225,4813,1.2658463,0.49881238,0.0046445653,0.009723097
5226,3430,1.350338,0.53610694,0.0018824637,0.0045281947
5226,547,22.431528,0.5408606,0.0495141,0.094467305
5227,1658,2.892643,0.6474788,0.0053320676,0.0113686025
5227,1662,2.0439072,0.64468896,0.0036104023,0.007127896
5228,5229,36.943836,0.64045477,0.07730424,0.15216823
5228,5229,42.080254,0.6377854,0.080152,0.15631014
5229,5216,34.617188,0.63777304,0.0718987,0.14163592
5230,28,2.0568695,0.6263324,0.0039576665,0.008512482
5230,33,67.545166,0.6357308,0.16560039,0.32761618
5231,3776,50.374687,0.45829773,0.09985027,0.1929867
5231,5782,2.1577988,0.45642987,0.0032206029,0.008002132
5232,1885,95.35698,0.45361865,0.19324006,0.37253064
5232,5234,2.9508438,0.46466184,0.00522127,0.011615276
5233,5234,0.6001587,0.3353446,0.0006683916,0.0019111335
5233,5232,2.8408546,0.46287218,0.0052322447,0.010980636
5234,5781,0.9830017,0.06855348,0.00064008683,0.0018696636
5235,3418,1.0570526,0.5157938,0.0013407394,0.0031880438
5235,960,33.241684,0.51850975,0.067056246,0.12884438
5236,5761,3.6194344,0.534379,0.0066338778,0.013600841
5236,5237,48.736088,0.5263484,0.09564956,0.18727964
5237,5236,48.83781,0.52757096,0.094204955,0.18469916
5237,1720,18.67414,0.5278868,0.05117568,0.10066315
5238,5023,1.6160736,0.59061354,0.002571322,0.005731851
5238,6661,38.50977,0.5956569,0.08033364,0.15579891
5239,5057,4.9938965,0.5890967,0.008800261,0.01799938
5239,5583,65.374084,0.5858009,0.13532111,0.26574698
5239,611,101.36128,0.582092,0.20898968,0.40945995
5240,6593,2.1010094,0.669341,0.003635943,0.008001521
5240,6591,2.0267868,0.6721171,0.003008373,0.0066689253
5240,508,56.40678,0.6760093,0.1118681,0.2219508
5241,6001,51.488396,0.44964918,0.114601865,0.221436
5241,6878,2.1973343,0.44990262,0.003176719,0.0066065043
5242,345,41.854713,0.61707085,0.08049187,0.15563011
5243,1547,1.9313316,0.59165215,0.003283903,0.0071008205
5243,1548,27.684566,0.59200245,0.056609258,0.10845908
5244,6200,0.56941605,0.041767895,0.0073337704,0.014159679
5245,3804,1.782402,0.5212541,0.002400227,0.005223587
5245,2309,14.982311,0.5204568,0.032808382,0.06369074
5245,2310,32.958027,0.51744807,0.0662995,0.1272858
5246,4189,1.1429291,0.53764564,0.0051373094,0.010981217
5246,5903,29.891914,0.5305164,0.06589957,0.12646902
5247,6935,52.40707,0.6406524,0.11003016,0.2161116
5247,5744,3.4849586,0.40281814,0.0075884312,0.01177226
5247,3330,2.1651192,0.6479906,0.004735641,0.009376526
5248,1865,37.77624,0.58071035,0.063213706,0.121505395
5248,126,20.940134,0.5810152,0.04996914,0.09575787
5249,5252,1.1581917,0.43891728,0.004103288,0.008645862
5249,1993,39.886024,0.44353253,0.08173815,0.15522319
5250,5249,1.9623871,0.44361532,0.0034997687,0.007501155
5250,1827,168.00247,0.40520623,0.47133166,0.916704
5251,5250,1.7284622,0.4437462,0.004973918,0.010363802
5252,6000,1.2872314,0.44607678,0.0046536624,0.009821281
5252,5251,2.5688171,0.44195572,0.0043924823,0.008883342
5253,5889,21.234795,0.53995794,0.04724063,0.0907335
5253,1034,25.143969,0.54308414,0.04795929,0.09316132
5254,695,50.50808,0.4061343,0.10146073,0.19433115
5254,1556,4.822151,0.42543057,0.009825394,0.019257486
5255,1556,0.6338577,0.25763217,0.0028655678,0.0060781986
5255,5254,5.2431297,0.419481,0.010885589,0.021398604
5256,6674,24.771044,0.53512347,0.1113035,0.22355333
5257,5256,6.082947,0.54812413,0.017042562,0.033568904
5257,6674,53.76358,0.5467467,0.13451093,0.26153618
5258,3203,1.1374626,0.5600481,0.0017100871,0.0042299926
5258,5115,10.081226,0.56479794,0.020867892,0.041441247
5259,5258,1.2428665,0.56655246,0.0013884082,0.0036802292
5260,618,1.8698654,0.5633709,0.0035170317,0.007643163
5260,5259,58.11416,0.56240493,0.11109735,0.21769987
5261,5260,1.7559357,0.5666741,0.0027088076,0.0060527027
5261,1107,6.3311653,0.57063943,0.0137145445,0.027652383
5262,1447,142.31335,0.5652295,0.27042145,0.52966326
5262,5261,7.571968,0.5701154,0.014997028,0.030076966
5263,5261,1.2722206,0.5659864,0.0023511052,0.0054797977
5263,5262,6.6156845,0.56650186,0.013312489,0.026662111
5264,2349,123.816574,0.49570084,0.26873618,0.5199019
5264,2350,28.726116,0.5043585,0.06538659,0.12459038
5265,1505,1.9070816,0.51017934,0.0039479584,0.008345485
5265,5264,89.13023,0.5049327,0.19674686,0.3805849
5266,1512,4.895752,0.46306947,0.009334296,0.018597111
5266,6837,34.0956,0.46340016,0.07073993,0.1336958
5267,3000,36.175392,0.45600885,0.07175936,0.136875
5267,6837,11.06052,0.4623682,0.0231589,0.04496181
5268,952,66.49082,0.5429201,0.22131115,0.43210042
5268,5271,1.4630661,0.5652036,0.0019502118,0.004784718
5269,4901,9.124119,0.56349105,0.024193145,0.047373235
5269,5270,1.2284546,0.55669594,0.0022795945,0.0054234415
5270,5268,1.6882973,0.55861425,0.002886206,0.006411448
5271,955,12.322676,0.5699302,0.025620148,0.050288275
5271,5269,1.1518784,0.5670062,0.0016539916,0.0040113777
5272,2556,67.077095,0.43448663,0.17837766,0.34336996
5273,4745,1.9084053,0.56197923,0.0029714853,0.0065477192
5273,2524,75.34653,0.5577374,0.14412758,0.2826829
5273,6178,46.21822,0.56337714,0.112629846,0.21832329
5274,675,28.34996,0.5772214,0.06891606,0.13405436
5275,5400,1.7931099,0.57604486,0.0038176402,0.008033976
5275,2948,4.5534935,0.57879615,0.0096190795,0.019387543
5276,5275,4.661476,0.5810055,0.009854332,0.020092845
5277,2799,38.642746,0.58523995,0.075325966,0.14610416
5277,5584,32.06622,0.58307433,0.06350823,0.12113942
5278,2591,15.066597,0.5516411,0.03609143,0.070472464
5278,3648,28.365501,0.55281115,0.0694114,0.13487762
5279,6187,0.8748741,0.59980583,0.0014378726,0.0034951419
5279,6188,4.259693,0.65102553,0.0082114935,0.017171815
5280,6475,116.2419,0.658075,0.21091977,0.41629636
5280,5279,3.7592506,0.65469086,0.0066021085,0.013582379
5281,569,51.083664,0.57563305,0.10633579,0.2081166
5281,567,1.8100739,0.5706979,0.003270626,0.0073157996
5282,557,1.7205772,0.57661587,0.0023519695,0.0057204813
5282,3182,77.50332,0.56832457,0.25261697,0.49507213
5283,5435,0.9690552,0.54640794,0.0033036098,0.0065529943
5283,5284,73.73846,0.54865044,0.14146282,0.27817595
5285,5021,60.264244,0.5539591,0.11610268,0.22730026
5285,5286,17.863688,0.5537183,0.036993004,0.07186942
5285,3048,83.069885,0.55287343,0.15875751,0.3111463
5286,5287,1.8466377,0.5531238,0.0026835054,0.006075889
5286,5285,17.636969,0.55376744,0.036489163,0.07085694
5286,6478,55.380352,0.5563871,0.10643925,0.20814349
5287,5286,2.1597862,0.5535442,0.003454864,0.007533893
5287,3985,56.097816,0.551124,0.1504614,0.294115
5288,1200,0.9057045,0.37651762,0.0015369877,0.0033403188
5288,1353,61.769165,0.53863764,0.12032159,0.2343531
5288,3834,58.33353,0.5367041,0.12934956,0.25179893
5289,1239,1.6419334,0.59217644,0.0030752867,0.0069699734
5289,2568,27.08471,0.6000179,0.058510516,0.11248609
5289,5953,13.043406,0.59580225,0.027988926,0.05506529
5290,1083,72.65472,0.5881914,0.13645759,0.26895547
5290,5296,2.5008354,0.5920659,0.0053563714,0.011202112
5291,5938,2.9478073,0.59120965,0.0027436092,0.006323293
5291,1087,9.205078,0.59827423,0.019831553,0.039366916
5292,5295,7.7304,0.6124793,0.017731316,0.035452843
5292,5293,0.902256,0.52548486,0.0028710514,0.005061686
5293,5294,2.1294632,0.60904694,0.005809985,0.012031332
5294,5292,1.5086098,0.6101008,0.0039118305,0.0086413175
5295,3449,1.4057198,0.61039275,0.003388755,0.0075805783
5295,5293,7.241108,0.61752695,0.016693369,0.0325256
5296,1087,1.8308563,0.5956869,0.0031889156,0.0071740896
5296,1086,22.792,0.5959282,0.048939116,0.09425708
5296,5938,9.77953,0.5967016,0.020546377,0.040777072
5297,5299,13.205357,0.565059,0.027775265,0.05445279
5297,967,7.601475,0.562351,0.015959486,0.03208722
5298,424,0.92422867,0.12442684,0.001687482,0.003195092
5298,4870,13.283489,0.5619865,0.027864248,0.054916732
5298,6054,5.9384155,0.5621069,0.01334817,0.027211607
5299,4870,10.177498,0.56538284,0.024516419,0.0484782
5299,5298,5.360733,0.5703828,0.011878282,0.024338022
5300,2571,2.3436546,0.67506486,0.0044455677,0.009680167
5301,6636,2.5705223,0.32276142,0.0073007047,0.013733521
5301,3694,22.652527,0.32129252,0.059096854,0.11536739
5302,894,1.4877014,0.6076646,0.003998153,0.008180305
5302,6864,73.09158,0.60635704,0.15550248,0.30593398
5303,3014,3.6415863,0.6040675,0.008849487,0.017895639
5303,5302,1.7677841,0.6059989,0.003315255,0.007491201
5304,5303,1.5240517,0.5993075,0.0040723234,0.008762792
5305,6495,1.3560028,0.57351494,0.0025665462,0.005561471
5305,6667,46.868412,0.5764223,0.1172947,0.2298826
5306,6492,1.1754494,0.5664615,0.002448015,0.0054062307
5306,228,2.0323524,0.5784501,0.005406536,0.011409283
5307,2993,10.513029,0.55801857,0.023174874,0.04584925
5307,2722,3.5507393,0.55773044,0.007441759,0.015491933
5308,118,2.115223,0.5509783,0.0033944845,0.0074461102
5308,3850,29.312363,0.54909104,0.060090642,0.115085535
5309,2697,22.658407,0.53871727,0.047508046,0.09073283
5309,5310,25.998186,0.54206586,0.054171138,0.1028355
5310,2130,38.949978,0.5393444,0.076286115,0.14800204
5310,5311,56.101944,0.5461596,0.10637128,0.20669533
5311,5312,1.2083702,0.5442621,0.0017883182,0.0043797195
5311,3849,24.33088,0.54426277,0.052046634,0.09920994
5312,3850,1.0395432,0.5448377,0.0016855672,0.004400119
5312,5308,29.842777,0.5512703,0.062306188,0.11841562
5313,130,11.049257,0.5465509,0.024206415,0.04769349
5313,96,14.972368,0.5466126,0.032450162,0.063057825
5314,130,1.308075,0.540034,0.0021761134,0.005244747
5314,106,119.96475,0.5424291,0.25268936,0.49230474
5314,5313,10.869812,0.5461035,0.023722515,0.046432912
5315,1467,1.3859634,0.5425342,0.0017023832,0.0041673034
5315,6423,63.197205,0.5460855,0.12207209,0.23914655
5315,5316,85.30141,0.5408714,0.18455496,0.35767198
5316,3331,98.45681,0.55148697,0.18808702,0.36763442
5316,4481,14.249657,0.5523148,0.03127079,0.06134461
5317,5319,1.1586342,0.5798663,0.0025226176,0.0056635886
5317,6090,13.473597,0.5839988,0.02871769,0.05648239
5318,129,14.009869,0.5853994,0.030343447,0.059559613
5318,2644,20.231922,0.58711976,0.043176405,0.08328642
5319,5320,0.746891,0.56697494,0.0018648133,0.0045402795
5319,1273,12.319685,0.58260036,0.026767254,0.052850485
5320,129,1.6180878,0.5827605,0.0028080493,0.005874455
5320,5318,14.354881,0.5850239,0.030820426,0.06021811
5321,126,1.0052109,0.57921547,0.0041043386,0.008315548
5322,761,22.805927,0.6166422,0.048796557,0.094248764
5322,5323,2.4164772,0.614194,0.0037972778,0.008062765
5323,2751,23.345015,0.61786896,0.05019878,0.09663445
5323,5322,2.6269455,0.6146207,0.004238181,0.009024292
5324,5325,2.08329,0.66497374,0.001337409,0.0041589737
5324,4628,343.70453,0.65872693,0.4658077,0.91470385
5325,5324,2.3754349,0.6568305,0.0021737292,0.00486432
5325,3986,24.065048,0.6665852,0.049761668,0.096004486
5326,1968,0.691082,0.33029434,0.0016468987,0.0030616075
5326,3895,61.07589,0.50676227,0.15688673,0.3031732
5327,5328,60.495773,0.6450193,0.14489622,0.28691876
5328,5196,2.219715,0.63566494,0.004170276,0.009081453
5328,2619,138.05344,0.6440417,0.2761234,0.5451028
5329,4800,2.124775,0.60266024,0.0032198206,0.0066978037
5329,4643,26.780506,0.5993722,0.06296866,0.121683985
5330,4798,4.3990326,0.62391704,0.008279599,0.016312942
5330,5331,41.879906,0.6155111,0.079993784,0.15282054
5331,4797,25.980978,0.61166155,0.05255124,0.10188896
5331,4799,1.6912956,0.60730314,0.0022108853,0.005144194
5332,5329,1.6271439,0.6000024,0.003807515,0.008275792
5333,4810,0.9979477,0.5519644,0.0019503161,0.0038768947
5333,4809,5.2584076,0.5558876,0.010755874,0.0212287
5334,5335,0.490139,0.5552519,0.0015216395,0.00415276
5334,4808,4.904793,0.5600787,0.009843878,0.020213157
5335,5333,0.19861984,0.39038247,0.0,0.0
5335,1688,5.016514,0.5443721,0.0109020695,0.022353873
5336,3948,4.4119225,0.5861508,0.009109616,0.018436998
5336,361,276.62054,0.571095,0.5736699,1.1220415
5337,726,4.277771,0.5840023,0.008803278,0.017956927
5337,3241,90.76578,0.5817572,0.1909005,0.3730992
5338,1637,17.228186,0.6006103,0.039266244,0.07652038
5339,2005,103.47493,0.5922,0.19593462,0.38493505
5339,2245,1.297535,0.5957296,0.0037146807,0.008020401
5340,5338,3.1905136,0.597996,0.008153833,0.016197294
5340,6396,1.9988365,0.59906656,0.0050762594,0.010889396
5341,5970,1.2310104,0.54258543,0.0015778095,0.0038610846
5341,5971,28.584906,0.5444203,0.05837574,0.11129353
5342,5974,1.3182716,0.5445805,0.0017539337,0.0043778718
5342,1611,31.878592,0.5496488,0.063641116,0.12342358
5343,5576,83.59503,0.640696,0.15383306,0.30528292
5343,5503,5.131714,0.6423552,0.009352095,0.019551009
5344,5628,4.9109154,0.61892325,0.011774816,0.02356787
5344,2617,40.660107,0.63007975,0.07737117,0.14881973
5345,1961,1.5126114,0.58852,0.0024470612,0.0045209676
5345,5346,16.520947,0.61356014,0.033299282,0.065535925
5345,851,21.69866,0.6091202,0.045137215,0.088190615
5346,2617,1.4755898,0.2822953,0.001554504,0.002366498
5346,2616,9.794697,0.6130176,0.020438269,0.04008645
5346,6877,39.58644,0.62389135,0.078895025,0.15409386
5347,4672,1.9881554,0.483417,0.0063414946,0.012822837
5348,5059,1.523323,0.61025995,0.0017267913,0.0045220703
5348,5475,21.305761,0.6114083,0.04354363,0.084692754
5349,4942,205.05362,0.653395,0.28369924,0.560008
5350,1749,16.508245,0.6706095,0.029833578,0.05820842
5350,5349,39.51196,0.6694492,0.06061042,0.120259464
5351,4200,2.9168472,0.58830726,0.004781805,0.009845525
5351,1494,99.1503,0.5818131,0.18592998,0.36577773
5351,5580,10.651779,0.58051836,0.01882977,0.037137687
5352,1972,124.33226,0.4844654,0.24959964,0.4818492
5352,7030,40.40863,0.48997405,0.07982609,0.15391412
5352,5586,89.263245,0.47366259,0.17959683,0.34662744
5353,1486,126.429245,0.44080207,0.2609913,0.5034902
5353,4590,111.513954,0.44141522,0.22800732,0.43962795
5353,1901,315.1361,0.3974733,0.66715467,1.2875057
5354,5355,1.6967735,0.62642074,0.002554223,0.0058721304
5354,393,64.5054,0.6420867,0.118503325,0.23722154
5354,1987,28.895905,0.6410357,0.05810158,0.11134946
5355,5354,1.7803841,0.62528634,0.0023634657,0.005391255
5355,1731,89.01358,0.63408834,0.1647565,0.32484388
5355,4115,31.085913,0.63636833,0.06283782,0.12007691
5356,3807,3.400608,0.5857885,0.005833827,0.01218608
5356,1494,73.827324,0.5820303,0.13892253,0.27370313
5357,4165,2.8396912,0.58704793,0.004832864,0.010317177
5357,6826,2.8482742,0.58584005,0.0049772635,0.010598972
5357,3231,187.24208,0.577573,0.35522118,0.69580334
5358,3295,2.9864426,0.64784133,0.0023772195,0.0057936907
5358,6270,8.987522,0.65013975,0.018810004,0.037219465
5359,6714,8.81889,0.62455595,0.020699918,0.041300654
5359,5525,34.263832,0.6314289,0.068518266,0.13154416
5360,6766,22.277441,0.66574293,0.060603768,0.118011795
5360,6957,32.390354,0.6711658,0.06314602,0.12165131
5361,6332,1.5421562,0.6218271,0.0026072562,0.0061849356
5362,5367,4.282173,0.6807556,0.007938392,0.016328335
5363,6937,8.951366,0.67947847,0.017344654,0.034233376
5363,5362,2.194233,0.6773372,0.003432557,0.0073093623
5364,5366,0.1407547,0.40951848,0.0025407597,0.0
5364,5812,62.911377,0.40140516,0.21603695,0.34386626
5365,5363,3.846157,0.68216246,0.006412439,0.013843849
5366,5364,0.11167145,0.40378803,0.0023661405,0.0
5366,4177,16.303759,0.41212,0.04956488,0.08096488
5366,5365,31.277712,0.69635737,0.059268165,0.114077605
5367,5365,2.1772232,0.67391014,0.003670238,0.008226752
5367,5364,30.919386,0.69359505,0.06040734,0.11586461
5368,3038,2.125328,0.580729,0.0036934987,0.0079512745
5369,5524,19.32815,0.4366681,0.045654487,0.0875939
5370,5179,23.243221,0.4375028,0.05307588,0.1011365
5370,5369,22.99959,0.43549493,0.052613612,0.09990825
5371,1681,114.370834,0.45143107,0.23307422,0.4489522
5371,1682,66.311035,0.42986178,0.13603802,0.2620707
5371,1261,57.79132,0.41792434,0.11874181,0.22872368
5372,6184,24.193024,0.58276993,0.050553612,0.09776286
5372,6357,67.69667,0.58329105,0.12574907,0.24646097
5373,5413,12.466112,0.56347907,0.028989933,0.056686178
5374,5412,3.157116,0.5440661,0.008301921,0.017058864
5374,5373,29.18626,0.55046487,0.058259428,0.11140171
5375,5376,1.8461037,0.6196646,0.0017298982,0.0042648315
5375,514,17.180252,0.62956214,0.03903796,0.07640867
5376,5375,1.8499756,0.61922526,0.0018553808,0.0049908757
5376,6811,144.26767,0.5638298,0.37225407,0.7282872
5377,5378,0.17927551,0.0,0.0018572584,0.0029826313
5377,5807,10.776165,0.5696772,0.02205494,0.0441712
5378,979,3.3668518,0.5513832,0.0078988,0.01638648
5378,919,0.0,0.021410972,0.0004691258,0.00040774047
5379,6283,1.9146957,0.62132645,0.0028993562,0.0063866377
5379,3361,1.6058922,0.6327827,0.004952505,0.0107797235
5380,5182,2.2879906,0.43175012,0.0066065863,0.013456345
5380,4259,32.123047,0.42533422,0.06896934,0.1303093
5381,5383,1.651104,0.5829963,0.0030886382,0.006797388
5381,5384,64.58212,0.5839475,0.13509884,0.2646453
5382,4381,2.2947388,0.5849358,0.003979571,0.008334845
5382,2971,36.511482,0.5867022,0.0706179,0.13789773
5382,6121,29.092247,0.5877781,0.0622371,0.11941357
5383,4376,1.4435768,0.57986915,0.0025492534,0.0056895167
5383,4377,138.43411,0.578127,0.28966096,0.56742275
5384,2796,178.52621,0.565562,0.34141263,0.6681885
5384,1787,58.101612,0.5847113,0.122271836,0.23970169
5385,3045,1.6911125,0.583099,0.0032258108,0.006907195
5385,5382,73.48233,0.57895136,0.15301326,0.29848802
5386,5387,1.0616035,0.5570997,0.0010354668,0.0029007196
5386,3502,36.954247,0.562161,0.07182642,0.1393969
5387,5386,1.0945129,0.5559079,0.0010535792,0.0028687418
5387,5388,9.011391,0.55939686,0.018247038,0.03620711
5388,2250,2.3008423,0.5654246,0.0035263002,0.007814571
5388,5386,9.070442,0.560682,0.018264845,0.03620483
5389,6095,2.1964989,0.6083882,0.0032878295,0.0072238743
5389,6047,111.72571,0.60950476,0.20913874,0.41123027
5390,5748,19.138863,0.5543645,0.037088115,0.071683735
5390,3508,27.405132,0.55002826,0.06035025,0.11843464
5391,516,40.51212,0.55130255,0.096068025,0.18637489
5392,3299,20.993244,0.55950516,0.040913086,0.07916039
5392,5748,7.308628,0.55767,0.013604768,0.027996972
5393,5395,1.7164307,0.588051,0.0025644228,0.005907893
5393,3291,37.391815,0.59192157,0.073180325,0.14154641
5394,5393,26.59322,0.59248763,0.05256346,0.100527756
5394,3583,67.313385,0.59976333,0.12859158,0.25500584
5395,3288,1.4403191,0.5849036,0.0019006729,0.0043117106
5396,1012,34.85316,0.5647072,0.058917556,0.1118398
5397,423,65.15356,0.5560362,0.1404023,0.27404833
5397,6342,3.234909,0.56851333,0.0065930486,0.013742849
5398,3422,44.263657,0.5279463,0.092824645,0.18008979
5399,5750,5.6836624,0.45357832,0.012473509,0.024151698
5399,2334,57.945904,0.452332,0.11551562,0.22499588
5399,3721,2.061245,0.45089185,0.003075689,0.0062894076
5400,6696,3.161499,0.58204705,0.0053309053,0.011406153
5400,2948,3.2727165,0.5825461,0.006627463,0.0136369765
5401,5402,1.6791267,0.66519237,0.0043416023,0.008888409
5401,3098,65.41252,0.65673286,0.20413011,0.40328592
5402,5401,1.3018761,0.6566272,0.0034484714,0.007226795
5402,4789,41.790997,0.67151046,0.077748686,0.15153657
5403,3240,20.411762,0.5831706,0.041957773,0.0816212
5403,6263,3.3340225,0.58639693,0.0055524036,0.011478946
5403,3806,49.827934,0.57401943,0.057552624,0.10916507
5404,5405,1.5414734,0.5848518,0.0024450272,0.005498141
5404,3949,78.33786,0.5819053,0.17031004,0.33400866
5405,5406,1.2200089,0.58748466,0.0022136196,0.0053301603
5405,6263,2.2303772,0.59083796,0.00332354,0.0073956996
5406,4944,1.5565224,0.587103,0.002431728,0.0048597753
5406,3210,69.1123,0.5812161,0.14701566,0.28789425
5407,595,0.31567,0.5813477,0.007979006,0.01565066
5407,6562,58.76731,0.5870809,0.12232287,0.23790437
5408,596,1.5351372,0.5829228,0.00269524,0.006470531
5408,606,111.2797,0.5809771,0.23046923,0.4516995
5408,6564,25.393013,0.58402914,0.054969233,0.10557556
5409,2497,2.0326004,0.57675743,0.0030326322,0.006577596
5409,5002,4.5590706,0.5768503,0.008700825,0.017312974
5410,3146,1.784298,0.5922018,0.0034480393,0.007872835
5410,1374,76.99194,0.59323394,0.15745297,0.31009454
5411,1023,1.9386139,0.58463407,0.002932936,0.0065595508
5411,6360,26.711441,0.5838131,0.054809093,0.10509453
5412,6933,2.1178398,0.53741884,0.0023941174,0.005383149
5412,5373,19.072298,0.54584724,0.0454184,0.08846684
5413,6933,38.874466,0.558586,0.07612905,0.14676364
5413,5375,77.84449,0.59647244,0.19804104,0.38754642
5414,3352,4.4050827,0.6311655,0.007860042,0.015907586
5414,1653,5.1665306,0.6293359,0.009482458,0.019033536
5414,4575,129.18831,0.63122433,0.23688596,0.46762705
5415,2846,1.8599281,0.6228978,0.0025486276,0.0057533383
5415,2840,91.888916,0.6315777,0.17008498,0.3367313
5415,5223,17.037312,0.6269389,0.038772803,0.075520635
5416,1474,1.8769684,0.624691,0.0024254844,0.0056955963
5416,6136,18.705206,0.62728304,0.043055195,0.08376233
5416,3341,109.43521,0.6255398,0.20094284,0.3964308
5417,3890,1.870266,0.62443095,0.0032721236,0.007441327
5417,4439,12.306747,0.6274714,0.02540958,0.050141826
5417,5416,32.32408,0.6301351,0.07906467,0.15557992
5418,3108,1.9400749,0.6014041,0.0032069832,0.0070599765
5418,5417,29.888676,0.6306257,0.07244582,0.1428084
5419,5418,1.8592186,0.6212307,0.0042794347,0.008967653
5419,2828,91.16463,0.62577665,0.18485522,0.36200178
5420,5939,1.6333084,0.6241738,0.0041871965,0.008839741
5420,4437,197.88559,0.62236977,0.36910564,0.7263636
5421,5424,1.6376305,0.61134195,0.0021073818,0.0049244463
5421,4640,2.689911,0.6154937,0.0040368065,0.008713573
5422,466,2.3502045,0.61785424,0.0041448846,0.008845806
5422,478,14.518198,0.62134266,0.029776115,0.05839154
5423,479,28.591503,0.619665,0.05811393,0.11149635
5423,5422,15.657232,0.6212919,0.031692915,0.06235314
5424,4639,1.4400368,0.6121309,0.0025239363,0.0062951446
5424,5423,26.576588,0.6181653,0.055887945,0.10808648
5425,1683,11.865595,0.43084353,0.023477443,0.04565923
5426,5425,5.5090675,0.43692166,0.0099204555,0.019446582
5426,6291,2.604885,0.4331484,0.005317241,0.010706589
5427,6456,1.7538338,0.56004375,0.0019804165,0.0050335675
5427,1953,47.441578,0.56073606,0.099107295,0.19181214
5428,5427,20.879673,0.5665487,0.0371616,0.072259955
5429,5432,1.7970695,0.5637236,0.0025515556,0.0053876042
5429,5428,20.889278,0.5668107,0.03818921,0.07489866
5429,1393,50.65705,0.5676744,0.09718605,0.19102775
5430,3386,182.69458,0.64731985,0.33423287,0.6583292
5430,5431,59.753082,0.63814926,0.11045003,0.21704727
5431,5486,1.9326668,0.6346153,0.0028170496,0.0059169084
5431,449,67.19733,0.6396338,0.16317838,0.32277334
5432,5429,1.5851326,0.5669889,0.0021589473,0.0049634576
5432,6451,49.892384,0.5665139,0.0779123,0.14966634
5432,233,14.487696,0.56678426,0.029690318,0.058067225
5433,5435,0.46819687,0.5532452,0.0028453097,0.0054982007
5433,5022,1.140068,0.55417246,0.004301332,0.0092455745
5434,5433,0.0,0.1891537,0.0011731386,0.0027217567
5434,5436,0.0,0.06681025,0.0035601929,0.006671563
5435,5436,0.0,0.34240016,0.0010652244,0.002637431
5435,5095,71.66283,0.55046415,0.18877977,0.36940902
5436,5437,1.9223709,0.5653387,0.005409479,0.011153474
5436,1490,44.278397,0.02238375,0.23285505,0.49336636
5437,5440,0.322361,0.047564864,0.002282232,0.003734216
5437,5438,0.33133316,0.03634852,0.0041654855,0.007173598
5438,5434,1.3933716,0.56143767,0.0046395212,0.0096333325
5438,4473,26.182312,0.032707006,0.12204532,0.2594863
5439,5438,0.0,0.10518196,0.00086738914,0.0019270778
5439,5153,23.14946,0.5589318,0.056765847,0.109584495
5440,5439,0.6206932,0.5557754,0.00329756,0.006294474
5441,4624,31.862171,0.65176654,0.06274718,0.12174663
5442,2716,2.779583,0.51682705,0.007278979,0.014970973
5442,1481,2.5936813,0.515105,0.0063023493,0.012847081
5443,5444,2.0459976,0.59247875,0.0026523918,0.0058985353
5443,3521,12.890888,0.58670706,0.024100289,0.048054576
5444,5445,5.054344,0.5937217,0.010501966,0.02114895
5444,5447,10.626717,0.5954145,0.021401599,0.041963622
5445,5446,1.7103386,0.58981264,0.002381891,0.0056282133
5445,774,94.81044,0.58999795,0.17746109,0.34976518
5445,3287,17.848003,0.5898879,0.038591508,0.07485984
5446,5443,3.029171,0.5971388,0.0059032217,0.011824787
5446,6064,59.76217,0.5865219,0.109778196,0.21439756
5447,3450,135.2519,0.5890204,0.25281617,0.49680448
5447,4515,7.973751,0.59709394,0.015544005,0.031208307
5448,6163,13.546377,0.636332,0.028555483,0.055999637
5449,2240,1.6775017,0.5529618,0.0034932196,0.007460743
5450,5457,1.6436195,0.5542322,0.0032154918,0.0071517974
5451,5452,1.5100594,0.5506069,0.0024155304,0.0055403113
5452,5453,1.8658295,0.5523088,0.0035824627,0.0076376647
5452,244,34.23905,0.55002344,0.07314349,0.14116219
5453,2241,1.0528831,0.53552777,0.002037555,0.0046926737
5453,2351,11.324362,0.5564782,0.024487711,0.048135623
5454,5458,2.662941,0.55507964,0.004977666,0.01065594
5455,5454,2.1188164,0.55485684,0.004675664,0.009800479
5455,5451,4.5609283,0.5543197,0.009891383,0.020160154
5456,5455,1.9223213,0.55720836,0.0036327764,0.008202925
5457,2239,4.770439,0.56098765,0.009205259,0.01883693
5457,5456,2.23806,0.5581149,0.004684925,0.009892091
5458,3866,38.82292,0.5602198,0.08112806,0.15646091
5458,5449,2.2906876,0.5527358,0.0043253377,0.008705378
5459,3620,2.089405,0.55288094,0.003007181,0.006569758
5459,239,80.371414,0.557808,0.15358971,0.3016378
5459,3624,20.811111,0.5575112,0.04531426,0.08705423
5460,4225,2.889286,0.6731311,0.0017032474,0.0048704892
5460,5463,3.0977783,0.67335314,0.005992092,0.0129210055
5461,3133,58.53852,0.66854423,0.11436692,0.2239855
5461,4224,11.322311,0.6745387,0.023062237,0.044971272
5462,5463,1.6932373,0.6698474,0.0031199306,0.007076189
5462,4225,4.2667503,0.6698503,0.0085996315,0.017620862
5463,3155,1.4255676,0.6674285,0.0027872175,0.0060269237
5463,322,24.162123,0.678218,0.051412158,0.099837534
5464,4142,339.0232,0.6253329,0.28894803,0.56662136
5464,2142,30.641098,0.6182302,0.060914036,0.11677483
5465,5872,1.3332672,0.4813135,0.004605286,0.009741172
5465,3448,95.201744,0.46446377,0.18949899,0.36538917
5466,5641,0.9052315,0.60748273,0.0021083653,0.004421741
5466,1733,30.960943,0.030183375,0.1261765,0.2639899
5467,5468,1.7503471,0.5760747,0.0026409552,0.005739793
5467,694,47.566074,0.5801411,0.098443165,0.19121732
5468,4685,1.302185,0.57092214,0.002280295,0.005107805
5469,4834,3.3541832,0.31462663,0.00941813,0.017747864
5469,5470,27.638437,0.31226915,0.061717365,0.11561719
5470,4859,15.264679,0.31222475,0.042462338,0.08195432
5471,5474,1.1885033,0.2982688,0.0053228587,0.010040075
5471,2274,26.171156,0.30274242,0.062630236,0.11796078
5472,5471,1.5183487,0.3068521,0.0056681633,0.010697916
5472,4835,10.706495,0.31077498,0.029899005,0.056598566
5473,5472,1.5697594,0.3087537,0.0056950822,0.010891557
5473,4222,4.0511436,0.30854857,0.011305846,0.02096337
5474,5473,1.6469536,0.30735818,0.006063685,0.011491984
5474,3627,61.487213,0.27747285,0.17863953,0.35304958
5475,3576,2.005722,0.6061022,0.0021009296,0.004978135
5475,5717,4.628422,0.6099241,0.008083545,0.016355127
5476,5372,66.935394,0.584116,0.12819304,0.25068057
5477,2780,1.7756233,0.6219019,0.002890505,0.006716177
5477,5478,9.26701,0.62184954,0.011406511,0.023731276
5478,2793,26.534096,0.62378377,0.05692442,0.10945203
5479,4199,2.1318817,0.006000221,0.0053831264,0.011266604
5479,5624,3.482109,0.59316695,0.0019550174,0.0051782876
5480,101,22.999796,0.5509807,0.04813922,0.09188333
5480,1327,8.20433,0.55082667,0.016283788,0.03249003
5481,103,41.416107,0.55173904,0.08274084,0.15968621
5482,6458,0.691864,0.40215266,0.004611768,0.004197359
5483,5482,3.5814857,0.7028277,0.005191922,0.011153355
5483,2937,33.2676,0.41702384,0.12653348,0.19954583
5484,5431,1.1957855,0.6369564,0.003290169,0.007386714
5484,5430,58.546856,0.63851327,0.108585194,0.21407026
5485,5484,1.5091476,0.64262974,0.0015139356,0.0037144274
5485,2412,17.217852,0.63549334,0.0384591,0.07449422
5486,5485,0.7073364,0.5430164,0.002547972,0.00485076
5487,5402,85.51959,0.67599034,0.15492375,0.30802894
5488,5487,3.208931,0.666477,0.005504966,0.011675492
5488,4788,2.5090942,0.6755225,0.0038951412,0.008998662
5489,1298,17.06658,0.6147903,0.034937397,0.0682384
5490,1297,95.01184,0.61448425,0.17691256,0.3490687
5491,436,23.458586,0.61841106,0.048004467,0.09256759
5492,5495,2.0471497,0.6673686,0.0034777224,0.0074115545
5492,5496,6.461483,0.6682513,0.0122632235,0.024603546
5493,5492,2.0506706,0.6705041,0.0037868693,0.008195877
5493,6574,23.293116,0.6743977,0.046601567,0.090118095
5494,5493,1.6828232,0.66859496,0.0022484362,0.0054739118
5495,5494,2.1137962,0.6678916,0.0033086985,0.007428199
5495,5497,5.35141,0.671777,0.010553412,0.021181226
5496,320,38.93882,0.6739083,0.07509439,0.14657323
5496,5495,5.3725853,0.66960937,0.009845816,0.019738689
5497,5494,5.316761,0.671177,0.009101152,0.018614054
5497,1737,2.8835564,0.6679262,0.0051313043,0.010249987
5498,5499,2.9940872,0.6562574,0.0070352927,0.0142609775
5498,3883,15.768312,0.64756775,0.039654303,0.07759049
5499,6196,7.979061,0.65613973,0.015181124,0.030557364
5500,2443,3.4225502,0.67373407,0.008800931,0.018368542
5500,6022,65.33703,0.6771693,0.09049537,0.17705925
5501,2102,63.56949,0.6319924,0.117361985,0.23195828
5501,1287,4.8431625,0.64091665,0.00865414,0.01819314
5502,1287,0.95970154,0.6307211,0.0031436533,0.006546676
5502,5501,4.7760353,0.6398611,0.008764818,0.017964363
5503,5502,1.2686462,0.64604366,0.0016169846,0.0039538443
5503,3187,43.233204,0.6440344,0.105550915,0.20776692
5504,5505,2.0145416,0.63387483,0.0029418617,0.006359786
5504,2831,41.010033,0.638226,0.084821984,0.16471724
5505,4707,1.9123306,0.6332803,0.0035473183,0.0071747005
5505,5504,2.043621,0.6326563,0.0030657053,0.0064803064
5505,5909,59.061394,0.63445926,0.10960423,0.21531394
5506,5507,2.4990158,0.6251425,0.002814971,0.0063298494
5506,5527,22.086529,0.63157344,0.045200534,0.08799444
5506,5526,10.45377,0.6284575,0.02062773,0.040636197
5507,5506,2.4947433,0.6298969,0.0029824823,0.006908044
5507,5527,18.192179,0.63212395,0.04223721,0.08204581
5508,1473,1.9304466,0.62477165,0.0056114793,0.011872053
5508,6714,22.39176,0.6309356,0.046557855,0.090352654
5509,1992,1.8218117,0.4527047,0.0027042553,0.0058820248
5509,5510,9.241188,0.44954786,0.018324584,0.036004692
5510,3523,59.74257,0.45763502,0.119353175,0.23195942
5510,1992,9.1898,0.4542706,0.01897689,0.03710653
5511,5279,1.5054283,0.64765674,0.0025445223,0.0057672113
5511,5280,3.1120949,0.645744,0.005658999,0.011941925
5512,3141,25.702698,0.5039067,0.07688835,0.14816256
5512,3120,32.198196,0.5004888,0.08212392,0.15706198
5513,3143,3.496807,0.5141805,0.009037703,0.018158272
5513,2516,38.760906,0.5026828,0.09630909,0.18341836
5514,1988,13.304991,0.63886654,0.023806244,0.047358885
5514,5855,29.243483,0.6369907,0.049187362,0.09509755
5515,1828,20.351013,0.47109562,0.057658993,0.11373274
5516,5517,2.7740211,0.5792775,0.0019629598,0.005166441
5516,3265,19.673487,0.584305,0.042360853,0.081719264
5517,5516,2.373314,0.57988423,0.0012200773,0.0034567565
5517,3263,33.060234,0.58615506,0.07037197,0.1349867
5518,5519,2.3604622,0.67425853,0.005279079,0.010093525
5518,1629,3.3213577,0.037286878,0.016525753,0.032711565
5519,1874,1.3096695,0.063708216,0.00820519,0.0157191
5519,5518,1.913784,0.68400264,0.0043286234,0.008379489
5520,5523,0.8745575,0.5976791,0.0059876293,0.012527332
5520,1696,28.854801,0.6023401,0.08704197,0.17036349
5521,5520,0.68922424,0.5957196,0.0049107224,0.010022551
5521,3351,39.215946,0.5973508,0.09766451,0.18874796
5522,5521,0.6466179,0.5962833,0.005089149,0.010707527
5522,2326,48.7344,0.5975932,0.12690023,0.24850217
5523,5522,1.035881,0.5959273,0.0046585575,0.010346219
5523,849,103.64931,0.5969095,0.32355183,0.63723993
5524,4849,44.641785,0.41622943,0.114914134,0.22418214
5525,5359,27.64737,0.63347256,0.06632266,0.12821658
5525,5359,34.377426,0.63299286,0.06852121,0.13224454
5526,5507,7.6687202,0.6305925,0.017767623,0.03538227
5526,5506,10.094677,0.6326916,0.020035192,0.039624065
5527,5915,28.536015,0.63462627,0.06770982,0.1314531
5527,5506,21.763092,0.6348807,0.045271173,0.08767268
5528,5529,1.8674545,0.6416393,0.0027123764,0.0058490485
5528,2001,22.213219,0.64480674,0.051419385,0.100009225
5529,5528,1.8719139,0.6399575,0.0029456243,0.0063200146
5529,7045,2.7934952,0.6481291,0.0046322495,0.009950548
5529,5530,37.442493,0.64815485,0.09196501,0.18242638
5530,5531,1.9952583,0.6403278,0.0028295442,0.00654009
5530,3078,102.25829,0.6408106,0.25326848,0.50208235
5530,791,53.22145,0.64423835,0.0991216,0.19647868
5531,5530,2.1314354,0.6410898,0.0030101314,0.0068637133
5531,5528,61.904713,0.6387628,0.0901421,0.17508914
5532,5533,1.9424477,0.60379446,0.0025717393,0.005936712
5532,2531,87.444664,0.59761894,0.22262493,0.43738198
5533,5532,1.8486214,0.6000607,0.0024583042,0.0059081316
5533,1182,117.901054,0.5968191,0.22123909,0.4353804
5533,1376,34.621685,0.6111105,0.0831015,0.16048022
5534,284,103.66858,0.6203181,0.19228168,0.37938035
5534,2507,10.132088,0.61499417,0.023589581,0.046808526
5535,162,2.211998,0.5710595,0.0034926608,0.007428542
5535,839,48.769665,0.5697038,0.0935692,0.18309307
5535,166,37.963383,0.56840247,0.07992497,0.15561855
5536,44,10.844353,0.37912178,0.03111187,0.05954013
5536,1150,0.8147049,0.3638117,0.005412571,0.009501979
5537,5542,1.996563,0.6724427,0.003009282,0.0064953417
5537,498,45.462265,0.67448044,0.083930954,0.1619897
5538,5540,2.2656136,0.6743134,0.0031632856,0.0063483417
5538,6350,92.36655,0.671944,0.29011527,0.5735657
5539,5538,0.32012177,0.66327536,0.0047234,0.009414941
5539,5537,1.9829597,0.67454827,0.0026422217,0.006112352
5540,5541,1.1760216,0.66205245,0.00599771,0.0110372305
5541,5539,2.1434631,0.6765873,0.0027953237,0.005407676
5541,6206,30.169655,0.67393434,0.08745747,0.17224671
5542,5538,1.9024048,0.6727476,0.002639547,0.0056806803
5542,497,131.35773,0.6777804,0.24013925,0.47434312
5543,2679,133.88506,0.5440897,0.2560947,0.5000838
5543,2996,84.75572,0.54020333,0.16340369,0.32023025
5543,2678,79.81236,0.5489752,0.1538601,0.30181164
5544,5545,2.8838882,0.56847036,0.0048721284,0.010246694
5544,1443,104.976456,0.5612249,0.19839959,0.3888496
5545,5544,2.6934814,0.56989735,0.004241705,0.009026259
5545,3587,6.5274467,0.5691766,0.012667522,0.025147319
5545,4885,143.9986,0.5556499,0.27586502,0.5389779
5546,6727,3.7443619,0.6049421,0.006934792,0.013868883
5546,5024,3.194294,0.6182702,0.0056098327,0.011637136
5546,6339,41.139175,0.619048,0.08000468,0.1570462
5547,5548,1.8358917,0.5239512,0.0039278343,0.008136243
5547,4050,113.04629,0.5311628,0.24807167,0.48154378
5548,1280,0.30458832,0.03634569,0.0017732829,0.0034465045
5548,1933,9.912483,0.527835,0.020592913,0.041381538
5549,6457,3.6706772,0.5969955,0.004258245,0.009383157
5549,4721,27.08758,0.6022174,0.059183575,0.11381851
5550,2704,227.7779,0.56301594,0.43701714,0.8534559
5550,4558,53.185143,0.581452,0.101349354,0.1986864
5550,4557,24.493183,0.5791234,0.050017156,0.09549212
5551,562,1.383461,0.52817446,0.0018653646,0.0044793487
5551,3930,114.964645,0.54212904,0.22062081,0.42991805
5551,5972,65.105194,0.5381672,0.12487018,0.24333405
5552,563,0.9811516,0.53041357,0.0020070374,0.0046291053
5552,5553,33.199894,0.55250585,0.06672208,0.12720959
5553,3930,14.258358,0.54593164,0.030149035,0.0591717
5554,2603,1.4270592,0.52690893,0.0025610626,0.0057959408
5554,5551,98.59891,0.53429824,0.18995182,0.36897814
5555,5554,1.1886139,0.5065829,0.001955457,0.0043586493
5555,543,24.867945,0.53176486,0.05400426,0.103746176
5556,5557,24.028818,0.40121675,0.053529177,0.1011922
5556,2562,2.1793823,0.4043296,0.0044102296,0.009210303
5557,2340,31.566055,0.39772877,0.06672028,0.12607363
5557,5556,23.83531,0.40295658,0.053563546,0.10153097
5558,5559,51.503296,0.5670166,0.107128315,0.20789212
5558,554,22.536737,0.5678489,0.04873127,0.09322167
5559,5560,2.4213982,0.5660807,0.0018865541,0.004414916
5559,555,52.361645,0.5674732,0.11020231,0.21392584
5560,5559,2.3649483,0.56624436,0.0018129796,0.0042960644
5560,5558,51.06466,0.5676705,0.10966816,0.21223068
5561,1585,21.190271,0.53754276,0.045842607,0.08774553
5561,5562,14.151127,0.53864235,0.03102019,0.05981697
5562,903,2.4071045,0.53802603,0.0045049265,0.0098694265
5562,5561,16.030993,0.5414658,0.034465138,0.06650301
5563,907,3.2134743,0.53225625,0.0030089691,0.0068614334
5563,1589,70.254654,0.5396645,0.13537735,0.265043
5563,5104,9.579395,0.53568345,0.021158993,0.04187882
5564,5563,10.265724,0.5339623,0.022590704,0.044661447
5564,5565,33.61274,0.53260714,0.0727564,0.1403447
5565,5564,33.991707,0.5317712,0.073029555,0.14116782
5565,5566,9.104271,0.5348122,0.020362541,0.040464163
5566,1381,2.0221024,0.5353141,0.004363261,0.009596407
5566,5565,10.486233,0.5367401,0.023304157,0.04628642
5567,1383,60.47911,0.5272916,0.12768239,0.2492274
5567,5568,21.282661,0.5315311,0.04758333,0.09190387
5568,1381,1.7853928,0.5340278,0.0036031902,0.008128598
5568,1382,9.584557,0.53459215,0.021134235,0.04200746
5569,5570,1.2950592,0.5520474,0.0016645044,0.004025504
5569,5991,97.60212,0.54718536,0.20975067,0.40701038
5570,4895,2.4108353,0.55469126,0.0007413253,0.0025427788
5570,5571,8.611637,0.5560845,0.017297804,0.03469549
5571,3416,70.33131,0.55137664,0.103673175,0.20346466
5571,4895,7.8211365,0.55597335,0.015334077,0.030269146
5572,3430,1.489563,0.5385516,0.0033807084,0.007518038
5572,5573,10.414648,0.53798044,0.021682277,0.042669445
5573,3430,12.586607,0.5386672,0.02625078,0.051287815
5573,6767,141.71191,0.5389041,0.2709043,0.5280548
5574,1190,70.8361,0.6019043,0.13516766,0.2671219
5574,2263,44.94927,0.60673463,0.09224439,0.1807589
5574,1168,124.883095,0.5978444,0.2548587,0.50043195
5575,2575,82.81012,0.6526662,0.15272136,0.30393714
5575,1471,21.697996,0.6475695,0.05076194,0.098846585
5576,2101,28.539984,0.64314264,0.057910666,0.11122196
5576,5343,82.95268,0.64023864,0.15107667,0.3007633
5576,73,56.205887,0.64598906,0.10515053,0.20804355
5577,5578,1.7032356,0.5863854,0.0022275448,0.0052677393
5577,639,49.199936,0.58909357,0.13158347,0.25899678
5578,5577,1.8334885,0.5834117,0.0026248246,0.006055057
5578,4837,73.73481,0.5768982,0.20798022,0.4087754
5579,291,39.3521,0.61301565,0.075648576,0.1468933
5579,292,3.562954,0.6094403,0.00505054,0.010831013
5580,3223,33.292152,0.5860855,0.07034644,0.13722685
5581,6216,33.415607,0.33149016,0.073309585,0.138628
5581,1833,60.702644,0.32492578,0.1632744,0.32080898
5582,5584,40.299255,0.58470255,0.077868596,0.15048158
5582,3965,2.6335983,0.58066714,0.0052338615,0.010942414
5583,5239,64.8353,0.5798974,0.13463667,0.26479086
5583,5582,3.0182953,0.58020276,0.006507218,0.013749391
5584,5277,31.9181,0.5837275,0.063814975,0.12127529
5584,5582,40.271793,0.58379954,0.07846144,0.15234527
5585,6126,1.8491669,0.41079554,0.0031754822,0.006456554
5586,5352,90.12259,0.47715998,0.179423,0.34706402
5587,4030,21.07073,0.62671334,0.048877608,0.094993815
5588,2068,91.411255,0.59838665,0.17038333,0.33575487
5588,3977,60.19715,0.6065859,0.18575448,0.36551344
5589,5205,21.934307,0.59014547,0.048185214,0.093242735
5589,2216,11.821453,0.5868682,0.025077946,0.049580485
5590,1181,1.3147469,0.5853431,0.002576977,0.005863011
5591,5937,3.2509842,0.35771495,0.009142302,0.017363131
5592,6358,3.207756,0.587099,0.008907393,0.018498704
5592,5989,4.7331886,0.5903694,0.008362621,0.017530918
5593,5152,3.0682487,0.49135816,0.0063517243,0.012970701
5593,1786,11.564589,0.49552363,0.027291693,0.05337614
5593,1782,42.935493,0.4883614,0.10920224,0.21269782
5594,4917,57.630447,0.61050683,0.14244059,0.28185835
5595,1324,6.2046165,0.6164377,0.011200182,0.023078695
5595,2211,4.033863,0.6155145,0.010998666,0.022382498
5596,5597,0.8451233,0.5845668,0.0027543902,0.0060329586
5596,5598,22.029692,0.5938675,0.04426588,0.08535328
5597,5596,0.9243851,0.58992845,0.0032430068,0.007206753
5597,5599,13.9124775,0.60085726,0.036691908,0.07162023
5598,6164,32.027657,0.60730344,0.06338986,0.12166289
5599,5598,1.2351303,0.59648025,0.0047378615,0.010574102
5599,6261,49.386612,0.6071032,0.15563858,0.3044904
5600,2976,24.907545,0.61436397,0.050876547,0.09846386
5601,5600,1.2457542,0.61710954,0.004353486,0.009575799
5601,3154,17.696733,0.6147189,0.04594579,0.09019768
5602,1142,163.5788,0.5840643,0.3388865,0.6634508
5602,1141,13.827574,0.60033834,0.029299188,0.057448566
5603,1141,2.5117264,0.59273094,0.0015294626,0.004277095
5603,5602,15.757946,0.5973962,0.033750918,0.06571998
5604,5608,2.487423,0.6387492,0.0042637885,0.009604201
5604,5181,70.45042,0.6491808,0.1844243,0.36590394
5605,5043,1.8481522,0.64175016,0.0053319633,0.011697441
5605,6130,34.90306,0.64227927,0.08516232,0.16679876
5606,5610,1.3895035,0.6243221,0.003833823,0.008743182
5606,380,25.004892,0.6329562,0.05080115,0.096808635
5607,4077,2.8726196,0.62736607,0.002890043,0.0066501945
5607,5038,16.210197,0.6339114,0.035261344,0.06901524
5608,5036,2.8423996,0.64203316,0.0034304783,0.008281514
5609,5604,1.631218,0.63937056,0.0050119013,0.010847375
5609,5605,24.022726,0.64222044,0.056376677,0.107756205
5610,4930,2.1736221,0.629967,0.0056194514,0.012299746
5611,750,1.3898506,0.58625716,0.0071594343,0.014594644
5611,6950,73.40471,0.5829248,0.117947325,0.22677463
5612,1262,1.8423424,0.41553563,0.0030110776,0.006254226
5612,2307,24.105175,0.42269862,0.052029308,0.0984795
5612,2995,152.29587,0.43322012,0.15129325,0.29268578
5613,605,27.408958,0.5823432,0.057809837,0.11124489
5613,4337,59.802406,0.5794624,0.12517497,0.2445359
5614,1811,31.329037,0.5852573,0.067665026,0.12988016
5615,3545,15.52767,0.58350754,0.03190704,0.062202618
5615,5408,14.225994,0.58247524,0.029334266,0.057251863
5616,1947,80.16765,0.5827107,0.15204823,0.29943717
5616,5802,18.285437,0.587147,0.03722954,0.072030835
5617,5623,1.3626099,0.582751,0.0062795356,0.012129083
5618,1386,3.2762947,0.57498014,0.005930558,0.011884227
5618,696,1.8861809,0.581926,0.0028241128,0.0056134015
5618,7062,28.46437,0.01147908,0.15486813,0.330458
5619,6123,0.0,0.038796693,0.00776615,0.013855681
5620,5933,6.268894,0.5865652,0.0121476725,0.024681687
5621,5620,2.278572,0.5919628,0.0031675696,0.0067875534
5621,5619,1.63834,0.032476455,0.016629353,0.032533363
5622,5617,2.8769608,0.5858303,0.0053735003,0.011521265
5622,1386,35.178947,0.016457498,0.19035244,0.40269276
5623,4199,3.542076,0.5981785,0.006587073,0.013277039
5623,5797,79.327225,0.58391845,0.25682184,0.50553465
5624,5108,2.519249,0.58467144,0.004327774,0.009613767
5624,6844,10.428385,0.582691,0.01189249,0.024626523
5625,2416,57.597343,0.58432394,0.12281184,0.2399534
5625,4825,7.2765656,0.58408403,0.015499547,0.031120166
5626,4823,0.0,0.3511098,0.00017949939,0.00046865642
5626,5625,1.1700363,0.58277935,0.0044137836,0.009950444
5627,5798,0.9748726,0.053128928,0.008427553,0.016973287
5627,5626,2.5428581,0.58713543,0.0062139034,0.012584329
5628,5805,33.490143,0.6185451,0.0802781,0.1586381
5629,5082,3.4147987,0.63566405,0.00500945,0.010587707
5629,5083,2.1492462,0.63348657,0.0045123473,0.0099016875
5630,4657,2.2246552,0.6395601,0.002673827,0.006670624
5630,5040,33.13957,0.6357856,0.070443705,0.13839711
5631,2612,0.0,0.40511107,0.0012754351,0.0026254952
5631,438,21.815874,0.61781764,0.052154608,0.10122808
5632,6238,2.774475,0.61082953,0.0048934296,0.010519639
5632,5049,48.25826,0.6129161,0.116462044,0.22818121
5633,6035,1.5067062,0.6625095,0.002489984,0.005568579
5633,6034,1.7355804,0.66362774,0.0027068108,0.0060073882
5633,4626,67.5995,0.67037404,0.13064301,0.25979415
5634,5635,1.8289948,0.57855725,0.0063648894,0.0134646
5634,1814,166.44247,0.10396373,1.2742925,2.6161282
5635,2950,113.32349,0.57894844,0.23702267,0.46425933
5636,293,2.2345695,0.37046483,0.0074196756,0.010267109
5636,5637,2.8474503,0.6685848,0.0035640895,0.008492351
5637,659,23.6108,0.42104858,0.079035126,0.1295481
5638,4239,0.84705734,0.60146517,0.0023991987,0.0049660057
5638,4236,33.017876,0.6201396,0.0716389,0.1386424
5639,5466,0.0,0.079182684,0.0017202795,0.0036083907
5639,6889,24.269243,0.60528576,0.052791122,0.10257461
5640,5639,2.046936,0.62589663,0.004056081,0.008179367
5640,7034,33.41194,0.028102636,0.1386323,0.2915457
5641,5640,0.0,0.23639652,0.0025781915,0.005452007
5641,5644,87.482544,0.6260921,0.18324995,0.36150223
5642,5638,1.7431297,0.61273885,0.003293395,0.0071585923
5642,2109,16.631283,0.6161902,0.037498787,0.07305937
5643,56,66.974594,0.6145562,0.08275135,0.16058528
5644,5361,1.648098,0.625278,0.0028732568,0.006806925
5644,5646,10.178265,0.62803435,0.021177366,0.041898698
5645,5644,1.6757431,0.6211027,0.0033947527,0.0076436847
5645,5640,88.55319,0.6335379,0.18461396,0.36278546
5646,817,94.528,0.62716764,0.17426458,0.34391534
5646,2373,45.55095,0.62404144,0.095440574,0.1851291
5647,4108,0.94340134,0.034760565,0.004216902,0.008057073
5647,4110,20.22776,0.6450677,0.042199988,0.08293446
5648,5144,0.9764595,0.08260879,0.0030850396,0.005698681
5648,4109,32.537186,0.6405722,0.063198,0.11886437
5649,5652,1.7153664,0.63297904,0.0023676455,0.0056316704
5649,2145,38.81123,0.6297796,0.08027386,0.15712592
5650,5649,1.740097,0.630975,0.0033036694,0.0077394545
5650,390,68.772934,0.63327503,0.13151288,0.26092297
5651,5650,1.6126022,0.6332668,0.002022639,0.005045876
5651,6283,127.67373,0.6308273,0.2620074,0.5163672
5652,5651,1.7431984,0.6359859,0.0031008497,0.007378459
5652,4043,90.23981,0.63491714,0.101970516,0.2023899
5653,1828,1.9604645,0.4706808,0.0027293637,0.0052506775
5653,717,28.851204,0.47837055,0.060442,0.11482965
5653,4856,23.366508,0.47888574,0.05017363,0.09523963
5654,1097,2.3923378,0.5899067,0.009484358,0.0191537
5654,1100,2.618843,0.588525,0.009915359,0.019342303
5655,5656,73.7558,0.6410321,0.21951547,0.4342522
5655,3869,40.360123,0.65614253,0.10207383,0.20063148
5656,5601,30.442883,0.62207055,0.091650814,0.17879763
5657,31,1.5821228,0.6351202,0.0029480755,0.006686315
5658,4486,19.273832,0.60378665,0.051538583,0.10017555
5658,4486,27.575945,0.6026065,0.055359,0.105746664
5659,6474,1.6481514,0.5590722,0.0018336251,0.004699394
5659,3671,120.36879,0.547813,0.30916953,0.6021
5660,3099,35.907177,0.6857077,0.059222814,0.11224221
5660,1630,2.933754,0.67604136,0.0049429536,0.008861542
5660,3126,73.00818,0.6783259,0.14279401,0.28333348
5661,5662,2.9580727,0.66185963,0.0050126463,0.010583371
5661,5349,14.261402,0.67167985,0.025121137,0.049626917
5662,1749,2.7463188,0.6700613,0.0029908791,0.0065680295
5662,6673,16.00881,0.67114055,0.031949908,0.06267829
5663,6672,25.558208,0.6715784,0.042461406,0.0822159
5663,5795,117.66361,0.6678305,0.1626469,0.3211276
5664,4671,0.9692917,0.4879578,0.0037298799,0.007939249
5664,4673,162.62233,0.47012684,0.3253588,0.6286643
5665,4592,2.8595695,0.48511836,0.0027755126,0.006210774
5665,6092,76.44688,0.49232572,0.16735637,0.32341424
5666,3983,0.86593246,0.22344953,0.0031334534,0.006914258
5666,5665,6.8411674,0.48212305,0.014924228,0.029807076
5667,2012,1.5338287,0.45717812,0.004381001,0.008933753
5667,2010,15.198425,0.46291274,0.033247888,0.06396923
5668,5667,1.9143829,0.46598712,0.003976077,0.008292139
5668,3992,27.803232,0.4666,0.0675118,0.1285465
5669,4171,6.1314774,0.6826842,0.011212803,0.02301073
5670,5671,2.685936,0.56791866,0.0025065541,0.0060263723
5670,6467,168.03601,0.55785984,0.44357204,0.86824715
5671,6042,0.9996948,0.56707454,0.0038538426,0.007814944
5671,3304,221.93213,0.5711719,0.31934044,0.6222963
5672,5670,0.95741653,0.563776,0.0048474744,0.009938702
5672,3536,63.094513,0.5637978,0.2024621,0.3957963
5673,5674,2.136238,0.5764633,0.0031098798,0.0069941133
5673,4753,30.8457,0.5786984,0.078215376,0.15169147
5674,5673,1.7989159,0.5801948,0.002415292,0.0055894107
5674,4757,72.91175,0.5732649,0.20184934,0.39640507
5674,844,26.156065,0.5772809,0.05290145,0.1006952
5675,5676,1.9878845,0.57815665,0.003085576,0.006973073
5675,4102,2.2674332,0.57919556,0.0039429143,0.00855729
5676,1877,2.3732834,0.57705796,0.0034238994,0.0072370917
5676,5677,4.3767204,0.578975,0.009172596,0.01863046
5677,5678,1.5151367,0.5775051,0.0017188936,0.0043009967
5678,3183,27.129225,0.57398874,0.05577715,0.10618555
5678,5675,3.0012703,0.57444584,0.006722577,0.013902649
5679,5680,1.413517,0.5657956,0.0021938086,0.0050890446
5679,4345,1.9163742,0.57304627,0.003725566,0.008247048
5680,5681,3.3738556,0.5742594,0.0074392036,0.014987484
5680,1876,37.553078,0.5728371,0.073440075,0.14202851
5681,5682,1.9352226,0.57484,0.0026285425,0.005926475
5681,1880,4.0193367,0.57644165,0.0076187477,0.01553382
5682,5679,3.0100365,0.57142603,0.0066241175,0.0136835575
5682,3276,7.2471046,0.57288605,0.014038764,0.027791739
5683,869,1.5938301,0.58785903,0.0020485967,0.004948154
5683,4178,94.31474,0.5882357,0.1756624,0.34653842
5684,356,6.3655853,0.65488905,0.011572875,0.02333343
5684,4789,65.61767,0.6621781,0.11780283,0.23502411
5685,6326,71.256744,0.5878116,0.17747003,0.34677827
5686,5734,38.26825,0.58921796,0.074191675,0.14503339
5686,5685,12.738934,0.5781775,0.023337685,0.046126097
5686,4720,20.686768,0.57645863,0.042456757,0.08131963
5687,5688,2.4218292,0.48988077,0.007724978,0.016030759
5687,4045,88.16902,0.5095211,0.29070356,0.5653143
5688,1820,79.14961,0.50448275,0.11706954,0.22659273
5689,3069,2.4239998,0.58200705,0.0028433576,0.006903693
5689,3218,0.0,0.5697264,0.006666802,0.013620153
5690,6521,34.565075,0.5630892,0.067697465,0.13192405
5690,5691,10.873951,0.5652528,0.022136502,0.043489426
5691,2966,1.5567589,0.5623199,0.0015005767,0.0038403422
5691,5692,9.15118,0.5626865,0.018820725,0.037508875
5691,3898,45.44626,0.5648306,0.07154836,0.13851799
5692,1160,73.71725,0.56334054,0.13959119,0.27444768
5692,2966,9.150558,0.56291133,0.019096047,0.037630156
5693,5695,4.022541,0.5908369,0.008756444,0.018083468
5693,6171,3.8873482,0.5921751,0.00682237,0.0142324865
5694,5999,2.3031082,0.59312534,0.0031062514,0.006704688
5694,3468,3.400837,0.5893061,0.0070488527,0.014541745
5695,4647,2.7813797,0.5881677,0.005116351,0.011035278
5695,5694,1.2217941,0.5881897,0.0014696568,0.003702253
5696,5697,1.8026505,0.6106823,0.0025174692,0.0057373047
5696,4582,35.22436,0.61528623,0.08661908,0.16821395
5697,5696,2.266613,0.61246127,0.0033676997,0.00733231
5697,852,45.089924,0.61391985,0.08690292,0.17087771
5697,3124,5.3566437,0.61731935,0.01245524,0.024653286
5698,442,3.0687866,0.6032901,0.0058616847,0.012520567
5698,2952,134.10822,0.596161,0.2764706,0.54236597
5699,2267,74.789444,0.5844229,0.14115727,0.2780586
5699,5700,1.8823547,0.5829201,0.0025610775,0.00577347
5700,5699,1.8904266,0.58216524,0.0026019588,0.0057579577
5700,2270,112.955666,0.57906276,0.21266511,0.4173257
5700,5884,48.65022,0.58775324,0.09151652,0.17796655
5701,5886,20.15081,0.5927599,0.043665834,0.08487879
5701,5702,0.68917465,0.3317449,0.0024659783,0.005668536
5702,4375,2.2188148,0.59822714,0.004561439,0.0094810575
5702,5854,22.87761,0.09039283,0.070967756,0.14731196
5703,4068,2.3362465,0.58596736,0.004067771,0.008024842
5703,2269,156.43262,0.5717957,0.2955533,0.57664967
5703,5701,69.48417,0.42970842,0.1762657,0.35371572
5704,3661,2.338314,0.61545473,0.0039590225,0.008837074
5704,6337,6.1648636,0.61697423,0.01441057,0.029151484
5705,6096,1.640152,0.6278512,0.0017999932,0.0040376782
5705,1732,79.73462,0.63496315,0.19659004,0.38842368
5706,5707,14.80064,0.6486111,0.031017363,0.06084816
5706,1619,14.6273155,0.6532512,0.030448955,0.05970569
5707,6040,17.707859,0.65117425,0.037605528,0.07315422
5707,1620,2.6201057,0.65321696,0.0015515313,0.004337251
5708,6201,214.17737,0.55147433,0.49165863,0.96240044
5708,6575,34.291046,0.5637538,0.06904361,0.13393319
5709,4355,2.0794907,0.62058973,0.0039655343,0.00885205
5709,5913,29.769264,0.6281944,0.071988344,0.14002311
5710,347,0.2805519,0.26194566,0.0022312775,0.004512474
5710,4463,62.682198,0.6097183,0.13018766,0.25631708
5711,4500,0.88776016,0.5893534,0.004971601,0.010042742
5712,4814,1.1430817,0.59354776,0.003745228,0.008338898
5712,5588,24.00352,0.6072806,0.065819934,0.1270065
5713,1967,2.0709267,0.6051847,0.0037084147,0.007931933
5713,6607,54.9911,0.6031628,0.16616799,0.32665163
5714,1966,133.62183,0.60103005,0.27810395,0.5457731
5714,5713,0.41082382,0.59604716,0.004275188,0.009129703
5715,1105,40.341618,0.6379581,0.08411405,0.16642128
5716,6710,3.0403137,0.63370395,0.007564388,0.015785694
5716,5715,3.049492,0.6348235,0.003918357,0.009263396
5717,4006,2.264454,0.6068959,0.0034474134,0.007777497
5717,2757,5.545803,0.60996854,0.008742839,0.018122286
5718,4897,1.5867424,0.5886019,0.0022616312,0.0050280094
5719,5515,2.3643303,0.46447444,0.009225592,0.018050477
5719,1899,9.023048,0.47261813,0.021667898,0.042649955
5720,1841,1.1356659,0.51249295,0.0030516237,0.006380379
5720,4836,6.7879333,0.53309983,0.013804615,0.02765365
5721,5722,1.1230545,0.5836603,0.0062451884,0.011888146
5721,1770,3.5778427,0.5831084,0.009182163,0.018540695
5722,1772,1.4117775,0.575414,0.0043309852,0.009353101
5722,5724,2.1721535,0.58463067,0.0060626566,0.012456313
5723,5721,1.1570396,0.5827547,0.006633848,0.012914643
5723,1774,3.667797,0.5839609,0.01012823,0.021093905
5724,5723,1.5315514,0.58205235,0.0051048994,0.010242
5724,1775,2.5294952,0.583623,0.00995104,0.019627318
5725,3242,11.525455,0.5865221,0.023051709,0.045253754
5725,5726,4.7224655,0.5831791,0.008427791,0.0169041
5726,3211,119.531395,0.5817626,0.2246471,0.4413646
5726,5725,2.9963303,0.583399,0.0049590617,0.01051791
5727,4723,9.695274,0.032471836,0.06723375,0.14540718
5728,6264,3.4507675,0.6077478,0.0037661493,0.00784488
5728,681,38.45582,0.6103585,0.07472139,0.14640313
5729,5731,1.3059845,0.60272187,0.004335597,0.009404048
5729,3583,8.235733,0.6032977,0.016735129,0.033425555
5730,5733,1.5847702,0.599821,0.0052326173,0.010620773
5730,5729,2.2145767,0.6010796,0.0034288988,0.0068727285
5731,2943,1.7605019,0.6088371,0.004998639,0.010701433
5731,5732,1.8597527,0.6040395,0.0027621388,0.0064324588
5732,3581,1.9709129,0.5998744,0.0031036586,0.0069765
5732,2943,2.3557205,0.60208637,0.0042199194,0.0092660785
5733,5732,1.5815506,0.60283446,0.0022990182,0.005454138
5733,3581,1.5017395,0.61014724,0.0042049736,0.008950934
5734,6537,1.3455887,0.5701917,0.0010986328,0.0027772188
5734,6363,73.445206,0.5948971,0.13884084,0.27242452
5734,5686,38.26306,0.5865034,0.07453464,0.14519534
5735,283,17.251747,0.606382,0.04071443,0.07893117
5736,5737,1.6813507,0.5344416,0.0030588508,0.006950423
5736,79,68.55507,0.53301114,0.1324508,0.25937086
5736,3886,69.562065,0.5274081,0.23277977,0.45177668
5737,5736,1.9178848,0.5304345,0.0034855753,0.008053899
5737,2640,74.24665,0.53583795,0.16084146,0.31347618
5737,2266,38.90648,0.52118665,0.12811944,0.2502766
5738,2638,1.3858376,0.50301015,0.0024208874,0.005044475
5738,3402,46.645058,0.50183684,0.102377295,0.1970391
5738,237,21.383858,0.5078925,0.045911353,0.08804099
5739,3865,1.772541,0.5027678,0.002574727,0.0055288076
5739,5738,38.530617,0.505647,0.08427401,0.16129373
5740,4235,42.751854,0.5891391,0.0667912,0.1276653
5740,5741,5.8774376,0.5948061,0.011063561,0.022726133
5741,6784,64.113396,0.5951472,0.09370222,0.18238205
5741,5742,6.100502,0.59887415,0.011752047,0.023996696
5742,7017,10.270569,0.5948303,0.020430468,0.040538266
5743,5064,51.958244,0.58415025,0.10424319,0.19594754
5743,5740,40.149265,0.5970784,0.077591,0.1484492
5744,5745,7.0582657,0.39564726,0.015346408,0.026411623
5745,736,5.7072563,0.4291377,0.012924805,0.021857634
5745,2537,3.5242462,0.42511308,0.007548608,0.011558399
5746,2325,3.456871,0.65604967,0.0066162795,0.014224619
5746,2537,2.6192474,0.6547068,0.0033006072,0.007877946
5747,605,4.445381,0.5774105,0.0052514,0.011389896
5747,5614,27.646757,0.5848818,0.060526676,0.116056696
5748,3298,35.47529,0.5553511,0.06072391,0.11645266
5749,5750,2.1074219,0.45249957,0.0030130893,0.006085187
5749,3721,5.7481956,0.45770755,0.012641475,0.024691418
5749,3722,4.235279,0.45488364,0.008053772,0.016032666
5750,5749,1.9243126,0.45261475,0.0027576312,0.005486965
5750,3728,5.283264,0.46050993,0.010821074,0.021037787
5751,3629,1.9185715,0.4549785,0.0029435605,0.0063106716
5751,5755,4.3921967,0.4488881,0.009839103,0.019469634
5752,5751,1.9422684,0.44780695,0.0033552796,0.006917268
5752,5753,3.2218513,0.4481473,0.006314859,0.012441516
5753,2997,2.1826324,0.4509429,0.004424311,0.0089378655
5754,5752,3.412117,0.44557,0.0073602274,0.014480904
5754,2197,16.078785,0.4516129,0.03405508,0.0657043
5755,5754,1.6919975,0.4472823,0.00282868,0.0057953
5755,4041,2.4147644,0.44718638,0.0047786087,0.010048479
5756,5078,60.21302,0.5789552,0.153124,0.30063596
5757,5756,2.3675232,0.57294726,0.0064739063,0.013225734
5757,5411,12.886591,0.58767015,0.026370168,0.051829457
5758,2116,150.3964,0.4787472,0.3001601,0.58039683
5759,267,1.395607,0.63032496,0.0040243566,0.0090185255
5759,3675,2.673233,0.6308668,0.004477836,0.009468585
5760,2657,1.4779854,0.54209524,0.002863869,0.0060568303
5760,2660,31.497156,0.53715265,0.063624516,0.12126635
5760,5051,105.05359,0.5358024,0.20399302,0.3956262
5761,5764,0.88531876,0.42177653,0.0012261048,0.0029976666
5762,5765,4.4732437,0.5357191,0.0086395,0.017960146
5763,5762,21.246244,0.53306544,0.044505086,0.085306056
5763,6610,39.489094,0.5337172,0.07733343,0.15028077
5764,5763,22.26373,0.5383499,0.047263693,0.09097678
5764,5762,1.0191536,0.52874047,0.0019943193,0.0048172027
5765,5236,4.5487556,0.53281724,0.009254351,0.01895307
5765,5761,1.451973,0.5350509,0.002328679,0.005371943
5766,4306,68.01583,0.54808414,0.13940167,0.2734925
5767,6408,1.863617,0.5919602,0.0026344284,0.0057261884
5767,2573,2.275467,0.59084725,0.0050452054,0.010646954
5768,2816,1.7063637,0.5769631,0.004517354,0.009577468
5768,2817,5.08955,0.582175,0.0085261315,0.017649382
5769,2808,6.385517,0.5783421,0.0062621906,0.01349026
5769,2818,5.0440063,0.57977504,0.008942567,0.017833903
5770,1748,167.74825,0.57634515,0.31671032,0.62054354
5770,5771,14.785936,0.5608291,0.03024678,0.058828697
5771,5149,26.773499,0.5619014,0.06436306,0.124696136
5771,6535,7.6456985,0.55136096,0.015234813,0.03008242
5772,5773,1.9707756,0.57926345,0.001781255,0.004167244
5772,7081,63.504795,0.58204854,0.11736644,0.22731921
5773,5772,1.6299133,0.5746687,0.0010009184,0.0025559068
5774,7083,7.671013,0.58483326,0.014935084,0.02986379
5775,5776,0.7444954,0.37969375,0.0040237904,0.0037372857
5775,4091,17.917078,0.42051917,0.05683958,0.093991145
5776,658,3.3020554,0.41344208,0.0052683353,0.0054366738
5777,4156,21.485308,0.19775718,0.05095851,0.094618715
5777,5778,23.353989,0.16906583,0.057093002,0.106056735
5778,1975,3.4682121,0.15307084,0.006696105,0.014034376
5778,5777,24.694576,0.17439398,0.05930107,0.10988055
5779,6686,18.551315,0.6049113,0.04668456,0.090641275
5780,275,80.36564,0.4500236,0.1630947,0.31451213
5780,5233,1.7865219,0.44458488,0.0027667359,0.0072241724
5781,5782,0.65790176,0.3227365,0.00085376203,0.0015530586
5781,5231,2.0550232,0.45752388,0.004343897,0.0093321055
5782,5233,1.4306145,0.20458183,0.0,0.00046424568
5782,5780,0.9676285,0.44168732,0.0015681013,0.0044367462
5783,2118,2.1719475,0.45294657,0.0023859069,0.0048751384
5783,3776,8.059586,0.4568647,0.016559303,0.032315433
5784,6786,118.53491,0.5762324,0.24581107,0.48147118
5784,3033,10.861244,0.5769688,0.023337089,0.045945033
5785,5097,2.0734367,0.5759671,0.00402458,0.008729771
5785,5786,3.3733673,0.58093274,0.006872654,0.014073059
5786,615,1.6280556,0.5794087,0.0034861565,0.007877037
5786,5785,2.612278,0.5816213,0.0056243762,0.0117556155
5787,616,82.13971,0.5782793,0.24640453,0.48488575
5787,5788,15.472935,0.57940817,0.03339157,0.06472226
5788,5787,12.934473,0.58126926,0.031255167,0.06087128
5788,615,1.2465057,0.5791305,0.0055377707,0.011372432
5789,3415,1.0655937,0.5536525,0.0036519319,0.007948756
5789,1613,20.422058,0.017265141,0.09030742,0.18540122
5790,5791,2.4514465,0.5559054,0.0013385117,0.0037571192
5790,4894,21.433638,0.5578259,0.047154482,0.090907894
5791,5790,2.4268646,0.55484295,0.0014118627,0.0038337857
5791,5816,17.735802,0.55768573,0.038500294,0.07478522
5792,5007,4.326332,0.5573889,0.00914406,0.01856327
5792,901,3.3505516,0.5468949,0.0035151914,0.008108273
5793,4891,2.247795,0.55382496,0.0014511719,0.0035584718
5793,564,60.842712,0.5540624,0.12998115,0.25364482
5794,2334,1.3759422,0.44835153,0.0043849573,0.008770019
5794,5871,83.65538,0.45571393,0.28701198,0.554535
5795,5663,118.16963,0.66204125,0.16271275,0.32132658
5796,5797,0.29820633,0.47070983,0.0012884513,0.0022463799
5796,4823,5.69989,0.58188695,0.010930583,0.022075072
5797,5798,2.9995117,0.5807149,0.0075558648,0.015309542
5797,5796,1.045166,0.47575715,0.0031410977,0.00547415
5797,5626,3.5176353,0.5780722,0.012053102,0.023748532
5798,6868,2.1081314,0.5867045,0.006265253,0.012768239
5798,5797,2.7456932,0.5808545,0.007580921,0.01554051
5798,5479,40.810917,7.611513e-05,0.22696397,0.4920289
5799,5800,1.2268105,0.44482028,0.004300751,0.008637115
5799,5902,25.649332,0.4502374,0.07337287,0.14083907
5800,5799,0.9972038,0.44584024,0.004067607,0.008560181
5800,5027,34.76111,0.44203687,0.07358632,0.13721198
5801,609,1.8002396,0.58204985,0.0030516088,0.0069824606
5801,610,28.100641,0.5848266,0.06022018,0.11640331
5802,4785,3.7990417,0.5854428,0.0057402924,0.011974692
5802,730,2.3104477,0.58248144,0.0038798824,0.0083453655
5803,1793,1.2758408,0.5437919,0.0017729104,0.0043825805
5803,5804,17.060059,0.5464658,0.035714705,0.06979079
5804,722,1.4978943,0.54547507,0.0020980611,0.0050262213
5804,1793,16.146906,0.5442127,0.034062024,0.06629723
5805,4283,1.3179054,0.6098049,0.0033880398,0.0074215382
5805,2766,15.607374,0.61702484,0.036072012,0.07058811
5806,2402,1.6369438,0.48065427,0.002347879,0.0048863143
5806,3690,63.16384,0.48118877,0.1706971,0.33063576
5807,5809,27.697369,0.55581206,0.056988712,0.1089194
5807,5378,12.191669,0.56200767,0.024478197,0.049061984
5808,4945,0.16358185,0.035813004,0.00060936064,0.00087946653
5809,5807,27.417171,0.5556652,0.057052493,0.10879949
5809,6545,1.6723824,0.5540693,0.0021916255,0.005068332
5810,5809,1.556179,0.55478656,0.0024755895,0.0057679713
5811,2273,1.9546165,0.5284414,0.0039242655,0.008146048
5811,3989,3.1326752,0.53139925,0.00282266,0.006745994
5812,5364,65.31363,0.43172365,0.22058612,0.34992942
5812,2125,28.661053,0.41452426,0.10290365,0.16268428
5813,5814,2.578724,0.5711384,0.0048321486,0.010383651
5813,2796,111.77017,0.57247484,0.23227602,0.45510703
5813,7005,24.823648,0.571927,0.05350371,0.10228051
5814,5813,2.5254402,0.5701664,0.0047077835,0.009911001
5814,4482,177.90343,0.55397534,0.3729803,0.72667974
5815,5816,2.5070877,0.5542629,0.0019202679,0.0045838803
5815,5790,18.090181,0.55445117,0.03956322,0.07675307
5816,898,20.642542,0.557399,0.04528547,0.08735725
5816,5815,2.6528702,0.55190617,0.0020397305,0.0048029274
5817,5818,2.5462494,0.5535248,0.0020771623,0.004843369
5817,4893,26.630665,0.5567009,0.058318216,0.11148074
5818,5817,2.5459747,0.5506347,0.0019173995,0.004701674
5818,5792,24.686079,0.55719197,0.054516267,0.10559177
5819,5675,2.5152206,0.5713655,0.0039908215,0.008384913
5819,4102,8.385654,0.5724874,0.009104423,0.018926919
5820,5821,1.2411423,0.5131301,0.004453495,0.0093052685
5820,77,18.709919,0.5114675,0.052070875,0.10158051
5821,5820,1.5795479,0.5090024,0.00482513,0.010108054
5821,3121,18.419874,0.5153052,0.038366206,0.07421933
5822,1701,2.2835426,0.5727388,0.004632354,0.009581223
5822,5823,2.705841,0.5692563,0.00788904,0.016211852
5823,4197,21.275646,0.57589895,0.050708048,0.09763189
5824,1428,16.245155,0.57516325,0.034849815,0.06736843
5825,3789,1.3650093,0.57341975,0.005306594,0.011270285
5825,5824,2.5923653,0.5746404,0.008101262,0.016363502
5826,83,1.3480606,0.5645048,0.004960239,0.010718733
5826,5827,2.0537758,0.56626254,0.0061866865,0.013015971
5827,6087,1.2380791,0.5652267,0.0023516864,0.005416572
5828,82,2.2849884,0.5518444,0.003986761,0.008598253
5828,4107,16.189402,0.55791485,0.03018786,0.05915594
5829,5830,1.1480637,0.5871621,0.0036673546,0.0076103657
5829,5443,130.85187,0.5882804,0.24739677,0.48485303
5830,745,200.92221,0.58857447,0.5342565,1.0503703
5831,5832,0.7439842,0.5882481,0.0030229911,0.006440744
5831,3149,103.17006,0.5830704,0.27921206,0.54804045
5832,5831,1.069004,0.5889429,0.0030921176,0.0062597096
5832,2758,4.6996956,0.5902027,0.00810416,0.016356453
5832,3464,53.343307,0.59461576,0.10088788,0.19730055
5833,4541,1.4448509,0.56201375,0.0025059879,0.005223289
5833,2704,41.38853,0.5738734,0.08002931,0.15484445
5834,3184,1.079876,0.26279414,0.0005731657,0.00063695014
5834,5835,3.3477936,0.58190423,0.005714029,0.011840552
5835,3185,0.7204933,0.29653573,0.00044036657,0.00055100024
5835,5834,3.4810486,0.5814737,0.0059119686,0.012163833
5836,1457,2.101654,0.58849895,0.0057179853,0.011462003
5836,5837,1.565628,0.5853702,0.001303114,0.0035123825
5837,5836,1.5532761,0.5834642,0.0014194176,0.0037392974
5837,3473,4.1935654,0.58465636,0.010850593,0.02207525
5838,3473,1.6610069,0.5832074,0.0015482306,0.003982544
5838,5836,4.9548683,0.58596325,0.012004316,0.024339259
5839,5840,1.9646721,0.5843477,0.0021426603,0.0048496574
5839,3996,1.9471779,0.582605,0.0022311285,0.0051113963
5839,5841,15.111624,0.586726,0.033866107,0.066132315
5840,5837,4.0506554,0.58948517,0.0102927685,0.021180913
5840,5839,1.9722633,0.5866986,0.0024652258,0.005605653
5841,5842,2.067173,0.5859928,0.0023453608,0.0054843426
5841,5844,29.449247,0.59092045,0.070980236,0.13758022
5841,3585,1.8432693,0.5851673,0.0019308776,0.004732579
5842,5841,2.23106,0.5884736,0.0026008487,0.0060134083
5842,3997,40.002144,0.586586,0.07572992,0.14803925
5843,5844,1.6970444,0.5878655,0.0018525273,0.004578173
5843,3585,28.804838,0.5906823,0.07053065,0.13725138
5844,5843,1.9171257,0.5886471,0.0020274147,0.004772544
5844,3998,2.0968552,0.5849531,0.0052286163,0.011267066
5845,5846,1.8241539,0.5911529,0.0018634424,0.004832983
5845,6312,31.348927,0.5948009,0.07538697,0.14692034
5846,5845,2.0620651,0.5903971,0.0023447648,0.005687326
5846,3881,30.51575,0.5959858,0.074288175,0.14428481
5847,6278,1.3920975,0.56649095,0.0027288422,0.0060818195
5847,4975,4.575817,0.570452,0.0037904829,0.008237138
5848,5611,92.47031,0.58723795,0.2232692,0.4377032
5849,5848,1.628128,0.5894067,0.003884703,0.0084530115
5849,782,121.016075,0.58586633,0.22619727,0.44325197
5850,801,49.757748,0.5944195,0.09513612,0.18438065
5851,5852,2.7390747,0.66378844,0.0019434318,0.0048087835
5851,5881,61.509445,0.65398884,0.12756163,0.25220728
5852,5851,2.802021,0.6609174,0.0021478683,0.0051850528
5852,5032,94.89786,0.6674905,0.19441673,0.384457
5853,6073,1.0993347,0.6227126,0.0022557825,0.005314827
5853,6074,1.9588051,0.6215583,0.0051179603,0.011268273
5854,3533,3.9657784,0.04803899,0.010989644,0.022601545
5854,4375,22.089403,0.019746482,0.07487303,0.1535817
5855,5857,2.9127464,0.6359831,0.0033922195,0.007956281
5855,5629,70.0029,0.6242478,0.09735657,0.19016153
5856,5855,2.7896423,0.6247015,0.0036224946,0.0078368485
5856,1989,7.868992,0.63790727,0.017800175,0.035255566
5857,3596,1.4464989,0.6257486,0.0043465868,0.00942266
5858,3872,49.08561,0.63839304,0.09176714,0.17970206
5858,69,9.402416,0.63222665,0.018577233,0.037207708
5859,5860,1.6180496,0.6101458,0.004778266,0.010168314
5860,5861,2.4613914,0.60893327,0.0032294244,0.0075478256
5860,1640,93.39592,0.59890884,0.23930106,0.47135246
5861,3506,1.7879982,0.6081403,0.0050130635,0.010276243
5862,5864,1.8066673,0.62141675,0.0028744116,0.006637469
5862,433,3.402382,0.6198938,0.006452039,0.013418198
5863,4987,1.670105,0.62421536,0.0028452054,0.0063587576
5863,2779,2.2485428,0.62696826,0.0042697564,0.009337336
5864,5863,1.4842567,0.6209925,0.0027770996,0.006617278
5864,5478,3.5476723,0.6236586,0.0064829886,0.0133702755
5865,6316,1.6295013,0.6301978,0.002644956,0.0065363497
5865,6922,2.4535713,0.6294739,0.0044680536,0.009896666
5866,5865,0.45977402,0.40329134,0.0010377839,0.0023038238
5866,6372,28.328583,0.6301284,0.06185378,0.11847426
5867,5868,2.4993668,0.58183604,0.0027485788,0.006132707
5867,6356,26.567299,0.5827723,0.053240646,0.102189794
5868,5867,2.3605843,0.57741934,0.0025792941,0.0059153885
5869,5870,2.0249786,0.58048683,0.0057869777,0.012020811
5869,1102,91.40706,0.0,0.31781274,0.66665965
5870,751,105.73777,0.0,0.5439728,1.1327461
5871,1856,1.664814,0.48263082,0.0029046535,0.006253585
5871,1078,51.96453,0.48332727,0.16652125,0.32469857
5872,5465,1.3952637,0.4723382,0.004523903,0.009525865
5872,1853,79.78101,0.45657426,0.278026,0.53860575
5873,5711,1.9964638,0.60222685,0.0036802888,0.007730499
5873,875,10.394491,0.597111,0.02679386,0.05250685
5874,5873,0.0,0.58486056,0.0029728115,0.0064681917
5874,6787,39.71933,0.6047285,0.083184734,0.16140336
5875,4015,0.0,0.16968581,0.0022641271,0.0040422976
5875,5876,0.835289,0.58931726,0.0025620013,0.005100459
5876,5875,1.1174393,0.59876215,0.003340304,0.0067231506
5876,4501,40.028664,0.60182273,0.12667577,0.24769494
5877,5714,1.8966675,0.6003869,0.0036497414,0.0075608045
5877,872,28.01635,0.60451347,0.07968013,0.15680508
5878,2501,2.133873,0.6748712,0.004302554,0.009217486
5878,1632,182.7702,0.65785265,0.6053047,1.1877174
5879,5880,2.8937874,0.6539142,0.0018092766,0.005187705
5879,3492,22.47475,0.65573055,0.04814667,0.0937978
5880,5882,6.73402,0.6499045,0.0133217275,0.02696234
5880,5879,2.7545547,0.6508781,0.0016116053,0.0049382895
5881,5879,5.893505,0.6499075,0.011815801,0.024136215
5881,5882,2.5696716,0.6584901,0.0015121773,0.004319787
5882,5881,2.4423485,0.6538333,0.0014302582,0.0038301647
5882,5852,61.697075,0.65672314,0.12630355,0.25048608
5883,3077,1.5496178,0.55147916,0.0019976273,0.0046281517
5883,4996,38.63245,0.5555022,0.07435603,0.14612918
5883,6239,25.943865,0.5515891,0.057267603,0.10916542
5884,6069,1.8253555,0.57998973,0.002841264,0.0054436326
5884,1943,28.076273,0.03379786,0.099051654,0.20624818
5885,5884,0.0,0.05705595,0.0016610399,0.00403668
5885,5699,49.803867,0.58273804,0.09217378,0.17777784
5886,5887,2.7365265,0.5810671,0.001853466,0.0048882216
5886,2269,61.263756,0.5861847,0.1284474,0.2508136
5887,5886,2.8277931,0.58422035,0.0025932342,0.0061277
5887,5702,20.92837,0.59227365,0.046610385,0.09090715
5888,1034,2.3084908,0.54212886,0.0049515218,0.010442629
5888,5889,6.860409,0.5457424,0.012454055,0.025461614
5889,2621,19.355413,0.54391265,0.0429117,0.083144866
5890,451,240.34314,0.6521549,0.44455925,0.8738786
5890,5168,2.9865265,0.64172006,0.0039744005,0.008443192
5891,5168,0.0,0.046837628,0.0038458854,0.0072037727
5891,5890,3.6563263,0.646927,0.00639984,0.013195738
5892,536,1.8502197,0.34369177,0.0034990683,0.006893307
5892,3699,98.38903,0.37713164,0.29080787,0.5617345
5893,6290,2.3413658,0.42741922,0.00418479,0.008757532
5893,5894,3.889492,0.44245264,0.0061266273,0.0121112615
5894,2303,51.234364,0.46345153,0.13237286,0.25641486
5895,1231,40.55156,0.40930098,0.089794464,0.17217737
5895,5896,3.4223442,0.4120555,0.0081977695,0.015962735
5896,5897,2.1852798,0.41436228,0.004790716,0.0093732625
5896,1237,51.81057,0.3862655,0.13325569,0.25893664
5897,6626,1.7688026,0.40901592,0.0052856207,0.01051113
5898,5899,1.4564629,0.42257074,0.004863873,0.009651482
5898,2544,35.783627,0.41877085,0.076004446,0.14302976
5899,5898,1.5741806,0.4228204,0.0050410107,0.0101576
5899,2555,118.46346,0.39525127,0.3905784,0.7564912
5900,5901,1.2959137,0.4333354,0.0043725595,0.00875026
5900,5794,119.518196,0.44491464,0.3511366,0.6812889
5901,5900,1.5414047,0.4360056,0.005128026,0.010285586
5901,2053,71.4386,0.43386292,0.1465438,0.28189468
5901,1238,18.226297,0.43029302,0.038984235,0.07500635
5902,5027,0.96700287,0.44555652,0.004702881,0.009644121
5902,6829,24.611403,0.43898207,0.07219661,0.13979141
5903,5904,1.3890343,0.5283895,0.004591629,0.010085762
5903,1991,181.43958,0.5105463,0.3461129,0.66936827
5904,4062,78.27144,0.5162684,0.1526895,0.2969116
5905,1516,0.7438469,0.5054213,0.0031039566,0.00690867
5905,3197,53.244446,0.50174344,0.14473164,0.28331205
5906,1714,2.2663918,0.5264655,0.0037433207,0.0077212304
5906,3826,5.1123505,0.5325857,0.0047005564,0.010282323
5907,6484,1.2920074,0.63674116,0.0028893203,0.0061042756
5907,2065,43.33032,0.66450846,0.13294485,0.26105767
5908,2728,2.6301003,0.44470805,0.003424719,0.00684005
5908,5893,44.975418,0.4358036,0.09300209,0.17840062
5909,2830,2.3165283,0.6293133,0.003723599,0.0075803697
5909,5910,2.6079369,0.62987185,0.004363589,0.008590937
5909,5505,58.947952,0.6350666,0.10896001,0.21485382
5910,5909,2.5169334,0.62940115,0.004382059,0.0090239495
5910,29,27.01345,0.6346434,0.05463632,0.106031545
5911,6992,1.1333771,0.6097149,0.0022118539,0.005061209
5911,3339,8.237225,0.6204132,0.016824648,0.03360653
5912,1813,0.5772133,0.31872475,0.0054588243,0.007926196
5912,597,1.8487434,0.58149344,0.0031338409,0.007423267
5913,5914,1.8211021,0.6206118,0.0017873868,0.0048172325
5913,5940,73.241974,0.62984836,0.17280495,0.34018505
5914,5913,2.174717,0.62153304,0.0024758577,0.006106317
5914,4355,30.200428,0.6299657,0.07326566,0.14332989
5915,4763,44.95159,0.6312103,0.106488064,0.20743231
5915,5916,2.2662354,0.6278554,0.0025471076,0.0063804686
5916,5525,65.94579,0.630376,0.15985945,0.3151986
5916,5915,2.4002075,0.62815917,0.002815403,0.0068822354
5917,5918,2.3827248,0.5808236,0.002791591,0.006743282
5917,5912,10.829975,0.57872677,0.037423488,0.07331469
5918,5917,2.4796867,0.5823612,0.0032567605,0.007397428
5918,3209,9.738853,0.5785848,0.04463336,0.08810906
5919,0,1.6908226,0.582944,0.0056735277,0.011859313
5920,5921,1.6944237,0.5844016,0.0016266257,0.004127428
5920,5143,1.4051056,0.5855774,0.0042268336,0.009229034
5921,5920,1.5886154,0.5832294,0.001446858,0.0038475692
5921,4767,36.22211,0.58801806,0.087959275,0.16969673
5922,5923,1.5600166,0.57862675,0.002629906,0.0055107325
5923,5336,1.7008896,0.5829509,0.0028800368,0.006397173
5923,4786,1.7597618,0.583205,0.0030108392,0.006739676
5924,4782,201.75554,0.5761424,0.42160568,0.8235178
5925,5926,2.8472633,0.57678866,0.0021804273,0.0054062307
5925,2480,147.34367,0.57563674,0.30350837,0.5916121
5926,5925,2.7912445,0.57923365,0.002143629,0.0051904917
5926,5928,74.62903,0.58051884,0.15713951,0.30660838
5927,5928,2.8839073,0.57776,0.0024553016,0.005802408
5927,5925,73.11336,0.5770909,0.1528657,0.29804036
5928,5927,2.8133392,0.5770978,0.0023909956,0.005633682
5928,5930,90.42433,0.57487226,0.18998261,0.3699813
5929,5930,3.0101814,0.576067,0.0027159303,0.0062943846
5929,5927,93.46543,0.5770325,0.19492637,0.37940237
5930,5929,2.846222,0.57413036,0.0022107959,0.0053361803
5930,4865,34.65055,0.5842802,0.07463638,0.14312159
5931,341,33.813633,0.61921686,0.07172145,0.13980591
5931,5932,23.404911,0.62070465,0.05116562,0.098475166
5932,340,72.82617,0.61976135,0.14988664,0.29585683
5932,5931,21.960375,0.6196805,0.047209352,0.09096127
5933,3489,6.539852,0.5878111,0.010809384,0.022028401
5933,5619,1.0369339,0.5840101,0.0036013648,0.007488072
5934,1084,1.9791183,0.5958365,0.0033208951,0.007247165
5934,5291,66.23891,0.5996329,0.13769944,0.26966888
5935,2606,1.8584099,0.55542487,0.0026450604,0.005857736
5935,6755,19.17263,0.55835044,0.04192912,0.081114165
5936,5937,2.9035988,0.3564226,0.004826337,0.009497061
5936,4525,1.4744949,0.35816064,0.00805416,0.015677124
5937,5936,2.3534698,0.35829765,0.003698364,0.0071825534
5937,1903,18.66449,0.34959134,0.05296612,0.10523016
5938,5291,2.6592903,0.5941835,0.002345778,0.005132228
5938,1084,65.04924,0.595608,0.13696186,0.2685829
5939,2827,1.3871269,0.6210936,0.0033895448,0.0070935637
5939,5419,9.336643,0.62558794,0.021399602,0.041672304
5940,5420,4.1656837,0.62238795,0.010145456,0.020501956
5941,3139,5.0792923,0.53337306,0.012631573,0.025695875
5941,1174,52.603706,0.53429466,0.11136507,0.21738888
5942,5943,2.709095,0.3012385,0.00240805,0.004545808
5942,5944,30.49678,0.30445725,0.0739274,0.13887385
5943,5942,2.7477837,0.30096954,0.0024632588,0.004690975
5943,688,57.78924,0.29648018,0.13662171,0.26693863
5944,5945,2.6366386,0.3092267,0.0025176927,0.0047783703
5944,6926,28.235806,0.30920142,0.067675866,0.12740266
5945,5944,2.4334831,0.30924606,0.0021936744,0.004314229
5945,5943,30.852852,0.30409557,0.07466604,0.14080326
5946,5947,5.808075,0.6149894,0.009470724,0.019015998
5946,5948,2.9494934,0.6193863,0.0039141923,0.008441061
5947,6328,2.381527,0.61787146,0.0025807396,0.0061510354
5947,6319,61.924706,0.62596524,0.088035844,0.16966417
5948,1859,3.0826607,0.6227379,0.004398182,0.009149447
5948,1330,5.5863533,0.62049055,0.010454059,0.021138355
5949,689,60.222977,0.3241079,0.14093953,0.27459407
5949,1520,5.7315407,0.31857455,0.0136491805,0.025652036
5950,1520,1.799263,0.3166343,0.0037055165,0.0070284605
5950,5949,4.569851,0.3178409,0.011514708,0.021956816
5951,2711,5.4648514,0.53428197,0.015844181,0.03138551
5952,5941,3.266674,0.5309433,0.007616289,0.01582338
5952,2712,5.538334,0.5313324,0.016531698,0.03298728
5953,5954,2.6141205,0.59390235,0.0019965395,0.005000934
5953,2744,17.419798,0.5969221,0.037571803,0.0728772
5954,5953,2.621132,0.5932785,0.0019030795,0.0048192292
5954,1239,13.089794,0.5976042,0.028179199,0.055241473
5955,5956,1.811203,0.5367494,0.0017664135,0.0040507913
5955,5958,49.039135,0.54362035,0.09564814,0.18608224
5956,5960,10.39193,0.5426497,0.02117695,0.04210815
5956,5955,1.719284,0.537224,0.0016332567,0.003938079
5957,5958,1.958931,0.53675586,0.0020833835,0.0047692806
5957,5956,49.19491,0.54206145,0.096169285,0.18675804
5958,5957,1.8533134,0.5367445,0.001824759,0.004285723
5958,5959,30.637455,0.53899914,0.06188071,0.11854699
5959,5961,1.774147,0.5373992,0.0016479641,0.003963992
5959,5962,15.608778,0.5409345,0.03266845,0.06357522
5960,4705,24.979963,0.53889024,0.06405379,0.124268636
5961,5959,1.7775421,0.5370346,0.0016739964,0.0039700866
5961,5957,30.559261,0.54089034,0.061928347,0.118448034
5962,5004,9.960907,0.5413386,0.020098142,0.03969145
5962,5961,14.922525,0.54086185,0.031238224,0.06085813
5963,4305,21.673037,0.5190182,0.047974978,0.0917937
5963,5966,9.646614,0.5246261,0.020810932,0.041154906
5964,1205,1.4193535,0.5534669,0.0027179122,0.0059565306
5964,6541,97.81051,0.54431033,0.18635938,0.36403343
5965,5966,23.229239,0.5209423,0.05053801,0.09680762
5966,5965,22.650331,0.5235871,0.04923724,0.09391024
5966,5963,9.72427,0.52343845,0.020986296,0.041462258
5967,1347,0.0,0.046351492,0.0042357,0.0073673427
5967,5964,1.5401993,0.55264354,0.0019178018,0.0048117936
5968,5967,1.355751,0.5518875,0.0015182793,0.0030553192
5968,264,69.17597,0.021900743,0.36341956,0.7545468
5969,4768,47.27201,0.5844473,0.11513815,0.22413261
5969,1286,29.716846,0.5915257,0.07276228,0.14192075
5970,5342,1.3060684,0.543402,0.0021324307,0.005288869
5970,3932,34.415718,0.5505883,0.068248674,0.13191599
5971,5972,1.081955,0.5318692,0.0016799718,0.0040136576
5971,562,65.4014,0.54409635,0.12619072,0.24711062
5972,5552,1.7599258,0.5405312,0.0024779662,0.0055324435
5973,1611,0.9326706,0.5374511,0.0040419623,0.008486077
5973,5974,31.504234,0.5448856,0.062957056,0.12277958
5974,5341,1.4014435,0.5479531,0.0019240379,0.004484743
5974,5110,32.64276,0.54737043,0.065224715,0.12575033
5975,5976,1.1202316,0.5404361,0.0013416782,0.003443554
5975,5111,31.650454,0.5417515,0.06443383,0.12353608
5976,1608,1.3447113,0.5422169,0.0016335845,0.00370273
5977,5973,26.720642,0.5458083,0.06843297,0.13184442
5977,1609,5.317318,0.5440539,0.0101136565,0.020526022
5978,5979,1.8855934,0.5267981,0.0023039132,0.0055362135
5978,5172,64.97947,0.5337734,0.16604415,0.32220176
5979,5978,1.5916367,0.5290235,0.0017324612,0.0045440495
5979,257,35.60987,0.52286243,0.08906859,0.16851968
5981,3051,28.181221,0.599736,0.08817252,0.17329596
5982,5985,2.038433,0.5979691,0.0039138794,0.008644164
5982,5981,40.214424,0.6017927,0.07785058,0.15257926
5983,398,1.8641243,0.5967902,0.0032791123,0.0069845766
5984,5983,0.0,0.5834921,0.005909413,0.010325313
5985,5984,1.9164467,0.6002236,0.0029421896,0.0060125887
5985,5981,21.04906,0.6049368,0.078630306,0.1584196
5986,3051,2.3550491,0.60090727,0.0035194606,0.0074928254
5986,5984,47.744595,0.60610485,0.1704846,0.33574277
5987,734,0.65737534,0.59203386,0.0056015924,0.011303574
5988,4700,1.6208458,0.5365127,0.002743177,0.0058490485
5989,6358,2.3913956,0.5890993,0.004730396,0.009901166
5989,281,36.03634,0.5870735,0.07576174,0.14745444
5990,4598,1.8715477,0.6526656,0.0038831234,0.008509889
5990,4596,22.832047,0.649065,0.046805497,0.090403184
5991,5992,2.576744,0.5507794,0.0019739047,0.0048853606
5991,4890,2.8112297,0.55098116,0.0063114613,0.01321286
5992,5991,2.497902,0.54672265,0.0017505735,0.0043825805
5992,5570,98.09295,0.5473746,0.20707406,0.40178633
5993,5994,1.2999153,0.55459285,0.0039633065,0.007736787
5993,4237,8.70282,0.034044713,0.03278874,0.06349772
5994,5993,1.0821037,0.5538182,0.0033015758,0.0067645162
5994,917,16.717045,0.5525701,0.03600775,0.06984564
5995,5996,1.6060448,0.5856707,0.0014858544,0.0038137436
5995,3823,72.61458,0.58830154,0.1843557,0.36021107
5996,5995,1.9904022,0.5885466,0.0021293238,0.005035296
5996,4327,61.977592,0.58950716,0.16473305,0.32257473
5997,5102,1.8158722,0.43987074,0.0028611645,0.006047502
5997,5998,1.1866455,0.4269847,0.0043118745,0.008734167
5998,5997,1.3781776,0.43096194,0.004317634,0.008739933
5998,539,20.23101,0.44908062,0.05055924,0.09755958
5999,5829,28.487303,0.5897441,0.057009134,0.10920985
6000,6001,2.3611412,0.44317186,0.0032971576,0.0070351064
6000,6878,45.23607,0.4569209,0.11216916,0.2183125
6001,5251,1.6781158,0.44613796,0.005256027,0.0109348
6001,6000,2.2818298,0.44179454,0.003177993,0.006713316
6002,691,1.1866341,0.59115356,0.0038112476,0.008182481
6002,6003,30.46531,0.5867332,0.05294647,0.10195147
6003,223,10.872345,0.5866161,0.024630591,0.04846306
6004,6005,1.0649338,0.5345783,0.0039137155,0.0087197125
6004,3454,29.85028,0.53864914,0.08858707,0.17079097
6005,6004,1.0563049,0.5300859,0.0037833154,0.0077500194
6005,1821,113.042534,0.5397566,0.16523544,0.32346845
6006,2471,1.6826668,0.46580374,0.0023976415,0.0050519407
6006,6651,89.06612,0.46807444,0.2398451,0.46344805
6007,3468,2.1451912,0.58651865,0.0034873039,0.007942736
6007,3469,13.170069,0.58270115,0.016177952,0.03271672
6008,6009,1.3243942,0.55634093,0.004284404,0.009015337
6008,776,3.635147,0.5601788,0.012056626,0.024439096
6009,3880,5.0516815,0.5575932,0.009504378,0.019387618
6009,6008,1.1464844,0.5548063,0.0038943067,0.00849013
6009,1160,122.1852,0.5585987,0.23183471,0.4540404
6010,4493,2.1432495,0.6006434,0.0038379878,0.008235753
6010,5658,33.13839,0.6046481,0.10006894,0.19573532
6011,6014,8.722275,0.4992618,0.023437098,0.045996025
6011,6015,11.024359,0.49961045,0.026400194,0.051819846
6012,2452,0.090927124,0.04223135,0.0045443773,0.00867559
6012,6013,1.0650864,0.532301,0.0034727305,0.007157132
6013,4147,55.873386,0.5200183,0.111285254,0.21848026
6013,6012,1.037941,0.5401569,0.0030637607,0.0064044297
6014,6015,1.2702446,0.49442115,0.00428313,0.008817792
6014,1713,26.820808,0.4901452,0.059970643,0.113852985
6014,6019,9.207909,0.49282363,0.021990545,0.043114796
6015,6014,1.2857132,0.4978531,0.00408151,0.00828293
6015,6018,9.896809,0.4954144,0.023867793,0.046827927
6016,4780,1.1785431,0.53821206,0.0038519204,0.007864371
6016,6262,37.45176,0.54794806,0.071560666,0.13794063
6017,1713,28.653316,0.48482168,0.0629031,0.11900017
6017,6019,15.814953,0.48555148,0.03626663,0.070029445
6018,6019,2.0491447,0.48785603,0.0026992261,0.005496457
6018,1310,37.269337,0.4832392,0.0918868,0.17774925
6019,6018,1.9427071,0.49056226,0.0023897737,0.004949525
6019,6017,16.361683,0.48886207,0.037879646,0.073101014
6020,2264,6.030308,0.538378,0.017145805,0.033800527
6020,6021,0.99256897,0.5337964,0.0032527596,0.0066899657
6021,6020,0.6052551,0.53240377,0.002550885,0.005217701
6021,6386,2.9485626,0.53476804,0.011085436,0.022262111
6022,6023,2.3761368,0.67252374,0.006480612,0.014143154
6022,3092,209.44461,0.657165,0.3009193,0.5903792
6023,1634,34.166225,0.6690167,0.10108478,0.19741267
6024,6025,2.5292282,0.5550167,0.0017742068,0.004391268
6024,5307,23.734024,0.5603564,0.05212909,0.09934477
6025,6024,2.4990501,0.55616766,0.0018603355,0.004600346
6025,5935,13.061745,0.5582407,0.028820738,0.05638846
6026,6027,2.5307198,0.5688058,0.0017905086,0.0045084357
6026,6030,12.7077465,0.5734499,0.027609862,0.054275304
6027,6026,2.4155998,0.56923527,0.0015282258,0.0039185584
6027,4697,27.051338,0.57531,0.058881197,0.11237429
6028,6029,3.0255165,0.5694518,0.0023598224,0.005317569
6028,1143,36.59751,0.57388127,0.0788773,0.15184586
6029,6028,2.9823952,0.5701691,0.0026726946,0.006140724
6029,2871,12.832563,0.5732666,0.027931847,0.054666825
6030,6031,2.6540375,0.5662785,0.0020215511,0.004956782
6030,818,3.9275932,0.5727907,0.008522525,0.017509937
6031,6030,2.333561,0.5678802,0.0015577972,0.0039765537
6031,6027,12.320915,0.5715185,0.026956074,0.053012162
6032,6033,3.1776848,0.6742008,0.00282678,0.0065294653
6032,4332,26.468027,0.67246413,0.055869225,0.10828671
6033,6032,2.8739815,0.67754847,0.0021372065,0.0054065883
6033,4781,52.249413,0.67592394,0.10700482,0.20994073
6034,5633,2.2532234,0.66579765,0.0037086532,0.007687807
6034,3196,12.847845,0.6609324,0.022792801,0.04475075
6035,5633,2.0612144,0.6646879,0.004025966,0.008275375
6035,6036,5.1738586,0.6654582,0.009927981,0.019967377
6036,1735,144.09091,0.65985274,0.28071362,0.5533708
6036,6035,4.232258,0.6719713,0.008021139,0.016614035
6037,2150,2.0930214,0.65115005,0.0030968636,0.006150499
6037,6306,11.193346,0.03713265,0.07115523,0.15290986
6038,6039,2.7513733,0.65563816,0.001916185,0.0048909485
6038,1660,19.674877,0.6580369,0.042194072,0.08131828
6039,6038,2.7003021,0.6581908,0.0016584992,0.004370004
6039,6041,99.569145,0.6555097,0.20303874,0.3998845
6040,6041,2.7136383,0.6583283,0.0017661452,0.004545927
6040,6038,99.8817,0.65739167,0.20424166,0.40239477
6041,6040,2.7680283,0.65742743,0.0018614084,0.004861161
6041,1620,18.099695,0.65166926,0.03842801,0.0747038
6042,5672,0.5815315,0.56447434,0.004708022,0.00930278
6043,6044,4.722992,0.5645706,0.004751332,0.011043385
6043,6617,9.931774,0.021690637,0.027023315,0.053142726
6044,6043,4.614273,0.5635936,0.004492417,0.010381475
6044,979,1.934185,0.030014127,0.005726896,0.010993734
6045,6046,1.2442436,0.64638853,0.0036145672,0.008210868
6045,4466,26.629602,0.6484154,0.053676635,0.10395155
6046,6140,21.195755,0.64571685,0.05212677,0.10239078
6046,6045,1.4483604,0.6405522,0.00420177,0.009080961
6047,6048,1.9184418,0.6099335,0.00173603,0.0046413094
6047,6049,22.662355,0.61289257,0.046198476,0.0891587
6048,6047,2.0553246,0.608971,0.0020941496,0.0050627887
6048,5389,112.39427,0.61658645,0.21300036,0.41880935
6049,4928,161.53809,0.6116478,0.30103856,0.59362876
6049,6048,21.650026,0.6129709,0.044404462,0.08570454
6050,4208,4.9439163,0.6413211,0.009248823,0.018466815
6050,6051,1.2128258,0.64545476,0.0033204183,0.0073794276
6050,4207,30.691801,0.64548194,0.061378527,0.11711986
6051,6050,1.5625877,0.64299244,0.004227519,0.008866638
6051,1414,24.324316,0.64604163,0.059922326,0.11783208
6052,690,113.66688,0.4408382,0.23041129,0.44433945
6052,6053,4.509823,0.42657706,0.00903222,0.017349496
6053,5013,21.141598,0.4357343,0.045877684,0.08778308
6054,5299,0.9472351,0.522825,0.002854444,0.0051763356
6054,5297,12.6502495,0.5574775,0.02688814,0.052854523
6055,974,17.272472,0.55193746,0.035854578,0.06949223
6055,975,31.204037,0.55251664,0.06254221,0.12097545
6055,941,42.66615,0.5490286,0.11481032,0.22452407
6056,967,9.46183,0.5625934,0.02058696,0.040739447
6056,426,18.996796,0.55987096,0.046141524,0.08953863
6057,6058,1.0541916,0.5210646,0.0032877102,0.007002622
6057,6778,45.717766,0.51354825,0.11746077,0.22927439
6057,949,34.944107,0.52199143,0.06167174,0.118929915
6058,6057,1.2244263,0.51960164,0.0039447397,0.008514971
6058,3562,15.382996,0.520419,0.034214567,0.06601205
6059,957,33.77166,0.5290986,0.066083774,0.12988694
6059,261,32.764854,0.5355371,0.084167235,0.16239034
6060,970,28.483055,0.2841105,0.07962951,0.14425693
6060,959,41.428417,0.50395185,0.10311044,0.20021433
6061,6060,1.0338669,0.47831914,0.0031665117,0.0064929426
6061,6062,1.6758461,0.5015852,0.0036140904,0.0076215714
6062,6063,24.224064,0.5063815,0.05420382,0.10350872
6063,6060,25.353941,0.5079785,0.058084797,0.111131884
6063,1259,2.7959175,0.51175153,0.00567051,0.011746317
6064,6065,1.1532097,0.5851028,0.003950022,0.008716941
6064,4018,30.77402,0.5902554,0.060099453,0.11573428
6065,2440,21.235708,0.58979577,0.060146116,0.117134966
6066,3742,52.382492,0.6144435,0.106387064,0.20834555
6066,4040,2.55225,0.61103904,0.004467711,0.009525061
6067,2022,1.3638,0.50141513,0.0018644556,0.0040267706
6067,3732,99.59591,0.48336452,0.26649547,0.51539135
6068,4448,16.686918,0.6328781,0.03529825,0.06893192
6068,3484,9.25264,0.6254602,0.01902359,0.03757772
6069,6070,0.0,0.10782686,0.0012210459,0.0027648062
6070,5885,1.7958984,0.5837678,0.0025585815,0.0053346604
6070,5703,33.78504,0.25896907,0.09677836,0.19498715
6071,7071,2.9717445,0.03730738,0.0138521865,0.02736926
6071,6072,1.929966,0.6526432,0.004620068,0.0087991655
6072,3283,9.739399,0.64946866,0.019479081,0.03814818
6072,6071,1.5571289,0.6467694,0.0031751096,0.006275296
6072,7069,29.313583,0.65461296,0.06041984,0.11540926
6073,5853,1.2802505,0.6207315,0.0024389103,0.0057284087
6073,4004,25.598913,0.6349876,0.056532864,0.11077466
6073,2565,25.922571,0.6316073,0.05484261,0.10687005
6074,4872,33.491013,0.6260997,0.07801454,0.15148827
6074,4872,37.22222,0.6268806,0.07749988,0.15072933
6075,6561,1.6599808,0.39096645,0.006282836,0.00647451
6075,3095,125.44545,0.6795114,0.18609911,0.36909285
6076,3097,2.8799667,0.6798168,0.0035298243,0.007605672
6076,6815,3.5223656,0.4029078,0.010888837,0.01425086
6077,97,46.051094,0.55986893,0.09371179,0.18386874
6077,6079,2.809925,0.5649251,0.005781077,0.011906922
6078,6077,1.5757103,0.55653644,0.0032219887,0.0075645894
6079,6081,0.38715363,0.032882184,0.0009806156,0.0012014806
6080,6082,1.3567581,0.55346656,0.002449751,0.0057026297
6081,6080,0.6812172,0.19418758,0.0025032535,0.005386159
6081,2198,6.872017,0.55604905,0.015853964,0.032382682
6082,6078,1.257843,0.5531945,0.0023502856,0.005169511
6082,5062,9.261715,0.556235,0.019790448,0.039213613
6083,6084,62.40512,0.64770794,0.113371804,0.2229193
6083,2124,36.377506,0.65027565,0.07137185,0.13916838
6084,6083,62.13892,0.64505494,0.113285035,0.22183794
6084,2123,15.853153,0.65234387,0.032101788,0.06261304
6085,2020,18.17548,0.43499297,0.039006654,0.07524721
6085,6086,6.5233307,0.4381392,0.013169445,0.025662422
6086,2040,66.25249,0.42356303,0.13450474,0.25907928
6086,6085,6.1728134,0.4370451,0.01256597,0.024464965
6087,3787,2.4565086,0.57114094,0.0015292391,0.0040887445
6087,2582,134.62222,0.5644579,0.28630596,0.55898494
6088,3107,2.5238953,0.57983965,0.02848284,0.055172868
6088,6089,1.3153954,0.5720844,0.0031770766,0.0069207847
6089,6088,1.2944565,0.5706613,0.0030880868,0.0067479312
6089,5201,22.538498,0.57956505,0.123860046,0.2481705
6090,6091,2.4086456,0.57861245,0.0015914962,0.004081771
6090,1429,18.725704,0.58296764,0.03998754,0.077186465
6091,6090,2.4894981,0.5803164,0.0014220923,0.003877595
6091,5319,12.758404,0.5818981,0.027875125,0.054841965
6092,2140,66.76721,0.5064314,0.1478742,0.2866461
6093,6094,2.9712677,0.55925816,0.0025582984,0.0058950186
6093,2762,22.440266,0.55965924,0.04906709,0.09388575
6094,6093,2.8315735,0.5584017,0.0019888803,0.0046369582
6094,92,32.497566,0.5639404,0.06892588,0.13291691
6095,5389,2.3165855,0.6085535,0.003455028,0.0078067183
6095,2595,42.08961,0.6101956,0.0814441,0.15823752
6096,4260,1.1475143,0.5980744,0.0029271245,0.006044656
6097,3411,2.1526299,0.6218834,0.0033111647,0.0072433352
6097,5705,2.4870148,0.62829673,0.0035354495,0.007971555
6097,1984,61.49388,0.6290086,0.11662465,0.23150748
6098,6710,2.0101128,0.63063157,0.0036020428,0.00809817
6098,6115,24.08541,0.63236225,0.055568438,0.107068606
6099,3777,1.5059357,0.5269481,0.003354445,0.006764546
6099,6736,41.94456,0.5373261,0.08759952,0.1710971
6100,6104,1.7546692,0.53781885,0.0028944612,0.006509885
6101,3749,1.3853569,0.30233097,0.004635997,0.007032007
6101,3778,24.27628,0.53388464,0.05306347,0.10190045
6102,2655,48.98349,0.5317615,0.09482565,0.18600859
6102,2654,5.2323914,0.5286697,0.010337383,0.02066265
6102,6103,2.080017,0.53406715,0.0029798746,0.006596029
6103,6102,2.507454,0.53606087,0.00456132,0.009783015
6104,248,123.14932,0.5418542,0.23748338,0.46450168
6104,6105,1.7163849,0.53874904,0.002645567,0.0056055635
6105,110,35.415676,0.53870606,0.069155775,0.13545935
6105,3888,1.4413071,0.54509765,0.0019359589,0.004685357
6106,6107,6.3261795,0.5580618,0.012616716,0.025456488
6106,3781,44.82181,0.55791384,0.086869076,0.16925552
6107,653,1.5351677,0.55518806,0.0024752468,0.005310029
6107,4429,46.149117,0.55009514,0.11736279,0.23009425
6108,151,10.732288,0.5561681,0.021860316,0.0430478
6108,6109,6.1036797,0.559339,0.012121871,0.0240082
6109,6110,0.98916626,0.5533759,0.0013107434,0.0033144504
6109,6954,51.48966,0.5572268,0.12954682,0.2536461
6110,6107,0.7422638,0.5450991,0.0028939694,0.00612624
6110,6106,5.620739,0.55968696,0.011130013,0.02249284
6111,3846,2.0264778,0.60098505,0.0037230775,0.008292139
6111,6238,54.40343,0.6137328,0.11068171,0.21818261
6112,6113,3.1214828,0.5356549,0.0027609095,0.0063689053
6112,940,116.98107,0.5323844,0.25096685,0.4859833
6113,6112,3.024952,0.53545904,0.002726443,0.006501779
6113,1206,12.58181,0.5341315,0.028009199,0.054911934
6114,2732,31.604208,0.54283273,0.06977504,0.13385808
6115,6116,1.7862015,0.6295401,0.00176882,0.0048617423
6115,4076,27.4482,0.6343745,0.06489204,0.12532803
6116,6115,1.9349709,0.62817246,0.0020546466,0.0053509623
6116,5716,20.261042,0.63118637,0.047192626,0.09158181
6117,475,7.5639114,0.5794009,0.0146906525,0.029411077
6117,1400,29.634216,0.58149016,0.06284789,0.12050682
6118,163,1.102665,0.5661003,0.0023413599,0.0053743124
6118,5535,45.740524,0.5736444,0.09554451,0.18549629
6119,6118,0.8660126,0.56496215,0.0016504079,0.0038657635
6119,838,44.401615,0.57646674,0.093190305,0.18087128
6120,6119,0.7435303,0.5757788,0.0017253682,0.004117161
6120,4402,25.072826,0.5813519,0.05634222,0.108081065
6121,6122,2.7603874,0.584064,0.002009645,0.0048487186
6121,6741,220.18211,0.5817646,0.46641082,0.9104326
6122,6121,2.641552,0.5811346,0.0018870309,0.0046641678
6122,4381,28.24972,0.5897845,0.06116468,0.117336646
6123,3489,1.8006706,0.59448105,0.0047625154,0.009331629
6123,4233,16.996235,0.03295225,0.10161841,0.21464905
6124,3553,1.9816704,0.39701697,0.0038783327,0.0072649866
6125,3736,1.3527031,0.52387893,0.0024989098,0.005633503
6125,3733,127.71552,0.51193994,0.33543253,0.65202236
6125,2140,34.479645,0.52135855,0.0744441,0.14346157
6126,5585,1.7229652,0.41068012,0.0027728453,0.0056635886
6126,2019,214.88103,0.44735894,0.44147292,0.8513442
6126,4964,54.597206,0.41274014,0.11205652,0.21765202
6127,5070,1.8242874,0.41375837,0.0028382018,0.005962178
6127,2043,23.641773,0.4152126,0.05217813,0.09870887
6128,6127,1.7740135,0.4143365,0.0034330636,0.0065665394
6128,5070,0.7130165,0.07534164,0.00272277,0.006213963
6129,6130,1.7526054,0.6411552,0.0017248914,0.0046834797
6129,5043,34.768974,0.6455953,0.08498565,0.16550387
6130,6129,2.062252,0.6373937,0.0022746548,0.0057656616
6130,5080,7.048809,0.63125026,0.01666499,0.03339079
6131,4169,2.0627785,0.67113405,0.0030192584,0.0069993436
6132,4817,25.830585,0.6732068,0.051712643,0.09969519
6132,6131,2.2755394,0.67353237,0.0036261827,0.007997692
6133,4191,7.248993,0.66624534,0.013717577,0.02731511
6133,4324,2.0862923,0.66930723,0.0018847883,0.0046774447
6134,6698,1.2625008,0.54166895,0.0027424917,0.0061561167
6134,4443,44.132847,0.5534844,0.084393725,0.16297168
6135,5481,1.1579666,0.55115896,0.0015675798,0.0040876567
6135,6134,1.1705742,0.5472449,0.0019351766,0.004193932
6135,4390,65.14903,0.5562792,0.14306977,0.28012082
6136,6137,1.860714,0.6268851,0.0025769174,0.005761564
6136,5415,16.174425,0.62998736,0.036430348,0.07090641
6137,6136,1.6212845,0.6248138,0.0020220578,0.004668027
6137,1193,186.72533,0.62527347,0.34483033,0.6781065
6137,1474,18.976345,0.62942374,0.04381666,0.085017264
6138,3249,51.401978,0.6359891,0.06458657,0.12494516
6139,3594,1.3610725,0.6309525,0.0040430203,0.00885351
6139,3590,48.529198,0.6305979,0.1012452,0.19972268
6140,2086,1.434948,0.6228676,0.0024624988,0.005765632
6140,6141,0.6502266,0.36384127,0.0030045211,0.0059320927
6140,4466,2.075901,0.643978,0.00415574,0.009086102
6141,6051,3.1884575,0.6407942,0.009837769,0.02061145
6142,3956,2.4988098,0.6540192,0.0054712296,0.011756957
6142,6143,6.763279,0.63491404,0.007866941,0.016982242
6143,7074,3.8789253,0.6422715,0.0015312582,0.0041890442
6143,3558,26.996292,0.0045469403,0.09455957,0.19713748
6143,3956,3.5608406,0.6467068,0.006843075,0.01317057
6144,6145,2.9030876,0.64416224,0.005269006,0.009492621
6144,1419,27.591585,0.6455848,0.06756306,0.13060841
6145,1411,0.99567795,0.3686142,0.0019101277,0.0038017482
6145,6151,15.990742,0.6451827,0.032282494,0.06246724
6146,6149,1.9662209,0.6247485,0.0025852919,0.0059274733
6146,155,28.575802,0.6276003,0.05811618,0.11199456
6147,6146,2.0176086,0.6309097,0.0028064921,0.0066691935
6147,6149,1.4286728,0.6235128,0.0017670095,0.005100161
6148,6147,1.7942505,0.6350477,0.0028304681,0.0070266426
6148,6652,63.55973,0.63893837,0.116489165,0.22944227
6149,154,1.2233543,0.6280478,0.0024442226,0.0059438795
6149,3653,17.09793,0.63525945,0.035173867,0.068630494
6150,6151,1.9128113,0.6402419,0.0017844215,0.004672125
6150,1411,14.991819,0.6412923,0.030636225,0.060160875
6151,6150,2.2086372,0.6372788,0.002335772,0.0056244433
6151,6148,37.056477,0.6417749,0.0709014,0.13719961
6152,6153,1.9792633,0.6593508,0.005048372,0.008776769
6152,7070,67.874954,0.012116313,0.44515747,0.9372409
6153,6152,1.5516243,0.6509392,0.0033903047,0.0063334703
6153,3405,89.62907,0.65936553,0.17540872,0.34813488
6153,4608,25.098078,0.6627592,0.05121201,0.09926179
6154,4775,66.46404,0.6163397,0.12522812,0.24821326
6154,6155,2.0678253,0.61176217,0.0031153932,0.006947577
6155,2794,1.5041695,0.6106211,0.0038658008,0.008526087
6155,6154,1.7503166,0.6100026,0.0024992228,0.005582541
6155,4319,57.788177,0.6137146,0.13929072,0.27521014
6156,6157,6.21159,0.5151824,0.009053901,0.018618613
6156,4155,50.82315,0.51889896,0.11013635,0.21525255
6156,581,29.346544,0.5104376,0.06417495,0.12312333
6157,6156,6.1828117,0.5160822,0.00915353,0.018892795
6157,576,29.046608,0.5103387,0.06403983,0.12284769
6157,2206,13.933022,0.51666975,0.030440897,0.05902218
6158,3932,0.0,0.037374377,0.0034830198,0.0063129365
6158,5342,34.64028,0.55015963,0.06845677,0.13145912
6159,6160,28.851126,0.6559006,0.061349027,0.11815025
6159,4627,24.74493,0.65804654,0.052854385,0.10206816
6160,6660,2.571682,0.6522837,0.0015411973,0.0042342246
6160,2138,9.925179,0.6524732,0.020819113,0.04129705
6161,9,1.4760437,0.47009805,0.0031711534,0.0064444095
6161,2032,41.877277,0.46513563,0.08258395,0.15912549
6162,5228,11.728481,0.64364904,0.024561577,0.048207164
6163,2907,52.239227,0.64106613,0.057237346,0.10888438
6163,2905,53.66658,0.6445023,0.112433136,0.21938135
6164,2066,1.8595238,0.6070001,0.0026903972,0.005834833
6164,6523,79.36806,0.61593294,0.20289779,0.39920914
6165,6166,2.9923325,0.6636461,0.005241953,0.009804025
6165,6167,18.791637,0.027708143,0.0871971,0.17739765
6166,1616,1.9295921,0.6674711,0.003226243,0.006993234
6166,4635,0.0,0.04366225,0.0038389415,0.0072800666
6167,6168,1.8801537,0.67186016,0.0045827255,0.008435607
6167,4205,17.622673,0.033648223,0.07691906,0.15776338
6168,6167,1.6458321,0.66423774,0.003210701,0.0064398646
6168,2155,74.47571,0.6672742,0.1437027,0.28660914
6168,4209,24.981163,0.66932905,0.05121789,0.10030024
6169,2153,33.03104,0.66475165,0.06569988,0.12635809
6169,2152,2.800373,0.65709937,0.0045788735,0.009633124
6170,2152,2.357029,0.65945125,0.0041831806,0.008630827
6170,2449,47.96038,0.6633103,0.0935665,0.18502289
6170,6169,3.3964195,0.6557452,0.0057218075,0.011789069
6171,2442,39.52214,0.5944272,0.07607552,0.14791903
6172,6173,2.7100334,0.577681,0.0019142181,0.0048737377
6172,6309,204.29959,0.5745107,0.42297766,0.82506365
6173,6172,2.6477318,0.5761663,0.001735419,0.004343748
6173,729,86.071106,0.5827541,0.18271706,0.35713744
6174,780,1.3788414,0.58611226,0.0016557425,0.004042387
6174,6175,1.7712326,0.59175974,0.002228208,0.0050459057
6175,780,1.6429634,0.59035075,0.002110079,0.004675582
6175,4722,250.92068,0.5872672,0.4709765,0.92061126
6176,6758,1.9441261,0.66770643,0.0028773919,0.00677
6176,5091,42.83443,0.66968304,0.07882589,0.15274373
6177,2392,3.5270958,0.46680555,0.007510312,0.015076295
6177,2422,33.305416,0.46468225,0.07422446,0.14153075
6178,1134,10.324499,0.5620899,0.024185501,0.047752276
6178,4745,55.29945,0.55820733,0.1136578,0.21909203
6179,4919,4.2504387,0.54210794,0.00835558,0.016811386
6179,5051,6.6871567,0.5436071,0.012990005,0.026067153
6180,3180,1.5899315,0.5669015,0.0027014762,0.006014839
6180,566,85.51677,0.5676992,0.16345012,0.32014164
6181,566,1.8618164,0.5686117,0.002681546,0.0059237033
6181,568,15.997658,0.5704972,0.032771938,0.06365901
6181,3180,86.21572,0.56432736,0.16382466,0.3215412
6182,6183,2.4451675,0.55675954,0.0016853884,0.0041748285
6182,20,60.65423,0.5555739,0.13036042,0.25499043
6183,6182,2.8300438,0.5576304,0.001955919,0.0050725043
6183,7066,5.1632195,0.56219256,0.011202499,0.022808895
6184,1626,98.57808,0.58186346,0.18428066,0.3601877
6184,5372,24.295399,0.58560777,0.050637316,0.09749727
6185,3764,137.73499,0.6505916,0.2495271,0.49232376
6185,5511,3.5745087,0.65353,0.0062278807,0.012834713
6186,5511,1.6735992,0.64837146,0.0025400594,0.0054500997
6186,6185,4.1012917,0.6553581,0.0074304566,0.015464306
6187,6186,0.9114418,0.63692534,0.0014401972,0.003627047
6187,6176,65.30033,0.6671442,0.12060061,0.23922098
6188,1416,43.599117,0.6627376,0.08212845,0.1607946
6188,6187,5.538143,0.6520264,0.009944789,0.020535082
6189,883,14.281998,0.6141126,0.032139473,0.063014224
6190,6191,1.5352364,0.53627276,0.0035811812,0.007073149
6190,5222,8.197582,0.53254867,0.029832102,0.05924107
6191,6190,1.2638931,0.5350177,0.003056921,0.006274894
6191,2682,3.6867218,0.5314953,0.015804023,0.030474424
6192,2683,6.3445663,0.5401992,0.01498238,0.030016243
6193,5418,100.066345,0.6251904,0.20344085,0.39870203
6193,2828,12.340296,0.6258159,0.067591265,0.13828118
6194,3486,2.7871132,0.58807665,0.010030426,0.019779578
6195,6531,2.2151527,0.57277066,0.0022949278,0.0051899403
6195,6532,1.5116539,0.56713283,0.00696332,0.013409629
6195,2112,3.1150856,0.5744473,0.0051118806,0.010696724
6196,3883,5.7115326,0.6598589,0.012661941,0.024856374
6196,3130,13.724054,0.6571902,0.027674526,0.05445052
6197,2477,17.734303,0.3874433,0.040806457,0.07824609
6197,6198,1.6461906,0.38579664,0.00529062,0.010194778
6198,2478,14.58246,0.38396752,0.03184105,0.061598524
6199,5162,0.48742294,0.040670216,0.0061224923,0.011649951
6199,3962,50.415047,0.42904836,0.16879681,0.26390624
6200,6199,2.082737,0.6686122,0.0072180033,0.013050377
6200,1420,7.7576027,0.039959162,0.035400003,0.07175603
6201,6699,1.056694,0.5604904,0.0057776123,0.010608286
6201,4201,30.465557,0.051074743,0.14456803,0.30474702
6202,541,20.440113,0.01991409,0.08910443,0.18229987
6203,1357,25.330801,0.5283413,0.06394759,0.12449698
6203,4992,67.613556,0.5294247,0.19458291,0.38036168
6204,6852,2.425888,0.6880309,0.004084222,0.0080785155
6204,6851,0.0,0.04148701,0.005853519,0.011032566
6205,6204,0.0,0.41228557,0.002153419,0.0
6205,2236,25.523872,0.024439186,0.12984923,0.2801252
6206,3946,1.6887016,0.67721283,0.0042576194,0.008899376
6206,6023,66.36658,0.6722573,0.20671043,0.40988502
6207,5537,41.824352,0.67874753,0.07908718,0.15312997
6208,1037,3.307991,0.48503837,0.0032500252,0.007326752
6208,3537,67.34793,0.47910583,0.15028653,0.2905676
6209,5710,1.8568306,0.60581416,0.0031573102,0.0063479245
6209,3681,13.180798,0.6086791,0.033830766,0.06594467
6210,6301,1.7296982,0.54518855,0.0026938766,0.0059473664
6210,2476,41.33533,0.54992574,0.06489667,0.12392536
6211,1171,158.69507,0.54718864,0.3037303,0.59287506
6211,6210,3.0861206,0.5449802,0.005910434,0.012140274
6212,6214,0.9780693,0.5592658,0.0017960966,0.0043781996
6212,4414,5.893471,0.56774485,0.0075713173,0.01581283
6213,6212,0.9969101,0.555128,0.0020155609,0.0046908557
6213,6258,8.425533,0.5585568,0.017479494,0.034850284
6214,6215,2.0533218,0.5629675,0.0042851493,0.008781359
6215,6213,1.3970566,0.55871075,0.0030609593,0.0066346675
6215,4389,1.6933556,0.5593092,0.0037585646,0.007867247
6216,1994,1.9883842,0.32920575,0.0040408224,0.0075733066
6216,5581,33.31305,0.33208823,0.073291,0.1386519
6216,6217,2.2461205,0.331749,0.0039486066,0.007191479
6217,1994,1.9230461,0.33509964,0.006607324,0.012161493
6217,6216,2.2792397,0.3304959,0.0038665459,0.007035926
6218,6219,2.4524918,0.6746843,0.0042849258,0.0085951835
6218,5092,62.633045,0.6679511,0.16450885,0.32586443
6219,6567,1.639122,0.6721301,0.00253883,0.005522251
6219,6566,0.22595596,0.22206074,0.0036007985,0.006624222
6220,6223,3.3315659,0.55703264,0.0028945953,0.006228432
6220,6429,60.723064,0.5597083,0.15601954,0.30489147
6221,6220,1.5328903,0.55389136,0.004699312,0.010277122
6221,3618,66.77483,0.55295974,0.07146375,0.13442588
6222,6221,3.3098946,0.5576224,0.002695419,0.0055939853
6222,4932,2.3726997,0.5582487,0.006654471,0.013779506
6223,6222,1.4198875,0.5532165,0.004540868,0.009608582
6223,205,74.09978,0.5593646,0.14088069,0.2767215
6223,6515,55.35191,0.5548867,0.062230982,0.11577726
6224,4537,1.4590263,0.57413775,0.001640901,0.004002273
6224,4533,2.77985,0.57648814,0.005779706,0.012177154
6225,6226,1.6743011,0.58567923,0.0023417473,0.0054203123
6225,1804,100.61369,0.57889557,0.50423473,0.9798635
6226,6225,1.6926231,0.58136714,0.0025696903,0.005740583
6226,3068,85.315216,0.5747695,0.3883608,0.7553363
6226,3083,113.006004,0.5740305,0.3863378,0.75612223
6227,4966,1.7133636,0.6410745,0.0028795898,0.0064291805
6227,6707,1.61689,0.6370278,0.0026544034,0.006140232
6228,305,0.6140442,0.38775283,0.003884241,0.0028971583
6228,6376,3.1047516,0.69282436,0.0034066215,0.0076991916
6229,6376,3.155838,0.69269055,0.0052436665,0.011642933
6229,3904,2.7777061,0.6996355,0.0034687892,0.008080408
6230,6231,0.47743607,0.39715177,0.0032305866,0.0020179898
6230,400,2.3429565,0.65634966,0.0040042773,0.008718044
6230,6473,32.737175,0.66446656,0.06670317,0.12851593
6231,400,1.0612984,0.38071042,0.0047686324,0.0052121133
6231,3660,11.633478,0.405757,0.033292893,0.05458384
6232,6233,0.0,0.041092336,0.0062450767,0.011293471
6233,6234,1.9840622,0.6445299,0.003154099,0.0058970153
6233,7041,12.104197,0.03352037,0.08018811,0.17102383
6234,3959,1.9372749,0.65122056,0.003310971,0.0071976185
6234,1691,0.0,0.039193362,0.0069303587,0.012862518
6235,1050,14.893528,0.6192554,0.030630808,0.0600596
6235,409,3.0483742,0.61667323,0.0052876994,0.011137843
6236,185,3.957901,0.6233084,0.0074696764,0.015110418
6236,1562,25.743402,0.62519306,0.05270612,0.102076165
6237,3817,18.268515,0.00688982,0.06420212,0.13889638
6238,5632,2.5784073,0.6119716,0.004597001,0.010083988
6238,480,40.109455,0.61951977,0.097524,0.19135153
6238,6111,53.85604,0.61262363,0.10999585,0.21722984
6239,4997,18.271954,0.5540154,0.039564524,0.07694237
6239,925,10.665958,0.5503417,0.022824295,0.045182377
6240,742,1.5656853,0.58905673,0.0022068843,0.004178226
6240,3461,222.42783,0.58039975,0.5595103,1.101379
6241,6240,1.6124649,0.577002,0.0045850873,0.009707361
6242,6857,10.239899,0.5961172,0.023156188,0.045629993
6242,6857,10.209755,0.5960933,0.023090258,0.045503244
6243,216,62.71771,0.6063143,0.13022798,0.2572452
6243,6858,4.718292,0.60168844,0.009498492,0.019318879
6244,2689,22.30923,0.5318965,0.056448758,0.10970208
6244,4941,15.591198,0.53385425,0.036417928,0.07054053
6245,1707,35.390865,0.5222761,0.07394911,0.14439288
6245,6248,12.33572,0.5318859,0.029632539,0.05820504
6246,6245,0.5337868,0.5273661,0.0038474426,0.008388832
6246,6247,13.609608,0.5269114,0.036950625,0.07159715
6247,1726,6.1363754,0.5317016,0.017806694,0.034926847
6248,6247,1.4511414,0.52829045,0.005199805,0.010696501
6248,2690,33.176826,0.53109074,0.07990328,0.15272883
6249,4274,3.0833511,0.5634861,0.0064046457,0.013157949
6249,4272,24.503187,0.55769193,0.05036655,0.09585842
6250,6251,1.4934387,0.5644734,0.0018122047,0.0043793917
6250,4542,45.89708,0.5682266,0.14632632,0.2867406
6251,6250,1.5103111,0.563322,0.0016831979,0.0040729344
6251,2676,169.00569,0.5597915,0.3216976,0.62981373
6251,4271,22.85433,0.5652524,0.06493111,0.12556319
6252,4541,0.26559448,0.43386358,0.0024117827,0.0039441586
6252,5833,1.0647583,0.567037,0.0021468848,0.0047347993
6253,6252,1.0429001,0.5724338,0.002122648,0.0045473576
6253,132,35.52952,0.5711607,0.117025666,0.2292209
6254,6256,1.3487244,0.640197,0.0065887645,0.013412982
6254,4939,14.055029,0.6447246,0.033306587,0.06539182
6255,6254,1.6975517,0.64413995,0.004963748,0.0099931955
6255,4250,53.509586,0.646922,0.13303968,0.26386362
6256,4728,0.9902954,0.6391493,0.005730957,0.012015834
6257,4388,3.5371094,0.56235397,0.006629385,0.0137719065
6257,6258,12.682606,0.56489766,0.015540943,0.03157933
6258,3622,37.267136,0.560804,0.07822212,0.15030673
6259,2502,3.3278503,0.6800441,0.003985405,0.008849785
6259,6820,34.640564,0.38516298,0.08539208,0.13689953
6260,6261,2.1132088,0.61387634,0.0051482543,0.01100035
6260,6578,63.32321,0.6375077,0.11560057,0.22766471
6261,5498,129.67899,0.6346436,0.25864294,0.50643456
6262,2451,2.723816,0.5598393,0.0036620125,0.00801608
6262,4809,36.409637,0.5658623,0.0688095,0.1321868
6262,5596,59.711975,0.5792699,0.112741396,0.21924306
6263,5403,3.798092,0.5855875,0.006822072,0.014038593
6263,5406,1.7791824,0.5875062,0.0024887621,0.006091222
6264,6675,167.10764,0.6098906,0.20394321,0.39623085
6265,2282,1.9354362,0.43792772,0.0042560548,0.008485794
6266,517,2.350277,0.43883306,0.0047357604,0.009567171
6266,5133,31.414515,0.44157237,0.071006075,0.13493484
6267,2281,7.0828667,0.439893,0.0122924,0.024436966
6267,517,4.0188293,0.4382336,0.008607633,0.017143995
6268,6270,1.4318466,0.6468442,0.0032131523,0.0066284835
6268,3295,10.583414,0.64305294,0.021823257,0.043060392
6269,1977,1.7139473,0.6469668,0.0029795915,0.0064667314
6269,4600,59.192913,0.651482,0.12201239,0.24074644
6270,6269,1.4356346,0.62736714,0.0029288754,0.0062797517
6270,6962,6.130356,0.64755356,0.012408689,0.024984509
6271,6272,1.3472633,0.59971213,0.0014630556,0.0038653314
6271,706,1.0795403,0.5931679,0.0035036802,0.0076110065
6272,6274,3.067379,0.5981448,0.008380406,0.016904578
6272,5987,43.689384,0.5969205,0.084140934,0.16179146
6273,779,98.24916,0.5937293,0.18722765,0.36782688
6273,6271,3.2736473,0.59787357,0.008868247,0.017915174
6274,6273,1.6330605,0.5951076,0.002335474,0.005628422
6274,5224,4.9673004,0.5956465,0.010034576,0.020213738
6275,925,81.666405,0.5443846,0.15832148,0.30999544
6275,3799,8.992878,0.5398221,0.012209855,0.025300905
6276,4973,2.3002586,0.5712533,0.004384704,0.009573832
6276,6278,1.2795296,0.5682886,0.0019158125,0.0045888424
6277,6279,1.06781,0.55641997,0.0019827783,0.0045690686
6277,4972,2.809147,0.57123715,0.005746782,0.012058035
6278,6277,1.3953896,0.567239,0.0030344278,0.006855294
6278,4975,2.1619186,0.57179403,0.0028905347,0.0063550025
6279,6276,1.5041122,0.5667887,0.0031516403,0.0067871064
6279,3333,2.0855064,0.5693028,0.0035221204,0.007425368
6280,3922,2.2429657,0.684939,0.005260363,0.01027365
6280,6539,32.75505,0.40733302,0.119020626,0.18511878
6281,334,49.4608,0.64969933,0.116787806,0.22898707
6282,790,35.369843,0.6414926,0.072253965,0.13823465
6282,3891,38.578533,0.6381605,0.095134065,0.1846246
6283,3361,1.8809738,0.6376451,0.0034080744,0.0077564716
6284,6285,3.5388603,0.48979682,0.0053276494,0.010774851
6284,1216,26.294271,0.49403885,0.054492276,0.105062954
6284,6286,36.30565,0.48701358,0.07442282,0.14213996
6285,6284,3.7453423,0.49042967,0.006043829,0.01230751
6285,2224,52.062134,0.49612468,0.10318106,0.1995442
6286,3297,1.4954987,0.47877392,0.0021834448,0.0048347265
6286,1230,10.573933,0.4847177,0.023173183,0.04523538
6287,6288,4.4925423,0.45552814,0.005883381,0.012569115
6287,1257,106.98708,0.44535667,0.1011145,0.19761087
6287,4724,24.145575,0.4615638,0.052311093,0.09901345
6288,6287,4.619171,0.45814544,0.006048456,0.0131825805
6288,5193,52.678024,0.45804068,0.10616832,0.20491962
6289,6290,2.0443268,0.42927608,0.0060651004,0.012242198
6289,1313,11.514965,0.43038136,0.024753906,0.04800278
6290,6291,2.4322777,0.428301,0.0034184307,0.0071157515
6290,5894,2.2668571,0.43953073,0.0066022873,0.013142109
6291,5425,4.1989326,0.43600225,0.0073500276,0.0142698735
6291,6292,2.5395699,0.42982018,0.005901262,0.011653498
6292,6289,2.3017807,0.43034768,0.0033743903,0.0067317486
6292,3329,37.123978,0.41093487,0.10307883,0.19958924
6293,1911,17.092295,0.50575054,0.036579248,0.07084475
6293,6296,2.2190208,0.5099389,0.0051891133,0.011220068
6294,6293,1.4313774,0.5078657,0.002213277,0.0044754595
6294,3566,10.180473,0.51348954,0.021166652,0.042204693
6295,6294,2.2313385,0.5075405,0.0052031204,0.010924593
6295,6503,30.683117,0.5073323,0.06428814,0.12382327
6296,6295,1.0894814,0.50629425,0.0016290024,0.0037193447
6296,1255,51.440647,0.49673378,0.11366107,0.22141707
6297,6298,1.2593727,0.5143622,0.0019267574,0.0038728565
6297,3741,8.716896,0.5204477,0.01955764,0.038959682
6298,6300,1.457592,0.5183454,0.0031186864,0.0069327503
6298,1913,69.65999,0.51544976,0.13619617,0.26572752
6299,6300,1.7563286,0.5210976,0.0032627583,0.007047504
6299,4139,2.1178284,0.5188603,0.0030618086,0.0063305497
6299,3577,12.422653,0.5203265,0.02874665,0.056786127
6300,6299,2.4351044,0.5227483,0.0049883276,0.010235265
6300,6297,2.2160568,0.5191635,0.004798986,0.010192379
6300,3579,20.698286,0.51954603,0.049316656,0.09473657
6301,5803,1.4866714,0.5474038,0.0021450296,0.005016774
6301,2475,25.982315,0.54802877,0.065083824,0.12644856
6302,1820,28.701286,0.5059809,0.059430577,0.11371373
6302,4063,20.753595,0.5026337,0.044036053,0.084633835
6303,6304,2.5418243,0.6520589,0.005603254,0.011041731
6303,3366,30.235466,0.058292866,0.19471599,0.41077393
6304,6303,2.59301,0.6531688,0.005651161,0.011143297
6304,6466,44.579426,0.23562098,0.20852336,0.43682224
6305,6306,1.6984787,0.6547882,0.0017082021,0.0034461915
6305,6152,6.295719,0.04034087,0.042355742,0.091761686
6306,3365,0.0,0.040715814,0.0039056987,0.006189972
6307,6310,1.3661728,0.5809211,0.0038679987,0.008162722
6307,1465,173.38795,0.57148033,0.4341903,0.85161614
6308,6307,1.499424,0.57948774,0.0038551316,0.008361444
6309,6308,1.2678604,0.5782287,0.003552638,0.007779956
6310,6309,0.9654312,0.5777779,0.0029941723,0.006584972
6310,6173,204.56114,0.57012,0.42714795,0.8334725
6311,1085,50.24021,0.5962849,0.10384674,0.20365421
6311,5846,30.788874,0.59614736,0.07467963,0.14635828
6312,6311,1.7568398,0.5883245,0.0032727495,0.007328719
6312,3999,26.755035,0.593928,0.064009584,0.12368173
6313,6344,29.013466,0.5993394,0.073223084,0.14364226
6314,6377,1.7197456,0.5684127,0.0028871447,0.006409645
6314,25,42.980442,0.5748743,0.10745302,0.20391712
6315,2750,1.0529099,0.6304871,0.0019946173,0.0050467253
6315,2059,31.947681,0.6365776,0.06907078,0.13490105
6316,4739,1.0270462,0.41056794,0.0020447746,0.004674375
6316,6315,17.003004,0.5837295,0.03566687,0.06870059
6317,6318,2.1517067,0.44703716,0.0028725117,0.0058069974
6317,1830,78.97786,0.45918733,0.21278918,0.40995106
6318,6317,2.3192902,0.44645876,0.0029631034,0.0059797615
6318,5524,40.37735,0.43802506,0.10195056,0.19812727
6319,6320,1.8501587,0.6183367,0.0016060695,0.0041178614
6319,49,7.005314,0.6185862,0.0119188875,0.024298698
6320,6319,2.066883,0.61941034,0.0020290986,0.0051617324
6320,6328,63.067802,0.62636817,0.088533774,0.17076232
6321,6324,2.0828743,0.57735944,0.005625181,0.011877924
6321,6322,4.004097,0.5799999,0.0099874735,0.020470843
6322,2881,3.0998116,0.5691709,0.008100934,0.016001388
6322,2880,3.0906792,0.5806353,0.007995665,0.016161188
6322,6321,3.4627838,0.5816346,0.009062722,0.018646136
6323,6910,0.50733566,0.32210186,0.0025991648,0.0050590187
6323,6324,4.977581,0.580048,0.011747286,0.023179278
6323,2880,2.9036255,0.5782319,0.0044921935,0.009302288
6324,2879,17.584177,0.57739735,0.036536306,0.07090127
6324,6323,5.1665955,0.5817896,0.012558371,0.025117993
6324,6321,1.6454468,0.5787075,0.004944831,0.010656208
6325,1649,4.7032585,0.6010704,0.0074032247,0.015586048
6325,2062,2.6296387,0.59702706,0.0071718767,0.0148568
6326,5734,63.27839,0.5940057,0.11925766,0.23462233
6326,1649,4.4274483,0.6004927,0.011334509,0.022697419
6327,1859,3.5067062,0.61877656,0.0050102845,0.01051043
6327,4,7.722389,0.6210978,0.013688162,0.027512372
6328,5947,2.37529,0.61839324,0.0026082546,0.006385386
6328,6327,8.120789,0.62016404,0.01436042,0.028629228
6329,2276,44.523945,0.63106334,0.09207698,0.18104467
6329,265,26.45304,0.6331717,0.05656508,0.10832127
6329,266,31.46954,0.6345163,0.06210469,0.11874056
6329,3907,5.725662,0.6303713,0.009551525,0.019406468
6330,6331,19.885708,0.6320245,0.0423768,0.08223436
6330,265,25.21447,0.62931836,0.053418364,0.103351764
6331,3412,1.9768562,0.62333626,0.003205344,0.0066828877
6331,6544,15.09116,0.62901604,0.032174632,0.06318097
6332,5645,1.281147,0.6212748,0.0028415918,0.0063574165
6332,3966,11.149496,0.62339807,0.02316086,0.045722485
6333,430,1.5984764,0.5943713,0.0018530041,0.004545361
6333,783,99.017975,0.59185886,0.1846212,0.3633476
6333,2953,129.14404,0.58223045,0.3275519,0.64269805
6334,3434,208.33267,0.57357585,0.24634823,0.48449707
6334,6379,63.078403,0.5799472,0.16174051,0.31803155
6335,985,14.177408,0.61254096,0.016943283,0.034934178
6335,53,13.183851,0.6121621,0.016334161,0.03320837
6336,6344,6.279045,0.5990393,0.012930796,0.025856525
6336,212,8.052433,0.5993345,0.017217986,0.03419991
6337,6338,1.6465187,0.6138661,0.0031649545,0.0072740614
6337,4094,67.9375,0.6192414,0.17263332,0.3402828
6338,6337,1.9935341,0.6137812,0.0034587458,0.007847637
6338,3661,5.5692596,0.6121095,0.0136472285,0.027189046
6338,3662,19.983255,0.6153282,0.04256528,0.08235332
6339,64,30.569294,0.6204441,0.060917653,0.1178619
6339,5546,41.866085,0.61903185,0.08037183,0.1583467
6340,985,1.2961044,0.61049855,0.0038700849,0.0083820075
6340,2210,40.01864,0.6139227,0.09926625,0.19212806
6341,6632,2.3087463,0.56590927,0.0032742098,0.0073417574
6341,2495,60.401108,0.56270474,0.14942285,0.29315317
6342,2367,2.320427,0.56876105,0.0033915117,0.007458523
6342,413,22.565125,0.5685521,0.04880496,0.0943498
6342,5077,40.514965,0.57286626,0.06945385,0.13321942
6342,5397,2.8344574,0.56798303,0.005731106,0.012046307
6343,3385,30.945972,0.6008765,0.075151265,0.14622626
6343,6345,43.423603,0.60687816,0.10460577,0.20271792
6344,6343,2.0064087,0.59836686,0.0035733134,0.008086145
6344,212,4.1172485,0.6039948,0.010419972,0.020928025
6345,376,5.688572,0.6012181,0.013640359,0.027572617
6346,2382,27.340136,0.5842853,0.066777006,0.13064978
6346,5238,27.614098,0.589487,0.05837807,0.1123496
6347,6346,0.6643524,0.56740797,0.0033949465,0.0068077743
6348,6349,5.147438,0.5997042,0.012110688,0.024462253
6349,1651,7.328823,0.5935853,0.017354757,0.033793986
6349,375,6.2540054,0.60180587,0.014621779,0.029277802
6350,3614,7.0196037,0.67302644,0.019355074,0.038105756
6351,416,2.5774193,0.5750956,0.0029292032,0.0070313513
6351,5274,10.887714,0.57574755,0.025120921,0.049620315
6352,1687,62.152,0.5608648,0.15603088,0.30568016
6352,2368,39.889236,0.5671133,0.06731889,0.12840945
6353,353,33.350643,0.6351956,0.06665331,0.12861957
6353,6355,31.856071,0.6372498,0.06153925,0.118493095
6354,3513,21.821686,0.63523936,0.044644862,0.086476214
6354,2102,77.11223,0.6309825,0.14162964,0.28113005
6355,354,2.0001526,0.62414885,0.0033692718,0.006962508
6355,2096,18.596718,0.6343461,0.038010303,0.07365742
6356,5194,2.027378,0.5830505,0.0018215328,0.004714787
6356,5476,5.160286,0.5836193,0.0095569715,0.019598782
6357,5476,1.9869003,0.5809713,0.0016310439,0.004585892
6357,5194,6.3831635,0.58199894,0.012436546,0.025474444
6358,5989,2.35178,0.5886977,0.00432273,0.009070843
6358,1003,39.539024,0.58576316,0.09842097,0.19194677
6359,6360,1.997509,0.58390725,0.0021126792,0.0049503744
6359,1023,26.912334,0.58310497,0.05454482,0.10371569
6360,6359,1.7953911,0.5822271,0.0017032176,0.0045337826
6360,280,17.187382,0.5826152,0.03563308,0.0692277
6361,3529,1.4811821,0.1629593,0.0030966848,0.0076911002
6361,690,203.71313,0.478218,0.41162917,0.7939776
6362,6361,2.095337,0.47779122,0.003648363,0.0074278563
6362,5001,28.888947,0.4947489,0.071106374,0.13503624
6363,3503,58.214478,0.602525,0.11196187,0.2187202
6363,183,62.620346,0.5999797,0.09283729,0.17876299
6364,6367,0.04669571,0.39279646,0.0009281412,0.0023770332
6365,6364,2.0425568,0.61943215,0.0050577,0.01037769
6365,5175,41.791416,0.618775,0.102100685,0.19907989
6366,6365,0.25576782,0.43552363,0.0021442994,0.004832566
6366,2759,82.26959,0.61766565,0.20281273,0.4001941
6367,6366,1.8422241,0.60787153,0.0049635544,0.009692505
6367,1768,5.3185463,0.61267453,0.012749918,0.025902316
6368,4790,1.4691963,0.59801126,0.002978541,0.0066515505
6368,5124,60.408264,0.5981397,0.15287933,0.30048555
6369,759,1.7878265,0.61633974,0.0023984015,0.0055078864
6369,6374,13.186346,0.6188549,0.027905725,0.05468723
6369,756,46.144424,0.6227964,0.08738719,0.17259113
6370,735,0.8680992,0.575312,0.0019523501,0.004836172
6371,804,1.6489105,0.60412574,0.0030301586,0.006510511
6371,6370,40.648495,0.60785574,0.09932147,0.19277383
6372,6373,2.370926,0.6195187,0.0012119263,0.003715098
6372,6369,19.85952,0.62363565,0.04232205,0.08155789
6373,6372,2.3549728,0.62035394,0.0012325123,0.003688857
6373,5865,29.149864,0.63008475,0.06336469,0.12002666
6374,6375,2.3979378,0.6207063,0.0012221932,0.0036067516
6374,760,8.8172,0.61947656,0.018672474,0.03722948
6375,6374,2.5552063,0.61819994,0.0015621632,0.004586622
6375,759,13.89106,0.6207971,0.029389732,0.057651006
6376,3905,9.227116,0.68551695,0.015996046,0.031928703
6377,4387,0.96889496,0.5716082,0.0016388372,0.003980115
6378,6742,1.7200546,0.5784768,0.0021468848,0.0049281567
6378,6492,34.887108,0.57540447,0.08693739,0.16898564
6379,4387,0.3420639,0.3760386,0.0010829568,0.0016596019
6379,6377,1.064579,0.5457483,0.0032680035,0.0067292303
6380,3976,1.8308945,0.034716517,0.0066377297,0.012778565
6380,4848,16.740973,0.037448168,0.05847459,0.115723744
6381,6382,1.4813652,0.6132588,0.0036878735,0.007832274
6381,6384,40.507668,0.619095,0.08529569,0.16706496
6382,6381,1.0802956,0.60677856,0.0032072514,0.007243961
6382,6940,0.8705635,0.53484154,0.0030378923,0.00670816
6382,1041,27.173119,0.6207186,0.06543042,0.12677771
6383,6940,2.2113419,0.61373955,0.0032780021,0.006962478
6383,6939,3.095684,0.6175682,0.003031291,0.0069895983
6383,2212,68.96771,0.6213306,0.10069783,0.20103192
6384,6385,2.0878716,0.6204025,0.0031511635,0.0068471283
6384,4653,27.131721,0.6173156,0.0571568,0.1097961
6384,2058,31.561289,0.62047094,0.06776373,0.13248144
6385,6384,2.0620384,0.6182663,0.0031093284,0.006687537
6385,826,46.01032,0.622047,0.087229796,0.17150117
6385,6382,40.82139,0.6212775,0.08655822,0.16865116
6386,3417,0.913311,0.53557384,0.0057666004,0.011382803
6386,2265,49.974297,0.5338214,0.09880197,0.19241586
6387,1000,1.540062,0.56459874,0.0027486682,0.006255552
6387,6390,26.500622,0.56932276,0.05757908,0.11060329
6388,3954,2.8330994,0.55836564,0.0064946637,0.013486296
6389,2703,53.137005,0.5782845,0.15806152,0.3099169
6390,1001,2.864399,0.56801957,0.002554074,0.006071344
6390,1002,17.925013,0.57749975,0.038931668,0.075554535
6390,6391,6.6967354,0.5759029,0.01437486,0.028792158
6391,5078,1.5941582,0.56766105,0.00421492,0.008926943
6391,1002,15.497807,0.57622486,0.031044107,0.06116298
6392,1946,0.0,0.03547734,0.0073223338,0.012826845
6393,609,27.573883,0.5821062,0.045743678,0.089368016
6393,6392,8.309223,0.5890145,0.019114107,0.037547514
6394,3784,50.948627,0.5571469,0.10646727,0.20891264
6394,6395,7.440632,0.559166,0.01612471,0.032275125
6395,3794,17.736803,0.5625371,0.037842624,0.07313115
6395,6394,7.285671,0.5610028,0.015669353,0.03155157
6396,6397,3.903141,0.5989067,0.0093562305,0.019023418
6397,1638,8.662048,0.5970737,0.020268679,0.03926404
6397,5339,1.7235756,0.5982764,0.0041488856,0.0088484585
6398,5340,3.4530144,0.6019589,0.008346543,0.017364368
6399,1566,40.109234,0.59115595,0.09826122,0.19119355
6399,6398,1.9950066,0.59863186,0.0052860826,0.010704055
6400,1695,1.8797646,0.5678598,0.0036382303,0.0076925904
6401,6403,1.6208725,0.5713753,0.0030440986,0.0062331706
6401,6402,1.2653694,0.5696286,0.002605632,0.0054119676
6402,1695,1.3230476,0.56740385,0.0027315468,0.005873367
6402,6400,1.5464554,0.57057494,0.0030153468,0.00657025
6403,6402,0.8766937,0.56349343,0.002293773,0.005311191
6403,6677,16.07416,0.5722852,0.03467411,0.0675649
6404,6401,2.1063385,0.5689514,0.0015713423,0.0039736778
6404,158,36.917526,0.581468,0.07677164,0.14778279
6405,3138,2.1985512,0.5917018,0.009639926,0.019844264
6406,462,2.2136078,0.59474957,0.0030115843,0.0066622496
6406,6407,1.6359253,0.59378964,0.002289161,0.005223468
6407,2181,1.3146782,0.5933832,0.003638558,0.007814333
6408,6406,2.1283188,0.588426,0.0036407486,0.0076435655
6409,546,1.9511032,0.5380429,0.0038109496,0.008275092
6409,1580,39.812656,0.53764737,0.07876952,0.15055937
6410,6409,1.0575333,0.53367394,0.0016785637,0.0041259974
6410,2601,37.62183,0.5352866,0.07974089,0.15212701
6411,999,17.171774,0.5586675,0.036778297,0.07204676
6412,3658,1.6589775,0.66185117,0.00336463,0.007516682
6412,6414,1.3968239,0.6607093,0.0019676983,0.00461334
6413,6412,1.675312,0.66423476,0.0029628202,0.006417215
6413,6412,1.9679947,0.66817665,0.0026832372,0.0061741173
6414,3657,1.6472931,0.6674468,0.003403686,0.007237345
6414,6592,42.172417,0.6687628,0.08008666,0.1547941
6415,4321,52.317917,0.67224425,0.10572284,0.20948921
6415,6416,6.088871,0.67046213,0.011689492,0.023598
6416,488,0.016929626,0.03864914,0.0013992637,0.003454581
6416,6415,5.4803276,0.66862625,0.011234298,0.022699267
6417,2599,2.0402107,0.549187,0.0034933537,0.00737381
6417,6418,2.253704,0.55031943,0.0051308423,0.010401562
6417,1248,40.341465,0.55664736,0.0779541,0.15088196
6418,2599,1.8233299,0.5555183,0.0039789528,0.008630455
6418,2351,37.18277,0.5578893,0.07897481,0.15239666
6419,2306,8.066639,0.54162717,0.020065911,0.039608717
6419,3813,1.2312202,0.535142,0.0041556507,0.008866057
6420,1185,1.5560074,0.5981074,0.0026241988,0.0060934126
6420,4960,11.022547,0.60643023,0.022410117,0.04448992
6421,2149,126.777084,0.656431,0.24658799,0.4869377
6421,3364,67.02498,0.6544269,0.13129167,0.26158226
6421,2157,87.97623,0.6589502,0.16039231,0.31916413
6422,2700,31.49294,0.5809397,0.06659489,0.12933019
6422,2946,12.31336,0.58271813,0.026322417,0.051679537
6423,2659,71.22208,0.55091345,0.1373511,0.2696011
6423,2663,41.49891,0.5488442,0.08008648,0.1566568
6423,2662,109.11105,0.5507811,0.20861635,0.40800923
6423,5315,62.948647,0.5453642,0.1212273,0.23775506
6424,6425,2.740181,0.6337153,0.005179964,0.011272505
6424,1,63.858658,0.6399945,0.13227293,0.26238978
6425,6424,2.756382,0.6302904,0.005381204,0.011397466
6425,2536,5.110283,0.63395953,0.010201819,0.020752743
6425,6427,5.1041374,0.6326767,0.010250986,0.020811677
6426,2196,19.324568,0.6445991,0.041634426,0.080493316
6426,5187,80.79056,0.6447963,0.14995427,0.29957035
6426,6709,92.46585,0.64278316,0.17338306,0.34423018
6427,2536,13.040743,0.6319798,0.015722774,0.032102466
6427,6425,5.0667953,0.63147813,0.010123365,0.020722866
6427,6502,86.42197,0.63554525,0.17541176,0.34738344
6428,6429,2.4405098,0.5644399,0.004151605,0.008811384
6428,206,46.297405,0.56982255,0.08974091,0.17467779
6428,6223,60.589905,0.55766535,0.15594897,0.30428952
6429,6428,2.8891563,0.5660978,0.0049549863,0.010462314
6429,238,22.983934,0.5668181,0.047373716,0.09072392
6429,6668,54.360653,0.5618574,0.1321623,0.2578877
6430,6434,2.0987053,0.6165516,0.006066598,0.012922913
6430,6433,1.9072914,0.61229175,0.0026691556,0.006198168
6431,6434,1.5288353,0.6139354,0.003727734,0.008377776
6431,6433,1.9414711,0.6152869,0.004971929,0.0109023005
6431,2212,14.990532,0.61568093,0.033386108,0.06523556
6432,6430,1.1524773,0.6140648,0.003775224,0.008466259
6432,3236,52.742256,0.6172946,0.12314664,0.24234495
6433,6430,1.5976601,0.6117404,0.0018588156,0.004596755
6433,6432,1.7252617,0.61381644,0.0040934384,0.009136349
6433,828,36.761524,0.6151997,0.0713774,0.14002486
6434,6431,1.3815804,0.61306053,0.0038512647,0.008695692
6434,190,65.21764,0.61499757,0.16357929,0.32168078
6435,6431,48.33525,0.6161272,0.112270564,0.22097275
6435,6670,81.86812,0.6149711,0.16944449,0.33428818
6436,6663,35.71845,0.57966745,0.09159233,0.17650573
6436,2755,1.308918,0.5793201,0.0033412203,0.0066250414
6437,434,0.9662018,0.6139431,0.0033268407,0.007654473
6438,1648,53.541035,0.59817195,0.07971137,0.15222798
6439,3087,3.6648712,0.61087465,0.009362064,0.019314691
6439,6438,6.130043,0.60901684,0.010315776,0.02133274
6440,2942,4.7637405,0.57799953,0.01013381,0.020722404
6440,6441,19.53893,0.57488817,0.023366809,0.04672438
6441,5158,85.88007,0.5693628,0.08369103,0.15798798
6442,1305,1.3811417,0.28983206,0.002490133,0.0054389834
6443,6863,89.669815,0.604043,0.18520205,0.3643501
6443,1184,6.278553,0.59959155,0.013458006,0.026888803
6444,6918,6.223362,0.6019992,0.0131927505,0.026565164
6444,1187,47.80064,0.6052226,0.0986056,0.19361748
6445,6446,19.827446,0.5851318,0.042977862,0.08330787
6445,2183,5.439747,0.58471036,0.010953024,0.022414535
6446,2388,1.7886429,0.5862471,0.002711974,0.0060263723
6446,1181,44.672043,0.5901703,0.092894666,0.17971298
6447,4806,1.8861618,0.36059228,0.003782928,0.0076511204
6448,2674,1.9220352,0.57071275,0.0028345436,0.0062464178
6448,2673,12.259539,0.57101583,0.02696582,0.053131133
6449,6448,1.6533813,0.5689844,0.0034446046,0.0073134154
6449,2675,24.593996,0.5703247,0.053407796,0.10221933
6450,2673,1.7024498,0.5703079,0.002087161,0.0049182177
6450,2674,13.186655,0.5685933,0.028506897,0.05547618
6450,233,38.26783,0.5693674,0.07343034,0.14471602
6451,177,2.3747635,0.56947726,0.0029070452,0.0066830367
6451,5217,1.4418068,0.56953746,0.0025301129,0.005941868
6451,6450,12.820833,0.5682867,0.027881444,0.054277882
6452,5483,0.6501694,0.41265708,0.0045415238,0.003554076
6453,6454,1.2186584,0.55786014,0.0025639161,0.0057463497
6453,1075,12.008314,0.56458443,0.02589988,0.051179156
6454,5427,1.0810051,0.5582775,0.0023923293,0.0053584278
6454,1397,20.118357,0.56640905,0.037322998,0.073025726
6455,172,2.2524033,0.5653517,0.0024151728,0.0058699995
6455,201,35.374016,0.56175786,0.089483775,0.17202988
6456,6455,1.7305489,0.56750256,0.001835376,0.0047674626
6456,172,1.0488052,0.5623697,0.0017883778,0.0043681264
6457,5549,3.17128,0.5958315,0.0032198504,0.007092938
6457,6614,31.657852,0.6018513,0.06798407,0.13101426
6458,3899,5.541958,0.41345197,0.016694956,0.026253551
6458,6452,3.6190376,0.6993519,0.005124487,0.011358336
6459,6460,2.3861275,0.64348507,0.001395382,0.004055828
6459,2769,76.209236,0.642211,0.15675724,0.31068444
6460,6459,2.4011116,0.6424049,0.001510486,0.004388869
6460,3380,31.410349,0.6446675,0.06860191,0.13292082
6461,3350,1.9479523,0.5866,0.003252536,0.0067157447
6461,481,34.341232,0.60414946,0.068776615,0.13121502
6462,6965,17.819862,0.6063634,0.03849345,0.07506695
6462,1186,59.786674,0.5992974,0.12365198,0.24324983
6463,1014,32.729877,0.57793087,0.064683996,0.12566832
6463,5138,27.84261,0.57787836,0.05700044,0.109281346
6464,1070,64.41008,0.5713764,0.12265336,0.24060556
6464,6463,35.174614,0.5784549,0.06828799,0.13136421
6465,6466,1.9940987,0.65347093,0.0047465265,0.009720281
6465,1616,139.32913,0.6697539,0.27152172,0.5348423
6465,878,45.716198,0.013510287,0.16693036,0.34999076
6466,6465,1.779686,0.6603684,0.005460657,0.0106303245
6466,4057,30.727385,0.49521178,0.107138686,0.2132894
6467,2934,1.3696175,0.5750422,0.0047032684,0.0097965
6468,135,8.191456,0.5836871,0.017524526,0.034720257
6468,84,162.78404,0.57506233,0.33863446,0.6628926
6469,2644,90.009834,0.5797147,0.18585995,0.36475268
6469,6470,5.179859,0.5834287,0.011091195,0.022391453
6470,135,2.153263,0.58543366,0.002952896,0.0065665096
6470,6468,7.117462,0.5854751,0.015102357,0.030096367
6471,1438,1.9735374,0.50859624,0.0030263811,0.0064816177
6471,3400,26.529984,0.5202896,0.06522033,0.12520961
6472,4544,3.8636208,0.573444,0.006685227,0.013702497
6472,4552,2.433567,0.57479787,0.0035469756,0.0076595694
6473,6230,32.791332,0.66455615,0.06755653,0.13261661
6473,5196,387.92218,0.6281376,0.77259964,1.527193
6474,5659,1.8303947,0.5590253,0.002103366,0.005270168
6474,2806,21.489092,0.5654647,0.05081074,0.09883213
6475,2086,45.493877,0.65018916,0.11615471,0.22763017
6475,5280,115.60672,0.66005474,0.20970446,0.41506594
6476,2333,92.83364,0.39832014,0.19345933,0.37117046
6476,6841,28.496895,0.43051356,0.06529149,0.12309168
6476,1235,104.964935,0.39298734,0.24156657,0.4638101
6477,4683,58.65444,0.5397042,0.14287522,0.27787095
6478,4807,2.487999,0.5560543,0.0036754757,0.007991657
6478,6479,11.604721,0.557625,0.023391299,0.046151027
6478,5286,55.56874,0.5558391,0.10660474,0.2084173
6479,6478,11.921682,0.5567598,0.02467309,0.048394054
6480,6481,0.8452568,0.5907982,0.003091529,0.0062874407
6480,854,31.71875,0.5952616,0.060463127,0.11700351
6481,6480,1.0042,0.5944939,0.00323914,0.0072612017
6481,4203,29.893032,0.597642,0.089951225,0.17549069
6482,6483,2.9177017,0.4712221,0.0025881305,0.0060385764
6482,6650,11.06679,0.47476128,0.02474001,0.048333168
6483,6482,2.9023933,0.47391802,0.002828516,0.0063518733
6483,4032,20.82598,0.47959,0.04647342,0.08908754
6484,5907,1.5148697,0.6706671,0.003197655,0.007072583
6484,2064,70.81685,0.66811144,0.12759152,0.25398982
6485,6488,1.8280449,0.6176199,0.0024857,0.005480215
6485,4449,27.253746,0.62540305,0.058267318,0.1120502
6486,468,62.24166,0.6178035,0.116595924,0.22913937
6486,3936,1.7922173,0.61457896,0.002456762,0.005338326
6487,6489,1.9055786,0.61799556,0.0025855452,0.005956322
6487,3655,28.221542,0.6261075,0.056061696,0.10776295
6488,6485,1.5814285,0.61514676,0.0019275919,0.0046331435
6488,3843,1.9576454,0.61148053,0.0037345737,0.008223668
6488,6487,25.014496,0.6173611,0.0510454,0.097869545
6489,3936,1.4848442,0.61414886,0.0022761598,0.0053379387
6489,6486,2.3310661,0.6201283,0.0038996637,0.008455396
6490,1362,89.75079,0.5947354,0.16778934,0.33115864
6490,4296,12.480282,0.60311913,0.025059149,0.04954602
6491,207,2.220356,0.5675378,0.0044167265,0.009320796
6492,5305,0.9969063,0.5719136,0.0032058507,0.0065845996
6492,6491,53.68245,0.57098705,0.111841895,0.2180334
6493,5306,1.666462,0.5709666,0.00509952,0.010551035
6493,228,5.2805595,0.57426614,0.009051107,0.01887153
6494,6496,5.253353,0.5719614,0.01347506,0.027018994
6495,5306,0.9523239,0.57196486,0.0033975467,0.006953612
6495,6494,2.1366463,0.57071775,0.006557755,0.013414159
6496,209,26.862957,0.5797584,0.06288214,0.12070887
6496,6493,4.4113426,0.57465583,0.011210099,0.02253139
6497,555,1.3870316,0.56628054,0.0016661882,0.0039730966
6497,5560,51.97945,0.5670417,0.11018416,0.21343562
6498,6500,1.9262352,0.62744254,0.003239736,0.0074192137
6499,6498,1.147541,0.5786112,0.0022835508,0.004805669
6499,6502,4.5068245,0.62639844,0.009505823,0.019619897
6500,2294,41.708256,0.62942976,0.08504806,0.16658752
6500,6501,2.0673218,0.6280446,0.0034719706,0.007907212
6501,6499,2.125721,0.6293411,0.0039032325,0.00876686
6502,6427,86.30929,0.63311857,0.17605391,0.34824333
6502,6498,3.8031769,0.63148767,0.0072829053,0.014994383
6503,1914,1.5268555,0.51417595,0.0015216395,0.0036925077
6503,4059,34.15067,0.51541454,0.068605185,0.13132428
6504,6505,1.6495857,0.495337,0.0020590797,0.004662499
6504,1829,102.84514,0.4954814,0.23057956,0.44462317
6505,6504,1.765995,0.4941098,0.0019942299,0.004596919
6505,4848,31.438704,0.49538475,0.07119061,0.13569155
6506,6507,2.5501785,0.31646115,0.0044566914,0.008418873
6506,2122,28.266392,0.3205027,0.0748553,0.14290553
6507,4667,1.982029,0.31544507,0.0068672895,0.012886286
6507,6506,2.5876503,0.31530756,0.0045213103,0.008614466
6508,309,2.7719917,0.65118605,0.005525455,0.01161027
6508,6509,1.6767273,0.6508931,0.0022910014,0.005202025
6509,6508,2.0337944,0.6494861,0.0031576976,0.0066741407
6509,4593,31.748959,0.6516834,0.06661558,0.12872085
6510,3244,18.09484,0.60764116,0.042389307,0.082718946
6511,6512,1.7670403,0.49810356,0.0039946437,0.00861527
6512,1491,126.0899,0.50605047,0.27367017,0.52976024
6512,4971,2.4535217,0.49847367,0.00535167,0.010964617
6514,2913,85.272675,0.66033065,0.21545234,0.4250297
6515,472,18.741438,0.5567051,0.040821306,0.07934717
6516,179,8.854572,0.5411672,0.023448303,0.046096727
6517,6518,1.211483,0.57865006,0.0042552724,0.009217188
6517,4149,175.14221,0.57709146,0.33489728,0.6557948
6518,6517,0.52412415,0.5779544,0.0027621835,0.0066637695
6518,3541,100.794,0.5724608,0.34268424,0.67006224
6519,4136,35.76555,0.5900314,0.086839296,0.16776343
6520,1917,1.1814003,0.5336179,0.0040723532,0.008560151
6520,3734,7.6191254,0.5319825,0.016420469,0.033127055
6521,5690,33.96795,0.5620147,0.067313105,0.13082479
6521,1156,168.46948,0.5575404,0.5362323,1.0510253
6522,6524,0.8195915,0.5968819,0.003034532,0.0064585954
6522,5132,1.7354774,0.6017264,0.004306048,0.009411693
6522,6526,3.3894806,0.6107249,0.0066896006,0.014093846
6523,6527,0.48757553,0.5372783,0.0019611716,0.0034763217
6523,6525,1.4898987,0.59503704,0.0026044473,0.0059859008
6524,6523,1.4472084,0.6101747,0.003160745,0.006997913
6524,2066,80.20179,0.61501944,0.20524746,0.40427488
6525,1688,114.58824,0.58939564,0.23513559,0.46150398
6525,6527,1.5272179,0.6097469,0.002280876,0.0052533746
6526,4629,58.51438,0.62661237,0.11855561,0.23461281
6526,6524,2.530922,0.6106058,0.0047890544,0.010321602
6527,6522,1.7668266,0.6059945,0.003166303,0.006952092
6528,6529,2.0261574,0.6063069,0.0021426305,0.0054849237
6528,4764,12.748985,0.60699165,0.02928717,0.057465427
6529,6528,2.0646858,0.60594606,0.002264604,0.0056687444
6529,5132,18.06576,0.6112789,0.041258994,0.079984665
6530,4221,15.882475,0.3039201,0.03849854,0.07358621
6530,6963,4.0217514,0.29877615,0.01079271,0.020330712
6531,6195,2.2686195,0.5721995,0.0024923235,0.005489722
6531,6532,1.4546432,0.5695084,0.0063396767,0.01239647
6531,1170,26.91262,0.5709449,0.052434623,0.09991417
6532,6536,16.607403,0.5738088,0.044571362,0.086998485
6533,6731,2.9446106,0.5972277,0.005747594,0.011919633
6534,6535,0.25733948,0.4407397,0.0014050379,0.0027076006
6534,4333,6.7305984,0.55796266,0.013503246,0.027266577
6534,4713,11.74407,0.5554829,0.027772762,0.054679714
6535,6534,0.7296982,0.4105813,0.0018411651,0.0036232471
6535,1747,8.746925,0.5516149,0.017956786,0.03564337
6536,1156,59.77855,0.5789128,0.1902948,0.37158582
6536,4299,107.98877,0.58137363,0.20427963,0.4006155
6537,5734,1.3287888,0.5815093,0.001584135,0.0037811399
6537,2111,3.3152695,0.5942084,0.0054184347,0.011871025
6538,1182,70.74687,0.5973712,0.15042487,0.29593965
6538,6565,1.7100601,0.5962131,0.003000848,0.0066734105
6539,6540,1.9986954,0.69166166,0.0019966438,0.004780486
6539,3097,71.938614,0.41726732,0.25487664,0.40998814
6540,6539,1.9320564,0.69290334,0.0017217174,0.0044362843
6540,3922,34.69518,0.42683348,0.12413122,0.19215812
6541,6542,1.176487,0.53645766,0.0015006214,0.0036236644
6541,6542,1.3989067,0.53682566,0.0018385276,0.0045475364
6542,6543,1.0344582,0.5345984,0.0018052608,0.0044561177
6542,5288,40.541294,0.53452575,0.077909775,0.14867763
6543,1346,1.0738907,0.53261864,0.0014778376,0.0037109405
6543,5004,6.837349,0.53693914,0.013955899,0.028032362
6544,4111,1.8822517,0.62322706,0.002451852,0.00549905
6544,3967,59.62132,0.62646455,0.12400942,0.24372357
6544,3413,1.6649132,0.6229217,0.0023095608,0.0052203387
6545,930,1.036583,0.55234367,0.0015440658,0.0038487166
6545,5808,1.4556274,0.55555046,0.0021595433,0.0056262463
6546,6554,1.1396332,0.3058586,0.00057733804,0.0018115342
6546,6552,0.587883,0.32952675,0.00022811443,0.00019015372
6546,6547,2.3735046,0.115741044,0.0010818392,0.0017250925
6547,6546,1.7729225,0.09193453,0.0013203099,0.00065022707
6547,6550,1.242836,0.15388909,0.0013027713,0.0013925582
6548,6549,1.7869949,0.55080444,0.0017883629,0.0042716265
6548,6550,24.230204,0.55328846,0.05040312,0.09570483
6549,6548,1.788559,0.550782,0.001791209,0.0042743534
6549,6550,23.67741,0.5533586,0.049389113,0.09380398
6550,6547,1.9241905,0.15994224,0.00097022206,0.0007931143
6550,1359,9.7695465,0.5607969,0.02027174,0.040407747
6551,5808,1.3733902,0.5589637,0.0017001107,0.004261449
6552,6546,1.8024101,0.36187732,0.0026755482,0.005547449
6552,1360,3.5016556,0.558103,0.0062365234,0.013090581
6553,6547,1.1562881,0.25220558,0.0014332831,0.002873838
6553,6554,2.1035576,0.5556063,0.0015500635,0.003646776
6554,6551,43.018112,0.5590992,0.068467796,0.12862992
6555,3024,27.363134,0.57795805,0.056231122,0.107689835
6555,3021,6.0077286,0.57467186,0.011780322,0.023311898
6556,3021,1.6780548,0.5751846,0.0013921559,0.0035345852
6556,6555,5.2717667,0.57674384,0.010000579,0.020193234
6557,6558,4.223072,0.67672455,0.010097668,0.020422041
6557,3490,0.235672,0.6519314,0.008462518,0.016340882
6558,3253,0.0,0.6677736,0.007845774,0.015575498
6559,3684,5.297928,0.66328055,0.009752601,0.019531906
6560,6192,7.0371933,0.5366945,0.01695352,0.03309977
6560,1727,10.583931,0.5419582,0.02214507,0.043272138
6561,4095,0.106098175,0.38236073,0.001976952,0.0
6562,6563,2.5682678,0.5802275,0.0019635484,0.0049750954
6562,5113,4.6568146,0.58751607,0.009656303,0.019922808
6563,6562,2.4562187,0.5804263,0.0016763881,0.0042160302
6563,5407,57.561077,0.5868462,0.12022255,0.2348685
6564,5113,2.6388283,0.57986355,0.0021889135,0.0053126067
6564,6563,4.751812,0.5852817,0.009969734,0.020534486
6565,5533,89.433685,0.59411347,0.22543755,0.44154578
6565,6538,1.5399246,0.59421706,0.0026535243,0.006129727
6566,3762,1.8842049,0.67948306,0.0036652237,0.007838637
6566,510,52.986015,0.660619,0.16204078,0.31776232
6567,6566,1.8952599,0.667336,0.0033072531,0.0068501085
6567,656,15.94005,0.6740254,0.031664133,0.061740965
6568,6571,1.3675766,0.6301355,0.0026644692,0.0061133355
6568,4208,73.51137,0.6395727,0.15048425,0.29789028
6569,6568,1.3007317,0.63608223,0.0024468973,0.0055622905
6569,645,38.42966,0.63659537,0.080382764,0.1560094
6570,6569,1.1657372,0.6359687,0.0018085614,0.004997283
6570,3854,48.540955,0.6326971,0.10161302,0.198381
6571,6570,1.6759949,0.6178038,0.0036239699,0.008107796
6571,3861,60.72505,0.64147645,0.12539242,0.24823312
6572,2373,2.500389,0.6245111,0.001561366,0.004200965
6572,5361,55.343697,0.62446,0.11487319,0.22607404
6573,3472,1.9614029,0.59475136,0.0025270209,0.0051135123
6573,2743,4.7098885,0.5973004,0.011725381,0.023428887
6574,498,1.7985649,0.66910243,0.002435416,0.0053112805
6574,497,162.97704,0.6667489,0.299105,0.5883759
6574,5542,44.951103,0.67573726,0.083679155,0.1628066
6575,4100,45.09015,0.5694541,0.086950585,0.17097467
6575,4991,32.251484,0.56285876,0.06292312,0.12140703
6576,6577,2.9877129,0.6428168,0.0037640557,0.007768661
6576,2534,22.788445,0.6426835,0.04619434,0.08929704
6577,6578,2.7150764,0.64020854,0.0030894578,0.0064478517
6577,6576,2.7422256,0.6403162,0.003109105,0.006514013
6577,5656,30.73845,0.6401857,0.075777546,0.14715178
6578,6577,2.9553146,0.64305604,0.0037486032,0.0078237355
6578,1744,10.935129,0.64438885,0.021513753,0.042600885
6579,1066,1.3154716,0.56722873,0.0025715753,0.0058628023
6579,5396,3.454628,0.56640416,0.004975036,0.010847315
6580,795,1.1137505,0.561998,0.003771387,0.008261219
6581,6687,3.971077,0.58826876,0.005951263,0.012507424
6581,2576,13.747555,0.5865468,0.027566038,0.054275468
6582,2178,2.3538132,0.5871247,0.00360585,0.0076683164
6583,3270,11.368322,0.55861914,0.018517919,0.037739977
6583,895,6.8540688,0.02135861,0.019084089,0.037462205
6584,6585,2.7505798,0.6764044,0.007152498,0.015002266
6584,5063,32.981857,0.68008417,0.08060031,0.15633874
6585,5063,52.878128,0.67431736,0.076639116,0.14636709
6586,6594,0.6009407,0.4347075,0.004811004,0.0036367327
6586,6587,2.0485687,0.7024806,0.0018291771,0.004391387
6587,4663,26.23402,0.41067892,0.09817904,0.15907384
6587,6586,2.0063858,0.7045986,0.0018196553,0.0046145916
6588,6589,1.9544373,0.5889779,0.0026884153,0.0060675144
6588,2954,44.17145,0.59065926,0.11615309,0.22664396
6589,6588,1.7787399,0.58783114,0.0024398342,0.005791694
6589,3667,169.48251,0.57678914,0.32017234,0.62710446
6589,3822,62.388412,0.57947916,0.15715815,0.30708012
6590,6603,0.8312645,0.35158563,0.000314869,0.0015801042
6590,4887,0.9503555,0.056330025,0.0040051565,0.00614354
6591,6593,2.2758255,0.6689774,0.0032807216,0.0073724836
6591,3356,55.694824,0.67084444,0.1021288,0.20158547
6592,5240,2.7804222,0.6718012,0.0042938665,0.00915277
6592,509,46.291466,0.6724911,0.08732127,0.17180623
6593,5240,1.9855576,0.6643403,0.0032869056,0.007155478
6593,1423,48.502914,0.6733526,0.09649943,0.19018593
6593,3657,44.62671,0.67089105,0.0839275,0.16301726
6594,3943,76.94232,0.40303162,0.2864947,0.47470683
6594,1519,2.0677414,0.70177865,0.0018815845,0.004805565
6595,6997,49.79422,0.59738827,0.10450518,0.20286247
6595,3662,133.32303,0.6028163,0.27227363,0.5342431
6596,37,3.4865189,0.6398403,0.006813258,0.01393266
6596,32,15.024601,0.639786,0.031286668,0.061136723
6596,4681,9.298977,0.63982403,0.019029729,0.03762296
6597,125,1.4418526,0.5698072,0.002714254,0.0062481463
6597,2651,25.455305,0.5669143,0.054991324,0.104893096
6598,6597,2.000309,0.5707997,0.0033119991,0.007296264
6599,4445,2.2700195,0.5524288,0.00382258,0.008207604
6599,167,45.403233,0.56000954,0.08818746,0.17311762
6599,3847,48.146587,0.555239,0.09458529,0.18405616
6600,360,17.264294,0.5615213,0.03595938,0.069720335
6600,147,31.812937,0.55543596,0.06895313,0.13407835
6600,6599,2.7953644,0.5557934,0.0051275864,0.010693684
6601,6602,2.3377876,0.5506123,0.0036795214,0.0074272305
6601,1779,0.11248398,0.032421947,0.0052299798,0.0099157095
6602,1778,0.8582916,0.5448801,0.0035938397,0.007639602
6603,6604,1.1198959,0.5517611,0.002143778,0.0048712194
6603,4888,170.95958,0.53794503,0.33336827,0.6467967
6604,4887,0.6180687,0.101442605,0.00066901743,0.00093603134
6604,6768,35.82665,0.5529597,0.07267505,0.13805048
6605,3107,3.320198,0.58196104,0.005766511,0.011719912
6605,6089,1.6931534,0.5777314,0.026568405,0.051279947
6606,6607,1.6363258,0.60294485,0.0026045218,0.0053702444
6606,1967,55.843246,0.6024285,0.17328861,0.3416315
6607,6685,0.27767944,0.18788838,0.0019220561,0.003783986
6608,1486,3.367466,0.4631848,0.006754793,0.013564378
6608,4589,42.136383,0.46140623,0.08609045,0.16429745
6609,1614,34.90474,0.54861856,0.06871235,0.13397503
6609,6884,9.354454,0.54659724,0.01910121,0.03814718
6610,2656,1.49366,0.5384793,0.001937151,0.0045024157
6610,5763,39.546715,0.53640604,0.07673474,0.14822595
6611,3040,45.43931,0.5777543,0.088040225,0.17079669
6611,6612,29.38689,0.57943285,0.059402373,0.11330008
6612,6611,29.062634,0.5772714,0.05772136,0.11080082
6613,2652,0.8135605,0.31459972,0.00080120564,0.0020198673
6613,2640,23.075647,0.54091907,0.051560994,0.09810655
6613,3338,129.83984,0.5431593,0.27695638,0.5380189
6614,2870,1.705719,0.60227036,0.0020867586,0.0050519705
6614,5116,24.410276,0.60271984,0.053716876,0.10268521
6615,6616,41.846985,0.6011537,0.08118423,0.15497847
6615,2870,67.954926,0.5990755,0.12946679,0.25579077
6616,1550,34.510754,0.6009555,0.06890543,0.13343298
6616,6615,43.607807,0.5997653,0.08300445,0.15870698
6617,926,10.343658,0.5643865,0.021378078,0.042369306
6617,3532,0.065086365,0.026257128,0.0023367405,0.0045314133
6618,939,43.56833,0.5637423,0.084734686,0.16402893
6618,3532,34.81684,0.5671678,0.06821525,0.1316539
6619,5002,2.60532,0.58204836,0.0071586147,0.014075458
6619,6620,3.0049896,0.5833963,0.0046285763,0.0094999075
6620,4281,3.2164001,0.57829416,0.008485213,0.017545804
6621,5274,1.5099144,0.5771013,0.004585892,0.009221867
6621,6352,44.437366,0.5750227,0.108845115,0.21354696
6622,1996,25.632727,0.5732842,0.05417789,0.10383097
6623,6622,3.2873764,0.5688815,0.0041593835,0.009353757
6623,2367,1.3762665,0.5628861,0.0046571866,0.009927332
6624,6440,1.4790268,0.5811124,0.002814822,0.006365478
6624,2947,7.1361885,0.58159363,0.015180171,0.03020835
6625,4654,2.1483803,0.6203368,0.0028624684,0.006534204
6625,4026,21.6177,0.6224929,0.04696409,0.0910885
6626,6627,2.08313,0.41710353,0.0044815913,0.008964509
6626,198,30.121742,0.4348727,0.07543185,0.14366221
6627,5896,1.518753,0.41762948,0.004820995,0.009663478
6627,5895,4.344925,0.41651577,0.009873845,0.019213244
6628,6629,1.8272972,0.34236008,0.0043665916,0.008367822
6628,1671,1.9978218,0.33983743,0.00387194,0.0074751377
6628,1264,31.830614,0.33126616,0.084857814,0.16216128
6629,6628,2.009758,0.3440886,0.00488694,0.009176984
6629,1236,22.859566,0.3516376,0.057473946,0.10995745
6629,1679,2.0758934,0.3438697,0.004889846,0.009401783
6630,6631,1.8518982,0.29943323,0.004560739,0.008635998
6630,1314,7.498955,0.29668033,0.019373588,0.03643532
6631,6630,1.9611282,0.30009362,0.005120665,0.009400383
6631,2317,37.509632,0.3178485,0.10069609,0.1950757
6631,1318,2.1052666,0.29352805,0.005391516,0.009757951
6632,6341,2.223793,0.5675568,0.0027706772,0.006262511
6632,1667,6.6650887,0.5670022,0.016344808,0.032660037
6632,1666,13.19655,0.5706519,0.02550631,0.050544336
6633,1667,1.3997307,0.5699297,0.004316829,0.009167731
6633,794,2.5574875,0.5691664,0.006474264,0.013567254
6634,1646,5.9483757,0.61300045,0.014500253,0.029302463
6634,5074,21.733334,0.61525375,0.051827762,0.100716636
6635,2472,30.738293,0.50648874,0.06335822,0.120740354
6635,2036,77.11604,0.5064819,0.15153724,0.29474604
6635,2486,105.88074,0.492217,0.2123763,0.41160366
6636,4679,1.351696,0.32229462,0.0053214207,0.010039195
6636,6637,86.74256,0.3576615,0.20800729,0.39933008
6637,6638,1.5939636,0.3977756,0.0034979954,0.006989017
6637,2225,77.51118,0.3945116,0.16419776,0.31584507
6637,4677,48.568455,0.4123304,0.11025425,0.21317069
6638,6637,1.680912,0.39552033,0.0036083534,0.0072131306
6638,4679,87.82364,0.35437196,0.20721443,0.39938462
6638,1256,130.58282,0.40511525,0.12628008,0.24898255
6639,6640,0.0,0.04551357,0.005323291,0.010051832
6639,7021,2.2012558,0.6700003,0.003282033,0.0068457574
6640,6641,1.9299431,0.67232704,0.0032717213,0.0066215247
6640,1872,15.221575,0.037382364,0.06539095,0.13755831
6641,6642,0.19683838,0.09474206,0.0035363361,0.006693423
6642,6639,2.2087631,0.6671949,0.0034562796,0.007088095
6642,4075,34.98108,0.23187375,0.15652098,0.32340136
6643,6644,1.9917603,0.67479694,0.0029485673,0.0061205924
6643,3419,49.44132,0.67834496,0.09799849,0.19305927
6644,6643,2.1638565,0.67281806,0.0032811984,0.0066937357
6644,2583,80.40578,0.6661655,0.14835103,0.29047865
6644,289,66.17359,0.67519933,0.13284463,0.26381814
6645,1292,3.2389984,0.6446285,0.0061763003,0.013255581
6645,6709,74.88498,0.6459687,0.18735707,0.37264657
6646,6645,2.0174522,0.6446446,0.003671892,0.0083896965
6646,6647,4.6769066,0.6440078,0.011472695,0.022931248
6646,7050,7.319771,0.6440039,0.01708483,0.034209877
6647,7050,3.1629906,0.63716507,0.0043169484,0.009295791
6647,2325,6.274723,0.35958254,0.012063734,0.021713018
6648,6649,2.087307,0.4634074,0.0042475536,0.008857101
6648,3720,75.56479,0.46661088,0.19905984,0.38543922
6649,6650,1.4443321,0.45148972,0.0026663765,0.006026432
6649,6483,12.358662,0.4720026,0.026803806,0.052526623
6650,6651,1.4958954,0.46764463,0.003297709,0.0069748014
6650,2471,106.08034,0.4632651,0.23664695,0.45689893
6651,6648,0.57418823,0.22976655,0.001739569,0.0034661442
6651,525,22.09779,0.46716112,0.049330343,0.09441747
6652,4421,2.5335312,0.63604784,0.0030352324,0.006847769
6652,1410,38.906124,0.6424424,0.094321184,0.18464452
6653,3652,2.656868,0.6361159,0.0038853288,0.008599371
6653,5088,25.485012,0.6353318,0.05946001,0.11441005
6654,4821,7.654106,0.63712597,0.015725926,0.031816795
6654,6715,32.813095,0.635796,0.06600912,0.12758641
6654,3591,61.47244,0.63745797,0.14945552,0.29699802
6655,6654,1.8782387,0.6420491,0.005835809,0.011764243
6655,504,21.059593,0.6422751,0.04444774,0.08628916
6656,3,42.43263,0.6315512,0.08999454,0.17557546
6656,4846,4.794903,0.6351451,0.0051333383,0.0116684735
6657,583,81.011,0.48158318,0.16257252,0.31472072
6657,3564,75.049225,0.48669434,0.16931555,0.3262083
6657,1825,26.899435,0.48191136,0.05997432,0.11462892
6657,1220,22.636934,0.48992074,0.05041156,0.09650326
6658,6138,2.980053,0.6240269,0.004149109,0.008307695
6658,3374,33.60106,0.62948287,0.066982195,0.13007149
6659,3926,3.1551018,0.630813,0.0040605143,0.008924559
6659,3796,4.6736526,0.6361294,0.0064445734,0.013979629
6660,6160,2.46949,0.6561513,0.0013080984,0.003728941
6660,6159,28.669329,0.658617,0.062248357,0.11857575
6661,6662,1.6792641,0.5971819,0.0029839203,0.0066549033
6662,70,94.8949,0.5900745,0.20022681,0.39181536
6662,5023,36.417377,0.59825474,0.07938493,0.15258904
6663,210,21.426964,0.5772023,0.044387408,0.08536672
6663,1018,27.781334,0.59124446,0.07072906,0.1409416
6664,209,1.4406052,0.56927025,0.0043012872,0.009369731
6664,3006,9.762417,0.57737005,0.021278828,0.042291626
6665,2755,1.5388298,0.5719427,0.002934143,0.005667776
6665,6436,2.1517868,0.57542986,0.0063639507,0.012247622
6666,6667,0.8099632,0.56392723,0.002799727,0.0057958215
6666,3005,43.69874,0.573085,0.10645259,0.20858395
6667,6668,1.3755875,0.5703592,0.004754603,0.010032475
6667,6428,52.059845,0.5669212,0.13200673,0.25900298
6668,6669,1.4608994,0.56579876,0.004525192,0.009258449
6668,5217,20.29873,0.5690203,0.04843681,0.09361676
6669,6666,1.5097313,0.57099265,0.0048411936,0.010487482
6669,6902,34.150234,0.576558,0.08390328,0.16278458
6670,4150,12.165186,0.6089694,0.02469635,0.048543036
6670,6671,1.5714455,0.60696006,0.0024677962,0.005855933
6671,6670,1.6887093,0.603383,0.0028624684,0.0065731257
6671,6941,84.62167,0.6139777,0.17801225,0.35045838
6671,1082,64.35841,0.6094694,0.13265315,0.2622619
6672,6673,2.1983795,0.670699,0.002139613,0.0051076263
6672,5350,2.0322227,0.661251,0.0010559037,0.0027892739
6673,6672,2.198063,0.67225033,0.0021142885,0.0049458593
6673,5663,20.485022,0.668041,0.04102681,0.07918793
6674,1923,0.0,0.5367969,0.00916829,0.018411994
6675,4726,0.21623993,0.09045991,0.002794221,0.004585132
6675,2314,3.1757088,0.6129804,0.0043713674,0.009389386
6676,2446,1.4056091,0.2651242,0.0025942698,0.0048478693
6677,166,17.865364,0.56596226,0.037968796,0.073831916
6679,3098,58.45922,0.657324,0.108450666,0.21375863
6679,6680,3.9331055,0.66496515,0.0054560304,0.011916995
6680,5017,77.82747,0.6653172,0.1422464,0.2826054
6681,1229,1.4877052,0.4984414,0.0018845797,0.00398916
6681,1258,57.7651,0.4924752,0.11327632,0.22003621
6681,4350,12.511744,0.4967243,0.02763576,0.05362837
6682,4350,59.991238,0.4801475,0.13027228,0.2533077
6682,3297,12.528557,0.4791325,0.02720467,0.053215474
6683,4530,1.6180344,0.59371644,0.0020812824,0.004946217
6683,3052,53.51226,0.5944326,0.10238406,0.1999984
6683,4528,19.734478,0.59596795,0.042339858,0.08211441
6684,4947,2.1618423,0.569202,0.0036953837,0.007950604
6684,6951,8.671391,0.56988984,0.01855348,0.0369699
6684,622,2.3952522,0.5716256,0.004766695,0.010199904
6685,6686,2.1537933,0.60034275,0.003703609,0.007180944
6685,4016,18.890879,0.6069226,0.048445288,0.09451402
6686,6606,0.17225266,0.20117036,0.0023302957,0.00428465
6686,3071,49.095047,0.6094264,0.10155242,0.19999881
6687,6582,1.7422638,0.5851666,0.0012388676,0.003535986
6687,6676,10.669146,0.5880387,0.021121994,0.041675106
6688,2407,1.1830788,0.49462953,0.0040008426,0.008644417
6689,6688,1.1688423,0.4909284,0.0039885268,0.008264944
6690,6691,2.7595177,0.56943643,0.001923725,0.004767716
6690,3782,34.657997,0.576422,0.073856056,0.14187847
6691,6690,2.8155098,0.57142323,0.0019199625,0.004814595
6691,6748,22.577045,0.57478905,0.049579386,0.09516184
6692,6693,2.9833946,0.65232164,0.0023399964,0.005854383
6692,7037,16.687597,0.6496452,0.034940574,0.06818255
6693,6692,3.0766525,0.6561279,0.002713509,0.006662667
6693,3493,8.678871,0.65004057,0.01741784,0.034889653
6694,6695,4.8172264,0.59515625,0.008940138,0.01828055
6694,6695,4.3426323,0.5921279,0.0067667663,0.01422888
6694,2848,188.00887,0.58565074,0.35617718,0.69726837
6695,3433,115.226776,0.59461206,0.2139523,0.42116064
6695,6694,4.337208,0.5962175,0.007978365,0.01637867
6695,6694,3.931923,0.591462,0.0058541,0.012478083
6696,1647,6.4285355,0.58184546,0.010919727,0.02230984
6697,5481,0.82478714,0.53967226,0.00061424077,0.0024411827
6697,6135,1.0395584,0.5466236,0.0022059754,0.005118683
6698,6697,1.3941803,0.54605085,0.0022454485,0.0049254447
6698,3752,102.484344,0.54382724,0.21433133,0.41519108
6699,6202,1.44944,0.047696054,0.008293025,0.015679508
6700,6701,1.4573784,0.5112476,0.0028487593,0.006517321
6700,5245,29.42996,0.51752156,0.06554505,0.12460421
6701,6702,1.6670494,0.5165666,0.003471747,0.007137522
6701,3563,96.9087,0.5198828,0.21317612,0.4131297
6702,6703,1.1990204,0.518291,0.0026361123,0.0056586117
6702,3702,66.13312,0.519488,0.14509606,0.28278723
6703,6700,1.111618,0.51263577,0.0023609921,0.0052074045
6703,1218,29.163517,0.5140901,0.063029625,0.12070089
6704,6705,1.0400238,0.39225993,0.0019737557,0.004233092
6704,2205,53.814377,0.52419764,0.11370057,0.22089341
6705,6706,1.194027,0.5153772,0.0026931614,0.0058781356
6705,920,26.356415,0.5286569,0.05995173,0.114519686
6706,6704,1.317524,0.52454346,0.0024727657,0.0054602474
6706,3802,31.577023,0.5274991,0.06884445,0.1313814
6707,6227,1.9271584,0.6353749,0.002973467,0.0066583008
6707,6646,30.720383,0.64498967,0.074542016,0.14691824
6708,6709,1.989811,0.6348727,0.0031385273,0.006973356
6708,1113,44.641006,0.639041,0.0851137,0.16860557
6708,6707,47.468575,0.64175934,0.11421987,0.22662286
6709,6708,1.9838524,0.63645416,0.0030146018,0.0068593025
6709,4754,44.877853,0.6405576,0.10784813,0.21337005
6710,3382,1.7026939,0.6298905,0.004370369,0.009253964
6710,5715,3.3959198,0.6343165,0.0058498755,0.012484521
6711,5173,2.7595978,0.63284075,0.00502719,0.010872483
6711,2311,165.85173,0.6361946,0.3079395,0.6092836
6711,1104,11.060993,0.6345618,0.02533608,0.04991147
6712,6713,2.112175,0.5335629,0.003351517,0.007108286
6712,1664,62.5198,0.52754503,0.12167896,0.23882234
6712,1712,28.12259,0.5340279,0.061574046,0.1187481
6713,6712,1.8473358,0.5348041,0.0028285012,0.0062657595
6713,236,44.52402,0.53510284,0.09448706,0.18159172
6714,5508,18.384546,0.6283788,0.042566337,0.082896
6714,5508,22.472095,0.6306157,0.046614695,0.090677015
6715,4751,1.9967003,0.6343302,0.0025307238,0.0060212463
6715,6716,2.1806946,0.6321443,0.0024012998,0.005404681
6716,6659,35.673103,0.63623506,0.089133896,0.17559953
6717,6718,2.0072327,0.5837176,0.0057419166,0.011801019
6718,6717,2.333458,0.5857644,0.006294735,0.013297439
6718,775,11.308559,0.5921151,0.029848378,0.05812744
6719,6778,1.4169197,0.5182783,0.0025245473,0.005560264
6720,959,31.649845,0.5128518,0.060337678,0.1166351
6720,970,37.054474,0.51210386,0.09291172,0.18073824
6721,1336,12.272783,0.6431781,0.025331743,0.049971133
6721,1334,22.295044,0.6462074,0.048298184,0.09269661
6722,1334,1.848629,0.63964367,0.0029305294,0.006504476
6722,6721,22.61768,0.645247,0.048952114,0.09430767
6723,6314,1.6015549,0.5732204,0.0031340197,0.0066145808
6723,6377,0.8671646,0.57279056,0.0031822324,0.0066630095
6724,6723,1.3506927,0.57216364,0.0024793074,0.0056167394
6724,6378,2.2561684,0.58081174,0.006939046,0.014298782
6725,4977,1.2932281,0.5848459,0.0041873753,0.007302344
6725,731,185.79791,0.10899824,1.455479,2.9767513
6726,586,1.2904434,0.58250195,0.0015931949,0.0039677173
6726,2812,259.9917,0.5723849,0.5365753,1.047653
6727,5546,3.8860245,0.60932803,0.007725142,0.01543127
6727,65,1.4674034,0.35742033,0.0014576539,0.0024308711
6727,5024,3.850563,0.62344205,0.007689111,0.016314834
6728,1772,2.3309937,0.5818858,0.006634429,0.013660565
6728,5724,1.2821198,0.58197045,0.0045749024,0.009617716
6729,2479,32.319454,0.4760783,0.06645948,0.12688437
6729,3523,64.40716,0.46306497,0.12810323,0.24793728
6730,5028,1.7396278,0.4343877,0.0052137375,0.010462433
6730,1952,23.436127,0.42763507,0.052125074,0.098816
6731,6732,1.7481079,0.60001206,0.005262807,0.0114632845
6731,6856,157.07547,0.58557266,0.32332525,0.6309249
6732,740,96.04683,0.5971998,0.17950904,0.35274088
6733,4418,1.3123207,0.29991683,0.004711136,0.0067819655
6733,2664,36.943577,0.5399749,0.093024164,0.18144229
6734,6733,0.92686844,0.5472894,0.0035905167,0.006828189
6734,6101,15.466372,0.315986,0.038988307,0.07160934
6735,3407,2.074173,0.541443,0.006258115,0.012914538
6735,6912,6.4266014,0.5463208,0.015326582,0.030380785
6736,2366,5.0632286,0.53754264,0.009933993,0.019697368
6736,6099,41.968067,0.5352081,0.089331366,0.17435132
6737,219,1.953865,0.62776697,0.0025723353,0.005756706
6737,218,80.69955,0.62763214,0.14981699,0.2967737
6737,4576,36.21717,0.6317537,0.07602464,0.14844719
6738,3698,2.5155563,0.4147192,0.004352182,0.0088290125
6738,3693,5.481945,0.41429844,0.013689287,0.026553944
6739,2547,3.931511,0.4139692,0.007629633,0.015041202
6739,6738,2.7091408,0.4155578,0.00767798,0.015092999
6740,6739,2.6551743,0.4154927,0.0045395195,0.009234011
6740,7076,77.04089,0.43251058,0.20957229,0.4042998
6741,3072,47.898907,0.6154908,0.099370845,0.19452952
6741,1275,29.76337,0.59732723,0.0603216,0.11591687
6742,6723,1.258915,0.5706017,0.0038411245,0.008141354
6742,6378,2.0508537,0.5775705,0.0028707683,0.006346792
6743,6744,1.3484612,0.5724362,0.0022273213,0.0054599345
6743,7008,1.2248917,0.5727955,0.0020711124,0.0051550567
6743,6956,42.27439,0.56878847,0.103960015,0.20269088
6744,6743,1.444706,0.57224685,0.0024028495,0.0055674314
6744,652,12.664221,0.57837343,0.029239573,0.057451338
6745,6748,1.3785286,0.5720614,0.0027888045,0.006114632
6745,6690,22.630344,0.5736942,0.04895358,0.094466604
6746,6745,1.3701973,0.56695074,0.0024913847,0.005646497
6747,6746,1.5924568,0.5735979,0.0030972362,0.0066140294
6747,7008,12.593466,0.57630557,0.02757585,0.054425783
6748,6747,1.18853,0.57115567,0.0027136132,0.005831003
6748,6749,36.506943,0.57792675,0.07890578,0.15385024
6749,6752,1.153759,0.5668767,0.0025267228,0.005387798
6749,3792,46.702286,0.5699194,0.10019397,0.1947994
6750,6749,1.2156258,0.56095326,0.0025202334,0.005283043
6750,6747,36.656723,0.5681506,0.07920148,0.15395193
6751,6750,1.2528343,0.56353813,0.0027760193,0.0062491447
6751,6953,38.597023,0.5734719,0.08252403,0.15963809
6752,6751,0.9167595,0.5650471,0.0019259527,0.0043231547
6752,739,57.46889,0.56254786,0.123277456,0.24050097
6753,724,2.8145065,0.57708377,0.002172485,0.00540033
6753,6726,7.435055,0.5848649,0.01614663,0.03234929
6754,4656,2.8162308,0.63782734,0.005537443,0.011899158
6755,20,1.3382034,0.5520232,0.0016191006,0.003991246
6755,6183,61.392426,0.5544305,0.13042027,0.25402394
6756,20,0.80664825,0.54341245,0.0014228672,0.0034913123
6756,2607,1.6996498,0.56034505,0.0029682443,0.0068775266
6757,6176,1.1402321,0.6349964,0.0018445402,0.004518509
6757,6186,65.88632,0.659307,0.12083061,0.23924324
6758,6759,1.3805885,0.6581898,0.0018412098,0.004736945
6758,6759,1.6301994,0.6587316,0.0023181736,0.00577949
6759,6757,1.3996315,0.6554712,0.002761349,0.006737083
6759,3683,4.4093323,0.6651927,0.008602649,0.017891556
6760,3073,1.5254517,0.59657407,0.0020691305,0.0047050714
6760,6761,2.3774948,0.5979309,0.004817903,0.010321662
6760,3067,159.61191,0.5923038,0.29933816,0.58797735
6761,3162,1.2737885,0.5955491,0.0018401667,0.00454545
6761,5603,24.56428,0.6027933,0.05366442,0.10355052
6762,1489,3.2773285,0.5724903,0.0065843016,0.013641715
6762,6763,2.7996635,0.5700023,0.005593322,0.011778623
6763,1006,51.144836,0.5707167,0.10864924,0.21124735
6764,2146,5.454933,0.56574064,0.011862725,0.023596719
6764,171,16.892353,0.5659662,0.03692627,0.07136264
6765,1289,28.028152,0.60040194,0.055803128,0.107420705
6766,6957,1.2456284,0.660221,0.0034801513,0.007339239
6766,3928,2.4295769,0.65692896,0.009068012,0.017134577
6767,3929,1.2533302,0.51085293,0.001741603,0.0048952997
6767,5573,140.70706,0.5386595,0.2697402,0.52508354
6767,6769,59.99446,0.55020064,0.11099852,0.21601397
6768,1377,57.159367,0.54932815,0.11055372,0.21637909
6768,6767,99.90722,0.54884857,0.18989861,0.371476
6769,23,0.020198822,0.042411417,0.003461428,0.0060040504
6770,3934,70.175,0.55252135,0.13416383,0.26346093
6770,3933,26.821178,0.032743573,0.12907204,0.27199322
6771,553,3.5011826,0.5619203,0.0074639916,0.015387967
6771,6773,3.0747643,0.5619372,0.0056284666,0.011602789
6771,6772,2.2278252,0.5622199,0.0045730546,0.009729058
6772,1110,126.30013,0.5553517,0.2646468,0.5161192
6772,6771,2.354313,0.56265527,0.004825294,0.010368064
6773,1126,1.8936615,0.5608717,0.0031741112,0.007022083
6773,6772,3.3915558,0.56223714,0.0064983666,0.013565898
6774,2355,42.81949,0.5315499,0.08391753,0.15995158
6774,2353,6.402996,0.5328896,0.01142589,0.023110285
6775,7001,91.371506,0.54961514,0.1927284,0.37595692
6775,6613,78.43884,0.54766065,0.17072375,0.33341473
6776,6777,0.9670296,0.5372832,0.0035207495,0.0074731708
6776,4586,45.355286,0.5515511,0.09021036,0.17532174
6777,6776,0.75844574,0.5378604,0.0033309013,0.0074219108
6777,4105,30.214554,0.546258,0.0929049,0.18205711
6778,5235,1.3276978,0.5130451,0.002083309,0.0041888803
6778,3418,0.9279022,0.5103618,0.0032694936,0.0069701374
6779,5830,166.32895,0.5800307,0.4475564,0.8788779
6779,816,4.595745,0.59527916,0.01124239,0.022643179
6780,1485,0.39226913,0.17632535,0.00017811358,0.00066550076
6780,6781,29.016085,0.51999617,0.067501545,0.12921448
6781,6780,28.98832,0.5162457,0.06731804,0.12948124
6781,1491,9.945995,0.5118145,0.021636233,0.04299155
6782,6783,1.8800697,0.58875436,0.0060887337,0.0126353055
6782,5850,139.92258,0.58106226,0.2602289,0.50894886
6783,2439,93.040504,0.587122,0.25837958,0.50956243
6784,5219,53.834526,0.59654313,0.09870359,0.1902842
6785,282,17.549503,0.59793055,0.03584474,0.0696969
6785,6846,3.4538803,0.60132504,0.005602218,0.012013853
6786,5784,119.55358,0.5773998,0.24482778,0.47969365
6786,612,9.376884,0.58113086,0.018213116,0.036401287
6786,3867,188.51314,0.5689434,0.38664934,0.754591
6787,4531,1.6671982,0.5968001,0.0023564398,0.0053581297
6787,2401,3.3102188,0.59684396,0.0065808967,0.013492748
6788,2461,68.747055,0.5790474,0.1443148,0.28315789
6788,75,51.099186,0.580049,0.10661264,0.2066307
6789,75,1.598175,0.5828503,0.0020494983,0.0047108084
6789,2083,75.461525,0.5804911,0.1427276,0.28031588
6789,6788,49.286213,0.5813284,0.10217356,0.19757299
6790,3324,1.7964821,0.6253138,0.0024810731,0.0060809106
6790,2074,5.5692177,0.6237303,0.010450296,0.020815954
6791,575,57.949867,0.5025904,0.11358825,0.22169724
6791,1250,61.353016,0.5088185,0.11965018,0.23371565
6791,1840,18.365627,0.51140356,0.038530435,0.074454285
6792,2196,1.7291908,0.6398094,0.002834335,0.006345302
6792,6793,1.7498169,0.6435769,0.0031226873,0.0074005276
6793,3380,2.1814346,0.6429458,0.0042681023,0.009552315
6793,6459,33.33414,0.64289415,0.07027857,0.13776423
6794,6792,2.6951065,0.64249444,0.0052558035,0.011158153
6795,804,39.40041,0.6102938,0.09463921,0.18398865
6795,6370,1.773426,0.60063297,0.0033763796,0.007572934
6796,3976,1.6824455,0.49654087,0.0036776885,0.007231772
6796,6380,2.5638008,0.49441946,0.0036484972,0.0074897856
6797,6798,1.2991295,0.5169695,0.0042148605,0.008506805
6797,2714,57.479336,0.523998,0.18615368,0.36257124
6798,6797,1.136673,0.5260489,0.0035663247,0.007369086
6798,2713,68.3682,0.52646625,0.17987712,0.34971666
6799,5081,1.6474876,0.629303,0.003128931,0.0071614683
6799,2736,1.9239998,0.62775284,0.003452219,0.0076370984
6800,591,2.085785,0.57956845,0.0032290816,0.007270664
6800,590,50.802097,0.5835561,0.09753571,0.19076611
6800,6801,2.079319,0.5824218,0.0030841231,0.006876558
6801,591,1.9932365,0.57798773,0.0037931874,0.008017063
6801,6800,2.2015686,0.58372796,0.0034839883,0.007736355
6802,6804,0.0,0.16241097,0.0028477162,0.005859211
6802,3404,42.989708,0.62553704,0.10558699,0.20529246
6803,6802,1.9712982,0.62656033,0.005672328,0.011711836
6803,391,17.915907,0.13833791,0.05533574,0.1097193
6804,6805,1.6020432,0.6244526,0.0045888945,0.009360015
6805,6803,0.48514175,0.19783804,0.003069587,0.0070540607
6805,3079,28.840261,0.6268208,0.067422524,0.13065484
6806,322,110.16467,0.6750004,0.20141165,0.39892733
6806,6807,2.6603851,0.67340577,0.0042784885,0.009177685
6807,6808,2.209713,0.670752,0.0034495145,0.007566169
6807,4162,35.048653,0.67559355,0.072374195,0.14165393
6808,6810,1.8964462,0.66430473,0.0032700151,0.007068485
6809,6807,1.6308517,0.6654227,0.0039505586,0.008445978
6809,6806,2.7940407,0.670021,0.004747957,0.0101569295
6810,6809,2.2010002,0.6688489,0.0037272274,0.0074843913
6810,3795,22.446316,0.6698264,0.047052566,0.09261889
6811,6812,1.7919426,0.51839715,0.0019923598,0.0045766532
6811,515,1.8926048,0.5174857,0.0054398775,0.010954931
6812,6811,1.7097816,0.51963603,0.0018952414,0.0044399947
6812,5374,30.741957,0.5288852,0.077102475,0.14678317
6813,363,52.64123,0.5820446,0.10155527,0.19749473
6813,3335,50.12012,0.5614768,0.09701645,0.18628071
6814,2562,14.927223,0.4009409,0.032779578,0.06296037
6814,2549,60.112225,0.39398032,0.12458043,0.23992798
6815,6540,71.84653,0.42568994,0.23962387,0.3846891
6816,6740,1.9222755,0.41694513,0.0036002323,0.007291898
6816,6836,3.0963326,0.413746,0.0060866475,0.012102544
6816,560,100.40743,0.42613965,0.20961666,0.4022153
6817,4348,5.229126,0.59451824,0.010027751,0.020100236
6817,1092,2.3320503,0.5929802,0.0043099895,0.0092372
6818,1093,26.545843,0.5917087,0.058170103,0.11228981
6818,6817,1.7820511,0.59236956,0.003261149,0.0070255995
6819,3227,11.499365,0.5850989,0.024712116,0.048581213
6819,2991,8.578835,0.58735067,0.017671242,0.0352045
6820,1630,0.0,0.059726715,0.0017116368,0.004744634
6820,6259,36.17674,0.42284408,0.09300117,0.14741462
6821,6822,1.7285957,0.49587005,0.0026267245,0.0051888525
6822,6823,8.329346,0.501013,0.015263222,0.030587882
6822,1851,50.44336,0.490626,0.10147336,0.19665216
6823,2518,1.8536263,0.49302146,0.0025898516,0.0051216036
6823,1856,54.66753,0.48571223,0.1083077,0.21100645
6824,6825,0.9275551,0.5856096,0.0031359643,0.0066037625
6824,5654,2.481903,0.5883714,0.01035627,0.020576939
6825,6824,0.70350266,0.5805084,0.00284452,0.0063340366
6825,1097,11.063854,0.5903503,0.022404477,0.044137776
6826,5357,2.8161774,0.58664787,0.004922606,0.010534212
6826,4178,387.9922,0.57710624,0.73200035,1.4370738
6826,4165,3.101101,0.58788085,0.005417824,0.011530802
6827,6828,1.506504,0.4302486,0.0050618425,0.010224253
6827,5997,50.660084,0.43313146,0.10451758,0.2004747
6828,6827,1.4480591,0.42339608,0.0047446564,0.009451628
6828,5998,38.05465,0.43763912,0.10449187,0.20311734
6829,6830,1.681076,0.42820123,0.005354792,0.010855675
6829,5899,2.9231186,0.43033108,0.010689259,0.021052837
6830,6829,1.5759811,0.43108597,0.0052813515,0.010512769
6830,5898,7.96661,0.42432684,0.016700104,0.032554597
6831,4277,1.6325569,0.5604144,0.0031289756,0.0068339556
6831,4852,94.307144,0.55688226,0.20416698,0.39884236
6832,6833,2.864849,0.5917269,0.0021890774,0.0058265477
6832,4315,29.877346,0.60535973,0.06424429,0.122413754
6833,6832,2.8536835,0.596422,0.0021061525,0.0052603036
6833,4517,2.6830292,0.5980294,0.0053389966,0.011235759
6834,2308,1.8788872,0.43942928,0.0028123632,0.0057438314
6834,2307,12.890646,0.43841523,0.027180016,0.052656293
6834,2587,47.609444,0.46161744,0.09516008,0.1855155
6835,2547,4.577797,0.41306722,0.008085065,0.015828699
6835,6738,3.4816933,0.4134066,0.006955795,0.013504192
6836,2554,3.2202454,0.4117254,0.0062521845,0.012173206
6836,6816,2.7616653,0.41239035,0.0050130785,0.01012066
6837,5266,34.81591,0.45962608,0.070484415,0.13378926
6837,6839,11.220102,0.46256188,0.023540966,0.04573013
6838,1508,2.4210854,0.46100396,0.0031089112,0.006409928
6838,5267,10.738102,0.46024907,0.022518784,0.043721452
6839,6838,12.311117,0.46326667,0.025868647,0.050583497
6839,1506,238.42293,0.46714908,0.4857481,0.942523
6840,4701,1.596611,0.44112182,0.0031792745,0.0067490786
6840,2997,13.550726,0.44482327,0.02987194,0.05743455
6841,6476,28.390305,0.43128508,0.06459588,0.12227605
6841,6842,2.0317993,0.44464886,0.004439734,0.009113684
6842,522,2.0785866,0.44527394,0.0044118464,0.009187341
6842,6843,5.6113167,0.438874,0.005927451,0.011933848
6843,521,52.81089,0.43692955,0.119102426,0.22929166
6844,4200,124.06356,0.5830431,0.25659195,0.5019575
6845,102,1.3858566,0.5433705,0.0025328323,0.0060192347
6845,6944,49.10622,0.5453498,0.10091783,0.19650537
6846,6847,0.5579643,0.07026413,0.0009884089,0.0019329935
6846,6785,4.076565,0.59608847,0.007892519,0.016458139
6847,6846,0.9697876,0.07106581,0.0019450486,0.003718257
6847,4087,37.137012,0.59360933,0.077588886,0.14833325
6847,5003,1.8585281,0.5871952,0.0036475435,0.007776901
6848,3018,155.89908,0.56585133,0.29751715,0.58165216
6848,6849,3.2175865,0.5758259,0.0057816133,0.01221849
6849,3019,1.7139511,0.5753961,0.0021651834,0.00463371
6849,3023,12.60647,0.5778948,0.025718443,0.05062066
6850,6205,0.10140228,0.043996066,0.0059413463,0.010903314
6850,4710,1.4131355,0.40289617,0.0059122965,0.005610898
6851,6852,2.0549622,0.69187385,0.00369668,0.006585762
6851,6850,0.0,0.40621042,0.0023623481,0.0
6851,2572,16.475039,0.039521098,0.07018135,0.14533608
6852,4320,78.33757,0.68280196,0.15832457,0.3167082
6853,1951,18.58249,0.5681058,0.050913453,0.09964158
6854,4339,1.1787643,0.56748796,0.0024204701,0.0052387416
6854,6497,62.224327,0.56666094,0.13380644,0.26222658
6855,620,66.58775,0.5732697,0.13794295,0.27070132
6855,6854,12.822161,0.57354283,0.027814887,0.054402106
6856,5743,83.47142,0.5863253,0.16836438,0.3293489
6856,807,1.6376915,0.59125894,0.005539052,0.011753634
6857,72,1.7543945,0.59378386,0.0052330047,0.011068001
6858,6243,5.197708,0.6015544,0.011051767,0.022547305
6858,993,1.9564323,0.5986434,0.0037574396,0.008519858
6859,6947,1.25457,0.60436976,0.002137877,0.005041957
6859,6862,4.174759,0.60330427,0.00828895,0.017140657
6860,6859,1.8317566,0.5993764,0.0034016222,0.0075025707
6861,6860,2.5111465,0.6077514,0.0050833374,0.010754123
6861,5123,38.999947,0.61129576,0.08037956,0.1574068
6862,5096,22.518923,0.60902524,0.048630007,0.09427756
6862,6947,4.012726,0.6053802,0.008283913,0.016867772
6863,6443,90.623375,0.60371846,0.1852544,0.36489213
6863,6948,6.061226,0.6069799,0.012325197,0.024879932
6864,6865,1.2957954,0.5960647,0.0027578846,0.0064338446
6864,6867,7.0044785,0.60543764,0.014454253,0.029204965
6865,813,21.234549,0.60594815,0.047100943,0.09171651
6865,4532,1.4418373,0.60526997,0.00313095,0.00693962
6866,6864,1.3917542,0.6000844,0.0026484355,0.005987659
6866,894,72.43826,0.60496044,0.15141533,0.2974526
6867,1289,2.7233505,0.60081375,0.0048632324,0.010422319
6867,6865,7.2912254,0.6057068,0.015436381,0.03116116
6868,5798,1.7322235,0.5844883,0.004500702,0.009012744
6868,5624,130.06183,0.5831744,0.247816,0.48826164
6869,3065,24.990904,0.5747731,0.054000586,0.103052884
6869,4341,15.610355,0.5754791,0.034087352,0.06651461
6870,4796,56.139465,0.6631849,0.13018332,0.25795406
6870,6871,7.001171,0.6645363,0.016044721,0.031824306
6871,4794,50.02335,0.6554306,0.116142526,0.22807409
6871,6870,6.9910927,0.6641394,0.016024597,0.031704634
6872,6873,2.0080376,0.49876878,0.0024916083,0.005606964
6872,2627,14.500906,0.49121147,0.03152267,0.06164906
6873,6872,2.2631493,0.49648556,0.0031359494,0.006815031
6873,2287,68.08995,0.5134416,0.17910689,0.3474818
6874,1642,5.876095,0.5985632,0.012838662,0.025891677
6874,982,17.898422,0.60626894,0.041575518,0.081170164
6875,5246,129.10413,0.537223,0.27112037,0.5251819
6875,6876,1.572834,0.5525529,0.0052610636,0.011419401
6876,5803,35.2297,0.55139107,0.06928679,0.1350091
6877,5344,0.585289,0.17742121,0.002227217,0.0038334578
6878,5719,27.315844,0.46513522,0.06744748,0.12742722
6879,3281,140.34018,0.57482696,0.28965637,0.5653798
6879,6880,18.568577,0.5795769,0.026245922,0.052210346
6880,3950,12.497597,0.5881074,0.026712462,0.05240056
6880,6879,18.407177,0.5792928,0.025821574,0.051363513
6881,6882,1.3410263,0.60911375,0.004007414,0.008744702
6881,3234,75.766045,0.61872447,0.14309475,0.2837525
6882,6890,2.7014198,0.6125484,0.0050590932,0.011043131
6882,6634,2.4413795,0.6109391,0.0065194145,0.013792649
6883,6884,1.0113869,0.5441172,0.0021420121,0.0045265853
6883,6609,9.070068,0.5499089,0.018758245,0.03753169
6884,4847,0.85892487,0.5424436,0.0012604594,0.0031195134
6884,922,32.3646,0.5560202,0.073205814,0.14013651
6885,6883,0.5017395,0.53803277,0.0006271377,0.0019539744
6885,6886,2.916977,0.55429935,0.0071508065,0.0147254765
6886,942,52.448242,0.5478794,0.10913801,0.21339454
6886,6883,2.7675858,0.54744774,0.0059115216,0.012422919
6887,933,71.17664,0.5561299,0.13711296,0.2690924
6887,1361,77.40184,0.5553055,0.15078524,0.2946903
6888,3247,46.539036,0.67065704,0.07362822,0.14256416
6889,2145,2.68404,0.62847775,0.0018712357,0.005085379
6889,5652,38.41345,0.63178086,0.081390455,0.15940969
6890,2314,2.5588264,0.6118039,0.0052263513,0.0111815035
6890,4726,1.3837395,0.6186924,0.0044711605,0.008825019
6891,5225,1.7254715,0.5025806,0.0020850748,0.004746601
6891,4352,60.539124,0.5271482,0.15254565,0.29633877
6892,2511,46.6539,0.5120404,0.0915623,0.17799032
6892,2031,4.4794006,0.5179321,0.008516818,0.017136037
6893,2512,13.186728,0.51881605,0.027664222,0.0540666
6893,6892,9.506588,0.51704806,0.019965097,0.039348334
6894,1587,61.277454,0.5430056,0.11958684,0.2343203
6894,1588,106.98587,0.54453105,0.20635553,0.4030411
6894,3551,164.14676,0.5414476,0.31659937,0.61710936
6895,3630,2.722435,0.6360594,0.0048059896,0.008634269
6895,7055,57.997353,0.024323076,0.25356677,0.5449559
6896,6998,37.800014,0.6436168,0.078596495,0.15290454
6896,6962,65.85552,0.6458777,0.13233177,0.26336655
6897,4069,3.3344688,0.5973476,0.005994737,0.012746051
6897,1194,103.6964,0.5938167,0.2073937,0.4071942
6898,6899,1.2535286,0.5814968,0.0027493984,0.0064831525
6898,3373,20.145899,0.58604574,0.04366835,0.08421723
6898,3113,17.023798,0.5824591,0.036848236,0.07137025
6899,128,1.8562431,0.5841581,0.0034311563,0.007619992
6899,6898,1.2261734,0.58141863,0.0023753494,0.0052599013
6900,3114,2.0975266,0.58580637,0.0032723024,0.0072633773
6900,6901,3.5164146,0.584036,0.004879251,0.010630101
6901,3373,27.600986,0.58302575,0.054962553,0.10558302
6902,6665,0.8916817,0.13441902,0.0029191375,0.0057439953
6902,2675,43.682407,0.5741201,0.09234522,0.17802796
6903,6902,1.4971504,0.5696115,0.0033394694,0.0070464164
6903,6666,33.292496,0.5646731,0.08603137,0.16737647
6904,6903,1.5673447,0.5595029,0.0031279773,0.0063275844
6905,6906,0.7121391,0.5946469,0.003514506,0.007831857
6905,5986,40.779926,0.60199106,0.13026522,0.2558405
6906,876,9.582859,0.5995804,0.023534387,0.046448916
6907,4145,0.5001221,0.08533153,0.0014804974,0.0026697367
6908,6909,0.087142944,0.22086897,0.0010711476,0.0021387637
6909,2295,1.405693,0.63442844,0.0031666756,0.0068167597
6909,2791,118.75004,0.6312184,0.24878377,0.48965752
6910,1031,31.614548,0.5624518,0.08181804,0.15938003
6910,2881,59.018814,0.29560098,0.12462733,0.2363167
6911,4144,0.0,0.14543739,0.00039747357,0.00057019293
6912,1272,1.1470757,0.5376983,0.00397709,0.00840202
6913,1893,2.1147842,0.46369174,0.0036879778,0.008205205
6913,4845,2.2565384,0.46015072,0.0089011565,0.018009603
6914,1510,2.8480377,0.49700862,0.005445488,0.01119788
6914,6915,3.3653412,0.49923086,0.006865263,0.013757974
6915,579,128.59723,0.48185304,0.25783914,0.49864477
6915,6914,3.0651245,0.49656004,0.005707741,0.011746854
6916,4800,24.773952,0.599979,0.058307018,0.11228956
6916,6917,21.16593,0.6007246,0.043279134,0.08385996
6917,2067,107.89742,0.5770426,0.20110637,0.39477962
6917,4798,117.685104,0.61111736,0.21649358,0.4261287
6917,6916,21.0334,0.5989877,0.043179963,0.083738334
6918,1184,1.9665031,0.6002286,0.0025384873,0.005740404
6918,454,29.546558,0.6034317,0.059593897,0.114248455
6918,6443,6.051014,0.6055671,0.012492262,0.02525942
6919,6876,22.101582,0.55432075,0.046144936,0.08829855
6919,6920,2.154541,0.55458325,0.0061993822,0.0128570795
6920,6875,16.641045,0.55636233,0.036209352,0.070393816
6921,7006,0.464756,0.03813681,0.0011560842,0.0024985522
6922,3478,27.935555,0.62842,0.060534835,0.1158085
6922,6316,2.6413116,0.61444366,0.004368603,0.009702697
6923,1089,8.541115,0.5915008,0.018470876,0.03663805
6923,3584,1.5918198,0.5905672,0.0033569857,0.007615119
6924,1177,177.05325,0.54249513,0.34191662,0.66562736
6925,6926,1.9339981,0.31187272,0.004014656,0.007868975
6925,5945,27.936665,0.31295884,0.066531375,0.12495624
6926,6928,1.8395004,0.3122592,0.0049012974,0.009446293
6926,1970,3.7082596,0.31233025,0.008185394,0.0155623555
6927,6925,2.1303787,0.31080073,0.005283065,0.009896606
6928,6927,1.828743,0.31577575,0.0039278492,0.0074677765
6928,5950,2.2270393,0.3144893,0.006138377,0.011558056
6929,4873,2.8997421,0.33846307,0.0030413345,0.005934179
6929,4748,15.520262,0.35142544,0.035958286,0.069042556
6930,6938,1.9174843,0.67656636,0.00283698,0.0062936246
6931,6932,2.2833672,0.5305389,0.0033777505,0.0072542727
6931,6932,67.21814,0.5250323,0.1309922,0.25580785
6931,6934,1.1055336,0.5374022,0.0011177137,0.003076762
6932,6931,2.0796394,0.5286516,0.0032170787,0.0067758113
6932,6933,17.77279,0.5362539,0.037235044,0.07232859
6933,5412,2.2517357,0.5388018,0.0023796856,0.005483806
6933,5413,39.3789,0.55752766,0.076028496,0.1464473
6933,6932,17.86648,0.53483635,0.03711299,0.07198699
6934,6931,1.8457298,0.5313934,0.003556028,0.0078038573
6935,4988,2.3733063,0.633826,0.001913935,0.0048354566
6935,3595,24.423147,0.6355136,0.053303584,0.10178488
6936,6930,2.2191582,0.6763413,0.0031599104,0.007012889
6936,4170,19.30078,0.6775855,0.038940914,0.076047815
6937,6936,2.4358177,0.6750879,0.003961429,0.008312166
6937,4176,29.480446,0.68476754,0.05829332,0.11236026
6938,6937,2.1545067,0.677866,0.0038640425,0.008018285
6938,5362,7.3953896,0.680852,0.014611289,0.029012308
6939,6435,1.9295883,0.61335045,0.005916029,0.012386203
6940,6939,0.40358734,0.21834135,0.00270015,0.005143583
6940,6941,1.7131348,0.6158185,0.0028711557,0.006694883
6940,6383,2.130867,0.6194988,0.0036154762,0.008190602
6941,6381,2.0286407,0.6151237,0.0038551316,0.008511141
6941,6940,1.9367027,0.6126507,0.0029599145,0.0065002292
6942,556,67.39438,0.56276464,0.21727416,0.42447805
6942,1742,59.07215,0.56446797,0.11453892,0.224384
6943,241,2.329155,0.5399288,0.0050116032,0.010585025
6944,6945,1.5719185,0.5421235,0.0032029524,0.0070053786
6945,2364,5.5820274,0.545213,0.012301564,0.024998352
6945,240,3.2470512,0.54432684,0.007110752,0.014855921
6946,6944,1.412262,0.5386426,0.002572365,0.0055087656
6947,6948,0.9493828,0.59250456,0.0018907636,0.0045692474
6947,6863,7.2409744,0.60484415,0.015176602,0.030621737
6948,6860,1.1474915,0.60612965,0.0018239394,0.004242718
6948,6861,2.554081,0.60586315,0.004933372,0.010686174
6949,3391,20.823717,0.0,0.0969208,0.19737437
6950,6949,60.635933,0.0,0.19951138,0.42098245
6951,937,2.704174,0.57165754,0.0050775185,0.010814607
6951,6684,8.825642,0.5690452,0.01856441,0.037000194
6951,935,40.690342,0.570785,0.07804677,0.15299848
6952,2982,0.9984627,0.38167283,0.00040583313,0.0
6952,1743,6.448799,0.6084644,0.012458153,0.024984017
6953,6954,1.0294304,0.5624292,0.0022858456,0.0054187626
6953,6110,51.665802,0.5551382,0.13029839,0.25580817
6954,6955,0.94109726,0.56025606,0.0036182404,0.008156076
6954,4391,25.500542,0.5689242,0.056331694,0.1071399
6955,6956,1.3791924,0.5642542,0.0025769025,0.005817443
6955,4404,28.777756,0.5663271,0.0701436,0.13667212
6956,6953,0.95817566,0.55325675,0.0032301694,0.0066383183
6956,6750,37.34636,0.5713518,0.07952884,0.15505546
6957,6559,3.312191,0.66680187,0.0054899827,0.011677608
6957,6766,1.1344414,0.6584567,0.0033422038,0.0073773265
6958,732,39.648777,0.5936286,0.09536175,0.18588418
6958,4129,38.560913,0.5894191,0.09725972,0.18995294
6959,6960,2.5546532,0.41563338,0.0035592988,0.0071142465
6959,1844,15.219814,0.40763545,0.036556866,0.0702128
6960,6959,2.4089127,0.41302416,0.0035460815,0.007076159
6960,3951,29.843243,0.43074685,0.074663475,0.1422874
6961,796,1.2185211,0.5483274,0.001517117,0.0037499517
6961,1963,238.84172,0.5796981,0.45519492,0.8887244
6961,1747,165.39905,0.5362702,0.31781057,0.6181947
6962,6896,65.458176,0.6475846,0.1317636,0.26269516
6962,6269,5.5494385,0.6481761,0.011223845,0.022704482
6964,6965,1.8139267,0.6036545,0.0035026073,0.007801667
6964,6462,18.310059,0.6044408,0.03912966,0.075733885
6965,635,1.7258186,0.596784,0.002760373,0.0059337914
6966,6968,2.9008331,0.63452876,0.003711149,0.0084397495
6966,2912,5.7779503,0.6436879,0.009108558,0.019078285
6967,6966,3.4625282,0.6344181,0.0047550946,0.010251209
6967,2904,10.239674,0.64452,0.012526244,0.026228175
6968,6969,3.4064026,0.6375767,0.004730217,0.010341153
6968,2906,4.7502823,0.64510804,0.007281296,0.015628874
6969,6967,2.9653893,0.6342404,0.0038736686,0.008715257
6969,2908,7.142723,0.6399918,0.012090489,0.024822429
6970,1658,48.55699,0.6511676,0.09009092,0.17763472
6970,6972,2.3297424,0.6460153,0.0035422295,0.007647693
6971,6973,2.3131104,0.6499169,0.0039259866,0.008398682
6972,6970,2.2794228,0.6439426,0.0033744648,0.007290438
6972,1652,92.89186,0.6522008,0.16990525,0.3374629
6972,6971,6.552948,0.6486401,0.013171658,0.026015908
6973,3359,22.976461,0.64703417,0.048392978,0.09432065
6973,6974,2.3263435,0.6467229,0.004154831,0.008816659
6974,6975,1.5929565,0.6444116,0.0028409064,0.0064667314
6975,6977,2.2443924,0.6479011,0.0042805225,0.008950055
6975,6977,77.61952,0.6543177,0.1598748,0.31783932
6976,6971,2.2772598,0.64169574,0.0042975694,0.008788124
6976,6970,6.215084,0.6423523,0.012605429,0.0251562
6977,6976,3.1181145,0.65299183,0.0060492754,0.012828782
6978,1500,121.65983,0.5134535,0.26050153,0.504718
6978,1501,16.345007,0.5103789,0.035564248,0.06920464
6979,6982,73.496155,0.5004695,0.16317846,0.3155659
6979,2421,45.43551,0.49734887,0.097119376,0.19008385
6980,1501,1.611309,0.5051538,0.0025092736,0.0050106198
6980,6978,15.101391,0.50706244,0.033434313,0.06514256
6981,2405,77.19914,0.5072003,0.15152842,0.29484007
6981,6980,57.99723,0.5048907,0.114200994,0.22322159
6982,6980,1.1381035,0.5054752,0.002546519,0.0057620555
6982,6981,58.49534,0.5090789,0.11421512,0.2226296
6983,6982,1.4579391,0.5080944,0.0022663325,0.004869461
6983,6979,74.07232,0.50531626,0.16399294,0.31710768
6984,6985,2.6181831,0.57898545,0.0022346675,0.00519599
6984,2915,91.03456,0.5765481,0.2330502,0.45652056
6985,6984,2.904644,0.57982683,0.0028156042,0.0063502938
6985,2962,85.891846,0.5743056,0.2216979,0.43379986
6986,4837,0.89619446,0.58468366,0.0023296103,0.006172627
6986,5577,74.62557,0.57937145,0.2115753,0.41541266
6987,5112,1.9043121,0.58357584,0.0019350722,0.004836604
6987,3547,3.2731857,0.58833206,0.005535573,0.011829272
6988,6989,14.9673195,0.5886846,0.030912679,0.060251854
6988,3148,4.739315,0.5900179,0.007589236,0.015778124
6989,2758,15.696543,0.58864266,0.03220688,0.06266248
6989,3148,11.489624,0.5841684,0.021574683,0.042563602
6990,4454,24.925474,0.622627,0.054245263,0.10537389
6990,5911,1.1519241,0.61807907,0.0021053478,0.0050292313
6991,6990,0.8689232,0.6155593,0.0019739494,0.004553914
6991,340,8.634575,0.6220171,0.01807566,0.0363359
6992,1981,4.2949295,0.62239873,0.0077284276,0.01580654
6992,6991,0.84841156,0.6176089,0.0017881095,0.0043670237
6993,269,105.56858,0.35228923,0.22923559,0.44114834
6993,256,38.74082,0.35185182,0.08296773,0.15647016
6993,268,100.90939,0.31100196,0.22717854,0.4378147
6994,6995,1.3276329,0.55545527,0.0029784366,0.0066065937
6994,2647,105.19801,0.5567842,0.22462031,0.43748486
6995,4482,1.1605568,0.554637,0.0024649277,0.0054174215
6995,5814,176.95361,0.55355376,0.37337884,0.7264867
6996,2083,154.11395,0.5795504,0.29154107,0.5712032
6997,2191,50.390076,0.59214014,0.10333507,0.20169315
6997,6595,49.28079,0.5991025,0.102788135,0.19987637
6998,6999,2.6098137,0.6407549,0.0013248846,0.0040100813
6998,2095,11.382103,0.6426183,0.024121843,0.047688127
6999,6998,2.5702248,0.64332104,0.0016762093,0.004150778
6999,6896,37.84419,0.6467324,0.07929214,0.15375185
7000,76,1.6415176,0.56797636,0.0032474846,0.007513851
7000,4480,28.27731,0.5693906,0.06170985,0.118367106
7001,1960,1.9374046,0.5476082,0.0043855384,0.009568974
7001,4476,1.7691078,0.55439454,0.0029926077,0.0067320764
7001,6775,91.2383,0.5481954,0.19467694,0.37840182
7002,3401,53.411064,0.5044641,0.16808285,0.3276597
7003,195,0.8868065,0.50220096,0.006172374,0.012414321
7003,7094,56.163593,0.5179525,0.34660792,0.6683044
7004,4380,158.46478,0.5599034,0.33510268,0.6535691
7004,7005,3.3289185,0.5686467,0.0046693385,0.009732634
7005,76,2.144703,0.5702843,0.0041410476,0.009028897
7005,5813,25.251253,0.57165325,0.054400567,0.10432285
7005,7004,3.2316284,0.5699135,0.0045921057,0.009735167
7006,1498,3.0332756,0.5744555,0.005915135,0.011636257
7006,6921,0.5184784,0.041519046,0.0010800809,0.0019003302
7007,2163,110.70974,0.63105386,0.20639452,0.40639907
7007,2161,8.0973625,0.63146603,0.015650414,0.031075835
7008,6743,1.3282814,0.57267225,0.0022265315,0.005294159
7008,6746,13.136435,0.57693815,0.028620705,0.056311138
7009,2979,2.092865,0.6090766,0.002353914,0.0052456856
7009,48,16.27411,0.60974616,0.038624242,0.075254634
7010,4807,29.125317,0.55869174,0.07403068,0.1442982
7010,7011,37.57273,0.55891407,0.072770804,0.14223412
7011,7010,27.279884,0.5543846,0.06740856,0.13043419
7011,7010,37.419067,0.5577328,0.07242404,0.1403343
7012,5627,1.6223907,0.58379066,0.0044408813,0.009314328
7012,6868,3.134407,0.5851558,0.0054233894,0.011431336
7013,3393,26.235823,0.5866559,0.052303154,0.099441335
7014,4070,0.68707657,0.5392962,0.002933681,0.006401211
7014,1727,42.127987,0.5448018,0.13657981,0.2682178
7015,7016,1.0248604,0.49159303,0.0037205964,0.008072361
7015,1522,56.37087,0.49763325,0.13770884,0.26624334
7016,1739,0.4452095,0.48609692,0.0033176094,0.0076600164
7016,2414,32.835064,0.49340096,0.08366515,0.16107702
7017,7018,55.621117,0.59476894,0.10547321,0.20580089
7018,857,1.759594,0.59090805,0.002591461,0.0057152957
7018,7019,2.155407,0.59290266,0.0031798556,0.0069806427
7018,5218,18.102556,0.59413385,0.037413474,0.072779916
7019,3326,44.437523,0.59045863,0.085866034,0.16523108
7020,1861,3.7267723,0.6090449,0.0028921738,0.007381469
7020,1860,1.7575188,0.617669,0.00482931,0.010487482
7021,3419,1.8126183,0.67070436,0.0022461042,0.005202964
7021,6644,49.199818,0.6769873,0.0985422,0.19409508
7022,7023,0.29513168,0.6517017,0.0076638088,0.013566256
7022,2233,30.723953,0.00972718,0.18933219,0.4089511
7023,3254,21.132685,0.6733624,0.054961644,0.107761115
7024,250,2.6096687,0.36717921,0.004787311,0.009116814
7024,7025,4.115299,0.36887556,0.007780902,0.0148682
7025,4805,19.24449,0.35533777,0.040869463,0.07815218
7026,1330,131.70251,0.61856306,0.1864604,0.36945987
7026,1862,3.713581,0.6075989,0.0054674223,0.011679843
7027,7028,3.0729485,0.32325923,0.005596921,0.010456175
7027,6630,26.102087,0.3099209,0.0664359,0.12644461
7028,7027,3.1671028,0.3263387,0.0057874843,0.011038452
7028,1670,26.104912,0.3158266,0.059929837,0.11349844
7029,153,2.1107101,0.62613374,0.0022000596,0.0052538663
7029,3935,40.8473,0.62880754,0.07788862,0.15090671
7030,5352,40.32373,0.48709306,0.08039944,0.15531021
7030,3682,5.661213,0.49845824,0.010767803,0.022374883
7031,3323,3.0803642,0.49106362,0.004641764,0.009381399
7031,7030,6.646694,0.49559852,0.013366297,0.02642715
7032,1681,6.847641,0.46934617,0.0140937045,0.028241813
7032,4322,18.132118,0.47139937,0.038852878,0.074969284
7032,2288,130.49673,0.47775623,0.26250508,0.50646067
7033,1838,2.453617,0.4819147,0.00412143,0.00872305
7033,1825,37.762512,0.4769754,0.076504044,0.14688589
7033,2322,22.822567,0.47366488,0.048487198,0.09227884
7034,7035,1.9895401,0.6297691,0.0030640438,0.0056133717
7034,5648,27.673115,0.015092492,0.11043924,0.23804846
7034,4112,79.629166,0.6280497,0.14787872,0.29052034
7035,7034,2.0305367,0.6346066,0.0031403676,0.005553037
7035,5639,32.96612,0.057198226,0.14121048,0.29865873
7036,7038,1.9835625,0.6446658,0.004230447,0.009174034
7036,3491,2.1533089,0.6483525,0.0036354214,0.008436456
7037,7036,2.685463,0.6453982,0.004392028,0.009995908
7038,3492,1.3942032,0.65001667,0.0025043786,0.0059613287
7038,5880,22.17254,0.6520752,0.04722921,0.092871845
7039,2231,2.2625046,0.6484772,0.003807351,0.007878855
7039,7040,36.3047,0.65180385,0.073753126,0.1440576
7039,7040,42.605404,0.6509008,0.08027882,0.15468009
7040,7042,6.365219,0.65196705,0.012205645,0.024435729
7040,7039,36.316402,0.65019685,0.07439254,0.14423782
7041,7042,1.6492805,0.64886093,0.004351333,0.0070684254
7041,4869,20.270203,0.0333336,0.12706734,0.2719221
7042,7041,1.6783867,0.6481321,0.003981732,0.0077884644
7042,3363,61.86006,0.6506882,0.11961585,0.23798561
7042,7040,6.887638,0.6501266,0.013274461,0.026158035
7043,445,11.628794,0.65038216,0.026603043,0.052824393
7043,450,77.421844,0.6444358,0.12276493,0.23987272
7044,372,3.302517,0.63500756,0.0077271536,0.016198978
7044,789,6.4270287,0.63546354,0.011007354,0.022260264
7045,791,1.9319382,0.63842773,0.0026071966,0.0059182495
7045,790,48.328262,0.64077455,0.090615466,0.17883965
7045,7046,5.298805,0.6386203,0.009507738,0.019351304
7046,483,34.336372,0.6466541,0.068158574,0.13153744
7046,791,5.285427,0.6439647,0.009737894,0.019678488
7047,5883,49.02349,0.55135334,0.105135575,0.20340042
7047,1888,1.6627731,0.551474,0.003468968,0.0075994283
7048,7049,2.0170403,0.6227309,0.0021910146,0.005525157
7048,259,29.613178,0.62625873,0.07222664,0.14053094
7049,7048,1.8438377,0.6239152,0.001980506,0.004982859
7049,6139,13.82703,0.6253819,0.03134211,0.061428465
7050,5746,2.7434273,0.6471194,0.003768146,0.008722395
7051,3796,3.5915527,0.6314448,0.0067069307,0.014511168
7052,3515,1.6416702,0.5876352,0.002098091,0.00496085
7052,6783,20.80917,0.5926113,0.05167028,0.10090816
7053,4618,2.3224373,0.5939833,0.004400797,0.009492055
7053,2530,297.63568,0.5985001,0.11447035,0.24915421
7054,57,42.73668,0.63523144,0.08676642,0.16938813
7055,5009,2.1885185,0.02894628,0.004635595,0.010484412
7055,7054,4.508217,0.63705176,0.00695163,0.014148712
7056,7057,2.2693787,0.6126046,0.0036198199,0.008136123
7056,1082,232.26605,0.60323584,0.4323806,0.8482609
7056,1081,148.24995,0.605964,0.2766241,0.54427946
7057,7056,2.0027428,0.61253357,0.0028164834,0.0062858313
7057,3398,13.855551,0.6170598,0.027672954,0.054683402
7057,7058,15.70318,0.620025,0.032075435,0.06272397
7058,2765,17.394783,0.6124809,0.04018847,0.078559145
7058,7057,15.466492,0.6171792,0.031841215,0.061891854
7059,371,33.802666,0.37602544,0.09261499,0.17876618
7059,2320,13.378155,0.36485228,0.030198958,0.057987057
7060,7059,1.887516,0.36041898,0.0047415346,0.009366825
7060,3697,20.95665,0.34681675,0.053862836,0.10315248
7061,7062,1.6048927,0.58316135,0.004500702,0.009264022
7061,3575,109.3626,0.5795831,0.15345684,0.30069754
7062,5617,8.872372,0.043316126,0.03746286,0.07380006
7063,1814,2.3291054,0.58157104,0.0062926635,0.013058588
7063,4977,40.5744,0.58757913,0.08296998,0.1614667
7064,7067,6.996193,0.5553782,0.014031224,0.027781337
7064,2695,3.0524063,0.5539759,0.0051710233,0.010717005
7065,4588,1.5969887,0.56135833,0.003029801,0.0068951696
7065,7068,40.12508,0.56060946,0.07823519,0.14932325
7066,7065,1.1039352,0.557441,0.0012674332,0.0032567233
7066,2721,51.89506,0.56187785,0.11074511,0.21588825
7067,7068,2.2338448,0.5517908,0.0025554672,0.0056582093
7067,4588,40.89909,0.56132466,0.0785501,0.15031154
7068,7067,2.1871185,0.5535979,0.0024540648,0.005655229
7068,7064,8.795334,0.55598265,0.017998382,0.035774156
7069,7070,1.5838737,0.6471493,0.0035059527,0.007113442
7069,6072,29.32272,0.655893,0.060444407,0.11624409
7069,4134,119.22703,0.65727913,0.23223591,0.45889544
7070,7069,1.5997772,0.64866555,0.0041152462,0.007409647
7070,6071,11.831625,0.0355933,0.05382871,0.112368904
7071,3283,1.9194183,0.6446167,0.0029423535,0.0060631037
7071,7072,14.012985,0.1559956,0.04991824,0.09995651
7072,7073,1.9895058,0.6517717,0.0048603937,0.009475872
7072,6234,25.577864,0.02471736,0.1229626,0.26249236
7073,7072,1.4652863,0.64556956,0.003005609,0.0057801455
7073,4622,59.48317,0.6504057,0.11615572,0.23087531
7073,3283,27.627178,0.65249616,0.057088114,0.11020178
7075,3692,11.833614,0.4557935,0.027215354,0.052876502
7075,559,1.7829361,0.4505135,0.0050072595,0.009840384
7076,7075,1.5938263,0.44894907,0.0048771575,0.009897396
7076,560,5.8855934,0.4483493,0.014809452,0.028723061
7077,7076,1.5919075,0.44449103,0.004282251,0.008921206
7077,5272,2.0321922,0.45182115,0.0057474,0.011975095
7078,3306,20.447958,0.5606814,0.05759266,0.11315504
7079,7078,1.5852814,0.55656666,0.0057048798,0.011501595
7079,3535,1.1847878,0.55849487,0.0063250437,0.012086213
7080,7083,0.0,0.12198576,0.0014756396,0.004401639
7080,5774,6.6630135,0.582958,0.012973286,0.026071683
7081,7080,2.6739311,0.57858664,0.004642375,0.008562967
7081,7080,52.212715,0.08956975,0.17950396,0.37584144
7082,7081,0.0,0.017024398,0.0,0.0010662675
7082,5773,60.818596,0.5843998,0.116271436,0.22808471
7083,7082,1.9880447,0.57780206,0.0034824684,0.0066867173
7083,7086,115.29406,0.45381916,0.286229,0.57158154
7084,7087,22.224562,0.5738122,0.04642588,0.08969393
7084,7085,25.617094,0.5783578,0.05232746,0.101907976
7085,7082,60.41179,0.061404794,0.22206485,0.46721172
7085,7084,25.518658,0.5798925,0.05290926,0.10166233
7086,7087,2.1960258,0.5647614,0.003978178,0.00826931
7086,3031,69.28508,0.5728668,0.13365354,0.2620787
7087,7086,2.1241608,0.5746287,0.0038624704,0.00749062
7087,7084,22.13693,0.5750485,0.04630287,0.08968372
7087,7085,24.288153,0.120465964,0.07247205,0.14764144
7088,1437,48.134193,0.5820795,0.098008044,0.19182935
7088,1432,2.086773,0.58316,0.0040558875,0.00879927
7089,1432,0.93566895,0.5796963,0.003473781,0.007608041
7089,7088,2.5068398,0.58030987,0.004897371,0.010546744
7090,7089,0.5142517,0.57873803,0.0017854199,0.005227685
7090,3201,53.519608,0.58106136,0.1499834,0.29523686
7091,7092,2.2530403,0.52679735,0.0045203343,0.009423956
7091,4464,29.642586,0.5245121,0.073905855,0.14076744
7092,630,1.4045525,0.5311408,0.004836954,0.010088235
7092,7093,1.4457092,0.52829915,0.002524428,0.0058123916
7092,7091,1.7553406,0.52847433,0.0033461303,0.007591307
7093,4154,1.5783348,0.52607805,0.002392836,0.005261913
7093,7092,1.4426727,0.52545255,0.0028651059,0.0063649267
7093,3663,4.7936287,0.5223493,0.01077567,0.021763235
7094,2684,45.8498,0.5371412,0.10787128,0.2104331
7094,2687,15.369982,0.5322442,0.07433674,0.14246616
