src,dst,travel_time_s,delay_probability,carbon_kg,ev_energy_pct
0,3209,2.4345627,0.66079843,0.004630342,0.010373056
0,5917,12.420986,0.6616481,0.043505356,0.08712163
1,4073,2.5890617,0.68749076,0.002100423,0.005088374
1,2311,39.809578,0.69188607,0.083467074,0.1650505
2,2768,3.7264977,0.6921468,0.006268069,0.01303035
2,388,16.402016,0.69093,0.03240909,0.06276607
3,68,24.140436,0.6979197,0.05110098,0.10042315
3,61,121.04468,0.69162256,0.1381158,0.27676374
4,6895,82.43497,0.7015979,0.15046096,0.29664993
4,6327,7.580513,0.6963222,0.01313366,0.025968134
5,4,160.36087,0.7057379,0.2960708,0.5860338
5,6895,22.505985,0.030946314,0.103457876,0.22073618
6,2209,1.8053932,0.74068224,0.002897419,0.005447611
6,3925,81.048965,0.7348665,0.16580456,0.32074428
7,6692,7.0823975,0.7180411,0.013617039,0.027662024
7,3493,2.2798233,0.7185742,0.0038097575,0.008074269
8,4833,1.517807,0.5157651,0.0020709783,0.0045482665
8,2011,115.654854,0.51499695,0.2282696,0.44407594
8,13,69.43734,0.5251683,0.18164693,0.35234627
9,12,0.96932983,0.53372806,0.0019259378,0.0042964667
9,10,50.512947,0.53583574,0.13100463,0.2563006
10,3992,1.7297401,0.5326541,0.0019033328,0.0042612106
10,5667,28.182507,0.52958,0.07008252,0.13434947
11,2331,1.4494476,0.50363666,0.0018592775,0.0040029436
11,2007,61.224277,0.5122513,0.120113656,0.23510268
11,4916,59.450035,0.50549084,0.15435101,0.29954037
12,3724,1.1780548,0.5367171,0.0026223958,0.0059919357
12,1852,39.888016,0.5378117,0.08544042,0.16525513
13,5668,1.0434265,0.5251437,0.0032410398,0.007182345
14,8,36.37554,0.5144586,0.09188493,0.1781627
14,1858,44.10098,0.50059676,0.09557468,0.18576285
15,16,38.82654,0.519895,0.0757197,0.14693162
15,2030,15.013849,0.51591104,0.03144034,0.061112374
15,2011,42.84276,0.5165625,0.084219724,0.16481695
16,3727,1.5999641,0.5262999,0.0019068867,0.0040712953
16,15,38.937687,0.52099574,0.07618858,0.14806129
16,2038,24.962202,0.5233915,0.055076282,0.104389854
17,3732,1.7282486,0.5411384,0.0037726536,0.0077923387
17,2022,129.36502,0.5458933,0.27393866,0.5310718
18,1920,18.149296,0.6130024,0.04911436,0.095771775
18,1920,26.42208,0.6114584,0.054937877,0.105861336
19,3887,28.043907,0.6203184,0.08184093,0.16127315
20,6755,2.349289,0.64212424,0.0045831203,0.00928086
20,6756,1.2698898,0.27815717,0.0022182614,0.004092306
20,2606,21.158585,0.64747334,0.046499707,0.09025642
21,5010,5.60672,0.7475186,0.008312583,0.017226756
21,2692,22.353966,0.024015248,0.059647165,0.12663308
22,6874,2.1365662,0.6847793,0.005207762,0.010990217
22,182,6.7546043,0.68119717,0.01672656,0.03248082
23,3431,0.0,0.033658713,0.0060547143,0.0124646425
23,5766,2.9408722,0.62492776,0.008134827,0.016621709
24,5595,0.43312454,0.15530574,0.0027107522,0.0050057024
24,5594,6.68626,0.6968306,0.012098223,0.02457358
25,70,60.037315,0.6820125,0.14024404,0.27897188
25,6347,59.18229,0.6692691,0.1392914,0.2718399
25,221,8.474663,0.6744664,0.016307034,0.032454446
26,3607,2.0820847,0.6873711,0.0030388907,0.006737247
26,3569,5.172512,0.68871355,0.0096869245,0.020089328
27,4655,2.1874847,0.690961,0.0042262375,0.009619087
27,6625,52.969994,0.69333863,0.08007485,0.15469404
28,5504,2.0022202,0.7081763,0.0037124157,0.008054674
28,4707,1.8537064,0.70982504,0.0044937506,0.009878129
29,5910,29.18986,0.7152028,0.05531871,0.1074164
29,30,13.028019,0.71271527,0.025821842,0.049939126
30,1654,256.94348,0.7115591,0.4550078,0.89743906
30,5135,95.844574,0.71257555,0.19227198,0.3827142
30,29,13.2026825,0.7105191,0.02580686,0.05014476
31,5134,2.0895386,0.7153931,0.004043676,0.007799357
31,5134,191.11852,0.71255505,0.3836103,0.75607157
32,6596,15.436239,0.7124628,0.030981094,0.06005457
32,2831,61.398254,0.7143894,0.121111184,0.24164936
32,4681,14.4801655,0.7127491,0.029127546,0.05663526
33,1983,2.2308846,0.7134423,0.0036617443,0.007672742
33,879,41.896744,0.71608245,0.09292713,0.18244869
34,1983,115.114716,0.71550566,0.20650235,0.41091108
34,35,44.57385,0.7153332,0.083139606,0.16115808
34,4597,139.70152,0.7181584,0.25160235,0.49932694
35,36,10.326532,0.71595424,0.020073108,0.038823694
35,36,7.522049,0.7158614,0.014315233,0.02795364
35,34,44.34009,0.71600544,0.08270314,0.16118513
36,37,4.3973923,0.714368,0.007738203,0.0155802965
36,35,7.6075134,0.71531445,0.014313869,0.027997673
36,35,10.324707,0.7154177,0.019884445,0.03847775
37,6596,3.7057686,0.7126432,0.0069312826,0.0141028315
37,36,4.3188667,0.7145706,0.0077219605,0.015548095
37,38,122.655014,0.7200923,0.22260556,0.44289428
38,4267,30.342304,0.7171027,0.06077768,0.116917506
38,37,123.68228,0.7178719,0.2228941,0.44237375
38,40,36.553795,0.71839875,0.07205537,0.1398173
39,3102,2.081684,0.7240572,0.0040762946,0.008344084
39,4602,91.0677,0.7286737,0.18365614,0.3650394
40,4597,5.6576767,0.7201569,0.011363633,0.02293384
40,38,35.843327,0.72085094,0.07185969,0.13844885
41,4031,39.252487,0.7246903,0.07943855,0.15568824
41,655,6.815777,0.72670656,0.015018627,0.029561818
42,674,59.635063,0.7283258,0.17447245,0.34541225
43,3762,26.516188,0.7399745,0.06225507,0.12193058
43,2063,15.94219,0.73917794,0.03195282,0.06259555
44,4780,194.48135,0.5254723,0.37337425,0.72386813
45,3088,2.2299652,0.71981406,0.0035703257,0.00777483
45,2106,174.88242,0.7308897,0.3068634,0.6075907
45,2208,83.57956,0.7255227,0.19470647,0.38811323
46,4460,1.5526581,0.7220171,0.0039963797,0.008893743
47,7009,108.80724,0.70836276,0.27073222,0.53734773
48,2977,2.3285332,0.69154316,0.004118532,0.008779034
48,220,110.17045,0.6905141,0.19828399,0.39454168
48,2190,42.957222,0.6908216,0.105023414,0.20783928
49,50,30.116405,0.7010926,0.06164135,0.116951
49,6320,7.572399,0.69572556,0.012631573,0.025408596
50,49,30.934715,0.7015115,0.062631175,0.11876842
50,52,26.829754,0.70107,0.055280194,0.10747827
51,1864,2.403473,0.68633753,0.00533323,0.011095837
51,3128,63.370422,0.6917537,0.14925377,0.29753083
52,1861,89.00627,0.6944376,0.08641283,0.16589543
52,986,38.037888,0.69722867,0.078212745,0.15304717
52,994,212.42624,0.6982853,0.30153042,0.5973161
53,984,7.6822014,0.694135,0.0076594353,0.016568631
53,65,149.23148,0.6868561,0.20741045,0.4137572
54,50,5.7268143,0.69886047,0.011358872,0.02355975
54,55,3.3262634,0.69599855,0.005148776,0.011471644
55,5643,64.62138,0.6980363,0.08986091,0.17442678
56,57,71.68728,0.6982697,0.1326201,0.26306257
56,3,79.77323,0.68755496,0.09221284,0.17884788
57,4066,39.526295,0.7075802,0.079854354,0.15614732
58,59,5.9148827,0.6948739,0.011560127,0.023564443
58,3872,7.3903694,0.6958543,0.015126571,0.030213967
59,5514,68.06136,0.6964257,0.11007359,0.21526408
60,738,45.14847,0.6914719,0.05333434,0.1021003
60,4986,11.685562,0.6957109,0.024026543,0.047294483
61,2336,5.6771507,0.68834513,0.011558965,0.023754492
61,62,3.7506714,0.6894812,0.006609887,0.014125377
62,63,52.966183,0.6956246,0.08486277,0.16393907
63,5643,69.51611,0.696437,0.08029997,0.1525451
63,5024,81.468185,0.69529164,0.08992677,0.17635569
64,62,4.800049,0.6920863,0.008489065,0.0178978
64,2336,4.2981873,0.69532615,0.007459402,0.016009286
65,6727,1.2697296,0.4305943,0.0005659908,0.00022257864
65,3604,63.94424,0.6928892,0.11830454,0.23670368
65,53,148.76886,0.68933123,0.20767966,0.41364712
66,3605,4.0673027,0.6873242,0.007853702,0.01611261
66,67,7.238617,0.68772256,0.015846588,0.03182882
67,24,126.83833,0.69482017,0.14616083,0.29243153
68,58,17.970453,0.6979282,0.037053224,0.071662806
68,1990,17.88927,0.69737434,0.032808892,0.06386002
69,7051,77.80324,0.69519085,0.1095471,0.21827278
69,1998,3.7965698,0.69571173,0.007451281,0.015845984
69,5858,9.703335,0.69448125,0.018659033,0.037084848
70,71,19.776606,0.6834104,0.045686625,0.08916022
70,6242,69.09463,0.68708515,0.16648403,0.33200055
71,6334,4.160515,0.68204784,0.009857781,0.020233527
71,989,82.86743,0.6867848,0.18876699,0.37534064
72,993,1.8187447,0.6860793,0.0043307617,0.009860039
72,5171,29.312464,0.68927383,0.06830761,0.1331776
73,4596,85.381226,0.7241409,0.20633817,0.412314
73,1472,76.24918,0.72014344,0.18324985,0.36739996
73,5576,61.079338,0.7216558,0.10898955,0.21671118
74,4596,2.9043121,0.72220933,0.005046524,0.011007398
74,1734,96.40019,0.7250978,0.17221665,0.34497663
74,4598,25.425388,0.7252663,0.048500422,0.093784004
75,6789,2.2135963,0.6658879,0.0037378669,0.007788509
75,2639,13.983894,0.6676384,0.029426385,0.057509847
76,7000,1.8786392,0.6452816,0.0042911246,0.00946264
76,7004,2.6905365,0.6493379,0.0060418695,0.012748301
76,7005,2.4880028,0.65011245,0.0054064468,0.011445686
77,4936,10.04232,0.59580696,0.0271528,0.05344443
78,1720,2.25745,0.598015,0.003221944,0.0070385337
78,4058,44.009575,0.6039739,0.14235336,0.2796563
78,2031,39.90746,0.59544116,0.07651748,0.15037647
79,5736,72.03952,0.60537136,0.13736086,0.27196476
79,5736,45.92292,0.61067957,0.14895514,0.29418385
80,2165,2.4004707,0.59897876,0.0035165697,0.0075344443
80,800,5.38031,0.6009387,0.009865448,0.020166144
80,3805,81.33499,0.59775585,0.25683585,0.5078995
81,1438,30.541298,0.5913646,0.07768302,0.1520144
81,3143,51.06904,0.5890955,0.12896375,0.25171667
82,5828,2.5156784,0.6352495,0.0041710585,0.009022847
82,2697,135.3373,0.6325159,0.24986988,0.4944964
82,4106,28.145958,0.6437688,0.054657105,0.10605932
83,5827,3.014557,0.6678967,0.0053557456,0.011773005
83,3788,0.78619766,0.6441003,0.0052882507,0.010579124
84,6468,175.3422,0.67306894,0.3530309,0.6974824
84,1142,126.39574,0.67574275,0.25536904,0.5048058
84,2641,68.33192,0.67210734,0.13921623,0.27775818
85,3784,2.2069206,0.658726,0.004195273,0.009132117
85,107,24.361616,0.66436297,0.051800538,0.099267945
86,106,20.541979,0.66413367,0.04363214,0.08479251
86,85,26.562199,0.6667271,0.05831218,0.112151854
87,3859,1.5684166,0.67334294,0.0045130104,0.009209931
87,482,88.75325,0.69527715,0.17857933,0.35670957
88,3780,1.744915,0.65763605,0.0030926839,0.0074498653
88,248,68.06918,0.6587464,0.13794991,0.27641112
88,242,85.415474,0.66167283,0.17373225,0.34525907
89,1761,28.528446,0.66114223,0.056867518,0.109713115
89,2645,79.28899,0.6561619,0.14554551,0.29120427
90,1405,2.7347374,0.68355584,0.004969619,0.010288402
90,836,5.671875,0.6885304,0.012515523,0.02502866
91,4258,2.009079,0.6078019,0.0027342215,0.0063686967
91,2679,226.57735,0.6185756,0.4243239,0.8331144
91,1466,54.718475,0.6150103,0.11346029,0.22345668
92,205,3.2621307,0.6655383,0.0065658465,0.014025047
93,3752,1.7106972,0.36458892,0.0049329475,0.0072268546
93,3754,60.443832,0.6563821,0.12454904,0.24931616
94,3745,1.8908386,0.6542716,0.003177978,0.00719434
94,2186,16.849846,0.6562549,0.03577482,0.07001423
95,3777,0.9203415,0.36510238,0.0039155036,0.0041619837
95,6099,2.1279907,0.6378571,0.003745705,0.008780986
96,97,62.19503,0.65630627,0.12415598,0.24886933
96,5313,16.248442,0.6578076,0.033803068,0.065474294
96,119,29.837215,0.65405005,0.060749464,0.1172188
97,96,61.985397,0.65535504,0.12497225,0.24975765
97,6077,49.659748,0.6583788,0.09858167,0.1959919
97,120,34.130928,0.65666133,0.071072064,0.13845608
98,116,14.550764,0.66121906,0.02725789,0.052783713
98,123,34.456524,0.66037804,0.07216174,0.14198133
99,2836,2.9065323,0.6589221,0.0047551394,0.01046592
99,1244,13.787918,0.65836394,0.027886733,0.054378264
100,378,9.622997,0.65637153,0.019997992,0.03983651
100,119,81.83752,0.6566208,0.14702329,0.29210553
100,4227,17.552023,0.659709,0.037162103,0.0716628
101,100,55.171806,0.65904135,0.103627704,0.205381
101,5480,24.607092,0.6571627,0.050360445,0.09667504
101,3761,80.539825,0.6545002,0.15029916,0.30018455
102,2359,3.857441,0.6591842,0.0075557753,0.0153838545
102,6845,1.686348,0.65390456,0.0029201508,0.006798029
102,4642,48.1598,0.65679073,0.09011177,0.17886497
103,4256,2.6727295,0.6612825,0.0050622597,0.011021897
104,1072,1.9457741,0.65917915,0.0034582838,0.007460192
104,4444,38.866028,0.66682917,0.073112875,0.1402104
105,4543,1.9772568,0.66264445,0.002996385,0.0066286623
105,6253,43.335194,0.66854477,0.089165024,0.17633988
106,107,23.825718,0.6621126,0.05087362,0.097430155
106,5314,133.09775,0.65438014,0.26835266,0.5316215
106,86,20.220287,0.66788,0.042660236,0.08244151
107,248,22.18703,0.6612166,0.04741889,0.09159238
107,106,23.743662,0.6617595,0.05068675,0.09716906
107,85,24.388258,0.66475296,0.051493622,0.09916442
108,3778,24.31877,0.65985024,0.049772367,0.09499408
108,4416,29.40783,0.66036266,0.068652414,0.13440004
108,2277,3.778778,0.6550027,0.008978225,0.01851584
109,2306,12.79327,0.65646625,0.028888635,0.057185173
109,4420,1.45467,0.6484107,0.0038557276,0.008481666
110,3761,2.0999794,0.6520971,0.0030833334,0.007079512
110,5314,56.30644,0.6569251,0.11388068,0.22700323
110,6105,38.859295,0.6503498,0.07370184,0.14434323
111,104,3.2723045,0.6681583,0.0061007068,0.013176963
112,2242,21.59218,0.664011,0.04606148,0.08808275
113,3746,1.8117867,0.6522251,0.0025404617,0.005963847
113,4444,122.38019,0.65381885,0.22717693,0.44994938
113,94,21.467403,0.65791756,0.045980148,0.088315085
114,2362,5.791149,0.655384,0.010542214,0.021202296
114,4419,32.71823,0.65562606,0.053376496,0.10170332
114,115,50.066635,0.6571066,0.093399726,0.18459794
115,3750,36.4161,0.36320224,0.11855095,0.1897122
115,114,50.379196,0.66011107,0.0957371,0.18915422
116,2665,88.70746,0.65772146,0.13240099,0.26289046
116,124,29.072636,0.66262364,0.064170726,0.122339636
117,2130,50.75806,0.6276927,0.10348385,0.20561184
117,1958,44.83379,0.63727456,0.0909205,0.18046288
117,2129,112.64401,0.62212306,0.21029796,0.41530067
117,3849,21.874355,0.6318805,0.04505125,0.08754464
118,2384,6.6728973,0.6405102,0.012832411,0.025564864
118,5308,2.2868614,0.6389542,0.0035547689,0.00733608
118,1958,33.998665,0.6424358,0.06650547,0.1288268
119,100,81.588646,0.6560552,0.14663856,0.2909702
119,96,30.319405,0.6541216,0.06132259,0.11812061
120,119,46.144733,0.6577441,0.087104395,0.16982186
120,123,11.443966,0.6609836,0.023577444,0.046391234
120,97,34.082138,0.6587363,0.07057268,0.13897873
121,2666,66.69308,0.6548047,0.12365542,0.24701196
121,5062,61.09098,0.65967864,0.121998884,0.24434437
121,2722,65.69631,0.65596986,0.13254325,0.26453692
122,124,94.47627,0.66101396,0.19282213,0.38201684
122,1955,110.27518,0.65523744,0.15450126,0.30940747
122,3172,23.159441,0.65577304,0.04765351,0.09169962
122,2665,46.155827,0.65426356,0.08808196,0.17348523
123,116,31.224634,0.66368693,0.06771215,0.1310213
123,120,11.171593,0.6564853,0.023051694,0.045741722
124,1792,28.458233,0.6614392,0.061806504,0.11877788
124,1650,31.808483,0.6634232,0.068934105,0.13410427
125,3782,1.9929237,0.67081416,0.004248664,0.009541959
125,6691,36.996475,0.6703257,0.076815106,0.15175563
126,1697,2.7398987,0.6744451,0.005197607,0.01092279
126,1865,14.663626,0.6799185,0.03236394,0.063216075
127,3791,57.679024,0.67945325,0.11589249,0.23213519
127,1868,13.580933,0.6788789,0.027979717,0.054145113
128,6898,2.2120514,0.67713636,0.004313335,0.009207621
128,2648,45.096806,0.6790049,0.09148301,0.18085472
129,5317,2.0348282,0.66910964,0.0036245808,0.007912591
130,5314,2.0271263,0.65023935,0.0041515604,0.009240016
130,3761,53.341522,0.650759,0.11206941,0.22270268
131,4545,136.56528,0.6605817,0.27217612,0.5387359
131,2198,3.3777542,0.661869,0.006221518,0.013202667
131,4544,208.06972,0.6615356,0.38087872,0.7520197
132,133,2.0901146,0.6660104,0.0031514019,0.00710012
132,2200,5.2199364,0.6622386,0.0153803155,0.030420572
133,132,2.2524452,0.6641845,0.003681019,0.008116022
133,2618,81.64039,0.66620207,0.14944199,0.29852384
133,6252,38.994087,0.6705471,0.11789405,0.23387907
134,4560,54.02884,0.67278075,0.09978199,0.19871104
134,2650,23.794285,0.6724111,0.048031226,0.09239979
134,4556,50.96756,0.6708157,0.094426714,0.1876182
135,4558,2.7276344,0.67648995,0.0042496473,0.009055495
135,6470,2.0265884,0.6751892,0.0026951656,0.0062161684
135,6469,5.779354,0.6743002,0.0112324655,0.02258414
136,137,45.083782,0.6711196,0.08459102,0.1666226
136,2650,79.35714,0.67022127,0.14529264,0.29078403
136,1429,25.565804,0.67463523,0.05349638,0.10260765
136,1428,59.19476,0.67242604,0.11761538,0.23518379
137,2703,60.96975,0.6732251,0.1108297,0.22135231
137,2649,17.500528,0.6740873,0.03502195,0.06766727
137,136,45.040283,0.6733654,0.08476596,0.16804735
138,112,51.82917,0.661627,0.107805654,0.21482204
138,2694,10.830858,0.6585576,0.021527737,0.04226996
138,4447,4.402172,0.6586175,0.008846544,0.018115357
139,2693,121.725494,0.67364085,0.22217724,0.44054288
139,230,31.594563,0.6872132,0.06294024,0.11959304
139,140,52.228367,0.6908617,0.09597064,0.19074601
140,2733,59.25791,0.686586,0.107992865,0.21557796
140,139,52.021816,0.69035167,0.09600558,0.19073397
140,141,53.95692,0.6935741,0.09854685,0.19598034
141,3845,1.9486618,0.6951382,0.0031139702,0.0059568137
141,143,18.278254,0.7021061,0.037569303,0.07296001
141,140,53.96477,0.6939104,0.09871001,0.19607468
142,141,48.19596,0.69097793,0.09795891,0.193992
142,4459,2.0201683,0.68270516,0.0038667172,0.008320913
143,4458,2.4982681,0.69690776,0.004605688,0.009523407
144,6485,2.1630478,0.7041868,0.0039220154,0.0083004385
144,3843,2.1025505,0.7067182,0.0031419173,0.006779015
145,3841,1.8913956,0.7129755,0.0030898154,0.006387368
145,4082,44.059593,0.71460664,0.09038586,0.17722145
146,4034,1.7493134,0.7080841,0.0027370378,0.006259471
147,4446,1.9648094,0.65473425,0.003409028,0.007704258
147,461,4.699417,0.6587993,0.008298084,0.017055243
147,3753,84.533066,0.65448684,0.17125401,0.33961844
148,4430,1.5029831,0.6551602,0.0038721338,0.008714423
148,3151,33.06819,0.6624809,0.06482561,0.12324421
149,651,33.6913,0.6762963,0.06639102,0.12773928
149,652,61.491234,0.67322737,0.11293687,0.22559318
149,4403,33.495472,0.6742189,0.066294394,0.12753135
149,1401,44.526104,0.6808896,0.08396506,0.16580369
150,4391,1.9712372,0.6714859,0.0029291287,0.006685078
150,4403,29.886002,0.6732252,0.05995762,0.11463386
150,6955,28.721039,0.67075855,0.06124682,0.1175226
151,654,29.632647,0.6618079,0.059534457,0.11365739
151,6108,11.4077835,0.6599567,0.022564001,0.04419379
151,4391,67.7283,0.6664843,0.12409656,0.24919729
151,152,27.204927,0.6598077,0.054771237,0.10489882
152,170,22.553064,0.66224265,0.047547765,0.091377735
152,648,27.804022,0.66074944,0.058868166,0.11225363
152,4431,36.02789,0.65902144,0.06964672,0.13489282
152,151,27.240353,0.66030365,0.055045724,0.10554602
153,467,26.802624,0.71552014,0.05090801,0.09857239
153,7029,2.0192032,0.7134273,0.0016746968,0.0043125004
154,6148,1.6753006,0.7076757,0.0031688213,0.0073916614
154,6150,40.155506,0.7192934,0.07609276,0.14557113
155,479,18.839428,0.7085979,0.037069157,0.071575925
155,4422,65.612045,0.7126108,0.11772496,0.23529321
155,466,32.41216,0.708056,0.062235504,0.11859506
155,6146,31.659018,0.71427685,0.060985625,0.11680059
156,5421,2.7011833,0.70250106,0.0028336197,0.0067934394
156,3937,68.80826,0.703259,0.12100692,0.24248126
157,3846,2.0047646,0.69566154,0.0029649287,0.006841123
157,6111,2.0920486,0.6934004,0.003886558,0.008815274
157,466,69.36676,0.70140266,0.124310076,0.24862732
158,4409,1.993557,0.67738646,0.0035561621,0.007970214
158,4399,48.08831,0.6820129,0.09806293,0.19350907
159,162,19.638382,0.67455155,0.040616445,0.0783068
159,4409,18.02649,0.6780858,0.037374873,0.07242638
159,4397,52.866024,0.67748666,0.09740337,0.19339757
160,471,33.931976,0.6856969,0.06627969,0.1271725
160,4406,19.601316,0.68526375,0.039268903,0.07563306
160,4397,30.56494,0.6831199,0.06051407,0.11516159
160,4402,20.654282,0.6830152,0.0414758,0.079958595
161,471,49.06045,0.68739045,0.0909239,0.18062757
161,5046,16.92396,0.69656736,0.03782235,0.07432565
162,5535,2.3163872,0.67123985,0.0037691742,0.007957667
162,159,19.362682,0.67413646,0.040072266,0.07709084
162,163,48.39984,0.6750732,0.09839349,0.19494791
163,6120,1.2499428,0.63202244,0.0027735904,0.006046325
163,4396,6.899967,0.6787776,0.014165841,0.028261378
164,4411,2.1511917,0.6842459,0.0032872632,0.0070018917
164,471,20.126926,0.68614703,0.040008347,0.07721707
164,165,45.132793,0.6868029,0.09170011,0.18195905
165,1406,2.422882,0.6873586,0.0047640353,0.009913951
165,161,17.02581,0.692154,0.03735927,0.07237681
166,167,33.489914,0.6689304,0.0699359,0.13663507
166,162,40.124958,0.6706561,0.0832753,0.16398938
166,6600,33.785717,0.6680347,0.07176063,0.14021882
167,459,27.097809,0.66257954,0.054749984,0.10506254
167,6599,48.837936,0.664197,0.0921626,0.18380123
167,168,19.285223,0.6636634,0.040018275,0.07691642
167,166,33.540417,0.66909736,0.07026726,0.13617046
168,459,19.96205,0.660639,0.040235046,0.0774269
168,3847,36.19539,0.65814984,0.06985114,0.13490735
168,169,6.771469,0.6632049,0.013377972,0.027082264
168,167,19.108988,0.6650336,0.039455958,0.07611014
169,458,25.707726,0.6641077,0.055087343,0.10581264
169,168,6.6002274,0.6636046,0.013157725,0.026434869
170,152,22.167948,0.6634898,0.046839125,0.09009045
170,653,23.538485,0.6638216,0.054412507,0.105427556
171,1074,28.200203,0.65861213,0.060025517,0.11599092
171,181,44.059982,0.6582442,0.08989235,0.17872694
172,6454,2.0921516,0.6608864,0.002233252,0.00521484
172,6453,1.6760254,0.6583661,0.003322333,0.0073255748
173,6456,31.231392,0.6618201,0.06614616,0.12793836
173,1269,110.35615,0.65396345,0.1988674,0.39434695
174,2148,18.420467,0.658416,0.037079375,0.07169868
174,2674,40.036373,0.6627078,0.076175205,0.14968452
174,233,15.038227,0.6581173,0.030032415,0.058290824
175,694,1.7124596,0.65588135,0.004831679,0.010344937
175,1018,0.38007736,0.068255216,0.0027842745,0.005804956
175,5468,50.92637,0.6714269,0.10395812,0.20530672
176,2718,21.123226,0.6746903,0.048283175,0.09305417
177,6669,30.768488,0.66887903,0.05029975,0.09763201
178,6220,46.87754,0.66451585,0.05135729,0.098300144
178,238,81.02701,0.6623403,0.16266945,0.32344967
179,6713,19.179142,0.6227862,0.041066803,0.079411305
180,1076,29.846777,0.64598185,0.060359888,0.11600572
180,1137,43.774925,0.64013773,0.09008587,0.17727305
181,180,38.00866,0.64945376,0.079417065,0.15624088
182,367,10.170052,0.68481433,0.022958755,0.045551583
183,3291,101.57748,0.68073726,0.18469268,0.36781055
183,3580,25.983564,0.6837401,0.06202256,0.11924975
184,6882,10.023926,0.69054806,0.019511715,0.03878455
184,1646,13.406166,0.69016826,0.024136454,0.048143297
185,6236,3.5845337,0.68959284,0.006467849,0.012876868
185,1054,2.4755592,0.68915164,0.0041169524,0.008674592
185,997,64.19915,0.69245505,0.1187905,0.2376051
186,3085,43.779404,0.6911683,0.082771294,0.1617248
186,3588,35.215153,0.6899638,0.07198053,0.13929358
186,2749,83.515,0.6887696,0.1684725,0.3356374
187,2542,6.505947,0.68606436,0.012272827,0.024389803
187,2541,7.887249,0.6851445,0.015118927,0.029890835
187,828,42.208115,0.687226,0.079626,0.15712294
187,998,21.676361,0.68824023,0.043142512,0.0831269
188,5728,43.033264,0.6867047,0.08939646,0.1774448
188,189,26.242222,0.6870042,0.061870225,0.11988297
189,3236,3.9902306,0.6855322,0.008982211,0.018809319
189,405,6.594841,0.6866895,0.01509098,0.030446202
190,1080,34.52725,0.6864602,0.08007926,0.15642461
190,3007,27.109806,0.68672156,0.054809056,0.10600282
191,755,80.724686,0.6876278,0.14740388,0.29584306
191,3613,37.603634,0.6865796,0.0885277,0.17330018
191,1118,3.782795,0.6869764,0.0059087127,0.01250416
192,2058,1.3916168,0.67280114,0.0009840801,0.0027891248
192,1044,5.604946,0.69132364,0.011382744,0.023064107
193,1373,61.855434,0.68059814,0.12407482,0.24864322
193,4386,61.869442,0.681125,0.12508933,0.24936593
194,1019,30.366512,0.6595364,0.076955564,0.14806877
194,6516,210.82932,0.6376851,0.43234473,0.8460575
195,2588,4.553173,0.5854035,0.014000677,0.02821666
195,7002,4.961838,0.58535385,0.014918134,0.02996543
196,7003,19.394787,0.58320796,0.04145089,0.07996845
196,2698,136.8852,0.593112,0.25681117,0.50627375
197,631,1.9894562,0.5210297,0.0032081157,0.0066088885
197,1309,22.35344,0.52941376,0.054464877,0.10560916
198,197,17.97986,0.51547736,0.042390525,0.08163745
198,1684,1.6627083,0.5051969,0.0029197186,0.0064257085
198,632,2.2394142,0.5089598,0.004148796,0.008467436
199,627,2.4402618,0.4416852,0.0050295293,0.010234952
199,2319,29.802654,0.42588302,0.07588843,0.14493375
199,1623,2.0872498,0.43964973,0.0044917315,0.009127438
200,2627,2.190342,0.55902135,0.003190264,0.00691323
200,3538,80.15213,0.5628801,0.15271764,0.29990157
200,6873,13.976496,0.5639773,0.03220213,0.06333252
201,6455,38.204548,0.655592,0.09040081,0.17698689
201,202,34.51345,0.64883,0.08000121,0.15890914
201,1073,14.577797,0.6530739,0.02950656,0.057250403
202,201,33.66439,0.64795774,0.07911133,0.15589705
202,1954,39.57387,0.64136344,0.0931182,0.180407
202,1077,15.187513,0.64676666,0.030397229,0.05930067
203,3837,2.283802,0.6302033,0.0041481704,0.009089127
203,4326,1.9163971,0.6289435,0.0051927716,0.011416599
204,6764,3.1273766,0.65421,0.00594341,0.012738377
204,2146,8.231144,0.6569244,0.016624324,0.033542827
204,3510,48.539562,0.6593351,0.099428214,0.19774696
205,206,16.390244,0.66787463,0.034412034,0.0668794
206,6428,49.881744,0.66464674,0.09359233,0.1854666
206,208,2.458477,0.66676617,0.004610665,0.009950623
207,6378,64.36592,0.6719815,0.11976541,0.23882903
207,5176,19.33986,0.6688168,0.040814582,0.079397865
208,6491,2.2691917,0.6633033,0.004271142,0.008796841
208,5305,56.976147,0.6716407,0.11660305,0.23243156
209,3006,10.216724,0.6711546,0.021237686,0.04206416
209,6496,28.148006,0.6775405,0.06543045,0.12497729
210,1136,46.16948,0.66765356,0.08617142,0.16875356
210,2000,13.7186985,0.6690367,0.027295113,0.05346781
210,6663,22.328741,0.66835505,0.045587577,0.08814711
211,692,110.34339,0.6809597,0.20321524,0.40236056
211,6336,34.52414,0.68222016,0.07142264,0.14036311
212,374,18.12263,0.6826553,0.040423296,0.07848601
213,227,9.577713,0.69600517,0.017452516,0.03543231
213,2981,4.7074585,0.69489956,0.009391256,0.019477561
214,335,6.6907387,0.6709494,0.0135414675,0.027582362
215,3004,24.150484,0.69903773,0.04834132,0.09344533
215,1340,8.397457,0.6990453,0.01612483,0.032005757
215,247,167.37576,0.69298303,0.30447114,0.60159767
215,2731,113.88802,0.69676423,0.20698434,0.411939
216,3004,46.75424,0.69687694,0.0961543,0.19046432
216,6243,67.5302,0.6936974,0.13487065,0.27081716
217,3002,11.208635,0.6971992,0.021808974,0.042681888
217,3003,16.416096,0.7016409,0.03411218,0.066284984
218,2979,44.27737,0.70037675,0.090016656,0.17826223
218,217,20.810019,0.7016314,0.04149178,0.07986146
219,6737,1.9477844,0.71155035,0.002893895,0.006521508
219,5213,29.3456,0.7153126,0.06111995,0.117505684
220,230,89.20682,0.68528384,0.1634912,0.32609236
220,48,110.29908,0.69677544,0.20204127,0.4021827
221,225,32.0976,0.6759355,0.0638839,0.12219171
221,25,8.054707,0.6750405,0.015684046,0.03133756
222,223,75.957306,0.67675054,0.13954283,0.27857596
222,176,19.06266,0.67375606,0.03880151,0.0751262
223,2691,2.427021,0.6722218,0.0053900853,0.010668486
223,222,75.41768,0.68051827,0.1376009,0.27595824
224,221,109.50675,0.68146294,0.20432399,0.4061597
224,6003,18.340643,0.68145305,0.040920563,0.0795592
225,2718,66.66953,0.6750505,0.12083775,0.24151371
225,209,45.11568,0.67446876,0.083624884,0.16199484
225,221,32.317863,0.67528474,0.06371291,0.12215664
226,1439,34.48051,0.6718533,0.0669673,0.1298004
226,6742,3.1134605,0.6726507,0.007751368,0.016337126
227,992,53.621025,0.69247574,0.12234214,0.2440319
228,226,31.48415,0.67195237,0.07490359,0.14735109
229,4692,35.08324,0.6702936,0.08495316,0.16394821
229,2719,87.81122,0.6709618,0.26417783,0.5232856
230,220,88.625404,0.6838397,0.16089053,0.32103497
230,139,31.680046,0.68990165,0.06320032,0.12004301
231,1076,41.556976,0.6490725,0.078984804,0.15558806
231,1074,48.36771,0.65303755,0.090423636,0.17899144
231,181,29.558456,0.6531117,0.059928853,0.11456317
232,1076,47.964027,0.6431606,0.0906266,0.17922948
232,1137,25.77191,0.63853425,0.06082896,0.1164177
233,2147,18.842138,0.6593909,0.037953626,0.07317422
233,6450,40.71738,0.6637498,0.077088535,0.15193097
233,5432,15.291126,0.6591452,0.030633882,0.059854895
233,174,15.279411,0.65924424,0.030619591,0.059417807
234,4981,1.7573586,0.633734,0.0051183924,0.011298314
235,1077,48.567608,0.64552546,0.091419935,0.18112202
235,232,11.5500145,0.6404765,0.026546285,0.052441627
236,2672,80.168,0.60561085,0.16637817,0.32542866
236,2670,118.24815,0.62526166,0.2192992,0.43378645
237,2637,84.02937,0.6003882,0.16151278,0.31881213
238,178,81.15879,0.6619093,0.16179273,0.3211354
238,239,42.089897,0.66008204,0.07958634,0.15750058
238,6429,24.058119,0.66332924,0.048943315,0.09433544
238,5217,65.4447,0.66401446,0.13026012,0.2607746
239,1393,16.14893,0.66145325,0.03239624,0.06271132
239,238,42.416573,0.65993595,0.08038373,0.1593751
239,5459,87.51073,0.6639652,0.1616589,0.3225836
240,2364,4.925598,0.6583769,0.009589866,0.019701734
240,3754,34.945137,0.6599335,0.07385516,0.14571589
241,114,4.6087,0.6534572,0.008371331,0.017044127
241,2362,6.7061768,0.65461355,0.0136237,0.027053818
242,3779,1.8299713,0.65710664,0.0028010905,0.0070641935
242,246,6.1089973,0.65497345,0.012663625,0.025959238
243,2836,40.26374,0.6630648,0.06912883,0.13484228
243,2761,52.837883,0.6612457,0.13165498,0.26311827
244,4226,2.5039062,0.6566988,0.0029961318,0.006968215
244,5480,53.374794,0.6571466,0.09938477,0.19661652
244,100,23.331072,0.6610879,0.050446168,0.09619304
245,6257,8.650799,0.6621523,0.01656983,0.033090338
245,4426,61.419113,0.6606596,0.11328415,0.22693667
246,3749,27.245083,0.6556747,0.058739845,0.11290901
247,215,168.12503,0.6942184,0.30690968,0.6073469
247,1521,6.008194,0.69028485,0.013319716,0.026982158
248,6104,136.69724,0.6504877,0.25273347,0.49997568
248,88,67.66971,0.6593698,0.13748817,0.27484354
248,107,22.071672,0.6604781,0.04686115,0.0897391
249,292,50.4635,0.69868034,0.10456753,0.20689216
249,3707,26.819786,0.69185436,0.04823297,0.092086434
250,1555,2.7355995,0.4249476,0.0076106116,0.015124604
251,5249,61.841347,0.48114645,0.16711724,0.32469076
251,695,49.51493,0.4625484,0.099133536,0.19330513
252,1895,2.0217247,0.51257,0.004618384,0.009445459
252,4868,4.3822975,0.5139945,0.009271383,0.018516213
253,1897,0.70176697,0.50579965,0.005239159,0.010438174
253,700,78.32187,0.51842934,0.113107815,0.2209119
254,2126,3.272007,0.50532573,0.0033657476,0.0072731525
254,5370,50.259727,0.4966877,0.11000675,0.21430689
255,3953,50.82891,0.3263878,0.14440508,0.28604406
255,269,137.71301,0.37075794,0.29488704,0.5667202
256,6993,40.64585,0.39560673,0.084345445,0.16018364
256,4160,53.43641,0.41951415,0.18298565,0.3552639
257,1875,238.7187,0.57589054,0.45264885,0.8853943
257,1875,29.34296,0.5869261,0.07283776,0.14190538
258,6139,2.0512657,0.69377244,0.0041083246,0.008410826
258,7048,13.852045,0.69656974,0.030514657,0.059614748
259,2167,5.9210167,0.7017488,0.010389708,0.021340817
259,2411,3.279499,0.7060819,0.0079757795,0.01692532
260,5044,2.751461,0.69403535,0.0032415166,0.0074760765
260,5206,68.81056,0.70390356,0.16395585,0.32723847
261,941,34.024128,0.6568869,0.06632958,0.12737316
261,975,49.128857,0.6563742,0.117210336,0.23225194
261,4774,16.837233,0.655751,0.034112796,0.06633519
262,965,33.364502,0.65829474,0.06629587,0.12771767
262,923,11.534374,0.6524178,0.026220098,0.051796257
263,980,9.953163,0.06061375,0.023080178,0.044859275
263,895,43.037872,0.6506592,0.10424907,0.19707003
264,4303,23.351805,0.6374124,0.05458884,0.104297705
264,1370,11.450958,0.06809807,0.042553347,0.08426209
265,6329,28.65736,0.70522654,0.058604594,0.11308599
265,4109,75.29501,0.7005157,0.13594264,0.27257627
265,6330,26.792278,0.7062187,0.054222137,0.10634067
266,3907,26.37199,0.70399857,0.05202516,0.100341424
266,1372,37.699814,0.70612687,0.07273536,0.14023319
267,449,1.9615936,0.7105615,0.0028201565,0.006266549
267,3675,2.6635246,0.70850694,0.004218325,0.008835763
267,5486,71.3414,0.71093297,0.16840756,0.33540267
268,6530,1.3770943,0.3367955,0.005216688,0.009676471
268,6993,107.76119,0.3534838,0.23272648,0.44735557
269,6993,112.70131,0.39332393,0.23824966,0.45753282
269,255,137.03131,0.3692515,0.2960041,0.5679768
269,270,120.18673,0.443463,0.2480227,0.47836828
270,274,135.44366,0.48298675,0.27300426,0.52848834
270,269,120.56091,0.44307145,0.24784702,0.47835296
270,271,108.72157,0.47029832,0.22123066,0.42722017
271,4259,1.5619049,0.47814175,0.00196746,0.0039937645
271,2128,33.990585,0.4828445,0.07053006,0.1345917
271,270,109.23498,0.4738124,0.22123519,0.42717296
272,1902,2.4884262,0.38258672,0.004137926,0.008159593
272,2117,17.718088,0.38775003,0.048585333,0.09551883
273,2927,105.85603,0.46940285,0.213135,0.41122264
273,274,10.497999,0.49762797,0.021903157,0.04280123
273,715,106.88824,0.5144172,0.20996502,0.4078145
274,275,49.44565,0.5007573,0.09882651,0.19227628
274,273,10.642509,0.49730447,0.022185184,0.043371752
274,270,135.26027,0.48488742,0.2725596,0.5273299
275,715,134.56216,0.52441114,0.2640008,0.5137073
275,5780,86.25531,0.5159074,0.16752493,0.32509908
275,274,49.49228,0.5013352,0.09891577,0.19252592
276,3592,2.1145134,0.69931597,0.00326851,0.007272452
276,1335,7.355381,0.6982467,0.013900973,0.027685657
277,3590,2.230301,0.70050097,0.0038378835,0.007887512
277,1333,21.9284,0.6967657,0.044115655,0.084697746
277,3594,51.50818,0.6968318,0.10438478,0.20795505
278,279,28.725845,0.6652468,0.05773253,0.111385144
278,5409,26.256756,0.66693753,0.053786978,0.10430841
279,2489,4.9438286,0.6659316,0.008901708,0.018122792
279,1024,37.875698,0.66745234,0.07374647,0.14321151
280,281,50.64865,0.6709059,0.09491896,0.18889597
280,6359,17.388418,0.6705643,0.035183102,0.06815303
280,1003,51.80874,0.6741363,0.09675181,0.191111
281,2986,2.1352882,0.6720885,0.0031751096,0.0068291575
281,280,50.981194,0.6718969,0.09526628,0.18880701
281,1568,40.427326,0.67718476,0.08312389,0.16403756
282,6785,18.952492,0.683207,0.038126122,0.07380545
282,3438,7.705738,0.6826952,0.014644936,0.029234543
283,299,29.611362,0.68316036,0.05872248,0.11312102
283,5075,44.910973,0.68558186,0.10500394,0.20724466
284,285,18.707035,0.6932548,0.037350982,0.07175304
284,407,27.758333,0.69251233,0.054005675,0.104132235
285,286,27.156807,0.69659823,0.053540014,0.10457891
285,380,60.500687,0.6980918,0.111803964,0.22114073
286,3499,23.43739,0.6992812,0.05483823,0.10752811
287,2459,1.7885017,0.74903715,0.002550073,0.0055270046
287,484,126.487915,0.7488704,0.22244504,0.4446169
287,290,20.61229,0.74563575,0.045712315,0.08961634
288,1482,19.39787,0.74664617,0.037416305,0.073203
289,3420,1.7844772,0.7401273,0.0026227832,0.005406156
289,451,52.86217,0.7395687,0.10503057,0.20758526
290,2470,2.5977554,0.74721014,0.00422398,0.00886862
290,1188,14.396231,0.743799,0.030710801,0.05960703
291,1964,53.558372,0.67810005,0.10051119,0.1984583
291,3626,212.3095,0.6726037,0.3829622,0.754556
291,5579,41.76034,0.6848469,0.0781885,0.15252987
292,4631,87.26622,0.6842867,0.20715241,0.41120195
293,4019,0.35084534,0.42705908,0.0034853667,0.0012160242
294,3525,3.1751823,0.7435372,0.002244778,0.005466774
294,4367,66.90874,0.7460555,0.1344347,0.26796907
295,5775,0.0,0.4380164,0.0023722053,0.0
295,3963,57.022408,0.46172574,0.19403726,0.29979753
296,323,5.9620934,0.74263555,0.016777411,0.032952517
296,4787,5.3085976,0.7530735,0.009353451,0.018809766
296,4471,44.818993,0.7522597,0.07490135,0.1428018
297,396,69.67296,0.7060536,0.12762776,0.2551397
297,5528,32.949234,0.70972276,0.06254054,0.12071708
298,3087,1.7793121,0.689951,0.004234791,0.009342596
298,5859,20.699667,0.6917112,0.04777313,0.09317948
299,283,29.31162,0.6832044,0.0580052,0.111387424
299,3503,52.83496,0.67874765,0.0996351,0.19688275
299,680,52.061275,0.68563175,0.09588038,0.18978171
300,4571,1.6162605,0.7443752,0.0021741167,0.0044852644
300,303,47.77419,0.74226534,0.08738667,0.17007646
300,4570,6.0762863,0.7361001,0.011940144,0.02326177
301,4574,3.2773666,0.7382152,0.0067195594,0.01290831
301,502,11.596651,0.7415715,0.021828935,0.0425231
302,314,45.007683,0.73869973,0.083145976,0.16029924
302,502,55.32231,0.7403109,0.09539023,0.18762286
302,3906,89.00414,0.7358422,0.15623966,0.31039008
303,300,48.71366,0.7431673,0.08866033,0.17209549
303,3157,76.45499,0.74033874,0.13453996,0.2675022
303,3133,70.75238,0.7386368,0.12628281,0.25195518
303,316,69.62264,0.74066067,0.12438773,0.24702498
304,2923,129.7789,0.72833496,0.2332448,0.46243256
304,3285,268.11353,0.72365683,0.47149944,0.92993367
304,3896,82.38286,0.72938496,0.14577678,0.29120344
305,3900,36.61012,0.4452676,0.14055234,0.2154251
306,3896,6.685585,0.73057085,0.01242926,0.02431503
306,4137,3.0810928,0.7317932,0.004701674,0.00952588
306,2924,6.363899,0.731307,0.01358524,0.02655746
307,327,338.1897,0.72881776,0.63429403,1.2528275
307,1519,54.613125,0.4508641,0.19711322,0.30802223
308,310,89.32274,0.7220361,0.17657301,0.35187083
309,3957,2.123581,0.72139895,0.003476806,0.006925747
309,3557,42.580685,0.7187934,0.08434048,0.16499999
309,4624,46.65578,0.7228869,0.08505367,0.16377522
310,329,106.937996,0.72076696,0.21317539,0.4232905
310,308,90.10251,0.72106487,0.1774748,0.3546896
311,3105,10.053577,0.65847784,0.057052054,0.11830218
311,1753,44.94595,0.6720176,0.10096999,0.19780764
312,19,78.80942,0.62491834,0.16293722,0.31918246
312,1916,7.943386,0.6191231,0.0487166,0.099473454
313,4569,3.1223946,0.7400248,0.003802769,0.008134171
313,4567,7.03384,0.73921835,0.013848513,0.027406275
313,314,87.61871,0.7428452,0.15572773,0.31143656
314,313,88.320625,0.7416828,0.15616436,0.3121781
314,302,45.239613,0.7395272,0.08417457,0.1627904
314,3133,57.504807,0.73858666,0.10446275,0.20802894
314,315,98.440674,0.741274,0.17423788,0.34819764
315,359,77.38391,0.7386477,0.13610515,0.27176625
315,319,27.381111,0.73687136,0.048191346,0.09347862
315,314,98.206024,0.743069,0.17356214,0.3472808
316,3127,76.73602,0.7400916,0.13635021,0.27169892
316,303,68.81027,0.7398518,0.121647745,0.24216758
316,3099,95.76786,0.7414639,0.16869895,0.3372346
316,3126,43.139328,0.7387049,0.08069747,0.15613845
317,321,70.002655,0.74013805,0.12400924,0.2471622
317,318,58.968704,0.7378984,0.10610671,0.21112192
317,4569,56.666603,0.74231505,0.09989162,0.19859104
318,317,59.29832,0.7374133,0.106460504,0.21167354
318,499,42.342728,0.7372196,0.08107081,0.15853131
318,3372,91.65999,0.736403,0.13446914,0.266316
319,4215,5.5767593,0.7372917,0.009926856,0.019865543
319,315,27.799465,0.7393767,0.049154192,0.09595693
320,5496,42.793053,0.74102527,0.07921299,0.15202816
320,4566,43.73881,0.7404733,0.08098762,0.1551792
320,3100,63.715183,0.7423645,0.121106654,0.24098106
320,496,90.51785,0.7416396,0.16853267,0.33711687
321,317,69.55269,0.73978525,0.123656124,0.24617976
321,4567,125.50319,0.7426221,0.24292815,0.48071343
321,501,39.6023,0.73493177,0.077501096,0.14911543
322,6806,116.41901,0.74390244,0.20821595,0.414984
322,3157,39.243824,0.7364178,0.07160884,0.14237726
322,3155,26.950438,0.7396922,0.05393046,0.104989626
323,2498,4.2033577,0.7318367,0.013432421,0.026352748
324,4243,2.7265701,0.7194445,0.0045592114,0.00930272
324,3958,4.4404106,0.72278327,0.007499613,0.015079498
324,3285,91.628204,0.72224915,0.16361132,0.32744786
325,2923,8.093548,0.72668856,0.015150681,0.029187232
325,3158,65.84454,0.72761,0.11775821,0.23454139
325,2151,100.665146,0.73112357,0.18020001,0.3604112
326,4609,16.688139,0.7298454,0.032281738,0.06264957
327,307,335.52686,0.7325465,0.62817013,1.2404668
327,328,52.448135,0.73076886,0.09590807,0.19000152
328,327,52.000484,0.7299253,0.0944548,0.18643762
329,4593,3.345871,0.71527135,0.0026363954,0.006119743
329,6508,35.506325,0.7213097,0.07196556,0.14057973
330,802,5.8695335,0.6649574,0.016939431,0.033245385
331,4114,2.176834,0.6968448,0.003523983,0.007885128
332,3388,2.485073,0.71223915,0.0040723532,0.009298593
333,3390,2.5199738,0.7230407,0.0039487556,0.00852488
333,3386,85.619385,0.72823966,0.15196794,0.3037917
334,2706,144.61742,0.7286669,0.34389433,0.68263113
334,3640,11.698963,0.7231998,0.022626735,0.04370992
335,2188,112.841774,0.6656163,0.22842208,0.4521227
335,111,2.239277,0.66481143,0.003962174,0.008165345
336,339,79.27442,0.7040752,0.14192957,0.28511435
336,337,31.837967,0.70519996,0.064610444,0.12470685
336,352,49.851864,0.7062628,0.09991663,0.1958141
337,2840,130.3718,0.7074232,0.23672205,0.46971136
337,336,31.770054,0.70575565,0.06468619,0.124939725
337,338,21.626451,0.70463586,0.044489253,0.08566002
338,4450,14.534317,0.7028109,0.028419055,0.055256777
338,339,53.639812,0.70323837,0.10556736,0.21044706
338,337,21.642807,0.70435286,0.04424952,0.08538627
339,336,78.88005,0.70434713,0.14212495,0.2851783
339,3339,30.087793,0.70478576,0.06132273,0.11742015
339,338,53.148026,0.7038983,0.10578675,0.21058628
340,6990,8.293079,0.70725906,0.016532563,0.03320463
340,5932,77.74966,0.70081425,0.15629178,0.31231648
341,342,2.3566399,0.6952606,0.004444346,0.00937064
341,5931,36.83587,0.69929874,0.07468179,0.14424857
341,4183,38.03932,0.69920117,0.07088289,0.1358779
342,341,2.4416122,0.6969697,0.004519336,0.009892538
342,343,76.39313,0.6980947,0.15081532,0.30215284
343,1295,67.5779,0.69732565,0.12227027,0.2444418
343,342,76.155754,0.69729686,0.1509541,0.30217454
343,344,50.60013,0.69810027,0.100849286,0.20023249
344,1294,2.6992683,0.69515467,0.004260309,0.0090420395
344,345,62.25877,0.6985601,0.12055588,0.2406386
344,343,50.887413,0.69680476,0.10041056,0.19997945
345,346,57.230686,0.7008933,0.11217065,0.22300008
345,344,62.935802,0.70041084,0.12276618,0.24439895
345,5242,44.426327,0.7021673,0.082788266,0.16079399
346,345,56.265347,0.6961781,0.1104774,0.21998192
346,2372,26.490135,0.6969713,0.054498203,0.10505772
347,4506,0.40732574,0.6764233,0.004244633,0.008194074
347,4462,1.8255119,0.69254327,0.003178291,0.006594658
348,4452,1.993351,0.70315516,0.0016340166,0.003991589
348,349,25.73841,0.7038199,0.054435197,0.104850024
349,2092,2.4392738,0.7007762,0.0038764626,0.0082196295
349,1294,179.12383,0.69627786,0.31807813,0.6289596
350,2089,46.258163,0.7041084,0.092371106,0.18201472
350,2752,88.463776,0.7063999,0.17524458,0.34930646
350,353,137.11453,0.7104008,0.2482953,0.49203938
351,2085,144.89276,0.7059585,0.2882292,0.57039076
351,4308,27.69929,0.7056889,0.05793788,0.111566834
352,4448,0.38251495,0.16885835,0.0021040663,0.004465103
352,4451,127.39755,0.7062,0.2302981,0.45645422
352,336,50.982742,0.70769876,0.09916562,0.19813636
353,3336,167.64357,0.70852244,0.29855266,0.5898915
353,350,136.97806,0.7107651,0.24739474,0.4909109
353,6353,37.056274,0.7109803,0.070107654,0.13391288
354,6355,1.8357964,0.6971328,0.0027138218,0.0058038086
354,355,93.122574,0.7170589,0.16615406,0.33157837
354,6353,34.982758,0.70965284,0.06502841,0.12450485
355,354,93.97729,0.7138923,0.16763058,0.33513838
355,4712,4.330551,0.70585185,0.010052539,0.019965902
356,357,3.279087,0.7283372,0.0056982934,0.011037424
356,3362,188.21057,0.73525363,0.31096897,0.6146321
357,356,3.5096092,0.7292188,0.006346859,0.012290493
357,3737,37.54921,0.7289034,0.07051711,0.13402799
357,5684,6.627178,0.7277862,0.0124886185,0.024280012
358,2141,11.858032,0.72276616,0.017000802,0.033917144
358,3737,3.2742958,0.72257227,0.0052794814,0.011142433
358,1071,138.11574,0.71912384,0.24944913,0.4942184
359,315,77.08777,0.7381076,0.13479769,0.2685492
359,503,63.32794,0.73533905,0.13006863,0.2591082
359,3353,29.634441,0.7360555,0.055589218,0.10789845
360,2899,19.75972,0.6696775,0.040160656,0.07718862
360,6677,38.143814,0.67021006,0.07257097,0.14223693
361,1626,228.52077,0.654268,0.4128588,0.8123768
361,644,43.27059,0.6589635,0.088845596,0.17589486
362,363,38.723404,0.03686565,0.17165866,0.3639729
363,2577,26.220156,0.6665555,0.058517475,0.11542204
364,6676,2.604374,0.6671895,0.005395323,0.010708377
364,3219,20.317764,0.044283777,0.08789183,0.17703734
365,2497,2.6929932,0.6680763,0.0035368279,0.008202389
366,2002,7.908909,0.03996986,0.024144314,0.04849139
367,6343,25.645838,0.6814765,0.060858473,0.12118863
367,6348,10.006271,0.6832024,0.02219551,0.04382111
368,416,7.654667,0.6644299,0.017240532,0.03446062
368,793,32.369305,0.6623569,0.0778154,0.15381975
369,1669,9.6553,0.4466896,0.021185331,0.040880024
369,3329,34.334515,0.4569176,0.076664984,0.14638421
369,1676,11.310558,0.44261515,0.024866015,0.04788989
370,2285,23.584993,0.40768087,0.053570066,0.10140632
370,2316,10.693855,0.4030249,0.023681939,0.04570687
370,2283,24.894077,0.39098394,0.056848448,0.10772813
370,1676,27.980885,0.42148715,0.06376763,0.12032652
371,3329,1.9472466,0.46063805,0.003716983,0.0076321512
371,6289,39.976433,0.48310375,0.10925173,0.21346284
372,450,4.0257034,0.7164005,0.008782908,0.01831618
372,373,70.18476,0.7100303,0.10880803,0.21608579
373,366,30.383823,0.7202325,0.05607925,0.10942748
374,6348,2.5691032,0.6825167,0.0057093278,0.011967003
374,1007,155.97739,0.6761437,0.2800998,0.554848
375,22,9.062122,0.6831371,0.020492472,0.04061067
376,709,15.422985,0.6871382,0.031832237,0.062376864
376,2506,6.211693,0.68651855,0.014018036,0.028318003
377,2071,2.877365,0.7017234,0.0045647696,0.009691343
377,2073,2.6625633,0.7022449,0.0041332096,0.008659139
377,4312,151.7381,0.70209444,0.27236247,0.5390694
378,4227,18.627115,0.6621242,0.03910206,0.07530247
378,1650,17.56169,0.661896,0.036608797,0.070785515
379,777,42.339893,0.6954342,0.078676045,0.1544421
379,5052,13.487404,0.69060737,0.026684918,0.052500755
380,379,31.46981,0.69440347,0.060975723,0.11766336
380,4929,22.169655,0.69502056,0.043898437,0.08437094
381,2312,16.476013,0.69096744,0.03282776,0.06373253
381,285,28.908588,0.6956074,0.057021514,0.10900489
382,383,18.442013,0.69113,0.037276253,0.07210794
382,2312,40.6559,0.6933572,0.0756882,0.14587782
383,1562,3.3752365,0.6893704,0.005772002,0.01215075
383,382,18.402151,0.68900275,0.036882408,0.07120916
383,185,29.126163,0.69105345,0.055939622,0.106928974
384,2735,47.167786,0.6951789,0.09675559,0.1935572
385,2734,18.077032,0.690099,0.037618242,0.07335408
386,2739,26.553822,0.69318914,0.055214487,0.10706037
387,386,16.74929,0.69545734,0.0345636,0.06775819
387,1055,13.0177,0.6966803,0.026349917,0.051866934
388,2775,2.6526184,0.69248265,0.003924638,0.008853853
388,2,17.120289,0.6909389,0.033838302,0.06517147
389,2776,3.55402,0.6903343,0.006003648,0.0124967545
389,909,90.071815,0.6952967,0.17244843,0.34525445
390,3403,1.9001503,0.69451714,0.0028123185,0.006331131
390,6097,7.5410576,0.6940699,0.014235936,0.028289005
391,1733,2.633892,0.6968192,0.004299961,0.007571131
391,817,28.463064,0.06533408,0.10553538,0.22630692
392,393,64.6481,0.6987773,0.117481686,0.23437506
392,1113,77.41877,0.69303393,0.14222305,0.2849274
393,5354,67.444786,0.7027712,0.12202003,0.24434158
393,395,31.87452,0.7009573,0.06288281,0.11924957
394,392,13.174551,0.6955056,0.02589406,0.050668865
394,4613,5.199463,0.6981514,0.009756781,0.020081818
395,394,72.98265,0.69587976,0.13229181,0.2642658
395,396,87.73891,0.7016776,0.16035391,0.32096323
396,397,45.4003,0.70318,0.08505712,0.16570672
396,297,69.41823,0.7054481,0.12751341,0.25426915
396,395,87.27312,0.70096713,0.15837187,0.316162
397,2003,2.941681,0.6974252,0.0036549494,0.0083634555
397,396,44.91558,0.7051543,0.084595926,0.1657152
397,331,58.6941,0.7018411,0.104881145,0.20881774
398,5985,0.0,0.674593,0.0074858144,0.014248222
398,5980,2.9858475,0.6798061,0.0053628385,0.011352047
399,4628,4.113247,0.706983,0.0049804,0.010339662
399,3864,157.62946,0.72844386,0.31236085,0.6169901
399,4627,27.135092,0.71834475,0.05529901,0.10781573
400,6230,2.4284286,0.74587226,0.004192345,0.00868082
401,2938,81.58418,0.7439093,0.16125125,0.32240012
401,401,22.68323,0.72943366,0.04662061,0.08998616
402,403,104.724915,0.71783537,0.18975613,0.3781047
402,1655,121.099945,0.7190159,0.24056712,0.47654748
402,3642,288.2185,0.70811737,0.54783463,1.0780387
403,402,103.79408,0.71886784,0.18689883,0.37339792
403,1655,71.90512,0.7171541,0.12876374,0.2576701
403,3274,30.517448,0.7182891,0.057850905,0.11198603
404,4266,1.9345131,0.7217481,0.0028624088,0.0058277547
404,1652,56.55282,0.722166,0.10159798,0.20232141
404,4267,114.41657,0.72121024,0.22694677,0.4496634
405,5728,22.20664,0.6902062,0.051233254,0.09940816
405,2541,34.18326,0.6877851,0.06774283,0.12937033
406,184,89.06789,0.6918075,0.12636514,0.2524373
406,3234,1.3614807,0.6666475,0.0024187118,0.005763173
407,2313,37.058815,0.6919011,0.07009333,0.13649788
407,2312,2.515438,0.68865705,0.0043473765,0.009177983
408,825,7.7373238,0.68884146,0.014930546,0.029567748
408,2212,13.183258,0.69171387,0.028559037,0.055838525
409,6235,2.4464035,0.68476367,0.004026465,0.008534655
409,825,34.81389,0.687789,0.068520635,0.13196838
410,6236,2.589016,0.6892654,0.0041857287,0.008898944
410,1054,5.1574936,0.69105774,0.009585358,0.019262254
411,1052,61.853645,0.6891238,0.11280565,0.22534192
411,412,67.92473,0.69124335,0.11865875,0.23883691
411,410,22.162792,0.6901613,0.043938853,0.08476067
412,1048,90.93128,0.69162434,0.16593057,0.33138478
412,411,67.53092,0.69114715,0.11832505,0.23858541
412,1045,23.036097,0.6890309,0.045868088,0.08871146
412,1046,26.940144,0.68978214,0.053420052,0.103198566
413,414,24.21433,0.6598761,0.051172346,0.09924441
414,1000,3.6858482,0.6661649,0.007377982,0.015261814
414,6388,5.7891235,0.65558517,0.011775248,0.023834229
415,2896,1.8269081,0.6593874,0.00520584,0.011199519
415,2897,2.0538864,0.6587089,0.0057800636,0.012354195
416,6621,10.733269,0.6670974,0.024007939,0.047450602
417,5159,2.2851982,0.67442137,7.3321164e-05,0.002057448
417,5161,14.323872,0.66849184,0.02915591,0.05718352
418,423,40.52154,0.6607017,0.08210198,0.1611128
418,422,15.657982,0.66069496,0.032254126,0.062189966
419,3443,2.6701393,0.6624074,0.00633727,0.013238043
419,1059,12.897568,0.6477513,0.029992402,0.05908826
420,2445,19.025673,0.66139555,0.044523433,0.08681579
420,1304,24.744652,0.6650166,0.051167272,0.098625585
421,420,8.833298,0.6607818,0.02067943,0.041202962
422,421,3.564022,0.6606611,0.0065453947,0.013442963
422,418,15.942383,0.6633113,0.033000797,0.06408228
423,2894,41.287476,0.65838313,0.07918971,0.15399897
423,418,40.63112,0.6639103,0.08209201,0.16014536
423,5397,73.39765,0.6587299,0.14693496,0.29218662
424,5298,0.09074783,0.21643582,0.00011340529,0.0
424,2858,118.69511,0.65749526,0.24045843,0.47493333
425,3775,2.279091,0.103630334,0.008500636,0.01741916
425,3290,4.297348,0.6690951,0.00859493,0.017697677
426,965,12.507605,0.64891756,0.028838202,0.056573614
426,976,17.547937,0.65431124,0.037166048,0.07183277
427,6059,33.719124,0.6571884,0.06613456,0.12782109
427,6057,31.687042,0.6583228,0.080409005,0.1583181
428,429,47.258816,0.64483386,0.097421534,0.19403419
428,4996,48.63667,0.6418845,0.1009933,0.19962533
429,966,77.08392,0.64607316,0.159123,0.3152529
429,922,26.817545,0.64530253,0.057910543,0.11170131
429,428,46.80399,0.6413785,0.0967758,0.19160627
430,6333,1.9591675,0.6731573,0.0027750507,0.0063388348
430,431,29.975826,0.67283744,0.07035732,0.13820565
431,712,36.93761,0.6772471,0.08635707,0.17110164
431,5698,137.81458,0.6718639,0.2812028,0.55481654
432,5123,1.6505051,0.6274487,0.0033754632,0.0069622397
432,803,91.84378,0.6819333,0.2254695,0.44822133
433,2783,1.7020569,0.6873482,0.003472358,0.007872105
433,437,22.074242,0.6927434,0.046332657,0.08938734
434,5631,2.2621078,0.674964,0.0052776337,0.0102241635
434,758,40.12869,0.6927017,0.08366643,0.16378705
435,3676,3.2202911,0.686247,0.0076850206,0.01610592
435,6437,8.461304,0.6837316,0.01840341,0.03700061
436,435,2.538208,0.6860299,0.0056899786,0.012174115
437,758,22.616613,0.6902186,0.04740871,0.09056431
437,2783,20.830444,0.69106066,0.043895938,0.08475176
438,2795,1.8545761,0.68590856,0.0033103302,0.0074273497
438,6155,32.303703,0.68771476,0.07614267,0.1509033
439,6877,19.164593,0.69193965,0.0420709,0.081947945
439,6189,5.100006,0.6885465,0.011282414,0.022665232
440,4659,1.6579018,0.6843145,0.0042051673,0.009212226
440,3123,29.677254,0.69241405,0.0676717,0.12965296
441,883,20.124619,0.6886667,0.04579752,0.09016194
441,5628,25.905457,0.6894444,0.059224077,0.11576434
442,5698,2.7906265,0.6745326,0.005121991,0.0111828
442,5096,85.81549,0.67690927,0.17125699,0.34078652
442,3245,37.646645,0.6732687,0.07767444,0.15335765
443,5759,78.98129,0.7143041,0.18588707,0.37113744
443,444,6.4586296,0.7171062,0.0112634,0.023210257
444,443,6.1292305,0.71217483,0.01052703,0.021138594
445,6281,40.33504,0.71753,0.092811935,0.17932451
446,2002,2.0788918,0.71123797,0.0030696318,0.0064385235
446,447,6.719574,0.1041249,0.02109927,0.04215309
447,444,53.204807,0.69792116,0.09299808,0.17457789
447,7043,16.40678,0.7140213,0.035304695,0.069467545
448,788,15.392073,0.7137059,0.03331859,0.06505565
449,267,2.3521423,0.7099883,0.003471017,0.0077005327
449,7044,99.03995,0.71230865,0.23037648,0.4564759
450,5529,42.816933,0.7160261,0.09636078,0.18934399
451,3421,2.0975838,0.73735666,0.003142558,0.006627232
451,5890,260.34094,0.72769356,0.45676407,0.9009257
451,5033,53.678104,0.73396003,0.10513029,0.20845668
452,4459,36.91846,0.6813993,0.07057389,0.13642155
452,2733,69.03955,0.67751944,0.12544727,0.2512056
452,1694,11.740013,0.67874223,0.023409918,0.045808345
453,5096,142.89912,0.6775455,0.2031336,0.405881
453,1184,28.888454,0.68026686,0.06084858,0.116556376
453,3328,103.25644,0.6754918,0.20798278,0.41192174
454,2594,16.973732,0.67873275,0.03380911,0.06519207
454,6918,31.761845,0.67987096,0.062980756,0.120411605
454,2598,117.29373,0.6813219,0.2136973,0.42460436
455,733,18.425713,0.68145597,0.036846112,0.071274854
455,2594,129.51933,0.6828819,0.23566452,0.46651167
455,1366,206.5435,0.68515104,0.37304515,0.7383031
456,2611,25.599178,0.683552,0.05109921,0.09943193
457,839,6.803047,0.6666025,0.012960643,0.025686875
457,4394,47.238274,0.6765298,0.09619208,0.19136253
458,3757,2.351326,0.66357905,0.003873311,0.008609012
458,459,10.847097,0.66408235,0.021530159,0.04262227
458,457,16.37483,0.66468847,0.034587406,0.066932455
459,839,24.80744,0.6658682,0.05037992,0.09683189
459,168,19.96456,0.66173816,0.040397745,0.07754852
459,167,27.040546,0.664316,0.054472096,0.10446537
459,458,10.577312,0.66206867,0.020923682,0.041112617
460,2061,97.9276,0.7400777,0.105457395,0.20874403
461,147,4.7290497,0.6590977,0.008513264,0.017261207
461,6114,58.74233,0.65820444,0.108044386,0.21463238
462,5767,2.738533,0.6776463,0.0053373054,0.0114430785
462,3441,32.308037,0.68478936,0.06373766,0.12164853
463,4407,1.3188095,0.6754072,0.0029541776,0.006475389
463,4401,28.03637,0.6870058,0.05993372,0.11521707
464,6144,0.7367401,0.42726454,0.0026193485,0.005482748
465,4405,1.8430252,0.68865675,0.0026432052,0.006068006
465,3846,63.763924,0.6936683,0.11549349,0.23102157
465,5047,59.202244,0.69106483,0.11968384,0.237946
466,5422,2.218792,0.70372415,0.0033639073,0.0072044134
466,157,68.8171,0.70169103,0.12341738,0.24742334
466,480,71.734314,0.7055169,0.1279358,0.25703168
466,155,31.960094,0.7086155,0.061980627,0.11883131
467,3654,2.1707687,0.71120256,0.0032665208,0.007092774
467,1412,56.388977,0.7192952,0.101007394,0.20061015
467,673,31.163887,0.716786,0.058982354,0.113878824
468,4640,28.894468,0.7071674,0.05637805,0.10886192
468,3654,32.77162,0.71074975,0.06308345,0.120509356
468,479,31.192123,0.70734155,0.06010736,0.11517896
468,6486,66.56151,0.7081288,0.119212806,0.23698635
469,3938,2.1315613,0.69098055,0.0033860058,0.007624984
469,6907,62.046463,0.6923946,0.12478542,0.2485064
470,4636,2.4009247,0.6857381,0.0037743002,0.008060187
470,3327,82.12016,0.6865943,0.14631966,0.29218358
470,469,28.026361,0.6919341,0.0551,0.10570401
471,164,20.020803,0.6846589,0.039980326,0.07719445
471,161,48.88041,0.6888306,0.0909468,0.18041682
471,160,34.002644,0.6845434,0.06630364,0.12757882
472,2762,1.7654953,0.6664156,0.0036249533,0.008065715
472,6094,22.895458,0.6665717,0.04912219,0.094421074
473,1761,85.289276,0.6680038,0.15850997,0.31783238
473,2643,36.482174,0.66652346,0.07082157,0.13766964
474,2466,2.8875465,0.7445407,0.0048591346,0.010524005
474,4371,123.37113,0.74623215,0.22249871,0.44322425
474,3917,61.529327,0.7414046,0.13692902,0.27148068
475,837,34.26155,0.6763492,0.06678998,0.12882265
475,838,30.099548,0.675768,0.06068988,0.11532665
475,6117,7.237015,0.67670673,0.01389727,0.027554572
475,4412,50.131718,0.6779694,0.09320947,0.18498665
476,4636,29.835331,0.6908332,0.059115227,0.11302932
476,4401,37.07061,0.6908715,0.07166261,0.13810617
476,4400,27.44525,0.6940633,0.053961284,0.104444385
477,4400,2.1627884,0.6926417,0.0031495765,0.0068165213
477,478,68.550644,0.69908243,0.12370859,0.24665022
477,157,17.86496,0.6955457,0.03670179,0.07077214
478,477,68.73833,0.70073014,0.12501264,0.2501322
478,4639,29.221636,0.7076193,0.056343965,0.10832135
479,3653,32.908012,0.7139567,0.06322364,0.12044848
479,5423,31.379835,0.7112111,0.060735118,0.11606799
479,155,18.985456,0.71077985,0.0374926,0.07242766
479,468,31.345745,0.7094299,0.060554188,0.116134904
480,1883,2.2629356,0.7078839,0.0034696609,0.0072788596
480,466,72.511215,0.7066701,0.12965016,0.25931215
480,5085,36.205193,0.7139318,0.07999475,0.15960184
481,6461,37.180634,0.69298613,0.07203537,0.13985474
481,5048,15.240995,0.69910073,0.031831525,0.062879734
482,3858,1.5104141,0.65338737,0.002224207,0.0046121925
482,3851,118.101585,0.6970926,0.23864895,0.47295213
482,1403,112.90337,0.6876392,0.20569658,0.4078394
483,701,53.034706,0.71592534,0.09597275,0.19038314
483,7046,37.7036,0.71405756,0.07175949,0.13696426
483,684,39.778244,0.71700346,0.07421019,0.14250466
484,288,7.3072014,0.74092996,0.013841465,0.02763392
484,485,63.570107,0.7460774,0.111685276,0.22170274
485,1872,2.1507225,0.7445735,0.0023838654,0.0046830922
485,1874,24.173086,0.7503336,0.045489002,0.08852743
486,485,8.416824,0.74247384,0.015677854,0.03057903
486,288,59.94777,0.74329305,0.107160866,0.2132433
487,4321,1.7597198,0.74318784,0.0031517595,0.00691247
487,490,2.6807404,0.741064,0.0049686953,0.010329902
488,2913,1.5821266,0.7393795,0.0029081926,0.006231591
488,6416,0.41611862,0.048731327,0.0025314912,0.0062033236
488,492,36.610825,0.7407337,0.087201014,0.17162143
489,508,101.12675,0.7423509,0.18117106,0.36200607
489,509,61.261486,0.73922986,0.120469764,0.23951086
489,490,114.07577,0.7433479,0.22503644,0.44580013
490,489,113.18186,0.74289477,0.22324368,0.44299376
490,491,48.159374,0.7400286,0.08849515,0.17199071
490,487,3.021389,0.738235,0.0054565966,0.01139617
491,490,48.72769,0.73946226,0.087883055,0.17075929
491,2106,18.244339,0.7347756,0.03604568,0.069425136
491,492,90.06755,0.7372317,0.15859628,0.31772777
492,491,89.90468,0.7358413,0.15921447,0.31864953
492,2826,54.390556,0.7254877,0.13105975,0.25999308
493,2106,110.35905,0.7253039,0.1983061,0.39524055
493,46,42.45521,0.7196398,0.09725239,0.19242471
494,1629,7.236393,0.7463552,0.0107546225,0.021768585
494,5518,7.0983543,0.74251586,0.015072793,0.029782802
495,496,41.663704,0.7339919,0.08636525,0.16714646
495,4210,34.374763,0.7359289,0.07162401,0.13852203
495,1737,98.80435,0.7382986,0.1743716,0.34674156
496,320,89.406296,0.74252737,0.16762292,0.33586854
496,495,41.032455,0.73690283,0.08482237,0.16523851
496,3372,30.56289,0.7383492,0.06446334,0.12544592
497,3090,20.986296,0.7461127,0.04007678,0.07941084
498,6574,2.06324,0.74462605,0.0032665357,0.006822318
498,5492,25.118635,0.7445514,0.0484018,0.09337973
499,318,42.998714,0.7371777,0.0810016,0.15891097
499,4565,9.931896,0.74271613,0.01927711,0.037932158
500,4568,13.466467,0.745087,0.02669055,0.05157134
500,5462,27.311947,0.7420501,0.05367433,0.10413802
501,503,124.000496,0.7412279,0.26201,0.5198304
501,3372,37.413563,0.7356985,0.07827958,0.15259467
501,321,39.817238,0.73582864,0.07805236,0.15135793
502,302,55.319794,0.73802865,0.09446184,0.18567957
502,4574,11.448717,0.73492324,0.022401921,0.04378946
503,2154,75.558304,0.73351544,0.13174772,0.2630871
503,501,127.015495,0.7405913,0.26008955,0.5154032
503,359,63.20611,0.7364498,0.13051869,0.25982744
504,3595,2.751152,0.6903801,0.0023339689,0.005704969
504,4988,26.024414,0.6944895,0.05401335,0.10374651
505,5034,1.896431,0.72986376,0.00374607,0.007438764
505,6,32.881283,0.736599,0.06663104,0.12773241
506,6204,13.281441,0.042732745,0.059807576,0.12856607
506,508,91.22777,0.7542479,0.18224414,0.36257508
507,3763,1.8965721,0.7309608,0.0030215234,0.0064704716
507,3081,35.659134,0.72850746,0.07231915,0.14138778
508,489,101.382904,0.7428894,0.18094763,0.36182022
508,506,91.38419,0.75159705,0.17869711,0.35334396
508,5240,60.16326,0.74323475,0.11640006,0.23084576
509,489,61.034027,0.7385326,0.11832102,0.2355434
509,6592,49.233803,0.7416531,0.08927972,0.17375642
509,3658,35.49626,0.74119556,0.06885442,0.13269992
510,5066,18.707186,0.74277115,0.04828723,0.095023505
510,5066,27.225456,0.7408257,0.05079719,0.099388264
510,6237,21.696987,0.0,0.08451942,0.17612672
511,512,101.96274,0.74849975,0.18335791,0.36596084
511,2233,26.6478,0.74152786,0.058787744,0.11676502
512,3129,1.8597336,0.7467627,0.0023502707,0.00521411
512,1420,62.721478,0.7548261,0.10790492,0.21172252
512,511,102.818535,0.74757916,0.18236072,0.3644014
513,2393,99.96699,0.7397396,0.17903721,0.35744774
513,4329,45.018982,0.44638437,0.15632918,0.24025092
513,3660,1.4743843,0.42323458,0.006163493,0.006531194
514,5376,17.476267,0.70115477,0.0385509,0.07549568
514,4738,7.945305,0.7066037,0.017385691,0.03395523
515,4729,6.2533073,0.5675574,0.015392125,0.030872792
515,2166,3.9526901,0.56838584,0.0067998394,0.014339104
516,2893,2.6345901,0.65920764,0.0041197613,0.009120032
516,1060,75.136765,0.6502465,0.13920641,0.2784789
516,4288,9.343937,0.65792465,0.021823019,0.0432456
517,6266,1.6427803,0.509876,0.002888918,0.006136492
517,2281,4.107582,0.51258487,0.0087274015,0.017337501
517,6265,5.2342377,0.5094828,0.011315115,0.022318006
518,6265,5.515522,0.50407803,0.009995818,0.019621968
518,517,3.9213562,0.50904745,0.008701667,0.017291218
519,5133,1.6777954,0.5004863,0.0023517609,0.0048228204
519,2280,43.651184,0.48833045,0.085664615,0.16620657
519,518,30.721067,0.50538266,0.06767686,0.12845284
520,2280,55.600655,0.47882876,0.11149943,0.21675956
520,519,22.842327,0.49831405,0.051750507,0.09870955
521,4702,1.486969,0.5005387,0.002833575,0.0059414804
521,520,19.5118,0.49733195,0.042725436,0.08200735
522,4701,2.6680145,0.50625354,0.005349219,0.011185348
522,6841,4.655472,0.50493175,0.010147952,0.020135477
523,524,309.87854,0.5501676,0.65254956,1.2838867
523,4041,17.96128,0.5211333,0.038063828,0.07348175
523,1855,22.360783,0.5272762,0.046959825,0.08977003
524,3772,1.3607101,0.54603046,0.0024498254,0.0060459822
524,523,308.3761,0.5492784,0.6518343,1.2821398
524,528,72.23183,0.55342394,0.15461141,0.30168664
525,526,86.226105,0.52171123,0.18290746,0.354851
525,6648,23.249735,0.54736876,0.053171877,0.10230798
526,525,85.4955,0.5240222,0.1829099,0.35541087
526,4000,55.241913,0.48978162,0.1202614,0.23375279
526,2026,89.16557,0.47653064,0.18096864,0.35025638
527,2432,30.661388,0.41712695,0.06505205,0.12326506
527,2039,60.117096,0.39468303,0.12326905,0.23869716
527,3610,23.587194,0.4246501,0.051804036,0.0981138
528,3773,2.0436058,0.565049,0.002862528,0.006357819
528,3167,46.15738,0.5710214,0.0967479,0.1883621
529,3041,105.05528,0.5834356,0.19890112,0.3915707
529,530,46.56591,0.60435164,0.09545837,0.187712
529,3167,91.79288,0.583022,0.1911668,0.37486306
530,3988,2.9377594,0.60077906,0.006157592,0.0129276365
530,529,46.017563,0.60063297,0.095667884,0.18862857
531,4592,155.74872,0.5623151,0.3296692,0.6430887
531,3734,111.92052,0.5915889,0.2096918,0.4133618
532,4441,165.41902,0.5811475,0.31417218,0.6171637
532,2144,46.964245,0.5993692,0.09012535,0.17712797
532,2144,48.29387,0.59945613,0.09257464,0.1817781
533,3689,1.5920334,0.5510527,0.002684921,0.0063702613
533,2421,135.64566,0.5559493,0.2848776,0.5555567
533,1553,19.127012,0.5570051,0.044855203,0.08665163
534,1506,36.3171,0.5439335,0.07626472,0.14883557
534,535,74.32858,0.52761155,0.19534124,0.38077208
535,5272,17.66334,0.5169119,0.035519592,0.068763986
535,559,8.719181,0.50328946,0.020891808,0.04145795
536,5892,1.7881851,0.4038669,0.00330922,0.0067400336
536,2341,149.15244,0.45097995,0.30592486,0.590381
536,1323,67.76801,0.38211954,0.19820707,0.38213333
537,575,3.5421867,0.5712255,0.007065378,0.014882967
537,2344,61.35749,0.5576009,0.12823589,0.25189537
537,576,47.847298,0.57900834,0.099481665,0.19545835
537,1220,24.358513,0.567593,0.05267926,0.10053373
538,1514,1.8438606,0.57778955,0.0055842325,0.011928216
538,2370,99.42461,0.5775298,0.27034834,0.53136206
539,4661,0.8412628,0.515492,0.0035391673,0.0074997693
539,538,164.462,0.5371689,0.45186207,0.8829633
540,5955,12.818991,0.6157251,0.0258222,0.050600722
540,5960,0.58976746,0.30941427,0.0017557517,0.003903374
541,1612,0.0,0.06553954,0.0037023947,0.007682517
541,540,80.64757,0.6267331,0.20510134,0.403911
542,5555,1.883297,0.60512245,0.0032223314,0.0072954446
543,4950,5.311943,0.60448027,0.009813853,0.019867405
543,4951,3.0935287,0.6106479,0.005253151,0.011194408
544,545,23.117546,0.6046821,0.049720436,0.09572636
544,2602,1.9073868,0.6047309,0.0026760846,0.0059571415
544,1591,37.890896,0.6030915,0.07338668,0.14403124
545,2604,1.7758293,0.6022981,0.0022786707,0.005231574
545,1596,30.097713,0.6043076,0.06358526,0.12319469
545,1590,28.711617,0.6004962,0.057609648,0.11017837
546,905,23.441769,0.6097918,0.050522424,0.09706319
546,2605,2.275898,0.6056767,0.0032564178,0.0070696175
547,3445,2.1263046,0.61157304,0.0038541406,0.0085276365
547,3447,1.6498032,0.6098211,0.0022022575,0.005219668
547,1589,62.90593,0.61437035,0.118485525,0.23402011
548,4306,2.0778847,0.6129772,0.0030195564,0.0066714436
548,1378,82.731094,0.6182814,0.15430811,0.30566782
548,549,75.74972,0.6248021,0.15764564,0.308303
549,6770,0.0,0.04373133,0.005073875,0.009796172
549,916,2.337677,0.62390304,0.00452289,0.0092624575
550,3549,0.46009827,0.37575752,9.750575e-05,3.655255e-05
550,551,67.70814,0.6282668,0.13957539,0.27760705
551,910,68.93087,0.63264793,0.12776402,0.25497478
551,2251,39.08381,0.63166827,0.08034766,0.1582803
551,550,67.007195,0.6324058,0.13922264,0.27616557
552,4889,1.8967094,0.62454194,0.0035665482,0.008128822
552,2251,2.255146,0.62759876,0.0041166693,0.009175405
552,553,85.5199,0.63580346,0.174141,0.34525737
553,6771,3.9124527,0.6340972,0.007559061,0.015391409
553,552,86.35892,0.633906,0.17434181,0.34514976
553,1126,6.1832924,0.63267326,0.011647522,0.023439601
554,3064,8.906208,0.6407611,0.018249586,0.03645286
554,5558,23.433382,0.64456433,0.05022869,0.09653373
554,1110,32.041523,0.64572334,0.06775783,0.1304794
555,6497,2.0055351,0.64610314,0.003015317,0.0070506185
555,1433,210.83284,0.63932586,0.38847488,0.76516855
555,4339,68.72405,0.64953494,0.1391953,0.2765226
556,568,99.85095,0.6494013,0.18320054,0.36392742
556,558,11.388567,0.65132564,0.030009888,0.058426164
557,3680,1.6771545,0.65852886,0.0023175627,0.005671233
557,5282,1.7060509,0.6547972,0.0019054264,0.0045329332
557,3278,36.680042,0.66087085,0.11447886,0.22658344
558,1876,1.9221497,0.65073156,0.0027346835,0.0062277466
558,1881,35.02312,0.6503995,0.06881524,0.13247712
558,3183,84.540085,0.652878,0.27717197,0.550156
559,7077,1.3433113,0.5142977,0.0042746663,0.0088596195
560,3572,36.13896,0.51206,0.092149846,0.17937738
561,3692,25.023357,0.5175501,0.049197245,0.094172336
561,7075,9.80471,0.51322335,0.023602463,0.046532184
562,5551,1.656929,0.59389305,0.002641566,0.0055259764
562,2603,105.011185,0.610103,0.19549593,0.3849588
562,1571,25.576649,0.6140015,0.053538997,0.10300279
563,5971,1.984211,0.6196524,0.0029194802,0.0065796524
563,5970,29.927307,0.6215886,0.05966999,0.11498712
564,5569,2.7834663,0.63531077,0.0012589842,0.0037501603
565,1443,22.280247,0.63769317,0.041619472,0.080242895
565,4241,10.225521,0.63625795,0.020286031,0.04001552
565,896,64.839645,0.63672143,0.09129851,0.17960475
566,6181,2.06221,0.6438049,0.0031024143,0.0069354624
566,569,75.78043,0.6493437,0.1401407,0.27911
566,5281,59.84986,0.6481994,0.11031179,0.21885328
567,6181,62.454292,0.6491492,0.11463243,0.22734544
567,5281,2.045288,0.64467657,0.00411655,0.009222224
567,4693,80.68491,0.6480955,0.16335976,0.32476383
568,6181,16.815907,0.6453576,0.033767555,0.06536066
568,556,98.31996,0.6498722,0.18234707,0.3615452
568,1109,57.472248,0.6466938,0.10666537,0.21198162
569,620,2.8356705,0.64848846,0.005489871,0.011668444
569,5281,54.01327,0.6509805,0.10950657,0.21815264
570,4370,2.1195793,0.655564,0.0043426454,0.009494558
570,4343,2.093216,0.6513819,0.004320815,0.009415463
571,639,48.573242,0.65897036,0.15445295,0.30899996
571,640,31.076385,0.6589893,0.090341076,0.17987692
572,3685,1.858139,0.5509597,0.00259649,0.005841762
572,2413,68.08632,0.55017626,0.1769739,0.34459504
573,2428,37.0652,0.5463701,0.072023734,0.14069861
573,2425,136.60023,0.5414499,0.2645343,0.5169466
573,2019,37.810543,0.5434089,0.073727846,0.1444419
574,2019,64.80879,0.54299515,0.12589793,0.24684289
574,3687,73.074776,0.5470593,0.14283675,0.2800554
574,3975,163.04916,0.51833737,0.32203588,0.62571263
574,2391,32.13735,0.5427814,0.06374071,0.12377596
575,537,3.526802,0.5701978,0.0071967468,0.015068695
575,580,61.844307,0.5585237,0.130216,0.25559348
575,581,47.26765,0.57990617,0.09819115,0.19334863
575,6791,61.332314,0.5781241,0.11756273,0.23175207
576,581,5.142685,0.58336025,0.009495884,0.019496009
576,537,47.88291,0.57801,0.09894714,0.19458836
576,6157,30.588737,0.5876562,0.06491932,0.12556891
576,1219,29.694054,0.57875645,0.05655219,0.10767868
577,4138,0.764904,0.3964215,0.0013179705,0.0021573454
577,582,2.148594,0.59428847,0.0060457513,0.0129086375
578,2238,2.9526443,0.53931665,0.0050815493,0.010754138
578,2238,110.21181,0.53375703,0.23430434,0.45534092
578,579,26.113848,0.5438915,0.057055667,0.109148376
579,1511,3.8181343,0.5431317,0.0066336244,0.013676167
579,580,45.889023,0.5511058,0.09505093,0.18739627
579,578,26.123533,0.542048,0.056912113,0.108841136
579,6915,138.6821,0.5471313,0.26699388,0.5220767
580,2344,3.2980843,0.5519225,0.0057694614,0.012146696
580,575,61.79207,0.563266,0.13052547,0.2565293
580,579,45.782917,0.5534156,0.09603129,0.18874305
580,1254,60.765244,0.56354564,0.11719841,0.23019105
581,576,4.712654,0.58462834,0.008570626,0.017681658
581,1840,40.62112,0.5853381,0.077687375,0.1531963
581,6156,30.54254,0.58893985,0.06457104,0.12524605
581,575,46.845478,0.57910883,0.097550936,0.19234236
582,4155,1.1873283,0.5822519,0.0020203516,0.004540682
582,7092,22.420593,0.60420704,0.053941756,0.1051659
583,1511,31.621456,0.55100375,0.06807707,0.13292043
583,2344,13.139242,0.5524434,0.028435849,0.055615492
583,6657,87.09955,0.5512616,0.16761549,0.32862407
584,1462,46.09374,0.6590732,0.08718628,0.17187913
584,4717,202.67407,0.65904266,0.3733551,0.73546576
584,3226,170.45741,0.65707487,0.31421843,0.62009937
585,1464,332.5279,0.65172136,0.61040986,1.2019893
585,1462,270.5576,0.6552904,0.49853837,0.98140347
585,586,117.29455,0.66019267,0.21558538,0.42680877
586,6726,1.7310944,0.6567648,0.0025655255,0.0059883893
586,724,8.812325,0.657333,0.018189006,0.03656639
586,585,116.75813,0.65720654,0.21352029,0.42318046
587,2958,2.24234,0.65700006,0.0034151077,0.0075161606
587,2959,26.568316,0.65861076,0.06241153,0.1211887
588,1807,1.9975967,0.6581063,0.0030455515,0.0068286657
588,638,113.36422,0.6616072,0.20618865,0.40913886
588,4338,50.672684,0.65867084,0.12892991,0.25698176
589,2410,3.7570686,0.6561945,0.0099642575,0.020666927
589,1808,3.7207565,0.65659875,0.0053695887,0.011405051
590,6800,54.751823,0.6571054,0.1020435,0.20282376
590,1803,25.460691,0.65573335,0.08904507,0.18031262
591,6800,2.5223503,0.6578502,0.0043256953,0.009129778
591,607,51.73488,0.6623165,0.10562566,0.2093725
592,1812,3.5782776,0.6585306,0.006223209,0.01281023
592,604,40.303185,0.6580113,0.07677398,0.15183957
592,1806,22.485542,0.6593562,0.04574585,0.0893612
593,599,37.778915,0.6587746,0.07574634,0.14935954
593,595,44.02305,0.65882236,0.08300124,0.16322309
593,1812,22.638754,0.6592224,0.04605574,0.08909464
594,3216,3.4102898,0.6624478,0.0028083175,0.007500589
594,598,2.5348434,0.6590723,0.004741922,0.01043871
594,1805,24.67642,0.65849566,0.11240682,0.22599512
595,5407,0.5615196,0.6586943,0.008514747,0.016418532
595,593,44.774082,0.6591091,0.083704926,0.16515034
595,598,26.284643,0.66089416,0.055647057,0.10702055
596,5408,1.794899,0.6574793,0.0030495077,0.007083848
596,5615,14.549545,0.65933573,0.029667795,0.05792798
597,3545,74.99382,0.65950406,0.13612102,0.2726501
597,1813,3.005169,0.6478287,0.004946269,0.010337591
597,598,76.50538,0.6589697,0.13907558,0.2783285
598,594,2.8134422,0.6573734,0.005370617,0.011398271
598,597,76.361176,0.6572262,0.13875592,0.27726018
598,595,26.07368,0.66299725,0.05534793,0.106106125
599,606,62.954674,0.6599212,0.122718334,0.24580649
599,593,37.95147,0.6597677,0.076014705,0.15006836
599,600,38.223667,0.65916526,0.07337095,0.14443485
600,604,10.398935,0.6574495,0.020352744,0.040265173
600,602,67.43715,0.65879154,0.1207466,0.24239668
600,1812,41.717457,0.6594363,0.07676808,0.148176
600,599,38.068718,0.65852225,0.07311065,0.14384995
601,1811,2.0196152,0.65292984,0.003295131,0.00675492
601,5613,34.48437,0.6614257,0.071696505,0.14001247
601,604,35.219204,0.6590276,0.068467006,0.1336649
602,600,67.79468,0.6597153,0.12065005,0.24229798
602,606,57.334297,0.6616376,0.1147356,0.22967745
602,603,14.337917,0.66093355,0.029631905,0.057743043
603,602,14.279879,0.65927184,0.02943569,0.057491846
603,605,60.394352,0.6580107,0.119194664,0.2373612
603,604,67.10705,0.6558465,0.12321477,0.24621387
604,600,9.995754,0.6570638,0.01954306,0.038624838
604,592,40.4453,0.6582505,0.07676394,0.15174171
604,601,35.196995,0.65845037,0.06887716,0.13357528
604,603,66.9368,0.65890867,0.12320751,0.24679944
605,5747,4.116703,0.6574412,0.0041110218,0.00971657
605,589,6.4710197,0.65395975,0.0155579075,0.031158432
605,603,60.448013,0.65833175,0.12028667,0.23995334
606,5408,118.5067,0.65844387,0.23867261,0.47223854
606,599,62.85978,0.65743667,0.123285614,0.24625513
606,602,57.694035,0.65824723,0.11544882,0.2303185
607,1804,4.3197556,0.65889114,0.0037795678,0.008482888
607,590,28.83812,0.6567666,0.10632296,0.21414316
608,3574,28.945295,0.66108626,0.057813417,0.11122926
608,1815,178.61725,0.65851647,0.3253914,0.64288944
608,1816,68.6981,0.6584159,0.12792468,0.25511295
609,730,4.82259,0.65205246,0.009026848,0.018465698
609,5801,2.154667,0.6611125,0.003974609,0.00805065
609,3280,29.086945,0.6642877,0.049355675,0.09546215
609,5618,53.655563,0.007511556,0.30033717,0.6425063
610,611,56.82481,0.66544056,0.113583595,0.22706196
610,5801,29.469261,0.6664599,0.06307267,0.121449396
610,3266,41.09249,0.662965,0.078001864,0.15355828
611,5239,107.805435,0.66487044,0.2173149,0.43008602
611,610,56.67917,0.6632767,0.1140409,0.2277444
611,2930,63.130417,0.6590879,0.11722542,0.23426005
612,3035,130.82242,0.6605,0.18558761,0.37056497
612,3894,35.15688,0.65984756,0.06017466,0.11515558
612,6786,9.571678,0.66031796,0.018653601,0.03703749
613,614,106.56997,0.6548732,0.21512121,0.42382115
613,1436,74.0946,0.6513079,0.1475659,0.29214424
613,2132,136.77173,0.64799184,0.25211126,0.49861938
613,3035,69.19704,0.65268815,0.09762765,0.193398
614,3042,147.24008,0.6519402,0.27151307,0.53744394
614,613,107.1408,0.653198,0.21463928,0.42322934
614,3032,74.03333,0.6572267,0.14580403,0.29053548
615,5786,2.21352,0.65521824,0.0043426305,0.009241596
615,4061,11.252293,0.6530416,0.023185045,0.04572399
615,5788,1.1632652,0.6503149,0.004852541,0.010471657
616,5787,85.01495,0.65012443,0.25101057,0.49975508
616,617,8.773857,0.6557278,0.018418297,0.036620557
617,3394,13.846703,0.6473927,0.029496782,0.057333834
617,616,8.834259,0.651509,0.017976418,0.035749033
618,5263,2.0384254,0.64793324,0.0033468604,0.0071982443
618,619,90.816895,0.6500224,0.1885361,0.37196004
619,1444,32.554955,0.65322953,0.06864658,0.13261065
619,5263,90.14601,0.64739513,0.18650961,0.36770546
620,569,2.7106094,0.6444862,0.0051961914,0.011163011
620,621,121.62869,0.64951974,0.22345883,0.4426303
620,6855,71.16461,0.652615,0.14289784,0.28465894
621,620,122.400154,0.64979076,0.22315744,0.44142336
621,3042,53.326214,0.6514095,0.100566134,0.19947436
621,3042,44.35789,0.65200037,0.0842936,0.16671073
622,936,28.858955,0.6517667,0.06160093,0.11837461
622,6684,3.0920372,0.6476613,0.00598263,0.01261425
623,1887,21.304195,0.63045776,0.04927313,0.09527824
624,3456,8.371498,0.62497157,0.019329265,0.038564563
624,6477,17.481226,0.6300072,0.038526013,0.07525683
625,7091,1.5608063,0.6074778,0.0045487955,0.009942055
625,630,3.1202698,0.60780007,0.005779229,0.012072027
626,5016,1.8073463,0.57537407,0.001928851,0.0047000647
626,4725,80.40735,0.55023545,0.20697205,0.4030335
627,199,2.3922195,0.44209456,0.0047489703,0.009659097
627,1669,2.260666,0.44322127,0.0046921372,0.009557903
627,2726,27.012245,0.4611902,0.06621025,0.124749646
628,5193,6.0188293,0.5160118,0.011985965,0.024083868
628,6287,56.72087,0.52006066,0.10757288,0.21044064
629,4724,1.5234947,0.53592247,0.0016709194,0.0043222755
629,1912,134.50412,0.55525106,0.34335983,0.67097884
630,4154,1.8331909,0.604559,0.0031913966,0.00709036
630,625,2.985363,0.60835487,0.0054613426,0.011462361
630,4682,28.858437,0.61357915,0.06950228,0.13734287
631,197,2.0686798,0.5205882,0.0031038076,0.0065141916
631,2279,99.31314,0.51206666,0.1966504,0.382554
631,632,16.750814,0.5178697,0.03970048,0.0763022
632,198,2.018631,0.5108415,0.0038288832,0.008059055
632,6627,30.830824,0.49560115,0.07971841,0.15480459
633,634,237.20857,0.68054813,0.4675391,0.9208871
633,1242,216.37805,0.6795176,0.39232826,0.7754305
633,1965,364.7503,0.66985166,0.6557065,1.2982558
633,853,31.099876,0.682716,0.06508914,0.1257583
634,1242,128.2764,0.6771752,0.23387873,0.463669
634,1186,14.142035,0.67826456,0.029165808,0.056969956
634,633,237.97337,0.6815939,0.46670708,0.9192618
635,5116,1.7393112,0.6758465,0.0033743307,0.007122159
635,2870,26.495121,0.6777787,0.055220123,0.10645137
636,5118,1.9059448,0.66963756,0.0026783198,0.006020233
636,5119,1.9137535,0.66447806,0.002582118,0.0058849007
636,5117,88.109436,0.67489046,0.17745902,0.35247117
637,779,100.57259,0.669026,0.18374261,0.36509174
637,5224,2.9130325,0.6679548,0.005345382,0.011416778
637,5117,39.875713,0.67009467,0.07982567,0.1559515
638,3656,2.7600632,0.65617216,0.004518412,0.009706587
638,588,111.80093,0.6605477,0.2060014,0.4087434
638,1810,121.3048,0.6573905,0.22284096,0.4413861
639,1809,0.92414474,0.65455085,0.004958838,0.010547906
639,571,49.727493,0.6523247,0.15241739,0.3037634
639,588,49.570236,0.6618121,0.12791279,0.2553281
640,571,31.198078,0.6544839,0.09068154,0.17991498
640,3038,50.615997,0.656528,0.15157449,0.29952425
640,3656,63.05039,0.65589917,0.117294066,0.23397517
641,2410,88.99936,0.6591103,0.16344085,0.3256357
642,643,8.293682,0.65731347,0.016534254,0.032847777
642,1803,78.28378,0.6539968,0.14440045,0.28842932
642,1430,55.548626,0.6555926,0.1111329,0.22170901
643,642,8.275631,0.65855366,0.01650618,0.032871723
643,4910,50.879204,0.6529796,0.09559352,0.18889904
643,1810,51.187725,0.65763783,0.10262578,0.20410915
644,2949,1.8667259,0.65069157,0.0033505782,0.007456273
645,3862,2.3351097,0.7140126,0.0040398985,0.008656368
645,5087,68.929016,0.7220532,0.13606754,0.27097666
646,831,49.97684,0.6881626,0.09312952,0.18468079
646,5520,42.12347,0.6898632,0.09727898,0.19032061
647,3855,1.4206848,0.67300093,0.001934655,0.00427036
647,6569,61.15564,0.7124956,0.12176696,0.24144946
647,1408,121.81762,0.70694005,0.22047964,0.43715125
648,4432,35.753654,0.65831614,0.069913164,0.13504326
648,654,27.376469,0.66255164,0.055208374,0.105750605
648,152,27.714901,0.6621246,0.058621168,0.11168185
648,3756,5.7344894,0.6633328,0.01136858,0.022711366
649,4392,2.0960693,0.671153,0.0031643286,0.007003501
649,150,29.898794,0.67314667,0.063605115,0.12236345
649,4961,30.00196,0.6736011,0.05980146,0.1138863
650,3751,4.7672005,0.6861475,0.010874689,0.022201195
650,651,48.827484,0.68046737,0.091243766,0.18111528
651,149,33.48018,0.6766907,0.06613928,0.1269202
651,3759,6.7125587,0.67953694,0.012986705,0.025825486
651,650,48.633347,0.6799839,0.09047141,0.17984454
651,4961,33.43772,0.67619854,0.06574145,0.12592497
652,149,62.05014,0.6749428,0.114643365,0.22924477
652,3678,34.399616,0.6796675,0.08249438,0.16193727
653,6109,1.6863174,0.66103446,0.0040968433,0.008825347
653,6108,6.4646034,0.6656035,0.012144595,0.024304211
654,151,29.572945,0.6619336,0.059837725,0.11408286
654,3757,6.356552,0.66296893,0.01217778,0.02426523
654,4392,67.878006,0.66865975,0.12445286,0.250339
654,648,27.4637,0.6608746,0.05556141,0.10576484
655,1950,2.5734406,0.7205823,0.0046142787,0.009108216
655,5575,29.178509,0.67949843,0.069655776,0.13390943
656,6567,17.15478,0.74958974,0.032799922,0.06400387
657,2585,2.8718872,0.7486517,0.0047051385,0.009808719
657,5776,7.098198,0.45118842,0.011264771,0.016412497
658,295,0.13032532,0.44055232,0.0028958023,0.0
658,3927,48.384064,0.44868594,0.17117152,0.2641112
659,4383,2.511032,0.753878,0.002648823,0.005326152
659,660,7.6837463,0.4479551,0.024225034,0.03610502
660,2219,2.3347435,0.7507491,0.003694661,0.007949173
660,3947,30.937824,0.44768983,0.10428574,0.16489916
661,3631,218.57726,0.7166045,0.39611742,0.77734303
661,1332,45.347507,0.7062359,0.084744126,0.16563594
661,663,46.565414,0.70951796,0.086617015,0.16995777
662,1331,120.07236,0.70929575,0.21802184,0.43397576
662,663,64.79747,0.71101075,0.11702096,0.23379603
662,3493,50.475258,0.71252686,0.09319908,0.1828959
663,662,65.42781,0.70987034,0.117350854,0.23432913
663,661,46.714203,0.70946205,0.086834304,0.16999492
663,1331,57.928825,0.70609486,0.105308026,0.20983154
664,1335,34.428482,0.6993313,0.066908725,0.1279508
664,1331,61.530556,0.7002456,0.111789726,0.22294132
664,1333,55.751076,0.69646597,0.1020267,0.2032056
664,4984,89.01286,0.695001,0.16128597,0.32302082
665,1188,2.7974854,0.74023783,0.0045426562,0.009777486
665,2470,13.198536,0.7473571,0.02776549,0.05395198
665,4371,134.0242,0.7476883,0.23694983,0.4719178
666,667,89.42876,0.74257714,0.15808123,0.3167159
666,3924,28.115389,0.742674,0.06292096,0.12440476
667,666,89.208984,0.74642104,0.1569457,0.31348836
667,668,66.04252,0.7434537,0.11657589,0.23239985
667,2209,44.41012,0.7388008,0.08125532,0.15550356
668,290,74.2033,0.7412127,0.13337506,0.26594347
668,667,66.665085,0.7413636,0.119021714,0.23664054
669,4630,1.1771088,0.07156888,0.0057033226,0.012139767
670,2804,1.9148827,0.71118176,0.0027320385,0.005784765
670,671,36.90063,0.7126883,0.07003784,0.13318318
670,4253,18.872746,0.7116494,0.047874745,0.0937685
671,3854,36.46844,0.7115546,0.069233365,0.13214076
671,670,37.00502,0.7123185,0.07041876,0.13402227
671,672,75.81885,0.70697314,0.13631196,0.27253377
672,671,75.847626,0.70666116,0.13571264,0.27137694
672,3856,37.99262,0.70299894,0.07215698,0.1393007
672,4630,38.536842,0.70478433,0.07039,0.13592197
672,3863,35.440678,0.7030482,0.06791208,0.12957565
673,3653,2.1350632,0.7139049,0.0034298971,0.007135868
673,154,16.105795,0.7143917,0.03193378,0.0620531
674,2208,191.55421,0.7302569,0.33542156,0.66411823
674,5360,26.787996,0.7290777,0.070881106,0.13944429
675,676,1.7246742,0.66223955,0.0038708076,0.008961946
676,675,1.7320747,0.66385794,0.003956206,0.009139359
677,2191,83.78117,0.65153927,0.16853088,0.3347275
677,2121,188.74748,0.6136378,0.38047248,0.746628
677,2383,181.35081,0.6245322,0.36937222,0.72481817
678,4688,2.201004,0.67228043,0.0033714771,0.0073956847
678,748,50.766495,0.6731545,0.09382503,0.18625015
678,4687,54.34083,0.6725755,0.11031741,0.21987355
679,950,10.541698,0.6614751,0.02392093,0.04728052
680,685,38.93157,0.6902739,0.07873035,0.15613642
681,3602,44.33038,0.6847068,0.08387026,0.16370825
681,685,83.561874,0.68325794,0.15326968,0.3065859
682,5008,50.52232,0.71438247,0.09862512,0.18778673
682,219,76.647766,0.706771,0.15404938,0.3072526
683,684,29.460644,0.7202515,0.055309385,0.107906744
684,683,29.45776,0.7206018,0.0555565,0.108068734
684,1112,60.674587,0.71534514,0.10900561,0.21706349
684,483,39.655502,0.71763295,0.07476307,0.14325552
685,681,84.000656,0.68181354,0.15360495,0.30717474
685,6363,21.264423,0.68414193,0.044823837,0.0861068
686,1906,241.47734,0.41414136,0.50814945,0.9782975
686,687,21.513155,0.37159485,0.04758691,0.09026144
686,1904,173.43942,0.36016726,0.3784738,0.72493005
687,4157,124.21568,0.34508848,0.2703808,0.5209663
687,686,21.034523,0.3743621,0.04644427,0.088105075
688,4249,1.6987877,0.3378356,0.004083179,0.007708177
688,1975,73.273865,0.3245601,0.16103202,0.31514072
688,4268,31.300972,0.34324914,0.0747791,0.14051576
689,6929,21.279343,0.38653994,0.049430944,0.09360493
689,5949,63.514236,0.37181443,0.14461595,0.28000364
690,3529,217.73558,0.52685,0.4272436,0.8308199
690,6052,120.91962,0.5071184,0.2385363,0.46289742
690,1781,60.260124,0.53982776,0.116919324,0.22904152
691,211,25.226181,0.68399954,0.05291941,0.102121525
691,6313,19.900055,0.68175036,0.044841226,0.08723203
692,1007,155.6835,0.661795,0.13327871,0.2658673
692,2900,59.32517,0.66926074,0.11144957,0.22144073
693,1015,60.54702,0.6699125,0.112152256,0.22488108
693,692,47.38894,0.6739194,0.053351473,0.10130086
694,4692,1.9088097,0.6700459,0.005807981,0.012811169
694,175,2.3084412,0.66165656,0.005840093,0.012421459
695,1555,130.24515,0.41581365,0.27385014,0.5272718
695,5254,51.891476,0.46859908,0.10419549,0.20337397
695,251,48.222748,0.4645255,0.098039724,0.19104812
696,5618,2.24889,0.6535763,0.003182605,0.0063907057
696,4826,108.68023,0.6644273,0.15222573,0.30311555
697,3397,107.6111,0.6748118,0.19787179,0.39270252
697,2395,31.999844,0.6731225,0.06400359,0.1220727
698,1783,1.9481125,0.52186435,0.002376832,0.0050605983
698,1784,23.863811,0.51864284,0.0510419,0.098045245
699,4229,39.345993,0.52212983,0.129163,0.2532364
699,1885,117.23942,0.51345134,0.23045659,0.44851887
700,1896,1.3025284,0.5193741,0.0012832582,0.0030563325
700,698,27.032059,0.5198196,0.0493192,0.095077954
701,6282,2.0511513,0.7016952,0.004864484,0.00948517
701,483,53.080997,0.7151019,0.09697357,0.19250226
702,3286,173.05672,0.5281827,0.3371713,0.6565153
702,4247,52.486298,0.5511512,0.11225545,0.21707122
703,1829,0.8729515,0.5301838,0.0033869743,0.007887304
703,6505,111.83326,0.54930794,0.2433126,0.47309434
703,1968,31.995968,0.5483752,0.10448541,0.20599374
704,2275,106.955055,0.7020697,0.1931301,0.3846098
704,249,105.530014,0.6985415,0.25271112,0.5014012
705,4236,28.445953,0.6966391,0.05907222,0.113860086
705,2276,118.37931,0.7012804,0.23560822,0.46663994
705,2275,53.76802,0.696653,0.09823312,0.19502333
706,3461,2.0734673,0.6699975,0.002219826,0.0054879934
706,742,235.73604,0.6585806,0.5760167,1.1369392
707,3868,2.187523,0.6743877,0.0053975806,0.011811405
707,6271,12.124659,0.6703418,0.02425836,0.047524974
708,3878,2.5992546,0.6657222,0.0044789985,0.0098474175
708,5742,39.957382,0.67033184,0.076325275,0.14811505
709,6661,28.35522,0.6891665,0.060423516,0.116359934
710,711,68.16303,0.6678135,0.12144969,0.24130851
710,787,47.93522,0.66853803,0.09088957,0.18008268
711,783,59.32675,0.6699789,0.11038962,0.22038177
711,2890,48.94681,0.67361087,0.091028355,0.17904735
712,829,53.01157,0.6749873,0.07645334,0.14708018
712,2889,7.8570366,0.6776877,0.017588377,0.03479071
713,5019,10.391796,0.3943153,0.025198601,0.04823026
713,2927,95.93715,0.41399103,0.1958856,0.37676737
714,1904,1.7343445,0.37576824,0.0027969405,0.005640596
714,255,28.388544,0.36324233,0.07223551,0.13973548
715,273,107.11867,0.51433975,0.21118344,0.41029814
715,2114,124.86927,0.5531519,0.23822689,0.46537364
715,275,135.05809,0.52403945,0.26436535,0.5148145
716,717,64.16377,0.5284225,0.12497344,0.24448343
716,1835,30.191803,0.5138318,0.06345326,0.119661294
717,1843,107.65361,0.5448802,0.20786822,0.40517855
717,716,63.389503,0.5283487,0.123987705,0.24268878
717,5653,30.157543,0.5348089,0.06114749,0.117565155
718,4771,1.9221992,0.5754395,0.0018852726,0.0044113845
718,3882,43.651436,0.5787216,0.08349669,0.1611137
719,4769,29.321247,0.57883185,0.05858047,0.113002755
719,720,125.60433,0.57340395,0.24173737,0.472171
720,722,160.28387,0.59071904,0.3012859,0.59175086
720,1909,46.50001,0.5850298,0.08578151,0.16478583
720,719,125.43585,0.5721559,0.24189353,0.4717893
721,5978,43.80745,0.5891723,0.10555925,0.20319213
721,1909,70.17459,0.5786362,0.13366032,0.26294518
722,5804,1.8626175,0.60745484,0.0025145859,0.0057976097
722,723,96.66134,0.6115435,0.18254058,0.359229
722,720,159.55615,0.59151936,0.30231375,0.593812
723,722,97.07364,0.6059126,0.18165755,0.35827333
723,6474,110.12024,0.61465025,0.27255416,0.5359676
724,6753,2.613926,0.66298735,0.0018139184,0.0046357214
724,725,110.439865,0.6608094,0.2242567,0.44255555
725,3212,2.6449814,0.6602888,0.0018861815,0.0047463626
725,4013,94.87132,0.66236407,0.1945136,0.38463974
726,5336,2.1050987,0.6619984,0.0040188953,0.008794412
726,4786,1.9595871,0.6616351,0.0037393644,0.008244738
727,3245,2.7897835,0.673949,0.0046002716,0.009635016
727,728,107.17986,0.67867005,0.19423625,0.3867743
727,442,38.113342,0.6721238,0.07951136,0.15728627
728,4687,2.1470718,0.6726956,0.0030466542,0.00675191
728,727,107.90806,0.6755011,0.19457613,0.38724908
728,4688,54.38465,0.67557746,0.11009626,0.2188788
729,644,6.6562614,0.65897536,0.013408609,0.026861563
729,3948,341.26593,0.6493008,0.66936064,1.3231035
730,609,4.3932915,0.6618472,0.0083878115,0.017069638
730,5802,2.719139,0.654626,0.0048930123,0.010129303
730,4785,0.0,0.045861095,0.01114738,0.022199526
731,4135,46.130547,0.0,0.25680465,0.5511686
731,3136,8.164074,0.0524213,0.031152781,0.06167545
732,330,18.255386,0.6731519,0.0454841,0.08896393
733,2597,2.2821274,0.6802573,0.0035435632,0.007599354
733,455,18.535263,0.68382597,0.037449963,0.07204316
734,5065,6.3195686,0.6750008,0.015888706,0.032224536
734,3410,78.90791,0.6715015,0.14673388,0.29383436
735,3520,2.9103851,0.6724459,0.007114455,0.014313012
735,805,39.58716,0.67337745,0.065375686,0.1225072
736,5608,119.90322,0.6946881,0.17790745,0.35425615
737,1989,22.846256,0.6953493,0.041513044,0.08237184
737,5856,21.537258,0.6905793,0.037117016,0.07155833
738,5055,8.1737175,0.6891496,0.017358728,0.03436716
739,3781,1.9032211,0.6629778,0.0026473254,0.006086394
739,88,31.807045,0.6625125,0.068762295,0.13392662
740,810,81.37126,0.66959506,0.14853746,0.29638454
740,807,76.793,0.66916835,0.13893358,0.27694178
741,809,7.8462753,0.6731188,0.015027516,0.029762506
741,808,66.99409,0.67335206,0.122489385,0.24529308
741,805,45.892597,0.6699126,0.08689937,0.17090435
741,810,35.302727,0.67112875,0.06907338,0.13387434
742,871,3.6189613,0.6644343,0.0061642975,0.013164654
742,743,1.9631081,0.6597411,0.0051819757,0.010795549
743,6241,1.7586899,0.66077954,0.0022507608,0.0047868937
743,3668,42.781857,0.66978335,0.102277264,0.20293811
744,2839,15.228897,0.6720204,0.036568407,0.07150489
745,2437,8.734386,0.67475075,0.021205336,0.042238444
745,3450,3.0034294,0.6702672,0.0050032064,0.010495439
746,1561,2.1990395,0.66296965,0.004756674,0.009504169
746,3892,2.5343857,0.6723037,0.0038646385,0.008388445
746,774,52.99224,0.66639876,0.098650575,0.19591708
747,2889,52.71852,0.6778203,0.078006774,0.15029225
747,2837,16.121292,0.6723697,0.0299845,0.05847328
748,812,62.96433,0.67102236,0.116125226,0.23241207
748,678,51.234406,0.6738925,0.095306315,0.18921995
748,1195,63.797707,0.6715048,0.11680314,0.23400752
749,4131,1.4523888,0.6729429,0.0037678778,0.008687645
750,3137,13.7564335,0.66840166,0.036649972,0.07193492
750,782,0.95983505,0.66940767,0.0030333623,0.0065938383
751,5621,17.058924,0.012039661,0.101096325,0.21583773
751,5620,57.069176,0.6555696,0.10557118,0.20643461
752,6066,2.1279526,0.68006724,0.004000634,0.008962512
753,1375,14.970909,0.66821915,0.031054184,0.060237713
753,3144,18.077574,0.66627586,0.038057927,0.073737726
754,3637,1.7320328,0.7233281,0.002384089,0.0050335377
754,3638,17.191412,0.723049,0.033475563,0.06478362
755,4775,2.0100746,0.68512744,0.002832517,0.0065912902
755,191,81.552765,0.68697345,0.14780396,0.29582426
755,6154,70.73393,0.6851784,0.1274374,0.25396675
756,6369,49.209785,0.6920989,0.09052014,0.17961645
756,761,33.546272,0.6896268,0.065887466,0.1264202
756,755,29.085445,0.6922357,0.056999218,0.109451726
757,2059,2.615059,0.69000673,0.0016901791,0.00442788
757,2750,34.471718,0.6926405,0.071599975,0.14086689
758,437,22.730711,0.68897545,0.047242388,0.09051335
758,438,35.855736,0.6890502,0.075038746,0.14610183
759,6369,1.6392746,0.68996114,0.0023380443,0.005324036
759,6373,20.237534,0.6927509,0.04266795,0.082919896
760,4987,2.8508644,0.68939424,0.0051082075,0.011178225
760,1117,16.395658,0.68867683,0.03277079,0.06316614
761,3613,39.519897,0.68834245,0.074738115,0.14488646
761,756,33.156517,0.6891866,0.064926445,0.12447102
761,5322,24.255089,0.68759453,0.050489627,0.09728395
762,1191,25.520794,0.6830931,0.058790717,0.11510724
762,1290,19.165125,0.6827252,0.042141628,0.08143773
763,3012,2.1495323,0.6769891,0.00327193,0.007264197
763,3848,56.758728,0.67832005,0.10467224,0.20905097
763,1600,12.49073,0.6787575,0.02772478,0.05435659
764,4037,3.3721123,0.6541507,0.0058655664,0.010649681
764,798,117.47351,0.6694604,0.214591,0.42446083
764,4515,23.59685,0.123826295,0.05684456,0.114294685
765,1167,82.33062,0.6664317,0.16641739,0.33107764
765,1169,72.985664,0.6687295,0.1468147,0.2930659
765,1190,198.38911,0.6715572,0.35961187,0.71100605
766,1969,4.9073677,0.6325423,0.015390307,0.030529141
766,3150,3.325924,0.63424355,0.005665496,0.011814788
767,4674,0.9542198,0.39535913,0.0041621104,0.008348644
767,1155,60.016647,0.43677628,0.20488125,0.39597166
768,5688,27.92895,0.54642546,0.04780528,0.091010906
768,5687,13.449955,0.54821455,0.03482701,0.068112604
769,1153,1.6699715,0.40871406,0.0052816793,0.010422736
769,5536,40.959854,0.12369555,0.17174515,0.35599756
770,5581,16.824427,0.38002253,0.040525798,0.07747376
771,4674,43.534702,0.3938055,0.092351384,0.17436212
772,2968,1.6961784,0.36483735,0.0029219165,0.005832106
772,3636,32.074642,0.38716888,0.08370653,0.15932989
773,948,63.50116,0.6755614,0.20650424,0.41139013
773,1771,22.181503,0.6741388,0.06101668,0.11812648
774,1145,288.9314,0.6588093,0.52891636,1.0413193
774,5445,99.780205,0.66987073,0.18261977,0.36391568
774,746,53.412613,0.6693319,0.09932926,0.19743168
775,6008,180.78766,0.6421064,0.57329786,1.1302593
775,1157,10.012699,0.6613058,0.027125664,0.053305224
776,3880,1.6920815,0.6164304,0.003100343,0.0070376247
776,2246,77.934105,0.6140914,0.25318855,0.49875605
777,381,19.085876,0.69531393,0.038005866,0.07401188
778,1947,27.745682,0.66354567,0.05569488,0.107130215
778,1946,78.32033,0.6639397,0.14609069,0.28763372
778,3282,29.479443,0.66429234,0.058876045,0.1129672
779,637,102.73495,0.67214006,0.18575984,0.37019217
779,4131,23.362967,0.6727004,0.046538733,0.089075156
780,801,4.267277,0.6609487,0.008698411,0.017673656
780,781,28.690033,0.6734263,0.05939392,0.11278095
781,2120,79.288666,0.67145467,0.1587362,0.31655955
781,5061,30.10534,0.6746502,0.058248784,0.11288587
782,750,1.2296829,0.66090393,0.0034460798,0.0076410472
782,4300,21.456108,0.6696111,0.04341481,0.08369572
783,711,59.238525,0.6678858,0.108175054,0.21549648
783,787,36.50705,0.6711307,0.07100352,0.13867493
783,6333,104.454025,0.67294925,0.1899097,0.37752897
784,2953,1.7444916,0.66716164,0.0025455654,0.005456075
784,430,140.5216,0.67340547,0.34361804,0.68110967
785,3521,65.48634,0.66782117,0.1194163,0.23704398
785,4270,31.958504,0.66905177,0.06666593,0.12842222
785,840,53.92375,0.66883725,0.10761755,0.21468751
786,6095,46.15642,0.681028,0.08591291,0.16618647
786,1282,27.452038,0.6869085,0.055788167,0.10982695
787,3410,70.84747,0.6659444,0.12949213,0.25908542
787,710,47.621956,0.6673042,0.0894318,0.17682315
787,783,36.493973,0.67049205,0.071202084,0.13892105
788,445,41.561974,0.7133827,0.07176,0.13909084
788,443,22.269848,0.7135501,0.04946952,0.09594686
789,6281,43.885635,0.71554065,0.07322976,0.1430526
789,790,3.1431007,0.7128636,0.005616881,0.010893717
790,789,3.5226479,0.7161241,0.0064468235,0.012905613
790,7045,52.13231,0.7125074,0.09449988,0.188163
791,7045,2.0593681,0.7100861,0.003184691,0.006958291
791,5530,56.077045,0.71193427,0.10025995,0.20052275
791,5529,3.4023247,0.7103307,0.0056049377,0.011661127
792,1067,7.385372,0.66867495,0.01657962,0.0329652
792,1009,7.565838,0.6668174,0.0142841935,0.028296694
793,1665,2.1634026,0.65762,0.0032751113,0.0069972724
793,1011,41.411606,0.6594521,0.07819874,0.1551743
793,6580,23.895914,0.6594511,0.055073153,0.106591105
794,6341,3.0655594,0.6594343,0.0076469257,0.015915781
795,6633,1.8719788,0.65999836,0.004586838,0.00995329
795,5396,2.5150337,0.6543262,0.0047033727,0.009867549
796,6961,1.9501343,0.61740375,0.0032538474,0.007417828
796,2394,22.3035,0.6204438,0.039087787,0.07534078
797,3838,2.0895538,0.67062163,0.0033739135,0.0067943335
797,812,66.06022,0.6722619,0.12068918,0.24093762
797,1195,50.03398,0.6728741,0.10210404,0.2015976
798,764,118.15067,0.6696129,0.21630183,0.4262095
798,3450,71.27269,0.6695754,0.13083915,0.2621088
798,3839,74.35553,0.67025536,0.13542885,0.27092522
798,815,61.258804,0.6718829,0.113242455,0.22615957
799,1187,32.22348,0.6775038,0.063611284,0.12235182
799,812,110.33281,0.6751354,0.20131803,0.40002185
799,4516,57.145664,0.67440623,0.10603245,0.21113291
800,80,4.789486,0.6007318,0.008719698,0.018070996
800,3041,249.82942,0.57307816,0.47968286,0.9376389
800,2472,159.98112,0.58833796,0.3028639,0.59460086
801,3397,2.3298073,0.6698714,0.003895186,0.008768976
801,697,107.86836,0.67221314,0.19782117,0.39220917
802,4831,96.833244,0.6696772,0.21386959,0.42231965
802,4830,115.01092,0.6703412,0.21079631,0.41783738
803,3246,3.534214,0.67653525,0.0049363375,0.010670483
803,5124,2.4081154,0.676376,0.0027506575,0.0065838397
803,4790,65.81428,0.6788829,0.15789112,0.31490391
804,6368,1.6633377,0.6203572,0.004149869,0.0083718
805,806,3.7732162,0.6720735,0.0050022975,0.010799035
805,741,46.60604,0.6726994,0.0884759,0.17454101
806,6732,6.318115,0.6730111,0.0114565715,0.023343861
806,809,42.88089,0.6720003,0.08169475,0.16127811
807,6274,45.987507,0.67203426,0.08618941,0.16945605
808,4709,1.8422012,0.67643696,0.002644293,0.006093532
808,741,67.18399,0.6748686,0.12303868,0.24603748
808,6371,42.314644,0.6774123,0.08613406,0.17030627
809,741,7.607559,0.6741322,0.01463519,0.028893948
809,810,29.984257,0.672776,0.06007545,0.11470847
809,806,42.71153,0.670987,0.08059996,0.15886983
810,740,81.03414,0.6680654,0.14695549,0.2927601
810,5118,98.68644,0.6723553,0.18105614,0.35929573
810,809,30.127039,0.6728652,0.060262527,0.114955
810,741,35.574387,0.672325,0.06926136,0.13437177
811,821,19.529585,0.65692395,0.040777706,0.078773186
811,822,60.602562,0.65628374,0.11243258,0.22453195
811,3824,49.256386,0.65918285,0.09968948,0.19827205
812,799,110.51943,0.67557484,0.20144877,0.40011474
812,748,62.90548,0.6723979,0.11563245,0.23155351
812,797,66.418625,0.6711492,0.1204154,0.24067616
812,4687,42.415092,0.6738832,0.0798993,0.15801337
813,4519,2.2398338,0.67163163,0.004204333,0.00890851
813,4516,2.8585625,0.6713582,0.0045817867,0.009381548
814,4047,2.0932732,0.66362,0.00465893,0.009362087
814,764,109.00465,0.33779567,0.21035959,0.40880996
815,3848,2.1729088,0.67266214,0.0031970888,0.007214889
815,814,36.21383,0.6697614,0.07412055,0.14302817
815,798,60.879448,0.6713772,0.11338469,0.22650416
816,3465,32.771782,0.6653088,0.06522159,0.1252153
817,5646,100.05788,0.6972524,0.18168445,0.3612634
817,5641,7.117325,0.16620934,0.019074991,0.038860157
818,4698,1.9061813,0.6388485,0.0033094585,0.0074991584
818,819,7.7051735,0.63932,0.016138464,0.03227341
819,4698,7.244705,0.6415596,0.014853641,0.029669344
820,821,306.9688,0.6477699,0.61337936,1.2075558
820,2819,123.608795,0.64613295,0.24985269,0.49352127
821,2954,161.09047,0.6570911,0.32735887,0.64492685
821,811,19.635788,0.6583668,0.041175388,0.07932463
821,820,306.24347,0.6440725,0.60890484,1.1974994
822,811,60.92045,0.6580272,0.11300659,0.22591054
822,1722,68.58883,0.6565661,0.12592249,0.25193715
822,3941,93.45661,0.656001,0.17077327,0.34010988
823,2378,7.708969,0.6901956,0.014815882,0.029876024
823,2379,27.46435,0.69213235,0.055017684,0.10654373
824,1048,6.9238815,0.69020545,0.013355665,0.026741773
824,2750,28.847153,0.6925507,0.056667987,0.10868043
825,408,7.7815437,0.6877408,0.014695741,0.029174745
825,828,28.058949,0.68709373,0.055505108,0.10688365
825,827,33.714844,0.6875443,0.06589832,0.12584953
825,409,35.135757,0.68874687,0.0684018,0.13072065
826,827,36.685795,0.6892122,0.07053418,0.13580386
826,1042,16.237547,0.68913597,0.03225903,0.06256385
826,6385,48.638683,0.6906613,0.089644104,0.17835599
826,1052,39.609966,0.6894557,0.07551105,0.14726466
827,826,36.772472,0.6887197,0.070588864,0.13600786
827,1050,39.219746,0.688336,0.073825374,0.14281252
827,1041,24.715971,0.6887349,0.049422096,0.09540515
827,825,33.642445,0.6880578,0.06611185,0.12656182
828,6433,38.797047,0.687334,0.074794084,0.14615661
828,4969,44.853386,0.6879004,0.08415294,0.16585249
828,825,27.951324,0.68795514,0.055575393,0.106919736
828,187,42.16522,0.6876687,0.0796251,0.15606894
829,4512,223.9682,0.6733198,0.40528628,0.7990389
829,6897,32.36252,0.67147905,0.06049441,0.11666012
830,833,9.611408,0.7046353,0.018519774,0.036219254
830,2579,83.52527,0.69875175,0.15100679,0.30230063
830,2916,23.024061,0.7006012,0.046030384,0.088892944
831,646,49.51913,0.6877476,0.09191735,0.18185408
831,4467,175.62082,0.6925148,0.31417957,0.6216651
831,832,38.59531,0.69031864,0.07347545,0.1422604
832,2579,79.49337,0.69355804,0.1440969,0.2887168
832,831,38.30977,0.6895237,0.07317459,0.14206375
832,1696,10.784901,0.6914363,0.021040395,0.041235313
833,830,9.822731,0.7044156,0.019259542,0.037625
833,2917,21.592857,0.7059846,0.04502701,0.08667589
834,4311,48.354927,0.70443535,0.09581577,0.18900208
834,669,55.608753,0.7058628,0.15988432,0.31686375
835,3764,2.0123863,0.72689354,0.003177181,0.006830916
835,3325,34.671364,0.72672224,0.0684199,0.13536793
836,837,48.521782,0.68210673,0.090532616,0.17982402
836,4410,39.803715,0.68988025,0.09283902,0.1824644
837,836,48.47282,0.68214214,0.08989347,0.17803882
837,475,34.3231,0.67603624,0.06709805,0.1287539
837,4411,49.752045,0.68246603,0.09206334,0.18337053
837,1400,7.652252,0.68059516,0.015016571,0.029812843
838,4395,2.0508575,0.67431056,0.0033067912,0.006755218
838,475,30.301508,0.67538166,0.06074123,0.115510374
838,1398,6.197777,0.6737809,0.012377456,0.024776906
839,4395,51.460278,0.671564,0.09533442,0.18948868
839,459,24.682705,0.66326904,0.05013009,0.096367806
839,457,7.1903114,0.66280913,0.013725355,0.027038142
839,5535,52.078053,0.66863203,0.097104356,0.19326289
840,3008,27.096748,0.6735295,0.054713033,0.10700437
840,785,53.835133,0.6694714,0.10752156,0.21450351
840,1189,43.174866,0.67303044,0.08663946,0.1710896
841,2869,1.810112,0.66026217,0.0026493445,0.005992174
841,843,79.36062,0.6589062,0.14646429,0.2912079
841,844,61.21421,0.6553052,0.11394849,0.22774144
842,2869,4.8027115,0.66015416,0.008760907,0.01814355
842,3877,168.47256,0.65849715,0.30638182,0.6057304
843,3874,2.245716,0.6529417,0.0037414804,0.008304954
843,1448,21.61079,0.6514279,0.051829092,0.10092867
844,841,61.611862,0.6544163,0.114648536,0.22855519
844,1108,117.36649,0.65377235,0.2168687,0.429188
844,5674,27.354197,0.65675306,0.055439774,0.1062206
845,846,47.274715,0.6532533,0.089260146,0.17661083
845,2934,105.43196,0.6585738,0.19255671,0.3819881
845,1447,57.78811,0.6515645,0.10884797,0.21692157
846,845,47.158154,0.65205944,0.08883928,0.17613761
846,4947,96.78732,0.652055,0.17988034,0.35702187
846,1446,26.43435,0.65215755,0.054234777,0.104379356
847,2888,20.470707,0.55035585,0.043167263,0.08311198
847,5152,93.34895,0.5438495,0.09086265,0.17384575
848,2079,182.26112,0.6978524,0.3225147,0.6372741
848,2069,105.01598,0.698782,0.19087061,0.37957668
848,849,105.32763,0.69648814,0.1925929,0.38315797
849,4335,2.9882927,0.6915999,0.004927665,0.010700285
849,848,105.224,0.6953465,0.19059917,0.37934685
849,1138,106.95637,0.70091945,0.31942213,0.63551766
850,3449,15.632242,0.6856867,0.03442851,0.06673397
850,851,7.4936714,0.6879307,0.01435215,0.028532252
851,5696,42.694206,0.6892346,0.080290206,0.15415491
851,5345,23.36851,0.68504715,0.047614317,0.09239701
852,1368,61.782074,0.6868269,0.11204669,0.2241602
852,1369,83.655945,0.68552333,0.15225759,0.30496648
852,3550,35.33145,0.68703806,0.0683326,0.13199855
852,5697,47.311413,0.68603134,0.08878082,0.17628092
853,1961,71.03854,0.6829394,0.12782216,0.255587
853,633,30.737326,0.68460244,0.06427662,0.122947216
854,856,3.9959717,0.666842,0.006943628,0.014604911
854,3831,34.461662,0.6671539,0.066409275,0.13014454
855,858,59.44236,0.66875005,0.10854427,0.21274886
855,5220,2.8097458,0.66813254,0.0047280267,0.010357305
856,4202,10.23254,0.66933435,0.020350635,0.04058884
857,7018,2.5260162,0.6673452,0.0042292103,0.008703977
857,7019,2.7309036,0.6635491,0.004790418,0.009850398
857,3878,111.9283,0.6760204,0.20455949,0.4066379
858,863,2.459095,0.6674239,0.0035896897,0.0077946186
858,859,18.042986,0.66828835,0.036054935,0.06983172
859,4900,3.6567535,0.66717285,0.0061423033,0.0132793635
859,5137,8.177174,0.6668478,0.015514508,0.031416476
860,865,3.5473099,0.66101533,0.006490074,0.013452217
861,862,31.801075,0.67057043,0.06406833,0.1226944
861,860,2.2406235,0.65139365,0.003951378,0.008641675
862,4899,2.052742,0.64922845,0.0033645853,0.006953731
863,858,2.1319351,0.66763127,0.0031005517,0.006928593
863,5220,57.74256,0.6691929,0.106108114,0.21067654
864,863,40.021385,0.67029077,0.07751526,0.15274791
864,3326,13.7006645,0.6675819,0.028022371,0.05543226
865,866,2.1750755,0.66011167,0.0039656386,0.0090108365
865,884,21.80215,0.6686173,0.044739507,0.08632187
866,861,2.138771,0.66424423,0.0032716468,0.007689342
867,868,1.7803192,0.6659579,0.0022872537,0.0055499077
867,3669,70.41995,0.6628343,0.12781534,0.2555393
868,867,2.6513062,0.6650558,0.0046434924,0.0095932335
868,870,15.724998,0.6711531,0.031997304,0.06203474
869,5683,1.9861488,0.66061544,0.0027559847,0.0061443895
869,871,106.83748,0.6654056,0.19395185,0.38512203
869,3669,5.27092,0.65983117,0.009434074,0.01935786
870,886,6.77454,0.66815174,0.0128471255,0.025781557
870,888,1.8602371,0.66601706,0.0026605725,0.00598228
871,743,5.1156273,0.6641945,0.0092225,0.01917179
871,869,107.03685,0.6652248,0.19551831,0.38848597
872,4502,2.4359589,0.6886809,0.0035276264,0.007950366
872,4133,14.829931,0.68783784,0.03768994,0.07383847
872,1788,90.50001,0.68694746,0.16540666,0.3304485
873,5712,21.207598,0.68959373,0.056093026,0.10937537
874,4644,26.61775,0.69193304,0.054209296,0.103523195
874,4644,19.000765,0.69281983,0.051274877,0.10040842
875,5875,43.52028,0.68533856,0.12905937,0.25615013
875,4531,59.886703,0.6842167,0.10965641,0.21944413
876,4507,2.1005554,0.68092334,0.0044116303,0.009481773
876,2520,81.77336,0.6903829,0.16187406,0.32155997
876,6010,28.162868,0.6843493,0.070145726,0.13619578
877,878,213.96428,0.72839385,0.37872556,0.74319375
877,2195,336.54407,0.7232989,0.6304826,1.2432629
877,3196,51.81879,0.734988,0.100983724,0.19875166
878,877,211.61305,0.72534585,0.37602264,0.7389671
878,6465,46.92676,0.0014727116,0.17295226,0.3652565
878,4054,44.683853,0.0,0.16607541,0.35114688
879,4603,1.9407539,0.6972154,0.004664965,0.009403259
880,3667,98.86978,0.65862787,0.1820004,0.36178672
880,3228,111.256165,0.6599964,0.22604042,0.44764668
880,2960,423.5177,0.641194,0.77392393,1.5269053
880,4318,151.74835,0.6594901,0.3019197,0.5966688
881,3760,1.7664948,0.654884,0.004717946,0.010241479
881,110,28.013344,0.6546506,0.060457103,0.11579215
882,2813,2.825283,0.6590613,0.0008921847,0.0035730302
882,2814,2.3168335,0.65805274,0.0056129247,0.01187782
883,440,21.209866,0.69010013,0.0486651,0.093854144
884,885,1.9332886,0.6656326,0.002748564,0.0059634596
884,887,19.902151,0.6689087,0.040275276,0.07776081
885,884,1.9531822,0.6662462,0.0027542263,0.0060890466
885,866,21.57887,0.6668572,0.04349512,0.083794616
886,887,1.8707352,0.6652155,0.0027992502,0.0060999393
886,885,19.917658,0.6690003,0.040338356,0.07758231
887,886,1.8179779,0.6649218,0.0026223361,0.005842611
887,888,6.442398,0.6675521,0.012070961,0.024371773
888,870,1.9706116,0.6668072,0.0028418899,0.006262228
888,867,16.185175,0.66582966,0.03251859,0.06278853
889,4777,73.47676,0.36515152,0.16564628,0.32416928
889,1483,55.96934,0.41886932,0.1150568,0.22105563
889,1799,62.74092,0.38456875,0.13462138,0.2608547
891,3480,2.2900276,0.66882604,0.004178807,0.009167939
891,892,182.51768,0.6595639,0.36699834,0.7235312
891,4914,90.957245,0.67610496,0.16665488,0.33180243
892,893,67.37411,0.64247996,0.13587257,0.2702255
892,891,182.6382,0.65799826,0.3676505,0.72486454
892,2335,98.79886,0.65014404,0.1822906,0.36172277
893,892,66.69935,0.64143187,0.133708,0.2665306
893,2383,12.561796,0.63160837,0.026282512,0.051732764
893,2335,79.67424,0.64066184,0.14793311,0.29475784
894,5304,2.588501,0.67818844,0.004633352,0.009681553
894,763,53.093693,0.68193656,0.124498025,0.24720621
895,2469,14.508965,0.01600486,0.07121631,0.14930159
896,5569,88.340576,0.63529605,0.16559255,0.32588273
896,565,64.830765,0.6355581,0.09306112,0.18403055
897,3502,3.0607414,0.6324432,0.001964666,0.005389467
897,5387,38.497253,0.63748145,0.07557867,0.14577818
898,5818,27.300323,0.6338562,0.0592395,0.1139146
898,4893,1.9900703,0.6278297,0.0028572977,0.0063205063
899,3500,52.325172,0.62868404,0.09888414,0.19561318
899,901,114.523926,0.62658656,0.21225959,0.41935882
899,1740,43.988934,0.626892,0.0851698,0.16659576
900,541,1.7702103,0.6273846,0.0050936267,0.009679437
900,4976,1.0507851,0.040796995,0.008305207,0.016491681
901,5792,3.0539703,0.6290974,0.0030149296,0.0071381032
901,899,114.98506,0.6301277,0.21314514,0.42199683
901,5817,24.976633,0.6352389,0.05429394,0.1047508
902,4888,1.9057045,0.610728,0.0027761236,0.006236121
902,1377,109.55605,0.6168726,0.20313025,0.3995806
903,2600,1.8162384,0.6068445,0.0029124618,0.0064149946
903,5226,2.5261307,0.6099913,0.0043354034,0.009428635
903,5562,2.2327423,0.60706884,0.0038210899,0.008239865
904,1503,24.579647,0.6014957,0.050666038,0.09741551
904,906,24.606836,0.6029031,0.050571762,0.09731694
904,1576,41.188442,0.6037129,0.07904235,0.15502162
904,1584,44.172855,0.6060051,0.08428164,0.1652395
905,1583,40.78588,0.60839784,0.07906219,0.15411423
905,903,24.939068,0.6072766,0.05349702,0.10232399
906,904,24.679644,0.6030842,0.05070498,0.09752346
906,1583,46.485657,0.60727763,0.08871433,0.17400083
906,1577,52.681908,0.6052284,0.10048886,0.19781727
906,907,25.15057,0.6056618,0.051761128,0.09967237
907,5563,3.0181847,0.60058457,0.002601929,0.0065220892
907,906,25.270681,0.60632896,0.052355707,0.10054552
907,5564,10.773954,0.609786,0.022667862,0.04479471
908,1589,42.471767,0.6141498,0.08191981,0.16144067
908,1378,76.24217,0.61742705,0.14337489,0.28450978
908,1380,40.38997,0.6138096,0.07815953,0.15452443
908,1381,113.76247,0.60784113,0.21110436,0.4169556
909,389,89.47505,0.69366264,0.1730321,0.34567076
909,2296,6.418495,0.69248897,0.01186166,0.023876637
910,3765,2.106495,0.62700707,0.003103748,0.0066824704
910,551,68.97782,0.63071007,0.12791544,0.25430915
910,4892,18.644617,0.6326786,0.03926323,0.07636845
911,3384,2.632122,0.63638544,0.0072821453,0.014515445
911,5967,47.723793,0.0019963384,0.25856382,0.5576723
912,5964,127.42924,0.632094,0.26227486,0.51674545
912,1350,180.64215,0.62425023,0.33597,0.6630758
913,914,45.47496,0.6252186,0.08679492,0.17064498
913,1352,67.92019,0.62667143,0.12730192,0.25307626
913,2925,78.19212,0.6239199,0.1467157,0.29089233
914,1348,27.726696,0.620397,0.056252655,0.1078305
914,1349,31.941883,0.62358177,0.06378235,0.12286691
914,913,45.272453,0.62352335,0.08638875,0.17041053
915,1111,80.52344,0.6410059,0.14859042,0.2960301
915,3586,10.816044,0.6381202,0.021359153,0.042227387
915,1443,19.646955,0.6421339,0.035278242,0.06809184
916,3548,2.4725304,0.6298772,0.0039963946,0.0086262375
916,1721,0.0,0.017942905,0.0061021596,0.012500584
917,4237,2.210949,0.6258677,0.0029689893,0.006023854
917,1352,16.466082,0.62903035,0.033440795,0.064894356
917,1351,13.436142,0.6307597,0.028163075,0.055056512
918,939,58.521698,0.64834845,0.11911346,0.23745146
918,3318,40.965126,0.64377534,0.13143137,0.2606114
919,6043,5.1913643,0.057376504,0.015205324,0.03146161
919,927,17.26288,0.6476587,0.03537689,0.06941476
920,3801,1.9503098,0.61444956,0.0030939654,0.0065363795
920,3827,33.132317,0.6217995,0.07069943,0.13914934
921,624,2.8958778,0.6283839,0.0071120635,0.014759034
922,964,27.758621,0.6448163,0.060073756,0.11607225
922,4847,35.11167,0.6452183,0.07447652,0.14766878
922,429,26.759258,0.647066,0.057483446,0.11104884
923,426,31.50325,0.6604486,0.06763108,0.13060257
923,6054,19.953564,0.66035914,0.046571925,0.09007107
924,918,21.676678,0.6456241,0.061482497,0.11923942
925,981,106.06752,0.63381404,0.21431254,0.4228294
925,6239,11.421076,0.6324781,0.023588315,0.046454087
925,6275,88.38335,0.62837154,0.16442299,0.32603508
926,6618,25.141151,0.64481324,0.051568363,0.09988497
926,927,21.635216,0.6422398,0.044447746,0.08658954
927,938,50.354275,0.6432654,0.09478176,0.18772
927,926,21.885174,0.64182585,0.044480164,0.08669345
927,928,42.769314,0.64040476,0.08096938,0.16014841
928,932,37.546402,0.639656,0.072263196,0.14301951
928,4946,2.2891006,0.6336351,0.003647484,0.0074646473
928,927,42.596703,0.6414155,0.080354095,0.15935029
928,929,43.346107,0.63697517,0.08221032,0.16279623
929,931,13.375883,0.6335033,0.026810199,0.052612394
929,3615,23.634106,0.635689,0.048632804,0.093824334
929,928,43.695683,0.63562423,0.08234634,0.16319773
929,3616,59.74231,0.6339061,0.11229768,0.22295974
930,6549,20.14255,0.6356914,0.041850414,0.08105093
930,6553,41.840626,0.63918114,0.082254,0.16264664
930,6548,20.791008,0.6358184,0.043252453,0.08371849
931,933,78.057076,0.6411387,0.14552556,0.29000244
931,932,44.670223,0.6397909,0.08469666,0.16764393
931,929,13.338888,0.635291,0.02687765,0.05266446
932,934,74.50044,0.6427897,0.13834691,0.27592567
932,928,38.061485,0.6398135,0.07285269,0.14352031
932,938,39.771782,0.64349455,0.07582451,0.1498116
932,931,44.701923,0.6393777,0.084616795,0.16721806
933,934,83.03662,0.6428794,0.15380809,0.30615819
933,6887,76.94885,0.6456385,0.14054364,0.27976155
933,931,78.6996,0.64091665,0.1457811,0.29040682
934,4280,70.12725,0.64593124,0.12862724,0.2574465
934,932,74.53984,0.6434555,0.13854054,0.27649865
934,935,42.085857,0.64563996,0.07997968,0.1584178
934,933,82.749916,0.6441507,0.15380247,0.30613244
935,936,20.710367,0.6462253,0.04215421,0.081363946
935,934,42.04343,0.64481056,0.07985953,0.15829001
935,938,75.0858,0.64447033,0.13912782,0.27755973
935,6951,43.514145,0.6483046,0.081908315,0.1622593
936,935,20.54409,0.64441466,0.041929394,0.08090377
936,622,28.912231,0.65040994,0.06165845,0.11767679
936,939,103.30298,0.6489713,0.20834681,0.4117893
937,6951,3.2454872,0.65105975,0.006295018,0.013006255
937,4280,39.661762,0.65077466,0.08365105,0.1652195
938,927,50.662056,0.6457155,0.09479597,0.18802077
938,935,75.03058,0.64576924,0.13933729,0.27810735
938,932,39.755184,0.64339423,0.07595255,0.15021275
939,6618,46.008183,0.6417817,0.08726622,0.17114371
939,918,59.092392,0.65169805,0.11855344,0.23698041
939,936,103.752335,0.64807194,0.20869417,0.412373
940,3562,1.8652382,0.6582103,0.0027515516,0.006427169
940,6057,15.9883,0.65902066,0.03334643,0.06457159
940,972,42.346725,0.65751183,0.0798574,0.15580146
941,973,18.358583,0.65273124,0.03731788,0.07228313
941,427,35.405792,0.6571594,0.09006584,0.17709869
942,6886,55.834892,0.64544314,0.11309233,0.2249219
942,971,43.21935,0.64655584,0.08748412,0.17348233
942,943,34.211,0.6445208,0.066486366,0.12931962
942,973,48.52381,0.64724696,0.09103253,0.1808368
943,942,34.3299,0.64535654,0.06671262,0.13011
943,961,51.984478,0.6447079,0.0978995,0.19441633
943,1614,72.26124,0.6427913,0.13433354,0.2683191
944,1342,67.57394,0.6599028,0.124977216,0.25053722
944,946,40.81613,0.6596948,0.077358834,0.15242103
945,6813,2.1026535,0.6533369,0.0033763796,0.0075999796
946,1341,145.6647,0.65775037,0.26795995,0.5297505
946,1343,49.564945,0.6550567,0.093352206,0.18351124
946,944,40.51116,0.6553086,0.07738217,0.15146337
947,364,37.051258,0.021710724,0.20146364,0.42766845
948,3598,54.69954,0.03028503,0.25802144,0.5453738
949,6059,33.229366,0.6646637,0.07879056,0.15375197
949,6719,34.731663,0.6592138,0.062861994,0.12037863
950,951,43.248966,0.6650923,0.10258993,0.20179825
950,952,29.509216,0.6593477,0.08178093,0.1628512
951,421,2.0528336,0.6584577,0.0051918626,0.01125744
951,1033,2.360855,0.65843254,0.003975883,0.008984953
952,960,66.04549,0.6619881,0.11962613,0.2387442
952,950,29.868523,0.660179,0.08226602,0.16295649
952,5268,70.777985,0.6652873,0.23405865,0.46377212
953,2170,9.148605,0.66853553,0.017891198,0.035996437
954,953,5.67255,0.6670593,0.010942511,0.022203863
954,4901,4.196747,0.6692553,0.0064329877,0.013455674
955,954,20.210003,0.6672604,0.0425377,0.082052454
955,956,51.60899,0.66345835,0.10385289,0.20649415
956,958,60.629314,0.660128,0.11828475,0.23632102
956,955,52.184616,0.6611414,0.103274025,0.20511122
956,968,43.52735,0.66169876,0.08639369,0.17072332
957,6719,34.11239,0.656754,0.06756936,0.1316615
957,958,22.336706,0.6595651,0.046310164,0.08931203
958,957,22.535805,0.65792084,0.046799336,0.09075533
958,956,60.373383,0.65986025,0.11880369,0.23732573
958,960,40.195847,0.6611918,0.0754754,0.1486271
959,6058,36.24477,0.65985256,0.066651136,0.13087748
959,949,2.3188515,0.6644154,0.0062363893,0.013676748
960,5235,37.082947,0.6617342,0.07038825,0.13497941
960,958,40.227776,0.66164684,0.07526328,0.1473333
960,952,64.78834,0.66341126,0.118563764,0.23718022
961,963,22.328804,0.6467419,0.045531943,0.08808897
961,943,51.920563,0.6442658,0.09759774,0.19365415
961,971,11.484455,0.64537203,0.022685818,0.044583723
962,3563,115.628044,0.63059634,0.21492821,0.42479566
962,1306,168.86224,0.6393735,0.3415825,0.67363864
962,981,6.9640503,0.63476115,0.014321066,0.028806284
963,961,22.320566,0.64673585,0.045575034,0.088243745
963,969,91.80804,0.6543246,0.18593562,0.36886775
963,971,18.418165,0.6451061,0.03843816,0.074091546
964,429,39.70592,0.6424278,0.07442725,0.14408
964,3799,122.56225,0.63391775,0.24793404,0.4873742
964,1614,33.573353,0.64142954,0.06575409,0.12789208
965,6055,14.869041,0.6530522,0.03490544,0.06767975
966,6056,16.643543,0.6551605,0.03538441,0.06901992
966,976,22.887196,0.656741,0.04800281,0.09182204
967,5297,7.0666122,0.6548797,0.01414945,0.028625041
967,6056,10.183193,0.6528088,0.021005087,0.04195726
968,4696,13.292452,0.6601505,0.026876554,0.052476674
968,4773,98.57353,0.65889645,0.1816212,0.36107928
968,956,43.28588,0.6611748,0.08621165,0.1707909
969,963,92.64154,0.6532227,0.18766454,0.37269315
969,1260,8.950645,0.6578617,0.018665262,0.037091106
970,2465,22.234089,0.6597245,0.0510288,0.09837572
971,942,43.4082,0.6464029,0.08748097,0.1738207
971,972,48.628788,0.64913887,0.09115622,0.18109995
971,963,18.514072,0.6464016,0.03862927,0.074504465
971,961,11.776417,0.6446152,0.02318766,0.045699432
972,427,17.974,0.65441537,0.036594488,0.070716195
972,973,47.359554,0.65274394,0.088473625,0.17299704
972,971,49.306873,0.649004,0.09240946,0.18316405
973,942,49.203613,0.6474073,0.092043504,0.18211858
973,941,18.51424,0.6498188,0.03735015,0.07224786
973,974,63.535194,0.64994997,0.11846723,0.23700343
974,973,64.06086,0.65002215,0.11852055,0.23724975
974,5050,38.14083,0.6477826,0.07375346,0.14411098
974,6055,19.142574,0.65041906,0.03916209,0.075780265
974,976,83.764694,0.6382184,0.0706539,0.13040157
975,262,16.049807,0.6537252,0.036152158,0.069973364
975,6055,34.510075,0.65491986,0.067399934,0.1308673
975,4694,124.87344,0.65347993,0.229857,0.45469254
976,922,64.306335,0.6468952,0.13214912,0.26268137
976,966,23.75546,0.64903826,0.049031395,0.094572276
976,974,82.47031,0.64359945,0.070431665,0.13041084
977,978,76.13254,0.6646819,0.13748388,0.276511
977,4696,52.91649,0.6650049,0.10371878,0.20519942
978,977,74.10055,0.66407883,0.1388615,0.27791864
979,3531,0.0,0.00096172094,0.0026989281,0.0060319602
979,4866,3.8646393,0.64734036,0.007925272,0.016272545
980,6044,0.36277008,0.027050853,0.003935419,0.00843969
980,4866,9.642487,0.647729,0.014939442,0.030145317
981,3801,122.35079,0.62456155,0.22792518,0.45018333
981,962,7.190895,0.63412404,0.01480525,0.029738575
981,925,105.621025,0.6350759,0.21547578,0.42588237
982,66,75.63186,0.6894227,0.17897576,0.35448647
983,982,29.63504,0.68980396,0.05395067,0.10488253
983,1643,10.79351,0.68416953,0.024300896,0.048005074
984,4832,43.798973,0.69806087,0.048277725,0.09430043
985,7020,2.3239632,0.6965772,0.0042271316,0.009441599
985,984,4.3004494,0.70108336,0.009483159,0.019811794
986,7020,2.8404274,0.6928167,0.0053825155,0.01146692
986,1860,6.0111694,0.69570357,0.0041647404,0.009947658
987,1329,95.31732,0.690177,0.17373177,0.3470738
987,1864,34.18529,0.6914234,0.07825269,0.15524893
988,989,2.6308136,0.6860815,0.0061920807,0.013235763
988,6334,84.56616,0.68755513,0.1988276,0.39443818
989,990,2.2425385,0.6837908,0.005005166,0.010951161
990,991,1.8024864,0.67968357,0.0044779256,0.009090379
990,72,33.84182,0.68902194,0.07892108,0.1534868
991,2980,2.590088,0.6835983,0.0060727745,0.013074502
992,988,4.631138,0.68800956,0.010392621,0.02137348
993,72,1.7933502,0.68527544,0.0040852726,0.009177089
993,991,34.31658,0.68645364,0.07950457,0.15525337
993,6858,2.297718,0.6873723,0.004177831,0.008836821
994,247,51.887115,0.69340414,0.11854154,0.23444587
995,4301,71.30585,0.69400805,0.106355354,0.2088491
995,51,41.385994,0.69509435,0.096057825,0.18831816
996,51,1.9371719,0.6937054,0.0048335046,0.01062867
996,994,42.49821,0.6963135,0.09802938,0.19295986
997,3235,1.6485901,0.687786,0.0023577511,0.0057606846
997,998,81.48892,0.69084543,0.14893807,0.29866648
998,997,81.40907,0.6897426,0.14792313,0.29659733
998,4968,42.188904,0.6891624,0.08014337,0.15531027
998,187,21.428959,0.68786937,0.042739533,0.082382336
999,2988,79.798454,0.6521499,0.15844706,0.31075084
999,413,66.97047,0.6648624,0.07019257,0.13205954
1000,6387,2.0746918,0.65978074,0.0038797185,0.008513197
1000,6388,6.69125,0.66581786,0.01363951,0.027355477
1001,6390,2.6654816,0.6641226,0.0022519305,0.0055996776
1001,1000,28.003761,0.6669998,0.060626347,0.116028786
1002,2988,20.24692,0.6674962,0.046892412,0.09079932
1003,5141,1.5883446,0.6690496,0.0021230727,0.0050698817
1003,2496,14.277594,0.6700961,0.03213417,0.06264215
1004,6464,6.6389313,0.66340363,0.01255925,0.0256031
1004,1028,63.101112,0.6598084,0.116938755,0.23416045
1005,194,49.638405,0.66477436,0.15005955,0.29623955
1006,5467,1.9656334,0.66233826,0.003909759,0.008562818
1006,1004,25.769548,0.66974074,0.051971093,0.09974662
1007,374,154.52484,0.6769286,0.28116038,0.5554259
1007,1026,19.369585,0.67342365,0.025022909,0.049452245
1008,1007,58.703804,0.6719301,0.10939625,0.2174051
1008,2900,70.1344,0.6660041,0.13074994,0.2611627
1009,4706,6.0473595,0.66175276,0.011578232,0.023492917
1010,1016,48.853683,0.6618767,0.09157827,0.17946313
1010,1011,36.436466,0.6599721,0.07103408,0.13898
1011,1064,46.183353,0.6559096,0.086377904,0.17024004
1011,1012,38.072533,0.6549448,0.07293407,0.14278278
1011,793,41.088287,0.65875405,0.07766802,0.15330388
1011,1010,36.24992,0.65776515,0.07076977,0.13738468
1012,1065,64.99017,0.6533579,0.0928286,0.182078
1012,1013,20.819416,0.6529463,0.042415798,0.08209243
1012,1011,37.860115,0.6566662,0.072749525,0.14354731
1013,6579,34.588448,0.65674007,0.07274144,0.14278945
1013,1012,20.95602,0.6549492,0.042787742,0.083028264
1014,1064,25.520632,0.66290784,0.051692877,0.09947833
1015,6463,2.080452,0.6645518,0.0031916648,0.0073577166
1015,693,62.21807,0.66885996,0.11459535,0.22850785
1015,5467,71.28552,0.6651786,0.12822053,0.25580657
1016,4706,2.2979393,0.6636025,0.0036037415,0.008188143
1016,1067,13.497366,0.6641363,0.027163222,0.053809628
1017,4850,2.1557121,0.6768992,0.0021705478,0.005482018
1017,2474,22.772232,0.67425096,0.052255344,0.10154328
1018,175,0.28801346,0.062874705,0.0024473146,0.0050091594
1018,2521,15.495039,0.6736008,0.030004542,0.0583487
1018,1005,32.615456,0.6720893,0.07955102,0.15456393
1019,204,32.5269,0.66099626,0.0697206,0.13442203
1020,1801,33.457832,0.65925574,0.07002109,0.13565548
1020,229,80.88905,0.65258324,0.24197617,0.47864336
1021,1068,8.920094,0.65356326,0.018948033,0.037929118
1021,1069,21.88079,0.6513722,0.045243487,0.08699131
1022,1021,49.321556,0.6542667,0.10179777,0.20238632
1022,1657,122.1911,0.6452384,0.22510394,0.4455353
1023,5411,2.0954247,0.6690419,0.0032396466,0.0069735944
1023,5756,16.80525,0.6735971,0.033728182,0.06537146
1023,1024,74.1893,0.66830814,0.13597247,0.27229947
1024,1996,35.222324,0.66257507,0.0691094,0.13234626
1024,5078,25.557863,0.6675811,0.050386347,0.09712022
1024,1023,74.590515,0.67118025,0.13611856,0.2730922
1025,2580,6.982273,0.6834961,0.01650466,0.033314586
1026,6358,17.897205,0.67596334,0.023265742,0.046145663
1027,2719,47.096245,0.6773114,0.110139616,0.21716762
1028,6762,30.667458,0.660071,0.065770954,0.1270271
1028,1004,63.554825,0.6593079,0.11694719,0.23356144
1029,5160,2.1716576,0.66435844,0.0033409894,0.0075721145
1029,2879,129.66934,0.66919,0.23756063,0.4709993
1030,2173,17.967413,0.6705947,0.0350246,0.068119936
1030,2175,27.274174,0.6742991,0.06347274,0.12110591
1031,1030,10.005238,0.6677539,0.022464164,0.044346735
1031,1032,202.39314,0.6651827,0.3667417,0.7243393
1032,3885,17.095966,0.6647867,0.03593235,0.070018925
1032,1031,202.78558,0.66353166,0.3658954,0.7229206
1033,422,5.197632,0.66238326,0.010206401,0.020549938
1033,1529,47.87378,0.6624441,0.096654,0.19139895
1034,2629,103.26131,0.640125,0.21025562,0.41560677
1035,2620,40.79752,0.63929427,0.08477305,0.16575286
1035,5888,23.14703,0.64271915,0.049619135,0.09620303
1036,3422,1.8716621,0.59991634,0.0025204867,0.005808294
1036,1927,52.790108,0.6128011,0.10964611,0.21308582
1037,6208,3.647049,0.55821705,0.004330687,0.009398609
1037,2302,22.260872,0.5693697,0.048797764,0.09295747
1037,1258,13.452333,0.56358397,0.027970828,0.054791108
1038,1986,1.837307,0.6926437,0.0038586631,0.008153528
1038,1039,150.1737,0.69346255,0.21003892,0.42015642
1039,2488,8.646225,0.6875105,0.009864867,0.020401418
1039,3607,3.5573807,0.6870722,0.0070790425,0.0142977685
1040,4969,4.4023514,0.68767035,0.008009359,0.01631464
1040,4968,2.9391632,0.6878927,0.004976578,0.010468647
1040,1054,39.085945,0.69016576,0.07385272,0.14383413
1041,408,34.97244,0.6869341,0.082456104,0.16223535
1041,827,24.51578,0.68693817,0.049190458,0.09473383
1042,826,15.731436,0.68767357,0.03119443,0.060332015
1042,1047,10.235821,0.68801045,0.019897997,0.0390836
1042,1051,48.626488,0.68928736,0.07476346,0.1417875
1043,1042,51.194664,0.690482,0.078836836,0.15090173
1043,6385,16.740938,0.68818635,0.034491632,0.06682582
1044,1043,9.6107025,0.6904884,0.019496985,0.039163187
1044,1047,38.157684,0.6900077,0.07326366,0.14188732
1045,1049,34.843742,0.6901449,0.06728225,0.12897563
1045,1053,10.235615,0.6922159,0.019762933,0.038932756
1045,412,23.123327,0.6903367,0.046002287,0.08870096
1046,3085,3.4268074,0.6906183,0.005855955,0.012035668
1046,824,91.040726,0.6900653,0.16666675,0.33272624
1046,412,27.034653,0.69111246,0.053695265,0.1033148
1047,1042,10.503887,0.6889647,0.020602703,0.04056555
1047,1048,39.61862,0.6902863,0.075619504,0.14636812
1047,1049,40.283855,0.6899777,0.07626395,0.14821537
1047,1044,37.998795,0.6906231,0.0733655,0.14069127
1048,1047,39.816128,0.68998235,0.07547161,0.14730912
1048,824,6.422966,0.68884444,0.012168452,0.024209544
1048,412,90.92125,0.69128954,0.16722274,0.33382335
1049,1051,10.752815,0.68859243,0.020886153,0.040647358
1049,1045,34.73043,0.69104886,0.06742468,0.12896135
1049,1047,40.21843,0.69031364,0.07627849,0.1485659
1050,827,38.8653,0.6892913,0.07408669,0.14281024
1050,3086,43.762356,0.69457376,0.08125876,0.15837537
1050,1052,31.289202,0.68980134,0.061576203,0.11718127
1050,6235,16.373194,0.68724024,0.032679398,0.0634012
1051,1049,10.870747,0.68936074,0.020978697,0.040855125
1051,1052,15.774961,0.6891078,0.03106739,0.06003178
1051,1053,42.734318,0.69254476,0.06722071,0.12871298
1052,826,39.777355,0.68902266,0.07554099,0.14755294
1052,411,61.406147,0.6889766,0.11335068,0.22699162
1052,1050,31.345093,0.6889681,0.061113037,0.11667765
1052,1051,15.782623,0.688311,0.03104274,0.060033895
1053,1045,10.861486,0.6902418,0.021544077,0.04196091
1054,185,2.646019,0.68803483,0.004495062,0.009543881
1054,410,4.7625084,0.6914641,0.008720979,0.017370015
1054,1040,39.02294,0.6896882,0.07400889,0.14389327
1055,3588,2.3279953,0.68800926,0.0041696653,0.009197429
1055,387,13.01903,0.69510704,0.026357047,0.051780134
1055,3085,35.986282,0.6925251,0.06984117,0.13367237
1056,2490,9.88924,0.667411,0.022028983,0.04374005
1056,1057,26.891287,0.6687045,0.053747438,0.10334408
1057,2489,12.667002,0.6646377,0.025238663,0.04964599
1057,279,13.131071,0.66576827,0.02645114,0.05223404
1058,6342,4.5991707,0.6610897,0.007739529,0.016201481
1058,5397,4.1247597,0.6582557,0.0063208044,0.013489038
1059,4316,27.688026,0.66394895,0.06605498,0.12779376
1060,1307,116.20414,0.6361017,0.21432923,0.42369437
1060,516,75.18872,0.65155774,0.13959542,0.27912378
1060,1226,40.634758,0.64915323,0.07741404,0.15139847
1060,2623,41.383526,0.64538324,0.078607254,0.15385237
1061,1791,23.897505,0.65165603,0.04866058,0.09401324
1061,1226,71.44499,0.65076834,0.13219362,0.26435828
1061,1223,38.97396,0.6532105,0.07418425,0.1467652
1062,1305,17.699934,0.6546793,0.03679836,0.071287274
1062,1306,28.826862,0.65274596,0.06114221,0.116893336
1062,1223,13.976986,0.65072143,0.027833983,0.054200068
1063,1070,20.356651,0.6560807,0.036522284,0.07040681
1064,1011,46.15021,0.65869963,0.08670486,0.17113677
1064,1065,26.687073,0.6574056,0.054441307,0.104945436
1064,1014,25.75909,0.65883005,0.05190606,0.10070719
1065,1064,26.532177,0.65683675,0.05390514,0.10338768
1065,1063,25.360727,0.6565085,0.045710485,0.089591585
1066,794,5.5300903,0.6561467,0.009431921,0.019811109
1066,6633,2.982502,0.6585142,0.006112337,0.012673497
1067,368,3.5659294,0.6654848,0.007912584,0.016530827
1068,1013,71.53938,0.65230227,0.15187559,0.3019942
1068,1063,37.421783,0.656013,0.07036037,0.13773309
1069,1068,12.324617,0.6498486,0.024671033,0.049221292
1069,3645,31.188557,0.6494551,0.064186975,0.12259544
1070,1028,26.439564,0.6589849,0.056387067,0.108391576
1070,1021,37.152367,0.65950614,0.07164437,0.13879994
1070,6464,69.112206,0.65980923,0.12543446,0.25137103
1071,2535,30.07733,0.71221054,0.057561874,0.110970885
1071,1817,29.123398,0.70729995,0.05663134,0.109250166
1071,358,138.51483,0.717867,0.24943358,0.49366635
1072,3309,2.8753128,0.6691975,0.0056174323,0.012565717
1073,1077,41.787025,0.6494407,0.07895507,0.15602192
1073,1075,48.537884,0.65428823,0.09071013,0.18021712
1073,231,14.638451,0.6540871,0.029381782,0.057118498
1074,2148,20.65316,0.6568286,0.041605435,0.080409385
1074,1075,14.732773,0.6551442,0.03035187,0.059013516
1074,171,28.62046,0.6589078,0.06081798,0.115746886
1074,231,48.01321,0.6541641,0.08952567,0.17747502
1075,2147,20.534819,0.65712506,0.04131572,0.0797185
1075,6453,12.855675,0.6577236,0.026199743,0.051416382
1075,1074,14.739706,0.6558947,0.030273043,0.058822505
1075,1073,48.536743,0.6548083,0.09024846,0.17910618
1076,232,47.442432,0.64034,0.088838354,0.17512122
1076,231,41.190258,0.64853394,0.078342386,0.15473412
1076,1077,15.467321,0.64342654,0.031207498,0.060831763
1076,180,29.452728,0.6418636,0.0596588,0.11447862
1077,235,47.74208,0.64204997,0.089757785,0.17754494
1077,1073,41.08504,0.64847285,0.07836747,0.15555625
1077,202,15.6269455,0.64573246,0.031625785,0.06169574
1077,1076,15.498583,0.645297,0.031334445,0.06106235
1078,5512,6.204933,0.57506436,0.017556041,0.034492686
1078,2515,0.9230995,0.5707937,0.0038275197,0.008399472
1079,4740,1.8216438,0.6781885,0.002358079,0.0057242513
1079,5866,44.636074,0.6997384,0.081416145,0.15652587
1080,1118,41.983227,0.6871604,0.097454585,0.19141074
1080,3613,25.628843,0.6873677,0.0512893,0.09899595
1081,1373,91.01516,0.6831758,0.1673877,0.33444905
1081,1083,190.9319,0.6799314,0.34552553,0.6835049
1081,7056,156.50842,0.68228656,0.28721592,0.5669138
1082,7056,248.79417,0.68533033,0.44535944,0.87759024
1082,6671,68.1814,0.68230015,0.13785654,0.27605563
1082,3633,10.157894,0.6820793,0.020545676,0.040538028
1083,1088,30.939629,0.6762439,0.062336735,0.11855946
1083,5290,77.90407,0.67704195,0.1417886,0.28382978
1083,1081,190.84444,0.6791373,0.3437113,0.6791982
1084,5934,2.2412872,0.6750207,0.003706023,0.007291004
1084,1552,24.12648,0.67642975,0.04897849,0.09432749
1084,1091,72.677216,0.67554504,0.14631115,0.29123396
1085,6311,53.69937,0.6726444,0.10771956,0.21490946
1085,6923,1.9452667,0.6666995,0.0033219755,0.0075948685
1086,5296,24.083038,0.6748577,0.05042447,0.09666731
1086,3584,9.434341,0.6750006,0.018863052,0.037497133
1086,1089,10.130913,0.6731222,0.02040317,0.0405152
1087,5296,1.8664169,0.6732888,0.0032558516,0.0072475076
1087,5290,2.2826118,0.6744703,0.004428819,0.009598553
1088,6573,2.9696808,0.67465305,0.004679203,0.010412231
1088,1083,30.550507,0.67684245,0.061839916,0.11778678
1089,1086,10.012745,0.6757723,0.020390093,0.04060912
1089,5128,84.28885,0.6748484,0.16726649,0.3332389
1090,1545,27.752672,0.6724068,0.057920426,0.11116769
1090,1551,37.813988,0.67197096,0.07605436,0.1495985
1090,1544,83.78703,0.6725796,0.15328185,0.30639416
1091,5934,72.92462,0.6760525,0.14670616,0.29246852
1091,2744,21.660786,0.6779469,0.04542485,0.0871783
1092,6818,1.82201,0.67073584,0.003675118,0.007822037
1092,4349,24.468048,0.67495525,0.05222941,0.09993081
1092,1531,174.78127,0.6693915,0.24607125,0.48889804
1093,1547,10.45793,0.67153233,0.02066528,0.040662795
1093,1538,37.777855,0.67305124,0.07695722,0.15029308
1094,5184,1.7385521,0.66807157,0.0029370412,0.006466612
1094,4680,31.334896,0.67501116,0.062241323,0.118420675
1095,773,4.393173,0.034317493,0.020388052,0.040798977
1095,1453,64.96632,0.6689111,0.13272464,0.26231873
1096,5126,15.254282,0.6761314,0.031028822,0.06002734
1096,1541,141.6684,0.6706801,0.2833119,0.5604897
1096,1965,26.169079,0.6741736,0.052724835,0.101778634
1097,4140,3.7518044,0.6575664,0.0121049285,0.024381801
1098,1283,159.0146,0.6608063,0.28947082,0.572757
1098,1103,121.52401,0.6633226,0.22071913,0.43668026
1098,1284,45.880985,0.6618698,0.086984985,0.17233504
1099,4291,3.2161865,0.6597283,0.008947767,0.016986921
1100,4129,1.1948357,0.6656905,0.007158704,0.014862046
1100,6194,2.1500359,0.115911454,0.010091521,0.020562455
1101,1103,4.8744545,0.66270286,0.009298511,0.018198103
1101,1388,117.75343,0.66822445,0.21421519,0.42496812
1101,7013,38.1388,0.6704699,0.072671376,0.14214136
1102,4126,17.657097,0.0,0.07375776,0.15114765
1102,1103,20.462645,0.026513457,0.058343135,0.120315865
1103,1101,4.8694954,0.66515696,0.009304166,0.018393159
1103,1098,122.03159,0.6651874,0.22170377,0.4387896
1104,4076,2.3784256,0.68988204,0.0042018592,0.008892834
1104,6116,27.556107,0.69609445,0.06414832,0.12543234
1105,6424,89.32383,0.6943434,0.18022633,0.35859472
1105,1104,46.09673,0.69417393,0.09344595,0.1866261
1106,5259,1.707077,0.63876206,0.003056772,0.006923318
1106,4896,2.4503746,0.64214516,0.0039986446,0.009092182
1107,1446,113.83979,0.64948195,0.20894372,0.41367662
1107,4279,65.644714,0.6477159,0.13496593,0.2682712
1108,844,118.90084,0.65751517,0.21724492,0.43044692
1108,1283,68.77457,0.65953624,0.12563561,0.25154397
1108,1222,79.56572,0.65806764,0.20224749,0.40183166
1108,1818,147.06357,0.6599948,0.37285227,0.73992795
1109,568,57.178665,0.6479465,0.10655546,0.21176454
1109,1742,10.061153,0.64357764,0.019811928,0.038979173
1109,1742,7.795559,0.6432928,0.015060879,0.029779494
1110,554,32.06758,0.64696383,0.06863672,0.13300893
1110,6772,135.61456,0.63898474,0.27465853,0.5423527
1110,4885,124.88475,0.6404971,0.23116192,0.4572128
1111,4883,84.21834,0.63877,0.15577525,0.310394
1111,4885,66.33296,0.6393341,0.12408103,0.24777758
1111,915,80.275665,0.64165366,0.14922349,0.29765567
1112,684,61.92022,0.71604437,0.11006657,0.21896073
1112,701,27.967371,0.7143445,0.064019985,0.12428773
1113,4965,86.06415,0.6900039,0.15760958,0.3147583
1113,392,77.341354,0.69361794,0.14061531,0.28183272
1113,6708,46.798428,0.6924394,0.08792634,0.1740501
1114,2782,146.09103,0.6949643,0.26622677,0.5268001
1114,3370,106.28412,0.6934764,0.1952024,0.38943243
1115,2249,7.674526,0.6889507,0.014680512,0.029118732
1115,2249,5.701481,0.6893245,0.010580808,0.021320134
1115,2786,166.17355,0.68562007,0.30023393,0.5932286
1116,4384,2.0035553,0.68714863,0.0021349266,0.005463183
1116,1281,115.62916,0.69069207,0.27503142,0.5457122
1117,4775,31.457901,0.6888058,0.061345547,0.1167384
1118,7058,1.9709053,0.69320613,0.004705064,0.010440424
1118,191,3.5227242,0.68931246,0.0052558333,0.01112172
1119,3110,1.9887428,0.67549014,0.00622651,0.0135689825
1119,1120,65.15686,0.683263,0.12820539,0.25815696
1120,2077,124.585175,0.6837187,0.22666645,0.44981414
1120,2094,20.681795,0.6833598,0.04300879,0.08285811
1120,1119,65.876236,0.68133444,0.12968698,0.26027787
1121,1124,7.472069,0.6851059,0.014127649,0.028040886
1121,1125,70.439995,0.68141216,0.1295777,0.25993937
1121,1122,48.35161,0.6862634,0.097082675,0.19300199
1121,2076,91.456566,0.68461615,0.1825364,0.36313856
1122,1121,48.032898,0.68537307,0.0969898,0.19321465
1122,1125,146.612,0.6827663,0.26804888,0.5318757
1122,1123,6.7232704,0.6854071,0.013527684,0.026937857
1123,3162,83.10477,0.6866373,0.15215215,0.3047168
1123,1139,116.65331,0.69036376,0.23402742,0.46348333
1123,1124,51.671036,0.6845376,0.09635012,0.19159496
1123,1122,6.2951508,0.68555814,0.012356088,0.024751708
1124,1121,7.388134,0.6847544,0.014053196,0.027882338
1124,2077,106.7778,0.68522894,0.19570127,0.38953337
1124,1123,51.7963,0.6844369,0.09649897,0.19258827
1125,1121,70.28128,0.68120307,0.12912345,0.25927627
1125,1122,148.00157,0.68384564,0.26805797,0.53083855
1125,1425,112.352715,0.6847737,0.2035647,0.40537828
1126,6773,1.9924431,0.63190013,0.0031313524,0.006935671
1126,2256,182.25272,0.63233733,0.3393142,0.66846615
1126,553,6.0371323,0.63600856,0.011283301,0.02284363
1127,1128,102.42152,0.6402871,0.18889666,0.37423497
1127,2256,87.26215,0.6397989,0.16095147,0.31981897
1127,3016,86.879486,0.6439793,0.16023335,0.31870508
1128,1132,48.27376,0.6376825,0.09133919,0.18079467
1128,1127,102.301384,0.6378199,0.18837467,0.3729081
1128,2257,54.763058,0.6400434,0.103309214,0.20533982
1129,4746,1.4353561,0.633402,0.0019005537,0.00456281
1129,2523,1.7766342,0.6386622,0.004949689,0.010766938
1130,2253,2.5269318,0.6286318,0.0041418374,0.008825049
1130,3206,41.912323,0.63117456,0.08689055,0.16937007
1130,2255,127.81314,0.62980956,0.23453462,0.46234328
1131,1130,48.709698,0.63115,0.10217329,0.20016249
1131,2255,123.37576,0.6296874,0.2281965,0.44985992
1132,1133,2.422718,0.6350491,0.003944829,0.008316323
1132,1128,47.834873,0.63824815,0.09047047,0.17896244
1132,1131,111.899925,0.63431007,0.22708932,0.44595551
1133,1132,2.4265823,0.635127,0.0039711893,0.0084590465
1133,3055,29.019066,0.6402192,0.06295593,0.12041165
1133,3054,20.518175,0.636117,0.04214563,0.08198073
1134,6178,11.172197,0.63522434,0.024845317,0.04846543
1134,5154,29.643982,0.640796,0.06897025,0.13219288
1134,2526,87.37659,0.6387422,0.16139516,0.32095152
1135,4874,1.8737183,0.6431983,0.003456086,0.007361278
1135,5154,107.65313,0.6450161,0.26644132,0.527957
1136,6904,30.894104,0.66621846,0.06578934,0.12674579
1136,210,46.323475,0.67130274,0.086525984,0.17068481
1137,234,11.213669,0.6346278,0.025800094,0.05101241
1137,179,36.643227,0.63345164,0.07807341,0.15202394
1138,3681,2.2896805,0.6913989,0.0038196966,0.0086147785
1138,5710,16.648832,0.6925392,0.04106144,0.08006721
1139,1123,116.88441,0.689303,0.23470315,0.4648046
1139,3681,92.7319,0.69275063,0.18510067,0.36764103
1139,1140,79.77955,0.6878952,0.16050297,0.32001108
1140,6760,3.4764366,0.68605924,0.0069894344,0.014686063
1140,1139,79.84574,0.6884048,0.1589212,0.3180618
1141,5603,2.709484,0.6848029,0.0017972887,0.004788384
1141,3162,26.571373,0.68750745,0.05682909,0.10861452
1142,84,125.76048,0.67912066,0.2541014,0.503298
1142,5602,178.93066,0.6795895,0.35477126,0.70032215
1142,3066,23.638708,0.676641,0.04763966,0.09134596
1143,1459,1.8906708,0.64097446,0.0030298308,0.0068807155
1143,2872,36.72048,0.6497773,0.07890144,0.15542011
1144,1145,23.627287,0.66110826,0.048001215,0.09235933
1144,4535,234.19702,0.65237296,0.43160766,0.8490574
1144,1148,163.77435,0.65396863,0.30111524,0.5940781
1145,774,289.91895,0.66295177,0.53100103,1.0456856
1145,1144,24.043789,0.6623864,0.048652645,0.09364128
1145,2955,240.9358,0.6627985,0.44552237,0.87714297
1146,1147,59.041107,0.63564324,0.11857836,0.23576729
1146,4698,30.011623,0.639807,0.06306178,0.12168406
1146,4697,46.113857,0.6388166,0.08620287,0.16958116
1147,1146,59.47853,0.634027,0.120504946,0.23940352
1148,3250,45.298412,0.65042055,0.08503741,0.16727208
1148,1144,163.87573,0.653838,0.30140117,0.5951357
1148,4534,171.39204,0.65320444,0.31355238,0.6199787
1149,4559,1.8075027,0.6441054,0.002650328,0.0060272515
1149,4546,29.81384,0.6507072,0.060590997,0.11531021
1150,3444,14.8345375,0.4247437,0.031757627,0.061448835
1151,1150,48.321518,0.3849331,0.10146437,0.19257754
1152,772,5.2583275,0.36688128,0.013569072,0.025781065
1152,1151,2.630127,0.3671577,0.0052149594,0.0100272
1153,3251,35.8958,0.3912577,0.0780434,0.14650825
1154,4674,75.81511,0.427477,0.15386072,0.2969175
1154,1949,44.98341,0.471367,0.09199068,0.17822203
1155,3462,1.7717285,0.47209737,0.0059000403,0.01221247
1155,4121,2.9633064,0.47180098,0.010639377,0.021046817
1156,4299,1.9903069,0.6535419,0.008298725,0.016569585
1157,3312,95.941605,0.6613614,0.1794383,0.35812932
1157,2112,72.71396,0.65404356,0.2302573,0.45652497
1158,1159,59.55357,0.6564361,0.110318944,0.21976982
1158,2855,57.61714,0.659439,0.10781834,0.2146804
1158,2855,61.551804,0.6596742,0.11447559,0.22835751
1158,3467,53.114674,0.6568026,0.09957591,0.19707002
1159,3312,70.019516,0.66023576,0.1293034,0.25888875
1159,1158,59.538307,0.6584122,0.11068812,0.22112763
1159,1160,213.81601,0.64750105,0.3921049,0.7734182
1160,5692,78.20584,0.6379348,0.14275452,0.2849729
1160,1159,214.9501,0.64628005,0.39238995,0.77318054
1160,6009,130.89362,0.6290317,0.2409729,0.47555256
1161,1374,27.163065,0.6650425,0.054394394,0.10527642
1161,1168,72.45778,0.67046654,0.14407721,0.2878232
1161,3144,85.06303,0.66675496,0.17118321,0.34003723
1162,6779,52.59994,0.65375364,0.16669938,0.32712942
1163,1162,35.789085,0.6734479,0.07491408,0.14588599
1163,2529,10.838913,0.67035836,0.021680064,0.043263763
1164,3944,2.7513504,0.60130006,0.004478745,0.009396449
1164,1165,50.607918,0.60606253,0.09677073,0.1897023
1164,5952,65.37763,0.59882045,0.2034288,0.40034628
1165,1166,76.25314,0.609043,0.14274849,0.28241146
1165,1164,50.820488,0.6054849,0.09729273,0.19070151
1165,1175,204.94673,0.6018136,0.38788608,0.7613454
1166,1165,75.77242,0.60656995,0.14286347,0.28296435
1166,4876,41.2213,0.608202,0.12953097,0.25494
1167,765,82.09567,0.66918266,0.16539907,0.3294418
1167,3481,11.402952,0.6622728,0.02250117,0.044344082
1168,1169,69.03253,0.6680724,0.12731418,0.25521278
1168,5574,132.3487,0.67458653,0.2651312,0.52445614
1168,1161,72.47832,0.6689429,0.14512923,0.28961134
1169,3972,57.02127,0.6604272,0.10601984,0.21075568
1169,1168,69.49451,0.66729724,0.12727836,0.2551199
1169,765,73.092545,0.66795605,0.14593638,0.29110205
1169,1374,60.72307,0.6645488,0.121924356,0.24330297
1170,2262,147.43726,0.64463705,0.27010545,0.5348565
1170,2260,76.22719,0.64842916,0.13651973,0.27368212
1170,6531,28.878523,0.6426383,0.05416033,0.10457284
1171,2261,156.8913,0.63512534,0.28822237,0.56861496
1171,2383,105.443245,0.63419974,0.195095,0.38598084
1171,6211,168.62726,0.6191394,0.31211355,0.6143078
1172,2386,46.47714,0.64340687,0.08772689,0.17311291
1172,2876,34.727703,0.6417749,0.0719728,0.13936995
1172,2387,29.181576,0.6441185,0.062141135,0.11954786
1173,1183,49.38098,0.63861287,0.09312543,0.18416055
1173,1179,67.44448,0.64275384,0.13578136,0.27089748
1173,1178,9.424767,0.63728917,0.01932063,0.03830421
1174,1175,125.65097,0.6038762,0.2585804,0.5089011
1174,5941,55.520855,0.6036082,0.115184896,0.22727714
1175,1165,204.95761,0.5994681,0.38720283,0.7597975
1175,1176,13.574535,0.6128437,0.028691389,0.056290656
1175,1174,125.79953,0.60194033,0.25794983,0.50679207
1176,3293,62.70567,0.6161425,0.12934366,0.25584322
1176,1175,13.762232,0.6132152,0.029017642,0.057234496
1177,6924,187.5503,0.6070022,0.3528266,0.6923283
1177,2385,145.29678,0.624376,0.2945221,0.57921773
1177,3293,12.577595,0.61789393,0.026110023,0.051445186
1178,1460,20.102257,0.6375031,0.04122697,0.07967772
1178,1173,9.698601,0.63620013,0.019687153,0.039096102
1178,2385,83.47265,0.6380287,0.1673521,0.3316731
1179,2754,236.35394,0.6373605,0.43679655,0.8588718
1179,1183,68.1614,0.6432795,0.12603721,0.25184596
1179,2217,140.94048,0.64793044,0.2838029,0.5601544
1179,1173,67.90132,0.64176536,0.13808665,0.27513835
1180,5205,1.0258102,0.48261863,0.002257809,0.004332423
1180,3909,1.3511658,0.2945273,0.0012513697,0.0013234168
1180,5590,4.4824142,0.65951926,0.009809583,0.019866943
1181,4645,14.136595,0.6669396,0.02948609,0.0582619
1181,2388,46.295647,0.6598865,0.09630708,0.18996735
1182,5533,125.913864,0.6736741,0.22791222,0.451572
1182,3480,65.6586,0.6690997,0.1310238,0.2618819
1182,6538,76.8318,0.66809756,0.15484172,0.30796546
1183,2386,71.12413,0.64258116,0.13174593,0.26317665
1183,1173,49.7642,0.6407528,0.09355144,0.18541251
1183,1179,67.39975,0.64245796,0.12458752,0.24917749
1184,6918,2.006565,0.6783911,0.0028106421,0.006379381
1184,6444,5.7073402,0.6779703,0.011110246,0.022331834
1184,453,28.82881,0.6820332,0.060339723,0.11658144
1185,6420,1.7884789,0.66151,0.0027128384,0.005721912
1185,4709,87.072464,0.6756254,0.15960693,0.31866127
1185,3246,45.468174,0.6747756,0.071037754,0.13535404
1186,4960,145.62064,0.67941856,0.19840704,0.39701182
1186,6462,63.67711,0.6753869,0.12672734,0.2531841
1186,634,13.545195,0.6763562,0.027759217,0.054292932
1187,1289,40.146564,0.67593527,0.0797507,0.15682003
1187,799,31.956047,0.6762337,0.063339576,0.121545956
1187,1288,52.905346,0.6764519,0.097352415,0.1930421
1187,6444,50.154484,0.6758061,0.10031592,0.19957252
1188,665,3.141838,0.74339354,0.0052908733,0.01085636
1188,666,21.746767,0.74184895,0.04743566,0.09389632
1189,840,43.391422,0.67330563,0.08745166,0.17286953
1189,4223,27.395082,0.6744403,0.058577467,0.113282874
1190,3011,32.8853,0.67573965,0.06491251,0.1251332
1190,765,198.47165,0.67254853,0.3582653,0.7078899
1190,5574,76.03635,0.6724539,0.14013532,0.28046733
1191,786,73.695274,0.67882764,0.17030977,0.3372842
1191,2593,31.70411,0.6825226,0.0664754,0.12859815
1192,1337,88.14601,0.7192951,0.15838131,0.31749362
1192,5031,263.6486,0.73317504,0.46209732,0.91230255
1192,1338,43.425674,0.7221638,0.081473544,0.15795219
1193,3352,48.80845,0.70891714,0.08975448,0.17722282
1193,4185,74.056656,0.7110677,0.13328427,0.2675155
1193,6137,202.04436,0.7066674,0.3558748,0.703246
1194,4514,2.0806465,0.6701194,0.003206402,0.0070958734
1194,4512,2.0618668,0.66933805,0.002923973,0.0065731853
1195,4382,2.2513237,0.67215,0.0035361722,0.0076515526
1195,2438,2.4937286,0.6710666,0.0045601428,0.009848848
1195,748,64.059746,0.6719946,0.11685673,0.23402375
1196,4080,1.9976196,0.6824932,0.0020091832,0.004671693
1196,1636,29.309807,0.6895611,0.057625566,0.11292669
1197,1890,65.535934,0.60980207,0.1237575,0.24590343
1197,1353,31.240452,0.611418,0.06207946,0.119939774
1197,1348,60.31094,0.6162162,0.11412278,0.22608663
1198,3321,27.666355,0.65395075,0.08089049,0.1588293
1198,3534,25.820953,0.6522176,0.075587474,0.14826968
1199,2357,67.08425,0.6071257,0.12743057,0.25201002
1199,1200,78.88835,0.61377746,0.16272286,0.3214937
1199,2354,3.7914429,0.609112,0.0072493404,0.014952898
1200,5288,0.61922836,0.41702205,0.000820972,0.0013730526
1200,1199,78.41283,0.61054736,0.16493763,0.3250339
1200,6543,41.185028,0.61544806,0.07858986,0.15258652
1201,2358,30.27487,0.59989214,0.061034992,0.11690384
1201,2346,68.13213,0.59624875,0.12904483,0.2549645
1201,2357,10.731476,0.6000893,0.021330923,0.042135358
1202,1277,41.905407,0.5954684,0.08082307,0.15816507
1202,1203,31.103424,0.59930617,0.06642027,0.1276722
1202,1204,13.0149555,0.5917512,0.027405113,0.05378519
1203,1202,31.150917,0.59616125,0.066356316,0.12783667
1203,1207,45.64423,0.5976006,0.09276015,0.18235384
1203,5005,37.248146,0.60208964,0.07767288,0.15204336
1204,1254,189.1987,0.5681894,0.36161143,0.70852655
1204,1202,13.132532,0.593627,0.0276035,0.05408661
1204,1207,26.039112,0.5933144,0.055778276,0.10673442
1205,1347,1.784378,0.62753975,0.0018783882,0.0045843422
1205,6202,76.88904,0.6322948,0.16186494,0.31732684
1206,3563,2.132679,0.62520313,0.0033422932,0.0074101537
1206,6702,106.55144,0.61261564,0.21752653,0.4282543
1207,1203,45.917324,0.5982557,0.09360464,0.18393429
1207,1250,69.672424,0.5874605,0.14465174,0.2848755
1207,1204,26.177942,0.59028774,0.056013443,0.10669346
1208,3609,2.0364609,0.49104196,0.0031743646,0.006439984
1208,2225,34.75566,0.47867882,0.070227146,0.13457793
1208,2341,26.001345,0.4880197,0.05473762,0.103737354
1209,3609,45.12086,0.4998551,0.08800778,0.17238277
1210,1442,28.461544,0.52018225,0.057887413,0.110902764
1210,1211,48.959476,0.53121567,0.094789684,0.18574767
1210,1455,15.905972,0.5187474,0.03339156,0.06474336
1211,1456,45.62764,0.5320438,0.088645995,0.17363253
1211,2323,23.796665,0.5452225,0.049461927,0.09426967
1211,1210,48.853413,0.5312628,0.09487579,0.1857453
1212,1934,5.2601852,0.5951026,0.009509943,0.019106641
1212,1214,27.885622,0.58526546,0.056027297,0.10695605
1212,1932,40.685406,0.5937931,0.07761964,0.1527719
1213,1925,2.1274261,0.58259237,0.0039093345,0.0082170665
1213,1934,35.452145,0.5921187,0.07094921,0.13716073
1214,1212,28.237892,0.5847741,0.05695271,0.10856503
1214,1230,57.159393,0.57075477,0.110835664,0.2175736
1214,1215,40.376446,0.58425313,0.07783535,0.15284942
1214,1229,51.24373,0.5770638,0.09920342,0.19503859
1215,3664,27.882118,0.58893716,0.05677116,0.108106874
1215,1214,40.153446,0.5847799,0.07750431,0.1524559
1215,1932,28.023018,0.59090203,0.056559984,0.10778521
1215,1216,31.456684,0.5802203,0.062141262,0.121244386
1216,1215,31.13824,0.58145255,0.06171429,0.11997408
1216,1278,40.05804,0.5818966,0.07671337,0.15158422
1216,6284,28.228045,0.57250714,0.05711151,0.10909114
1217,2305,27.146015,0.59255445,0.055114884,0.10515313
1217,1279,47.78963,0.58828896,0.09120701,0.1794583
1217,3435,34.30558,0.58684546,0.06705001,0.12986274
1218,3566,2.0520859,0.59170544,0.0031908602,0.006732896
1218,1279,14.83666,0.5898197,0.030299488,0.0590923
1218,6293,10.268211,0.5908835,0.02097831,0.04140325
1219,576,29.489937,0.5766001,0.05739156,0.10895389
1219,1221,25.441793,0.57150763,0.0506109,0.09578513
1219,2204,46.211277,0.5842895,0.08944363,0.17547826
1220,6657,23.79227,0.5615774,0.05192754,0.099271536
1220,537,24.05517,0.5669691,0.052384835,0.100087635
1220,1221,58.7295,0.56994635,0.113554224,0.22302403
1221,1220,58.68949,0.5673299,0.113680385,0.2230444
1221,1839,25.293064,0.5771436,0.05210619,0.09935036
1221,1219,25.755161,0.57244885,0.050480906,0.095685974
1222,1454,25.391851,0.659875,0.060453504,0.11725223
1222,1108,79.43409,0.6595745,0.20170869,0.4010262
1222,1284,118.2235,0.6595788,0.21624349,0.42805648
1223,1225,23.297846,0.6514207,0.049215473,0.094306156
1223,1305,10.968668,0.6531199,0.022345394,0.04429944
1223,1062,13.942152,0.6517397,0.027627982,0.053858846
1223,1061,38.781544,0.6510415,0.07365063,0.14483005
1224,3701,125.77095,0.6258869,0.23322615,0.46071047
1224,3702,122.63295,0.6247948,0.25058308,0.4929818
1224,1225,47.21974,0.64798844,0.09501347,0.18790467
1225,1223,23.251932,0.6514892,0.04916991,0.0941425
1225,1224,46.93502,0.64894956,0.094055906,0.18615873
1225,1306,25.70635,0.648943,0.052393828,0.10077126
1225,1791,38.71324,0.6473447,0.0732608,0.14469409
1226,1227,41.056152,0.6475668,0.07774994,0.15359262
1226,1061,71.40503,0.650601,0.13082,0.2619273
1226,1060,40.305637,0.65162414,0.07669159,0.15033068
1227,1226,41.051743,0.64886427,0.07798477,0.15423827
1227,1791,62.600433,0.64769703,0.11548998,0.23039709
1227,1307,93.17789,0.63763535,0.17234316,0.34216905
1228,1307,56.10548,0.6267086,0.10515181,0.20797165
1228,5253,16.075026,0.63089716,0.034589887,0.068131745
1229,6681,1.666153,0.5742101,0.0023318753,0.0054183155
1229,1214,51.2863,0.5801433,0.09925848,0.19496973
1229,3539,27.672958,0.5797988,0.059616253,0.114348345
1230,6682,1.8581924,0.5576144,0.0041050836,0.008631259
1230,1214,57.28235,0.5694292,0.11052239,0.21666318
1231,1316,62.971924,0.44309768,0.12921305,0.24948712
1231,2282,45.38193,0.48846105,0.099378265,0.19352122
1231,2280,37.895035,0.4713112,0.075646974,0.14558902
1231,5895,42.080738,0.4788271,0.09118382,0.17772795
1232,1678,45.66265,0.415465,0.09334649,0.17918593
1232,1679,35.36529,0.4205192,0.079137966,0.15129174
1232,1261,39.4907,0.45306623,0.08705817,0.16942707
1232,1684,119.374565,0.48016453,0.26152024,0.50581735
1233,3696,53.20068,0.37099302,0.11002448,0.2110162
1233,1322,67.2479,0.33965313,0.15680599,0.30384004
1233,2832,3.082737,0.35585684,0.007451549,0.014136627
1233,2283,23.977156,0.3685403,0.05500853,0.10443734
1234,2300,70.43018,0.34406146,0.154006,0.29694405
1234,1322,18.928022,0.32942677,0.044321664,0.08466964
1234,1317,16.912651,0.32738397,0.039342962,0.07495884
1235,2333,41.285706,0.4320622,0.08364436,0.16094679
1235,6476,111.76615,0.45917585,0.24885929,0.4800502
1235,1268,16.93458,0.4183024,0.037654664,0.07216489
1236,1237,2.0527878,0.42481768,0.0027094632,0.0060223043
1236,5897,53.55329,0.45484415,0.13786729,0.26799572
1237,1236,1.8572693,0.42128542,0.002317503,0.0054739416
1237,1316,61.71016,0.41591042,0.12126872,0.23209846
1237,6628,23.33394,0.41539094,0.05811693,0.1113311
1238,5901,19.270973,0.49618784,0.040750656,0.078724205
1238,2006,32.465576,0.49313834,0.065743804,0.12588528
1238,2013,29.71783,0.48818293,0.061392974,0.11714504
1239,5289,2.2314262,0.669955,0.004250318,0.008893296
1239,1538,67.60429,0.67504936,0.13340975,0.26609737
1240,2745,66.8537,0.6728359,0.16073425,0.32062602
1240,1389,92.66066,0.67073107,0.1699848,0.33859634
1240,1539,103.24843,0.672254,0.1891984,0.37570608
1241,1390,84.10559,0.67575663,0.15358149,0.30689776
1241,1242,34.696136,0.67732775,0.0677866,0.1317746
1241,1550,85.652596,0.67596173,0.15737641,0.31457227
1242,633,217.15704,0.681787,0.3918271,0.7741986
1242,1241,34.68832,0.67863095,0.06796768,0.13183188
1242,634,128.19647,0.6785462,0.23359424,0.4633503
1243,3785,2.2616196,0.660578,0.0035009682,0.007818639
1243,86,17.384937,0.6654117,0.03646442,0.070417754
1244,1245,9.278713,0.65728265,0.018343627,0.036457658
1244,101,31.068794,0.66081333,0.062034972,0.11971852
1245,1327,34.59697,0.65808946,0.068516135,0.1328066
1245,1246,13.392124,0.6579659,0.027347289,0.053545207
1246,3409,29.141417,0.65621525,0.05340012,0.104677565
1246,99,9.828232,0.6642608,0.01744698,0.035194054
1247,2994,32.32612,0.64323056,0.06407705,0.12393081
1247,1271,47.838997,0.63801444,0.090443,0.178603
1247,1958,12.882326,0.6392268,0.026664726,0.05213304
1247,2724,81.957146,0.648155,0.16430114,0.3270201
1248,6417,42.158863,0.65625685,0.08231514,0.16202863
1248,3516,2.3308296,0.65397537,0.003536187,0.007942677
1249,2995,60.80802,0.55344284,0.11664209,0.22894323
1249,1664,53.600094,0.5824595,0.10377339,0.20419587
1249,2587,70.62995,0.55539095,0.13718264,0.26951033
1250,6791,65.070206,0.58565795,0.124141425,0.24528131
1250,1207,69.81522,0.5917548,0.14400434,0.28405684
1250,1252,45.0221,0.5964306,0.09257437,0.18286838
1251,1842,5.915188,0.59818566,0.011920646,0.023969397
1251,1890,60.878983,0.6029403,0.11532531,0.22692962
1251,1252,3.4933777,0.5957647,0.0067276955,0.014026895
1252,1840,45.489895,0.59079254,0.08629135,0.16993752
1252,1250,44.69807,0.59424716,0.092114404,0.1815334
1252,1251,3.5299416,0.59355,0.0066490322,0.013721317
1253,3834,8.857513,0.60252494,0.018443346,0.03671983
1253,5005,2.151764,0.59778947,0.003988035,0.008717373
1254,2345,42.30126,0.5731197,0.081392296,0.16071187
1254,580,60.53605,0.56074303,0.117052004,0.23007137
1254,1204,189.1,0.566191,0.36203185,0.708512
1255,3564,2.2193909,0.56727755,0.0037056804,0.007815003
1255,2321,34.315887,0.5664905,0.06725349,0.13059324
1255,6657,81.54001,0.5533765,0.17551523,0.34102565
1256,2185,10.406279,0.47304288,0.017362803,0.034548074
1256,1455,79.6999,0.49433088,0.15885575,0.30856276
1256,6638,142.29501,0.45998114,0.13183188,0.25808573
1257,1456,67.25878,0.50634915,0.13070534,0.2549747
1257,2376,10.099678,0.49357986,0.016941085,0.03384739
1257,6287,112.954285,0.51758826,0.10460753,0.20426671
1258,6681,60.901314,0.5668486,0.11721598,0.2305197
1258,4925,50.96573,0.5510156,0.09896238,0.1939304
1258,2302,28.135717,0.5710408,0.055865772,0.1070493
1258,1037,12.938498,0.5607762,0.026682816,0.052472696
1259,1260,2.9970436,0.6568105,0.005976647,0.012542754
1259,3562,64.487,0.66130793,0.1184202,0.23778431
1259,6063,2.961769,0.65547705,0.005752623,0.012069985
1260,1259,3.2180405,0.65974116,0.0062679797,0.013057575
1260,6442,15.439911,0.6526477,0.031858277,0.061623484
1261,5371,61.002647,0.48769057,0.12140537,0.23603345
1261,1682,31.330276,0.48175895,0.06957414,0.13406469
1261,1677,50.268677,0.45279756,0.10156995,0.19676934
1261,1232,39.47258,0.45371196,0.08710429,0.16992494
1262,5612,1.9397659,0.48390406,0.0029285923,0.0059906393
1262,2833,18.081257,0.48370007,0.039348673,0.0757775
1262,1682,36.872955,0.49187848,0.08050142,0.15638718
1262,1677,48.549152,0.46214426,0.0971647,0.18899749
1263,1264,2.4049606,0.37589347,0.0049312785,0.009718195
1263,1672,2.170601,0.37818313,0.003968805,0.007914707
1263,6629,33.532227,0.3845437,0.08821807,0.16882713
1264,1263,2.4922562,0.37451848,0.0053100437,0.010481581
1264,6631,49.28746,0.35309702,0.13271515,0.25874478
1264,1675,2.471119,0.37801373,0.0048799813,0.009876326
1265,1678,24.426882,0.4114081,0.053272016,0.10035923
1265,1677,14.96772,0.42799085,0.03191666,0.06140469
1265,1686,56.884624,0.40073478,0.11759904,0.22653726
1266,1671,66.6698,0.3876769,0.13998882,0.2697811
1266,1315,8.397919,0.38073677,0.017977014,0.034632787
1266,1316,40.020752,0.39868522,0.083392575,0.15966217
1267,2333,88.92998,0.41544512,0.1834208,0.3520158
1267,1268,28.125195,0.40202412,0.06508455,0.12296641
1267,1317,104.637794,0.35015783,0.24857,0.47827196
1267,2300,76.7567,0.37532866,0.16450836,0.3166082
1268,1267,28.03647,0.4001643,0.0644376,0.122411385
1268,1235,17.29747,0.41856697,0.038466983,0.073622
1268,1315,81.02997,0.39025706,0.17191394,0.33055818
1269,3866,68.7171,0.65566677,0.12524576,0.25043932
1269,173,109.11118,0.65531313,0.19851528,0.393341
1269,3517,36.522343,0.6536411,0.07044408,0.13735719
1270,1955,60.550644,0.6557071,0.113983475,0.22744015
1270,3518,10.298332,0.6596962,0.020522632,0.040837303
1271,2725,110.83739,0.64293265,0.2050288,0.40567392
1271,1247,48.24727,0.6404098,0.09115653,0.18047154
1271,2699,97.19946,0.63233143,0.18108812,0.35872483
1272,6736,5.5069046,0.6505895,0.01148022,0.02313526
1272,2366,6.8741646,0.65584457,0.015506431,0.031136498
1273,2649,42.886154,0.67735535,0.08630161,0.17117417
1273,2883,89.17098,0.68039846,0.16365142,0.32635617
1273,5320,13.279791,0.6787319,0.02745682,0.053626537
1274,1275,121.40012,0.6816984,0.22053328,0.43778783
1274,3066,107.565186,0.6796216,0.1981429,0.3930688
1274,2081,82.362564,0.6763888,0.15077214,0.3008588
1275,1274,121.64192,0.68135196,0.22000965,0.43692636
1275,6741,32.209633,0.680689,0.06399542,0.12290077
1275,1788,75.03427,0.68338066,0.13589169,0.27259877
1276,1277,59.808113,0.60035086,0.11498071,0.22719534
1276,1253,33.435055,0.60232127,0.06567355,0.12686825
1277,1276,59.907757,0.59941804,0.11372016,0.22454166
1277,1202,41.898113,0.5936053,0.0803551,0.15751149
1277,2356,19.760277,0.59227103,0.04055536,0.078532025
1278,1216,39.619263,0.57918125,0.076810464,0.15208746
1278,3435,12.323805,0.58367234,0.024800628,0.04855576
1278,4164,24.481535,0.5801503,0.050786406,0.097126916
1279,1218,14.929632,0.59062964,0.030917995,0.060212865
1279,1217,47.79822,0.58873314,0.09099385,0.1792529
1279,2305,65.151566,0.5945522,0.12341729,0.24386093
1280,3700,1.5116806,0.61436045,0.0029085204,0.006297767
1280,1931,23.51928,0.6130673,0.05186971,0.09992396
1281,3665,12.706955,0.68055457,0.024907827,0.048478723
1281,2785,35.216236,0.68710005,0.072952196,0.14203417
1282,2786,79.663086,0.690501,0.18712552,0.37014347
1283,1098,158.71028,0.6608884,0.2899222,0.5738548
1283,1284,101.11476,0.6626141,0.18558367,0.36885023
1283,1108,67.644424,0.658075,0.12571853,0.25151533
1284,1283,100.96501,0.6627002,0.184496,0.3669825
1284,1222,117.45352,0.65611625,0.21574743,0.42680502
1284,1098,45.781994,0.66077495,0.08676252,0.17171939
1285,4136,1.9285431,0.66133076,0.0027726293,0.0063784122
1285,5969,36.89557,0.6648643,0.08725462,0.17121889
1286,2131,1.5589447,0.66141224,0.00415314,0.009255379
1286,5924,3.7502213,0.6620479,0.0053288415,0.011833444
1287,2097,1.95821,0.7181139,0.0032435283,0.0062506944
1287,2164,34.040596,0.7182091,0.07881056,0.15453483
1288,1599,38.28792,0.67853504,0.07366949,0.14332199
1288,2608,43.27919,0.67825687,0.08098528,0.15935238
1288,1187,53.061874,0.6771643,0.097523615,0.19369708
1289,6867,2.3311348,0.67678064,0.0043177083,0.0095902085
1289,1187,39.756523,0.6777932,0.08009842,0.15862767
1289,6765,29.628036,0.67914826,0.058436602,0.1124204
1290,2608,52.882397,0.67695886,0.09678073,0.19159693
1290,3013,6.455944,0.6797564,0.014382072,0.028915077
1290,762,19.188816,0.6819866,0.041761816,0.08068198
1291,2608,23.460339,0.68054795,0.046258572,0.08956287
1292,6426,30.577827,0.6857698,0.06365709,0.1256161
1293,2615,5.964157,0.6908119,0.013293229,0.026919156
1293,2613,2.997898,0.6902229,0.0062665045,0.013226494
1294,344,2.864212,0.69457203,0.004610367,0.0099161565
1294,349,177.7979,0.69916725,0.31915283,0.63164926
1294,2087,136.91092,0.69732213,0.25058144,0.49571645
1295,343,67.92313,0.6979346,0.121992365,0.24443254
1295,3161,66.11469,0.6972022,0.11940981,0.23883507
1295,1296,61.759827,0.6972075,0.11163589,0.22260296
1296,2105,69.12899,0.69849825,0.12514886,0.25034058
1296,1297,32.297737,0.698933,0.062251695,0.11960208
1296,1295,61.30748,0.69774324,0.111536264,0.22257467
1297,3160,26.026245,0.69802094,0.050943617,0.098571636
1297,5490,101.48159,0.6980902,0.18541071,0.36866385
1297,1296,32.243935,0.6992558,0.062425673,0.1199335
1298,3343,197.01323,0.69870085,0.34885204,0.68956345
1298,1299,96.493416,0.6967625,0.17529818,0.34979427
1298,1605,92.15482,0.6962496,0.16683188,0.33357048
1298,5489,17.866913,0.6970786,0.03535728,0.06860548
1299,1298,96.221725,0.695983,0.17750183,0.35349852
1299,1300,78.51213,0.69368297,0.15633911,0.31223035
1299,3317,177.84416,0.69542944,0.3519915,0.69505644
1300,1299,78.67822,0.69485587,0.15480292,0.30952895
1300,1605,36.43883,0.69385904,0.0733234,0.1418462
1300,4424,34.996143,0.6933955,0.06790939,0.13009748
1301,1607,105.43475,0.6985322,0.26598275,0.5296808
1301,4423,39.59647,0.69321394,0.07409421,0.14525676
1302,2983,2.3836212,0.69977504,0.003911428,0.008073062
1302,3343,2.2682457,0.6980244,0.003801711,0.007870495
1302,2984,38.896324,0.70199734,0.073632725,0.14154343
1303,2844,31.074566,0.7045299,0.06091232,0.11638041
1303,3341,34.02182,0.7038803,0.06608793,0.12609401
1303,1982,8.602379,0.7037856,0.016619079,0.03256987
1304,2464,18.019238,0.66016364,0.036477618,0.070480295
1304,420,24.600557,0.661066,0.050635424,0.09812617
1305,1223,10.634377,0.6505922,0.021830961,0.04284039
1305,6442,0.55270386,0.40524805,0.00043566525,0.00022152066
1305,1062,17.792898,0.6526686,0.036868833,0.07107465
1305,969,7.3540573,0.6544572,0.015378676,0.031016752
1306,1225,25.681019,0.64967036,0.052314486,0.1005375
1306,1062,28.990723,0.6551014,0.061721582,0.11774492
1306,962,168.38974,0.6398445,0.34169713,0.6733068
1307,1228,57.539787,0.6276546,0.10602046,0.20935181
1307,1227,92.9698,0.6357876,0.17298663,0.34291273
1307,1060,116.43092,0.63649327,0.21425354,0.42372352
1308,3437,40.79185,0.6855265,0.075532824,0.14686735
1308,1637,47.837116,0.68327165,0.08883572,0.17417917
1309,1310,2.153164,0.5391908,0.0035343617,0.0076254606
1309,6017,26.806717,0.54552585,0.06538243,0.12511265
1310,4322,2.0266037,0.5374418,0.0029531643,0.0066011846
1310,1309,2.1698265,0.53665763,0.0032094792,0.006789431
1310,631,24.627157,0.52854997,0.06008258,0.11608579
1311,4322,118.77365,0.53080374,0.23178875,0.45216715
1311,2517,133.91373,0.55077934,0.28190085,0.5495344
1311,2279,25.662148,0.5173777,0.057222124,0.109582774
1312,4952,3.1444664,0.49416962,0.0066526905,0.013105348
1312,1674,62.454315,0.48425812,0.13867553,0.26850924
1313,628,76.0974,0.501737,0.15377864,0.29851332
1313,2926,41.18338,0.50951904,0.072134316,0.13794883
1314,1668,2.1488914,0.3518231,0.003965594,0.007618904
1314,1263,42.12965,0.35796818,0.11036313,0.21408838
1315,1268,80.79621,0.3893758,0.1717497,0.33019793
1315,1321,29.072693,0.36734354,0.063468814,0.119372144
1315,1266,8.246502,0.3806708,0.017679155,0.03402038
1316,1237,61.456135,0.41647965,0.120634004,0.23046395
1316,1266,39.56601,0.39915133,0.083724365,0.15951917
1316,1231,62.898132,0.44458988,0.1285303,0.24813165
1317,1320,21.344576,0.33159333,0.048477344,0.09093438
1317,1267,104.9389,0.34993672,0.24790356,0.47618568
1317,1234,17.082457,0.32715392,0.039199702,0.07466093
1318,1319,9.181381,0.34870952,0.021267295,0.040150464
1318,2318,53.09652,0.3738101,0.1124596,0.21400476
1318,6631,2.4090652,0.35371292,0.0056644157,0.0109075755
1319,2286,2.933876,0.3496227,0.0071769357,0.013473019
1319,1320,68.27848,0.3261202,0.1462512,0.28525555
1320,1317,21.209488,0.31854737,0.048512045,0.09091701
1320,1321,70.731125,0.33688498,0.15369932,0.29791722
1320,1319,69.207756,0.3359723,0.14810936,0.28859276
1320,1322,18.933882,0.328847,0.0423075,0.08081411
1321,1320,70.62331,0.33738232,0.15402886,0.29843047
1321,1675,72.64366,0.35838813,0.15671442,0.30254924
1321,1315,29.205685,0.36694837,0.06417738,0.12081654
1322,1234,19.107952,0.32907873,0.04445473,0.08489233
1322,1233,67.46882,0.3379454,0.1565615,0.3039544
1322,1320,18.847284,0.32726955,0.042196386,0.08058579
1323,2284,35.64408,0.37109232,0.09517496,0.17797689
1323,6636,23.53335,0.37561214,0.058201008,0.11211328
1324,5594,2.2703972,0.6935668,0.0052638203,0.011315554
1325,4425,2.517456,0.66233057,0.004375711,0.009728253
1326,103,9.5528145,0.66217816,0.019637324,0.038817793
1327,1328,32.381035,0.6567925,0.06489441,0.12447496
1327,1245,34.54174,0.6554284,0.06854373,0.13157703
1327,3618,49.94352,0.6555386,0.09436113,0.18571998
1327,5480,7.8419228,0.65509266,0.015043579,0.029698372
1328,2239,32.97745,0.6590799,0.06661833,0.12709945
1328,1327,32.30038,0.65767527,0.0648936,0.12462869
1328,3620,32.044678,0.659915,0.06437872,0.12399942
1329,4917,38.520996,0.68945664,0.0732513,0.1412697
1329,987,96.27271,0.69058543,0.17457008,0.34820142
1330,5946,5.6274643,0.69919086,0.008614205,0.0178774
1330,7026,141.6613,0.69866157,0.19557208,0.39122063
1331,1332,42.0137,0.7050468,0.07979627,0.15580362
1331,662,120.34574,0.70885885,0.21840355,0.43465698
1331,663,57.74217,0.70678145,0.10518221,0.20967816
1331,664,61.173668,0.7007737,0.11219197,0.22423705
1332,3592,60.18203,0.7029673,0.1085843,0.21690018
1332,661,45.42419,0.7063651,0.08500439,0.16587831
1332,1331,42.01804,0.704293,0.07989997,0.15590537
1333,1334,140.46748,0.7033737,0.2552707,0.506682
1333,277,22.0817,0.69681305,0.04430827,0.085329525
1333,664,55.446228,0.6978399,0.10155564,0.2028533
1334,6722,1.8676414,0.7080076,0.0025906712,0.0057447106
1334,277,107.54961,0.70307815,0.21741292,0.43082988
1334,1333,140.96033,0.7041036,0.25488815,0.50524616
1335,664,33.85837,0.7000071,0.06657205,0.12806162
1335,3592,7.145344,0.6995069,0.013577566,0.027154878
1336,3354,37.333145,0.715777,0.075033896,0.14321119
1336,6721,12.069321,0.7161094,0.024332285,0.04778315
1337,1339,13.297277,0.7154341,0.025913455,0.05038421
1337,1192,88.21738,0.71833843,0.1579498,0.3162302
1337,1338,58.20836,0.71767616,0.10434346,0.20772801
1338,1337,58.3489,0.7189482,0.104172274,0.2074408
1338,1192,43.61928,0.72130716,0.08145584,0.15687379
1338,3491,31.90115,0.72346246,0.06110146,0.11720833
1339,1337,13.522127,0.716241,0.026499353,0.05116786
1339,1336,41.805878,0.72131324,0.0800936,0.15509768
1340,215,8.654972,0.7007729,0.0171329,0.033755854
1340,2730,21.77899,0.70497584,0.04365116,0.0856458
1341,946,146.88272,0.6596202,0.26816028,0.53113127
1341,1773,39.499947,0.670952,0.09700257,0.19145201
1342,944,67.22375,0.6566593,0.12545305,0.2504508
1342,945,15.615612,0.6649033,0.03172169,0.061850406
1343,946,49.351578,0.65999967,0.09353604,0.18485984
1343,4346,12.782745,0.6594882,0.025978237,0.051046684
1344,4346,1.6567879,0.6593258,0.0022993907,0.005599886
1344,6042,10.1744995,0.65963113,0.026831858,0.05266285
1345,1528,25.25099,0.66798675,0.053875986,0.10401341
1346,6541,1.3846397,0.6126339,0.0023197085,0.00538221
1346,1205,104.06639,0.6232806,0.19695036,0.3888718
1347,4201,1.6490097,0.6304732,0.0018454641,0.003998384
1347,6699,29.382149,0.023598045,0.15233311,0.32122272
1348,914,27.734688,0.62092465,0.056201104,0.10768058
1348,1891,115.1041,0.6111531,0.21374801,0.42122483
1348,1197,60.251328,0.6158019,0.11395022,0.22562544
1349,914,32.1091,0.6240027,0.06396329,0.12323569
1349,1352,29.361416,0.62677616,0.059941143,0.11470665
1349,1350,134.73112,0.6206464,0.24835104,0.49061126
1350,912,181.4362,0.6266116,0.33549863,0.66260505
1350,1353,61.794037,0.61848223,0.1171647,0.23210438
1350,1349,134.84366,0.62238276,0.24970272,0.49350345
1351,1352,21.011536,0.62931806,0.04350498,0.08397717
1351,3384,28.47043,0.6355782,0.061282117,0.118392885
1352,1349,29.117546,0.6268889,0.059288356,0.113282375
1352,917,16.700298,0.62817425,0.033887055,0.065845236
1352,1351,21.074463,0.6305941,0.043241974,0.08386641
1352,913,67.977806,0.6262877,0.12654701,0.25169522
1353,1350,61.50071,0.6171766,0.115801826,0.22977461
1353,1197,31.105835,0.60975075,0.06208519,0.11979608
1353,5288,66.912796,0.6158426,0.124345005,0.24690099
1354,2371,29.411297,0.5935159,0.05890928,0.11276573
1354,1594,116.32504,0.58984375,0.21807486,0.4297915
1354,1515,72.61568,0.59127957,0.1385727,0.27396348
1355,2371,55.732643,0.6012397,0.10642522,0.2091389
1355,4950,27.491932,0.6024967,0.05649616,0.107821815
1355,1592,22.842152,0.59770083,0.046915982,0.09096114
1356,2371,86.083046,0.6008516,0.1665535,0.32847768
1356,1357,57.781563,0.6085785,0.10974071,0.21587273
1357,2353,12.925148,0.6055369,0.026565418,0.051938146
1358,3416,5.204941,0.6268141,0.008696228,0.017740637
1358,3415,17.26084,0.6291623,0.040481325,0.07884688
1359,3615,2.106308,0.6335775,0.003183335,0.0069711357
1359,3616,8.033009,0.63467836,0.016031355,0.03185931
1360,6551,31.17926,0.6369442,0.062053885,0.12020287
1360,6551,31.983175,0.6369725,0.06342471,0.12309707
1361,4044,2.393036,0.6455921,0.004019223,0.009433314
1361,4216,50.17547,0.6444697,0.092680536,0.18202515
1362,1363,72.81328,0.6811555,0.13237688,0.26551166
1362,3633,14.576395,0.6796294,0.02877386,0.05601801
1362,6490,95.10084,0.6793021,0.17306568,0.34484154
1363,3470,2.287754,0.67897713,0.0034145042,0.0077509284
1363,1362,72.70302,0.6808161,0.13246925,0.26575008
1363,2742,54.567398,0.6831633,0.12757081,0.25503615
1364,4296,1.4590149,0.49857756,0.0035894066,0.006930813
1364,6490,13.560247,0.6732686,0.026063286,0.05049938
1365,1780,4.4263954,0.68773377,0.008913353,0.017909184
1365,1368,35.634552,0.6895539,0.07199903,0.13999483
1365,3550,67.26674,0.6880988,0.12154188,0.24355058
1366,455,206.33499,0.68586427,0.3736212,0.74001104
1366,1369,27.3375,0.6839517,0.053934067,0.10419289
1366,3550,90.411476,0.68690735,0.16566026,0.3306539
1367,3833,305.4635,0.6474341,0.56026083,1.1013062
1367,3394,200.9278,0.6523811,0.37303337,0.73593587
1367,2799,108.8917,0.66122377,0.19845149,0.3943277
1368,1365,35.798073,0.68886286,0.072453626,0.14063126
1368,3676,5.7783623,0.68795216,0.011199318,0.02259019
1368,852,61.584106,0.6865919,0.11184552,0.2236813
1369,852,83.52463,0.6858367,0.1525378,0.30548012
1369,1366,27.479225,0.68576944,0.05469376,0.105587706
1369,1777,36.87165,0.68533146,0.07193454,0.13989669
1370,4302,19.48658,0.055952758,0.08503938,0.17347082
1371,3798,45.14378,0.6272153,0.09294654,0.18378171
1371,921,5.1873055,0.6280897,0.012400448,0.02485688
1372,3675,103.03441,0.70858705,0.18388271,0.3667151
1372,2276,58.786522,0.701979,0.10589663,0.2111548
1372,266,37.52857,0.7048447,0.07217814,0.13814929
1373,193,61.61694,0.6828696,0.12364193,0.24799085
1373,1081,90.73973,0.6806066,0.16604751,0.33143052
1373,3633,25.111607,0.68285775,0.05273904,0.10116156
1374,3465,37.580727,0.6611937,0.07294128,0.14187789
1374,1161,27.18074,0.6644262,0.05428719,0.10505457
1374,1169,60.237106,0.6657976,0.1208211,0.24122459
1374,5410,81.59775,0.66454965,0.16304432,0.32383263
1375,753,15.649279,0.6711969,0.03209736,0.06251149
1375,4230,98.58899,0.6790377,0.19670516,0.3899233
1375,2182,60.84031,0.66783476,0.14196049,0.2827501
1376,3576,188.43541,0.68690646,0.33962128,0.67129487
1376,6366,101.385956,0.686414,0.24148932,0.4788406
1377,6604,75.35857,0.6252552,0.14026159,0.2767691
1377,6768,59.976173,0.62247,0.11281724,0.22307612
1378,1379,45.330643,0.6200237,0.08737798,0.17163268
1378,548,83.37012,0.61976475,0.15508506,0.30734545
1378,908,76.344345,0.6167965,0.14318424,0.28441867
1378,3934,113.13724,0.6230802,0.20782869,0.41035706
1379,1378,45.075478,0.6200998,0.08699888,0.17123626
1379,1380,76.58876,0.61800414,0.14371836,0.2856064
1379,1499,119.511635,0.61886513,0.22126782,0.4370125
1380,1381,159.72989,0.6016316,0.29876626,0.5886102
1380,1379,76.608315,0.6189419,0.14400744,0.2859773
1380,908,40.33522,0.6138731,0.078187786,0.15459213
1381,5566,2.3928146,0.60835606,0.004435852,0.009372279
1381,5568,2.171856,0.60732114,0.0040891543,0.008696511
1381,1380,159.62985,0.6024501,0.29892373,0.58882123
1381,908,113.34147,0.6086092,0.21166322,0.417793
1382,1577,35.170883,0.60462874,0.069509044,0.13511437
1382,5567,12.014786,0.6088847,0.025810376,0.050907657
1383,1573,34.248745,0.5995577,0.07184464,0.14099659
1383,5567,64.607056,0.60641503,0.1333799,0.26384836
1383,1575,37.30482,0.5987333,0.07230152,0.14251009
1383,1574,111.96871,0.5986972,0.20923859,0.4128191
1384,1502,53.7686,0.5989062,0.102652505,0.20170523
1384,1573,37.23478,0.5986414,0.07784128,0.15265083
1384,1504,121.69759,0.58423966,0.253931,0.49819678
1385,1504,151.22507,0.5811928,0.28567585,0.562155
1385,1578,92.04024,0.59419733,0.17342496,0.34201315
1385,1575,58.964516,0.5973611,0.11296346,0.22294307
1386,5618,2.7464104,0.6429941,0.004494332,0.009197667
1386,4824,2.8557892,0.6601871,0.0050575063,0.009930626
1386,730,52.406254,0.0,0.29863095,0.64185566
1387,174,29.564995,0.66226125,0.05822011,0.11305712
1387,204,15.837639,0.660089,0.0336784,0.06522494
1388,1540,51.56607,0.6688084,0.09634126,0.19093186
1388,1389,154.11726,0.66425174,0.28119528,0.5561461
1388,1101,117.37288,0.6688224,0.2149078,0.4262642
1389,1240,91.682144,0.66842973,0.16979448,0.3379927
1389,2119,64.56723,0.6688518,0.119176626,0.23838882
1389,1388,154.14864,0.6632817,0.28146994,0.5566702
1390,1549,112.992226,0.67483175,0.20625526,0.40932766
1390,1965,94.24724,0.67570555,0.17239845,0.34331238
1390,1241,83.90167,0.6754705,0.15437376,0.30827832
1391,3836,27.692596,0.63206947,0.065265,0.1256521
1392,1953,2.0489426,0.65964884,0.0032593757,0.0068093836
1392,173,21.34155,0.6640308,0.04591707,0.08891724
1393,239,16.245289,0.66016626,0.03260588,0.06312035
1393,1394,17.866602,0.6597596,0.036109865,0.069934
1393,5429,55.25942,0.6614618,0.10185233,0.20244099
1394,1393,18.163292,0.65928197,0.036597796,0.07072247
1394,1953,22.14692,0.6595274,0.04500936,0.08694418
1394,1395,103.36838,0.661056,0.19004723,0.37660596
1394,1396,41.259605,0.65711653,0.07805042,0.15402845
1395,1394,104.12825,0.6615539,0.19007577,0.37692213
1395,5459,18.963642,0.664243,0.040074386,0.07746126
1396,5428,13.499899,0.66037804,0.02738306,0.05367519
1396,1394,40.938198,0.662648,0.07803306,0.15473889
1397,5432,22.6584,0.66413736,0.039964534,0.07764568
1398,3758,1.6839905,0.6736397,0.0031135082,0.0067430437
1398,6117,28.001362,0.6798353,0.060122363,0.11467502
1399,6114,2.5788345,0.65034723,0.004988909,0.010891259
1399,461,57.700256,0.6580078,0.10994923,0.21827367
1400,3759,2.676033,0.68019634,0.004499048,0.009142205
1400,90,45.214436,0.68382293,0.09216522,0.18254545
1400,837,7.4961586,0.67924786,0.014425039,0.028353706
1401,149,45.080097,0.6818336,0.08487102,0.16786654
1401,650,30.311832,0.6844896,0.07105741,0.13972309
1401,1402,2.1944084,0.68122464,0.003403291,0.007420525
1402,1401,2.290699,0.6810513,0.0035860464,0.007738456
1402,5248,42.150085,0.6825493,0.09762009,0.19311994
1403,482,112.37989,0.68555456,0.20687133,0.41018856
1403,1402,25.617397,0.6822928,0.059519116,0.116820425
1404,3350,39.525116,0.6884821,0.07607168,0.1480359
1404,1405,24.710085,0.6848439,0.056598946,0.10974075
1405,5084,1.9149742,0.6779638,0.004315041,0.009353653
1406,4413,0.96694565,0.6703007,0.0031542033,0.006579146
1406,6461,12.562801,0.6883088,0.025022544,0.0489479
1407,1409,3.1692848,0.71488315,0.008868769,0.017884985
1407,1418,34.86851,0.7204642,0.0817866,0.16126147
1408,647,122.37522,0.70116,0.2223688,0.44085425
1408,5632,30.98568,0.7002511,0.07361807,0.14418803
1409,4421,43.076042,0.7193985,0.09661587,0.18931086
1410,42,2.6190987,0.70191616,0.00872694,0.017416283
1410,1417,41.22719,0.71808255,0.0688997,0.13564831
1411,464,3.0667725,0.71855986,0.005029753,0.009478822
1411,1412,37.30785,0.7186723,0.08877713,0.17190397
1412,467,56.3544,0.72084546,0.100323744,0.20090699
1412,3088,52.257317,0.72167826,0.119224,0.23592414
1413,46,2.2089233,0.7177164,0.0043424815,0.009727091
1413,2903,106.851585,0.7215205,0.2470077,0.48975968
1414,4207,2.1800957,0.7230232,0.0032765716,0.0067572594
1414,1415,22.853962,0.724392,0.05429422,0.106912516
1415,1417,65.71995,0.7286414,0.1516313,0.30427444
1415,1409,34.92234,0.71959627,0.08246036,0.16239285
1416,1407,76.80672,0.7296061,0.19652075,0.3914699
1416,6188,45.947704,0.73566294,0.08587538,0.1665575
1417,6145,28.2826,0.72541356,0.063574135,0.12398557
1418,6475,1.6431656,0.7202445,0.0051360577,0.011017531
1419,1418,61.79668,0.729856,0.14438182,0.29003748
1419,42,39.341274,0.72395843,0.06531523,0.12583762
1420,2234,10.970985,0.038970828,0.05490238,0.11851856
1420,512,61.476448,0.7565869,0.110272124,0.21858326
1421,5164,19.632353,0.7508985,0.042789362,0.082716
1421,5727,33.820538,0.019074082,0.18432479,0.3930161
1422,6584,4.190853,0.7413107,0.009065427,0.018600717
1422,3252,2.165371,0.7456657,0.0030003116,0.0065577924
1423,6593,51.64861,0.7401457,0.10086934,0.20066437
1423,6219,34.37067,0.7389486,0.092567794,0.1806067
1424,7016,61.27822,0.56337553,0.15570673,0.3034203
1424,1522,6.1992416,0.55818325,0.041511435,0.082038745
1425,2644,94.86345,0.67691684,0.17294289,0.3452221
1425,1125,112.2014,0.6837945,0.2039401,0.40624738
1425,1832,73.50564,0.6814482,0.13116953,0.26411775
1426,2202,38.168503,0.6720468,0.07257023,0.1421063
1427,3783,2.3313217,0.66555166,0.0039644465,0.008444592
1428,136,59.19703,0.67295396,0.11821564,0.23659626
1428,5822,16.971714,0.67108506,0.035726663,0.06964252
1429,136,25.275253,0.6768875,0.053292073,0.10254996
1429,6091,19.61745,0.6764166,0.04151396,0.080336146
1430,6226,51.041,0.6467297,0.22630033,0.44554824
1430,642,56.521538,0.65755236,0.113832064,0.22783402
1431,3201,1.9876747,0.65657574,0.0028568804,0.0064201206
1431,7089,57.623848,0.6577539,0.14913926,0.29733783
1432,3198,1.755024,0.6545185,0.003301844,0.0074139237
1432,3192,138.79605,0.64700174,0.28360987,0.5590551
1433,3064,141.02379,0.64225924,0.28532493,0.56313014
1433,555,210.88838,0.64404947,0.38868034,0.7666991
1433,1434,68.41495,0.64972913,0.13771562,0.27468562
1434,1435,22.091022,0.6439606,0.04521558,0.08756765
1434,3039,34.379982,0.6479633,0.071384914,0.13950202
1434,1433,68.23582,0.6468779,0.1357691,0.27065605
1435,1434,22.124027,0.64750147,0.04535655,0.08765303
1435,3039,26.886904,0.6482649,0.054675277,0.10480552
1435,3064,231.4157,0.63774306,0.4287086,0.8436763
1436,613,74.227104,0.6505519,0.14654171,0.29036978
1436,2133,72.368416,0.65644795,0.1426973,0.28446856
1436,2132,112.435074,0.6540955,0.20644316,0.40868616
1437,2133,28.091091,0.65748256,0.059720617,0.11484451
1437,2133,24.547161,0.6575249,0.05196807,0.100376815
1437,7088,50.497906,0.6570931,0.100384206,0.19954063
1438,1846,2.253891,0.5912641,0.0068714693,0.014192477
1438,5820,17.97563,0.5923077,0.0471044,0.092385985
1439,225,32.068565,0.67743206,0.063079126,0.12173234
1439,226,33.45297,0.6749906,0.06706896,0.12883835
1440,6016,44.59916,0.59063715,0.085004486,0.1646499
1440,2460,109.681076,0.5899533,0.20515764,0.40331683
1441,5203,1.8672142,0.5297356,0.0026046261,0.0056547225
1441,2322,47.831535,0.5354635,0.09242853,0.18137643
1441,1789,30.936195,0.52123004,0.068002254,0.12977216
1442,1789,47.993042,0.51552224,0.093386024,0.18291655
1442,1210,28.27396,0.51971895,0.05773154,0.1104418
1442,2322,36.611656,0.5336466,0.071125455,0.13954201
1443,4242,7.4215508,0.63461226,0.014524452,0.028831124
1443,5544,111.69121,0.6438475,0.20577836,0.4071183
1443,565,22.314762,0.635559,0.041462887,0.08042439
1444,619,32.40072,0.65312684,0.06846123,0.13174804
1444,5680,20.77174,0.6523096,0.044185154,0.08569145
1445,1570,47.714237,0.64962476,0.15131544,0.30051157
1445,3062,117.64035,0.65603125,0.22045231,0.43746334
1446,1107,113.715614,0.64896387,0.20929012,0.41314572
1446,846,26.33724,0.6523276,0.053745862,0.10353532
1446,1447,9.292503,0.6495549,0.018331848,0.036110938
1447,5262,151.94351,0.64646137,0.2799462,0.5528378
1447,845,57.938873,0.6494689,0.10854682,0.21576738
1447,1446,9.232819,0.64835787,0.01813133,0.035755724
1447,3875,64.83686,0.6512213,0.12161771,0.24212275
1448,4753,2.6556473,0.65453017,0.0019009784,0.005155459
1448,1450,18.676256,0.6568153,0.0437961,0.085095376
1449,3833,13.632431,0.6569011,0.03100628,0.06081987
1449,5211,39.72683,0.6560669,0.100285836,0.19650474
1450,1451,4.43227,0.65689087,0.010699384,0.021358043
1451,1450,3.734211,0.6543994,0.009280771,0.018816173
1451,5674,11.608536,0.65333676,0.02737534,0.053671837
1452,1818,100.4687,0.6596544,0.25797862,0.5134446
1452,4756,8.808495,0.6673974,0.017122231,0.034176394
1453,5130,58.784336,0.6727812,0.11790387,0.235407
1453,1095,63.85572,0.661657,0.13076892,0.25612032
1454,3185,49.329834,0.65680474,0.122719385,0.2413532
1454,1222,25.206238,0.6586125,0.059607137,0.11600252
1454,3877,68.15672,0.6593567,0.124752566,0.24935025
1455,4678,66.36514,0.5042506,0.13074902,0.2553818
1455,1210,15.679977,0.5200112,0.032853857,0.06369214
1455,1256,79.80895,0.49594933,0.15856238,0.3080787
1456,1257,66.974205,0.5082383,0.1307469,0.25514638
1456,1211,45.67825,0.532765,0.08904332,0.17419246
1456,5015,66.56152,0.53922725,0.12929139,0.25296137
1457,3996,2.403492,0.6687224,0.0035267323,0.007945195
1457,5839,1.5606956,0.66669667,0.004117891,0.009108618
1458,2962,1.504673,0.6466174,0.0028935373,0.006467104
1458,6984,91.65906,0.66071725,0.22591648,0.44874144
1459,1143,1.5090294,0.6393164,0.0021252036,0.004814923
1459,3453,17.590649,0.6466929,0.03602774,0.0707709
1459,6029,37.7341,0.64335006,0.08095769,0.15812008
1460,1178,19.944885,0.6384438,0.04085159,0.07886213
1460,4537,232.30348,0.63687253,0.42856818,0.8428348
1460,1476,24.547812,0.6357821,0.050891954,0.09888224
1461,3237,2.1992798,0.65732014,0.0032876804,0.0074949563
1461,2873,110.059944,0.66233265,0.27064314,0.5368295
1461,1463,189.65004,0.65711856,0.3483084,0.6878259
1462,585,271.5278,0.6552185,0.49731117,0.9788687
1462,584,45.837482,0.66234124,0.08676201,0.171762
1462,1463,121.92412,0.660331,0.22338417,0.44250524
1463,2873,199.3985,0.6563457,0.36961028,0.72889954
1463,1462,122.379715,0.65880513,0.22438216,0.44422334
1463,1461,190.11752,0.6601395,0.34945276,0.6903859
1464,3239,2.0057526,0.65553695,0.002803281,0.0066514015
1464,2811,134.37585,0.6533192,0.32127202,0.6355097
1464,585,332.28113,0.64784336,0.60975754,1.2001976
1465,2951,2.234375,0.6543497,0.0035173297,0.0077789873
1465,5768,109.704926,0.6600338,0.264956,0.5257387
1466,4257,2.0108643,0.6124197,0.003008522,0.006573856
1466,2663,68.1193,0.6218459,0.12704703,0.25176436
1466,5315,50.07623,0.6191383,0.10433191,0.2043279
1467,5315,1.8619728,0.61674255,0.0026558787,0.005967036
1467,4257,50.948868,0.6210481,0.10577177,0.20740041
1468,2462,93.025566,0.6070001,0.17648467,0.3475969
1469,4294,3.5619736,0.60787386,0.012518629,0.024938479
1470,4583,212.00288,0.6522474,0.38973027,0.7685245
1470,2796,24.381983,0.66280925,0.052283347,0.10049656
1470,2461,36.031544,0.665866,0.07498161,0.14711052
1471,2632,3.1291504,0.71973634,0.0054382607,0.01174821
1471,1472,133.32663,0.71899366,0.321427,0.6384513
1472,2164,2.7384377,0.71312076,0.0068332553,0.014311463
1472,73,78.3352,0.7206479,0.18506469,0.36891502
1472,2097,35.51406,0.71620977,0.0808842,0.1590722
1473,5223,2.0061646,0.70543194,0.0029874444,0.0064385533
1473,2846,18.38491,0.7077069,0.04099934,0.079883434
1473,1654,211.9898,0.70899236,0.37550765,0.7423203
1474,5416,2.2852783,0.70411724,0.0034785122,0.0077139735
1474,3890,35.523075,0.7043168,0.08220371,0.16175818
1475,3233,25.622581,0.6617676,0.051859453,0.09988942
1475,1493,17.653736,0.6613795,0.035510555,0.06857363
1475,3279,115.55851,0.66249,0.21013,0.41597587
1476,1460,24.41066,0.63844454,0.050853446,0.09855528
1476,1476,244.40503,0.6278466,0.45702863,0.89542955
1477,4521,1.7905312,0.45801386,0.0029609129,0.0060750395
1477,1905,43.26032,0.4528449,0.11264449,0.22066014
1478,4526,84.74742,0.4763812,0.17186934,0.33130914
1479,1480,91.95845,0.57373536,0.17631961,0.3472711
1479,1488,130.4638,0.5663011,0.24838787,0.48720253
1480,1479,91.23949,0.5732863,0.17609343,0.34628654
1480,5442,4.2638626,0.5804573,0.007572107,0.015617833
1481,5442,2.329033,0.5708059,0.0063821226,0.013033271
1481,1480,2.8432884,0.57621586,0.005066648,0.010725737
1482,1819,57.36093,0.7464122,0.1033074,0.20578414
1482,6643,11.298834,0.7434901,0.021313228,0.04142067
1483,3258,163.66873,0.44709966,0.35310817,0.68140227
1483,889,56.15464,0.41838405,0.115607366,0.22246276
1483,1796,133.59496,0.4509082,0.2744476,0.5294133
1484,1485,85.74596,0.5848361,0.18064028,0.3539757
1484,1487,100.645966,0.5827429,0.20808686,0.4080156
1484,2710,288.938,0.5870662,0.41401675,0.8078038
1485,6780,0.54063797,0.25666538,0.00040812045,0.000929147
1485,3243,190.61293,0.5824415,0.39702344,0.7778432
1485,1484,83.7616,0.5872057,0.17995071,0.35200766
1486,1972,207.51277,0.52227473,0.409079,0.7957549
1486,5353,135.19229,0.49891162,0.2694219,0.52234066
1486,6608,3.5870018,0.51706135,0.0067173988,0.0141210705
1487,1484,100.28428,0.5850941,0.20852274,0.40913385
1487,2713,48.701508,0.5938424,0.101171985,0.19911751
1487,1488,141.69125,0.57521224,0.26758996,0.52549636
1488,1824,207.44487,0.5572588,0.40054464,0.78153217
1488,1479,130.48141,0.56684744,0.24753594,0.48520464
1488,1487,141.79254,0.57402736,0.26762274,0.5256152
1489,4851,2.3888054,0.6623851,0.004662901,0.0099985
1489,6763,3.1027527,0.6616663,0.005928032,0.012584299
1490,3933,2.3152046,0.62603873,0.003200382,0.006780088
1490,1847,2.1906128,0.61989206,0.003206268,0.006414503
1490,916,26.598118,0.0063408017,0.13836305,0.29524082
1491,1824,60.994003,0.56495667,0.11801505,0.23154077
1491,6512,133.85777,0.55622905,0.28412706,0.55305135
1491,6781,10.220104,0.57633907,0.021664366,0.04279983
1492,1493,45.952034,0.661817,0.08635715,0.17084473
1492,2800,50.85389,0.6602089,0.096512556,0.19134507
1492,3261,76.240845,0.65980715,0.1411512,0.28164864
1493,3233,23.438486,0.6618129,0.04764097,0.09192419
1493,1492,45.869225,0.6618696,0.08600703,0.17060041
1493,1475,18.015265,0.6601604,0.036403175,0.070231274
1494,5351,105.12291,0.6618124,0.19190112,0.38134092
1494,3223,54.599773,0.66070294,0.101592414,0.20170337
1494,5356,78.89334,0.6628562,0.14318477,0.28640854
1495,3808,31.291443,0.6613256,0.061384834,0.11822453
1495,3601,36.233665,0.6616366,0.07028883,0.13691604
1495,3807,2.3190384,0.6598192,0.0037593842,0.007902324
1496,3017,144.4559,0.6427607,0.28989705,0.5718927
1496,3034,54.96722,0.6455314,0.102509685,0.20373267
1496,4933,30.805151,0.648382,0.06495273,0.1255906
1497,4934,2.5970764,0.6419345,0.0046120808,0.009821057
1497,4933,2.570881,0.64482677,0.0046683475,0.010108352
1497,3034,30.84449,0.6498128,0.06547625,0.12644057
1498,3195,4.4789314,0.6510453,0.008292288,0.016568452
1498,7006,3.0519676,0.6514818,0.005344145,0.0112002045
1498,3040,186.8371,0.65077937,0.36281326,0.71683383
1499,3176,275.0359,0.59974325,0.55960834,1.0969261
1499,5153,114.94711,0.6196871,0.23665205,0.46401262
1499,1588,148.42218,0.61931306,0.2747356,0.54185665
1499,1379,119.71124,0.61702603,0.22167405,0.43770403
1500,2403,39.543484,0.5960115,0.081538714,0.15902019
1500,1572,281.9228,0.5787055,0.537939,1.0534947
1500,6978,131.51195,0.5824738,0.27226073,0.5331708
1501,6983,1.2837563,0.5705805,0.0020730123,0.004741892
1502,1574,65.84093,0.60088384,0.12592416,0.24872763
1502,1384,53.196247,0.5989073,0.1020782,0.20093963
1502,3608,360.02917,0.58231854,0.67663485,1.3279366
1503,1582,4.159054,0.60100317,0.007281609,0.014903694
1503,904,24.612562,0.6013648,0.05063302,0.09732253
1503,1580,41.697144,0.6050142,0.08004953,0.15702114
1504,1384,121.198395,0.58438647,0.2529592,0.49611312
1504,1385,150.87321,0.58219105,0.28673235,0.5630774
1504,1505,22.02942,0.5870373,0.048029684,0.09248818
1505,5265,2.0108337,0.5819024,0.0034737512,0.0077660233
1505,1572,115.845146,0.58374983,0.21651345,0.42621568
1505,1504,21.627546,0.58294106,0.046755612,0.08985847
1506,534,35.642506,0.5417141,0.07623146,0.14762233
1506,2349,80.720825,0.5530161,0.16988866,0.33176702
1506,6839,256.77032,0.52422214,0.50501245,0.9834236
1507,1597,69.39468,0.59952223,0.131658,0.260009
1507,1593,23.739805,0.5958839,0.04905347,0.09442182
1507,1590,39.19537,0.5994995,0.07563517,0.14850976
1507,2375,130.79227,0.58884335,0.24550778,0.4828173
1508,6838,2.2732086,0.5273952,0.0027617961,0.006074071
1508,2374,228.322,0.54914457,0.44386488,0.86530703
1508,1512,39.902435,0.5269562,0.077889666,0.15094873
1509,2347,34.11296,0.57390213,0.06690051,0.12906761
1509,1510,7.0074997,0.5682847,0.013595603,0.027332857
1510,5155,159.03503,0.5441343,0.3077747,0.60125667
1510,1509,6.330864,0.5684603,0.011953078,0.024275437
1510,6914,2.6042824,0.5654827,0.004521981,0.009494007
1511,579,3.7570229,0.54348147,0.0067280307,0.01384747
1511,2238,27.224958,0.54310095,0.059144177,0.11329707
1511,583,31.525316,0.5495563,0.067690015,0.13121815
1512,5266,4.8394547,0.5277098,0.009018697,0.018237129
1512,3061,95.81539,0.54183096,0.18551937,0.36217353
1512,1508,39.706375,0.5260645,0.07754673,0.15002908
1513,3197,1.46064,0.57153946,0.0046653524,0.009771839
1513,1510,28.25185,0.5754029,0.056117006,0.106711306
1513,1514,45.31397,0.57529515,0.08679353,0.17078869
1514,538,1.9181404,0.57400435,0.0053823814,0.011370331
1514,2347,2.5822525,0.5783591,0.003928192,0.008224785
1514,1513,45.6428,0.57742625,0.08710431,0.17124519
1515,1354,72.2374,0.59186494,0.13840517,0.27362016
1515,2346,24.901426,0.5903375,0.05125162,0.0982219
1515,4949,50.101414,0.5974089,0.095155865,0.1867928
1515,1516,48.828636,0.5912873,0.09383909,0.18251021
1516,5905,0.68062973,0.5698273,0.0023350269,0.005132556
1517,2342,137.60913,0.5179084,0.2707239,0.5261469
1518,2343,9.067883,0.53352904,0.018247783,0.036354616
1518,3000,5.816841,0.53277296,0.01146704,0.023134068
1518,1517,6.3566895,0.526559,0.0125218555,0.025034472
1519,6587,0.67547226,0.45220393,0.004534833,0.0030235648
1519,6594,2.563858,0.7527392,0.002690293,0.0053019226
1520,5950,1.6134338,0.36091095,0.0031177923,0.006101668
1520,6927,2.3212814,0.3629995,0.005826898,0.01089552
1520,4157,126.46001,0.34414643,0.276058,0.5313626
1521,5170,1.9277725,0.6870537,0.004545957,0.009897456
1521,3571,13.755199,0.69023037,0.027076036,0.0524565
1523,1524,3.5855904,0.6068548,0.012421645,0.025113761
1523,1526,78.85508,0.6174748,0.18077707,0.35617518
1524,1921,12.564779,0.6153543,0.032975752,0.064766325
1525,1524,81.08353,0.6206808,0.16260767,0.31796956
1525,1526,6.0448914,0.6152921,0.042107277,0.08572525
1526,3106,134.01846,0.6374559,0.9955948,1.9568684
1527,418,45.08025,0.664552,0.0910483,0.18049362
1527,1529,3.407402,0.66625524,0.0065231025,0.0136876255
1528,1527,2.3220253,0.6623514,0.0042565465,0.00951542
1529,3267,3.2450447,0.6618285,0.0062160715,0.013210878
1530,3219,1.8386459,0.66356003,0.004482582,0.009022072
1530,1533,28.095032,0.67081064,0.055500366,0.10797661
1531,4198,2.0449753,0.6577476,0.0027713329,0.00612846
1531,1092,177.23592,0.665259,0.24427673,0.48517132
1531,2177,31.369177,0.6659947,0.061280265,0.11885521
1532,1533,5.7341995,0.6678748,0.011227354,0.022678941
1532,1531,28.946377,0.66890717,0.05734234,0.11076664
1532,1537,113.000534,0.6724795,0.22531366,0.44541103
1533,5869,42.31171,0.67244947,0.08140654,0.16092446
1534,1535,2.5379257,0.66443616,0.0038306117,0.008358389
1534,1536,98.209366,0.668257,0.18074347,0.35961092
1534,1532,30.441643,0.6689466,0.060004864,0.114652134
1535,1534,2.4906502,0.6673841,0.0042792335,0.009079784
1535,4198,35.660027,0.65340936,0.11276567,0.21864806
1536,1534,98.6198,0.66439867,0.1807989,0.35939896
1536,4680,69.683495,0.6667684,0.1276919,0.2553888
1536,2499,146.95135,0.6666367,0.20722899,0.41305164
1537,1532,112.43428,0.6706404,0.22466746,0.44412577
1537,1094,9.2817955,0.66991603,0.01886598,0.037486017
1538,1547,53.346096,0.6701009,0.09977947,0.19737655
1538,2745,254.1118,0.6697501,0.4632186,0.9126285
1538,1239,67.132,0.6725297,0.13362545,0.26663408
1538,1093,38.03793,0.67506206,0.078022555,0.1529135
1539,1540,38.622852,0.66989946,0.07434757,0.14608453
1539,3229,32.6196,0.6689347,0.064906895,0.1247448
1539,1240,101.66046,0.6687219,0.1875176,0.37261438
1540,1388,51.13292,0.6669966,0.09541901,0.18943118
1540,1539,38.485004,0.66934925,0.07409015,0.145906
1540,3229,18.741209,0.6677102,0.037817586,0.07287216
1541,2745,49.11451,0.6690539,0.09191576,0.18234998
1541,1096,141.34288,0.6712971,0.28313074,0.560309
1541,1543,18.310902,0.6739167,0.03785807,0.07295344
1542,1543,36.267338,0.67412424,0.074425325,0.1461352
1542,2120,97.19736,0.67404956,0.1951808,0.38738197
1542,2119,140.17279,0.670324,0.25593397,0.50724244
1543,1541,18.55094,0.6747529,0.038160946,0.073526256
1543,1549,30.094269,0.6740221,0.05981495,0.11468356
1543,1542,36.205193,0.6743568,0.07352447,0.14397769
1544,1090,83.5415,0.6732792,0.15400307,0.3075021
1544,1552,14.411123,0.6741402,0.02856969,0.05554875
1544,1546,108.12184,0.67398757,0.19757238,0.39299393
1545,1548,60.810703,0.67209,0.11896662,0.23856172
1545,1090,28.03902,0.6721415,0.058244627,0.11232788
1545,1546,21.469084,0.6719923,0.043493293,0.08379566
1546,1547,67.142555,0.668659,0.12264467,0.24548188
1546,1544,108.29973,0.675218,0.19718595,0.3923205
1546,1545,21.182207,0.6715565,0.043023795,0.082934685
1547,5243,2.2207909,0.66695815,0.0036234483,0.0071936697
1547,1093,10.619673,0.66960686,0.020846225,0.040765747
1547,1546,66.92983,0.66760397,0.123433396,0.246793
1547,1538,52.61781,0.6672222,0.099035025,0.19638546
1548,4348,2.3657112,0.66695696,0.004329428,0.009324506
1548,1545,60.14773,0.6716695,0.11877385,0.23807704
1549,1543,30.412285,0.67414975,0.060289714,0.1155993
1549,1390,112.96999,0.675967,0.20600887,0.40916336
1549,1550,104.41457,0.67626303,0.19133855,0.38084918
1550,1241,85.86263,0.6757791,0.15703169,0.31379047
1550,1549,104.76303,0.67483175,0.190602,0.37912196
1550,6616,36.385296,0.6710921,0.07084618,0.13713989
1551,1090,37.867603,0.6701473,0.07623372,0.15068299
1551,5131,11.493347,0.6704725,0.023209065,0.04579273
1551,1552,88.1466,0.6727473,0.16167882,0.32267493
1552,1544,14.428846,0.67404914,0.028669313,0.055625267
1552,1084,24.327108,0.67497325,0.049828693,0.09614468
1552,1551,87.819336,0.67377174,0.16202006,0.3233256
1553,3690,1.4767113,0.5519723,0.001740478,0.004231304
1553,2348,249.9131,0.5507398,0.48526534,0.94693244
1553,2402,67.942764,0.54980654,0.17763531,0.34599984
1554,723,19.840319,0.6104881,0.047139898,0.09202742
1554,5172,27.479588,0.608316,0.057484314,0.10916633
1555,695,131.08115,0.41929212,0.27334055,0.5259295
1555,5255,99.5161,0.4456612,0.27552295,0.5326589
1556,251,67.19623,0.4826817,0.1809694,0.3514916
1557,4883,2.1648903,0.6412732,0.0038136393,0.0083633065
1557,4884,16.13166,0.6413918,0.033228546,0.06449175
1558,4788,235.99548,0.7253001,0.18995526,0.37962526
1559,1560,75.51462,0.7149247,0.1356087,0.27114028
1559,1794,67.48247,0.73904496,0.1479905,0.29474378
1559,4738,23.546452,0.71858656,0.05317263,0.10480531
1560,1559,75.21174,0.7138102,0.13654348,0.2729048
1561,746,2.20549,0.6714604,0.0057583675,0.011898011
1561,6065,146.42905,0.67074156,0.4172482,0.8280224
1562,383,3.1377258,0.69038033,0.005517751,0.011198014
1562,823,27.592495,0.69290906,0.054469917,0.105304234
1563,5757,39.952282,0.6787223,0.09265617,0.18325327
1564,6398,44.1944,0.67026424,0.10617613,0.20318086
1565,4088,17.616096,0.6772517,0.037108842,0.072176896
1566,1563,5.4394035,0.6788584,0.012421139,0.024959803
1566,1567,18.02354,0.6799116,0.033634655,0.065843105
1567,2986,40.147724,0.6769939,0.083028644,0.16279383
1568,1563,17.052341,0.6771836,0.031100009,0.06100969
1568,1565,33.19008,0.68065166,0.068725884,0.13471113
1569,1564,6.355461,0.67602974,0.014758751,0.0293089
1569,1565,20.212782,0.6820256,0.036949303,0.0717152
1570,5708,23.607603,0.64742154,0.06602351,0.12776601
1570,4060,11.745544,0.64384574,0.023359902,0.046007097
1571,5111,2.1490135,0.6098026,0.0034205988,0.0072976947
1571,5976,33.209133,0.61598915,0.0662164,0.12704018
1571,562,25.522831,0.6131493,0.053124107,0.102600165
1572,1500,281.51617,0.57608587,0.5395873,1.0558573
1572,2350,108.42193,0.5804865,0.20264077,0.39725256
1572,1505,115.682785,0.5806917,0.21713626,0.42709547
1573,1384,37.098976,0.59879404,0.07696667,0.15141565
1573,1383,34.107845,0.60003453,0.07181684,0.14106107
1573,1574,77.99431,0.59842134,0.1475341,0.29159433
1574,1383,112.283356,0.5965716,0.20938963,0.41318533
1574,1502,65.81869,0.5990346,0.12552062,0.2477873
1574,1573,78.141174,0.5961788,0.14759599,0.29172075
1575,1577,82.79529,0.59760046,0.15587983,0.30779397
1575,1385,59.003075,0.5965768,0.11278734,0.22264051
1575,1383,37.406097,0.5975199,0.072676115,0.14300667
1576,1577,24.651245,0.6008826,0.050756425,0.09757266
1576,1578,52.159935,0.6032072,0.099716336,0.1960205
1576,904,41.187008,0.6036541,0.07910923,0.1553576
1577,906,52.9857,0.6051474,0.100741684,0.1980479
1577,1575,82.72441,0.59725887,0.15573746,0.30729544
1577,1382,35.27178,0.6058055,0.06971089,0.1350402
1577,1576,24.748674,0.5995134,0.050813455,0.09773725
1578,1385,91.903366,0.5936467,0.17327441,0.34151453
1578,1582,27.662043,0.5997579,0.0563108,0.10757863
1578,1576,52.39662,0.60240597,0.09967636,0.19589035
1579,1581,17.446499,0.601019,0.035782207,0.06954196
1579,1582,32.47199,0.60145426,0.06428594,0.123605296
1579,1595,31.413101,0.60103184,0.062248465,0.119842276
1580,1581,22.964273,0.60339224,0.04734853,0.09158106
1580,1584,14.321362,0.60511816,0.02901809,0.056741513
1580,1503,41.912457,0.60541576,0.080206074,0.15715131
1581,1580,23.157494,0.60269207,0.047820006,0.092641495
1581,1579,17.384281,0.60143596,0.035525188,0.06911277
1581,1598,38.44006,0.606689,0.07479746,0.14567353
1582,1503,4.3691864,0.60056615,0.0076828003,0.015637442
1582,1578,27.315025,0.59959954,0.055433918,0.10584363
1582,1579,32.39736,0.60108936,0.06384807,0.12271094
1583,1584,24.546217,0.60435295,0.050613306,0.09755768
1583,905,40.652878,0.60963154,0.07882026,0.15377624
1583,906,46.422096,0.6069425,0.088596426,0.17389469
1583,1585,26.403202,0.6057328,0.05400819,0.10358878
1584,1580,14.584965,0.60433865,0.029624615,0.057902962
1584,1583,24.470592,0.60454774,0.050404027,0.09705836
1584,904,44.145573,0.60549855,0.08424452,0.16507767
1584,546,39.808064,0.6096101,0.07615026,0.14896363
1585,5561,22.60423,0.612431,0.047640152,0.09178353
1585,5104,36.69616,0.6132664,0.075752005,0.14735772
1585,1583,26.234568,0.605773,0.05349328,0.102549516
1586,1587,5.612953,0.6207076,0.010852873,0.0217496
1587,1586,5.2454185,0.61536604,0.009465292,0.01894486
1587,1588,87.372154,0.6204852,0.1628119,0.32239264
1587,6894,65.49995,0.620199,0.12210736,0.24216312
1588,6894,116.11813,0.6196652,0.21534003,0.42429668
1588,1499,147.75624,0.61837035,0.27440858,0.54135233
1588,1587,87.014435,0.6220637,0.16405119,0.32486877
1589,908,42.41774,0.6141166,0.08203567,0.1616097
1589,547,63.194862,0.6158327,0.118827626,0.23582529
1589,5563,74.83806,0.6136509,0.14076023,0.27922368
1590,1591,21.531975,0.5992505,0.044019137,0.08518738
1590,1597,22.914062,0.60032684,0.04695747,0.09099305
1590,545,28.700703,0.6008779,0.05729388,0.10967868
1590,1507,39.034355,0.60129726,0.07560469,0.14813228
1591,1590,21.483469,0.5992707,0.043940462,0.085055366
1591,1592,23.579788,0.5971967,0.048282925,0.09330323
1591,1593,29.69952,0.59727764,0.059202682,0.11321836
1591,544,37.695175,0.60213315,0.07295838,0.14301515
1592,1591,23.669813,0.5975087,0.04844206,0.093611024
1592,1594,24.88647,0.5972302,0.05128602,0.09843502
1592,1355,22.923218,0.59854245,0.046968583,0.09124597
1593,1594,19.220198,0.59720105,0.03943162,0.076426454
1593,1591,29.864655,0.5974902,0.05941606,0.11389047
1593,1507,23.79706,0.597445,0.04920582,0.09501025
1594,1593,19.12561,0.5965725,0.039250664,0.075972214
1594,1354,116.39274,0.59011686,0.21784729,0.429475
1594,1592,25.111506,0.5961388,0.051567752,0.098764285
1595,1579,31.374043,0.6011286,0.062117122,0.11954816
1595,1597,13.801355,0.6009509,0.027957678,0.054744527
1595,1596,29.080204,0.60132,0.058275,0.111782335
1596,2601,1.7870865,0.60388845,0.0023902208,0.0054655224
1596,1595,29.081497,0.6021595,0.058519155,0.11197488
1596,1598,21.288818,0.60725236,0.04553129,0.087948546
1597,1507,69.548096,0.60079986,0.131473,0.259813
1597,1590,22.923452,0.6003795,0.046961434,0.09090269
1597,1595,13.681086,0.6014933,0.027720347,0.054160208
1598,1581,38.48052,0.60464686,0.07522662,0.14708544
1598,6409,20.80163,0.6112692,0.04534181,0.08767024
1599,2594,39.300205,0.6788888,0.07519793,0.14743046
1599,1288,38.301502,0.6791392,0.073201224,0.14316913
1599,2597,123.38403,0.67898774,0.22438335,0.4449274
1600,3011,2.178215,0.6741172,0.003227286,0.0069648772
1600,1601,2.1544533,0.6662575,0.005264148,0.010617986
1601,3009,6.2072144,0.65317845,0.013583541,0.02680555
1601,2192,12.085501,0.06970686,0.028403603,0.057866536
1602,1603,10.731989,0.694269,0.02168674,0.042811677
1602,2093,86.028305,0.6915752,0.17565134,0.3477147
1603,3060,23.080261,0.6954598,0.047770772,0.09168732
1603,1602,10.795248,0.6945086,0.021718316,0.042757288
1603,3161,59.365753,0.6949642,0.10718285,0.21390545
1604,3057,84.74489,0.689196,0.15465188,0.30925184
1604,3060,178.26532,0.6897028,0.35685533,0.70400125
1604,1606,71.931366,0.69274825,0.1422633,0.28395408
1605,1300,36.41046,0.69400346,0.0733303,0.14249255
1605,3056,29.912306,0.6959232,0.06140212,0.118274584
1605,1298,91.58269,0.69567525,0.16756779,0.33454466
1606,3056,3.7365723,0.6937293,0.007366799,0.015003726
1606,3058,115.750374,0.6953902,0.21013126,0.41777492
1606,1604,70.416855,0.6945339,0.14013599,0.2807059
1607,3057,48.835247,0.689232,0.09123538,0.18054938
1607,1301,107.69218,0.6936626,0.26195037,0.52028304
1607,1944,91.56096,0.68704575,0.19653392,0.39008576
1608,5110,1.6755409,0.6198982,0.0031492934,0.007264018
1608,5341,33.319035,0.6236177,0.0676063,0.13028538
1609,5975,26.160793,0.61864114,0.053414725,0.10267582
1609,5977,5.5587234,0.61728907,0.010331556,0.020695746
1610,5111,32.067844,0.6139591,0.064913586,0.12501062
1610,5977,27.192863,0.6187628,0.06805913,0.13161328
1611,1612,28.221922,0.6277535,0.070316605,0.13747181
1612,1613,2.4916267,0.6247952,0.0067189634,0.014056474
1612,6158,13.803801,0.029729366,0.059991717,0.12375161
1613,900,0.0,0.034149826,0.0040997937,0.008303285
1614,6609,36.872654,0.6447011,0.07232302,0.14050293
1614,943,72.32187,0.64145505,0.13366348,0.26694778
1614,964,33.500122,0.64138395,0.06576,0.12770334
1615,4625,21.146402,0.034717977,0.091913804,0.19106236
1616,4626,2.0763817,0.7378155,0.0032865107,0.007064432
1616,6034,92.2076,0.7344121,0.13297361,0.26399106
1616,6465,148.69443,0.7366112,0.28479046,0.56154263
1617,4634,1.7733879,0.74347746,0.0028120354,0.0061968565
1617,4210,14.890524,0.74040955,0.031205397,0.061053336
1618,4608,1.8543243,0.7297615,0.0029859021,0.0062663704
1618,326,3.990654,0.7295563,0.0066807866,0.013945714
1618,4187,6.4627,0.7300026,0.0122572705,0.024533525
1619,2123,36.86097,0.72395766,0.07258104,0.1395616
1619,1659,14.012318,0.7230337,0.028030835,0.054304242
1619,5706,15.557838,0.7252768,0.031108957,0.060070492
1620,5707,2.667202,0.7224958,0.0015406609,0.0041781366
1620,5706,15.496447,0.72458994,0.03149107,0.061062224
1621,3802,1.8399544,0.6071396,0.0026709437,0.00574781
1621,1892,48.757515,0.603519,0.092800066,0.18250175
1621,6704,32.308582,0.6117722,0.06892927,0.1346041
1622,1685,5.2317085,0.43955553,0.010869488,0.021480888
1623,1685,53.728218,0.43835527,0.107859515,0.20838952
1623,1624,50.798645,0.4147928,0.10484771,0.20053937
1623,199,1.8589821,0.43840933,0.0035773441,0.007492557
1624,7028,2.4694443,0.383584,0.004838161,0.00954102
1624,1680,17.634214,0.3891939,0.038480297,0.07397629
1625,2833,18.986694,0.49098444,0.040360034,0.077905156
1625,2308,10.504337,0.5070188,0.021667808,0.042499587
1625,2627,186.64955,0.52978414,0.3639245,0.7085795
1626,361,228.85988,0.6507941,0.41428247,0.8147056
1626,6184,102.17188,0.65815854,0.18750334,0.3711208
1627,3069,0.4540558,0.64671344,0.009238578,0.018241584
1627,3218,1.9704361,0.65378433,0.002791144,0.006608233
1628,6850,0.8379555,0.038791537,0.007664524,0.016130894
1628,4710,5.5771484,0.44162893,0.010156907,0.014410511
1629,6641,17.551998,0.055981785,0.075841926,0.15986747
1630,2444,2.8451462,0.4898684,0.0024920404,0.0037102997
1630,5660,2.52063,0.72430056,0.0031240657,0.005333692
1630,6561,23.43606,0.72893363,0.0600186,0.11716069
1631,1634,2.202507,0.7440132,0.002969645,0.0061539263
1631,3117,2.3281174,0.7421661,0.003371209,0.00709112
1631,1633,39.269196,0.7361722,0.1047024,0.20392507
1632,3091,2.2156105,0.74030495,0.0036477372,0.00782907
1632,3095,2.5897446,0.73959625,0.0048862323,0.009172469
1632,1631,34.970367,0.7341419,0.09508609,0.18693277
1633,3118,1.9331589,0.7414252,0.002724737,0.0058972687
1633,2519,68.62969,0.73954797,0.20794484,0.4110898
1634,1631,2.3236885,0.7411959,0.003433317,0.0069690347
1634,3091,34.417816,0.738964,0.097163096,0.18990953
1635,2502,76.47304,0.7507388,0.2384958,0.47619557
1636,188,31.684841,0.68807673,0.07484184,0.14698163
1637,1308,47.507202,0.6836995,0.08931766,0.17661266
1637,5861,92.95293,0.6896479,0.22279629,0.44249588
1638,5012,101.07277,0.68334436,0.23927096,0.47434735
1639,6396,7.1550674,0.68346184,0.016013145,0.03225413
1639,5338,6.164173,0.6848204,0.009832844,0.020648748
1640,1638,32.80997,0.68030035,0.059538443,0.11789614
1640,1639,4.5835915,0.6819496,0.010093711,0.020596817
1641,6345,67.47223,0.68844527,0.13791001,0.2742852
1642,1641,5.6624184,0.6856984,0.011617936,0.024005115
1642,182,6.141506,0.6842794,0.013780579,0.028085351
1643,1641,11.585964,0.6869066,0.021689579,0.043155566
1643,1642,7.9076195,0.6753334,0.018710248,0.036200166
1644,3460,4.907009,0.690128,0.011358991,0.02323401
1644,2508,6.8626556,0.68795645,0.013071433,0.026701003
1645,2901,10.3409195,0.69052786,0.022983871,0.045544118
1646,5534,14.047081,0.6895772,0.031829946,0.062378116
1647,3476,63.415565,0.6662549,0.12920229,0.25624436
1647,2947,2.2972183,0.67520857,0.0045418963,0.009797633
1648,5735,3.8083305,0.6876331,0.008054487,0.016520023
1648,2741,17.039898,0.685279,0.030571777,0.060081795
1649,5076,9.913853,0.68297267,0.022666596,0.045080006
1650,98,37.251072,0.6619293,0.07726088,0.15232219
1650,378,17.195675,0.6571356,0.035614017,0.06870619
1651,2005,101.83329,0.67502666,0.24385804,0.48135096
1652,6972,99.374176,0.7227371,0.17900151,0.35773665
1652,404,56.29001,0.7222365,0.10186842,0.2027984
1652,3274,73.87059,0.7185906,0.13164029,0.26275343
1653,5414,5.2873306,0.70837355,0.009700701,0.019430429
1653,3352,5.396721,0.70912623,0.0098387,0.019640148
1653,1654,21.45701,0.7096373,0.042889193,0.082817405
1654,1653,21.583965,0.7076615,0.042841095,0.0829586
1654,30,256.89777,0.71079266,0.45514148,0.8980894
1654,1473,212.17961,0.70971674,0.37484413,0.7406963
1655,1656,84.903595,0.71970326,0.1650948,0.32970923
1655,402,120.5231,0.7187191,0.23876059,0.47340637
1655,403,72.18564,0.71605456,0.12957466,0.2586785
1656,2160,7.9299583,0.7184458,0.015581302,0.030677587
1656,1655,83.7578,0.71783984,0.16473603,0.32933444
1657,1022,122.48471,0.6450952,0.22501272,0.44541162
1657,1391,31.427704,0.6341058,0.07646372,0.15120196
1658,5227,2.610695,0.72296077,0.0047623813,0.010327861
1658,2160,48.060776,0.72147506,0.09265532,0.18274473
1658,6970,50.90867,0.72553015,0.09260411,0.18353285
1659,3296,32.34083,0.72362864,0.064091206,0.12341245
1659,1619,13.632162,0.7222254,0.027186796,0.05266045
1659,2124,117.93998,0.7254635,0.21326324,0.42418683
1660,4179,16.60831,0.7256818,0.03355523,0.064863525
1660,6039,20.23532,0.7277224,0.041549366,0.08159757
1661,3559,69.9583,0.7235123,0.1360994,0.2724415
1661,4179,23.127419,0.7241286,0.04682866,0.09079298
1661,2156,37.19319,0.7249085,0.07029824,0.13394496
1662,3296,41.54545,0.7243517,0.08203964,0.16029431
1663,2139,447.75403,0.70490974,0.78849673,1.5598103
1663,2231,27.512012,0.7221854,0.05295314,0.10293162
1664,1249,53.53042,0.58246726,0.10374442,0.20411617
1664,6712,66.74657,0.60726464,0.12661357,0.25067675
1664,2834,67.65423,0.5863445,0.1292509,0.2555129
1665,793,2.0365753,0.656834,0.0029048324,0.0062870085
1665,6351,34.569866,0.65982914,0.08226387,0.16153884
1666,1665,18.591976,0.66127545,0.042275704,0.0818043
1667,6580,1.7885437,0.6525523,0.004566215,0.0097287595
1667,1666,4.9560394,0.65311164,0.011756301,0.02397734
1668,1686,33.4925,0.37424618,0.07153625,0.1359139
1668,1672,52.620674,0.36389577,0.10991206,0.21109022
1668,1314,2.0343819,0.35219064,0.0040698946,0.007931411
1669,369,9.52272,0.446617,0.020866945,0.040611103
1669,627,2.3389359,0.4416128,0.0046433583,0.009535238
1669,2727,31.767757,0.47308874,0.061947066,0.11593977
1670,1680,27.033434,0.3731107,0.05909097,0.11147662
1670,1668,13.009739,0.35816345,0.02817963,0.05389203
1671,6628,2.2764359,0.40299034,0.0039998144,0.007850274
1671,1266,66.87118,0.3895741,0.13984142,0.27025455
1671,1675,41.996193,0.38835573,0.08781487,0.16687478
1672,1679,42.064255,0.3924197,0.088994175,0.16833848
1672,1263,1.8288193,0.37480524,0.0036170557,0.0071674585
1672,1678,28.570652,0.38739198,0.06155643,0.116250224
1673,1318,9.27747,0.3541345,0.021290742,0.040338308
1673,2316,50.649994,0.37634784,0.104693145,0.20027308
1674,1685,39.115917,0.46022916,0.07827045,0.15044954
1674,1312,62.85295,0.48290467,0.13818818,0.26739112
1674,2833,33.70603,0.4820607,0.07410477,0.14375053
1675,1321,72.644165,0.35864413,0.15671542,0.30300266
1675,1318,61.317352,0.35420024,0.13285467,0.25592074
1675,1264,2.448162,0.37338805,0.0049388185,0.009672999
1676,370,27.819529,0.42569694,0.06346309,0.119880915
1676,369,11.088486,0.44331235,0.024443544,0.047349557
1676,2316,31.285107,0.42177713,0.066134594,0.12500326
1677,1265,14.981791,0.42806607,0.031947117,0.061462693
1677,1261,50.04983,0.45551062,0.10094401,0.19554625
1677,1262,48.98443,0.46455866,0.09709346,0.18889916
1678,1672,28.659365,0.38848746,0.061142057,0.11531734
1678,1265,24.354761,0.41263774,0.053348858,0.10041824
1678,1232,45.46456,0.41803944,0.09282649,0.17839819
1679,1232,35.056465,0.4213195,0.079263195,0.15142255
1679,1684,128.87115,0.45518756,0.26104045,0.5041184
1679,6629,1.8975487,0.40697995,0.004029177,0.008258849
1680,1670,26.59041,0.3754145,0.058782008,0.110583924
1680,1624,17.341948,0.38905543,0.037826113,0.07280291
1680,1686,11.252274,0.3911168,0.024101667,0.046444744
1681,7032,7.9186516,0.548658,0.015141442,0.029949352
1681,5371,124.461914,0.5250473,0.24233046,0.47274488
1681,1684,61.4757,0.5263832,0.117799535,0.23124543
1682,5371,70.21339,0.498847,0.13908936,0.27066267
1682,1262,37.119045,0.4916388,0.08107503,0.15869536
1682,1261,31.349754,0.48239002,0.06966465,0.13446042
1683,1312,2.7717514,0.4968249,0.006285228,0.012652338
1683,4952,3.9544106,0.4970138,0.0062810928,0.012608692
1684,198,1.5642204,0.5063587,0.0028587505,0.0063620657
1684,1232,119.077614,0.47852862,0.26199877,0.5075735
1684,1681,60.9317,0.5265496,0.11688225,0.22928926
1684,1679,128.56293,0.45314336,0.26230755,0.50626767
1685,1622,5.0438347,0.4434507,0.010262601,0.0204525
1685,1623,52.694252,0.4413798,0.105515905,0.20423599
1685,1674,39.187256,0.4595067,0.07762175,0.14930941
1685,1686,42.430477,0.4156149,0.0868844,0.16698322
1686,1668,33.49253,0.37233377,0.071495585,0.13521871
1686,1680,11.091644,0.38860697,0.02376791,0.045653567
1686,1265,56.99745,0.3997757,0.11735854,0.22596806
1686,1685,42.836624,0.41342455,0.086412,0.16598661
1687,2895,26.39203,0.6630269,0.06284122,0.12079635
1688,5333,5.1829414,0.6229787,0.010292143,0.02091363
1688,6525,120.97044,0.6625951,0.24301496,0.48125893
1689,3349,4.1583824,0.7043498,0.007881768,0.016134366
1689,2138,79.824036,0.7138071,0.1569044,0.31302917
1689,3348,6.6650467,0.704607,0.012563482,0.024983421
1690,2940,29.771841,0.4289329,0.10901698,0.17580514
1691,6232,2.930069,0.7086741,0.0053025633,0.010933489
1691,7074,0.0,0.10958886,0.008583285,0.016878352
1692,4459,14.907366,0.6854991,0.030621886,0.05955623
1692,6911,24.204046,0.68721783,0.036380216,0.07229947
1693,3327,2.3483772,0.6874601,0.003906518,0.0071114153
1693,1692,19.261953,0.6841146,0.032793783,0.06361205
1694,452,12.002495,0.6763572,0.024118215,0.04703428
1694,1693,31.849512,0.6756564,0.05095964,0.100027464
1695,6404,1.9808006,0.6755497,0.0034472942,0.007382348
1695,1694,31.646965,0.6762447,0.04653874,0.090800814
1696,2578,50.34471,0.69836617,0.14972696,0.29697883
1696,832,10.893185,0.6941282,0.02146072,0.04219085
1697,1868,1.4439774,0.67721677,0.0039616525,0.008854315
1697,127,13.002834,0.6809331,0.026574202,0.051396057
1698,3678,1.6356773,0.67708504,0.0045934916,0.010123789
1698,6743,46.30536,0.68061113,0.108222365,0.21527332
1699,87,2.3512573,0.6861216,0.0045279935,0.009539574
1699,1697,78.57938,0.6877902,0.18734634,0.37290317
1700,1119,2.712326,0.6801057,0.004965216,0.010643393
1700,2885,45.7037,0.6875833,0.1370078,0.2736671
1701,83,2.700966,0.669921,0.0052742735,0.011298016
1701,5823,1.9712639,0.6693226,0.005447954,0.011770919
1702,5825,28.685007,0.6710256,0.07151144,0.13911477
1702,4197,53.92948,0.66890764,0.13207118,0.2602343
1703,1706,19.245014,0.6067384,0.050632577,0.09901392
1703,4937,1.5256424,0.6025731,0.0018552169,0.004714817
1704,2995,198.40831,0.57207924,0.16768546,0.3298186
1704,6712,127.01368,0.6076648,0.26644722,0.52041364
1705,5821,21.327164,0.5909275,0.043578826,0.08436683
1705,1710,84.68487,0.5837856,0.2594287,0.5099003
1706,1705,15.341463,0.5977875,0.040311046,0.07879642
1707,6246,27.53156,0.60649437,0.07775176,0.15167932
1707,6245,37.462593,0.6035894,0.075552836,0.1482153
1708,2720,43.48344,0.66199356,0.08327105,0.16443346
1708,6250,11.750431,0.6593597,0.03119931,0.061346553
1709,2996,4.3859024,0.6204754,0.00835868,0.017217472
1709,2698,132.24852,0.6123397,0.27186382,0.53445584
1709,6776,48.098938,0.62737185,0.09251352,0.17950545
1710,2588,59.873486,0.5818705,0.18611537,0.36575896
1711,2680,90.588715,0.65007097,0.12708011,0.25353625
1711,4107,20.034513,0.64677227,0.0539275,0.10643297
1711,5828,13.665876,0.642738,0.025282644,0.049525693
1712,4980,65.07139,0.62066096,0.067414515,0.12862612
1712,1020,166.37457,0.63627326,0.33769086,0.6626461
1713,2590,33.64012,0.57217133,0.07298942,0.14053679
1714,3826,2.3976135,0.6053495,0.004063353,0.008595258
1714,1716,4.302414,0.60753083,0.013480343,0.026836172
1715,6020,29.862696,0.6090706,0.08888358,0.17384313
1715,1917,33.66607,0.60951847,0.084956154,0.16473319
1716,1469,2.1980858,0.60709506,0.004073642,0.008707017
1716,2272,54.081207,0.60550106,0.17374322,0.34211463
1717,1719,0.88666916,0.6008322,0.0030250922,0.006424308
1717,1703,45.873367,0.60426545,0.14614972,0.2881495
1718,2661,97.940994,0.609226,0.18725339,0.3696191
1718,5237,45.277287,0.6021854,0.14474554,0.28418952
1719,1717,1.0711937,0.6018933,0.0033340827,0.0070934445
1719,4001,20.496807,0.61053324,0.05596791,0.10939982
1720,78,2.1369705,0.59550434,0.0030770972,0.0068897307
1720,2655,74.86156,0.59743494,0.24181795,0.4771127
1721,3431,2.6861877,0.6275783,0.0044879094,0.009688914
1721,4918,24.731724,0.011801779,0.120753564,0.25531515
1722,2915,6.7421646,0.65432,0.013040796,0.025991455
1722,822,68.455894,0.655557,0.12582727,0.2517377
1722,4196,7.5515556,0.6608896,0.012555435,0.025557995
1723,4184,2.5161018,0.709968,0.004335135,0.008534148
1723,3643,47.622566,0.70997256,0.08747031,0.17119911
1724,1725,0.9487457,0.6150925,0.0054270774,0.010726586
1724,2687,30.997684,0.6211923,0.07407078,0.1448343
1725,2684,17.81887,0.61921436,0.036551,0.07147477
1725,6777,44.617474,0.623093,0.13854438,0.27149934
1726,1724,13.798296,0.61710566,0.03506088,0.06866524
1727,6244,7.947323,0.61606073,0.020196676,0.04015848
1728,1719,27.258335,0.6093551,0.07886982,0.15667367
1728,1729,147.08072,0.6063821,0.27604067,0.54374754
1729,2685,3.0544052,0.60784566,0.0056258067,0.012186095
1729,1728,146.34366,0.60821956,0.27653766,0.54441446
1730,3485,4.5327415,0.6585572,0.00823009,0.015792325
1730,5647,23.833332,0.0,0.06163158,0.1281968
1730,2003,100.60187,0.70733106,0.1786435,0.35622156
1731,5355,95.31526,0.69857955,0.17143834,0.34170175
1731,7035,13.325745,0.10757804,0.04098083,0.08130302
1732,6098,2.1222305,0.6903534,0.0043810904,0.009873584
1733,391,2.6884727,0.6940891,0.004364215,0.008035019
1733,3403,53.24859,0.69801605,0.09642593,0.1888386
1733,6802,17.49524,0.107430935,0.054478966,0.10805069
1734,1735,209.60353,0.72614264,0.36319274,0.7181456
1734,1979,112.64594,0.7275443,0.20297873,0.40464872
1734,74,96.703636,0.7254878,0.17246068,0.3454447
1735,2821,98.39624,0.7319345,0.17426026,0.34792843
1735,1734,207.83176,0.72813857,0.36352652,0.7192491
1735,6036,151.2677,0.73357576,0.28869703,0.5702395
1736,1737,102.048355,0.74099785,0.18344326,0.36599976
1736,1617,80.41673,0.740272,0.15261367,0.3048774
1737,1736,101.90726,0.74147505,0.1809851,0.36233336
1737,495,98.34914,0.73744136,0.17533568,0.34849757
1737,5497,3.4542923,0.7408307,0.006021075,0.01183489
1738,2444,22.758373,0.44872454,0.05061598,0.07031673
1739,7015,0.9309349,0.55534154,0.0027614683,0.0058896393
1739,3815,36.392467,0.56032574,0.07165911,0.13997652
1739,6689,13.815027,0.5598767,0.031842254,0.06296237
1740,899,43.832226,0.62598985,0.08452792,0.16605443
1740,6602,81.46509,0.61942554,0.21426745,0.42289257
1741,4353,7.808029,0.624965,0.016163856,0.03248009
1741,3768,1.6927109,0.62694716,0.004771188,0.010491937
1742,1109,10.109768,0.6438875,0.019828185,0.03893274
1742,1109,7.8680305,0.6437279,0.015128575,0.029822916
1742,6942,64.571236,0.6453417,0.11904064,0.23410375
1743,2142,1.9580345,0.6796715,0.0029671043,0.006447792
1743,3346,160.92728,0.67102396,0.2933988,0.5792881
1743,5464,32.945786,0.6917107,0.063369706,0.12125999
1744,3348,225.83925,0.70892334,0.3970936,0.7841742
1744,1745,5.648758,0.71264565,0.010535903,0.021258473
1745,4943,7.9044685,0.71361136,0.015014,0.029662624
1745,3347,4.331936,0.7136243,0.007859133,0.016155332
1746,3360,3.240738,0.72940844,0.0052075535,0.010706976
1746,6484,86.802734,0.73520726,0.15402144,0.3077769
1746,2936,201.32788,0.7402186,0.37466082,0.74006647
1747,6961,175.71326,0.60283667,0.3311006,0.65125215
1747,6534,8.357548,0.6195229,0.016062513,0.032230064
1748,5770,175.89447,0.65070677,0.32588825,0.6418778
1748,3262,277.86133,0.71289086,0.49482957,0.97495264
1748,1794,320.86212,0.7165493,0.569294,1.1231734
1749,3986,2.7729454,0.72665524,0.0026908144,0.00598754
1749,5324,27.97425,0.7291014,0.054354805,0.105647035
1750,3153,32.742172,0.7183526,0.052032094,0.102070704
1750,3153,32.651062,0.72051585,0.053529344,0.1048994
1751,2125,217.57088,0.7236485,0.4177937,0.8261579
1752,2520,41.839783,0.6745013,0.2613004,0.51243186
1752,1945,22.785088,0.6850829,0.04830816,0.093561955
1753,3104,20.464172,0.6577672,0.069343105,0.13639428
1755,1763,55.530087,0.666291,0.10833858,0.21231821
1755,1759,10.653645,0.64526373,0.061333768,0.12594786
1756,1763,11.889719,0.6530189,0.058726612,0.11912669
1756,1759,38.121,0.65968263,0.07827222,0.14921443
1757,1753,12.664637,0.6544646,0.056070365,0.113441385
1757,3105,64.95788,0.66457176,0.13058454,0.2566646
1758,3103,38.116436,0.66967857,0.09541852,0.18706805
1758,1754,8.317242,0.6520253,0.050891865,0.10396701
1759,311,8.83989,0.64927596,0.053149108,0.10746304
1760,2853,28.609802,0.6653857,0.104297444,0.2099
1761,89,29.831903,0.6626711,0.05976191,0.114369705
1761,473,85.08835,0.6652294,0.15737385,0.31485558
1762,3093,36.310238,0.6702667,0.21731877,0.42917284
1762,6010,64.63207,0.68678725,0.12534904,0.24823618
1763,6605,10.095909,0.6663574,0.02196917,0.043105736
1764,3103,12.81115,0.65983766,0.059872147,0.12255575
1764,1754,59.660564,0.67347294,0.1194704,0.23548302
1765,1817,147.13062,0.6934393,0.26574844,0.52583176
1765,3346,16.61677,0.6738527,0.03316315,0.06414388
1765,2976,97.14348,0.6810711,0.17413303,0.34708607
1766,1823,28.052197,0.46080285,0.059392184,0.113130905
1766,6198,24.900888,0.45669448,0.054746706,0.10367102
1767,6217,58.930115,0.35658044,0.15278798,0.29728425
1768,2522,4.9316864,0.6897123,0.010960519,0.021686181
1768,3742,61.543266,0.6876919,0.12355086,0.24607313
1769,948,49.062077,0.6677512,0.11496185,0.22586468
1770,5838,29.182066,0.6712253,0.06970325,0.13684422
1771,1770,6.598297,0.6677895,0.015998185,0.032200277
1771,5721,2.410572,0.6666645,0.009260677,0.018973619
1772,1769,1.7556877,0.6649282,0.0048409104,0.010678813
1772,6728,3.364769,0.6722979,0.008536838,0.017362088
1773,1775,5.6401215,0.6642189,0.012990139,0.025737226
1773,6728,2.4170609,0.65860754,0.006474398,0.013572693
1774,947,23.640965,0.6690581,0.06257009,0.120977364
1775,1344,99.935684,0.6646374,0.3293531,0.6527897
1776,1777,2.6215858,0.68459785,0.0046845376,0.009975672
1777,1776,2.6236458,0.68201786,0.0041026324,0.008687526
1777,1369,36.840107,0.68476593,0.07113306,0.13720976
1777,3828,32.605034,0.6893703,0.0643665,0.12270214
1778,1779,1.8725777,0.62357545,0.0025802478,0.0052243173
1778,1358,56.655663,0.6251561,0.1448715,0.2867047
1779,1778,1.9119873,0.6164649,0.0026066452,0.004515931
1779,6590,2.4680939,0.62262815,0.0036787018,0.0070556104
1779,3544,31.643219,0.011615157,0.17085329,0.36110246
1780,1365,3.9738808,0.6893779,0.007993668,0.016040519
1780,2787,21.35533,0.6913698,0.044906355,0.08684546
1781,5013,137.08331,0.52773535,0.26872337,0.52391285
1781,4063,92.331055,0.5542954,0.18103178,0.35351226
1781,690,60.117714,0.54027134,0.11684492,0.22865838
1782,1995,1.4777145,0.53994304,0.0014431104,0.0038247705
1782,1831,45.869602,0.5342163,0.11271794,0.21943219
1783,4524,1.5611382,0.5228223,0.002341643,0.00496535
1783,4523,3.0903473,0.52492714,0.004384175,0.009317547
1784,1785,1.7530441,0.5192353,0.0016925856,0.0038606822
1784,4020,5.290779,0.5196744,0.010733165,0.021272078
1785,1784,1.7654686,0.52165616,0.0016505867,0.0036171377
1785,1783,24.231045,0.52069336,0.051770113,0.099115446
1786,4248,13.273214,0.54776084,0.031333968,0.061194405
1787,5385,2.9015694,0.6690073,0.0058624297,0.012327671
1787,3046,36.738457,0.6678753,0.07584236,0.15062708
1788,3067,76.76077,0.6830184,0.139463,0.27958563
1788,872,90.850266,0.68808156,0.16556793,0.33047175
1788,1275,74.61871,0.68236166,0.13609082,0.2730306
1789,5204,1.6102104,0.5133596,0.0021024942,0.004457265
1789,1442,48.12284,0.5151506,0.09436182,0.18424526
1789,4678,27.454664,0.5065103,0.06104043,0.11699216
1790,1441,26.349014,0.5364389,0.057848174,0.11014956
1790,1825,11.96089,0.54188305,0.026462644,0.051686972
1791,1061,24.00471,0.65001565,0.049171105,0.09472499
1791,4323,43.303837,0.6438234,0.08134116,0.16102335
1791,1225,38.516304,0.6467413,0.073711336,0.14519021
1791,1227,62.493008,0.64455944,0.1170643,0.23301242
1792,2599,32.19597,0.65972525,0.06876972,0.13437225
1792,4226,77.95047,0.6599834,0.11442561,0.22805251
1793,3455,2.5310478,0.6097446,0.004195273,0.009178609
1793,4189,107.342545,0.60158455,0.20615324,0.40553266
1794,2125,0.6478691,0.42051834,0.0040118173,0.0025901198
1794,1748,319.88513,0.717514,0.57101023,1.1275837
1794,1559,67.706764,0.73780274,0.15098006,0.30059463
1795,3414,61.26994,0.66099405,0.09483815,0.18709071
1795,676,87.999146,0.6657295,0.20616478,0.40992537
1796,1483,133.70541,0.44969863,0.27390632,0.52873456
1796,1440,108.43278,0.52424407,0.21096808,0.40985543
1797,1767,4.590996,0.35023662,0.01301194,0.025554255
1797,4777,6.042263,0.12908861,0.012849353,0.025904581
1798,1799,4.8684196,0.38093358,0.010608055,0.02047354
1798,2107,81.26271,0.39142585,0.17208296,0.3313271
1798,3132,38.994404,0.14250517,0.10851637,0.22919159
1799,1798,4.6846504,0.37596285,0.010384515,0.020318836
1799,4777,40.70029,0.14226335,0.11434685,0.23452295
1799,889,62.326523,0.38561848,0.1335074,0.25901353
1800,1906,1.8294601,0.49527052,0.0024018362,0.0053066015
1800,713,74.81192,0.44549817,0.19945574,0.3847813
1801,1022,2.6771584,0.65555644,0.00524392,0.011661857
1802,3706,2.2639503,0.6900215,0.0034077466,0.007349625
1802,4204,57.312275,0.6922148,0.13425209,0.2683608
1802,2110,87.64276,0.69141805,0.15801801,0.3160805
1803,1430,25.164116,0.6583109,0.0886265,0.17874333
1803,642,79.89668,0.6560738,0.14641531,0.29292616
1804,3659,0.0,0.63368237,0.008604772,0.017319262
1805,607,0.0,0.625669,0.0074918047,0.014698848
1805,1806,92.22984,0.65868187,0.102363326,0.20315064
1806,592,22.463232,0.6588629,0.046067365,0.088771
1806,601,64.463,0.65262663,0.07650575,0.14470002
1807,588,1.8591881,0.6610955,0.0027115867,0.0061745495
1807,1809,49.338997,0.6627004,0.12719448,0.2536755
1808,1810,65.548035,0.6556061,0.13117647,0.26199314
1808,5747,7.0804863,0.6574073,0.014404662,0.029012918
1808,589,3.1092262,0.6569315,0.0039486513,0.008859336
1809,639,0.92832947,0.65635914,0.005388215,0.011248022
1809,5578,51.963326,0.6642435,0.13360885,0.26689705
1810,643,51.566875,0.65995824,0.10434207,0.2080555
1810,1808,65.691185,0.656116,0.13206944,0.26376125
1810,638,121.65434,0.6573344,0.22320122,0.44192004
1811,601,1.9948463,0.6596376,0.0031179264,0.006673351
1811,6801,33.893105,0.65851694,0.07162885,0.13998248
1812,592,3.708149,0.6588434,0.006461501,0.0133898705
1812,600,41.871906,0.6577874,0.07704803,0.14928168
1812,593,22.625826,0.65861666,0.04591556,0.08886166
1813,594,34.95413,0.65758073,0.14844441,0.29531386
1814,6725,13.453732,0.04640305,0.08188923,0.17347015
1815,4003,4.8525887,0.65936667,0.008945018,0.017851979
1815,608,178.73013,0.6581826,0.3252675,0.64301676
1815,3547,14.201397,0.6609973,0.028380238,0.055791795
1816,608,69.845764,0.6595107,0.12856588,0.2566879
1817,2534,4.2221603,0.70509726,0.007295564,0.014718547
1817,1765,147.02579,0.6931958,0.26500398,0.5246724
1817,1071,29.32522,0.7063222,0.056206953,0.108726084
1818,1452,101.454544,0.6623998,0.2558112,0.5087977
1818,2803,73.713,0.6663463,0.18542217,0.36868924
1818,1108,147.8776,0.66167516,0.3737594,0.7409246
1819,1482,57.348473,0.74681497,0.102453515,0.20441185
1819,486,19.783115,0.7429086,0.037616648,0.073462546
1820,6302,29.961643,0.57104266,0.060774766,0.11662876
1820,4761,11.180695,0.570604,0.020430215,0.04050018
1821,6210,2.1427422,0.60716987,0.002146557,0.005465582
1821,6211,3.2020645,0.61460704,0.0057786927,0.01234898
1822,4200,2.0644112,0.65859854,0.003171675,0.0068948865
1822,5107,136.38574,0.66233873,0.27375102,0.53931534
1823,1836,137.31161,0.4818163,0.2771193,0.5354299
1823,4330,21.538895,0.44958773,0.046690106,0.08915092
1823,1766,27.908981,0.46073836,0.059503376,0.11278209
1824,1488,206.83685,0.55521464,0.40026546,0.7809789
1824,1972,112.71113,0.54853374,0.21677619,0.423767
1824,1491,61.14136,0.5627736,0.11823746,0.23213032
1825,7033,40.903225,0.5494503,0.07848754,0.15280594
1825,1790,11.46512,0.5412918,0.025212504,0.049450845
1825,6657,27.810926,0.55322075,0.060180787,0.115489244
1826,4861,2.93824,0.4153973,0.008038469,0.01613383
1826,4804,27.07061,0.43469375,0.05337629,0.10120004
1827,1834,152.34024,0.48035407,0.30306783,0.5877897
1827,1826,55.32473,0.43146786,0.14875765,0.28684488
1828,5653,1.1934738,0.46463993,0.0018258169,0.0038528293
1828,4856,16.5222,0.5406051,0.04568337,0.08957584
1829,703,0.6943207,0.54357463,0.0028430745,0.006605193
1829,4741,43.741623,0.5435999,0.10788653,0.21029605
1830,1831,1.4640427,0.52925897,0.0014439002,0.0038288385
1830,1995,45.967613,0.5341521,0.11311929,0.2205841
1831,1830,1.5182762,0.52958125,0.0016769692,0.0042871386
1831,6318,83.44173,0.5174086,0.22061309,0.4287206
1832,2094,4.5915833,0.6813161,0.008903943,0.018265754
1832,2076,71.631004,0.6803877,0.14269765,0.2857831
1832,1425,73.514046,0.68081796,0.13089047,0.26330176
1833,1845,4.911865,0.36997753,0.012812838,0.024015278
1833,3132,6.934803,0.12786889,0.0149564,0.029722914
1834,4743,22.377768,0.52126884,0.05391671,0.104020886
1834,1827,150.6503,0.47944272,0.30340967,0.58786434
1835,1836,25.26451,0.50738907,0.054401122,0.10431348
1835,1993,15.826534,0.5082097,0.03357145,0.06545142
1836,5509,13.251787,0.5086559,0.0279456,0.05450447
1836,1823,136.92072,0.4811206,0.2760229,0.53400874
1837,2342,77.187195,0.5160157,0.15071782,0.29420057
1837,5203,33.476402,0.52377284,0.06700994,0.12935115
1837,2238,145.81366,0.53280294,0.28464174,0.5553184
1838,7033,2.9375458,0.5508583,0.005602427,0.011703014
1839,3564,54.452583,0.57388467,0.10501274,0.20603003
1839,1221,25.426546,0.5780649,0.052152716,0.09939836
1839,2207,30.645082,0.58327764,0.060916707,0.11699258
1840,6791,19.284273,0.58410716,0.03947097,0.07630869
1840,581,41.11281,0.58370054,0.07821721,0.15386753
1840,1252,45.534294,0.5905743,0.08684733,0.1708315
1841,2925,51.259666,0.62290984,0.12532435,0.24717
1842,1251,5.968624,0.59434175,0.012104884,0.024386197
1842,3663,72.59373,0.60098505,0.15029469,0.29647982
1843,703,4.5245056,0.55219036,0.014212348,0.028576761
1843,717,107.720825,0.54548365,0.20666008,0.40496886
1844,2533,164.6036,0.49575627,0.3276482,0.6355044
1844,4331,10.851631,0.4538168,0.025679655,0.05002919
1845,4803,42.076588,0.38401824,0.10977254,0.21472481
1846,4098,1.8518372,0.58914334,0.0023595542,0.005545631
1846,3119,5.31007,0.58788055,0.013798095,0.027469128
1847,1490,1.7536926,0.62527734,0.002256304,0.0051116943
1847,3548,57.731617,0.6255601,0.14374913,0.28417042
1848,3544,179.21246,0.6466368,1.4252567,2.8192298
1848,4472,38.45382,0.0,0.20910084,0.4467708
1849,1857,34.99366,0.5268242,0.0691252,0.13515998
1849,1855,24.29445,0.5334258,0.050480973,0.09636768
1849,1850,73.39394,0.5348265,0.14463903,0.28303528
1850,1849,73.609055,0.53506,0.14369774,0.2813169
1851,2289,233.856,0.56515086,0.45021147,0.87997425
1851,5465,2.9129791,0.5541206,0.004812002,0.010363013
1852,3725,1.4777031,0.53270745,0.001860559,0.004249528
1852,2330,40.74089,0.52878803,0.087033786,0.16923214
1853,1857,1.645462,0.5186234,0.0021210238,0.0046183467
1853,3074,170.3363,0.49728444,0.48183843,0.94183916
1854,2328,51.612537,0.5363036,0.09993659,0.19556655
1855,2197,29.427286,0.52378327,0.05920171,0.11311864
1855,1849,24.051838,0.53150177,0.04979051,0.09531018
1855,523,22.606426,0.5280035,0.047346957,0.09056179
1856,5871,1.2911491,0.5487355,0.0022222176,0.0052750558
1856,4702,124.37441,0.5282964,0.26274088,0.51117975
1856,2299,65.52853,0.53828865,0.12786984,0.25058427
1856,6823,57.54293,0.55835164,0.11156058,0.21916199
1857,1853,1.6418533,0.52039415,0.0020996481,0.004610181
1857,2197,18.954037,0.51856494,0.03983578,0.07715891
1857,1849,34.497833,0.5253372,0.06789472,0.13211489
1857,2329,64.58945,0.5187043,0.12480816,0.24498507
1858,14,43.79814,0.50119734,0.0949229,0.18476932
1858,3075,15.76436,0.4974541,0.03442454,0.06647158
1858,2011,113.02146,0.50566304,0.22453001,0.43595678
1859,6327,4.3788147,0.698096,0.0066239834,0.01353848
1859,5948,3.214939,0.69783205,0.004218474,0.008788526
1859,5947,7.084488,0.6962931,0.011759438,0.023986176
1860,4832,48.562145,0.6963742,0.052710194,0.1016864
1861,6340,2.657055,0.691268,0.00572636,0.011284366
1861,1863,104.63379,0.6889173,0.09726556,0.19034089
1862,4246,3.2688293,0.69426167,0.004126951,0.009136498
1862,7026,3.5457878,0.6941,0.004793942,0.010359153
1862,996,5.9830856,0.69410205,0.013288453,0.026761591
1863,1862,6.746113,0.6932225,0.006596051,0.014239877
1863,7026,4.2628784,0.69301647,0.0071779042,0.014641032
1864,4245,1.5511246,0.6852764,0.003583692,0.0077661723
1865,87,67.06544,0.6858907,0.15868959,0.3166595
1866,2084,30.61987,0.7020211,0.07450709,0.14650285
1867,1869,2.6375656,0.7018113,0.0050050467,0.01093106
1867,669,32.52125,0.70542336,0.06384033,0.12436733
1868,5321,2.7787437,0.6786709,0.00531926,0.011453733
1868,1698,12.618765,0.6768398,0.028323531,0.055187747
1869,4314,1.616108,0.6909085,0.0029360652,0.0070539713
1869,2080,11.916468,0.70341593,0.024255931,0.04765582
1870,1869,33.14877,0.7057477,0.06496424,0.12743364
1870,1866,65.82564,0.7082711,0.16408876,0.32825804
1871,4116,118.38658,0.7517681,0.1618846,0.3245449
1871,1873,52.7721,0.4509858,0.18531579,0.28728414
1872,5519,5.7851067,0.035439134,0.025974445,0.05426067
1872,485,1.5116653,0.74825346,0.002075985,0.0037614256
1873,3710,0.0,0.42343965,0.0019188896,0.0
1873,4116,1.5871048,0.7456342,0.0036764666,0.00739491
1874,1628,11.375942,0.04283464,0.05211155,0.11048452
1875,5125,26.833385,0.5790281,0.064664595,0.12488786
1875,257,238.56128,0.5755303,0.4533097,0.886622
1876,558,2.0093117,0.6468635,0.0027508065,0.006151259
1876,1445,16.960148,0.65174395,0.045004077,0.08802965
1877,1878,63.099113,0.6580641,0.1174387,0.23422658
1878,4345,6.1958084,0.6538894,0.0064923614,0.0140410215
1878,5679,3.0966263,0.649559,0.0058370978,0.012502968
1879,5682,4.2596626,0.65659016,0.008679286,0.018002376
1879,3276,22.448212,0.6523444,0.027281448,0.053788796
1880,2864,21.065014,0.65332794,0.043858457,0.08533397
1881,1880,11.092627,0.65532243,0.013883434,0.027952015
1881,5681,3.806858,0.6517327,0.006571248,0.013699219
1882,3096,26.3644,0.7423839,0.06696816,0.13198063
1883,480,2.2285347,0.7077454,0.003328912,0.0071355253
1883,1408,15.092009,0.710468,0.032584786,0.063809104
1884,5592,2.485115,0.67474544,0.0057264194,0.011953682
1884,2245,111.1459,0.6870949,0.2031581,0.40482715
1885,4845,61.544674,0.5168435,0.12087689,0.23694827
1885,5232,101.098495,0.51498115,0.19908467,0.3864873
1885,699,117.24736,0.51498014,0.23053148,0.44846535
1886,4153,26.941486,0.63038224,0.0636754,0.122310676
1886,1887,5.666397,0.62865514,0.013378359,0.026824638
1887,1371,12.213593,0.628389,0.027789421,0.05470211
1888,2469,4.667156,0.633518,0.009452887,0.019415945
1889,623,19.383062,0.6376496,0.0463135,0.08944439
1889,5993,27.007439,0.0,0.13852704,0.29728132
1890,1842,59.415245,0.6029519,0.11292819,0.22199708
1890,1891,15.743338,0.60445184,0.03221347,0.062439285
1890,1197,65.85203,0.6092099,0.12423025,0.24613145
1891,4836,83.47768,0.60649616,0.15840903,0.31261984
1891,1348,115.23472,0.6103809,0.21413174,0.42174423
1891,1890,15.636503,0.6039926,0.031808637,0.061767988
1892,1621,48.461582,0.6036663,0.09217397,0.18157008
1892,2310,32.766636,0.5941984,0.06431964,0.124606594
1892,2205,38.780613,0.6013577,0.07538228,0.14727056
1893,4021,24.503958,0.51743406,0.05198773,0.098907724
1893,1894,1.2211342,0.3667661,0.0037632212,0.006851867
1894,4220,1.2758331,0.5155217,0.0022891313,0.0045808554
1894,5207,24.65866,0.5221177,0.07563633,0.1454196
1895,5198,1.7992783,0.5108131,0.004082434,0.008633822
1895,2473,12.213638,0.50898117,0.025508828,0.049845964
1896,700,1.7348862,0.5200761,0.0022664815,0.005020857
1896,1897,78.01512,0.51943946,0.11424313,0.22316973
1897,1898,2.1329079,0.5077186,0.0025389045,0.004885331
1897,254,41.948772,0.50397134,0.13946468,0.27078956
1898,253,2.15493,0.5062046,0.003538929,0.0069456547
1898,5199,40.901505,0.50626075,0.08964665,0.171441
1899,4867,1.3156242,0.5266726,0.003832616,0.007873744
1900,1901,2.495552,0.42616856,0.004400693,0.008995891
1900,1907,15.212767,0.426556,0.033887036,0.06562899
1901,1900,2.7073212,0.42310327,0.00479652,0.009678975
1901,5353,338.35736,0.44516522,0.6916699,1.3394206
1901,4520,37.05194,0.43388382,0.082473464,0.15708683
1902,272,2.3946419,0.3823877,0.0039893016,0.008012608
1902,4860,35.992672,0.36516684,0.12155846,0.23592001
1903,1985,2.0317078,0.39762783,0.0034071133,0.0068205595
1903,2586,19.771738,0.39688072,0.054963242,0.10853973
1904,714,1.4858131,0.37422657,0.0024881586,0.005127847
1904,686,173.56708,0.3592478,0.37626106,0.7218334
1904,5020,17.590918,0.3789215,0.04258901,0.081126295
1905,1900,37.63083,0.43256253,0.08583646,0.16535953
1905,5591,67.2785,0.42383015,0.17731869,0.34128648
1906,1800,1.8130035,0.49476156,0.0021776706,0.0048757046
1906,686,242.1406,0.4114725,0.5084053,0.97941405
1906,4732,62.895264,0.528982,0.16211347,0.31476516
1907,2481,2.902916,0.41888443,0.004100427,0.008301005
1907,2482,2.0597,0.4178467,0.004170865,0.0086373985
1908,1970,216.2011,0.384858,0.46571687,0.89188296
1908,2481,78.620285,0.41441798,0.16416147,0.31571203
1909,721,71.40892,0.577608,0.13328713,0.25934654
1909,720,46.040928,0.58326375,0.086175494,0.1659169
1909,4276,88.04848,0.5688646,0.16741401,0.3286123
1910,4351,13.5960865,0.58345705,0.031354763,0.061412975
1911,1910,5.9607697,0.58570427,0.009462915,0.019233957
1911,4002,21.874796,0.5839488,0.044218812,0.085834496
1912,2223,3.1132889,0.58440113,0.0042798817,0.009203285
1912,1914,46.65794,0.5953457,0.11412633,0.22132225
1913,6294,32.672005,0.59065056,0.064112276,0.12244213
1914,6503,1.5812874,0.58824414,0.0012934059,0.0033511817
1914,2324,30.03812,0.59638095,0.072218604,0.14070198
1915,1913,3.683693,0.59333503,0.005500518,0.011780798
1915,1910,47.808395,0.5923876,0.11384788,0.22267494
1916,3165,25.041653,0.62439215,0.13691324,0.27304444
1917,6520,1.1963387,0.6039224,0.003385812,0.007586971
1917,2265,48.68157,0.60907805,0.11887425,0.23245186
1917,2264,22.879387,0.6097348,0.043285847,0.08440817
1918,4878,1.5600281,0.6043374,0.004592538,0.009716824
1918,4676,30.703701,0.6132774,0.09260654,0.1818747
1919,1922,7.307926,0.6118799,0.020628415,0.040667728
1919,2914,107.8625,0.6025168,0.1592988,0.31274164
1920,4878,31.858921,0.61616814,0.09773479,0.19427195
1921,1916,62.501816,0.6203236,0.14400311,0.28231293
1921,19,8.578209,0.6124866,0.023663595,0.047097787
1922,1918,23.324251,0.61301935,0.064844474,0.12568139
1923,3164,3.23098,0.61548704,0.011768065,0.023968756
1923,3166,136.11049,0.61042064,0.3148054,0.6179021
1924,3427,14.365707,0.60331917,0.031002995,0.06085828
1924,1926,23.260527,0.59222126,0.049767368,0.09525441
1925,3539,1.888855,0.58813924,0.0031554028,0.006969437
1925,1213,1.7059174,0.58525836,0.0022785962,0.005043566
1925,1926,9.932114,0.58869296,0.020592615,0.04080364
1926,2301,1.998333,0.59076416,0.00272841,0.0058788657
1926,1925,9.617416,0.5867515,0.019916013,0.03949666
1926,1924,23.233614,0.59512305,0.04997412,0.09611446
1927,5105,0.42277527,0.07787576,0.0011591464,0.0021107793
1928,4051,16.830473,0.60931087,0.022328995,0.044409275
1928,5398,13.83102,0.61097234,0.01937332,0.038888082
1929,1924,62.70771,0.60824084,0.13995658,0.2771902
1929,1928,19.08138,0.61093366,0.026486158,0.053016797
1930,1932,28.241333,0.59617156,0.057311136,0.10930319
1930,1931,22.742146,0.6016287,0.04260879,0.08252366
1930,3664,32.317272,0.5913056,0.05637976,0.10678308
1931,5067,3.6619186,0.6062877,0.0071082413,0.014571041
1931,1930,23.0916,0.5985786,0.04351059,0.08416978
1932,1215,27.819836,0.59069645,0.056124102,0.10727301
1932,1930,28.090618,0.59660065,0.05739735,0.10944074
1932,1212,40.86586,0.5935146,0.07815055,0.15327665
1932,1933,25.617037,0.6019956,0.05312686,0.101837076
1933,1932,25.95376,0.6005834,0.053380348,0.102139965
1933,1280,10.049652,0.613934,0.019822583,0.03958696
1934,1212,5.3900566,0.59288085,0.010099091,0.020305946
1934,2301,37.650585,0.5951439,0.07324901,0.14364997
1935,6288,9.0945015,0.5330473,0.018749677,0.03752877
1936,4488,41.896652,0.65970457,0.08542923,0.1673458
1936,1939,23.374287,0.65796167,0.049955104,0.09592213
1937,4478,1.9990311,0.6435507,0.0034506992,0.007351339
1937,1939,161.5126,0.6415283,0.32718408,0.6426925
1938,4022,21.454144,0.6539482,0.04432066,0.08584103
1938,1940,24.187002,0.65472704,0.049869254,0.09641692
1939,4478,161.2341,0.6467256,0.32937375,0.64814657
1939,1936,23.757053,0.66183233,0.050920933,0.09786124
1940,1938,24.575762,0.651652,0.050335422,0.09737728
1940,3169,210.47203,0.65487653,0.38462615,0.75862545
1940,4022,25.272938,0.65278363,0.05214368,0.10052354
1941,4477,2.5337372,0.64362496,0.0047803074,0.010236591
1941,3337,76.241745,0.64922446,0.14023305,0.27974573
1942,4490,2.1640625,0.6540532,0.0037533343,0.0073152483
1942,4373,2.8492317,0.6121611,0.0063160732,0.012797698
1942,2270,54.419765,0.6616249,0.10208219,0.20195185
1943,4491,3.62809,0.65886724,0.0068605617,0.012934357
1943,1942,33.830208,0.123429894,0.114350766,0.24173209
1944,4501,228.87067,0.6831153,0.44006437,0.8678051
1944,1607,91.05998,0.6901987,0.19813551,0.39370185
1944,4469,306.5006,0.684243,0.59053284,1.163576
1945,4510,24.215279,0.6891253,0.049058437,0.09538209
1945,4510,22.537643,0.688637,0.048913114,0.0950989
1946,778,79.29726,0.6620365,0.14684337,0.29143643
1946,3488,30.276838,0.0061967373,0.20305058,0.43381828
1947,3617,174.62067,0.6612096,0.3216434,0.6350201
1947,5616,85.13799,0.66315913,0.15497938,0.30910018
1947,778,27.755754,0.66309994,0.055839572,0.10731537
1947,2221,8.845158,0.6677288,0.0170689,0.03383681
1948,1422,31.521519,0.74312186,0.07283361,0.1408788
1949,3084,1.6900063,0.4819438,0.0022106916,0.0048505366
1949,6052,4.331173,0.48808274,0.008569144,0.017168656
1949,6053,2.2082367,0.48580527,0.0036086813,0.0069567114
1950,2935,6.5645866,0.72245854,0.013893269,0.02781555
1951,3814,29.280338,0.6405798,0.07047833,0.13713077
1951,6920,136.81732,0.6266863,0.3114667,0.61304104
1952,5029,1.4793015,0.47819352,0.004850477,0.010037065
1952,1766,29.629618,0.4715796,0.066253245,0.12457488
1953,1392,1.9405861,0.65893686,0.0030011758,0.0062502474
1953,1394,21.577074,0.66295135,0.04375355,0.084698826
1953,5449,95.19841,0.66533864,0.19135898,0.3788083
1954,235,12.544182,0.6362492,0.028808795,0.056628615
1954,202,40.048668,0.64229727,0.09399905,0.18194708
1954,2671,113.24123,0.63906574,0.20940626,0.41500437
1955,1270,60.75347,0.65116394,0.11356273,0.22607635
1955,2668,85.37045,0.64711815,0.15869594,0.31565788
1955,122,109.906746,0.6543208,0.15510456,0.31054357
1956,4620,2.3031921,0.71351004,0.0040780157,0.008460626
1956,4621,5.5032578,0.7147569,0.010188259,0.020496741
1957,4978,1.7701569,0.63658667,0.002526544,0.0058902204
1957,1657,22.615013,0.6371104,0.052848738,0.102448344
1958,118,34.001614,0.6420038,0.06702343,0.12954554
1958,117,44.37554,0.6363804,0.089882344,0.17823192
1958,1247,13.019501,0.6383977,0.027009748,0.0528751
1959,4479,57.240273,0.6451818,0.11797169,0.23479834
1959,1960,92.75718,0.64198846,0.18846968,0.3734259
1959,2658,323.82593,0.62003636,0.60141635,1.1809835
1960,7001,2.3555717,0.62902147,0.0044806227,0.009679958
1960,1959,93.07587,0.6440475,0.18787733,0.37184733
1961,5345,1.2453461,0.6364926,0.0018271357,0.0031203032
1961,853,70.78793,0.6814863,0.12733321,0.25477046
1962,4715,2.09972,0.6820326,0.0049567074,0.010808393
1962,1963,41.51474,0.691485,0.0925883,0.18295448
1963,1962,41.949883,0.68841445,0.09388196,0.18371788
1963,6961,255.53067,0.66397583,0.46510902,0.91598535
1963,2393,332.88354,0.7071048,0.5888169,1.1643826
1964,291,53.772953,0.6782044,0.10062842,0.19856001
1964,2121,240.23763,0.6526803,0.4402444,0.8662182
1964,2108,88.08701,0.67023957,0.1616276,0.32187557
1965,1096,26.127232,0.6754344,0.05279083,0.10188118
1965,633,363.8062,0.6702199,0.6553952,1.2966421
1965,1390,93.91714,0.676647,0.17254055,0.34392017
1966,2093,3.5984726,0.6903206,0.006374538,0.013088912
1966,1602,88.40199,0.6917131,0.18002132,0.35678327
1966,2091,103.38162,0.6899026,0.18752599,0.37334353
1967,5877,1.1872902,0.6279499,0.005307168,0.010328099
1968,5326,0.70599365,0.39357948,0.0014555603,0.002079919
1968,703,32.096127,0.5520239,0.10264058,0.20099522
1968,4276,40.03696,0.5634074,0.07963879,0.15192738
1969,4023,23.239952,0.6413904,0.06478043,0.12621835
1970,1908,215.75423,0.38564348,0.46601093,0.89157945
1970,6928,3.1321182,0.35634324,0.006659366,0.012852445
1971,2716,57.227234,0.5812553,0.13646278,0.26841095
1971,6798,43.83834,0.58486354,0.10833647,0.21139336
1972,1486,208.2802,0.5244804,0.41115353,0.7997742
1972,5352,133.0928,0.5391984,0.2571925,0.5015261
1972,1824,112.92962,0.5512514,0.21613434,0.42254287
1972,1973,81.27175,0.5422177,0.15883687,0.31056747
1973,1972,81.88457,0.5412882,0.15834785,0.30971837
1974,2122,1.8181534,0.3720859,0.0031245127,0.0063056797
1974,6507,29.871658,0.3642793,0.07652688,0.14570032
1974,4666,51.902824,0.3798262,0.10951832,0.20809941
1975,5778,3.4928474,0.12639126,0.007220827,0.014852449
1975,688,72.63709,0.3277791,0.16081434,0.31273842
1975,3627,60.66327,0.15325773,0.15420505,0.30428404
1976,4356,1.9334183,0.70576584,0.0032951906,0.0065319836
1976,2705,87.061264,0.710483,0.21305689,0.4239861
1977,6268,1.7684784,0.71929735,0.0030882955,0.0067780167
1978,4616,2.3272095,0.7212732,0.0038789138,0.007851392
1979,1734,111.79952,0.72825396,0.20169154,0.40197617
1979,3307,72.12568,0.7245871,0.12837508,0.256458
1979,3345,23.704544,0.72344387,0.046037827,0.0894912
1980,879,2.3072166,0.71356416,0.0043248907,0.00854075
1980,1983,40.295013,0.7125024,0.09235511,0.18120252
1981,2843,88.62351,0.70104825,0.16153035,0.32276747
1981,6991,5.6738586,0.70550776,0.010486811,0.021384582
1982,3300,58.385742,0.7019377,0.10346671,0.20607269
1982,1303,8.724598,0.700937,0.016635269,0.032733113
1982,3342,125.46094,0.70165145,0.22653928,0.44913816
1983,34,114.854485,0.7165741,0.20610046,0.40985748
1983,33,2.2181778,0.71332216,0.0034811497,0.007273346
1983,28,73.98601,0.71631503,0.17097984,0.3405537
1984,6097,65.14684,0.69373715,0.120004155,0.24038956
1985,1903,1.8800888,0.3945766,0.0033457577,0.0067503303
1985,5936,19.149876,0.4066497,0.052872643,0.104678065
1985,4665,156.32764,0.3890081,0.33572006,0.64427435
1986,27,3.257515,0.6931915,0.0048354864,0.010102138
1986,3460,80.23157,0.69163203,0.16457151,0.32783407
1987,3451,21.791122,0.70229095,0.04327909,0.08385539
1987,5355,31.542473,0.70436406,0.061133556,0.11673107
1988,69,72.44031,0.69094574,0.10346705,0.20259494
1989,1988,8.19511,0.7001386,0.014899343,0.029394627
1990,4846,48.465263,0.69698477,0.1011243,0.19861951
1991,2479,1.1463394,0.53191274,0.004171267,0.008971974
1991,5028,93.052124,0.51966405,0.20292601,0.39264452
1991,3919,2.6042976,0.53494483,0.00778313,0.015919983
1992,716,40.468414,0.5177954,0.0801282,0.15334606
1993,1835,16.061537,0.50804406,0.034050535,0.06640943
1993,5252,39.95783,0.49982405,0.08161147,0.15555272
1994,1152,22.189703,0.385094,0.054640345,0.1043926
1994,6216,2.4490623,0.38708442,0.0043040216,0.008465901
1995,1782,1.3311844,0.53821516,0.0011957511,0.0033296943
1995,702,24.638142,0.54397094,0.06038769,0.11710193
1996,1024,34.729397,0.6641121,0.0691664,0.13420656
1996,278,35.63222,0.6677566,0.070037484,0.1354999
1997,4921,35.508194,0.61271864,0.07048124,0.1374832
1997,4979,34.379356,0.6276816,0.06694094,0.1294937
1998,4822,52.289864,0.69299144,0.12568052,0.24756952
1999,3636,150.4989,0.46211538,0.30557117,0.5908734
1999,3152,133.3205,0.43324882,0.27267864,0.52345586
2000,210,13.566612,0.6711271,0.026932374,0.05236812
2000,6664,34.69246,0.672884,0.08199453,0.16149431
2001,448,15.553553,0.7128593,0.033722706,0.06596395
2001,373,24.279078,0.71564853,0.04435893,0.086964644
2002,3479,1.291954,0.08959919,0.0057281554,0.011391833
2002,397,107.85089,0.707367,0.19452512,0.3873744
2003,397,2.8033981,0.69846475,0.0033832118,0.007747233
2003,1730,101.42319,0.70614827,0.17888841,0.35597312
2003,3479,105.6308,0.71101624,0.18884504,0.37563646
2004,331,0.68751526,0.6094557,0.00077379495,0.0014023632
2004,2003,57.649662,0.69943124,0.10637349,0.21060975
2005,1884,2.148182,0.6709162,0.0047372505,0.010297179
2005,1026,11.61549,0.67321473,0.022542305,0.0443798
2006,2017,24.983524,0.48596063,0.05281823,0.10047785
2006,1238,32.425083,0.4929569,0.06588383,0.12607336
2006,2339,45.297825,0.488994,0.08998741,0.17629397
2007,2390,43.239098,0.5206048,0.084584214,0.16567908
2007,11,60.966274,0.5123322,0.11942411,0.23376375
2007,2998,257.51675,0.5228603,0.50773066,0.98974234
2008,2339,22.268505,0.47695363,0.047790408,0.09135883
2008,2017,51.97947,0.47899273,0.10296316,0.20021099
2008,2340,59.830544,0.47066265,0.11910549,0.23117973
2009,2054,38.165466,0.52691424,0.07462938,0.14686221
2009,2032,57.265533,0.53108203,0.11107114,0.21735647
2009,2014,120.5892,0.53101015,0.23478931,0.45841634
2010,2014,30.58638,0.52806115,0.06660515,0.12868735
2010,2012,14.934345,0.5304828,0.033310737,0.06535372
2011,1858,113.07982,0.50749993,0.22426149,0.43616122
2011,15,43.20433,0.51478976,0.08499038,0.16564961
2011,8,115.76618,0.5141627,0.22809327,0.44396436
2012,13,1.4704323,0.5270134,0.0033059493,0.006725073
2012,4833,68.28113,0.5251918,0.1836254,0.35692886
2013,2017,28.819893,0.48057398,0.05964044,0.11357773
2013,1238,29.97224,0.48783758,0.061657295,0.11755741
2013,2333,98.48125,0.46082032,0.19992378,0.38563016
2014,2010,30.672312,0.52830666,0.066899486,0.12902878
2014,2015,86.31528,0.5320999,0.18435536,0.3581392
2014,2009,121.25134,0.53197175,0.23571247,0.46052784
2015,2014,86.227715,0.5329922,0.18478626,0.3594641
2015,2016,51.6987,0.53282857,0.10972892,0.2149073
2015,2396,227.5916,0.53050375,0.44606522,0.86739314
2016,2417,43.837315,0.52109915,0.09148381,0.1759522
2016,2418,64.18425,0.5285363,0.12629232,0.24726361
2016,2015,51.203926,0.5308618,0.108659826,0.2128723
2017,2006,24.917206,0.48588884,0.052632634,0.10019078
2017,2008,51.901436,0.47826236,0.10286226,0.2001375
2017,2013,28.528404,0.48089644,0.059427485,0.11314362
2018,2509,57.82965,0.57490915,0.11114034,0.21845183
2018,2036,31.42437,0.5824112,0.062162805,0.11905264
2018,2513,13.254438,0.58002996,0.026866801,0.05253026
2019,574,64.541916,0.5411281,0.1259641,0.24694246
2019,573,37.70206,0.5433887,0.07342175,0.14376813
2019,2427,39.37677,0.54688215,0.0760171,0.1489851
2019,6126,229.42065,0.51048636,0.45704472,0.88868386
2020,2043,75.526245,0.49010715,0.15073739,0.29256263
2020,2051,83.159904,0.5084881,0.16565827,0.32243198
2020,6085,19.35556,0.50304353,0.041173976,0.079779945
2021,3611,1.7939453,0.44826695,0.0024641529,0.0050866455
2021,3452,119.91123,0.43136227,0.2498123,0.4807734
2021,2589,7.9762077,0.44770503,0.017772794,0.03417906
2022,4440,1.479023,0.57070374,0.0028282776,0.006512001
2022,2042,64.05616,0.5805041,0.12063886,0.23646075
2023,4551,1.7023087,0.4722989,0.0025684834,0.0054394156
2023,2457,24.585617,0.46197966,0.053344045,0.10131516
2024,4039,23.030954,0.46764812,0.04946698,0.09404862
2024,2025,104.61891,0.42882192,0.2166901,0.41687945
2024,2026,72.960846,0.45544478,0.14819103,0.286374
2025,3979,6.250004,0.3933002,0.013416506,0.026000634
2025,2432,83.39028,0.3906073,0.17885694,0.34392285
2025,2024,104.31643,0.42736408,0.21631029,0.41633418
2026,526,89.6402,0.47931048,0.18150486,0.35102534
2026,3612,24.768024,0.44671023,0.053973556,0.10230034
2026,2024,72.34818,0.45482633,0.14815801,0.2861989
2027,3720,1.5863342,0.53824335,0.0023529455,0.005208403
2027,6649,97.32669,0.5413071,0.20914075,0.40429208
2028,2040,5.0291367,0.48679984,0.009827279,0.019662842
2028,2034,97.84168,0.46288365,0.19848703,0.38313156
2028,4039,28.322712,0.47607687,0.059248403,0.11258737
2029,3729,1.5691109,0.53054196,0.0021749213,0.004840851
2029,2041,41.974186,0.5343962,0.08993228,0.17263748
2030,2053,6.1925545,0.5140847,0.012207419,0.02447094
2030,15,15.158192,0.5160962,0.031734053,0.061553396
2030,3075,128.51297,0.5000484,0.2550692,0.4956836
2030,3722,40.618893,0.5151482,0.07963187,0.15452641
2031,2036,57.0965,0.5881178,0.109222025,0.21505639
2031,78,39.820503,0.5949907,0.07677494,0.1499294
2031,6893,14.598772,0.5913115,0.029988471,0.058385015
2032,6161,44.37945,0.53474844,0.08661598,0.16943589
2032,2009,57.207554,0.53202945,0.11079757,0.2165145
2032,2455,29.659927,0.53390205,0.05943204,0.11387925
2033,2484,2.7244797,0.55239415,0.0051781237,0.010831401
2033,2483,2.3244743,0.5579462,0.004614547,0.010075688
2034,5071,29.253815,0.44727418,0.06397639,0.119846314
2034,4039,111.04214,0.44604626,0.22788242,0.43918824
2034,2043,62.110443,0.46602535,0.124656275,0.24218112
2034,2028,97.47485,0.46112597,0.19841732,0.3829189
2035,5585,42.46209,0.48082036,0.085044704,0.16421415
2035,2430,65.38958,0.45603836,0.13084075,0.2535602
2036,2031,56.99183,0.58914137,0.10854956,0.21390234
2036,6635,83.48271,0.57804,0.15819183,0.31175283
2036,2018,31.221722,0.5826355,0.062134385,0.119432956
2037,2433,2.068859,0.36046883,0.0042493194,0.0078930855
2037,2468,36.94964,0.10949695,0.11411664,0.2385618
2038,5749,5.0994606,0.5249414,0.011042096,0.021730721
2038,3722,9.276947,0.5244439,0.0132519305,0.026803106
2039,4959,1.6923256,0.37138766,0.003101848,0.0061092675
2039,2055,23.68474,0.38225716,0.055644352,0.10464644
2039,527,60.184227,0.39586964,0.123946585,0.24009982
2040,2028,4.853779,0.48695564,0.009459853,0.019005433
2040,6086,68.99149,0.49361563,0.13667898,0.26596183
2040,2047,83.502884,0.49333784,0.1680111,0.32543325
2041,3730,1.5143394,0.5309278,0.0022223964,0.004971117
2041,2487,64.35979,0.53965795,0.13982084,0.27172872
2042,3378,26.73109,0.586936,0.05389849,0.10273535
2042,4442,1.9100456,0.5848135,0.0029978752,0.00667724
2042,2048,6.5716057,0.5847063,0.012784183,0.025899157
2043,2020,74.919754,0.49110955,0.1502053,0.29143777
2043,6127,24.644203,0.48153913,0.052670594,0.100384675
2043,2034,61.733696,0.46939462,0.12413875,0.24103966
2044,4957,1.0057869,0.15789562,0.0026151538,0.005004719
2044,2046,56.6816,0.32303533,0.11968355,0.23515476
2045,4549,1.1012154,0.05089268,0.002993308,0.006613031
2046,4953,1.6750336,0.34219605,0.0049809813,0.008792251
2046,2037,29.707737,0.100331664,0.08354316,0.16386467
2047,2458,77.62196,0.49856523,0.15667818,0.3047483
2047,2040,83.91803,0.49474564,0.16999993,0.3289836
2047,2454,89.07837,0.5182282,0.17548712,0.34174997
2048,4610,3.490593,0.5828773,0.0057361275,0.011562049
2048,2514,113.11105,0.5716369,0.21504912,0.42272145
2048,2042,7.104248,0.5867736,0.013605796,0.027106106
2049,4551,73.69949,0.46328077,0.14886579,0.28801817
2049,3729,122.01443,0.5014518,0.24239796,0.47126752
2049,4000,52.336792,0.47120127,0.10407233,0.20203443
2050,4964,0.23525238,0.06475222,0.0016197264,0.004083127
2050,2035,17.177685,0.4841079,0.03654282,0.0709382
2051,4195,67.76102,0.51234704,0.1470723,0.28546122
2051,2417,32.505177,0.5158846,0.07065723,0.1361394
2051,2020,82.721405,0.50464946,0.16644382,0.32401836
2051,2422,47.463696,0.5203501,0.10174469,0.19934416
2052,4363,1.2403603,0.05154997,0.0036113262,0.0075744838
2053,2030,5.542042,0.5157604,0.010848291,0.021855816
2053,3721,43.529415,0.51737165,0.08427407,0.16445051
2053,5901,75.473175,0.50415784,0.14826086,0.28868693
2053,2337,70.91579,0.50267065,0.13925844,0.27134275
2054,2009,38.35892,0.5251825,0.07486638,0.14774916
2055,4958,1.8372574,0.39304247,0.0029488653,0.0059610605
2055,3610,34.70703,0.4073577,0.078896075,0.1500313
2056,6315,0.5373001,0.43510216,0.0018629506,0.0053335577
2056,4739,19.159433,0.66136724,0.039825294,0.07636191
2057,3597,2.0091362,0.68107074,0.0044039637,0.0089764595
2057,6908,40.375935,0.69049156,0.08170343,0.16177276
2058,192,0.9858818,0.6276565,0.0004549548,0.001554668
2058,4740,28.850868,0.6873615,0.0557575,0.10692723
2058,4078,28.783016,0.6878077,0.060803786,0.11712183
2059,757,2.4193192,0.6899483,0.0014010072,0.0038482696
2059,2399,29.639616,0.6985046,0.061524227,0.117887035
2060,4996,1.8071404,0.63555783,0.0024473146,0.00564003
2060,428,48.04376,0.6377767,0.09970301,0.19684866
2061,4471,11.450045,0.7441902,0.021168336,0.04161626
2061,460,98.37571,0.74229944,0.10390311,0.20590518
2062,4720,86.43701,0.68365437,0.21159402,0.42008042
2062,6326,2.4706116,0.67593753,0.0056036264,0.01164943
2063,4132,168.36612,0.73623985,0.32853535,0.6492255
2064,3871,40.216274,0.74549055,0.07654022,0.14602217
2064,2065,1.5932465,0.70756614,0.003160596,0.0067765564
2065,5878,79.884056,0.7460045,0.19800304,0.39314753
2065,2064,1.0245552,0.68932146,0.0018989146,0.0038840324
2066,6260,44.57377,0.6886977,0.08388927,0.16602626
2067,4808,98.70456,0.6179868,0.18373972,0.36034843
2067,6917,113.33978,0.64905214,0.20847827,0.41231814
2067,2394,79.19203,0.6214121,0.110468656,0.21746063
2068,3835,52.99278,0.68217003,0.09794959,0.19401996
2068,3067,51.710014,0.6832327,0.095964536,0.19014074
2068,5588,97.86317,0.6875508,0.17706172,0.3522216
2069,2087,8.649868,0.69543016,0.016662352,0.03262888
2069,848,104.90229,0.6978088,0.18934534,0.3768268
2069,4463,83.97055,0.69641817,0.14930741,0.2993341
2070,2078,13.8545685,0.7073958,0.02736397,0.053313255
2070,3324,19.32224,0.7087183,0.03829613,0.074515685
2071,377,2.4381905,0.70466304,0.0038360804,0.008327588
2071,4620,218.27132,0.71252483,0.38373026,0.75898045
2071,4024,68.57083,0.70677346,0.123043306,0.24468417
2072,2075,2.0974045,0.70584893,0.002971135,0.0069562793
2072,2581,42.220898,0.70916736,0.07992549,0.15624677
2073,377,2.6095734,0.70595866,0.00453458,0.009355947
2074,2581,45.601986,0.70822954,0.08443713,0.16448297
2074,2070,14.706383,0.70786226,0.029155962,0.05657754
2074,6790,4.88776,0.7092465,0.008915454,0.01781322
2075,2078,2.093544,0.7046846,0.0035699978,0.0076060593
2075,4307,65.666275,0.71015406,0.118736595,0.23626225
2076,1121,91.38873,0.6854192,0.18267682,0.36339605
2076,1832,71.84222,0.6827532,0.14304174,0.28606918
2076,2077,38.646866,0.6834623,0.07459637,0.14633243
2077,1124,107.08428,0.68696076,0.19566634,0.38907307
2077,2326,124.82235,0.68436,0.22768164,0.4513867
2077,2076,38.982788,0.68385273,0.07459082,0.14578468
2077,1120,124.60496,0.6858151,0.22636458,0.4493739
2078,2075,1.9609871,0.7038778,0.0030807853,0.007097706
2078,2072,2.1802177,0.70518875,0.003255643,0.00728184
2078,2070,13.862892,0.70788515,0.027284756,0.052950397
2079,3159,2.4996643,0.7023808,0.0045829043,0.009461001
2079,848,181.65193,0.6963482,0.32185906,0.63571346
2080,4312,7.3733788,0.70356536,0.013833672,0.0276082
2080,4313,1.9014397,0.6993415,0.0034748837,0.0077159554
2081,1274,82.4811,0.6754521,0.15009983,0.30008784
2081,3066,169.99573,0.67434174,0.30698338,0.60724634
2081,2082,45.684643,0.6761007,0.08611632,0.16888316
2082,2081,45.378586,0.67564404,0.08617597,0.17003572
2083,6996,163.74411,0.6639184,0.30221304,0.5961872
2083,6789,82.23093,0.6654643,0.1498066,0.29932696
2083,2971,126.69135,0.6665788,0.2318488,0.4581176
2084,2578,2.2153397,0.6960778,0.0035315827,0.0076322407
2084,2085,108.49387,0.70326066,0.1973683,0.393537
2084,5523,92.923965,0.6970161,0.23307338,0.4614634
2085,2084,108.9888,0.70199513,0.19792932,0.39347947
2085,4313,101.982025,0.7014165,0.20451412,0.4063614
2085,351,145.27414,0.7050787,0.28857863,0.5704082
2086,6140,2.3973846,0.71880937,0.0044116303,0.009201318
2086,6256,46.420578,0.71898985,0.110159926,0.21702541
2087,2069,8.767769,0.6957783,0.016844593,0.03333953
2087,2088,92.734566,0.6967592,0.16731486,0.33474034
2087,1294,137.58578,0.69653463,0.2500615,0.4947284
2088,2087,93.45518,0.697303,0.16773474,0.335252
2088,2089,155.4375,0.6999533,0.27377892,0.54087794
2088,2090,169.38626,0.69906527,0.30119115,0.5967155
2089,4310,54.279423,0.70580786,0.108878806,0.21724968
2089,350,45.961815,0.703925,0.09209179,0.18121728
2089,2088,154.22516,0.69922596,0.27288643,0.53945893
2090,2092,19.476912,0.7018421,0.038826745,0.075084426
2090,2752,137.73096,0.7051419,0.24868798,0.49322873
2090,2088,168.95107,0.6986064,0.3017893,0.59745485
2091,1966,103.23273,0.68976986,0.18897806,0.37574327
2091,4505,123.17963,0.6949755,0.22215948,0.44074947
2091,4502,114.06313,0.6899911,0.2066597,0.41026703
2092,349,2.236679,0.70064193,0.0036878884,0.007757157
2092,2090,19.215168,0.70226794,0.038423415,0.0741634
2092,4452,25.843746,0.70348954,0.05345578,0.10347157
2093,1966,3.8342476,0.69042593,0.007014364,0.014357045
2093,5713,142.64883,0.68352604,0.28559136,0.56376004
2093,3060,219.58658,0.6899252,0.39833018,0.78529614
2094,1832,4.219597,0.68263936,0.008446932,0.017331824
2094,1120,20.933912,0.6846082,0.043601558,0.083787546
2094,2882,25.621216,0.68497247,0.051174235,0.09851432
2095,4605,1.8379173,0.7185955,0.0028224215,0.005720973
2095,4607,39.279804,0.71835554,0.07983674,0.15519881
2096,3513,2.068859,0.70883346,0.0031231567,0.0068518966
2096,6354,24.454601,0.710539,0.047094483,0.09060769
2096,4309,191.53691,0.707435,0.33801645,0.6684031
2097,5503,1.447876,0.6823216,0.0041641295,0.0084107965
2097,5343,5.3995094,0.71860886,0.009620354,0.019467995
2098,2099,34.791096,0.71672225,0.06526364,0.1256059
2098,2103,71.776596,0.7168366,0.12749396,0.25441757
2099,4621,93.38121,0.7187305,0.1649094,0.32994938
2099,2104,16.320929,0.7170722,0.03208154,0.061893314
2100,2633,125.903854,0.7251392,0.22441006,0.44569314
2100,4594,16.939816,0.7151083,0.03296897,0.0637909
2101,4601,129.3566,0.72295105,0.23214355,0.46071315
2101,3082,12.499046,0.7164671,0.024503388,0.04730606
2101,5576,30.833513,0.7198107,0.059328683,0.1143548
2102,2581,117.936874,0.71127427,0.2129792,0.42322928
2102,6354,81.336105,0.71332717,0.14519703,0.2909553
2102,2975,18.902184,0.7134764,0.037817296,0.07297964
2102,5501,66.60473,0.7168511,0.117928535,0.23487364
2103,2975,33.651695,0.7156378,0.062784284,0.12064634
2103,2098,71.9487,0.71566844,0.128059,0.25528514
2104,2098,17.776646,0.7180011,0.034539156,0.06684136
2104,2099,16.746702,0.71715724,0.0326962,0.06292595
2105,2843,164.31955,0.69850373,0.29367656,0.5808942
2105,1296,70.05076,0.69773287,0.12567684,0.25116855
2105,4183,71.316475,0.6998486,0.12820783,0.25672287
2106,491,18.303993,0.73326457,0.03595809,0.069595486
2106,45,175.8689,0.7320089,0.30578744,0.604927
2106,493,109.854706,0.73053765,0.19573185,0.38969898
2107,1798,81.24646,0.39151976,0.17158782,0.33012652
2108,1964,87.89789,0.66919845,0.16265042,0.32360908
2109,2110,3.708908,0.6939538,0.005409375,0.011447877
2109,3704,2.1313019,0.6906884,0.0022603497,0.0055094957
2109,1802,65.92463,0.69374424,0.15419337,0.3073738
2110,2109,3.702938,0.6948875,0.0054888427,0.011472255
2110,1802,87.311066,0.6935072,0.15823686,0.31683752
2110,3705,65.80905,0.69339055,0.11876693,0.23757398
2111,3291,42.48435,0.67669535,0.08185179,0.16152288
2111,6537,3.2747688,0.6750722,0.004975468,0.011175901
2112,6195,3.982254,0.6439122,0.006870903,0.014192507
2112,6853,13.635294,0.6412888,0.035298873,0.06920386
2112,6853,12.894056,0.6397022,0.0337879,0.066189595
2113,2716,5.0335045,0.5805555,0.009048693,0.018698975
2113,3139,224.11606,0.57393765,0.5477291,1.0777776
2113,4305,49.131245,0.5838421,0.102191865,0.19973162
2114,4470,114.2286,0.5745026,0.2942087,0.5766534
2114,715,125.27646,0.55090415,0.2387717,0.46696925
2115,2398,1.5853958,0.57016057,0.0019208342,0.0046518147
2115,2927,200.3794,0.4986584,0.3977083,0.7717286
2115,4735,42.37298,0.57071036,0.10384076,0.20181134
2116,3951,1.3648872,0.504108,0.0017409399,0.0038206726
2116,5758,160.49734,0.53526706,0.30957392,0.6028807
2116,6959,30.648968,0.49263346,0.076398164,0.1449368
2117,2586,1.751049,0.38973776,0.0052550137,0.01055707
2117,1985,19.370165,0.39744526,0.05424772,0.10804819
2118,3908,1.9632492,0.5150227,0.0031604767,0.0064796656
2118,5783,1.9176826,0.5093437,0.0020391643,0.0043880492
2119,1542,140.31482,0.6710869,0.25584352,0.5068389
2119,2120,50.57428,0.6706313,0.09441784,0.18755168
2119,1389,64.38915,0.66877437,0.11881584,0.23804894
2120,2119,50.393143,0.66898966,0.09435326,0.1870449
2120,1542,97.41034,0.6736175,0.19416396,0.3855942
2120,781,78.61679,0.67145944,0.1582813,0.31544262
2121,2193,166.29764,0.6314664,0.3334647,0.6567095
2121,1964,239.78818,0.6494576,0.44007167,0.86630553
2121,677,188.72179,0.6134389,0.38033664,0.74639314
2122,2278,17.26745,0.38197345,0.048949882,0.09558783
2122,2278,24.484919,0.37525645,0.054315634,0.10213864
2122,1974,1.9176407,0.37461388,0.003427945,0.0067213327
2123,1619,37.017,0.7231289,0.07243869,0.1392144
2123,2195,24.03349,0.7260997,0.04824586,0.09348457
2123,6084,17.418442,0.7260878,0.033835154,0.06562328
2124,1659,118.70982,0.7251576,0.21341988,0.42446947
2124,4262,57.229137,0.72398126,0.10250451,0.20415802
2124,6083,40.104694,0.7205463,0.074764,0.14450419
2125,1794,0.7490883,0.42847162,0.0038546324,0.0022959262
2125,5812,29.715237,0.4504099,0.1063959,0.16452321
2125,1751,217.46121,0.7224609,0.41598755,0.8210537
2126,254,3.6639557,0.5007928,0.004179433,0.009101257
2126,1898,50.59106,0.50477505,0.13568154,0.26407075
2127,2128,1.7837563,0.49159154,0.0038976893,0.008207038
2127,4259,34.023796,0.48597232,0.069510065,0.13284834
2128,2126,50.483418,0.4937197,0.109570995,0.21132477
2129,2637,6.3771095,0.6081836,0.01185184,0.023675904
2129,2130,94.96713,0.61079365,0.17781365,0.35152858
2129,117,112.759575,0.6204718,0.20957991,0.41481447
2130,2129,94.896805,0.6142977,0.17865038,0.35270804
2130,5310,40.879684,0.6275049,0.07872746,0.15411034
2130,2698,45.281895,0.6169805,0.09388008,0.18524794
2130,117,50.739685,0.62723124,0.10321529,0.20496596
2131,5924,2.1208687,0.66099775,0.0034136549,0.0074007213
2131,2134,1.2852821,0.66242266,0.0035605952,0.007569328
2132,1436,112.343666,0.65510017,0.20617235,0.4084888
2132,3194,104.53264,0.6493938,0.19009973,0.3772402
2132,613,137.0102,0.6470932,0.25136644,0.49662608
2133,1437,28.078403,0.65700316,0.059747852,0.11522438
2133,1437,24.491495,0.6569442,0.051981363,0.10029917
2133,1436,71.84431,0.65566087,0.14150754,0.28213307
2134,4361,2.5221405,0.6631994,0.0048524365,0.010597944
2134,4768,19.451447,0.65629613,0.044336017,0.08622798
2135,4716,19.995712,0.66038764,0.042097714,0.08160803
2136,5035,20.902264,0.58114785,0.050234172,0.09783187
2136,5035,28.321117,0.57658994,0.0555026,0.10576318
2137,5125,1.7163925,0.57196665,0.0018136501,0.0046363175
2137,2136,11.181257,0.5737924,0.026241966,0.05165173
2138,1689,79.6659,0.71297896,0.1579551,0.3153144
2138,6660,10.809109,0.7164238,0.021831885,0.04311101
2139,4179,162.8512,0.7232748,0.28994733,0.57410794
2139,3559,164.37845,0.72147703,0.29482585,0.5837457
2139,1663,438.43274,0.701034,0.76921225,1.5229517
2140,531,2.2466125,0.59190196,0.004282698,0.009104788
2140,5026,191.43884,0.56646323,0.36833313,0.720331
2140,6125,36.580803,0.59749734,0.07644018,0.14847168
2141,3344,20.189745,0.7180664,0.027608559,0.053954378
2141,358,12.63871,0.7236407,0.017892078,0.03578368
2141,3737,9.031868,0.7233896,0.017207943,0.034201354
2142,1743,2.2390022,0.68314373,0.0037465468,0.007832482
2142,6952,9.949699,0.687282,0.013760142,0.02814132
2143,2875,30.494267,0.68288624,0.085707724,0.16846462
2143,2400,87.75869,0.68226314,0.1615861,0.322546
2144,532,46.991833,0.59944147,0.09049855,0.17778206
2144,532,48.22758,0.5995473,0.09284374,0.1823732
2144,3734,42.090717,0.6036011,0.081326194,0.15950195
2145,6889,3.586197,0.69708616,0.0037678927,0.008721471
2145,5466,25.222448,0.6987001,0.053484857,0.103278466
2146,2148,21.33842,0.66067123,0.04571133,0.088210694
2147,1075,20.648796,0.65739155,0.041863196,0.08051703
2147,233,19.036112,0.65950906,0.038432248,0.07399901
2147,1397,14.362564,0.6598909,0.029882729,0.058440782
2148,1074,20.222399,0.6589614,0.04086097,0.078793794
2148,174,18.38084,0.6599715,0.037164353,0.07179225
2148,2147,13.783943,0.66072553,0.028769366,0.055927217
2149,4231,2.6948967,0.7238957,0.0033219308,0.0066170096
2149,2150,46.076405,0.7237737,0.08992892,0.1739732
2149,6421,132.85898,0.7274969,0.25469688,0.5046431
2149,2158,37.14099,0.7258561,0.07010069,0.13389017
2150,6037,3.4096832,0.7191691,0.004838489,0.009829655
2150,2159,76.551216,0.7313831,0.13470155,0.26862466
2150,4054,40.309834,0.077011555,0.14050253,0.2950794
2150,2149,46.61412,0.7258887,0.08944341,0.17610246
2151,2154,134.96939,0.7302488,0.24090621,0.4781292
2151,4609,50.365677,0.7293699,0.09137555,0.18006274
2151,325,101.78849,0.7314608,0.18117315,0.36176363
2152,6170,2.2566338,0.7322483,0.003940828,0.008336425
2152,4187,97.7209,0.7383712,0.18438062,0.36861545
2153,6169,36.90653,0.73157775,0.06946608,0.1331623
2153,2154,151.54803,0.7320303,0.26785767,0.53074193
2153,2155,203.65826,0.7323568,0.3526601,0.6974323
2154,503,75.481,0.7326429,0.13280618,0.26481214
2154,2151,134.77911,0.7317099,0.2422027,0.48037988
2154,2153,151.94165,0.73263335,0.2688293,0.5323368
2155,4293,44.961002,0.73336786,0.08581217,0.16721828
2155,6168,79.29574,0.73809254,0.1481208,0.29656604
2155,2153,202.96243,0.7336932,0.35340142,0.6995459
2156,2157,50.252377,0.7251481,0.09182224,0.18159227
2156,1661,37.276543,0.7249446,0.07056999,0.13507217
2156,2159,96.26715,0.7277349,0.17168981,0.34354782
2157,6421,93.92323,0.7256062,0.16577688,0.33171278
2157,2158,74.47304,0.7264023,0.13220496,0.26393032
2157,2156,50.48139,0.72459817,0.09196169,0.18182065
2158,2157,74.03667,0.72725284,0.13193862,0.2635814
2158,2149,36.928955,0.72530574,0.07016422,0.1334064
2158,2159,38.608906,0.7283524,0.07293838,0.13935766
2159,2150,76.80046,0.7283436,0.13391516,0.26652896
2159,2156,96.151,0.72778594,0.1716361,0.34345216
2159,2158,38.690086,0.72797596,0.07292817,0.13953231
2160,1658,48.712948,0.7215522,0.094171375,0.18567064
2160,1656,8.402218,0.71825695,0.016387418,0.032242954
2160,3561,126.91788,0.71936744,0.2308681,0.4581021
2161,3484,100.675934,0.70796525,0.19887903,0.39525548
2161,4762,82.798355,0.71170807,0.16457427,0.32764617
2161,7007,8.613491,0.70694244,0.016181313,0.031712726
2162,2163,44.14272,0.7096556,0.08264248,0.16006927
2162,4708,30.722717,0.711816,0.069131956,0.1354112
2163,7007,117.39644,0.7072728,0.21317407,0.4221655
2163,2162,44.56447,0.70936584,0.0834573,0.16083467
2164,2632,138.53712,0.72278976,0.323354,0.64170736
2165,80,2.2517776,0.59969383,0.0032661185,0.0071242303
2165,2462,22.0754,0.6047079,0.06052632,0.11763869
2166,2398,35.611874,0.57298666,0.08706933,0.1691959
2167,5247,77.0311,0.46435595,0.20228721,0.33763263
2168,4612,66.259964,0.69441885,0.15568593,0.31111458
2169,2411,1.7888107,0.42547423,0.0018244162,0.0008892119
2169,7049,35.376026,0.6987984,0.083644,0.16684292
2170,2176,9.800503,0.6692049,0.019153148,0.038296297
2170,3292,44.194843,0.6725234,0.08413318,0.16457492
2171,3292,24.632017,0.6737922,0.0453043,0.08861447
2171,3289,27.412212,0.6728511,0.0626522,0.122549474
2172,2173,10.122551,0.67131424,0.020028144,0.0400732
2172,3289,17.584902,0.674277,0.034006696,0.06673379
2173,5270,41.095654,0.6700891,0.07928449,0.1544895
2174,425,34.892147,0.67274135,0.08291775,0.16495028
2175,2176,18.474712,0.6728872,0.037790302,0.07368413
2175,2174,26.246275,0.6737785,0.06129212,0.11891871
2176,2174,14.363691,0.66766083,0.029035069,0.057015046
2177,6581,2.7028694,0.66377234,0.004376307,0.0096476525
2178,2177,4.9231453,0.6651178,0.00795494,0.016842976
2178,1530,32.283127,0.6714362,0.0623711,0.119799465
2179,6407,2.944889,0.67772305,0.006315142,0.013241187
2179,462,2.7820244,0.679683,0.0055816174,0.011904091
2180,6325,23.688108,0.67294383,0.05689119,0.11283813
2181,4240,2.3986359,0.6764705,0.004539892,0.010018274
2181,2180,3.2773285,0.67398393,0.007640578,0.015949547
2182,1375,60.38999,0.6702205,0.14317866,0.2851019
2183,3467,74.39434,0.6546861,0.13697106,0.2735983
2183,2387,139.78415,0.64715505,0.28104195,0.5552131
2183,6445,5.0850563,0.6554477,0.009950325,0.020074636
2184,3286,141.07854,0.5271108,0.27533916,0.536927
2184,3918,31.937828,0.5240863,0.10063609,0.19925305
2185,1256,10.730837,0.4713666,0.018259771,0.03640893
2185,2228,42.441784,0.4630682,0.091445245,0.1776667
2185,2376,72.21234,0.48927075,0.07638399,0.14401062
2186,2187,2.2927933,0.6572345,0.0038066655,0.008654162
2187,111,112.254875,0.6677955,0.22592324,0.44719625
2187,2188,2.1304169,0.66050124,0.00364317,0.0077261925
2188,4447,3.9193344,0.6631342,0.0076911747,0.015825585
2189,214,101.640335,0.6781744,0.3266041,0.64858586
2190,2189,13.133572,0.6895126,0.023863845,0.047152266
2190,3311,4.448921,0.69050395,0.0112390295,0.022920296
2191,2335,149.31128,0.64519715,0.2753596,0.5435077
2191,677,83.27871,0.65132856,0.16703017,0.33144492
2191,6997,52.578487,0.66369694,0.10632764,0.21186352
2192,4049,24.155443,0.013292015,0.07010392,0.14654905
2192,3010,4.129757,0.4481748,0.0093519315,0.01859656
2193,3512,1.8681374,0.6475419,0.003108479,0.007595837
2193,4999,147.89592,0.61197746,0.3049654,0.5967225
2193,2121,166.48666,0.6279826,0.33298048,0.654656
2194,987,2.160965,0.68814373,0.0052262023,0.0113506615
2194,4301,59.8909,0.6930875,0.09406033,0.18317279
2195,2539,208.53639,0.72428644,0.36522713,0.7218147
2195,2123,24.18085,0.7234038,0.048876334,0.09449285
2195,877,337.00732,0.7232069,0.6311389,1.2454766
2196,6793,1.68927,0.6855799,0.0030572861,0.0064686835
2197,1857,19.036398,0.5183647,0.04000702,0.07746516
2197,5754,16.785933,0.51846784,0.035168845,0.06819988
2197,1855,29.437536,0.5241348,0.059324186,0.11365164
2198,131,3.6199837,0.659533,0.0071350113,0.014610216
2198,6080,8.75758,0.6595488,0.017913759,0.035703003
2199,2582,109.10488,0.6604295,0.20260787,0.4013723
2199,6079,33.02497,0.6589607,0.06549919,0.13044758
2200,4554,20.26582,0.6727185,0.042006873,0.08098795
2200,5060,53.85504,0.67416996,0.16980913,0.33758298
2201,4562,2.5991707,0.66567594,0.0063002333,0.013764158
2201,4561,2.9419098,0.6677681,0.004801199,0.01017648
2202,3786,15.900307,0.6675979,0.032163408,0.06261008
2202,1426,38.71098,0.6715003,0.07289986,0.14280865
2202,4561,13.051527,0.6680627,0.026057541,0.051150233
2203,3579,32.77938,0.6006788,0.079551324,0.15566395
2203,6300,14.882954,0.6015434,0.033621263,0.06562265
2204,2207,35.002766,0.58817863,0.06853256,0.13343222
2204,2206,30.570753,0.589266,0.059682783,0.115027405
2204,1219,46.88239,0.5869862,0.08952195,0.17602168
2204,4139,35.75853,0.595047,0.06898855,0.13527036
2205,3741,1.9948616,0.59889054,0.003096506,0.0064646006
2205,6298,9.949848,0.6003455,0.02066613,0.04075794
2205,1892,38.927383,0.60037184,0.07482594,0.14743738
2206,6157,13.667177,0.5914036,0.028834842,0.056487516
2206,4138,39.77947,0.6047776,0.08503492,0.16855389
2206,2204,30.163883,0.589966,0.059289534,0.11431361
2207,3565,64.932335,0.58506113,0.12407282,0.24479109
2207,2204,35.072186,0.5874821,0.06850092,0.13371654
2207,4059,25.611052,0.5900754,0.052930366,0.101170845
2207,1839,30.589645,0.5829576,0.06080196,0.116740964
2208,674,193.02284,0.72773504,0.33549026,0.66297376
2208,464,3.3014832,0.7037699,0.0072922483,0.014691606
2209,6,2.2380257,0.7417966,0.0033626705,0.0062621385
2209,667,43.855625,0.74143314,0.08011226,0.15470485
2209,5034,32.993526,0.73790216,0.06618321,0.12910376
2210,1324,4.0489044,0.69012713,0.0090379715,0.01895392
2210,2211,5.1982,0.6906129,0.008253276,0.017489254
2211,6335,33.003662,0.69418466,0.08044737,0.15856828
2212,6383,73.078384,0.68731534,0.10456762,0.2096819
2212,6431,15.971855,0.6887549,0.03465786,0.06704885
2212,408,12.784533,0.6897021,0.027714424,0.05398631
2213,2215,30.301601,0.6875966,0.05141503,0.09931598
2213,2792,21.048079,0.68944377,0.04179468,0.080836564
2214,2248,2.8668556,0.6905284,0.004895702,0.010493606
2214,1114,37.8006,0.69222116,0.07251634,0.13936415
2215,2213,29.905342,0.68704593,0.052336913,0.101230085
2216,3913,263.49728,0.65400064,0.4822116,0.94888484
2216,5589,12.384455,0.6593937,0.025746688,0.050606027
2216,2217,30.527172,0.6577087,0.06509741,0.12641464
2217,2388,56.188137,0.6537905,0.103888206,0.20602469
2217,2216,30.516289,0.65638864,0.065116346,0.12623976
2217,1179,139.95454,0.6485237,0.2824463,0.55823475
2218,3670,2.5195694,0.43138465,0.0034536198,0.0
2218,3915,3.2373123,0.74285465,0.006039679,0.012195766
2218,2219,61.931206,0.4467797,0.16386083,0.25169194
2219,660,2.2829018,0.75132895,0.0032042041,0.006762773
2219,3873,108.11466,0.75222003,0.193323,0.38529742
2219,2218,62.31333,0.44968218,0.16439772,0.2520167
2220,3284,213.56633,0.72269654,0.3731981,0.7379493
2220,3158,38.315018,0.7257136,0.07258845,0.1393634
2220,4134,119.636444,0.7280805,0.21669996,0.43114895
2221,1947,9.617798,0.66915834,0.019348942,0.03800717
2222,2244,98.85789,0.66560614,0.1829808,0.3633299
2223,6296,20.470528,0.5856799,0.04254617,0.08239206
2224,4163,3.5183258,0.5807352,0.0063499734,0.013083801
2224,2226,13.867529,0.57883275,0.028784335,0.05624672
2224,2323,82.881004,0.56023794,0.15846802,0.31127632
2225,6637,83.14612,0.45755967,0.16990072,0.3281233
2225,2229,35.17752,0.48127788,0.07187888,0.13755548
2225,1208,34.829533,0.4804501,0.07113609,0.13601321
2226,2321,79.385635,0.5661562,0.15094024,0.29682997
2226,2223,35.847942,0.5859195,0.06849408,0.13405143
2227,2228,36.732185,0.46708238,0.06603939,0.12543562
2227,2230,27.056297,0.46681347,0.05703079,0.10879957
2227,2376,33.75153,0.48320243,0.06892976,0.13179865
2228,2227,36.390915,0.46591285,0.065155536,0.12318954
2228,2320,44.634293,0.4450618,0.09836381,0.19069733
2228,2185,41.793858,0.46668994,0.090986155,0.17726529
2229,3609,2.3113937,0.49166238,0.0037876144,0.007731527
2229,2225,35.158634,0.47880757,0.070947185,0.13598967
2229,4677,60.40689,0.48999783,0.11972286,0.23268677
2230,2227,27.000465,0.46503174,0.056342594,0.10780526
2231,7039,2.4177856,0.718981,0.003970921,0.008362293
2231,1663,27.111202,0.7195739,0.051981952,0.10073572
2231,5099,215.58897,0.7160303,0.40417492,0.7990776
2232,4662,23.919548,0.027258515,0.12547292,0.27053767
2233,5244,10.570814,0.04575661,0.047705036,0.0999284
2234,2692,35.42389,0.7530044,0.095603555,0.18277721
2234,4632,13.102327,0.02310872,0.03340416,0.06713397
2235,6199,19.283741,0.041682392,0.085990496,0.17965712
2236,2235,36.800667,0.74672025,0.10577719,0.20242395
2236,5010,35.503517,0.74689454,0.06192287,0.11845643
2237,5163,1.8596344,0.74257123,0.004245542,0.009333044
2237,5165,12.683346,0.7414285,0.02776426,0.054741114
2237,3945,3.1317139,0.7443529,0.006918803,0.014430016
2238,578,2.9489746,0.5373132,0.005041383,0.010575637
2238,578,110.22924,0.5352211,0.23441628,0.45591336
2238,1511,27.228493,0.54321927,0.059382465,0.11386989
2238,1837,145.64032,0.53115886,0.28481045,0.5557686
2239,1328,32.953316,0.65939033,0.06622863,0.1268382
2239,5456,4.2190933,0.6608684,0.0072787404,0.0148887485
2240,1395,18.776827,0.658513,0.039593983,0.07699398
2240,5450,2.0093994,0.65689695,0.0034672394,0.0074918717
2241,5451,2.037571,0.6603256,0.0035521612,0.007956043
2241,5454,7.6054115,0.66160804,0.015621431,0.031403795
2242,2733,57.9625,0.6716465,0.10762107,0.21501762
2242,2886,8.223545,0.6668286,0.016983934,0.033735633
2243,4380,10.53097,0.6637703,0.021122925,0.04217103
2243,5381,22.954912,0.6679872,0.04823655,0.09414217
2244,2222,98.42899,0.66590655,0.18218222,0.36184075
2244,2748,46.22654,0.66627085,0.087406635,0.17234768
2244,3231,127.26656,0.6646687,0.23272023,0.4605453
2245,6399,2.199646,0.67833304,0.0049589276,0.01044558
2246,2429,2.0412598,0.6119635,0.008498661,0.017584637
2247,1166,23.04925,0.6154897,0.061691813,0.11973646
2247,4029,56.316704,0.6136047,0.085908905,0.17046441
2248,2214,2.8585243,0.6906296,0.004638195,0.009923413
2248,2249,6.9904785,0.6932775,0.011830591,0.023689523
2248,2609,263.21283,0.693701,0.47257105,0.93119
2249,1115,7.8225365,0.68968093,0.014944129,0.029374927
2249,1115,5.6257896,0.6899966,0.01041954,0.020760342
2249,2248,7.0268593,0.69390786,0.011725694,0.023285583
2250,5388,2.7388306,0.6325714,0.005133651,0.010608107
2251,552,2.1854134,0.62565076,0.00390625,0.008748695
2251,3206,67.77984,0.6321348,0.13629162,0.27107093
2251,551,38.74737,0.63064957,0.08039676,0.15851212
2252,2253,37.63734,0.6316604,0.07351182,0.14432839
2252,5095,113.99585,0.62912667,0.21142924,0.416684
2252,2254,134.14124,0.6280677,0.24899808,0.49133444
2253,1130,2.3787346,0.6327015,0.004050009,0.008476019
2253,1133,161.07846,0.62833047,0.33033383,0.6486638
2253,2252,37.5714,0.6343174,0.07296805,0.14335789
2254,2252,135.74866,0.6331677,0.24952626,0.49345988
2254,5283,81.50548,0.63255805,0.20556834,0.40684935
2255,2256,78.30794,0.63793236,0.14404894,0.28693116
2255,1131,124.167534,0.63381034,0.22680289,0.44744903
2255,1130,128.26776,0.63368225,0.2353391,0.46466035
2256,1127,86.97103,0.6393672,0.1617528,0.3211112
2256,1126,182.28952,0.6343219,0.33977267,0.67032284
2256,3016,124.56155,0.63940036,0.22964135,0.45422012
2256,2255,78.272064,0.6379591,0.14441258,0.28747097
2257,1128,54.283344,0.6375807,0.10245514,0.20312627
2257,3055,14.990469,0.63800603,0.031356588,0.06125346
2257,2258,18.229553,0.63860226,0.03841281,0.0744532
2258,4747,2.2954597,0.6354779,0.004187718,0.009219199
2258,2257,18.522577,0.63689065,0.038969383,0.075454675
2258,1129,42.555805,0.6391742,0.08831662,0.17363402
2259,2525,35.257538,0.6448982,0.08479316,0.16989712
2260,2261,6.5378532,0.6428253,0.012520529,0.025464356
2260,2262,2.0552292,0.6425659,0.0030160174,0.00679487
2260,1170,75.78656,0.6474556,0.13628349,0.27305716
2261,1171,157.362,0.6254402,0.2894256,0.56966954
2261,2262,7.719589,0.6428982,0.015130676,0.030298054
2262,2260,2.3032913,0.6413252,0.0035225525,0.007727802
2262,1170,147.50989,0.6407191,0.27037874,0.5353159
2263,3015,74.66864,0.6758078,0.13620183,0.27256766
2263,2593,37.98298,0.68019664,0.07699495,0.15045577
2263,5574,47.532146,0.6790382,0.09491765,0.18862218
2264,79,10.948473,0.607866,0.028707251,0.055994973
2265,18,4.2182465,0.6079412,0.010813862,0.021755576
2265,6386,53.253704,0.61270046,0.10151457,0.20065473
2266,3338,281.09766,0.6145842,0.5273822,1.0341831
2266,6021,24.103573,0.60978764,0.06660923,0.12925622
2267,2973,50.787846,0.6683604,0.09581291,0.18905519
2267,5699,80.32812,0.665379,0.14800195,0.2954359
2267,4068,79.90323,0.6667346,0.14257902,0.28375536
2267,2972,29.988186,0.6688967,0.059215046,0.11446242
2268,2972,64.56344,0.66961247,0.11868361,0.23656428
2269,4377,2.1907158,0.6652547,0.0034166723,0.0076643378
2269,5703,169.10077,0.6613392,0.3092108,0.60717577
2269,4376,150.2958,0.6649175,0.2994568,0.5910654
2270,3169,242.37094,0.65952533,0.43704993,0.8624336
2270,1942,55.4235,0.66047037,0.10256576,0.20325513
2270,5700,120.413414,0.66406786,0.22057182,0.43696147
2271,1469,51.525524,0.60500866,0.16293421,0.32055354
2272,3991,0.32107544,0.6020015,0.005486101,0.011128634
2273,2272,1.7480431,0.604206,0.003541559,0.0076462626
2273,2271,2.5552063,0.60220224,0.009784505,0.01983139
2274,3830,2.4867058,0.34274942,0.0022632033,0.0044886917
2274,3829,16.4146,0.33997148,0.03781713,0.07225195
2275,2412,102.53752,0.70526016,0.18450665,0.36662388
2275,705,53.5149,0.6951078,0.09837303,0.1954188
2275,704,106.699,0.700567,0.19196704,0.38115123
2276,6329,47.818142,0.70272595,0.095396474,0.1888896
2276,705,118.50292,0.7016768,0.2356993,0.46679723
2276,1372,58.81286,0.7024231,0.10672584,0.21246985
2277,108,4.1685104,0.653519,0.009590283,0.019527435
2277,4435,37.69425,0.66034055,0.088435665,0.17569546
2278,256,15.737797,0.39544746,0.04231255,0.08223617
2279,631,98.71755,0.5101559,0.19612019,0.3823721
2279,1311,25.286585,0.51698893,0.056485023,0.10852408
2279,6266,4.54665,0.5107112,0.009933636,0.020093963
2280,520,54.592064,0.4810975,0.11015383,0.21402931
2280,1231,37.58002,0.4718059,0.07606608,0.14674357
2280,519,43.2878,0.4877905,0.08472434,0.16477756
2281,2279,1.8156662,0.51277226,0.0041521117,0.00825417
2282,6267,1.3869019,0.5061791,0.0025602728,0.00545004
2282,1231,45.713364,0.49378118,0.09942418,0.19408192
2283,3697,46.6398,0.38644934,0.09829773,0.18812603
2283,1233,24.155836,0.36967498,0.05550111,0.10499337
2283,370,24.6775,0.39410758,0.056502476,0.106891386
2284,4038,17.387094,0.3833151,0.043358177,0.083341554
2285,370,23.178698,0.41003427,0.052765682,0.09999355
2285,7060,22.436672,0.41158465,0.05182016,0.09811631
2286,2832,26.894047,0.353819,0.06292371,0.11952094
2286,1673,7.959553,0.34765303,0.016748585,0.032241985
2287,2626,2.1875572,0.6074728,0.0032098666,0.007245317
2287,3422,95.662704,0.61011064,0.17779063,0.35149425
2287,3703,54.036217,0.63019943,0.13061428,0.25958705
2288,7032,142.27582,0.54719484,0.27220318,0.53284407
2289,2290,10.426741,0.5806697,0.020723611,0.04079762
2289,3259,35.495174,0.58062917,0.068166,0.13478547
2289,1851,233.50293,0.56848174,0.44994876,0.88008386
2289,2517,8.363911,0.5819493,0.016421907,0.032758474
2290,2289,11.054438,0.58459485,0.022779562,0.04493387
2291,2774,3.6027756,0.6878447,0.005985439,0.012611896
2291,3588,44.019604,0.69108474,0.08286202,0.1616107
2292,6908,2.5775719,0.69228435,0.0043369085,0.009080097
2292,3597,40.553535,0.6938363,0.08337678,0.16205198
2293,2294,4.580635,0.689703,0.0086989775,0.017775685
2293,6501,42.882767,0.6915679,0.08717183,0.17312497
2294,2297,2.913597,0.69065154,0.005561359,0.012201503
2295,2293,5.576828,0.6903362,0.011277474,0.023312896
2296,2292,3.0198135,0.6926371,0.0052174553,0.011546627
2297,909,4.9511185,0.68934226,0.009415619,0.019174382
2297,2296,4.346081,0.6903591,0.008903168,0.018141255
2298,406,2.5285454,0.68713266,0.0038812533,0.008733988
2298,2313,34.42517,0.6887566,0.067398,0.12931183
2299,1856,66.33011,0.5420421,0.12846065,0.2511692
2300,2340,128.8281,0.4161946,0.27108747,0.5216293
2300,1234,70.864136,0.34334487,0.15505195,0.29935023
2300,1267,76.14287,0.37345734,0.16456845,0.31684083
2301,1926,1.9491005,0.58842635,0.0032770783,0.0072940737
2302,3538,1.8761864,0.57625765,0.002568245,0.005801946
2302,1258,28.033882,0.5722061,0.056281075,0.10709458
2302,1036,53.292015,0.58908534,0.11102769,0.21734817
2303,3537,1.3885269,0.5459219,0.004026465,0.008281499
2303,1037,75.01354,0.55025864,0.16073754,0.31331328
2304,2305,34.762253,0.5965691,0.06781643,0.13238865
2304,3664,26.409115,0.59240717,0.054156423,0.10333934
2304,3435,31.853752,0.589358,0.062881574,0.120957345
2305,1279,65.06632,0.59530735,0.12354508,0.2440676
2305,2304,34.912834,0.59678876,0.06797647,0.13272116
2305,1217,27.212769,0.59230447,0.055214077,0.10535304
2306,109,12.419243,0.6544171,0.028105527,0.055356413
2306,6419,8.139027,0.6549355,0.01933673,0.03870648
2307,2308,11.531548,0.50964427,0.024063826,0.046943247
2307,5612,25.030937,0.49357808,0.05338419,0.101350896
2308,6834,1.610508,0.50915337,0.0022232458,0.0045152903
2308,1625,10.040001,0.50758684,0.020693436,0.040673986
2309,3803,1.3123207,0.6040409,0.0023161396,0.005421132
2309,1621,22.063072,0.6067741,0.047671575,0.09166726
2310,1892,32.689713,0.5942798,0.064204276,0.12439267
2310,3566,34.70729,0.59399384,0.06876851,0.13293056
2310,5245,34.878635,0.59810156,0.06847383,0.13285512
2311,6794,2.451065,0.68835497,0.004380308,0.009585559
2311,3381,1.5015717,0.6852326,0.0020046309,0.0050162375
2311,6711,176.10023,0.6933854,0.31997615,0.6344219
2312,381,16.602917,0.6908974,0.033133578,0.06407341
2312,407,2.0236702,0.68838024,0.0034267008,0.00784193
2313,382,4.6799545,0.68900335,0.008758843,0.017774552
2313,2298,34.547886,0.68863034,0.06717206,0.12995273
2314,680,50.010952,0.68956715,0.10215826,0.20328426
2315,252,1.6584587,0.51080936,0.003923714,0.008614585
2315,4868,9.163528,0.5150829,0.011297628,0.022977024
2316,2318,7.748913,0.40324834,0.01714795,0.033240348
2316,370,10.240807,0.4067049,0.022608265,0.043782264
2316,1673,50.649734,0.37474957,0.104890406,0.19964881
2316,1676,31.555817,0.4213516,0.06587414,0.12441288
2317,2318,2.2352028,0.40526748,0.004775904,0.009460971
2317,2319,1.866394,0.40609914,0.0039326847,0.007852569
2317,627,30.081161,0.4279543,0.07698009,0.1482511
2318,2316,7.9160957,0.40474027,0.017599978,0.03403917
2318,2317,2.4103737,0.40485412,0.0051595867,0.010308489
2318,1669,37.22393,0.42805108,0.07675498,0.14468393
2319,2317,1.9568214,0.40579915,0.004006408,0.007914871
2319,7027,16.823288,0.38947192,0.040567454,0.07753468
2320,2228,45.54085,0.44291848,0.09881781,0.19055334
2321,2323,34.096672,0.55421066,0.067347504,0.13101147
2321,1255,34.37788,0.5660451,0.06819312,0.13199946
2321,2226,78.394226,0.56602323,0.15133311,0.2972589
2322,1441,47.975647,0.5328619,0.091880314,0.18052004
2322,1442,36.487423,0.534035,0.0708887,0.13899979
2322,7033,24.187338,0.5458634,0.050109934,0.0957947
2323,1211,23.89931,0.54518807,0.049597953,0.09451958
2323,2321,34.22081,0.5535289,0.06745198,0.1309421
2323,2224,82.60864,0.5588021,0.15807664,0.31039935
2324,3578,11.720461,0.60070294,0.027332783,0.053755715
2324,4059,1.7507744,0.5931592,0.0022513643,0.0052755326
2325,3330,10.339392,0.426166,0.022245586,0.039931744
2326,1119,61.02088,0.6822773,0.15320733,0.3052082
2326,2077,125.56726,0.6825013,0.22948438,0.45493853
2327,2884,14.200758,0.6860074,0.02816175,0.054891534
2327,5521,44.700966,0.6935185,0.12856548,0.2553942
2328,3726,45.206707,0.53160655,0.087419555,0.17076583
2328,1854,50.93609,0.5374605,0.1000395,0.19650747
2328,3725,68.964836,0.5361714,0.13190533,0.25828546
2329,3728,16.495047,0.52704555,0.023059696,0.045991436
2329,5750,5.824154,0.5232506,0.011854179,0.023304343
2329,1857,64.17921,0.5216098,0.12625423,0.24766913
2330,3726,1.4177666,0.5283932,0.0020801648,0.0045811236
2330,16,14.026735,0.5274013,0.030554727,0.05971078
2331,11,1.4112968,0.50348854,0.0019756556,0.004331842
2331,2920,51.657616,0.50246394,0.13191989,0.25692236
2332,2561,47.256786,0.47911453,0.09348591,0.1815578
2333,2013,98.45016,0.45879287,0.20000917,0.3860039
2333,1235,41.13664,0.43095744,0.084125586,0.16186844
2333,1267,88.1069,0.4132703,0.1835384,0.35259235
2333,6476,98.08513,0.46076697,0.20020008,0.3865856
2334,5794,1.1352348,0.5180946,0.0040316135,0.008557394
2334,3511,32.9215,0.5155967,0.06687976,0.12871344
2334,5399,59.653828,0.5147581,0.118614405,0.23301469
2335,892,98.84248,0.6474652,0.1822969,0.36183485
2335,893,80.19799,0.6402966,0.14932877,0.29731584
2335,2191,150.16444,0.6463082,0.27637503,0.54578495
2336,60,41.742165,0.69719523,0.08727884,0.17034577
2337,2053,71.72023,0.5044644,0.1404552,0.27377638
2338,5391,5.84927,0.64979184,0.013761304,0.027403876
2338,4818,29.138197,0.6499268,0.052400887,0.101025924
2339,2008,22.222479,0.47574934,0.04762237,0.09090903
2339,2921,4.72773,0.4854192,0.009175144,0.01848866
2339,2006,45.435528,0.4876441,0.08998053,0.17572898
2339,2553,66.7881,0.47485337,0.13362129,0.25954488
2340,2008,59.887756,0.4699758,0.11936735,0.23191461
2340,5557,33.512,0.46326497,0.069260456,0.13136761
2340,2300,128.69203,0.41743624,0.27066237,0.5208224
2341,1208,26.038048,0.4894844,0.055355184,0.1047299
2341,536,147.9508,0.44863808,0.30595696,0.59025705
2341,2342,45.61667,0.50032467,0.0901916,0.1755457
2342,1517,137.09758,0.51531035,0.27179784,0.5268031
2342,1837,77.34363,0.5147465,0.15117788,0.29458317
2342,2341,46.20509,0.50143886,0.09168119,0.17896359
2343,1518,9.220974,0.532281,0.018901065,0.0373877
2344,580,3.3319664,0.55557114,0.005793996,0.012170389
2344,583,13.192743,0.5514102,0.02847547,0.055561446
2344,537,61.614475,0.5597141,0.12823936,0.25191614
2345,1254,42.639828,0.5735464,0.08176425,0.1612396
2346,1201,68.25197,0.5970684,0.12916544,0.2552127
2346,1515,25.004318,0.5908995,0.051256448,0.09826676
2346,2356,16.275745,0.59146696,0.033270247,0.06471264
2347,1514,2.4485664,0.5763484,0.0043473914,0.0093514025
2348,2402,148.47318,0.54572946,0.28641406,0.55938005
2348,2349,8.249012,0.55739903,0.016355574,0.03272207
2348,1553,250.51604,0.55257875,0.48383582,0.94374895
2349,2348,8.404541,0.55755097,0.016510047,0.032894015
2349,1506,80.567986,0.5512527,0.16921613,0.3303579
2349,5264,133.98898,0.5602177,0.27828714,0.5435976
2350,1572,109.0074,0.5763717,0.20287433,0.39809024
2350,5265,67.47783,0.58172554,0.14364043,0.2816022
2351,2241,11.969521,0.66107816,0.02511385,0.049704686
2351,6418,40.132214,0.6611419,0.08135536,0.16026345
2352,5056,12.747908,0.57632905,0.029136568,0.057191566
2353,3355,2.2391777,0.6052179,0.003205791,0.0071968585
2353,6774,6.8265533,0.6035711,0.011859216,0.024080738
2354,5988,34.01701,0.6154726,0.07271201,0.14190254
2354,1199,3.9766426,0.6117103,0.0077841133,0.01573047
2355,4924,2.4824333,0.6043352,0.003909439,0.008032039
2355,2358,20.752102,0.6012571,0.043049257,0.08335885
2356,2357,67.230064,0.59760076,0.1277685,0.25244042
2356,2346,16.226,0.59157264,0.033198494,0.06460276
2356,1277,19.597061,0.59281904,0.040317476,0.07817572
2357,1199,67.01958,0.6064659,0.12679183,0.25094947
2357,2356,67.35397,0.5970558,0.1275673,0.25198835
2357,1201,10.809961,0.5995022,0.021464959,0.042300045
2358,1201,30.296646,0.59938115,0.06059791,0.11613486
2358,2355,20.738356,0.602627,0.042734418,0.08295917
2358,4949,10.059654,0.59689486,0.019800268,0.039173707
2359,2365,3.7670326,0.6606983,0.0072788447,0.015008405
2360,4420,24.444592,0.6553955,0.05264015,0.10084281
2360,6946,4.3617897,0.6574139,0.008531541,0.017521292
2360,6845,48.516148,0.6564302,0.098055564,0.19479309
2361,6946,6.864563,0.65465736,0.014046453,0.028177917
2361,2360,5.03331,0.6570572,0.01007881,0.020775363
2362,2361,2.026966,0.6584379,0.0034228042,0.007788211
2363,6943,4.777687,0.6552306,0.009417377,0.019104123
2363,93,64.467155,0.6544904,0.13128474,0.26082733
2364,2363,3.2192764,0.6561377,0.006008491,0.012516215
2365,3621,66.41689,0.6631762,0.13569789,0.27034143
2365,1325,3.7699318,0.66070133,0.007060528,0.014312044
2366,881,6.461067,0.6539243,0.014922321,0.030283198
2367,6342,2.4792595,0.6649952,0.0037665814,0.0084914565
2367,6622,2.4568825,0.6599444,0.0039909557,0.008995384
2368,2367,43.36556,0.6567943,0.070383355,0.1371181
2368,6411,12.728163,0.6603731,0.024434485,0.048657298
2369,1058,39.59112,0.66490203,0.06752516,0.12959373
2369,1687,52.461094,0.6601997,0.082806855,0.16101041
2369,6411,10.437239,0.65355176,0.024689302,0.048480853
2370,1356,31.437485,0.5984188,0.06141389,0.11956069
2370,6203,40.9257,0.5997555,0.10828301,0.20981787
2371,1354,29.534592,0.5938894,0.05899437,0.11312832
2371,1355,55.94499,0.6003219,0.10638383,0.2094158
2371,1356,86.637436,0.5987024,0.16435108,0.32415205
2372,4463,1.7965317,0.6950233,0.0027737096,0.0059753954
2372,347,66.03964,0.69963247,0.13319083,0.2649628
2373,6572,2.9227333,0.6914227,0.0024432093,0.0057379752
2373,3889,10.021221,0.6907145,0.020524956,0.040719077
2374,2375,32.307667,0.58319753,0.06372555,0.122312576
2374,1508,228.35631,0.5495872,0.44453847,0.86657894
2375,1507,131.41768,0.5900588,0.24683025,0.4862044
2375,2374,30.23428,0.58331096,0.060230937,0.11537703
2376,2227,33.97868,0.48074853,0.06849037,0.13111469
2376,2185,70.801056,0.49338096,0.07660425,0.14507836
2376,1257,10.18251,0.4944034,0.017230406,0.034544334
2377,5053,3.5416145,0.6893634,0.0060884655,0.013170585
2378,411,22.265089,0.69225395,0.045639962,0.087793946
2379,2377,37.712738,0.6933852,0.073474064,0.14177234
2379,777,19.577295,0.6939064,0.03977259,0.07738394
2380,3470,80.91687,0.6873014,0.1940858,0.38843518
2381,5685,2.7368774,0.67401886,0.0066317916,0.013905153
2381,5686,15.985586,0.6746547,0.02903454,0.056740247
2382,1025,11.809374,0.68361783,0.02170337,0.043434918
2382,3385,8.978424,0.68267596,0.02033174,0.040326774
2383,893,12.66543,0.6331828,0.026507944,0.052059755
2383,677,181.58426,0.62671536,0.36885133,0.7238789
2383,1171,106.263306,0.6323893,0.19530788,0.38624018
2384,2994,5.2639656,0.6412491,0.009719022,0.019368231
2384,118,6.7403145,0.6406924,0.01285743,0.025485277
2384,2607,60.08566,0.64525056,0.119209714,0.23782367
2385,2876,201.19734,0.6245395,0.37429312,0.73656
2385,1178,83.349915,0.6384597,0.1688565,0.33462507
2385,1177,145.77818,0.62626535,0.29420504,0.5793302
2386,1183,70.807945,0.63993853,0.13070557,0.2610441
2386,1172,46.527084,0.6422405,0.08773366,0.17267866
2386,2387,60.792107,0.64272153,0.11301482,0.22524884
2387,2386,60.547337,0.64223826,0.11280286,0.22464429
2387,1172,29.089794,0.64340824,0.06226025,0.11947118
2387,2183,139.72235,0.64594185,0.28079015,0.554542
2388,6446,2.1537094,0.65389365,0.003520526,0.007134095
2388,2217,55.584747,0.6547173,0.10309763,0.20436059
2388,6445,21.504345,0.6591485,0.045438364,0.08760429
2389,3912,2.351513,0.649793,0.004387565,0.009199917
2389,4536,49.379562,0.6594614,0.0989202,0.19609791
2390,2998,91.355446,0.5295933,0.17770079,0.34677637
2390,4915,79.03482,0.5226331,0.15531933,0.30264598
2390,2007,43.309196,0.52109957,0.08453313,0.1655294
2391,3688,95.23729,0.5469385,0.18388304,0.35948735
2391,2392,57.94439,0.5392436,0.111825086,0.21899106
2391,574,32.237133,0.54315096,0.06422175,0.123999
2392,6177,3.5978165,0.53166646,0.007639624,0.015905246
2392,2391,56.95704,0.5383108,0.111362584,0.21811762
2392,4670,4.457535,0.5332372,0.011165924,0.02226147
2393,4794,89.51248,0.73188794,0.1588228,0.31783497
2393,1963,332.5736,0.70871735,0.5900376,1.1665598
2393,513,100.156555,0.73787785,0.17958468,0.35882294
2394,796,23.02121,0.6205117,0.039712816,0.076895215
2394,2067,78.920105,0.6185608,0.110858895,0.21910578
2395,2746,157.01807,0.6664386,0.28187385,0.5575784
2395,697,31.698017,0.67000777,0.06360644,0.121113144
2395,3231,125.41321,0.66684186,0.22948745,0.454351
2396,2015,226.48854,0.52805495,0.44619453,0.8676414
2397,4666,95.24214,0.4071185,0.1952996,0.37499148
2398,2115,1.7536659,0.57170653,0.0022548512,0.0051145554
2398,4828,9.891399,0.57480127,0.023243956,0.045953482
2399,2057,1.7523575,0.68870413,0.0037361532,0.007895216
2399,3478,52.94561,0.6955549,0.11104587,0.22019106
2400,2143,89.02652,0.6829379,0.15988582,0.31873274
2400,2401,122.8375,0.68307364,0.22240391,0.44118136
2400,3433,35.590935,0.6804001,0.06929611,0.13417038
2401,4527,2.1644363,0.68141896,0.0033431873,0.0072197616
2401,2400,122.64114,0.6841018,0.22194767,0.44010967
2401,3070,12.463764,0.68616486,0.025603347,0.04989992
2402,5806,1.605133,0.5477674,0.0018685013,0.004493624
2402,2348,149.51991,0.5454988,0.2881486,0.56249756
2402,534,78.43634,0.54555494,0.20680332,0.40391952
2403,1500,39.144764,0.5955078,0.08119972,0.15923664
2403,3608,98.16749,0.59877545,0.20467949,0.402511
2404,3589,4.499687,0.5872996,0.008827373,0.017796814
2405,2420,117.783356,0.5723708,0.22357506,0.43845797
2405,3589,65.97517,0.5830753,0.12792698,0.25169557
2405,6981,82.63141,0.57816815,0.15827617,0.3113864
2406,6689,0.96702576,0.5609901,0.0029579103,0.006422192
2406,7015,13.003187,0.5596395,0.030300088,0.05972521
2407,2408,41.599777,0.5671559,0.09698933,0.18808237
2407,2406,1.3594971,0.5632277,0.0042080954,0.008860871
2409,2408,2.2870674,0.5575796,0.027002119,0.052465886
2409,2406,36.477295,0.5652168,0.08842196,0.169592
2410,641,89.039764,0.65976346,0.16452831,0.32775027
2410,4337,20.991543,0.6556533,0.050543875,0.098755345
2411,2167,4.719246,0.44349557,0.009343974,0.015206203
2411,2168,3.9650917,0.7021753,0.009102061,0.01771754
2412,2275,102.58529,0.70432997,0.18503737,0.36857337
2412,704,29.393332,0.70226246,0.06710439,0.1319855
2413,2424,17.595913,0.55861366,0.040976748,0.07944216
2413,2415,112.91755,0.5569543,0.21558824,0.42317545
2414,3973,1.2951889,0.5540416,0.0014256239,0.0036242455
2414,2420,124.914856,0.55781287,0.23836726,0.4668091
2414,572,60.153732,0.5518614,0.15336183,0.29884946
2415,2420,126.06152,0.56329584,0.23967981,0.47029257
2415,2421,39.45711,0.56609046,0.07625717,0.14933883
2415,2413,111.82936,0.5559256,0.21503215,0.42093933
2416,6879,12.314732,0.65640086,0.025762662,0.05078654
2416,3950,16.965918,0.66229594,0.021756016,0.043166682
2417,2016,43.92347,0.5222741,0.09124356,0.17520526
2417,2051,32.30003,0.5177219,0.07086821,0.13614127
2417,2418,44.79001,0.5246683,0.0878123,0.17127357
2418,2422,55.213974,0.529058,0.10766502,0.21121062
2418,2016,64.68784,0.52890205,0.12594369,0.24709812
2418,2419,85.313736,0.5363722,0.16683963,0.3255579
2418,2417,44.791313,0.5242611,0.08852552,0.17289555
2419,2418,85.85852,0.5359802,0.16635826,0.3252269
2420,2414,125.01985,0.5585417,0.23820236,0.46743065
2420,2405,118.44068,0.57360935,0.2235645,0.43910587
2420,2415,126.75723,0.5647046,0.23994184,0.4710999
2421,533,135.4531,0.55427194,0.28519917,0.556004
2421,2415,39.356,0.5681396,0.075755015,0.1493156
2421,6979,48.589935,0.5712636,0.10023468,0.1964122
2422,2418,55.493965,0.52726454,0.10807051,0.21191159
2422,6177,35.816895,0.53184736,0.07591773,0.14791185
2422,2051,47.955597,0.52376825,0.10172621,0.1996431
2423,5025,2.6613922,0.41412732,0.0053619146,0.011262178
2423,2052,28.053833,0.099203736,0.08071715,0.15762319
2423,3554,66.5087,0.39785415,0.14216849,0.27584082
2424,3687,1.6951714,0.55174017,0.0021608546,0.0048880726
2424,2426,28.399294,0.5568638,0.069455944,0.13406509
2425,573,137.22072,0.5431599,0.26379925,0.5157577
2425,3815,5.73077,0.55207294,0.01101771,0.022657081
2425,3625,115.69489,0.5500154,0.22117907,0.43284988
2426,3688,2.0870667,0.5555052,0.0031386986,0.006944135
2426,4842,36.09039,0.5544884,0.08997759,0.17400022
2427,3686,10.780613,0.551127,0.021890983,0.043085545
2427,2428,35.4917,0.5503289,0.06919216,0.13486907
2427,2019,39.113365,0.5481054,0.07571471,0.14863122
2428,3625,4.6820374,0.54923147,0.008822583,0.018014148
2428,573,36.690502,0.54732877,0.07157642,0.14011434
2428,2427,35.51855,0.5508504,0.06932543,0.13488561
2429,2247,5.1612434,0.6109387,0.015283734,0.03049013
2429,2708,2.1971245,0.61215496,0.0032058656,0.0070878267
2430,2467,14.464193,0.43767738,0.030846424,0.05970498
2430,2035,64.92226,0.4591216,0.1299856,0.25204152
2430,3984,68.601974,0.41674238,0.1415287,0.27288392
2431,2432,34.76684,0.4250614,0.07213825,0.13822901
2432,2025,84.012245,0.39384878,0.17818391,0.3426666
2432,527,31.110796,0.41789588,0.066214524,0.12550503
2432,2431,34.931976,0.4286438,0.072683364,0.1383459
2432,2433,63.292206,0.38619137,0.13146931,0.25538787
2433,2037,1.787384,0.36351857,0.004234895,0.008008748
2433,2432,61.740227,0.3861935,0.13302284,0.25830927
2433,4953,29.574907,0.1278018,0.082713336,0.16201787
2434,3893,4.259285,0.6651484,0.013537839,0.027326882
2435,2436,36.76271,0.6780244,0.088563256,0.17506874
2435,2434,70.68913,0.67502624,0.22009858,0.43771058
2436,4513,1.096241,0.66271317,0.003605619,0.008168042
2436,1194,2.314762,0.66841567,0.004642375,0.010116428
2437,4511,50.414413,0.67987025,0.12233277,0.24446738
2437,3519,76.4534,0.67762685,0.22236812,0.44184965
2438,3519,38.383255,0.67226756,0.09450867,0.18521163
2438,2436,5.3236427,0.6731064,0.010674745,0.021779507
2439,5850,2.2609024,0.66577053,0.0055956542,0.011658058
2439,6481,79.530624,0.6668946,0.22530347,0.44670272
2440,4018,1.5493927,0.6587895,0.0046604797,0.009926185
2440,2441,84.25986,0.6747366,0.24380118,0.4851014
2441,2442,1.0633812,0.65652126,0.0032340065,0.007209271
2441,3145,92.64132,0.6665683,0.29632765,0.5891931
2442,2441,0.842968,0.66398895,0.0028545707,0.006514132
2442,6988,123.335205,0.66546035,0.22524825,0.44581234
2443,3795,2.1648865,0.7429973,0.0015642345,0.0036226362
2443,6809,20.686317,0.7414698,0.047287337,0.09137481
2444,3125,2.9821014,0.7404347,0.0048598275,0.008709848
2444,1630,2.2883644,0.4838727,0.0023504943,0.002471
2444,6820,0.36922836,0.40872532,0.0,0.0
2445,419,7.5593796,0.66351616,0.017502278,0.03520581
2445,1059,20.275263,0.6634553,0.03884272,0.07472501
2446,4284,3.9018784,0.6772995,0.007826589,0.016950548
2446,2803,2.4602432,0.6486249,0.007281862,0.015349835
2447,3230,43.764347,0.6688288,0.08093789,0.15767728
2447,3488,87.4385,0.665737,0.15860163,0.31372157
2447,3282,113.68451,0.6643592,0.2071107,0.4104839
2448,2449,2.3432236,0.7398685,0.0052023605,0.009806544
2448,6303,21.803467,0.043364078,0.09331624,0.19588222
2449,2448,2.1306152,0.73441786,0.0040114895,0.00812079
2449,6170,51.17472,0.7361653,0.09575297,0.19008973
2449,4293,39.06866,0.7362829,0.07566255,0.14377263
2450,5157,35.468994,0.667663,0.07031517,0.13533102
2450,3477,9.117851,0.66662645,0.017982438,0.035860255
2451,2967,2.943142,0.62877834,0.004967451,0.010438174
2451,6262,2.8890877,0.62981445,0.0040738657,0.009075314
2451,2453,35.433926,0.6447891,0.09008334,0.17581524
2451,2452,29.960941,0.62311465,0.073049076,0.14412446
2452,4148,36.057785,0.58673215,0.120035715,0.23572631
2453,5597,11.327953,0.65368843,0.029028408,0.057296954
2454,2047,88.565506,0.5199205,0.17503917,0.34092945
2454,2456,53.631348,0.5340293,0.10443044,0.20446092
2454,2455,40.685017,0.5324586,0.07903933,0.15436709
2455,2454,40.7733,0.53115046,0.078855254,0.15484433
2455,2032,29.765417,0.5344558,0.059405062,0.113936275
2455,2456,21.161716,0.53378755,0.044079628,0.08459054
2456,2454,53.948647,0.5336205,0.10457,0.20485401
2456,3720,47.06697,0.5373281,0.09043846,0.17688622
2456,2455,21.16652,0.5347044,0.044047583,0.084550634
2457,3982,57.500847,0.44040042,0.11667572,0.22654204
2457,2023,24.16357,0.46055347,0.052029796,0.09896
2458,2047,77.904755,0.49488822,0.15659419,0.30342
2459,287,2.2007332,0.7480986,0.003255479,0.0065500736
2459,474,32.65336,0.74590236,0.07251507,0.14205073
2460,1440,109.75889,0.5902354,0.20605129,0.40476596
2460,4810,4.6587753,0.62488145,0.008085258,0.01640664
2461,1470,36.069557,0.66350794,0.07471296,0.14531977
2461,6788,74.23616,0.6662973,0.14871448,0.29633367
2461,3050,27.919449,0.66804206,0.058768496,0.11242044
2462,1468,92.333405,0.6032232,0.17476158,0.34536815
2462,1718,60.95115,0.5991599,0.19517753,0.3847105
2463,1019,26.171103,0.66076416,0.05516906,0.106917195
2464,679,16.211632,0.66036594,0.03310915,0.064718895
2464,2465,24.961359,0.6603199,0.045537945,0.087082624
2465,2464,25.169668,0.66133064,0.04503586,0.08587678
2465,679,9.639351,0.6584638,0.022121198,0.043774948
2466,474,2.4473267,0.7424629,0.0039762408,0.008527979
2466,287,32.234524,0.7466853,0.07242375,0.14201705
2467,5071,2.3066978,0.43807045,0.0044305027,0.009391546
2467,2050,45.0108,0.23463717,0.12731944,0.25763255
2467,2430,14.134396,0.43420878,0.030166354,0.058462903
2468,3979,1.8367996,0.39220732,0.0031878725,0.00635837
2468,3984,13.832882,0.39590746,0.030996647,0.05939737
2469,1889,0.8765564,0.017624438,0.008926399,0.016785279
2470,290,2.2823524,0.74376696,0.0034298673,0.0073146373
2470,2459,18.89062,0.74715364,0.041932113,0.08256707
2471,6006,1.3790398,0.53070754,0.0016337186,0.003907606
2471,3773,138.23059,0.54765725,0.2654333,0.51940006
2471,2029,27.114874,0.5310602,0.061262906,0.11722179
2472,6635,33.150017,0.58081967,0.0659778,0.12754488
2472,800,160.83734,0.58972687,0.30254468,0.5946687
2472,4058,95.01338,0.5927251,0.18159088,0.35709977
2473,3908,1.930851,0.51106644,0.0030730665,0.006456837
2473,5783,2.1463585,0.5112843,0.0036901832,0.007628411
2474,175,9.665657,0.67317253,0.021448001,0.04214859
2474,2521,6.928055,0.6700923,0.015679896,0.031575635
2475,2476,1.6051064,0.6136134,0.004252486,0.009499148
2475,766,87.910034,0.61357117,0.28421858,0.5595522
2476,2475,0.89254,0.6122296,0.002848044,0.0066245943
2477,769,47.399166,0.42323518,0.10658704,0.20488167
2478,2477,2.093296,0.44196892,0.0060194507,0.0117973685
2478,1153,53.584034,0.41939694,0.11151887,0.21340996
2479,1991,1.1615639,0.5316739,0.0037733167,0.008121759
2479,6729,32.926582,0.5326182,0.0666869,0.12905669
2480,3200,1.3691254,0.65687126,0.0023313835,0.00551416
2480,1431,43.638214,0.6568154,0.11482676,0.2276022
2481,2482,2.3701897,0.42380083,0.0029596463,0.0061528683
2481,1908,78.89725,0.41441607,0.16316023,0.31351635
2482,1901,18.111053,0.4256686,0.040321223,0.077513725
2483,4547,54.67894,0.54856926,0.11464845,0.22219512
2484,2483,2.5997238,0.5513981,0.0034049824,0.007923588
2484,2033,2.7037773,0.5510842,0.004842669,0.010077268
2484,2510,65.15526,0.55807334,0.12504333,0.24550611
2485,2487,95.81236,0.54974437,0.18593127,0.3630521
2486,6635,115.798805,0.56458396,0.22035685,0.4324494
2486,2033,26.836073,0.5525149,0.058925573,0.113620944
2487,2485,95.7482,0.55103505,0.18539776,0.36358637
2487,2486,34.387074,0.5540391,0.07372984,0.14352648
2488,6727,62.82844,0.6922496,0.11709028,0.23136288
2489,280,39.40086,0.67184985,0.076341614,0.14852807
2490,365,9.590839,0.66879714,0.016943999,0.034139678
2490,6619,5.456524,0.6695728,0.012711987,0.025622979
2491,6632,63.431778,0.65893286,0.15208663,0.30304775
2491,2495,1.3134499,0.65560484,0.0037201494,0.008385867
2492,3504,2.8256187,0.65502757,0.008065477,0.01643163
2492,2491,3.5641403,0.6554805,0.009601302,0.01935941
2493,2492,1.893383,0.65489995,0.0045377314,0.009943649
2494,2493,1.2779465,0.65220946,0.0047961473,0.010094762
2494,5390,32.0591,0.6627975,0.08072298,0.1605873
2495,2494,1.3821754,0.6536447,0.0038680285,0.0084095895
2496,1056,4.3199234,0.6690217,0.010143861,0.020724982
2496,6620,21.280718,0.66970044,0.04921318,0.09496886
2497,6619,3.917019,0.67034185,0.0067455247,0.014224172
2497,365,2.638546,0.6709966,0.0031388327,0.0076827705
2498,5488,64.7848,0.73954225,0.117457114,0.23463503
2498,5401,94.98245,0.7400431,0.28499073,0.56772304
2499,3391,2.0728836,0.66393566,0.002340369,0.0049737245
2499,1536,146.2268,0.6652762,0.20626312,0.4113896
2499,1534,95.832,0.66573846,0.17501178,0.34629786
2500,4095,44.63495,0.7346117,0.08842148,0.17398758
2500,1635,2.560646,0.7408193,0.009128369,0.01817602
2501,5878,2.266121,0.74515796,0.0049960315,0.010042891
2501,5660,133.08655,0.4437969,0.42645076,0.7316133
2502,1882,101.15071,0.74407524,0.2933905,0.5831572
2503,2504,3.6837387,0.538557,0.0035043359,0.007436812
2504,2503,3.9939766,0.5423374,0.0041664764,0.009302616
2504,4540,7.560337,0.54108447,0.016830146,0.033772647
2505,2503,6.2231827,0.53767616,0.013655037,0.027291
2505,4540,2.672779,0.5386017,0.0019485578,0.0047009736
2506,2194,32.06265,0.6880381,0.07497472,0.14549355
2507,1645,4.075405,0.69061846,0.008999944,0.018703312
2507,2892,26.382233,0.6929089,0.047562998,0.093377285
2508,27,69.22766,0.68780375,0.13969652,0.277349
2509,2510,2.3759575,0.57090676,0.0038049966,0.008217648
2509,2018,58.091934,0.5740613,0.11149429,0.21946238
2509,2513,51.336,0.5740206,0.09819706,0.19124314
2510,2509,2.4400787,0.57027185,0.003943227,0.0084986985
2510,2484,65.07009,0.5628594,0.1250548,0.2459583
2511,6892,48.88913,0.5878286,0.094030365,0.18425556
2511,2512,28.254036,0.58539337,0.05696424,0.10857711
2511,2513,78.128235,0.57476294,0.14848152,0.2926559
2512,3378,50.92848,0.5892244,0.09661357,0.19051553
2512,6893,13.716057,0.591925,0.027946584,0.054721467
2512,2511,28.087233,0.5866159,0.0565572,0.10792726
2513,2514,1.9067154,0.57559204,0.0027359799,0.006252572
2513,2511,78.888466,0.5790406,0.14912026,0.29405844
2513,2018,13.731836,0.58020425,0.027966604,0.05455453
2514,2513,1.8708344,0.5767091,0.0026063174,0.005915761
2514,2510,52.673866,0.5736243,0.101224884,0.19724746
2514,2048,113.6158,0.57208693,0.21556261,0.4234934
2515,2517,32.00994,0.57676667,0.062400214,0.120664835
2515,1078,1.4749565,0.5707859,0.0045714304,0.009735927
2515,2518,29.648659,0.5706312,0.0586542,0.11157909
2516,4244,2.1822472,0.5734385,0.006948985,0.014310405
2517,2289,8.474346,0.58230007,0.016734444,0.033389404
2517,1311,133.74591,0.55039555,0.28070384,0.54736555
2517,2515,32.058834,0.57785594,0.06251331,0.121567845
2518,6823,1.5892296,0.5659547,0.002346702,0.0052289367
2518,6821,8.787014,0.5676571,0.01571031,0.031159163
2518,2515,29.7067,0.5700773,0.05943054,0.113581836
2519,3100,2.2243958,0.74154884,0.0039274767,0.007937208
2519,3134,5.7004967,0.73931015,0.015227318,0.029887125
2521,176,7.9104576,0.6703852,0.017789662,0.03557755
2522,5532,125.094635,0.6828404,0.30282483,0.60106105
2523,4744,2.2380562,0.6342285,0.0037774816,0.008439973
2523,2254,67.922775,0.6380558,0.16716352,0.330962
2524,2526,81.210236,0.63631326,0.14945436,0.2976928
2524,5273,80.8069,0.6375181,0.14937794,0.29722542
2524,4744,156.89958,0.6294782,0.2912719,0.574725
2525,1135,2.074543,0.61919284,0.0050741136,0.010526806
2526,2524,80.71675,0.6355378,0.1503774,0.29932112
2526,1134,87.95621,0.6375244,0.16366366,0.3249557
2527,4875,2.315731,0.6409129,0.0037864223,0.00847435
2528,5061,1.9629097,0.66563326,0.005022198,0.010542765
2528,5848,145.31876,0.6643473,0.328482,0.6481702
2529,3149,37.70026,0.66387963,0.08924632,0.17653927
2530,1163,2.977539,0.66561544,0.004612662,0.009862483
2530,7053,311.14557,0.6632615,0.121604145,0.26271525
2531,2529,28.029398,0.6697811,0.06560935,0.12787719
2531,2530,17.22981,0.67445344,0.034659166,0.06751129
2532,6538,26.055271,0.66974837,0.052636284,0.10156051
2532,6565,21.981398,0.6705394,0.05138082,0.10029727
2533,1844,165.27052,0.49814457,0.32874438,0.63700116
2533,4813,20.20112,0.5593945,0.04216026,0.08187861
2533,4475,56.91072,0.56728786,0.11129153,0.21856056
2534,1817,4.646591,0.70643264,0.008744456,0.01747194
2534,5600,67.32329,0.70135176,0.12054805,0.24058703
2535,3186,2.7581177,0.71041715,0.00450024,0.009734243
2535,6576,10.722059,0.71137655,0.021115363,0.041575834
2536,3383,86.06,0.6939377,0.17555101,0.34838703
2537,5181,1.9904251,0.4600868,0.002784744,0.0024468005
2537,736,5.6744194,0.70064807,0.008733943,0.018084392
2538,3974,47.597134,0.7231959,0.086608544,0.16841814
2538,2539,157.13504,0.72161007,0.27798682,0.54934865
2538,3101,82.87549,0.72481763,0.15932356,0.3177172
2539,2195,208.33003,0.72629595,0.36522707,0.7218971
2539,2821,80.555534,0.7288487,0.14182436,0.28343612
2539,2538,156.71684,0.724304,0.27889082,0.55133796
2540,2543,4.5232124,0.68362886,0.01038865,0.02149795
2540,4080,26.887844,0.6881627,0.04967185,0.09809038
2541,187,7.5502396,0.6848313,0.014318615,0.028342322
2541,405,34.463684,0.6869385,0.067193195,0.1287096
2541,2542,3.6748123,0.684554,0.0050468817,0.010663077
2542,2541,4.16296,0.6842949,0.006199844,0.013003796
2542,6264,27.737106,0.6910225,0.0555411,0.10757199
2543,1636,5.4122467,0.68375415,0.012126289,0.023955002
2544,2545,6.0516167,0.48612967,0.01271157,0.024825677
2544,2563,19.542953,0.48296437,0.038133815,0.07313476
2545,6835,2.1959496,0.48177373,0.0037441552,0.0073486716
2545,3693,11.060795,0.48612288,0.021291383,0.04178226
2546,3698,4.961483,0.483174,0.01245755,0.024840698
2546,2548,11.006203,0.4702726,0.02144564,0.042322487
2547,2558,2.5412064,0.48389885,0.004227966,0.008318737
2547,6835,5.6398697,0.4791864,0.010238171,0.020393655
2548,2549,4.1189537,0.47429848,0.007836364,0.01587969
2549,6814,64.719025,0.47051466,0.12949611,0.2514168
2549,2548,3.5806007,0.47227278,0.006462723,0.013201132
2550,3691,2.5855713,0.53572524,0.004199542,0.008830473
2550,2998,40.44564,0.5374156,0.07798942,0.15296674
2550,2564,2.8152504,0.53616154,0.0048709586,0.01014629
2551,2560,1.7453651,0.47937196,0.0057116225,0.011516899
2551,2921,71.07941,0.47938478,0.14374045,0.27830046
2551,2918,20.73291,0.4750372,0.045096718,0.086118735
2552,2554,3.9336967,0.47461712,0.0066560656,0.013351306
2552,6816,3.3399696,0.4796922,0.006407216,0.012877032
2553,2555,1.7620392,0.47690058,0.0055659115,0.011274025
2553,2339,66.35098,0.47835156,0.1345453,0.2612363
2554,2548,2.560833,0.4786225,0.0043882877,0.008783281
2554,2552,4.203823,0.4765356,0.007103078,0.014250934
2555,2553,1.4778214,0.4735681,0.0049403384,0.01008895
2555,5900,115.62538,0.48286307,0.32929328,0.6401157
2556,2557,6.1664963,0.48185027,0.015537694,0.030512914
2556,2559,20.459099,0.48624954,0.03987107,0.07676565
2557,2558,9.627213,0.48732623,0.018424638,0.035960495
2557,6739,4.411934,0.48888487,0.011524461,0.022660896
2558,2559,3.6855087,0.4853101,0.0066102147,0.013237357
2559,6827,46.28187,0.4922521,0.09305603,0.17963676
2560,2551,1.3836517,0.4788687,0.004782073,0.009834945
2560,6828,130.77231,0.4712892,0.40339908,0.7840944
2561,2332,46.904053,0.48429722,0.0943329,0.18317439
2561,2562,4.43478,0.4659155,0.008653723,0.017337441
2561,2552,84.308105,0.46835536,0.17062761,0.32962924
2562,2561,5.0960083,0.46484464,0.010007687,0.019788876
2562,5556,1.6675987,0.4643979,0.0024504662,0.0053346306
2562,2553,52.886894,0.47052002,0.108057484,0.21027811
2563,536,102.66901,0.439569,0.29932022,0.58124894
2564,3691,1.1734505,0.53952247,0.004201047,0.008922905
2564,2550,2.8914185,0.53949225,0.005039476,0.010612056
2565,5940,1.7417068,0.69814575,0.003674686,0.008672982
2565,5914,76.726685,0.70491874,0.18058437,0.36033052
2566,2567,0.6111069,0.67091185,0.022901364,0.043846592
2566,3884,26.198088,0.71128356,0.053315803,0.103988856
2567,1752,337.34473,0.674215,2.2610004,4.4362993
2568,5126,2.2032852,0.6733489,0.0040385425,0.009169936
2568,5289,28.654488,0.6733255,0.060900323,0.11688407
2568,5127,7.1776733,0.67195594,0.01693274,0.03353335
2569,2570,9.24181,0.74319494,0.020714067,0.041404024
2569,5166,4.321018,0.74414,0.012705222,0.025307655
2570,3945,4.042301,0.7434744,0.009157039,0.019284636
2571,5166,2.2895393,0.73933595,0.0068195164,0.013752967
2571,1948,13.198912,0.74032724,0.026152864,0.051851436
2572,5518,1.0998726,0.08202213,0.0071351007,0.014996871
2572,488,73.00206,0.7497482,0.17925245,0.35201564
2573,2989,2.3304749,0.68105567,0.0046202764,0.009767935
2573,4085,25.628986,0.68014836,0.054147232,0.104704164
2574,6696,109.29558,0.6766823,0.16273418,0.32312453
2575,3345,105.70944,0.7278308,0.18978937,0.3787275
2575,5575,89.49953,0.72928375,0.15755007,0.3148047
2575,3081,89.42674,0.73047215,0.15766469,0.3159694
2576,1095,32.9439,0.0,0.17273197,0.37227207
2577,1341,8.180416,0.670866,0.018811874,0.037841246
2577,947,69.44847,0.6681891,0.2060731,0.40878415
2578,2084,2.2737503,0.6951681,0.0034394115,0.0073518306
2578,2579,11.677845,0.6952044,0.022871502,0.044437602
2578,834,28.764194,0.6972276,0.07782472,0.1529662
2579,830,84.04138,0.6990073,0.1512259,0.30277592
2579,832,80.16899,0.6939861,0.14443177,0.28930223
2579,2578,11.489313,0.6951661,0.022441491,0.04374352
2580,691,3.146099,0.6829851,0.007531874,0.015855148
2580,224,3.4125404,0.68119526,0.0077713206,0.01630123
2581,2102,117.521965,0.7126033,0.21321818,0.42410576
2581,2074,45.72528,0.70866287,0.08508841,0.16441856
2581,2072,42.530693,0.7087287,0.08023646,0.155215
2582,4206,2.0341988,0.6614637,0.003142789,0.0072763413
2582,2199,110.20978,0.65873957,0.2013748,0.3999972
2582,1243,24.571985,0.66500217,0.052638534,0.10194907
2583,6644,86.13335,0.7466639,0.155435,0.3091321
2583,6639,19.456665,0.03041175,0.08962223,0.18967
2584,3775,10.709812,0.668326,0.021018386,0.041398987
2584,3599,5.787224,0.6632216,0.01047539,0.021267712
2585,657,2.7855568,0.74937195,0.003939688,0.008226126
2585,3916,84.690445,0.44370097,0.25695214,0.4128353
2585,4371,100.825005,0.7490419,0.18344927,0.36692685
2586,2117,1.6892166,0.38957214,0.005143188,0.010357857
2586,1902,17.577326,0.38496065,0.04804165,0.09446546
2587,2834,64.4037,0.5669064,0.12382805,0.24360251
2587,1249,70.8403,0.5567175,0.1367847,0.26872796
2587,6834,50.512707,0.5305836,0.0987565,0.19409153
2588,6011,5.6720886,0.5755212,0.016263902,0.031878203
2589,3612,1.8424149,0.4442049,0.0027702898,0.0055256784
2589,3610,25.483547,0.43674397,0.05861305,0.11033973
2590,2638,61.50666,0.57194704,0.130746,0.2512332
2590,3402,16.136955,0.5812737,0.03444205,0.06720244
2591,5278,16.235632,0.6369477,0.037847213,0.07371973
2591,2625,149.18178,0.62459123,0.2782822,0.5502172
2591,4180,48.455982,0.6406557,0.091179036,0.1796532
2592,1189,22.321264,0.6745721,0.046495825,0.088528514
2593,3014,47.030533,0.67955923,0.0870996,0.1720259
2593,1191,31.867289,0.6824098,0.06624439,0.12733355
2593,2263,37.61957,0.6802901,0.07663689,0.14895028
2594,455,129.49783,0.6829953,0.23544663,0.46668994
2594,454,17.060165,0.6792669,0.034016125,0.06560363
2594,1599,39.370544,0.67988974,0.07527313,0.14758003
2595,3666,12.929943,0.68059194,0.025846347,0.050852165
2595,2610,2.043209,0.68313843,0.0029964596,0.0065432787
2595,6095,44.193275,0.68151224,0.08319664,0.16312641
2596,456,3.9205208,0.68788403,0.005996369,0.013247073
2596,733,3.6260033,0.68624336,0.0058111623,0.0123882145
2597,456,2.8074074,0.68407774,0.004155785,0.0093292
2597,1599,124.28759,0.6808871,0.22620124,0.44818163
2598,454,117.64582,0.6809916,0.21366507,0.4243473
2598,5122,45.94126,0.6804907,0.08584768,0.16896105
2598,4090,180.69145,0.6808791,0.32428604,0.64169854
2599,6417,2.602829,0.6546048,0.004893072,0.009847745
2599,1792,31.60885,0.6611756,0.06842219,0.13387805
2600,903,1.8265724,0.61075467,0.0032599121,0.0075175017
2600,2605,44.334724,0.61230344,0.09406288,0.18570296
2601,1596,1.956028,0.6039436,0.002651088,0.0058924407
2601,2604,29.216812,0.60796356,0.06246495,0.11993778
2602,544,1.904316,0.6013684,0.0026124343,0.0059984922
2602,4888,141.84485,0.60612524,0.26289576,0.51834244
2602,5554,56.70153,0.60446924,0.11538533,0.2260579
2603,542,2.1865654,0.6058711,0.0033029541,0.007300496
2603,4704,48.36197,0.60750616,0.09898561,0.19352894
2604,545,1.804718,0.60166353,0.0023177713,0.0053450465
2604,2602,23.204216,0.60786474,0.050354406,0.09643714
2605,6410,1.6512184,0.6081691,0.0027900413,0.006458536
2605,902,38.65129,0.61130285,0.07494531,0.14630523
2606,5935,1.9740334,0.64823866,0.002787739,0.0065066665
2606,2994,73.99187,0.64873624,0.13586286,0.27133206
2606,6024,13.8388,0.6512861,0.029064946,0.056993306
2607,2384,60.948685,0.64528465,0.121364884,0.24203919
2607,6756,2.5044556,0.65212476,0.0038238019,0.009030327
2608,1290,52.918728,0.67833436,0.0970495,0.19289635
2608,1291,23.285982,0.6787728,0.04625139,0.0895406
2608,1288,43.215523,0.67906696,0.08096882,0.15960568
2609,4928,80.886734,0.69121355,0.14799252,0.29640698
2609,2248,263.78284,0.69524413,0.47528723,0.93633133
2610,2595,2.8257256,0.6832253,0.0049823225,0.010239109
2611,762,44.788456,0.6834291,0.10362462,0.202619
2612,6437,1.9667816,0.66887057,0.0045956597,0.009226173
2612,4659,35.24123,0.69128025,0.08670581,0.16712973
2613,4989,8.255581,0.68777686,0.01832182,0.036643133
2614,2615,1.8533783,0.6817594,0.0044602603,0.009825468
2614,2613,9.886669,0.68299925,0.0222722,0.044019073
2615,2616,15.56432,0.68695486,0.03427248,0.066967316
2616,5346,10.764982,0.6817082,0.021617472,0.042875916
2616,850,13.056751,0.68602526,0.029134989,0.057170182
2617,5346,1.5381966,0.33932218,0.0021444485,0.0037746727
2617,1961,15.899498,0.6862581,0.03221839,0.06265599
2618,4556,29.115026,0.6697002,0.058059536,0.11171873
2618,2650,61.37172,0.6698338,0.113964416,0.2278614
2618,2704,111.39947,0.6670986,0.20457077,0.40596098
2618,133,81.5493,0.6672516,0.15096101,0.3012118
2619,5328,144.88074,0.7200819,0.28570363,0.5659435
2620,1929,35.383457,0.6259069,0.07592787,0.14953177
2621,2623,28.86445,0.64644563,0.068639025,0.1334276
2622,2620,42.098778,0.63458,0.085580945,0.1694292
2622,2621,52.68302,0.63498473,0.12957367,0.25617573
2623,4290,8.054478,0.6495475,0.018598497,0.036973506
2623,1060,40.856754,0.64824206,0.07851614,0.15545948
2624,2630,1.7035751,0.54306877,0.0033648983,0.007699847
2625,2628,46.582478,0.6235541,0.097315915,0.19019775
2625,2591,149.9113,0.6247867,0.27536154,0.5452075
2626,2287,1.9718704,0.6094749,0.002866216,0.006409645
2626,6872,90.24484,0.5899325,0.188332,0.3676855
2627,200,2.2362938,0.5591836,0.0032463223,0.007187724
2627,2624,18.05798,0.5534412,0.039085634,0.076131985
2627,1625,186.84622,0.5314591,0.36398253,0.7088679
2628,4978,202.91225,0.6107615,0.38295332,0.7535922
2628,2626,4.027439,0.6106113,0.007917047,0.016462088
2629,2835,1.7883759,0.638871,0.0030805618,0.0071053654
2629,3650,81.789246,0.64681226,0.19855587,0.39117563
2630,2303,1.8388176,0.5463406,0.0037762374,0.007989585
2630,5426,65.17076,0.52846205,0.13955942,0.2714869
2631,2936,40.034435,0.42836094,0.15199085,0.23525038
2632,1471,3.1088715,0.72008854,0.005270809,0.011036634
2632,2633,39.582375,0.72351325,0.08915064,0.17368238
2633,1950,12.234257,0.7259937,0.026718229,0.052481443
2633,2100,125.4601,0.72175217,0.22447631,0.44709325
2634,2501,25.951193,0.45005137,0.09257589,0.14558648
2635,2637,55.015972,0.6154584,0.10387693,0.20467661
2635,2636,29.2356,0.6114191,0.05847329,0.11247526
2635,2699,23.38858,0.61634696,0.048160702,0.0932263
2636,2635,29.298067,0.61280584,0.059105396,0.11317105
2636,2891,60.840935,0.60433376,0.11648304,0.23049489
2636,2699,36.005146,0.6164632,0.07032974,0.13756453
2637,2635,55.13698,0.61433446,0.10471195,0.20654078
2637,2129,6.1531677,0.6090077,0.0113845095,0.022951856
2637,237,84.1263,0.59961927,0.16160518,0.31934023
2638,5738,2.2734184,0.5817003,0.0035217926,0.007533282
2638,3865,42.63698,0.5805934,0.08894065,0.16950369
2639,2642,83.646545,0.6673813,0.16449735,0.3277688
2639,6789,16.186237,0.66926426,0.033803422,0.06562955
2640,2652,23.204636,0.62702066,0.050911624,0.097436905
2640,5737,80.73887,0.61078393,0.1671915,0.32971978
2641,84,68.54489,0.6745314,0.13802044,0.2768016
2641,2945,17.217543,0.6714686,0.036005873,0.06951404
2642,2639,82.329056,0.66566694,0.16532478,0.32926705
2642,2700,20.592512,0.6669731,0.04286867,0.082653455
2642,2643,29.820343,0.6612227,0.059253912,0.114172615
2643,2642,29.653294,0.66643494,0.058663294,0.11364669
2644,1425,93.80473,0.6773565,0.1730575,0.3445549
2644,5318,21.492815,0.6788877,0.04498898,0.08652135
2644,6469,97.802734,0.6761441,0.19525835,0.38741374
2645,89,79.52706,0.65516436,0.14593095,0.29163843
2645,4583,126.68414,0.64759713,0.25669697,0.50586456
2646,2797,39.81076,0.65712476,0.07693023,0.15228058
2646,2645,38.04925,0.6554915,0.07845962,0.15478921
2647,4583,1.931488,0.64332616,0.0029466376,0.006743923
2647,3331,85.51518,0.6457299,0.15783754,0.3140027
2647,2646,87.62739,0.6495835,0.17789918,0.35137475
2648,3791,2.4182968,0.675542,0.003860563,0.0088713765
2648,6598,108.033806,0.6763143,0.21912694,0.43378526
2648,128,45.191257,0.67971194,0.09128083,0.18191728
2649,137,17.650286,0.67217803,0.03520261,0.06809873
2649,1273,42.93279,0.67883563,0.08608978,0.16997637
2649,3115,74.855835,0.67688155,0.14858069,0.29649806
2650,2618,61.69784,0.66888523,0.11354687,0.22707392
2650,136,79.39365,0.67221045,0.1458658,0.2921359
2650,134,23.776947,0.67234695,0.047925144,0.09215093
2651,3790,1.8277359,0.6662002,0.0025823265,0.0060908347
2651,1427,10.1816025,0.6676588,0.020988263,0.041769117
2651,3785,186.09743,0.66732514,0.33927616,0.67163104
2652,6613,0.3264351,0.3622536,0.00072772056,0.0015739202
2652,6775,89.23006,0.62452877,0.18754828,0.37121302
2653,4919,2.0628166,0.6144055,0.003841944,0.008313492
2653,2654,114.69613,0.61211187,0.21478161,0.42323697
2653,4476,171.32368,0.6258785,0.3192573,0.6288018
2654,2653,114.253586,0.61037284,0.21441257,0.42305624
2654,6103,2.8698807,0.6076016,0.0045278,0.009668976
2655,3886,2.458805,0.5998576,0.0036401674,0.007941008
2655,6102,51.243126,0.60795134,0.0972282,0.19185625
2655,5737,74.32428,0.5981214,0.23880675,0.4697894
2656,6610,2.1189117,0.6097516,0.0032889768,0.0071145743
2656,2657,58.354652,0.6223716,0.11080356,0.21756938
2656,6179,41.846245,0.61759716,0.07979655,0.15470605
2657,5760,2.153904,0.6156731,0.0040007383,0.008316502
2657,2656,58.18577,0.6237292,0.110821426,0.21838236
2658,4334,44.561058,0.6181022,0.08561895,0.16870436
2658,4483,123.446945,0.6240406,0.22856846,0.45188993
2658,1959,323.23425,0.6222773,0.60183614,1.1820071
2659,3331,43.69847,0.6396219,0.08393675,0.16562852
2659,2677,120.392006,0.64186,0.22146404,0.4383325
2659,6423,75.81281,0.63720024,0.14155813,0.28221428
2660,2661,13.8661175,0.6145704,0.028916344,0.05643189
2660,4334,16.93947,0.6100999,0.032276534,0.06284892
2660,5760,31.592335,0.6178419,0.064277306,0.123362586
2661,4334,2.3291245,0.6114343,0.0034725368,0.007753417
2661,2660,14.215279,0.61470395,0.029469956,0.057494514
2661,1718,99.4558,0.60938114,0.18518646,0.3654475
2662,4585,1.6855812,0.6264474,0.0025722906,0.005725682
2662,2663,94.500565,0.6337836,0.17522016,0.3475864
2662,6423,117.86476,0.63538915,0.2177904,0.43129772
2663,2662,94.5933,0.6321034,0.17486262,0.34680316
2663,6423,43.44735,0.62837046,0.083567046,0.16507946
2663,1466,67.790665,0.62175816,0.12545107,0.24996401
2664,6736,31.51461,0.65974975,0.05372248,0.10178244
2664,109,13.363371,0.65933466,0.030480307,0.059666924
2665,2666,47.263535,0.6547049,0.073414564,0.14272118
2665,122,46.078545,0.6588808,0.088580005,0.17508408
2666,121,67.18091,0.65734804,0.123240896,0.2467278
2666,122,30.11835,0.6606639,0.06385036,0.124483235
2666,2723,44.528606,0.6572135,0.09037611,0.1796622
2667,2668,46.544853,0.6455365,0.08786055,0.1736024
2667,2669,75.61762,0.6415133,0.14056122,0.2803891
2667,3172,74.376785,0.64895725,0.13824356,0.27605218
2668,2667,46.68326,0.6468574,0.08820614,0.17468435
2668,1955,85.59227,0.65056866,0.15833122,0.3152193
2668,2671,24.21806,0.64418143,0.04984591,0.09585838
2669,2670,24.82209,0.63265574,0.051474914,0.09901941
2669,2672,110.984085,0.6139646,0.20781212,0.40932608
2669,2667,75.4062,0.63935876,0.14021489,0.27946937
2670,236,117.06146,0.62434155,0.21848837,0.4312334
2670,2669,24.77887,0.6320765,0.051292907,0.098585755
2670,2671,36.465103,0.63941056,0.070989765,0.13870585
2671,1954,112.43313,0.63894147,0.20960084,0.41417181
2671,2670,36.406548,0.6417297,0.07126413,0.13862026
2671,2668,24.00876,0.64260983,0.049525898,0.09518676
2672,5739,34.379677,0.5884708,0.07354613,0.14485423
2672,2669,111.66333,0.608414,0.20864442,0.4110275
2673,6450,1.8989906,0.66294676,0.002651669,0.006138593
2673,177,13.560242,0.6636175,0.028505072,0.056044176
2674,6448,1.8209305,0.659995,0.00258141,0.005990669
2674,6449,2.0983505,0.6632343,0.0037668347,0.0082681775
2674,174,40.271957,0.6610271,0.076928705,0.15121405
2675,3510,1.9598656,0.6652023,0.0029322281,0.0071514696
2675,1387,35.858986,0.6640998,0.07513476,0.14781317
2675,6449,26.430809,0.6643827,0.055337656,0.10674026
2676,6251,182.30756,0.66209334,0.33446026,0.6619134
2676,2702,31.691864,0.6662853,0.06401719,0.12253762
2676,2680,285.23016,0.64952385,0.5262694,1.0347943
2677,2659,120.40549,0.6418015,0.22107357,0.4375345
2677,2797,85.10771,0.6519335,0.15732652,0.31364763
2677,3043,45.95171,0.6503476,0.087481305,0.17267446
2678,2680,92.41983,0.6476091,0.13160579,0.262075
2678,5543,85.13318,0.6374829,0.15876108,0.31572857
2678,2798,71.78982,0.64276266,0.13345177,0.26619887
2679,2798,74.80904,0.6395479,0.13758487,0.27395922
2679,91,225.59386,0.6179365,0.42483488,0.8343941
2679,5543,143.91165,0.6317193,0.26675647,0.5271032
2680,2678,92.62414,0.6467239,0.13144547,0.26198214
2680,1711,90.31794,0.64783543,0.1260715,0.25103316
2680,2676,286.07227,0.650903,0.5245933,1.0319833
2681,5222,5.173008,0.62613285,0.011511572,0.023210749
2681,6191,9.674141,0.6177826,0.033756923,0.06770239
2682,2686,11.697662,0.6123461,0.03729605,0.07421965
2682,1729,12.911526,0.6175793,0.027108341,0.053023785
2683,6190,2.2785301,0.6108502,0.013274685,0.026345253
2684,1709,2.3613434,0.62063336,0.0038938671,0.008684307
2685,4941,1.5685844,0.610893,0.00332959,0.006918147
2685,2689,31.889442,0.61059964,0.068142354,0.1341309
2686,2688,11.088608,0.6130712,0.036611315,0.07291902
2687,2845,11.758892,0.61522985,0.038882755,0.0776975
2688,1726,26.150757,0.61094725,0.05890526,0.11471135
2688,2690,12.542261,0.6106192,0.05765558,0.117997095
2689,81,36.467102,0.6035106,0.09308571,0.18039884
2690,7002,57.828957,0.6019624,0.34422868,0.6695509
2691,1017,40.59342,0.6744149,0.09947061,0.19735116
2691,1005,79.18634,0.677552,0.24784389,0.49379432
2692,506,14.180342,0.043078125,0.069127694,0.14978811
2693,139,122.673874,0.67641217,0.22487926,0.4456228
2693,2694,17.719551,0.66292757,0.036212187,0.0700126
2694,138,11.21471,0.6581639,0.022478245,0.043935522
2694,2693,16.491463,0.66159797,0.03357834,0.06531977
2695,2696,76.615616,0.6457122,0.14263287,0.2843
2695,7064,3.1327553,0.64747524,0.0053668097,0.011607245
2696,5311,2.2306633,0.6398581,0.0037170574,0.008813202
2696,5309,85.8504,0.6357392,0.15976003,0.31699663
2697,82,134.69139,0.6333874,0.24903744,0.4929136
2697,2698,41.43986,0.61616594,0.08020079,0.15801576
2697,5309,23.965527,0.62357795,0.050073043,0.09675854
2698,196,136.45602,0.5950435,0.25712073,0.5068023
2698,1709,132.56949,0.6109228,0.2719263,0.5347497
2698,2697,41.314816,0.6168622,0.07947622,0.15676737
2698,2130,45.36345,0.6173393,0.093044676,0.18364444
2699,2636,35.92588,0.61544085,0.069656864,0.1369605
2699,1271,96.97777,0.6310918,0.18020073,0.35689133
2699,2635,23.520243,0.61431384,0.04854501,0.093921185
2700,2642,20.325731,0.6666687,0.04215925,0.081260026
2700,6422,33.769814,0.67010885,0.06963493,0.13428771
2700,2767,14.003416,0.66545314,0.027766906,0.054202244
2701,2702,210.93462,0.6604836,0.38643578,0.7622941
2701,2767,34.668663,0.67033666,0.06848763,0.1313296
2702,2676,31.754337,0.6640076,0.063804045,0.12197532
2702,2946,180.8823,0.6659899,0.33026978,0.65317804
2702,2701,210.3379,0.6589339,0.38431263,0.75761837
2703,1702,19.464857,0.6707275,0.0519676,0.101830944
2703,137,60.51688,0.67400676,0.112397134,0.2245253
2704,2618,111.3427,0.6667199,0.20463024,0.4058915
2704,5833,43.692974,0.66308254,0.08321537,0.1637914
2704,5550,250.12448,0.66674423,0.45599416,0.89793885
2705,5709,5.0542526,0.701849,0.0110344365,0.021976113
2705,4354,1.8438721,0.70327634,0.002581276,0.0059898794
2706,2707,2.6780357,0.72350496,0.0031460226,0.0071290582
2706,5030,160.50764,0.7366551,0.3793742,0.75284994
2707,2706,2.9775581,0.72476524,0.0038374811,0.008623421
2707,1112,165.82553,0.718276,0.3931632,0.7802218
2708,6521,86.20207,0.6175503,0.27321336,0.53994143
2708,3243,221.34848,0.59965175,0.41764766,0.8184069
2708,2429,2.1657677,0.61234444,0.003066361,0.00712654
2709,3243,33.20695,0.6089764,0.07065348,0.13483225
2709,2708,35.8354,0.6122543,0.11141045,0.21839438
2710,1484,285.98038,0.5887549,0.41578987,0.812197
2710,2709,19.724562,0.607972,0.053324316,0.10471378
2711,3944,55.16198,0.60259044,0.16927105,0.33273387
2711,3944,87.346275,0.5967058,0.16489616,0.32560307
2712,3139,1.9492683,0.5942906,0.0057919323,0.0124167055
2712,2715,43.115326,0.5965303,0.13652156,0.26869345
2713,2714,2.2888527,0.59097385,0.0040998682,0.008983597
2713,5951,65.3884,0.5947112,0.16789576,0.32987356
2713,1487,48.714916,0.5917525,0.101497844,0.19966936
2714,2713,1.9912567,0.58710134,0.0034647733,0.007728815
2714,2715,2.1740417,0.59133697,0.0035308972,0.0076020956
2714,5951,54.93944,0.59514195,0.16974548,0.33439228
2715,2714,1.8713722,0.5895389,0.0033088326,0.007442221
2716,2113,4.9510574,0.58203894,0.009020746,0.01862283
2716,5442,2.753498,0.57887596,0.0068288893,0.01403901
2716,1971,58.38436,0.58442175,0.13493562,0.26565874
2717,4355,87.14693,0.70164585,0.17583412,0.3498543
2718,225,66.56964,0.67383915,0.12189376,0.24427845
2718,2000,2.171711,0.6737452,0.005628228,0.011851683
2719,6002,22.716557,0.679876,0.053351916,0.10473841
2720,4543,87.41664,0.6582179,0.1596227,0.31869546
2720,2721,50.37398,0.65474874,0.09384014,0.1861595
2720,3170,52.445045,0.65536535,0.09757659,0.19424933
2720,1708,44.583344,0.6579126,0.0833152,0.1636067
2721,4686,1.9095573,0.6492332,0.0028036088,0.0061932504
2721,2720,49.083477,0.65540624,0.09359002,0.18609162
2721,4274,26.394766,0.65530705,0.05638517,0.10917001
2722,2724,53.62053,0.65269613,0.1084436,0.21664348
2722,121,65.72269,0.6574175,0.13189848,0.26388937
2722,5307,3.6170197,0.65133893,0.0070791915,0.014739141
2723,2725,41.111233,0.6517249,0.07834159,0.15460369
2723,2724,24.6146,0.65373194,0.05248723,0.10085594
2723,2666,44.380283,0.65637076,0.089748025,0.17758475
2724,2722,53.36094,0.6514117,0.10920024,0.2170938
2724,1247,82.39499,0.64876646,0.16563293,0.32907504
2724,2723,24.732618,0.65382135,0.052903704,0.10154884
2725,2723,41.734184,0.6538125,0.07898021,0.15592884
2725,1271,110.96351,0.64394933,0.20508909,0.40619212
2725,3172,60.099842,0.6523178,0.088973716,0.17499496
2726,2926,61.183834,0.4976529,0.15800852,0.30594933
2727,6292,31.08171,0.49082187,0.060364764,0.116229706
2727,2726,2.1270561,0.4783941,0.0025856793,0.005320713
2728,199,84.42122,0.49089146,0.21988496,0.42441475
2729,4576,7.1587296,0.71220005,0.013850406,0.027642027
2730,2729,47.505238,0.70739436,0.090239435,0.17610866
2730,1340,21.662014,0.7055203,0.043552537,0.0850091
2731,215,114.62265,0.6976253,0.20935377,0.4162583
2731,3570,15.054941,0.69116104,0.029812459,0.058029577
2732,4433,1.620903,0.65568906,0.0030724034,0.0068371743
2732,4445,60.132618,0.6615939,0.11246474,0.22294064
2733,2242,57.68991,0.6685047,0.10711117,0.21317479
2733,140,59.517998,0.68638384,0.10824399,0.21582241
2733,452,69.38859,0.67674327,0.12548432,0.25095868
2734,384,5.032158,0.6930972,0.009808525,0.019907743
2734,3717,13.090971,0.68879414,0.026961684,0.053123936
2735,2736,17.541283,0.69476295,0.036262453,0.07007544
2735,2737,2.9342957,0.6938659,0.005563371,0.012189567
2736,6799,2.031086,0.6898309,0.0038385242,0.008326873
2736,5607,47.69522,0.693571,0.09723928,0.1925867
2737,2740,26.052013,0.693822,0.05554338,0.107885145
2738,385,4.232914,0.6939961,0.008255966,0.017551944
2739,2738,4.4044914,0.6903851,0.008516088,0.017754972
2739,385,3.5037155,0.69157207,0.006485209,0.013811231
2740,387,8.083614,0.6929765,0.016678207,0.033300996
2740,386,17.5893,0.6926015,0.03630235,0.07082359
2741,2179,76.41618,0.6817812,0.10914983,0.21385418
2742,4080,39.606266,0.6869739,0.067302644,0.13311282
2742,2540,30.332458,0.6869738,0.0729805,0.1429702
2743,4386,1.3458481,0.6703559,0.004112892,0.008487046
2743,193,62.929283,0.6782526,0.12796135,0.25642684
2744,5954,18.505342,0.6777079,0.03882207,0.07512143
2744,1091,21.512722,0.67849624,0.04505941,0.08656805
2745,1541,49.842937,0.6730735,0.09278556,0.18420124
2745,1240,66.35636,0.6717188,0.16123065,0.32140464
2745,5127,102.22545,0.681737,0.24648413,0.4901778
2745,1538,254.82208,0.6687964,0.46382555,0.91366655
2746,2747,42.647343,0.6668909,0.08138329,0.16050181
2746,2395,156.4162,0.6649165,0.2820107,0.558578
2746,3514,113.157776,0.66670465,0.20486027,0.40689695
2747,2748,20.153053,0.66601646,0.040793516,0.078609385
2747,2746,42.8876,0.6637796,0.08159525,0.16138718
2747,3230,99.9088,0.6663003,0.18410464,0.3656861
2748,2747,20.132053,0.66554064,0.040660053,0.07838956
2748,3282,43.276398,0.66373146,0.08183609,0.16202642
2748,2244,45.869072,0.6636726,0.08676924,0.17114526
2749,2399,1.3984833,0.66901886,0.0029122978,0.0066607
2749,757,29.18438,0.69355375,0.061987326,0.11881803
2750,2056,1.5167274,0.690571,0.0034491867,0.0078742355
2750,4079,17.568142,0.69102055,0.03650701,0.07064916
2751,4653,2.4828682,0.6859232,0.0042426735,0.009088635
2751,5323,24.669025,0.6870601,0.05126688,0.0987202
2751,4905,15.225958,0.686108,0.029558927,0.05807294
2752,350,88.74162,0.7066793,0.17559868,0.3499323
2752,3484,111.905426,0.708287,0.22245437,0.44093382
2752,2090,138.06067,0.70407367,0.24898267,0.49340236
2753,4309,1.9939613,0.70388246,0.0031410381,0.006608993
2753,2079,20.16977,0.70564014,0.042067174,0.08155763
2754,4535,2.3699913,0.64996445,0.003969893,0.008730456
2754,1179,237.94003,0.6432755,0.43768308,0.8616406
2754,4536,30.937912,0.6542366,0.064895295,0.12671676
2755,6903,0.0,0.12302461,0.002383083,0.004557565
2755,6904,2.3042984,0.6585958,0.004174657,0.008175805
2756,3811,2.112484,0.6852472,0.002909869,0.0061345547
2756,4093,20.947165,0.6946938,0.04777954,0.09219259
2757,4648,30.157803,0.68744373,0.05940272,0.11552828
2758,3145,1.5323296,0.66065824,0.0040249377,0.008777007
2758,5832,4.246498,0.6641431,0.0071904287,0.014731869
2758,6989,16.47168,0.66239077,0.032815244,0.063750066
2759,4009,1.5897751,0.6866334,0.004117921,0.008898854
2759,4120,43.942364,0.6915436,0.0825766,0.16094032
2760,4649,58.98279,0.6904743,0.111008085,0.22070391
2760,4007,2.0918617,0.67500335,0.003976971,0.008735627
2761,3813,17.690691,0.6589524,0.040344555,0.078487836
2762,3622,1.7085075,0.66601855,0.003113389,0.0069294423
2762,4415,44.40182,0.6672729,0.09198585,0.18442427
2763,3713,2.0517616,0.6867872,0.0034601167,0.008019224
2764,2378,87.78619,0.68991643,0.12666763,0.25453132
2764,387,41.044502,0.69513035,0.06668894,0.12655424
2764,1046,34.684948,0.692726,0.06737897,0.12955107
2765,2766,1.2885857,0.6873283,0.004078567,0.009267911
2765,4283,15.838415,0.68808067,0.035783656,0.06982271
2766,4319,2.6630058,0.6876461,0.0063301474,0.01357542
2766,2794,58.582775,0.6870378,0.13700175,0.27364194
2767,2700,13.712082,0.6663954,0.027376123,0.05370912
2767,2701,34.143993,0.66723734,0.067610085,0.13022006
2768,2772,7.5130005,0.6951363,0.015106089,0.030374154
2769,2770,5.1151733,0.6916719,0.010368213,0.021673098
2770,2738,14.990528,0.692184,0.030186392,0.059434466
2770,2771,5.5132027,0.6917068,0.0107674,0.021772772
2771,2,3.0551872,0.69211173,0.004886143,0.010660276
2771,2768,2.06501,0.689832,0.0035359636,0.007994115
2772,6460,78.76173,0.69162244,0.15966778,0.31684828
2772,2769,2.764141,0.69166315,0.005015649,0.010632843
2773,389,3.1422691,0.69216657,0.006032631,0.013163611
2773,2776,2.4704933,0.6872863,0.004548095,0.009728059
2774,2773,2.0152855,0.68092257,0.0035209581,0.0077031106
2775,4587,0.41848373,0.121150255,0.0019161552,0.0036011338
2776,2777,1.6300125,0.6829587,0.0026199147,0.0060596466
2777,388,3.0232506,0.691677,0.0059565306,0.012990296
2777,2775,2.5584335,0.6950823,0.004452318,0.010018125
2778,5477,9.963547,0.691314,0.020494848,0.040742695
2779,760,1.8787155,0.68934,0.0030970424,0.0065719783
2779,6375,10.806656,0.6850327,0.021894433,0.04356557
2780,2784,2.411293,0.6853645,0.0038935393,0.008580372
2781,2789,61.745785,0.6885988,0.113205776,0.22590503
2781,2787,108.73331,0.69191724,0.22161034,0.43847227
2782,2295,96.99039,0.69392556,0.19645083,0.38998616
2782,1114,146.29663,0.69316447,0.2667023,0.5282162
2783,2780,2.1120224,0.68445086,0.0034872591,0.007250488
2783,2781,11.302879,0.6847302,0.02345717,0.046465144
2784,433,2.2869873,0.68738306,0.0038312823,0.008351341
2784,5864,3.6390839,0.6884546,0.0066578463,0.013825566
2785,2596,41.820225,0.690264,0.07233244,0.13998662
2785,2611,34.635235,0.6866381,0.07304769,0.14011449
2786,4384,38.310776,0.68814826,0.09129445,0.1791587
2786,1115,166.50449,0.6863401,0.3023118,0.59810853
2787,1116,58.607086,0.6901853,0.13592397,0.27088362
2788,1780,26.115416,0.6902903,0.05541333,0.1062509
2788,2778,108.59539,0.6879497,0.22256365,0.44115645
2789,5190,2.1185684,0.68741924,0.0035441145,0.0076401383
2789,3677,37.086597,0.6910847,0.07106838,0.13686854
2790,5191,2.0616074,0.6871375,0.0030604005,0.0068951994
2790,2789,3.185173,0.6865839,0.005341664,0.011163935
2790,2778,61.63546,0.68856007,0.11181286,0.22288808
2791,2793,2.4746323,0.6876236,0.0026366264,0.006293714
2791,5863,31.472498,0.6901011,0.06643832,0.12754445
2792,2213,24.753994,0.69102204,0.041190818,0.07936519
2792,2793,3.6123466,0.6897245,0.005212508,0.011029214
2793,2791,2.403553,0.6865154,0.0027317852,0.00614278
2793,2782,28.629856,0.69517255,0.06032025,0.11649439
2793,2792,3.102497,0.69128716,0.0040508285,0.008855775
2794,6155,1.6790428,0.6839529,0.0040457547,0.008828238
2794,441,26.482315,0.69196725,0.06149545,0.119754076
2794,2795,32.537964,0.6869486,0.07657004,0.15119761
2795,438,1.7689667,0.6833457,0.0030026436,0.0068977177
2795,2612,24.134722,0.6876699,0.054936204,0.106336355
2796,5384,191.47977,0.6577055,0.3553173,0.700598
2796,5813,119.93649,0.6532546,0.24301645,0.47994393
2796,1470,24.055395,0.6585901,0.051219318,0.09865188
2797,3331,145.67444,0.64360434,0.26709774,0.5283139
2797,2646,39.492943,0.65147257,0.07707785,0.15053667
2797,2677,85.03288,0.6510166,0.15712398,0.3130574
2798,2678,72.07043,0.64259183,0.13345075,0.26646048
2798,3043,111.71828,0.64548135,0.205553,0.40696058
2798,2679,74.93045,0.6360694,0.13728766,0.2733856
2799,5277,40.028866,0.65774596,0.07728274,0.1515161
2799,1367,108.764046,0.65627694,0.1980727,0.39288658
2799,4750,31.901794,0.66245764,0.06349002,0.12101693
2800,2932,13.283924,0.6614672,0.026395015,0.051741973
2800,1492,51.595737,0.661488,0.096522406,0.19139068
2800,3261,36.647484,0.66139066,0.07278761,0.14390561
2801,4090,3.0123024,0.68314123,0.0057369918,0.011947289
2801,6510,50.004375,0.6856661,0.09382511,0.18514581
2802,4090,50.767532,0.6829004,0.09621938,0.19173186
2802,3828,87.925606,0.6882121,0.20338032,0.40411246
2803,4284,5.496891,0.67267066,0.008504458,0.017651618
2803,1818,72.158195,0.66574,0.18503809,0.36915982
2804,670,2.2031403,0.71178836,0.003392592,0.007139951
2804,1870,56.958748,0.7095981,0.14058577,0.28018925
2805,3863,2.1093178,0.7025809,0.0035411865,0.0070033222
2805,3428,34.922066,0.70093685,0.06947447,0.1368368
2806,1969,13.148376,0.63369465,0.029868338,0.059095852
2806,3150,4.1691437,0.6318865,0.007259704,0.015025377
2807,2810,2.9492874,0.65817,0.0021421164,0.0057899356
2807,2815,31.327698,0.6524366,0.037465066,0.07339594
2807,3213,42.399334,0.6605502,0.08886779,0.17129011
2808,2816,2.9605865,0.65818506,0.0012907386,0.004400134
2808,2818,2.999157,0.6583511,0.00710202,0.014824703
2809,3213,38.0334,0.65636456,0.047559623,0.0926986
2810,2807,2.4410515,0.66193354,0.0011098906,0.0037653744
2810,3214,377.23456,0.640451,0.3303899,0.65272087
2811,2813,2.2226791,0.65237784,0.0055965036,0.012221858
2811,2809,5.53331,0.65452796,0.0094239935,0.019587457
2812,5769,32.16878,0.64758855,0.0401647,0.07875881
2812,2810,42.330772,0.65948844,0.09072743,0.17564061
2813,2809,4.7097015,0.6598327,0.0038448721,0.009288445
2813,2808,1.7700386,0.6572528,0.0047865957,0.010677531
2814,3239,134.93018,0.659136,0.33228853,0.658059
2815,882,4.92997,0.66296005,0.0028716773,0.007835045
2815,2814,3.7940063,0.6578178,0.0054930374,0.012218058
2816,2817,4.5399323,0.661628,0.0039790273,0.009447232
2816,882,1.9204025,0.6586915,0.0052901134,0.011569515
2817,2810,36.24173,0.65338516,0.045178957,0.087638795
2818,2951,109.20013,0.660456,0.26640642,0.528621
2819,4577,1.9170456,0.6413433,0.0025988668,0.005955234
2819,820,122.37204,0.64272,0.24845919,0.4897328
2820,4602,2.1829224,0.7277959,0.0034321398,0.0067937225
2820,3102,91.10697,0.72802615,0.1804049,0.35889292
2820,3974,97.82183,0.7309276,0.17350754,0.34724
2821,1735,98.626205,0.73098254,0.1733495,0.34609205
2821,2539,80.47631,0.7272373,0.14094585,0.28163627
2821,2823,88.26109,0.7291424,0.15545225,0.3115602
2822,2824,40.9661,0.73062634,0.07667548,0.1488768
2823,2821,88.42462,0.7284435,0.15548567,0.3118087
2823,3974,60.821968,0.72600317,0.10908653,0.21713327
2823,2822,34.722248,0.728832,0.06514222,0.12528934
2824,4615,1.5487366,0.72973096,0.0018329993,0.0043213367
2824,1978,13.187826,0.72900784,0.026404418,0.052142486
2824,2822,40.78483,0.7316426,0.07702459,0.14676537
2825,5482,7.241955,0.4406524,0.02168522,0.035175472
2826,2909,29.277756,0.719442,0.053751294,0.10533143
2826,47,64.89645,0.71944106,0.15830791,0.31375265
2827,5853,24.26838,0.7099167,0.05378814,0.104345016
2827,2565,6.5477753,0.7064494,0.0143124685,0.028927982
2829,2830,2.10421,0.7132094,0.0032883957,0.0066061616
2829,2162,22.683577,0.71483153,0.05154355,0.099855356
2830,2829,2.1570091,0.71242666,0.003059879,0.0061334074
2830,5909,2.4617233,0.7121965,0.003978044,0.0077816546
2830,4727,49.37994,0.71130025,0.1108381,0.21847539
2831,32,62.12294,0.7128252,0.12296601,0.24482732
2831,5505,44.31719,0.7106657,0.08985517,0.17595857
2832,1673,23.880003,0.3521601,0.056308787,0.10652807
2832,1233,2.4960327,0.355098,0.0058652535,0.011025324
2833,1674,33.953712,0.4838404,0.07477387,0.14504975
2833,1262,18.644419,0.48524398,0.04063582,0.07823072
2833,1625,19.363161,0.49189287,0.04122372,0.07943819
2834,2587,64.1151,0.56568354,0.12424681,0.24420285
2834,4920,43.010475,0.5941102,0.0832335,0.16208306
2834,1664,67.63373,0.5846866,0.1293538,0.2553234
2835,3703,1.3695412,0.6343285,0.0044511706,0.009942368
2835,2625,13.292109,0.6331404,0.028321326,0.05523041
2836,99,2.9818,0.6522222,0.0051970556,0.011097118
2836,4642,2.6074524,0.65719795,0.0042448565,0.009132296
2836,4641,2.942707,0.66049844,0.0040070564,0.00909178
2837,4688,23.945171,0.6734804,0.04877881,0.094091736
2837,747,15.504511,0.6730015,0.028826438,0.056445666
2838,2890,9.211781,0.67385995,0.016414262,0.032673225
2838,4069,85.633896,0.67546445,0.2411649,0.47842026
2839,2837,5.0131493,0.6802117,0.0077281073,0.01571633
2839,6533,80.09846,0.6860093,0.19009185,0.37889883
2840,5415,98.81423,0.707022,0.178177,0.35562587
2840,337,131.48262,0.7068317,0.23605826,0.46836126
2840,4591,39.19226,0.70240515,0.07372663,0.14275852
2841,2681,481.6584,0.6547834,2.2633646,4.4515643
2842,4489,61.43662,0.6583905,0.14017761,0.27777022
2842,2854,54.561222,0.654862,0.23752394,0.46814597
2843,1981,89.28027,0.7046958,0.15955475,0.31860065
2843,2985,33.729355,0.7017694,0.06491966,0.12429889
2843,2105,163.80997,0.6988262,0.29230228,0.57870305
2844,4438,2.0464287,0.7037893,0.0032555088,0.0067483485
2844,4436,24.398046,0.70514286,0.050363358,0.09727599
2844,1303,30.957247,0.70453286,0.060176093,0.11510333
2845,2683,4.6603928,0.61527145,0.018697418,0.036755115
2845,6192,7.171589,0.6212401,0.01616504,0.032264486
2846,5415,2.1661453,0.70508564,0.0033859015,0.0072319657
2846,6137,17.483114,0.70738155,0.03889174,0.075797
2847,2849,102.77477,0.6707652,0.18766782,0.37184194
2847,2972,59.88781,0.6676793,0.10941583,0.2174665
2847,2848,99.426125,0.6729087,0.18212318,0.36200833
2848,6694,203.92694,0.67202044,0.36980152,0.72983146
2848,2847,99.641266,0.67441946,0.18334426,0.36497003
2849,4068,38.93368,0.13082516,0.13049693,0.2684851
2849,2847,104.49403,0.67035,0.18765816,0.37228757
2850,4591,47.12757,0.703676,0.08615306,0.16705717
2850,3341,69.283005,0.7028861,0.1256882,0.25065827
2851,2854,37.702305,0.6668513,0.08549229,0.1679982
2851,2852,9.454605,0.6607436,0.019350223,0.038612753
2852,4488,1.1447334,0.64643276,0.00293611,0.007383719
2852,1936,40.265015,0.6592387,0.08395554,0.16439807
2853,2852,42.4418,0.6720097,0.09582801,0.18868592
2853,2841,57.140453,0.6595475,0.2440955,0.4817816
2854,1764,25.064802,0.65155876,0.114441484,0.23056877
2855,1158,58.56308,0.66029567,0.10975674,0.21885984
2855,1158,62.54645,0.6606419,0.11655477,0.23276237
2855,3148,12.783596,0.6665567,0.025036812,0.049273953
2855,3312,101.24603,0.6640751,0.18667652,0.37029862
2856,944,71.774536,0.66135085,0.13242777,0.26295486
2857,2861,1.8690758,0.6471307,0.0047762766,0.010086477
2857,4871,46.499664,0.65655804,0.11286855,0.22364181
2858,5847,2.1202545,0.6619984,0.004157856,0.009885341
2858,2856,8.61977,0.66712934,0.008196697,0.018127605
2859,2857,5.2124023,0.6559801,0.0119219795,0.02427955
2860,2862,2.5780144,0.6475233,0.0059716552,0.012496635
2860,6056,93.32909,0.65013564,0.10373568,0.20521894
2861,2860,1.739727,0.64779484,0.0040715337,0.009128585
2862,3322,25.5541,0.6551751,0.060157556,0.11546111
2862,2859,1.7456322,0.6527017,0.0042723864,0.00930348
2863,2868,1.921051,0.6469098,0.0036910474,0.008179814
2863,2866,2.101143,0.6481745,0.0040511414,0.008856595
2864,2867,2.432705,0.6493145,0.003970936,0.008427367
2864,2866,2.3444138,0.64900976,0.004403509,0.00946337
2865,2868,0.58459854,0.08923593,0.0020456612,0.0041614324
2865,2867,2.1044464,0.6480546,0.0048903376,0.010225505
2866,2864,2.4654922,0.64840937,0.0053369626,0.010961518
2866,2863,1.8623238,0.64917254,0.004256323,0.009377211
2866,1879,21.332037,0.64966047,0.04626,0.08957013
2867,2865,2.4439812,0.64515555,0.0045947805,0.009477258
2867,2864,2.5782013,0.6538645,0.0045787096,0.009845525
2867,4693,13.836058,0.65109503,0.029618785,0.057691023
2868,2863,1.6646919,0.64749664,0.003858231,0.008538142
2868,2865,0.6073532,0.10293409,0.0025753677,0.0049116015
2868,3181,58.766346,0.6524359,0.120566785,0.23938154
2869,841,2.641304,0.6574782,0.004587345,0.00954625
2870,6614,1.6753731,0.6744525,0.0022021383,0.005187303
2870,6615,73.15987,0.67469084,0.13293326,0.2664706
2870,5549,33.04062,0.67737687,0.069321975,0.13413255
2871,4697,2.1765175,0.6377038,0.0032581314,0.007112205
2871,6026,28.831528,0.64398104,0.062413298,0.120103896
2872,4533,14.219669,0.6472093,0.029508643,0.05773794
2872,1459,36.972332,0.64517945,0.077237464,0.15190984
2873,3238,1.8998413,0.6567461,0.0026356354,0.0062330216
2873,1464,95.817825,0.66418576,0.23471993,0.46610856
2873,1463,199.25655,0.6558572,0.36848465,0.7267228
2874,4497,95.63423,0.6847273,0.1753877,0.3494357
2875,4497,2.275444,0.68459463,0.0034301952,0.0076869875
2875,4027,61.2669,0.68725926,0.18043917,0.35811827
2876,2385,199.62714,0.6249057,0.3748813,0.7374564
2876,2878,67.41321,0.634017,0.137371,0.2734345
2876,1172,34.5677,0.64137197,0.072253674,0.14024526
2877,3880,44.699493,0.62764144,0.0923424,0.18280545
2877,2878,2.7832336,0.6297258,0.005276084,0.011419907
2878,2877,2.824604,0.6338658,0.0054318756,0.011783227
2878,2876,67.33756,0.635873,0.13598567,0.2708724
2879,1029,130.31967,0.66538393,0.23730096,0.46962732
2879,6323,19.181,0.6718061,0.038774382,0.07473873
2880,6322,3.0529327,0.6714499,0.0068600923,0.014118835
2880,6323,2.6203613,0.6726332,0.0040579364,0.008722931
2881,2381,28.101936,0.67061037,0.067288354,0.13107258
2882,2883,40.885506,0.6804323,0.077990934,0.15280339
2883,2882,40.638382,0.6819094,0.07752555,0.15177476
2883,1273,89.197334,0.6812502,0.1636076,0.32655907
2883,3111,32.925056,0.6798271,0.065258205,0.12524134
2884,3351,35.909676,0.68708634,0.069834754,0.13352066
2884,2885,18.580757,0.68549514,0.037093174,0.071922086
2884,3816,44.37315,0.6847183,0.08370477,0.16360965
2884,2327,14.359852,0.68566775,0.028421648,0.055574514
2885,2884,18.010517,0.686275,0.036271766,0.07031394
2885,2327,8.956032,0.68746936,0.02348043,0.046317846
2886,2899,27.755224,0.6708485,0.0587687,0.11286079
2886,147,41.66662,0.6665658,0.08628579,0.17082378
2887,4130,1.7117271,0.64231986,0.004423596,0.00934279
2888,847,20.41174,0.54491335,0.043281723,0.08361148
2888,3682,38.267883,0.5502213,0.08001704,0.15312706
2888,4970,21.632637,0.5471388,0.04543048,0.08773296
2889,735,3.8582306,0.6706047,0.005459495,0.011885628
2889,727,50.26848,0.675079,0.103062846,0.20371923
2890,2902,45.982857,0.6772134,0.070033774,0.13311975
2891,2636,61.44696,0.6032663,0.11647855,0.22996065
2891,5739,33.209347,0.588673,0.064632215,0.1265023
2892,298,18.350147,0.6905833,0.041666187,0.081228115
2893,516,2.1133537,0.655681,0.00313171,0.0070788115
2893,2898,5.1566467,0.6601051,0.008628406,0.017595813
2893,3299,55.847046,0.66184103,0.13166285,0.26364413
2893,4289,35.001385,0.65752715,0.06206698,0.11915656
2894,415,2.0943642,0.6550956,0.005745575,0.012162477
2894,423,41.858,0.66090596,0.079476036,0.15694007
2895,2898,2.9703407,0.65650296,0.0040835217,0.009187311
2895,415,8.123604,0.65936595,0.019120649,0.038143024
2896,3443,61.085106,0.6639463,0.14485575,0.28969687
2897,2898,3.4362488,0.6569419,0.008948885,0.018404663
2897,2893,6.83617,0.65746003,0.016161248,0.03239517
2898,1795,22.794333,0.66294456,0.0532574,0.10351141
2898,2893,4.7739487,0.66150975,0.0076543093,0.01591368
2898,2895,2.7291565,0.6576109,0.0035172254,0.007903725
2899,2886,27.045729,0.66999763,0.05705703,0.10920683
2899,6400,33.584244,0.6708887,0.07108275,0.13736773
2900,5138,1.931179,0.6637321,0.0029177517,0.0068244785
2900,1015,30.34248,0.6675451,0.06068489,0.11557663
2901,1644,2.6371727,0.68983173,0.005073227,0.01101768
2901,5210,75.28053,0.6956099,0.18125132,0.36203268
2902,712,4.1707726,0.6760502,0.006007619,0.012883723
2902,2952,39.50606,0.6769311,0.093068674,0.18282352
2903,2911,19.563818,0.71702945,0.034871478,0.06970329
2903,6162,56.986176,0.7242118,0.117345564,0.23139724
2904,6162,50.851665,0.71764284,0.057846382,0.11071456
2905,493,66.1313,0.7222842,0.14730974,0.29241812
2906,2905,21.804445,0.7224438,0.039458297,0.076706596
2907,2912,8.441158,0.7194463,0.01474186,0.029401332
2907,6966,8.103378,0.7173202,0.008299321,0.017576948
2908,47,48.074776,0.71318203,0.07850374,0.15328526
2909,2906,9.964737,0.73034316,0.018634103,0.03682767
2909,6968,6.8961296,0.72604394,0.012732558,0.025119081
2910,2904,11.362221,0.72113514,0.02133365,0.041881114
2910,6967,6.5692825,0.721077,0.011937253,0.02373138
2911,2908,13.066801,0.71610475,0.023087911,0.045746326
2911,6969,8.195404,0.7181599,0.014415212,0.029389128
2912,6514,28.223032,0.7256624,0.048174296,0.09458349
2913,488,1.9025612,0.7346946,0.003684692,0.008188412
2913,494,60.89456,0.7403035,0.14660515,0.2909586
2914,1525,29.645267,0.6274455,0.1684682,0.3323268
2915,1722,6.6281395,0.6542058,0.012544028,0.025067836
2915,2957,2.1383438,0.6565702,0.0030927584,0.007030368
2915,4196,5.776928,0.65874183,0.013291322,0.026652291
2916,4467,3.01165,0.7004512,0.0051749796,0.010741696
2916,2917,10.611141,0.7021169,0.02088821,0.0407113
2916,830,23.060158,0.70189226,0.046239547,0.089150324
2917,4046,1.8599205,0.7013209,0.0024462864,0.0049369484
2917,2805,3.532547,0.70296854,0.0065160096,0.012805343
2917,2916,10.63888,0.7019204,0.020781867,0.04028569
2918,2919,73.66092,0.48685634,0.14779739,0.28718996
2918,2561,30.869183,0.470929,0.064264745,0.12172906
2919,2331,19.684113,0.5064832,0.046486255,0.08997781
2919,2918,73.961754,0.48595026,0.14807352,0.28732106
2920,14,21.500355,0.51095426,0.051834047,0.099669054
2920,2921,56.512764,0.4945252,0.11277932,0.22008035
2921,2339,4.7522087,0.4858047,0.009167157,0.018484458
2921,2920,55.27832,0.49390185,0.110456586,0.21552075
2921,2551,71.208145,0.47877395,0.1428251,0.2768265
2921,3075,42.080193,0.49116486,0.0831055,0.16181114
2922,5517,2.15337,0.65295094,0.0038454533,0.008641958
2922,3396,46.097744,0.66203374,0.094615765,0.18741891
2923,325,8.064842,0.72849905,0.015251547,0.029589087
2923,304,129.94525,0.72770953,0.2324427,0.46132278
2923,4617,67.017944,0.7325866,0.16041082,0.3211534
2924,3896,3.4336586,0.7282359,0.0060221627,0.012249231
2924,306,5.9546623,0.73261684,0.0131088495,0.025737107
2924,4617,82.56575,0.73561215,0.20066477,0.40141243
2925,913,79.06267,0.6216106,0.14787187,0.29311615
2925,3076,14.814577,0.62747073,0.03384161,0.0661734
2926,629,95.777145,0.52339244,0.24692383,0.4791035
2927,2115,200.71753,0.49829897,0.39811435,0.7725456
2927,713,94.99701,0.41069174,0.19575813,0.37560308
2927,273,105.2957,0.4681062,0.21317028,0.41161418
2928,3266,5.9102554,0.6630746,0.011047855,0.022061348
2928,2929,10.870129,0.66335964,0.021442227,0.042080075
2928,2930,55.90227,0.6601278,0.10482192,0.20847441
2929,2928,10.982349,0.66319,0.021623023,0.042391628
2929,3264,5.3131905,0.6622541,0.009762973,0.019529477
2929,3233,63.138245,0.66035074,0.1167779,0.2331633
2930,2928,56.189266,0.661626,0.104595505,0.20797513
2930,2931,81.69188,0.66097164,0.1486669,0.29679763
2930,611,63.33555,0.6614748,0.11644897,0.23334043
2930,3233,16.76422,0.6618743,0.033646896,0.064999625
2931,5058,2.1571503,0.65993136,0.0032837838,0.00693433
2931,2930,81.10025,0.6611622,0.14926872,0.29809636
2931,2932,55.866493,0.6601943,0.10440247,0.20691301
2932,2800,13.215881,0.65999854,0.026337951,0.051515877
2932,3232,152.42181,0.65973485,0.27888164,0.5511469
2932,2931,55.68527,0.6614214,0.10391866,0.20640211
2933,3820,69.86052,0.66061985,0.17735809,0.3521583
2933,3396,54.464733,0.6638493,0.108080715,0.21536048
2933,3641,111.060646,0.6595094,0.2028487,0.40237832
2934,4757,1.5884285,0.6524385,0.0024708137,0.0058386624
2934,845,105.40222,0.65705013,0.19287485,0.38320422
2934,5673,78.362625,0.6591693,0.20769358,0.41260308
2935,41,2.5507774,0.72076684,0.004729517,0.009627819
2935,6255,27.575613,0.7222664,0.062319353,0.120856285
2936,1746,202.01036,0.74200976,0.37889698,0.7488621
2936,6586,42.76818,0.45060351,0.15831673,0.24342135
2937,4664,4.5455093,0.7432546,0.0015864074,0.0036078244
2937,2939,57.948,0.4460965,0.20927307,0.33042532
2938,4190,4.0656013,0.43784153,0.013305798,0.019553378
2938,401,82.25548,0.74418324,0.1635358,0.32647732
2939,2940,2.546875,0.735807,0.0029265136,0.005872607
2939,3864,29.87167,0.445928,0.11039935,0.17427942
2940,2939,2.2269402,0.73564565,0.002124533,0.0046587884
2940,4664,57.550545,0.4488306,0.20761505,0.32680142
2941,2938,10.072147,0.4373322,0.030363701,0.04999098
2942,6441,9.008038,0.6774611,0.010138847,0.02128458
2942,1345,72.76123,0.6719918,0.14833029,0.2954626
2943,2540,3.5233955,0.6862654,0.004999973,0.0109831095
2943,2380,5.8204155,0.68360597,0.013410397,0.026903734
2944,5500,2.7671814,0.7409297,0.0029380992,0.006484866
2944,3921,140.80142,0.75206363,0.27754453,0.5471549
2945,2946,2.06361,0.6675668,0.0031903237,0.0071233213
2945,6422,12.321211,0.6691531,0.025662802,0.050243065
2946,2945,1.9680862,0.66471833,0.002811253,0.006444514
2946,2702,180.46443,0.6638124,0.3296438,0.65188676
2946,2641,18.858324,0.66965425,0.039482243,0.075997435
2947,5400,2.2784996,0.6727704,0.0047201887,0.010044605
2947,2942,5.024193,0.6751057,0.01015757,0.020457879
2948,3458,120.16256,0.675871,0.17001024,0.33874112
2949,2950,6.107929,0.66317046,0.012592159,0.024903938
2949,6678,98.13952,0.6540593,0.20863241,0.40724665
2950,729,2.0485268,0.66046375,0.0040313005,0.0087682605
2950,6172,90.29051,0.6586504,0.18441823,0.3660526
2951,1465,2.3547592,0.65486753,0.0037333295,0.008234382
2951,6310,183.53334,0.64966303,0.44911274,0.8863228
2952,6333,28.36203,0.67754495,0.06715866,0.13027301
2953,2956,1.5139198,0.6628857,0.004070848,0.008959487
2953,4328,51.069412,0.6658962,0.09547171,0.18865088
2954,3823,1.7648735,0.6581791,0.0029792488,0.0070562363
2954,5996,73.74052,0.6686348,0.1904508,0.3786204
2954,821,161.60909,0.65882343,0.32615772,0.6423735
2955,784,2.2655182,0.66343236,0.0033257976,0.007611379
2955,1145,240.81494,0.6621052,0.44528386,0.876386
2956,4327,1.550621,0.6668227,0.0023752898,0.005523488
2956,5995,69.90808,0.6694089,0.17194259,0.34034282
2957,2915,1.9658661,0.65219223,0.0029751658,0.0067056566
2957,6985,97.02751,0.6579752,0.23794112,0.4713807
2958,587,2.0671005,0.654463,0.0029792786,0.0065788627
2958,4359,1.8357162,0.65381294,0.0026016906,0.0058126748
2958,2957,26.01421,0.66067135,0.060940936,0.118964285
2959,4358,31.942684,0.6622473,0.073930055,0.14259234
2959,2958,26.836678,0.6596303,0.0638746,0.12370543
2960,2961,1.5821381,0.64999837,0.0020207986,0.004987389
2960,880,423.97223,0.64200705,0.77524155,1.5291469
2961,2960,2.3234787,0.65374714,0.0040933937,0.008654103
2961,3993,42.37074,0.65628403,0.103986315,0.20469397
2962,1458,1.4641457,0.6474556,0.002486594,0.0064221323
2962,3994,5.8958626,0.6519351,0.014034636,0.028355643
2963,2965,3.1340027,0.7326776,0.0047932416,0.010052964
2963,4617,100.031624,0.73212326,0.17749488,0.35474944
2964,4213,2.2886086,0.7348146,0.0038816407,0.008897349
2964,2963,99.26039,0.73782015,0.1830883,0.364951
2965,2963,4.8230286,0.73401785,0.008828104,0.01755029
2965,3353,15.379904,0.73757935,0.02986553,0.057656474
2966,5691,2.0877533,0.6302258,0.0022053346,0.005386099
2966,5690,11.091829,0.6279992,0.022415929,0.044048443
2967,2451,2.8326912,0.62896156,0.004618533,0.009921253
2967,6013,38.5561,0.61914057,0.07408254,0.14434671
2967,3346,126.53088,0.6495524,0.23281398,0.4592175
2968,772,1.8172684,0.3658287,0.0033295453,0.00637652
2968,770,7.8389053,0.3697011,0.019654118,0.037603617
2968,771,3.4189415,0.36885995,0.007173069,0.013622403
2969,3573,33.88978,0.6308603,0.05518123,0.10587659
2969,3897,5.0122185,0.62806857,0.008186795,0.016688615
2970,3400,32.914448,0.5911353,0.08251533,0.15950531
2970,4097,24.168312,0.5874683,0.049525537,0.09497875
2971,3049,82.203094,0.6659348,0.15194006,0.30323163
2971,5382,37.951756,0.6695862,0.07329426,0.14227691
2971,2083,125.688225,0.66540444,0.23020104,0.4551289
2972,2267,30.026964,0.6694128,0.05912627,0.114193626
2972,2268,63.995903,0.66928786,0.11916105,0.23750597
2972,2847,59.66835,0.6708793,0.1096879,0.21802522
2973,2267,50.944206,0.669994,0.09605499,0.18964699
2974,5701,2.1784668,0.6690921,0.004582502,0.00865452
2974,2849,25.067268,0.5443852,0.056625236,0.109694645
2975,2102,18.86943,0.71613455,0.038120117,0.073675886
2975,2103,32.089386,0.7169272,0.059942283,0.11566939
2976,2967,110.712494,0.6635709,0.20475243,0.40486264
2976,1765,96.106,0.6823074,0.17445983,0.34771147
2976,3154,2.521412,0.6808573,0.0034514293,0.0072983652
2977,48,2.326542,0.6927825,0.0045537353,0.009828076
2977,217,45.318745,0.6996246,0.09259713,0.18409705
2977,2979,18.690256,0.7015264,0.043225065,0.083815545
2978,2910,48.77661,0.71200716,0.080603555,0.15645842
2978,6514,64.62915,0.71666545,0.15848112,0.31373718
2979,7009,2.3338318,0.69991463,0.0025969073,0.0061476976
2979,2978,104.270905,0.7050368,0.26859814,0.5332536
2980,992,1.6450272,0.68477696,0.0038913786,0.008791611
2980,3308,58.33583,0.69122475,0.13186197,0.26292607
2981,3308,2.3063278,0.6873878,0.0039050952,0.007888779
2981,227,3.3522873,0.69410026,0.0075202584,0.015893862
2982,6952,1.109314,0.41119426,0.0,0.0
2982,3386,666.58234,0.68410754,1.2100435,2.3803535
2982,3739,206.96596,0.6568539,0.3834862,0.75435823
2983,3342,2.2649612,0.6996676,0.0036089495,0.0077070147
2983,1302,2.2833366,0.69910264,0.0035873652,0.007618934
2984,2985,62.16738,0.7013684,0.11255353,0.2238366
2984,2983,39.63831,0.7042316,0.075324714,0.14443587
2985,2984,61.21975,0.700471,0.11102413,0.22133926
2985,2843,33.46803,0.70224315,0.06474784,0.12345506
2985,3340,12.839941,0.70377904,0.024946213,0.04869534
2986,281,2.032608,0.6738281,0.0032072812,0.0070234835
2986,5989,37.42115,0.67971456,0.07868649,0.15513265
2987,1564,22.097357,0.67932314,0.042573653,0.083476186
2987,1567,32.48422,0.6805663,0.06890931,0.13453537
2988,5094,42.464134,0.6536076,0.10004859,0.19123901
2989,3458,1.926075,0.6801081,0.0037439018,0.008122399
2989,2574,4.8701935,0.6787789,0.009648301,0.019949555
2990,3668,303.0724,0.6611495,0.55369794,1.0902745
2990,4783,24.521559,0.6638457,0.04925447,0.09491171
2991,4864,14.389229,0.6645134,0.029955704,0.058400817
2991,6819,7.9067917,0.66654605,0.01573272,0.031227544
2992,3227,2.2041397,0.65937185,0.0039882883,0.008594498
2992,6819,12.005768,0.665306,0.024936542,0.04882206
2992,3601,211.9718,0.65995306,0.39129746,0.77108014
2993,3171,79.47237,0.64363873,0.1449798,0.28896764
2993,6025,14.8199215,0.65551275,0.0313606,0.061507806
2994,2384,5.040123,0.64197505,0.009246618,0.018544406
2994,1247,32.370216,0.6445015,0.0642117,0.12447484
2994,2606,74.0519,0.6514379,0.13618445,0.2727162
2995,1249,59.50524,0.55127746,0.11583886,0.22763385
2995,5612,169.72107,0.50737464,0.15587756,0.30595058
2995,1704,197.25299,0.5747123,0.16875753,0.3311662
2996,6560,9.551651,0.62004846,0.019097313,0.037845284
2996,1709,3.735508,0.6234974,0.0068058446,0.014334455
2996,5543,90.28319,0.62563217,0.1703033,0.33733225
2997,5751,7.9058037,0.5165466,0.01751779,0.03450121
2997,6840,14.489754,0.51203233,0.03150882,0.061259113
2998,2550,41.107704,0.53729004,0.07946685,0.15469204
2998,2390,91.36137,0.5296351,0.17751732,0.34673697
2998,2007,257.5301,0.5227093,0.5077118,0.98985755
2999,3572,2.075035,0.5128883,0.0032162815,0.00651896
2999,4915,2.8070412,0.5130293,0.004787132,0.010053158
2999,561,34.956352,0.51608807,0.08788425,0.1703376
3000,1518,5.8499146,0.53040576,0.011397347,0.022889003
3000,5156,1.7132759,0.5343718,0.002581738,0.0057481825
3000,5267,39.085175,0.52888894,0.07353506,0.14434949
3001,682,5.5551033,0.7082837,0.011180729,0.022687808
3002,3004,17.742813,0.7009471,0.03581065,0.0693927
3002,216,54.325745,0.6977353,0.09886418,0.19559297
3003,1340,23.688274,0.7050666,0.04730534,0.09172511
3003,218,33.890545,0.7039459,0.07064849,0.13662755
3004,3002,17.80755,0.69941443,0.035759833,0.06880867
3004,215,24.094809,0.7019871,0.048665293,0.09347428
3004,3003,7.2686234,0.7038963,0.014755063,0.028963357
3005,6494,5.3537254,0.6725475,0.008685909,0.01802069
3005,6495,2.406868,0.63738775,0.0059214905,0.0120842755
3006,1136,8.924683,0.6688901,0.01807984,0.036000177
3007,4908,24.181446,0.68789595,0.047413904,0.09171022
3007,190,27.246513,0.68865204,0.05487673,0.105870366
3007,6381,33.326874,0.6880489,0.0770501,0.15150507
3008,840,26.381964,0.6736499,0.053803634,0.10448126
3008,4047,9.869347,0.1490548,0.02652701,0.052649796
3009,4223,0.042778015,0.11718312,0.0034113154,0.00737226
3009,2592,3.4899673,0.6730319,0.007187642,0.014754713
3010,3009,1.0431175,0.11340439,0.0056741983,0.01274848
3010,2592,3.4158554,0.6639809,0.0058392733,0.012758136
3011,1600,2.041481,0.6733173,0.00299038,0.006555274
3011,1190,32.831646,0.67494404,0.06482497,0.124745175
3011,3012,12.48591,0.6787321,0.027476907,0.053724945
3012,763,2.2661934,0.67459273,0.0034792423,0.00754489
3012,3015,35.8488,0.6750463,0.083125,0.16398387
3013,5302,19.44709,0.6820797,0.045076735,0.08751945
3013,1290,6.295307,0.68157566,0.014109917,0.028150335
3014,2593,47.336967,0.68115634,0.087881,0.17399772
3014,3013,13.1538925,0.67714,0.02988936,0.058850773
3015,2263,75.35057,0.6773903,0.13755023,0.27598232
3015,5304,20.255707,0.6760894,0.04646793,0.090401344
3016,3395,60.124893,0.641057,0.111081935,0.22057387
3016,2256,124.92117,0.63746494,0.22848544,0.4511062
3016,1127,86.99869,0.6417225,0.15961255,0.3173257
3017,1496,144.77719,0.64406264,0.292283,0.5770785
3017,3395,122.71507,0.6422539,0.22469702,0.44360763
3018,3040,75.53888,0.65084165,0.1485314,0.29601544
3018,4934,120.21866,0.64592034,0.2372998,0.46911365
3018,6848,166.5436,0.64664775,0.30454543,0.6007338
3019,3065,454.67004,0.6438896,0.8281009,1.6330135
3019,6848,2.4996681,0.6488711,0.00410486,0.009250134
3020,4374,1.6032562,0.6485301,0.0020858943,0.0050566494
3020,3022,77.13014,0.6506759,0.1413056,0.2822839
3020,3027,75.11861,0.6527389,0.15277675,0.30307966
3021,6556,1.9428673,0.653226,0.0017722622,0.004550025
3021,3022,6.2378197,0.6507722,0.011805899,0.023720548
3022,3020,77.580444,0.65506506,0.14465408,0.28874904
3022,6556,6.7508354,0.65397984,0.012911625,0.025929451
3023,3024,66.28197,0.6475978,0.11897825,0.23424229
3023,6849,13.119276,0.65224934,0.026518323,0.052196085
3024,3023,64.94589,0.6493279,0.11651082,0.22995599
3024,6555,28.517517,0.65347624,0.05889407,0.11225063
3025,3026,29.231422,0.6557519,0.057365585,0.11137348
3026,3029,74.06476,0.6540767,0.13652973,0.27321297
3026,3028,57.440125,0.6533561,0.107239746,0.21342194
3026,3025,29.262383,0.6525252,0.05773327,0.111574225
3027,4342,1.892868,0.64921397,0.002877064,0.0065532625
3027,3028,10.784208,0.6570976,0.022417419,0.04414481
3028,4344,2.0842705,0.6494231,0.0030676872,0.0066093206
3028,3026,58.108475,0.65345097,0.107141085,0.21276662
3028,3029,29.294077,0.66128266,0.06256337,0.12042757
3029,4343,1.70578,0.6496652,0.0023512095,0.0055170804
3029,570,2.0134392,0.6516171,0.0038886443,0.008417144
3029,3026,74.832985,0.6538019,0.13677898,0.2731387
3030,3031,7.989895,0.6539582,0.015374109,0.030615598
3030,4370,109.06924,0.6517147,0.19879772,0.39365214
3030,4369,203.05981,0.6516878,0.37176186,0.7332255
3031,7086,75.102264,0.6537635,0.13790211,0.2747047
3031,3030,7.8445663,0.6541281,0.015042156,0.029985353
3031,3036,147.69916,0.6518883,0.26946488,0.5331152
3032,3035,118.372025,0.65310705,0.21787888,0.43096447
3032,4061,3.1142883,0.6496163,0.0058148503,0.012139201
3032,614,72.44557,0.6553052,0.14292838,0.28564313
3033,5097,2.708332,0.65227014,0.0049326643,0.01064831
3033,5784,11.884117,0.6561065,0.023999237,0.04743825
3034,1496,54.930893,0.644861,0.102774344,0.20397124
3034,1497,31.027302,0.64977884,0.06546324,0.12593508
3034,3039,8.36694,0.64558655,0.016982697,0.033719063
3035,3032,118.84606,0.6563206,0.21993944,0.43446505
3035,613,67.97475,0.653666,0.09711449,0.1925894
3035,612,130.08119,0.66056085,0.18641618,0.37168443
3036,3031,147.738,0.65356004,0.26892722,0.5317125
3036,3201,89.04047,0.6563206,0.1634836,0.32536343
3036,3037,27.956167,0.65342855,0.05627291,0.10885072
3037,3036,27.730228,0.65872675,0.05579744,0.10749122
3037,5774,9.523266,0.6549198,0.018854648,0.037260994
3038,5368,1.708046,0.6496683,0.0021204576,0.0046953857
3038,640,49.83784,0.6563038,0.15139024,0.29916552
3038,3083,66.03077,0.6475568,0.20966992,0.4148985
3039,1435,26.701515,0.6455544,0.05434075,0.10462091
3039,3034,8.236881,0.6461745,0.016570441,0.03298086
3039,1434,34.15591,0.64869076,0.07107111,0.13903491
3040,1498,187.6458,0.6507072,0.36478642,0.7201717
3040,3018,75.17105,0.64795446,0.14793056,0.29474267
3040,6611,46.452248,0.647197,0.087911196,0.17254835
3041,3167,2.0899658,0.5768025,0.0031277686,0.007103905
3041,529,104.91374,0.5809098,0.19850498,0.39048755
3041,800,248.98576,0.5724435,0.47917423,0.9368002
3042,614,147.22366,0.6502793,0.26965532,0.5334945
3042,621,44.25995,0.6526506,0.08391917,0.16597521
3042,621,53.17578,0.65168625,0.09999364,0.19859664
3043,2798,111.82053,0.6446693,0.20540306,0.40633923
3043,2677,46.180923,0.64976734,0.0875864,0.17291288
3043,4539,85.65416,0.64627373,0.15717396,0.3130253
3044,4487,128.07901,0.6631107,0.23125684,0.4571194
3044,4485,42.900967,0.6639559,0.08055077,0.15870748
3044,4491,37.77619,0.6619207,0.070727535,0.13811174
3045,4378,3.3957977,0.6659001,0.0065840483,0.014204472
3046,3049,3.3378944,0.66401947,0.0061640292,0.012469158
3046,3050,109.46583,0.66510755,0.22298184,0.4387896
3047,4744,119.62034,0.6249944,0.2985029,0.5886695
3047,3048,37.125156,0.63070047,0.07299742,0.14304473
3048,3047,36.8895,0.62813294,0.07267315,0.14156373
3048,5285,88.92786,0.6326966,0.16444753,0.32633865
3048,5021,33.48608,0.6272205,0.06680974,0.12885992
3049,3046,3.6146202,0.6644617,0.0066098273,0.01337789
3049,2971,83.015305,0.6681417,0.1519565,0.30345207
3049,5385,36.864685,0.6675474,0.07603624,0.14889663
3050,2461,27.775553,0.66700256,0.058724035,0.11215342
3050,3049,107.5618,0.670079,0.22231051,0.43851423
3051,5986,2.4015083,0.67689204,0.0037893802,0.008441031
3051,3432,104.7433,0.6808229,0.19042051,0.37915444
3051,6906,52.680443,0.6861018,0.12788457,0.2532711
3052,6683,57.171715,0.67796475,0.105873175,0.2108647
3053,4496,2.7014122,0.68513846,0.0042559803,0.009347811
3053,2143,9.983433,0.681476,0.025280006,0.049657643
3054,1129,14.292421,0.63686746,0.029088497,0.05707334
3054,1133,20.067041,0.6340108,0.04113073,0.08013712
3055,1132,29.106537,0.6393743,0.062505424,0.12110345
3055,2257,14.734915,0.63673866,0.030864697,0.06019012
3056,1606,3.2645645,0.6931137,0.006273091,0.013028175
3056,3057,163.93735,0.6910684,0.29663914,0.5881178
3056,1605,29.760113,0.69551706,0.061455518,0.11902386
3057,1607,48.74878,0.689823,0.09069378,0.17997515
3057,1604,84.08542,0.6911242,0.15275958,0.30624247
3057,3056,165.76587,0.69237334,0.29679522,0.5872828
3058,1606,117.03099,0.69458467,0.21005246,0.41719666
3058,3059,45.483555,0.69519395,0.08535492,0.16824117
3058,3160,116.983536,0.6983098,0.2120571,0.42134786
3059,3160,46.150448,0.6954668,0.08624672,0.16979209
3059,3161,94.41414,0.69773895,0.1707371,0.3412084
3059,3058,45.430893,0.6950429,0.0851581,0.16776155
3060,2093,220.1418,0.6917842,0.39978674,0.7886243
3060,1604,177.6385,0.69009435,0.35553735,0.701469
3060,1603,23.239618,0.69318545,0.04836616,0.09287809
3061,1512,96.29448,0.5418655,0.18476334,0.36090183
3061,1509,52.741486,0.5583053,0.10006938,0.19548343
3062,3202,2.0109634,0.64268786,0.0030551776,0.0067860335
3062,1445,117.91066,0.6568081,0.21919191,0.43415177
3062,3797,92.67633,0.64567494,0.17206314,0.34094387
3063,3202,65.074905,0.6447524,0.12143123,0.24159157
3063,4181,22.391188,0.6444106,0.045722384,0.08863565
3063,4711,50.81042,0.647169,0.09341914,0.18438895
3064,1433,140.5997,0.64223933,0.28460723,0.5613793
3064,1435,231.48584,0.63742185,0.42793822,0.8424259
3064,554,9.191196,0.6430363,0.018956289,0.037932023
3065,6869,26.32588,0.6515952,0.055983122,0.10727351
3065,3019,450.4309,0.64431953,0.81945354,1.6162373
3065,3204,28.479788,0.652447,0.061158743,0.11701524
3066,2081,169.96991,0.6745338,0.30631664,0.60613686
3066,1274,106.82702,0.6799983,0.19688866,0.39110458
3066,1142,23.580095,0.67739195,0.04767755,0.09161936
3067,2068,52.045303,0.6862679,0.096625045,0.19190058
3067,6760,172.1538,0.68082035,0.3129249,0.6186891
3067,1788,76.698616,0.68478495,0.14013673,0.2808759
3068,3217,1.9551353,0.6517652,0.003293544,0.007589489
3068,1627,42.603527,0.6505547,0.18930206,0.373165
3069,5689,2.5228653,0.6566514,0.0029664338,0.0071379542
3070,4529,2.0640373,0.6834389,0.0029386356,0.006410107
3070,6683,127.9373,0.68301386,0.25922805,0.5113282
3070,3433,119.487236,0.68226457,0.21730644,0.43102545
3071,3072,0.7295723,0.40093562,0.00083982944,0.0015716404
3071,6122,294.3475,0.67572165,0.58760536,1.159235
3072,3071,1.1253662,0.41003639,0.0017583966,0.0033107996
3072,6606,50.532036,0.6890793,0.10431748,0.2029925
3073,6760,1.7543945,0.68712676,0.0029095262,0.006613359
3073,1140,3.0303764,0.68771684,0.006123014,0.012937114
3074,3075,1.852829,0.49042314,0.0034159273,0.0073973387
3074,2560,79.18917,0.47736782,0.22581983,0.43800384
3075,3074,1.5786438,0.4928881,0.0030682236,0.006600246
3075,2921,41.885803,0.4916735,0.083345056,0.16297294
3075,2030,128.40634,0.49973175,0.2555955,0.4966622
3075,1858,15.430714,0.49660048,0.033685334,0.06505048
3076,3456,7.681614,0.62724763,0.017471671,0.03497301
3076,6477,18.458773,0.61584586,0.036273804,0.07149653
3077,5883,1.9236412,0.6325487,0.0028293356,0.0063370466
3077,1888,54.896427,0.6369499,0.11323668,0.22369593
3078,5206,1.8855667,0.7012158,0.0019055754,0.00525859
3078,5044,70.71998,0.7001705,0.16739212,0.33305052
3079,4928,45.22185,0.692747,0.0847787,0.1675798
3079,4690,39.263023,0.6899456,0.08983187,0.17640737
3080,5177,2.7162132,0.6924337,0.0021043643,0.005333051
3080,4691,37.629375,0.6934389,0.07738395,0.15168433
3081,4595,1.7833481,0.7304103,0.0025232285,0.005322814
3081,835,61.254776,0.7288189,0.12060095,0.23923954
3081,2575,88.44712,0.73187965,0.15675572,0.31427562
3082,4605,42.043312,0.71870875,0.078300685,0.1523864
3082,2101,12.092001,0.71808517,0.0236862,0.045986876
3082,3187,115.98647,0.7116973,0.20518966,0.40880072
3083,6226,120.2024,0.6542984,0.40157834,0.7922491
3083,3038,65.91754,0.64807343,0.21463452,0.42457026
3084,1949,1.7182388,0.4809291,0.002409272,0.0051822066
3084,5014,17.89309,0.49129432,0.048323862,0.09413088
3085,1046,3.4474716,0.69026375,0.006088659,0.012522504
3085,186,43.98524,0.6905875,0.08253453,0.16166931
3085,1055,35.96668,0.6921583,0.06959856,0.13348228
3086,1050,43.954075,0.69007695,0.08211024,0.15983342
3086,411,8.604286,0.6895647,0.01680357,0.032870755
3087,6438,4.6921425,0.6917645,0.0077871457,0.015960544
3087,5075,26.724796,0.68970066,0.06288047,0.12053518
3088,45,2.295166,0.719166,0.003631629,0.0076721907
3088,3840,26.381145,0.721584,0.060681537,0.11764277
3089,6557,2.8232193,0.7433471,0.0067361966,0.014429122
3089,5073,9.989597,0.74445665,0.019214794,0.038024068
3090,3089,15.083879,0.74751884,0.02951802,0.05860971
3090,6350,2.984333,0.739264,0.0066467077,0.013921931
3091,1632,2.0047417,0.74128944,0.0035928562,0.0076663345
3091,2500,37.92811,0.73549455,0.10321579,0.20257537
3092,1635,4.783783,0.74381673,0.0062983185,0.013032645
3092,6815,38.092976,0.73843694,0.068464555,0.13413842
3093,6193,276.45245,0.67733014,1.9799396,3.8892102
3094,1758,5.5600624,0.6433393,0.040270384,0.07920919
3095,1632,2.82695,0.7383333,0.0051908344,0.009966895
3095,3117,64.53057,0.7429151,0.09238757,0.18080966
3095,3127,43.297367,0.7376081,0.079722874,0.15874542
3096,3527,3.0987854,0.750136,0.006320834,0.013132289
3096,296,8.698425,0.74800235,0.022844456,0.04483056
3097,3125,41.834473,0.74229443,0.06591179,0.12714389
3097,1738,4.217499,0.42286664,0.012575291,0.01773709
3098,5018,15.513178,0.7191139,0.039514966,0.07815988
3099,6075,3.423748,0.74259675,0.004019387,0.008623123
3099,316,94.55344,0.739928,0.16920595,0.338593
3100,2519,1.9903946,0.7393816,0.0030016527,0.0058743358
3100,6207,9.747082,0.7425083,0.018274613,0.036204115
3100,320,64.34241,0.74302226,0.120682836,0.24040838
3101,4600,2.3607368,0.71341574,0.0048317984,0.010288134
3101,1977,62.319138,0.7237111,0.12568294,0.25048542
3102,3101,2.3731537,0.7224015,0.004542567,0.0091576725
3102,2538,82.57881,0.72485924,0.16274902,0.3240506
3103,1756,24.828035,0.66386044,0.05999247,0.11659688
3104,3094,38.903328,0.66562426,0.090711005,0.1750182
3104,1760,14.720728,0.65480846,0.048170343,0.096293814
3105,312,134.14523,0.63655293,1.0006196,1.9682108
3106,3094,8.323574,0.6524772,0.05118647,0.10482389
3106,1760,48.651844,0.6713556,0.09653465,0.1891875
3107,3168,2.3405838,0.655018,0.0035420358,0.0078088343
3107,6605,3.111885,0.6580656,0.0053344443,0.011027068
3107,1757,4.7564087,0.6595711,0.026634261,0.053175464
3108,3109,1.7033806,0.7018005,0.0038976297,0.008679375
3109,5419,2.2187119,0.70361197,0.0037057549,0.0073010176
3109,2827,10.641161,0.7047882,0.023244359,0.045654327
3110,3111,28.703205,0.6818948,0.057229765,0.10997461
3110,6389,49.66543,0.68386114,0.1244394,0.2491523
3111,6900,2.6974945,0.674978,0.0043867603,0.009499639
3111,2883,32.85769,0.6788695,0.06489914,0.12500016
3112,3429,30.531254,0.6807959,0.061932504,0.11803532
3112,1700,42.54736,0.69586813,0.12488734,0.24884324
3113,6901,2.3452377,0.67749125,0.0029971004,0.0071850717
3113,3114,3.3813896,0.6782181,0.005871162,0.012718618
3114,3115,8.594967,0.68074197,0.016619198,0.03308642
3115,3429,4.8695984,0.6769483,0.009522274,0.019187987
3115,6389,26.264807,0.6790717,0.051751174,0.10009848
3115,2649,74.585335,0.67698556,0.1488847,0.29733002
3116,4890,54.937,0.63621366,0.17763005,0.3524544
3116,6201,13.054598,0.03565398,0.056099974,0.114358
3117,1631,2.043312,0.7421825,0.0029388592,0.006149158
3117,3118,73.93341,0.7428352,0.10412871,0.20753232
3117,3127,34.654488,0.7451787,0.06493734,0.12525743
3118,1633,1.9820442,0.7374642,0.0024323985,0.005084589
3118,2443,74.58765,0.7433027,0.10436442,0.20762482
3118,3156,67.06761,0.7425595,0.119348764,0.23734346
3119,5513,3.7987862,0.59266436,0.010156132,0.020338133
3120,4099,25.254745,0.584502,0.051609218,0.098382205
3121,1846,3.242134,0.59050655,0.0049602836,0.010484412
3121,3119,9.886078,0.58675414,0.016081892,0.03181702
3122,2629,0.6712799,0.6400248,0.00337857,0.0072178394
3122,2622,54.5653,0.64084834,0.13800809,0.2753443
3123,440,29.193386,0.689571,0.06708512,0.12909731
3123,5294,17.98194,0.6872091,0.040886708,0.079995066
3123,5696,14.691114,0.6873281,0.03281937,0.06401197
3124,3123,6.5334435,0.6833305,0.015452087,0.030976638
3124,3301,27.782722,0.68602365,0.056180447,0.10737093
3125,2444,3.3206825,0.74223614,0.006011158,0.011502713
3125,1882,264.96848,0.7308602,0.36865902,0.72847074
3126,5660,79.13854,0.74122155,0.14838389,0.29297072
3126,4570,61.154808,0.73508716,0.11642952,0.22822174
3126,316,43.230297,0.73800874,0.08074638,0.155372
3127,3117,35.25849,0.7446808,0.06513455,0.12657736
3127,316,76.45332,0.7408173,0.13665533,0.27260688
3127,3095,43.721687,0.74081665,0.08098571,0.15934348
3127,3156,44.577145,0.73811376,0.083304405,0.16412327
3128,2506,8.863644,0.6858469,0.019539729,0.039049566
3128,709,8.303299,0.6847464,0.017038845,0.034228668
3129,512,2.5049553,0.74612975,0.004398033,0.008897424
3129,3356,25.990732,0.7501422,0.049673337,0.096608624
3130,3131,2.7935753,0.72651505,0.0029287413,0.0065746754
3130,4776,72.01393,0.73245597,0.1266978,0.2528091
3131,3130,2.6834145,0.72874504,0.0023859814,0.0050680637
3131,5098,75.829865,0.73363847,0.23182446,0.46214563
3132,1798,39.65344,0.12603936,0.1088937,0.22780158
3132,1845,8.676594,0.13056722,0.019445792,0.038548797
3133,4574,48.575264,0.73353183,0.092762604,0.1804649
3133,303,72.53338,0.7410403,0.12524065,0.2505956
3133,5461,62.88975,0.7344865,0.121493936,0.23865193
3133,314,59.25196,0.74082744,0.10461471,0.20776287
3134,6207,3.141388,0.748049,0.007329501,0.014834613
3134,5539,31.13773,0.74150074,0.08598901,0.167376
3135,4141,19.45592,0.03504947,0.078108765,0.1587028
3135,6958,2.6499748,0.6711009,0.0065664127,0.013472915
3136,3135,1.9085503,0.046842426,0.009894937,0.019760385
3137,4300,1.4380989,0.6653738,0.0046654567,0.0101196915
3137,6405,17.390211,0.6662034,0.04711769,0.09233864
3138,4129,1.5918503,0.67441654,0.004691832,0.010499984
3138,6194,2.1656532,0.6576355,0.008921355,0.016883597
3139,2712,1.8497543,0.5951628,0.005276531,0.011275932
3139,2113,224.34499,0.57342654,0.54864544,1.0791776
3139,5941,5.328396,0.59711343,0.01257626,0.02554132
3140,707,19.866465,0.67182237,0.03963741,0.076434344
3141,3120,4.348175,0.58671,0.010530718,0.021242931
3141,3142,42.8481,0.5933759,0.13689457,0.26975295
3142,1707,1.0627937,0.5942802,0.0059332848,0.012418747
3143,2516,33.700966,0.583787,0.08963501,0.17134199
3144,3147,4.6781197,0.66312265,0.008686334,0.017985344
3144,1161,85.10422,0.6660528,0.17044511,0.33906865
3145,2758,1.3969612,0.6676986,0.0037945583,0.008185253
3145,5831,1.9100227,0.65859115,0.009021789,0.018399656
3146,3463,2.1432648,0.66470456,0.003111869,0.007183805
3146,816,64.31194,0.6672858,0.11689183,0.2334233
3146,3464,3.3956146,0.6664816,0.0066321045,0.014224961
3147,5410,7.3813057,0.6695141,0.015362911,0.030638516
3147,4618,10.218716,0.66871554,0.021537937,0.04266067
3148,6989,12.574551,0.663752,0.023335628,0.04590255
3148,2855,11.992331,0.6643247,0.023098528,0.04530558
3149,6718,13.233454,0.65335864,0.034685597,0.068085626
3150,6919,123.02947,0.6211729,0.2258094,0.4448927
3150,766,3.4783897,0.63396424,0.0060541853,0.012499481
3151,4431,2.1729698,0.6590442,0.003316626,0.007170528
3151,4427,33.8158,0.6645744,0.06675699,0.12821582
3152,1151,8.174423,0.36698702,0.016078554,0.03057772
3152,772,2.5828896,0.3662011,0.0055613443,0.010613948
3153,5662,103.2764,0.72692513,0.14514744,0.28892466
3154,6012,95.29425,0.6498368,0.29824784,0.5908594
3154,2976,2.269432,0.68119115,0.0036050677,0.007472664
3155,4224,2.135109,0.7377609,0.003924325,0.008184254
3155,5461,12.579884,0.7410754,0.025398545,0.048915356
3156,3118,67.57224,0.74239045,0.12065917,0.24035436
3156,3127,44.772457,0.7379744,0.08330649,0.16424857
3156,3157,29.95919,0.7390466,0.05507463,0.10893159
3157,303,75.49743,0.74123037,0.13329211,0.26564872
3157,3156,30.430439,0.7386306,0.055034738,0.10906077
3157,322,39.962017,0.73803246,0.07170518,0.14340721
3158,2220,38.197407,0.72552985,0.0723816,0.13838726
3158,325,66.03425,0.72897005,0.11795855,0.23475379
3158,3405,121.06777,0.72894955,0.21896946,0.43546188
3159,4308,2.4527626,0.7027612,0.004384175,0.0088701695
3159,351,28.02831,0.7035648,0.05820634,0.112855196
3160,1297,26.033407,0.69859487,0.050881937,0.09893303
3160,3059,46.152157,0.69604087,0.08658593,0.1708095
3160,3058,116.63501,0.69931555,0.21182713,0.4210369
3161,1603,59.664047,0.69535744,0.10855171,0.216571
3161,1295,66.02849,0.6970226,0.11950862,0.23900947
3161,3059,94.44124,0.6970661,0.17124584,0.3419828
3162,6761,2.037014,0.684057,0.0029704794,0.0064860135
3162,1123,83.72537,0.68521386,0.15280485,0.30605084
3162,3073,3.103428,0.6842628,0.006035663,0.012588978
3163,3980,2.5996475,0.3616345,0.005277574,0.0101775825
3163,4955,33.15567,0.10966867,0.09610141,0.19860442
3164,1919,53.179077,0.616668,0.17125341,0.33782977
3165,3166,3.283493,0.6057209,0.032688566,0.06547457
3165,3164,153.49173,0.6112606,0.31382892,0.6148574
3167,3041,1.8690643,0.576215,0.0025783852,0.005995184
3167,3773,46.66629,0.56895894,0.09822756,0.19127287
3167,529,92.06134,0.5826247,0.19084412,0.37395662
3168,3107,2.6595573,0.6605106,0.0042400286,0.008955061
3168,3169,27.76075,0.6616665,0.056396,0.10828308
3169,1940,210.76224,0.6554564,0.38452658,0.7586719
3169,2270,242.07784,0.65958714,0.4362596,0.8610154
3169,3168,28.13828,0.6591567,0.057040557,0.10944518
3170,3171,73.170296,0.65451497,0.13607663,0.2720486
3170,3171,73.38086,0.65321636,0.13654214,0.27291432
3170,2720,51.768078,0.65724546,0.09832908,0.1957984
3171,2993,80.42548,0.6537736,0.14568707,0.29097074
3171,3170,73.46606,0.6515957,0.13606533,0.27206215
3171,3170,73.25993,0.65322965,0.13561627,0.2712322
3172,2667,74.77224,0.6507627,0.13881254,0.2771454
3172,122,23.118374,0.6561954,0.04769445,0.09224434
3172,2725,60.34836,0.6528778,0.088069014,0.17310514
3173,2914,4.993084,0.5936202,0.036443643,0.07131403
3173,1922,80.29672,0.6053134,0.16322643,0.31885362
3174,5072,1.2628555,0.54525506,0.0019674152,0.0044986904
3174,5015,2.0749779,0.55185467,0.00470417,0.009810597
3175,3178,37.53907,0.6093507,0.072844125,0.14369918
3175,3176,68.35861,0.61082006,0.12958944,0.25670227
3175,3177,103.74094,0.6093681,0.19253236,0.37916088
3176,3175,69.010185,0.61230415,0.12939262,0.25656354
3176,3178,74.87537,0.61369646,0.15390466,0.30384788
3176,1499,275.82294,0.6032485,0.55791444,1.093443
3177,3175,103.98981,0.60738957,0.19352469,0.38168538
3177,3551,112.00053,0.6135815,0.20819739,0.41010374
3178,3175,37.914646,0.60941523,0.07308465,0.1437088
3178,3608,212.89346,0.59797466,0.43666175,0.85562205
3178,3176,75.065796,0.6119891,0.15338176,0.3027836
3179,3587,24.936462,0.6470633,0.051604275,0.09981154
3179,6180,7.391899,0.6435377,0.013890132,0.027828664
3180,3179,4.861004,0.6460008,0.009263277,0.019053504
3181,2863,59.21846,0.650323,0.12195159,0.24276331
3181,4879,115.977295,0.6511332,0.23238021,0.46000725
3182,5819,27.109266,0.6544831,0.053685695,0.1034557
3182,1876,85.81144,0.6541294,0.2791384,0.5552874
3183,557,80.08781,0.65845364,0.26502037,0.52594465
3184,5834,0.96985245,0.30451125,0.000986442,0.0010107607
3184,6517,42.80952,0.66911554,0.08125222,0.15934382
3184,3207,53.490936,0.67083454,0.09986063,0.19914047
3185,5835,1.2276688,0.33542985,0.0012760162,0.002025485
3185,1454,47.631653,0.6652461,0.12421353,0.2481086
3185,3540,41.130524,0.66948414,0.07744297,0.15341456
3186,1744,3.077301,0.7123804,0.0051029697,0.010855332
3186,6577,9.7169075,0.7144064,0.021559916,0.042039827
3187,4712,2.402401,0.70108515,0.002964303,0.0071766227
3187,3082,116.5233,0.7143857,0.20521423,0.40833682
3187,4604,46.743134,0.71272177,0.10412444,0.20597154
3188,3189,2.3270454,0.65886235,0.004395999,0.009699568
3188,4036,51.37229,0.65768534,0.10592109,0.20941782
3189,3190,2.3844032,0.6561135,0.0046074986,0.009767503
3190,3193,1.2280731,0.6162344,0.0025819764,0.005804658
3190,3020,1.665142,0.6465513,0.0031414405,0.007550925
3191,3192,2.2132607,0.6432219,0.004503377,0.009636745
3191,3199,95.97301,0.6588024,0.19778395,0.391037
3192,3194,1.3735428,0.21388301,0.002708152,0.005516991
3193,3191,1.851326,0.6505957,0.0035187602,0.00751926
3194,2132,103.82362,0.65008056,0.19197366,0.38039222
3194,3188,2.0149765,0.65632075,0.0037093982,0.008113295
3195,1498,5.464157,0.6565693,0.011128791,0.02217628
3196,877,50.909027,0.7355907,0.096914865,0.19244425
3196,5633,10.707457,0.7377248,0.021133646,0.04125251
3197,1513,1.1624413,0.572126,0.004481517,0.009948611
3197,5799,162.28233,0.53768486,0.44178817,0.8646551
3198,7090,0.62135315,0.52074295,0.0015322268,0.0021772385
3199,4342,100.94284,0.65314275,0.18632084,0.37040776
3199,3198,40.40013,0.655975,0.08382599,0.16519888
3200,6986,0.5977707,0.582285,0.002430983,0.0048187226
3201,1431,1.7898407,0.6571543,0.002580531,0.0059670955
3201,3200,44.19426,0.65753084,0.11170834,0.221896
3201,3036,89.203766,0.6577785,0.16461429,0.3276511
3202,3062,1.8420372,0.6428898,0.002730161,0.0062101036
3202,3063,65.46051,0.6464573,0.12188338,0.2432706
3203,1106,1.6477165,0.6404406,0.0029219165,0.006830275
3203,3202,94.42639,0.6472036,0.17919812,0.35494292
3204,3205,2.792633,0.6514662,0.0018860176,0.00519605
3204,4035,297.3252,0.6390358,0.59596634,1.1732957
3205,3204,2.9296646,0.65072364,0.0024194717,0.0061894804
3205,3065,28.414368,0.6516112,0.061333388,0.11773051
3206,2251,68.70562,0.6321724,0.13812292,0.2742314
3206,2253,42.70874,0.6326323,0.08899632,0.17447667
3207,4749,25.84033,0.66070473,0.052194662,0.10074885
3207,3184,54.712093,0.66399026,0.09935783,0.19542378
3208,5148,37.627937,0.65782905,0.15909831,0.31549516
3209,4827,0.0,0.6569457,0.009799615,0.020605937
3209,4944,77.27095,0.6635816,0.15649961,0.31141758
3210,3208,6.182705,0.66082585,0.01065582,0.02168703
3210,4827,3.041504,0.6618229,0.0056286603,0.011974439
3211,5922,1.9224167,0.6567748,0.0025405064,0.00612472
3211,5726,126.00518,0.65606886,0.23280585,0.45944142
3212,725,2.7422104,0.6628073,0.0021077245,0.005197689
3212,6753,110.22838,0.6640367,0.22586593,0.4456939
3213,586,284.02072,0.64763844,0.56792295,1.115778
3214,3215,2.2453384,0.6547471,0.0025007948,0.0059605986
3215,3214,2.4836693,0.6493045,0.003018424,0.0070495903
3215,2807,171.91174,0.6531429,0.3485143,0.6868457
3216,594,3.8815613,0.6562033,0.0036576241,0.008964509
3216,5918,37.24801,0.6561563,0.19530863,0.3832148
3217,3068,2.2971268,0.64980614,0.003966488,0.00851737
3217,6225,89.21793,0.64234465,0.40576768,0.79238135
3218,1627,2.1310425,0.6500111,0.0031558499,0.006845087
3218,3217,42.916,0.64677846,0.18547064,0.36477837
3219,1530,2.124382,0.66275764,0.0051364303,0.009847775
3219,5870,43.219036,0.6510038,0.1333245,0.26071566
3220,3140,6.161358,0.6728657,0.015189737,0.030434221
3220,5987,53.163994,0.6692678,0.16382676,0.32441586
3221,3222,1.6059151,0.6523279,0.0031141788,0.007183671
3221,3225,178.19101,0.6617073,0.36465362,0.7183322
3222,3221,2.1300545,0.6569052,0.0041169226,0.008979157
3222,2992,63.258663,0.6656394,0.12986796,0.25895163
3223,3225,1.902359,0.66306794,0.0027850866,0.0063277334
3223,1494,54.591427,0.6626796,0.10185034,0.20217378
3223,3222,178.66803,0.6531975,0.36028063,0.70820814
3224,4165,114.627045,0.66306627,0.20923376,0.4145763
3224,3617,103.30237,0.66346514,0.18965325,0.376539
3224,3225,67.81697,0.6620517,0.12405517,0.24845484
3225,3223,2.1532326,0.6609706,0.0032009035,0.0070580393
3225,3224,67.18063,0.65919137,0.124182746,0.24796095
3225,1822,43.97873,0.66278887,0.090488195,0.17826395
3226,584,170.64517,0.6583424,0.3134634,0.61889577
3226,3241,420.3103,0.6510295,0.7629149,1.5059868
3226,3601,16.120337,0.6607786,0.03241105,0.06286234
3227,2992,2.2401352,0.6628671,0.004360929,0.009505123
3227,3221,60.374413,0.6639466,0.12494804,0.2483483
3228,4360,1.8437424,0.66075647,0.0026049092,0.0063678324
3228,880,111.391846,0.66166234,0.22570056,0.44681102
3229,1540,18.468838,0.6692592,0.03716513,0.07163335
3229,1539,32.476845,0.6693714,0.06428476,0.1235964
3229,3393,135.87375,0.66601616,0.24872985,0.49166864
3230,3514,23.277842,0.6674267,0.04519738,0.08644401
3230,2447,43.436157,0.6689959,0.080795385,0.15714985
3230,2747,100.43028,0.6660871,0.18340015,0.36470342
3231,2395,125.84711,0.6657733,0.23067498,0.45694906
3231,5357,200.30145,0.6630055,0.36888495,0.72787
3231,2244,127.470215,0.6641253,0.23364809,0.46240658
3232,3867,69.71723,0.66305566,0.14069927,0.28179008
3232,3965,5.8802147,0.6593119,0.011838861,0.023754507
3232,2932,151.78041,0.6573687,0.27902755,0.55145705
3233,1475,25.80833,0.66130555,0.052231528,0.100615226
3233,1493,23.482668,0.66236407,0.047562268,0.0917671
3233,2930,17.070387,0.6619927,0.03426538,0.06611918
3233,2929,63.142998,0.66124165,0.11652249,0.23275647
3234,3235,2.2428703,0.6884856,0.0039665475,0.008742392
3235,997,2.0256767,0.6856129,0.0032802448,0.0070505887
3235,2298,2.3505058,0.68905944,0.0038727745,0.008418173
3236,6432,55.366844,0.6882452,0.12494149,0.24860507
3236,405,7.2609406,0.6877832,0.016420752,0.032445177
3237,1461,2.0234032,0.6581502,0.0030885339,0.0070462674
3237,5142,66.20994,0.6648319,0.16021985,0.31878367
3238,2873,1.8675461,0.65564424,0.0026279613,0.006040275
3238,3237,110.65968,0.660321,0.27380425,0.5431564
3239,1464,2.029663,0.6564503,0.002925694,0.0067893118
3239,3238,95.38539,0.6625703,0.23607197,0.46816736
3240,3241,6.850483,0.6584122,0.013197333,0.026176617
3240,5403,21.215502,0.6592304,0.04317984,0.08328654
3240,3806,8.769867,0.66014993,0.017793395,0.03543386
3241,3240,6.745529,0.6575662,0.013073117,0.025939956
3241,7063,71.35101,0.6624739,0.1462863,0.2916651
3241,3226,418.04272,0.64893866,0.75989765,1.4998901
3242,5725,12.428274,0.6602491,0.02460301,0.04850468
3242,5404,44.72525,0.662137,0.08388719,0.1624132
3243,2708,221.57463,0.59695184,0.4169521,0.8169676
3243,1485,192.76212,0.5909735,0.39979908,0.7840374
3243,2709,33.07936,0.6066455,0.07031539,0.13518655
3244,4336,1.952774,0.6787976,0.003915176,0.008585796
3245,727,3.1005402,0.6750524,0.005482137,0.011496276
3245,6795,49.931725,0.6782474,0.102100745,0.20305125
3246,803,3.3797035,0.6772147,0.004612483,0.009849817
3246,6420,37.817963,0.67769575,0.07162131,0.1387937
3247,3248,1.8093872,0.7224628,0.0042654127,0.00907439
3247,3946,135.0871,0.74697477,0.18831179,0.37732935
3248,3247,1.7998352,0.7425843,0.004098825,0.009205326
3248,5540,36.852554,0.73852885,0.0998569,0.19601719
3249,5009,3.7282639,0.6992505,0.005638428,0.01185514
3249,3630,62.33807,0.019319355,0.26728192,0.5731583
3250,4546,20.452988,0.6478524,0.041674744,0.0805734
3250,1148,44.324547,0.6529004,0.084393345,0.16651432
3250,4188,85.43584,0.65030074,0.15889712,0.31560344
3251,771,10.698811,0.3714577,0.021380074,0.04091932
3251,770,3.5013351,0.3715627,0.007431306,0.014438033
3252,6585,7.357052,0.74292386,0.011621535,0.022979304
3252,1422,2.4686584,0.7462568,0.004169233,0.008339778
3253,1948,22.794506,0.7432764,0.038736623,0.07627074
3253,3614,7.926941,0.7421192,0.027988017,0.056123093
3254,3490,5.424675,0.74146295,0.011910766,0.02395919
3254,6558,1.8803825,0.73983485,0.012303971,0.024662316
3255,4614,2.7690468,0.7259114,0.0018206835,0.0048089474
3255,2824,8.677433,0.7262181,0.016951196,0.033469036
3256,6487,1.7480469,0.70310026,0.0034198537,0.008344904
3256,3843,26.965874,0.7096864,0.054255117,0.10378726
3257,4456,2.2166252,0.697573,0.003593333,0.007763833
3257,3844,27.17149,0.7037754,0.052622333,0.101960175
3258,1483,164.35823,0.45267838,0.35309184,0.6821434
3258,6447,61.83754,0.43577516,0.12601586,0.24381693
3259,4244,1.0257988,0.5690881,0.0029797107,0.0065407306
3259,2289,35.257004,0.57776195,0.068825886,0.13450316
3259,6821,29.364296,0.5700768,0.0591706,0.11294293
3260,3656,71.79983,0.6558973,0.13242443,0.26491392
3260,4910,64.155716,0.65644175,0.11650737,0.23170644
3261,1492,76.636215,0.6620636,0.14113225,0.28209952
3261,2800,36.70567,0.66068274,0.072853506,0.14361897
3261,3821,50.997795,0.65683144,0.09844636,0.19267464
3262,4794,1.3739357,0.65012825,0.001662679,0.0030784905
3262,1748,278.11755,0.7082028,0.49300846,0.97136813
3262,6871,52.598087,0.72444564,0.11812247,0.23265393
3263,4838,2.651867,0.66140497,0.0017758608,0.004778549
3263,3894,149.71268,0.65533996,0.29880401,0.58744055
3264,2929,5.1238823,0.66326904,0.009314947,0.018554777
3264,3280,57.6571,0.6625101,0.10638353,0.21169302
3264,3266,10.967178,0.66161984,0.021500058,0.042127937
3265,2922,18.440376,0.6596267,0.03869158,0.07466281
3265,4839,25.827145,0.66483796,0.054279327,0.10473593
3266,2928,5.9089394,0.66342497,0.0111274645,0.02214931
3266,610,40.885807,0.66242445,0.077748336,0.15422039
3266,3264,11.065063,0.6630212,0.021910787,0.043064058
3267,1032,5.874386,0.6642128,0.012144014,0.024268746
3267,1528,2.124199,0.6560065,0.0042691007,0.009600252
3268,3269,1.435791,0.0062107444,0.0064685047,0.011219084
3268,924,55.593307,0.6429428,0.13333935,0.24986388
3269,3271,17.150623,0.011518121,0.057735592,0.119503826
3269,3270,11.028061,0.6441402,0.022896789,0.04422556
3270,6583,11.837727,0.6298316,0.019935139,0.040440887
3270,3271,71.14082,0.63691324,0.13096067,0.25877577
3270,3269,8.79427,0.6330982,0.017751008,0.034843355
3271,3270,69.19057,0.63781506,0.12984543,0.2575907
3271,5377,2.6811333,0.032898337,0.009176008,0.019231796
3272,3964,2.9930344,0.7528827,0.0041030347,0.008152232
3272,3711,51.7466,0.4406495,0.1808019,0.27918
3273,5676,2.7078705,0.6550459,0.005466208,0.011739984
3273,1877,10.125278,0.6583301,0.0117648095,0.02442272
3274,3377,152.88344,0.7183455,0.27546048,0.5448124
3274,1652,73.43735,0.719339,0.13167799,0.26295936
3274,403,30.488285,0.7177958,0.057831574,0.11176178
3275,3277,1.1580772,0.64712876,0.0035160854,0.007945314
3275,3185,47.87786,0.6661788,0.088885054,0.17234628
3276,5677,59.53509,0.65300035,0.11164765,0.22068757
3277,3275,1.2497749,0.64671457,0.0035008788,0.0073689222
3277,3540,54.58463,0.658254,0.17234127,0.34118646
3278,3679,0.8294983,0.6546132,0.00289201,0.006777197
3278,6518,52.818085,0.6624198,0.1648494,0.3267973
3279,3320,84.786224,0.66434664,0.11636578,0.23214707
3279,1475,115.688416,0.66230685,0.21153975,0.41875744
3280,3264,57.423058,0.6605042,0.10764365,0.21434519
3280,3279,86.57715,0.663192,0.1203537,0.23975666
3281,3240,54.754025,0.66495955,0.11185838,0.2225347
3282,778,29.612244,0.66472745,0.059458785,0.11367244
3282,2748,43.45459,0.66472006,0.08222236,0.16289455
3282,2447,112.90945,0.6677339,0.20637727,0.40957797
3283,6072,9.144421,0.72233224,0.017963655,0.03503616
3283,7071,2.5422668,0.71995044,0.003175199,0.006277561
3283,7073,29.931278,0.7232879,0.058958035,0.114088096
3283,3284,86.806465,0.72286856,0.15425262,0.30900672
3284,3285,8.11911,0.7207105,0.015383169,0.030046672
3284,2220,212.85602,0.723456,0.37312138,0.7378188
3284,3283,87.27686,0.7222065,0.15437974,0.30886084
3285,3284,8.019543,0.7203013,0.015127137,0.029569834
3285,324,92.22066,0.72270316,0.16449097,0.32886395
3285,304,267.84665,0.7241057,0.4721687,0.9312832
3286,4523,86.40457,0.52650434,0.17579639,0.342946
3286,702,173.9599,0.53387296,0.3378963,0.6576658
3286,2184,141.49933,0.5320906,0.27436978,0.5346222
3287,3910,73.61233,0.6610122,0.1486626,0.2965297
3287,5446,18.724213,0.66900474,0.03946778,0.0763109
3288,4737,2.1582565,0.6767107,0.00431598,0.009694293
3288,4736,4.3696213,0.67917633,0.008879282,0.018311262
3289,2880,48.585625,0.6745705,0.11288805,0.22221209
3290,3334,94.1704,0.67064154,0.19241251,0.3818035
3290,978,32.079857,0.67061883,0.06478355,0.121896684
3291,2111,42.602207,0.67420524,0.08127584,0.15926743
3291,183,101.516266,0.68135214,0.18532227,0.368486
3291,5395,39.207596,0.6767528,0.07382387,0.14420538
3292,4304,97.232956,0.67523474,0.1799867,0.35723656
3293,1177,12.691053,0.61817235,0.026589066,0.052302197
3293,1176,62.307747,0.6143706,0.12925625,0.2552967
3294,5657,70.528,0.7130766,0.14189175,0.28328067
3294,4681,12.48827,0.7134398,0.024935827,0.04851681
3295,5358,3.3248749,0.7135565,0.0030306056,0.0071664304
3295,4599,55.49912,0.72051156,0.11045546,0.21920069
3296,5227,52.470894,0.72239316,0.07975894,0.15486056
3296,1659,31.490997,0.725333,0.06355318,0.123017505
3297,3174,2.1074715,0.54703903,0.005127348,0.010728106
3297,1935,46.534214,0.5428909,0.09069649,0.17500633
3298,5392,3.4630165,0.6472331,0.0051006377,0.010996819
3298,4820,27.138052,0.6512737,0.0489473,0.09562713
3299,3508,12.550009,0.6535665,0.029617231,0.0588305
3300,4450,119.98467,0.7028739,0.21876371,0.4332689
3300,1982,57.82701,0.7006305,0.10577276,0.21076144
3302,5746,2.2124062,0.691664,0.004345514,0.00924024
3302,3442,3.5161858,0.6845484,0.008049831,0.01710862
3303,7078,0.92588043,0.6424011,0.006874189,0.014326513
3303,3535,2.3912697,0.6474227,0.006903015,0.013888836
3304,5723,3.3781853,0.6600344,0.01124572,0.022422701
3304,1774,5.570896,0.65404767,0.016041629,0.031562567
3305,3534,22.14934,0.6569225,0.059917882,0.115496114
3305,3392,2.3580437,0.6478306,0.0051336363,0.009879172
3306,263,61.494156,0.64814746,0.1964347,0.3886096
3307,1979,71.83664,0.7227545,0.12949432,0.25870568
3307,74,45.426502,0.7225202,0.08406736,0.16280183
3308,3310,1.509922,0.65267265,0.004145272,0.008594066
3309,213,100.948,0.67229605,0.33079633,0.6544801
3309,214,2.304535,0.662301,0.0039320886,0.008198664
3310,3311,2.4365463,0.68797445,0.0046510473,0.00969097
3310,2977,46.86791,0.6908739,0.11828068,0.23496318
3311,2189,5.8343124,0.6912028,0.011034302,0.022254601
3311,2981,1.4966545,0.6861259,0.0042296425,0.008773014
3312,1159,70.741974,0.65863603,0.12890044,0.25792307
3312,2855,101.007706,0.66086954,0.18470632,0.3669102
3312,1157,97.501465,0.66727424,0.18014792,0.35880324
3313,3317,92.85861,0.69833523,0.16922846,0.3374664
3314,3316,63.029057,0.6986244,0.11463836,0.22835654
3315,3316,89.81293,0.7015276,0.1757763,0.34968767
3315,2844,31.476719,0.69970995,0.06520212,0.12578642
3316,3317,4.3176346,0.699497,0.008430049,0.016937315
3316,3315,89.47272,0.7035312,0.17675738,0.35174504
3316,3314,62.209488,0.70102143,0.11371518,0.22677657
3316,3342,39.152138,0.7023511,0.074118994,0.14412145
3317,3316,4.702038,0.7002941,0.008963548,0.018027097
3317,1299,176.7635,0.6987251,0.35069963,0.69322354
3317,3313,92.40036,0.6996207,0.16758364,0.33442032
3317,3343,39.493298,0.70117444,0.074566945,0.14581835
3318,1198,20.561962,0.6533424,0.05831296,0.114481784
3318,7079,21.171146,0.65326405,0.060304828,0.11836931
3319,4911,2.48423,0.6646037,0.0045915395,0.010130376
3319,3320,132.31956,0.6582216,0.25589147,0.50609046
3319,3820,34.148468,0.666347,0.06437107,0.12420648
3320,3319,132.88344,0.6607166,0.25643945,0.507196
3320,696,21.952854,0.66218925,0.03936893,0.076345466
3321,2859,22.05947,0.6551502,0.059057117,0.11511433
3322,3303,28.2555,0.6538265,0.07161487,0.13877136
3322,3306,43.55343,0.6554968,0.12977786,0.25834128
3323,7031,3.1087494,0.5495031,0.004281163,0.008982167
3323,6511,29.478825,0.5537163,0.05967748,0.11354694
3324,4024,1.7943687,0.7069811,0.002988398,0.0068133026
3324,2073,71.65475,0.7100784,0.12740278,0.2533024
3325,655,37.326565,0.72532475,0.074326925,0.1449559
3326,864,3.8923874,0.66315675,0.006978117,0.014715463
3327,1693,2.5726547,0.68771136,0.0043328777,0.007822156
3327,470,81.017006,0.68633264,0.14627974,0.29234523
3327,6404,68.8212,0.6763723,0.07986116,0.15397745
3328,728,7.263481,0.6758393,0.01471927,0.029477432
3328,453,103.61467,0.67825264,0.20762348,0.41200942
3329,371,1.9788551,0.4613148,0.0038755387,0.007961974
3329,7060,34.874023,0.44182074,0.09672183,0.18891038
3329,369,34.470985,0.4571901,0.0768604,0.14703004
3330,2168,68.04735,0.4568947,0.20780972,0.3463595
3330,5247,2.4243011,0.6777951,0.0047213063,0.009955719
3331,2659,43.79436,0.6385632,0.08387285,0.1652715
3331,2647,85.49219,0.6429744,0.1576104,0.31358728
3331,5316,105.48471,0.6360953,0.19561927,0.38653386
3331,2797,145.79236,0.64330655,0.26761252,0.5296996
3332,2584,27.535015,0.6696754,0.05706425,0.11202291
3332,362,31.811636,0.6702764,0.06463868,0.12721843
3333,4719,1.7025185,0.65458906,0.0025666207,0.0062915385
3334,6279,3.7479439,0.66386294,0.008095846,0.016734764
3334,3333,6.8590775,0.6663453,0.0075717643,0.01623492
3335,4972,7.466488,0.67135394,0.008086182,0.017083809
3335,6277,2.9105453,0.6634743,0.005599372,0.011944786
3336,353,167.47217,0.710378,0.30046833,0.5953747
3337,4022,90.92879,0.65424687,0.16899735,0.3366099
3337,1941,75.84655,0.6442383,0.13917443,0.27813366
3337,4478,100.635376,0.64910865,0.18340376,0.3640737
3338,4477,110.342316,0.63437957,0.22423682,0.44219524
3338,6613,140.66809,0.6278142,0.28847277,0.5661787
3338,2266,283.30283,0.6092211,0.52344996,1.0248387
3339,339,29.584564,0.7036804,0.0608441,0.11708182
3339,6992,7.247757,0.70551157,0.014541224,0.029136464
3340,2985,13.540531,0.7038009,0.026828773,0.051986083
3341,2850,69.44038,0.70337,0.122733854,0.24487224
3341,5416,114.74092,0.70536274,0.20824908,0.4144349
3341,1303,34.14021,0.702531,0.06595589,0.12594272
3342,2983,2.4116516,0.6997784,0.0037944391,0.0080572665
3342,3316,39.47883,0.700675,0.07358306,0.14339133
3342,1982,125.195915,0.70253164,0.22748068,0.45133227
3343,1302,2.1292343,0.6981876,0.0032906681,0.007101938
3343,1298,196.26617,0.6985029,0.349473,0.691602
3343,3317,39.742283,0.70034635,0.074529596,0.14602138
3344,4142,91.43904,0.7186318,0.08679547,0.16893674
3344,4142,64.64609,0.7181297,0.09506979,0.1855506
3344,2141,20.025328,0.7181715,0.026821077,0.052195415
3345,2575,105.645065,0.72890383,0.18939736,0.37828046
3345,1471,104.485275,0.72414,0.1889117,0.37746745
3345,1979,23.711746,0.7244687,0.04629881,0.08982482
3346,1765,16.66248,0.6729879,0.03314717,0.06412259
3346,1743,162.1799,0.6714661,0.29420355,0.5810249
3346,2967,126.44032,0.64977676,0.2327683,0.45901597
3347,3869,3.267685,0.7097461,0.005357854,0.011149868
3347,5499,62.8548,0.7168761,0.11181479,0.22081421
3348,3349,4.7208786,0.7029463,0.006881371,0.014164656
3348,1744,226.2828,0.7101122,0.3970324,0.7846047
3348,1689,5.967705,0.7056639,0.0109466165,0.021912664
3349,1689,4.3626976,0.7059021,0.008317418,0.017020449
3349,3348,5.17976,0.7044425,0.007957488,0.016077384
3349,4629,44.096756,0.7037481,0.08716283,0.17205322
3350,6461,2.2841263,0.6824486,0.003840603,0.007519841
3350,1404,39.807934,0.68848944,0.074920565,0.14616466
3350,4413,12.802076,0.68496454,0.025269099,0.049470976
3351,2884,36.260902,0.68781143,0.07046823,0.13583732
3351,3816,22.648148,0.6867121,0.052316673,0.101869754
3352,5414,4.5510025,0.70878595,0.008343242,0.016808659
3352,1653,5.3344154,0.7092872,0.009860896,0.019667089
3352,1193,48.607765,0.7087818,0.089647874,0.1774211
3353,4213,81.05101,0.7366148,0.14471012,0.28974074
3353,359,28.795605,0.73751193,0.054652553,0.10603337
3354,7,2.5920029,0.7149209,0.0039066225,0.0088626295
3354,1336,37.143284,0.7166471,0.07507223,0.14656785
3355,2353,2.9275627,0.6066962,0.0048444346,0.010133505
3355,4703,10.856419,0.61132014,0.022892624,0.0453382
3356,6591,58.770344,0.74555933,0.10541334,0.210653
3357,4262,1.8407669,0.72277904,0.002813153,0.005872488
3357,404,8.99987,0.7235674,0.018341377,0.03614877
3358,4265,3.0086632,0.7165588,0.0021246076,0.0054865927
3358,3357,14.356424,0.72097474,0.029163044,0.057247184
3359,4263,3.2020073,0.7195395,0.0024256483,0.00600563
3359,4261,28.192554,0.7234144,0.05700256,0.10981475
3360,1746,2.844757,0.7325429,0.0047217235,0.0097210705
3360,6679,9.240063,0.7321272,0.017513089,0.034233227
3360,4789,3.581829,0.734983,0.005988829,0.012143061
3360,5098,35.883884,0.73230463,0.08187051,0.16023122
3361,4755,23.10512,0.6961453,0.0516822,0.09944205
3362,356,188.16867,0.736868,0.31126955,0.61566925
3363,3364,3.2064667,0.71781695,0.005713403,0.011798039
3363,3644,7.1251984,0.71865803,0.014176488,0.028291687
3363,7042,66.152054,0.7229414,0.12309694,0.24601525
3364,3363,3.4006996,0.72227466,0.006320253,0.0127504915
3364,4869,2.748249,0.69982815,0.004403271,0.009192437
3364,6421,70.2039,0.7262709,0.1338569,0.26714098
3364,3644,4.604023,0.7206948,0.0092271045,0.018262044
3365,3366,3.190033,0.72487295,0.004610814,0.008773953
3365,4053,13.30229,0.02570793,0.06130331,0.12907752
3366,1618,2.1634674,0.7335105,0.0031703934,0.006828487
3366,6305,0.0,0.08310741,0.0069444627,0.014031082
3367,3369,1.0080833,0.48509777,0.0011514276,0.0020503849
3367,2790,22.136885,0.6909946,0.04526218,0.086931214
3368,3367,1.6607323,0.6643894,0.0027014762,0.005838841
3368,2215,27.467236,0.68846047,0.046973687,0.09021876
3369,3371,2.2446098,0.6854257,0.003709413,0.0074961185
3370,3368,2.6070747,0.68239135,0.0043598264,0.009839162
3371,2214,151.48967,0.6929031,0.28199154,0.5584352
3371,3370,1.7748604,0.6736214,0.003649354,0.008072272
3372,318,91.83832,0.7353796,0.13326907,0.26401055
3372,501,37.759453,0.7344785,0.078225404,0.1507918
3372,496,30.86002,0.7371199,0.06445984,0.12567611
3373,1700,2.2781944,0.6805961,0.003985584,0.008860543
3374,6659,45.528694,0.7000556,0.08697856,0.17003559
3374,276,75.4646,0.7036779,0.13705783,0.27402136
3374,3593,1.9855423,0.6967641,0.0032673478,0.0076021254
3375,3672,1.4936562,0.5233021,0.0069588274,0.014087945
3375,3376,4.221443,0.5249598,0.003031887,0.0067302883
3376,699,8.9841385,0.5187503,0.023490287,0.045789436
3377,3274,153.15088,0.7197092,0.27661362,0.54756105
3378,4441,1.9105568,0.5872415,0.0026355907,0.005981669
3378,2512,51.299267,0.5890834,0.097092785,0.191023
3379,1800,55.01668,0.525971,0.13812461,0.26892364
3380,6794,1.7034607,0.68833834,0.0031566098,0.0070328265
3380,3381,2.225277,0.6886688,0.0045811757,0.010101557
3381,2311,1.9730225,0.6859625,0.0031380057,0.007005632
3381,4073,39.820076,0.6896275,0.08285431,0.16162975
3382,1732,2.05196,0.6922693,0.0036280751,0.007839248
3382,6096,85.81978,0.69837767,0.20420824,0.40642846
3383,1105,1.9382744,0.69334036,0.0043751597,0.009864867
3383,3382,48.00089,0.7001199,0.09824635,0.19518378
3384,912,4.8078995,0.633498,0.009446137,0.018929407
3385,6313,2.1314926,0.6804787,0.005007662,0.01072298
3385,1025,6.853138,0.6843164,0.01556091,0.031347364
3386,2982,670.15497,0.6880796,1.2144517,2.3888562
3386,5430,191.58737,0.7197223,0.34116006,0.6746573
3386,333,85.352615,0.7286043,0.15228072,0.3052196
3387,3389,6.0135117,0.72290397,0.010839038,0.022412285
3388,3387,2.8305855,0.7004211,0.0050989836,0.011516288
3388,4123,36.27152,0.72926104,0.0691607,0.13137951
3389,332,2.8857307,0.70802623,0.0053327978,0.011626318
3389,754,76.499596,0.7231983,0.1414035,0.28140914
3390,4372,2.1436996,0.726169,0.001805827,0.004311338
3390,4122,20.512148,0.7288146,0.039599486,0.07716193
3391,2499,2.2765236,0.666334,0.0035939887,0.007546842
3391,1535,36.10927,0.17728034,0.17636767,0.37492138
3392,3303,1.0087929,0.6490865,0.007043302,0.01418215
3392,4278,5.3862724,0.65392625,0.012365542,0.025108367
3393,2499,75.892815,0.66656846,0.13628292,0.27068692
3393,3229,136.38904,0.66618574,0.24914634,0.4924978
3394,1367,203.23909,0.65321666,0.37113646,0.73252237
3394,4880,68.87052,0.64910996,0.14001416,0.2763031
3394,617,13.727058,0.6502701,0.029115334,0.056670897
3395,3016,59.82727,0.64059407,0.112767994,0.22422275
3395,3017,121.983444,0.6403045,0.22531796,0.4445535
3396,2922,45.53073,0.6595947,0.09376546,0.18568975
3396,2933,53.480225,0.6628114,0.10663008,0.21242045
3396,3641,114.00378,0.65850914,0.20943552,0.41494772
3397,6480,65.63536,0.6748884,0.117417656,0.23477983
3397,6174,4.7544823,0.67524964,0.008992314,0.01869081
3398,4283,22.36528,0.68761325,0.044857588,0.086429134
3398,7057,14.765429,0.6885061,0.029666156,0.05793295
3399,5805,12.034403,0.6835056,0.02487395,0.048696816
3399,853,68.72528,0.6823974,0.13916907,0.27760142
3400,3142,5.7080574,0.596832,0.014589831,0.029295772
3401,2970,52.47106,0.58980006,0.097979836,0.19227673
3401,77,87.786125,0.58954674,0.2786637,0.54797006
3402,196,41.545315,0.58246744,0.08558356,0.1632944
3403,390,1.9317703,0.69377875,0.0028859526,0.006332651
3403,1733,53.361958,0.69684136,0.09609056,0.18852443
3403,5649,75.08107,0.6967452,0.13524999,0.27066267
3404,5705,1.6394463,0.6921984,0.0040688887,0.009435698
3404,3411,2.8014946,0.69015485,0.004936442,0.010870129
3405,4134,21.87982,0.7246076,0.043154854,0.08390334
3405,6153,96.61531,0.7286011,0.18330331,0.3654983
3405,3158,121.56425,0.727897,0.21905324,0.4354307
3406,59,9.7595825,0.6928529,0.012836292,0.02623947
3406,58,7.7986946,0.69409424,0.013824247,0.027450606
3407,3813,1.8189316,0.6538416,0.004349105,0.00957793
3407,3408,17.662256,0.65149015,0.04069866,0.079188816
3408,99,40.649403,0.65893126,0.066716164,0.1261724
3408,3409,53.328865,0.65590227,0.126901,0.2516873
3409,6221,36.927887,0.6563836,0.08672492,0.16598998
3410,787,70.703835,0.66814566,0.13004851,0.26021522
3410,4328,161.07779,0.6615008,0.29248217,0.5782275
3410,734,80.307175,0.6715461,0.14488961,0.2892084
3411,6097,2.402031,0.69052094,0.004105009,0.008968964
3411,3403,8.811771,0.691462,0.017388202,0.0343986
3412,6331,2.4036865,0.7002567,0.0043032914,0.008477226
3412,6337,216.53465,0.69861007,0.3882638,0.76604486
3412,6330,21.614302,0.70462877,0.044990912,0.08709876
3413,4112,16.226288,0.6969386,0.03221657,0.062224165
3413,6544,2.2932396,0.69888085,0.0040527955,0.008362249
3414,2369,2.8591614,0.6592433,0.0071349964,0.014909849
3415,5789,1.3457985,0.6250936,0.0035975128,0.0077629834
3415,4976,44.80431,0.6267178,0.110906996,0.21494892
3416,1358,5.2513466,0.62422025,0.008540764,0.017637953
3416,3415,26.123308,0.6283102,0.04479249,0.08574506
3416,5571,75.155594,0.63308454,0.10706342,0.21233259
3417,6520,51.724506,0.6055347,0.13062811,0.2569926
3417,18,35.071518,0.60603404,0.113582395,0.22334193
3418,6720,1.1618652,0.66043985,0.0036597997,0.0073696524
3418,6058,50.455772,0.6664088,0.12643227,0.25080413
3419,6640,2.8621407,0.7429249,0.0047689304,0.009476572
3419,1819,9.815968,0.7456611,0.018426076,0.035808086
3420,289,1.7950478,0.7412075,0.0026704967,0.005623147
3420,668,37.270424,0.7427086,0.06931472,0.1322909
3420,6643,69.35408,0.74219906,0.13832894,0.27544576
3421,451,1.854126,0.73955446,0.002973929,0.006342083
3421,3420,53.119682,0.73890656,0.10554081,0.20947282
3422,1036,1.6448097,0.59869415,0.0020826235,0.004960701
3422,2287,94.73486,0.6076345,0.1773454,0.3505422
3422,3538,54.06452,0.5891792,0.11310307,0.22145878
3423,1228,21.051792,0.6192548,0.046491537,0.09060161
3424,3423,33.03547,0.6088089,0.042827446,0.08337673
3425,4051,2.4929314,0.6100784,0.004276879,0.008968815
3425,3424,7.3646736,0.61010563,0.0076974034,0.016725391
3426,5548,125.19286,0.61481506,0.2612222,0.5119503
3426,3825,18.27953,0.6080797,0.025336973,0.050170735
3427,3825,42.55234,0.5986841,0.050654277,0.09758164
3427,3423,54.17592,0.6166383,0.11354634,0.22272941
3428,3851,1.7302094,0.69482213,0.003991246,0.008279458
3428,3857,9.591415,0.70254457,0.020067237,0.039443478
3429,3115,4.519943,0.67962956,0.009159751,0.018514335
3429,6899,20.228836,0.6799272,0.043237794,0.08352394
3430,5226,1.5548286,0.6076705,0.0019423291,0.0046747625
3430,2600,1.8790779,0.6103273,0.0035142228,0.007843107
3431,5766,3.8127441,0.62256664,0.0069226697,0.013680413
3431,549,0.0,0.03911197,0.004926443,0.0095434785
3432,3051,107.11079,0.68320674,0.19312322,0.38457096
3432,3433,326.53113,0.6735975,0.59323287,1.1692247
3433,2400,35.58332,0.6808206,0.06913567,0.13407534
3433,6695,121.93922,0.6781249,0.22144383,0.4392755
3433,3432,325.90198,0.67162097,0.5903067,1.163054
3433,3070,119.151955,0.68355453,0.21839866,0.4326303
3434,6214,3.0205002,0.6684866,0.0029858276,0.007300645
3434,4389,8.051014,0.6713517,0.010481857,0.021828815
3435,2304,31.780771,0.5900451,0.06265978,0.12079269
3435,1217,34.13063,0.58769226,0.066750355,0.12956843
3435,1278,12.455952,0.585212,0.025102027,0.04912567
3436,3437,2.674446,0.6816317,0.004475862,0.009412453
3436,1308,40.88415,0.6821175,0.076683916,0.14976288
3437,3438,6.4635124,0.6804683,0.012491904,0.025340527
3437,3436,2.3145866,0.68124306,0.0037449896,0.00832358
3437,282,8.71603,0.6811881,0.016783282,0.03337297
3438,4938,2.8047867,0.6809946,0.00504943,0.01056011
3439,3436,8.73053,0.6837815,0.01713337,0.033937186
3439,4938,2.269329,0.68280303,0.0033133104,0.007309079
3440,3439,3.9087677,0.6820492,0.007178873,0.014758676
3440,3441,17.587152,0.6817927,0.035076316,0.068076305
3441,3440,17.435684,0.6822182,0.034839306,0.06741741
3441,5767,31.973671,0.68256027,0.06251652,0.119465485
3442,6645,3.7022896,0.6849586,0.008671299,0.017983735
3442,1292,4.235676,0.6819854,0.008290961,0.017010719
3443,2894,59.813095,0.66118413,0.14345436,0.28636137
3443,419,1.9478645,0.66302454,0.004877202,0.010741711
3444,1796,32.73022,0.45473257,0.07186352,0.13742195
3444,44,1.812664,0.4411793,0.005116932,0.009821206
3445,3446,2.81361,0.6138468,0.0023257583,0.0055585653
3445,548,83.61873,0.6172382,0.17259152,0.33880687
3446,3447,1.9659882,0.61644554,0.0037150607,0.008549288
3446,3445,2.7790031,0.6121778,0.0022381768,0.0055834204
3447,547,1.7957039,0.61248004,0.0025201738,0.0058677495
3447,5572,20.398546,0.61777806,0.04420217,0.08581165
3448,4041,8.658974,0.52154374,0.0114213675,0.023433715
3448,5755,5.2499313,0.5212484,0.010782123,0.021461725
3449,5295,1.7807999,0.6861068,0.0039016828,0.008522525
3449,2614,13.480129,0.68636805,0.02987263,0.05849552
3450,4382,77.60776,0.67170656,0.14152844,0.28330225
3450,5447,142.40549,0.66373414,0.25871623,0.51159465
3450,798,71.02575,0.66770935,0.13114314,0.26256365
3450,745,3.0472565,0.6691898,0.004823692,0.010301873
3451,1987,21.295034,0.7016584,0.042713393,0.082424015
3451,4104,6.7635117,0.6971304,0.00995452,0.020121396
3452,2021,120.02718,0.42915326,0.24877456,0.47901046
3452,4958,55.67338,0.3932479,0.11489501,0.2197234
3452,3980,52.691635,0.37840897,0.10867826,0.2104058
3453,1149,70.7763,0.6489191,0.13033053,0.25902462
3453,1459,18.06385,0.6443904,0.03685067,0.07201297
3454,3455,36.966846,0.61393905,0.09462684,0.18428935
3454,2475,49.855118,0.6134093,0.16138557,0.31823897
3455,1821,2.3316383,0.61386013,0.0034151077,0.0077979714
3455,6301,0.90496063,0.6092083,0.0032799765,0.0071951
3456,1886,5.0438614,0.62589943,0.011606663,0.023606434
3457,2989,14.86585,0.6833933,0.031068131,0.060951054
3457,2574,16.110907,0.6794014,0.032575347,0.064236164
3458,4240,2.7167282,0.67882013,0.004973173,0.010690123
3458,2180,7.8287544,0.6765986,0.015709504,0.031316325
3459,1645,19.183254,0.6917664,0.03515142,0.06907704
3459,2892,5.373287,0.6897163,0.01202032,0.02441901
3460,3459,13.194311,0.6857966,0.029530142,0.057539858
3461,6272,1.5941391,0.66524863,0.0042357743,0.009178087
3461,706,2.2080154,0.66973746,0.0024985075,0.0060642064
3462,6197,34.441547,0.45936725,0.07811521,0.14833012
3463,3146,2.36734,0.6644037,0.0036306903,0.007971659
3463,7053,10.495356,0.6690461,0.021303788,0.042580575
3464,3463,4.2450294,0.6648395,0.008341126,0.017219305
3464,5832,57.124146,0.6650872,0.105360255,0.20989351
3465,1374,37.622883,0.6632048,0.07320276,0.1438895
3465,3972,63.72447,0.6605293,0.1158222,0.22975719
3466,3467,7.359665,0.6608845,0.014402211,0.028378546
3467,3466,6.723194,0.6570703,0.0124721825,0.024747923
3467,1158,52.718468,0.65877426,0.09859122,0.19560727
3467,2183,74.2452,0.6564277,0.13684677,0.2736879
3468,5693,2.2749634,0.66405874,0.0039618015,0.008708283
3468,3469,5.772209,0.66347086,0.011285923,0.023047566
3469,3909,13.123779,0.6573342,0.027032763,0.053149343
3470,1363,2.2820396,0.6794092,0.003294982,0.007454738
3470,4295,24.526846,0.680408,0.056181278,0.10949384
3471,2743,2.1822777,0.6709951,0.0041332245,0.00865227
3471,3472,6.018875,0.6778965,0.013267353,0.027111113
3472,4357,1.9521217,0.6724595,0.0046634227,0.010299414
3473,5838,1.8496742,0.6689161,0.0017779395,0.0046599507
3473,3474,30.359303,0.67126864,0.07208157,0.14142817
3474,1769,5.194313,0.6636702,0.012669496,0.025457963
3474,5722,3.348671,0.6670997,0.007868253,0.016292632
3475,2450,14.091675,0.664917,0.028577082,0.055883467
3475,3477,7.009529,0.6665733,0.014207482,0.028739795
3476,3477,2.1688385,0.6665896,0.0036260188,0.008017257
3476,4152,26.514267,0.6679065,0.057094608,0.10926813
3477,3476,1.7851524,0.6628525,0.0024129897,0.0053958744
3477,6624,56.267235,0.67476416,0.11609069,0.23147357
3478,2057,55.723488,0.697207,0.112396784,0.2233459
3478,6922,28.398174,0.6928512,0.059756685,0.113823295
3479,3952,3.7095375,0.68928516,0.0064881966,0.0133221
3479,1730,96.45932,0.21061969,0.1785559,0.3385474
3480,891,2.1059036,0.6693237,0.0038472787,0.0085783005
3480,1182,65.26556,0.67092884,0.13033526,0.26041856
3481,5695,2.5608444,0.6629346,0.004463546,0.009809405
3481,4647,8.984409,0.669091,0.008446664,0.018298864
3482,5694,2.7579308,0.66429377,0.0054711103,0.011499211
3482,5999,7.3600845,0.66388893,0.006613247,0.0139907
3483,4107,2.3027802,0.64305955,0.0040463954,0.008702248
3483,4072,33.438564,0.64263844,0.06641449,0.13000001
3484,2161,100.15758,0.70873153,0.19911852,0.39579815
3484,2752,111.30811,0.7090927,0.22142696,0.43923402
3484,6068,8.801834,0.7059058,0.01751627,0.0345338
3485,1730,4.470188,0.68076056,0.007951923,0.0152015835
3485,6329,160.19286,0.6884807,0.20736614,0.40718246
3485,3952,60.960495,0.0,0.17175786,0.36554527
3486,5654,2.489933,0.6684474,0.009398058,0.019028395
3486,1099,35.737274,0.66427004,0.11035042,0.21742162
3487,6678,149.60397,0.05972755,1.2308413,2.5418777
3487,3281,9.843571,0.667753,0.022416465,0.043365464
3488,2447,88.151215,0.65959716,0.1614297,0.3212638
3488,3136,19.036894,0.025046855,0.10978728,0.23432896
3489,4232,73.5647,0.6655941,0.10416393,0.20651913
3490,5073,3.0988274,0.70699126,0.014713645,0.028670564
3491,7038,2.7275543,0.7185646,0.005532734,0.012074247
3491,1338,31.838436,0.72322303,0.061160572,0.11787587
3492,7037,2.0761566,0.7188975,0.003920071,0.008842871
3492,6693,16.934393,0.7231078,0.033508066,0.065801814
3493,3354,2.447876,0.71564066,0.0036841705,0.008639425
3493,7,2.0955658,0.7186986,0.0031683147,0.0069685876
3493,662,50.87932,0.71445143,0.0929536,0.18485703
3494,3495,2.276577,0.691699,0.0025513917,0.006350413
3494,3496,26.93275,0.6960242,0.062806845,0.12194838
3495,3494,2.3784828,0.6925106,0.0028934255,0.006994784
3495,5039,18.00514,0.6950655,0.040160067,0.07832812
3496,3497,1.9554558,0.6946535,0.0019757599,0.005211383
3496,3498,15.115458,0.69457287,0.033931468,0.0664061
3497,3496,2.0169258,0.6944791,0.0019350871,0.0053199083
3497,5606,10.895578,0.6950247,0.02465687,0.04886204
3498,3499,1.8784981,0.6951021,0.0016228929,0.0046417564
3498,5042,36.46848,0.6964459,0.082804576,0.16357867
3499,3498,2.0905037,0.6961077,0.002124086,0.005528748
3499,3497,15.15901,0.6970767,0.03389597,0.066327244
3500,899,52.127666,0.6283561,0.098990016,0.19565731
3500,4893,36.25231,0.63261783,0.070737995,0.13814288
3500,3769,64.85438,0.6296307,0.119912796,0.23857585
3501,910,26.969873,0.6341015,0.058365095,0.11194265
3501,3769,2.0881538,0.6280477,0.0033668205,0.0071506053
3502,4894,2.746441,0.63286716,0.0011156574,0.0039329827
3502,5791,22.64266,0.63284487,0.048891257,0.09508235
3503,299,53.22294,0.6800725,0.10067405,0.20006475
3503,5076,24.940687,0.6823555,0.050247602,0.09665787
3504,3414,10.217937,0.6555815,0.023481943,0.046221018
3505,3504,7.986355,0.6614919,0.01920043,0.038401455
3505,2493,2.9746742,0.66136515,0.008158594,0.01699324
3506,5859,3.8106117,0.6896654,0.0058473796,0.012148544
3506,6439,13.832859,0.6855055,0.03100738,0.061235026
3507,3505,18.01135,0.6572212,0.043947365,0.08628962
3508,1035,33.391808,0.65178,0.07191188,0.14133252
3509,5988,2.5624352,0.61303526,0.00462649,0.009755805
3509,2354,33.66822,0.61216986,0.07258695,0.14195518
3510,2675,1.9928856,0.66462076,0.0032652542,0.0076215863
3510,6665,47.21271,0.6754959,0.095740795,0.18839614
3511,5752,3.6332893,0.5179689,0.0069815814,0.013834417
3511,5753,12.449413,0.51890796,0.016410634,0.032704234
3511,2334,33.7919,0.5173458,0.06812615,0.13213839
3512,2193,1.786911,0.6458072,0.0031223297,0.0073288977
3512,4752,97.28644,0.66428155,0.19712707,0.38928384
3513,2096,2.4114723,0.71065485,0.0042583346,0.008929446
3513,354,20.094856,0.71492916,0.040335454,0.077790454
3514,2746,113.61435,0.667788,0.20594692,0.4086877
3514,3230,23.15867,0.6691673,0.04516509,0.08628435
3514,3515,105.72661,0.66803133,0.18982221,0.37775782
3515,7052,1.581337,0.66260993,0.002039969,0.0051384717
3515,6782,25.40629,0.66989005,0.051756162,0.09883139
3515,3514,104.0703,0.66583514,0.18975607,0.3771418
3516,3518,2.167595,0.6537603,0.0032981709,0.007524386
3516,1270,8.763798,0.6533535,0.017250374,0.034467846
3517,1269,36.17851,0.6554204,0.07081099,0.13889264
3517,1248,2.5198402,0.6537208,0.0039345995,0.008646682
3518,3517,2.7429886,0.6538764,0.0047363266,0.010491639
3519,4689,44.850582,0.67054206,0.1210721,0.23847058
3520,2902,3.1741943,0.68055433,0.0074555352,0.015543118
3520,6533,29.26681,0.6810721,0.071620844,0.14035358
3521,785,65.0253,0.6666157,0.11979977,0.23863435
3521,4037,19.514706,0.070479214,0.049340528,0.09944522
3522,2532,51.33702,0.6654571,0.12273548,0.24230355
3522,1162,51.034946,0.66486514,0.16005945,0.31613144
3523,5510,63.069016,0.5163446,0.12195017,0.2384182
3523,6729,67.76278,0.5162175,0.13156103,0.2572554
3524,3462,6.7840004,0.4729038,0.01569765,0.030820355
3524,4121,1.5599556,0.4754574,0.005426109,0.010790125
3525,294,3.0231209,0.7433585,0.0018315092,0.004691437
3525,3526,13.987368,0.74257815,0.028017662,0.05519373
3526,4332,2.8196678,0.7434907,0.0015631765,0.0039745867
3526,6033,28.156557,0.746835,0.0561679,0.10846203
3527,2634,5.6882515,0.7487501,0.0097002685,0.02020213
3527,4787,1.9127083,0.44329312,0.0035621747,0.00045990944
3528,3614,0.42264175,0.7408229,0.008416861,0.017049998
3528,3248,71.66809,0.7435202,0.21358019,0.4250372
3529,3530,2.0987663,0.51996243,0.0031554624,0.0061591268
3529,3634,54.856873,0.49590412,0.14017987,0.2735287
3530,6362,0.848053,0.19726586,0.0020039156,0.004227966
3531,5377,2.4821968,0.61179024,0.005872406,0.013025954
3531,6583,11.42523,0.002366662,0.039126363,0.07787139
3532,924,2.1918182,0.06439555,0.0053983256,0.011522979
3533,5854,2.9226532,0.09205952,0.008670926,0.017932713
3533,4528,167.61888,0.67205244,0.33253536,0.65560687
3533,4377,136.3961,0.67050195,0.24707204,0.48876882
3534,5670,56.13845,0.6593779,0.17279103,0.34251466
3535,3305,1.1162529,0.6422805,0.006812632,0.013409615
3536,4278,3.8412018,0.6461392,0.010294385,0.0212055
3536,3392,6.237545,0.64204407,0.01722765,0.033707142
3537,2624,1.913826,0.5501779,0.0044368654,0.009173706
3537,200,17.006348,0.5586661,0.040229466,0.07810974
3538,2302,2.0017014,0.5762156,0.0026946366,0.0060039014
3538,6208,19.630033,0.5717189,0.042690445,0.082516685
3538,200,79.8947,0.565671,0.15249398,0.29960525
3539,1925,2.1507149,0.5844628,0.0036991388,0.008149222
3539,6681,27.968138,0.5807967,0.06010393,0.115455635
3540,3876,28.366047,0.66518646,0.0816176,0.16118626
3541,4149,2.065731,0.66577774,0.005250953,0.011102259
3541,6824,26.898354,0.66632307,0.07481533,0.14619085
3542,6590,31.837427,0.0139911175,0.16896945,0.36033243
3542,3543,179.56703,0.64587325,1.4424586,2.8538532
3544,5789,2.7159615,0.62016624,0.00913015,0.017500803
3545,597,75.11565,0.6583272,0.13599859,0.2714981
3545,5615,16.601357,0.6574629,0.033490803,0.06518256
3545,3546,11.263996,0.657048,0.02219183,0.04354447
3546,3545,10.992346,0.65947646,0.021818817,0.042945758
3546,6987,81.25725,0.6594581,0.14853886,0.29614982
3547,3832,2.4276428,0.6591139,0.003980048,0.008884624
3547,1815,14.113852,0.6608201,0.02821602,0.055313073
3548,550,1.0829468,0.36878633,0.0015610531,0.0036987811
3548,3549,1.9886742,0.39892417,0.002583474,0.0052325428
3549,1721,1.9296913,0.62734604,0.0033805147,0.006837651
3549,1741,54.347977,0.62097967,0.1415106,0.28065175
3550,1366,90.63592,0.6870153,0.16522864,0.33011425
3550,1365,67.890884,0.68786883,0.12275323,0.2458714
3550,852,35.398026,0.6870616,0.0685961,0.13313392
3551,3177,111.97362,0.6144549,0.20841038,0.4109013
3551,6894,177.17892,0.61354625,0.32996398,0.6497945
3552,3553,89.083145,0.43048203,0.18281281,0.3513233
3552,3554,64.639275,0.39194626,0.13566554,0.26258832
3553,6124,2.1632385,0.46444994,0.0035435483,0.007781476
3553,2045,34.007156,0.12430355,0.10675598,0.22392435
3553,3552,88.59503,0.43092287,0.18231937,0.35078079
3554,2423,67.23758,0.39294595,0.14197323,0.2758832
3554,3552,64.66962,0.39205912,0.13548721,0.26216996
3555,3558,21.739826,0.72267115,0.04436074,0.08663407
3556,6142,1.36837,0.48507398,0.0018777326,0.004109785
3556,4624,43.28119,0.71979797,0.079663076,0.15528032
3557,4624,2.1088982,0.718405,0.0030547008,0.006688267
3557,3556,40.2417,0.7180674,0.07976514,0.1575903
3558,6143,29.107452,0.003707707,0.099100605,0.2135981
3558,3555,21.033806,0.72895086,0.043374162,0.08375671
3559,3644,161.82639,0.72345364,0.31880888,0.6307099
3559,1661,70.21956,0.7222998,0.13874614,0.27702945
3559,2139,166.01743,0.7179581,0.29388267,0.5814333
3560,4453,2.2845993,0.70264006,0.0021745637,0.004980162
3560,348,45.478928,0.7011707,0.092249416,0.18150544
3561,2160,127.61966,0.7174711,0.23273388,0.46068418
3562,940,1.8200951,0.65673685,0.002504781,0.0057749897
3562,1259,65.52475,0.65954244,0.12048283,0.24096823
3562,6113,128.50723,0.64141285,0.26654297,0.52515846
3563,1206,2.2180748,0.62387913,0.0034796596,0.0077783614
3563,962,115.448746,0.62561333,0.21425201,0.4228167
3563,6112,13.248003,0.62509185,0.02806098,0.054999396
3564,1255,2.123989,0.5672294,0.0034410805,0.00731045
3564,1839,54.710938,0.5753895,0.10518206,0.20659071
3564,3565,42.795597,0.5778095,0.0891682,0.17283998
3565,2207,66.46515,0.5827732,0.12533699,0.24686214
3565,6295,13.668165,0.5863779,0.029574793,0.057915032
3566,1218,2.165779,0.5889286,0.003712535,0.008004189
3566,6700,30.419167,0.5960835,0.0643861,0.123276055
3566,2310,34.80526,0.59394723,0.06808352,0.1324598
3568,3567,5.012409,0.6863588,0.0052520707,0.011768967
3568,3569,8.462612,0.68465877,0.009346448,0.019957379
3569,1986,109.18542,0.6970255,0.22175846,0.43736666
3570,3571,3.678772,0.69171387,0.0051433966,0.010923654
3570,5170,16.717354,0.69012153,0.033185974,0.064617656
3571,3570,3.596077,0.6914337,0.004891239,0.01049079
3571,2731,20.103357,0.6915739,0.040271986,0.07766689
3572,2999,2.2323265,0.5132456,0.0036360621,0.007400021
3572,2919,47.588253,0.50588816,0.11928652,0.23300512
3573,3814,7.6990128,0.6409683,0.0075917393,0.01539129
3573,2969,34.932056,0.6347538,0.05620668,0.10741794
3574,608,28.57544,0.6613629,0.057132233,0.11023999
3574,4652,28.561234,0.66321677,0.056942128,0.10941853
3574,3575,133.67743,0.66465,0.10700441,0.21383356
3575,3574,134.59299,0.659844,0.10532854,0.21037963
3575,5796,77.12152,0.66522044,0.14047576,0.28025436
3576,5475,2.0900917,0.68095744,0.0018136352,0.004530713
3576,1376,189.27968,0.68938637,0.34143218,0.6774228
3576,5059,22.327919,0.6850086,0.044924773,0.08543647
3577,577,18.574545,0.60281634,0.042987786,0.0836666
3578,6299,20.810917,0.59858143,0.048517663,0.09358204
3578,3577,30.514042,0.5987364,0.07477896,0.146929
3579,1915,37.991318,0.60050005,0.093384564,0.18217818
3580,5729,2.0963554,0.6838534,0.005494401,0.012009829
3580,5730,1.9667969,0.68711233,0.00512366,0.011353776
3581,2543,5.859394,0.67883384,0.013650514,0.027344704
3582,5731,4.109543,0.6842026,0.0076933727,0.015839279
3582,2380,13.535303,0.6813999,0.023650177,0.04668042
3583,3582,2.78154,0.680936,0.0042468235,0.009346664
3583,5394,73.48456,0.6774735,0.13349518,0.26712486
3584,1086,9.907158,0.6753336,0.020054206,0.039796844
3584,1085,2.4679413,0.67519456,0.004486136,0.010012925
3585,5840,15.658016,0.67440903,0.035051964,0.06820844
3585,5841,2.3115044,0.67265666,0.0027904287,0.0066260844
3586,915,10.831224,0.6388164,0.021497749,0.04235737
3586,4242,2.500229,0.6394144,0.004059069,0.008906603
3587,3179,25.346893,0.6435208,0.05230203,0.10082943
3587,5544,5.717781,0.6433303,0.010644548,0.021419972
3588,1055,1.9656525,0.6884955,0.0034867823,0.007966116
3588,2291,43.744247,0.6912693,0.08262964,0.16061112
3588,186,35.03245,0.6894663,0.07184376,0.13916504
3589,2405,66.74678,0.58107555,0.12752728,0.25081313
3589,2404,3.9049873,0.584385,0.006824933,0.014031664
3590,277,1.9759598,0.6978657,0.0034666136,0.0070701838
3590,6722,110.9555,0.7077277,0.22309998,0.44151986
3591,258,1.9664345,0.6901806,0.004739672,0.010564297
3592,276,1.9972534,0.69875497,0.0029650629,0.006491199
3592,1332,60.53482,0.7026823,0.10860664,0.21655555
3592,3593,76.15018,0.6987113,0.13744813,0.27505806
3593,3374,2.2450294,0.6986103,0.0037909895,0.00854899
3593,6138,36.787548,0.6999751,0.07059548,0.1370741
3594,3591,2.1478233,0.69480586,0.0039937943,0.00823842
3594,4982,52.22392,0.6973511,0.12361619,0.24694872
3595,504,2.608326,0.6927871,0.0018042624,0.004700944
3595,6654,22.454155,0.6951386,0.04775912,0.09182374
3596,5856,1.9324951,0.6942511,0.0049738437,0.011119589
3596,5609,37.61143,0.69113266,0.091799326,0.1801648
3597,2749,1.7751236,0.689489,0.0037526935,0.008126229
3597,186,82.161255,0.6920959,0.16771688,0.33389896
3598,2171,57.56931,0.6713025,0.13390158,0.26617303
3599,362,0.320076,0.04027617,0.0049454942,0.010998219
3600,2856,2.6762009,0.66567016,0.0047212467,0.010667875
3600,945,51.010166,0.6677284,0.09860064,0.19442844
3601,2992,212.65982,0.6630223,0.3893213,0.767812
3601,1495,36.618675,0.66225487,0.07009543,0.13667704
3601,3226,16.129013,0.6603139,0.03239558,0.06297217
3602,5730,3.5702515,0.6839222,0.0061339885,0.013006538
3602,5733,4.8684616,0.6852655,0.009285852,0.019233793
3603,67,2.41222,0.6867977,0.0041381046,0.009323359
3604,3603,8.248398,0.6919007,0.008437365,0.018187344
3604,3606,3.2895203,0.689366,0.006169297,0.012841508
3605,3567,10.980932,0.6909964,0.01617165,0.03290154
3605,5188,5.045746,0.69223046,0.010229886,0.020382062
3606,5188,2.0906181,0.68697417,0.0030752718,0.0068341047
3606,3603,4.231285,0.68998146,0.008050546,0.016932026
3607,3606,1.9940567,0.6856066,0.004035823,0.008953676
3607,2488,3.6945992,0.6921648,0.00610137,0.013089582
3608,2403,97.48678,0.5977458,0.20487496,0.40209788
3608,3178,211.73776,0.59373456,0.43854934,0.85854834
3608,1502,359.0999,0.58328676,0.6774555,1.3293033
3609,2229,1.8895493,0.49065503,0.0030578077,0.006460756
3609,1208,1.7739677,0.48993912,0.0027202442,0.0057237893
3609,1209,44.57853,0.50210804,0.08786866,0.17131728
3610,527,23.338255,0.4253098,0.05131787,0.09718564
3610,3612,25.548449,0.4335608,0.058652923,0.11079523
3610,4958,33.838997,0.40823984,0.07781439,0.14823155
3611,2021,1.7991219,0.4494496,0.0025360137,0.005018607
3611,4000,36.50933,0.463251,0.0813386,0.15666465
3612,2589,1.709095,0.44123095,0.002614215,0.005518809
3612,3611,8.093266,0.44644603,0.018125668,0.035006523
3612,2026,24.969002,0.44383693,0.054142658,0.10250117
3613,761,39.86074,0.6884054,0.07571766,0.14666064
3613,3007,36.489433,0.68901,0.0840329,0.16458334
3613,1080,25.92329,0.688555,0.05148104,0.099955305
3614,5300,3.8204498,0.74068505,0.0072683766,0.014862701
3614,3528,0.0,0.7337949,0.0065398663,0.013190076
3614,6557,9.540768,0.7439287,0.03272485,0.0656075
3615,1359,1.8497009,0.6319262,0.0028582215,0.0061157346
3615,929,23.385218,0.6374131,0.048204124,0.09303238
3615,6552,9.521469,0.6350091,0.018656291,0.036870077
3616,929,60.423645,0.63498455,0.1133019,0.2246044
3616,3615,8.768421,0.6370817,0.017126888,0.034128845
3617,3224,103.68966,0.6637821,0.19044186,0.3781306
3617,4824,133.9826,0.66040605,0.24478754,0.48436433
3617,1947,175.50249,0.66102356,0.3243412,0.640002
3618,3619,3.3542404,0.6626011,0.0018156841,0.004894659
3618,1327,49.589367,0.6582583,0.09433773,0.1865083
3619,3620,22.61435,0.66659975,0.04870587,0.0930695
3620,5459,2.0846481,0.6625305,0.0030636564,0.0069124997
3620,1328,32.44019,0.6599678,0.06461517,0.12444654
3620,5450,33.40998,0.6617565,0.070211,0.13720544
3621,472,1.9504585,0.66452944,0.0039928555,0.0087699
3621,3623,19.15774,0.66646546,0.04038318,0.07814598
3622,3621,1.9595795,0.664506,0.003578119,0.007707581
3622,1325,64.79703,0.66223943,0.13158679,0.2628256
3623,4931,54.333954,0.66440254,0.05713077,0.10718999
3623,3619,66.188805,0.66040164,0.13615796,0.27046
3624,178,26.274067,0.66437554,0.032517068,0.06279063
3624,6515,66.40047,0.660393,0.1351299,0.26739687
3625,2428,4.6970215,0.54867494,0.0088245645,0.018149614
3625,2425,115.45888,0.5489869,0.22117156,0.43304616
3625,3685,7.840622,0.55023956,0.015548229,0.031209126
3626,291,210.93222,0.6751146,0.38377228,0.7581127
3627,3953,2.165863,0.12640521,0.0022571683,0.0061910897
3627,1975,62.036804,0.15275827,0.15214892,0.3019536
3627,1904,75.10379,0.32400215,0.21282804,0.4088316
3628,3832,140.99286,0.65634096,0.2545346,0.50451034
3629,5751,1.9219933,0.5179817,0.0034491122,0.0072751045
3629,2299,42.332016,0.5250516,0.08626361,0.16538903
3630,3632,53.55139,0.008335829,0.17439416,0.37588546
3631,661,220.72336,0.7192135,0.40105397,0.78886676
3631,5891,48.073837,0.0215908,0.26597315,0.57559186
3632,5008,3.1926613,0.70688194,0.0061193258,0.0116095245
3632,3631,5.03487,0.038526922,0.026757896,0.05479838
3633,1362,15.702925,0.6803658,0.031420764,0.06096632
3633,1082,10.727207,0.68169266,0.021709293,0.042855278
3633,1373,25.360718,0.6833081,0.052920267,0.10164759
3634,3635,2.2167206,0.45617113,0.0029707476,0.0061764866
3634,2968,51.68535,0.40333378,0.13279781,0.25683138
3635,3634,2.4932022,0.45513648,0.003662698,0.007487282
3635,3530,55.38703,0.4978026,0.14098677,0.27441564
3636,1999,150.86552,0.46902448,0.30617717,0.5925175
3636,3635,22.347227,0.4396507,0.054090522,0.10414769
3637,754,1.8246307,0.72322536,0.0025384128,0.0052942187
3637,332,82.4608,0.7212026,0.14651132,0.29388872
3638,3639,1.3486519,0.7206719,0.001802139,0.004247248
3638,3640,2.581398,0.7228791,0.0040603206,0.008922905
3639,3638,1.5009727,0.7219999,0.0022000894,0.0047570765
3639,3637,14.763813,0.725103,0.028764136,0.055359706
3640,3639,2.8376083,0.72135097,0.0044187084,0.009611666
3640,334,11.891808,0.72348416,0.02315171,0.04451257
3641,5121,35.506332,0.66055506,0.06879795,0.13429968
3641,3396,114.93167,0.65995157,0.2104173,0.4167676
3641,2933,110.20315,0.6606015,0.20261098,0.4021362
3642,3643,125.12486,0.71111,0.22560036,0.44789106
3642,402,289.41107,0.7097524,0.550358,1.0837591
3643,3642,123.006874,0.71048063,0.22223938,0.44137663
3643,1723,47.796722,0.70901537,0.08806245,0.17151915
3643,4575,66.74763,0.7087835,0.11997853,0.23922908
3644,3559,161.43942,0.72352713,0.31677756,0.6265968
3644,3364,3.9074402,0.72093135,0.007496208,0.015325218
3645,3646,4.759632,0.64662164,0.0083067715,0.016948298
3645,1069,31.022043,0.64802253,0.06385709,0.12189797
3646,3647,0.24050522,0.11326453,0.0018363595,0.003471911
3647,3648,1.7162704,0.6426558,0.0048959255,0.0106149465
3647,1957,78.01776,0.64463896,0.19634417,0.3891325
3648,3651,2.2786179,0.6442082,0.0055618063,0.011966735
3649,3645,5.439533,0.6487422,0.009681307,0.020038918
3649,3646,2.2537003,0.6464776,0.00480175,0.009954289
3650,3649,1.7286453,0.6477183,0.005206391,0.010923341
3651,3650,0.3635292,0.12446961,0.0018817782,0.0029325336
3651,4180,25.15551,0.6453833,0.0582787,0.11177157
3652,6652,1.8163719,0.718791,0.0042325184,0.008771941
3652,6147,67.5451,0.7152031,0.120471574,0.24053836
3653,479,32.933197,0.71351063,0.06297968,0.12011573
3653,673,1.973278,0.71607304,0.0029364303,0.005956322
3653,3654,31.349926,0.7174289,0.05944933,0.11444848
3654,468,32.921387,0.71301675,0.06329855,0.12106617
3654,467,2.1185493,0.7148793,0.0031452328,0.0066619664
3654,7029,26.183033,0.7159262,0.050598253,0.098026164
3655,146,1.9287415,0.70755464,0.002730444,0.0063589066
3655,3842,26.53547,0.71301997,0.052642234,0.10210209
3656,638,2.8054276,0.6563571,0.0046564788,0.009936556
3656,3260,72.04952,0.6562679,0.12902085,0.2582542
3656,640,62.50202,0.65664846,0.11598756,0.23138738
3657,6413,2.2984657,0.73655903,0.0035290942,0.007807046
3657,5090,52.330944,0.73933935,0.102884375,0.20561469
3658,6414,2.131771,0.7370455,0.004016176,0.008573025
3658,509,35.23229,0.74129504,0.06932595,0.13310276
3659,1805,3.4436798,0.6612501,0.002719812,0.0068548024
3659,3216,23.93277,0.6539886,0.109750465,0.22060797
3660,513,1.6711426,0.42398843,0.0061583817,0.006512314
3660,6231,12.489695,0.44273722,0.037634227,0.05815789
3661,5704,2.346939,0.6888583,0.00429184,0.009293437
3661,3662,19.1692,0.6904161,0.039390173,0.0761199
3661,3705,39.961243,0.6923424,0.093125395,0.18418752
3662,3661,19.249846,0.68812805,0.03945574,0.076021396
3662,6338,21.599577,0.6892456,0.04506631,0.08677293
3662,6595,141.1859,0.6787369,0.2832092,0.5599948
3663,1842,72.35562,0.5992831,0.1505166,0.29740536
3663,4154,3.8146133,0.6051468,0.0078036413,0.015947968
3664,1215,27.72042,0.5885595,0.05613603,0.10726253
3664,2304,26.551464,0.5916796,0.05418052,0.103207074
3664,1930,32.246033,0.5912808,0.056315374,0.10661369
3665,2610,13.505457,0.6854418,0.02677194,0.052295193
3665,3666,2.7136803,0.6853206,0.0031382442,0.0072515756
3666,3665,2.7867317,0.6842757,0.0033540875,0.007453069
3666,1282,14.051191,0.68329114,0.025294065,0.05003506
3667,880,98.28659,0.6591839,0.18156514,0.36153817
3667,6589,180.53362,0.65863574,0.33122647,0.65478116
3667,4136,149.89722,0.6596216,0.27529216,0.5438004
3668,3955,1.8112869,0.6632213,0.0025785938,0.006107375
3668,2990,301.583,0.6549952,0.5497569,1.0816139
3668,1285,54.57451,0.66739774,0.13148957,0.26310986
3669,867,69.93783,0.66270447,0.12850034,0.25718737
3669,5683,4.866665,0.6642788,0.008941121,0.017907932
3670,2218,2.0955544,0.4394137,0.00229045,0.0
3670,2585,74.47021,0.4500235,0.22604957,0.3574867
3670,4368,81.39467,0.74735105,0.16253492,0.32429093
3671,5054,10.307625,0.6085575,0.020257086,0.039960295
3671,5979,86.44751,0.59727466,0.2185328,0.4288544
3672,1893,27.63223,0.51729554,0.08106446,0.15871592
3673,3376,0.79222107,0.51208395,0.0047770664,0.009702146
3673,3672,4.3585625,0.51609755,0.0043026805,0.009673402
3674,4220,23.12738,0.5172119,0.06912443,0.1329397
3674,5183,26.614523,0.51041836,0.054449055,0.105646215
3675,1372,102.050766,0.7092647,0.18359745,0.36661384
3675,267,2.546444,0.7089596,0.004160844,0.008872777
3676,1368,6.241585,0.6884833,0.012423441,0.024655744
3676,5189,9.932556,0.68822175,0.021633938,0.042620927
3677,434,3.1631317,0.6920954,0.007647626,0.016285345
3678,1401,59.291283,0.68223923,0.13669579,0.272866
3678,5321,9.534996,0.6826704,0.021391086,0.04237242
3679,3278,0.87913895,0.63751614,0.0031333938,0.0071147084
3679,3184,44.28662,0.6659827,0.08175521,0.15872958
3680,557,1.8448792,0.65372354,0.003177978,0.007144749
3680,3679,60.026672,0.66283214,0.110297084,0.21922003
3681,1138,2.105507,0.69206893,0.003611803,0.008098826
3681,1139,91.883095,0.69561315,0.18253604,0.3640104
3681,4335,105.99538,0.698882,0.3243706,0.64495265
3682,4584,0.60294724,0.026877046,0.00052052736,0.00050087273
3682,7030,5.0587234,0.55086696,0.010437302,0.021194309
3682,2888,35.57117,0.5558669,0.078522496,0.1494213
3683,3763,167.77698,0.7344088,0.29320896,0.5798224
3683,6757,5.682789,0.7337538,0.010304175,0.02082184
3684,6413,52.312943,0.74036545,0.10187824,0.20422176
3685,572,1.6494026,0.5501556,0.0021637976,0.0049123913
3685,3973,59.923454,0.55023944,0.15306649,0.29795575
3685,3625,8.1988945,0.5502405,0.016320907,0.032683283
3686,2427,10.576412,0.5507896,0.021724693,0.042662695
3686,3685,28.12988,0.553055,0.069513544,0.13489956
3687,2424,1.6898804,0.553364,0.0021128878,0.0047814697
3687,574,74.12407,0.5476087,0.14371264,0.2815327
3687,3686,59.080048,0.5510919,0.15180276,0.29606685
3688,2426,1.9127312,0.55169845,0.0026356652,0.005884424
3688,2391,95.76596,0.549176,0.18407166,0.3603723
3688,3687,27.745054,0.55632186,0.06836341,0.13179184
3689,533,1.4293861,0.5525692,0.0025169477,0.0059729964
3689,4841,17.506521,0.5570359,0.040849876,0.07934229
3690,1553,1.7829857,0.55283266,0.0025176927,0.0054630935
3690,3689,18.255442,0.55721503,0.043205652,0.08358339
3691,2550,2.4628525,0.5381368,0.004187703,0.008944184
3691,5806,80.55003,0.5427097,0.21280536,0.4142788
3692,2564,70.6682,0.53075016,0.18458974,0.35845822
3693,2563,1.930996,0.47755614,0.0054402202,0.010900959
3694,5892,66.69585,0.37440187,0.19882637,0.38228008
3695,3694,36.014206,0.37264892,0.09540554,0.1787797
3695,4815,15.336456,0.37603432,0.037157007,0.07119301
3696,4038,1.887886,0.38695973,0.0034712404,0.0070626587
3696,3695,17.142897,0.384938,0.04279546,0.08195077
3696,1233,53.874767,0.37081972,0.111312136,0.21319045
3697,2283,47.44329,0.38427347,0.09852615,0.18761666
3697,3696,21.572735,0.39093345,0.05479723,0.104649335
3698,6740,2.78302,0.4840497,0.007886216,0.01577288
3698,6836,2.4467812,0.48089567,0.004136719,0.008122042
3699,2546,1.3380089,0.4743984,0.0045730546,0.009518817
3699,2549,16.218534,0.4769924,0.033791926,0.06549791
3700,5547,0.499691,0.06297606,0.0013030246,0.0018030107
3700,5106,107.796906,0.6272222,0.2015113,0.39784414
3701,5067,1.7006264,0.60283965,0.0021333098,0.0050332993
3701,1224,125.74485,0.6226084,0.23257864,0.45927924
3701,3700,27.088673,0.6151494,0.06099763,0.1174283
3702,1224,123.71001,0.62037414,0.2504733,0.49289864
3702,3701,34.51078,0.6073356,0.073651806,0.1440812
3703,3122,1.5355606,0.6317604,0.0038103238,0.008255601
3704,2109,2.2410736,0.69057214,0.0025419816,0.005997345
3704,5638,17.886063,0.69228065,0.04017614,0.0785507
3705,4990,2.2962532,0.68986285,0.0036680251,0.008093655
3705,2110,66.235664,0.69205093,0.11900889,0.23786944
3705,4238,33.395874,0.69435436,0.07637201,0.151312
3706,1802,1.9662132,0.68958724,0.0029374287,0.006538689
3706,3704,65.37903,0.69397223,0.1539826,0.30756193
3707,4204,2.679161,0.6803957,0.0033631176,0.007801175
3707,3706,57.16373,0.69525635,0.13120104,0.261813
3708,3112,67.86401,0.6751666,0.2053074,0.406434
3709,1873,2.3464622,0.74987733,0.005256869,0.010230973
3709,6205,64.85025,0.44653755,0.21903384,0.350189
3710,3711,2.5985336,0.74963075,0.005757861,0.011539519
3710,3964,48.08496,0.44863644,0.16629717,0.25482553
3711,3709,0.0,0.43976504,0.0019242689,0.0
3711,5011,62.0061,0.7508587,0.14284466,0.28367826
3712,5093,1.7503548,0.68648267,0.0036108792,0.008066595
3712,5187,13.862478,0.6903136,0.027621523,0.05385746
3713,3712,1.9526863,0.6908318,0.0031600595,0.0071195513
3713,3718,36.935463,0.6937111,0.07744388,0.1505517
3714,3716,9.477257,0.6908362,0.019495353,0.03894645
3714,3715,2.5404701,0.69131035,0.0016453043,0.0046844184
3715,3714,2.4193077,0.6909371,0.0015029013,0.004406899
3715,3719,12.896769,0.69208074,0.026702806,0.0524458
3716,3717,2.7225647,0.6922009,0.0019827783,0.005387306
3716,384,15.753368,0.69450283,0.032820586,0.06425995
3717,3716,2.947979,0.6889687,0.0026070029,0.006544426
3717,3715,9.514626,0.6903398,0.019535922,0.03867349
3718,3719,2.3671188,0.6917225,0.0012151748,0.0037572384
3718,3714,11.268909,0.6909692,0.023374148,0.04619819
3719,3718,2.4654884,0.6914762,0.0015049353,0.0042574853
3719,3712,37.22839,0.69324183,0.07765913,0.15211844
3720,2027,1.7248955,0.5389562,0.0024962947,0.0054340363
3720,2456,47.008312,0.538948,0.090620644,0.17796241
3720,3723,38.724773,0.54063416,0.09689866,0.18988946
3721,5399,5.8537636,0.5194565,0.012975164,0.025618002
3721,5399,1.8783302,0.5190812,0.00260818,0.0056882054
3721,2053,43.52284,0.5187093,0.0850468,0.16670239
3722,2030,40.38389,0.5165522,0.080161095,0.15615168
3722,5749,4.1568146,0.52265656,0.007882677,0.015817627
3723,6161,1.7532272,0.5330978,0.0038408116,0.008188739
3723,9,1.2682571,0.5339642,0.004068814,0.008403689
3724,3723,1.4601631,0.5372633,0.0032583997,0.007027298
3724,2027,45.315285,0.5386646,0.097616985,0.18979266
3725,1852,1.6442375,0.5316942,0.002064921,0.004508257
3725,2328,69.351585,0.5387582,0.13279101,0.25946522
3725,3724,40.143135,0.5356739,0.08551308,0.1655986
3726,2330,1.3942375,0.5273023,0.001932852,0.004242152
3726,2328,45.16715,0.53430915,0.08691737,0.16970184
3726,3725,41.373405,0.53050953,0.086938664,0.16863926
3727,16,1.6416817,0.52715486,0.0021985546,0.0048299283
3727,3726,13.940561,0.5298108,0.030348122,0.05939
3728,3727,25.144255,0.52503633,0.055366315,0.105346575
3729,2029,1.612175,0.53067905,0.0019810572,0.004604876
3729,2049,122.051025,0.5011792,0.24332798,0.47247082
3729,6006,24.867731,0.529069,0.06105882,0.1176793
3730,2041,1.6682053,0.5314674,0.002291523,0.0051615536
3730,4550,133.61337,0.50049436,0.26577857,0.5156869
3730,3729,35.645084,0.53102565,0.08990487,0.1753039
3731,4547,1.2704811,0.542378,0.0026794598,0.0057153255
3731,3730,149.44766,0.54132885,0.3899307,0.7645239
3732,2505,2.4867897,0.54148936,0.005408615,0.011603311
3732,3731,1.0470581,0.5388559,0.0035626963,0.0076779276
3733,6067,1.1187363,0.561878,0.0039064884,0.008295774
3734,531,112.23098,0.5954794,0.21172717,0.41746423
3734,2144,42.63308,0.60283715,0.081791416,0.16096015
3734,3735,22.12427,0.6070303,0.050789103,0.097733594
3734,6520,7.9097786,0.6064608,0.015959993,0.032197163
3735,3734,22.323406,0.6064235,0.051380057,0.09870599
3735,6125,32.20308,0.60072184,0.08008814,0.15545008
3736,6125,1.6193237,0.5942118,0.0026531518,0.006089136
3736,3735,31.884275,0.60263425,0.07893697,0.15330547
3737,357,37.78928,0.728246,0.07078978,0.13419735
3737,358,3.1489525,0.7235676,0.005183071,0.0108139515
3737,2141,8.940899,0.7239388,0.017244533,0.034102246
3738,3740,2.2606964,0.57551533,0.002704613,0.0060874373
3738,5000,32.09799,0.5696372,0.06612875,0.12796605
3739,2982,211.50012,0.6592226,0.38658842,0.7614044
3739,3738,86.203995,0.58623815,0.17389746,0.34192562
3740,3738,2.3455315,0.57577217,0.0028678253,0.006469041
3740,3739,88.91994,0.5895364,0.17947572,0.35226202
3741,2205,2.0171547,0.60007733,0.0031187758,0.006662488
3741,6705,57.441444,0.61624265,0.11890926,0.2342969
3742,2522,60.95122,0.6865775,0.122945085,0.2455958
3742,6066,55.861687,0.685531,0.1104573,0.2199034
3743,2186,2.2111053,0.65172297,0.0042937174,0.009112015
3743,3745,16.501537,0.65666413,0.035112005,0.06815312
3744,3750,2.5492783,0.666893,0.00463064,0.009853214
3744,3748,9.180401,0.3529696,0.023015507,0.040288478
3744,93,2.156681,0.6547657,0.003887184,0.0081784725
3745,94,1.8165207,0.65483356,0.0031319037,0.0070432127
3745,3746,21.081959,0.6578038,0.044949282,0.08657065
3745,4446,60.06028,0.657213,0.11990379,0.23960586
3746,113,2.0633888,0.65094,0.0031232312,0.0070465207
3746,3747,39.04749,0.6519998,0.082718305,0.16323097
3747,3753,1.6707649,0.6539388,0.0039020106,0.00859648
3747,4446,85.32921,0.6562448,0.1750319,0.34780124
3747,3744,0.8346634,0.39636964,0.0035166591,0.003660962
3748,4417,46.185192,0.42302787,0.15582418,0.24437326
3749,95,1.8037949,0.6525603,0.0032360554,0.0069623888
3749,6100,32.32239,0.646868,0.06241718,0.12118749
3750,93,0.68681717,0.41463238,0.0033062845,0.0027883947
3750,6943,62.969093,0.65647393,0.12878844,0.2573692
3751,90,1.2199974,0.68438554,0.0033393502,0.0073795766
3751,3759,45.47683,0.68350434,0.09323117,0.18500432
3752,3747,1.7265053,0.65613693,0.0036234632,0.008131623
3752,113,39.04844,0.65898,0.08425512,0.16591682
3753,3744,2.303833,0.66075766,0.0044327304,0.0100316405
3753,1399,56.6323,0.65646404,0.117139295,0.23431
3754,6697,49.608887,0.66144854,0.10100201,0.20089193
3755,3748,30.81847,0.62755775,0.03635028,0.07029874
3755,3744,7.013653,0.65383565,0.014817305,0.029964045
3756,4428,32.908916,0.6637096,0.069711044,0.13709243
3756,648,6.0739403,0.6628702,0.012010314,0.024140045
3757,458,2.4391365,0.6604822,0.0040666386,0.008814514
3757,654,6.413086,0.6651897,0.01222904,0.024387404
3757,3756,25.615988,0.6681208,0.05461676,0.10494823
3758,4393,1.4127655,0.6587825,0.0027231276,0.006143689
3758,649,5.5588837,0.6739488,0.011324428,0.022631511
3759,1400,2.5376968,0.6806017,0.0043016598,0.008779556
3759,651,6.815666,0.6788089,0.013052262,0.025742844
3759,3758,56.97127,0.67806226,0.11573905,0.23042333
3760,6735,17.085152,0.65569526,0.038809817,0.07565813
3761,110,2.2372017,0.6549593,0.0035287067,0.008030608
3761,101,80.4026,0.65518,0.15022829,0.3000449
3761,3760,28.159063,0.65399754,0.061485782,0.117954925
3762,6218,0.52526855,0.42299455,0.00049298257,0.001531899
3762,5151,54.889343,0.7405279,0.10921433,0.21738815
3763,507,2.043579,0.73055327,0.0029193163,0.0063759834
3763,5150,159.5103,0.7347642,0.31279823,0.61761093
3763,3683,166.28723,0.73492694,0.29265743,0.5784494
3764,835,1.8482437,0.7260095,0.00260403,0.0058381706
3764,6185,145.67294,0.7303692,0.25696635,0.509338
3764,4595,60.58987,0.72696346,0.12072757,0.23942825
3765,910,1.9956551,0.6297502,0.00303071,0.006532505
3765,3769,26.986832,0.6323294,0.05845768,0.11261116
3766,3770,0.25432587,0.037101924,0.0069530755,0.013025537
3767,3766,2.989666,0.62244415,0.005442068,0.011574134
3767,6601,45.198982,0.018884897,0.24364921,0.517414
3768,3767,2.4382858,0.6231543,0.0042471513,0.008467212
3768,4903,5.349617,0.6276057,0.013366267,0.026934281
3769,3501,1.9759483,0.6245192,0.003013283,0.0063885152
3769,3500,64.98948,0.62941426,0.12040461,0.23878223
3769,4902,50.642105,0.62732357,0.104278214,0.20388587
3770,3771,2.8889313,0.6255541,0.0050243363,0.010089025
3770,3929,1.9793549,0.036275923,0.012244552,0.024688467
3771,1741,2.0691757,0.6230717,0.0037428588,0.0070111156
3771,3767,0.0,0.03645268,0.0053153783,0.010587305
3772,524,1.4319572,0.54787725,0.002424322,0.00588803
3772,4033,27.72348,0.5464256,0.060181394,0.11501326
3773,528,1.903328,0.5662556,0.002542518,0.005859211
3773,3772,72.36533,0.5566632,0.15327078,0.29916114
3773,2471,138.35956,0.5472265,0.26628366,0.5203104
3774,5891,2.4665565,0.71350527,0.003288366,0.006604761
3774,5008,50.284218,0.0,0.29540488,0.6359889
3775,3598,3.6596718,0.66478777,0.0070971176,0.0143582225
3775,3599,3.9665375,0.03621167,0.01662492,0.03320706
3776,5231,52.540497,0.51110274,0.10287201,0.20033924
3776,2118,8.356735,0.51330525,0.01724974,0.033863485
3777,6101,1.6034355,0.6487037,0.0033598468,0.0069817007
3777,6733,15.752647,0.39863956,0.041672427,0.0759332
3778,246,1.8512459,0.65838146,0.002654761,0.0067154467
3778,3779,5.6754303,0.65714675,0.012115106,0.024934992
3779,2277,23.477322,0.6580647,0.049047887,0.09405981
3779,3780,83.80926,0.6580495,0.17633756,0.34980458
3780,88,1.9389572,0.6519258,0.0034398586,0.008102655
3780,3781,31.9785,0.6660632,0.06866364,0.13376679
3781,739,1.803585,0.6604948,0.0026452392,0.0062039644
3781,6106,48.045383,0.6618312,0.09155187,0.18086259
3781,6751,62.91903,0.6660638,0.12711917,0.2540747
3782,6598,2.0802002,0.6710838,0.004050426,0.008583203
3782,3791,107.05654,0.6787133,0.22043693,0.43619245
3783,3793,1.7049408,0.6687341,0.0033277944,0.0075761825
3783,3794,14.985456,0.66802704,0.03129815,0.061104573
3784,85,2.1928558,0.6581671,0.0044225007,0.00954251
3784,3785,42.798412,0.6628643,0.08976644,0.17765652
3784,6394,54.113556,0.6626833,0.10997976,0.21988054
3785,1243,1.9849968,0.6600249,0.002947636,0.006705418
3785,2651,186.07776,0.6683393,0.3397425,0.67236674
3785,4206,24.141499,0.66366386,0.051609926,0.09902907
3786,3787,9.574799,0.6665643,0.019804358,0.039599657
3786,2202,15.125242,0.66756463,0.030276716,0.05906117
3787,6087,2.8264427,0.67089796,0.0018794164,0.0055876523
3787,3788,3.2697983,0.668149,0.0064620823,0.013734058
3788,3789,2.1439552,0.6731735,0.0040419474,0.009023324
3788,2201,18.837564,0.6712586,0.044511843,0.086785294
3789,1701,1.1495819,0.67619455,0.0042475387,0.0090418905
3789,5824,2.9672356,0.6743276,0.005719222,0.011679798
3790,2651,2.236023,0.66754615,0.003543064,0.0077397525
3790,125,27.098099,0.67255425,0.05908846,0.11286505
3791,2648,2.3379326,0.675839,0.0037624314,0.008713007
3791,127,57.998203,0.67925936,0.11819386,0.23671511
3792,1427,1.8959007,0.6682898,0.0036148354,0.007904425
3792,3790,9.260178,0.6687496,0.019386604,0.038467407
3793,3792,1.8338852,0.66455376,0.0035877228,0.00793232
3793,6752,50.085526,0.6719217,0.10255696,0.20336069
3794,6395,18.815863,0.6683976,0.038936447,0.075225845
3794,3793,15.177265,0.6682736,0.031768497,0.061778158
3795,2944,4.814369,0.7431679,0.009573258,0.019652367
3795,3100,39.772133,0.7443138,0.09037301,0.17679949
3796,6658,49.32502,0.69885296,0.075671,0.14807174
3797,1106,2.291912,0.63970935,0.0040441826,0.008803576
3797,4896,3.3262024,0.645164,0.004486777,0.010297522
3798,6275,40.50067,0.6130588,0.049010612,0.093268216
3798,3800,41.466545,0.6285095,0.086081855,0.16723278
3799,3827,3.5441856,0.6167396,0.003184393,0.008117512
3799,964,121.794716,0.6290132,0.24744743,0.48682117
3799,3800,33.967613,0.6120795,0.0396785,0.07731718
3800,3801,18.692604,0.61461776,0.039508525,0.07645745
3801,920,1.9375038,0.61516756,0.0030629411,0.0068516284
3801,981,122.82313,0.62358177,0.22729355,0.4481005
3801,6706,27.929165,0.62011135,0.061221562,0.116685435
3802,1621,2.0278893,0.60571724,0.0030803233,0.006654009
3802,3803,22.510542,0.6121923,0.049047224,0.09428796
3803,2309,1.2818565,0.60254526,0.0024642125,0.0058885217
3803,3804,16.598314,0.6080153,0.035472173,0.06876818
3804,5245,2.095955,0.59977734,0.0030504614,0.006651044
3804,6701,29.259855,0.61138934,0.06476652,0.12371712
3805,3989,2.0389328,0.60119283,0.0035975724,0.007926002
3805,2273,0.27466965,0.602321,0.0046153814,0.009534374
3806,726,84.159424,0.6621087,0.17121863,0.33848894
3807,5356,3.1289444,0.65979314,0.0056927875,0.0117942095
3807,1495,2.911251,0.6607188,0.005215794,0.010699421
3808,1495,31.280949,0.66366506,0.06116897,0.11892243
3809,2508,9.319397,0.6881865,0.016986445,0.03383507
3809,1644,9.934277,0.6875709,0.022080377,0.042861104
3810,2759,2.0270996,0.68868005,0.0034813657,0.007345304
3810,6365,90.44852,0.69715106,0.20812836,0.41094524
3811,4802,1.9008064,0.6859993,0.0042254776,0.009817213
3812,3810,1.6213837,0.6445004,0.0040721,0.008421928
3813,3407,1.6910973,0.6572585,0.0042466596,0.009660289
3813,6912,4.5607605,0.6556785,0.011082165,0.022330552
3813,6419,1.6574173,0.65421116,0.0043756366,0.009960115
3814,3573,7.636608,0.6422342,0.0073646903,0.014970049
3814,5659,26.623077,0.6311859,0.06329973,0.12276746
3815,1739,36.793644,0.55807453,0.07158123,0.14031816
3815,2425,5.716984,0.55262065,0.011021957,0.022062525
3816,4468,5.5660324,0.6860962,0.012774184,0.026002944
3816,2884,44.394646,0.6866487,0.08393701,0.16523188
3817,5727,32.34201,0.0034630895,0.12263885,0.26418346
3817,6888,36.601162,0.0,0.13697687,0.30338067
3818,3819,27.295961,0.6105514,0.054709196,0.10585081
3818,3819,19.01961,0.61608225,0.05144879,0.10124106
3819,1717,21.587458,0.61197186,0.058178972,0.114015035
3820,2933,70.1323,0.66482836,0.17740239,0.3535949
3820,3319,34.541885,0.66773623,0.06420754,0.12447946
3820,3821,5.95039,0.6620966,0.0101289,0.020854577
3821,4911,24.760784,0.6632115,0.052099705,0.1008907
3821,3820,5.8095512,0.6628152,0.009587385,0.0196241
3821,3261,50.14335,0.65868974,0.09939048,0.19430456
3822,3824,2.0612488,0.6564696,0.0036070868,0.008099511
3822,4358,46.152317,0.6596526,0.10933386,0.21591064
3823,2954,1.6062965,0.6610402,0.0027360395,0.0065422505
3823,6589,50.775787,0.66466427,0.11846162,0.23560378
3824,3822,1.6980782,0.658672,0.0029499233,0.006896019
3824,811,50.109814,0.6632903,0.10071874,0.20059004
3824,6588,63.565216,0.6582182,0.16485354,0.32674623
3825,3426,18.721605,0.6094159,0.026253194,0.051695406
3826,91,66.931114,0.6108247,0.14189474,0.279436
3827,3799,3.8032417,0.6205263,0.0041659027,0.009852752
3827,921,67.778404,0.62399787,0.14007825,0.27580854
3828,5697,38.076927,0.68836945,0.08873467,0.17265111
3829,4268,2.5565681,0.33800638,0.0024933591,0.0050071925
3829,4249,31.065714,0.340193,0.073926896,0.13884202
3830,2274,2.6144447,0.34234935,0.002644971,0.005321637
3830,5474,27.286268,0.3454951,0.06563996,0.12272817
3831,6784,24.305655,0.6743193,0.04603078,0.08839744
3832,5112,2.1438828,0.65815026,0.0032926947,0.007702112
3832,3628,140.12839,0.65546787,0.2556505,0.50498474
3833,4101,46.36633,0.66018236,0.09204353,0.1810073
3833,1449,14.0149555,0.6551291,0.031789888,0.06243123
3833,1367,306.70007,0.6492313,0.5631831,1.1075183
3834,1253,9.504135,0.60474896,0.019682199,0.039111435
3834,1200,63.76834,0.6132051,0.13196293,0.26062813
3835,2068,53.013916,0.68619525,0.0980361,0.19476567
3835,873,27.98389,0.68923825,0.055132203,0.10748586
3836,203,2.077137,0.62399864,0.0054561943,0.012030184
3836,3837,3.1306076,0.6264667,0.0044300407,0.009698689
3837,4854,39.674717,0.6380226,0.08297618,0.16371633
3838,797,2.3884277,0.67349684,0.0041241646,0.00823985
3838,3839,55.514435,0.67283976,0.11385043,0.2255747
3839,4315,2.21986,0.67067254,0.0033350363,0.0074542165
3839,798,74.02699,0.67019135,0.13535884,0.2711615
3839,6833,31.941732,0.6755699,0.067102864,0.1296477
3840,1413,1.5092239,0.71380967,0.0040555894,0.009019464
3840,4083,8.296215,0.7181505,0.016591147,0.032895893
3841,3842,2.3709412,0.7103243,0.0043708608,0.009282112
3841,146,26.642334,0.71567446,0.050249357,0.09780375
3842,4449,2.6880531,0.711218,0.0047449246,0.0098647475
3842,6488,29.473675,0.70915,0.06086336,0.11806148
3843,144,2.091938,0.7056108,0.0029596463,0.006494358
3843,4457,29.425287,0.70518804,0.061378077,0.11922201
3844,143,2.1898117,0.6998279,0.0036199093,0.0076006353
3844,3845,17.83029,0.70276576,0.037078585,0.0721736
3845,141,2.2558784,0.69710356,0.0038410798,0.007510364
3845,142,47.57076,0.6901392,0.09659879,0.19117089
3846,157,1.8992653,0.69377464,0.0027295873,0.0062545836
3846,465,63.44342,0.69346154,0.11463018,0.22929898
3846,4400,17.755907,0.6958758,0.03650033,0.070361406
3847,168,36.080463,0.65791166,0.0708849,0.13712811
3847,4433,6.318405,0.65575445,0.011850119,0.024181634
3848,815,1.9540367,0.6732296,0.002834797,0.006445229
3848,763,56.39473,0.6755669,0.1033073,0.20527893
3848,4518,64.39024,0.6736335,0.1309476,0.2609326
3849,5312,26.128563,0.6381906,0.0536599,0.103491776
3849,117,21.59357,0.6352997,0.0448012,0.086853355
3850,2696,1.7300644,0.6394425,0.002832353,0.0069286823
3850,2695,77.24165,0.647639,0.14405087,0.28697664
3851,3853,1.8199692,0.68813145,0.0028411746,0.0069832504
3851,481,92.56456,0.6993399,0.18769291,0.37259394
3852,3428,1.6601257,0.6932768,0.0036361217,0.0074653924
3852,3863,34.518364,0.70344543,0.07257135,0.14204964
3853,3852,2.1732635,0.7010461,0.0042183697,0.009400979
3853,647,91.84368,0.70859456,0.18692216,0.3734636
3854,3855,7.126072,0.7090348,0.014393181,0.028673947
3854,671,36.138992,0.7124752,0.06938902,0.13216956
3855,647,1.5048637,0.67885077,0.0024103299,0.0049898177
3855,3856,60.583282,0.706529,0.12267385,0.24341556
3856,672,37.668034,0.70324194,0.072079316,0.14029053
3856,3852,32.63852,0.7032954,0.066018134,0.12899843
3857,4467,38.216652,0.7007044,0.07369479,0.14185971
3857,3858,109.907875,0.6977859,0.22089583,0.43729198
3858,482,1.2966805,0.6517144,0.002106674,0.004320666
3858,3859,89.192635,0.6925684,0.18080941,0.35858104
3859,4468,2.2578506,0.6856681,0.003952712,0.008529276
3859,646,29.09493,0.6889657,0.06824907,0.13425675
3860,3861,2.0748787,0.71365905,0.0040944815,0.008252233
3860,6570,65.944756,0.71648514,0.12735578,0.2532627
3861,4255,2.4121208,0.7174487,0.0049472377,0.010770574
3861,4254,48.476448,0.7184228,0.056414988,0.108453654
3862,645,1.8919601,0.71037596,0.0030454174,0.0067804456
3862,4207,85.04187,0.7207037,0.14992411,0.29961953
3862,6568,41.3125,0.7146466,0.08211828,0.1606119
3863,4046,3.5605202,0.70193505,0.006734669,0.01323092
3863,2805,1.8361092,0.7025003,0.0025200397,0.0048924387
3863,672,35.38224,0.70481914,0.06796707,0.12960474
3864,2941,75.52286,0.428703,0.28461406,0.4698401
3864,399,158.82446,0.7239712,0.31514087,0.6216051
3865,5739,1.8440323,0.58263403,0.002721496,0.006071314
3865,1704,33.447968,0.58646977,0.07014638,0.13630754
3866,1269,69.41742,0.6565632,0.127231,0.25466114
3866,1392,54.524593,0.6592516,0.11085498,0.21972726
3867,5121,28.412626,0.6593003,0.057038877,0.10953313
3867,5121,25.809675,0.65911406,0.052112985,0.10036948
3867,6786,200.88716,0.6556469,0.3989518,0.7860791
3867,3232,70.313095,0.6638051,0.14109983,0.28269225
3868,707,2.2307777,0.67129576,0.005623929,0.011997163
3869,3870,3.1554413,0.7121396,0.005398385,0.0115677565
3869,3186,6.2961845,0.7174061,0.0138668865,0.027798548
3870,2535,8.609741,0.71351635,0.016793415,0.033433095
3871,2631,12.874001,0.7491568,0.024454072,0.047881603
3871,323,6.5807533,0.74854475,0.014229327,0.028397173
3872,1990,3.3681374,0.6943499,0.006637253,0.0141402185
3872,5858,51.45353,0.69610894,0.09592172,0.18690212
3873,2219,108.62222,0.75051165,0.19667237,0.39169368
3873,5167,30.975033,0.7494763,0.056950357,0.10973041
3874,5212,1.2674675,0.65777385,0.0043141097,0.009449512
3875,1447,65.50734,0.65286636,0.121530876,0.2429495
3875,1449,21.856197,0.654898,0.052860618,0.10324279
3876,5282,11.900139,0.6604446,0.031781815,0.062317267
3876,3877,21.532877,0.66256076,0.04308296,0.08272512
3877,842,169.20816,0.6549233,0.30881882,0.6102166
3877,1454,67.74684,0.6581618,0.12570626,0.25077128
3877,3876,20.699318,0.6634022,0.040950686,0.078116134
3878,3140,28.067816,0.6753566,0.056282364,0.10780983
3879,4997,1.7627411,0.6212412,0.003253132,0.0075598806
3879,3077,7.2135277,0.63352823,0.01512187,0.030123979
3880,6009,5.1169014,0.6259216,0.009559363,0.019522369
3880,776,1.8460274,0.61635405,0.003375776,0.007834658
3880,2877,44.448853,0.62949604,0.09304987,0.1837296
3880,2246,131.66321,0.6147271,0.24319485,0.4797877
3881,6573,1.6943283,0.66811883,0.0045279935,0.009442881
3881,1088,2.6313133,0.6760226,0.0042511225,0.009215981
3882,3919,90.88295,0.5546954,0.17332123,0.3395803
3883,3131,4.693119,0.7301654,0.013189733,0.026166186
3884,4004,3.487587,0.70848733,0.0072491765,0.014959902
3885,417,52.0804,0.6662202,0.05673171,0.10642462
3885,5276,75.61119,0.6702982,0.15153958,0.30119276
3886,2655,2.3566132,0.6027421,0.003455937,0.0076587945
3886,78,74.76838,0.5967578,0.2438235,0.4812286
3888,95,21.443583,0.39666575,0.05660299,0.10365627
3888,6100,2.1575737,0.6438341,0.0044538826,0.0101876855
3889,5178,2.550869,0.692762,0.0015228167,0.0044011623
3889,3080,12.419931,0.6915605,0.025659338,0.0504677
3890,5417,2.1316032,0.7041248,0.003824748,0.008480847
3890,3108,33.369133,0.70609856,0.075735696,0.14801967
3891,448,33.909348,0.71977603,0.058491826,0.11534054
3891,366,23.934444,0.7148962,0.055083014,0.10869776
3892,746,2.5617409,0.67108256,0.0039555877,0.008553326
3892,4514,77.853806,0.67013025,0.14143114,0.28333592
3892,3893,2.4507942,0.6709518,0.005607702,0.011392906
3893,1561,1.5674324,0.6615252,0.007481456,0.014888138
3893,3892,2.1836967,0.6766224,0.0056260303,0.01152876
3894,4865,2.9839363,0.65871215,0.0040223897,0.008588031
3894,612,34.887344,0.65872407,0.060124557,0.11518941
3894,5929,36.621502,0.6586348,0.07603705,0.14907147
3895,5326,66.78193,0.5664663,0.163576,0.3210169
3895,2137,5.0029182,0.5749123,0.012646325,0.025702223
3896,306,6.6822624,0.7288392,0.012353927,0.024227813
3896,2924,3.492962,0.725494,0.0058438256,0.011825293
3896,304,81.46872,0.7282338,0.14366321,0.287387
3897,3898,10.169106,0.625458,0.018004753,0.036040053
3897,2969,5.094448,0.6272185,0.008259103,0.016926348
3898,3897,11.343658,0.6256173,0.020564742,0.040622175
3898,5691,46.83695,0.63462216,0.07448357,0.14361396
3899,4658,2.8286972,0.732372,0.0031763464,0.007274732
3899,3903,29.741909,0.43931302,0.11148215,0.1751178
3900,3901,0.4718094,0.41689163,0.004226446,0.0013922155
3900,3902,6.0024643,0.7495614,0.009489402,0.018462867
3901,4787,5.0722046,0.7533506,0.008923821,0.017060742
3901,2634,2.7732048,0.44766545,0.010665044,0.013040483
3902,2631,0.29398346,0.43020865,0.0035249293,0.0008363873
3903,3943,2.5320435,0.73799837,0.0027164072,0.0056040734
3903,307,25.543451,0.45018372,0.09273093,0.14989418
3904,6228,0.45607376,0.43798858,0.0042437464,0.0025988966
3905,4137,686.103,0.6924374,0.9956136,1.9580985
3905,305,10.996248,0.749359,0.020762153,0.039883316
3906,4212,7.7659683,0.73551065,0.014460348,0.02870217
3906,302,89.0243,0.73694324,0.15517591,0.30885118
3908,5198,11.432125,0.5163339,0.02435352,0.04789518
3909,1180,1.9998779,0.30476686,0.0029200464,0.0050722808
3909,5590,4.55917,0.6583266,0.009821646,0.020067185
3910,3911,33.210506,0.6701499,0.07110278,0.13963616
3910,3287,74.08992,0.6664047,0.15003318,0.2992311
3911,2389,2.0759583,0.65926135,0.0039990395,0.009115368
3912,3910,32.718952,0.6629183,0.07313678,0.14550756
3912,3913,12.275337,0.6625307,0.02520299,0.049653545
3913,2216,262.90396,0.65432125,0.48389706,0.952524
3913,3911,14.84919,0.66443294,0.029766653,0.05789247
3914,5593,31.407993,0.5503739,0.080122694,0.1547885
3914,1786,28.490284,0.54858303,0.07010516,0.13567801
3915,293,2.0931396,0.7415458,0.0034213737,0.007094756
3915,5637,0.8831024,0.44363838,0.0055416822,0.0036217272
3916,2585,85.17845,0.44116747,0.25969338,0.41814613
3917,3710,1.7341042,0.7313276,0.004238479,0.009222046
3917,3916,26.380585,0.74505246,0.050902348,0.09949336
3918,4229,1.1885872,0.51032645,0.0037362725,0.008220926
3918,3375,46.702427,0.52052104,0.15544707,0.30312094
3919,2479,3.738697,0.54192376,0.007446967,0.015127912
3919,1991,2.5552826,0.53575325,0.007375218,0.015182182
3920,7061,2.817009,0.663042,0.003316,0.008205146
3921,3947,2.7070198,0.7502746,0.0048239604,0.009574935
3921,4383,40.234406,0.45014066,0.14164087,0.21827865
3922,3921,0.0,0.43612787,0.00031396002,0.0
3922,5500,112.6875,0.7535519,0.2761491,0.549428
3923,4781,1.8960876,0.7393042,0.004611708,0.009470895
3923,6032,54.904285,0.7421911,0.10988912,0.21728818
3924,3925,0.39840698,0.27069044,0.002799295,0.005786076
3924,2209,83.73512,0.74651575,0.16714862,0.32836026
3925,3923,2.3163338,0.74057406,0.0051204264,0.010084912
3925,5031,85.53728,0.7419376,0.20440267,0.40516722
3926,7051,2.402855,0.6941712,0.004465498,0.009801313
3926,1998,74.362274,0.69348514,0.10460242,0.20791058
3927,3915,0.0,0.4327453,0.0019607395,0.0
3927,3670,3.0833206,0.73891085,0.00606177,0.01213643
3928,6559,2.8398628,0.7292514,0.0050966814,0.009913906
3928,5089,5.76775,0.7343063,0.016182713,0.03222829
3929,6767,1.1257973,0.52331185,0.001660414,0.0030659437
3929,4918,2.0166817,0.6237423,0.0030087456,0.0061304867
3929,6769,23.12566,0.019807428,0.11002274,0.23012857
3930,5551,125.12285,0.61493254,0.23250341,0.457627
3930,6603,61.82122,0.63554054,0.11290208,0.22236891
3931,5553,2.9903336,0.62361515,0.0050565973,0.011105835
3931,563,34.76213,0.6218021,0.06808393,0.13251448
3932,3542,8.219131,0.031495184,0.035957355,0.0712026
3932,3931,32.540096,0.62853694,0.066853054,0.1266421
3933,3934,1.6620255,0.6218642,0.0021437928,0.0043035448
3933,1490,2.510357,0.6247385,0.0039391518,0.008229643
3933,5437,42.74068,0.0,0.24069509,0.51592135
3934,3933,1.8413963,0.6270279,0.002304539,0.0053126067
3934,1378,112.004135,0.6223977,0.20724463,0.40912747
3934,5440,96.46296,0.61885935,0.25211546,0.49577928
3935,3655,1.8271561,0.7098616,0.002792865,0.0063828975
3935,6489,31.26098,0.710763,0.06030008,0.115737036
3936,3256,1.8586273,0.6975166,0.0034105778,0.0075465143
3936,4455,32.14945,0.70578736,0.06304359,0.11946955
3937,3257,2.1490288,0.6988599,0.0032934994,0.0076552927
3937,4146,68.30232,0.6948332,0.120524645,0.24117464
3938,4638,2.1143494,0.6919407,0.0041293576,0.009008825
3938,156,67.99808,0.70093817,0.12142969,0.2432739
3939,3940,2.086605,0.64984876,0.0030387715,0.006747663
3939,4580,107.402435,0.6522224,0.2206679,0.43524057
3940,3939,1.9602356,0.650677,0.002747327,0.006330833
3940,3941,41.378567,0.65591264,0.08677924,0.17217845
3941,3942,1.62286,0.6528493,0.002119325,0.004929304
3941,822,93.79112,0.656568,0.17149459,0.34108162
3942,3941,2.411499,0.65655786,0.00429938,0.009253234
3942,3939,41.126083,0.6599441,0.08630868,0.17162976
3943,3903,2.321453,0.73859036,0.002407886,0.0049520433
3943,6452,38.770813,0.44907036,0.14563784,0.22431125
3944,1164,2.569004,0.60204345,0.0040515587,0.0086928755
3944,4877,36.135548,0.60638845,0.11188475,0.21918523
3944,2711,87.462524,0.6007282,0.165037,0.32533056
3945,511,5.697975,0.74460024,0.012660354,0.02586864
3945,2237,3.100731,0.7450554,0.006678477,0.013741821
3946,6206,1.5099106,0.7315663,0.0032783449,0.006945148
3946,2944,69.82039,0.7421181,0.09865261,0.19550899
3947,6280,0.0,0.4369867,0.0019660369,0.0
3948,5337,2.2500153,0.65592647,0.0044845343,0.010023192
3948,4056,6.472954,0.65015066,0.013222568,0.02683793
3949,3211,2.2861176,0.65589756,0.0038436502,0.008401915
3949,5922,1.5764122,0.65732235,0.002785772,0.006621957
3950,4825,63.719875,0.6595818,0.13049299,0.25874478
3951,2116,1.3067894,0.50419635,0.0015305057,0.0033804327
3951,1834,12.73995,0.5100075,0.029663816,0.058098026
3952,446,0.55695343,0.080373496,0.003631644,0.0069136173
3952,446,2.3904076,0.68820506,0.0032999963,0.0065001994
3953,3627,1.138443,0.11006302,0.00017406791,0.0026066452
3953,268,45.29055,0.318583,0.12537605,0.24357903
3954,4152,2.3859253,0.6617866,0.0044576004,0.009633973
3954,3475,19.599316,0.66351366,0.041142892,0.07976943
3955,3668,1.8238411,0.663962,0.002569154,0.0059528947
3955,6241,43.55416,0.66258883,0.102083184,0.20148134
3956,1691,2.842167,0.71442693,0.0040623993,0.008322433
3956,3959,2.3774643,0.720508,0.0034338236,0.007119879
3956,6143,3.7146416,0.7196108,0.00713595,0.013930544
3957,309,2.303234,0.7206455,0.0037394091,0.007637337
3957,6509,2.2173386,0.72010463,0.004051216,0.008326277
3957,4243,81.72482,0.7230463,0.14353733,0.28647378
3958,324,4.274212,0.725621,0.007676795,0.01541166
3958,4064,4.0665817,0.72230995,0.0078809485,0.01613672
3959,4622,3.7272186,0.7197501,0.0060715824,0.012356907
3959,3956,2.2390556,0.7200038,0.0030816942,0.0061986595
3959,4623,4.6971664,0.7223584,0.008573972,0.01720643
3960,3961,1.3376961,0.5559168,0.0012454987,0.0035486966
3960,2114,50.56874,0.5754281,0.12382832,0.24195912
3961,3960,1.3660355,0.5559492,0.0011372417,0.0034134388
3961,4317,45.545605,0.5484735,0.111847684,0.21809365
3962,3963,2.4482956,0.75400054,0.0025744587,0.0049832016
3962,5775,54.072678,0.45744467,0.18778533,0.28969485
3963,3962,2.7052498,0.75260746,0.003122583,0.005869001
3963,5162,50.022324,0.45554554,0.17360085,0.26836288
3964,3272,3.5344276,0.74692893,0.0049389675,0.009999827
3964,4092,17.923855,0.44233158,0.058371693,0.09768715
3965,3232,5.4961395,0.6624853,0.0114873275,0.023051172
3965,5583,3.3988113,0.6575811,0.0072675124,0.015316054
3965,5582,2.402237,0.6580412,0.0049480572,0.010612845
3966,3967,3.2162514,0.6927433,0.002938427,0.0069905967
3966,4111,63.47162,0.69780636,0.12783311,0.2545462
3967,3966,3.2432442,0.69320655,0.003059432,0.007022634
3967,5645,10.098785,0.6957549,0.020782612,0.04083398
3968,3971,2.1080246,0.65955406,0.002089627,0.0051204115
3968,4003,24.517096,0.66154665,0.05010226,0.09671615
3969,3970,2.1214485,0.6610503,0.0020642579,0.0050625354
3969,4811,25.470453,0.66095877,0.05161273,0.099440984
3970,3969,2.046486,0.659633,0.0019245967,0.0049660057
3970,3968,3.7453117,0.65968573,0.0066520795,0.013948321
3971,3968,2.1084251,0.659105,0.0020850599,0.005280152
3971,3969,3.9232597,0.65917325,0.0070691854,0.014705226
3972,1169,57.304474,0.66403526,0.10715051,0.2135966
3972,1167,90.730484,0.662047,0.16580912,0.32949525
3973,2414,1.6655922,0.55414104,0.002215527,0.005070284
3973,1739,34.89325,0.56000584,0.088636525,0.17269748
3974,2823,60.688446,0.7265259,0.10805393,0.215367
3974,2538,47.593517,0.723098,0.08692581,0.16822496
3974,2820,98.11542,0.73071307,0.17376417,0.3475687
3975,4194,20.791815,0.06324169,0.06355595,0.12438576
3975,574,162.15987,0.5195276,0.3167098,0.6164691
3976,6504,7.6263123,0.55445355,0.016783267,0.033753276
3977,4505,2.6186028,0.6932279,0.0038844198,0.008748129
3977,874,1.1826019,0.6596687,0.0053847507,0.010509729
3978,3984,1.8230209,0.40008876,0.0032820478,0.0066718757
3978,3979,14.978418,0.39266348,0.03350863,0.06424794
3979,2468,1.9686623,0.39217815,0.003728062,0.007430449
3979,2025,6.6566467,0.3959145,0.014275782,0.02751346
3979,2433,39.922665,0.1881743,0.11538692,0.23620586
3980,3163,2.024723,0.362561,0.004546091,0.008679882
3980,3452,51.35123,0.38132197,0.10879838,0.21073392
3980,4364,29.74952,0.092454195,0.08371775,0.16667883
3981,2052,2.786232,0.3909166,0.005393982,0.010813922
3981,5025,27.273277,0.064644754,0.081134774,0.15919212
3982,2045,2.3322182,0.42492327,0.004317753,0.008641705
3982,6124,33.55931,0.0824368,0.10841492,0.22664043
3984,3978,1.841919,0.4019531,0.0032455474,0.00668481
3984,2430,68.77414,0.41775662,0.14293668,0.27517006
3984,2467,56.109535,0.41085923,0.12686317,0.2477215
3985,5021,2.4485283,0.62401867,0.0039770305,0.008618236
3985,5433,28.270512,0.6373902,0.07002928,0.13660868
3986,5661,2.290306,0.7329129,0.0017449856,0.0043523014
3987,5811,3.0925522,0.6026994,0.0065762997,0.013425052
3987,2271,5.6407394,0.59902185,0.01445993,0.02881524
3988,3987,2.3261719,0.59996593,0.004664317,0.010047719
3988,3990,2.9190178,0.59904915,0.0023934022,0.005914837
3989,5811,2.6361275,0.6060788,0.0010086372,0.0038305074
3989,3990,4.3194313,0.6010787,0.008829191,0.018048197
3990,530,2.359356,0.59739625,0.004826188,0.010398865
3990,3988,3.0110397,0.599745,0.002641715,0.006392926
3991,3805,1.7261314,0.6013763,0.0032356456,0.007127166
3991,2165,78.65035,0.599805,0.25907397,0.5103857
3992,10,1.698719,0.53256047,0.0018307492,0.004337609
3992,12,51.436348,0.53563905,0.12778781,0.24992529
3993,3994,2.151741,0.6523716,0.0025143176,0.0062345117
3993,1458,5.9462852,0.65298575,0.013752587,0.027639568
3994,3993,2.0654144,0.65375847,0.0022933409,0.005461544
3994,2960,41.871845,0.6538787,0.1004671,0.19818033
3995,6311,9.519676,0.67452776,0.021805122,0.04311359
3996,5839,2.5075722,0.6740245,0.0034992471,0.007846057
3996,5842,18.245905,0.67481464,0.03632541,0.07108836
3997,3998,2.247738,0.6745684,0.002719365,0.006348595
3997,3995,22.431866,0.67494506,0.044671033,0.08618547
3998,3997,2.297062,0.67336625,0.0028112233,0.0065897405
3998,3999,2.0623245,0.67091966,0.0022534654,0.00547345
3998,3995,19.474747,0.67293936,0.044006214,0.08516301
3999,3998,2.1002579,0.6752244,0.0023509264,0.005797878
3999,5843,2.4393082,0.67494774,0.006313637,0.013821453
4000,526,56.510117,0.49250492,0.12234353,0.23719206
4000,2021,36.8986,0.46682045,0.08174467,0.15814355
4000,2049,52.802605,0.47212732,0.104965426,0.20379637
4001,1714,22.391476,0.6087812,0.06288803,0.121866204
4001,5906,30.794846,0.608158,0.061152246,0.118368804
4002,4163,31.01434,0.58580005,0.062404633,0.11860041
4003,1815,4.871006,0.66097486,0.009207524,0.018250331
4003,3971,23.210857,0.66081613,0.04785628,0.092601664
4004,3884,3.321598,0.7103165,0.0060245097,0.012518331
4004,6073,28.163603,0.71365887,0.059471387,0.115343675
4005,4006,1.804184,0.680525,0.0033685714,0.007386431
4005,3576,6.091427,0.68284947,0.012603745,0.025649518
4006,4648,2.6922112,0.6839003,0.0045147836,0.0096209645
4006,2757,3.1293373,0.68672764,0.0050694942,0.010904759
4007,4011,2.0737953,0.667532,0.0034694448,0.0076173097
4008,4010,2.766899,0.6881129,0.004552692,0.010666549
4009,3812,1.9344101,0.68821245,0.002823107,0.00602749
4009,4117,28.805574,0.6949191,0.06816557,0.13339986
4010,4119,13.66378,0.6893462,0.027304605,0.053382993
4010,4012,1.9949989,0.6850334,0.00297641,0.0070583075
4011,2756,54.412716,0.68957,0.10213267,0.20006181
4011,4008,2.0720406,0.67339504,0.004180312,0.009781435
4012,2760,2.1663094,0.6854316,0.0036103278,0.008010238
4013,4014,2.5139465,0.6610312,0.0014379174,0.0039016157
4013,4055,27.94665,0.6620618,0.060358595,0.115432225
4014,4013,2.459816,0.66128325,0.0015082657,0.0039805025
4014,3212,95.66954,0.66138875,0.19571742,0.38628298
4015,5779,19.829912,0.686344,0.05462071,0.10561557
4015,5779,29.463318,0.68481505,0.060491025,0.11415954
4016,4017,29.843193,0.6889161,0.058366876,0.11168293
4016,4017,20.160837,0.69120324,0.05241857,0.10176186
4017,5876,0.70724106,0.27257767,0.0031779036,0.006522
4018,2440,1.0728569,0.6618761,0.0035933629,0.008359715
4018,6007,75.99443,0.66369486,0.13902181,0.27772927
4019,3927,3.3857346,0.7413968,0.0059420243,0.011542723
4019,295,48.78331,0.4465359,0.17374946,0.26764947
4020,4021,1.7753677,0.5212597,0.0017729998,0.003851816
4020,1894,24.82709,0.52693164,0.05269452,0.09973304
4021,4020,1.8046112,0.52020985,0.0017626807,0.0039424896
4021,1785,5.3201675,0.5205499,0.010842361,0.021385297
4022,1938,21.69382,0.6523876,0.044356283,0.08616232
4022,3337,90.887665,0.65319103,0.16894792,0.33643705
4022,1940,25.150766,0.6526337,0.051683072,0.09980125
4023,6531,26.980928,0.6474645,0.07634119,0.14965472
4023,6195,26.615498,0.64899755,0.07748097,0.15251648
4024,3324,1.8371925,0.7024394,0.0028748289,0.006422013
4024,6790,1.9549332,0.7068646,0.0027569234,0.006289378
4025,4026,2.9895515,0.69156575,0.0022335947,0.005760148
4025,4654,22.79674,0.695448,0.04916263,0.094733395
4026,4025,3.228691,0.6904992,0.002787277,0.0069164783
4026,5041,23.495024,0.69525504,0.050209954,0.096520565
4027,4028,21.962978,0.6846394,0.057924796,0.11171804
4027,4028,30.258354,0.6847682,0.060040485,0.11383019
4028,4499,1.5995331,0.68254834,0.0061467215,0.012376577
4028,5874,32.83078,0.6877558,0.09118612,0.17946747
4029,2247,58.02501,0.60874397,0.08644741,0.16743833
4030,4766,126.74917,0.7016431,0.22718039,0.45128787
4030,4766,2.0454674,0.69733137,0.00478179,0.010402128
4031,3325,2.4425392,0.72436064,0.004579313,0.009879813
4031,3764,34.352146,0.7256222,0.06875612,0.13563198
4032,4033,2.7758064,0.54706156,0.0024893284,0.0056928843
4032,524,27.19486,0.5513209,0.060266428,0.11447358
4033,4032,2.8641357,0.5469502,0.0025601685,0.0060320497
4033,6482,21.666477,0.54541373,0.048052102,0.09237251
4034,3935,2.161335,0.7090302,0.004016444,0.008874953
4034,153,43.05434,0.71382684,0.082515255,0.15917167
4035,4036,2.7139587,0.6578969,0.0018808171,0.004929915
4035,3189,50.78603,0.65470994,0.10634166,0.20995507
4036,4035,2.6499596,0.65628433,0.0016906634,0.004758388
4036,3205,299.59772,0.63930845,0.59729666,1.1763535
4037,764,3.536995,0.6574236,0.0065333173,0.012401998
4037,3008,58.327667,0.023927242,0.17004016,0.3548132
4038,3696,1.9744797,0.38746122,0.0033820495,0.0067711323
4038,7059,37.631645,0.3979646,0.10338436,0.20017102
4039,2024,23.064842,0.46764806,0.049644694,0.09437227
4039,2034,111.17746,0.44639394,0.22771826,0.43876207
4039,2028,28.456566,0.4770542,0.05961598,0.11325726
4040,4230,83.69391,0.6825836,0.17116174,0.34003687
4040,752,2.3514862,0.6791218,0.00428237,0.008824617
4041,523,18.202808,0.52125955,0.03847848,0.074572995
4041,5754,3.889923,0.51720035,0.008752428,0.01745309
4042,4043,2.3101273,0.6969242,0.0024158582,0.0057889223
4042,5651,94.262314,0.6973002,0.103808366,0.20769554
4043,4042,2.078434,0.69753075,0.001884684,0.004807025
4043,4103,5.233181,0.69716585,0.0069759786,0.01474525
4044,5115,1.8032341,0.63724726,0.0025529861,0.00598298
4044,3203,11.47793,0.63936543,0.02333761,0.04613422
4045,4089,1.473774,0.5892126,0.0048196316,0.010429084
4045,6004,32.704224,0.59755015,0.09680414,0.1883491
4046,2917,2.217537,0.7013875,0.0037776902,0.007583931
4046,1867,30.725384,0.7047889,0.06432258,0.12355807
4047,4048,0.29642105,0.4054347,0.0027163178,0.006008208
4048,4049,2.3032455,0.6715888,0.004534088,0.00916104
4048,3010,28.68161,0.58575845,0.073099144,0.14399704
4049,814,1.1170006,0.46982285,0.0010228679,0.0028263777
4049,3848,35.22703,0.675476,0.073182285,0.1448439
4050,3425,4.836937,0.6149933,0.0094456,0.01941678
4050,3424,16.620111,0.6071507,0.02222684,0.044634715
4051,1927,4.508541,0.6117362,0.0037268251,0.008663237
4051,5398,3.956421,0.6163956,0.0075507164,0.015560687
4052,4723,2.6456184,0.7320521,0.0054171383,0.01156117
4052,1736,47.667168,0.7437962,0.09036281,0.17691194
4053,4054,2.4719925,0.72322845,0.006814398,0.011773795
4053,6304,27.312275,0.028451622,0.12847677,0.2813869
4054,4053,2.8041954,0.72028816,0.0061424077,0.012692481
4054,878,45.289684,0.0,0.16636917,0.3485772
4054,2150,41.739532,0.073598295,0.14294422,0.29467434
4055,4056,2.6931496,0.6611028,0.0017672628,0.0050492436
4055,5337,6.486843,0.6619938,0.013349608,0.02718465
4056,4055,2.4442062,0.6599177,0.0011512637,0.003666088
4056,4014,28.135742,0.6589299,0.060338177,0.11560478
4057,4205,3.273117,0.73321843,0.00664635,0.013353705
4057,6166,33.44207,0.07275179,0.16698541,0.36089718
4058,80,92.27608,0.5971217,0.31237158,0.6140981
4058,2472,94.012314,0.587928,0.18259972,0.35948882
4059,2324,1.6912231,0.59268785,0.0022499263,0.0051703006
4059,2207,25.695837,0.5896864,0.05306154,0.10125588
4059,4139,37.22995,0.595315,0.07092461,0.13790576
4060,1570,11.559927,0.6434744,0.023094334,0.04563971
4060,4181,64.95276,0.6438066,0.120627604,0.23936252
4061,5097,13.371313,0.6537398,0.027455375,0.053725794
4061,615,11.332779,0.6572229,0.023041673,0.045622736
4061,3032,2.8387947,0.65214175,0.0053169876,0.011447176
4062,4772,1.8670921,0.57882994,0.0024753958,0.005748242
4062,4761,4.4512634,0.5751843,0.0071133524,0.014781654
4063,1781,92.61194,0.55249065,0.18126276,0.354213
4063,6302,22.840994,0.56224394,0.046589054,0.089321755
4064,3957,68.12237,0.7218189,0.13476422,0.26831326
4064,4243,2.5150108,0.72068447,0.0043730736,0.009070143
4065,5209,2.6311111,0.6880021,0.003784433,0.008338273
4065,5042,2.4145622,0.6916836,0.0045843422,0.00993298
4065,286,15.086229,0.6960807,0.03361814,0.06574556
4066,54,2.004528,0.6969292,0.0039090216,0.008979291
4066,55,3.422638,0.69529295,0.005398579,0.01190792
4067,4496,216.21872,0.6891583,0.38680336,0.76639956
4068,5703,3.3402023,0.66032565,0.0059977695,0.011235371
4068,2267,78.832245,0.6700956,0.14250615,0.28396958
4068,5885,28.733257,0.044154257,0.096920006,0.2041874
4069,2435,41.342007,0.67106855,0.12393448,0.24474038
4070,7014,0.89360046,0.61394966,0.0029817969,0.0066673756
4070,2996,49.009777,0.6270102,0.09349228,0.18358724
4071,4072,1.1125107,0.6277042,0.0036356896,0.0077469796
4071,7014,20.71107,0.63538975,0.055346332,0.109192826
4072,4071,1.1042366,0.62693006,0.0034473836,0.0075731277
4072,4070,29.643738,0.6354531,0.059138015,0.114237
4073,1,2.7228394,0.6884505,0.0024033636,0.005615756
4073,6425,67.30621,0.69155216,0.13823298,0.27510715
4074,4075,2.8464622,0.73225075,0.0033759251,0.0070627034
4074,2583,14.882317,0.033318102,0.06785594,0.14369297
4075,4074,2.9556694,0.7355401,0.003252983,0.006977111
4075,5169,38.19789,0.12893918,0.18928534,0.40108678
4076,5173,8.4602585,0.6903615,0.019051284,0.037841246
4077,5607,2.9342728,0.6901151,0.0029671341,0.0068053454
4077,6799,48.439438,0.6915026,0.09984124,0.19739762
4078,4079,2.56419,0.6862867,0.0018996447,0.004970938
4078,2056,16.752441,0.6894898,0.034981087,0.06786906
4079,4078,2.6235275,0.6864121,0.0018647537,0.004573256
4079,192,28.953571,0.69021726,0.061132185,0.11655654
4080,1196,1.9338989,0.6879446,0.0020641983,0.0051554143
4080,4298,49.974808,0.68701917,0.091829926,0.18033701
4081,1364,2.4423027,0.6770065,0.0039050505,0.008113235
4081,4385,60.2049,0.6825796,0.13995738,0.27967387
4082,4083,3.2257614,0.7179503,0.0024678558,0.0059291422
4082,1413,7.7248535,0.71629846,0.01542493,0.030515507
4083,4082,3.3771515,0.71658325,0.0028293356,0.0062619895
4083,3841,44.078968,0.71693635,0.089272134,0.17499822
4084,1521,2.3542633,0.6921305,0.002887547,0.006954834
4084,995,57.862663,0.6920165,0.1320009,0.26194236
4085,4086,3.3099442,0.6793813,0.0030921474,0.0073682517
4085,6847,25.993773,0.6805662,0.054931395,0.10741262
4086,3457,6.5816727,0.68041587,0.013255663,0.026965633
4086,4085,3.2370148,0.6792089,0.0028988048,0.006945014
4087,4088,3.013008,0.67739534,0.0025606155,0.006302923
4087,2987,17.753376,0.67752403,0.03736039,0.07268062
4088,4087,2.8374825,0.6782182,0.0021512285,0.005668834
4088,5003,36.94037,0.6803069,0.07678192,0.15019086
4089,6005,60.42726,0.5941485,0.08826665,0.17182992
4090,2801,2.6104813,0.68174624,0.004273966,0.008982629
4090,2598,180.17725,0.68171346,0.32389516,0.6412864
4090,1777,25.880133,0.6828761,0.05156601,0.101857364
4091,4092,2.9554634,0.7506738,0.0036447868,0.007092595
4091,3272,21.442505,0.45945027,0.06739664,0.107528426
4092,657,10.706732,0.44009757,0.033185348,0.054034293
4092,4091,2.999054,0.7494907,0.0034802556,0.007038757
4093,4094,1.9389343,0.6854141,0.0019147247,0.004885271
4093,6338,75.96048,0.69095516,0.18011507,0.3588006
4094,4093,2.0609856,0.688732,0.0022480786,0.0055912286
4094,3811,21.651888,0.6893246,0.04907273,0.09489569
4095,6076,0.03967285,0.4107438,0.003038086,0.00020235777
4095,1738,7.146744,0.7329527,0.012895487,0.025963977
4096,4097,4.3251724,0.59065455,0.0065326393,0.013680816
4096,1710,74.9405,0.58520895,0.14330372,0.2811195
4097,6471,12.614355,0.58765215,0.026379026,0.05214037
4098,6471,2.256092,0.5900141,0.006748393,0.013874456
4098,4099,9.834007,0.5913006,0.019320391,0.038139477
4099,4096,3.870533,0.59008396,0.006717846,0.014037222
4100,6575,47.630104,0.63957,0.09089964,0.17901242
4101,3273,17.344042,0.6534853,0.036587045,0.07106681
4101,3833,46.080654,0.6587401,0.0908342,0.17938088
4102,4101,18.018366,0.6593542,0.03747547,0.07245709
4103,4104,2.0713425,0.696478,0.0018826723,0.004534334
4103,3451,7.1690216,0.6983882,0.010543875,0.02145122
4104,4103,2.0701942,0.69723296,0.0018717423,0.0045434386
4104,4042,5.2464943,0.6971361,0.0068503916,0.014380813
4105,4586,0.18531418,0.60789406,0.0043154284,0.009010628
4105,4106,35.54535,0.6412236,0.10841953,0.21473162
4106,4275,30.137535,0.6516551,0.08878729,0.17507067
4107,3483,1.534668,0.63689816,0.0018374771,0.0044133663
4107,4071,23.918028,0.6424727,0.06696364,0.13132387
4108,5648,2.5496826,0.7021407,0.004000172,0.008574426
4108,1731,22.08985,0.07059479,0.078465246,0.15843244
4109,5144,35.45597,0.7117891,0.065777086,0.12760508
4109,265,75.6018,0.70055205,0.13821387,0.27677566
4110,4108,20.718245,0.712024,0.04079434,0.07887528
4110,4113,68.13599,0.7031979,0.12300171,0.24630709
4111,6544,1.8014603,0.70073485,0.0024862662,0.0054970384
4111,3412,15.377689,0.70124966,0.03157755,0.06129718
4112,7034,85.963646,0.70411533,0.15338704,0.30521527
4112,3413,16.269453,0.70034736,0.032328036,0.062696345
4113,4110,67.75963,0.70189106,0.121955335,0.24429579
4113,2004,5.6673927,0.69704676,0.010378331,0.020624995
4114,4115,1.0848427,0.64611095,0.0018978119,0.0048852116
4114,5354,33.390568,0.7041961,0.06607645,0.12614049
4115,2004,2.2863312,0.69391155,0.0039564,0.0077516437
4115,4113,5.9308777,0.7002266,0.011001974,0.022294506
4116,3917,3.727539,0.73996836,0.0050536394,0.01059705
4116,2466,60.841064,0.74672484,0.13868615,0.27516976
4117,4118,2.144596,0.6906779,0.0022830293,0.0053246617
4117,4801,55.843376,0.69206834,0.12897906,0.25687635
4118,4117,2.307209,0.6895776,0.0028403997,0.006496489
4118,3812,30.607765,0.6909383,0.07022404,0.13870084
4119,4120,2.2230759,0.6884534,0.0021889135,0.0054006428
4119,4009,41.858006,0.6925292,0.07921764,0.15360133
4120,4119,2.0713768,0.6889683,0.0019081384,0.0050249845
4120,4012,13.390003,0.6869388,0.02620288,0.051331624
4121,3084,7.5933533,0.47718257,0.021252498,0.041789323
4122,4123,1.8232422,0.7291188,0.0024614409,0.0051109046
4122,3387,36.954823,0.7271037,0.07003207,0.13377668
4123,4122,1.8288918,0.72946405,0.0024386272,0.0050548017
4123,4372,20.040468,0.72821045,0.038675807,0.075268306
4124,751,3.2563324,0.67024696,0.009417996,0.01834163
4125,732,56.92568,0.6625202,0.17587794,0.34483013
4125,4124,21.519842,0.009024739,0.084923774,0.17142518
4126,1099,26.65343,0.0,0.108347,0.23143478
4126,4125,22.57181,0.0,0.06992333,0.15117106
4127,4128,2.7907257,0.6660372,0.008171491,0.01706697
4127,802,36.170094,0.6620489,0.10902543,0.2134805
4128,330,28.930714,0.6706866,0.08574382,0.16984005
4128,6950,69.67285,0.67832863,0.1560956,0.3072742
4129,3138,1.8297768,0.66909933,0.00460124,0.010411918
4129,4127,1.3176498,0.6556568,0.0064759254,0.012703985
4130,2887,1.7048187,0.65746987,0.0042465553,0.0090868175
4130,6174,63.78618,0.67076886,0.11571033,0.23170775
4131,4130,3.553337,0.6701559,0.005875677,0.012478396
4131,749,1.5697823,0.6724614,0.0038538426,0.008814111
4132,4662,3.3905716,0.73463607,0.005437754,0.01136896
4132,7023,36.297607,0.74261177,0.071501344,0.13690689
4132,2063,167.62277,0.74682117,0.328731,0.64978284
4133,3835,2.7122688,0.68622774,0.004282847,0.009561822
4133,873,21.438023,0.6891242,0.05715348,0.11119338
4134,7069,126.38568,0.72806066,0.24069503,0.47786123
4134,3405,21.973198,0.7252207,0.043370698,0.08423442
4134,2220,120.28643,0.72688216,0.21691674,0.43129975
4135,7013,5.227131,0.6691347,0.011898078,0.02358441
4135,6949,20.446188,0.030390233,0.08939946,0.17974919
4136,1285,2.0207024,0.66212296,0.0030137151,0.0069135576
4136,3667,149.46545,0.65909064,0.27451822,0.5421661
4136,3955,54.519196,0.67237705,0.13073316,0.261846
4137,306,3.3611526,0.7313997,0.0055328757,0.011249781
4137,3905,688.9924,0.6919286,1.0021276,1.9702477
4138,577,0.9227905,0.42002946,0.0021521375,0.003716886
4138,4155,2.7523804,0.58571553,0.004700586,0.01004751
4138,2206,40.083733,0.6029885,0.08675405,0.17224917
4139,6299,2.2773857,0.5957677,0.0032522231,0.0070202053
4139,2204,35.579227,0.5937468,0.06877325,0.13503131
4139,4138,35.48601,0.60677207,0.06869165,0.13176626
4140,4124,32.20475,0.6620398,0.09016478,0.17417693
4141,1100,6.845974,0.14437729,0.021209672,0.042288497
4141,4140,5.4435234,0.6705941,0.012402549,0.025025219
4142,5464,359.0343,0.6934671,0.30199233,0.59882
4142,3344,91.08943,0.71687895,0.08559882,0.16652058
4142,3344,65.151695,0.7179529,0.093778126,0.18315314
4143,6907,2.9093704,0.68535745,0.005861208,0.011123747
4143,3938,60.097588,0.69334793,0.12388958,0.24690151
4144,4146,2.0443459,0.68475515,0.003998719,0.008286998
4144,3257,66.88359,0.6960541,0.1213409,0.24231619
4145,6911,2.5172348,0.6870055,0.004540734,0.008637875
4145,3327,46.654903,0.6760345,0.06215775,0.11830966
4146,4143,0.679821,0.14557838,0.0020258054,0.004122123
4147,1999,54.061985,0.5333847,0.105174765,0.20611963
4147,4148,0.38229752,0.54798144,0.0026426986,0.0060096383
4148,4147,0.9221573,0.5537605,0.0034518763,0.0076637715
4148,767,136.67917,0.42325348,0.47827786,0.9277389
4149,6825,35.637638,0.6697414,0.06895947,0.13396104
4150,4151,2.1692505,0.6832758,0.0021786839,0.005412817
4150,4297,26.982883,0.6846063,0.053699296,0.10352025
4151,4150,2.1449165,0.6837107,0.0021075755,0.005265847
4151,6671,13.369358,0.68398845,0.02642826,0.05143535
4152,3954,2.114975,0.6638735,0.0038344339,0.0085808635
4152,6387,7.8166084,0.66134965,0.016093597,0.032189846
4153,1370,35.647392,0.6332314,0.089694194,0.17638135
4153,5994,59.275856,0.6311945,0.120249406,0.23952171
4154,630,2.0775108,0.6049243,0.0037966669,0.008285299
4155,582,1.3308868,0.57794935,0.0026894584,0.006018743
4155,7093,27.428919,0.6086848,0.055286128,0.105452135
4155,6156,54.85675,0.60020113,0.11547416,0.22711165
4156,4362,76.19485,0.15004826,0.20240158,0.40955693
4156,5777,22.119886,0.17654723,0.05365333,0.10039982
4157,1520,125.84984,0.34535104,0.27550134,0.5304326
4157,687,123.421814,0.34372035,0.2706735,0.5212013
4157,4362,29.65782,0.16180858,0.07469467,0.14224194
4158,5045,82.32335,0.4198001,0.2173925,0.4182865
4159,3674,23.34966,0.51864344,0.06733942,0.13095044
4159,5183,6.495064,0.5164897,0.013232209,0.026431814
4160,4161,19.010475,0.4511038,0.052733112,0.10344438
4160,4161,25.914343,0.44543394,0.057380818,0.10890715
4161,5380,38.185123,0.4731747,0.101266555,0.19886474
4162,4563,1.6483536,0.7414846,0.0031812117,0.0065975934
4162,5460,102.15076,0.7452239,0.2046093,0.4073331
4163,2224,3.3745003,0.58390087,0.0061685517,0.012626708
4163,4164,18.545424,0.58142006,0.03887173,0.07558911
4164,5016,7.8199387,0.5769873,0.015225492,0.030382484
4164,1278,24.758604,0.57951295,0.050901275,0.09726068
4165,5357,2.8179932,0.6605133,0.0047693774,0.009982824
4165,3224,114.01621,0.66267365,0.20809552,0.41256565
4165,6826,3.055458,0.66071415,0.0052960888,0.011023998
4166,6930,20.345451,0.7431701,0.040017836,0.07807512
4166,4170,2.0710793,0.735255,0.0036092922,0.0077216476
4167,4182,19.598232,0.7488337,0.03849327,0.07472078
4167,5669,2.153965,0.74362755,0.0035716891,0.008122459
4168,4174,2.7328224,0.7356074,0.0027354434,0.006686628
4168,4174,10.023594,0.73844373,0.018916905,0.03773816
4169,4168,18.776335,0.73948354,0.036934543,0.07182796
4169,4175,2.5764618,0.73633116,0.00423152,0.009146944
4170,6132,5.357773,0.7418662,0.009833738,0.020141855
4171,4176,2.329033,0.7423184,0.0037131906,0.0077558905
4171,6936,30.19343,0.74814177,0.05688137,0.11044939
4172,4182,2.1856651,0.7495054,0.0018224567,0.0040188283
4172,5669,19.648415,0.74876523,0.037292253,0.07367775
4173,4177,0.0,0.43657452,0.0024167523,0.0
4173,4172,5.6946716,0.7508348,0.009771943,0.01930131
4173,4796,65.88721,0.4459818,0.21670789,0.34291142
4174,4175,17.690197,0.7382425,0.034731053,0.0676489
4175,4166,2.4278297,0.7411528,0.0039731488,0.008521542
4176,4167,1.8556519,0.74563557,0.0025962517,0.0060618073
4177,4173,0.0,0.44352752,0.002478443,0.0
4177,5366,19.22708,0.45568466,0.058937587,0.09116439
4178,5136,92.726715,0.6670786,0.16990562,0.33830673
4178,6826,426.41058,0.6596747,0.7749481,1.530322
4178,5683,99.25212,0.6687555,0.18177764,0.36213726
4179,1661,23.400608,0.722654,0.047462955,0.091733485
4179,1660,16.397526,0.7243537,0.03307583,0.06400887
4179,2139,163.08026,0.7203386,0.28861403,0.5707718
4180,2835,58.90998,0.64384943,0.14298475,0.28471616
4180,2591,48.094185,0.64271134,0.09132344,0.1805493
4181,3063,21.931341,0.6446651,0.044840712,0.08675273
4181,4060,68.07294,0.6420194,0.12379886,0.2451019
4182,4177,6.547428,0.74901557,0.011389345,0.02289407
4182,4172,2.0298195,0.75068074,0.0013600588,0.0032124221
4183,342,38.837147,0.70161617,0.074165374,0.14225037
4183,2105,71.58518,0.69797444,0.13052253,0.26152217
4184,1723,2.516636,0.7093956,0.0040030703,0.007760197
4184,4185,73.00676,0.70757544,0.1310215,0.2614717
4184,4575,15.829594,0.7070357,0.03145175,0.06047695
4185,1193,74.66612,0.71127445,0.13370487,0.2686231
4185,4184,75.12804,0.7098982,0.13233837,0.2645928
4186,4995,2.5836792,0.64146984,0.0017945543,0.004918799
4186,4994,51.830418,0.64070684,0.1079461,0.21244028
4187,326,9.617443,0.73016715,0.015980281,0.03184031
4187,2152,98.52806,0.7347201,0.1857594,0.37186414
4188,3250,85.959236,0.65082306,0.15895602,0.315862
4189,5904,34.13955,0.5927615,0.06617345,0.1284915
4190,6513,28.330631,0.7540747,0.05198042,0.100102074
4191,4325,12.113682,0.734065,0.023048222,0.044697896
4191,4791,1.9463806,0.7342408,0.0013176724,0.0032563359
4192,4193,1.8239555,0.72622365,0.0009881556,0.0030774921
4193,4192,2.1427422,0.72676563,0.0016726553,0.004233882
4193,4792,30.112513,0.7330378,0.056599084,0.10890147
4194,4195,1.4990578,0.51916224,0.0026466101,0.0060604066
4195,4194,1.6731415,0.51899403,0.0031468347,0.0071329772
4195,5069,25.660658,0.06125453,0.08068055,0.1611593
4195,2051,67.78218,0.51734227,0.14683676,0.28488362
4196,587,19.862959,0.6583953,0.046549994,0.09023624
4197,133,59.81152,0.66933525,0.1856259,0.36773437
4198,1531,2.1180649,0.6643521,0.0036917105,0.008107454
4198,2576,19.931402,0.015309155,0.0928416,0.1937769
4199,5108,2.2212257,0.66342986,0.00403706,0.00838235
4199,5622,0.5709038,0.007033229,0.0017936751,0.005885273
4200,5351,2.952034,0.66200197,0.005022615,0.010776952
4200,1822,1.8795891,0.66104144,0.0029039085,0.0066147894
4200,5580,9.48098,0.66258776,0.019391969,0.038886875
4201,5968,0.5256653,0.08040556,0.0034548193,0.005972177
4202,4203,1.4108353,0.6675844,0.0034726262,0.007424012
4202,708,22.899126,0.67476195,0.04650885,0.08935527
4203,4202,1.6803055,0.66801465,0.004169695,0.008545905
4203,3220,28.901512,0.6716003,0.08240848,0.1605264
4204,5185,3.199894,0.69084525,0.0073166043,0.015418321
4204,5579,32.94433,0.6852772,0.058267064,0.11342146
4205,4057,3.6398773,0.7367526,0.00739225,0.015012756
4205,4292,25.096453,0.054519087,0.14887996,0.31880534
4206,2582,1.8386192,0.6590543,0.0023561195,0.0055642426
4206,3786,133.73349,0.6628173,0.2725969,0.53831583
4207,1414,2.1385918,0.7220452,0.0030375794,0.005991116
4207,3862,84.25899,0.7199097,0.14986089,0.30016863
4207,6050,34.57466,0.7226679,0.06480855,0.12373716
4208,6050,4.7640343,0.7209337,0.008348443,0.016590655
4208,4466,2.4020424,0.7220187,0.003786914,0.0077193975
4208,6141,2.7954178,0.7120494,0.004894823,0.009667426
4209,4634,3.5909042,0.7457545,0.0067367926,0.013211817
4209,6168,25.739075,0.74334764,0.05194534,0.10061253
4210,4633,11.028074,0.7421509,0.022820652,0.04523313
4210,495,33.57139,0.7380923,0.07157712,0.13853063
4211,3906,7.6081696,0.7385383,0.014205448,0.027486444
4211,4212,2.807579,0.7330833,0.004574932,0.009835482
4212,2964,2.1450043,0.7320025,0.002890475,0.006856635
4213,4214,1.534584,0.4069274,0.0030843392,0.0070839375
4214,319,3.4235497,0.7378892,0.005714938,0.011446208
4214,4215,1.9921074,0.728822,0.003884256,0.0089056045
4215,4211,2.009678,0.7323949,0.0027211383,0.006508544
4216,4217,1.5511055,0.6385189,0.0019218922,0.004904017
4216,4218,31.596142,0.63937694,0.06246669,0.11975004
4217,4216,1.6567955,0.6397033,0.002145715,0.0053627193
4217,4044,51.977516,0.6434219,0.097293556,0.191171
4218,4219,1.4582672,0.6374662,0.001891017,0.004577026
4218,4711,88.763245,0.6413659,0.1651012,0.3274786
4219,4218,1.5766029,0.6355214,0.0021501407,0.0052595735
4219,4217,31.087933,0.64246714,0.06232113,0.118762895
4220,6913,0.495018,0.051043898,0.0028427541,0.0039878786
4221,4222,15.0178795,0.34973967,0.031653132,0.060848773
4221,5473,8.684898,0.34778547,0.021383189,0.040954962
4222,4668,23.61055,0.35556847,0.05512854,0.10370093
4223,3011,9.7078705,0.6750796,0.021873102,0.043101594
4224,5462,2.1418953,0.7372686,0.0040909424,0.008618057
4224,500,25.59838,0.7469838,0.050923545,0.09869055
4225,5460,3.4077835,0.735292,0.0026653036,0.006086454
4225,4563,103.50903,0.74286187,0.20505604,0.40671277
4226,244,3.0846405,0.65748453,0.0043109655,0.009390533
4226,5453,37.136627,0.6639509,0.07748584,0.15202646
4226,1792,78.04819,0.6572822,0.11300562,0.22542202
4227,4226,6.50354,0.6581789,0.013111904,0.026457056
4228,4798,16.699743,0.69617546,0.033487633,0.06477355
4228,4629,62.66053,0.6996833,0.11271051,0.22447166
4228,4758,49.33469,0.70311666,0.07312033,0.13999903
4229,3918,1.0411873,0.5212266,0.0036410838,0.007949293
4229,5241,70.4788,0.5239261,0.2005578,0.39077023
4230,1375,98.91641,0.67658335,0.19661379,0.39024273
4230,752,87.663666,0.68190444,0.17658779,0.35159805
4231,6037,12.6828785,0.021491319,0.084997214,0.18075803
4231,2149,2.4418411,0.73033303,0.0034836456,0.006645903
4232,6393,61.74819,0.6677008,0.08490762,0.16345282
4233,4232,2.4269753,0.6754504,0.0061162934,0.01157327
4233,3487,169.14633,0.09275797,1.3963467,2.8723907
4234,7017,21.686481,0.67124224,0.044498123,0.08604225
4234,4235,18.039896,0.67147475,0.03674152,0.07153755
4235,3831,3.8269272,0.6695764,0.0054481477,0.011763826
4235,856,33.831207,0.670277,0.06578764,0.12631302
4236,705,28.339428,0.69470716,0.058884997,0.113328196
4236,4239,35.514645,0.69412464,0.072143674,0.14118986
4237,917,1.8571129,0.6295565,0.003134802,0.0065728575
4237,911,17.989716,0.017809212,0.082271054,0.16637518
4238,5642,1.8735313,0.68551564,0.004196465,0.009102419
4239,4238,1.917633,0.6899803,0.0036548749,0.00798589
4239,4990,33.11858,0.6918408,0.07773313,0.15152277
4240,6408,2.0501366,0.67450327,0.0034286901,0.0073892027
4240,2573,2.6221962,0.68063533,0.005433604,0.011648789
4241,3586,6.047077,0.63790566,0.011528805,0.023153067
4241,565,10.389053,0.6367955,0.0209544,0.04106027
4242,1443,7.6745605,0.64111245,0.015429005,0.030634418
4242,4241,3.5388832,0.6395685,0.006694153,0.013741672
4243,324,2.8352242,0.72035986,0.004845895,0.009823546
4243,3957,81.52644,0.7224444,0.14350998,0.28689104
4243,4064,2.4627151,0.72036946,0.0038889423,0.007893637
4244,3259,0.92876816,0.5683016,0.003429927,0.007810265
4244,5872,63.817513,0.5558734,0.17497224,0.34135473
4245,996,1.95224,0.68649167,0.0048268437,0.010632187
4245,4246,3.2176666,0.6876624,0.007594861,0.01597716
4246,1862,3.4860077,0.6948911,0.0048534498,0.010443628
4246,6340,111.88049,0.7011502,0.0989175,0.19712478
4247,4248,1.5324707,0.54915595,0.001569368,0.0040652454
4247,6796,15.76186,0.55621076,0.033968553,0.0663919
4248,4247,1.4742203,0.5488161,0.0013861805,0.0036024153
4248,6380,16.11449,0.54932237,0.037516873,0.0738642
4249,688,1.7267838,0.33883333,0.0035955757,0.006766662
4249,5942,59.32629,0.34081534,0.14054626,0.27526397
4250,4255,49.91476,0.70773274,0.05584329,0.106730826
4250,4252,42.999325,0.7157905,0.102738775,0.20201762
4251,3860,2.8528519,0.7185761,0.005861461,0.012458071
4251,4252,55.629807,0.7183129,0.061673626,0.11866683
4252,2804,20.914232,0.7178408,0.0493919,0.09676751
4253,3860,28.657503,0.7169221,0.060145576,0.11552575
4253,4254,39.109844,0.7148723,0.103970505,0.20317775
4254,4465,48.137066,0.71903276,0.12743445,0.24806696
4255,4251,3.1297493,0.7145325,0.0015529171,0.0041158944
4255,2100,19.930481,0.71387684,0.03903079,0.07551263
4256,102,3.4482155,0.65881675,0.005972676,0.012530819
4256,2359,4.0296974,0.6582804,0.007945068,0.016217023
4257,1466,1.8526039,0.6128143,0.0027118102,0.0060003847
4257,4258,55.230778,0.6173051,0.11431478,0.22397736
4258,91,1.9275627,0.6102505,0.0027816668,0.0064781457
4258,1716,66.04914,0.60906637,0.14002125,0.27429405
4259,271,1.649395,0.47733477,0.0023115277,0.0048771948
4260,3404,2.1855164,0.6914946,0.0034758076,0.008090034
4260,6804,47.74388,0.70166683,0.10793714,0.21276894
4261,4264,2.904644,0.72014254,0.0017781928,0.004742354
4261,3358,35.347866,0.7212659,0.07153531,0.13914323
4262,3357,1.8942261,0.7225388,0.0028223023,0.0059877187
4262,2124,56.98609,0.72368914,0.10265119,0.20418625
4262,4265,15.571655,0.7228092,0.031741884,0.061642803
4263,3359,3.4090347,0.7200135,0.002624452,0.006270215
4263,6974,23.686445,0.72433865,0.048993267,0.09494684
4264,4261,2.9129868,0.7206359,0.0017836243,0.0047620684
4264,4263,29.666992,0.72202253,0.060300846,0.11625558
4265,3358,3.0604324,0.7195228,0.0022828504,0.0054765195
4265,4264,34.27736,0.719803,0.06940393,0.13465497
4266,404,1.9115524,0.7211785,0.0029333234,0.0060134083
4266,4262,9.9110565,0.7214215,0.020085335,0.039746568
4267,4266,113.957275,0.72156566,0.22690114,0.44951916
4267,38,30.099281,0.718598,0.061389215,0.11825462
4268,3829,2.4265747,0.3391031,0.0023397878,0.0047124773
4268,3830,16.56668,0.33955455,0.03840868,0.073315196
4269,4760,2.482975,0.6621317,0.004189551,0.009245858
4269,4646,27.403376,0.66579556,0.057644844,0.11044013
4270,785,31.707386,0.671105,0.06681177,0.13068432
4270,4759,60.097984,0.667975,0.12226183,0.2441758
4271,4272,34.992653,0.66063344,0.10566638,0.21058393
4271,6249,30.794353,0.65565646,0.060368497,0.11595041
4272,1711,36.151733,0.64648855,0.11785488,0.23428674
4273,1708,13.985634,0.6520394,0.036190744,0.07042545
4274,6249,3.269207,0.6451323,0.0063324645,0.012811199
4274,4273,31.573849,0.6582459,0.061706558,0.11957455
4274,4686,25.630863,0.65636617,0.054705232,0.10564285
4275,4274,24.467375,0.6547095,0.050704166,0.097820096
4275,4273,34.927464,0.6604586,0.10356188,0.20621789
4276,1909,87.824326,0.5671241,0.16712174,0.32815576
4276,5326,41.37922,0.56927776,0.07896565,0.15216091
4277,6831,2.0657005,0.65360487,0.0039198026,0.008805767
4277,4855,23.175232,0.6598197,0.049697105,0.0949934
4277,1801,21.686121,0.6573691,0.047050804,0.09100522
4278,3321,22.392931,0.65582776,0.053396575,0.10248486
4279,4280,1.8627777,0.64715374,0.002953954,0.0061825365
4279,937,39.928455,0.65084684,0.08314129,0.1634646
4280,4279,1.9167976,0.6435229,0.00288786,0.0060527623
4280,934,70.08727,0.64764255,0.12910695,0.25746965
4280,5260,72.854805,0.6472136,0.14833471,0.29413146
4281,792,10.168453,0.66288334,0.023234539,0.045911998
4281,4282,3.7556992,0.66697913,0.0064452738,0.013296649
4282,6621,14.871443,0.6659531,0.03360677,0.065605365
4282,4281,3.9036293,0.6665157,0.0066773295,0.01371555
4283,5805,1.9232178,0.6846259,0.0044571236,0.009516656
4283,3399,13.568748,0.6873684,0.027760245,0.054746985
4283,3398,23.530172,0.68853444,0.04571658,0.08870097
4284,6582,3.973362,0.66543734,0.0067752227,0.014409661
4285,5145,11.788582,0.65919644,0.040496733,0.08105295
4286,4650,3.0027428,0.6570805,0.004870996,0.010109603
4286,4285,29.301437,0.664542,0.058825526,0.112883426
4286,4829,35.552094,0.6593209,0.06931238,0.13480908
4287,4285,18.951525,0.6638619,0.06611274,0.13118526
4287,4812,26.486027,0.6631912,0.05220368,0.09979555
4288,2896,1.684845,0.65761024,0.0050779358,0.011072218
4288,2897,2.4550056,0.6570116,0.0068794116,0.014546379
4289,4818,31.620718,0.6552806,0.053729918,0.10327267
4289,3507,30.179554,0.65768874,0.055224333,0.10887992
4290,4819,26.008324,0.65579987,0.06356972,0.12427615
4290,2338,15.450104,0.65557754,0.036412895,0.071310565
4291,3277,107.35361,0.667001,0.31362957,0.62347007
4291,3275,172.448,0.6729792,0.3086204,0.6112997
4292,4293,2.4906273,0.7388128,0.0056914985,0.010592684
4292,2448,15.573868,0.0332703,0.069485046,0.14532323
4293,4292,2.5137367,0.7290135,0.004905984,0.010257572
4293,2449,39.165314,0.73674905,0.07570484,0.14434819
4293,2155,44.871746,0.73510885,0.08525727,0.16559684
4294,1714,1.8743591,0.60457104,0.0035499781,0.00746955
4294,3818,1.0314751,0.60146993,0.0063487217,0.012829304
4295,4081,1.5869675,0.6748579,0.0040338784,0.009079456
4296,4295,2.9790535,0.6764094,0.005020246,0.010408267
4296,1363,24.391119,0.6819834,0.05631471,0.109246425
4297,4298,2.148018,0.6821587,0.001991868,0.0051008016
4297,1196,50.043903,0.6892034,0.09277217,0.18215983
4298,4297,2.029499,0.6823265,0.00185287,0.0048259795
4298,4151,27.423748,0.6856431,0.054762345,0.105347626
4299,3522,15.423716,0.66127104,0.039939795,0.07823158
4299,6536,113.81468,0.6599902,0.2084395,0.41317815
4300,6405,23.22242,0.664797,0.046385184,0.08957826
4301,4832,112.20788,0.6928693,0.17183918,0.33840078
4302,3268,17.93718,0.027334899,0.08126898,0.16433011
4303,623,40.5174,0.6322761,0.0986703,0.19482855
4303,4302,44.07739,0.6341477,0.07585272,0.14544073
4304,4737,4.4572716,0.6737361,0.008423552,0.017131627
4304,4736,2.5248184,0.6765429,0.002954252,0.0070443153
4305,2113,49.484943,0.5852425,0.10278664,0.20154409
4305,5963,23.064419,0.585842,0.05040959,0.09623246
4306,548,2.0038567,0.61733353,0.002969183,0.006609589
4306,3446,83.66821,0.62128544,0.17100994,0.33607793
4307,2079,2.1443672,0.7026309,0.0035602525,0.007896736
4307,4309,20.243807,0.7071456,0.04214475,0.08106256
4308,4307,2.2260094,0.7027782,0.0045283213,0.010034725
4308,2078,66.73202,0.7076825,0.11890149,0.23693931
4309,2753,2.0701141,0.704104,0.0029800087,0.006511852
4309,2096,191.85808,0.7063273,0.3367681,0.6663248
4309,4310,49.255653,0.70332897,0.09886895,0.19664113
4310,2753,49.591118,0.7044271,0.10027635,0.19905096
4310,2089,54.756767,0.7042267,0.10903203,0.21694255
4311,1867,1.9188309,0.6983839,0.003690973,0.0083375275
4311,833,7.787857,0.7047912,0.015635781,0.031143472
4312,377,152.32617,0.70715666,0.27360827,0.54103845
4312,4313,7.5659523,0.70291376,0.014375694,0.028604522
4313,2085,102.50212,0.70440054,0.20412453,0.40600687
4313,2080,2.2059479,0.6999653,0.0039675906,0.008818418
4313,4314,12.460487,0.7023472,0.025284566,0.049290568
4314,4311,2.52734,0.701859,0.004786879,0.010634378
4314,1866,49.95981,0.7014969,0.09850049,0.19497085
4315,3839,1.9759712,0.6739673,0.002847612,0.0064967573
4315,797,56.30747,0.6756987,0.114995226,0.2279661
4316,6062,17.671581,0.65960294,0.036552843,0.071818896
4316,6061,15.578239,0.6590166,0.035239354,0.06908187
4317,4743,1.6647606,0.5339678,0.0019385219,0.0047962815
4317,2116,31.714062,0.51934654,0.08018424,0.15291202
4318,880,149.14761,0.655432,0.30095547,0.5951651
4318,4359,4.6449165,0.6567836,0.009208366,0.018869653
4319,191,19.840385,0.68697494,0.045733545,0.08877286
4320,487,8.3428955,0.7414467,0.016450942,0.032004505
4320,4321,8.406467,0.7424747,0.01654379,0.032313496
4321,487,1.986557,0.7405639,0.0036071911,0.007680714
4321,6415,54.923836,0.74264103,0.10693096,0.21246395
4322,1310,1.8151016,0.53914976,0.0025723204,0.0058258474
4322,1311,118.97494,0.5321763,0.23144981,0.45170623
4322,7032,18.643217,0.5423301,0.03907429,0.07575122
4323,1791,43.352245,0.6463567,0.081538305,0.16122693
4324,4816,3.170433,0.73573095,0.005082324,0.010840461
4324,6133,1.8771706,0.73597246,0.001183778,0.0030456036
4325,4792,1.9903831,0.7298507,0.0014460534,0.0035392046
4325,4192,29.867908,0.73386294,0.055918522,0.1077836
4326,4981,3.9329643,0.63203865,0.0030789748,0.007394403
4326,234,2.028881,0.6289678,0.005489096,0.011969373
4327,2955,2.6236115,0.6659977,0.0045449734,0.0101201385
4327,784,1.4642982,0.6640615,0.004045032,0.009125829
4328,3410,161.39972,0.66362435,0.29470268,0.5827727
4328,2956,52.44464,0.6683544,0.09647536,0.19014889
4329,4796,0.0,0.43840775,0.002017729,0.0
4329,6870,59.57248,0.7339963,0.13663931,0.27012032
4329,513,43.71112,0.4282906,0.1534268,0.23544985
4330,1823,21.892847,0.44674802,0.047574185,0.09066402
4331,4861,28.00856,0.4339863,0.057840068,0.10969682
4331,4805,35.90519,0.42979518,0.09304443,0.17794622
4332,294,13.149061,0.74637026,0.026293784,0.051837042
4332,3526,2.7696114,0.7437931,0.0013692379,0.0036462843
4333,5770,14.67182,0.62679994,0.03004016,0.058479905
4334,2661,2.178299,0.61236125,0.0033045039,0.007269934
4334,2658,44.073082,0.61690354,0.08457647,0.16727297
4334,2660,16.987097,0.6103022,0.03258045,0.063131705
4335,849,2.7390862,0.69365805,0.004384026,0.009641901
4335,5522,111.80517,0.69903654,0.33383885,0.664973
4336,3244,1.8458252,0.6825402,0.0039733127,0.008953974
4336,432,40.357384,0.6843275,0.09848595,0.19427565
4337,1807,51.69082,0.6592516,0.13207406,0.26285824
4338,5614,65.05416,0.6565618,0.13170074,0.26200557
4338,1808,29.094448,0.66300535,0.06271154,0.12229565
4339,4341,1.7938576,0.6445964,0.0025023296,0.0061759353
4339,6869,17.02775,0.6522927,0.03596128,0.06944754
4340,6854,1.0729179,0.63473713,0.0011820793,0.0035675615
4340,6855,13.663488,0.6495397,0.028532907,0.055875875
4341,4340,1.8766289,0.64652514,0.00349617,0.007841349
4342,3027,1.9033127,0.6483334,0.0027715117,0.006338179
4342,4374,76.20841,0.6559983,0.1536799,0.30531788
4342,3199,100.447235,0.65446657,0.18534607,0.3678136
4343,3029,1.7197113,0.65250015,0.0027471036,0.006411165
4343,4344,29.11677,0.65761447,0.062949575,0.12146261
4344,4342,10.549517,0.65453744,0.02210842,0.043697655
4344,3028,2.0534096,0.65336704,0.0031236485,0.0066996515
4345,1444,17.013622,0.65002644,0.035623636,0.06924664
4346,1344,1.9751129,0.6560455,0.00310418,0.006726831
4347,4349,1.3022537,0.66563696,0.0027014911,0.005989507
4347,6818,23.95764,0.67371786,0.051509067,0.0985823
4348,6817,4.937546,0.66926754,0.009331815,0.018775031
4348,1548,2.2663383,0.6672323,0.003965713,0.008219108
4348,5243,30.02073,0.6730888,0.058631662,0.112388305
4349,1094,1.6555367,0.66292024,0.0030170754,0.0069242865
4349,1537,10.6087265,0.67196774,0.021521173,0.04242912
4350,6682,65.084946,0.5619386,0.13814443,0.27061486
4350,1229,11.940519,0.5735088,0.025874868,0.050722018
4351,4002,3.644287,0.5859998,0.0054465756,0.011636183
4351,626,45.426228,0.57939655,0.11094342,0.21631971
4352,4713,16.949791,0.61715937,0.038390562,0.074553125
4352,5225,61.87287,0.58722526,0.15595171,0.30455476
4353,4902,2.8597946,0.61857605,0.0020472854,0.005212173
4353,3501,49.923832,0.6283272,0.10339928,0.20276819
4354,2705,2.1679764,0.702772,0.0032986999,0.0068835616
4354,4356,89.973465,0.7081204,0.21236819,0.42129982
4355,4354,2.8395805,0.7070082,0.0066156536,0.014060944
4355,5709,2.4057922,0.6957721,0.0043550953,0.009312585
4355,2717,88.62282,0.7045675,0.17490044,0.34963542
4356,1976,1.6432419,0.70177925,0.0020652786,0.0049589127
4357,3881,2.4182816,0.67580414,0.00411655,0.0083939135
4357,5845,32.06919,0.67754924,0.07596885,0.14995079
4358,3824,42.708946,0.65963393,0.11044744,0.21910241
4358,2959,31.997372,0.6626541,0.07401415,0.1438668
4359,2958,1.9954948,0.6539429,0.0028529987,0.0063431263
4359,4318,4.9145737,0.6570935,0.009773947,0.01991488
4360,2131,1.9962273,0.66660964,0.0036955476,0.008287564
4360,6519,31.6063,0.6595924,0.076005,0.14972484
4361,4360,1.3045845,0.6597208,0.0035954416,0.008146927
4361,3228,2.3336449,0.65581334,0.003711611,0.008047134
4362,4157,29.754417,0.1600467,0.07472688,0.1419157
4362,4156,75.61123,0.15227324,0.2038719,0.4133517
4363,4364,2.6937523,0.3860889,0.0052393526,0.010402784
4363,3163,29.609478,0.07575342,0.085006036,0.17050645
4364,3981,0.94750214,0.059575647,0.003244862,0.0069247037
4365,4366,2.6966476,0.7503564,0.00395789,0.008746013
4365,4371,67.53186,0.7465248,0.121957675,0.24405801
4366,4367,1.4192467,0.74816805,0.0021506473,0.0047674626
4366,3525,65.49883,0.74725044,0.13359484,0.2647881
4367,5167,2.2523842,0.74085593,0.0046595857,0.010100201
4367,3873,31.48395,0.7497293,0.05812441,0.11214228
4368,4366,2.0795288,0.7442311,0.004058115,0.008639947
4368,4365,2.659462,0.7479124,0.004259847,0.009116784
4369,4370,98.08583,0.65409034,0.19978592,0.3949364
4369,3030,203.69276,0.6482059,0.3734486,0.736768
4370,570,2.2354965,0.6460998,0.0047398508,0.009715572
4370,3030,108.789635,0.6571739,0.19755897,0.3917063
4370,4369,97.2359,0.6563631,0.19623843,0.38847116
4371,474,124.438095,0.74671865,0.22490937,0.44734496
4371,2585,102.445854,0.74990404,0.18527381,0.36977142
4371,665,134.349,0.74817085,0.24148637,0.48029983
4371,4365,69.00547,0.7517272,0.121521235,0.24233629
4372,3390,1.9664268,0.72661555,0.001474984,0.0037003905
4372,333,2.061161,0.72433436,0.0032242537,0.0071506053
4373,2851,2.6705894,0.6616616,0.0054380074,0.011231303
4373,4487,1.8239098,0.64987624,0.0032878593,0.007005468
4374,3020,1.9343224,0.65363187,0.0029389933,0.0069162697
4374,3193,1.936863,0.64839107,0.0038420036,0.008572593
4375,2974,1.3985863,0.43891358,0.004345648,0.009097546
4376,4379,2.2069473,0.65891045,0.003950335,0.008917555
4377,2269,2.0300446,0.66633284,0.003126599,0.0071430206
4377,5887,64.45186,0.66676223,0.13039419,0.25926903
4377,3533,136.84274,0.6659447,0.24799252,0.49032688
4378,1787,1.7967834,0.6682981,0.0035324395,0.007565558
4378,5383,131.12268,0.66515887,0.2680638,0.5285791
4379,5381,2.084076,0.6626116,0.0036140606,0.00775218
4379,2243,21.582832,0.66695917,0.046257418,0.09051283
4380,7000,172.65396,0.6525885,0.3521255,0.69362617
4380,2243,9.549519,0.66965485,0.018623412,0.03713581
4381,5382,2.1305733,0.670944,0.003596142,0.0073159933
4381,3045,78.72373,0.6703084,0.16057405,0.31884754
4382,1195,2.123169,0.669726,0.003193535,0.006978929
4382,3450,77.57916,0.6709257,0.14082372,0.28188282
4382,3838,49.46799,0.67359143,0.10006896,0.19790134
4383,659,2.79702,0.7527491,0.0030737072,0.006124139
4383,5636,23.773817,0.45527986,0.07938844,0.13031358
4384,1116,2.0830421,0.6860283,0.0024171844,0.005937189
4384,2788,58.510056,0.69044596,0.13574632,0.2707194
4385,3471,1.7403564,0.67660975,0.004630029,0.010129452
4386,4385,1.7234573,0.67629117,0.0034142956,0.0072063953
4386,1364,58.72496,0.68154776,0.14126626,0.28093377
4387,6724,0.81004715,0.6728379,0.0024727806,0.0054764897
4387,6214,196.41019,0.65768564,0.21758294,0.43214083
4388,4390,2.2411728,0.6629303,0.004155278,0.008868709
4388,245,14.71863,0.6634964,0.029919595,0.05846776
4389,4390,2.691616,0.6651052,0.0049334764,0.009963468
4389,6134,74.0538,0.662867,0.15127316,0.30058768
4390,6213,2.2369537,0.66459036,0.0041240007,0.008748859
4390,4389,2.7288322,0.6640404,0.0047574043,0.009805486
4390,4388,1.93964,0.6598511,0.0029464737,0.006700799
4391,150,2.097828,0.6692256,0.002941057,0.006670162
4391,4392,29.695492,0.6752431,0.06345268,0.121828124
4391,151,68.05673,0.6649591,0.12466924,0.2494749
4392,649,2.0914764,0.6717452,0.0030772015,0.006839782
4392,654,68.788734,0.66781855,0.1252382,0.25099188
4392,4393,5.415268,0.6736195,0.010698035,0.02191563
4393,4394,2.189888,0.6728105,0.004435912,0.009390086
4393,3757,62.38807,0.67070657,0.12722932,0.25432038
4394,4395,6.51976,0.67786145,0.013666995,0.02735205
4394,1398,1.3705406,0.6703192,0.0027253926,0.0060904026
4395,838,2.1040535,0.6732571,0.0034215376,0.006987646
4395,839,51.74521,0.67072093,0.09594414,0.19003409
4395,6118,47.122734,0.67633986,0.096195355,0.19064291
4396,4397,9.52964,0.67916167,0.019201748,0.037774608
4396,6120,6.813999,0.6785998,0.013892777,0.027953714
4397,4398,8.181889,0.68248487,0.016357735,0.032289326
4397,4396,9.369846,0.68100977,0.018805005,0.037066504
4397,160,30.519913,0.6823561,0.060582,0.11507613
4397,159,52.703278,0.6781928,0.0964118,0.19182667
4398,4397,8.618286,0.68031406,0.017253533,0.033914596
4398,4408,7.2815056,0.6839015,0.014893994,0.02972728
4399,463,1.7600594,0.6789976,0.0033928156,0.007074997
4400,477,2.138527,0.6951735,0.003217958,0.0069960654
4400,476,27.486591,0.6939153,0.053853683,0.10406735
4400,4637,28.133495,0.69366914,0.058932774,0.11324015
4401,4406,2.1990967,0.68678516,0.0035942942,0.007338479
4401,476,37.297844,0.6905939,0.071542166,0.1382063
4401,465,18.537764,0.6907518,0.038043346,0.07307973
4402,4412,1.971714,0.68121696,0.0030075386,0.00633806
4402,164,31.637735,0.685318,0.066367306,0.12841666
4402,160,20.42423,0.68288445,0.041037295,0.07901765
4403,4961,32.738388,0.67388785,0.06481108,0.12433603
4403,150,29.798717,0.67141056,0.059756935,0.11422012
4403,149,33.456295,0.67431533,0.06616284,0.12732202
4403,4404,52.738136,0.66804284,0.09917666,0.1966585
4404,4403,53.654224,0.6706146,0.09992257,0.19842388
4404,6744,17.134426,0.6749785,0.039387375,0.076705076
4405,465,1.9978828,0.6878135,0.003031455,0.0067109466
4405,4406,18.633345,0.6888317,0.03878703,0.07468751
4406,4401,2.2738762,0.6865081,0.0036560372,0.007390946
4406,160,19.168665,0.6851224,0.038357034,0.07371916
4406,4407,28.248001,0.68836904,0.059758935,0.11401071
4407,4408,1.679245,0.6636554,0.0031771362,0.0070842803
4407,4398,7.4602013,0.68192244,0.014927335,0.029659435
4408,4399,2.1894073,0.6843464,0.00422325,0.009054318
4408,4409,47.28421,0.681497,0.09851441,0.19513527
4409,158,1.955616,0.6765691,0.0034672841,0.007662669
4409,6401,39.100727,0.677271,0.0805896,0.157603
4409,159,18.096918,0.67838544,0.03738307,0.07228955
4410,165,1.130825,0.6865207,0.0031498596,0.006850615
4410,4411,45.24241,0.6883369,0.09302754,0.18397126
4411,164,2.2350006,0.68283594,0.0034882724,0.0073323995
4411,4412,31.526691,0.68309546,0.06586927,0.12722322
4411,837,50.012604,0.6817718,0.092908405,0.18394858
4412,4402,2.1959267,0.67909014,0.0034826025,0.0073834956
4412,6119,28.01625,0.6827579,0.059760068,0.11394492
4412,475,50.59581,0.67841756,0.09425999,0.18660198
4413,4410,1.6628838,0.6886163,0.0032384694,0.0071359724
4413,1404,25.701118,0.6909366,0.060157508,0.11722682
4414,6724,185.7602,0.665046,0.20817178,0.41391963
4415,4414,12.114111,0.6658803,0.013992004,0.028423518
4415,6212,3.4690132,0.6692277,0.006907366,0.014609098
4416,6734,1.6846313,0.6531929,0.0043185353,0.008889109
4416,108,29.053799,0.65741205,0.06831013,0.13492563
4417,4416,2.296276,0.6648049,0.0064797476,0.013877779
4417,6734,0.5703049,0.39930996,0.003258668,0.0025372058
4418,4417,1.7165985,0.6674987,0.005049981,0.010438502
4418,115,17.024689,0.39395082,0.04465409,0.082400054
4419,2664,2.2171555,0.659005,0.0025973096,0.0061099976
4419,4418,39.802315,0.66332996,0.094500996,0.18654622
4420,2360,25.242067,0.65917397,0.053962756,0.10325263
4420,109,1.7194519,0.6516942,0.0046019554,0.009819359
4420,4419,13.773542,0.6542753,0.03111837,0.060918033
4421,6653,1.9152527,0.7122456,0.004674904,0.009796679
4422,155,65.756004,0.71246505,0.119774245,0.23847397
4422,5086,2.3089485,0.7120713,0.0034123138,0.007849097
4423,4424,24.168781,0.69676584,0.04820441,0.09339676
4423,1301,39.309937,0.6917177,0.07369719,0.14432761
4424,4423,24.43012,0.6978868,0.048735954,0.094565675
4424,1300,34.949432,0.69509894,0.06825795,0.13153993
4425,1326,3.5277557,0.6614272,0.006250739,0.013131157
4425,4426,5.40802,0.6591748,0.009952642,0.020645857
4426,1326,4.379616,0.66104245,0.007486969,0.015298262
4426,245,61.49407,0.6576946,0.113164596,0.2262323
4427,2732,1.7791443,0.6625264,0.0029016286,0.007105097
4427,3755,85.0401,0.6554825,0.17921692,0.35494006
4428,4427,1.8825226,0.6523516,0.003965549,0.008796036
4428,4432,6.857048,0.65648717,0.0135482475,0.027221918
4429,4434,1.4206429,0.65847605,0.0041027516,0.009203032
4430,4429,2.221199,0.6579561,0.0038396344,0.0085024685
4430,170,30.627415,0.6628302,0.07410954,0.14607173
4431,3151,1.9289932,0.6565218,0.00293459,0.006437853
4431,4430,32.424877,0.65722054,0.06351786,0.12171302
4431,152,36.207386,0.65786386,0.07007227,0.13665581
4432,4431,28.145372,0.66239756,0.056929227,0.108610824
4432,648,35.760483,0.65996206,0.07063417,0.13693361
4433,4428,1.896595,0.6610413,0.0035701469,0.007916167
4433,169,32.277473,0.6657331,0.07124757,0.13779895
4434,148,2.041771,0.6546884,0.0031405017,0.0066340417
4434,4435,15.618259,0.65998256,0.03538916,0.06876422
4435,2277,37.020527,0.6598689,0.08770601,0.17252326
4435,148,16.020351,0.6585294,0.035977736,0.07010106
4436,4437,2.0451088,0.703907,0.0030511618,0.0065021664
4436,4439,102.492775,0.7062249,0.20678037,0.4104412
4437,4436,2.0784302,0.70235586,0.0032484755,0.007242158
4437,5420,214.80093,0.703614,0.38261172,0.75455916
4437,4438,24.464355,0.7032079,0.05052478,0.097978
4438,2844,2.0632362,0.70268726,0.0032466948,0.006905183
4438,3315,31.008316,0.7032453,0.064412706,0.12513153
4439,4437,102.37196,0.7043426,0.20689136,0.41051236
4439,5417,12.315546,0.70540035,0.024897903,0.048796847
4440,3733,1.538475,0.5677239,0.0020954385,0.0048880726
4440,3736,167.07982,0.5768706,0.35286167,0.6887116
4441,3378,1.8825722,0.5896051,0.002505213,0.005728379
4441,532,166.16718,0.5796296,0.31454855,0.6179648
4441,4442,25.835411,0.5861947,0.052503634,0.10013669
4442,2042,2.2882729,0.58474785,0.0036991239,0.008024231
4442,4440,62.984962,0.57616514,0.12078285,0.23675738
4443,4444,2.2301178,0.66281796,0.0038918704,0.008836731
4443,1072,39.39763,0.66549563,0.073451705,0.14077175
4444,4443,2.2168732,0.65641546,0.0035110712,0.008091956
4444,113,122.71453,0.6540959,0.2269443,0.44958806
4444,6698,47.58853,0.662654,0.08786671,0.17233752
4445,6599,2.453205,0.6634357,0.004256889,0.009490341
4445,6600,2.3813171,0.6661635,0.003958516,0.008939549
4446,147,2.1697426,0.65798724,0.0040284023,0.008868709
4446,3745,59.78607,0.6573505,0.12106422,0.24141002
4446,112,15.919445,0.66195035,0.033188716,0.06429534
4447,138,4.557972,0.65799946,0.009019263,0.017892092
4447,3743,1.7648506,0.6564726,0.0029799342,0.007040173
4448,352,0.19161606,0.11385879,0.0020669475,0.0049985647
4448,6068,18.625128,0.70905626,0.038639463,0.07516358
4449,145,2.2182884,0.70740783,0.0042808205,0.0091724545
4450,338,13.566071,0.7026704,0.026699945,0.05211173
4450,3300,121.64172,0.7038418,0.21810696,0.43186146
4451,4454,2.2083435,0.703285,0.0035748705,0.007394105
4451,5911,28.399788,0.7033953,0.05878111,0.11293924
4451,352,129.25262,0.70492554,0.23060954,0.45707303
4452,348,2.1741257,0.7028164,0.001977101,0.0046994537
4452,4453,45.80617,0.7007408,0.09316718,0.18373542
4453,3560,2.2031517,0.7037227,0.0020807758,0.004818961
4453,4451,24.40685,0.7032387,0.051205747,0.09816444
4454,4451,2.05616,0.70314735,0.0033705533,0.006613031
4454,3560,24.634226,0.7058906,0.051086854,0.0992171
4455,3937,1.8612709,0.69765663,0.0031216443,0.0073062927
4455,5421,67.35199,0.70363617,0.12285047,0.24519174
4456,4455,2.0411186,0.695076,0.0036306605,0.008070707
4456,3256,32.437325,0.70341885,0.06252639,0.12001388
4457,3844,2.0244102,0.69643503,0.003941305,0.008546129
4457,4456,26.443695,0.7017854,0.05190478,0.1002237
4458,4457,2.0381775,0.700444,0.0032038018,0.007167101
4458,144,29.300842,0.7062464,0.06083919,0.11704588
4459,452,36.750954,0.68220663,0.070536,0.13510063
4459,142,2.0200882,0.6826401,0.003572762,0.007719934
4459,1692,14.613142,0.6881521,0.02990612,0.05828038
4460,3840,2.4211159,0.7178,0.0046659186,0.009715274
4460,45,25.95128,0.7225017,0.059798926,0.115533985
4461,4505,0.92093277,0.6888586,0.005635336,0.012272492
4462,6209,0.33885956,0.42163005,0.0030651987,0.0068135113
4463,2372,1.970211,0.69281995,0.0029317215,0.0062126517
4463,2069,83.191284,0.69695425,0.14938873,0.29884744
4463,346,26.676954,0.69636464,0.054876234,0.106846325
4464,2203,7.6355667,0.6009966,0.017982408,0.036048636
4464,6297,24.643888,0.60465497,0.051336773,0.09756656
4465,4940,22.55539,0.7213526,0.04445584,0.08519153
4465,6254,2.8553505,0.71642524,0.008969471,0.018187374
4466,4208,1.8690262,0.72214645,0.0028625727,0.006023243
4466,6045,28.970707,0.7252613,0.054885466,0.10644624
4466,6571,77.96953,0.7193968,0.1552318,0.31017184
4467,2916,3.1870613,0.69900906,0.005406238,0.011332899
4467,831,176.18932,0.6928581,0.31264323,0.61870813
4467,3857,38.419346,0.70047563,0.072911695,0.14121412
4468,1699,1.6857414,0.6815455,0.003936179,0.008350104
4469,4469,13.260799,0.6886059,0.026643015,0.05190347
4469,4469,13.260799,0.6886059,0.026643015,0.05190347
4469,1944,307.37598,0.68689096,0.5891644,1.1621104
4470,5056,1.7559128,0.57526594,0.0018111393,0.004699841
4470,2115,25.270245,0.5742425,0.06042477,0.116711855
4471,2061,15.144224,0.74472225,0.021737248,0.042066753
4471,296,45.001663,0.75224817,0.07531288,0.1433357
4472,4473,2.37986,0.6294886,0.00644508,0.012984678
4472,5434,26.461908,0.032571018,0.12465341,0.26485237
4473,4472,2.1835442,0.6293409,0.0061146244,0.011622608
4473,3543,41.08938,0.020828217,0.22109109,0.47051883
4474,4715,86.776855,0.67543244,0.19488145,0.38598627
4474,5149,45.61309,0.6561418,0.10689602,0.21093355
4475,2533,57.409725,0.5655532,0.110833146,0.21756938
4476,1960,2.7305908,0.63568264,0.0047841743,0.010679409
4476,2653,170.88318,0.6252087,0.32166135,0.6337597
4477,1941,2.4911919,0.6398045,0.00483907,0.010241911
4477,3338,110.276405,0.641446,0.22333655,0.4411357
4477,1937,49.471252,0.64091444,0.10360868,0.20328982
4478,1937,1.9834747,0.63918686,0.0033757612,0.00702931
4478,3337,100.43219,0.6500373,0.18372759,0.36433148
4478,1941,48.377365,0.6430525,0.1015178,0.1989677
4479,1959,57.396027,0.6472387,0.11702147,0.23333728
4479,4480,11.829601,0.6448426,0.024792932,0.048706576
4480,7000,29.48375,0.65113294,0.06369734,0.12204544
4480,4479,11.65461,0.6450108,0.024670511,0.0487293
4481,4483,1.898323,0.63022834,0.0027338117,0.0061706007
4481,6994,67.791435,0.6388466,0.13848421,0.2751044
4482,4484,2.0518456,0.6356729,0.0035330504,0.008443832
4483,4481,1.7671013,0.62907773,0.0023412853,0.0054489225
4483,2658,123.52386,0.62335426,0.22772846,0.44991148
4483,1467,106.207855,0.6262969,0.2223902,0.43591207
4484,6994,1.4242401,0.63980716,0.0026386976,0.006085545
4484,4483,67.38617,0.6372607,0.1383085,0.27449203
4485,3044,42.684395,0.66392803,0.08098816,0.15939692
4486,3053,32.22127,0.6853012,0.09028144,0.1787022
4487,4490,2.8569298,0.5959837,0.006505981,0.01329951
4487,4373,2.1171875,0.64827144,0.003576301,0.0068336725
4487,3044,127.00774,0.6633327,0.2320764,0.45985734
4488,2841,62.18608,0.6626303,0.14067087,0.27696922
4488,4489,8.57777,0.66070646,0.017720133,0.035330445
4489,2851,1.2795563,0.61702734,0.0030801073,0.0068204105
4489,4487,1.4730759,0.60838115,0.0031153932,0.006804958
4490,1942,3.2519035,0.66243804,0.006246306,0.012626961
4490,4491,36.626244,0.19953623,0.11539391,0.2406125
4491,1943,3.0201073,0.66061324,0.005389385,0.009683624
4491,6069,28.978115,0.03779611,0.09970528,0.21231921
4491,3044,37.01942,0.66398954,0.07069417,0.13793491
4492,4507,10.659235,0.6823818,0.027208358,0.053583905
4493,4509,14.080311,0.6899407,0.028705671,0.056444645
4493,4492,14.77108,0.6839837,0.03697549,0.07233491
4494,4493,38.57444,0.685526,0.11076961,0.21977244
4495,4494,15.811325,0.6822466,0.041508537,0.08168341
4495,4494,22.785345,0.6828161,0.045172513,0.08661765
4496,3053,2.5023727,0.6841647,0.003635183,0.008010566
4496,4067,216.68625,0.68828166,0.38635257,0.76529115
4496,4495,31.973007,0.6866088,0.087460764,0.17205445
4497,2875,2.192936,0.68271905,0.0032408312,0.007346481
4497,2874,95.416664,0.6849655,0.17400211,0.34711355
4497,4496,40.605484,0.68924046,0.11498679,0.22764571
4498,4497,60.031334,0.6905812,0.18084235,0.3609026
4499,4498,21.595638,0.6885459,0.055878304,0.10932357
4499,4498,31.15964,0.6869769,0.06023368,0.1171972
4499,4028,1.3199883,0.67976785,0.0057731196,0.011641115
4500,5874,2.6628342,0.6843461,0.004948832,0.010178208
4500,4499,31.972763,0.6819606,0.09023429,0.1764058
4501,1944,229.08955,0.6846621,0.44094872,0.87021875
4501,5711,13.077618,0.6780373,0.03228066,0.0632171
4502,872,2.420456,0.6872915,0.0034601167,0.007853553
4502,2091,113.66455,0.6895772,0.20665981,0.41052973
4502,5714,30.003298,0.68948984,0.08191818,0.16037638
4503,4502,12.94665,0.69070995,0.03324062,0.06496474
4504,4503,30.718632,0.68803906,0.06102708,0.11787785
4504,4503,21.584658,0.6886007,0.058038812,0.112545736
4505,3977,2.621746,0.6920923,0.0040725917,0.009024605
4505,2091,122.47776,0.6939114,0.22264293,0.44199038
4505,4814,85.50816,0.69799125,0.2562313,0.5110759
4506,4461,32.605145,0.69848424,0.06352563,0.12109788
4506,4461,21.974806,0.6946718,0.05892603,0.11310871
4507,876,1.8928375,0.68597716,0.0036816,0.008185759
4507,6905,9.478424,0.67746127,0.023830071,0.046443343
4508,3093,16.452991,0.68654674,0.03325853,0.06495721
4509,4508,14.828333,0.687832,0.029984813,0.05883243
4509,4508,14.070156,0.68700385,0.029840074,0.058507852
4510,4492,3.3860817,0.68407226,0.005998917,0.012490168
4511,2438,1.2752113,0.6653809,0.0038643554,0.008851796
4511,4382,1.9001808,0.6619311,0.0038585737,0.00858134
4512,4514,2.6170769,0.67387575,0.0042921826,0.009250522
4512,829,224.51953,0.67530894,0.40356272,0.79662526
4513,2434,52.26965,0.6752002,0.12663169,0.25184426
4513,4511,5.468708,0.6726563,0.011069581,0.022575527
4514,1194,2.4483948,0.6681385,0.0040909573,0.008548558
4514,4513,2.4758492,0.6687547,0.0047815666,0.0102804005
4514,3892,77.76805,0.6718173,0.14165717,0.2838508
4515,5444,2.881176,0.6703118,0.0066199675,0.0136065185
4516,4519,1.8536453,0.6747547,0.0024414137,0.0059923083
4516,799,56.6789,0.6750086,0.10567154,0.2108373
4517,4518,1.7445908,0.6762774,0.0034123287,0.0077975094
4517,815,64.81285,0.6782491,0.13330846,0.2656335
4518,813,2.6026917,0.67764044,0.005095847,0.010737449
4518,4532,22.854065,0.678786,0.04829699,0.09390236
4519,4517,1.823555,0.67617077,0.0039162487,0.008321404
4519,6832,3.859146,0.6745424,0.007814243,0.016111419
4520,4521,43.94886,0.45026398,0.11310879,0.21904656
4521,1477,1.8389702,0.45896944,0.0025651231,0.0054038614
4521,4526,71.31853,0.45991796,0.14302775,0.2763724
4522,698,1.4182587,0.5235208,0.0022796243,0.005299136
4522,1896,29.15152,0.5236362,0.050982777,0.09743844
4523,3286,84.53839,0.5257918,0.17662528,0.3425409
4523,4524,4.270527,0.52549136,0.006380059,0.01293318
4524,4522,1.8327942,0.5261586,0.0014970824,0.003438726
4525,5591,50.24793,0.4097096,0.101973034,0.19290012
4525,4520,67.05539,0.4254719,0.17738202,0.341029
4526,4521,70.73066,0.4575972,0.14119363,0.2731252
4526,1478,83.20236,0.4765343,0.16645472,0.32212824
4527,2401,2.0639534,0.682317,0.0032328442,0.007170409
4527,4531,3.1824188,0.6851661,0.0061859265,0.013149634
4528,3533,167.49619,0.66947114,0.33368587,0.6566871
4528,4530,20.238598,0.6782061,0.04229423,0.08153879
4529,3070,2.1238441,0.68352526,0.0033213273,0.0070900023
4529,4527,11.426205,0.6838081,0.023580968,0.046550766
4530,6683,2.141407,0.67605,0.0032798871,0.0068197995
4530,4529,130.58018,0.6827517,0.26387918,0.5199192
4531,6787,1.9899673,0.67958975,0.0030320063,0.0066601187
4531,875,60.04356,0.68438876,0.109402016,0.21743393
4531,5873,42.910473,0.6835729,0.08679204,0.17152354
4532,6866,1.9408531,0.6734122,0.0033085048,0.0073992014
4533,4537,3.257431,0.6470807,0.006399572,0.013513118
4533,2872,14.831074,0.6468626,0.030805893,0.06026555
4534,1148,170.67001,0.6500523,0.31244943,0.6175054
4534,6224,182.04463,0.64208406,0.36969924,0.72696483
4535,2754,2.2724838,0.65029806,0.0037576333,0.008564413
4535,1144,234.71199,0.6563862,0.43139902,0.84936273
4535,4534,8.993053,0.6555142,0.018731892,0.037254155
4536,4535,29.633945,0.6587975,0.064721115,0.1253242
4536,2389,48.44962,0.6627313,0.097764164,0.19392563
4537,6224,1.7298584,0.6421827,0.0021632463,0.0052867383
4537,1460,231.85893,0.6394557,0.42883363,0.8442056
4537,2754,188.75322,0.64338255,0.3817817,0.7511581
4538,2044,1.9205284,0.31973186,0.0044513196,0.008491978
4539,4585,52.136326,0.63978326,0.097867854,0.1926113
4539,3043,85.62848,0.64530575,0.15916646,0.3167477
4540,3731,1.7750206,0.5385665,0.0040962845,0.008937091
4540,2505,2.8256264,0.5394753,0.0021928847,0.0053938925
4541,4542,1.5046082,0.66285,0.0024414584,0.005336091
4541,6251,48.162712,0.6631905,0.1522986,0.30476794
4542,6253,0.33387375,0.54195267,0.00296551,0.0051163137
4542,4543,42.8303,0.6638737,0.0886011,0.17615423
4543,105,1.990078,0.65891963,0.002898492,0.0065660477
4543,2720,87.212494,0.66022056,0.16024287,0.3198827
4543,4545,55.121944,0.66147304,0.111983344,0.22287977
4544,131,207.44922,0.66149306,0.38152936,0.75408
4544,4553,4.0353622,0.6640748,0.0066911206,0.014079243
4545,131,136.28821,0.65833664,0.27244866,0.53976554
4545,105,54.852894,0.65993845,0.11137605,0.22121416
4546,3250,20.206028,0.6489373,0.041524317,0.08041993
4546,4559,29.27776,0.6511817,0.058964994,0.11276955
4547,17,1.3655319,0.5404175,0.0023602769,0.0058063865
4548,3982,0.52433777,0.13809857,0.0020124242,0.004872799
4548,4551,79.55797,0.44432482,0.16456878,0.31733227
4549,2423,6.741432,0.21818316,0.0156185925,0.030638546
4549,4548,2.195446,0.4166424,0.004325874,0.009093091
4550,2023,2.6823769,0.47337747,0.0050553307,0.01018469
4550,3730,133.18378,0.502253,0.26606098,0.51593506
4551,4550,2.6374588,0.47247335,0.0048092008,0.009533137
4551,2023,1.8270683,0.47188276,0.0028409064,0.0057616234
4551,2049,73.071976,0.46193808,0.14945564,0.28866583
4552,4555,20.938766,0.667294,0.042460177,0.08183537
4552,6472,3.0417671,0.6644733,0.0054953992,0.011520758
4553,6472,2.1667137,0.6637044,0.003190741,0.0074936897
4554,4555,3.9077187,0.66674674,0.005768612,0.012146667
4554,4553,21.969244,0.66522926,0.04472256,0.08617355
4555,4554,3.8224258,0.6673286,0.005601205,0.011820853
4555,132,18.012941,0.66498756,0.036741056,0.070879444
4556,4557,53.146854,0.67125535,0.09866214,0.19639322
4556,2618,29.119934,0.66989136,0.058186635,0.11130074
4556,134,50.87126,0.6713572,0.09466194,0.18803126
4557,4560,57.76635,0.6725658,0.105892695,0.21149027
4557,5550,25.769953,0.67166865,0.05174942,0.09981792
4557,4556,53.23242,0.6703074,0.09815296,0.19530828
4558,135,2.6312675,0.67603827,0.0043498427,0.009257123
4558,5550,56.90143,0.67204857,0.10535209,0.20980461
4558,4560,51.4905,0.67424846,0.09573401,0.19057603
4559,1149,1.8103676,0.6467103,0.0027060285,0.0061856806
4559,3453,70.40752,0.64989835,0.12971805,0.2580969
4560,4557,57.811657,0.6722609,0.1064814,0.21271405
4560,4558,51.81717,0.67355925,0.096047394,0.19069248
4560,134,54.028236,0.6720947,0.10010191,0.19925676
4561,2202,13.088598,0.6666294,0.026398271,0.05155249
4561,4562,5.415806,0.6687139,0.009971753,0.020471632
4562,3708,15.795303,0.66931474,0.036049876,0.070486665
4563,4565,2.0469742,0.7378139,0.003865637,0.008222476
4563,499,10.715502,0.7401131,0.021161303,0.040770754
4564,4162,1.9097176,0.7401314,0.0040823296,0.008298829
4564,6808,37.355167,0.7452103,0.074723795,0.14595324
4565,4564,1.9187508,0.73920375,0.0039214045,0.0080592185
4565,4566,7.0260925,0.74491596,0.013161741,0.025963023
4566,4564,6.649906,0.7455437,0.012165926,0.024328664
4566,320,43.01287,0.7419769,0.08070743,0.15519674
4567,321,124.70813,0.7399512,0.24285248,0.4819827
4567,4569,6.950142,0.7386024,0.013992541,0.028040856
4568,313,10.543402,0.7414021,0.020290397,0.039818972
4568,500,14.017603,0.7437662,0.02818349,0.054583192
4569,313,2.2087898,0.739356,0.002145432,0.004599437
4569,317,56.965927,0.7420898,0.10000494,0.19868952
4569,4568,10.346172,0.74354124,0.020873502,0.040830806
4570,3126,61.944214,0.7358856,0.11651865,0.22843511
4570,4571,6.3811493,0.73652583,0.012231782,0.02435559
4571,300,2.0447502,0.74252975,0.002985768,0.0060808957
4571,4572,7.5381966,0.7371174,0.014857911,0.029358476
4572,300,7.155205,0.7382426,0.014047749,0.027714163
4572,4573,53.30056,0.7413286,0.100633174,0.19606826
4573,4572,52.483894,0.74083453,0.09848996,0.19261138
4573,301,8.417004,0.73953295,0.017184518,0.03375624
4574,301,2.6520615,0.73365813,0.0052466094,0.010179773
4574,4573,8.437016,0.736205,0.016665034,0.032677352
4574,3133,48.42592,0.7315918,0.09418747,0.18304163
4575,3643,66.520905,0.7091595,0.119780436,0.23920414
4575,4184,16.235767,0.7087215,0.032239158,0.062376834
4575,5414,136.58234,0.71002084,0.2464692,0.48868108
4576,2729,7.2025414,0.7097187,0.013358772,0.026711479
4576,682,38.634716,0.70666456,0.07806033,0.15396848
4577,2819,2.0345383,0.6448183,0.0027007312,0.006170258
4577,4579,11.860153,0.64833456,0.025012627,0.049501747
4578,4579,2.1880264,0.64575857,0.002285026,0.005506575
4578,4577,11.840515,0.646861,0.024902157,0.04914157
4579,4578,2.2332764,0.6467933,0.002390042,0.0055353343
4579,4581,70.065094,0.64971673,0.14290479,0.28416467
4580,4581,2.2462845,0.6500223,0.0024369657,0.00577797
4580,4578,69.45746,0.6495781,0.14270267,0.28376395
4581,4580,2.4639282,0.64740145,0.0029055253,0.0067224205
4581,3940,107.369064,0.654521,0.21964628,0.4331777
4582,1776,32.074867,0.6848973,0.062182195,0.120104805
4582,6510,85.89671,0.6847907,0.20073766,0.39787966
4583,2647,1.8785172,0.6466082,0.0030208975,0.0069403797
4583,1470,212.24593,0.65065575,0.38858005,0.7662197
4583,6995,114.41657,0.64037454,0.23109886,0.45474082
4584,3323,2.657421,0.5564288,0.0052915365,0.011455566
4584,3682,0.41651154,0.03352663,0.0007487014,0.0012712479
4585,2662,1.784008,0.6361414,0.0031294227,0.006856382
4585,4539,53.91902,0.63752604,0.0996603,0.19614673
4586,4105,0.12530899,0.60121995,0.0042079315,0.008589879
4586,82,29.040318,0.6402629,0.057843905,0.111714914
4587,2291,3.0841484,0.69445056,0.0062073395,0.013839841
4587,2774,2.1331787,0.6808426,0.0041434243,0.009426415
4588,6182,3.9396896,0.6476626,0.007863238,0.01645793
4590,5353,118.76585,0.4998963,0.23654026,0.45756304
4591,2850,46.52893,0.7034383,0.08434128,0.16440576
4591,2840,38.970448,0.7045125,0.074484184,0.14533293
4592,3983,5.307907,0.56013966,0.0116775185,0.024059072
4592,5665,2.535263,0.55093026,0.001682207,0.00424546
4593,329,3.608181,0.71600384,0.0031953678,0.0073933005
4593,310,108.572395,0.72092223,0.21240371,0.42065465
4594,4251,37.005123,0.7192528,0.06986559,0.13455327
4594,4619,33.830193,0.72077817,0.06487083,0.123925336
4595,3081,1.9454689,0.72888994,0.003204234,0.006720394
4595,3763,35.304764,0.73037004,0.07055671,0.13854621
4596,74,2.71595,0.7239822,0.00451532,0.0101067275
4596,73,85.07596,0.7268786,0.20872425,0.4175552
4596,3307,46.8016,0.7231318,0.08551443,0.16609184
4597,4599,2.1703415,0.72026956,0.0032725558,0.006957501
4597,34,139.6954,0.71986914,0.25100663,0.4974491
4597,5358,55.028248,0.7180799,0.11040975,0.21818998
4598,1978,1.8686066,0.72376853,0.0025829524,0.0058414787
4598,4615,12.915276,0.72694397,0.02592168,0.05036652
4599,4597,2.0370293,0.7198467,0.0032149851,0.0069619566
4599,40,6.152603,0.7190572,0.012080468,0.024434134
4600,39,1.8418694,0.7093202,0.0034820214,0.0074560046
4600,4601,2.647091,0.7229995,0.0044542253,0.00946261
4601,39,2.7724457,0.72282416,0.0043579787,0.009594604
4601,2101,130.45584,0.7219902,0.23548678,0.46684885
4602,5990,2.7990685,0.7282336,0.005490847,0.011226714
4602,2820,2.5355263,0.7291473,0.0040150136,0.008199304
4603,4604,2.0862274,0.70534134,0.004195273,0.008512601
4603,355,41.829014,0.7146092,0.092187,0.1806773
4604,1980,1.6988945,0.69807094,0.0046050325,0.009536952
4604,4606,57.3714,0.7164664,0.1153971,0.22877002
4605,2095,2.0539398,0.7190052,0.0031105056,0.0064795464
4605,3082,41.834816,0.71863747,0.07795952,0.15098521
4605,6999,11.81687,0.71897626,0.024021976,0.04704544
4606,4607,3.214695,0.7124608,0.0029180497,0.0066374093
4606,4605,40.523167,0.7159178,0.08163491,0.1601209
4607,4606,3.0547638,0.712837,0.0026091188,0.006018266
4607,1980,58.070004,0.7190752,0.11591928,0.22909138
4608,6305,3.1800766,0.7291118,0.003974758,0.0080676675
4608,1618,1.9074554,0.7298339,0.0029971153,0.0062855184
4608,6153,26.736042,0.7326648,0.05244988,0.10138884
4609,4608,21.504911,0.73271364,0.04154832,0.08097707
4609,2151,50.02362,0.7314595,0.09157103,0.18118401
4610,2048,3.6963692,0.5847867,0.0070470795,0.014327019
4611,4612,2.3851967,0.6961688,0.0029423833,0.006294176
4611,2169,67.022354,0.697734,0.1664607,0.33207452
4612,260,1.4741058,0.6955614,0.003994614,0.009054676
4612,4613,119.03343,0.7014507,0.2191822,0.43594146
4613,260,119.63454,0.7048138,0.21979281,0.43732762
4613,394,4.973358,0.6969426,0.00930544,0.019286126
4614,3255,2.8104362,0.725176,0.0016785637,0.0046862066
4614,3255,3.5379257,0.72284406,0.0065800324,0.013939127
4615,2824,1.7079926,0.729728,0.0021272972,0.004898548
4615,4614,8.333763,0.72781837,0.016735919,0.033180714
4616,2820,3.7889023,0.7285274,0.0076252148,0.015627384
4616,5990,1.5941238,0.72898996,0.0025592297,0.0055939853
4617,2924,84.69638,0.7336625,0.19928885,0.3977108
4617,2923,68.01163,0.7312567,0.1593911,0.31869814
4617,2963,100.35979,0.73233265,0.1780735,0.35600078
4618,753,11.942831,0.66692436,0.02434694,0.04783359
4619,4594,34.232643,0.7200595,0.0652941,0.124299526
4619,1956,10.753269,0.7175269,0.020860381,0.041103333
4620,1956,1.7851982,0.71177286,0.0026823804,0.006034568
4620,2071,217.68951,0.712556,0.38526803,0.7612821
4620,4619,10.668217,0.71559954,0.020278253,0.03956966
4621,4620,5.9772453,0.7153294,0.01129026,0.022671014
4621,2099,93.33216,0.71585274,0.16528696,0.33200043
4622,3959,3.4807243,0.7214534,0.005970508,0.012163594
4622,7073,63.801582,0.72274345,0.11927789,0.2379286
4622,4623,9.948059,0.72236466,0.01170893,0.024647966
4623,3958,8.824482,0.7204155,0.017641783,0.0348932
4624,3557,2.0401192,0.71928036,0.0030544475,0.0065374225
4624,309,46.348824,0.7228159,0.08542426,0.16578443
4624,3556,43.16016,0.72121435,0.080273315,0.15676725
4624,5441,35.299187,0.72405493,0.06618878,0.126823
4625,6165,0.0,0.056006134,0.0044594854,0.009770006
4626,4635,2.7904015,0.7380174,0.0025517344,0.0055540353
4626,1616,2.2784958,0.7379725,0.003827855,0.008026391
4626,4132,120.98547,0.74249184,0.23087561,0.45907623
4627,4628,31.244835,0.71685296,0.05324979,0.10391366
4627,6159,26.85223,0.7201717,0.054099508,0.10495926
4627,399,27.234554,0.71865845,0.05543848,0.10738942
4628,399,4.419159,0.7071114,0.0055134073,0.011339918
4628,5324,369.65417,0.69940734,0.4873927,0.9625933
4628,4627,31.246859,0.71588385,0.053099953,0.10331948
4629,6526,62.45205,0.6949992,0.12348412,0.2461811
4629,3349,44.150063,0.7030352,0.08720783,0.17091691
4629,4228,62.59732,0.695053,0.11266911,0.22328547
4630,670,48.15442,0.7101834,0.14396872,0.2856007
4630,672,36.594913,0.7087975,0.07079074,0.1364097
4631,4752,2.2014008,0.6719038,0.0025801137,0.006291017
4631,2193,81.774826,0.6670962,0.19924314,0.395457
4632,21,0.90628815,0.013526738,0.0034790933,0.008446917
4633,4209,7.6409645,0.73003066,0.009346388,0.019211933
4633,4634,2.7602463,0.7385195,0.0061139837,0.012648582
4634,4209,4.2568398,0.7446426,0.008057773,0.015880361
4634,1617,1.7085114,0.7438842,0.0027289167,0.0057337284
4635,4625,3.9147453,0.7447021,0.004511036,0.009562388
4635,2232,21.766687,0.09364417,0.09133823,0.19231796
4636,470,2.5250702,0.68705857,0.004154846,0.008886322
4636,476,29.859844,0.68980277,0.058947437,0.1127556
4637,469,1.7918167,0.6782932,0.0035308823,0.0076222867
4637,4636,27.634642,0.6908933,0.05581431,0.10704693
4638,4637,1.8783073,0.69024473,0.0031400993,0.0070268214
4638,477,27.916458,0.6984232,0.058707498,0.11283357
4639,156,1.9885712,0.6966847,0.0035472438,0.008104548
4639,4638,67.13024,0.70030046,0.1215635,0.24292913
4640,468,28.855658,0.7075738,0.056625824,0.1087296
4640,5424,2.3865166,0.70051837,0.0037675798,0.007988617
4641,2761,35.90427,0.6640619,0.061264776,0.11875558
4642,4641,4.568985,0.6616908,0.0072382092,0.015250057
4642,102,47.617455,0.6559974,0.0888329,0.17652692
4642,2836,2.4589653,0.6550833,0.0037864968,0.008342028
4643,4778,2.6844063,0.67414325,0.0032339916,0.007705733
4644,4462,3.43816,0.6774859,0.010798842,0.021615729
4645,5693,2.6370888,0.6659959,0.0053993687,0.011691272
4645,6171,7.8625603,0.67181087,0.008305863,0.017884776
4646,3482,4.523739,0.66128284,0.008809097,0.018113017
4646,4269,27.559904,0.6665709,0.057999805,0.11057434
4647,4646,4.755043,0.6627576,0.009042062,0.018868193
4648,4649,2.408764,0.6761195,0.003836155,0.008875951
4648,4007,60.193474,0.6875791,0.109489515,0.21802655
4649,4005,2.2755852,0.6797455,0.0036446154,0.008574992
4650,4286,2.920063,0.66005063,0.004782416,0.010025412
4650,4829,36.233025,0.6590925,0.070594594,0.13741079
4651,4652,2.756031,0.6636402,0.0049608573,0.01042518
4651,3574,28.335258,0.6680056,0.057050887,0.110091895
4652,4651,1.7369194,0.6613423,0.0023019314,0.005460173
4652,4829,139.56584,0.65737003,0.25426808,0.5033234
4653,2751,2.4043007,0.6865613,0.00417576,0.0089636445
4653,4909,15.749228,0.68670833,0.030653391,0.059919536
4653,6384,28.818146,0.6890424,0.05920257,0.113709435
4654,4986,1.9193306,0.69337654,0.0037753433,0.008710414
4654,5630,142.7491,0.69204205,0.20454717,0.40814
4655,1038,3.3475761,0.6906283,0.0061959475,0.013305232
4655,6339,80.24109,0.68894434,0.11180222,0.22352517
4656,5605,2.2555199,0.6908663,0.0053059235,0.0114457905
4656,5604,27.4333,0.69629514,0.057139274,0.1115721
4657,5629,2.0960045,0.693349,0.0040600672,0.009434417
4657,5857,68.314514,0.69226074,0.10305146,0.20381968
4658,3899,2.2565956,0.7351351,0.0023632422,0.005274743
4659,440,1.8767166,0.6817183,0.004573889,0.010021701
4659,436,28.238922,0.6886445,0.06613122,0.1279966
4660,6238,25.20505,0.6979793,0.05817316,0.11387042
4660,6237,253.30339,0.0,1.0539818,2.2059195
4661,539,1.1477356,0.520436,0.0038918108,0.008073881
4661,5266,38.182503,0.51936454,0.076121286,0.14745171
4662,4132,2.9976234,0.7378669,0.005494401,0.010937899
4662,7022,8.110771,0.030608028,0.057136197,0.123208
4663,6229,36.69471,0.75033337,0.068404965,0.13163227
4663,3904,16.736885,0.44584632,0.056580625,0.09553604
4664,2937,4.1652145,0.7410377,0.001013115,0.0026749521
4664,2825,26.672,0.44976747,0.097440764,0.15660924
4665,4666,1.7512245,0.39174384,0.0027493238,0.005595416
4665,1985,156.06468,0.38736436,0.33481345,0.64242995
4665,1974,52.725643,0.3806365,0.11232776,0.21537326
4666,4665,1.7367668,0.39336193,0.002992548,0.0061245114
4666,2397,94.9946,0.40606436,0.1963449,0.3763156
4667,4668,2.3800926,0.3579014,0.0037658513,0.007320121
4667,5469,7.118923,0.36023855,0.018268071,0.035261452
4668,6506,2.2393723,0.3592068,0.0054613575,0.010517105
4668,4667,2.2329369,0.35959402,0.0038175657,0.0075083524
4669,4650,31.116001,0.66182184,0.06321224,0.11995934
4669,5625,70.04239,0.6636502,0.22379053,0.44594508
4670,5347,116.61647,0.5410973,0.3013691,0.5879586
4670,5347,152.50375,0.53652114,0.2969744,0.579613
4671,4842,0.8355675,0.55051285,0.002844341,0.006267637
4671,4672,14.694309,0.5563835,0.0346366,0.06773268
4671,3688,36.47268,0.55351484,0.090701535,0.17567147
4672,4673,120.1351,0.5424324,0.31248003,0.6091972
4672,4671,14.67448,0.5538624,0.03460052,0.06771337
4673,6177,9.858784,0.5348912,0.023112677,0.045668453
4674,767,1.2078743,0.4139157,0.004779801,0.009546697
4674,1154,75.67795,0.43640357,0.15292461,0.2945376
4674,1154,70.714905,0.4356699,0.1441588,0.27765724
4675,1715,14.664003,0.61184156,0.03785647,0.07410704
4676,4675,20.944643,0.6119559,0.058446184,0.113558315
4676,4675,29.175455,0.60953236,0.058889862,0.11346486
4677,4678,1.5958214,0.49852142,0.002125904,0.0044448227
4677,2229,60.99414,0.49283516,0.121073,0.23618282
4677,5204,27.987217,0.5066949,0.06250284,0.11890115
4678,4677,1.5540924,0.49811468,0.0020691454,0.0043123215
4678,1455,66.65414,0.5047413,0.13140306,0.25616962
4678,6638,51.487396,0.48396888,0.11478526,0.22318089
4679,4815,2.1863136,0.37542772,0.005442381,0.010483533
4679,2284,14.798725,0.3812228,0.03578943,0.068441264
4680,1536,69.87636,0.66862226,0.13029735,0.26041186
4680,5184,31.739182,0.6739793,0.06291952,0.12093924
4681,32,14.513264,0.7142592,0.029199801,0.056729227
4681,6596,8.811443,0.71379536,0.017485604,0.034377873
4681,3294,12.139656,0.716121,0.02431535,0.04726775
4682,5720,5.7584953,0.6100476,0.013917543,0.028137073
4683,625,28.378355,0.6104888,0.06932223,0.13352671
4683,4682,3.7181854,0.60527325,0.0053952187,0.011633158
4684,417,2.2079926,0.66761774,0.0033998936,0.008084327
4684,1345,49.714188,0.67116046,0.056498263,0.10664593
4685,1006,2.002388,0.6661553,0.0030505657,0.0067991465
4685,4851,61.3192,0.666497,0.12821499,0.25546524
4686,2721,1.9793282,0.6494846,0.002854675,0.006281033
4686,7065,57.058537,0.6561314,0.1155732,0.22981171
4687,728,2.2499008,0.67534196,0.0035409331,0.0077341646
4687,812,42.30422,0.6735461,0.08037336,0.15890908
4687,3328,7.391506,0.6730287,0.01478719,0.029631123
4688,744,2.833908,0.67504525,0.0048183054,0.010053441
4688,678,2.3940468,0.67333966,0.0037667751,0.008100808
4688,2837,23.476862,0.672705,0.04761738,0.092963874
4689,744,2.1078148,0.6685736,0.0054323673,0.0111607015
4689,678,2.9679031,0.67622817,0.005658239,0.012108013
4690,5174,1.9093056,0.67554575,0.0047204867,0.009893969
4691,4690,2.5635185,0.68970126,0.0046842843,0.009827405
4691,6803,66.06082,0.69448894,0.15479672,0.3042
4692,1027,29.759666,0.6797304,0.07142112,0.13944852
4692,693,94.65489,0.6780309,0.086687,0.16704172
4693,2865,12.9167,0.6539636,0.027165398,0.0532448
4693,567,80.72996,0.648945,0.16373722,0.325087
4694,4695,13.468489,0.6629624,0.027982421,0.05468919
4694,975,124.69343,0.6558766,0.2295925,0.45447075
4695,4974,1.8988991,0.6585567,0.0033232719,0.0075405985
4695,262,128.82382,0.6591465,0.24208704,0.47876418
4696,968,13.22407,0.6623785,0.027057491,0.053000644
4696,4694,45.011955,0.6610252,0.08959516,0.17598698
4697,2871,2.0718765,0.6381001,0.0029979348,0.0065760165
4697,1146,46.08508,0.64080554,0.086756505,0.17057607
4697,6028,13.908577,0.6406499,0.029270664,0.057282165
4698,818,1.9237213,0.63758284,0.0033961907,0.00742203
4698,1146,29.689978,0.6404554,0.06321351,0.12275191
4698,6031,6.4535217,0.6371022,0.013094977,0.026593193
4699,4992,47.34742,0.61189497,0.10030634,0.19471848
4699,3509,5.853451,0.6118596,0.012346387,0.024879873
4700,6774,3.2526703,0.608211,0.005664043,0.011494756
4700,3355,9.768227,0.61120903,0.020648122,0.040991247
4701,6843,4.2646446,0.5074272,0.009306587,0.018702865
4701,522,2.2428093,0.50685847,0.0048216954,0.010358527
4701,6840,1.3345299,0.50898176,0.0030850992,0.0069069415
4702,521,1.524498,0.4993943,0.0027863234,0.0060593486
4702,1856,124.2838,0.53069055,0.26345795,0.5121048
4702,6840,58.427856,0.5038419,0.12937908,0.25221956
4703,542,48.209843,0.6065794,0.09855048,0.19151
4703,4704,2.4861412,0.6062874,0.0043520182,0.009294048
4704,4699,17.580894,0.61520404,0.037389535,0.07281293
4705,3509,21.202888,0.61346936,0.045858286,0.088689424
4705,4924,57.922276,0.60939646,0.14749359,0.28903353
4706,1016,2.104435,0.6623748,0.0030824244,0.0069027245
4706,5139,36.901806,0.67215073,0.0713056,0.13651268
4707,4708,2.6975937,0.71091086,0.0047760084,0.009722561
4707,2830,50.29602,0.71358377,0.11337891,0.22461689
4708,5230,2.4227524,0.71059364,0.005249016,0.011304587
4709,808,1.9339714,0.6764516,0.0027053133,0.0061044693
4709,1185,87.2424,0.6754977,0.15912473,0.3175678
4709,6964,121.90961,0.6784178,0.24862278,0.489546
4710,1871,3.9475746,0.43197346,0.012045279,0.017722428
4711,3063,50.462,0.64449364,0.09517168,0.18777768
4711,4219,85.99359,0.6408189,0.15999085,0.31744337
4712,3187,1.9330063,0.7044112,0.0019718185,0.0049035847
4712,5502,47.363846,0.71516883,0.106902584,0.21160136
4713,4352,17.035051,0.6182252,0.038417872,0.07467354
4713,4333,6.14394,0.622427,0.014296077,0.028278649
4714,4779,2.68647,0.6780555,0.0034253001,0.008050814
4714,5332,18.74443,0.67661494,0.04173371,0.08084545
4715,1962,1.4176216,0.6747319,0.0041486025,0.00933753
4715,4793,80.09494,0.69884217,0.19080588,0.3797324
4715,4474,84.019745,0.6809772,0.19606443,0.38975328
4716,4717,2.3017197,0.6593329,0.004398167,0.009453744
4716,4718,2.751278,0.661848,0.0019624233,0.005183205
4717,4718,2.4000854,0.65897655,0.004689865,0.010115892
4717,584,203.00249,0.6595366,0.37139758,0.7328047
4718,4716,2.6814384,0.6647794,0.001703009,0.004822582
4718,4862,27.523373,0.66424525,0.059007462,0.11243667
4719,4695,1.5332336,0.6665029,0.0031591654,0.0077486783
4719,977,4.8066597,0.66651726,0.01027336,0.021302342
4720,6321,26.104284,0.6747123,0.061713345,0.120061204
4721,636,2.62632,0.67542577,0.0052174553,0.010989293
4721,4722,29.610855,0.67667484,0.059178848,0.11335101
4722,6175,267.16547,0.6703179,0.48323688,0.95067555
4722,636,30.21293,0.6767138,0.058965154,0.113418125
4723,4052,2.5858421,0.7421088,0.0057977736,0.010797486
4723,1615,17.855822,0.015930533,0.11033435,0.23254685
4724,629,1.5277023,0.53728503,0.0015669987,0.0038129836
4724,3174,32.884766,0.5475015,0.066054516,0.12707666
4725,2728,94.44703,0.5226772,0.24095568,0.4673826
4725,1935,14.480671,0.535198,0.027427837,0.05374621
4726,6881,1.9705887,0.6812603,0.0049597174,0.010386422
4727,4763,2.6221085,0.71121895,0.0032825544,0.007421553
4727,5916,47.54343,0.7126536,0.1092382,0.2158347
4728,6255,1.4210243,0.7208707,0.004229881,0.0089899
4728,41,27.255814,0.72551155,0.062226966,0.11990013
4729,4734,1.1523361,0.5658657,0.0027356222,0.0058493167
4730,4732,1.3150291,0.55335194,0.00421834,0.008854821
4730,3379,6.6236877,0.5587425,0.01586143,0.03172894
4731,6812,11.799986,0.56910276,0.027378298,0.053480178
4731,4729,1.2577591,0.5641721,0.0038541853,0.008213043
4732,4731,0.9226227,0.56209487,0.0029680058,0.006495729
4733,4730,0.842968,0.55418617,0.0023710057,0.0049123913
4734,2166,7.50597,0.56720626,0.017625645,0.035022408
4734,4733,0.9843712,0.56227136,0.0029596612,0.006283149
4735,4733,1.615078,0.56155545,0.004291661,0.009174556
4735,3379,10.268635,0.5607014,0.019203685,0.038448274
4736,4304,2.5430565,0.6757951,0.0029896945,0.006921038
4736,2172,95.5209,0.6767889,0.17554009,0.34980685
4737,5393,1.6309814,0.66739196,0.0031658635,0.0071194023
4737,5394,27.29102,0.67758924,0.05612766,0.10742036
4738,514,8.240746,0.7097621,0.01790949,0.03568606
4738,1559,24.261385,0.71981674,0.055149347,0.10800947
4739,5866,2.9238052,0.70023483,0.005425036,0.012054846
4739,4740,45.378357,0.69250965,0.08306344,0.16194466
4740,1079,2.6634102,0.65556574,0.0037703738,0.00852868
4740,4906,20.490843,0.68727994,0.04095699,0.07907997
4740,2058,28.685368,0.68543,0.055712506,0.106855534
4741,5180,39.974285,0.5372397,0.097350895,0.18844539
4741,5197,26.21941,0.53966725,0.05260916,0.10011795
4742,5448,39.25837,0.7146737,0.079925895,0.15667439
4742,5448,42.493908,0.71766996,0.082387574,0.15972976
4743,4317,1.6617355,0.53132874,0.0018130541,0.0043051243
4743,3960,45.84334,0.5482575,0.11102004,0.21608119
4744,2523,1.9010963,0.636468,0.0029385462,0.006942615
4744,4746,1.6140823,0.6372116,0.0043815523,0.009678885
4744,2524,156.67513,0.63288945,0.29029363,0.57334536
4745,5273,2.3959312,0.6359181,0.004062772,0.00851658
4745,2258,9.261452,0.63670516,0.01922281,0.038252845
4746,1129,1.7722778,0.63704234,0.002693385,0.0061332136
4746,4747,35.75888,0.6382888,0.090467915,0.1781612
4747,5273,9.007801,0.6365677,0.020749703,0.0411745
4747,2258,2.3430595,0.6337774,0.004159488,0.009206653
4748,4873,16.4497,0.39792976,0.03680929,0.070942394
4749,4750,2.1734009,0.66027534,0.002141893,0.005580455
4749,2799,32.29744,0.66217864,0.06499359,0.12478779
4750,4749,2.1105042,0.656542,0.0020987764,0.005204335
4750,3207,25.198013,0.65931684,0.050354104,0.09697284
4751,4983,1.7202988,0.69620496,0.0042809695,0.008759111
4751,4984,3.6011314,0.6985686,0.0064525157,0.013439953
4752,4631,2.2276955,0.66912764,0.0026372373,0.00602749
4752,5195,87.88516,0.6829197,0.20950598,0.4156205
4753,1448,2.5417671,0.6557809,0.0018337592,0.0051325858
4753,3874,21.909485,0.6577574,0.0520843,0.10145252
4754,4755,2.194641,0.6903142,0.002479814,0.0057507306
4754,6711,25.149357,0.69579166,0.058064602,0.112077594
4755,4754,2.2757912,0.69111073,0.0027102232,0.006469533
4755,6708,47.720345,0.6959732,0.11098339,0.21944773
4756,6467,1.7167587,0.6509361,0.0030925646,0.0067810863
4756,5671,176.34502,0.6578951,0.4626035,0.9144739
4757,4756,1.2891121,0.6108433,0.0038168207,0.007668972
4757,1452,10.631531,0.66064227,0.021349318,0.041947648
4758,4228,48.17986,0.69818777,0.07580991,0.1434411
4759,4269,2.444294,0.66453403,0.0046017915,0.010138661
4759,4760,3.2020302,0.67187923,0.001545094,0.0045583844
4760,4270,59.61178,0.6656798,0.12120743,0.2412768
4761,4062,4.289833,0.5743087,0.006848149,0.014034212
4761,4089,101.433395,0.57633513,0.14796083,0.2919401
4762,2161,82.51576,0.7099176,0.16475898,0.3291402
4762,2829,34.200027,0.7114252,0.078092225,0.15308152
4763,4762,17.609432,0.71193194,0.038933296,0.07620223
4763,4727,2.5116997,0.7101503,0.0030870363,0.0070038587
4764,6529,13.942789,0.6820745,0.031060897,0.06097354
4764,4779,21.901337,0.6831958,0.049503252,0.09516308
4765,766,153.66425,0.62381536,0.22547689,0.44615173
4766,5484,128.25722,0.7048717,0.3029834,0.6013195
4767,6519,49.35296,0.65717053,0.11722177,0.23080398
4767,4361,20.084229,0.66510165,0.045537494,0.08787798
4768,5920,37.973824,0.66057485,0.09144149,0.1792999
4769,4770,1.8569183,0.5761329,0.0019164905,0.0046241134
4769,718,2.2102623,0.5781814,0.0034618378,0.0075384527
4770,4769,1.8613548,0.5762301,0.0018488541,0.0043122172
4770,719,28.896055,0.5776811,0.05909474,0.11260486
4771,718,1.7651978,0.5753,0.0016268492,0.0040647686
4771,4770,2.195469,0.57795626,0.0033953637,0.0073616058
4772,3882,1.7878036,0.57403207,0.0028742626,0.006636128
4772,4771,41.452496,0.57860756,0.081749916,0.15707178
4773,968,99.15109,0.65916586,0.18327452,0.36425912
4773,4774,8.09761,0.6564554,0.015749648,0.031590715
4774,261,16.945513,0.6561537,0.034494996,0.06723297
4774,4773,8.081402,0.6563839,0.01577419,0.031374305
4775,755,1.9876747,0.6867624,0.0031280369,0.007057056
4775,1117,31.342873,0.69128597,0.06141475,0.11743097
4775,756,29.140423,0.69144756,0.057253506,0.11021921
4776,1746,9.964771,0.73091584,0.019252613,0.037700817
4776,6679,3.6839027,0.7291306,0.0047741756,0.010433614
4777,1799,41.681583,0.1451317,0.114320524,0.23106118
4777,889,74.215614,0.3716269,0.16196132,0.31558913
4777,1767,2.905323,0.10501245,0.0064314455,0.013232723
4778,4643,2.8269196,0.6742044,0.003525734,0.00831233
4778,6916,3.0002785,0.6730401,0.007209569,0.015210867
4779,4714,2.3436089,0.6831839,0.0024789497,0.0062776953
4779,4764,22.623415,0.68316865,0.05051431,0.09684824
4780,2453,63.485268,0.6330485,0.16792989,0.3311067
4781,3924,2.2627144,0.7413298,0.004021637,0.008047789
4781,665,46.614647,0.7434393,0.10461362,0.20741089
4782,2135,7.970379,0.6672243,0.016150601,0.0321856
4782,4863,20.830595,0.66928124,0.045153126,0.08661027
4783,4784,2.0452003,0.6594677,0.003590107,0.00856553
4784,4864,1.7895813,0.6614748,0.0036263168,0.007851824
4784,2991,13.986437,0.66529906,0.029443644,0.057797834
4785,6392,4.4796715,0.042264074,0.032686166,0.0684183
4786,3949,1.8315773,0.6616761,0.0032353178,0.007137522
4786,5405,84.93536,0.6655643,0.17449923,0.3460987
4787,296,5.407898,0.75278234,0.009480037,0.018415838
4787,3902,0.5456734,0.43188894,0.004650168,0.003093794
4788,1558,238.94221,0.7279321,0.1880469,0.37653044
4788,5487,2.3800163,0.7372242,0.0031381398,0.0065454394
4789,6680,8.565617,0.7310847,0.015920043,0.031519055
4789,5684,67.341675,0.7319749,0.120828554,0.24078453
4789,3360,3.613762,0.73176897,0.006020032,0.012027547
4790,6371,1.2339706,0.6726068,0.0033439174,0.0076987594
4790,4709,41.93978,0.6789528,0.08687277,0.17190522
4791,4324,7.85376,0.7353899,0.014661469,0.028885573
4791,4191,1.873146,0.73445606,0.001196742,0.0030898452
4792,4791,12.233101,0.73096436,0.02338615,0.045404017
4792,4325,2.108654,0.7305081,0.0016288534,0.003917128
4793,4795,2.229393,0.70684797,0.002301447,0.0057050586
4793,3262,70.50792,0.7190647,0.16536924,0.3294049
4794,3262,1.4671745,0.6439402,0.0021332502,0.0038919598
4794,2393,89.27112,0.73077816,0.15744415,0.3147436
4794,4795,69.99708,0.7185406,0.16192295,0.32277298
4795,1962,80.830826,0.6966139,0.19232354,0.3820233
4795,4793,2.4409943,0.70664406,0.0026021972,0.006428227
4796,4329,0.0,0.4321186,0.0018408522,0.0
4796,4173,67.50143,0.45492807,0.22241858,0.35279024
4797,4779,18.594234,0.68308485,0.043066006,0.08327161
4797,5332,1.9741974,0.67791486,0.0027412027,0.005815223
4798,5330,4.3045197,0.69194,0.00781633,0.015729114
4798,6917,123.13009,0.6860968,0.2231344,0.44278824
4798,4228,16.218958,0.6924494,0.03245631,0.062998846
4799,5331,2.1276321,0.6821593,0.0032538623,0.0071288347
4799,5330,43.307945,0.6878581,0.08168999,0.15842892
4800,4797,1.5825996,0.6653225,0.004408248,0.008708239
4800,4799,27.44615,0.68225074,0.054242436,0.10424339
4801,2756,1.9342537,0.6893219,0.004804805,0.010320783
4801,4008,52.41317,0.6929592,0.096146606,0.1895379
4802,4801,1.9538727,0.6898918,0.0032465607,0.0067965686
4802,4118,55.76396,0.6933043,0.12798372,0.254637
4803,7024,21.638662,0.41121918,0.045941465,0.087758474
4803,4804,35.68535,0.42416376,0.09305255,0.17669693
4804,6960,25.39691,0.45823276,0.061240956,0.117517665
4805,1797,41.765026,0.38454556,0.108104855,0.21089748
4806,250,2.1571846,0.42261052,0.006430581,0.012735948
4806,7025,2.1748466,0.42554668,0.0034182072,0.0067036003
4807,6478,2.8510933,0.6249445,0.004689418,0.009761363
4807,5287,45.222885,0.6289047,0.113208726,0.2223173
4808,2067,99.85976,0.61938596,0.1812051,0.35706866
4808,5335,5.0288467,0.6231252,0.009136178,0.018294916
4809,2460,2.0138474,0.6210551,0.002751343,0.0062429607
4809,6262,37.47993,0.6306082,0.07019034,0.13739102
4810,5334,1.2090683,0.6149517,0.001145348,0.0032785833
4811,4812,2.1637497,0.65797293,0.0022305325,0.0054872036
4811,4286,23.07173,0.66189367,0.047110762,0.090405844
4812,4811,2.1433983,0.6606952,0.002297759,0.005509004
4812,3970,25.34019,0.66306734,0.051226705,0.098971814
4813,6891,1.1890106,0.55595624,0.0042169914,0.009120703
4813,2533,20.022469,0.55785125,0.04186831,0.08051847
4814,5712,2.2478218,0.6851453,0.0054229274,0.011529982
4814,4504,22.477947,0.6907319,0.05794828,0.11344072
4815,5301,1.1278458,0.35513312,0.005085416,0.009909332
4816,6131,28.522,0.73977035,0.053517193,0.103981175
4816,4817,2.0933342,0.7359804,0.001614593,0.003923759
4817,6133,3.2594604,0.73525816,0.005345814,0.011282161
4817,4816,1.9047165,0.73707163,0.0012090728,0.0032040179
4818,5748,17.141195,0.65178025,0.032377426,0.06375146
4819,3507,8.049286,0.6591573,0.018584669,0.037040427
4820,5391,56.564117,0.6586193,0.089396946,0.17314613
4820,4819,28.439865,0.65683734,0.04998759,0.09744811
4821,3926,49.269844,0.69203126,0.10073239,0.19960575
4822,6655,6.3989754,0.6946206,0.014196552,0.028262004
4822,4821,5.757286,0.6906516,0.009200573,0.01891683
4823,4287,38.939793,0.6572573,0.16058478,0.32290617
4824,1386,3.3953438,0.65141296,0.0051714554,0.011135891
4824,3617,133.08238,0.659979,0.24353993,0.48176032
4824,5616,157.09558,0.65900373,0.28689048,0.5663941
4825,7012,2.3298569,0.6628206,0.0041685626,0.009551495
4826,3920,2.336895,0.6666589,0.0024351925,0.0059090704
4826,4913,59.72311,0.66512495,0.12001621,0.2369522
4827,3208,0.0,0.6553965,0.008242384,0.016570091
4827,5919,2.5067558,0.6592615,0.004676275,0.010020211
4828,2352,0.98311234,0.5740229,0.0031343922,0.006872669
4828,2352,42.050655,0.5835938,0.080666475,0.15550503
4829,4652,138.86453,0.6578201,0.25387672,0.5027703
4829,4650,36.38789,0.6601304,0.07072569,0.1376274
4829,4286,35.386246,0.661577,0.069194846,0.13425127
4830,4831,2.1536217,0.6542077,0.0048672482,0.0106283575
4830,3515,9.492695,0.6665017,0.018520072,0.03684461
4831,7052,5.8923035,0.6634989,0.014967285,0.029799163
4831,4830,1.4851227,0.659432,0.0031768382,0.007323876
4832,5643,62.092133,0.6929647,0.0976549,0.19001104
4833,8,1.569973,0.5170984,0.0020703673,0.004577607
4833,11,101.94418,0.51062524,0.26766154,0.51993895
4834,4835,24.644588,0.35599548,0.052079555,0.098381594
4834,5472,13.55217,0.35488513,0.032194648,0.061754204
4835,5470,0.0,0.05426544,0.0046320558,0.008646712
4836,1841,6.1410713,0.61476904,0.011089526,0.022384614
4836,1891,83.648254,0.60485387,0.15830569,0.31284457
4837,2480,1.1860695,0.6559528,0.0037951246,0.008444488
4837,5926,154.98741,0.6546501,0.31149662,0.61432445
4838,3263,2.7737198,0.66236174,0.0019437075,0.005092323
4838,5516,34.109932,0.6621776,0.072395116,0.1415759
4839,3396,14.36183,0.66146696,0.029899213,0.05810436
4839,3265,25.798677,0.6623759,0.054201003,0.10468742
4840,4841,1.0408363,0.5511819,0.0032862574,0.0072407722
4840,533,17.631763,0.557739,0.04120282,0.0796311
4841,4840,0.9694214,0.55429786,0.0031515658,0.0071116537
4841,5664,2.7121658,0.5611054,0.0072556287,0.014506772
4842,4671,0.86990356,0.5515915,0.0030879602,0.006955743
4842,4840,4.754429,0.55806965,0.012095265,0.024541512
4843,1416,22.15969,0.7371058,0.051643986,0.10059425
4844,4843,35.02189,0.7264694,0.084437646,0.1644375
4844,4843,47.702812,0.73042864,0.086246334,0.16856354
4845,1885,62.27935,0.5129893,0.121243946,0.23698424
4845,3673,24.126831,0.52043515,0.070387624,0.13652363
4846,3249,28.687798,0.6950828,0.07890349,0.15612102
4847,6885,1.781929,0.6201232,0.003907636,0.008388355
4847,5050,13.127132,0.6436674,0.02674964,0.05213006
4848,3895,98.431076,0.5626112,0.2493658,0.4880247
4849,4158,22.686106,0.45581615,0.05472049,0.1046846
4849,4158,26.357723,0.4431679,0.056072943,0.1066343
4850,1017,1.913559,0.67436105,0.002077654,0.0053726733
4850,1027,13.316084,0.6771543,0.024368525,0.048003674
4851,4853,2.7350006,0.6605331,0.0052881464,0.011080399
4851,2463,3.2981186,0.6610279,0.006362848,0.0133153945
4852,4854,2.163803,0.6406289,0.0034397393,0.007839888
4852,4326,43.02046,0.63690865,0.09004931,0.17765372
4852,180,23.574207,0.641468,0.04868392,0.093295515
4853,2463,2.1413193,0.65977466,0.0040120557,0.009069189
4853,6831,22.939116,0.65919507,0.048843756,0.09366948
4854,4852,2.5059853,0.6375246,0.004153125,0.008832306
4854,4277,102.88711,0.65083164,0.2116819,0.4179723
4855,4853,2.3791618,0.6609893,0.004504405,0.009802014
4855,1489,3.8861237,0.6648561,0.007592343,0.015818745
4856,1843,31.36802,0.5457301,0.094436646,0.18597768
4857,4858,2.950882,0.51515937,0.0027724802,0.006243959
4857,2315,6.524067,0.511717,0.019420855,0.037912592
4858,4857,3.321495,0.5153413,0.0034953952,0.0077536106
4858,4159,1.0837212,0.513961,0.0062589645,0.01192373
4859,4860,2.2734795,0.3607089,0.0037408993,0.00728105
4859,272,36.25338,0.3636151,0.12343557,0.2397025
4860,4859,2.3878708,0.36166885,0.004076712,0.007820532
4860,5471,25.87549,0.35200968,0.07609135,0.14633144
4861,4806,2.3455887,0.41892576,0.003937021,0.008191809
4861,6447,1.7615509,0.41998172,0.003450431,0.00712125
4862,4782,2.4565735,0.6633508,0.0046506897,0.009760708
4862,2134,215.68636,0.66103876,0.431582,0.8492101
4863,4783,2.0996933,0.66134965,0.0033837333,0.007352352
4863,2990,24.405191,0.6662371,0.0489356,0.093889914
4864,4863,2.3091698,0.6644776,0.0044866726,0.009494022
4864,2135,24.36072,0.6659976,0.052354995,0.10228535
4865,3894,2.8599396,0.65785134,0.0038792565,0.008661166
4865,4838,149.46727,0.6582618,0.29799795,0.5872825
4866,4186,13.386902,0.63613653,0.027899258,0.05473035
4867,2184,7.798805,0.52985406,0.018677607,0.03740938
4868,5200,5.3893814,0.50688714,0.012235396,0.024641126
4869,3364,2.2153587,0.7063647,0.004318744,0.008429199
4869,4231,50.792316,0.02498144,0.3822505,0.80875045
4870,4871,0.58559036,0.28109214,0.0017067567,0.0035374612
4870,2861,45.776623,0.6511548,0.11332235,0.22140741
4871,4870,0.639328,0.31521374,0.0026810989,0.0057489723
4871,424,13.527792,0.6472542,0.027952492,0.054203063
4872,2567,9.95219,0.70570743,0.01944559,0.038377374
4873,6929,2.9463844,0.39214694,0.003571242,0.007497385
4873,689,21.772312,0.38997188,0.050810494,0.0959473
4874,4875,1.4270744,0.6409158,0.0041281655,0.009105593
4874,2527,2.3321419,0.6421854,0.0033101663,0.007695675
4875,2525,1.81493,0.64438915,0.0022995248,0.005175546
4875,2259,35.67581,0.64499646,0.08639222,0.17128094
4876,4877,1.2647362,0.59926635,0.003950171,0.008081362
4876,1164,35.697945,0.6055146,0.11215045,0.22005117
4877,4876,1.1673622,0.59626,0.003629543,0.0074768662
4877,2710,16.47062,0.6082021,0.04221632,0.08245518
4878,1918,1.210537,0.6006219,0.004064411,0.008539408
4878,1523,37.68092,0.61221063,0.12179639,0.23877764
4879,4880,3.623352,0.6509663,0.0070869997,0.014710739
4879,3181,114.99108,0.6519183,0.23244706,0.4599161
4880,3394,67.99453,0.6501864,0.13927509,0.27514386
4880,4879,2.1091728,0.64552724,0.0035699978,0.007976994
4881,4882,57.22956,0.63931495,0.10546103,0.20807049
4881,4885,3.1977158,0.6418625,0.0058479905,0.012032956
4882,4884,1.7978401,0.6377333,0.0025835335,0.00603123
4882,4883,16.286734,0.6391112,0.033347078,0.064888306
4883,1557,1.5928612,0.63430685,0.0021162033,0.004834637
4883,1111,84.61718,0.63899434,0.15642174,0.3110363
4884,4882,1.6774712,0.6345389,0.002359718,0.005518958
4884,4881,56.270855,0.6405826,0.10613939,0.20974103
4885,1111,66.55062,0.64088875,0.12415826,0.24799243
4885,1110,124.63545,0.64085674,0.23098797,0.45699972
4885,5545,154.74046,0.64021623,0.2864175,0.5653132
4885,4881,3.145481,0.63387376,0.0053854585,0.011034653
4886,4234,15.588804,0.67199945,0.031756166,0.062436603
4886,5064,77.52244,0.66810054,0.14389193,0.28505704
4887,6601,2.4148865,0.63096845,0.003790751,0.007804781
4887,3766,44.386925,0.010696173,0.24483514,0.5209352
4888,902,1.8733482,0.6095221,0.0028875768,0.006809905
4888,2602,142.24222,0.6045984,0.2640936,0.52059007
4888,6410,39.503773,0.6126731,0.07592332,0.14649357
4889,552,2.113205,0.6300229,0.0036813617,0.008374572
4889,897,56.084827,0.6347513,0.115594916,0.22727229
4890,4991,174.08464,0.6382771,0.40321678,0.7927782
4890,5992,3.7650719,0.63019073,0.007652268,0.01609318
4891,5793,2.484974,0.6340847,0.0019445717,0.0049322546
4891,5006,3.9074097,0.6342853,0.007771544,0.016228288
4892,897,2.8278885,0.6317936,0.0016511083,0.0044044405
4892,4889,55.299065,0.6313463,0.11358957,0.22317216
4893,898,2.0034142,0.62722915,0.0029411167,0.006488502
4893,3500,36.130493,0.63165385,0.07057887,0.13805984
4893,5815,22.397627,0.63234526,0.048094258,0.09282739
4894,4892,3.2216225,0.6284317,0.0019877627,0.0053908974
4894,3765,17.881433,0.6332314,0.038085464,0.073980756
4895,564,1.6719131,0.6328889,0.0021991655,0.005197048
4895,4891,67.00774,0.63525593,0.13826734,0.27277592
4896,618,59.42885,0.646513,0.113382764,0.22382492
4897,860,31.973522,0.67064583,0.064357944,0.123100005
4897,862,1.9093132,0.6379497,0.0034788847,0.007622659
4898,5137,2.4397545,0.6630615,0.0044660345,0.009992242
4898,5718,2.1039581,0.66313523,0.0040966645,0.0094230175
4899,863,24.612534,0.67038023,0.051260173,0.0981536
4899,4900,2.3838959,0.6534612,0.004473515,0.009815529
4900,4898,2.1333694,0.66102135,0.0036140606,0.007459566
4901,954,4.411125,0.66758657,0.0067789555,0.014009923
4901,953,5.3608856,0.6635541,0.015306607,0.030095816
4902,4353,3.1107407,0.6236699,0.0028890818,0.006870389
4902,4903,11.599176,0.6260746,0.024709076,0.048602283
4902,3768,7.987961,0.62717855,0.016597822,0.033011124
4903,1740,9.723209,0.6225397,0.023108378,0.04557453
4904,4905,2.31604,0.68830943,0.0024621561,0.006256923
4904,4653,15.019072,0.68889976,0.02919472,0.057211168
4905,4904,2.3861542,0.6874758,0.0025898814,0.006020263
4905,4907,9.8400345,0.68810743,0.018400274,0.03701289
4906,4904,10.236713,0.6879117,0.019372024,0.03893414
4906,4907,2.631874,0.68807685,0.0030909926,0.00718084
4907,4906,2.5232735,0.6887916,0.0029231533,0.007175967
4907,1079,21.869852,0.68853915,0.043507293,0.08346644
4908,4909,1.7876625,0.6896392,0.0028046295,0.0066163093
4908,2751,15.760801,0.6897565,0.031052053,0.060601242
4909,4908,2.013546,0.68992645,0.0032612234,0.007396832
4909,3007,24.31145,0.68953025,0.047940917,0.092411265
4910,643,51.504925,0.6588352,0.09706272,0.19247435
4910,3260,63.831715,0.6537042,0.115537584,0.22936648
4911,3821,25.634424,0.6614036,0.05254762,0.10144613
4911,4912,47.64948,0.660316,0.09609394,0.18897077
4912,4913,3.2162933,0.656978,0.003192827,0.0075848848
4912,3920,61.118732,0.66573346,0.12200383,0.24278007
4913,4912,3.3431854,0.659165,0.0030866936,0.007182777
4913,3319,45.49954,0.6582181,0.09388949,0.18431309
4914,890,2.4753838,0.6765443,0.003989093,0.008693665
4914,5348,80.66255,0.6797398,0.14670697,0.29316455
4915,2390,78.5809,0.51847917,0.15370548,0.30009025
4915,2999,2.6468887,0.511885,0.004743837,0.0099238455
4915,4916,2.2825012,0.5103747,0.004117325,0.008692652
4916,2999,2.5317802,0.51384413,0.0071177706,0.014328048
4916,4915,2.0837975,0.5151979,0.003242202,0.0071887374
4917,983,5.6579323,0.679773,0.01234889,0.024432525
4918,3929,2.2129707,0.62832767,0.0031766295,0.007637754
4918,3771,1.0008049,0.029082716,0.009949967,0.019447371
4919,2653,2.3829079,0.61688274,0.004457377,0.0091869235
4919,6610,49.824272,0.61803615,0.09371705,0.18125063
4920,2834,42.766136,0.59478444,0.08317265,0.1624427
4920,4923,17.779558,0.60466117,0.03676454,0.071275204
4921,1997,35.780464,0.6167362,0.07073298,0.13793732
4921,4922,1.9037552,0.6073338,0.0023309067,0.005531147
4922,4923,1.39291,0.6043579,0.0021157563,0.005105257
4922,4920,17.706293,0.60784674,0.036904674,0.071472876
4923,4922,1.378643,0.6036822,0.0017591417,0.004328504
4923,4921,2.1883316,0.60771215,0.0030858144,0.0070753396
4924,4948,22.360655,0.60370046,0.056107547,0.10959103
4925,4926,2.0303802,0.53283525,0.0035304353,0.007071659
4925,1258,51.804794,0.55148965,0.10038641,0.19681627
4926,4927,1.0448227,0.5282769,0.0011294037,0.002907753
4926,5193,22.853456,0.5245677,0.048538964,0.09264391
4927,4925,1.9089737,0.5311258,0.0033755973,0.006882921
4927,4926,1.0183334,0.52837735,0.00087624043,0.002313301
4928,3079,45.500877,0.69253093,0.0853463,0.16729377
4928,6049,171.43234,0.68394625,0.31005636,0.6129723
4928,2609,74.995834,0.68979883,0.13540608,0.27131814
4929,4930,4.7722473,0.6930697,0.0068844184,0.014584005
4929,5610,2.5965157,0.692788,0.003817685,0.0086888075
4930,3495,12.804092,0.69275975,0.028478444,0.05603803
4931,6222,4.9933243,0.6650646,0.003981374,0.009589955
4931,4932,5.8720856,0.6605805,0.009908617,0.0207465
4932,243,31.87239,0.66449964,0.076650016,0.15147984
4933,1497,2.5349808,0.6458528,0.0045621693,0.009889856
4933,4934,3.0629158,0.6431627,0.005237058,0.010937631
4933,1496,30.495884,0.6489288,0.064841464,0.12524652
4934,1497,2.5459595,0.6452364,0.0042301193,0.00916779
4934,4933,3.0221252,0.64517736,0.0048585087,0.010337964
4934,3018,119.921234,0.64503676,0.23738322,0.4686299
4935,1728,24.485733,0.60849524,0.068159506,0.13262826
4936,4935,18.710846,0.6062454,0.05104765,0.09973416
4936,4935,28.229607,0.60038924,0.057046156,0.11009458
4937,1703,1.9854202,0.5995861,0.0036543682,0.007944137
4937,1706,26.15217,0.59743464,0.053698357,0.10309006
4938,3440,4.0234985,0.6833344,0.0075034946,0.015506953
4938,3439,2.2141,0.6827784,0.0032988936,0.0072861463
4939,4940,2.8696327,0.7208304,0.00670141,0.014544994
4939,6046,10.870316,0.71912146,0.025200255,0.04966259
4940,6045,11.962442,0.72182655,0.02315078,0.04577115
4941,2685,1.6639252,0.60988665,0.0034630597,0.0072762817
4941,2686,11.009775,0.6143563,0.024413943,0.048160493
4942,4943,3.4991646,0.71556467,0.004362218,0.009541199
4942,3347,5.9143524,0.7144138,0.009001426,0.018410489
4943,4942,3.6050873,0.71485484,0.0048688576,0.010164008
4943,1750,85.66533,0.7178902,0.1198868,0.24009342
4944,5404,1.7523994,0.65433043,0.0037244484,0.008299112
4944,3242,44.550053,0.66440713,0.08364924,0.16374993
4945,4946,21.450342,0.64890784,0.043969493,0.08530178
4945,5810,1.5703468,0.6445615,0.0032386482,0.008140713
4946,928,2.7091026,0.63641703,0.0045583323,0.009454995
4946,5810,19.854946,0.6395308,0.04119052,0.08054683
4947,622,3.9331055,0.6489845,0.0067488104,0.014198601
4947,846,98.21242,0.6499368,0.1803711,0.35821587
4948,5905,71.655945,0.5935483,0.18720552,0.36706674
4949,4948,2.4430542,0.59849185,0.006555423,0.013468817
4949,1515,49.891937,0.59716296,0.0955107,0.18741976
4949,2358,9.930626,0.598391,0.01963877,0.03874503
4950,4951,3.3675652,0.60755605,0.005355954,0.0110735
4950,1355,27.693737,0.6017387,0.056526765,0.1079413
4951,544,29.528553,0.6043741,0.06291696,0.12216996
4952,1623,46.93358,0.4747695,0.085657306,0.16595966
4953,4954,0.28960037,0.052648604,0.001803562,0.0039299726
4953,2039,29.993011,0.3207782,0.074094094,0.14204863
4954,4955,2.2440948,0.34167108,0.00595095,0.011297181
4954,3980,37.09241,0.19089136,0.09805412,0.19961505
4955,2046,0.6713104,0.1168178,0.0028466955,0.0060739517
4955,4957,56.94121,0.3206371,0.11959388,0.23495391
4956,4538,1.7122612,0.22727934,0.0036310032,0.0069489926
4956,4538,35.26353,0.30501765,0.078954265,0.1502576
4957,4956,1.7704468,0.31708953,0.004666321,0.008918077
4958,2055,1.6851883,0.3934504,0.0027803332,0.0057787
4958,3452,55.993538,0.39471692,0.115424976,0.22094764
4958,4959,23.429495,0.38293386,0.054753516,0.103370376
4959,2039,1.7856903,0.36927474,0.003164135,0.0062662065
4959,4954,30.633024,0.35999072,0.074198335,0.13966358
4960,1186,147.11343,0.67317426,0.19887488,0.3975051
4960,1185,14.2805,0.67824817,0.02559536,0.05003184
4961,4403,32.81031,0.67536193,0.065099776,0.12513244
4961,651,33.594303,0.6772537,0.06619482,0.1273811
4961,649,30.020817,0.6752372,0.060306337,0.11480759
4962,4914,1.8394661,0.67548203,0.0031749606,0.0072284937
4962,3480,87.04585,0.6759023,0.16080692,0.3197059
4963,4962,2.4686165,0.6716317,0.0041482598,0.008447528
4964,6128,1.4194489,0.47942123,0.0018682927,0.003852278
4964,5068,28.459314,0.07339156,0.09130204,0.18426941
4965,1113,87.49341,0.691442,0.15768549,0.31344542
4965,4967,18.888487,0.6881116,0.037761334,0.072633654
4966,4967,1.5044708,0.68710864,0.0023271292,0.005132735
4966,4965,18.927816,0.6910139,0.03784466,0.072870515
4967,6227,2.0176468,0.68741953,0.0033284351,0.007355079
4967,4966,1.3260498,0.68885565,0.0018142462,0.0043049008
4968,1040,2.9337692,0.68850225,0.00495521,0.010397062
4968,998,42.084312,0.6895572,0.079898134,0.15659942
4968,4969,3.8178902,0.68653154,0.0054578185,0.011534229
4969,1040,4.057682,0.68874645,0.0072575286,0.0148715675
4969,828,45.138607,0.6877677,0.084756926,0.16768128
4969,4968,3.5811691,0.6869696,0.0049470738,0.010537699
4970,2888,21.94792,0.551326,0.046551377,0.08904049
4970,6511,63.036278,0.5432412,0.13515916,0.26295012
4971,7031,29.166529,0.5530013,0.058137298,0.11157844
4971,847,61.141327,0.5446986,0.13202755,0.25822133
4972,3332,61.880585,0.6659328,0.12463455,0.24877653
4973,5298,119.899155,0.6643557,0.2445991,0.48252815
4974,6276,2.4460144,0.6656601,0.0052267537,0.011641592
4974,4973,7.298214,0.6728794,0.006947227,0.01571478
4975,3600,1.6442909,0.6628609,0.0020674542,0.005431935
4976,3116,5.489292,0.035683453,0.024532244,0.048388183
4977,6725,2.388462,0.65921843,0.00564225,0.011695132
4977,6880,82.520386,0.65765625,0.16753733,0.33159178
4978,1957,1.7521286,0.63102293,0.002526708,0.0060631633
4978,2628,202.9778,0.6077919,0.38192135,0.75096303
4978,5278,52.235535,0.64125293,0.124276504,0.24615431
4979,1391,2.0245972,0.63159454,0.003280811,0.006870106
4979,4978,51.369293,0.64022344,0.12495185,0.24806724
4980,203,1.939373,0.63201946,0.0034268126,0.0076753646
4980,4979,29.366665,0.6349096,0.07094641,0.13728552
4981,4980,1.6501884,0.6316111,0.0047465414,0.01044035
4981,6516,58.007973,0.6230978,0.061995614,0.1156556
4982,4751,2.0880814,0.6928725,0.0049593598,0.010768741
4982,4984,4.548977,0.68269056,0.0069895834,0.013879672
4983,6716,0.021396637,0.06575781,0.0036429018,0.0075905174
4984,664,88.48636,0.6956009,0.16195866,0.32408243
4984,4983,3.4608574,0.692147,0.0057598352,0.011820585
4985,5735,10.484596,0.6832869,0.023496903,0.046706796
4985,2741,5.494812,0.6894009,0.00905396,0.018769726
4986,6625,2.1300354,0.69428366,0.0038824975,0.009060517
4986,738,21.0037,0.69393265,0.044337682,0.08670186
4987,5862,2.4884682,0.68511605,0.0042441785,0.009059563
4988,6935,2.4064064,0.68808275,0.0014731959,0.0040133893
4988,5744,57.651917,0.6877664,0.11669284,0.2316331
4989,439,3.781311,0.68683225,0.008403935,0.01733452
4989,6189,5.5772667,0.68780035,0.012450293,0.025105268
4990,3705,2.3439026,0.6904206,0.0035361573,0.0077648014
4990,5704,39.716785,0.6898506,0.09270192,0.18205641
4991,6942,0.30737305,0.19060397,0.0040756837,0.008281499
4992,1610,2.2434578,0.6138432,0.0069941804,0.014889076
4993,4994,2.401661,0.6434777,0.0015051439,0.004081279
4993,4995,51.898315,0.6393424,0.10773447,0.21216938
4994,4993,2.7452354,0.64108664,0.0023238584,0.0060237646
4994,2060,6.682087,0.6435401,0.014015593,0.028309688
4995,4186,2.5873222,0.63928425,0.001588285,0.004689619
4995,3531,18.444323,0.64630353,0.039394177,0.07715267
4996,2060,1.8361969,0.63712996,0.0026350692,0.006037578
4996,4993,6.5228043,0.6396466,0.013357967,0.026912853
4996,5883,40.615646,0.6394671,0.07725972,0.15223137
4997,3879,1.7611618,0.6151775,0.0029548332,0.007072881
4998,5001,1.2453194,0.56537706,0.0019110665,0.004412338
4998,6361,29.290077,0.5485511,0.072495356,0.14020674
4999,4998,1.2751732,0.5596237,0.0029438287,0.006630689
5000,4999,1.5213242,0.56676686,0.0028207228,0.0059549212
5000,3512,148.21837,0.6115453,0.30815727,0.6042044
5001,5000,0.76460266,0.5579884,0.0017773733,0.004511744
5001,3740,32.15008,0.5725522,0.06718155,0.12833324
5002,4282,1.439991,0.6680869,0.0038833916,0.008361965
5003,4086,26.674175,0.68029624,0.056374438,0.10895441
5003,6847,2.6585197,0.6785159,0.0046067983,0.010076031
5004,5962,10.484169,0.6164044,0.020684578,0.04092306
5004,1346,6.6028976,0.6167669,0.012282923,0.024918258
5005,1253,2.0661469,0.59906375,0.0038637146,0.008589506
5005,1276,33.153545,0.6013038,0.06445727,0.124829546
5005,1203,37.665775,0.60210824,0.07770771,0.15226811
5006,5007,2.636425,0.62726873,0.0015852824,0.0026411414
5006,901,5.1153717,0.6345838,0.010003939,0.02039577
5007,5006,2.6273308,0.62801385,0.0015166253,0.0025068372
5007,5793,5.0028496,0.6305577,0.009722725,0.019948706
5008,3632,2.6590538,0.7179925,0.0050616413,0.009711117
5008,5,13.811737,0.028571486,0.06950173,0.15011303
5008,682,50.19085,0.7156118,0.09928168,0.19222409
5009,6656,28.63343,0.68724525,0.07851013,0.15625137
5009,7054,4.0260925,0.7001792,0.007839099,0.016241327
5010,5011,2.8224792,0.74287164,0.003264524,0.0074585527
5010,3709,95.72776,0.744445,0.13469669,0.26887006
5011,4632,4.2041245,0.75270146,0.0084523335,0.016820014
5011,2235,31.173756,0.74970436,0.050627243,0.10031366
5012,1651,5.2859764,0.6858978,0.008682571,0.017882258
5012,375,4.547695,0.6775882,0.010877326,0.021739736
5013,5014,1.5575943,0.5032713,0.004749447,0.009528026
5013,1781,137.16135,0.5264878,0.2684919,0.523518
5014,5013,0.95750046,0.49950212,0.0041624084,0.008848354
5014,768,62.808178,0.51662165,0.20588654,0.3993575
5015,1456,65.93138,0.5358001,0.12717654,0.24941507
5015,5072,1.5668602,0.5421601,0.003191799,0.006856054
5016,626,1.5427094,0.57510084,0.0015278384,0.0038473606
5016,6284,31.315453,0.5745042,0.06261178,0.12040175
5017,5018,1.4084511,0.72295356,0.0032909513,0.00691469
5017,3870,76.21665,0.720351,0.13516712,0.2706821
5018,5017,1.7814255,0.7265947,0.0040787905,0.008525565
5018,5655,13.957745,0.72438765,0.035103355,0.068676814
5019,5020,2.2555351,0.39395595,0.0034517571,0.006925836
5019,714,17.215805,0.3819384,0.041371953,0.078956425
5020,5019,2.061924,0.39030153,0.002761647,0.0054081082
5020,1906,82.62881,0.4352798,0.22754982,0.438793
5021,3985,2.4322548,0.6227527,0.0038628802,0.008210406
5021,3048,33.40135,0.6288056,0.06626479,0.1280366
5021,5022,35.399765,0.6277351,0.06964951,0.1350499
5021,5285,63.52203,0.6291802,0.11902571,0.23632872
5022,5283,2.0523643,0.6256125,0.003251657,0.006906852
5022,3047,31.115025,0.62761354,0.07497768,0.14713845
5022,5021,36.013794,0.62697476,0.0706236,0.13703415
5023,5238,1.9667168,0.6775606,0.003412716,0.0071801245
5023,6347,29.527515,0.6791817,0.0618961,0.11794655
5024,5546,3.046486,0.6921263,0.004943922,0.010336876
5024,63,83.6106,0.69645375,0.08832838,0.17219758
5024,65,3.012188,0.6687023,0.004792072,0.010244489
5025,2423,2.7169762,0.41721955,0.0054099113,0.010997221
5025,4548,6.641823,0.09005186,0.016609631,0.033534348
5026,2140,192.06674,0.56630385,0.36844635,0.72072357
5026,3733,8.302612,0.5725123,0.016872406,0.033541113
5026,6067,8.676907,0.5680146,0.017435633,0.03410022
5027,6830,34.083344,0.50175285,0.070898734,0.13520026
5028,6730,1.1757393,0.49622798,0.0039436743,0.008358806
5028,5029,23.468124,0.4862515,0.052329015,0.09995351
5029,1952,1.589119,0.47504875,0.004970424,0.010038033
5029,3524,8.084412,0.47986376,0.01816982,0.03584151
5030,5031,2.424923,0.7381211,0.00372006,0.008173004
5030,3923,87.443535,0.7432356,0.20298792,0.40251803
5030,5109,54.59386,0.7427714,0.09828888,0.19480644
5031,5030,2.6257973,0.7371914,0.003915146,0.008493826
5031,1192,264.63342,0.7344101,0.46398738,0.9155779
5031,2707,157.55087,0.7365197,0.37409317,0.74219066
5032,505,2.01202,0.7299651,0.0035542324,0.007838562
5033,5032,1.951149,0.73429835,0.00378751,0.008197114
5033,5851,102.42517,0.7346361,0.20588684,0.41071153
5034,5033,2.40448,0.7324857,0.0047711283,0.0096257925
5034,3421,53.12091,0.7377223,0.10484302,0.20845984
5035,721,18.984905,0.5795733,0.045166213,0.08805851
5035,2136,28.203247,0.5771866,0.055190656,0.10519141
5036,5609,1.8566818,0.69052064,0.0047406107,0.0101034045
5036,737,38.15673,0.69477713,0.061297134,0.11848906
5037,5040,1.2478027,0.68682534,0.0034447387,0.0074018985
5037,4657,34.65603,0.6956732,0.07291737,0.14292546
5038,5037,1.9813652,0.6922526,0.004277073,0.009030417
5038,5079,37.932007,0.6957885,0.089935645,0.17574292
5039,5038,1.1661186,0.6829623,0.0037246272,0.0072996765
5039,4077,17.678474,0.69366395,0.036828265,0.071744494
5040,5039,1.7780495,0.69288135,0.003557235,0.007856905
5040,3494,16.91088,0.69526875,0.038329702,0.07414029
5041,5210,2.1711998,0.6934442,0.0044396,0.009110168
5041,3809,63.716827,0.69555473,0.15246522,0.30333441
5042,5041,1.491848,0.69283056,0.0043490306,0.009453878
5042,4025,22.731997,0.6928745,0.048146218,0.09344108
5043,6754,2.1328087,0.6926152,0.0056310073,0.011516377
5043,2763,17.098911,0.68850136,0.035564743,0.0691069
5044,4611,1.9182777,0.65467775,0.0045791194,0.009234667
5045,1974,21.86118,0.37921485,0.05350397,0.10173323
5045,1974,25.694971,0.3832389,0.056566816,0.10729911
5046,5047,1.0024719,0.6935994,0.0028954297,0.006273523
5046,4405,59.01329,0.69293773,0.1202467,0.2390363
5047,5049,2.0984688,0.6864202,0.0042011663,0.009338155
5047,4660,30.293608,0.69642395,0.070557624,0.13773066
5048,5046,2.2243958,0.6834661,0.004242897,0.008708656
5048,1406,30.538395,0.6918725,0.07230856,0.14186153
5049,5048,1.1757164,0.65158534,0.0036880076,0.007095352
5049,3853,107.71761,0.7017509,0.21587381,0.42724162
5050,974,36.94479,0.6496574,0.0727865,0.14292756
5050,6885,12.562674,0.6478708,0.025215752,0.049808145
5051,2657,107.80531,0.6238385,0.20403364,0.40235835
5051,6179,6.8717957,0.61826456,0.013229303,0.026501939
5052,2377,3.2887077,0.6901965,0.0056080297,0.01237604
5052,5053,5.2282066,0.6903502,0.008156113,0.01717858
5053,6799,33.33443,0.69657457,0.065380305,0.12546258
5054,3671,10.045475,0.60506403,0.02001457,0.039499447
5055,4655,10.113796,0.69345593,0.021096878,0.041570798
5055,4655,19.307709,0.69385844,0.024773568,0.049144
5056,4470,1.4933586,0.5753134,0.0013841093,0.0037965924
5056,3961,165.5169,0.57563394,0.4161961,0.8166011
5057,5239,4.282688,0.6603598,0.0077518076,0.01590611
5057,5058,95.61003,0.66195685,0.17772223,0.352795
5058,2931,2.0852776,0.6596101,0.003381066,0.007488176
5058,5057,95.65641,0.6634573,0.17676172,0.3513878
5059,5348,1.7973404,0.6822765,0.0023800135,0.00565888
5059,890,80.49317,0.6826763,0.14748925,0.29540077
5060,5826,20.76262,0.6719659,0.050872453,0.09974876
5060,3708,44.66968,0.67159486,0.13781378,0.27163503
5061,2528,0.9580002,0.66505265,0.003026694,0.0067829043
5061,5849,179.54433,0.66619384,0.32676077,0.6447874
5062,121,61.19428,0.6611992,0.12201926,0.24496654
5062,6078,8.114403,0.65984803,0.016341522,0.032663584
5063,43,3.7514572,0.7379892,0.007991128,0.016743287
5064,2528,111.881874,0.67000115,0.28360206,0.5603544
5065,2838,137.29568,0.67283297,0.32093784,0.6345909
5065,710,61.439533,0.67108977,0.11397913,0.22598636
5066,2569,10.101669,0.74544185,0.025161982,0.04945597
5067,3701,1.8701363,0.60505503,0.0027996376,0.00637269
5067,6703,108.13991,0.60213715,0.22498867,0.44162488
5068,5069,4.259239,0.48995608,0.0037455112,0.0091239065
5068,3975,9.156475,0.057189554,0.022705548,0.045672163
5069,5068,2.8159065,0.49338368,0.0016091317,0.00492087
5069,6128,27.025337,0.043424815,0.08913063,0.18290225
5070,2050,2.0490189,0.4753908,0.0030942634,0.0057781786
5070,5071,38.023,0.08123922,0.12526214,0.25856957
5071,2034,28.69609,0.44100553,0.0628718,0.1181799
5071,2467,2.5907593,0.43903118,0.0049407408,0.010092199
5071,3978,38.20526,0.109460056,0.121523134,0.24986678
5072,6286,1.6799393,0.54734266,0.0035510212,0.007784277
5072,6285,36.594822,0.5621301,0.07341798,0.14038604
5073,4052,65.49643,0.74395144,0.12472306,0.24812326
5074,5534,21.129925,0.6912142,0.04925117,0.095114045
5074,298,26.144318,0.6913851,0.06163876,0.1189082
5075,5074,1.5207596,0.6864024,0.004376702,0.010200456
5075,5192,23.910284,0.68945456,0.056423318,0.110672414
5076,4985,45.4069,0.6861602,0.10846095,0.21436861
5076,2181,32.486355,0.68683094,0.06341702,0.12263949
5077,6391,0.041332245,0.51009077,0.0,0.0
5077,1001,7.538128,0.658457,0.015369162,0.030973807
5078,5077,2.2684326,0.6617218,0.0043186694,0.009082377
5078,6623,28.49467,0.66881907,0.068139434,0.13406791
5079,6129,6.9992485,0.69346476,0.016077533,0.03216608
5079,5080,2.085495,0.6936891,0.0021818206,0.005431056
5080,5037,37.80454,0.69750214,0.08754406,0.17219579
5080,5079,1.7969055,0.6962446,0.0015984252,0.004569307
5081,2736,1.74337,0.6873847,0.0033652708,0.0076316595
5081,2737,17.081833,0.691514,0.03560533,0.069566816
5081,2764,38.03964,0.6926868,0.07397624,0.14280392
5082,5083,2.4919624,0.6932314,0.004835114,0.009753376
5082,5630,1.841835,0.694295,0.0033804104,0.0074023604
5082,4986,141.77213,0.69622695,0.21048087,0.4180308
5083,3406,62.305176,0.6929066,0.092448495,0.18328403
5084,3751,2.2370605,0.67858493,0.0043901354,0.00914827
5084,1403,13.303722,0.68461335,0.02899807,0.056906134
5085,5086,0.23233795,0.18100807,0.002182372,0.0044883043
5085,4422,1.9784698,0.7166239,0.0027458072,0.005894646
5086,5088,2.6330948,0.7122376,0.0053742155,0.010061279
5086,3652,25.298168,0.717446,0.05981998,0.11718012
5087,5085,2.1948242,0.7115496,0.004181057,0.00826776
5087,1883,34.263153,0.71085393,0.08144589,0.16071497
5088,5087,1.0299187,0.31529292,0.0041206256,0.00898388
5088,3862,67.04289,0.7170145,0.13736054,0.2743914
5089,3684,2.0457573,0.734978,0.0033837035,0.0071838945
5089,5090,1.6586876,0.7218648,0.006961666,0.013053387
5090,5092,2.8232727,0.7378502,0.005401224,0.010640204
5090,1423,27.129417,0.7420069,0.076175064,0.14916603
5091,5089,2.6494408,0.7364443,0.004506126,0.00947167
5091,4844,2.1506805,0.7359865,0.0053940564,0.0114398
5092,5091,1.8265877,0.7356582,0.0049437433,0.010328442
5092,6758,45.531597,0.73849416,0.08269306,0.15859461
5093,2763,2.1458893,0.68568534,0.0034458116,0.0078018755
5093,6754,17.245317,0.692611,0.036080275,0.07095724
5094,5757,2.558895,0.67655396,0.0043391064,0.0090239495
5094,1569,39.163513,0.6764043,0.09193255,0.17822562
5095,2252,115.09554,0.6278492,0.21214762,0.41838908
5095,1847,25.140036,0.6327028,0.061324794,0.119990066
5096,453,143.77441,0.67736113,0.20363952,0.40650958
5096,6862,24.351841,0.68048376,0.051191863,0.09795962
5096,442,85.98149,0.675537,0.17247248,0.34281522
5097,4061,13.119143,0.6514467,0.026846327,0.052528664
5097,3033,2.2718964,0.6523129,0.004479058,0.009785861
5097,5785,2.01968,0.6482869,0.00394018,0.008309811
5098,5907,29.938221,0.73281777,0.08316496,0.16323239
5099,5101,4.0173874,0.71313626,0.00864242,0.017787427
5099,5100,2.5573158,0.714468,0.0050551966,0.010781094
5099,2231,215.23651,0.7193846,0.4077447,0.8067894
5100,5099,2.7231522,0.71250486,0.0057677478,0.011742413
5101,6232,55.444897,0.0252119,0.4047411,0.8492464
5102,5103,1.6098061,0.5103744,0.002493672,0.0052883476
5103,5102,1.5652504,0.50410914,0.0023180991,0.0047691315
5103,4661,21.44181,0.5145424,0.045300774,0.086957045
5104,1585,36.577656,0.6117658,0.07691676,0.15036006
5104,907,10.188492,0.60764307,0.021484464,0.04245457
5105,3425,3.7185898,0.6130402,0.0028070137,0.0071439
5105,3426,3.044445,0.6176582,0.00653369,0.013760835
5106,3700,107.749794,0.62036675,0.20578429,0.40530843
5107,5622,2.2291107,0.6581894,0.004454814,0.009581581
5107,4824,110.01675,0.6667882,0.20355596,0.40354776
5108,6844,3.791359,0.66788733,0.006730087,0.014274031
5108,5107,2.1508904,0.66207546,0.0030320808,0.0065977573
5109,5030,53.464237,0.7409678,0.09886436,0.19632874
5110,5975,1.7836723,0.6154761,0.0027161688,0.0064635724
5110,1609,25.963614,0.618324,0.05367449,0.103785366
5111,1571,2.3151665,0.6090836,0.0035348386,0.0075935274
5111,1610,32.073673,0.615037,0.06441747,0.12374344
5112,6987,2.1272125,0.66003144,0.002108097,0.005212933
5112,3546,80.634056,0.6602364,0.14943418,0.29765534
5113,6564,2.7688332,0.6608641,0.0020967945,0.005374253
5113,596,25.791239,0.6628686,0.055941116,0.107069366
5114,6887,0.19876099,0.034781516,0.0019134581,0.005488664
5114,1361,1.3788795,0.6130194,0.0030398145,0.007089466
5115,5114,1.8659859,0.6355064,0.0031658784,0.006710127
5115,5114,2.154049,0.6368048,0.0037059188,0.0078615695
5116,6964,1.4852333,0.6774454,0.00320258,0.0072278827
5116,808,123.1074,0.67872393,0.25276124,0.49851048
5117,637,39.589447,0.67065364,0.08083671,0.1594024
5117,5118,87.412155,0.66989213,0.17958695,0.35625088
5118,636,2.3637085,0.670939,0.0036874786,0.007857874
5118,5119,0.51670456,0.39638218,0.0011455268,0.0025133938
5118,810,98.254524,0.67296517,0.18050867,0.35862282
5119,5120,2.3237648,0.6674475,0.0050325617,0.010102525
5120,4721,2.3585014,0.6766303,0.003844887,0.008366585
5120,6457,28.709934,0.67672163,0.060678102,0.11678539
5121,3641,35.18896,0.6594024,0.06850119,0.13382491
5121,3867,28.410349,0.65867525,0.057678655,0.110473305
5121,3867,25.862879,0.65838873,0.05278208,0.101675145
5122,2598,45.412106,0.68086934,0.086358376,0.17036149
5122,2802,33.59513,0.68057346,0.07864951,0.1537357
5123,432,1.7318306,0.62825,0.0033360645,0.0071089417
5123,5122,27.71442,0.68122685,0.06520828,0.12752415
5123,6861,41.419174,0.6836055,0.08392305,0.16602707
5124,803,2.3438416,0.67542905,0.0025137663,0.005921647
5124,5123,93.58374,0.6776222,0.22578627,0.44765222
5125,2137,1.8038368,0.57428443,0.0018209368,0.004525259
5125,3914,103.857895,0.56025136,0.26349524,0.51548177
5126,1096,15.157038,0.6791584,0.031351075,0.06108094
5126,2568,2.257141,0.6737526,0.0041659176,0.009389982
5127,2745,102.35727,0.6798171,0.24846217,0.49433398
5127,5126,7.142681,0.6766319,0.0170971,0.03394039
5128,5129,1.7236671,0.6417533,0.003036648,0.0064381063
5128,1089,84.857254,0.6729528,0.16707623,0.3329672
5129,1453,58.343414,0.6732514,0.1191894,0.23830383
5129,5130,2.6825447,0.66982925,0.005275935,0.010902658
5130,5131,1.954853,0.67197424,0.0036900342,0.007920116
5131,1551,11.769476,0.6721798,0.024038278,0.04702425
5131,5128,3.0135384,0.6712136,0.0060091466,0.012732133
5132,6528,18.990307,0.68513584,0.042711996,0.08309506
5132,6522,1.9955597,0.67819893,0.004608184,0.009734049
5133,519,1.8528633,0.5018241,0.0027168244,0.005567491
5133,4702,39.069836,0.5003419,0.08483759,0.16325806
5134,5135,2.2030525,0.71446884,0.0041279867,0.008858532
5134,30,95.069626,0.71705854,0.19185151,0.38215756
5135,5657,2.4727974,0.7106865,0.004654661,0.009809852
5135,3294,69.98811,0.71483046,0.14042938,0.28080374
5136,4178,93.12712,0.6690183,0.17217842,0.34249616
5136,5718,28.933987,0.6676971,0.057169974,0.11029677
5137,5136,26.851469,0.66918004,0.054347802,0.104607224
5138,2900,2.1433258,0.6639854,0.003301233,0.00733687
5138,1010,38.124,0.66489124,0.07290685,0.14076802
5138,5139,59.764496,0.6695386,0.10947592,0.21834165
5139,5140,9.913841,0.667701,0.01969678,0.03940074
5140,1008,2.155632,0.6667391,0.003653653,0.008092642
5140,5141,21.127153,0.6701629,0.043396983,0.084468864
5140,1009,38.86806,0.6679612,0.07479517,0.14476255
5141,1003,1.9684143,0.67078894,0.0029079244,0.006606072
5141,1008,20.232468,0.67147815,0.041385304,0.080100045
5142,5143,1.9416046,0.6612693,0.002036281,0.0051879734
5142,5921,1.9322243,0.6602579,0.005364269,0.011777222
5143,5142,1.7750931,0.6594343,0.001725927,0.0045963973
5143,1461,66.83368,0.6646286,0.16118205,0.32053727
5144,5647,3.2820091,0.6696487,0.005353652,0.011421651
5144,3485,24.252459,0.034431577,0.059317328,0.12360287
5145,5146,2.3095322,0.6584556,0.0026632696,0.0066349804
5145,5147,5.3329964,0.65437675,0.02152612,0.043888822
5146,5145,2.3745728,0.6548164,0.002817139,0.0068927407
5146,4669,10.915268,0.6540712,0.036673255,0.073627196
5147,5148,2.4801445,0.65438855,0.0029720366,0.0071811825
5147,5919,38.193916,0.65038204,0.15685692,0.3116613
5148,5147,2.4717026,0.65714926,0.003001891,0.0073604286
5148,5146,5.6975327,0.6569666,0.022112042,0.044742376
5149,5771,28.653904,0.6381219,0.06666086,0.12788546
5149,4474,46.18107,0.6564204,0.10892426,0.21494469
5150,5151,3.2200737,0.7323976,0.0023385957,0.0053358674
5150,6218,55.705425,0.74395883,0.10771094,0.21432827
5151,5150,3.4909706,0.73194635,0.0030817538,0.0069185793
5151,507,163.22913,0.73781455,0.31991753,0.63100415
5152,5593,2.3381577,0.54545116,0.0046760067,0.010063872
5152,4970,44.149323,0.55065787,0.09219826,0.1776924
5153,1499,115.22039,0.62342316,0.23567754,0.46341366
5154,1134,29.852818,0.6408884,0.06968692,0.13596064
5154,4874,109.06551,0.64108455,0.2702068,0.53625655
5155,1510,159.09775,0.5412123,0.30706048,0.59995526
5156,3000,1.9324417,0.53183836,0.004072219,0.008747622
5156,5800,49.071693,0.5228711,0.09869111,0.19138256
5157,2450,35.638687,0.6671146,0.07038741,0.13548774
5157,4684,3.931713,0.66698134,0.006608516,0.013997301
5158,4684,2.4866219,0.6723022,0.0007086396,0.0028915107
5158,5157,3.485592,0.6672412,0.0057137012,0.012373671
5159,5158,2.1458473,0.6701082,0.0030750036,0.0076963305
5159,5276,104.13457,0.6719603,0.094601765,0.18595079
5160,5161,1.9179573,0.6660452,0.0018109009,0.0045364946
5160,5159,14.82361,0.6668742,0.029782787,0.0582216
5161,1029,1.9918022,0.6646527,0.0029566288,0.0067747086
5161,5160,1.8404808,0.6660831,0.0016140416,0.004322335
5162,5244,3.1483612,0.73945653,0.0063207,0.013015702
5162,1421,14.845835,0.09270212,0.059408393,0.123310074
5163,2237,1.5567894,0.74377406,0.0034541637,0.007902414
5163,6888,114.983246,0.7586332,0.16653322,0.32862622
5164,2237,7.5900955,0.742586,0.01678364,0.033798173
5164,5163,7.8083687,0.74432,0.017414764,0.034985095
5165,3528,2.4988518,0.7434993,0.004730828,0.0101496875
5165,5300,2.6845818,0.74309754,0.0062394068,0.0133754015
5166,5165,3.8821945,0.7479303,0.0075013563,0.01531817
5166,2570,7.0642586,0.74829704,0.015503772,0.03116487
5167,4368,1.5734825,0.7451756,0.002667047,0.0059037954
5167,2218,79.07742,0.74732316,0.16313083,0.32609364
5168,5169,1.556076,0.7206639,0.0018962398,0.0040480047
5168,4074,34.642174,0.028485835,0.18630075,0.40432632
5169,3774,0.4746971,0.09408525,0.0051233172,0.0105152875
5169,5215,86.26642,0.72365594,0.15442829,0.30946398
5170,5171,2.5130577,0.6904433,0.0032207966,0.0073513538
5170,993,27.901278,0.69479537,0.067799374,0.13035348
5171,4084,2.300209,0.68816614,0.005659044,0.012268513
5172,1554,22.09132,0.61071765,0.052686747,0.10223079
5172,1554,27.411947,0.60629857,0.056860853,0.10858078
5173,6711,2.4099274,0.6942622,0.004617572,0.010082766
5173,5379,2.2286186,0.69465685,0.005318016,0.010873854
5173,5650,127.355934,0.69905424,0.2596042,0.5124369
5174,5175,2.384842,0.6883355,0.0049416423,0.010056853
5174,6364,45.331284,0.68782055,0.10248937,0.2022568
5175,4691,2.0287132,0.6888214,0.004983589,0.0104598105
5175,5177,37.909515,0.6889188,0.07781614,0.15261546
5176,92,2.3905106,0.6654391,0.0042792484,0.009219348
5176,6093,34.572918,0.66676426,0.07165114,0.14139643
5177,3080,2.9154587,0.6902771,0.0025211573,0.005951613
5177,5178,13.4026375,0.6884679,0.027744196,0.0545376
5178,3889,2.538437,0.6927896,0.0015099496,0.004374355
5178,6572,9.19965,0.6934711,0.018709704,0.037291914
5179,5369,1.2523651,0.4914276,0.004370503,0.009080276
5179,6317,27.141043,0.49828884,0.06542956,0.12428936
5180,1899,11.766666,0.5305447,0.027855948,0.055104733
5180,4867,15.690157,0.53107417,0.030321062,0.060022533
5180,5515,4.5041275,0.5340037,0.0068733543,0.014165133
5181,3302,2.0314903,0.6950774,0.0054667518,0.011878446
5182,2127,30.196423,0.4897567,0.06815844,0.1278723
5182,2127,31.071144,0.49100685,0.07123486,0.13436861
5183,3674,27.350533,0.50733155,0.055321287,0.107245
5184,4347,1.8174438,0.66590345,0.0033955872,0.0076450557
5185,5186,3.257782,0.69046986,0.004665531,0.010263979
5186,3707,3.217865,0.69768596,0.007161945,0.014987335
5186,5587,24.58329,0.70136327,0.044931818,0.08803868
5187,6426,84.676956,0.689782,0.15643102,0.3130784
5187,5093,13.568998,0.6888595,0.026825607,0.05215393
5188,26,2.0052795,0.6880441,0.0033728257,0.007948682
5189,3677,1.7901115,0.68703026,0.0048227087,0.010320038
5189,5190,37.488457,0.69497275,0.071549125,0.1373466
5190,2789,1.9472046,0.6865654,0.0030211657,0.006543249
5190,5191,3.2747726,0.6885804,0.0056664795,0.011810213
5190,5191,47.232426,0.69168067,0.08853476,0.17624687
5191,2790,2.0772247,0.68825567,0.0032675564,0.0072427243
5191,5190,47.21939,0.69106233,0.08818425,0.17515984
5191,3369,21.674858,0.68918395,0.04393487,0.08463735
5192,6890,2.0300865,0.6888437,0.0052321404,0.011392459
5192,6634,2.379902,0.69120896,0.0028641522,0.006807685
5192,2314,5.2967567,0.6922671,0.008393541,0.0177387
5193,628,5.2080727,0.51469755,0.0102825165,0.020654812
5193,4927,22.47268,0.52135694,0.048119184,0.092565194
5193,5908,41.32471,0.51115584,0.083758,0.16057318
5194,5868,27.758263,0.6575959,0.05623145,0.10874968
5195,5185,35.585983,0.69429547,0.059517436,0.11565992
5195,5587,50.0577,0.699518,0.1036641,0.20261115
5196,5328,2.6076584,0.70981187,0.005239621,0.011080548
5196,6473,423.60712,0.7061296,0.80964977,1.6080432
5196,5327,67.15359,0.7146845,0.15380904,0.3047846
5198,252,1.245842,0.5096875,0.0030600578,0.006506115
5198,4858,9.3209915,0.51186836,0.025893494,0.050651
5199,5200,3.1699142,0.5113827,0.0026185736,0.0061069876
5199,1895,12.276604,0.51124793,0.027367927,0.05343084
5200,5199,3.0826569,0.5142618,0.0026614815,0.0062476844
5200,253,30.192234,0.5087777,0.091678046,0.17901847
5201,5202,2.3730812,0.66295874,0.004899882,0.010496527
5202,5201,2.6370811,0.66058445,0.005294308,0.011283696
5202,6088,23.149302,0.6576034,0.12610826,0.25427228
5203,1441,1.9206886,0.52866155,0.0027683899,0.0060832053
5203,1837,33.40221,0.52372926,0.06663192,0.12902264
5203,1790,26.134497,0.53394544,0.05774083,0.10968064
5204,1789,1.6984406,0.51416236,0.0022881627,0.0048425198
5204,5203,30.942585,0.5205892,0.068404675,0.1309199
5205,1180,1.7740059,0.47308537,0.0036683604,0.006900564
5205,5589,22.809462,0.6613779,0.049631774,0.09519627
5206,3078,1.9900856,0.7010558,0.0020964518,0.0055113733
5206,5531,110.25855,0.7129775,0.2628026,0.5228326
5207,5208,16.725723,0.5160582,0.045973413,0.08987958
5207,5208,25.259207,0.5088305,0.05113325,0.09867687
5208,4857,6.4920654,0.51414216,0.01885496,0.03728634
5209,284,27.00433,0.6929434,0.053472064,0.10252047
5210,5209,1.9300308,0.68730646,0.002827242,0.0066123307
5210,4065,1.5588646,0.6909295,0.004144855,0.008958951
5211,843,1.5459099,0.6557244,0.0047925934,0.010827884
5211,842,75.89043,0.659439,0.13947903,0.27760452
5212,5211,1.8369064,0.6507803,0.0031256303,0.0063920766
5212,3875,23.307903,0.65491235,0.055331744,0.107611254
5213,5215,2.3802452,0.7103508,0.004821025,0.010485232
5213,3774,85.67061,0.72937745,0.15531224,0.30821207
5214,5213,1.8665085,0.7145191,0.0035091043,0.007828385
5214,6737,29.308016,0.7137337,0.06288881,0.11982754
5215,5216,1.9956856,0.7130751,0.0027381182,0.0064843446
5215,4742,38.144768,0.71619886,0.07706891,0.15104418
5216,5214,1.98452,0.711527,0.0036540553,0.0083684325
5217,6451,2.049881,0.6635311,0.0036805272,0.008160517
5217,5429,53.701874,0.66634816,0.0802566,0.15799318
5217,238,65.9201,0.6650772,0.13137352,0.26282638
5218,7018,18.909016,0.6683846,0.03828765,0.07425331
5218,5221,2.7644768,0.6649626,0.0043784156,0.009452924
5219,855,3.0809937,0.6670197,0.004595615,0.010313004
5220,5218,2.6737938,0.6659535,0.0046405494,0.009965748
5221,4886,43.85648,0.6750147,0.082950935,0.1646344
5221,5219,2.3012848,0.67157334,0.004152678,0.00946328
5222,2681,4.1451187,0.62868893,0.009090252,0.01853007
5222,2842,392.15454,0.65542907,2.2719138,4.4636717
5223,1473,2.517044,0.70519364,0.004125789,0.00884676
5223,5526,72.52932,0.7085574,0.17050025,0.33952147
5224,637,3.005272,0.6663945,0.005796753,0.012140229
5224,6273,5.006344,0.6703878,0.010309674,0.02108723
5225,6891,1.2787514,0.5568151,0.0010638535,0.0029295534
5225,4813,1.2291336,0.55968446,0.0045428053,0.0097260475
5226,3430,1.7120628,0.61386365,0.0027024597,0.006322354
5226,547,23.702106,0.61817455,0.051412564,0.09865918
5227,1658,2.792328,0.7197421,0.0051396415,0.010708377
5227,1662,2.2463837,0.7185087,0.0040549785,0.00785917
5228,5229,40.448254,0.7168977,0.08098219,0.15800945
5228,5229,45.098835,0.7175677,0.08408605,0.1633679
5229,5216,38.02192,0.715442,0.07630689,0.15166967
5230,28,2.4813385,0.70454836,0.004868366,0.010202169
5230,33,72.88015,0.717337,0.17210409,0.34300038
5231,3776,52.44243,0.5106723,0.102767706,0.20027506
5231,5782,2.1546936,0.5146781,0.0030821413,0.007741943
5232,1885,101.15759,0.5135632,0.1991567,0.38738894
5232,5234,2.8062897,0.520821,0.0045131445,0.010419086
5233,5234,0.6604309,0.38522977,0.00050511956,0.0007888973
5233,5232,2.634716,0.522426,0.0048534647,0.010559812
5234,5781,1.103672,0.109870106,0.0009466931,0.0019673407
5235,3418,1.3007317,0.65968305,0.0018245205,0.0050160885
5235,960,37.216316,0.6628103,0.07129243,0.13872233
5236,5761,4.0580063,0.61016226,0.0066291764,0.014033079
5236,5237,50.742966,0.6094026,0.09808546,0.19337115
5237,5236,50.71949,0.60688186,0.09688178,0.19126801
5237,1720,19.47394,0.6031679,0.05295998,0.104432404
5238,5023,1.7798653,0.67836094,0.0031228065,0.0069056153
5238,6661,40.37781,0.68480855,0.083592966,0.16591294
5239,5057,4.8395996,0.65975976,0.008515313,0.01740089
5239,5583,69.45862,0.6608318,0.13898009,0.2771362
5239,611,108.067635,0.6652571,0.21723044,0.42991936
5240,6593,2.2015228,0.7368347,0.003919728,0.008279219
5240,6591,2.0650826,0.7403848,0.0031149834,0.006521389
5240,508,59.535324,0.7431131,0.11469222,0.22816876
5241,6001,54.03739,0.5062174,0.116803825,0.22716838
5241,6878,2.0012283,0.5068458,0.002534233,0.0056876093
5242,345,44.055077,0.6990482,0.083120786,0.16215335
5243,1547,2.2923508,0.6675716,0.004073404,0.008349821
5243,1548,29.39214,0.6726868,0.059314236,0.11326429
5244,6200,0.43447495,0.05379054,0.0068496466,0.014535025
5245,3804,1.978878,0.6001551,0.00282263,0.006321624
5245,2309,15.453411,0.6017903,0.03298466,0.06431254
5245,2310,35.037193,0.5980181,0.068523586,0.13377023
5246,4189,1.2688103,0.5955167,0.0050764084,0.010948241
5246,5903,31.64656,0.5915561,0.066756204,0.12986997
5247,6935,54.55467,0.69374794,0.11138137,0.22085318
5247,5744,2.9041138,0.4356031,0.006185673,0.009322211
5247,3330,2.424942,0.6733887,0.0052168816,0.009952143
5248,1865,40.656017,0.68498963,0.06585986,0.12950867
5248,126,22.685072,0.67892665,0.053294957,0.10167352
5249,5252,0.68401337,0.50151557,0.0031397417,0.0069689155
5249,1993,41.46097,0.50175214,0.08376469,0.16073923
5250,5249,1.6122437,0.49996144,0.0027941614,0.006174326
5250,1827,181.58418,0.46484444,0.48921672,0.9557439
5251,5250,1.3942375,0.5035623,0.004357502,0.009375468
5252,6000,0.8195114,0.49928305,0.0039031282,0.008375242
5252,5251,2.0189972,0.5026461,0.0033272728,0.0069182366
5253,5889,22.044386,0.6349263,0.04842279,0.093424335
5253,1034,26.075724,0.6363581,0.048715837,0.09520576
5254,695,52.439796,0.4689965,0.10425063,0.20258571
5254,1556,5.47731,0.48215434,0.010840245,0.021731898
5255,1556,0.82906723,0.30348116,0.0026084185,0.005671203
5255,5254,5.8450813,0.47722775,0.011493377,0.02286172
5256,6674,25.654242,0.6197289,0.11840387,0.23746409
5257,5256,6.2617226,0.61990714,0.01771427,0.034892753
5257,6674,55.531067,0.6188595,0.13822092,0.27062297
5258,3203,1.7427292,0.64065826,0.0031080619,0.007213816
5258,5115,10.8956585,0.64201784,0.02213668,0.04406935
5259,5258,1.6327438,0.63978285,0.002186209,0.005732298
5260,618,2.4666824,0.64615726,0.0047157854,0.010278448
5260,5259,62.509033,0.6518085,0.114391044,0.22830948
5261,5260,2.0076065,0.64546853,0.0032449067,0.007373661
5261,1107,6.273941,0.648589,0.012912162,0.0262582
5262,1447,152.47018,0.6476114,0.28050205,0.55434453
5262,5261,8.102207,0.64547276,0.015870132,0.03186825
5263,5261,1.7525864,0.6479908,0.0034081787,0.008005232
5263,5262,6.8383064,0.6478377,0.013294704,0.026922435
5264,2349,132.39299,0.5605863,0.27909416,0.5454822
5264,2350,30.030594,0.57996774,0.06648708,0.12757176
5265,1505,2.1272316,0.5833511,0.0039865077,0.008733198
5265,5264,97.27841,0.5770539,0.20505023,0.40108058
5266,1512,5.1243477,0.5275004,0.009759225,0.019685164
5266,6837,36.10808,0.52516675,0.071619436,0.13792324
5267,3000,38.9762,0.5260097,0.07402967,0.14471102
5267,6837,11.2694,0.5263294,0.023571879,0.04614596
5268,952,70.723114,0.6639005,0.23172182,0.4620425
5268,5271,2.0025063,0.6630512,0.0030968487,0.007415235
5269,4901,10.135357,0.6661371,0.026421465,0.051827922
5269,5270,1.953064,0.6528375,0.003697157,0.0084344745
5270,5268,2.50745,0.6634475,0.0045786053,0.009801939
5271,955,13.4644165,0.66223407,0.02712848,0.053327426
5271,5269,1.9279594,0.6623353,0.0030939952,0.007211402
5272,2556,71.346855,0.4994781,0.18570736,0.36151493
5273,4745,2.2803802,0.6338073,0.0036557391,0.007661417
5273,2524,80.333435,0.63969815,0.14848474,0.29545778
5273,6178,48.6229,0.63820165,0.11483483,0.22542077
5274,675,29.530727,0.66510177,0.07027221,0.13848077
5275,5400,2.124981,0.6736807,0.004283145,0.009139106
5275,2948,5.3236504,0.67462057,0.010754757,0.021887824
5276,5275,5.5075684,0.672599,0.010956682,0.022567898
5277,2799,39.74184,0.65977955,0.078058735,0.15444684
5277,5584,32.95125,0.65835285,0.06534764,0.12527017
5278,2591,15.9882145,0.6410102,0.037667677,0.07369609
5278,3648,30.112242,0.6418748,0.07296832,0.14216387
5279,6187,1.6594467,0.6624382,0.0029800534,0.006217897
5279,6188,5.187805,0.72962105,0.010095701,0.020537049
5280,6475,122.75832,0.73345363,0.2187199,0.43507993
5280,5279,4.4225464,0.72907746,0.007873334,0.015955538
5281,569,53.902687,0.6492965,0.109178245,0.21733704
5281,567,2.0427399,0.6463534,0.003682524,0.008326352
5282,557,2.1382713,0.65576625,0.00321161,0.00764969
5282,3182,82.40193,0.65481436,0.25927505,0.5140379
5283,5435,1.2713776,0.61737406,0.0036837533,0.0072607994
5283,5284,77.8459,0.627898,0.14548674,0.28853327
5285,5021,63.822906,0.6274989,0.11922517,0.23655543
5285,5286,18.519169,0.62810284,0.03798571,0.073610015
5285,3048,89.074776,0.6338565,0.16499934,0.32733142
5286,5287,2.2796745,0.6229986,0.0035558045,0.0075729787
5286,5285,18.47818,0.629238,0.037756234,0.07316256
5286,6478,58.172802,0.627355,0.10913059,0.21533974
5287,5286,2.4141235,0.6244892,0.003863521,0.0083379
5287,3985,58.53625,0.6273131,0.1519956,0.30140048
5288,1200,0.48906326,0.4424717,0.0012515485,0.0025143623
5288,1353,66.42047,0.6155485,0.12556505,0.24776492
5288,3834,62.76779,0.6130352,0.13308707,0.26293337
5289,1239,2.1247978,0.6713943,0.0041507185,0.00872004
5289,2568,28.674637,0.67311466,0.06047439,0.11597021
5289,5953,13.86561,0.67196405,0.02885203,0.05666118
5290,1083,77.965256,0.67028946,0.14170423,0.28409272
5290,5296,2.4867592,0.67481387,0.0050207525,0.010675013
5291,5938,2.9959297,0.674508,0.0027084649,0.00651446
5291,1087,9.0544815,0.6764304,0.01875636,0.037283137
5292,5295,7.8732758,0.68703496,0.017398626,0.034803614
5292,5293,1.3805046,0.5671587,0.0032036528,0.0060355067
5293,5294,2.5980034,0.6733048,0.0062972605,0.01290521
5294,5292,1.962143,0.6819169,0.0045109317,0.009883672
5295,3449,1.4726067,0.68485266,0.0033733025,0.007550508
5295,5293,7.6339455,0.68728983,0.016808689,0.03275594
5296,1087,2.1022568,0.673537,0.0039398074,0.0083848685
5296,1086,23.924976,0.6754928,0.05021493,0.09630201
5296,5938,9.965248,0.67462385,0.020356447,0.040467173
5297,5299,14.33526,0.6565105,0.028834261,0.055812337
5297,967,7.4077454,0.65462214,0.01503475,0.030320361
5298,424,0.5987625,0.2089603,0.0016582459,0.0026160479
5298,4870,13.770874,0.6608745,0.028199673,0.0550797
5298,6054,6.5045395,0.65722954,0.013971172,0.028123766
5299,4870,10.126312,0.66729987,0.023573324,0.046280786
5299,5298,5.5583305,0.66616476,0.011010192,0.02215913
5300,2571,3.058094,0.7363461,0.005806759,0.012252212
5301,6636,2.0759926,0.38384402,0.0059756264,0.011699468
5301,3694,23.281517,0.37762445,0.060653687,0.118345246
5302,894,1.7952499,0.67757946,0.004500255,0.009322628
5302,6864,77.92825,0.67878515,0.16060358,0.32026905
5303,3014,4.1359596,0.6785837,0.009450763,0.019407734
5303,5302,2.246395,0.6774684,0.0043704435,0.009377897
5304,5303,1.9234543,0.6783294,0.0046412647,0.009956211
5305,6495,1.669117,0.6697855,0.003179647,0.0070178956
5305,6667,50.162838,0.6731911,0.11936739,0.23559451
5306,6492,2.0868835,0.6606199,0.003998764,0.008672684
5306,228,2.746811,0.6715371,0.0062953755,0.013318196
5307,2993,10.784283,0.653321,0.02274917,0.044898465
5307,2722,3.351963,0.6538726,0.0063356757,0.013357416
5308,118,2.4111023,0.6412747,0.004003264,0.008349985
5308,3850,31.142973,0.6450842,0.062293176,0.11980085
5309,2697,23.600544,0.62504625,0.04938737,0.095247395
5309,5310,27.16145,0.6289997,0.056349594,0.10838772
5310,2130,40.67479,0.6278799,0.07922937,0.15572943
5310,5311,59.851723,0.6345614,0.11012756,0.21776944
5311,5312,1.6821175,0.63796073,0.0027966872,0.0068003684
5311,3849,25.65362,0.6379449,0.053670164,0.103352405
5312,3850,1.789032,0.6396644,0.0032885,0.007788822
5312,5308,31.325203,0.64307714,0.06426212,0.12286334
5313,130,11.778803,0.6559231,0.024559788,0.048283488
5313,96,15.754995,0.65656984,0.03281905,0.063628435
5314,130,1.8129158,0.65212715,0.0032510385,0.0074703246
5314,106,133.42728,0.65387857,0.2679647,0.5306338
5314,5313,11.525578,0.6563985,0.023999147,0.04691115
5315,1467,1.7274399,0.6174311,0.002437085,0.0055574924
5315,6423,67.138596,0.6277917,0.12520939,0.24915345
5315,5316,92.1863,0.6270457,0.19220436,0.37727243
5316,3331,106.14432,0.63468826,0.19602999,0.38824034
5316,4481,15.252399,0.63123363,0.032363985,0.063198425
5317,5319,1.5531311,0.67619056,0.0031970665,0.0068433583
5317,6090,14.814917,0.67572635,0.030590381,0.060184002
5318,129,14.825792,0.6747068,0.031095002,0.06109257
5318,2644,21.260063,0.6799333,0.044711452,0.08591431
5319,5320,1.2159004,0.65999293,0.0024683475,0.0058707
5319,1273,13.175928,0.67953116,0.02734477,0.05388254
5320,129,1.9466515,0.6742754,0.0032997727,0.0070584714
5320,5318,15.525703,0.6775199,0.032119755,0.06234269
5321,126,1.5434494,0.67850685,0.0044966117,0.009383544
5322,761,24.094685,0.68802816,0.050117735,0.09638507
5322,5323,2.7069778,0.685191,0.004577711,0.009549558
5323,2751,24.77819,0.6880357,0.051940214,0.0997841
5323,5322,2.9797935,0.6852634,0.005152717,0.0107871
5324,5325,2.7288551,0.7162254,0.002249062,0.0054552555
5324,4628,372.37585,0.7076335,0.49032882,0.96867126
5325,5324,2.948204,0.70807976,0.0030760616,0.006418884
5325,3986,26.125542,0.73195523,0.051575888,0.100409284
5326,1968,0.86885834,0.36901033,0.0017768666,0.0030194372
5326,3895,64.286026,0.56474715,0.164366,0.3210451
5327,5328,65.29887,0.7141911,0.14883363,0.2964863
5328,5196,2.223915,0.7066398,0.0040308535,0.008848116
5328,2619,144.12541,0.71954036,0.2853168,0.56455916
5329,4800,2.495758,0.6753584,0.004275553,0.008564681
5329,4643,27.511065,0.6753385,0.06432228,0.12365128
5330,4798,4.4783974,0.69455254,0.008528508,0.016755268
5330,5331,43.52527,0.6915337,0.081497416,0.15824044
5331,4797,27.563694,0.68178064,0.053933408,0.10470829
5331,4799,2.0689812,0.68090767,0.0031871125,0.0068937093
5332,5329,1.9943161,0.6720383,0.0045446754,0.00982061
5333,4810,1.4943619,0.62345594,0.002352558,0.0048724264
5333,4809,5.775875,0.6265331,0.011198677,0.022011831
5334,5335,1.1736107,0.6188776,0.0029588342,0.00721775
5334,4808,5.552494,0.6258321,0.010994151,0.022433221
5335,5333,0.06775284,0.43102866,0.0,0.0
5335,1688,5.2912216,0.6124953,0.011238046,0.022868931
5336,3948,5.372364,0.6600979,0.010902874,0.022026122
5336,361,296.42303,0.64679414,0.58855,1.1567214
5337,726,4.5154076,0.66475415,0.009070188,0.018537015
5337,3241,96.19755,0.6649267,0.19683167,0.38974318
5338,1637,18.30585,0.6860561,0.04132256,0.08040023
5339,2005,108.916084,0.6826728,0.20142859,0.39930534
5339,2245,1.5108528,0.6796395,0.0039628446,0.00892733
5340,5338,4.031452,0.6809386,0.009619929,0.01935248
5340,6396,2.4959793,0.6843326,0.0057013854,0.012389094
5341,5970,1.8815155,0.6188071,0.002703853,0.0061749965
5341,5971,29.567122,0.62162066,0.05959983,0.11451963
5342,5974,1.9269867,0.6212764,0.002781339,0.0066553205
5342,1611,33.735676,0.621456,0.0660422,0.12773716
5343,5576,89.947205,0.71789205,0.16213179,0.32415706
5343,5503,5.7770233,0.7170139,0.010481827,0.021553218
5344,5628,4.626377,0.6877542,0.010740377,0.021642536
5344,2617,42.840767,0.6971436,0.07950252,0.15273894
5345,1961,1.8126945,0.653372,0.0030393973,0.0053458065
5345,5346,16.763365,0.68151736,0.03364093,0.066337675
5345,851,23.014666,0.6832859,0.046868086,0.0911827
5346,2617,1.018898,0.32015353,0.0011634752,0.0016067624
5346,2616,10.200409,0.6884036,0.0208458,0.040483877
5346,6877,42.554966,0.6931434,0.081131354,0.15872443
5347,4672,2.0277863,0.5538066,0.006106697,0.012696505
5348,5059,1.7323494,0.68428564,0.002457574,0.0059464276
5348,5475,22.445362,0.6837883,0.04515874,0.08712952
5349,4942,214.32709,0.71986794,0.29391503,0.58348197
5350,1749,17.283342,0.7278018,0.030678116,0.059854135
5350,5349,40.35631,0.73015785,0.062343635,0.12391518
5351,4200,2.934143,0.65947294,0.004906632,0.010203287
5351,1494,105.28185,0.6621679,0.1920813,0.38153923
5351,5580,10.754187,0.6628185,0.019127116,0.03809479
5352,1972,132.21683,0.5367793,0.2574746,0.5012468
5352,7030,42.484245,0.54703933,0.081572294,0.15952544
5352,5586,94.668274,0.53189963,0.18494108,0.36043268
5353,1486,135.73248,0.49866417,0.27023336,0.5243194
5353,4590,118.724625,0.5011522,0.2355569,0.4564234
5353,1901,340.60303,0.4467563,0.6922115,1.3413552
5354,5355,1.6923637,0.68975997,0.0026373118,0.005896926
5354,393,68.13597,0.7032362,0.12130079,0.2441814
5354,1987,31.680939,0.7030239,0.061500132,0.11738232
5355,5354,1.8686981,0.68545675,0.0026941895,0.005647853
5355,1731,94.57547,0.69657075,0.17077607,0.3390536
5355,4115,33.842163,0.69805413,0.06556651,0.12511088
5356,3807,3.4082336,0.6640094,0.005938694,0.012595072
5356,1494,78.26686,0.65913755,0.14398971,0.2880302
5357,4165,2.9195137,0.66106266,0.0050995946,0.010756463
5357,6826,2.931057,0.6556322,0.005190052,0.010936618
5357,3231,198.37532,0.6619047,0.3669035,0.7238399
5358,3295,3.5007896,0.7176642,0.0032799318,0.0073190033
5358,6270,9.369545,0.720785,0.019074082,0.037404522
5359,6714,9.647118,0.7144044,0.020949498,0.041600764
5359,5525,38.37019,0.7086701,0.071868315,0.13756277
5360,6766,23.469904,0.73296964,0.06265479,0.121753976
5360,6957,35.459084,0.73775786,0.067001395,0.12833464
5361,6332,1.8748207,0.6921809,0.0032601804,0.0074474216
5362,5367,4.445244,0.7457839,0.008307114,0.016798884
5363,6937,9.157341,0.7437424,0.017443322,0.034292072
5363,5362,1.8294907,0.74408853,0.002757199,0.0059779435
5364,5366,0.0,0.44323894,0.0022962838,0.0
5364,5812,67.175385,0.45788053,0.22538206,0.35571754
5365,5363,4.6191673,0.7452325,0.007859625,0.016598731
5366,5364,0.0,0.44419122,0.0024470761,0.0
5366,4177,18.578386,0.45392215,0.056844804,0.08816332
5366,5365,33.74194,0.7532011,0.061260894,0.11782815
5367,5365,2.037838,0.7314444,0.003449142,0.007735789
5367,5364,33.47111,0.75260854,0.062290907,0.120238684
5368,3038,2.6809464,0.65749013,0.005008988,0.010192111
5369,5524,20.04158,0.49094433,0.047070038,0.090708286
5370,5179,23.75695,0.490093,0.053482883,0.10253192
5370,5369,23.502768,0.48846284,0.05326143,0.10185565
5371,1681,123.94872,0.5279192,0.24103805,0.47052735
5371,1682,69.77529,0.50025874,0.13866164,0.2707547
5371,1261,60.68617,0.48893374,0.12141481,0.23694833
5372,6184,25.045288,0.65987045,0.0516261,0.10025617
5372,6357,72.12589,0.6620282,0.13048893,0.26075834
5373,5413,13.099892,0.62620115,0.029867321,0.058416426
5374,5412,3.4281693,0.6028203,0.008782417,0.018068254
5374,5373,29.878075,0.61262333,0.058706015,0.11378719
5375,5376,1.9644623,0.6899378,0.0018663853,0.0044300407
5375,514,17.694164,0.6995564,0.03955219,0.07760773
5376,5375,2.2333145,0.69263446,0.0025841296,0.0060878545
5376,6811,154.11826,0.6375209,0.382712,0.7549194
5377,5378,0.3267479,0.022546887,0.0026250854,0.005404651
5377,5807,11.808439,0.6421535,0.023745395,0.047065735
5378,979,2.3658485,0.62264526,0.006081708,0.012950599
5378,919,0.0,0.043404907,0.00039922446,0.00064490736
5379,6283,2.2326355,0.66711026,0.003525868,0.007052511
5379,3361,1.8117752,0.68654245,0.0048794746,0.010638535
5380,5182,2.4591827,0.4853487,0.006638013,0.013674885
5380,4259,33.90551,0.48052493,0.0707722,0.1352371
5381,5383,2.1631126,0.6596819,0.004137777,0.008903563
5381,5384,68.113945,0.665274,0.13965909,0.27721018
5382,4381,2.453251,0.66978633,0.004355915,0.008836791
5382,2971,37.909534,0.66974,0.072846085,0.14270766
5382,6121,30.6484,0.66979194,0.064352125,0.123498514
5383,4376,1.7765732,0.6589626,0.0030253902,0.006897196
5383,4377,149.32172,0.66281843,0.30132335,0.5951815
5384,2796,192.53569,0.66084427,0.35534877,0.70186096
5384,1787,62.638023,0.66848177,0.12652205,0.25242117
5385,3045,2.2059402,0.6675927,0.00424321,0.008937269
5385,5382,79.516,0.66826797,0.15896103,0.3151977
5386,5387,1.4740715,0.63120174,0.0020789057,0.0050117373
5386,3502,38.901527,0.6384018,0.074702665,0.14496666
5387,5386,1.5255356,0.63138855,0.0020066202,0.0047775805
5387,5388,9.133087,0.63202363,0.017976776,0.036058903
5388,2250,2.40699,0.6326061,0.0036636665,0.0080088675
5388,5386,8.855133,0.6342485,0.017350428,0.03445673
5389,6095,2.493084,0.68219954,0.0040862113,0.008778259
5389,6047,117.79806,0.6885469,0.21521461,0.42750025
5390,5748,20.430597,0.656701,0.03787419,0.07303537
5390,3508,28.839317,0.6527076,0.062350072,0.12456554
5391,516,43.05209,0.65367603,0.10094204,0.19889322
5392,3299,22.511166,0.65980196,0.043352664,0.08327998
5392,5748,8.026829,0.65354913,0.014763959,0.029930443
5393,5395,1.924675,0.66551775,0.0032398254,0.007333368
5393,3291,39.64616,0.6746292,0.07642283,0.1476382
5394,5393,27.777594,0.6785887,0.0543455,0.10516024
5394,3583,72.67798,0.67846715,0.13302068,0.26735988
5395,3288,1.7740936,0.6719158,0.0026053563,0.0059087723
5396,1012,36.32482,0.65746677,0.060122352,0.113952905
5397,423,72.120125,0.66224515,0.14793953,0.29489946
5397,6342,3.0496063,0.66487956,0.0060628355,0.01271598
5398,3422,47.044052,0.6096523,0.09730642,0.18978238
5399,5750,5.369961,0.5201278,0.012001954,0.023709789
5399,2334,61.12239,0.51817805,0.11888404,0.23325965
5399,3721,1.8367386,0.5201227,0.002553746,0.005561292
5400,6696,4.015133,0.6766646,0.0073386207,0.0153968185
5400,2948,4.0636673,0.67427063,0.008115523,0.016713038
5401,5402,2.3918457,0.73497397,0.0053995773,0.010887325
5401,3098,69.61133,0.7277035,0.20869985,0.41526854
5402,5401,1.7453308,0.73056525,0.003982775,0.008223802
5402,4789,44.231308,0.73733556,0.0813215,0.15776257
5403,3240,21.231073,0.66023755,0.04330449,0.08386821
5403,6263,3.3174934,0.65953374,0.005690694,0.011802167
5403,3806,54.541935,0.6577122,0.059970412,0.11280108
5404,5405,1.8080444,0.6636636,0.0030903518,0.007071987
5404,3949,83.76829,0.66525966,0.17427884,0.34649628
5405,5406,1.5511436,0.65822136,0.0029701665,0.0069196373
5405,6263,2.3297234,0.6627227,0.0036337823,0.008162454
5406,4944,2.1700516,0.6624907,0.0036976486,0.007127613
5406,3210,73.30497,0.66333735,0.15205346,0.30211738
5407,595,0.79265594,0.658458,0.009284146,0.018080875
5407,6562,61.771,0.65674937,0.12591772,0.24940333
5408,596,1.8338699,0.65489584,0.0031492934,0.0074117333
5408,606,118.738846,0.65973276,0.23924485,0.4732862
5408,6564,26.616438,0.659321,0.056468964,0.10926443
5409,2497,2.5185013,0.6635966,0.004215978,0.009263188
5409,5002,5.456608,0.6621272,0.010365672,0.020725816
5410,3146,2.0453415,0.6648524,0.0037820935,0.008496001
5410,1374,82.46776,0.66447544,0.16343889,0.32534614
5411,1023,2.3853111,0.6712713,0.0040377006,0.008608118
5411,6360,28.582897,0.672251,0.05770712,0.11087738
5412,6933,2.2424622,0.5981544,0.0024056435,0.005629003
5412,5373,19.984007,0.61395156,0.04703669,0.09154704
5413,6933,40.891895,0.62023884,0.078955516,0.15375839
5413,5375,83.53441,0.67428416,0.20261112,0.4020797
5414,3352,4.597988,0.7075342,0.008176707,0.016575038
5414,1653,5.2233467,0.70707047,0.009486251,0.019077301
5414,4575,136.38095,0.71103454,0.2462281,0.48823828
5415,2846,2.0613213,0.7056371,0.0031852573,0.0068537146
5415,2840,98.33572,0.7079859,0.17880422,0.35673624
5415,5223,18.43753,0.71005785,0.041065905,0.080102295
5416,1474,2.0587425,0.70457166,0.0030217618,0.0068736374
5416,6136,20.364502,0.7076123,0.046043016,0.09031548
5416,3341,115.967155,0.70595115,0.20989734,0.4172247
5417,3890,2.1135368,0.70300007,0.0038115755,0.008232161
5417,4439,12.512375,0.7066389,0.025200352,0.04914145
5417,5416,35.849285,0.7069095,0.08208899,0.16049364
5418,3108,2.575039,0.67990553,0.004551962,0.0098205805
5418,5417,32.62472,0.7063401,0.07551992,0.14839144
5419,5418,2.4225998,0.70488536,0.0054642856,0.011067271
5419,2828,98.25045,0.7125714,0.19104671,0.3780889
5420,5939,2.1530495,0.7041636,0.0045785755,0.009617642
5420,4437,214.26509,0.70623493,0.38120997,0.7536209
5421,5424,1.8685379,0.69694406,0.0028110296,0.0064704716
5421,4640,2.7955132,0.70280266,0.0044142157,0.009623095
5422,466,2.6302223,0.7030403,0.004709333,0.009755194
5422,478,15.476513,0.70525324,0.030888285,0.05976998
5423,479,31.426077,0.7084985,0.06092725,0.11626318
5423,5422,16.163403,0.7068532,0.0323319,0.06299477
5424,4639,1.6799164,0.6996908,0.0032608807,0.0074395537
5424,5423,29.17744,0.7075331,0.057609215,0.111014575
5425,1683,11.495968,0.49819767,0.022291683,0.04400547
5426,5425,5.5954437,0.5013915,0.01005616,0.020370856
5426,6291,2.2205582,0.5011692,0.0047462657,0.0100528
5427,6456,2.3072548,0.6573717,0.0027334243,0.0064124763
5427,1953,50.623795,0.66225976,0.103962086,0.20600067
5428,5427,22.20493,0.66523975,0.038405493,0.07463231
5429,5432,2.1107292,0.65694535,0.0032198355,0.0066182464
5429,5428,22.28361,0.66329277,0.040442564,0.078784555
5429,1393,54.378445,0.6588446,0.10164298,0.20176944
5430,3386,195.0346,0.7202889,0.34265283,0.67680067
5430,5431,63.37294,0.7105464,0.11327459,0.22477962
5431,5486,2.1586685,0.70488065,0.0034577996,0.0072027743
5431,449,71.762856,0.7139294,0.16783866,0.33431548
5432,5429,2.056263,0.6616755,0.0033788085,0.0068983585
5432,6451,54.299286,0.66594136,0.07940182,0.15531728
5432,233,15.293072,0.6624028,0.030612808,0.05937563
5433,5435,0.7436409,0.63859534,0.0024914742,0.005052611
5433,5022,0.9935913,0.62772566,0.0034474283,0.007638246
5434,5433,0.0,0.23482457,0.0013786405,0.0029065758
5434,5436,0.0,0.07931429,0.004127614,0.007859513
5435,5436,0.0,0.36642015,0.001251474,0.0027404875
5435,5095,76.23799,0.62423146,0.19459003,0.3856025
5436,5437,2.2079353,0.6360639,0.005949773,0.0121144205
5436,1490,43.84169,0.006451905,0.24447787,0.52141577
5437,5440,0.0391922,0.09053597,0.0022883862,0.0038422197
5437,5438,0.4196205,0.05134654,0.0042401776,0.0077145398
5438,5434,1.7829475,0.6326414,0.005214095,0.010465279
5438,4473,25.902771,0.013364017,0.12715065,0.27034482
5439,5438,0.1339798,0.15699059,0.0016461387,0.0031040013
5439,5153,24.524158,0.6330078,0.058556844,0.11274451
5440,5439,1.1079559,0.64079714,0.0035196245,0.006883383
5441,4624,34.972336,0.72257346,0.066136315,0.12748578
5442,2716,2.5854797,0.5815959,0.0066059455,0.013589308
5442,1481,2.590393,0.5720242,0.0061150566,0.012311846
5443,5444,2.1990814,0.66872627,0.0030442476,0.0067602545
5443,3521,12.7103,0.66440356,0.023977578,0.04735224
5444,5445,5.501526,0.6672754,0.011234447,0.022523284
5444,5447,10.932224,0.6641561,0.02173493,0.04247099
5445,5446,2.2610207,0.66757286,0.003590621,0.00818342
5445,774,99.589615,0.66883475,0.18180558,0.36228278
5445,3287,19.500322,0.6643022,0.04108791,0.07942227
5446,5443,3.4736824,0.6663818,0.0067752674,0.013611272
5446,6064,63.687122,0.65477365,0.11373093,0.22541949
5447,3450,143.30035,0.66254467,0.26161492,0.51656353
5447,4515,7.954445,0.6716077,0.015773237,0.03161995
5448,6163,13.760916,0.719674,0.028124727,0.05545725
5449,2240,1.8558159,0.65794253,0.003218241,0.0075048953
5450,5457,2.4471245,0.65641063,0.004418142,0.009639844
5451,5452,2.1824074,0.6584114,0.003503874,0.00809449
5452,5453,1.7601585,0.66049653,0.0029661208,0.0069643557
5452,244,36.65673,0.6618456,0.077786446,0.1515551
5453,2241,1.5238609,0.6446951,0.0029013753,0.0067728013
5453,2351,12.40844,0.6604473,0.025688522,0.050361812
5454,5458,3.4108582,0.6610788,0.00604032,0.012985036
5455,5454,2.8610916,0.65722513,0.0052654967,0.01105094
5455,5451,5.262764,0.65658635,0.010474078,0.021351293
5456,5455,2.5622978,0.66135186,0.0045934916,0.0105229765
5457,2239,4.937336,0.6609808,0.009103723,0.018538326
5457,5456,2.9531097,0.65951604,0.0056052357,0.011883274
5458,3866,41.638054,0.658982,0.085764416,0.16815844
5458,5449,2.689087,0.66026056,0.0045819357,0.00960888
5459,3620,2.0848427,0.65992534,0.0029739738,0.00672327
5459,239,87.503235,0.6626724,0.16108596,0.32103416
5459,3624,22.80724,0.6658184,0.04876545,0.09365069
5460,4225,3.1565018,0.73819184,0.0022445098,0.0057522207
5460,5463,4.037575,0.7421345,0.0076610595,0.01602231
5461,3133,62.392334,0.7331773,0.11757982,0.23037335
5461,4224,11.412401,0.73669255,0.022563376,0.043764114
5462,5463,1.9858437,0.74230945,0.003527239,0.0076414496
5462,4225,4.6720963,0.7426762,0.009379387,0.019118339
5463,3155,1.9101257,0.7417164,0.003936827,0.0078351945
5463,322,25.80087,0.7440839,0.05250884,0.10201542
5464,4142,355.48627,0.6966427,0.30178338,0.5988598
5464,2142,33.39393,0.6923143,0.06441637,0.12314543
5465,5872,0.85343933,0.5465837,0.003548801,0.007803574
5465,3448,102.87439,0.5381036,0.19670343,0.3844207
5466,5641,1.3201714,0.6582252,0.002698131,0.0058448315
5466,1733,32.61306,0.06903386,0.12936892,0.2717978
5467,5468,2.3040085,0.6657794,0.0038747191,0.00853467
5467,694,51.32096,0.67072326,0.10252696,0.20440921
5468,4685,1.7949333,0.66152203,0.0032300353,0.0074377954
5469,4834,3.2427979,0.3555416,0.009086624,0.017346218
5469,5470,28.724148,0.3532791,0.061945073,0.11600489
5470,4859,16.071108,0.3527611,0.04342866,0.08419652
5471,5474,1.1924133,0.34003955,0.004905686,0.009505853
5471,2274,26.894608,0.34462714,0.06358781,0.11921653
5472,5471,1.3873901,0.34946215,0.005149387,0.009936586
5472,4835,11.170586,0.35186264,0.030556463,0.05815336
5473,5472,1.6172333,0.352009,0.0055625513,0.010730907
5473,4222,3.6011314,0.35022953,0.009953208,0.018935323
5474,5473,1.4639473,0.35040593,0.005543396,0.010730788
5474,3627,64.07594,0.32055244,0.18313757,0.35908318
5475,3576,2.2532883,0.6851787,0.0025183484,0.005727291
5475,5717,4.6529007,0.6814478,0.008081108,0.01648593
5476,5372,71.43216,0.6590065,0.13325265,0.26444453
5477,2780,2.1731682,0.68783724,0.0036959797,0.008215129
5477,5478,8.990692,0.6954347,0.011120297,0.02340202
5478,2793,28.008825,0.6963575,0.05789748,0.11140204
5479,4199,2.070919,0.017203093,0.0062220767,0.013105795
5479,5624,3.9971085,0.65393806,0.002894953,0.006965816
5480,101,24.480576,0.65760446,0.0504031,0.09684232
5480,1327,8.1003,0.6571122,0.015703887,0.031258658
5481,103,43.972237,0.66254616,0.0860772,0.16884337
5482,6458,0.2716484,0.4421161,0.0039904937,0.0019105822
5483,5482,4.687435,0.7512752,0.0072395355,0.014594719
5483,2937,34.911896,0.4489985,0.13166262,0.20496453
5484,5431,1.5462799,0.70899874,0.004005946,0.008828267
5484,5430,61.74225,0.70875424,0.11133885,0.22144021
5485,5484,2.0159378,0.706411,0.0024984032,0.0055292845
5485,2412,18.116903,0.7008935,0.039079897,0.07562939
5486,5485,1.3312683,0.5957228,0.0033956245,0.0066286027
5487,5402,90.064026,0.74534523,0.16185707,0.32289934
5488,5487,3.7918205,0.73835903,0.006667115,0.013763949
5488,4788,2.7009544,0.7433066,0.0043287724,0.009712577
5489,1298,18.256952,0.69905657,0.03639432,0.07040284
5490,1297,101.72969,0.6984503,0.18613228,0.3701891
5491,436,25.334497,0.69068587,0.049918193,0.096346185
5492,5495,1.8565063,0.7389662,0.0031038076,0.0065749735
5492,5496,7.0234985,0.74238324,0.013278522,0.026376233
5493,5492,1.9656143,0.7424898,0.003685616,0.008124888
5493,6574,25.225136,0.7510502,0.048963945,0.093817696
5494,5493,1.9270782,0.7415554,0.0029352605,0.006571308
5495,5494,1.872551,0.7380552,0.0029220507,0.006496817
5495,5497,6.256729,0.74007696,0.012415275,0.024487182
5496,320,41.97194,0.74244773,0.07898699,0.15248981
5496,5495,6.13813,0.74166226,0.011161663,0.02222389
5497,5494,6.145912,0.7410747,0.010793112,0.021760836
5497,1737,3.3479576,0.7428863,0.005944781,0.0117238015
5498,5499,4.176712,0.72542286,0.00908231,0.018467367
5498,3883,16.914267,0.7137728,0.041265912,0.08176511
5499,6196,8.62524,0.7242814,0.016171291,0.032529354
5500,2443,4.160038,0.74355835,0.00960736,0.020190015
5500,6022,66.49219,0.74023277,0.094920196,0.18639237
5501,2102,66.54649,0.7132155,0.121289745,0.24198186
5501,1287,5.3155975,0.71988165,0.009362243,0.019513085
5502,1287,1.4321098,0.7001788,0.003973089,0.007937416
5502,5501,5.389324,0.7194328,0.009891532,0.020056963
5503,5502,1.8007202,0.7170924,0.0027632117,0.00591664
5503,3187,47.46863,0.71677107,0.1075527,0.21366408
5504,5505,2.0570488,0.7141888,0.0031719431,0.0066511035
5504,2831,43.39415,0.7138746,0.087692656,0.17309193
5505,4707,2.3102226,0.70995104,0.004262246,0.008297324
5505,5504,2.0742302,0.7126699,0.0030848458,0.0062645376
5505,5909,63.054634,0.7137085,0.11328463,0.22431716
5506,5507,2.5297508,0.70557684,0.0026266798,0.005825147
5506,5527,23.870596,0.70909154,0.046396367,0.090227894
5506,5526,10.64333,0.7073394,0.020519711,0.040232226
5507,5506,2.2771301,0.70490754,0.0021346137,0.004953742
5507,5527,19.61858,0.7107011,0.04430892,0.086503424
5508,1473,2.9226723,0.7078126,0.0072401315,0.014988378
5508,6714,24.248367,0.7120293,0.04818522,0.093897596
5509,1992,1.5561485,0.5131716,0.00223092,0.0050152987
5509,5510,9.320526,0.51090986,0.018296957,0.03622903
5510,3523,62.235,0.5146909,0.12191825,0.23858581
5510,1992,8.957703,0.5160161,0.017831035,0.035286292
5511,5279,1.7281036,0.7236727,0.003136918,0.006924093
5511,5280,3.3212395,0.7249571,0.006138079,0.012817785
5512,3141,26.330322,0.5819136,0.079529464,0.1534901
5512,3120,34.727203,0.5816699,0.085220836,0.16720527
5513,3143,3.2364693,0.58831763,0.008318834,0.016950324
5513,2516,41.95737,0.57678956,0.10086644,0.19649224
5514,1988,14.051977,0.6969081,0.025700547,0.0511581
5514,5855,30.126556,0.6952722,0.050967336,0.09948493
5515,1828,21.035583,0.52919734,0.058844447,0.11586825
5516,5517,2.7978516,0.66207564,0.002034478,0.005586773
5516,3265,20.323114,0.6615912,0.04353961,0.083818
5517,5516,2.591854,0.6643063,0.001566492,0.004355952
5517,3263,33.73771,0.66108376,0.07151075,0.13868077
5518,5519,2.8416405,0.7376569,0.006140016,0.012030721
5518,1629,3.2039452,0.04714665,0.016594924,0.03410788
5519,1874,1.013813,0.06426442,0.006831892,0.014138028
5519,5518,2.4377708,0.747394,0.0050232783,0.0101181865
5520,5523,1.2076607,0.68998986,0.0065661445,0.013938516
5520,1696,30.13612,0.6910324,0.0873043,0.17168567
5521,5520,1.1747475,0.6861524,0.0058180913,0.012231633
5521,3351,42.854317,0.69106615,0.099300936,0.19655958
5522,5521,1.3022118,0.6854485,0.006245889,0.013495147
5522,2326,52.608364,0.6894341,0.12836486,0.25551462
5523,5522,1.6981049,0.68909806,0.005380541,0.012108862
5523,849,112.389244,0.7070042,0.33482167,0.6666319
5524,4849,46.53051,0.47023317,0.11900938,0.23334011
5525,5359,29.610756,0.70834893,0.06842516,0.13374224
5525,5359,37.934372,0.70846045,0.071323276,0.13751148
5526,5507,7.8828125,0.7079391,0.017258808,0.034377784
5526,5506,10.125805,0.70867085,0.019406714,0.037971735
5527,5915,30.359299,0.7106529,0.070019394,0.13673541
5527,5506,23.100252,0.7117783,0.045755547,0.08865508
5528,5529,1.8266335,0.7113657,0.0028078258,0.0055380315
5528,2001,23.124651,0.7135238,0.052153226,0.10156667
5529,5528,1.6571922,0.71541876,0.0026608855,0.0055602044
5529,7045,3.2158012,0.71474856,0.0054314807,0.011334226
5529,5530,40.91389,0.7156909,0.09347852,0.18582559
5530,5531,2.1040878,0.70979106,0.003190592,0.007127166
5530,3078,108.50802,0.7095983,0.26007336,0.51791066
5530,791,56.62003,0.71284324,0.10125436,0.20176657
5531,5530,2.1139946,0.7088591,0.0030430257,0.007008821
5531,5528,62.562523,0.7044775,0.09384767,0.18390585
5532,5533,2.2147026,0.6780216,0.0035173148,0.007818162
5532,2531,94.15169,0.6779369,0.22757709,0.45153314
5533,5532,2.15419,0.676804,0.0032047257,0.007169351
5533,1182,124.04051,0.6731153,0.2275019,0.4506421
5533,1376,36.699184,0.6821851,0.08558181,0.16606486
5534,284,108.77317,0.6956118,0.19977832,0.39692584
5534,2507,10.332691,0.6930896,0.023207769,0.046133816
5535,162,2.3833694,0.6698761,0.0037997365,0.007917106
5535,839,52.115295,0.6687987,0.09770936,0.19353971
5535,166,40.48403,0.6698344,0.08361652,0.16550706
5536,44,11.351692,0.43272632,0.032031983,0.061568387
5536,1150,0.57379913,0.42513976,0.0046044365,0.008341953
5537,5542,1.7199478,0.74450374,0.00255505,0.0055066645
5537,498,48.29467,0.74718046,0.086844146,0.16767308
5538,5540,2.51503,0.74034375,0.0037522614,0.0072945654
5538,6350,98.43387,0.74649,0.29743317,0.5909654
5539,5538,0.898365,0.7379936,0.0050118864,0.009825498
5539,5537,1.931736,0.7434353,0.0025959834,0.005809337
5540,5541,2.3885193,0.7371508,0.0076484904,0.014272764
5541,5539,2.7208405,0.7409534,0.00394132,0.0073223114
5541,6206,32.02175,0.7416238,0.08937398,0.17441578
5542,5538,1.9192467,0.7397497,0.0026467592,0.0056289732
5542,497,139.60194,0.7523323,0.24953428,0.4957999
5543,2679,145.07817,0.6244263,0.26671672,0.52591705
5543,2996,90.674286,0.62451166,0.17034262,0.33843786
5543,2678,85.93437,0.63812935,0.15856028,0.3155102
5544,5545,2.8797112,0.64383113,0.004735939,0.009904221
5544,1443,112.698524,0.6413376,0.20613821,0.40775338
5545,5544,2.8646507,0.6433677,0.0045526177,0.009542316
5545,3587,6.3842278,0.64266294,0.01176656,0.023706347
5545,4885,154.23192,0.6405792,0.28628317,0.56462866
5546,6727,3.627964,0.6687638,0.006409608,0.013022825
5546,5024,3.162941,0.6915853,0.0056076422,0.011663571
5546,6339,44.369957,0.6903292,0.0834602,0.16367376
5547,5548,1.8944702,0.61550325,0.0042473897,0.0092277825
5547,4050,123.58324,0.6147671,0.26194072,0.514969
5548,1280,0.11412048,0.06413752,0.0023815632,0.004929155
5548,1933,10.7522335,0.61603826,0.021696925,0.042909548
5549,6457,3.7876816,0.67893696,0.0044617653,0.009815887
5549,4721,28.620342,0.679044,0.06114402,0.118324384
5550,2704,249.87155,0.6669606,0.45579496,0.8979143
5550,4558,57.231377,0.6741004,0.1055484,0.2101431
5550,4557,25.884476,0.6727598,0.051924855,0.09994429
5551,562,1.8190231,0.5977423,0.002776742,0.0060730428
5551,3930,123.92628,0.6154111,0.23007843,0.45203298
5551,5972,69.29647,0.61885786,0.12860245,0.25430626
5552,563,1.12677,0.6047745,0.0022289082,0.005785957
5552,5553,34.217903,0.6306201,0.06830297,0.13251874
5553,3930,14.9903965,0.6246755,0.030919813,0.06057722
5554,2603,1.9555168,0.6039504,0.0038207173,0.00819014
5554,5551,105.9604,0.61001945,0.19777869,0.38934296
5555,5554,1.3711433,0.5927014,0.00208731,0.0049178004
5555,543,25.932844,0.6059662,0.055955462,0.10776581
5556,5557,25.038967,0.46760857,0.05471899,0.10410042
5556,2562,1.9711189,0.46679127,0.0038222522,0.008242771
5557,2340,33.340046,0.46304145,0.06860578,0.13084605
5557,5556,25.216915,0.4654044,0.054867096,0.10455293
5558,5559,54.087883,0.6429484,0.11131661,0.21927822
5558,554,23.243462,0.6480275,0.050111607,0.09587637
5559,5560,2.657051,0.64642614,0.002077818,0.0050608665
5559,555,55.020203,0.64680123,0.11510602,0.22783238
5560,5559,2.5955544,0.6457326,0.0019487068,0.0048309863
5560,5558,54.350243,0.6467476,0.11366132,0.22486475
5561,1585,22.19976,0.6141006,0.04759955,0.09160854
5561,5562,15.173471,0.6127005,0.03270786,0.06327563
5562,903,2.4747772,0.6092622,0.004463412,0.009662405
5562,5561,16.520351,0.6107567,0.034596242,0.06689581
5563,907,3.0292435,0.6009317,0.0026219934,0.0063857287
5563,1589,74.449486,0.61302173,0.13970166,0.27684763
5563,5104,9.559013,0.60815555,0.020192586,0.040087342
5564,5563,10.707632,0.6099696,0.022772953,0.04498118
5564,5565,35.89966,0.6118031,0.076229244,0.14684573
5565,5564,35.457436,0.61197746,0.075401165,0.14637974
5565,5566,9.742592,0.60738814,0.020778753,0.04108201
5566,1381,2.3224297,0.6060018,0.0046844035,0.010144606
5566,5565,10.344196,0.6082442,0.022101209,0.04391347
5567,1383,63.95146,0.60133374,0.13272727,0.26237682
5567,5568,22.232866,0.60677725,0.048972774,0.09425052
5568,1381,1.9384422,0.6048722,0.003712535,0.008275583
5568,1382,9.796101,0.60822904,0.020810962,0.04126212
5569,5570,1.6342354,0.6333399,0.0022463277,0.005514443
5569,5991,105.15643,0.63388145,0.21581262,0.42476088
5570,4895,2.5047798,0.6337155,0.00082316995,0.0032468587
5570,5571,8.670792,0.6322018,0.016981155,0.034213334
5571,3416,76.08325,0.63573056,0.10669127,0.21261212
5571,4895,7.998932,0.62896013,0.015206836,0.030373707
5572,3430,2.151497,0.6111216,0.0039616376,0.008947864
5572,5573,10.826439,0.61346936,0.022099234,0.043720186
5573,3430,12.943909,0.61499816,0.026404507,0.051827833
5573,6767,152.1105,0.62023455,0.2809204,0.5539024
5574,1190,76.08185,0.67133474,0.14028582,0.28045473
5574,2263,47.373215,0.67866015,0.094805464,0.18824968
5574,1168,131.91519,0.6740242,0.26452366,0.5230903
5575,2575,88.71658,0.7260217,0.15887141,0.31877068
5575,1471,22.71125,0.7222046,0.051814727,0.10104428
5576,2101,30.95076,0.71958816,0.0598158,0.11500638
5576,5343,89.20188,0.72024333,0.15847284,0.31730813
5576,73,60.266773,0.72060496,0.10782187,0.21479294
5577,5578,1.9728088,0.6586987,0.0030718222,0.007061377
5577,639,52.061554,0.65949535,0.13513163,0.26911548
5578,5577,2.18713,0.6581854,0.0034241378,0.0076969713
5578,4837,79.30118,0.65776026,0.21201608,0.4217379
5579,291,42.041523,0.68536925,0.07748185,0.15164056
5579,292,4.009632,0.6912776,0.006082736,0.012910947
5580,3223,34.811512,0.66443825,0.07301298,0.14373013
5581,6216,35.50487,0.38392016,0.07560562,0.14258432
5581,1833,64.10167,0.3725549,0.17041238,0.33202422
5582,5584,41.746037,0.6568135,0.07988688,0.15647945
5582,3965,2.9081688,0.6573498,0.005682558,0.011915654
5583,5239,69.0669,0.65951484,0.13947225,0.27880523
5583,5582,3.582489,0.65740544,0.007000439,0.014853105
5584,5277,32.79568,0.6588863,0.0656676,0.12546325
5584,5582,41.721645,0.66206616,0.08141158,0.16072431
5585,6126,1.6954727,0.47433117,0.0027974024,0.005782917
5586,5352,95.80909,0.53313243,0.18467371,0.36070222
5587,4030,22.696127,0.6991049,0.051124547,0.09890406
5588,2068,97.76106,0.68896806,0.17794585,0.35480532
5588,3977,64.10343,0.6953334,0.19019869,0.37865627
5589,5205,22.52954,0.659096,0.048955373,0.094115116
5589,2216,12.312641,0.6560489,0.025536105,0.05034472
5590,1181,1.7947197,0.6598898,0.0035139397,0.007547006
5591,5937,2.3815193,0.40677148,0.0072111264,0.014293581
5592,6358,4.000519,0.6729672,0.0096747875,0.020041496
5592,5989,5.1327477,0.67334104,0.008830108,0.018276036
5593,5152,2.7283096,0.5515823,0.00530006,0.011540815
5593,1786,11.577105,0.54871666,0.027320266,0.0538484
5593,1782,46.24129,0.5442474,0.1137138,0.22225566
5594,4917,61.899513,0.69441676,0.14644742,0.29305232
5595,1324,6.63517,0.6903195,0.011796206,0.024394453
5595,2211,5.059078,0.6856192,0.012817837,0.026154563
5596,5597,1.414341,0.6614819,0.0035852268,0.008184493
5596,5598,22.845163,0.6662766,0.04592254,0.08885864
5597,5596,1.4861145,0.6647277,0.003930345,0.008504614
5597,5599,14.8372135,0.66551965,0.038657043,0.075452246
5598,6164,33.450367,0.68107754,0.06656603,0.12647061
5599,5598,2.0343323,0.67151225,0.0060366616,0.012996852
5599,6261,52.894905,0.67721635,0.15787306,0.3110758
5600,2976,26.715343,0.68927586,0.052357703,0.10133949
5601,5600,1.7943916,0.6915902,0.0046911314,0.010065034
5601,3154,18.891006,0.6897081,0.048337758,0.0943286
5602,1142,177.67682,0.6806013,0.3546591,0.7008854
5602,1141,15.384346,0.6841001,0.031717468,0.061995395
5603,1141,2.9775734,0.6840847,0.0025300384,0.006103888
5603,5602,17.080284,0.6856041,0.035633523,0.068905026
5604,5608,2.717373,0.69193983,0.004850015,0.010659173
5604,5181,73.49465,0.6951288,0.18978937,0.37905955
5605,5043,1.7400208,0.6918464,0.0046257228,0.010420069
5605,6130,37.57148,0.69538414,0.087514766,0.17095599
5606,5610,1.6370773,0.690457,0.0039968565,0.009255663
5606,380,26.032408,0.69666827,0.051707305,0.09842876
5607,4077,3.032631,0.68906957,0.0031298548,0.006885171
5607,5038,16.860617,0.6963719,0.035490755,0.069537334
5608,5036,3.2575302,0.6880343,0.00450781,0.0102264285
5609,5604,1.6076813,0.69697857,0.004505798,0.009885848
5609,5605,24.799957,0.69745696,0.05698505,0.109390385
5610,4930,2.3034782,0.69221324,0.00541272,0.012151003
5611,750,1.9560814,0.658558,0.0085435435,0.017350644
5611,6950,76.021065,0.6777401,0.120816365,0.2357133
5612,1262,1.6093254,0.4842609,0.0023828447,0.0051270872
5612,2307,25.334763,0.49398497,0.05357212,0.101900764
5612,2995,168.97134,0.5072908,0.15512173,0.30331305
5613,605,28.449451,0.66262394,0.060308672,0.11728141
5613,4337,63.74208,0.6534023,0.12861678,0.25454265
5614,1811,32.82301,0.6595338,0.07020854,0.13580921
5615,3545,16.322323,0.659892,0.033102833,0.06447566
5615,5408,14.926928,0.6585053,0.030431338,0.059277214
5616,1947,85.20334,0.6652156,0.15774167,0.31434315
5616,5802,19.129223,0.6641568,0.038562067,0.07455933
5617,5623,1.6920433,0.65793025,0.0071200654,0.014295384
5618,1386,2.9475746,0.64789355,0.0046365783,0.009362251
5618,696,2.0429459,0.6549851,0.0030523539,0.005690798
5618,7062,28.946875,0.006822586,0.16105448,0.3457214
5619,6123,0.0,0.04325697,0.008134842,0.015189752
5620,5933,6.6531143,0.6626224,0.012520358,0.025615439
5621,5620,2.3077583,0.66639256,0.0033834502,0.0071028173
5621,5619,1.110508,0.045578152,0.016432278,0.03235537
5622,5617,3.8792381,0.6598376,0.0074396506,0.015341893
5622,1386,36.197285,0.017505288,0.19830942,0.42159486
5623,4199,4.360527,0.6634374,0.00830286,0.01652275
5623,5797,83.747345,0.6690196,0.26531932,0.5285515
5624,5108,3.0175018,0.6688165,0.0053895935,0.011753157
5624,6844,10.227512,0.6673752,0.010938644,0.022626266
5625,2416,61.295708,0.6661536,0.12671272,0.25315827
5625,4825,7.5113335,0.6661942,0.015416041,0.031230763
5626,4823,0.0,0.4187965,0.0009756908,0.0023026466
5626,5625,1.8301201,0.665113,0.0055663735,0.012306213
5627,5798,1.2337608,0.05665806,0.00936804,0.019549161
5627,5626,3.0072937,0.6614774,0.0068107247,0.013951749
5628,5805,36.239143,0.691089,0.08356869,0.1642227
5629,5082,3.5447998,0.6965815,0.005499251,0.011486143
5629,5083,2.242035,0.6936487,0.00443355,0.009368852
5630,4657,2.4394455,0.6915579,0.0031334981,0.00742732
5630,5040,35.94893,0.6940134,0.07353168,0.14533907
5631,2612,0.5339165,0.46182626,0.00230778,0.0046298504
5631,438,22.24888,0.6843662,0.053157497,0.10292227
5632,6238,2.4554214,0.70018667,0.004296392,0.009376213
5632,5049,52.256252,0.6969472,0.11906767,0.23606342
5633,6035,1.4978752,0.73716724,0.0025193766,0.0052409917
5633,6034,1.71175,0.73898023,0.0028238147,0.0061093867
5633,4626,70.83354,0.7385053,0.13532129,0.2696835
5634,5635,2.5572624,0.65927196,0.007390417,0.015665323
5634,1814,171.57823,0.11723274,1.3224398,2.7209823
5635,2950,120.392876,0.66298205,0.24462345,0.48335654
5636,293,1.6738625,0.42923212,0.0066849366,0.007074073
5636,5637,4.5384064,0.7422038,0.00682164,0.013921529
5637,659,26.458942,0.45767766,0.08775312,0.13650408
5638,4239,0.9851341,0.6532242,0.0027125552,0.005518079
5638,4236,35.592957,0.69409096,0.07428041,0.14429708
5639,5466,0.0,0.11064765,0.0024628118,0.004922107
5639,6889,23.475958,0.54278207,0.05311243,0.10380964
5640,5639,2.667572,0.6904852,0.0054969937,0.010908112
5640,7034,35.12536,0.053361654,0.14156021,0.29978383
5641,5640,0.079338074,0.18332303,0.0030349344,0.0063096583
5641,5644,91.90028,0.7022055,0.18917248,0.37716445
5642,5638,2.0821648,0.68462694,0.004088752,0.008493349
5642,2109,17.787458,0.69106317,0.03990287,0.07759089
5643,56,69.04479,0.6980636,0.08554602,0.16770391
5644,5361,1.8491364,0.6946251,0.003517449,0.007905111
5644,5646,10.1821785,0.6975279,0.020679176,0.040251285
5645,5644,2.0755234,0.69298625,0.0041550696,0.0087931305
5645,5640,94.04491,0.7073297,0.19106951,0.37670976
5646,817,101.07387,0.69559014,0.18024155,0.35923856
5646,2373,47.19004,0.6931399,0.097090736,0.19193125
5647,4108,0.9882622,0.038107365,0.005246401,0.010381907
5647,4110,20.195496,0.70794576,0.04147022,0.08157569
5648,5144,1.6764526,0.1390939,0.004075356,0.0071541667
5648,4109,34.766586,0.70515263,0.06577243,0.12418084
5649,5652,1.9688835,0.6957586,0.0030525476,0.0067420453
5649,2145,41.404797,0.69489217,0.08374733,0.16296116
5650,5649,1.9155197,0.69619375,0.0037151799,0.008612052
5650,390,73.357956,0.69796276,0.1349006,0.2694886
5651,5650,1.6178436,0.6982578,0.002121754,0.0052785426
5651,6283,133.14882,0.6995055,0.2700572,0.5338454
5652,5651,1.8152161,0.6970142,0.0034705251,0.008379251
5652,4043,93.54497,0.69477403,0.10546918,0.21243705
5653,1828,1.4497452,0.52973604,0.0017334521,0.003621146
5653,717,30.327377,0.5337371,0.061196066,0.11720641
5653,4856,24.81494,0.53397524,0.051676072,0.098620646
5654,1097,3.3571663,0.66271806,0.011448257,0.023051083
5654,1100,3.617607,0.6575861,0.0120489225,0.023673385
5655,5656,78.47528,0.7162695,0.22539037,0.44922662
5655,3869,43.311905,0.71808285,0.10342922,0.20604399
5656,5601,32.53811,0.686328,0.09286663,0.18058059
5657,31,1.8621483,0.71067,0.003468223,0.007720217
5658,4486,20.952808,0.68382174,0.05570328,0.107886165
5658,4486,29.732038,0.6846074,0.058773875,0.11233909
5659,6474,2.1216316,0.62885,0.0025442392,0.006288737
5659,3671,128.1314,0.6092033,0.31857488,0.62616086
5660,3099,37.837147,0.7426521,0.06275075,0.1209656
5660,1630,3.3720055,0.72820324,0.005503997,0.009932458
5660,3126,75.54096,0.7395369,0.14542373,0.28844857
5661,5662,3.3761024,0.7276584,0.005863942,0.012289435
5661,5349,15.4374275,0.73122835,0.027151085,0.053405344
5662,1749,2.78471,0.7305677,0.002833724,0.0057674646
5662,6673,17.08732,0.7324094,0.03391496,0.066628516
5663,6672,26.732769,0.7219866,0.04515865,0.08901888
5663,5795,123.14956,0.72202146,0.16625415,0.329926
5664,4671,0.85048676,0.5533111,0.003589809,0.0076441467
5664,4673,173.99005,0.53222,0.33757436,0.6576621
5665,4592,2.800888,0.553356,0.002246417,0.0051796436
5665,6092,81.90126,0.55559176,0.17463143,0.3396939
5666,3983,0.7763176,0.24276218,0.0034297481,0.0075812936
5666,5665,7.011009,0.5499216,0.01520177,0.030636385
5667,2012,1.2755966,0.526369,0.0036908537,0.0071104467
5667,2010,15.374601,0.5262603,0.03353072,0.06498534
5668,5667,1.2850723,0.5248256,0.0028945357,0.006285399
5668,3992,28.459621,0.5286999,0.06976591,0.13278285
5669,4171,6.5930176,0.7456047,0.012056045,0.024619594
5670,5671,2.9601517,0.65981334,0.0028574765,0.007108018
5670,6467,180.64449,0.6542295,0.4598998,0.90744704
5671,6042,1.4111977,0.65582186,0.0044846535,0.0095779
5671,3304,237.36278,0.6556834,0.33093798,0.649986
5672,5670,1.3921547,0.65726113,0.005286649,0.011242449
5672,3536,67.81632,0.65706474,0.20982626,0.41529882
5673,5674,2.1964302,0.6554819,0.003274627,0.0075075924
5673,4753,32.259018,0.6575066,0.08034031,0.15609269
5674,5673,1.9026909,0.653436,0.0028602406,0.006545767
5674,4757,78.88759,0.65733194,0.20615178,0.40938872
5674,844,27.337383,0.6559334,0.055187553,0.10609274
5675,5676,2.2937279,0.6521838,0.0038889125,0.008680403
5675,4102,2.6616669,0.6559516,0.0047854185,0.010405257
5676,1877,2.7757988,0.65599674,0.004176371,0.009055302
5676,5677,5.0121384,0.6568317,0.009851344,0.020025104
5677,5678,1.995945,0.6470029,0.0028276816,0.0067552775
5678,3183,28.02293,0.65831673,0.05785033,0.10991804
5678,5675,3.6296844,0.6561379,0.0080131665,0.016706467
5679,5680,1.8093643,0.64534295,0.0030121058,0.0067954212
5679,4345,2.3899574,0.6512227,0.004134774,0.009406835
5680,5681,4.020199,0.65496105,0.008213162,0.016655445
5680,1876,39.33021,0.6539748,0.07572043,0.14805774
5681,5682,2.3723335,0.6539099,0.003834553,0.008291736
5681,1880,4.5098114,0.65078455,0.008443616,0.017099634
5682,5679,3.6892776,0.65075654,0.007664211,0.015635163
5682,3276,7.7522926,0.65261596,0.01479359,0.029506266
5683,869,1.9071999,0.662084,0.0027863532,0.006330982
5683,4178,99.970375,0.6680959,0.18160105,0.36121532
5684,356,6.8296432,0.725412,0.012221754,0.024321914
5684,4789,68.844696,0.73319006,0.12115355,0.241927
5685,6326,78.18238,0.67829657,0.18155101,0.35867983
5686,5734,40.49264,0.671711,0.07790393,0.15281314
5686,5685,13.064144,0.6738404,0.023726575,0.046781957
5686,4720,21.675505,0.6744928,0.043396533,0.08371035
5687,5688,1.907917,0.5528106,0.006358035,0.013479263
5687,4045,94.75923,0.5702388,0.30529234,0.6000814
5688,1820,83.5661,0.5593096,0.121078186,0.2376094
5689,3069,2.5307693,0.65336764,0.003041476,0.007507235
5689,3218,0.0,0.64416444,0.007724993,0.015683517
5690,6521,35.660976,0.6312449,0.07054617,0.13655384
5690,5691,10.975462,0.6329436,0.021807492,0.043188035
5691,2966,1.9252815,0.6272361,0.0018961206,0.0046886355
5691,5692,9.480568,0.6294116,0.01878988,0.037414476
5691,3898,48.9703,0.63090014,0.0745398,0.14380479
5692,1160,77.741806,0.63783914,0.14344908,0.2861069
5692,2966,9.632374,0.6346267,0.019446358,0.038495332
5693,5695,4.3784904,0.66553533,0.009197958,0.01894778
5693,6171,4.097637,0.6641146,0.0070604533,0.015027806
5694,5999,2.6228638,0.6653635,0.0036439002,0.008176908
5694,3468,3.9093742,0.66326463,0.008027226,0.01655075
5695,4647,3.351036,0.6657275,0.0060380176,0.0131084025
5695,5694,1.6450348,0.66377425,0.002459094,0.0054829866
5696,5697,1.9591293,0.68560565,0.0030315742,0.0066780597
5696,4582,38.206436,0.68718016,0.08874872,0.17495085
5697,5696,2.500496,0.6855384,0.004083805,0.008665457
5697,852,47.73284,0.6848191,0.08991798,0.17859937
5697,3124,5.5351944,0.68919075,0.012190059,0.024285123
5698,442,3.267929,0.6756232,0.0064895526,0.013772368
5698,2952,141.16995,0.67319596,0.28661042,0.5656093
5699,2267,80.62776,0.66608536,0.14674422,0.29293796
5699,5700,2.2378807,0.66363996,0.003389366,0.0074266493
5700,5699,2.2529335,0.6639894,0.0034502968,0.007473558
5700,2270,120.81849,0.6648135,0.21968246,0.43547308
5700,5884,50.559227,0.66946363,0.093897335,0.18404004
5701,5886,21.777393,0.6713648,0.045997716,0.08925417
5701,5702,1.3533859,0.4253984,0.0038916916,0.008637428
5702,4375,2.958046,0.67105144,0.0058824643,0.011960164
5702,5854,22.742647,0.074799,0.072256915,0.14782032
5703,4068,2.8634987,0.66265917,0.005124517,0.009594977
5703,2269,169.18806,0.66054004,0.3073796,0.6043624
5703,5701,69.31867,0.47213143,0.18014866,0.36363024
5704,3661,2.2882652,0.68795794,0.003915146,0.008704066
5704,6337,6.0207253,0.68886214,0.013441913,0.027257666
5705,6096,1.8371544,0.6922375,0.0023722202,0.0055224597
5705,1732,84.92981,0.69538325,0.20124088,0.39964908
5706,5707,15.859674,0.7262389,0.032247305,0.06326643
5706,1619,15.113932,0.7259368,0.030412592,0.0590363
5707,6040,19.179512,0.7242029,0.03948565,0.07704508
5707,1620,2.6583557,0.72270757,0.0015169382,0.0042488277
5708,6201,228.12604,0.6281928,0.5077879,0.9964585
5708,6575,36.107986,0.6433478,0.07182183,0.1399117
5709,4355,2.3765678,0.6927814,0.004599333,0.009803757
5709,5913,31.975517,0.70257735,0.074797355,0.1462104
5710,347,0.7192955,0.3027169,0.003152281,0.0063607395
5710,4463,66.46785,0.6961646,0.13458586,0.2690793
5711,4500,1.3574486,0.6619437,0.00596828,0.012050569
5712,4814,1.8740234,0.6855221,0.004836343,0.0107278675
5712,5588,25.239592,0.6891072,0.06752858,0.13178864
5713,1967,2.68013,0.68502414,0.0047014505,0.009970531
5713,6607,58.095375,0.6881521,0.16891918,0.33477092
5714,1966,142.6307,0.6911105,0.28817374,0.57050705
5714,5713,0.981266,0.6717528,0.005094148,0.010657951
5715,1105,42.539303,0.6963905,0.08773423,0.17309567
5716,6710,2.7717094,0.693535,0.0065325648,0.0139479935
5716,5715,3.1269875,0.6928365,0.0044389144,0.010236934
5717,4006,2.7118034,0.68239456,0.004651852,0.010118768
5717,2757,5.667061,0.6853505,0.009174846,0.018764898
5718,4897,2.067913,0.6608677,0.0033475906,0.0075422525
5719,5515,2.0531273,0.5293345,0.008304641,0.016759679
5719,1899,8.964787,0.5297696,0.021646343,0.043198377
5720,1841,1.1805878,0.5931485,0.002982527,0.006399423
5720,4836,6.899708,0.6128388,0.013428733,0.026842684
5721,5722,1.0066948,0.6629497,0.006220773,0.012360543
5721,1770,4.284149,0.6655154,0.010175958,0.02052918
5722,1772,1.7968788,0.661577,0.004687771,0.010456234
5722,5724,2.660942,0.6681657,0.006639302,0.014040291
5723,5721,1.6091461,0.6632935,0.0076666772,0.015391201
5723,1774,4.314682,0.66881806,0.011025429,0.022988051
5724,5723,1.389286,0.67041445,0.0043695047,0.009590775
5724,1775,3.0666618,0.6637204,0.011123389,0.02210179
5725,3242,12.27253,0.6590775,0.02433367,0.047756553
5725,5726,4.9636917,0.6566178,0.009000033,0.018227637
5726,3211,126.63799,0.65801644,0.23253557,0.4604298
5726,5725,3.1219368,0.6613724,0.0051986277,0.011013925
5727,4723,9.182423,0.03194961,0.06864394,0.14755532
5728,6264,4.2079124,0.6886674,0.006305054,0.012854755
5728,681,40.700207,0.6882631,0.07824245,0.152641
5729,5731,1.7494202,0.68687373,0.0046737865,0.010029227
5729,3583,8.487213,0.68408465,0.016652673,0.032863677
5730,5733,1.9472694,0.6854484,0.005612433,0.011780143
5730,5729,2.7583122,0.6846877,0.0047085136,0.009599745
5731,2943,2.215416,0.6860395,0.005297534,0.011149019
5731,5732,2.308155,0.6822299,0.003967896,0.008485332
5732,3581,2.3067436,0.6794201,0.003867507,0.008610964
5732,2943,2.6760597,0.68168104,0.0050401613,0.0109943
5733,5732,1.9644127,0.68097985,0.0033903345,0.007271424
5733,3581,2.1061058,0.68336093,0.0047947317,0.010190353
5734,6537,1.7727814,0.6482229,0.0020206198,0.0049393475
5734,6363,78.8085,0.6784279,0.14423962,0.28879127
5734,5686,40.653015,0.6716674,0.07838759,0.15263113
5735,283,18.68023,0.68777156,0.04318572,0.084050775
5736,5737,2.362358,0.6022809,0.004011981,0.008781597
5736,79,73.14095,0.6100749,0.13691509,0.27099675
5736,3886,74.26862,0.60164845,0.2417638,0.47735608
5737,5736,2.5359077,0.60497695,0.004297778,0.0095130205
5737,2640,80.540695,0.6116102,0.16716613,0.32982343
5737,2266,41.32821,0.6061766,0.1346637,0.26349342
5738,2638,1.6853065,0.5850837,0.0023578554,0.0054276586
5738,3402,50.802666,0.5852969,0.10504349,0.20253867
5738,237,23.235403,0.58517474,0.047858987,0.09164305
5739,3865,1.7481308,0.5855829,0.0023544803,0.0055419207
5739,5738,41.65964,0.5840648,0.08751215,0.1688786
5740,4235,44.618977,0.67839783,0.06956667,0.13137755
5740,5741,6.4361267,0.6703594,0.012212761,0.025036946
5741,6784,67.34631,0.67267257,0.097569585,0.18988289
5741,5742,6.1809006,0.6715487,0.011989802,0.024337977
5742,7017,10.842369,0.67180544,0.021206707,0.0422709
5743,5064,53.913876,0.6607619,0.105302796,0.1999566
5743,5740,41.734264,0.6742758,0.07914032,0.1519965
5744,5745,7.2984734,0.44600028,0.015654862,0.026832387
5745,736,6.0203514,0.46110782,0.012995213,0.022136986
5745,2537,3.7188225,0.45800462,0.0073802024,0.010948464
5746,2325,3.630806,0.68897706,0.0068394914,0.014586523
5746,2537,2.7069054,0.69912577,0.0036498904,0.008467838
5747,605,4.1954117,0.66186017,0.0046705604,0.010495856
5747,5614,29.096783,0.6616646,0.06303778,0.12072055
5748,3298,36.87433,0.65255487,0.06337124,0.12161359
5749,5750,1.8069992,0.5226598,0.002331622,0.0049245358
5749,3721,5.9914207,0.5224703,0.013281345,0.026414022
5749,3722,4.668091,0.5235222,0.008879073,0.017948255
5750,5749,1.5204582,0.5246613,0.0020089298,0.004422441
5750,3728,4.7475166,0.5249243,0.009941459,0.020071715
5751,3629,1.7133904,0.5231566,0.0025326833,0.0056896657
5751,5755,4.3469276,0.51952344,0.009849563,0.019916162
5752,5751,1.6607208,0.51505613,0.0030673444,0.0060447454
5752,5753,2.8195915,0.5192161,0.0058423653,0.011925921
5753,2997,2.3293762,0.5121581,0.0050954744,0.010493517
5754,5752,3.7616577,0.51521903,0.008346289,0.016852781
5754,2197,16.342909,0.51946574,0.034405448,0.066681296
5755,5754,1.3211937,0.51262337,0.0022241473,0.004497662
5755,4041,2.6378784,0.51745874,0.0053337067,0.011231422
5756,5078,65.62284,0.67419183,0.15884162,0.31660777
5757,5756,2.8816109,0.66450906,0.0069256052,0.014383614
5757,5411,13.689795,0.67116106,0.027712986,0.053804412
5758,2116,159.66832,0.53228605,0.31071913,0.60586584
5759,267,1.7688828,0.7015125,0.0044884905,0.009910569
5759,3675,2.9710007,0.6999895,0.005031921,0.010678798
5760,2657,2.2964096,0.6125447,0.0042867884,0.008650973
5760,2660,32.50032,0.61609906,0.06455571,0.12554431
5760,5051,113.17482,0.61870956,0.21081573,0.4139672
5761,5764,0.1957779,0.3854425,0.00080160797,0.0022948086
5762,5765,5.3944244,0.6084938,0.0099558085,0.020600066
5763,5762,22.535912,0.6117733,0.046047777,0.089265764
5763,6610,40.923134,0.614701,0.080121845,0.15726313
5764,5763,23.333292,0.6214082,0.048746098,0.09402933
5764,5762,1.2188988,0.6146011,0.0023714826,0.00622046
5765,5236,4.985523,0.6071741,0.009375609,0.019400433
5765,5761,1.8876419,0.604052,0.0026483312,0.006227374
5766,4306,71.67388,0.6255827,0.14269596,0.28379443
5767,6408,2.1822014,0.677022,0.0034001172,0.0075357407
5767,2573,2.5362015,0.6846428,0.0055914745,0.012111768
5768,2816,2.1779594,0.65300274,0.0052478462,0.011506051
5768,2817,5.3747635,0.65623355,0.009175472,0.01888813
5769,2808,5.842537,0.6499505,0.005535379,0.012771785
5769,2818,5.5532227,0.652745,0.009843819,0.019732922
5770,1748,176.1311,0.6567317,0.3257546,0.64294004
5770,5771,15.086565,0.6239424,0.030699838,0.059986025
5771,5149,28.370497,0.6356335,0.06636833,0.12811789
5771,6535,7.9707527,0.6241784,0.015396036,0.03076139
5772,5773,2.0826454,0.6520122,0.001956366,0.0046107024
5772,7081,65.78353,0.65459394,0.11994359,0.23472631
5773,5772,1.8202057,0.64853597,0.0013780445,0.0037484318
5774,7083,8.0613785,0.66170824,0.015670061,0.031168059
5775,5776,0.0,0.44487184,0.0031130165,0.0
5775,4091,20.187023,0.45660198,0.06322387,0.099800505
5776,658,3.532074,0.4540511,0.004821308,0.003857106
5777,4156,21.88957,0.169058,0.052965395,0.09934613
5777,5778,23.396229,0.16480806,0.05798011,0.107985824
5778,1975,3.2891846,0.14607698,0.0062385574,0.013470933
5778,5777,24.878149,0.16593683,0.06035559,0.11231527
5779,6686,20.18405,0.6887548,0.05030276,0.09739144
5780,275,84.368706,0.50849843,0.1671885,0.32513696
5780,5233,2.154663,0.50484216,0.0030782297,0.0075656474
5781,5782,0.63580704,0.3614881,0.00050190836,0.00023840368
5781,5231,2.0623512,0.51544195,0.0043473467,0.009698018
5782,5233,2.1191254,0.24940422,0.00087828934,0.0022267252
5782,5780,1.6471901,0.494226,0.0028322488,0.0068905205
5783,2118,1.9368553,0.5091403,0.0020230263,0.0042716563
5783,3776,8.010075,0.511555,0.016506284,0.03249398
5784,6786,126.798485,0.6538466,0.25485945,0.504177
5784,3033,11.310938,0.65750384,0.02361869,0.046483323
5785,5097,2.3093414,0.650323,0.0044170693,0.0096348375
5785,5786,3.6299171,0.6585225,0.0073625594,0.015064448
5786,615,1.9111366,0.6516912,0.003987193,0.00886789
5786,5785,2.7918663,0.65715796,0.0060434863,0.012658641
5787,616,85.34738,0.65230924,0.25695664,0.51165104
5787,5788,16.409603,0.65764046,0.034538824,0.066667736
5788,5787,14.127319,0.65456045,0.033972964,0.066156946
5788,615,1.3994904,0.65349156,0.0055916533,0.011750832
5789,3415,1.6822166,0.6209455,0.0043935403,0.009317085
5789,1613,19.854925,0.021684617,0.0929904,0.19210543
5790,5791,2.4511986,0.6322002,0.0013086349,0.003936991
5790,4894,22.664951,0.63380164,0.04908345,0.094744615
5791,5790,2.5039253,0.63226616,0.0015865415,0.004384637
5791,5816,18.89501,0.63028795,0.040323604,0.07825248
5792,5007,5.0296097,0.627337,0.010173276,0.020463035
5792,901,3.5217857,0.6226794,0.0037175193,0.008635521
5793,4891,2.3749619,0.63450783,0.0015382543,0.004269019
5793,564,64.82147,0.6331955,0.13445082,0.26655704
5794,2334,1.0087471,0.51928395,0.0036915466,0.007938758
5794,5871,91.421394,0.5285213,0.2971672,0.579917
5795,5663,123.54055,0.7227618,0.16648649,0.3312267
5796,5797,0.3498764,0.5275139,0.0014622957,0.0023430586
5796,4823,6.3940353,0.6443644,0.012137249,0.024187535
5797,5798,3.5252304,0.6483942,0.0077183917,0.015839636
5797,5796,0.7515297,0.52796376,0.002489522,0.0040941834
5797,5626,3.6967964,0.65543485,0.012697905,0.025088415
5798,6868,2.8308067,0.6612003,0.006935835,0.013729706
5798,5797,3.4883194,0.65401536,0.008320689,0.016869545
5798,5479,40.842533,0.0010536313,0.23404503,0.5097777
5799,5800,0.92842484,0.51379603,0.0036812574,0.0077845454
5799,5902,26.048405,0.511805,0.0756751,0.1452471
5800,5799,0.52297974,0.50925183,0.0030257776,0.006971836
5800,5027,36.2833,0.5060539,0.07512145,0.14227192
5801,609,2.164669,0.6608222,0.0037618205,0.0083951205
5801,610,29.482327,0.6666929,0.062543474,0.120650455
5802,4785,4.3581314,0.6559999,0.0067517534,0.013926581
5802,730,2.8405418,0.65424365,0.004970409,0.010692596
5803,1793,1.8252945,0.6087494,0.00274349,0.006458536
5803,5804,17.681509,0.6125049,0.0366957,0.07175015
5804,722,2.1126328,0.60889715,0.003193155,0.0071768463
5804,1793,16.948288,0.60882694,0.035142317,0.06871929
5805,4283,1.3534279,0.6831433,0.0032075942,0.00700444
5805,2766,16.466616,0.6863898,0.03739514,0.07304342
5806,2402,1.7993927,0.5477632,0.0024630502,0.0054841638
5806,3690,67.76271,0.55048895,0.17881566,0.3486066
5807,5809,28.696022,0.64096636,0.059506353,0.113708705
5807,5378,12.859108,0.64183766,0.025870562,0.051380306
5808,4945,0.16624832,0.051019102,0.00120271,0.0020577908
5809,5807,28.77362,0.6377285,0.05970028,0.11414811
5809,6545,2.1886559,0.6368636,0.0029741079,0.0070343763
5810,5809,2.237461,0.6341649,0.0037530363,0.008509725
5811,2273,2.5426483,0.60455096,0.0047861785,0.009778485
5811,3989,3.3205948,0.60370475,0.0030190796,0.007257059
5812,5364,67.36831,0.44986925,0.2250619,0.35609567
5812,2125,30.985256,0.44854823,0.110816024,0.17142963
5813,5814,2.8128128,0.6460817,0.005353987,0.011357397
5813,2796,120.01751,0.65596676,0.24284098,0.48054963
5813,7005,25.925617,0.6544409,0.05487164,0.105156206
5814,5813,2.8254204,0.6506746,0.0052654073,0.011271194
5814,4482,189.72247,0.6469593,0.3861969,0.76063824
5815,5816,2.554119,0.6312212,0.0018308386,0.00465627
5815,5790,19.242268,0.62992144,0.04139796,0.080240875
5816,898,21.671476,0.633679,0.04677581,0.09035253
5816,5815,2.5668716,0.63113165,0.0017093495,0.00460878
5817,5818,2.787281,0.63007075,0.0023591667,0.00563477
5817,4893,27.580572,0.6340898,0.059894532,0.11530064
5818,5817,2.6819725,0.62648946,0.002032116,0.0051855147
5818,5792,25.717987,0.63090354,0.055801187,0.10705667
5819,5675,3.0899696,0.6512218,0.0052095354,0.011129662
5819,4102,8.38755,0.6608463,0.008680612,0.018429443
5820,5821,1.4938545,0.58788216,0.0048215017,0.010189891
5820,77,19.86647,0.6003192,0.054591343,0.10787198
5821,5820,1.7198753,0.5892922,0.0051262155,0.0110266805
5821,3121,19.605726,0.5915675,0.039962437,0.07728386
5822,1701,2.7504272,0.6698543,0.005318843,0.011162788
5822,5823,3.6368942,0.66872466,0.009603567,0.019769996
5823,4197,22.891102,0.67501456,0.05355895,0.1037109
5824,1428,16.936556,0.670874,0.03552067,0.06921539
5825,3789,1.758625,0.66879356,0.0057547763,0.012823686
5825,5824,3.0881462,0.66673326,0.008617714,0.017656296
5826,83,1.5236702,0.6697432,0.004670307,0.010587409
5826,5827,2.5985374,0.6711435,0.006809257,0.014811009
5827,6087,1.8893661,0.6623963,0.0036917403,0.00848861
5828,82,2.812069,0.6394614,0.005064614,0.010745212
5828,4107,17.50442,0.64369065,0.031532966,0.061119147
5829,5830,1.6762466,0.6566379,0.0043377653,0.009157553
5829,5443,136.8388,0.66585356,0.25412887,0.5014992
5830,745,212.83723,0.6637062,0.55235976,1.0922549
5831,5832,1.1735153,0.67031145,0.003443174,0.007110268
5831,3149,109.34281,0.6710696,0.28757364,0.5710391
5832,5831,1.5861969,0.66117275,0.0037398115,0.007626936
5832,2758,4.0014305,0.6658389,0.006629832,0.013543904
5832,3464,57.002968,0.66416997,0.10458942,0.20740965
5833,4541,1.992302,0.6537705,0.003643185,0.007796511
5833,2704,43.704933,0.66189736,0.08391547,0.16505957
5834,3184,1.1696091,0.31451488,0.0013002008,0.0019104034
5834,5835,3.924202,0.6572148,0.006957166,0.01427643
5835,3185,0.89250946,0.35776,0.0012072176,0.0019157529
5835,5834,3.9938812,0.6579358,0.0069329813,0.0141114
5836,1457,2.6889153,0.66541374,0.006536193,0.013310447
5836,5837,1.8238258,0.6696006,0.0017420352,0.0044688433
5837,5836,1.7694778,0.67091125,0.0016715825,0.004436776
5837,3473,4.7155037,0.67423075,0.011519007,0.023557305
5838,3473,1.8008003,0.66996765,0.0017110705,0.0045358837
5838,5836,5.402115,0.6721544,0.012655906,0.025883198
5839,5840,2.1499023,0.6689985,0.002494447,0.005734876
5839,3996,2.265499,0.6684381,0.0028851852,0.0065859705
5839,5841,16.593222,0.6749611,0.036730725,0.07156893
5840,5837,4.3853416,0.67346317,0.010582201,0.021864802
5840,5839,2.15831,0.6723744,0.0027122125,0.0062536746
5841,5842,2.4206161,0.6709603,0.0030587316,0.007112533
5841,5844,31.274368,0.676383,0.07390025,0.143071
5841,3585,2.0436516,0.674656,0.0022909865,0.005605161
5842,5841,2.4649506,0.675413,0.0032000393,0.0074929893
5842,3997,43.019512,0.6791007,0.07973908,0.15398541
5843,5844,2.0205078,0.6711973,0.0022681132,0.005487144
5843,3585,30.208763,0.67568916,0.07281334,0.1419509
5844,5843,2.298767,0.6755501,0.002821736,0.0068096966
5844,3998,2.5299873,0.6705319,0.0058696866,0.0128133595
5845,5846,2.0152435,0.6758939,0.0022028834,0.0055686086
5845,6312,33.401703,0.6774484,0.07742562,0.15269397
5846,5845,2.195877,0.6753687,0.0025262013,0.0059159994
5846,3881,32.571545,0.6764162,0.07675313,0.15051776
5847,6278,1.9980507,0.664112,0.003723286,0.0078072846
5847,4975,4.6464615,0.66833836,0.0035732538,0.008262917
5848,5611,100.49333,0.67335606,0.22847298,0.45188665
5849,5848,2.1056595,0.66565543,0.0048338324,0.010810062
5849,782,127.30704,0.66980433,0.2331318,0.46097267
5850,801,53.465496,0.6752332,0.097808614,0.1938827
5851,5852,3.2292175,0.7233624,0.0026706308,0.0059573203
5851,5881,64.22348,0.7241859,0.13099794,0.2601527
5852,5851,3.1485558,0.7228191,0.0025898218,0.00593777
5852,5032,101.03021,0.73082787,0.2033031,0.40426815
5853,6073,1.6655617,0.70708656,0.0029395744,0.006897807
5853,6074,3.6885452,0.7029137,0.007849656,0.016775861
5854,3533,3.8056488,0.056304604,0.010841362,0.02278331
5854,4375,22.848145,0.035719156,0.07509438,0.1560715
5855,5857,3.253727,0.69420904,0.0044362247,0.00963527
5855,5629,72.32206,0.69291896,0.101242796,0.1991269
5856,5855,3.0979614,0.6924435,0.0045525134,0.009664834
5856,1989,8.016228,0.6960671,0.017366849,0.03459777
5857,3596,1.6250725,0.68948025,0.004552558,0.010229126
5858,3872,50.37252,0.6966187,0.09522707,0.1843874
5858,69,10.347612,0.69444835,0.019760892,0.03956282
5859,5860,2.1904984,0.68878305,0.0053557754,0.011389777
5860,5861,2.987957,0.6876762,0.00420931,0.009230331
5860,1640,101.64676,0.688267,0.24491903,0.48657864
5861,3506,2.450611,0.6868334,0.0059507266,0.012312114
5862,5864,2.3005867,0.68826056,0.0040299967,0.008596465
5862,433,3.8255234,0.68926406,0.007193595,0.01483579
5863,4987,2.1218796,0.6885914,0.0036627427,0.007946804
5863,2779,2.856121,0.68982184,0.0051961318,0.011129573
5864,5863,1.513176,0.68885124,0.0030429214,0.0070431232
5864,5478,3.7876472,0.6897082,0.007088326,0.014603034
5865,6316,2.445446,0.7000693,0.0045603514,0.010140613
5865,6922,2.6441727,0.695279,0.004468292,0.009830385
5866,5865,0.9517822,0.44489896,0.001510948,0.0035512596
5866,6372,30.69799,0.6984258,0.06412927,0.122940436
5867,5868,2.4752922,0.6560222,0.0027503893,0.0065173805
5867,6356,27.436623,0.65965635,0.05483934,0.10583259
5868,5867,2.3931198,0.6556828,0.0025801286,0.006356269
5869,5870,2.529686,0.66257095,0.0065893903,0.014180914
5869,1102,92.80033,0.013011098,0.32674715,0.68955904
5870,751,108.318245,0.0,0.5566737,1.164942
5871,1856,1.5890312,0.551214,0.0027220473,0.0062589794
5871,1078,56.202423,0.5587443,0.17540476,0.3429583
5872,5465,1.1271324,0.54053986,0.0038436353,0.008404195
5872,1853,86.721016,0.5316428,0.28768128,0.56280386
5873,5711,2.4793777,0.684968,0.0043529123,0.009295464
5873,875,11.095257,0.6823818,0.027767189,0.05459842
5874,5873,0.4492302,0.6617595,0.0043101236,0.009180933
5874,6787,42.114635,0.68233263,0.085599355,0.16893789
5875,4015,0.0,0.24324241,0.0024897456,0.0051274598
5875,5876,1.7290382,0.6627636,0.0041584074,0.008644894
5876,5875,1.9759598,0.6854618,0.0049312636,0.0101505965
5876,4501,43.238434,0.68205404,0.12812862,0.25439054
5877,5714,2.5017242,0.68558455,0.004566051,0.009109601
5877,872,29.07178,0.688943,0.08126644,0.16002475
5878,2501,2.390873,0.746611,0.0045270547,0.009606928
5878,1632,193.92892,0.7377182,0.626158,1.2336631
5879,5880,3.2099152,0.7177465,0.0025644824,0.006320223
5879,3492,24.259726,0.7231202,0.04933566,0.09505799
5880,5882,7.4279556,0.7183139,0.0144841,0.029163405
5880,5879,3.060627,0.71679485,0.0022017956,0.0057995915
5881,5879,6.444233,0.7197967,0.01261127,0.025645345
5881,5882,2.6712646,0.72178555,0.0014369562,0.004106447
5882,5881,2.6647568,0.7210502,0.0015724301,0.0038974583
5882,5852,64.51492,0.7254256,0.12964112,0.2579421
5883,3077,2.0383492,0.6314987,0.0031239316,0.006793052
5883,4996,40.03922,0.6398618,0.07698897,0.15234023
5883,6239,27.417397,0.6393521,0.059339333,0.114425
5884,6069,2.653534,0.66054165,0.004957527,0.00970073
5884,1943,28.800625,0.040261775,0.099103935,0.20936765
5885,5884,0.37478256,0.10207498,0.0029601082,0.0067067593
5885,5699,52.585503,0.67219347,0.09380888,0.18475497
5886,5887,2.8726044,0.6705942,0.002115488,0.005540833
5886,2269,65.75091,0.6675072,0.13334954,0.264675
5887,5886,3.1902313,0.6713787,0.003103219,0.007218808
5887,5702,22.624952,0.6768164,0.04870961,0.094456434
5888,1034,2.814682,0.6348202,0.0052230656,0.011422798
5888,5889,7.3581543,0.6404827,0.012683347,0.026281223
5889,2621,20.649044,0.63890976,0.045240425,0.08746118
5890,451,257.96588,0.73147833,0.45757255,0.9023425
5890,5168,4.282139,0.720085,0.0064932406,0.013163909
5891,5168,0.0,0.044302136,0.0044905543,0.009346694
5891,5890,4.1067657,0.7240904,0.007166244,0.014454305
5892,536,1.8503647,0.4055706,0.0030578077,0.006173089
5892,3699,105.12216,0.43969527,0.30272123,0.58635074
5893,6290,2.1508064,0.4971254,0.0034642667,0.00748533
5893,5894,3.7450333,0.507685,0.0058874115,0.012108162
5894,2303,54.6553,0.5314333,0.1395651,0.27220815
5895,1231,42.669098,0.47694334,0.09246439,0.17978884
5895,5896,3.6074142,0.4791086,0.008277103,0.016744688
5896,5897,1.8197517,0.48334774,0.0039306134,0.008081898
5896,1237,54.412373,0.45582664,0.14042816,0.27232587
5897,6626,1.6598701,0.4767242,0.0046095997,0.009650692
5898,5899,1.055542,0.49576136,0.003962919,0.008389235
5898,2544,38.221375,0.4883758,0.078907534,0.14975715
5899,5898,1.1008949,0.49031258,0.004264042,0.009138882
5899,2555,129.6377,0.46271625,0.4055393,0.7877926
5900,5901,0.8593559,0.500615,0.0035030693,0.0074934214
5900,5794,132.66498,0.5154261,0.36661193,0.7135938
5901,5900,1.424778,0.5012935,0.0046739504,0.009553373
5901,2053,75.559265,0.5043666,0.14877072,0.2900105
5901,1238,19.04585,0.49450463,0.040037576,0.07723824
5902,5027,1.280899,0.50691634,0.005495757,0.011390492
5902,6829,25.398848,0.49872392,0.074770376,0.14484109
5903,5904,1.5788307,0.5876242,0.004425071,0.009912908
5903,1991,193.46553,0.55814475,0.3590626,0.697057
5904,4062,82.60586,0.5799949,0.1582562,0.31021017
5905,1516,0.7103157,0.57574856,0.002578564,0.0060605854
5905,3197,57.025528,0.578729,0.15047647,0.29422238
5906,1714,2.8490295,0.60182256,0.004578173,0.009652361
5906,3826,5.7212944,0.60545695,0.005252838,0.01142624
5907,6484,1.6950989,0.7101646,0.0034826323,0.0071118623
5907,2065,46.762947,0.73890805,0.13557343,0.26721922
5908,2728,2.677826,0.5114618,0.0037614107,0.007752061
5908,5893,47.797874,0.5063508,0.09592817,0.18663205
5909,2830,2.4025269,0.71237886,0.0039609224,0.0077587217
5909,5910,2.455429,0.7116599,0.0038993359,0.0076061636
5909,5505,63.17867,0.7146447,0.11271605,0.2247707
5910,5909,2.5874329,0.7120017,0.0046922117,0.009428427
5910,29,29.756275,0.7166806,0.05670478,0.10964961
5911,6992,1.6372452,0.685807,0.0030704662,0.0067096055
5911,3339,8.1149025,0.7021208,0.016117342,0.032076195
5912,1813,0.61621094,0.33555096,0.0062238052,0.009893611
5912,597,2.3836136,0.66064686,0.004443243,0.009418413
5913,5914,1.954277,0.70444745,0.0019466728,0.0052431673
5913,5940,78.842834,0.7060361,0.17926869,0.35651934
5914,5913,2.3607903,0.70377296,0.002624981,0.0064136237
5914,4355,32.659748,0.7038217,0.07591401,0.14883357
5915,4763,47.90105,0.71204346,0.109394155,0.21606973
5915,5916,2.472641,0.7086461,0.0028878152,0.006900087
5916,5525,70.67218,0.71021056,0.16445623,0.32682133
5916,5915,2.6222572,0.70886457,0.0030937865,0.0072205216
5917,5918,2.5580864,0.66278434,0.003048502,0.007307574
5917,5912,11.676823,0.6551253,0.039950896,0.07959262
5918,5917,2.7082558,0.6578424,0.0036549196,0.008280352
5918,3209,10.580038,0.6545873,0.047144197,0.09392831
5919,0,2.0784988,0.66052246,0.0061236396,0.013120934
5920,5921,1.915123,0.6608224,0.001999423,0.0051042885
5920,5143,1.8390236,0.65808195,0.0049604923,0.0110307485
5921,5920,1.9412498,0.6592888,0.0019954965,0.005076781
5921,4767,37.982887,0.6624803,0.09007033,0.17753708
5922,5923,2.2354507,0.65525985,0.0039340034,0.008066982
5923,5336,1.8382568,0.6593646,0.0031140596,0.0071715415
5923,4786,2.0058136,0.65975106,0.0034476817,0.007868722
5924,4782,216.73157,0.66158533,0.43281096,0.8518165
5925,5926,2.8159637,0.66113365,0.0020918995,0.0055329353
5925,2480,156.73587,0.65820366,0.3129218,0.61676407
5926,5925,2.743969,0.65757465,0.0018639639,0.004799679
5926,5928,79.314545,0.6572998,0.16116251,0.31924844
5927,5928,2.9173508,0.6623335,0.002358526,0.0058238506
5927,5925,78.02809,0.6584642,0.15745534,0.312137
5928,5927,2.9590874,0.66074455,0.0024645254,0.0060414076
5928,5930,95.884476,0.66073984,0.19475296,0.38476926
5929,5930,3.0121384,0.6591152,0.002709493,0.006394163
5929,5927,98.926254,0.66002965,0.19901341,0.3927999
5930,5929,2.7472,0.65765655,0.0018803254,0.0048427433
5930,4865,35.4798,0.66110575,0.0755069,0.14746794
5931,341,36.874428,0.701179,0.07499889,0.1457374
5931,5932,24.951962,0.7025881,0.052677356,0.10200183
5932,340,78.452835,0.70331323,0.15699814,0.3134628
5932,5931,22.978407,0.70126677,0.04860246,0.09326043
5933,3489,6.9481735,0.662574,0.011851154,0.02410017
5933,5619,1.9620132,0.6614249,0.0048110336,0.010266975
5934,1084,2.1223297,0.6754116,0.0036384836,0.0073497593
5934,5291,69.99337,0.6741705,0.14274085,0.28382227
5935,2606,2.2048607,0.65209967,0.0032047704,0.0070756823
5935,6755,20.507498,0.6550553,0.043958325,0.084964596
5936,5937,2.7787704,0.40667936,0.004376054,0.008878976
5936,4525,1.6712341,0.40677294,0.0082142055,0.015891522
5937,5936,2.6452942,0.40764856,0.004066445,0.007904783
5937,1903,19.686232,0.40366557,0.055302136,0.109123245
5938,5291,2.6458282,0.67774945,0.002262719,0.0053119212
5938,1084,70.00597,0.6733668,0.14274696,0.28352994
5939,2827,1.7036781,0.69985205,0.00390926,0.008058697
5939,5419,9.455334,0.70293224,0.020883687,0.04068345
5940,5420,4.862686,0.70636445,0.010787584,0.021948636
5941,3139,5.319206,0.5969894,0.012688726,0.025916547
5941,1174,54.824528,0.60044605,0.11398302,0.2246684
5942,5943,2.6655579,0.34784335,0.00253468,0.004987508
5942,5944,31.667961,0.35168928,0.07515926,0.14096469
5943,5942,2.6043549,0.34711915,0.0024109334,0.00481762
5943,688,60.641514,0.34254503,0.14082949,0.27457824
5944,5945,2.5158005,0.355372,0.0024532378,0.0048738867
5944,6926,29.018986,0.35720593,0.06881805,0.12983279
5945,5944,2.5008774,0.3552419,0.0025480762,0.0050599575
5945,5943,32.050224,0.35071728,0.07584181,0.14283377
5946,5947,6.1401596,0.6960319,0.010029487,0.020385683
5946,5948,3.153942,0.69709486,0.0041937977,0.008914068
5947,6328,2.5069962,0.69614804,0.0026976839,0.006250605
5947,6319,64.492294,0.6925769,0.090276256,0.17616943
5948,1859,2.8836784,0.6960181,0.00376153,0.0076994747
5948,1330,5.950054,0.69582283,0.011065759,0.02212958
5949,689,63.703033,0.37241215,0.14486441,0.28043982
5949,1520,5.383358,0.36573988,0.012701713,0.02423583
5950,1520,1.7913933,0.36418605,0.0033068955,0.006369114
5950,5949,4.597992,0.36162537,0.011278853,0.021781713
5951,2711,5.4652367,0.6005658,0.015872553,0.031331778
5952,5941,3.6101227,0.59253657,0.0075765923,0.015890345
5952,2712,5.9028893,0.5940303,0.017259702,0.034655675
5953,5954,2.6781235,0.6761601,0.0020405203,0.005293846
5953,2744,18.537075,0.677213,0.03914103,0.07547175
5954,5953,2.5274315,0.674425,0.0016245991,0.0044447333
5954,1239,13.419645,0.67518693,0.028309874,0.05536042
5955,5956,1.9602966,0.6120684,0.0019572303,0.004831165
5955,5958,51.649124,0.61881506,0.09859604,0.19311565
5956,5960,10.939173,0.6166796,0.021753177,0.04325728
5956,5955,1.9580994,0.6119511,0.0019840002,0.0049538314
5957,5958,2.122013,0.6118928,0.0022544786,0.005472362
5957,5956,51.6662,0.6180214,0.099041454,0.19408017
5958,5957,1.9886017,0.61198944,0.001966156,0.0049898177
5958,5959,32.18345,0.61530143,0.06400032,0.12328006
5959,5961,1.9983215,0.6117147,0.0019626766,0.0048771054
5959,5962,16.285473,0.61435026,0.03359087,0.0653014
5960,4705,25.911139,0.6144669,0.0649118,0.12678443
5961,5959,1.9803619,0.61133283,0.0019452721,0.0048610717
5961,5957,31.893703,0.61576724,0.06374289,0.12250374
5962,5004,10.383362,0.61706084,0.0206263,0.040654883
5962,5961,15.6834755,0.6165514,0.03219451,0.06273381
5963,4305,22.655027,0.58494014,0.049215768,0.09395647
5963,5966,9.970432,0.5884341,0.020820923,0.04138966
5964,1205,1.4566422,0.6273576,0.002499178,0.0059129894
5964,6541,104.09379,0.6262983,0.19372484,0.38222152
5965,5966,24.498833,0.58587825,0.05190637,0.09954246
5966,5965,23.926846,0.5884024,0.051041506,0.09736639
5966,5963,10.015064,0.5916582,0.02085384,0.04136151
5967,1347,0.0,0.047080636,0.0040219054,0.007670343
5967,5964,1.670681,0.6262248,0.0018215775,0.0046099722
5968,5967,1.8429108,0.6326218,0.0023350418,0.0046254545
5968,264,70.034004,0.010029912,0.38129902,0.79868144
5969,4768,49.235916,0.65558505,0.117422,0.23070402
5969,1286,31.421267,0.6634627,0.07535723,0.14771895
5970,5342,1.7974777,0.62158,0.0030999258,0.007456124
5970,3932,35.711903,0.6306082,0.069295004,0.13602087
5971,5972,1.4014664,0.61416256,0.0023846254,0.0058623403
5971,562,69.05213,0.62179387,0.12982869,0.25718635
5972,5552,2.0538673,0.6179695,0.003321901,0.007628992
5973,1611,1.1649551,0.6121234,0.0041771755,0.009216666
5973,5974,33.596367,0.6200076,0.06564534,0.12852672
5974,5341,1.9662094,0.6206033,0.0027266368,0.006349042
5974,5110,34.058136,0.6218384,0.06797908,0.1316627
5975,5976,1.6852646,0.62248015,0.002453491,0.005926594
5975,5111,33.361748,0.6163541,0.06706697,0.12952438
5976,1608,1.8009262,0.61484015,0.0025817081,0.0058686286
5977,5973,27.949087,0.62319094,0.06972644,0.13537845
5977,1609,5.3281937,0.61809313,0.009757496,0.019573465
5978,5979,2.2096481,0.5847849,0.0026690662,0.0062374324
5978,5172,67.97382,0.59927076,0.17093658,0.33462575
5979,5978,1.9303322,0.58745295,0.0021846518,0.005432576
5979,257,37.395714,0.59559524,0.091782585,0.1766801
5981,3051,28.922848,0.67813194,0.08882368,0.17669255
5982,5985,2.911953,0.6841187,0.0057742894,0.012087092
5982,5981,41.621048,0.6918678,0.079806,0.15480953
5983,398,2.4405098,0.6776824,0.00445123,0.0091249645
5984,5983,0.0,0.6593266,0.007461332,0.013218805
5985,5984,1.9443855,0.68212503,0.0031808838,0.006908223
5985,5981,22.179556,0.67211246,0.080384895,0.16312304
5986,3051,2.4993134,0.6826596,0.0038095936,0.0084249675
5986,5984,50.40442,0.6868812,0.17273709,0.34474114
5987,734,1.0584602,0.66051584,0.006566353,0.0135640055
5988,4700,1.768074,0.6119933,0.0032920092,0.007083118
5989,6358,2.4545174,0.6810688,0.004780099,0.009816572
5989,281,38.307426,0.6795573,0.07746468,0.15404019
5990,4598,2.200489,0.72173333,0.0045337155,0.009476349
5990,4596,24.788418,0.72814256,0.048084375,0.09274559
5991,5992,2.7423553,0.62765527,0.002192296,0.005554095
5991,4890,3.3827896,0.6354316,0.0066583827,0.014240086
5992,5991,2.676506,0.6334531,0.0019564107,0.0052134395
5992,5570,104.3378,0.6328672,0.21391207,0.42032814
5993,5994,1.9282608,0.628453,0.004746102,0.008919597
5993,4237,8.0654335,0.0393489,0.03260658,0.06378486
5994,5993,1.7441864,0.62946427,0.004133478,0.008256093
5994,917,17.81343,0.6314069,0.037414495,0.07240532
5995,5996,2.0589561,0.66159236,0.002252169,0.005272895
5995,3823,78.57666,0.6678801,0.18935707,0.37521762
5996,5995,2.1803055,0.66271436,0.0024942234,0.00600107
5996,4327,66.53603,0.66639817,0.16840194,0.33362877
5997,5102,1.662384,0.50992435,0.0025666058,0.005133614
5997,5998,0.5813675,0.49770486,0.0029775575,0.006613001
5998,5997,0.83405304,0.50068,0.003327839,0.007356584
5998,539,20.65242,0.5139006,0.052198853,0.100414276
5999,5829,29.53675,0.6675263,0.059680726,0.11425136
6000,6001,1.9172935,0.50715995,0.0025757402,0.0058373213
6000,6878,47.690395,0.50882405,0.11732206,0.22845912
6001,5251,1.4039192,0.4993365,0.004651271,0.009592578
6001,6000,1.9312973,0.5019972,0.0026789755,0.005925566
6002,691,1.6145821,0.6829701,0.0043651164,0.009551734
6002,6003,31.347694,0.6805271,0.055643767,0.10704703
6003,223,11.535395,0.6808169,0.02544716,0.05019836
6004,6005,1.397995,0.6023464,0.004112087,0.008929491
6004,3454,30.973747,0.6068164,0.09134254,0.17802148
6005,6004,1.5719299,0.59357744,0.00433518,0.008787662
6005,1821,120.46843,0.60809433,0.17365822,0.34290904
6006,2471,1.4604568,0.53280234,0.001901783,0.004491031
6006,6651,95.44646,0.53709143,0.25032774,0.48724353
6007,3468,2.6198616,0.664021,0.004571758,0.010391593
6007,3469,13.627554,0.66581094,0.01612813,0.032816246
6008,6009,1.692215,0.624343,0.004744105,0.010093555
6008,776,3.6890602,0.6256122,0.012326054,0.025172248
6009,3880,5.2891846,0.6235907,0.009747431,0.019702986
6009,6008,1.4590416,0.6214953,0.00415805,0.009135142
6009,1160,129.88821,0.6318269,0.24019217,0.47488958
6010,4493,2.3967667,0.6801262,0.00429412,0.009417355
6010,5658,35.61185,0.6806224,0.100296676,0.1974141
6011,6014,9.470249,0.57206595,0.024737947,0.04866384
6011,6015,11.386192,0.57329607,0.026981674,0.053364128
6012,2452,0.0,0.04943058,0.004208021,0.008598566
6012,6013,1.2407722,0.589043,0.003688097,0.0072053373
6013,4147,59.11934,0.58679986,0.11410709,0.22411731
6013,6012,1.1624146,0.6037204,0.0028073862,0.0060100406
6014,6015,1.0112801,0.5701674,0.0036113113,0.0079386085
6014,1713,28.008022,0.5650317,0.059992876,0.115705855
6014,6019,9.457142,0.56929517,0.022450604,0.044390485
6015,6014,1.0814171,0.5698199,0.0034469664,0.0073194057
6015,6018,10.35272,0.56887424,0.024548449,0.048528984
6016,4780,1.3231659,0.5980917,0.0038082004,0.007868156
6016,6262,39.4687,0.61639327,0.074916534,0.14459965
6017,1713,30.37574,0.5554953,0.06357298,0.123153865
6017,6019,15.998222,0.5556025,0.036725376,0.071192384
6018,6019,1.9188919,0.56216854,0.0022376403,0.005084887
6018,1310,39.35483,0.5511381,0.096781686,0.18780921
6019,6018,1.9481621,0.56532764,0.0021910146,0.0051736683
6019,6017,16.699581,0.5590755,0.03834151,0.07441914
6020,2264,6.279976,0.610699,0.017628975,0.034565866
6020,6021,0.9298096,0.60374194,0.0025813356,0.005624026
6021,6020,1.0168457,0.6029905,0.0029634312,0.006077528
6021,6386,2.8390274,0.60293937,0.010977536,0.022029191
6022,6023,3.2374496,0.7373065,0.0075038075,0.016259864
6022,3092,219.62056,0.7256255,0.3111656,0.61349523
6023,1634,37.04953,0.7348778,0.10274297,0.20009652
6024,6025,2.4788094,0.6529087,0.0016140267,0.0043765306
6024,5307,25.2425,0.6557715,0.054518342,0.10470428
6025,6024,2.3668785,0.65685564,0.001407057,0.0042563826
6025,5935,13.550083,0.6536196,0.028623216,0.05596534
6026,6027,2.7133293,0.6404775,0.0020984486,0.0052261353
6026,6030,13.69882,0.6369201,0.028969906,0.056875035
6027,6026,2.562317,0.6423001,0.0017719939,0.0046064705
6027,4697,27.768032,0.6458309,0.060133185,0.11520313
6028,6029,2.7844238,0.6440574,0.0019858629,0.0051140934
6028,1143,37.152664,0.6413488,0.07960091,0.15558304
6029,6028,2.7222862,0.6451819,0.0021028519,0.0055222064
6029,2871,13.295073,0.643241,0.0282472,0.055306084
6030,6031,2.536026,0.64367396,0.001760155,0.0048965663
6030,818,4.595627,0.64242816,0.009257168,0.019125938
6031,6030,2.417862,0.6402921,0.0015741214,0.0043048114
6031,6027,13.330399,0.6370303,0.02829808,0.055583216
6032,6033,3.152176,0.741848,0.0022853091,0.0053332
6032,4332,28.473858,0.74488246,0.05658418,0.1097392
6033,6032,2.9061012,0.743335,0.0018843263,0.004713565
6033,4781,55.831345,0.74503624,0.10924535,0.21589872
6034,5633,2.0354805,0.7378402,0.0032306015,0.0065958947
6034,3196,13.157862,0.7336993,0.022985943,0.044772148
6035,5633,1.90102,0.74078095,0.0035404414,0.007153943
6035,6036,6.016346,0.73972636,0.011312947,0.022423953
6036,1735,151.75919,0.73346376,0.29116318,0.5757834
6036,6035,4.807495,0.73780257,0.008956261,0.018461868
6037,2150,2.6125984,0.7306932,0.004187718,0.008005261
6037,6306,10.999588,0.033904463,0.07299379,0.15495421
6038,6039,2.9376373,0.72172284,0.0020593628,0.0051065683
6038,1660,20.946926,0.72416943,0.043554123,0.084782146
6039,6038,3.0429688,0.7210703,0.002234608,0.005346656
6039,6041,105.739136,0.7247146,0.21072513,0.41783124
6040,6041,2.9368286,0.7219173,0.002030313,0.0048736483
6040,6038,105.97813,0.72654915,0.21208245,0.42067105
6041,6040,2.8696938,0.72272927,0.0018749386,0.0046744347
6041,1620,19.650126,0.7240652,0.040476374,0.0791161
6042,5672,0.6632538,0.6540505,0.005112283,0.010512158
6043,6044,4.950039,0.63991743,0.0054112077,0.012373492
6043,6617,9.490807,0.023583412,0.02715607,0.05428686
6044,6043,4.9646416,0.6438763,0.005530186,0.012737215
6044,979,1.1171646,0.04996872,0.005650401,0.011802703
6045,6046,1.3292732,0.7213602,0.0033276156,0.007662758
6045,4466,29.114395,0.7247541,0.05510282,0.107148014
6046,6140,22.589258,0.724008,0.054035947,0.10772143
6046,6045,1.709774,0.72279036,0.0039762408,0.008766353
6047,6048,2.039486,0.68472266,0.0017702952,0.0047235936
6047,6049,23.966606,0.685614,0.047902044,0.09212239
6048,6047,2.125904,0.68465114,0.0020077825,0.0051151514
6048,5389,117.97898,0.6917105,0.21878257,0.43389064
6049,4928,172.2178,0.68767464,0.3105975,0.61532176
6049,6048,23.095177,0.6856203,0.046374362,0.08909041
6050,4208,4.7720222,0.72370905,0.0088431835,0.017658666
6050,6051,1.5136223,0.7218879,0.0036126822,0.0076562017
6050,4207,34.17241,0.72472715,0.06497597,0.123726286
6051,6050,1.9839401,0.72454363,0.0045440197,0.0093701035
6051,1414,26.010487,0.72634906,0.06216923,0.12267595
6052,690,120.865875,0.50485945,0.23920512,0.4644271
6052,6053,4.161381,0.48685497,0.008093141,0.015908048
6053,5013,21.96565,0.49271712,0.04680744,0.08959026
6054,5299,1.1700821,0.59859055,0.0036035776,0.006839931
6054,5297,13.826679,0.65900695,0.028513364,0.056137018
6055,974,18.77893,0.6522589,0.038368892,0.07417064
6055,975,33.595825,0.6519491,0.06705675,0.13019134
6055,941,45.72804,0.6531142,0.11947018,0.23836303
6056,967,9.909302,0.6555966,0.020362213,0.040279746
6056,426,20.359232,0.654548,0.048608955,0.09437192
6057,6058,1.3072739,0.6565853,0.00342305,0.0076875985
6057,6778,51.183384,0.66498274,0.12366973,0.2462476
6057,949,41.709797,0.66605115,0.066545576,0.12568225
6058,6057,1.7021179,0.65927243,0.004400842,0.009566069
6058,3562,16.102184,0.6598185,0.034259327,0.06601718
6059,957,37.693874,0.66205037,0.07203374,0.13857077
6059,261,36.823395,0.66020125,0.088402346,0.17372832
6060,970,29.982662,0.4085064,0.08874212,0.1498631
6060,959,47.629158,0.6666524,0.11185754,0.22066613
6061,6060,0.80542374,0.6202811,0.0026650801,0.005253762
6061,6062,2.2682953,0.6564885,0.004265845,0.009588897
6062,6063,26.623539,0.6601577,0.05746318,0.11062924
6063,6060,27.805326,0.6636763,0.06099847,0.11724908
6063,1259,2.7980118,0.6597841,0.0052971616,0.011251152
6064,6065,1.5229225,0.6615105,0.0046760216,0.010491103
6064,4018,31.511818,0.66640246,0.06165798,0.1181127
6065,2440,22.300583,0.6617244,0.061152577,0.11975025
6066,3742,55.848316,0.68789077,0.10958075,0.21836348
6066,4040,3.01326,0.6814032,0.0054028034,0.011501417
6067,2022,1.5746498,0.5707864,0.0022995248,0.0049313754
6067,3732,107.37695,0.5518028,0.27892512,0.5455661
6068,4448,16.231976,0.70270646,0.03378944,0.06634729
6068,3484,8.903812,0.70529747,0.018075675,0.035529524
6069,6070,0.06419754,0.16241923,0.0019032583,0.0043704063
6070,5885,2.58712,0.6621529,0.0043695346,0.008704677
6070,5703,34.186687,0.31878495,0.098545544,0.19920832
6071,7071,3.3361435,0.04232797,0.014444537,0.029277712
6071,6072,2.448162,0.73026574,0.0054718107,0.010258839
6072,3283,9.699844,0.7238683,0.019201241,0.03734027
6072,6071,1.9032784,0.7233414,0.0035316125,0.0071350634
6072,7069,31.905794,0.7255055,0.062474344,0.11927517
6073,5853,1.7505836,0.7046316,0.0033014566,0.0073305815
6073,4004,27.773918,0.71192425,0.058541495,0.11441308
6073,2565,28.806427,0.7068218,0.057282723,0.11234697
6074,4872,36.9257,0.706464,0.081280455,0.15960336
6074,4872,39.883213,0.7067456,0.080440916,0.15819421
6075,6561,1.4028358,0.431242,0.005843051,0.004239723
6075,3095,129.23918,0.73705125,0.18835968,0.3757426
6076,3097,3.284523,0.72389215,0.004315473,0.008779407
6076,6815,3.2301483,0.42246658,0.0107372105,0.013058394
6077,97,49.80937,0.6594229,0.09930049,0.19858599
6077,6079,3.0377007,0.66144764,0.006120175,0.012704775
6078,6077,2.1170883,0.6613635,0.0038204342,0.008960277
6079,6081,0.44985962,0.06006512,0.002070561,0.0036480278
6080,6082,2.3346977,0.6576973,0.004326895,0.009362176
6081,6080,0.6541405,0.30694747,0.0028517172,0.0064190626
6081,2198,7.6637,0.6679692,0.016976036,0.03427571
6082,6078,1.7267876,0.6588595,0.0026766062,0.0060112476
6082,5062,9.837456,0.6607965,0.020284913,0.040334523
6083,6084,65.64494,0.72361314,0.11661659,0.23108217
6083,2124,39.544693,0.72108495,0.0748605,0.14494738
6084,6083,65.96669,0.72205293,0.11668365,0.23084335
6084,2123,16.426273,0.7256265,0.032255206,0.062684335
6085,2020,19.010038,0.50199723,0.040430453,0.078070655
6085,6086,6.573761,0.50698495,0.013259754,0.026149616
6086,2040,69.416595,0.49327987,0.13816391,0.26798677
6086,6085,6.1544724,0.50605935,0.012506701,0.024697214
6087,3787,2.7213364,0.6658099,0.0019127429,0.005129546
6087,2582,146.9195,0.6612842,0.2986881,0.5897743
6088,3107,2.8301659,0.64917904,0.031380363,0.061267637
6088,6089,2.2946472,0.656012,0.004914753,0.010524899
6089,6088,2.2083092,0.6526722,0.004660815,0.009982094
6089,5201,23.321022,0.65782887,0.12570854,0.25409296
6090,6091,2.7622032,0.6733216,0.0021609887,0.00542672
6090,1429,19.972742,0.67726344,0.041751187,0.08015306
6091,6090,2.6483612,0.67720574,0.001699917,0.004638061
6091,5319,13.471069,0.6794238,0.0282036,0.05530449
6092,2140,71.742294,0.57765085,0.15389387,0.30104965
6093,6094,2.6931877,0.6672146,0.001962304,0.0055549443
6093,2762,23.484049,0.66859066,0.051029623,0.09732274
6094,6093,2.5859985,0.6653611,0.0015361086,0.0044193715
6094,92,34.738148,0.667894,0.072542444,0.14251676
6095,5389,2.5890694,0.6838308,0.0041852966,0.009310707
6095,2595,44.334103,0.6831649,0.08356191,0.16295941
6096,4260,1.4412155,0.6496858,0.0033790767,0.0068020374
6097,3411,2.2894058,0.6901705,0.0036512762,0.00784196
6097,5705,2.7703743,0.6947697,0.0042339265,0.00921984
6097,1984,65.86395,0.69550353,0.12064162,0.24136262
6098,6710,2.1271744,0.6917859,0.0040256977,0.008745596
6098,6115,24.85182,0.698387,0.05663529,0.10880834
6099,3777,1.9099464,0.6381305,0.003832005,0.008466452
6099,6736,45.781483,0.6581179,0.09235366,0.1849824
6100,6104,2.317421,0.64467764,0.00397519,0.009342596
6101,3749,0.98449326,0.39676303,0.0039000064,0.0044923425
6101,3778,26.341099,0.6561241,0.05708033,0.11053553
6102,2655,51.358734,0.6083283,0.09814276,0.19331819
6102,2654,4.9057083,0.60703814,0.008958407,0.018359274
6102,6103,2.2959328,0.60851544,0.0034146234,0.0074422807
6103,6102,2.8685951,0.6098281,0.0049128383,0.010500327
6104,248,136.48112,0.6496224,0.25366652,0.5029006
6104,6105,1.9919624,0.6469682,0.0027090907,0.0063957125
6105,110,38.22953,0.6510463,0.07417324,0.14541319
6105,3888,1.7741394,0.64836437,0.0020456612,0.005577326
6106,6107,6.2768173,0.665674,0.011670589,0.024328709
6106,3781,48.294537,0.66586065,0.09083297,0.18073905
6107,653,2.1896935,0.6621342,0.003905438,0.008083522
6107,4429,49.949493,0.6689714,0.120874375,0.24082199
6108,151,11.064451,0.66391164,0.022013523,0.043266237
6108,6109,6.168049,0.6655045,0.011317864,0.022629961
6109,6110,1.5860443,0.6652909,0.0026721582,0.0060670227
6109,6954,55.98199,0.6726217,0.1337237,0.267215
6110,6107,1.4067764,0.63650966,0.0040335506,0.008274049
6110,6106,5.85849,0.6609074,0.010995872,0.022398502
6111,3846,2.2887573,0.69574577,0.0043954924,0.009717673
6111,6238,58.81742,0.69976276,0.11571191,0.23116235
6112,6113,3.186451,0.62924397,0.0027109012,0.006788671
6112,940,129.56342,0.6459041,0.26453367,0.5209188
6113,6112,3.0789108,0.6303717,0.0025717095,0.006520897
6113,1206,13.154171,0.6272693,0.02831968,0.055540115
6114,2732,33.73197,0.6597134,0.071525276,0.14038178
6115,6116,1.9048309,0.6912415,0.0019759238,0.0051974803
6115,4076,28.612278,0.69379693,0.06574516,0.12722233
6116,6115,1.9481735,0.6934332,0.002004616,0.00517039
6116,5716,21.417044,0.69731534,0.048766512,0.09454586
6117,475,6.8078804,0.6769855,0.013010621,0.025761873
6117,1400,31.195549,0.6810446,0.06488493,0.12742445
6118,163,1.939621,0.6745494,0.004050277,0.008623585
6118,5535,47.88576,0.6769825,0.09853026,0.19560845
6119,6118,1.6139946,0.67313206,0.0033187643,0.006963536
6119,838,46.826748,0.6772334,0.09724124,0.19274443
6120,6119,1.5033646,0.6693579,0.003090769,0.0068621933
6120,4402,27.103825,0.6836339,0.058702182,0.112744115
6121,6122,2.6669197,0.6721215,0.0017758459,0.0045339763
6121,6741,241.50412,0.67570156,0.4830293,0.9500138
6122,6121,2.627388,0.66940546,0.00183025,0.0044955313
6122,4381,29.793346,0.6757375,0.06389265,0.12321636
6123,3489,2.4622269,0.67111164,0.005731724,0.011202171
6123,4233,16.851414,0.03339213,0.103711136,0.21870935
6124,3553,2.1452446,0.45762607,0.0037776008,0.0075900406
6125,3736,1.7283974,0.5941307,0.00284376,0.0064788163
6125,3733,136.56882,0.5729275,0.34973836,0.6861823
6125,2140,36.757015,0.5966825,0.07598316,0.14779688
6126,5585,1.6748047,0.47302258,0.0021182448,0.00438039
6126,2019,229.90193,0.5108894,0.45642367,0.88771063
6126,4964,58.01745,0.48052835,0.11541176,0.22541218
6127,5070,2.0186882,0.48003238,0.0029664487,0.006466344
6127,2043,24.870998,0.482362,0.05386224,0.10231634
6128,6127,1.7846985,0.48007852,0.0030747354,0.006539002
6128,5070,0.6716728,0.11152929,0.002406761,0.0061203986
6129,6130,1.7038612,0.69660634,0.001429975,0.0043482333
6129,5043,37.664932,0.69694465,0.08714466,0.17129698
6130,6129,2.0091133,0.6941575,0.002041839,0.0052675903
6130,5080,7.157856,0.6941327,0.016436294,0.03295718
6131,4169,2.0542793,0.7368577,0.002973318,0.0069134086
6132,4817,28.02115,0.7420832,0.053066388,0.102801785
6132,6131,2.130703,0.7373641,0.0034017265,0.007594049
6133,4191,8.010513,0.7351337,0.014954507,0.029402018
6133,4324,1.9121666,0.73592114,0.001244545,0.0031550974
6134,6698,1.8528023,0.6527835,0.003812097,0.008779436
6134,4443,47.674744,0.6620457,0.088949256,0.17380393
6135,5481,1.9215965,0.6505605,0.002951771,0.007157013
6135,6134,1.8139267,0.6616194,0.002858989,0.0064777285
6135,4390,72.829185,0.6670686,0.1510725,0.30057597
6136,6137,2.2687416,0.70390487,0.003614761,0.0076340735
6136,5415,17.350666,0.7089302,0.038313285,0.07456138
6137,6136,1.8530617,0.70391464,0.0026619136,0.00586994
6137,1193,200.78282,0.70511526,0.35620272,0.7039161
6137,1474,20.666632,0.7080135,0.046761263,0.091132924
6138,3249,52.618813,0.6966012,0.06689783,0.13322507
6139,3594,1.6072159,0.6985954,0.004127823,0.009049311
6139,3590,51.219803,0.6988326,0.10427421,0.20764762
6140,2086,2.0193863,0.70476514,0.003723435,0.0078020394
6140,6141,1.1219711,0.46700856,0.0037114471,0.0075874925
6140,4466,2.5484123,0.72245264,0.0050507486,0.010554582
6141,6051,3.829239,0.71116805,0.010432258,0.021510944
6142,3956,3.1656609,0.71531826,0.006504871,0.013247266
6142,6143,7.5552063,0.70340574,0.009367861,0.020019665
6143,7074,4.6492615,0.71936065,0.0032004416,0.0074921995
6143,3558,27.533573,0.011709988,0.0953269,0.2029261
6143,3956,3.8572464,0.7154497,0.007329695,0.013889685
6144,6145,3.1304245,0.7203567,0.005617775,0.010146201
6144,1419,28.969034,0.7221938,0.069519706,0.13431302
6145,1411,1.9048157,0.41025656,0.003314659,0.006447509
6145,6151,16.550604,0.7237207,0.03265217,0.06262438
6146,6149,1.9622116,0.7099676,0.0027395189,0.0063430667
6146,155,31.115318,0.7137213,0.060576774,0.116766304
6147,6146,2.1864357,0.7139137,0.0032958612,0.0077206343
6147,6149,1.8864441,0.7039355,0.0029159114,0.0073406547
6148,6147,2.34367,0.71364814,0.0040177703,0.009333819
6148,6652,68.55455,0.72139287,0.12037035,0.23997399
6149,154,1.6829987,0.71093386,0.0034137443,0.0077557564
6149,3653,17.583492,0.7160497,0.035441298,0.06838903
6150,6151,1.9008904,0.7189079,0.0014613122,0.0039268136
6150,1411,15.119448,0.70165414,0.030242156,0.05894643
6151,6150,2.2175217,0.7177902,0.0020354167,0.0049192607
6151,6148,39.963192,0.718714,0.07547196,0.14499989
6152,6153,2.3939552,0.7359398,0.0056390837,0.009918079
6152,7070,67.67591,0.0104346275,0.45372185,0.96190196
6153,6152,2.1178703,0.7227076,0.0040574595,0.007932901
6153,3405,96.10118,0.7321495,0.18291494,0.3650815
6153,4608,26.945314,0.7344447,0.052424915,0.1019526
6154,4775,71.515305,0.6843726,0.13029557,0.26098025
6154,6155,2.275917,0.68123746,0.0037177727,0.008036017
6155,2794,1.9227295,0.6859045,0.0046697557,0.010099217
6155,6154,1.7493782,0.68435353,0.0027076155,0.0061320066
6155,4319,60.92965,0.68892795,0.14256085,0.28418198
6156,6157,6.295109,0.58920795,0.008341439,0.017362922
6156,4155,54.206112,0.59895056,0.11533896,0.22751263
6156,581,30.831108,0.58777,0.06513482,0.126635
6157,6156,6.3580666,0.58767474,0.008444831,0.017647207
6157,576,30.783192,0.5882825,0.065481916,0.12667614
6157,2206,14.185858,0.5923548,0.030051019,0.058541276
6158,3932,0.0,0.041787803,0.0035054162,0.006921798
6158,5342,35.923874,0.6302501,0.07078422,0.13598216
6159,6160,30.78787,0.7204491,0.062673226,0.12116194
6159,4627,26.363811,0.72082156,0.05388873,0.10413307
6160,6660,2.5903625,0.7161832,0.001447022,0.0041386634
6160,2138,9.817139,0.71456254,0.019718759,0.039043486
6161,9,1.2416916,0.53462553,0.0028745756,0.0058879703
6161,2032,44.436962,0.5358004,0.086156584,0.16705404
6162,5228,12.120953,0.7196852,0.024417259,0.04805112
6163,2907,54.834927,0.71612847,0.060177032,0.11465289
6163,2905,57.03257,0.72656107,0.11662386,0.23064366
6164,2066,2.2481766,0.6825501,0.0036466643,0.007925674
6164,6523,85.38112,0.68982124,0.20684893,0.41129315
6165,6166,3.7341156,0.7351137,0.006502636,0.01255475
6165,6167,19.10081,0.034331143,0.0867257,0.180408
6166,1616,2.0645142,0.73898786,0.0035629347,0.0075358003
6166,4635,0.0,0.07973489,0.004335299,0.009309858
6167,6168,2.1949158,0.7463156,0.005041413,0.009172499
6167,4205,17.626272,0.029584348,0.07631838,0.1612059
6168,6167,2.125618,0.74154955,0.0038756877,0.007879004
6168,2155,79.367065,0.73957837,0.14716518,0.29482672
6168,4209,26.338118,0.74509656,0.05225978,0.10195033
6169,2153,36.5496,0.7324288,0.069525935,0.13221125
6169,2152,3.4451141,0.7312941,0.0057602674,0.01199992
6170,2152,2.3613434,0.73301744,0.004147306,0.008539841
6170,2449,51.5859,0.7339666,0.09539583,0.18953213
6170,6169,3.7993164,0.72993696,0.0065100864,0.013109982
6171,2442,41.284676,0.6659087,0.078591906,0.15252012
6172,6173,2.773613,0.6585473,0.001982659,0.005246997
6172,6309,218.32567,0.6599511,0.43366566,0.85255855
6173,6172,2.591362,0.6563911,0.0015658438,0.0040901154
6173,729,91.09229,0.6624745,0.18627688,0.36956984
6174,780,1.6455421,0.6648897,0.0024807677,0.006105289
6174,6175,1.8363838,0.67078096,0.0026024804,0.006401181
6175,780,2.007904,0.66509223,0.0030917227,0.0068350136
6175,4722,267.24475,0.6684105,0.48321998,0.9513861
6176,6758,2.0496483,0.73378074,0.0031042397,0.0071213692
6176,5091,45.41557,0.7399298,0.08288552,0.15953235
6177,2392,3.7376213,0.5333899,0.008049324,0.016761199
6177,2422,35.49659,0.529497,0.076258406,0.14731577
6178,1134,10.935116,0.6381321,0.024712704,0.04871811
6178,4745,58.604706,0.634957,0.116397016,0.22723027
6179,4919,4.5980186,0.61756885,0.008374132,0.016875073
6179,5051,6.966755,0.61915743,0.013284124,0.026487455
6180,3180,1.7439613,0.64648175,0.0028058365,0.006475538
6180,566,90.12225,0.6472887,0.16840866,0.33389342
6181,566,2.0819817,0.642817,0.0031286478,0.0069961846
6181,568,16.74605,0.6474555,0.033808444,0.06541313
6181,3180,91.77524,0.65452117,0.16774777,0.33443832
6182,6183,2.5279617,0.65481734,0.0014544129,0.0042423904
6182,20,66.06166,0.660448,0.13598031,0.26725888
6183,6182,2.773632,0.65227354,0.0020165592,0.00568448
6183,7066,5.7471924,0.6554408,0.011852734,0.024331272
6184,1626,103.35342,0.6572408,0.18889835,0.37360632
6184,5372,24.909521,0.65817857,0.05150061,0.099623896
6185,3764,146.0871,0.7301818,0.26044157,0.5161562
6185,5511,4.624607,0.72670573,0.008217789,0.016635805
6186,5511,1.8443375,0.7243115,0.00294552,0.006321624
6186,6185,4.781296,0.73014736,0.008654736,0.01761803
6187,6186,1.1959496,0.7048507,0.0021761134,0.0049571544
6187,6176,67.95447,0.7347595,0.12394287,0.24633548
6188,1416,45.774532,0.7354431,0.085305385,0.16531168
6188,6187,6.2718315,0.73051965,0.011471562,0.02334863
6189,883,15.18952,0.6851333,0.033294328,0.065360986
6190,6191,2.2226334,0.61912733,0.004367709,0.008948103
6190,5222,8.991013,0.6207488,0.03153915,0.0631896
6191,6190,2.2562752,0.61586285,0.004338138,0.008941054
6191,2682,4.0611153,0.61745805,0.01714389,0.03339362
6192,2683,7.7485924,0.6173844,0.017092802,0.0341689
6193,5418,105.7749,0.70784616,0.20860443,0.41336745
6193,2828,13.082108,0.69828844,0.06898579,0.14351049
6194,3486,3.3512115,0.64700973,0.011338703,0.022308081
6195,6531,1.9632835,0.6452535,0.0017922446,0.004825756
6195,6532,1.8954773,0.6361283,0.007858746,0.015251011
6195,2112,3.214203,0.6449847,0.005268976,0.011196986
6196,3883,6.9729347,0.73192775,0.0146399215,0.029000089
6196,3130,15.19331,0.7282432,0.029749054,0.058258884
6197,2477,18.344725,0.4429566,0.041593857,0.07997873
6197,6198,1.6276817,0.44653535,0.0050293505,0.01000078
6198,2478,15.40741,0.4418505,0.033112947,0.064240724
6199,5162,0.04411316,0.032482564,0.0062188804,0.013102606
6199,3962,53.76431,0.460951,0.17528865,0.27275062
6200,6199,3.0411186,0.7343801,0.008382194,0.01581341
6200,1420,7.411808,0.03576258,0.034824975,0.07253494
6201,6699,1.3826447,0.629857,0.006579861,0.0123948455
6201,4201,30.5288,0.04563421,0.15103483,0.31982863
6202,541,19.851215,0.024671823,0.09179083,0.19086902
6203,1357,26.100458,0.60844725,0.065198526,0.12656863
6203,4992,72.81065,0.60526556,0.19970992,0.392868
6204,6852,2.877285,0.75062096,0.004939042,0.009831175
6204,6851,0.0,0.0414609,0.0061104745,0.013493285
6205,6204,0.0,0.4372325,0.0025731549,0.0
6205,2236,26.346067,0.028645754,0.12906438,0.28460222
6206,3946,2.0235672,0.7446488,0.0045895055,0.009406194
6206,6023,69.631516,0.73937804,0.21230805,0.4235292
6207,5537,44.136246,0.74745816,0.08253441,0.15944365
6208,1037,3.5060005,0.56089056,0.0040038005,0.008832246
6208,3537,74.13968,0.5552838,0.15737414,0.30619335
6209,5710,2.4837341,0.6909697,0.0045328066,0.00879924
6209,3681,13.734032,0.6988918,0.034882665,0.067881
6210,6301,2.2941933,0.6103624,0.0037058145,0.008140221
6210,2476,42.662518,0.61382335,0.06660988,0.1270809
6211,1171,168.87543,0.61635184,0.31455418,0.6192702
6211,6210,3.932804,0.61067337,0.007029414,0.014346391
6212,6214,1.5055733,0.6660762,0.0029521957,0.00712502
6212,4414,5.621792,0.67095435,0.0073240995,0.0155541
6213,6212,1.4974289,0.66567,0.002755925,0.006356448
6213,6258,9.441372,0.666532,0.018924579,0.03797087
6214,6215,2.0409508,0.67080474,0.0035706982,0.0078841895
6215,6213,2.1506233,0.665431,0.003943883,0.008590609
6215,4389,2.4491158,0.66557264,0.0048105717,0.010128245
6216,1994,1.9988289,0.38480672,0.0035968423,0.0069929063
6216,5581,35.14864,0.38571048,0.07484588,0.14179999
6216,6217,2.1656532,0.3880586,0.003302008,0.006198168
6217,1994,1.8366623,0.3838998,0.0060710013,0.011416778
6217,6216,2.1787643,0.38406783,0.00327608,0.006146848
6218,6219,3.1768265,0.74031115,0.005498834,0.010935113
6218,5092,66.812,0.7367436,0.16842201,0.3339303
6219,6567,2.479519,0.7436819,0.004194677,0.008568659
6219,6566,0.74757385,0.2961014,0.0040961057,0.007646084
6220,6223,3.2094994,0.66311276,0.002313979,0.005953163
6220,6429,67.03188,0.6686963,0.16424344,0.32657743
6221,6220,1.8312798,0.662949,0.004869409,0.011165887
6221,3618,74.51674,0.65989244,0.07335521,0.13797677
6222,6221,3.4211807,0.66461354,0.002505362,0.005861044
6222,4932,3.0242271,0.6606007,0.0074515343,0.01573795
6223,6222,1.8224602,0.66239506,0.004918143,0.010901883
6223,205,80.382164,0.6683459,0.14700702,0.2945112
6223,6515,61.439022,0.66771334,0.06497663,0.12073466
6224,4537,1.7118683,0.64469016,0.0022926554,0.0053567886
6224,4533,2.7163658,0.64417475,0.00507199,0.011089221
6225,6226,2.1807098,0.6561946,0.0035108924,0.00781247
6225,1804,106.75964,0.6486007,0.52665186,1.0282857
6226,6225,2.3036537,0.6516429,0.003834851,0.008360237
6226,3068,89.176895,0.644764,0.40166146,0.78487927
6226,3083,119.73413,0.6457833,0.39885312,0.7865399
6227,4966,1.8488617,0.6909872,0.003113404,0.006712556
6227,6707,1.7998352,0.68738794,0.0030962378,0.006953791
6228,305,0.34579468,0.42935193,0.0037178472,0.00090688467
6228,6376,3.9629707,0.7517651,0.0050491616,0.010686114
6229,6376,3.755455,0.7509812,0.0064707845,0.013984904
6229,3904,3.789959,0.7511246,0.005437918,0.011740044
6230,6231,0.0,0.4418943,0.0014974549,0.0
6230,400,2.203102,0.7427083,0.0037087575,0.007787034
6230,6473,36.395008,0.7445633,0.06979688,0.13347505
6231,400,0.090042114,0.43614393,0.0032272115,0.0
6231,3660,12.34374,0.4361386,0.037364557,0.059134737
6232,6233,0.0,0.039646387,0.0067168027,0.013525993
6233,6234,2.9968605,0.71005154,0.005102001,0.010061085
6233,7041,11.952993,0.031487763,0.08158327,0.17155287
6234,3959,2.388218,0.7200109,0.0043423027,0.009019867
6234,1691,0.0,0.04697898,0.0072999373,0.014723375
6235,1050,16.032724,0.68640506,0.03223953,0.06274069
6235,409,3.259121,0.68590784,0.0059233606,0.012295634
6236,185,3.8218994,0.688718,0.0072227865,0.014553219
6236,1562,28.107533,0.69432926,0.055029064,0.10636196
6237,3817,18.039585,0.0002783537,0.06377851,0.14005981
6238,5632,2.5259972,0.702954,0.004734218,0.010333598
6238,480,43.835484,0.7077141,0.10029688,0.19977158
6238,6111,58.524372,0.70251733,0.114189535,0.22860418
6239,4997,19.246862,0.63542616,0.04104056,0.07975841
6239,925,11.347919,0.63276273,0.023468219,0.04630831
6240,742,1.9911499,0.66431475,0.0032188222,0.006366536
6240,3461,238.88548,0.6667016,0.5806623,1.1485572
6241,6240,2.1517944,0.6365715,0.005371675,0.011211306
6242,6857,10.924929,0.6815316,0.023777232,0.046949863
6242,6857,10.894163,0.68149984,0.023710266,0.04682176
6243,216,67.997826,0.69336355,0.13565435,0.2727629
6243,6858,4.984558,0.6935246,0.01011049,0.020653963
6244,2689,23.294146,0.61491156,0.057884287,0.112386025
6244,4941,16.671633,0.6146631,0.03774481,0.07326096
6245,1707,37.740246,0.6050094,0.077401705,0.15111236
6245,6248,13.034199,0.61077845,0.030941822,0.060834944
6246,6245,0.8642311,0.6020254,0.0042303875,0.009242818
6246,6247,14.367788,0.60798115,0.038156107,0.075006045
6247,1726,6.9699974,0.60707384,0.019595623,0.03824395
6248,6247,1.7849274,0.60729253,0.0054867566,0.011459485
6248,2690,35.354317,0.6127043,0.08228939,0.16057561
6249,4274,3.573063,0.6513144,0.0074040294,0.015124068
6249,4272,25.857594,0.6544644,0.051837187,0.09936956
6250,6251,1.9780731,0.65927696,0.0029248744,0.006548658
6250,4542,48.90805,0.664009,0.14995278,0.29804522
6251,6250,1.8199081,0.6563581,0.0024107546,0.005826056
6251,2676,182.09395,0.6586745,0.3339077,0.6603623
6251,4271,24.131884,0.6616543,0.066471055,0.13017881
6252,4541,0.19476318,0.47775143,0.0018437505,0.003368467
6252,5833,1.4586716,0.66054314,0.0027936697,0.006147817
6253,6252,1.6891632,0.66988564,0.003398873,0.006946966
6253,132,38.006878,0.6660994,0.117320776,0.2331307
6254,6256,2.228447,0.7161515,0.0077119693,0.015843198
6254,4939,15.923666,0.7229363,0.03661519,0.072093315
6255,6254,2.2140236,0.72221994,0.0054758266,0.011093482
6255,4250,57.008667,0.7204065,0.13756499,0.27456474
6256,4728,1.5308952,0.71704036,0.0060205385,0.0126565695
6257,4388,4.2745514,0.66221356,0.0078020394,0.015849933
6257,6258,14.502972,0.6685896,0.016196094,0.032821834
6258,3622,40.079933,0.6701297,0.08343949,0.16360986
6259,2502,4.421543,0.7433501,0.005978197,0.012215525
6259,6820,39.193695,0.44964302,0.09477386,0.14858052
6260,6261,2.878807,0.6833354,0.0059133247,0.012823105
6260,6578,66.218124,0.70669466,0.11893763,0.23637758
6261,5498,136.2338,0.7083973,0.26568472,0.5238892
6262,2451,2.8729172,0.63009673,0.0038349554,0.008499101
6262,4809,37.30662,0.62703604,0.070513055,0.13724744
6262,5596,63.66256,0.648155,0.11555366,0.2291696
6263,5403,3.9692001,0.65614593,0.007028058,0.014275402
6263,5406,2.0568123,0.6577583,0.0030215085,0.0072728544
6264,6675,176.17181,0.6792401,0.21286303,0.4191259
6265,2282,1.822403,0.50992084,0.0043394193,0.008291915
6266,517,1.8513069,0.5076925,0.0038692206,0.008400947
6266,5133,33.205685,0.50834924,0.073464155,0.14215498
6267,2281,7.0786705,0.5055602,0.012667045,0.025374591
6267,517,4.035034,0.50353134,0.008714981,0.017706722
6268,6270,1.8279152,0.7220712,0.0039887056,0.0078008473
6268,3295,10.98661,0.7226994,0.02239684,0.043973744
6269,1977,2.2987022,0.7214585,0.0042277575,0.0085938275
6269,4600,63.098465,0.72483695,0.12640044,0.25067738
6270,6269,1.689949,0.697437,0.0033406466,0.0071466267
6270,6962,6.278385,0.7227582,0.0124415755,0.024888173
6271,6272,1.3973236,0.67252016,0.0015440956,0.004372254
6271,706,0.9883537,0.67288005,0.0032376796,0.007598266
6272,6274,3.7219696,0.67303526,0.009189405,0.018446341
6272,5987,45.702095,0.670554,0.08635103,0.16904452
6273,779,103.80023,0.6717247,0.19148254,0.3798421
6273,6271,4.1408615,0.66606176,0.010179423,0.020365477
6274,6273,2.052166,0.66874903,0.0032170191,0.007364154
6274,5224,5.095333,0.6691567,0.01001624,0.020208314
6275,925,87.89704,0.62851274,0.16534075,0.32800972
6275,3799,8.390892,0.6121059,0.011238538,0.023730323
6276,4973,2.9293518,0.6666604,0.005438812,0.011951819
6276,6278,1.7230339,0.66509223,0.0029937103,0.006553784
6277,6279,1.5195465,0.65880144,0.0028250366,0.006523818
6277,4972,3.510765,0.6656021,0.006533012,0.013895273
6278,6277,1.7203445,0.6595356,0.0036445856,0.008244142
6278,4975,2.4568481,0.6656038,0.0036132485,0.008285359
6279,6276,2.2671356,0.6630503,0.004275292,0.008958012
6279,3333,2.6970139,0.66384524,0.004278533,0.0092794895
6280,3922,2.829235,0.7469901,0.0066063777,0.012830332
6280,6539,35.942486,0.45261508,0.12814796,0.19656444
6281,334,52.81166,0.7207999,0.12002113,0.23616411
6282,790,38.568817,0.71538,0.07588988,0.14522812
6282,3891,41.67447,0.70612574,0.096671544,0.18992972
6283,3361,2.2843018,0.6924141,0.004232459,0.009202823
6284,6285,3.511856,0.56582826,0.0051243976,0.010610744
6284,1216,28.45021,0.57095456,0.056831967,0.109531015
6284,6286,39.073395,0.5601079,0.075453125,0.14611766
6285,6284,3.9382286,0.56644046,0.0061982274,0.012863159
6285,2224,56.010834,0.5713266,0.108171016,0.21083239
6286,3297,1.373455,0.5488221,0.0019740984,0.004769221
6286,1230,10.627983,0.5557132,0.023250528,0.04599729
6287,6288,4.7712746,0.5289295,0.0056101605,0.012331247
6287,1257,113.24925,0.5134282,0.104159474,0.20278484
6287,4724,25.565937,0.5301634,0.053475957,0.10096133
6288,6287,5.094719,0.5341388,0.006278001,0.01383926
6288,5193,56.77665,0.5229931,0.11007562,0.21524295
6289,6290,1.8109016,0.50005364,0.005545847,0.0112730265
6289,1313,11.532881,0.49801034,0.02482602,0.048643142
6290,6291,1.6228867,0.5015385,0.002053991,0.0044880956
6290,5894,1.7197533,0.5060575,0.0054356083,0.011069104
6291,5425,4.52689,0.5038822,0.00794138,0.016031697
6291,6292,2.4668503,0.5009737,0.00566712,0.011468351
6292,6289,1.9705849,0.5000291,0.002969049,0.0062646866
6292,3329,38.921856,0.48139384,0.10648859,0.2083716
6293,1911,18.25593,0.58803666,0.037728637,0.07289697
6293,6296,2.874611,0.5867689,0.0061059967,0.013304278
6294,6293,1.781147,0.5897219,0.0027151406,0.005736679
6294,3566,10.832239,0.59218305,0.021958344,0.043652683
6295,6294,2.7128258,0.58684766,0.0059548616,0.01248382
6295,6503,33.73427,0.5908685,0.06590342,0.12762423
6296,6295,1.3005981,0.5868547,0.0020215362,0.0048407316
6296,1255,55.41607,0.5793283,0.119055614,0.2337988
6297,6298,1.6268845,0.5969634,0.0026312172,0.0058089346
6297,3741,9.44252,0.6014904,0.02047009,0.040387362
6298,6300,1.9225273,0.596003,0.0037792847,0.008218214
6298,1913,74.87837,0.5978912,0.14177991,0.279123
6299,6300,2.134304,0.59888995,0.003557071,0.007759914
6299,4139,2.1840477,0.5962471,0.003082335,0.00682275
6299,3577,13.2322445,0.6002716,0.029915381,0.058955856
6300,6299,2.827259,0.59702414,0.0051322356,0.010712802
6300,6297,2.2327003,0.5994589,0.0045843124,0.010059893
6300,3579,21.688665,0.6006617,0.051081765,0.09911805
6301,5803,2.0855598,0.6129953,0.0028395206,0.006668687
6301,2475,27.205093,0.6184973,0.06696152,0.12997738
6302,1820,30.064606,0.5698223,0.060650293,0.11686063
6302,4063,21.674616,0.5628889,0.04472384,0.08587868
6303,6304,3.4275665,0.72417974,0.007027656,0.014158383
6303,3366,31.809238,0.08733073,0.19457635,0.41387308
6304,6303,3.4262772,0.7267211,0.007096149,0.014353871
6304,6466,42.60374,0.16754761,0.21140897,0.45013434
6305,6306,2.2276154,0.7250713,0.0025979728,0.0051941723
6305,6152,6.2885437,0.036821604,0.043801423,0.094861366
6306,3365,0.0,0.036234885,0.005270764,0.010936916
6307,6310,1.7823982,0.65263474,0.0044484064,0.009623319
6307,1465,184.26546,0.6542395,0.44923735,0.88712054
6308,6307,1.7719345,0.6512922,0.00410147,0.00911279
6309,6308,1.6387634,0.65160424,0.003907308,0.008886203
6310,6309,1.2356606,0.6546093,0.0031498745,0.0073519796
6310,6173,216.86293,0.6509768,0.43576762,0.85701233
6311,1085,53.77964,0.6753935,0.10664887,0.21358015
6311,5846,32.59641,0.67443323,0.07724896,0.15204257
6312,6311,2.168316,0.6694271,0.0040292665,0.008988425
6312,3999,28.35783,0.67694163,0.06710332,0.12930913
6313,6344,31.61641,0.6825298,0.07660111,0.14969143
6314,6377,2.2616577,0.6713817,0.0038223714,0.008189082
6314,25,46.2527,0.6709392,0.109791346,0.21240771
6315,2750,1.09589,0.6887815,0.0020693094,0.005191669
6315,2059,34.046734,0.6963447,0.07181464,0.13971597
6316,4739,1.5868034,0.45197797,0.0026915371,0.006453827
6316,6315,17.68873,0.6425187,0.036376067,0.06946168
6317,6318,1.7791634,0.50364536,0.0022918805,0.005017236
6317,1830,83.635086,0.51953167,0.21972921,0.42665213
6318,6317,1.8185883,0.5053495,0.0021973178,0.004887402
6318,5524,41.762283,0.49260312,0.10450114,0.20453508
6319,6320,1.9607239,0.6970011,0.001618281,0.0042459965
6319,49,6.9502335,0.69583386,0.011330642,0.022952229
6320,6319,2.2166824,0.6964534,0.0020895824,0.0051530153
6320,6328,66.14822,0.6979476,0.09143173,0.17835055
6321,6324,2.281124,0.6656381,0.0052109733,0.011261299
6321,6322,4.012127,0.6695961,0.00918255,0.018891811
6322,2881,3.598793,0.65675265,0.008436166,0.01677303
6322,2880,3.1911545,0.67474866,0.007440038,0.0151454955
6322,6321,3.865757,0.6744593,0.009337269,0.019027725
6323,6910,0.72709656,0.43331468,0.0029286519,0.0059047043
6323,6324,4.916012,0.67014575,0.010897018,0.02149643
6323,2880,2.5959282,0.67056257,0.0038870648,0.008290336
6324,2879,19.18654,0.67335397,0.03866343,0.07450165
6324,6323,4.9867134,0.67622095,0.011477612,0.02307406
6324,6321,1.7622643,0.67230904,0.0047422796,0.010374337
6325,1649,4.8283997,0.68480015,0.0076332167,0.015979886
6325,2062,3.4587936,0.6822914,0.00832618,0.017264768
6326,5734,67.70537,0.6762392,0.12423429,0.24731742
6326,1649,4.6878166,0.6779661,0.011337735,0.022837505
6327,1859,3.712082,0.69976664,0.005220808,0.010844022
6327,4,8.14846,0.69977295,0.014050916,0.027748555
6328,5947,2.4025574,0.69975054,0.0025550053,0.0060237944
6328,6327,8.159153,0.7012986,0.013860099,0.02751349
6329,2276,47.534218,0.7029959,0.095029406,0.1885539
6329,265,28.219296,0.7066625,0.05809592,0.11156791
6329,266,34.022194,0.7078372,0.06575824,0.12591906
6329,3907,5.9514885,0.7032188,0.009942383,0.020034865
6330,6331,21.127058,0.70537835,0.044231363,0.08605101
6330,265,26.859003,0.7064191,0.054628897,0.10781649
6331,3412,2.4010887,0.70212847,0.004242465,0.008476198
6331,6544,15.630808,0.7025472,0.031974874,0.062410787
6332,5645,1.6224976,0.6930645,0.0035969168,0.0073611587
6332,3966,11.749187,0.6948012,0.024006255,0.04737766
6333,430,1.8127975,0.6694301,0.002466932,0.0056503117
6333,783,104.63988,0.6721781,0.19104345,0.3798714
6333,2953,138.54214,0.6693626,0.33766016,0.6701233
6334,3434,224.30046,0.6685413,0.25733095,0.51208174
6334,6379,69.58314,0.6813378,0.16747329,0.33396998
6335,985,15.557169,0.6944982,0.017253146,0.034824103
6335,53,14.557547,0.68706125,0.017516196,0.034952268
6336,6344,6.2302055,0.6819339,0.012524307,0.025182053
6336,212,8.513561,0.6793044,0.017360419,0.03469655
6337,6338,2.0186386,0.6895531,0.0038764179,0.00849089
6337,4094,73.13368,0.69346726,0.1772823,0.35344467
6338,6337,2.3146286,0.68710816,0.004241407,0.009000212
6338,3661,5.262047,0.69000024,0.01218465,0.024664536
6338,3662,21.266758,0.6883271,0.044204712,0.08515133
6339,64,32.531822,0.69312066,0.06447106,0.12384864
6339,5546,44.584095,0.6903618,0.08399978,0.16487335
6340,985,2.1673775,0.6962844,0.005206138,0.011101767
6340,2210,44.240116,0.69529104,0.1019536,0.200879
6341,6632,2.4133492,0.65037864,0.0031140745,0.0070519
6341,2495,66.03517,0.66037107,0.15335235,0.30458856
6342,2367,2.4960022,0.660697,0.0038544834,0.008483171
6342,413,24.451372,0.66587067,0.051290087,0.09949862
6342,5077,43.50456,0.665342,0.07142349,0.13981669
6342,5397,2.9899712,0.655301,0.0059543103,0.01249443
6343,3385,33.460587,0.6849699,0.07779585,0.15176183
6343,6345,46.082935,0.68654037,0.1056841,0.20787871
6344,6343,2.5120544,0.68652713,0.0048453286,0.010671303
6344,212,4.5121803,0.68089104,0.010273926,0.020746425
6345,376,5.9630623,0.68674564,0.01354865,0.02746512
6346,2382,28.697027,0.6752531,0.06794291,0.1338707
6346,5238,29.09153,0.68382245,0.060717963,0.11815722
6347,6346,1.2005997,0.6541271,0.0045475066,0.00869821
6348,6349,5.491356,0.6844355,0.0122955665,0.02476865
6349,1651,7.6373215,0.6770556,0.017671362,0.034494504
6349,375,6.735138,0.68493587,0.0150311515,0.030214876
6350,3614,8.081436,0.74110365,0.020544767,0.04032944
6351,416,3.1377144,0.66486645,0.0039990246,0.0095433
6351,5274,11.469456,0.65553373,0.025674447,0.050688505
6352,1687,66.206726,0.6642534,0.15978566,0.3190912
6352,2368,41.895092,0.66014284,0.06893952,0.13459432
6353,353,36.906475,0.71154,0.070157215,0.134873
6353,6355,35.164932,0.7126663,0.064778864,0.12500168
6354,3513,23.956741,0.7130541,0.04654101,0.089860894
6354,2102,81.79376,0.709895,0.14742565,0.29555145
6355,354,2.065712,0.70539665,0.003473647,0.0070584863
6355,2096,20.22094,0.7133638,0.040340632,0.077399865
6356,5194,2.3665924,0.6566267,0.0023780242,0.006340638
6356,5476,5.551956,0.65403265,0.010229856,0.020988032
6357,5476,2.299511,0.65332264,0.0022082254,0.006290719
6357,5194,6.518875,0.65446997,0.012251623,0.025305495
6358,5989,2.7867966,0.67835027,0.0053825453,0.01103051
6358,1003,42.534916,0.67924315,0.09973916,0.19810614
6359,6360,2.227703,0.6689032,0.0023784712,0.0056331903
6359,1023,28.656563,0.67561066,0.05750904,0.10982145
6360,6359,2.044407,0.6712795,0.001958333,0.005234495
6360,280,18.08178,0.6707588,0.036777392,0.07107818
6361,3529,1.7247543,0.21679294,0.003448695,0.00759694
6361,690,215.83476,0.52615255,0.4256605,0.8268915
6362,6361,1.2799988,0.5249564,0.0019965395,0.0043231845
6362,5001,29.389885,0.5460635,0.0730736,0.14109123
6363,3503,62.82791,0.68260044,0.11614588,0.23108889
6363,183,66.50166,0.6839975,0.09621447,0.18993042
6364,6367,0.40800858,0.45138898,0.0015323907,0.003808409
6365,6364,2.2163963,0.6900197,0.004778549,0.009882718
6365,5175,44.927433,0.6956694,0.103829816,0.20561343
6366,6365,0.6971588,0.52500427,0.0032386035,0.0073079616
6366,2759,88.36724,0.69356245,0.2051261,0.4088316
6367,6366,2.4620056,0.6837331,0.0058637485,0.011633009
6367,1768,5.857567,0.68502706,0.013337493,0.026974574
6368,4790,1.9888878,0.6727727,0.004088402,0.008309111
6368,5124,64.76551,0.6766872,0.15737343,0.3126765
6369,759,1.7611389,0.68900704,0.0024719015,0.005551338
6369,6374,13.74773,0.6903089,0.028028391,0.054663442
6369,756,49.37361,0.69113195,0.08979908,0.17826988
6370,735,1.4448547,0.6485027,0.0030709133,0.006955132
6371,804,2.2537575,0.67278564,0.0040355995,0.008453846
6371,6370,43.098476,0.6756666,0.10105105,0.19845235
6372,6373,2.4836311,0.6882287,0.0014489591,0.0039740354
6372,6369,20.701637,0.6916435,0.04348729,0.08339259
6373,6372,2.6214333,0.6882944,0.0017188191,0.0045826733
6373,5865,30.654102,0.6847962,0.06443836,0.12225602
6374,6375,2.4542046,0.68983746,0.0012320802,0.0037842244
6374,760,8.818859,0.6908599,0.0180002,0.0359298
6375,6374,2.9104195,0.68276465,0.002364397,0.0058662593
6375,759,14.035191,0.6887982,0.028827533,0.05629398
6376,3905,10.356108,0.7464478,0.01744219,0.034050778
6377,4387,1.5744324,0.6640432,0.0025448948,0.0058301836
6378,6742,2.0866165,0.6717439,0.003031455,0.006936401
6378,6492,38.029724,0.67275167,0.08974579,0.1761508
6379,4387,0.7515297,0.4407869,0.0018774793,0.003406927
6379,6377,1.6199188,0.6480265,0.004185684,0.008896649
6380,3976,1.652607,0.033336014,0.006823398,0.012989312
6380,4848,15.883001,0.017067373,0.059203386,0.11867731
6381,6382,1.8458443,0.6866137,0.004296601,0.009010375
6381,6384,42.76273,0.6886203,0.08802996,0.17507966
6382,6381,1.7162094,0.6847382,0.004276626,0.009282365
6382,6940,1.2381897,0.6190837,0.0036627278,0.008211821
6382,1041,28.490623,0.6901466,0.067640655,0.13148281
6383,6940,2.595745,0.68346393,0.0042089447,0.008990601
6383,6939,3.565979,0.68975264,0.003964491,0.008809656
6383,2212,72.62947,0.68643147,0.105196245,0.2106556
6384,6385,2.1366844,0.6871035,0.0034227893,0.007406175
6384,4653,28.854523,0.68938583,0.059212446,0.1138797
6384,2058,34.251034,0.68659,0.070564255,0.13895932
6385,6384,2.1177597,0.6880041,0.003407374,0.007399112
6385,826,48.948425,0.68949807,0.08956983,0.17753065
6385,6382,42.739246,0.6876025,0.08870865,0.174039
6386,3417,0.9517479,0.60840523,0.006033942,0.011859059
6386,2265,52.814754,0.6140889,0.10058667,0.19788815
6387,1000,1.9999504,0.66144055,0.003602162,0.007819891
6387,6390,27.824669,0.6647995,0.0600687,0.11742795
6388,3954,4.0562325,0.6555641,0.008546859,0.017441332
6389,2703,56.678932,0.6780484,0.16034584,0.32024813
6390,1001,3.011448,0.66722125,0.0027989373,0.0068553537
6390,1002,19.574974,0.6664017,0.041322436,0.080144234
6390,6391,7.122055,0.6663324,0.014551312,0.029256701
6391,5078,1.9275932,0.66339916,0.00407207,0.009152815
6391,1002,17.081337,0.6696545,0.0332071,0.0653787
6392,1946,0.0,0.03853357,0.007621482,0.013855979
6393,609,27.450375,0.662934,0.04685691,0.09203008
6393,6392,9.441891,0.6639127,0.020828791,0.040884405
6394,3784,54.569103,0.6627944,0.11277107,0.22450787
6394,6395,7.611759,0.66113675,0.015625492,0.03149572
6395,3794,18.740475,0.6681648,0.038721696,0.07443984
6395,6394,7.208809,0.66450256,0.014465392,0.029217467
6396,6397,4.6371307,0.68265975,0.010398954,0.0211699
6397,1638,9.733456,0.6793922,0.0223739,0.043397844
6397,5339,2.1040878,0.6804342,0.0047462806,0.010167539
6398,5340,4.2537766,0.68385804,0.00969173,0.02006419
6399,1566,43.17024,0.6792253,0.10131329,0.19992048
6399,6398,2.6344566,0.6791143,0.006024629,0.012208581
6400,1695,2.4569016,0.67140925,0.004439689,0.009583712
6401,6403,1.9886627,0.6715488,0.003555745,0.0075489283
6401,6402,1.9493065,0.67260385,0.0036154166,0.0075038075
6402,1695,1.8433952,0.6740277,0.0033917874,0.0073628575
6402,6400,2.1059303,0.67548317,0.003790304,0.008128032
6403,6402,1.2813568,0.67200816,0.0027031824,0.0060070306
6403,6677,17.85348,0.67255986,0.037375495,0.072435886
6404,6401,2.5256958,0.66497356,0.0022231415,0.0050969124
6404,158,39.475647,0.67943704,0.08045411,0.15860347
6405,3138,3.1684723,0.6659377,0.011600092,0.0237457
6406,462,2.0098457,0.68138397,0.0027565807,0.00617218
6406,6407,2.2167282,0.6768263,0.0036023855,0.007970348
6407,2181,1.8067818,0.68265927,0.0044893846,0.009749457
6408,6406,2.4359207,0.6768811,0.004122667,0.008824974
6409,546,1.8993416,0.61153585,0.0034708083,0.0077599436
6409,1580,42.44638,0.6084161,0.08159536,0.15737411
6410,6409,1.6951294,0.60926807,0.0024628714,0.0059936643
6410,2601,39.51971,0.61089945,0.08265977,0.1597024
6411,999,18.130848,0.65177375,0.038508534,0.075378194
6412,3658,1.6852264,0.72945166,0.0035584122,0.007592365
6412,6414,1.5021172,0.7301027,0.0021182448,0.004679054
6413,6412,1.8006439,0.73456484,0.0033444837,0.0069623888
6413,6412,1.7912102,0.73824686,0.0024019554,0.00551337
6414,3657,2.0998993,0.73767763,0.0043888837,0.008928254
6414,6592,45.58515,0.74441445,0.08408579,0.1623675
6415,4321,55.099033,0.7423013,0.10878457,0.21564712
6415,6416,6.7420654,0.7337979,0.012706444,0.026011288
6416,488,0.530426,0.04018551,0.0027687177,0.0063243955
6416,6415,6.0287247,0.7439234,0.012151569,0.024499997
6417,2599,2.361618,0.6471739,0.004002452,0.00832358
6417,6418,3.0866165,0.65410787,0.006096348,0.012529582
6417,1248,42.796124,0.6514965,0.081654795,0.16033667
6418,2599,2.4797592,0.6577637,0.004921682,0.010522842
6418,2351,40.139225,0.662297,0.08288048,0.16331093
6419,2306,8.235939,0.65353334,0.019626185,0.039241925
6419,3813,1.5960693,0.65339065,0.0040329546,0.009030297
6420,1185,2.0958214,0.6731907,0.003741853,0.007993147
6420,4960,11.369747,0.6797029,0.022815749,0.044920504
6421,2149,133.30545,0.7269739,0.25541225,0.5057323
6421,3364,70.42038,0.7236849,0.13497698,0.26909137
6421,2157,93.902054,0.72593534,0.1666208,0.3333955
6422,2700,33.750282,0.6693236,0.070124514,0.13668305
6422,2946,13.041786,0.66928744,0.027217418,0.053273097
6423,2659,75.93219,0.63685155,0.14123541,0.28172594
6423,2663,43.586845,0.6292995,0.083541945,0.16491765
6423,2662,117.79576,0.63277483,0.21720648,0.42932814
6423,5315,66.693115,0.6278943,0.124378316,0.24817255
6424,6425,2.7435875,0.6890759,0.005254373,0.011433214
6424,1,66.20097,0.6899944,0.13601795,0.27124724
6425,6424,2.6482735,0.6905947,0.00511723,0.010882467
6425,2536,5.2852287,0.6912303,0.010329083,0.021085367
6425,6427,4.7795677,0.690095,0.009484641,0.019268379
6426,2196,20.420004,0.688933,0.04318317,0.083533
6426,5187,84.96352,0.689061,0.15472165,0.31026524
6426,6709,96.33157,0.6914458,0.17855266,0.35676962
6427,2536,12.069929,0.6913385,0.01445169,0.029778764
6427,6425,4.685871,0.6903297,0.009293735,0.019123808
6427,6502,91.903244,0.69482875,0.18280116,0.36430568
6428,6429,2.5186958,0.6633706,0.004236616,0.008749589
6428,206,49.50573,0.66245586,0.09249741,0.18303573
6428,6223,66.77504,0.66576475,0.16226524,0.32345808
6429,6428,2.5519753,0.66354984,0.0041182637,0.008456856
6429,238,24.078552,0.6627457,0.048948225,0.094224036
6429,6668,59.046383,0.66928446,0.13650209,0.27053103
6430,6434,1.858738,0.6855981,0.0050273836,0.011053219
6430,6433,2.0997543,0.6848703,0.0033176094,0.007135704
6431,6434,1.9311562,0.68790865,0.004310757,0.009340286
6431,6433,2.2281723,0.69113857,0.0051912814,0.0115733445
6431,2212,16.28663,0.6918206,0.03515059,0.06801721
6432,6430,1.6020813,0.683747,0.004336253,0.009923443
6432,3236,55.816734,0.69002235,0.1257364,0.25037462
6433,6430,1.8699951,0.68378586,0.0025574937,0.006020233
6433,6432,2.1466866,0.6845611,0.004503764,0.010139182
6433,828,39.03352,0.68650246,0.07459952,0.14545596
6434,6431,1.8108215,0.6860507,0.004201725,0.009138241
6434,190,70.43787,0.6892589,0.16878986,0.3358959
6435,6431,51.600563,0.69205034,0.11671083,0.23320386
6435,6670,87.61041,0.6908982,0.17729,0.3527857
6436,6663,38.520275,0.6695418,0.09318074,0.18369171
6436,2755,2.093296,0.6730311,0.0046203807,0.009036973
6437,434,1.180645,0.68736607,0.0034358427,0.0079729855
6438,1648,55.98121,0.67728126,0.0817085,0.15913504
6439,3087,4.3948746,0.6908623,0.010343991,0.021119982
6439,6438,6.7960052,0.6898608,0.0118973255,0.024592608
6440,2942,5.316944,0.6747849,0.0109043345,0.022072762
6440,6441,19.738379,0.67131007,0.023507722,0.04730171
6441,5158,92.59102,0.6633054,0.08742996,0.16811296
6442,1305,1.351574,0.40528277,0.0031941757,0.0060545504
6443,6863,95.14162,0.6815658,0.19080454,0.37966287
6443,1184,6.5116158,0.677776,0.013180137,0.026444793
6444,6918,6.124855,0.6785865,0.012297295,0.024902448
6444,1187,50.25795,0.6764848,0.101825036,0.20299515
6445,6446,21.238554,0.65999615,0.044937365,0.08646859
6445,2183,5.407322,0.6571595,0.010695159,0.021698162
6446,2388,2.0832977,0.655905,0.0033806637,0.006976053
6446,1181,46.27846,0.6638682,0.094914764,0.18760054
6447,4806,1.8387871,0.4192238,0.0030965507,0.0064678937
6448,2674,1.9573746,0.6623912,0.0029213652,0.006720364
6448,2673,13.372141,0.66414845,0.02831357,0.055608384
6449,6448,2.0382462,0.6600304,0.0036847964,0.008113265
6449,2675,26.10623,0.6674167,0.055694994,0.107178025
6450,2673,1.9903069,0.6613481,0.002883561,0.0066009164
6450,2674,14.0173855,0.6655119,0.029145248,0.056588605
6450,233,41.32584,0.6612439,0.07792433,0.15340537
6451,177,2.772892,0.66731405,0.003472522,0.0077712387
6451,5217,2.106636,0.66285574,0.0039450675,0.008353919
6451,6450,13.452951,0.66555977,0.028110564,0.05447904
6452,5483,0.34960556,0.43766946,0.0041066334,0.0020247549
6453,6454,1.8307381,0.65635204,0.0037321225,0.00838466
6453,1075,12.709427,0.6599196,0.026296474,0.051590845
6454,5427,1.5204277,0.6599681,0.002810806,0.0064365864
6454,1397,21.620752,0.6637116,0.039409492,0.07711071
6455,172,2.7572517,0.6601443,0.0030405447,0.007244855
6455,201,38.36354,0.65531933,0.09039469,0.17606385
6456,6455,2.0211296,0.6617353,0.0020700693,0.005640328
6456,172,1.6899261,0.6603035,0.002975978,0.0069316328
6457,5549,3.125576,0.67827195,0.0031393692,0.0068293363
6457,6614,33.00045,0.6768726,0.070192836,0.13626301
6458,3899,5.6640053,0.43135577,0.017009571,0.026749209
6458,6452,5.082382,0.75052893,0.007829256,0.015861318
6459,6460,2.4826736,0.6873797,0.0015629977,0.004225746
6459,2769,80.2266,0.69053197,0.16253872,0.32414848
6460,6459,2.5921364,0.688407,0.0019227415,0.0050617456
6460,3380,33.571213,0.6921315,0.070769235,0.13797456
6461,3350,2.2568512,0.67848635,0.0039079785,0.0077354163
6461,481,37.78822,0.6907974,0.07172753,0.13773547
6462,6965,19.23347,0.676521,0.040797684,0.0795903
6462,1186,63.703445,0.6765698,0.12758017,0.255217
6463,1014,35.345146,0.6642892,0.06818576,0.1315457
6463,5138,30.057545,0.6686561,0.059499,0.11444716
6464,1070,69.05469,0.65786576,0.12725435,0.25386655
6464,6463,37.57784,0.66968966,0.07207416,0.13771741
6465,6466,2.6688118,0.71989447,0.0057341084,0.012024909
6465,1616,147.71545,0.7328083,0.28434464,0.5607678
6465,878,47.351067,0.011978507,0.17287287,0.3627986
6466,6465,2.3108368,0.7242925,0.0061813593,0.011884928
6466,4057,29.486261,0.40090874,0.105966866,0.21496733
6467,2934,1.3395195,0.66093445,0.00453379,0.010055676
6468,135,8.625389,0.67708945,0.017639078,0.03494917
6468,84,175.60973,0.6727787,0.35263407,0.6981419
6469,2644,97.412895,0.677256,0.19423418,0.38660684
6469,6470,5.8976707,0.67348194,0.01166559,0.023529097
6470,135,2.1075363,0.6745359,0.0030169412,0.00677675
6470,6468,7.387333,0.6741644,0.015022688,0.029763862
6471,1438,1.7863655,0.5910839,0.0025698394,0.0060065687
6471,3400,27.442148,0.5963359,0.0660301,0.12829238
6472,4544,3.7112808,0.66500556,0.006258771,0.013323709
6472,4552,2.3309135,0.6647841,0.0035071447,0.007828876
6473,6230,36.819202,0.74602014,0.06996189,0.13654117
6473,5196,422.94177,0.70023817,0.8112841,1.6090565
6474,5659,2.2080765,0.6239751,0.002590105,0.0063509643
6474,2806,22.593374,0.63123745,0.052904043,0.10250326
6475,2086,49.669994,0.7225665,0.1201762,0.23679508
6475,5280,121.660805,0.733446,0.2189781,0.43591768
6476,2333,98.87201,0.4607372,0.2004694,0.38684094
6476,6841,30.171822,0.499447,0.06706837,0.12807375
6476,1235,111.91681,0.45719653,0.24966404,0.4815448
6477,4683,61.80397,0.6210145,0.14585818,0.28772068
6478,4807,2.6390114,0.625322,0.003984332,0.008363932
6478,6479,11.577406,0.623849,0.022734068,0.04460579
6478,5286,58.220043,0.62649876,0.10975911,0.21698558
6479,6478,12.254202,0.62653106,0.02471678,0.048445925
6480,6481,1.2912521,0.66816795,0.003716074,0.007552266
6480,854,32.874,0.6774884,0.06395904,0.12373155
6481,6480,1.4625626,0.67607343,0.0040475875,0.0088342875
6481,4203,31.296696,0.6707748,0.091596134,0.18000515
6482,6483,2.6694832,0.54269475,0.0018445402,0.0047315806
6482,6650,10.86574,0.5439026,0.024345502,0.048144415
6483,6482,2.6243248,0.544405,0.001991257,0.00490959
6483,4032,21.380781,0.54642737,0.04737235,0.09129534
6484,5907,1.9454002,0.7380298,0.0038659945,0.008369625
6484,2064,73.9964,0.73935586,0.13036823,0.26009655
6485,6488,2.0079155,0.70643055,0.0031177625,0.006552264
6485,4449,29.186672,0.712336,0.060449734,0.117089644
6486,468,66.78763,0.7065806,0.12070779,0.24047127
6486,3936,2.1441765,0.70368594,0.0033709109,0.0073343962
6487,6489,2.0404854,0.7026696,0.0031068027,0.006974146
6487,3655,31.058887,0.7106223,0.059669442,0.115049295
6488,6485,1.782814,0.7063779,0.0025544912,0.0058559626
6488,3843,2.2764854,0.704705,0.0044773817,0.009711623
6488,6487,27.33421,0.7079947,0.05351624,0.1030296
6489,3936,1.9133224,0.69927835,0.0032909364,0.007369101
6489,6486,2.5860786,0.7041356,0.0045544505,0.00970453
6490,1362,94.67013,0.67631733,0.174334,0.34757775
6490,4296,13.355968,0.68241143,0.0269875,0.05276753
6491,207,3.0751343,0.6677822,0.005999364,0.012683734
6492,5305,1.292736,0.6668492,0.0036308542,0.0077264607
6492,6491,57.837944,0.66714203,0.11682472,0.23223113
6493,5306,1.8910255,0.67196286,0.0053221807,0.011473358
6493,228,5.2921333,0.67116976,0.008942194,0.018720478
6494,6496,5.4577675,0.6667905,0.013354622,0.026853412
6495,5306,1.3248825,0.6690208,0.0036645383,0.007970482
6495,6494,2.9572067,0.67354727,0.0078646615,0.01615724
6496,209,28.8114,0.676731,0.06624713,0.126401
6496,6493,5.393978,0.66784567,0.012541905,0.025130272
6497,555,1.6515884,0.6449381,0.002307184,0.0054561794
6497,5560,54.39379,0.64192396,0.11399161,0.22464846
6498,6500,2.5023003,0.6855283,0.0043485984,0.009216189
6499,6498,1.3390274,0.6304029,0.0025841445,0.0054568946
6499,6502,4.5487213,0.6840334,0.009746298,0.020121545
6500,2294,43.782024,0.6935724,0.08768803,0.17362425
6500,6501,2.288105,0.6889734,0.0037903935,0.008606002
6501,6499,2.36314,0.68845826,0.004426919,0.010031328
6502,6427,91.76494,0.69116825,0.1828801,0.3642825
6502,6498,4.5082703,0.6907376,0.008700646,0.017796174
6503,1914,1.6780281,0.58935183,0.0014798939,0.003990829
6503,4059,36.665295,0.5921945,0.070658825,0.13705635
6504,6505,1.5151024,0.55073357,0.0015795976,0.004111886
6504,1829,111.06781,0.55335486,0.23830223,0.4633518
6505,6504,1.4152489,0.5485566,0.0013456047,0.0038346052
6505,4848,32.997425,0.55603695,0.07222505,0.14034112
6506,6507,2.3443031,0.3595183,0.003918655,0.0075484365
6506,2122,28.98685,0.3633304,0.076312706,0.14601567
6507,4667,1.8628998,0.35802865,0.0064300597,0.012228861
6507,6506,2.3695793,0.35863835,0.0037861988,0.007371351
6508,309,3.385788,0.7187365,0.006789267,0.013756558
6508,6509,1.4544716,0.722981,0.0018657893,0.0041543692
6509,6508,2.0498428,0.7242309,0.0032650605,0.0067300797
6509,4593,34.726063,0.7217597,0.069276504,0.13454968
6510,3244,19.240667,0.687335,0.04444532,0.08704956
6511,6512,1.9967957,0.5539248,0.0046142787,0.009746343
6512,1491,134.46124,0.5598643,0.2838093,0.5540769
6512,4971,2.222084,0.5566774,0.004895985,0.010421038
6514,2913,91.76933,0.73471427,0.22566676,0.4469087
6515,472,20.189344,0.6699087,0.04336342,0.083669774
6516,179,9.442188,0.6284375,0.024740003,0.04867734
6517,6518,1.545124,0.66185546,0.0046153367,0.009989157
6517,4149,187.90727,0.6583502,0.34469175,0.68001443
6518,6517,1.362442,0.65401214,0.0039607435,0.008760244
6518,3541,107.827385,0.6527964,0.35380217,0.69793355
6519,4136,37.44712,0.66604143,0.08881083,0.17520258
6520,1917,1.42453,0.6008136,0.003962755,0.008500963
6520,3734,8.180843,0.6068484,0.016640358,0.03350742
6521,5690,35.98716,0.63161325,0.071027726,0.13779247
6521,1156,180.34293,0.6357922,0.5591499,1.1000718
6522,6524,1.286335,0.65591174,0.003909759,0.008292168
6522,5132,1.9100304,0.66949016,0.0048304424,0.010321215
6522,6526,3.7288094,0.6851102,0.00745257,0.015627518
6523,6527,0.8602524,0.5931971,0.002427861,0.004656449
6523,6525,2.0090141,0.6655955,0.0036337525,0.008046314
6524,6523,2.1962204,0.6788421,0.004392408,0.0094474405
6524,2066,86.099754,0.68845236,0.20875287,0.41515988
6525,1688,120.7106,0.6620435,0.2431638,0.48133385
6525,6527,1.9522896,0.67762244,0.0031189546,0.007031679
6526,4629,62.53563,0.6935931,0.12232356,0.24502106
6526,6524,3.5477715,0.6823983,0.0066607967,0.014140606
6527,6522,2.135128,0.6792388,0.0039112642,0.008338228
6528,6529,2.235649,0.6818996,0.0024142861,0.006019786
6528,4764,13.905409,0.6776147,0.030992836,0.060693957
6529,6528,2.3312263,0.68159074,0.0026330426,0.0063642263
6529,5132,18.967787,0.68225193,0.0428271,0.08283189
6530,4221,16.404613,0.3446096,0.039204363,0.074991174
6530,6963,3.95644,0.33762023,0.010419242,0.019823909
6531,6195,1.9333649,0.6464661,0.001701422,0.0046821684
6531,6532,2.1324272,0.63930094,0.007662013,0.015382156
6531,1170,28.946077,0.642395,0.055103667,0.10591325
6532,6536,17.310726,0.6441281,0.046686456,0.092096604
6533,6731,3.4231873,0.6767576,0.006694168,0.0138569325
6534,6535,0.20620346,0.46849462,0.0016325265,0.0029805154
6534,4333,7.4942627,0.62932205,0.01488404,0.029834256
6534,4713,12.256786,0.61475855,0.02856826,0.055976756
6535,6534,0.40924835,0.44374138,0.0014021546,0.0024193227
6535,1747,8.713181,0.6209198,0.01730685,0.03481652
6536,1156,62.231884,0.6473475,0.19466555,0.3844533
6536,4299,114.15786,0.65897155,0.20941937,0.41447666
6537,5734,1.6990929,0.65989923,0.0022574663,0.0051628947
6537,2111,3.3383102,0.67484415,0.005543813,0.012310386
6538,1182,76.32651,0.67182606,0.15444356,0.30743575
6538,6565,1.8495369,0.66925323,0.003264226,0.007337436
6539,6540,2.5799026,0.7518376,0.0030822754,0.006066665
6539,3097,75.62198,0.44940776,0.26520962,0.42595986
6540,6539,2.473423,0.75321394,0.0026642457,0.0052945167
6540,3922,37.202145,0.44800228,0.13110176,0.20075883
6541,6542,1.546299,0.6096463,0.0020046458,0.004968405
6541,6542,2.0266228,0.61094654,0.0029416978,0.00691776
6542,6543,1.5687828,0.61505914,0.0029540882,0.00693959
6542,5288,42.976032,0.6220235,0.079732455,0.15475804
6543,1346,1.5731735,0.6134712,0.0025951639,0.006336987
6543,5004,7.1591606,0.6172327,0.014171012,0.028657466
6544,4111,1.9672432,0.7001436,0.002818793,0.0062145293
6544,3967,63.40395,0.69725925,0.1277168,0.25366986
6544,3413,1.8262825,0.6982689,0.0027809814,0.0060738325
6545,930,1.973465,0.6303619,0.0031770617,0.0071478784
6545,5808,2.31818,0.6254818,0.0037203878,0.008296967
6546,6554,1.170002,0.35460925,0.00097057223,0.002747491
6546,6552,0.54870605,0.404229,0.00048287213,0.0003501773
6546,6547,2.4949265,0.1710281,0.0010183156,0.0011192262
6547,6546,2.084301,0.1411072,0.002188608,0.0021879822
6547,6550,1.3812675,0.2228761,0.0023980737,0.0033967644
6548,6549,1.9016571,0.6329357,0.0019190684,0.00498192
6548,6550,25.170992,0.6417106,0.051721293,0.09829424
6549,6548,1.9079666,0.63286626,0.0019311756,0.005001083
6549,6550,24.619963,0.6424397,0.050710727,0.096306294
6550,6547,1.6613731,0.22959718,0.00046505034,0.0
6550,1359,10.800035,0.6408596,0.021907538,0.043019086
6551,5808,1.896164,0.633163,0.0024597198,0.005946487
6552,6546,2.70784,0.43197533,0.0045198128,0.008383185
6552,1360,3.6298294,0.6375551,0.0061022937,0.012923703
6553,6547,0.90457535,0.31557015,0.0014778674,0.002318576
6553,6554,2.405693,0.6245805,0.0022163838,0.0054464936
6554,6551,45.505592,0.64232075,0.06926005,0.13159683
6555,3024,28.599586,0.65267634,0.058613658,0.11164378
6555,3021,6.0215263,0.64980376,0.011199988,0.022577897
6556,3021,1.9479752,0.6524506,0.001750499,0.0045345128
6556,6555,5.164707,0.65091157,0.009277202,0.018959865
6557,6558,5.148079,0.742177,0.011164546,0.022718966
6557,3490,1.5219231,0.71979773,0.01065477,0.021252379
6558,3253,0.35265732,0.7428109,0.008621536,0.017352417
6559,3684,5.9292793,0.73793244,0.010944501,0.021526039
6560,6192,7.2168655,0.6166095,0.016846135,0.033589274
6560,1727,11.264965,0.62083465,0.023134522,0.045450434
6561,4095,0.0,0.4168012,0.00014103949,0.0
6562,6563,2.7351303,0.66110647,0.0021463037,0.005470872
6562,5113,5.0164413,0.6591723,0.010040291,0.020653844
6563,6562,2.6615944,0.66162944,0.0018961951,0.004928723
6563,5407,61.433548,0.6612218,0.12474838,0.2483269
6564,5113,2.6130524,0.6623389,0.0019442737,0.005141601
6564,6563,5.232292,0.65863514,0.010517836,0.021685332
6565,5533,96.5627,0.67802596,0.23100758,0.45812422
6565,6538,2.008175,0.6651919,0.0035553575,0.00784567
6566,3762,2.229107,0.73968583,0.0043060333,0.008522078
6566,510,57.254486,0.73441905,0.16583559,0.3269086
6567,6566,2.3652916,0.7395034,0.0042417347,0.008470878
6567,656,16.375877,0.74803483,0.03090734,0.060194895
6568,6571,2.0098267,0.7126692,0.0038907677,0.008074358
6568,4208,78.14255,0.72287434,0.1567873,0.3131774
6569,6568,2.0189056,0.7132074,0.0040963665,0.008701742
6569,645,41.472046,0.71519053,0.08270449,0.16102861
6570,6569,1.7490692,0.71601045,0.0029748231,0.007193029
6570,3854,51.362015,0.714742,0.10464291,0.20748362
6571,6570,2.3306656,0.6981094,0.005081728,0.010865003
6571,3861,64.392395,0.7203669,0.12959716,0.25864524
6572,2373,2.6617737,0.6938318,0.0018424988,0.0048380047
6572,5361,58.839077,0.6937967,0.11842708,0.23621625
6573,3472,1.729145,0.6741881,0.0021575242,0.0045630634
6573,2743,5.3782234,0.67738414,0.012458526,0.02479148
6574,498,1.6092834,0.7421539,0.0020718575,0.004374683
6574,497,174.37221,0.74512714,0.3107557,0.6133036
6574,5542,47.726147,0.7478974,0.086857736,0.16809542
6575,4100,47.536842,0.6423287,0.09129995,0.17991409
6575,4991,33.285023,0.64366233,0.06567046,0.1272017
6576,6577,3.2313347,0.70398873,0.0041195005,0.008412495
6576,2534,25.158216,0.7104406,0.048057877,0.093204394
6577,6578,2.9128914,0.7031456,0.0031433403,0.0064475685
6577,6576,3.0046272,0.7038536,0.0032724664,0.006688997
6577,5656,33.36307,0.70537585,0.07784064,0.15138409
6578,6577,3.0489006,0.70442927,0.0037829727,0.007927105
6578,1744,12.382204,0.7103699,0.023820192,0.046719357
6579,1066,2.0491486,0.64791816,0.0036870167,0.00826408
6579,5396,3.8732338,0.65388054,0.0056074634,0.01211834
6580,795,1.7135811,0.6535364,0.004574485,0.01001361
6581,6687,4.3420296,0.6681514,0.006867945,0.014550164
6581,2576,15.364571,0.6647111,0.030844197,0.060566105
6582,2178,2.8081093,0.663393,0.0046325773,0.010009885
6583,3270,11.590397,0.6382758,0.019020215,0.038611755
6583,895,6.331024,0.028450042,0.01926314,0.03847961
6584,6585,3.7166595,0.7351344,0.008142233,0.017050326
6584,5063,35.735836,0.7384634,0.08244957,0.15945853
6585,5063,53.676056,0.7424119,0.081782684,0.15516935
6586,6594,0.46694183,0.45017624,0.00457225,0.0029097646
6586,6587,2.3225365,0.7523462,0.0021960288,0.00442864
6587,4663,27.500355,0.4457158,0.10135791,0.16201262
6587,6586,2.4178352,0.7536727,0.0024793819,0.0051015913
6588,6589,2.2262344,0.6595769,0.003505893,0.0077465028
6588,2954,46.36602,0.6623634,0.11813693,0.2341814
6589,6588,2.0598488,0.6567825,0.0030664355,0.0068727285
6589,3667,180.71237,0.6585974,0.330057,0.6522616
6589,3822,66.76024,0.658955,0.15968347,0.31617564
6590,6603,0.83104324,0.421529,0.00043772906,0.0013895184
6590,4887,0.59605026,0.07869509,0.003237024,0.005131975
6591,6593,2.5050201,0.73974496,0.0037804917,0.008296773
6591,3356,58.75811,0.74696076,0.10382953,0.20678104
6592,5240,3.062523,0.73750997,0.004858315,0.010149598
6592,509,49.225327,0.7428414,0.08962075,0.17630212
6593,5240,2.1618118,0.73426116,0.0037876293,0.007963315
6593,1423,51.215595,0.73960024,0.09950076,0.19619034
6593,3657,47.284027,0.7400827,0.08787336,0.16931905
6594,3943,82.092026,0.45540807,0.29905197,0.4930303
6594,1519,2.7828674,0.75336313,0.0031346306,0.0063363165
6595,6997,52.12181,0.67126906,0.10759978,0.21361953
6595,3662,141.96056,0.6773589,0.28453702,0.5619207
6596,37,3.392868,0.7136929,0.0065381825,0.013339192
6596,32,15.554499,0.71447253,0.03141088,0.06082204
6596,4681,8.914391,0.71427727,0.017822765,0.03495349
6597,125,1.8991318,0.6708411,0.0035543367,0.008115843
6597,2651,27.081602,0.6720004,0.057381418,0.11071138
6598,6597,2.468979,0.6692703,0.004462324,0.009995744
6599,4445,2.4462852,0.66060305,0.004166715,0.009118289
6599,167,49.30623,0.66504383,0.092253506,0.18380156
6599,3847,53.07676,0.66015166,0.099159956,0.19664325
6600,360,19.220104,0.6675624,0.03914422,0.075630635
6600,147,34.539898,0.66419303,0.07309728,0.1436136
6600,6599,2.9543839,0.66602325,0.0050039887,0.010731474
6601,6602,2.3171844,0.6216619,0.0032279417,0.0068573058
6601,1779,0.09472656,0.035942793,0.0055008307,0.011100233
6602,1778,1.4445152,0.624036,0.0042472854,0.009211153
6603,6604,1.4826851,0.6224147,0.0029230192,0.0067331195
6603,4888,183.10521,0.61870027,0.34550372,0.6781717
6604,4887,0.69052505,0.1583719,0.0013679266,0.0024289489
6604,6768,37.643677,0.63090867,0.07338166,0.14192277
6605,3107,3.4622116,0.6624763,0.0061699376,0.012447879
6605,6089,2.192936,0.64402246,0.029351767,0.057801828
6606,6607,2.2274551,0.68390054,0.0038600117,0.007498026
6606,1967,58.462215,0.6873001,0.17745394,0.35389984
6607,6685,0.5192604,0.27044016,0.0022861958,0.0046488047
6608,1486,3.4864311,0.5188917,0.0071520284,0.014621213
6608,4589,43.50101,0.5149693,0.089239545,0.17116627
6609,1614,36.641247,0.6461591,0.07197901,0.14093538
6609,6884,9.829414,0.646288,0.019348942,0.038783997
6610,2656,1.8495636,0.6098647,0.0025924593,0.0057079196
6610,5763,41.200844,0.61510783,0.07959784,0.15575668
6611,3040,46.78952,0.6487236,0.09030841,0.17873022
6611,6612,29.82053,0.6528369,0.061486695,0.11772488
6612,6611,30.29026,0.6503111,0.059355997,0.11441971
6613,2652,0.461071,0.3771594,0.0006868914,0.0013448894
6613,2640,24.180624,0.6216601,0.052782595,0.10065926
6613,3338,140.01657,0.626549,0.28808576,0.5662555
6614,2870,1.9800415,0.6766473,0.0027846694,0.0062708557
6614,5116,25.970018,0.6801687,0.055873364,0.10749114
6615,6616,43.26725,0.67456293,0.0825474,0.15980119
6615,2870,73.28068,0.67461044,0.13450488,0.26928088
6616,1550,36.128334,0.67342806,0.07104267,0.13909362
6616,6615,45.0267,0.6736428,0.08451727,0.16417469
6617,926,11.446997,0.6485781,0.023285165,0.046020135
6617,3532,0.0,0.023489565,0.0029304698,0.0065212995
6618,939,45.858562,0.64543563,0.08795431,0.17333943
6618,3532,35.58779,0.6456797,0.06970733,0.13604236
6619,5002,3.3442993,0.664261,0.008193128,0.016195312
6619,6620,3.0123482,0.6645476,0.004696481,0.01016061
6620,4281,3.4101944,0.6677116,0.008395694,0.017455772
6621,5274,2.0593796,0.6584225,0.0052467138,0.010553822
6621,6352,47.343853,0.6666709,0.111778595,0.22226307
6622,1996,27.47895,0.65884554,0.056161914,0.108269826
6623,6622,3.821579,0.65777826,0.005152896,0.011532173
6623,2367,2.2001877,0.6579598,0.00549531,0.0117646605
6624,6440,1.9495811,0.6686508,0.0033791661,0.008116394
6624,2947,7.132988,0.6742834,0.014404781,0.028841794
6625,4654,2.1896286,0.693359,0.0028579086,0.006582573
6625,4026,23.410412,0.6954802,0.04959603,0.0960319
6626,6627,1.83741,0.48111165,0.003953278,0.008223385
6626,198,31.61857,0.50324357,0.07883446,0.15018488
6627,5896,1.3559608,0.47678348,0.004048139,0.00835669
6627,5895,4.706047,0.48059154,0.010326855,0.020488262
6628,6629,2.0192108,0.40475065,0.004317738,0.008590385
6628,1671,2.1776123,0.4023635,0.0037548617,0.0076194853
6628,1264,33.420563,0.38626352,0.08806538,0.1703365
6629,6628,2.065586,0.40659344,0.0046164542,0.009073615
6629,1236,24.013763,0.41506177,0.059301984,0.11301263
6629,1679,2.113369,0.40683368,0.004461944,0.009001836
6630,6631,1.9115524,0.3540706,0.004277818,0.008250564
6630,1314,7.7846565,0.3526987,0.019534037,0.037266612
6631,6630,1.8167915,0.35699677,0.0044157878,0.008349612
6631,2317,39.782295,0.37563115,0.10556029,0.20444189
6631,1318,2.0938644,0.35106403,0.005015664,0.009376541
6632,6341,2.224331,0.65641737,0.0025679916,0.006204754
6632,1667,6.9391594,0.6568185,0.016491644,0.032987
6632,1666,13.913015,0.6646719,0.026264854,0.05201015
6633,1667,1.7519722,0.655862,0.004754044,0.010202423
6633,794,2.8777924,0.657724,0.0065476447,0.013829872
6634,1646,6.473648,0.69105154,0.014847875,0.030023858
6634,5074,23.163054,0.69367874,0.054009248,0.105758704
6635,2472,32.803215,0.58045983,0.0655943,0.1261586
6635,2036,83.48441,0.57696706,0.1584099,0.31199235
6635,2486,115.20027,0.5633055,0.22015733,0.43187153
6636,4679,1.085041,0.38020802,0.004320413,0.008623689
6636,6637,94.00961,0.41506603,0.21794724,0.4176874
6637,6638,1.4608574,0.46309003,0.0028568208,0.0058883727
6637,2225,83.07972,0.4571783,0.17025992,0.32867628
6637,4677,50.903477,0.48117262,0.114634335,0.2225663
6638,6637,1.6672096,0.46212265,0.0031581447,0.0065549463
6638,4679,95.80769,0.413599,0.21780193,0.41794696
6638,1256,141.67314,0.4603586,0.13156119,0.2577557
6639,6640,0.0,0.037456095,0.005057089,0.010926068
6639,7021,2.596859,0.7423613,0.004035853,0.008281052
6640,6641,2.4092293,0.73989147,0.004078552,0.008042529
6640,1872,15.021866,0.032221586,0.06503672,0.13866046
6641,6642,0.2774086,0.11028761,0.004039794,0.008124396
6642,6639,3.1102295,0.7346196,0.005205177,0.010687813
6642,4075,35.8384,0.2736384,0.15947762,0.33242148
6643,6644,1.8305244,0.74218464,0.002640158,0.005268678
6643,3419,52.404324,0.741645,0.10071358,0.1992517
6644,6643,1.9854088,0.74207866,0.003009908,0.0060515404
6644,2583,85.49057,0.74545056,0.15319799,0.30084634
6644,289,68.70303,0.74486494,0.13667516,0.27164003
6645,1292,3.0443878,0.68227184,0.005788453,0.012367085
6645,6709,79.34474,0.69095784,0.19289264,0.38536316
6646,6645,1.8482552,0.6826763,0.0035049543,0.008205414
6646,6647,4.392025,0.6866024,0.010292858,0.020767584
6646,7050,7.0945587,0.6827918,0.016106546,0.032310784
6647,7050,3.5559273,0.66704714,0.005267881,0.010892078
6647,2325,5.634285,0.40410784,0.010683484,0.018737614
6648,6649,1.5257034,0.53355587,0.0028783977,0.0058262795
6648,3720,79.50972,0.53290546,0.2086143,0.40638018
6649,6650,0.7624855,0.5237202,0.0017707869,0.004235193
6649,6483,12.956303,0.54184693,0.028200164,0.055633165
6650,6651,1.2284431,0.53506774,0.0028216317,0.0059218854
6650,2471,116.10308,0.5339108,0.24739769,0.47971445
6651,6648,0.69108963,0.28848326,0.0015845075,0.0026929975
6651,525,22.859352,0.5370404,0.05104798,0.09763705
6652,4421,2.8676414,0.7188259,0.0036203861,0.008036107
6652,1410,42.160458,0.7246121,0.09605172,0.19047426
6653,3652,3.0418434,0.7162139,0.0045545697,0.0096346885
6653,5088,26.528301,0.7153889,0.059892286,0.1156037
6654,4821,7.3770103,0.69840133,0.014841892,0.030003741
6654,6715,35.73368,0.6996541,0.06930515,0.13492112
6654,3591,65.50598,0.70014894,0.15519874,0.309776
6655,6654,2.5276527,0.69847614,0.0062640235,0.012598589
6655,504,22.07911,0.6994779,0.045297336,0.08808594
6656,3,45.01221,0.69536316,0.0929068,0.18224248
6656,4846,6.0651283,0.6975442,0.006957151,0.014716521
6657,583,87.5913,0.5515896,0.16841684,0.3300537
6657,3564,82.06233,0.55822295,0.17581329,0.34225154
6657,1825,27.858826,0.55147743,0.06061338,0.11656774
6657,1220,23.84812,0.5591032,0.052084856,0.0993636
6658,6138,3.460968,0.6886736,0.0054789037,0.01079157
6658,3374,36.317337,0.7028543,0.069558345,0.13422452
6659,3926,2.9353218,0.6965679,0.0033861846,0.007695347
6659,3796,4.6937027,0.70199525,0.0064402297,0.013856709
6660,6160,2.6293488,0.71453273,0.0015645623,0.004164025
6660,6159,30.537176,0.71995986,0.062990025,0.12092887
6661,6662,1.9910355,0.68088424,0.0035780594,0.008287579
6662,70,101.4199,0.6853467,0.2075182,0.4099992
6662,5023,39.34345,0.68087983,0.081555024,0.16053894
6663,210,22.504318,0.67079926,0.04572822,0.08795647
6663,1018,28.83829,0.6754095,0.070677735,0.14025334
6664,209,1.8968163,0.6685417,0.0049239025,0.011016473
6664,3006,10.246265,0.66752017,0.021192238,0.042253762
6665,2755,2.0447922,0.6718942,0.0038970485,0.0076126456
6665,6436,1.8553658,0.67021567,0.005244732,0.01076813
6666,6667,1.1834526,0.65273917,0.0035311058,0.0071160793
6666,3005,46.806835,0.67156607,0.10950949,0.21712619
6667,6668,2.0753288,0.66591704,0.005436234,0.011411399
6667,6428,56.97942,0.6695477,0.13703154,0.2734334
6668,6669,1.3837776,0.66384804,0.003704816,0.008288056
6668,5217,22.13159,0.667698,0.052309725,0.10081272
6669,6666,2.1274376,0.67132056,0.0056234375,0.012179911
6669,6902,37.140114,0.66886425,0.08718826,0.17177045
6670,4150,13.112785,0.682634,0.025970608,0.050694615
6670,6671,1.6992264,0.6808107,0.0030633137,0.007002324
6671,6670,1.8229141,0.6783705,0.0031718388,0.007238701
6671,6941,90.70305,0.6870501,0.18431546,0.36697748
6671,1082,69.106,0.68482983,0.13786075,0.276243
6672,6673,2.1862297,0.7297195,0.0017905086,0.0041680634
6672,5350,2.3099442,0.72614163,0.0014662072,0.0035851449
6673,6672,2.1776924,0.7293102,0.0017790571,0.0040895045
6673,5663,22.505548,0.7284864,0.043450497,0.08477185
6674,1923,0.0,0.6066345,0.00969246,0.019656152
6675,4726,0.426239,0.12177971,0.0038577095,0.007165
6675,2314,3.8230934,0.6913886,0.005825512,0.012142867
6676,2446,1.7703247,0.33672208,0.0038774163,0.0072406083
6677,166,19.30953,0.67336106,0.040477235,0.07840321
6679,3098,60.94265,0.7242474,0.11075242,0.2199238
6679,6680,4.8591156,0.7304764,0.0069232956,0.014681339
6680,5017,81.6175,0.7310482,0.1463618,0.2920479
6681,1229,1.6064377,0.5754141,0.0020565018,0.0048299283
6681,1258,61.447372,0.56795704,0.11786294,0.23161319
6681,4350,12.578066,0.5740643,0.02741304,0.05369158
6682,4350,65.18118,0.5580036,0.1367718,0.26845744
6682,3297,12.434319,0.55760676,0.026986353,0.05335249
6683,4530,1.9514999,0.6763707,0.0029623732,0.0063583404
6683,3052,57.173916,0.6791377,0.105598345,0.21015352
6683,4528,21.370922,0.67695117,0.044656668,0.08601199
6684,4947,2.2840996,0.6484958,0.0037027523,0.008292109
6684,6951,8.758938,0.64850813,0.018034138,0.03571114
6684,622,2.748783,0.64742273,0.0053977,0.011550531
6685,6686,2.69553,0.6826698,0.0047357753,0.008884549
6685,4016,19.407682,0.6814466,0.049234387,0.09585723
6686,6606,0.11051941,0.257775,0.0025547296,0.0050828457
6686,3071,51.921776,0.6895966,0.10440256,0.2037112
6687,6582,1.9064369,0.66647255,0.0016320869,0.0047414154
6687,6676,11.0814,0.6698947,0.021853372,0.04325165
6688,2407,0.98272705,0.56041723,0.0034469515,0.007946238
6689,6688,0.95812225,0.557779,0.0034209117,0.0072412193
6690,6691,2.9464035,0.6733266,0.0023748577,0.0060299486
6690,3782,36.9652,0.67082953,0.07594549,0.15011697
6691,6690,2.9698257,0.6712073,0.0022866726,0.0057037324
6691,6748,24.017746,0.67543083,0.051610075,0.0988148
6692,6693,3.1452522,0.7146549,0.0025420114,0.006114453
6692,7037,18.453764,0.71474904,0.036910027,0.07206969
6693,6692,3.4483452,0.71579075,0.0032807514,0.007643819
6693,3493,9.141525,0.715536,0.01728896,0.03458762
6694,6695,5.0209656,0.67670524,0.009320594,0.018898651
6694,6695,4.725651,0.67592853,0.007208124,0.014910236
6694,2848,203.61903,0.6750083,0.36718422,0.7240897
6695,3433,121.52464,0.6794195,0.22138375,0.43926084
6695,6694,4.6359253,0.67816323,0.008612625,0.017607942
6695,6694,4.3530235,0.675611,0.006409742,0.013433203
6696,1647,6.723961,0.6727376,0.011754647,0.02389659
6697,5481,1.7937927,0.6392368,0.002579458,0.006400451
6697,6135,1.8009415,0.6575251,0.0035874397,0.00819546
6698,6697,1.8872604,0.6610246,0.0028056875,0.006581053
6698,3752,112.27949,0.65933824,0.22616357,0.44536865
6699,6202,1.1184807,0.052118957,0.008102313,0.016095608
6700,6701,1.577671,0.60084534,0.0032327846,0.007399708
6700,5245,30.851192,0.6009078,0.06693041,0.12984753
6701,6702,1.6874275,0.59628373,0.0039135516,0.007971615
6701,3563,106.41622,0.61068016,0.2235826,0.43798804
6702,6703,1.5298729,0.60303843,0.0027831122,0.0060287714
6702,3702,71.55847,0.60393786,0.15204114,0.29848477
6703,6700,1.2763176,0.60160506,0.002465248,0.005584851
6703,1218,30.99551,0.59667295,0.06508621,0.12494992
6704,6705,0.7707176,0.47233534,0.0022081956,0.0045592934
6704,2205,57.711662,0.6068022,0.119828284,0.2349713
6705,6706,1.31316,0.6088856,0.002700299,0.0063479245
6705,920,27.294218,0.6167297,0.060381565,0.11622641
6706,6704,1.9088326,0.6107029,0.0036213696,0.00789848
6706,3802,32.49293,0.6135191,0.07023559,0.13646948
6707,6227,2.0589905,0.6863896,0.0034361854,0.00758788
6707,6646,32.873383,0.6875767,0.076812305,0.15126857
6708,6709,2.0860596,0.6883424,0.0033408254,0.0071051717
6708,1113,46.785233,0.69189066,0.08784546,0.1731204
6708,6707,50.229282,0.6891233,0.11570594,0.22932039
6709,6708,1.9360466,0.6886787,0.0030521303,0.006842762
6709,4754,46.971012,0.6941348,0.10975933,0.21759641
6710,3382,1.755333,0.69962484,0.0043063313,0.009141177
6710,5715,3.5414162,0.6951674,0.006416701,0.013736561
6711,5173,2.5838966,0.68984705,0.0046101063,0.01019825
6711,2311,176.48265,0.6948904,0.3186502,0.6315903
6711,1104,11.395695,0.6957022,0.025142245,0.0494394
6712,6713,2.4016266,0.6154866,0.0039140284,0.008224428
6712,1664,66.55531,0.60865706,0.12605889,0.24972525
6712,1712,29.542095,0.62551713,0.06290959,0.12167469
6713,6712,2.2746353,0.6167835,0.003743887,0.008042961
6713,236,47.080654,0.6188638,0.0976449,0.18884064
6714,5508,19.79802,0.7134054,0.04486022,0.08774531
6714,5508,24.417812,0.71229535,0.048400655,0.09443317
6715,4751,2.1263313,0.6963945,0.002870217,0.006903246
6715,6716,2.2768288,0.6975033,0.002691701,0.0061242282
6716,6659,37.801445,0.69753635,0.0906788,0.17805763
6717,6718,2.2712631,0.65785074,0.006150931,0.013031736
6718,6717,2.4991875,0.6624368,0.006066613,0.013058066
6718,775,11.927483,0.65656674,0.031477407,0.061433524
6719,6778,1.9896164,0.66591096,0.0037072524,0.008454621
6720,959,34.396385,0.66836184,0.06450467,0.12148854
6720,970,41.89357,0.6641348,0.10041866,0.20005709
6721,1336,11.9225025,0.71348006,0.023775056,0.046398252
6721,1334,23.700777,0.7120488,0.049877625,0.09587469
6722,1334,1.9432983,0.7081829,0.0032844096,0.007023722
6722,6721,23.4373,0.7120248,0.049183644,0.09512486
6723,6314,1.5945511,0.6657356,0.0027626157,0.0060283393
6723,6377,1.2382774,0.67219174,0.0035022646,0.0077401847
6724,6723,1.8139305,0.66324484,0.003276065,0.0072999448
6724,6378,1.9298973,0.67384404,0.0053076446,0.011454895
6725,4977,1.9813309,0.6639791,0.0048602447,0.00852488
6725,731,199.51103,0.15378356,1.5312514,3.1319168
6726,586,1.7349701,0.65542907,0.002522871,0.005869597
6726,2812,281.21814,0.6455754,0.55677134,1.0940176
6727,5546,3.604004,0.67390084,0.006881699,0.013651699
6727,65,1.3142586,0.40843186,0.0010271221,0.0013595223
6727,5024,3.9030457,0.69835436,0.0075182617,0.015518039
6728,1772,3.0775757,0.6686831,0.0075545236,0.015502214
6728,5724,1.8645058,0.6696042,0.005215019,0.011285469
6729,2479,33.832386,0.5355436,0.06742186,0.1316147
6729,3523,67.94433,0.5179079,0.1309282,0.25594902
6730,5028,1.6158524,0.49025005,0.0047813505,0.009680137
6730,1952,24.563017,0.48270187,0.053729456,0.10244899
6731,6732,2.4561882,0.6759623,0.0063348114,0.01382938
6731,6856,167.23495,0.6703165,0.33704692,0.6634296
6732,740,100.99461,0.6724444,0.18484613,0.36710843
6733,4418,0.8333893,0.40112475,0.003802605,0.0037142187
6733,2664,40.209057,0.6656131,0.09651703,0.19152132
6734,6733,1.0805206,0.6639382,0.0036959797,0.007759437
6734,6101,16.079182,0.4148029,0.040809836,0.074344955
6735,3407,2.7501106,0.653953,0.007125534,0.01508446
6735,6912,7.2785263,0.65263665,0.016626708,0.03274195
6736,2366,4.632679,0.65775406,0.008242279,0.017045215
6736,6099,46.33701,0.6566603,0.09409193,0.18698844
6737,219,1.9609566,0.71001613,0.0027458817,0.006021276
6737,218,87.1814,0.70800674,0.15808913,0.31618932
6737,4576,39.41181,0.70952845,0.079854906,0.1563434
6738,3698,1.8538971,0.48244393,0.0031434298,0.0065143406
6738,3693,5.7777557,0.4829232,0.014368199,0.028310224
6739,2547,4.4690933,0.48294938,0.008850738,0.01748316
6739,6738,2.6703148,0.48326048,0.0075983554,0.015336961
6740,6739,1.9385223,0.483165,0.0031901002,0.0067279786
6740,7076,82.2957,0.4976567,0.21780351,0.42332602
6741,3072,50.476833,0.68853664,0.10079711,0.19946174
6741,1275,31.480465,0.68371606,0.06297934,0.12032295
6742,6723,1.7619781,0.66603947,0.004455261,0.009671941
6742,6378,2.01128,0.6687446,0.0027437583,0.0063773096
6743,6744,1.8504181,0.67322516,0.0032922179,0.007547915
6743,7008,1.7877502,0.67303836,0.00328248,0.007450059
6743,6956,45.720257,0.6747633,0.106224194,0.21053353
6744,6743,1.99329,0.672946,0.0035813004,0.007913619
6744,652,13.776506,0.67215157,0.0305117,0.059941582
6745,6748,1.6637001,0.6739223,0.0032465607,0.006944075
6745,6690,24.307522,0.6735127,0.051303655,0.09948688
6746,6745,2.0464745,0.6682565,0.0035949647,0.008033857
6747,6746,2.06847,0.6734078,0.003962755,0.008470878
6747,7008,13.381872,0.67612433,0.028310843,0.055498064
6748,6747,1.644165,0.66617244,0.003500864,0.007509649
6748,6749,39.74299,0.6751396,0.08196379,0.16249415
6749,6752,1.9569397,0.66760004,0.0041796416,0.008758187
6749,3792,49.373558,0.6717437,0.103971414,0.20667166
6750,6749,1.7426147,0.66414297,0.0036396757,0.0077237785
6750,6747,39.846207,0.668728,0.082525656,0.16314238
6751,6750,1.8883934,0.66193134,0.00396958,0.0088587105
6751,6953,41.486588,0.6762972,0.08480055,0.16866556
6752,6751,1.6031914,0.668571,0.003392607,0.007456526
6752,739,61.7493,0.6658324,0.12880051,0.25606287
6753,724,2.6148682,0.6634719,0.0018075779,0.005084738
6753,6726,7.543667,0.6603817,0.015660293,0.0315208
6754,4656,3.0393333,0.6954401,0.006080717,0.01271306
6755,20,2.698288,0.63977575,0.0042650253,0.009190157
6755,6183,66.192375,0.6498863,0.13474779,0.26703006
6756,20,0.7210045,0.27877808,0.0005810484,0.00061558187
6756,2607,2.4830513,0.65276307,0.0045984164,0.010425702
6757,6176,1.2979431,0.70437974,0.0023970306,0.0058344156
6757,6186,69.18975,0.7302586,0.12419924,0.2466402
6758,6759,1.5581894,0.7309112,0.0022560805,0.005690247
6758,6759,1.8755951,0.73169255,0.0028595105,0.006911561
6759,6757,1.6928024,0.7298658,0.0033823475,0.0076671243
6759,3683,5.0615463,0.73547375,0.009873562,0.019991413
6760,3073,1.9102364,0.68362945,0.0029264241,0.0064024776
6760,6761,2.6749077,0.6842705,0.0052982047,0.0114599615
6760,3067,173.02945,0.68342966,0.31263798,0.61843544
6761,3162,1.605526,0.68697035,0.0026565567,0.0060877353
6761,5603,26.052254,0.68985647,0.05494092,0.10635334
6762,1489,3.4763565,0.66201884,0.0068850443,0.014335632
6762,6763,3.3769035,0.65657526,0.0064714327,0.013843074
6763,1006,55.34388,0.66640526,0.11344656,0.2257291
6764,2146,6.4216423,0.65925467,0.013125867,0.026039764
6764,171,18.299604,0.6620296,0.038907234,0.07499485
6765,1289,29.69635,0.6792604,0.057945553,0.11214675
6766,6957,1.6760368,0.7343924,0.00402382,0.008456111
6766,3928,3.1695442,0.73520255,0.009742312,0.018700197
6767,3929,1.6039772,0.56032276,0.002434373,0.006148517
6767,5573,150.71284,0.6221233,0.27914134,0.5498867
6767,6769,64.38925,0.6325175,0.114544064,0.22458398
6768,1377,60.86946,0.62358165,0.114012346,0.22546208
6768,6767,106.781425,0.6283969,0.19706722,0.39008936
6769,23,0.0,0.0431571,0.0031972826,0.005949065
6770,3934,74.90793,0.62233657,0.13963589,0.2756889
6770,3933,26.613924,0.0133577585,0.13610798,0.28777838
6771,553,3.612564,0.635723,0.0074135438,0.015171483
6771,6773,3.349186,0.63560534,0.0061441436,0.01273559
6771,6772,2.6289406,0.6360382,0.0054508895,0.011532322
6772,1110,135.52046,0.6394759,0.27460828,0.5421185
6772,6771,2.956726,0.63514274,0.005719736,0.012056425
6773,1126,2.2094765,0.63679916,0.003840901,0.008538738
6773,6772,3.326004,0.63772076,0.006081015,0.012836665
6774,2355,44.643635,0.6086047,0.086808965,0.16749491
6774,2353,6.557644,0.6038691,0.011429772,0.022745982
6775,7001,97.99022,0.62253165,0.20193386,0.3993029
6775,6613,84.55606,0.62472975,0.17716584,0.3500052
6776,6777,1.3942833,0.6255645,0.003961578,0.008763611
6776,4586,49.306515,0.64149415,0.09461495,0.18574087
6777,6776,1.3156471,0.6213586,0.00390511,0.008822322
6777,4105,31.48691,0.6327558,0.0957834,0.18854797
6778,5235,1.5734177,0.6652027,0.0020325035,0.0050261617
6778,3418,1.2615738,0.65444225,0.003415838,0.007821143
6779,5830,176.16634,0.65656054,0.4594996,0.909214
6779,816,5.3747406,0.6669712,0.0123441,0.024566308
6780,1485,0.13791656,0.2366234,0.0,0.0
6780,6781,30.923597,0.5810022,0.06920729,0.1334152
6781,6780,30.02272,0.58541363,0.06772182,0.13314366
6781,1491,10.084137,0.5750235,0.021323562,0.042421803
6782,6783,2.0549698,0.6705909,0.005800694,0.012489185
6782,5850,146.23663,0.665916,0.26739356,0.527741
6783,2439,100.32597,0.6753286,0.26542503,0.5281203
6784,5219,55.991093,0.6771006,0.10060673,0.1983524
6785,282,18.859625,0.6820486,0.037673805,0.072860315
6785,6846,3.7854767,0.6841303,0.0063377023,0.013571009
6786,5784,127.06792,0.65564144,0.2540472,0.5029711
6786,612,9.668976,0.65819,0.018766947,0.03741218
6786,3867,200.8723,0.65623516,0.39933604,0.78680074
6787,4531,1.9757042,0.68255544,0.0030707195,0.006460324
6787,2401,3.5818596,0.68284875,0.007174827,0.014593124
6788,2461,75.13589,0.6670149,0.15016046,0.2990744
6788,75,53.9953,0.6638474,0.11011014,0.21738929
6789,75,1.9538536,0.66172445,0.0028318167,0.0061224997
6789,2083,80.68797,0.66520965,0.14823714,0.29567572
6789,6788,52.05477,0.6660168,0.10541459,0.20831877
6790,3324,1.9828453,0.7080521,0.0028817356,0.0065758973
6790,2074,5.505123,0.7095032,0.010199711,0.020177156
6791,575,61.479546,0.5744186,0.11776533,0.23194405
6791,1250,65.12315,0.5826279,0.12420743,0.24505977
6791,1840,19.212212,0.5836309,0.039386,0.07618129
6792,2196,1.9053879,0.6889591,0.0031758845,0.0068085045
6792,6793,1.8088837,0.68738127,0.0033879057,0.0076816976
6793,3380,1.815628,0.6886461,0.003628865,0.008223906
6793,6459,34.83691,0.69176507,0.07308672,0.14186935
6794,6792,3.0040627,0.68315256,0.005697742,0.011728868
6795,804,42.360577,0.67581564,0.09761672,0.19204481
6795,6370,2.3428574,0.6706923,0.0043581277,0.009620294
6796,3976,1.5355186,0.5472891,0.0032052696,0.0064462125
6796,6380,2.5181503,0.55277646,0.004031986,0.008228362
6797,6798,0.94561005,0.5774545,0.0032943636,0.0068494678
6797,2714,60.159096,0.5845268,0.19232138,0.37876725
6798,6797,1.1030045,0.58094317,0.0033614933,0.0072036088
6798,2713,73.1649,0.58754975,0.18637864,0.36602122
6799,5081,1.6559906,0.6915623,0.0031988472,0.0072612315
6799,2736,1.7149391,0.6916285,0.0032747462,0.007246539
6800,591,2.5214653,0.6552042,0.0040014684,0.00864768
6800,590,54.2098,0.6562761,0.10124701,0.200382
6800,6801,2.4873962,0.65223926,0.0037736297,0.008058786
6801,591,2.5601234,0.656063,0.0049809963,0.010267377
6801,6800,2.647892,0.65838623,0.0043111593,0.008996084
6802,6804,0.25786972,0.21852556,0.0033496097,0.0070602447
6802,3404,46.487255,0.6966524,0.10730678,0.21144348
6803,6802,2.6494713,0.6960028,0.006637536,0.01371415
6803,391,18.047108,0.17869636,0.054601554,0.10997602
6804,6805,2.019741,0.6884933,0.0050223917,0.0099990815
6805,6803,0.86419296,0.26232764,0.003923893,0.009157509
6805,3079,30.245548,0.6949772,0.06926687,0.13358219
6806,322,116.741875,0.74475765,0.2106919,0.41878203
6806,6807,3.0327606,0.7426299,0.004866749,0.010226905
6807,6808,2.264473,0.74401987,0.0036778674,0.007931709
6807,4162,38.783592,0.7496017,0.07456915,0.14703082
6808,6810,2.2346458,0.74140763,0.0039724186,0.008370414
6809,6807,1.7567635,0.73687285,0.0042333603,0.009100959
6809,6806,3.160946,0.74091923,0.0054340214,0.011348739
6810,6809,2.3025627,0.73889613,0.0038899705,0.007628441
6810,3795,23.959064,0.7449955,0.048931744,0.095029235
6811,6812,1.7592735,0.57510245,0.0017153248,0.004351005
6811,515,2.0584183,0.5747866,0.0057818517,0.011706084
6812,6811,1.7452583,0.5745852,0.0016544834,0.00442186
6812,5374,32.131344,0.59372604,0.07794455,0.15212026
6813,363,55.447792,0.6693353,0.10504372,0.20677781
6813,3335,53.706303,0.6549171,0.101884276,0.19999766
6814,2562,15.206675,0.4680068,0.033051133,0.06383462
6814,2549,64.27766,0.46632338,0.12926242,0.2502988
6815,6540,75.47504,0.4556789,0.24795645,0.39629036
6816,6740,1.3614998,0.4816004,0.0022410452,0.004751891
6816,6836,3.5549126,0.47685373,0.006707765,0.013613477
6816,560,107.48542,0.49880773,0.21641281,0.42091802
6817,4348,5.4505424,0.6719022,0.010435216,0.020739928
6817,1092,2.190277,0.6742967,0.0040601715,0.00909178
6818,1093,28.629452,0.6763203,0.061133467,0.11731897
6818,6817,1.8713837,0.6738743,0.0030416548,0.006735906
6819,3227,11.775974,0.66391766,0.02444297,0.048035994
6819,2991,8.651306,0.66618985,0.017277047,0.034284845
6820,1630,0.0,0.089288354,0.0016575605,0.0048615634
6820,6259,39.40012,0.45170456,0.09997441,0.15599981
6821,6822,1.714489,0.5699563,0.0025165752,0.0055348724
6822,6823,8.925724,0.56731015,0.016408823,0.03283742
6822,1851,54.847343,0.5586244,0.10673013,0.20763414
6823,2518,1.7687988,0.56769603,0.0024904758,0.0054027885
6823,1856,57.835304,0.5609935,0.11222054,0.22038673
6824,6825,1.2806053,0.6646708,0.0035850331,0.0075269938
6824,5654,3.2653809,0.6651801,0.012101106,0.02407743
6825,6824,1.2434464,0.6588267,0.0034969673,0.007903695
6825,1097,11.977058,0.6652195,0.023700267,0.046529382
6826,5357,2.9058228,0.6577217,0.005096592,0.010722637
6826,4178,426.016,0.65973634,0.77031356,1.5226723
6826,4165,3.0983696,0.66203934,0.005452372,0.011434063
6827,6828,1.1899033,0.49720252,0.0042525902,0.0088703185
6827,5997,52.85909,0.5027193,0.10698912,0.20877598
6828,6827,1.0873108,0.49481612,0.003893137,0.008253112
6828,5998,39.171913,0.49951905,0.1078262,0.21084982
6829,6830,1.5346565,0.49500778,0.004948236,0.010351032
6829,5899,3.3758354,0.494747,0.011661932,0.023493052
6830,6829,1.3789787,0.49944425,0.0045039877,0.009307995
6830,5898,8.631371,0.49226636,0.0181074,0.035702378
6831,4277,2.0619278,0.65354764,0.003976345,0.008645296
6831,4852,102.40973,0.65033525,0.21138138,0.41790316
6832,6833,3.1052666,0.6708596,0.0026564822,0.006761074
6832,4315,31.247253,0.6755688,0.066079155,0.12715726
6833,6832,2.8868713,0.67570674,0.0022311881,0.00563477
6833,4517,3.1435242,0.6783085,0.00624454,0.012972489
6834,2308,1.5925598,0.5112676,0.0021671876,0.004481688
6834,2307,12.775972,0.5098802,0.026777484,0.052245185
6834,2587,50.8932,0.53034043,0.099030994,0.1949959
6835,2547,5.4602165,0.4785563,0.009895027,0.019592032
6835,6738,3.867794,0.48226663,0.0075862035,0.014805391
6836,2554,3.7001,0.4794378,0.0074094236,0.0145380795
6836,6816,3.5192947,0.47554213,0.006500542,0.013154522
6837,5266,36.04783,0.525778,0.071905926,0.14004862
6837,6839,10.89156,0.5267442,0.022826321,0.044923663
6838,1508,2.3402557,0.5278852,0.0029415041,0.006529033
6838,5267,10.675898,0.5262386,0.022271894,0.043453068
6839,6838,12.264797,0.52995783,0.025606245,0.05034733
6839,1506,255.60156,0.5236085,0.5046726,0.9845554
6840,4701,1.6572914,0.50803876,0.0031452477,0.006828934
6840,2997,13.931583,0.51149535,0.030663773,0.059567973
6841,6476,29.83186,0.49847457,0.06625296,0.12679924
6841,6842,1.7489014,0.50848585,0.0036371723,0.007925421
6842,522,1.5370903,0.50457335,0.003439635,0.0074949265
6842,6843,5.330452,0.5063009,0.004857406,0.010469511
6843,521,55.457756,0.5038426,0.1219756,0.23681383
6844,4200,131.72635,0.6651675,0.2665007,0.5246218
6845,102,1.839592,0.6549656,0.0033172518,0.0074090213
6845,6944,52.513603,0.6558432,0.106647566,0.2112871
6846,6847,0.58498764,0.088906735,0.0016744733,0.0029261261
6846,6785,3.900528,0.68352866,0.007408224,0.015487239
6847,6846,0.6717262,0.082470655,0.0022528097,0.0042726547
6847,4087,39.570065,0.6794823,0.08030988,0.1561114
6847,5003,1.9441414,0.6722459,0.0037664324,0.0077919215
6848,3018,166.10596,0.643031,0.30814007,0.6072102
6848,6849,3.4145164,0.6533635,0.0058366954,0.012664646
6849,3019,1.7420578,0.64852554,0.0022314712,0.0052477866
6849,3023,13.449236,0.6516868,0.027170435,0.053448245
6850,6205,0.06902695,0.0439896,0.0059997216,0.012972787
6850,4710,1.1023254,0.4395092,0.0061944053,0.0033870786
6851,6852,2.4790764,0.7571868,0.0046467483,0.00819625
6851,6850,0.0,0.43639156,0.0031441897,0.0
6851,2572,16.725983,0.06291634,0.070533425,0.14777702
6852,4320,82.87237,0.7545664,0.16448501,0.32869756
6853,1951,19.297287,0.639248,0.052161142,0.10196376
6854,4339,1.47575,0.6527374,0.0030282885,0.006715223
6854,6497,67.03588,0.6509656,0.1370143,0.273089
6855,620,71.457436,0.65123415,0.14231971,0.28358996
6855,6854,14.048334,0.6511835,0.029497974,0.057578884
6856,5743,89.583046,0.67004263,0.1749263,0.34530348
6856,807,2.1972885,0.66890883,0.0060803145,0.012868255
6857,72,1.8948708,0.6851793,0.005061522,0.0110078305
6858,6243,4.808777,0.6934087,0.009937994,0.020232573
6858,993,2.3256264,0.6907287,0.004951045,0.010551035
6859,6947,1.7275734,0.67881095,0.0031306595,0.0066931546
6859,6862,4.44429,0.68116534,0.008517727,0.017676264
6860,6859,2.5782738,0.67453265,0.0048876703,0.010259122
6861,6860,2.715229,0.6779053,0.0049428046,0.010697395
6861,5123,40.92121,0.6788747,0.08327633,0.16223963
6862,5096,23.802528,0.683479,0.050303172,0.096741594
6862,6947,4.1128426,0.6819942,0.008130841,0.016668782
6863,6443,95.78973,0.6776968,0.19091125,0.37958768
6863,6948,6.332535,0.68177515,0.012638621,0.025447592
6864,6865,1.6508064,0.66318566,0.0033402294,0.007576585
6864,6867,6.9257317,0.6784053,0.014088832,0.028377518
6865,813,22.249079,0.68100786,0.04797869,0.09354781
6865,4532,1.9724045,0.6768251,0.0036948994,0.008088052
6866,6864,1.8143501,0.6798659,0.0034760162,0.0073586404
6866,894,77.59779,0.67740715,0.15697047,0.3118365
6867,1289,2.4746284,0.6742636,0.004336357,0.009392992
6867,6865,7.2270813,0.6757238,0.01475355,0.029731527
6868,5798,2.3082771,0.6570585,0.0049206167,0.010499105
6868,5624,137.65361,0.6662466,0.25456104,0.50487906
6869,3065,26.003233,0.6521949,0.05543,0.10657254
6869,4341,16.408297,0.64698625,0.035117738,0.06840922
6870,4796,59.035362,0.7411734,0.13423714,0.26697284
6870,6871,7.7448997,0.737807,0.016596287,0.032315552
6871,4794,54.004612,0.7323247,0.12002042,0.23676276
6871,6870,7.9622383,0.73667854,0.017057076,0.033174872
6872,6873,1.9552193,0.5663622,0.0023973137,0.005825117
6872,2627,15.158936,0.5653203,0.032738462,0.06409875
6873,6872,2.2579346,0.56865543,0.0027881414,0.0064715296
6873,2287,73.581604,0.59050566,0.18804516,0.36947367
6874,1642,6.551098,0.68939626,0.013761751,0.027658403
6874,982,18.99598,0.6907658,0.043975107,0.085854016
6875,5246,138.53578,0.600271,0.28288424,0.5533669
6875,6876,1.8268661,0.61746234,0.005337231,0.011749342
6876,5803,37.496037,0.6188297,0.07246681,0.14095233
6877,5344,0.5527191,0.23225194,0.0027475804,0.0050818175
6878,5719,27.461432,0.52206737,0.068200335,0.1295488
6879,3281,148.67812,0.6602409,0.29880467,0.58910483
6879,6880,18.221354,0.66225374,0.024929568,0.049604446
6880,3950,13.173616,0.6612599,0.027693816,0.054436274
6880,6879,18.932487,0.66024315,0.025835477,0.051135287
6881,6882,1.7897568,0.685111,0.004406512,0.009518996
6881,3234,81.298004,0.68909913,0.1484717,0.29699317
6882,6890,2.5643272,0.6892803,0.0050088987,0.011058077
6882,6634,2.589016,0.69069976,0.0064857155,0.013878122
6883,6884,1.2518806,0.6445502,0.0026498958,0.0057986975
6883,6609,9.841408,0.64478356,0.019805476,0.039465994
6884,4847,1.2127724,0.64241636,0.001996614,0.0046281815
6884,922,34.052055,0.64942926,0.075268045,0.14699525
6885,6883,1.0129623,0.6463332,0.0015113801,0.0042808354
6885,6886,3.2016602,0.6513197,0.006858617,0.014246702
6886,942,56.117043,0.64940125,0.11285797,0.22578001
6886,6883,3.6319885,0.6484623,0.0071171224,0.014969572
6887,933,75.0997,0.63429034,0.14166018,0.28109255
6887,1361,82.71794,0.6351382,0.15546371,0.3068416
6888,3247,50.46447,0.74948347,0.078249134,0.15097499
6889,2145,3.3724213,0.69579023,0.003569059,0.007965207
6889,5652,41.961273,0.6970681,0.08428067,0.16559121
6890,2314,2.80896,0.69009674,0.0053664967,0.011943042
6890,4726,1.7481651,0.687985,0.004506603,0.009071991
6891,5225,1.2196693,0.55801725,0.0008929074,0.0026560128
6891,4352,63.019615,0.5868603,0.15778023,0.30917805
6892,2511,49.242393,0.58898187,0.09428466,0.18453757
6892,2031,4.3757935,0.5896534,0.007846057,0.01623343
6893,2512,13.737263,0.59069437,0.02815073,0.05499717
6893,6892,9.935009,0.5915281,0.020387031,0.040298387
6894,1587,64.90995,0.61893755,0.12303682,0.24327043
6894,1588,115.665375,0.61906433,0.21580729,0.42467374
6894,3551,176.3797,0.61576146,0.32889625,0.6469569
6895,3630,3.2597961,0.7123139,0.0060182065,0.011187345
6895,7055,58.95079,0.027326763,0.25750005,0.5581238
6896,6998,40.14643,0.71794754,0.0824422,0.16134882
6896,6962,69.549774,0.72510064,0.13737397,0.27495393
6897,4069,3.6130486,0.6792609,0.0065658614,0.014241815
6897,1194,108.616425,0.67504853,0.21439807,0.4247951
6898,6899,1.7314873,0.6755596,0.0038907677,0.008400515
6898,3373,22.151596,0.6823904,0.047260877,0.09105796
6898,3113,18.488668,0.67900455,0.038940318,0.075355224
6899,128,2.0646858,0.68013656,0.004114561,0.009123176
6899,6898,1.8395233,0.6727448,0.0039050654,0.008165613
6900,3114,2.4937096,0.67748255,0.004101962,0.008944795
6900,6901,4.2721024,0.67540824,0.006161906,0.0133072585
6901,3373,29.571672,0.6828866,0.058441363,0.11299405
6902,6665,0.9891205,0.2276226,0.0033837482,0.0064445436
6902,2675,46.498577,0.6688128,0.09623184,0.19060293
6903,6902,2.368805,0.6665884,0.004833713,0.010042414
6903,6666,36.299744,0.6664089,0.088049576,0.17235821
6904,6903,2.140934,0.65377456,0.004323311,0.008799717
6905,6906,1.2665176,0.68155247,0.0043653697,0.009561926
6905,5986,44.073997,0.68283296,0.13317469,0.26534832
6906,876,10.534231,0.68044937,0.024768196,0.048911378
6907,4145,0.47079086,0.15477946,0.0020703673,0.0039701164
6908,6909,0.18724823,0.27731866,0.0011071637,0.0024449825
6909,2295,1.7333946,0.68665695,0.0036301538,0.007409349
6909,2791,124.81099,0.6929057,0.25488308,0.5034236
6910,1031,33.48793,0.6520096,0.08504111,0.16642615
6910,2881,61.02928,0.40631393,0.13087806,0.24314016
6911,4144,0.0,0.22336498,0.00049280375,0.0008587241
6912,1272,1.8955765,0.65537095,0.0049598813,0.010641277
6913,1893,1.5743637,0.5121711,0.0026509985,0.006484464
6913,4845,2.5372849,0.5131839,0.009265661,0.018802658
6914,1510,3.2318306,0.56976956,0.0063312724,0.013041481
6914,6915,3.4520721,0.5706636,0.006659083,0.013834491
6915,579,139.24896,0.5488996,0.26741403,0.5229613
6915,6914,3.1679802,0.56719023,0.00571578,0.012118176
6916,4800,25.916077,0.6785816,0.059856553,0.1158123
6916,6917,22.370108,0.6739195,0.045329396,0.08748131
6917,2067,113.84687,0.64816713,0.20723465,0.41014296
6917,4798,123.73174,0.6853056,0.22364897,0.44341058
6917,6916,22.22089,0.672937,0.044719987,0.08637971
6918,1184,2.165657,0.6780475,0.003128156,0.0066749305
6918,454,31.673428,0.68032116,0.0631229,0.12055023
6918,6443,6.0711365,0.67965174,0.012079798,0.024483144
6919,6876,22.992125,0.6190349,0.046903793,0.09012638
6919,6920,2.1778831,0.61504424,0.005626291,0.01200524
6920,6875,17.12927,0.6142281,0.036330845,0.0707366
6921,7006,0.23727798,0.041218787,0.0016515255,0.003315717
6922,3478,29.012928,0.6966471,0.061253473,0.117453665
6922,6316,3.259121,0.67633927,0.0054875165,0.012046859
6923,1089,8.604431,0.6733676,0.017748535,0.03510563
6923,3584,2.032753,0.672503,0.0038604885,0.008371711
6924,1177,188.2105,0.61454046,0.35273567,0.6942543
6925,6926,1.96941,0.3616982,0.003620401,0.007284969
6925,5945,28.76236,0.35891896,0.06731452,0.12679368
6926,6928,1.8296928,0.36043423,0.004451424,0.008774817
6926,1970,3.4770012,0.35725537,0.00729879,0.014052808
6927,6925,2.143242,0.35494626,0.005107805,0.009510681
6928,6927,1.8648796,0.36180323,0.0036447719,0.0071011335
6928,5950,2.124527,0.36037856,0.005679302,0.010990903
6929,4873,2.649109,0.39011618,0.002781339,0.0057234913
6929,4748,16.172663,0.40085977,0.03687931,0.07112917
6930,6938,1.6967621,0.7445867,0.0025195852,0.005581811
6931,6932,2.3627434,0.59081733,0.0033895746,0.0072767437
6931,6932,71.05768,0.5869258,0.13458663,0.2643748
6931,6934,1.4459953,0.5886608,0.0014753416,0.0033917874
6932,6931,2.2601318,0.5878564,0.0035842434,0.0075696856
6932,6933,18.641762,0.5946933,0.038296517,0.074395426
6933,5412,2.3147354,0.59795076,0.002448313,0.005809486
6933,5413,41.06128,0.6174647,0.078953914,0.1529642
6933,6932,18.661865,0.5958555,0.038089022,0.074077345
6934,6931,2.0885735,0.59022593,0.0038400665,0.008160815
6935,4988,2.3304863,0.6902565,0.0014560819,0.0038726777
6935,3595,25.747452,0.6928575,0.054569796,0.10455334
6936,6930,1.9981079,0.7395539,0.0027497783,0.006082207
6936,4170,20.546415,0.7419306,0.040277224,0.07933165
6937,6936,2.2230873,0.7391868,0.0036191046,0.0075192004
6937,4176,31.480272,0.74574864,0.059465498,0.11485875
6938,6937,1.991127,0.74141735,0.003663294,0.007631257
6938,5362,7.650429,0.74800134,0.015006043,0.029326469
6939,6435,2.7073784,0.6824986,0.0070478097,0.014470488
6940,6939,0.7344246,0.28713012,0.003514029,0.007181272
6940,6941,2.2009964,0.6840506,0.003731452,0.008172259
6940,6383,2.6360168,0.68381906,0.0046857,0.010094106
6941,6381,2.5018616,0.68373716,0.004528448,0.00985834
6941,6940,2.329502,0.6827552,0.0038517863,0.008432478
6942,556,71.50017,0.64593494,0.22470763,0.44516957
6942,1742,63.410538,0.64470714,0.11921317,0.2363675
6943,241,2.6985817,0.65506667,0.0051742718,0.011402547
6944,6945,2.2122765,0.6543822,0.0042843297,0.009455025
6945,2364,6.4075584,0.6560404,0.01316867,0.026597664
6945,240,4.447674,0.6564864,0.008832477,0.01836504
6946,6944,2.3242035,0.65317345,0.0041385666,0.008696154
6947,6948,1.4305038,0.66619277,0.002647221,0.006210223
6947,6863,7.509163,0.6803133,0.015201353,0.030614227
6948,6860,1.840168,0.6776804,0.002945982,0.0065950453
6948,6861,2.622982,0.6784142,0.0048212335,0.010561556
6949,3391,20.942303,0.0122618675,0.09803362,0.1995342
6950,6949,62.027725,0.0,0.20766243,0.43948913
6951,937,2.9615898,0.64563644,0.005502954,0.011651963
6951,6684,8.88414,0.64852667,0.018071055,0.035801113
6951,935,43.242653,0.6474272,0.08159174,0.161133
6952,2982,1.3454933,0.41926262,0.00081531703,0.00040264428
6952,1743,6.44075,0.68376,0.012372546,0.024845108
6953,6954,1.3081474,0.6675521,0.0028976575,0.006348595
6953,6110,54.93935,0.67163026,0.13333412,0.26600733
6954,6955,1.3433113,0.6651212,0.0037258044,0.008510962
6954,4391,27.278069,0.67498416,0.059054047,0.11316325
6955,6956,1.7869492,0.6691718,0.0033050403,0.0075631887
6955,4404,31.034725,0.6718919,0.07345721,0.14468375
6956,6953,1.3180046,0.63822013,0.0037474558,0.0074869394
6956,6750,40.393715,0.67376333,0.083203524,0.16507891
6957,6559,3.9989166,0.7367288,0.006705083,0.014101386
6957,6766,1.5212479,0.73439354,0.0037729666,0.008089706
6958,732,41.700584,0.67872536,0.099969484,0.20056507
6958,4129,40.890934,0.6724053,0.1002336,0.19961765
6959,6960,2.2255325,0.47606897,0.0028676614,0.0060887337
6959,1844,15.187002,0.46883723,0.036226325,0.07003977
6960,6959,2.2537384,0.47221205,0.003140755,0.0065041482
6960,3951,30.581146,0.49431872,0.07674687,0.14563893
6961,796,1.6833115,0.6143439,0.002394922,0.0055706203
6961,1963,255.29915,0.6614928,0.46704394,0.9184398
6961,1747,175.71063,0.60409236,0.3288927,0.64635515
6962,6896,68.87463,0.7212883,0.13689323,0.2739703
6962,6269,6.1389465,0.7246968,0.012245759,0.024681985
6964,6965,2.290493,0.6737448,0.0041250587,0.00896053
6964,6462,19.448774,0.6785402,0.04095363,0.07867108
6965,635,1.9497108,0.6713995,0.003207028,0.0068869293
6966,6968,3.0931435,0.7194165,0.004193917,0.009273872
6966,2912,6.333702,0.7206019,0.01033245,0.0213539
6967,6966,3.4819527,0.72053933,0.0047894344,0.01037249
6967,2904,10.967276,0.7213831,0.013304114,0.027618393
6968,6969,3.635376,0.7216387,0.005169034,0.011193484
6968,2906,5.55455,0.7226892,0.008804813,0.018391326
6969,6967,3.2433815,0.71911293,0.0044204295,0.009775862
6969,2908,7.6034164,0.71913505,0.0128668845,0.0262326
6970,1658,51.891476,0.7239697,0.09278065,0.18360907
6970,6972,2.3828201,0.71953773,0.003761746,0.008033872
6971,6973,2.8092728,0.7181032,0.004941672,0.010219276
6972,6970,2.3254166,0.71964014,0.0034808815,0.0075104237
6972,1652,99.72722,0.7223455,0.17823106,0.35623562
6972,6971,7.3243103,0.7206639,0.014531113,0.028708875
6973,3359,24.748299,0.7237129,0.05017955,0.09804279
6973,6974,2.5549011,0.7235632,0.0045566335,0.009538859
6974,6975,1.8145485,0.7193832,0.0031904727,0.0070331097
6975,6977,2.6551704,0.71919125,0.005080737,0.01056017
6975,6977,82.4582,0.7223574,0.16792423,0.33557647
6976,6971,2.2994423,0.72017306,0.004198514,0.00876987
6976,6970,6.6393967,0.71893984,0.013272122,0.026525453
6977,6976,3.2456474,0.7206459,0.006213516,0.013078466
6978,1500,130.82947,0.5813824,0.27163428,0.53239685
6978,1501,16.940779,0.5835698,0.036413405,0.071099356
6979,6982,79.88435,0.5731895,0.17026404,0.33292672
6979,2421,48.711098,0.5689232,0.10072773,0.19827253
6980,1501,1.5716171,0.57788056,0.0021483898,0.005037695
6980,6978,15.624718,0.5776539,0.034251135,0.06676868
6981,2405,83.15964,0.57588726,0.15879947,0.31260288
6981,6980,61.90178,0.5786186,0.118870415,0.23283774
6982,6980,1.2836456,0.5790995,0.0027684495,0.006346792
6982,6981,62.700714,0.580966,0.11895898,0.23349747
6983,6982,1.4579468,0.57872194,0.0020580813,0.0045674294
6983,6979,79.17505,0.57028633,0.17076863,0.33408344
6984,6985,2.511757,0.6583917,0.0018073842,0.0047840476
6984,2915,97.33692,0.65951324,0.23910436,0.47394234
6985,6984,2.8374748,0.6605778,0.0025758296,0.006275356
6985,2962,92.27031,0.6587049,0.22627467,0.44800043
6986,4837,1.070385,0.65827954,0.002676919,0.0069570392
6986,5577,79.79062,0.66480297,0.21614805,0.43034744
6987,5112,2.2546005,0.6592773,0.0024254099,0.0059650093
6987,3547,3.4276848,0.6635954,0.006066121,0.012964621
6988,6989,15.612026,0.664548,0.031596173,0.061655708
6988,3148,4.8499947,0.66583616,0.007659018,0.016007796
6989,2758,16.35021,0.6650407,0.033056922,0.06427309
6989,3148,12.103352,0.664321,0.022396266,0.043971837
6990,4454,26.175854,0.70769423,0.054841794,0.10639307
6990,5911,1.6696205,0.70065,0.0031267926,0.006671533
6991,6990,1.4442635,0.69624037,0.0029497892,0.006360799
6991,340,8.867054,0.7053033,0.018145405,0.03614612
6992,1981,4.61705,0.70397043,0.008338198,0.016925752
6992,6991,1.6082764,0.6944681,0.0031571165,0.0068669617
6993,269,112.957954,0.3969438,0.23738182,0.4555784
6993,256,40.662426,0.39652193,0.08496913,0.1616546
6993,268,107.68454,0.35340706,0.23419133,0.4493698
6994,6995,1.6747055,0.63447285,0.003592305,0.0081193745
6994,2647,113.81632,0.64581597,0.23416877,0.46137273
6995,4482,1.7480507,0.6412391,0.003153354,0.0068585128
6995,5814,188.6827,0.638539,0.386688,0.7596679
6996,2083,164.78238,0.6663401,0.30197728,0.59675986
6997,2191,52.704796,0.66363,0.10675221,0.21245974
6997,6595,51.40072,0.6709496,0.10611557,0.21080695
6998,6999,2.889637,0.7106932,0.0018222481,0.004791096
6998,2095,11.097929,0.7163006,0.022348143,0.04426405
6999,6998,2.8539848,0.7162399,0.0020073652,0.004852295
6999,6896,40.62592,0.71643233,0.08248001,0.1615216
7000,76,2.1692047,0.64831984,0.004139103,0.00936994
7000,4480,29.92574,0.6530607,0.06488201,0.12454836
7001,1960,2.2212448,0.63010323,0.004856065,0.010611489
7001,4476,2.2222748,0.6340016,0.0039123073,0.008926585
7001,6775,98.44008,0.63095164,0.20375127,0.40300426
7002,3401,57.01735,0.5873823,0.17575482,0.34584117
7003,195,1.1669579,0.5862802,0.006313801,0.012488604
7003,7094,60.82218,0.6029225,0.36233667,0.705377
7004,4380,169.31616,0.6520486,0.34468782,0.67994297
7004,7005,3.324318,0.649168,0.0044834167,0.00965935
7005,76,2.579136,0.648279,0.004846312,0.010436505
7005,5813,26.26486,0.6538212,0.05564418,0.106965415
7005,7004,3.322178,0.6502193,0.004596524,0.009776577
7006,1498,3.236309,0.64994645,0.0064237714,0.0125543475
7006,6921,0.36868286,0.046486557,0.0017097667,0.003252238
7007,2163,118.88228,0.70809054,0.21190104,0.42025712
7007,2161,8.155434,0.7098556,0.015705742,0.031017095
7008,6743,1.9222031,0.6739297,0.0034945607,0.00773336
7008,6746,14.262613,0.6711026,0.029768556,0.058572114
7009,2979,2.021431,0.6989808,0.001996331,0.0048941374
7009,48,17.78693,0.70055765,0.041720197,0.08173091
7010,4807,30.553768,0.6316808,0.075941905,0.1480261
7010,7011,38.819664,0.6311085,0.076170534,0.14960553
7011,7010,28.606041,0.62796,0.06953571,0.13534544
7011,7010,38.86606,0.6287631,0.075857624,0.14878719
7012,5627,2.1034966,0.6596116,0.005028963,0.010883808
7012,6868,3.3918648,0.6614116,0.005763985,0.012363821
7013,3393,27.251884,0.6705402,0.053870324,0.10351514
7014,4070,0.987175,0.62337804,0.0033663586,0.007542327
7014,1727,44.01742,0.6202926,0.14352421,0.28286928
7015,7016,1.3186989,0.55831105,0.0042660683,0.008866981
7015,1522,61.21624,0.5616703,0.14325155,0.27852124
7016,1739,0.38788986,0.55006313,0.0031912476,0.0074902326
7016,2414,34.15939,0.5599489,0.08709588,0.16863614
7017,7018,58.895317,0.66695136,0.10906347,0.21646708
7018,857,1.7485352,0.6616422,0.002608642,0.0060438365
7018,7019,2.3516502,0.66697085,0.0037280172,0.008341476
7018,5218,19.027685,0.666056,0.0385572,0.0746506
7019,3326,46.63249,0.6679066,0.087438166,0.1726573
7020,1861,4.3465157,0.69490385,0.0044419244,0.010154992
7020,1860,2.6385422,0.6955186,0.0059476495,0.012816802
7021,3419,1.7359047,0.7418802,0.002144225,0.004727781
7021,6644,52.594193,0.7441783,0.10161896,0.20172879
7022,7023,1.2131271,0.72196484,0.009018801,0.01643847
7022,2233,31.705364,0.011464477,0.1888969,0.41186374
7023,3254,22.256079,0.74185216,0.056234486,0.110208005
7024,250,2.2123718,0.42206737,0.003449142,0.007043436
7024,7025,3.6326523,0.4252367,0.006097831,0.01232253
7025,4805,19.861454,0.41051924,0.04157741,0.07974771
7026,1330,140.83476,0.6985768,0.19288823,0.38647988
7026,1862,3.6867104,0.6938947,0.0050517023,0.010886148
7027,7028,2.831688,0.3813691,0.004762262,0.0092071
7027,6630,27.268835,0.3665611,0.06828304,0.13073923
7028,7027,3.0309105,0.38293493,0.0051794574,0.010053828
7028,1670,27.413498,0.37143075,0.061194316,0.11551522
7029,153,2.2853584,0.7111183,0.0022010058,0.0050632656
7029,3935,43.3621,0.71168315,0.08189612,0.15806997
7030,5352,42.528812,0.54868835,0.0823243,0.16012141
7030,3682,5.7833214,0.55177045,0.011333078,0.023191705
7031,3323,3.2842789,0.5509974,0.00476408,0.009904787
7031,7030,6.561634,0.548142,0.0131618455,0.026286587
7032,1681,7.624035,0.54626507,0.014491312,0.028813109
7032,4322,18.698551,0.5408685,0.039310228,0.07584603
7032,2288,142.02814,0.547405,0.2733692,0.53409034
7033,1838,2.6740265,0.5536439,0.004235193,0.009005144
7033,1825,40.211536,0.5470848,0.07785718,0.15232444
7033,2322,24.114075,0.54665166,0.049649328,0.094530515
7034,7035,1.936943,0.7021114,0.002817288,0.004949093
7034,5648,28.875992,0.02822119,0.111636184,0.242381
7034,4112,84.996086,0.7003542,0.15307218,0.30355224
7035,7034,2.2521515,0.7029053,0.0033530742,0.006022185
7035,5639,34.21434,0.065995425,0.14232764,0.3047757
7036,7038,2.6600418,0.71439797,0.005784616,0.0121677965
7036,3491,2.754509,0.7161391,0.005037546,0.010970756
7037,7036,3.2967377,0.7133784,0.0055762753,0.012278959
7038,3492,1.7849808,0.71745825,0.0032303482,0.0071893185
7038,5880,23.89227,0.72358453,0.048874352,0.09540427
7039,2231,2.3892517,0.71946335,0.0041962415,0.008634567
7039,7040,39.715065,0.7222092,0.07761079,0.15000297
7039,7040,44.87872,0.72247946,0.08391954,0.16115865
7040,7042,6.699543,0.7222325,0.01266434,0.025283873
7040,7039,39.787704,0.72166663,0.07833601,0.14991486
7041,7042,2.2324104,0.7245383,0.005240351,0.009022802
7041,4869,20.569828,0.027154654,0.12917426,0.27799755
7042,7041,2.1893425,0.7177808,0.0042947456,0.008805335
7042,3363,66.31564,0.72533524,0.12357406,0.24646908
7042,7040,6.8456383,0.7230166,0.013031602,0.02565679
7043,445,12.32613,0.71377003,0.027038306,0.053660467
7043,450,81.29332,0.71991605,0.12789193,0.25316212
7044,372,4.125992,0.7073978,0.008759886,0.018337473
7044,789,6.610256,0.7093467,0.011276044,0.0228796
7045,791,2.038807,0.7088411,0.0029863045,0.0066717714
7045,790,51.654778,0.7114967,0.09336476,0.18547636
7045,7046,5.5970345,0.70815027,0.009952582,0.02022557
7046,483,37.585083,0.7151189,0.07194156,0.13778828
7046,791,5.3850746,0.7108344,0.0098666325,0.020114124
7047,5883,51.55593,0.6308007,0.108973905,0.21371445
7047,1888,2.6440887,0.6357116,0.005374603,0.011386156
7048,7049,2.0752602,0.6951816,0.0023716316,0.005847007
7048,259,32.048874,0.69958,0.075308174,0.14572051
7049,7048,1.8976326,0.6960879,0.0020523295,0.0049456656
7049,6139,14.352823,0.69950974,0.03133398,0.06131027
7050,5746,2.816948,0.682291,0.0039269254,0.008764878
7051,3796,4.499565,0.6959425,0.0084339455,0.017860249
7052,3515,2.0468407,0.66773283,0.0030458495,0.006797299
7052,6783,21.859818,0.6773031,0.053451464,0.104997545
7053,4618,2.9071503,0.6669791,0.005404189,0.011449546
7053,2530,308.97882,0.66288006,0.122546345,0.26526177
7054,57,44.127388,0.70322365,0.08911725,0.17552689
7055,5009,2.3151474,0.04333058,0.005469762,0.011946186
7055,7054,5.6348534,0.7117237,0.009659588,0.019170389
7056,7057,2.4528122,0.6838678,0.0041904077,0.0090774745
7056,1082,250.2643,0.6841958,0.44784567,0.882691
7056,1081,156.39009,0.683846,0.28643507,0.56643385
7057,7056,2.2689552,0.6866962,0.0036062375,0.0076989084
7057,3398,15.023319,0.6896049,0.029782016,0.058536835
7057,7058,16.960972,0.69798017,0.033826675,0.06551442
7058,2765,18.389948,0.69161284,0.04211499,0.08240444
7058,7057,16.740017,0.69418967,0.03341594,0.06436614
7059,371,34.653076,0.44712228,0.09523351,0.18601985
7059,2320,13.988235,0.42674735,0.031204566,0.060434543
7060,7059,1.8658295,0.4214732,0.0041496903,0.008462191
7060,3697,22.214546,0.41130728,0.055721223,0.10695361
7061,7062,2.3788872,0.65066725,0.0055036694,0.011473149
7061,3575,113.69882,0.66310096,0.1589104,0.31559515
7062,5617,8.937927,0.047457337,0.03810667,0.076202475
7063,1814,3.5388412,0.6626733,0.00808911,0.01658681
7063,4977,42.676304,0.66332006,0.086337715,0.17064215
7064,7067,6.731159,0.6455952,0.012979284,0.025993004
7064,2695,3.1692123,0.64670384,0.005345069,0.011269644
7065,4588,1.9412575,0.65552825,0.0036655515,0.008479565
7065,7068,42.550896,0.64986515,0.08151056,0.15769832
7066,7065,1.8469429,0.6538749,0.0028277114,0.0063314885
7066,2721,56.502167,0.6558876,0.11577483,0.23055828
7067,7068,2.456112,0.6466424,0.0029078797,0.0067932904
7067,4588,43.472595,0.6503767,0.082259685,0.16016558
7068,7067,2.3846054,0.6466464,0.0027432516,0.006682068
7068,7064,9.023094,0.6471031,0.017890945,0.03594017
7069,7070,2.1972542,0.71839845,0.0041967332,0.00877215
7069,6072,31.88235,0.7249465,0.06233247,0.11962187
7069,4134,126.06815,0.7295489,0.24133489,0.4791665
7070,7069,2.1763916,0.72523606,0.005048953,0.009254202
7070,6071,11.9453125,0.031457126,0.05402868,0.11277918
7071,3283,1.9239349,0.71906304,0.0031532794,0.006120622
7071,7072,13.304319,0.12181577,0.050332416,0.10252834
7072,7073,2.45298,0.72901237,0.0054784715,0.010535955
7072,6234,26.598465,0.032112807,0.12319368,0.26885253
7073,7072,1.9425316,0.7224498,0.0036842898,0.007297963
7073,4622,63.997063,0.72437215,0.11967891,0.2385869
7073,3283,29.511532,0.7253345,0.05834456,0.11234282
7075,3692,11.587318,0.5233654,0.026852243,0.053228453
7075,559,1.3244858,0.5145168,0.0039610863,0.0077495575
7076,7075,1.2160454,0.5125444,0.004160948,0.008697972
7076,560,6.1856995,0.51483357,0.015583016,0.03099437
7077,7076,1.2106552,0.50780445,0.0036763176,0.007844821
7077,5272,1.4366455,0.51336855,0.0045707524,0.009643152
7078,3306,21.125196,0.6546434,0.059653815,0.11726074
7079,7078,2.0314636,0.64709425,0.005996816,0.012509301
7079,3535,1.2361374,0.64284897,0.0066212937,0.013037324
7080,7083,0.3240242,0.25172567,0.0026308,0.0064749867
7080,5774,6.983433,0.6570411,0.013568595,0.026863262
7081,7080,3.2502136,0.6474304,0.005879812,0.010778084
7081,7080,54.012405,0.13419202,0.1866622,0.39025888
7082,7081,0.0,0.028728157,0.0014992431,0.0041888207
7082,5773,65.58605,0.6630735,0.11887376,0.23771313
7083,7082,2.3883858,0.6465585,0.0041535273,0.008050397
7083,7086,122.626755,0.5390823,0.29595014,0.59447986
7084,7087,23.557207,0.652208,0.048339665,0.09385425
7084,7085,26.551003,0.65466297,0.054574955,0.10659654
7085,7082,63.08689,0.071501136,0.23047462,0.48747504
7085,7084,26.419384,0.6560752,0.05435584,0.10483647
7086,7087,2.8333855,0.62852955,0.0050269663,0.009741753
7086,3031,75.528076,0.6555768,0.13755316,0.27449462
7087,7086,2.440487,0.6389198,0.0045567676,0.0085813105
7087,7084,23.539738,0.6472678,0.04806383,0.093666635
7087,7085,24.371248,0.0977858,0.07349241,0.14900419
7088,1437,51.203102,0.6551664,0.102504045,0.20422737
7088,1432,2.3868752,0.6531365,0.004361771,0.009829596
7089,1432,1.4518051,0.6455932,0.004420474,0.009648934
7089,7088,2.6242447,0.6604368,0.004936129,0.011044592
7090,7089,0.70040894,0.6589286,0.0020484328,0.005681619
7090,3201,56.25267,0.66359466,0.15308966,0.30581248
7091,7092,2.6507492,0.6036154,0.004797749,0.010242596
7091,4464,30.97626,0.6091836,0.07507363,0.14619493
7092,630,1.5434227,0.60106754,0.0047191232,0.010235339
7092,7093,1.8747406,0.60729945,0.003283292,0.007309988
7092,7091,2.1618347,0.6067562,0.0036738813,0.008304164
7093,4154,2.0416985,0.6050583,0.0030144528,0.00677903
7093,7092,1.9528961,0.60336816,0.0036070868,0.008045346
7093,3663,4.7457886,0.6042239,0.010141559,0.020942822
7094,2684,49.401955,0.6192273,0.11175391,0.21763572
7094,2687,16.261581,0.6191839,0.07344819,0.14567456
