src,dst,travel_time_s,delay_probability,carbon_kg,ev_energy_pct
0,3209,1.8605194,0.5665643,0.004272431,0.009498507
0,5917,11.454758,0.5679383,0.041059747,0.0819939
1,4073,2.6362534,0.60784304,0.002168931,0.005222678
1,2311,37.365776,0.6135169,0.08010598,0.15516943
2,2768,3.495266,0.61064434,0.005457327,0.011262223
2,388,15.397352,0.60662544,0.031184886,0.061031967
3,68,23.061382,0.6051629,0.05015488,0.096823685
3,61,113.50597,0.5966052,0.13115504,0.25705695
4,6895,74.84497,0.6046566,0.14442876,0.28022832
4,6327,7.6080437,0.5997127,0.013742931,0.02733624
5,4,148.58331,0.6072291,0.28469256,0.55809903
5,6895,21.991135,0.02694565,0.10302326,0.21651486
6,2209,2.294094,0.63774145,0.0037891269,0.0074011385
6,3925,72.99379,0.637885,0.15694836,0.30678582
7,6692,6.566162,0.623662,0.013042577,0.026579231
7,3493,1.7651787,0.6237496,0.0026324838,0.0057139546
8,4833,1.7436333,0.44070625,0.00256674,0.00530529
8,2011,107.50838,0.43833232,0.21976787,0.42329174
8,13,65.2273,0.45203578,0.17235564,0.33362103
9,12,1.4583817,0.4608458,0.002832353,0.0059653074
9,10,46.34569,0.4558745,0.123317406,0.23954673
10,3992,2.119423,0.45799643,0.0025035515,0.0048805624
10,5667,27.576117,0.45532897,0.067745954,0.12849984
11,2331,1.8168793,0.43476474,0.0028492361,0.00589025
11,2007,57.725418,0.44053465,0.11645651,0.22601101
11,4916,57.060078,0.43301755,0.14743069,0.2850091
12,3724,1.5811539,0.4660812,0.0033840388,0.00707227
12,1852,36.693882,0.4657894,0.08157833,0.15666398
13,5668,1.7338066,0.45015898,0.0048508495,0.009934291
14,8,34.586697,0.444941,0.0888044,0.17093757
14,1858,41.74397,0.43138754,0.09238664,0.17797625
15,16,36.640583,0.45073766,0.07404827,0.14039285
15,2030,14.658789,0.44437546,0.031027831,0.059949234
15,2011,40.48192,0.4461511,0.08127646,0.15661672
16,3727,1.9531708,0.45300984,0.002741158,0.0053728223
16,15,36.989346,0.4516198,0.0743583,0.14136624
16,2038,23.691383,0.454164,0.053370047,0.10104649
17,3732,1.947979,0.46636495,0.0040193573,0.0080572665
17,2022,117.5262,0.4765063,0.258405,0.4980722
18,1920,16.96153,0.5239739,0.047182716,0.0919286
18,1920,24.592766,0.52032936,0.05253165,0.10143921
19,3887,27.101006,0.52657837,0.07973934,0.15427306
20,6755,1.6069946,0.5369699,0.0032224506,0.0070806295
20,6756,1.0374641,0.20431808,0.0010939613,0.0021906644
20,2606,19.649797,0.5423918,0.04397977,0.08499584
21,5010,5.014187,0.64608204,0.007279277,0.01511018
21,2692,21.806955,0.00949496,0.055816557,0.11813384
22,6874,1.6640053,0.5818029,0.004907556,0.009919584
22,182,6.147995,0.57346463,0.015565373,0.030091539
23,3431,0.0,0.039915323,0.0058423653,0.011451468
23,5766,2.366581,0.54193974,0.0073737204,0.015397415
24,5595,0.66669464,0.095849514,0.0020143837,0.003127262
24,5594,6.436535,0.59234285,0.011658497,0.023903698
25,70,55.057526,0.5620449,0.1365602,0.26712713
25,6347,54.963875,0.5600832,0.13513404,0.2599948
25,221,8.248833,0.56369776,0.016553238,0.03296469
26,3607,1.8290024,0.5919344,0.0022912696,0.005462572
26,3569,4.665642,0.5940976,0.009031713,0.018362328
27,4655,1.6445007,0.5962374,0.0031934008,0.007344246
27,6625,50.46218,0.60005814,0.07728957,0.14675574
28,5504,1.5647545,0.6085725,0.002863288,0.006537214
28,4707,1.1871185,0.6083764,0.0036830455,0.00839597
29,5910,26.343676,0.6139649,0.05357275,0.10451596
29,30,12.451218,0.61326814,0.025000647,0.04920952
30,1654,234.03195,0.6049372,0.43691844,0.8557492
30,5135,88.85768,0.6155886,0.18307795,0.3596589
30,29,12.779345,0.6114877,0.025555246,0.05010882
31,5134,1.662487,0.6141012,0.0031505078,0.0060655326
31,5134,174.61725,0.6091328,0.36388117,0.7119216
32,6596,14.649954,0.6151589,0.030658577,0.060069308
32,2831,56.734085,0.61620545,0.115378916,0.22666359
32,4681,13.996635,0.6156651,0.029289208,0.0574738
33,1983,2.1693993,0.6131177,0.0030982047,0.00688453
33,879,37.229446,0.62216055,0.09007311,0.17526747
34,1983,106.99718,0.6142339,0.19554034,0.3851388
34,35,40.99559,0.61912304,0.07885787,0.15473044
34,4597,130.68997,0.6173868,0.24030825,0.47309774
35,36,10.668285,0.61328006,0.021057278,0.041417167
35,36,8.1687355,0.61314136,0.015798427,0.031230032
35,34,40.661983,0.6187699,0.07822611,0.15373132
36,37,4.4932327,0.61514026,0.0078810975,0.015893608
36,35,8.246883,0.6146867,0.015800707,0.031238899
36,35,10.694473,0.6148101,0.020940661,0.041163087
37,6596,3.616291,0.61258024,0.006987773,0.014256939
37,36,4.2897377,0.6134772,0.0076773465,0.015446022
37,38,113.83967,0.61567664,0.20965791,0.4131098
38,4267,27.39098,0.6229369,0.0588518,0.112893075
38,37,114.17536,0.6173347,0.2099444,0.41313854
38,40,32.169212,0.6268202,0.06890786,0.13227807
39,3102,1.6412582,0.62018764,0.0030743629,0.0066106617
39,4602,83.90102,0.625986,0.17432949,0.342274
40,4597,5.606098,0.62293345,0.011133194,0.022562534
40,38,31.710506,0.6248219,0.06824459,0.13130869
41,4031,35.536144,0.62936527,0.07538515,0.14754376
41,655,7.136055,0.62591416,0.016763002,0.032764822
42,674,53.89703,0.6262281,0.16691594,0.32772186
43,3762,24.688875,0.6470487,0.06021475,0.11750693
43,2063,14.901218,0.64808613,0.031259898,0.06118945
44,4780,179.05045,0.46863928,0.35682318,0.68861324
45,3088,2.0407257,0.6148162,0.0029000714,0.0065607727
45,2106,159.96182,0.6278001,0.29213506,0.57581496
45,2208,75.46652,0.62001,0.18773451,0.36953646
46,4460,1.1167641,0.61342317,0.0037011877,0.008053392
47,7009,98.21271,0.5898856,0.25992453,0.50842613
48,2977,1.6430168,0.5832762,0.0027427003,0.0060294718
48,220,100.364,0.57647645,0.19020456,0.372078
48,2190,38.34266,0.58422977,0.103620045,0.20164363
49,50,27.74327,0.59973913,0.058927737,0.112555355
49,6320,7.519943,0.5939223,0.012981005,0.02590695
50,49,27.980894,0.6034061,0.0592541,0.11263372
50,52,25.47734,0.59999424,0.054022357,0.10390047
51,1864,1.9547501,0.5935615,0.0052764863,0.010945901
51,3128,57.96161,0.587044,0.14477164,0.2848581
52,1861,83.303215,0.5903784,0.08338391,0.15633386
52,986,35.639915,0.5946535,0.074925214,0.14488252
52,994,195.97723,0.57987607,0.2860017,0.5614047
53,984,7.5060043,0.5881568,0.0074944273,0.016694218
53,65,137.25775,0.5965838,0.19686303,0.38870946
54,50,5.266636,0.59960514,0.011540286,0.023498729
54,55,2.7123947,0.60240924,0.004692942,0.010061368
55,5643,60.31934,0.5981299,0.08735517,0.16602091
56,57,67.191925,0.60307765,0.12729838,0.24883237
56,3,76.042786,0.59272635,0.08817693,0.16779444
57,4066,36.91086,0.6046728,0.07623745,0.14733857
58,59,5.9357834,0.61011374,0.011422023,0.02305317
58,3872,7.5070457,0.60177803,0.015784986,0.03127542
59,5514,66.785484,0.60696495,0.10391343,0.2007158
60,738,43.27978,0.5943173,0.051608935,0.098470986
60,4986,11.342648,0.5980473,0.024016082,0.047295332
61,2336,5.151497,0.59532106,0.010841839,0.022065789
61,62,3.7033195,0.5999764,0.006695345,0.01410751
62,63,50.398952,0.59691775,0.08098983,0.15449695
63,5643,65.878685,0.59394795,0.077510655,0.1460993
63,5024,75.60544,0.5944513,0.086885594,0.16667888
64,62,5.195114,0.59818196,0.009387344,0.019284427
64,2336,3.923008,0.6003968,0.0066843852,0.0143031925
65,6727,1.6374321,0.34854114,0.0013185665,0.0017686635
65,3604,59.961445,0.5941947,0.11499145,0.22642955
65,53,137.59337,0.5909792,0.19914675,0.390971
66,3605,3.4681091,0.5931484,0.0065331757,0.01317732
66,67,6.704727,0.59101415,0.015737988,0.031495765
67,24,117.38576,0.5915667,0.13761488,0.26724538
68,58,17.188543,0.60475695,0.036446933,0.07074375
68,1990,17.017195,0.6064477,0.031849742,0.062157437
69,7051,73.52316,0.609193,0.1037531,0.20422511
69,1998,3.5532036,0.60654527,0.0068147555,0.014168367
69,5858,9.835682,0.6093445,0.01956857,0.03871651
70,71,17.93031,0.56579244,0.042939812,0.0839483
70,6242,62.56376,0.57215464,0.16149706,0.3166728
71,6334,3.8817978,0.56742436,0.010193028,0.020821571
71,989,72.35334,0.565005,0.1815171,0.3541096
72,993,1.4209366,0.57951665,0.0040566474,0.008980796
72,5171,27.379559,0.5801282,0.06568362,0.1271467
73,4596,76.39809,0.627117,0.19888559,0.39351463
73,1472,68.94502,0.62325275,0.17813084,0.3528177
73,5576,56.62343,0.62183565,0.10550152,0.20720641
74,4596,2.6931381,0.6278144,0.004827246,0.01039052
74,1734,88.302216,0.62905675,0.16279301,0.3229617
74,4598,22.921782,0.62930244,0.047107447,0.09068867
75,6789,1.5252762,0.563538,0.0024094954,0.0055427104
75,2639,13.206778,0.56306523,0.028859265,0.056595303
76,7000,1.5469971,0.55187,0.0035587102,0.007993773
76,7004,2.1970634,0.5561033,0.0053977147,0.011421293
76,7005,1.9594841,0.55279106,0.0043532625,0.009504184
77,4936,9.409775,0.50957245,0.025821187,0.050640166
78,1720,2.0056534,0.51077515,0.002942562,0.00611943
78,4058,40.583057,0.50113934,0.1341621,0.26196697
78,2031,37.485058,0.5075271,0.07376711,0.14269
79,5736,66.52405,0.5152873,0.13145748,0.25757936
79,5736,43.14439,0.5211866,0.14096208,0.27609676
80,2165,2.0233536,0.51457983,0.0030375496,0.0062522143
80,800,4.978527,0.5140161,0.009533636,0.019271806
80,3805,75.382095,0.51578146,0.24522048,0.47671562
81,1438,29.137552,0.50569075,0.075310275,0.14528608
81,3143,47.113697,0.5031702,0.12356797,0.23997904
82,5828,2.12788,0.53501517,0.0034313798,0.007478088
82,2697,122.84089,0.5336173,0.23708361,0.46293688
82,4106,25.873228,0.5398439,0.05269466,0.101359025
83,5827,2.631668,0.5501555,0.0051712617,0.010968313
83,3788,0.6564255,0.5314109,0.004669547,0.009202376
84,6468,159.75963,0.5575296,0.3368567,0.65666753
84,1142,114.78208,0.5645781,0.24226442,0.47199714
84,2641,63.217964,0.5612857,0.13314302,0.26067704
85,3784,1.598568,0.53574944,0.0030996352,0.007141486
85,107,22.855616,0.53534806,0.0504815,0.09670242
86,106,18.903934,0.5367658,0.041384418,0.08059285
86,85,24.51258,0.5361319,0.055157162,0.10600895
87,3859,1.4695053,0.5669366,0.0040185675,0.00830178
87,482,80.56427,0.57489127,0.1683157,0.33196294
88,3780,1.3634987,0.5267103,0.0024166927,0.0057558864
88,248,60.922016,0.52894515,0.12844509,0.25117806
88,242,76.09746,0.5304528,0.16268112,0.3169683
89,1761,26.868683,0.5590999,0.054244135,0.10342203
89,2645,72.750084,0.55503726,0.13996539,0.2749415
90,1405,1.856205,0.5720007,0.0036187768,0.0074806064
90,836,5.591648,0.5706191,0.013249561,0.026656717
91,4258,1.6542702,0.5191028,0.0021373704,0.0047540814
91,2679,208.25993,0.5272926,0.40698755,0.79146236
91,1466,50.74806,0.5211632,0.10903638,0.21219897
92,205,2.560833,0.54356486,0.0053198114,0.0112956315
93,3752,1.9205132,0.2949532,0.0056211352,0.0096526295
93,3754,53.78028,0.5150065,0.11702646,0.22844684
94,3745,1.5691185,0.52292573,0.0030556992,0.006612569
94,2186,15.275019,0.526007,0.03351873,0.06550998
95,3777,1.131733,0.27939785,0.0041707754,0.005725503
95,6099,1.7072105,0.5145117,0.0036332458,0.008090317
96,97,55.861095,0.5330744,0.11792037,0.23090424
96,5313,15.011559,0.52806634,0.032669418,0.063382395
96,119,27.57125,0.52800965,0.05648956,0.10849314
97,96,55.757477,0.53149927,0.117508925,0.22974677
97,6077,45.645947,0.5365302,0.093988426,0.18275926
97,120,31.540367,0.53148925,0.067605,0.13007978
98,116,13.883291,0.5373389,0.027301684,0.053281397
98,123,31.690294,0.53054625,0.068024024,0.13068736
99,2836,2.934414,0.5267889,0.0053519383,0.011264369
99,1244,12.413027,0.5252991,0.026302524,0.051304728
100,378,9.529152,0.5338631,0.020774327,0.04094805
100,119,72.40427,0.53278095,0.13823503,0.27024636
100,4227,16.130943,0.53087056,0.035009544,0.06757754
101,100,49.90086,0.5301083,0.098586634,0.19176662
101,5480,22.66757,0.52803963,0.047573633,0.09117023
101,3761,71.956566,0.5255798,0.1404728,0.27435264
102,2359,3.6316414,0.52823913,0.0076391026,0.01538673
102,6845,1.3273048,0.52355665,0.0024124533,0.005546868
102,4642,43.97274,0.5249589,0.08509577,0.16575016
103,4256,2.0927086,0.52602327,0.004607886,0.009597167
104,1072,1.2011299,0.5327409,0.0021803975,0.0048796833
104,4444,34.97826,0.5345278,0.06701041,0.12948516
105,4543,1.3722,0.54793525,0.001747556,0.00440073
105,6253,40.784325,0.5524787,0.08745563,0.17015356
106,107,22.027325,0.5336533,0.04854066,0.092887
106,5314,117.78159,0.5291478,0.24912965,0.4848153
106,86,18.864304,0.53625906,0.040711652,0.078993484
107,248,20.90655,0.52975136,0.045599103,0.087859504
107,106,21.877655,0.5311727,0.04810229,0.09224809
107,85,22.401678,0.5322751,0.04937832,0.09476803
108,3778,21.881779,0.5215348,0.0463716,0.08916933
108,4416,27.353592,0.52696913,0.06681594,0.1273369
108,2277,3.327198,0.5257623,0.008815728,0.018149078
109,2306,11.337187,0.5246233,0.0271454,0.05345331
109,4420,1.1268005,0.519965,0.0037233308,0.0079610795
110,3761,1.8955231,0.5237987,0.0026647076,0.0059060752
110,5314,50.218357,0.5214023,0.10685844,0.20919383
110,6105,35.337784,0.52369994,0.068670586,0.13378997
111,104,2.6287346,0.5393147,0.0054992363,0.011488691
112,2242,19.59341,0.5317955,0.04319611,0.08313698
113,3746,1.6563606,0.5173932,0.0022037178,0.0048360825
113,4444,108.13836,0.5230705,0.21249829,0.41318092
113,94,20.03459,0.5200373,0.04398402,0.08476692
114,2362,6.553585,0.5215043,0.012638725,0.02498193
114,4419,29.014488,0.5253376,0.050768953,0.09653704
114,115,45.13245,0.5230292,0.087913215,0.17123118
115,3750,34.245956,0.2725064,0.1070758,0.17872806
115,114,45.915974,0.52121836,0.08978213,0.17483678
116,2665,80.73239,0.5319175,0.12145522,0.23544435
116,124,26.781584,0.5291795,0.060426235,0.1154429
117,2130,47.5043,0.52687967,0.09965022,0.19501922
117,1958,41.737694,0.529974,0.08772774,0.17068154
117,2129,101.217094,0.5236848,0.1988334,0.38696462
117,3849,20.621246,0.52760565,0.043670442,0.08435986
118,2384,6.9022903,0.5344114,0.013569713,0.027353361
118,5308,1.984684,0.53544426,0.0029369518,0.0063079894
118,1958,32.01081,0.5318464,0.06362597,0.12266043
119,100,72.18235,0.5307114,0.13770017,0.26874268
119,96,27.936901,0.52802134,0.057583142,0.11057628
120,119,41.838043,0.53000015,0.08242522,0.15829529
120,123,11.035458,0.5340455,0.023989111,0.047274485
120,97,31.743456,0.5318438,0.067903765,0.13108154
121,2666,60.990158,0.53802896,0.11806056,0.23136117
121,5062,55.502357,0.53977525,0.11648154,0.22821142
121,2722,59.171814,0.5423263,0.12559564,0.24620743
122,124,84.38771,0.53877044,0.18308142,0.35476053
122,1955,97.981155,0.538238,0.14703383,0.28807986
122,3172,21.281649,0.5342613,0.0447412,0.08570356
122,2665,44.033207,0.5357526,0.0852933,0.16459875
123,116,29.19939,0.53248227,0.06409098,0.12258583
123,120,10.859476,0.5335025,0.023425408,0.046276554
124,1792,26.524141,0.534573,0.05887773,0.11262981
124,1650,29.572083,0.5349056,0.06527608,0.12467488
125,3782,1.7565918,0.5479011,0.0038535893,0.008383468
125,6691,33.99758,0.5509454,0.07306482,0.14116994
126,1697,2.38068,0.5670135,0.004902929,0.010304272
126,1865,12.863462,0.56598365,0.029714253,0.058325738
127,3791,52.34879,0.5617467,0.1098378,0.21493167
127,1868,12.276144,0.5623981,0.026521198,0.051754043
128,6898,1.4709778,0.5657074,0.0028471649,0.0063316226
128,2648,41.521786,0.564861,0.08558544,0.16633831
129,5317,1.2035255,0.56062293,0.0021722317,0.004967019
130,5314,1.8640671,0.52497405,0.0038985014,0.008510962
130,3761,48.759315,0.52377653,0.10510538,0.20541856
131,4545,122.306366,0.5404826,0.2556283,0.49765998
131,2198,3.0911636,0.53718626,0.0065244585,0.013991699
131,4544,186.60675,0.53931934,0.36216202,0.7061249
132,133,1.5994682,0.5520227,0.002257973,0.0052726567
132,2200,5.321579,0.551317,0.015704468,0.030806243
133,132,1.7033272,0.54740137,0.002477236,0.0055113733
133,2618,73.98246,0.55152357,0.14244023,0.27986866
133,6252,35.255936,0.5490196,0.114433534,0.22447476
134,4560,49.48895,0.5619584,0.09510578,0.18681131
134,2650,22.041422,0.5586207,0.045507018,0.08723748
134,4556,46.770004,0.56009465,0.08990371,0.17608911
135,4558,2.6716385,0.564189,0.00406038,0.008726373
135,6470,1.8644676,0.56491834,0.0022311881,0.0052251667
135,6469,5.7182655,0.56555927,0.012307793,0.024839386
136,137,41.717735,0.56220603,0.07972298,0.15635999
136,2650,71.66809,0.55754393,0.13729775,0.26982045
136,1429,23.572016,0.5608628,0.05089418,0.09709972
136,1428,54.453476,0.5566524,0.11242559,0.22007415
137,2703,55.214222,0.5569766,0.10542536,0.20726492
137,2649,16.372864,0.56094,0.0337058,0.065627724
137,136,41.796078,0.56220376,0.07956145,0.15614009
138,112,47.313778,0.53055036,0.10230453,0.19911036
138,2694,10.154049,0.5271941,0.020814978,0.04138364
138,4447,4.3531113,0.5254827,0.00935521,0.019446984
139,2693,109.135704,0.5494367,0.2081856,0.4062488
139,230,28.752048,0.57337385,0.058471482,0.11183142
139,140,47.82246,0.57512695,0.09162953,0.17906731
140,2733,53.684162,0.56754595,0.10341497,0.20259178
140,139,47.84911,0.5755809,0.09181017,0.17923127
140,141,49.946712,0.57721484,0.0944786,0.184214
141,3845,1.6762772,0.5805542,0.0024373382,0.005042985
141,143,17.02386,0.583253,0.03642554,0.071040936
141,140,49.695282,0.57915044,0.09514709,0.18507564
142,141,44.748672,0.5736705,0.09292411,0.17989442
142,4459,1.5421944,0.5669034,0.0028768256,0.0065720677
143,4458,2.2071037,0.584195,0.004225448,0.008619979
144,6485,1.8163719,0.5933033,0.0032031313,0.0069225878
144,3843,1.9346313,0.59528166,0.002534248,0.0058020502
145,3841,1.8126488,0.6002589,0.0024576038,0.005436808
145,4082,41.21203,0.61146307,0.086280145,0.16678144
146,4034,1.515068,0.5990125,0.002048932,0.0043687373
147,4446,1.5250092,0.52627695,0.0028227791,0.006219536
147,461,4.5029755,0.5264915,0.0083218515,0.016793117
147,3753,74.39665,0.51743627,0.16050464,0.31142715
148,4430,1.1428909,0.5262912,0.00339631,0.0074914396
148,3151,29.91793,0.52331173,0.0616337,0.11628345
149,651,31.17937,0.56269366,0.06209063,0.11886811
149,652,56.379387,0.5559425,0.10840837,0.21253422
149,4403,31.034199,0.5577705,0.061698575,0.118253075
149,1401,41.283752,0.564067,0.07902563,0.15529379
150,4391,1.6741104,0.5459682,0.0021119788,0.0049176365
150,4403,27.490417,0.54982764,0.055872124,0.10615352
150,6955,26.223867,0.5434495,0.057112325,0.108956896
151,654,27.26396,0.53519887,0.055748656,0.10595877
151,6108,10.741367,0.5331982,0.021966182,0.043387935
151,4391,61.139885,0.5403821,0.11715181,0.22936052
151,152,25.14452,0.5336564,0.051820286,0.09847737
152,170,20.814573,0.5304221,0.045348797,0.08736497
152,648,25.318668,0.5296284,0.05528649,0.10571512
152,4431,32.97535,0.52843696,0.06485425,0.12562834
152,151,25.007334,0.53317773,0.05149286,0.09804508
153,467,24.077852,0.60702085,0.048850276,0.09434285
153,7029,2.125801,0.60056067,0.0021076351,0.005277142
154,6148,1.4382896,0.6049644,0.0024164394,0.006135866
154,6150,36.360676,0.6149301,0.070962965,0.13644552
155,479,17.417429,0.6000275,0.035547365,0.06912299
155,4422,59.294815,0.6052238,0.112878084,0.22175634
155,466,29.185753,0.5958277,0.058283024,0.1115128
155,6146,28.446224,0.60376996,0.057736203,0.110462874
156,5421,2.246376,0.589915,0.0022503585,0.005570218
156,3937,62.54967,0.59351504,0.116186395,0.22763337
157,3846,1.5549545,0.58351004,0.0019238293,0.004804939
157,6111,1.6414261,0.58266276,0.0033576116,0.0076373667
157,466,62.617805,0.59023523,0.11854627,0.23309143
158,4409,1.4808655,0.5571692,0.0026372373,0.0062140226
158,4399,44.85512,0.5657423,0.092305735,0.17893021
159,162,17.687214,0.55048895,0.03791943,0.0734315
159,4409,16.637241,0.5560653,0.03588074,0.06990312
159,4397,47.981,0.56170905,0.091839164,0.18043807
160,471,31.266659,0.57138914,0.061725874,0.11828749
160,4406,17.954922,0.5690518,0.036953498,0.07188773
160,4397,28.04298,0.56681216,0.05598792,0.10636198
160,4402,18.66088,0.56560355,0.0385888,0.07471579
161,471,45.65986,0.5772185,0.087155245,0.16897726
161,5046,15.838955,0.58056563,0.036397472,0.07143436
162,5535,1.9678955,0.54739934,0.0029938594,0.0066080987
162,159,17.617123,0.549962,0.03803565,0.073512465
162,163,45.012714,0.54996884,0.09311959,0.18088894
163,6120,0.86484146,0.5284417,0.0017001107,0.0040926933
163,4396,6.717018,0.560253,0.014819078,0.02974376
164,4411,1.8487778,0.57064915,0.0025337413,0.0056108087
164,471,18.905869,0.57163954,0.038689468,0.0747967
164,165,41.897358,0.5720028,0.08672546,0.16733706
165,1406,1.5343361,0.574827,0.0029950142,0.0064098984
165,161,15.221886,0.5773757,0.034768768,0.06770035
166,167,30.69808,0.5360551,0.066518806,0.12828754
166,162,36.578644,0.54470205,0.07823334,0.15104766
166,6600,30.89521,0.5333295,0.06734882,0.1298961
167,459,24.774046,0.5358162,0.0515333,0.09794686
167,6599,44.789574,0.5322222,0.08742734,0.1713101
167,168,17.631258,0.5328955,0.03817349,0.07396686
167,166,30.748951,0.53792226,0.06579118,0.12731472
168,459,18.118032,0.5339472,0.03765385,0.0730843
168,3847,32.89496,0.52860916,0.064960964,0.12580717
168,169,6.526661,0.5342831,0.013683774,0.027814046
168,167,17.456987,0.5333048,0.03757824,0.07298426
169,458,24.013224,0.5329026,0.05285001,0.101105265
169,168,7.0842094,0.53490543,0.015022539,0.030163169
170,152,20.694666,0.5318617,0.045356523,0.087010406
170,653,21.877651,0.53299266,0.05246307,0.101908825
171,1074,26.559727,0.5471059,0.057281725,0.109785266
171,181,40.86421,0.54650307,0.08511453,0.16470753
172,6454,1.4546661,0.5404798,0.00095202774,0.002535075
172,6453,1.5496597,0.54082495,0.0035499036,0.007648006
173,6456,29.193275,0.54085356,0.0640569,0.12200826
173,1269,98.13897,0.5400973,0.1855164,0.362454
174,2148,17.08545,0.5465116,0.035171997,0.06803835
174,2674,37.02105,0.55201966,0.07120182,0.13972433
174,233,14.135168,0.5479946,0.029095978,0.05682499
175,694,1.4984512,0.5561959,0.0047886074,0.010564402
175,1018,0.43201065,0.031905204,0.002415888,0.005640909
175,5468,46.843666,0.56000084,0.10157741,0.19671328
176,2718,19.470718,0.5646151,0.045631327,0.088363476
177,6669,28.835175,0.54928595,0.049013987,0.09389884
178,6220,41.41203,0.54136544,0.050404787,0.096333615
178,238,72.4294,0.5418003,0.15140556,0.29555163
179,6713,18.0073,0.5219876,0.03944646,0.07655086
180,1076,28.068636,0.5355701,0.057036616,0.10897754
180,1137,40.621716,0.52969754,0.08644089,0.16632526
181,180,34.933804,0.53749985,0.07452712,0.14389507
182,367,9.403416,0.5823653,0.022038788,0.04377474
183,3291,93.5049,0.58397883,0.17711298,0.34820837
183,3580,24.663345,0.58635974,0.059606254,0.115965985
184,6882,9.897308,0.5942245,0.019706354,0.039233863
184,1646,12.648628,0.5892515,0.023129307,0.045949414
185,6236,3.8562584,0.60130644,0.0071989894,0.01439403
185,1054,2.5720215,0.5992208,0.004393868,0.009315655
185,997,59.884544,0.60537547,0.11410698,0.22481501
186,3085,41.13699,0.6047098,0.07922787,0.1556421
186,3588,32.188416,0.6069677,0.06874281,0.13409299
186,2749,77.35582,0.60470825,0.16017129,0.31452817
187,2542,6.893322,0.5943507,0.013312727,0.026634037
187,2541,8.27668,0.5929782,0.01617749,0.03228818
187,828,39.516037,0.5949884,0.07559356,0.1487944
187,998,20.126814,0.5942775,0.041177988,0.079656616
188,5728,40.31511,0.59684587,0.086799555,0.16735291
188,189,24.890684,0.5954162,0.060121235,0.11671692
189,3236,3.5210228,0.5951882,0.008611321,0.017734408
189,405,6.292446,0.5902728,0.015275046,0.030764356
190,1080,31.669426,0.59936434,0.07783916,0.15013312
190,3007,25.682259,0.59366786,0.053048413,0.10137191
191,755,74.51543,0.59495056,0.14065188,0.27830926
191,3613,34.669857,0.59976315,0.08566398,0.1668427
191,1118,3.371334,0.5953509,0.0049706176,0.010809064
192,2058,1.3792839,0.5834494,0.0010835156,0.0029262751
192,1044,6.1375084,0.6010459,0.013209142,0.026781946
193,1373,57.451015,0.590084,0.11923943,0.23495537
193,4386,57.595913,0.59051013,0.12048282,0.23663266
194,1019,28.11974,0.5517855,0.07358822,0.14111918
194,6516,192.40163,0.53156954,0.41092983,0.79400474
195,2588,4.469742,0.49102506,0.014284492,0.028731376
195,7002,5.214451,0.49472722,0.015767701,0.031232253
196,7003,18.300161,0.49581313,0.0402519,0.07740915
196,2698,123.63763,0.50550973,0.24485758,0.47444504
197,631,2.016613,0.44479445,0.003296636,0.0065699965
197,1309,21.761389,0.4555033,0.052777685,0.10183113
198,197,17.187311,0.4437856,0.04082066,0.07849295
198,1684,1.8879318,0.4317032,0.0034885108,0.0073533803
198,632,2.3424797,0.43371573,0.004346989,0.008799866
199,627,2.4883614,0.3820092,0.005683288,0.011445746
199,2319,28.951822,0.35934952,0.07383909,0.14010043
199,1623,2.305584,0.38018462,0.0054284707,0.010828331
200,2627,2.06678,0.4794059,0.003133662,0.006336808
200,3538,73.25961,0.4851346,0.14571789,0.28245434
200,6873,13.8246975,0.48581046,0.03199681,0.06270541
201,6455,34.289543,0.53778446,0.08761066,0.16549122
201,202,31.020096,0.53734136,0.07788743,0.14973487
201,1073,13.830645,0.54112077,0.028950192,0.056482278
202,201,30.38131,0.53575486,0.077580206,0.14972971
202,1954,35.939213,0.53381306,0.089868926,0.17058818
202,1077,14.130234,0.53759605,0.02892775,0.056540653
203,3837,1.9200096,0.529527,0.003820911,0.008154124
203,4326,1.601635,0.52514756,0.0049382523,0.010291144
204,6764,2.7195396,0.5518295,0.005341202,0.011209354
204,2146,8.079582,0.5495437,0.016971976,0.033921435
204,3510,45.421875,0.55649704,0.09585997,0.18596223
205,206,14.362408,0.5436288,0.031618163,0.061819173
206,6428,45.8806,0.54708,0.08899432,0.1728459
206,208,2.0753212,0.54872346,0.0044315383,0.009175375
207,6378,57.41986,0.55355585,0.114877254,0.22397172
207,5176,17.68936,0.54960495,0.038217466,0.07446594
208,6491,1.0843735,0.54086566,0.0022505075,0.00502941
208,5305,51.70771,0.5555706,0.110731326,0.21724921
209,3006,9.556816,0.5610331,0.020930491,0.041578308
209,6496,25.98168,0.5589981,0.06252187,0.12085332
210,1136,42.16138,0.5626035,0.08137448,0.15788613
210,2000,12.737734,0.559053,0.026104897,0.051427394
210,6663,20.867056,0.5584961,0.043830905,0.084818386
211,692,100.57286,0.56266636,0.19271258,0.3779477
211,6336,31.899502,0.5782956,0.06687994,0.13031565
212,374,16.362007,0.5828473,0.037137933,0.07223748
213,227,9.320385,0.577771,0.016667217,0.03388068
213,2981,4.8222923,0.57701164,0.009727858,0.019809738
214,335,6.0007553,0.5381559,0.012898117,0.026264608
215,3004,22.423363,0.5946468,0.046559006,0.09000121
215,1340,8.639061,0.5949101,0.016786955,0.033150494
215,247,152.7901,0.58268833,0.28889123,0.5665314
215,2731,104.58867,0.58522964,0.19702604,0.38703167
216,3004,43.67436,0.5944163,0.091967784,0.17897151
216,6243,61.49032,0.5861604,0.12895195,0.2538929
217,3002,10.762764,0.5933602,0.021913268,0.043041468
217,3003,15.198751,0.59517044,0.032793857,0.0637636
218,2979,41.374653,0.5983909,0.08631406,0.16750479
218,217,18.847641,0.59453535,0.03862717,0.07458789
219,6737,2.0258865,0.6027494,0.0028582066,0.006321475
219,5213,26.92015,0.61152285,0.05819712,0.11132225
220,230,80.40109,0.5619038,0.15298092,0.2993302
220,48,101.25665,0.57680565,0.19047621,0.37367064
221,225,29.530315,0.56482494,0.0593016,0.113226235
221,25,7.856594,0.5655441,0.015579432,0.031373754
222,223,68.19917,0.565302,0.1312106,0.25769964
222,176,17.649036,0.5650321,0.03666566,0.07100519
223,2691,1.7412186,0.570895,0.0046010613,0.009079933
223,222,68.24613,0.5639208,0.13010208,0.2566672
224,221,100.47687,0.5628508,0.19240195,0.37785953
224,6003,16.983637,0.5749638,0.038659193,0.07525341
225,2718,60.116806,0.5605846,0.11629022,0.22802937
225,209,41.46181,0.56142175,0.07901828,0.15211141
225,221,29.260529,0.5618401,0.05870852,0.11264711
226,1439,31.46982,0.5583856,0.06205096,0.120147966
226,6742,3.2059937,0.5565394,0.008780435,0.01804319
227,992,48.314587,0.5832328,0.11541231,0.22588697
228,226,29.567524,0.5583259,0.072574176,0.14119619
229,4692,32.18847,0.5547534,0.08215751,0.15717933
229,2719,80.395134,0.55236214,0.25611746,0.49855042
230,220,80.51863,0.5611175,0.15233532,0.29724723
230,139,29.127123,0.57284886,0.058812205,0.11208573
231,1076,38.756836,0.5389006,0.07478933,0.14590648
231,1074,44.822845,0.54520065,0.08659158,0.1689498
231,181,27.525349,0.54062545,0.055887293,0.10630135
232,1076,45.365196,0.5346715,0.0871098,0.16891618
232,1137,24.071299,0.5280268,0.058546998,0.113117285
233,2147,17.423967,0.54700035,0.036014184,0.069826916
233,6450,37.35161,0.5507649,0.07181747,0.14079021
233,5432,14.2127495,0.54573786,0.029192429,0.057202198
233,174,14.141014,0.54868144,0.029115371,0.05697535
234,4981,1.2246742,0.530232,0.004465021,0.009418011
235,1077,45.564327,0.53617024,0.08811181,0.17125976
235,232,10.941971,0.5318663,0.025604159,0.050646797
236,2672,71.64378,0.50978374,0.15666983,0.30204818
236,2670,105.26846,0.5218286,0.20642017,0.40173876
237,2637,76.6919,0.5067203,0.15294221,0.29706013
238,178,72.5842,0.54079074,0.15197676,0.29562038
238,239,39.16789,0.5439292,0.075264074,0.14768694
238,6429,22.609463,0.54376584,0.047083043,0.09005267
238,5217,59.14868,0.5462993,0.12297055,0.24068537
239,1393,15.061054,0.5435349,0.03118886,0.060801752
239,238,39.482243,0.5438006,0.07626487,0.14943455
239,5459,78.334595,0.5400677,0.15202498,0.2971985
240,2364,4.612465,0.52173465,0.009713598,0.019699737
240,3754,31.802715,0.5191343,0.069649234,0.13350305
241,114,4.2422066,0.5215857,0.0083814785,0.016866803
241,2362,6.529377,0.52055496,0.014230564,0.028218389
242,3779,1.3832283,0.52120715,0.0021856874,0.005132675
242,246,5.761238,0.5212959,0.012932673,0.025735408
243,2836,36.674934,0.5312792,0.06720415,0.12811975
243,2761,48.841946,0.5270911,0.12794273,0.24844676
244,4226,2.2005844,0.53255934,0.00268922,0.0061023086
244,5480,48.548996,0.5304461,0.094713144,0.18369034
244,100,21.035164,0.5299991,0.046721917,0.08945522
245,6257,8.515247,0.53726226,0.017071933,0.033899948
245,4426,56.106636,0.53477156,0.10806671,0.21109545
246,3749,25.440887,0.5233839,0.056561917,0.10799806
247,215,153.09476,0.5843737,0.2902277,0.57030624
247,1521,5.664036,0.58318317,0.013343871,0.026594236
248,6104,119.78226,0.52521837,0.23373288,0.45460325
248,88,60.65536,0.5300105,0.1281674,0.25007072
248,107,20.394701,0.5304714,0.044515707,0.08570214
249,292,48.12146,0.6074932,0.10146471,0.19632514
249,3707,24.96895,0.6006187,0.046087317,0.08789265
250,1555,2.9764214,0.36497748,0.008629449,0.01654908
251,5249,60.252773,0.4149606,0.16106763,0.31083676
251,695,47.08815,0.39720103,0.096112035,0.18413362
252,1895,2.0295525,0.447139,0.004506275,0.009200916
252,4868,4.608284,0.44859892,0.009539254,0.018853769
253,1897,0.5058136,0.4496486,0.005033292,0.010151476
253,700,73.92253,0.45301935,0.1113752,0.2140588
254,2126,3.227394,0.4375202,0.0035791695,0.007555291
254,5370,48.302067,0.4358555,0.10751952,0.20684175
255,3953,49.52478,0.28926852,0.14106444,0.27976218
255,269,130.12589,0.33049443,0.2857945,0.55029464
256,6993,38.22047,0.35006225,0.08184372,0.15413517
256,4160,50.340103,0.36720926,0.17335522,0.33909065
257,1875,220.32774,0.50652236,0.4350836,0.8453382
257,1875,28.803478,0.5086364,0.0715952,0.13616005
258,6139,1.8065681,0.60141766,0.003610298,0.007673651
258,7048,13.050289,0.59788084,0.0298546,0.05852793
259,2167,5.8114967,0.58119255,0.010796279,0.02158764
259,2411,2.7453613,0.5904435,0.0075341165,0.01545018
260,5044,2.7461472,0.6035685,0.0033813938,0.007692173
260,5206,62.9974,0.6107446,0.15960272,0.31467706
261,941,32.081802,0.56428057,0.063401446,0.121982284
261,975,46.3282,0.5615641,0.114299595,0.22221884
261,4774,15.971277,0.56486374,0.03336227,0.06507719
262,965,32.06614,0.5625895,0.06393437,0.12259588
262,923,11.0182495,0.56201446,0.025684208,0.05065383
263,980,9.857784,0.046456337,0.023017146,0.044940844
263,895,39.8886,0.5566471,0.098803334,0.19059753
264,4303,21.930756,0.5454557,0.05339587,0.10253429
264,1370,11.692226,0.07561454,0.042993024,0.08441928
265,6329,26.477058,0.6109788,0.05684722,0.109417215
265,4109,69.12561,0.6081638,0.1303301,0.25742823
265,6330,25.586887,0.6102979,0.05353296,0.10251056
266,3907,24.223978,0.61360574,0.050230864,0.097010106
266,1372,34.413425,0.61102444,0.06805919,0.13219933
267,449,1.8271942,0.6147012,0.0023266524,0.0052858293
267,3675,2.5113106,0.6138862,0.0036371127,0.007895559
267,5486,65.991585,0.6185504,0.1615187,0.31864697
268,6530,1.4054337,0.3010091,0.0054834858,0.009964123
268,6993,101.08716,0.31379688,0.22510141,0.43462598
269,6993,105.39372,0.34993052,0.2305457,0.44290727
269,255,129.43503,0.330078,0.28745025,0.55192304
269,270,112.60179,0.3923748,0.24001276,0.46133637
270,274,126.18288,0.41774115,0.26392215,0.5078229
270,269,112.84755,0.39272255,0.23930088,0.4603386
270,271,102.931206,0.41064554,0.21497977,0.41345155
271,4259,1.8431587,0.41829187,0.0028340071,0.00573352
271,2128,32.016663,0.42145222,0.06928335,0.13054396
271,270,102.80246,0.4158609,0.21428779,0.4122035
272,1902,2.7333946,0.33649522,0.004986681,0.009530142
272,2117,17.07673,0.33996195,0.047642786,0.0936705
273,2927,99.21057,0.4124773,0.20587158,0.39643732
273,274,10.199348,0.43202502,0.021531008,0.041790962
273,715,100.00611,0.44957334,0.20340592,0.39175192
274,275,47.301872,0.43853095,0.09603559,0.18507375
274,273,10.498409,0.4322907,0.022129394,0.04299371
274,270,125.878235,0.42118174,0.2629538,0.50576377
275,715,124.89359,0.45720798,0.25445905,0.49035293
275,5780,80.82757,0.44904724,0.16321391,0.3138807
275,274,47.201958,0.43942395,0.09604231,0.18518168
276,3592,2.0158195,0.60504276,0.0028312802,0.0063077807
276,1335,7.463402,0.60628855,0.014837727,0.02944024
277,3590,2.0998611,0.6008478,0.0034006834,0.007120669
277,1333,20.352556,0.6016348,0.04185548,0.0806203
277,3594,48.4237,0.6000036,0.09987845,0.19500697
278,279,26.839958,0.5656359,0.054648425,0.10457498
278,5409,24.386213,0.56743526,0.050990973,0.09808982
279,2489,4.5548058,0.5718483,0.008378468,0.016823545
279,1024,35.59754,0.5700869,0.070373476,0.13546488
280,281,47.699394,0.57556117,0.090777956,0.17817336
280,6359,16.235014,0.57313824,0.033683952,0.06554093
280,1003,47.706944,0.57186586,0.09276112,0.17937429
281,2986,1.9285583,0.5756467,0.0028796345,0.0062224865
281,280,47.448795,0.5752472,0.09088738,0.17769624
281,1568,38.504833,0.58069414,0.0797814,0.15419178
282,6785,17.697708,0.58282757,0.03670215,0.071323484
282,3438,8.318085,0.581499,0.01660572,0.0326477
283,299,27.287079,0.5867926,0.055635307,0.106662475
283,5075,42.072483,0.5913464,0.101876676,0.19767964
284,285,17.284548,0.60325044,0.03510743,0.067921914
284,407,26.138643,0.60121304,0.05358299,0.10292218
285,286,25.663658,0.60110873,0.052681778,0.10084758
285,380,55.46093,0.60757065,0.10786464,0.21112454
286,3499,22.113161,0.608532,0.053209886,0.10281311
287,2459,1.9583931,0.6508021,0.002890341,0.006447062
287,484,116.58646,0.6538916,0.21168074,0.4189517
287,290,18.99268,0.6591329,0.043516178,0.084365435
288,1482,17.264235,0.6483811,0.035187017,0.06849664
289,3420,2.127079,0.6395344,0.003170155,0.006463185
289,451,48.840187,0.6432025,0.10153755,0.19737126
290,2470,2.2964096,0.6502124,0.003495276,0.007601112
290,1188,13.286863,0.6524208,0.030021597,0.05853335
291,1964,50.840378,0.5909498,0.09765147,0.18930028
291,3626,193.91849,0.5743242,0.36875877,0.7209045
291,5579,39.90541,0.598418,0.07686076,0.1488578
292,4631,79.92409,0.58569777,0.20127663,0.39314795
293,4019,0.72701263,0.38554984,0.003718324,0.0032086968
294,3525,2.9537888,0.6519049,0.0020181015,0.0052988827
294,4367,62.76986,0.65449136,0.12952736,0.25660956
295,5775,0.39950562,0.3778094,0.002904445,0.0016891211
295,3963,52.085228,0.42549208,0.18335721,0.28426814
296,323,4.5041275,0.6382204,0.0153397545,0.029311433
296,4787,4.4244614,0.6577578,0.007836185,0.015860409
296,4471,42.047752,0.66062015,0.07082799,0.13480973
297,396,64.955734,0.61392677,0.122602165,0.24250773
297,5528,29.747707,0.6132203,0.0588394,0.11411348
298,3087,1.4094353,0.5913266,0.0039956793,0.008737072
298,5859,19.067675,0.5980124,0.04504287,0.08820303
299,283,27.190445,0.58771676,0.055192504,0.10538203
299,3503,49.436443,0.58471185,0.09531809,0.18533327
299,680,48.451405,0.58778495,0.0925047,0.17868741
300,4571,1.8983574,0.6522064,0.0026831701,0.005569786
300,303,44.228462,0.6565534,0.08379321,0.16457425
300,4570,5.4898796,0.63898045,0.010893367,0.021211535
301,4574,2.5352402,0.644354,0.005118467,0.010253578
301,502,10.437748,0.6500779,0.020464428,0.040275067
302,314,41.203056,0.6510111,0.07894699,0.15592591
302,502,50.203102,0.64667,0.09172736,0.17828299
302,3906,84.03961,0.6433517,0.1502811,0.2954553
303,300,45.303463,0.6568334,0.08470299,0.16628787
303,3157,71.546585,0.6498729,0.13054907,0.25842
303,3133,66.68545,0.65113866,0.122867145,0.2440207
303,316,65.33796,0.65464914,0.120836906,0.23965412
304,2923,121.28327,0.63799095,0.22220987,0.43805605
304,3285,249.3539,0.62793714,0.45685044,0.8962027
304,3896,76.14691,0.6399969,0.13940705,0.27654463
305,3900,34.26761,0.4176935,0.13411847,0.20754649
306,3896,6.98925,0.63608253,0.013207845,0.026156873
306,4137,2.8498764,0.63386893,0.0042227134,0.008738846
306,2924,6.1416817,0.6400995,0.013930567,0.0270499
307,327,314.12683,0.64619416,0.6188715,1.2176898
307,1519,49.730545,0.3647986,0.18788077,0.2976603
308,310,82.31802,0.62451124,0.16787669,0.33134937
309,3957,2.2440453,0.6260077,0.003617011,0.0073715
309,3557,38.722233,0.62876767,0.07959205,0.15509251
309,4624,43.06138,0.629504,0.080834165,0.15826534
310,329,99.824844,0.62987274,0.20325595,0.3992591
310,308,83.474014,0.6306026,0.16890183,0.33436203
311,3105,8.918049,0.56450254,0.05475423,0.11097511
311,1753,41.59317,0.5585101,0.09760429,0.18677193
312,19,71.26604,0.53185314,0.15478766,0.30075356
312,1916,7.0235825,0.5302645,0.04672019,0.093232006
313,4569,3.0630646,0.64271706,0.0037407652,0.00839749
313,4567,6.4549675,0.64582443,0.0130698085,0.026362926
313,314,81.37959,0.65318346,0.1493366,0.29692784
314,313,82.51058,0.6498048,0.15064274,0.29907146
314,302,41.51424,0.64990765,0.07932643,0.15625915
314,3133,54.369713,0.6524185,0.10155782,0.20074621
314,315,91.527756,0.64927566,0.16708066,0.33113247
315,359,72.0869,0.64929307,0.13121668,0.26130655
315,319,24.83207,0.6420286,0.046503022,0.089017384
315,314,90.61838,0.6523169,0.16581309,0.32925135
316,3127,72.408325,0.652776,0.13236839,0.2629845
316,303,64.60278,0.6542625,0.11842192,0.23496503
316,3099,89.04968,0.6519176,0.16096823,0.3192662
316,3126,39.861496,0.65411425,0.07619482,0.14938542
317,321,64.90205,0.65082514,0.11941009,0.23740762
317,318,55.157715,0.64745736,0.10305628,0.2029765
317,4569,52.389103,0.6510156,0.09681224,0.19121993
318,317,55.476906,0.6509572,0.10305354,0.20376407
318,499,38.94562,0.64531463,0.076808825,0.1498898
318,3372,87.22942,0.64593923,0.12657386,0.24893486
319,4215,4.4780617,0.6380669,0.007729724,0.015789881
319,315,25.206352,0.6477336,0.04819823,0.0930303
320,5496,38.799713,0.6495389,0.07458188,0.1439212
320,4566,39.722286,0.65062857,0.075908914,0.14680523
320,3100,60.00142,0.65358126,0.11766076,0.23314257
320,496,82.424805,0.6485913,0.1607251,0.31920785
321,317,64.7732,0.65042365,0.1189801,0.2367599
321,4567,115.65819,0.64491343,0.22966158,0.45162863
321,501,35.6642,0.6511571,0.07340884,0.14358824
322,6806,107.723816,0.6486453,0.19735163,0.39037287
322,3157,35.888172,0.6467697,0.06937273,0.13580482
322,3155,24.745846,0.65365034,0.052622113,0.101268806
323,2498,2.425766,0.64492846,0.010798976,0.020762697
324,4243,2.7418098,0.62426394,0.0043725893,0.009186238
324,3958,4.4319763,0.6272211,0.0076361746,0.015345052
324,3285,84.13066,0.6294746,0.15446009,0.30613363
325,2923,8.26614,0.6366635,0.01587528,0.031236187
325,3158,61.381462,0.6396015,0.11364139,0.22499381
325,2151,93.25764,0.6439964,0.17076457,0.33888292
326,4609,15.309074,0.63300085,0.030890346,0.060365424
327,307,312.41766,0.6465579,0.6128553,1.2040925
327,328,48.59703,0.6442938,0.09232273,0.18127924
328,327,48.936523,0.6395029,0.091741584,0.17895702
329,4593,2.817051,0.6256076,0.0017083362,0.004938498
329,6508,31.77013,0.6339439,0.068331055,0.13241795
330,802,5.413101,0.5756859,0.015840001,0.03071095
331,4114,2.029354,0.6049649,0.0031719133,0.006597966
332,3388,2.0802917,0.6172262,0.0033572689,0.007253796
333,3390,2.2895164,0.6320135,0.0033574477,0.0074971467
333,3386,80.034065,0.63435256,0.14631908,0.29054463
334,2706,133.49463,0.62433624,0.3299834,0.6497952
334,3640,11.8344,0.626914,0.023404486,0.046067074
335,2188,100.90076,0.5322817,0.21282893,0.4141549
335,111,1.6861305,0.53641343,0.0031977743,0.0065916777
336,339,71.40669,0.603054,0.13408606,0.2649778
336,337,28.767231,0.6048748,0.061504,0.11858001
336,352,46.83649,0.61375463,0.096555546,0.18932131
337,2840,121.133064,0.6044744,0.22473368,0.4429599
337,336,28.754757,0.60613334,0.061817504,0.119050086
337,338,20.181406,0.6053106,0.042795986,0.08269512
338,4450,14.079645,0.6018666,0.02850318,0.055774644
338,339,49.866604,0.6040449,0.10102753,0.19760108
338,337,20.161774,0.60386586,0.042539228,0.08234794
339,336,71.11507,0.60346985,0.13394643,0.26475587
339,3339,27.326576,0.605157,0.058638763,0.11241019
339,338,49.400734,0.60583496,0.10102191,0.19786528
340,6990,8.243698,0.60392576,0.01733362,0.034649834
340,5932,70.95082,0.60427195,0.14886136,0.29272908
341,342,2.0320396,0.5922306,0.0036165193,0.007930189
341,5931,33.212685,0.60161394,0.0713254,0.13758169
341,4183,34.90647,0.6013535,0.06793907,0.12981087
342,341,2.061077,0.59354615,0.0036569834,0.008150026
342,343,69.37554,0.59678704,0.14298439,0.28198007
343,1295,61.428635,0.59714466,0.116637975,0.22989887
343,342,69.59978,0.60079455,0.14296171,0.28221408
343,344,47.369904,0.5986678,0.096778184,0.18879598
344,1294,2.730835,0.5933826,0.004185267,0.008929804
344,345,57.148304,0.5987525,0.11632196,0.22763497
344,343,47.16707,0.5976797,0.0965676,0.18849453
345,346,52.98365,0.59585154,0.10820953,0.21123701
345,344,57.655537,0.59516037,0.11832342,0.2314663
345,5242,41.978844,0.595801,0.07978072,0.15524514
346,345,52.5318,0.59750843,0.106644146,0.20759553
346,2372,24.43386,0.59181994,0.052910544,0.10153378
347,4506,0.0809288,0.5763028,0.0036489964,0.0067042112
347,4462,1.4388771,0.5939662,0.0027103275,0.0055796057
348,4452,1.8881683,0.59731025,0.0017547235,0.0043828785
348,349,23.870182,0.6033801,0.052057236,0.099946335
349,2092,2.2543793,0.5978492,0.0034910962,0.0075882226
349,1294,162.88837,0.5912951,0.30345464,0.59548944
350,2089,42.94109,0.6076765,0.08915337,0.17362714
350,2752,80.96182,0.60789984,0.16683882,0.3279347
350,353,127.59689,0.6055936,0.23697934,0.46677357
351,2085,133.76294,0.59493303,0.2734522,0.5364416
351,4308,25.426592,0.60027134,0.05524286,0.10606036
352,4448,0.38774872,0.10996103,0.0020730868,0.004439473
352,4451,117.31059,0.60232186,0.21654591,0.42484176
352,336,45.33548,0.6108691,0.0958942,0.18827346
353,3336,155.30414,0.60225827,0.28851324,0.5663686
353,350,127.40212,0.6030615,0.23661137,0.4654001
353,6353,33.636894,0.6118417,0.066377364,0.12803361
354,6355,1.5191231,0.59783924,0.0022240877,0.004924968
354,355,84.81761,0.6128904,0.15841672,0.31179398
354,6353,31.084044,0.61237305,0.06174264,0.118893504
355,354,85.170616,0.6082327,0.15880027,0.31306472
355,4712,3.4502983,0.61258745,0.008718044,0.017262384
356,357,3.5500565,0.637841,0.0062868223,0.012366712
356,3362,176.57684,0.6400156,0.29869685,0.5879823
357,356,3.6838799,0.63484776,0.0068808943,0.013407543
357,3737,33.404785,0.6396314,0.066117555,0.12644751
357,5684,6.0395355,0.63169783,0.011482686,0.022513881
358,2141,11.446445,0.63627493,0.016846254,0.034170583
358,3737,2.9837074,0.63510585,0.0046736374,0.00995791
358,1071,130.0882,0.6258905,0.23864895,0.46883398
359,315,71.73559,0.6460321,0.13024625,0.2581111
359,503,57.961433,0.64422715,0.1255229,0.24875692
359,3353,27.066525,0.6415576,0.054678194,0.10658815
360,2899,18.60768,0.5400173,0.039067067,0.07543562
360,6677,34.5202,0.5419602,0.06674767,0.13015436
361,1626,209.95343,0.55681777,0.40102795,0.7823317
361,644,41.29166,0.57175004,0.08608321,0.16565077
362,363,37.371014,0.030648917,0.16558889,0.35055196
363,2577,25.24067,0.57812625,0.05813938,0.11251375
364,6676,1.7794075,0.5815723,0.0041433796,0.008381709
364,3219,20.482887,0.041492164,0.086590916,0.17731327
365,2497,2.576748,0.56612015,0.00343021,0.007744089
366,2002,8.236755,0.038629085,0.025121085,0.049814656
367,6343,24.057648,0.57351166,0.058981903,0.115105465
367,6348,8.738426,0.58227265,0.020413853,0.040300384
368,416,7.1371574,0.56621605,0.01677832,0.033525392
368,793,31.070156,0.56232744,0.07504842,0.14670336
369,1669,8.548767,0.3826987,0.01917687,0.036817774
369,3329,32.38028,0.389032,0.074459225,0.14076567
369,1676,10.325148,0.37698746,0.023107931,0.0440924
370,2285,22.52145,0.34692237,0.051773667,0.09777168
370,2316,9.353863,0.3438847,0.021035723,0.040225178
370,2283,23.75046,0.3359924,0.05497931,0.10381254
370,1676,26.92936,0.3609463,0.062191784,0.11716376
371,3329,1.8539009,0.3968966,0.0038983226,0.007837772
371,6289,37.945522,0.4079515,0.105868645,0.20434046
372,450,4.3170166,0.62091786,0.0103813335,0.021170557
372,373,65.71237,0.61692715,0.10553025,0.20302208
373,366,28.551208,0.62687,0.054533828,0.10685111
374,6348,1.7235832,0.5825146,0.004837878,0.010102823
374,1007,142.26279,0.5713431,0.26811752,0.52626437
375,22,8.3993225,0.58379686,0.020032793,0.039660633
376,709,13.981178,0.5858903,0.030003108,0.058753185
376,2506,5.7523575,0.58305174,0.013802856,0.02775897
377,2071,2.438755,0.5976284,0.0034247637,0.007445529
377,2073,2.7075577,0.59858954,0.004182644,0.008722663
377,4312,138.76953,0.5965522,0.259109,0.5098937
378,4227,17.246782,0.5289736,0.03724181,0.071703635
378,1650,16.27527,0.53011346,0.035082627,0.06801948
379,777,39.86378,0.6057002,0.07533093,0.14690235
379,5052,12.17614,0.6023807,0.02479314,0.04851891
380,379,29.074959,0.60078394,0.057540398,0.11114505
380,4929,20.613367,0.6009381,0.041818053,0.08055421
381,2312,15.391247,0.6012522,0.03182034,0.06203998
381,285,27.340347,0.6011252,0.05566603,0.10636238
382,383,17.443895,0.5990681,0.036108922,0.07030509
382,2312,38.001774,0.60228765,0.07296639,0.14011344
383,1562,3.217472,0.59850067,0.005398132,0.0113174915
383,382,17.46242,0.5970225,0.036166504,0.070628285
383,185,27.312914,0.60210764,0.054437753,0.10405021
384,2735,44.71849,0.6089878,0.09350162,0.18195172
385,2734,16.765404,0.60910404,0.03578359,0.06952557
386,2739,25.135904,0.6060951,0.05368505,0.103194885
387,386,15.76564,0.6098411,0.033737328,0.065990284
387,1055,12.545151,0.6092932,0.026314408,0.052062154
388,2775,2.612091,0.6121777,0.0037891418,0.008563131
388,2,15.776703,0.6071186,0.031702504,0.061868735
389,2776,3.6954346,0.60570073,0.006203562,0.01285629
389,909,82.21873,0.60660726,0.1660837,0.3282001
390,3403,1.8118935,0.60076344,0.0024266392,0.00551489
390,6097,7.8405647,0.6025268,0.015330702,0.030318663
391,1733,2.3066673,0.60765475,0.0038572475,0.0071275085
391,817,26.893917,0.0379934,0.10389674,0.22111101
392,393,60.222298,0.61178577,0.113332525,0.22282237
392,1113,71.6479,0.6074853,0.13652611,0.27022678
393,5354,62.19831,0.61043936,0.11754959,0.2326348
393,395,28.959162,0.60986984,0.05940759,0.11315242
394,392,12.582045,0.6082711,0.025889449,0.051111862
394,4613,5.820709,0.6082074,0.010987423,0.02247721
395,394,67.86716,0.61137086,0.12698321,0.25073832
395,396,80.57228,0.6112341,0.1520592,0.30076885
396,397,42.643112,0.6152777,0.08181206,0.1593744
396,297,64.37109,0.6155989,0.12202635,0.24091682
396,395,80.10611,0.6137494,0.15096515,0.29856703
397,2003,2.6617393,0.60495484,0.0033433214,0.007883921
397,396,42.233368,0.6138618,0.08118619,0.15943018
397,331,54.869915,0.61322975,0.101883814,0.19954827
398,5985,0.0,0.5799427,0.0060651004,0.011535078
398,5980,2.1720695,0.5827007,0.0036962181,0.008004963
399,4628,3.2983627,0.63238204,0.0038292408,0.008536071
399,3864,149.64972,0.6485761,0.3004377,0.59079176
399,4627,25.217216,0.6376012,0.05406067,0.10452762
400,6230,2.205223,0.6248445,0.0038818642,0.008256793
401,2938,74.973404,0.63005316,0.15193376,0.3011557
401,401,20.975266,0.6312866,0.04475501,0.08649749
402,403,96.806854,0.6229305,0.1797207,0.3551367
402,1655,113.43438,0.61995703,0.23113856,0.45429868
402,3642,264.76147,0.60146445,0.5316644,1.0414335
403,402,96.01906,0.61988616,0.17742062,0.35069418
403,1655,66.21789,0.62089634,0.1235784,0.24452987
403,3274,27.164068,0.6199804,0.05521566,0.10674957
404,4266,2.0714798,0.61918175,0.003016837,0.00619705
404,1652,52.00733,0.62414014,0.09823777,0.19196114
404,4267,104.05513,0.61603916,0.21416098,0.41890076
405,5728,20.663485,0.5923066,0.048392188,0.09370038
405,2541,31.63443,0.5911656,0.06344574,0.12161439
406,184,82.70871,0.59855473,0.12102399,0.23719671
406,3234,1.0132294,0.5804127,0.0018932,0.005010739
407,2313,34.401134,0.5980622,0.067986965,0.13134319
407,2312,2.1574326,0.597446,0.0034751669,0.0075680017
408,825,8.12051,0.5960653,0.01582548,0.03156382
408,2212,12.319632,0.59704185,0.027785152,0.05464915
409,6235,2.3841438,0.5971961,0.0037525445,0.00799866
409,825,32.284073,0.5971745,0.06452187,0.12371796
410,6236,2.8800735,0.5990164,0.0047824606,0.00979583
410,1054,5.836334,0.59835666,0.010997288,0.022017121
411,1052,57.45957,0.60268664,0.10899101,0.21465845
411,412,62.91925,0.6055699,0.113549985,0.22576812
411,410,20.431929,0.60086614,0.042022973,0.081309654
412,1048,83.93162,0.59975713,0.15842584,0.31234688
412,411,62.62068,0.60368866,0.1133065,0.22516276
412,1045,21.343512,0.5988736,0.044006072,0.085193746
412,1046,24.914251,0.6004108,0.05173338,0.09921124
413,414,22.369703,0.55875593,0.04834108,0.09277982
414,1000,3.418171,0.57071096,0.007339552,0.0153182
414,6388,5.461567,0.56408125,0.011357799,0.023232654
415,2896,1.4800148,0.56107265,0.004987307,0.01044637
415,2897,1.7380142,0.5615789,0.005586274,0.011666223
416,6621,10.068005,0.56482756,0.023335107,0.046171114
417,5159,2.5395432,0.5703648,0.00068908185,0.0025219023
417,5161,13.692789,0.56945485,0.028221369,0.055094168
418,423,37.301537,0.5689391,0.07835323,0.15218726
418,422,15.282162,0.568283,0.032327678,0.06268091
419,3443,2.1097755,0.56715894,0.0058120266,0.012205899
419,1059,12.545055,0.56164175,0.029646993,0.058157794
420,2445,18.084599,0.56810564,0.04238334,0.08258021
420,1304,24.098425,0.5688344,0.050057307,0.09550295
421,420,8.823822,0.5696749,0.021423846,0.042538032
422,421,3.779934,0.5734867,0.007752627,0.015700296
422,418,15.513435,0.5710428,0.032969117,0.06424919
423,2894,38.228844,0.5637486,0.07438765,0.1462093
423,418,37.301327,0.57008624,0.07750282,0.15010831
423,5397,67.39059,0.563406,0.14105716,0.275892
424,5298,0.26607132,0.13648775,9.546429e-05,0.0
424,2858,108.395424,0.5613345,0.23236078,0.4515602
425,3775,2.6964607,0.068430305,0.007970512,0.015688732
425,3290,3.673603,0.57752585,0.007268138,0.015100926
426,965,11.593155,0.56337225,0.027434185,0.054036602
426,976,16.08092,0.564879,0.035213165,0.068506874
427,6059,30.95789,0.5645777,0.06263046,0.122258976
427,6057,29.810928,0.56766057,0.07714717,0.15059158
428,429,45.479877,0.5485089,0.09479829,0.18441042
428,4996,46.284992,0.54839885,0.09723079,0.18935585
429,966,70.4336,0.55148697,0.15249252,0.2968721
429,922,25.528694,0.547812,0.05554898,0.106793985
429,428,44.630505,0.54597366,0.092901394,0.18031755
430,6333,1.6853943,0.5813278,0.0021120682,0.004856795
430,431,28.451633,0.58620924,0.06807847,0.1317918
431,712,34.235092,0.58529955,0.08309037,0.16091278
431,5698,127.26344,0.57561266,0.26870504,0.5246809
432,5123,1.0430374,0.55086625,0.002317965,0.005128309
432,803,84.03633,0.58772546,0.21768445,0.42831635
433,2783,1.6701889,0.60042065,0.0030857697,0.0070514083
433,437,20.841753,0.6008613,0.044373486,0.086327925
434,5631,1.7864037,0.59865725,0.0049949214,0.009628043
434,758,37.956562,0.6005468,0.080213375,0.15524587
435,3676,3.141842,0.5946056,0.008235738,0.016886815
435,6437,8.376049,0.5950894,0.019481905,0.03904292
436,435,1.8423119,0.5991127,0.0050222278,0.010582462
437,758,21.447931,0.59795,0.045918886,0.08820618
437,2783,19.528408,0.60013705,0.042173237,0.08181315
438,2795,1.8293381,0.5964111,0.003086038,0.006897077
438,6155,30.319592,0.599221,0.07293201,0.14456138
439,6877,17.729445,0.59956676,0.0397063,0.07744615
439,6189,4.7106476,0.5960616,0.011161096,0.022408158
440,4659,1.3697052,0.593309,0.003517747,0.007779017
440,3123,27.376015,0.5997447,0.06365948,0.12430465
441,883,19.237806,0.5971779,0.044982005,0.0878608
441,5628,24.217226,0.59614944,0.057356223,0.111312
442,5698,2.5555458,0.58693886,0.004672438,0.010269821
442,5096,79.217445,0.58620334,0.1640209,0.32166928
442,3245,35.750652,0.5818017,0.07593686,0.14806445
443,5759,72.284134,0.61927193,0.17963776,0.35474652
443,444,6.178833,0.62101716,0.010572836,0.022211224
444,443,6.1088943,0.62088513,0.010557696,0.021916136
445,6281,36.437965,0.6202174,0.09042061,0.17389038
446,2002,1.275322,0.6173678,0.0014865398,0.0030987114
446,447,6.6510506,0.06031218,0.021909237,0.043324545
447,444,50.096188,0.61390215,0.08897274,0.16851117
447,7043,15.458393,0.6205698,0.034235194,0.06754159
448,788,14.656858,0.62093794,0.03306514,0.06471051
449,267,2.196495,0.615411,0.0029850677,0.0067944825
449,7044,89.81723,0.61257344,0.2220689,0.4347698
450,5529,37.880707,0.6234926,0.09309931,0.1822488
451,3421,2.0620766,0.64017177,0.0029911175,0.006319165
451,5890,238.34166,0.61987376,0.43943363,0.8612577
451,5033,49.04801,0.6433832,0.10198819,0.19917011
452,4459,33.565784,0.56130445,0.06580956,0.12774323
452,2733,62.133408,0.5516792,0.11890512,0.23260593
452,1694,11.54933,0.5524671,0.023334682,0.04625511
453,5096,132.4851,0.5806472,0.19458824,0.38419357
453,1184,27.231873,0.5869964,0.058101464,0.11086066
453,3328,95.45537,0.5834863,0.19890854,0.38894325
454,2594,15.920181,0.5877782,0.032605503,0.06341292
454,6918,29.6687,0.5853883,0.058979474,0.11296441
454,2598,109.43369,0.5854782,0.20448767,0.40249458
455,733,16.843283,0.5926055,0.034756366,0.06778005
455,2594,120.50436,0.587196,0.22478509,0.44231927
455,1366,185.91112,0.582743,0.35753548,0.7028245
456,2611,23.930588,0.5929845,0.049663626,0.096082956
457,839,7.1413,0.5422027,0.014121577,0.028372854
457,4394,43.729927,0.5489288,0.09265297,0.17970043
458,3757,1.858532,0.5352054,0.0028789788,0.0063572377
458,459,10.199226,0.5367473,0.02104126,0.04189524
458,457,14.706146,0.5380433,0.032590292,0.06347842
459,839,22.994934,0.5404678,0.047923073,0.09164781
459,168,18.483427,0.5353597,0.038524806,0.074681
459,167,25.149843,0.53750587,0.051946472,0.09850816
459,458,10.036156,0.5353729,0.020487301,0.040815875
460,2061,94.57861,0.65526104,0.100212954,0.19703087
461,147,4.9906273,0.53002775,0.009525798,0.019001454
461,6114,53.50415,0.5262016,0.103790194,0.2043164
462,5767,2.4538841,0.5889688,0.0046662763,0.010046557
462,3441,30.487297,0.58644694,0.06078268,0.116209835
463,4407,1.187458,0.55626315,0.0028746054,0.0062110424
463,4401,26.229347,0.5748455,0.058640867,0.11260222
464,6144,0.0,0.30157617,0.0012926906,0.0022304058
465,4405,1.4730186,0.5744006,0.0017983168,0.004287049
465,3846,57.74044,0.5786053,0.11016779,0.21604913
465,5047,54.074768,0.5764273,0.11262016,0.2190577
466,5422,2.167019,0.5967756,0.0032733604,0.0068606436
466,157,61.945656,0.59064186,0.11768077,0.23182018
466,480,64.63787,0.59636194,0.1218157,0.24032182
466,155,28.867981,0.59717524,0.057751715,0.110607326
467,3654,2.1920052,0.604176,0.0032283813,0.007066652
467,1412,51.39962,0.6177223,0.0972978,0.18980187
467,673,27.7822,0.6092452,0.055881597,0.10814346
468,4640,26.26626,0.5971174,0.054285612,0.10483181
468,3654,29.492191,0.60296917,0.05918202,0.11323533
468,479,28.289902,0.5991061,0.057182614,0.10956591
468,6486,60.47813,0.5979428,0.11460492,0.22317256
469,3938,1.5360756,0.5779603,0.0021431372,0.0050377995
469,6907,56.190865,0.57511985,0.12002525,0.23411189
470,4636,2.0899544,0.57413024,0.0032051057,0.0068892688
470,3327,72.23251,0.5678377,0.13697906,0.268289
470,469,24.920864,0.5750905,0.051748794,0.09845279
471,164,18.306128,0.5698474,0.037562303,0.07282272
471,161,45.217987,0.5755949,0.0871245,0.16898221
471,160,31.174864,0.5699024,0.061674997,0.11863595
472,2762,1.2412415,0.5370938,0.0024167374,0.0054058284
472,6094,21.329779,0.53851366,0.046753723,0.0896649
473,1761,79.11888,0.55162865,0.15435565,0.30111644
473,2643,34.755245,0.559461,0.06866424,0.1329291
474,2466,2.860588,0.6544399,0.005043581,0.010945156
474,4371,115.506096,0.6536399,0.21099484,0.4181403
474,3917,56.279175,0.6484242,0.13302532,0.26322562
475,837,31.628191,0.5615957,0.062867105,0.120174
475,838,27.539682,0.5522914,0.056386292,0.10719177
475,6117,7.3432045,0.55677265,0.014372274,0.0288423
475,4412,46.44959,0.5625055,0.088664815,0.17307976
476,4636,26.949007,0.57613224,0.054857694,0.10459084
476,4401,34.01614,0.57479036,0.06676313,0.1289159
476,4400,25.073862,0.5775683,0.051147785,0.0976554
477,4400,1.8534431,0.57971764,0.0024811625,0.005627662
477,478,62.143814,0.59200937,0.11843696,0.23223537
477,157,16.044312,0.58138645,0.03476373,0.06767454
478,477,63.006092,0.5887111,0.11887712,0.2331438
478,4639,26.436348,0.592979,0.053677984,0.10307228
479,3653,29.390316,0.6027173,0.05927329,0.11295905
479,5423,28.22265,0.59784514,0.05767337,0.11035704
479,155,17.285976,0.6001769,0.035267014,0.068627894
479,468,28.346218,0.5993644,0.05725033,0.10948281
480,1883,2.0420074,0.59872746,0.0027019083,0.0059977323
480,466,65.71806,0.5980912,0.12306781,0.24251693
480,5085,31.907104,0.6148798,0.07707155,0.15325755
481,6461,34.45444,0.58118373,0.067914374,0.1312916
481,5048,14.577909,0.5851771,0.031817075,0.06251856
482,3858,0.96170807,0.55229914,0.0013104156,0.0029154718
482,3851,107.99554,0.5753672,0.22708684,0.4440204
482,1403,104.003815,0.5726017,0.19468515,0.38070893
483,701,49.237396,0.6196811,0.092759766,0.18104376
483,7046,33.765568,0.620666,0.067641735,0.12965408
483,684,36.16085,0.6222857,0.069966234,0.13633963
484,288,6.522648,0.656132,0.012405075,0.025213823
484,485,59.16098,0.6593837,0.10801509,0.21340288
485,1872,1.7926254,0.6420495,0.002004154,0.0041081756
485,1874,21.50374,0.64988565,0.042700745,0.08418814
486,485,7.5189667,0.64962375,0.014315203,0.028397635
486,288,55.831013,0.6492595,0.10356653,0.20299293
487,4321,2.2178574,0.6423364,0.0041909292,0.008971736
487,490,3.0546875,0.6455568,0.0058924854,0.012168363
488,2913,1.3810463,0.63516337,0.0031480566,0.0070022494
488,6416,0.0,0.032764792,0.0011902303,0.0028695017
488,492,33.204422,0.6387992,0.08466277,0.16480067
489,508,92.11966,0.6469636,0.17126873,0.33936495
489,509,57.217968,0.64540374,0.116003625,0.22968715
489,490,104.44346,0.6461555,0.21147802,0.41651827
490,489,103.39636,0.6453268,0.2097134,0.41323924
490,491,44.472084,0.642747,0.084058166,0.16540651
490,487,3.1586227,0.646029,0.00591854,0.01224111
491,490,44.214092,0.64303654,0.0836169,0.1646303
491,2106,17.080217,0.6368399,0.034647685,0.067397706
491,492,82.25368,0.63555026,0.14956577,0.2965982
492,491,82.77086,0.6359692,0.15027359,0.2980061
492,2826,49.12569,0.6276933,0.1279387,0.25194913
493,2106,102.74492,0.6203867,0.18691263,0.368882
493,46,38.484665,0.61827517,0.09605088,0.1876772
494,1629,5.9641304,0.6556154,0.008592151,0.017561585
494,5518,6.1183395,0.65114063,0.014296301,0.028054476
495,496,37.113106,0.64880836,0.0826854,0.16285312
495,4210,31.011887,0.64821064,0.06921833,0.13368477
495,1737,92.20322,0.64318097,0.1673711,0.32983127
496,320,82.40613,0.6522434,0.16082376,0.3195747
496,495,36.63994,0.64790666,0.08160083,0.16101721
496,3372,28.214354,0.65022504,0.06303288,0.121749744
497,3090,18.943485,0.6551761,0.038814828,0.0754781
498,6574,2.1767235,0.64337605,0.0033187196,0.006963417
498,5492,22.440468,0.64825934,0.04582553,0.08892069
499,318,39.35305,0.6468339,0.076417916,0.14972663
499,4565,9.266567,0.6510618,0.018206902,0.036053568
500,4568,13.360256,0.6460609,0.027681164,0.053629726
500,5462,24.755234,0.6517176,0.05227626,0.10131073
501,503,113.28457,0.6439938,0.24879232,0.49063694
501,3372,33.111786,0.6478598,0.07485048,0.14641455
501,321,35.741886,0.6490951,0.073952444,0.14507848
502,302,49.985416,0.6478733,0.091391616,0.17771922
502,4574,10.12302,0.64788073,0.019968823,0.039413065
503,2154,70.174164,0.6435069,0.12713006,0.25212896
503,501,115.17474,0.64353436,0.24754158,0.48805767
503,359,58.443184,0.64805233,0.12659308,0.25154358
504,3595,2.5423317,0.60779405,0.002028443,0.0051748157
504,4988,24.444311,0.61103106,0.05293051,0.10161612
505,5034,1.5203896,0.63519514,0.0028098673,0.006024614
505,6,29.5932,0.64124846,0.063347556,0.12117252
506,6204,13.330925,0.040704668,0.060804702,0.12897961
506,508,83.44826,0.6521262,0.17224541,0.33959866
507,3763,1.7823868,0.62985516,0.002728127,0.005949825
507,3081,31.423403,0.63441956,0.06781425,0.13149965
508,489,92.32065,0.6480557,0.17103663,0.33935142
508,506,83.17769,0.6459599,0.17091668,0.3344312
508,5240,55.91867,0.64991915,0.11197205,0.2212544
509,489,56.82043,0.64503646,0.11385003,0.22513811
509,6592,45.419147,0.64276934,0.08587356,0.16699657
509,3658,31.615175,0.64400643,0.066129535,0.1273612
510,5066,17.234713,0.6512015,0.04549201,0.089243755
510,5066,24.18148,0.6573016,0.0480412,0.093731865
510,6237,22.055618,0.0039726496,0.08356735,0.17068358
511,512,93.472824,0.6576801,0.17364173,0.34397686
511,2233,25.014954,0.65210736,0.05832492,0.11450938
512,3129,2.1936035,0.6462351,0.003309399,0.0069303215
512,1420,58.008907,0.6491567,0.10572918,0.20490581
512,511,94.82643,0.65429425,0.17246339,0.34197488
513,2393,93.31009,0.6571546,0.17206472,0.34147692
513,4329,41.470695,0.3977123,0.14840373,0.2303144
513,3660,1.871376,0.37774742,0.0061549917,0.008038968
514,5376,16.709787,0.60726374,0.037563857,0.07351952
514,4738,7.8830376,0.613337,0.018147811,0.03566681
515,4729,5.8629303,0.5029298,0.01464916,0.029424042
515,2166,4.110676,0.49389312,0.006682582,0.013833076
516,2893,2.3934898,0.5598974,0.0037237182,0.007937148
516,1060,69.65471,0.55558056,0.13433737,0.26413584
516,4288,8.909775,0.55962265,0.021645598,0.043092534
517,6266,2.2521744,0.43549988,0.0041534826,0.00841476
517,2281,4.2247124,0.43729162,0.008770175,0.017166615
517,6265,5.491543,0.4353513,0.011784747,0.022928953
518,6265,5.5824966,0.43543693,0.010096297,0.019466966
518,517,4.434105,0.43467662,0.009745643,0.01872912
519,5133,1.9036026,0.43213218,0.002999507,0.0060578585
519,2280,41.85853,0.41706795,0.08389546,0.15967338
519,518,28.63599,0.43506178,0.065649614,0.12384386
520,2280,52.43469,0.40654665,0.10769555,0.20627643
520,519,21.927496,0.42431164,0.050768256,0.09624584
521,4702,1.9604378,0.42957044,0.0038984865,0.007838771
521,520,18.715036,0.42792162,0.041685227,0.07996159
522,4701,2.2876015,0.4325558,0.0045964345,0.009552658
522,6841,4.215351,0.43564332,0.009089343,0.017983153
523,524,281.74353,0.47044602,0.6250208,1.2208532
523,4041,17.241041,0.4489778,0.03744014,0.07208164
523,1855,21.193546,0.4526588,0.04582386,0.08746988
524,3772,1.6342125,0.47074026,0.002998203,0.006688997
524,523,281.65967,0.47133505,0.62364924,1.2186474
524,528,65.540215,0.47776383,0.14813408,0.2858936
525,526,80.540535,0.4441273,0.17572746,0.3378982
525,6648,22.568504,0.46558142,0.051673587,0.098666675
526,525,79.09477,0.4426993,0.17642988,0.3394742
526,4000,52.481094,0.41127285,0.116650775,0.22503085
526,2026,82.78871,0.40174246,0.1733337,0.3338407
527,2432,28.614601,0.3468921,0.06384072,0.12027706
527,2039,55.743176,0.32694393,0.118377216,0.23002735
527,3610,22.380028,0.35310453,0.050565913,0.09504446
528,3773,1.7298698,0.48497254,0.0024857596,0.0051892996
528,3167,42.720654,0.49071035,0.09282846,0.18033087
529,3041,95.77533,0.49887782,0.18947877,0.36685005
529,530,42.9034,0.50734174,0.09214975,0.17962435
529,3167,83.629265,0.49620515,0.18236697,0.3521081
530,3988,2.4594383,0.512056,0.0058414564,0.011997879
530,529,42.16343,0.5061548,0.09174971,0.1784939
531,4592,140.26065,0.48765478,0.31178495,0.60328084
531,3734,101.542694,0.508103,0.19923052,0.38724136
532,4441,151.81915,0.49819303,0.3025225,0.5859588
532,2144,44.27178,0.5086766,0.08706125,0.16910817
532,2144,45.404842,0.5086394,0.08930036,0.1736451
533,3689,1.5724831,0.476861,0.0028411895,0.006341338
533,2421,124.152466,0.4859835,0.27304554,0.52768517
533,1553,18.434896,0.4832893,0.043391578,0.08346891
534,1506,33.700233,0.4680376,0.07388512,0.14265253
534,535,68.91916,0.45295697,0.1860545,0.35955113
535,5272,16.745604,0.44548765,0.03425924,0.06627582
535,559,8.5177,0.42783815,0.020718202,0.040650204
536,5892,1.9643822,0.348863,0.004018426,0.0078175515
536,2341,138.69666,0.38852823,0.29593122,0.5678367
536,1323,64.11861,0.3335358,0.18893814,0.3664114
537,575,3.3175774,0.4927224,0.0070137978,0.014370367
537,2344,56.373833,0.4837947,0.123913884,0.2401957
537,576,44.437508,0.4975956,0.09620022,0.18762456
537,1220,23.11187,0.48958153,0.05120071,0.09771909
538,1514,2.0738869,0.4977089,0.006292172,0.012985975
538,2370,92.34386,0.5086694,0.25627518,0.497945
539,4661,1.4566612,0.44872522,0.00473392,0.009528384
539,538,150.18533,0.46510285,0.43288952,0.8415918
540,5955,12.040028,0.52905333,0.02474603,0.049299583
540,5960,0.7435837,0.18726334,0.0019573048,0.004290387
541,1612,0.0,0.05092141,0.0032381117,0.006133005
541,540,72.947815,0.545576,0.19461568,0.3789813
542,5555,1.7464485,0.52459884,0.0033093244,0.0070727617
543,4950,5.473549,0.5217698,0.010908954,0.021623388
543,4951,2.7624512,0.52127975,0.0056993663,0.011686802
544,545,21.952908,0.5181246,0.04814678,0.09193448
544,2602,1.7088814,0.520232,0.002223879,0.004773751
544,1591,35.880203,0.5186645,0.07103417,0.13731539
545,2604,1.5842323,0.5205096,0.0019297302,0.0041942
545,1596,28.407753,0.51977223,0.06186501,0.11811605
545,1590,27.149319,0.51931655,0.05568712,0.10622143
546,905,22.332806,0.5253299,0.049112428,0.09395214
546,2605,1.6702957,0.5260207,0.0024859235,0.005481988
547,3445,1.4985847,0.5310169,0.0031431764,0.0070545524
547,3447,1.3536301,0.5288039,0.0015741512,0.0037804693
547,1589,59.208946,0.5303287,0.11451319,0.22325243
548,4306,1.6619263,0.53490376,0.002273798,0.005271226
548,1378,76.92551,0.5338513,0.14863817,0.29048535
548,549,70.441246,0.5389051,0.15204364,0.29394302
549,6770,0.0,0.044123888,0.0046799183,0.0082923025
549,916,2.3009033,0.54610646,0.004693538,0.009356156
550,3549,0.55706024,0.3048177,0.0,8.7067485e-05
550,551,62.80316,0.5398477,0.1321473,0.258393
551,910,63.93917,0.54234946,0.122757584,0.24084173
551,2251,36.939255,0.5451078,0.077861175,0.15136115
551,550,62.70479,0.54259443,0.13449173,0.2621563
552,4889,1.4963722,0.5433091,0.0029329062,0.006926775
552,2251,1.6161385,0.5433208,0.0032495186,0.0076259375
552,553,78.49403,0.5445774,0.1664052,0.32427344
553,6771,3.64777,0.5465322,0.007636994,0.0160124
553,552,78.91996,0.5461393,0.16687779,0.3253736
553,1126,6.2978134,0.54613495,0.012186937,0.02468817
554,3064,8.280788,0.5519351,0.017538153,0.035227075
554,5558,22.487099,0.55274874,0.04889714,0.09384071
554,1110,30.816818,0.5524146,0.06557019,0.12614389
555,6497,1.4562378,0.5518377,0.0018274635,0.004634723
555,1433,193.49753,0.5453573,0.374937,0.7299597
555,4339,63.388557,0.5515878,0.13347027,0.2599361
556,568,92.12203,0.5553221,0.17479855,0.34269953
556,558,10.818422,0.56005144,0.02847261,0.05563779
557,3680,1.6268997,0.563045,0.0022772774,0.005193129
557,5282,1.7116776,0.56158584,0.0020174235,0.0044603646
557,3278,35.09687,0.56466407,0.11162462,0.21755168
558,1876,1.5646706,0.5562966,0.0020745173,0.0047534704
558,1881,32.705364,0.56146085,0.06489334,0.1250406
558,3183,79.13727,0.55626935,0.266387,0.52163285
559,7077,1.8552132,0.44317976,0.005281903,0.010752827
560,3572,34.37731,0.44686887,0.08935306,0.17200111
561,3692,23.68392,0.4535129,0.04903742,0.093002066
561,7075,9.822884,0.4449147,0.023585044,0.04583983
562,5551,1.3743858,0.50673115,0.0017985106,0.004007891
562,2603,96.44737,0.52375495,0.18529311,0.3601604
562,1571,24.442318,0.52333295,0.051599707,0.09872354
563,5971,1.3969154,0.5326031,0.0019096062,0.0043115616
563,5970,28.738636,0.53163135,0.058249537,0.11146499
564,5569,2.611889,0.5434167,0.0014164448,0.003527537
565,1443,21.636003,0.5500048,0.041205123,0.079358466
565,4241,10.085739,0.54617417,0.020456329,0.040789753
565,896,60.761948,0.54959214,0.08931511,0.17322278
566,6181,1.652916,0.5549802,0.002216667,0.0049862415
566,569,70.79122,0.55380535,0.13561648,0.264351
566,5281,55.75231,0.55875003,0.10694674,0.20813347
567,6181,57.053963,0.5585844,0.11035541,0.2152728
567,5281,1.6269035,0.5574984,0.0032608658,0.0075135827
567,4693,74.68773,0.5580318,0.1578395,0.30796963
568,6181,15.846331,0.5556934,0.032475404,0.06320138
568,556,91.12278,0.55403954,0.17501095,0.3426546
568,1109,53.762093,0.5571897,0.103019476,0.2015426
569,620,2.3675537,0.55931264,0.004719235,0.010163501
569,5281,50.85627,0.56009823,0.10573493,0.20661537
570,4370,1.5291672,0.5638254,0.0031662583,0.00719361
570,4343,1.5395737,0.5599197,0.0032799467,0.0071734786
571,639,46.058517,0.5737778,0.15313262,0.3011472
571,640,29.915024,0.56825733,0.08894159,0.17530316
572,3685,1.7378235,0.47183588,0.0024024323,0.0050712526
572,2413,63.124725,0.47239476,0.16719064,0.32283723
573,2428,34.548103,0.46928498,0.07033233,0.13419609
573,2425,124.52848,0.46361354,0.2541193,0.49015975
573,2019,35.215313,0.4651818,0.07176468,0.13719228
574,2019,60.93315,0.4669699,0.121362105,0.23578914
574,3687,68.266525,0.47183722,0.13715541,0.26593745
574,3975,148.84732,0.43964446,0.30710986,0.59353286
574,2391,30.09528,0.46507704,0.06263783,0.11903993
575,537,3.2875175,0.49383852,0.00697913,0.014155433
575,580,57.51282,0.48503435,0.12560709,0.24366453
575,581,43.80718,0.49863708,0.094534054,0.18488085
575,6791,57.3462,0.49454758,0.1128961,0.2194255
576,581,5.130314,0.5032185,0.010057345,0.020141184
576,537,44.043682,0.49919856,0.095302686,0.18608887
576,6157,28.57817,0.50506127,0.06335925,0.12148008
576,1219,27.703714,0.49356332,0.054670867,0.10521917
577,4138,1.0065613,0.32467124,0.001632452,0.0032000095
577,582,2.0853615,0.5131882,0.0062634572,0.013255104
578,2238,2.8111496,0.46902415,0.0049378946,0.01004836
578,2238,102.086655,0.46326116,0.22632912,0.43654823
578,579,24.771553,0.469587,0.055610653,0.10567006
579,1511,3.5000076,0.47050378,0.006270908,0.012657821
579,580,42.13159,0.4795518,0.0914241,0.17795847
579,578,24.775053,0.4702101,0.055361155,0.10513755
579,6915,127.88397,0.47804534,0.25571686,0.49378854
580,2344,3.3158875,0.47906536,0.005992502,0.012143776
580,575,57.348244,0.48440823,0.1258233,0.24429324
580,579,41.8714,0.47725978,0.09164444,0.178756
580,1254,56.797283,0.48370633,0.112325035,0.21841593
581,576,4.697258,0.5044444,0.009072073,0.018173069
581,1840,38.116783,0.50252104,0.07541278,0.14618301
581,6156,28.749313,0.50616574,0.0632894,0.12139702
581,575,43.385582,0.49959984,0.09395483,0.18370192
582,4155,1.0923882,0.4977029,0.0021939427,0.0047718436
582,7092,21.097929,0.51803976,0.05130907,0.09948221
583,1511,29.645813,0.47380012,0.06632173,0.12654488
583,2344,13.251942,0.47802624,0.029022247,0.056264646
583,6657,80.831604,0.47438553,0.16159466,0.31267548
584,1462,43.002632,0.57367325,0.08256609,0.16166519
584,4717,187.6545,0.55923676,0.35820457,0.69916254
584,3226,158.53717,0.55951,0.30099013,0.588331
585,1464,304.78784,0.55706555,0.58317804,1.1408063
585,1462,246.434,0.55705637,0.47681332,0.9298348
585,586,109.911354,0.56621426,0.20728454,0.40592676
586,6726,1.1932678,0.56631076,0.001397185,0.0036683679
586,724,8.344265,0.56903774,0.01812213,0.036327288
586,585,109.267235,0.5670873,0.20571898,0.4032516
587,2958,1.8571281,0.5706825,0.002527155,0.005685717
587,2959,25.171633,0.5692176,0.06060385,0.11708858
588,1807,1.770462,0.5679763,0.002406612,0.005581513
588,638,104.78343,0.56479836,0.19791463,0.38780618
588,4338,47.9309,0.56795174,0.12625183,0.24700731
589,2410,3.706997,0.56465924,0.010237277,0.02086994
589,1808,3.729782,0.56490415,0.005786963,0.011915848
590,6800,50.203827,0.570687,0.09663195,0.18999103
590,1803,24.890472,0.5570608,0.08806052,0.17590739
591,6800,2.0734596,0.57069135,0.0035224482,0.007841036
591,607,48.796436,0.5631625,0.101850025,0.19718958
592,1812,3.938324,0.5678649,0.00700517,0.014572963
592,604,38.19512,0.5696764,0.07323714,0.14358039
592,1806,21.750055,0.5657766,0.04467179,0.086665034
593,599,35.637344,0.57078147,0.071796544,0.14122552
593,595,41.095875,0.57001406,0.078894414,0.15385544
593,1812,21.492388,0.5677314,0.04422096,0.085256286
594,3216,4.094551,0.56555134,0.0043652356,0.010098398
594,598,2.3280106,0.57050574,0.0044268295,0.009791091
594,1805,23.736666,0.5595267,0.108813845,0.21724783
595,5407,0.4949913,0.5644702,0.0080687925,0.015630081
595,593,41.847862,0.571963,0.0793501,0.15531231
595,598,24.781797,0.5692819,0.053476032,0.102154985
596,5408,1.4488068,0.5667857,0.0022734553,0.005423203
596,5615,14.068466,0.56858504,0.029087253,0.056749262
597,3545,69.46569,0.56897616,0.13077885,0.25672832
597,1813,2.3481064,0.56222016,0.0038458854,0.008012891
597,598,70.6387,0.5670686,0.1341201,0.26367238
598,594,2.4044228,0.56891733,0.004802689,0.010200754
598,597,70.70067,0.5692109,0.13356192,0.26258853
598,595,24.130802,0.568785,0.052560024,0.10039053
599,606,58.680794,0.56859213,0.118471235,0.23224802
599,593,35.9183,0.5719312,0.072193414,0.1421578
599,600,35.931377,0.57092774,0.06969789,0.13705903
600,604,10.006359,0.5663533,0.020015799,0.03959194
600,602,62.8879,0.56432873,0.11551797,0.22727329
600,1812,39.57387,0.5679898,0.07200055,0.14026956
600,599,35.722218,0.5701713,0.06945035,0.13534589
601,1811,1.640068,0.5682626,0.0024671406,0.0053965747
601,5613,33.104073,0.5701462,0.069061935,0.13331255
601,604,33.54594,0.5699241,0.06552335,0.1268492
602,600,62.594223,0.5660507,0.11609635,0.22854155
602,606,53.622417,0.5696374,0.11115419,0.21741346
602,603,13.53006,0.5663796,0.028785862,0.05629863
603,602,13.269539,0.5680112,0.028149508,0.055174492
603,605,56.316505,0.5677696,0.11534348,0.22574113
603,604,62.042515,0.56848896,0.11880353,0.23323755
604,600,9.693047,0.56715304,0.019345134,0.03831272
604,592,38.089745,0.56947863,0.07308966,0.14310436
604,601,33.723625,0.5685073,0.066002995,0.12659845
604,603,61.946266,0.5662346,0.11848026,0.23231155
605,5747,4.399662,0.5625567,0.004774101,0.0107256025
605,589,6.020714,0.5675336,0.015019119,0.029995024
605,603,55.865654,0.56865245,0.116139434,0.22730258
606,5408,109.98488,0.56742454,0.22826645,0.4467699
606,599,58.447433,0.5703769,0.118696414,0.23301455
606,602,53.789104,0.5712692,0.11179003,0.218602
607,1804,3.9460297,0.56631804,0.003078632,0.006905973
607,590,28.180304,0.5590229,0.10382362,0.20796858
608,3574,27.013891,0.57022464,0.054743797,0.10414714
608,1815,163.27219,0.56036663,0.31143767,0.6092473
608,1816,63.426758,0.5667371,0.123185664,0.24153967
609,730,4.5900116,0.5656137,0.0090730265,0.018283114
609,5801,1.4929276,0.5730604,0.0026689023,0.006205246
609,3280,27.48294,0.5728178,0.047999755,0.09233826
609,5618,52.660748,0.02255869,0.28576732,0.60267556
610,611,52.816277,0.5734278,0.10990745,0.21496046
610,5801,27.37284,0.572066,0.0597716,0.115835905
610,3266,39.062237,0.57528377,0.074757844,0.1465914
611,5239,99.73259,0.5702279,0.20681743,0.4044532
611,610,52.875637,0.5741823,0.109896936,0.21531749
611,2930,58.613693,0.5738283,0.113120615,0.22232458
612,3035,121.44468,0.56244075,0.17804794,0.35069478
612,3894,33.432156,0.56658584,0.057666972,0.10967932
612,6786,9.318054,0.56684756,0.018367082,0.03681089
613,614,98.958084,0.55619794,0.20747456,0.40322682
613,1436,68.66025,0.5619018,0.14174177,0.2760132
613,2132,127.18673,0.5550302,0.24162054,0.47265148
613,3035,63.434845,0.5640331,0.093623765,0.18272875
614,3042,135.94522,0.55328,0.25882837,0.50663835
614,613,99.137924,0.55479676,0.20764753,0.4033373
614,3032,67.9866,0.56505525,0.13957576,0.2735669
615,5786,1.7655716,0.5616103,0.003407158,0.007375419
615,4061,10.743635,0.5638299,0.022958368,0.045462996
615,5788,0.76389694,0.56118727,0.0042305365,0.008999556
616,5787,80.39188,0.5595867,0.2417286,0.47489893
616,617,8.039028,0.5625861,0.017837614,0.035456672
617,3394,12.152878,0.55972356,0.026449926,0.05197224
617,616,8.21883,0.56121093,0.017742828,0.0354771
618,5263,1.3249397,0.55506074,0.0017243847,0.003944427
618,619,84.25052,0.5504287,0.18128821,0.35225713
619,1444,30.61507,0.5589288,0.064977765,0.12585804
619,5263,84.02887,0.5465947,0.17941606,0.34844014
620,569,2.2981186,0.556774,0.0045902953,0.010042861
620,621,112.27356,0.55531734,0.21257329,0.41682494
620,6855,65.35881,0.5564204,0.13677472,0.26757956
621,620,112.017006,0.55710465,0.21276274,0.4162218
621,3042,49.85785,0.5604529,0.09663946,0.18959151
621,3042,41.559315,0.56200576,0.0800641,0.15692738
622,936,27.192669,0.5576567,0.058863714,0.11271213
622,6684,2.6627922,0.55988836,0.0055248067,0.011723712
623,1887,20.128647,0.5397795,0.047582306,0.09218393
624,3456,7.555771,0.53933084,0.018140644,0.036402866
624,6477,16.150099,0.5420524,0.03697084,0.072736196
625,7091,1.3379936,0.5213262,0.004716143,0.009935439
625,630,3.0339813,0.5233565,0.0062369406,0.012531802
626,5016,1.9565163,0.49538577,0.0025255755,0.005515203
626,4725,74.77733,0.48045027,0.19505076,0.3770658
627,199,2.4843483,0.37974954,0.00538522,0.010817647
627,1669,2.3756027,0.3833022,0.0053934157,0.010823548
627,2726,25.58949,0.39339888,0.06389332,0.11949821
628,5193,5.428829,0.439936,0.010833703,0.02142848
628,6287,52.839863,0.45300123,0.10415945,0.20081007
629,4724,2.1711578,0.4632512,0.002933979,0.0060489327
629,1912,124.59857,0.49148014,0.3251968,0.63054997
630,4154,1.5223045,0.52066946,0.0027468652,0.006085485
630,625,2.8055,0.5244091,0.005719885,0.0117926
630,4682,27.261639,0.5225869,0.06745877,0.12971592
631,197,2.138939,0.4445778,0.00343211,0.0068855435
631,2279,92.218216,0.4351315,0.19043216,0.3663206
631,632,16.1487,0.44244924,0.03835881,0.073352806
632,198,2.0934029,0.43400502,0.0040261447,0.008112133
632,6627,29.698383,0.42347217,0.0766411,0.14770353
633,634,217.3551,0.5796912,0.4499443,0.87945527
633,1242,198.33559,0.57692456,0.3794277,0.74333763
633,1965,332.12872,0.5759504,0.62542325,1.22456
633,853,28.555874,0.5951545,0.061487578,0.11840898
634,1242,119.461525,0.583211,0.22395551,0.44060004
634,1186,13.028139,0.5882311,0.027547173,0.054039583
634,633,218.45361,0.5805352,0.44908932,0.8777965
635,5116,1.3273392,0.58237994,0.0025787875,0.0059194863
635,2870,25.172537,0.58370733,0.05370621,0.10278647
636,5118,1.6178818,0.5810187,0.0020252764,0.004666686
636,5119,1.429615,0.585475,0.0016729236,0.004229516
636,5117,80.63463,0.5800623,0.17129618,0.3349074
637,779,92.958984,0.57713306,0.17683056,0.34699154
637,5224,2.6274872,0.5771696,0.005034551,0.010897443
637,5117,36.915188,0.58199877,0.07692031,0.14911166
638,3656,2.5687714,0.5657261,0.0041017532,0.008914664
638,588,103.84735,0.5631145,0.19706993,0.38674086
638,1810,112.39989,0.5620021,0.21240842,0.4162008
639,1809,0.35554886,0.5691349,0.004078299,0.008646905
639,571,47.8327,0.56056935,0.1507095,0.29551706
639,588,46.459503,0.56930417,0.12460849,0.24473992
640,571,29.850311,0.5665732,0.088898286,0.17455631
640,3038,47.425095,0.56569636,0.14778453,0.28792065
640,3656,58.781456,0.56444937,0.113620475,0.22218779
641,2410,82.957466,0.5668699,0.15784752,0.3104437
642,643,8.2118,0.5668438,0.017081872,0.03399968
642,1803,72.22948,0.56529075,0.1393604,0.2741432
642,1430,51.94288,0.56952417,0.107378975,0.21014065
643,642,8.112854,0.56752247,0.01679612,0.033541128
643,4910,47.90856,0.568312,0.09204138,0.17934489
643,1810,48.085865,0.56986594,0.09916831,0.19390929
644,2949,1.2744446,0.56934637,0.0022004023,0.0049357116
645,3862,1.9567604,0.6058564,0.00299038,0.006631762
645,5087,64.40726,0.61658293,0.13231386,0.26083928
646,831,46.497044,0.57953846,0.08917161,0.17344077
646,5520,38.626175,0.5861532,0.094576366,0.18288504
647,3855,0.9516258,0.5800945,0.0011727437,0.002811104
647,6569,56.683437,0.61197335,0.11896926,0.23227392
647,1408,112.881165,0.5973047,0.20973992,0.4106744
648,4432,32.843533,0.5284718,0.06555474,0.12628455
648,654,25.138712,0.53513026,0.051719286,0.098251335
648,152,25.398952,0.530327,0.055446815,0.10586365
648,3756,6.027008,0.53226817,0.012639441,0.025489882
649,4392,1.9716339,0.5485873,0.0028309152,0.0062086135
649,150,27.289745,0.54803956,0.059606224,0.114601955
649,4961,27.390049,0.55295026,0.055519868,0.10571428
650,3751,4.7625465,0.57020366,0.011589222,0.023460165
650,651,45.263664,0.56644255,0.08695598,0.1685819
651,149,31.066854,0.56284297,0.06186168,0.11849421
651,3759,6.9807663,0.5624364,0.013615072,0.027358398
651,650,44.938423,0.5651094,0.08633973,0.16801602
651,4961,30.83747,0.5596975,0.061448812,0.11784384
652,149,56.15692,0.5551419,0.108284645,0.21222006
652,3678,31.359497,0.5576478,0.078654796,0.15051436
653,6109,0.9711685,0.5329105,0.0033122972,0.0072419196
653,6108,7.048767,0.534728,0.014251284,0.0283065
654,151,27.253643,0.5349411,0.055855457,0.10611842
654,3757,6.3078957,0.5342338,0.012389578,0.024990395
654,4392,61.04006,0.54200363,0.117991775,0.23145162
654,648,25.163261,0.5339201,0.052083734,0.09897374
655,1950,2.0816689,0.62281185,0.0037090406,0.007247895
655,5575,27.011463,0.5859522,0.06719776,0.13073292
656,6567,16.183012,0.6483385,0.03249263,0.06347317
657,2585,2.2141914,0.647089,0.0032136887,0.0070560426
657,5776,6.5919533,0.3768424,0.011836134,0.018226504
658,295,0.74790573,0.37555385,0.0035996959,0.0033915043
658,3927,44.429234,0.37607968,0.16046019,0.25211108
659,4383,2.1103325,0.654331,0.0020431802,0.0048953593
659,660,8.282021,0.38780928,0.022235692,0.037418365
660,2219,1.8983765,0.6530111,0.0026272312,0.005929783
660,3947,26.929531,0.3776602,0.09161957,0.15284543
661,3631,201.25368,0.5992759,0.37877777,0.7385942
661,1332,41.966175,0.6096094,0.08080291,0.1583494
661,663,42.99768,0.6124238,0.0826814,0.16221516
662,1331,113.0446,0.6101802,0.20969498,0.41414016
662,663,59.3592,0.6165962,0.112766154,0.22316551
662,3493,47.12572,0.6229054,0.09042081,0.17675033
663,662,59.595505,0.617124,0.11277072,0.22314104
663,661,43.21105,0.61482614,0.08302077,0.1631715
663,1331,53.07692,0.61279905,0.101316445,0.19937259
664,1335,30.99513,0.6072231,0.062448323,0.119934276
664,1331,56.554546,0.60883856,0.10739948,0.2118004
664,1333,51.333828,0.6058395,0.09796286,0.19295217
664,4984,81.768,0.6056935,0.15448107,0.30571222
665,1188,2.7175674,0.648668,0.004561737,0.009861842
665,2470,12.484493,0.652563,0.027386315,0.053244486
665,4371,125.464485,0.65182704,0.22751626,0.44980752
666,667,82.18595,0.64630914,0.14964807,0.2976946
666,3924,26.284637,0.64864135,0.06291945,0.12286126
667,666,81.91112,0.6438007,0.14882407,0.2954933
667,668,60.921738,0.6416162,0.112269245,0.2216685
667,2209,39.916016,0.64092994,0.07538868,0.14637145
668,290,69.771065,0.65108013,0.12832195,0.25429788
668,667,62.18724,0.6435055,0.114394926,0.22612946
669,4630,1.1291008,0.060792655,0.005085729,0.010484055
670,2804,1.8494339,0.60488474,0.0023628399,0.0052884817
670,671,33.09572,0.6066307,0.064871445,0.12446374
670,4253,17.16289,0.610742,0.04491459,0.08852823
671,3854,32.510983,0.6056928,0.06541686,0.12468797
671,670,32.997753,0.6043962,0.06509851,0.12503418
671,672,68.84863,0.599694,0.12887038,0.25334138
672,671,68.66259,0.600846,0.12837894,0.25265276
672,3856,34.61069,0.5970477,0.06831023,0.1314172
672,4630,34.455574,0.601254,0.06675332,0.12924089
672,3863,32.222965,0.59463036,0.06406472,0.1226743
673,3653,1.9901466,0.60543144,0.0030639842,0.006719351
673,154,15.084621,0.6055508,0.031152874,0.060909115
674,2208,174.42346,0.6258943,0.3236841,0.6377635
674,5360,25.186234,0.6362573,0.069338165,0.13477746
675,676,1.4951782,0.5595406,0.0039524585,0.008753493
676,675,1.5238419,0.5593869,0.003985703,0.008591086
677,2191,77.697845,0.55956835,0.16219282,0.31704897
677,2121,176.09248,0.53458774,0.36707914,0.71323705
677,2383,168.32588,0.5418765,0.35580915,0.6918671
678,4688,1.9734726,0.5799729,0.0029230192,0.006475389
678,748,47.20675,0.58233404,0.08982535,0.17577648
678,4687,50.178432,0.581753,0.10591705,0.20621988
679,950,9.685951,0.5698105,0.022974327,0.045916274
680,685,36.32117,0.5882898,0.07588566,0.14803854
681,3602,41.44881,0.59230524,0.07992198,0.15465361
681,685,76.3203,0.58698654,0.14632009,0.28818664
682,5008,46.275658,0.6155319,0.09700684,0.18421607
682,219,69.59367,0.61009955,0.14734426,0.28990027
683,684,26.860943,0.62030995,0.05368754,0.10368289
684,683,26.938877,0.61978424,0.054022983,0.10458118
684,1112,55.21657,0.6222045,0.10540399,0.20763218
684,483,36.059525,0.6231158,0.07025859,0.13690364
685,681,76.60434,0.5884551,0.14586267,0.28788525
685,6363,20.388376,0.58722955,0.043209225,0.083197154
686,1906,226.03645,0.36111483,0.4928316,0.94546145
686,687,20.89192,0.32677466,0.046790946,0.08845
686,1904,165.62903,0.3218537,0.3675745,0.7036317
687,4157,116.05007,0.2964334,0.2606565,0.504789
687,686,20.339151,0.32705432,0.04580089,0.08642577
688,4249,1.5499,0.29898867,0.0042252243,0.0078704655
688,1975,69.75322,0.28741068,0.15712485,0.3086388
688,4268,30.36745,0.30320084,0.073860556,0.13891305
689,6929,20.504787,0.3366683,0.048677795,0.0914897
689,5949,59.928864,0.32274395,0.14034642,0.27357835
690,3529,202.40396,0.46253744,0.41234794,0.79687536
690,6052,112.25639,0.43503073,0.2291224,0.44070536
690,1781,56.001205,0.473315,0.11261888,0.21883556
691,211,23.567875,0.5778124,0.049831167,0.09527516
691,6313,18.147831,0.58168834,0.041744824,0.08114525
692,1007,143.46658,0.5665286,0.12537155,0.24445078
692,2900,55.03459,0.56603503,0.10584431,0.20689304
693,1015,56.512802,0.56129956,0.10788465,0.21159817
693,692,43.666264,0.56422263,0.05224349,0.0993342
694,4692,1.532959,0.5588517,0.0054573417,0.0115813315
694,175,1.3603859,0.5658926,0.004727967,0.010153517
695,1555,120.79729,0.36191654,0.26322943,0.50649047
695,5254,49.234783,0.4044204,0.10104059,0.19510837
695,251,46.189255,0.39802235,0.09523502,0.18287098
696,5618,1.781044,0.5691941,0.002357185,0.0044936836
696,4826,100.96086,0.5685905,0.144173,0.2824054
697,3397,100.69618,0.57280695,0.19072923,0.373434
697,2395,30.579378,0.5774292,0.06150092,0.117023304
698,1783,2.3749275,0.4588334,0.0030493736,0.0063346773
698,1784,23.197718,0.4586509,0.050598785,0.09651414
699,4229,36.98634,0.45619744,0.12291859,0.24077293
699,1885,109.24484,0.44227505,0.22076991,0.42564008
700,1896,1.8110313,0.45541662,0.0024296641,0.005104989
700,698,26.198893,0.45939383,0.04870901,0.092646524
701,6282,1.5000648,0.61455894,0.0042559505,0.0079642385
701,483,49.667645,0.6207131,0.09393715,0.18336143
702,3286,160.81631,0.46953514,0.32342684,0.6252214
702,4247,48.19183,0.4859628,0.10609971,0.20526256
703,1829,1.0336609,0.4678365,0.0040001124,0.008740142
703,6505,102.553635,0.48213673,0.23289323,0.4491046
703,1968,31.49498,0.4865625,0.100148164,0.19793731
704,2275,99.08467,0.60579324,0.18351203,0.36141726
704,249,96.6319,0.6039714,0.24404404,0.47947472
705,4236,26.509481,0.6031421,0.057133153,0.10957201
705,2276,109.7609,0.6029176,0.22409931,0.43979067
705,2275,50.18792,0.60566175,0.094982155,0.18538392
706,3461,1.6739693,0.5786524,0.0014924705,0.0039776415
706,742,217.32178,0.5655146,0.5501698,1.0813016
707,3868,1.7692108,0.5801005,0.0050482973,0.010884374
707,6271,11.06649,0.58145714,0.02278784,0.044798553
708,3878,1.9526176,0.57590544,0.003305845,0.007257074
708,5742,37.231422,0.58079517,0.07224152,0.13994351
709,6661,26.648834,0.5825868,0.057272892,0.109630845
710,711,62.89132,0.5776362,0.11642621,0.22605339
710,787,45.720448,0.57978404,0.0882526,0.17073834
711,783,55.374878,0.579193,0.10632463,0.20755184
711,2890,46.859467,0.5843043,0.08760154,0.1682213
712,829,49.769318,0.58314085,0.0736202,0.1398573
712,2889,7.641205,0.58211523,0.017736599,0.035199672
713,5019,9.941315,0.35016263,0.02443891,0.04640463
713,2927,88.88437,0.3703611,0.18785949,0.36281085
714,1904,1.9068909,0.3302831,0.0033936799,0.0067036897
714,255,27.556635,0.32417858,0.07083079,0.13634735
715,273,100.45066,0.4487659,0.20442113,0.39358598
715,2114,116.15079,0.48751652,0.22990847,0.4443766
715,275,124.738815,0.45475623,0.2547032,0.49121553
716,717,60.54293,0.46111447,0.121167086,0.23472768
716,1835,28.607588,0.45278516,0.06267388,0.11790012
717,1843,100.011215,0.4781896,0.20011717,0.3858237
717,716,60.089127,0.45992196,0.120102964,0.23335323
717,5653,28.95403,0.4714417,0.060649574,0.11489285
718,4771,1.9067726,0.50282985,0.0019558892,0.004079148
718,3882,40.50277,0.50162685,0.081084825,0.15430129
719,4769,27.465666,0.5012951,0.057663534,0.11022034
719,720,116.79303,0.5090345,0.23244286,0.4483617
720,722,148.73343,0.5208039,0.29162827,0.56643534
720,1909,43.023705,0.50552803,0.082989424,0.15848187
720,719,116.02997,0.50636655,0.23222947,0.447811
721,5978,40.60645,0.50725055,0.09931792,0.19130675
721,1909,65.53881,0.505194,0.12878136,0.25023246
722,5804,1.6290245,0.53215635,0.0021801144,0.0049984157
722,723,88.913605,0.5283696,0.17411938,0.33867782
722,720,148.26364,0.5195488,0.29225028,0.5672901
723,722,88.98525,0.52959156,0.17308584,0.33744946
723,6474,101.17078,0.5331982,0.26338333,0.51012236
724,6753,2.4706345,0.56464756,0.0017202944,0.0041995794
724,725,103.20639,0.5608086,0.21754414,0.42283505
725,3212,2.5765648,0.5639929,0.0019719973,0.0047533214
725,4013,88.0841,0.5584717,0.18855417,0.3664799
726,5336,1.8611603,0.5727249,0.0035354644,0.0075864345
726,4786,1.7202072,0.572194,0.0032267645,0.0069761425
727,3245,2.7142296,0.5868792,0.0044891164,0.009389743
727,728,99.459526,0.57917726,0.18680687,0.36696187
727,442,36.15932,0.5829907,0.078201994,0.1518723
728,4687,1.8932381,0.5828017,0.0026379824,0.0059078634
728,727,99.86914,0.58094513,0.18698564,0.36735386
728,4688,50.544216,0.5829244,0.1059196,0.20641163
729,644,6.2400703,0.5688116,0.013252184,0.026500821
729,3948,310.036,0.55540264,0.64172864,1.2576096
730,609,4.5281487,0.56921196,0.009114295,0.018711686
730,5802,2.322853,0.57115716,0.0043802783,0.009535819
730,4785,0.59568787,0.045368254,0.011298142,0.020733804
731,4135,46.158535,0.013768971,0.24726945,0.52357376
731,3136,7.9242096,0.047670096,0.030357,0.059439033
732,330,16.685976,0.57375985,0.041857924,0.082202256
733,2597,2.0733147,0.5889034,0.002966091,0.0064124763
733,455,17.490051,0.59362596,0.035916813,0.069739304
734,5065,6.0927696,0.57916844,0.015986077,0.031842425
734,3410,72.64041,0.57444775,0.13924079,0.27477565
735,3520,2.2804298,0.58112115,0.00642661,0.012447789
735,805,37.640007,0.5802686,0.06252968,0.11816571
736,5608,112.93059,0.6179848,0.16937816,0.33442444
737,1989,21.842943,0.6057961,0.039580572,0.078200884
737,5856,21.403034,0.60436636,0.03606534,0.07001993
738,5055,7.858917,0.5925974,0.017142147,0.033607945
739,3781,1.5601387,0.530248,0.0021497458,0.0046510547
739,88,29.780132,0.5299664,0.06507702,0.1249101
740,810,75.45102,0.57917297,0.14185071,0.2789866
740,807,70.32301,0.57187676,0.13337637,0.26075917
741,809,8.165504,0.5819546,0.015860744,0.031607047
741,808,61.46985,0.58364296,0.11728122,0.23037001
741,805,44.130997,0.5850071,0.084384486,0.1635533
741,810,33.501244,0.5829376,0.06565057,0.12643287
742,871,3.5100098,0.57702726,0.00613375,0.012807667
742,743,1.4952164,0.57585865,0.004402496,0.009043738
743,6241,1.3657188,0.5761189,0.0013787895,0.0031148344
743,3668,40.00743,0.57755345,0.099084474,0.19249044
744,2839,14.526619,0.5800893,0.03522628,0.06888812
745,2437,8.228104,0.5786125,0.020780608,0.04126817
745,3450,2.958084,0.5816742,0.004865393,0.010376409
746,1561,1.4085197,0.57384384,0.0038094893,0.007633522
746,3892,2.7276497,0.5802416,0.004192196,0.008911237
746,774,49.443882,0.580366,0.09430451,0.18484843
747,2889,49.04503,0.5804073,0.07438518,0.14302126
747,2837,16.140804,0.578759,0.030514605,0.059457988
748,812,58.271835,0.58081627,0.1121482,0.22039609
748,678,47.3525,0.58197683,0.090913445,0.17821342
748,1195,58.804615,0.57967657,0.11248341,0.22112599
749,4131,1.0798035,0.57735354,0.0033830628,0.007331863
750,3137,12.838255,0.5775517,0.03468172,0.067748
750,782,0.55794144,0.5680366,0.0026471466,0.0056803823
751,5621,17.404808,0.0044072866,0.0991608,0.20903537
751,5620,54.073307,0.56675595,0.10339804,0.19932501
752,6066,1.8087196,0.5885584,0.0032258704,0.0072099566
753,1375,14.767132,0.584508,0.03130693,0.061217032
753,3144,17.187496,0.58145756,0.0369197,0.07182139
754,3637,1.6959343,0.6235607,0.0020944178,0.0046418756
754,3638,16.092897,0.62554127,0.03248166,0.06342906
755,4775,1.9682922,0.592064,0.002786234,0.006277874
755,191,74.28443,0.59692514,0.14064325,0.27718654
755,6154,65.3027,0.5943056,0.1224623,0.24117674
756,6369,45.422672,0.59918225,0.08653222,0.17013907
756,761,30.983597,0.595329,0.061426036,0.11834905
756,755,26.927368,0.5974359,0.05401778,0.10298984
757,2059,2.5526123,0.6008462,0.0015754923,0.004374221
757,2750,32.05321,0.6108351,0.06975988,0.1355292
758,437,21.595839,0.5989148,0.045770574,0.08802607
758,438,33.345055,0.59982836,0.07106546,0.13940752
759,6369,1.6859856,0.5968324,0.0022654235,0.0051767677
759,6373,18.82791,0.6032269,0.04087044,0.079690956
760,4987,2.3857918,0.6023922,0.0046618283,0.010013267
760,1117,15.12393,0.5971212,0.031151492,0.0606329
761,3613,36.645676,0.5948672,0.07077712,0.1388448
761,756,30.812927,0.5964701,0.06067399,0.1169658
761,5322,22.925192,0.5975497,0.049095295,0.095042005
762,1191,24.055521,0.5893521,0.05711722,0.11050054
762,1290,17.759768,0.5896967,0.039968707,0.077734314
763,3012,1.957531,0.58540964,0.0026895478,0.0059833378
763,3848,52.76523,0.58331174,0.100720726,0.19748804
763,1600,11.954472,0.5833926,0.027330942,0.053558677
764,4037,2.6171799,0.5798655,0.0044208616,0.00860405
764,798,108.52904,0.576977,0.20686285,0.40386558
764,4515,23.060705,0.118699074,0.055181716,0.10999567
765,1167,76.40359,0.5784421,0.16049805,0.31400585
765,1169,67.37483,0.57909405,0.14080356,0.27605468
765,1190,181.59685,0.5708871,0.34612772,0.6776744
766,1969,4.1952133,0.54636705,0.013489194,0.02689591
766,3150,2.9934921,0.54936695,0.0051114783,0.010827795
767,4674,1.0723801,0.3421207,0.0047245175,0.009199247
767,1155,55.949665,0.37884527,0.1943259,0.37788534
768,5688,25.837967,0.47188926,0.046659503,0.08905869
768,5687,12.66143,0.47473916,0.033972368,0.06625401
769,1153,1.470604,0.3584683,0.0053628385,0.010321513
769,5536,40.79013,0.1249347,0.16819,0.34922212
770,5581,16.113462,0.3396138,0.03967392,0.075767174
771,4674,40.60693,0.3504011,0.08962363,0.16797541
772,2968,1.6418686,0.32679564,0.0031767339,0.0062004477
772,3636,31.216717,0.3445279,0.081493504,0.1547733
773,948,59.97108,0.5839468,0.20006216,0.39391598
773,1771,21.542877,0.5775653,0.060183685,0.116841085
774,1145,265.115,0.56596637,0.50596017,0.98788923
774,5445,93.4251,0.5755001,0.1763956,0.34690928
774,746,49.847553,0.57988447,0.095187336,0.18635057
775,6008,166.92078,0.5433515,0.5389048,1.0576288
775,1157,9.253178,0.573235,0.025121689,0.049582615
776,3880,1.5782585,0.53625727,0.0032656863,0.007245168
776,2246,74.03495,0.5348645,0.24158904,0.46913803
777,381,18.285994,0.6009299,0.03758652,0.07319112
778,1947,26.302723,0.5729911,0.053184498,0.1015542
778,1946,72.9511,0.57389164,0.14112538,0.27359137
778,3282,27.7345,0.5730526,0.055634707,0.10656441
779,637,94.20462,0.5770447,0.17785981,0.3498863
779,4131,22.834402,0.57642925,0.04596365,0.0878336
780,801,3.7751808,0.5741258,0.007665448,0.015955389
780,781,27.381578,0.5791184,0.05703944,0.10863347
781,2120,72.80914,0.57746994,0.15172625,0.2977388
781,5061,28.335331,0.58209,0.055851642,0.10718692
782,750,0.5633507,0.56865287,0.0025873855,0.005751118
782,4300,20.391047,0.57464105,0.041139927,0.07899241
783,711,54.79877,0.5787087,0.10463831,0.20398034
783,787,34.576637,0.57874066,0.067338675,0.13096957
783,6333,97.096985,0.5745518,0.18188274,0.35684335
784,2953,1.1830978,0.57737565,0.0014564842,0.0033510327
784,430,127.53023,0.5732059,0.32924393,0.64482635
785,3521,60.861214,0.5798855,0.11613321,0.22556752
785,4270,30.09713,0.58047247,0.06368425,0.122360386
785,840,50.447834,0.5827949,0.103997156,0.20354731
786,6095,43.75807,0.5888283,0.08357935,0.15950683
786,1282,26.586868,0.592894,0.055994738,0.109006085
787,3410,65.41818,0.57660514,0.12439042,0.24416886
787,710,45.815193,0.5784956,0.08710645,0.1682827
787,783,34.581257,0.5784235,0.0674124,0.13123809
788,445,40.085194,0.6279376,0.06856136,0.13140327
788,443,21.290085,0.61924464,0.048864555,0.09501891
789,6281,42.00819,0.6212621,0.07091517,0.13685766
789,790,3.496376,0.61913556,0.006699376,0.012847036
790,789,3.0295029,0.61817384,0.005434841,0.010690436
790,7045,47.90069,0.6181157,0.09082939,0.17890142
791,7045,1.9636955,0.61467636,0.002775617,0.0063033104
791,5530,51.52175,0.62041116,0.09688041,0.19092362
791,5529,3.6245728,0.6160081,0.0060466006,0.012629926
792,1067,6.3133507,0.5651661,0.015077345,0.0299256
792,1009,7.391678,0.56607795,0.014307015,0.028270915
793,1665,2.0300941,0.5592856,0.002805777,0.0060825795
793,1011,38.97982,0.5636184,0.07448363,0.14711022
793,6580,22.296179,0.5590459,0.053147897,0.102554426
794,6341,2.8421097,0.55787367,0.007502869,0.015414417
795,6633,1.5430641,0.55628455,0.004369952,0.009267971
795,5396,1.5570297,0.5573398,0.0028733164,0.0065041333
796,6961,1.4554825,0.5404349,0.0023501217,0.0056952536
796,2394,21.51618,0.53931046,0.039392635,0.07540178
797,3838,1.5855675,0.5834682,0.002320379,0.0051599443
797,812,60.93741,0.58035636,0.11663159,0.22812977
797,1195,47.00287,0.5797128,0.09895213,0.19124597
798,764,109.63674,0.5802861,0.20778881,0.40520555
798,3450,65.95863,0.5798098,0.12626828,0.24848706
798,3839,68.26506,0.58199453,0.13021916,0.25642204
798,815,56.845093,0.58336323,0.10957371,0.21489373
799,1187,30.605461,0.5831873,0.060085,0.115401104
799,812,103.037735,0.578685,0.19289911,0.37896764
799,4516,53.221706,0.5833988,0.1023966,0.19979908
800,80,4.4212494,0.51065695,0.008512802,0.01733774
800,3041,229.67303,0.49359694,0.4591953,0.89140254
800,2472,146.78156,0.5030282,0.2912705,0.563692
801,3397,2.0021133,0.5755453,0.0030278563,0.006619528
801,697,101.90787,0.5737109,0.1913005,0.37449312
802,4831,89.1955,0.5735926,0.20717937,0.40310133
802,4830,106.45451,0.5690905,0.20434237,0.40108252
803,3246,3.2096405,0.583487,0.004707478,0.010185495
803,5124,2.3236542,0.5838816,0.0029260814,0.006717354
803,4790,60.29498,0.5833171,0.1547052,0.30338758
804,6368,1.1427422,0.5501439,0.0033697784,0.006711066
805,806,4.041687,0.5770039,0.005745858,0.012063891
805,741,44.525845,0.5829947,0.08569515,0.16584744
806,6732,6.3749275,0.5838352,0.01191251,0.02395095
806,809,41.106453,0.58182895,0.0796421,0.15422553
807,6274,43.367985,0.5781499,0.08279837,0.1598787
808,4709,1.6770287,0.5836515,0.002086848,0.0049545914
808,741,61.974182,0.5824571,0.1177537,0.23133856
808,6371,39.73959,0.58556867,0.08262641,0.15923738
809,741,7.9230003,0.58071065,0.01529634,0.030465618
809,810,28.146856,0.5810755,0.056621443,0.107842356
809,806,41.103336,0.58103895,0.07850692,0.15210839
810,740,74.63283,0.5804494,0.1409444,0.27676326
810,5118,91.23869,0.5800831,0.17273644,0.3390903
810,809,28.171066,0.58090866,0.05690389,0.108558066
810,741,33.68679,0.5818428,0.06607397,0.12719873
811,821,18.421041,0.57011485,0.03930694,0.07634551
811,822,56.43665,0.57047975,0.1087562,0.21331137
811,3824,46.190063,0.57311946,0.095656134,0.18772966
812,799,103.29349,0.5815742,0.19321655,0.38002324
812,748,58.328415,0.58162004,0.11199275,0.22005796
812,797,61.23299,0.5801041,0.116109505,0.22736172
812,4687,39.858097,0.58399564,0.076404236,0.15002011
813,4519,1.4629631,0.5830574,0.0027973577,0.0060071796
813,4516,2.508419,0.58536863,0.004096873,0.008861601
814,4047,1.6070404,0.58042306,0.0035175532,0.006877914
814,764,113.67844,0.403905,0.19541273,0.37927514
815,3848,1.9079132,0.58336556,0.0026448965,0.0060917437
815,814,33.778534,0.5827926,0.07072932,0.13617077
815,798,56.63732,0.5820222,0.10936777,0.2145304
816,3465,31.147186,0.5755116,0.06271635,0.120220765
817,5646,90.973724,0.60341793,0.17422396,0.3413213
817,5641,6.9914856,0.1001409,0.019624732,0.03945604
818,4698,1.6463318,0.5565078,0.0032508,0.007213533
818,819,7.6945457,0.55123055,0.016886085,0.033684254
819,4698,7.041191,0.555723,0.015233122,0.030532897
820,821,278.67514,0.5545251,0.583058,1.1421096
820,2819,115.05865,0.5591052,0.2385211,0.46535087
821,2954,149.20538,0.5643376,0.31376138,0.6119107
821,811,18.478622,0.56877506,0.039614107,0.076537244
821,820,276.73926,0.55119395,0.58007735,1.135367
822,811,56.50836,0.56927377,0.10927085,0.21413186
822,1722,63.76938,0.56841266,0.12168359,0.2387105
822,3941,87.19711,0.56346124,0.16452193,0.32321316
823,2378,7.8503532,0.60075307,0.015134692,0.030387744
823,2379,25.490307,0.60002375,0.052474327,0.10100576
824,1048,7.353817,0.6003989,0.014216036,0.028500795
824,2750,26.50898,0.6048591,0.054148518,0.10409188
825,408,8.485748,0.5957587,0.01616399,0.032120615
825,828,25.998768,0.59342307,0.053057615,0.101484545
825,827,31.263062,0.59551984,0.062087476,0.11896423
825,409,32.44959,0.59773016,0.06457731,0.12363806
826,827,34.042892,0.5980535,0.06665221,0.1285145
826,1042,15.133348,0.59664905,0.030905254,0.060418107
826,6385,45.059837,0.6003181,0.085746735,0.16837825
826,1052,37.002766,0.59954655,0.07131496,0.13989815
827,826,34.143654,0.5975089,0.0665935,0.12887423
827,1050,36.330753,0.59811085,0.06992378,0.13645469
827,1041,22.98822,0.59546405,0.047647856,0.092189826
827,825,31.104883,0.5955819,0.062149122,0.119000144
828,6433,36.49433,0.59519315,0.0706028,0.13878316
828,4969,42.198307,0.5973027,0.08084645,0.1583012
828,825,25.933832,0.593884,0.053276096,0.10174442
828,187,39.5892,0.59524155,0.07578112,0.14882909
829,4512,205.30484,0.5759809,0.39044222,0.76388264
829,6897,30.221752,0.5832871,0.056852248,0.10913238
830,833,9.984066,0.59291,0.019501612,0.038621783
830,2579,75.19914,0.5884453,0.14139281,0.27828884
830,2916,21.20188,0.5908673,0.043707196,0.08464193
831,646,46.29012,0.57759595,0.08874864,0.17182194
831,4467,157.42676,0.5751352,0.29661027,0.5812762
831,832,35.739,0.57980514,0.069147915,0.13437128
832,2579,71.53197,0.581317,0.13543907,0.26643258
832,831,35.184875,0.5788849,0.06845488,0.1334343
832,1696,10.634838,0.58242965,0.021314725,0.042017207
833,830,10.069721,0.5931394,0.019906275,0.039213255
833,2917,19.835976,0.5924782,0.0428833,0.08334807
834,4311,44.80392,0.5965517,0.09288015,0.17859273
834,669,51.963898,0.6064885,0.15594505,0.30595767
835,3764,1.9627304,0.62325305,0.0029875785,0.0064406544
835,3325,30.66973,0.63202477,0.06517701,0.12717742
836,837,45.364117,0.5689815,0.08686611,0.16854814
836,4410,36.114292,0.57785517,0.08969167,0.17395234
837,836,44.67349,0.56945544,0.08635148,0.16812494
837,475,31.489,0.5623981,0.0631635,0.12040837
837,4411,45.98097,0.5682982,0.088139,0.17226748
837,1400,7.7531204,0.56514984,0.015319839,0.030634403
838,4395,1.6499596,0.5509971,0.0024221689,0.005486965
838,475,27.820873,0.554646,0.05651459,0.10757735
838,1398,6.1497345,0.54817045,0.013177551,0.026740283
839,4395,47.231907,0.5476932,0.09036532,0.17673005
839,459,22.608444,0.53799015,0.047261365,0.090519115
839,457,7.3239326,0.5398852,0.014403254,0.028852493
839,5535,47.99879,0.54347044,0.09237783,0.18068631
840,3008,26.508226,0.5816518,0.053700157,0.10391064
840,785,50.30088,0.5807715,0.10398169,0.20323174
840,1189,41.214706,0.5845144,0.0843242,0.16281159
841,2869,1.6441765,0.5630578,0.002147019,0.0048165917
841,843,74.603134,0.5546039,0.14184362,0.2765485
841,844,56.88581,0.5622496,0.11015561,0.21541168
842,2869,4.7989388,0.5662773,0.009098463,0.018568233
842,3877,154.41809,0.55477303,0.29432085,0.5753254
843,3874,1.7721901,0.56570286,0.0026285425,0.0058463514
843,1448,20.139538,0.56380224,0.04920963,0.096437596
844,841,57.315964,0.5646342,0.11050159,0.21636793
844,1108,108.805374,0.5616169,0.20723005,0.4061597
844,5674,25.80646,0.5650584,0.052729793,0.10009146
845,846,44.58607,0.56484675,0.08614355,0.16764322
845,2934,98.254776,0.5626729,0.18486935,0.3623345
845,1447,54.404015,0.5633281,0.10525815,0.20647183
846,845,44.51584,0.5636892,0.085385524,0.1669438
846,4947,89.01695,0.5520459,0.17112243,0.33436686
846,1446,25.1706,0.55906105,0.052078225,0.09929602
847,2888,19.774258,0.48029268,0.042610362,0.081909016
847,5152,88.33147,0.48897752,0.08770816,0.16827703
848,2079,165.5028,0.5965951,0.31032255,0.6088194
848,2069,96.30298,0.59133613,0.18154576,0.35662395
848,849,96.76921,0.5875968,0.18321823,0.35994124
849,4335,2.6864357,0.58987856,0.0042239055,0.009254694
849,848,96.91521,0.58989733,0.1827268,0.35904226
849,1138,96.734276,0.58338135,0.30608693,0.6014791
850,3449,14.570776,0.59456927,0.033213757,0.064865544
850,851,8.185921,0.595798,0.016133212,0.03206575
851,5696,40.47885,0.5954082,0.07796871,0.14941436
851,5345,22.040112,0.5874016,0.046168197,0.08948398
852,1368,56.535908,0.59555644,0.10765506,0.21202278
852,1369,76.93908,0.59226304,0.14501856,0.28624195
852,3550,32.851177,0.5938492,0.0642244,0.1245345
852,5697,44.54534,0.5956741,0.08573412,0.16761181
853,1961,65.72292,0.5944089,0.12403175,0.24403338
853,633,28.501146,0.59502697,0.06144402,0.1183016
854,856,3.5964851,0.58245134,0.006132193,0.012777686
854,3831,31.864109,0.5790069,0.06269421,0.12226398
855,858,55.70854,0.5710504,0.10482387,0.20002966
855,5220,2.2765694,0.57833624,0.0036722124,0.007938474
856,4202,9.577427,0.5780704,0.01955942,0.03891985
857,7018,2.066906,0.5778864,0.0034817085,0.0073722303
857,7019,2.5063171,0.57414246,0.0042314604,0.008629322
857,3878,103.06444,0.57063377,0.196248,0.3847704
858,863,2.1387749,0.5783844,0.0029091537,0.006401241
858,859,17.231333,0.5778532,0.034660466,0.067357875
859,4900,3.2309074,0.57860607,0.005270377,0.011246473
859,5137,7.8705864,0.57780164,0.015301831,0.03053467
860,865,2.883335,0.5734744,0.0049747527,0.010576382
861,862,30.088425,0.58182997,0.06145124,0.11755743
861,860,1.676651,0.5685562,0.002787292,0.0062285364
862,4899,1.5935287,0.5683132,0.0023807436,0.004948288
863,858,1.9441757,0.57722646,0.0025515556,0.005526319
863,5220,53.93376,0.5804444,0.10116362,0.19810766
864,863,37.48868,0.57710475,0.074452706,0.1436925
864,3326,12.863335,0.5798799,0.02673614,0.05268468
865,866,1.6080208,0.5725621,0.002629578,0.0061576664
865,884,20.552732,0.57929516,0.042848628,0.08293487
866,861,1.644146,0.5766456,0.0022182018,0.005190313
867,868,1.9574547,0.57400215,0.0027286336,0.0060019046
867,3669,64.06179,0.573622,0.12342587,0.24175575
868,867,2.2446823,0.5777066,0.003866069,0.008393735
868,870,15.193413,0.5767885,0.031730495,0.061817035
869,5683,1.5334969,0.5718275,0.0018843412,0.0043355078
869,871,98.116196,0.57214713,0.1873264,0.36709192
869,3669,5.734642,0.5720896,0.011012815,0.022082448
870,886,7.632969,0.5763883,0.014994264,0.029932082
870,888,1.4547844,0.57812625,0.0016243532,0.004101768
871,743,4.8408585,0.57758987,0.009004973,0.018402189
871,869,99.045044,0.57270575,0.18728504,0.36751625
872,4502,2.5760918,0.58605206,0.0037959442,0.008249894
872,4133,13.419123,0.5850776,0.034634978,0.06771719
872,1788,83.19594,0.579286,0.15714547,0.30921498
873,5712,19.80475,0.58581805,0.05317676,0.10342455
874,4644,24.856276,0.587248,0.051303998,0.09790495
874,4644,17.55491,0.58850324,0.04723658,0.09215821
875,5875,40.024303,0.5870563,0.12687062,0.24781805
875,4531,55.233868,0.58347845,0.10549862,0.20688203
876,4507,1.721199,0.57926875,0.0039018914,0.008253634
876,2520,74.7162,0.5801715,0.15628092,0.3058666
876,6010,26.407421,0.583026,0.06695436,0.12960358
877,878,195.9365,0.6392067,0.3655611,0.71502
877,2195,308.70953,0.62373966,0.6091338,1.1964843
877,3196,47.91999,0.6383477,0.09743922,0.18961257
878,877,194.7337,0.634545,0.36352894,0.7124668
878,6465,45.33815,0.0029402971,0.16568846,0.34744108
878,4054,43.09266,0.0,0.15940319,0.33415538
879,4603,1.3077583,0.5990447,0.0035785884,0.0071479976
880,3667,92.51718,0.5670694,0.1761145,0.34539443
880,3228,105.43716,0.5702123,0.21847671,0.42732987
880,2960,391.89197,0.5505725,0.7478362,1.4619766
880,4318,140.55618,0.5624911,0.29013902,0.5665534
881,3760,1.5108681,0.5232134,0.0048480034,0.0101078
881,110,26.417551,0.51923794,0.05758368,0.10919722
882,2813,3.0468483,0.5650455,0.0014190897,0.0040737838
882,2814,1.676506,0.5690032,0.0048259944,0.010296226
883,440,20.190838,0.5996955,0.04704484,0.09127128
884,885,1.5087051,0.5776432,0.0017001554,0.0040890574
884,887,19.263836,0.5760533,0.03928784,0.07608891
885,884,1.5506134,0.57542473,0.001821965,0.0044082403
885,866,20.458069,0.5768254,0.041572947,0.080218226
886,887,1.3842278,0.5759961,0.0016110986,0.0040066987
886,885,19.16019,0.57591766,0.03924324,0.07579981
887,886,1.3890495,0.57537556,0.0015653968,0.003916338
887,888,7.208851,0.5752942,0.014063366,0.028135449
888,870,1.565422,0.5771519,0.0018261746,0.004391536
888,867,15.362337,0.57350254,0.03161429,0.061393492
889,4777,67.964005,0.31252223,0.1593523,0.31487983
889,1483,52.27426,0.3608191,0.11074135,0.21167383
889,1799,58.43235,0.32799748,0.12978762,0.25306898
891,3480,1.8292694,0.5823561,0.0032074451,0.007304162
891,892,168.69446,0.5632731,0.35279423,0.6884413
891,4914,84.49762,0.5808159,0.16070358,0.31493092
892,893,61.389053,0.55685556,0.1311934,0.25669396
892,891,169.41231,0.5657404,0.35393456,0.6913131
892,2335,91.94261,0.56075656,0.17620125,0.34516966
893,892,61.73455,0.5558055,0.12988812,0.2540854
893,2383,11.662777,0.5502421,0.025230676,0.049808323
893,2335,74.399826,0.5518155,0.14308782,0.28054774
894,5304,1.9060898,0.58769107,0.0037074164,0.0076087713
894,763,49.11101,0.58523774,0.12090517,0.23479201
895,2469,14.760183,0.008590758,0.07030779,0.14419734
896,5569,82.849236,0.5418962,0.15819755,0.30748475
896,565,59.02086,0.55014926,0.0908844,0.1767344
897,3502,2.7495384,0.5425366,0.001420714,0.0039779246
897,5387,36.6767,0.5430097,0.073344275,0.14000963
898,5818,25.82312,0.54076904,0.057071753,0.10966851
898,4893,1.6487083,0.5404948,0.0021971837,0.0050591975
899,3500,49.54907,0.53834105,0.09543261,0.18635683
899,901,104.49996,0.53770363,0.20253481,0.3951745
899,1740,41.77508,0.53677183,0.08155016,0.15794314
900,541,1.0040245,0.5517574,0.0037831515,0.0072841495
900,4976,0.94594955,0.042863667,0.007224247,0.013998479
901,5792,3.166687,0.543249,0.0031156763,0.0071462095
901,899,105.702774,0.53921944,0.2034038,0.39749694
901,5817,23.407803,0.54106236,0.05219226,0.100023285
902,4888,1.6636963,0.52779037,0.0023327842,0.0049779117
902,1377,99.860634,0.52808255,0.19311786,0.37491578
903,2600,1.3988037,0.52756476,0.0023491979,0.0052310824
903,5226,2.1706505,0.52418274,0.0045563057,0.0094872415
903,5562,1.656086,0.5291725,0.0028806329,0.006255284
904,1503,23.339918,0.5185354,0.049014393,0.093748845
904,906,23.29123,0.5193779,0.048765834,0.093186654
904,1576,38.80215,0.5190822,0.075769365,0.14765237
904,1584,42.05791,0.5204538,0.08144632,0.15877241
905,1583,38.96336,0.52462083,0.076110154,0.14719608
905,903,23.469173,0.5242525,0.05126501,0.09773942
906,904,23.319214,0.52000415,0.04876634,0.093192145
906,1583,44.653168,0.5225035,0.08610555,0.16767845
906,1577,50.39671,0.5202787,0.09820489,0.19174314
906,907,24.019146,0.52071863,0.05020279,0.0957532
907,5563,3.189289,0.52069277,0.0028942525,0.006852567
907,906,24.085531,0.5225083,0.050510123,0.09641862
907,5564,10.683512,0.5230669,0.023362055,0.04604879
908,1589,40.35605,0.5273984,0.07864827,0.15351324
908,1378,71.348694,0.53236467,0.1383959,0.27056032
908,1380,38.192505,0.52654845,0.074744314,0.14541303
908,1381,103.40969,0.5257335,0.2001563,0.38992652
909,389,81.79779,0.60792,0.16708943,0.32954168
909,2296,6.260853,0.6077321,0.011488825,0.023132429
910,3765,1.5673637,0.5426842,0.0020406842,0.004926294
910,551,64.46769,0.5462032,0.12349722,0.24136475
910,4892,17.78938,0.54144895,0.038467873,0.07483584
911,3384,2.2551956,0.5563997,0.0071793497,0.014386982
911,5967,47.06927,0.015720904,0.24755308,0.52778786
912,5964,116.82873,0.5375378,0.2510308,0.48767805
912,1350,166.06686,0.5355181,0.32199895,0.6287824
913,914,43.27821,0.53657717,0.08367684,0.16287607
913,1352,63.71586,0.5397152,0.12318447,0.24099396
913,2925,72.10223,0.5387438,0.14152443,0.27663803
914,1348,26.505287,0.5330374,0.0541519,0.103039585
914,1349,30.306873,0.53513396,0.060707904,0.11620875
914,913,43.40599,0.53567713,0.083397254,0.16278647
915,1111,74.41079,0.54731196,0.14296891,0.28005368
915,3586,10.259052,0.5470835,0.020771429,0.041238382
915,1443,18.178959,0.55103683,0.034284938,0.06670052
916,3548,1.7687988,0.5424892,0.0027894303,0.006557122
916,1721,0.0,0.020598143,0.0056030005,0.010432199
917,4237,1.5161171,0.5439037,0.0017569661,0.0039019585
917,1352,15.720152,0.54305404,0.032542165,0.063465044
917,1351,12.806549,0.5430101,0.027828395,0.054682583
918,939,54.41844,0.55358267,0.11582291,0.22688003
918,3318,38.970646,0.5493155,0.1276722,0.2509421
919,6043,5.1031113,0.034199268,0.01387161,0.028170288
919,927,15.809437,0.5596037,0.03314522,0.06580278
920,3801,1.4368782,0.5327265,0.002151586,0.0048485994
920,3827,32.346344,0.53099394,0.07068911,0.13571973
921,624,2.6661339,0.54113245,0.006871052,0.014161885
922,964,26.288736,0.5497211,0.057486806,0.11048491
922,4847,33.690273,0.5504107,0.07203226,0.14005482
922,429,25.338564,0.54868233,0.05494787,0.105417974
923,426,29.943676,0.5635073,0.06494797,0.12394813
923,6054,18.768183,0.5656028,0.044239942,0.08572759
924,918,20.931559,0.5603256,0.059218135,0.114517234
925,981,97.03339,0.5450437,0.20509079,0.39893493
925,6239,11.048397,0.54361147,0.023800865,0.046873137
925,6275,82.24565,0.54106164,0.15817286,0.3087898
926,6618,24.032724,0.5494356,0.05014115,0.09561545
926,927,20.664825,0.55197495,0.04309605,0.08332342
927,938,47.530983,0.55136496,0.09141443,0.179292
927,926,20.776192,0.5488235,0.043323547,0.083898656
927,928,40.89372,0.5502488,0.07886527,0.15386502
928,932,35.487137,0.548846,0.06924688,0.13521823
928,4946,2.135437,0.5472817,0.0033725575,0.00718461
928,927,40.902966,0.5512599,0.07824233,0.15242016
928,929,41.604458,0.54876614,0.07980313,0.15556508
929,931,12.818901,0.54554313,0.02631361,0.051718295
929,3615,22.45366,0.54591846,0.046685267,0.0895631
929,928,41.81377,0.5480931,0.079580046,0.15563416
929,3616,56.57299,0.54254216,0.10925314,0.21347727
930,6549,19.441513,0.5437049,0.040867615,0.079156816
930,6553,40.64946,0.54675704,0.07908914,0.15237169
930,6548,20.0733,0.5435898,0.042186644,0.08160582
931,933,72.62225,0.5462728,0.13971531,0.2736294
931,932,42.13718,0.54987746,0.080994256,0.1582812
931,929,12.736227,0.5470638,0.026138574,0.0513009
932,934,69.33144,0.5505334,0.13349563,0.26190817
932,928,36.076355,0.54958695,0.069857925,0.1357558
932,938,37.34729,0.55263585,0.071992874,0.14158507
932,931,42.24756,0.5493063,0.08106291,0.15859129
933,934,77.078156,0.5505717,0.1483523,0.2908525
933,6887,71.6375,0.54873985,0.13698366,0.26732886
933,931,72.87779,0.5477219,0.14066875,0.2754786
934,4280,64.924194,0.5540814,0.12427656,0.24371415
934,932,69.60909,0.55126184,0.1339611,0.26288483
934,935,39.683037,0.55678093,0.07644591,0.1500144
934,933,77.01366,0.54976404,0.14817496,0.29042536
935,936,19.818329,0.5564504,0.040886417,0.078979485
935,934,39.446915,0.5568739,0.07593163,0.1492607
935,938,69.79519,0.55199283,0.13381582,0.26259083
935,6951,40.923542,0.5598046,0.07778571,0.15249577
936,935,19.583729,0.5555281,0.040449742,0.07811313
936,622,27.071774,0.5571791,0.058264952,0.11139546
936,939,94.47045,0.5529596,0.198065,0.38582486
937,6951,2.9818344,0.5596971,0.0060142055,0.012717828
937,4280,38.479637,0.5577815,0.08056647,0.155928
938,927,48.094852,0.55424005,0.091516845,0.1788167
938,935,69.8902,0.5525632,0.13410646,0.26317313
938,932,37.333935,0.5531925,0.07209261,0.14195275
939,6618,43.669933,0.5558363,0.08412883,0.16328445
939,918,54.38102,0.5555002,0.11437585,0.22403982
939,936,94.923065,0.55643034,0.19803709,0.38609278
940,3562,1.7293053,0.5644135,0.0023769215,0.0054974407
940,6057,14.977058,0.5671239,0.032359727,0.06304997
940,972,39.29522,0.56415004,0.0759981,0.14661938
941,973,17.233974,0.56043136,0.03560965,0.06875138
941,427,33.217056,0.56403697,0.08877495,0.17268662
942,6886,52.439007,0.5554702,0.10898025,0.21331543
942,971,40.73618,0.55851936,0.08470597,0.16600728
942,943,31.95551,0.5540896,0.06273115,0.12183449
942,973,45.43186,0.56004715,0.08718618,0.17123123
943,942,32.402412,0.554299,0.063356504,0.12321834
943,961,48.892662,0.5540244,0.09421996,0.18498619
943,1614,67.00142,0.54785556,0.12892962,0.25259304
944,1342,62.291466,0.56784356,0.12039226,0.23664334
944,946,38.264084,0.57059205,0.073532216,0.14495549
945,6813,1.5689697,0.57023966,0.0022720695,0.0051588565
946,1341,133.99919,0.56470585,0.25508595,0.49976164
946,1343,46.146954,0.56653184,0.088786356,0.17363445
946,944,37.832153,0.5666109,0.07260692,0.14267382
947,364,36.661884,0.04040897,0.19435292,0.40501893
948,3598,53.356926,0.04220289,0.24573174,0.5141794
949,6059,30.963428,0.5582695,0.07612594,0.1463148
949,6719,33.045227,0.5653449,0.060642432,0.1160337
950,951,39.95036,0.5663477,0.100107946,0.19473459
950,952,28.262398,0.57454205,0.07941572,0.15601692
951,421,1.6133614,0.568429,0.0048208013,0.010347933
951,1033,1.9788284,0.56783473,0.0038781166,0.00844875
952,960,60.60913,0.5707148,0.115628764,0.22811781
952,950,28.049519,0.5713448,0.079554975,0.15543644
952,5268,67.53699,0.56761146,0.2302989,0.44988018
953,2170,8.900291,0.57712454,0.017836481,0.035468295
954,953,5.697689,0.5786857,0.011461064,0.023018137
954,4901,4.1984215,0.5730725,0.006663531,0.013900787
955,954,19.090532,0.57425857,0.040430155,0.07830803
955,956,48.80892,0.5722066,0.09962831,0.19460885
956,958,56.485474,0.56841135,0.114399955,0.2244125
956,955,48.830627,0.5714361,0.09930984,0.19446424
956,968,40.7303,0.57331955,0.0819975,0.16044202
957,6719,32.80307,0.5678572,0.06406299,0.12374459
957,958,21.402954,0.5634025,0.044771552,0.0860207
958,957,21.433302,0.5654372,0.045098033,0.08713912
958,956,56.272934,0.5670511,0.114558116,0.22486188
958,960,37.07477,0.5688276,0.071638376,0.14131534
959,6058,35.61883,0.5688409,0.065110765,0.12588732
959,949,1.8716125,0.56602097,0.0056095794,0.012181938
960,5235,35.039352,0.57071227,0.067366436,0.12989175
960,958,37.36637,0.5707304,0.071556345,0.1404751
960,952,59.485332,0.570356,0.1141289,0.22526404
961,963,21.460295,0.5563267,0.044325367,0.08511286
961,943,48.633736,0.5536341,0.09344215,0.18367676
961,971,11.348228,0.5552823,0.022969484,0.04513958
962,3563,106.113266,0.5400374,0.20472203,0.39914536
962,1306,155.1774,0.5451077,0.32638288,0.63564944
962,981,6.5200615,0.5465625,0.014173575,0.028833672
963,961,21.411444,0.5550851,0.04417807,0.08484756
963,969,84.99354,0.55727947,0.17786703,0.3474735
963,971,17.502878,0.5551047,0.03758107,0.072838046
964,429,37.762096,0.55082774,0.07148124,0.13842067
964,3799,112.34931,0.537564,0.23674637,0.4584378
964,1614,31.60455,0.5467242,0.06238646,0.12125343
965,6055,14.337549,0.56051177,0.034162834,0.066263534
966,6056,15.584408,0.56060445,0.0340285,0.06657432
966,976,21.655159,0.55911446,0.045707423,0.08733595
967,5297,7.052208,0.5599587,0.014892742,0.030283809
967,6056,9.838116,0.55984026,0.021424308,0.042680025
968,4696,12.695946,0.57541794,0.026293568,0.05139646
968,4773,91.17321,0.5643508,0.17411295,0.34132612
968,956,40.814205,0.57380426,0.081939116,0.16121282
969,963,84.91681,0.5601077,0.17917508,0.35031983
969,1260,9.022724,0.56764525,0.01968792,0.038925886
970,2465,20.817108,0.56999236,0.048667796,0.09360275
971,942,40.649445,0.5566266,0.08412562,0.16486385
971,972,45.41522,0.56064546,0.08742115,0.17136201
971,963,17.485624,0.5545385,0.037526406,0.072701395
971,961,11.540237,0.5539309,0.023280457,0.045668796
972,427,17.024952,0.5634092,0.035105255,0.067898616
972,973,43.842648,0.56334245,0.08434028,0.16242197
972,971,45.881763,0.56075495,0.08902306,0.1743442
973,942,45.9641,0.5598729,0.088447005,0.17368072
973,941,17.387686,0.55967903,0.035665277,0.06895234
973,974,59.455715,0.5610348,0.1149828,0.22555317
974,973,59.316,0.5590682,0.11420692,0.22426422
974,5050,35.329185,0.5597629,0.069698595,0.13484873
974,6055,18.031181,0.55962896,0.037323035,0.07219891
974,976,75.78113,0.54348046,0.067379065,0.12391284
975,262,14.765139,0.558956,0.034074478,0.065982684
975,6055,32.047707,0.56241643,0.06377442,0.1237192
975,4694,114.946144,0.55956525,0.21897966,0.42783627
976,922,59.532135,0.55336905,0.12684816,0.24697971
976,966,21.996706,0.5551904,0.04625653,0.08903566
976,974,75.09397,0.55002797,0.06719777,0.12442288
977,978,69.478745,0.576264,0.13230175,0.26152822
977,4696,48.67694,0.57473564,0.09809594,0.1913215
978,977,68.72759,0.5705821,0.13370882,0.26284283
979,3531,0.06018448,0.0,0.0021109432,0.0038954765
979,4866,2.9453545,0.55362624,0.0061931685,0.0128827095
980,6044,0.625721,0.034074426,0.0033698976,0.0066625774
980,4866,9.216206,0.5619882,0.013318628,0.02715084
981,3801,111.94339,0.5354613,0.21755245,0.42414594
981,962,6.6788483,0.5469627,0.014601834,0.029685006
981,925,96.90262,0.54287374,0.2052059,0.39932722
982,66,67.54315,0.5884822,0.17190072,0.33606297
983,982,27.909111,0.5851118,0.05176736,0.10060068
983,1643,10.02858,0.58393,0.02342569,0.046412915
984,4832,40.25695,0.5936058,0.046242,0.089641444
985,7020,1.9972916,0.5935946,0.0035557002,0.007833093
985,984,3.8128319,0.5948882,0.009340212,0.01908566
986,7020,2.3970337,0.59079677,0.004436344,0.009456247
986,1860,5.636036,0.5915484,0.004008949,0.009443238
987,1329,87.72815,0.5844529,0.16512315,0.32559282
987,1864,31.160938,0.5976843,0.07557832,0.14872289
988,989,2.0877533,0.57269955,0.0059523955,0.012336656
988,6334,74.40758,0.5671954,0.19066596,0.37202847
989,990,1.4773216,0.5713734,0.004331149,0.009228811
990,991,0.9857521,0.57038546,0.003726326,0.007939756
990,72,30.60065,0.57769054,0.07534316,0.14420629
991,2980,2.1489525,0.5727032,0.005977094,0.012348577
992,988,3.989685,0.5753055,0.009888634,0.020260543
993,72,1.5301743,0.5774767,0.0042185187,0.009280533
993,991,30.723515,0.5762164,0.0756534,0.14660642
993,6858,1.752224,0.5793598,0.0028635263,0.0063151866
994,247,48.22172,0.5885537,0.11539224,0.22288552
995,4301,68.08513,0.58649206,0.10063219,0.19458401
995,51,38.797733,0.58810765,0.093591124,0.18031304
996,51,1.5349846,0.5914366,0.0048119575,0.0104071945
996,994,38.609325,0.5871641,0.095476404,0.18393809
997,3235,1.6157722,0.59314454,0.002093941,0.0050227046
997,998,74.51013,0.5947093,0.1413645,0.27976933
998,997,74.63895,0.59638524,0.1399542,0.27718094
998,4968,39.51555,0.5965307,0.07642011,0.14882645
998,187,20.058006,0.5935221,0.04111197,0.079641275
999,2988,71.8347,0.5525448,0.15230772,0.29495028
999,413,61.96234,0.5565512,0.06773578,0.12722561
1000,6387,1.6972809,0.56637996,0.0033675358,0.007446766
1000,6388,6.3223114,0.570838,0.013758078,0.027481228
1001,6390,2.714222,0.56051224,0.0025282651,0.005947128
1001,1000,26.546284,0.5686018,0.058217738,0.11130221
1002,2988,18.62138,0.5663595,0.04384289,0.08512561
1003,5141,1.3075905,0.5709967,0.0014686063,0.0036693364
1003,2496,13.053478,0.57057166,0.03034373,0.05934214
1004,6464,7.678089,0.55865204,0.015480764,0.03064613
1004,1028,58.16845,0.5575429,0.11238881,0.22099707
1005,194,46.971252,0.5578693,0.14201258,0.27918053
1006,5467,1.4355316,0.5570741,0.0028790832,0.0062408894
1006,1004,24.520208,0.5605316,0.050542094,0.09594785
1007,374,141.40845,0.57287633,0.26899877,0.527212
1007,1026,18.407915,0.5674084,0.024941206,0.04940881
1008,1007,55.180824,0.56891465,0.104833044,0.20434028
1008,2900,65.06284,0.5628432,0.12546235,0.24535559
1009,4706,5.5387917,0.56419396,0.010826431,0.022065207
1010,1016,45.43099,0.5625058,0.08730773,0.16742323
1010,1011,34.132202,0.5611109,0.06686097,0.13019775
1011,1064,42.968834,0.56007916,0.081589386,0.16042654
1011,1012,35.63382,0.5560566,0.068951316,0.1342992
1011,793,38.64651,0.5615581,0.07394296,0.14471899
1011,1010,33.656013,0.5599433,0.06657366,0.12840766
1012,1065,59.63762,0.5492521,0.09032855,0.1730277
1012,1013,19.802809,0.55081177,0.041308474,0.07993147
1012,1011,35.789444,0.5589697,0.06927948,0.13557926
1013,6579,32.91424,0.5539116,0.069849074,0.1343411
1013,1012,20.165941,0.55020356,0.042107057,0.08137337
1014,1064,24.139893,0.55556023,0.050043978,0.09522368
1015,6463,1.5386047,0.5596272,0.001939781,0.0045417994
1015,693,57.51427,0.5622714,0.11027242,0.21587707
1015,5467,65.1154,0.55889535,0.123628676,0.24165854
1016,4706,1.7847824,0.5645303,0.0025140643,0.006068513
1016,1067,12.626574,0.5642078,0.025843106,0.05099675
1017,4850,2.1362114,0.5672732,0.002330862,0.0056619793
1017,2474,21.139343,0.5686029,0.049716316,0.096140124
1018,175,0.0,0.033046603,0.0011452585,0.0028662533
1018,2521,14.38722,0.5688568,0.028148957,0.055256747
1018,1005,30.135727,0.56051946,0.0778556,0.1485982
1019,204,30.935135,0.54874635,0.06674227,0.12567002
1020,1801,31.259302,0.54873455,0.067321755,0.12983252
1020,229,73.69106,0.5487174,0.23201922,0.45214456
1021,1068,8.174271,0.5450199,0.017497815,0.03529291
1021,1069,20.394255,0.5480356,0.043349154,0.08337066
1022,1021,45.52192,0.5478256,0.09670934,0.18839382
1022,1657,110.612526,0.54208976,0.2121172,0.41532838
1023,5411,2.0371323,0.57530785,0.003055714,0.0065915287
1023,5756,15.815456,0.5729962,0.032533467,0.063319795
1023,1024,68.30276,0.57086337,0.13009693,0.2562005
1024,1996,32.953632,0.56979465,0.065352745,0.12568651
1024,5078,23.63988,0.57082474,0.048382264,0.092580065
1024,1023,67.9073,0.56905645,0.12988603,0.2556127
1025,2580,6.9879723,0.5743444,0.017218314,0.034466878
1026,6358,16.677334,0.57449305,0.022744693,0.045088634
1027,2719,44.1085,0.5643263,0.105961934,0.20611988
1028,6762,29.355558,0.55460656,0.063266575,0.120743975
1028,1004,58.84941,0.55659604,0.11230806,0.2193445
1029,5160,1.9393196,0.5737078,0.0028665438,0.0063391477
1029,2879,118.77379,0.57186687,0.22613978,0.44465816
1030,2173,17.084923,0.57864416,0.032945827,0.06492709
1030,2175,25.849016,0.5792522,0.06068298,0.11537348
1031,1030,9.615372,0.57844436,0.02233857,0.04415159
1031,1032,182.83067,0.56334436,0.35114583,0.68712175
1032,3885,15.948816,0.57474077,0.034365054,0.06710291
1032,1031,183.06667,0.5635735,0.34993523,0.6852005
1033,422,5.2052803,0.5679771,0.010837868,0.021599054
1033,1529,44.107067,0.56926966,0.09144954,0.17774327
1034,2629,94.08421,0.53448987,0.19979736,0.38833934
1035,2620,38.712456,0.5401477,0.08279182,0.16004783
1035,5888,22.120438,0.5435837,0.048856355,0.093875855
1036,3422,1.516098,0.51698416,0.0020029023,0.004373312
1036,1927,49.47042,0.5210851,0.10460987,0.20155814
1037,6208,3.8354034,0.47148263,0.004290536,0.009356767
1037,2302,21.195415,0.49042603,0.0473453,0.09077987
1037,1258,13.203764,0.4844509,0.028059423,0.054616757
1038,1986,1.5039597,0.5929033,0.0038490817,0.0080002695
1038,1039,139.17276,0.58717215,0.20010526,0.3943261
1039,2488,9.084465,0.58690107,0.011393167,0.023210004
1039,3607,3.3971062,0.58992845,0.0066377,0.0135143995
1040,4969,4.807499,0.59581274,0.008853875,0.017986745
1040,4968,3.2480888,0.59600246,0.005580023,0.011627868
1040,1054,36.21576,0.59871244,0.07034916,0.13709025
1041,408,31.887554,0.6017055,0.079482414,0.15594468
1041,827,23.056818,0.5958805,0.047578353,0.09161093
1042,826,14.727287,0.5991292,0.029945385,0.058529653
1042,1047,10.342308,0.59970146,0.020377927,0.04032533
1042,1051,46.09285,0.5963054,0.07141201,0.13696992
1043,1042,48.72087,0.5963797,0.07509464,0.14344594
1043,6385,15.768896,0.5980138,0.03358155,0.06548781
1044,1043,9.744141,0.60121125,0.020768799,0.04136154
1044,1047,35.528603,0.5998459,0.06936737,0.13465522
1045,1049,32.203323,0.5993029,0.06297131,0.12139863
1045,1053,10.687296,0.5991103,0.021008901,0.041400373
1045,412,21.409391,0.6014737,0.043888073,0.08501055
1046,3085,3.8284416,0.600876,0.0067464337,0.013716549
1046,824,84.36279,0.60308796,0.15798,0.31127936
1046,412,24.926504,0.60335976,0.051524993,0.0986182
1047,1042,10.456743,0.5977201,0.020659126,0.040928453
1047,1048,36.79213,0.6003715,0.0716838,0.13983144
1047,1049,37.499313,0.6002595,0.072333165,0.14158107
1047,1044,35.06743,0.6001436,0.06945065,0.1345562
1048,1047,37.07245,0.60037696,0.07163705,0.14088927
1048,824,6.800972,0.600399,0.012936391,0.025754958
1048,412,84.36981,0.6020057,0.15906331,0.3135795
1049,1051,10.66057,0.5984897,0.021151528,0.041654155
1049,1045,31.811897,0.59914047,0.0631769,0.121256426
1049,1047,37.430725,0.60024697,0.0723196,0.14190875
1050,827,36.385754,0.5979882,0.07039918,0.13715005
1050,3086,41.16373,0.6026571,0.07821777,0.15310873
1050,1052,28.966776,0.59715825,0.05751185,0.10981605
1050,6235,15.695381,0.59969085,0.03211391,0.06291588
1051,1049,10.842764,0.59940135,0.021484308,0.042269036
1051,1052,14.783604,0.59902,0.02996556,0.058378227
1051,1053,40.61705,0.5955231,0.06381155,0.12210646
1052,826,37.139935,0.59926987,0.071391344,0.1402853
1052,411,56.825523,0.6028902,0.10894651,0.21501091
1052,1050,28.903568,0.59750646,0.05717137,0.10921786
1052,1051,14.708729,0.59794444,0.029760621,0.05803071
1053,1045,11.247337,0.5981849,0.022655226,0.044641793
1054,185,2.7062912,0.59919375,0.004431404,0.0093818605
1054,410,5.632202,0.6008167,0.010601759,0.021174759
1054,1040,36.01272,0.5991981,0.07019594,0.13690013
1055,3588,2.2735825,0.60401464,0.0038135946,0.008364096
1055,387,12.557037,0.61043715,0.026103735,0.051712513
1055,3085,33.13683,0.6043314,0.06574495,0.12669307
1056,2490,9.270634,0.56828827,0.02153162,0.04285732
1056,1057,25.261805,0.57158566,0.05106481,0.09739608
1057,2489,12.288126,0.56516147,0.025031433,0.04877563
1057,279,12.106007,0.5658247,0.02479449,0.04872191
1058,6342,4.7640877,0.5657035,0.008464865,0.017907947
1058,5397,4.3158073,0.56497663,0.00716462,0.015335456
1059,4316,26.537243,0.57089365,0.06384931,0.12230975
1060,1307,105.787994,0.540704,0.20380652,0.39747673
1060,516,69.7762,0.5546533,0.13457038,0.26472777
1060,1226,37.702106,0.5541353,0.073904045,0.1434994
1060,2623,38.596447,0.55120975,0.07508643,0.14644106
1061,1791,22.908741,0.5614571,0.046924055,0.08996322
1061,1226,66.11966,0.5566867,0.12657376,0.24874088
1061,1223,36.94689,0.56579316,0.07063282,0.13923416
1062,1305,17.093063,0.56496537,0.03682419,0.07182799
1062,1306,27.04625,0.5629989,0.05823737,0.11117891
1062,1223,13.652863,0.56468886,0.027745515,0.054106876
1063,1070,19.377287,0.55448854,0.03662514,0.071518674
1064,1011,43.1489,0.5608551,0.08222486,0.16096546
1064,1065,25.315136,0.5532444,0.051794533,0.09922638
1064,1014,24.366877,0.5578437,0.050245903,0.09592395
1065,1064,24.915901,0.55335116,0.05180151,0.09904975
1065,1063,24.183056,0.5495658,0.044788096,0.08734604
1066,794,4.8199615,0.5578682,0.008248739,0.017378807
1066,6633,2.275917,0.5587329,0.005149342,0.01075089
1067,368,2.6265907,0.5681701,0.0066007674,0.013732582
1068,1013,65.57764,0.55410904,0.14357506,0.2785719
1068,1063,35.023617,0.5526721,0.06871723,0.13225105
1069,1068,11.6638565,0.55051947,0.023545511,0.04705219
1069,3645,29.584166,0.54689807,0.060668044,0.115745895
1070,1028,24.75053,0.54813373,0.054538544,0.10477091
1070,1021,34.594467,0.5492424,0.068469256,0.13216713
1070,6464,62.799683,0.55236965,0.12113682,0.23684052
1071,2535,27.163294,0.6187508,0.05456035,0.105365515
1071,1817,26.377674,0.6169965,0.053945214,0.10417943
1071,358,130.6242,0.62698185,0.23869544,0.46865362
1072,3309,2.255169,0.5353357,0.0048986003,0.01053676
1073,1077,38.89632,0.54087824,0.07551182,0.14792916
1073,1075,44.826824,0.5450006,0.086675875,0.16956216
1073,231,13.786917,0.5398036,0.028602764,0.05564069
1074,2148,19.217873,0.54559183,0.03946279,0.07618896
1074,1075,13.742838,0.54587466,0.029537283,0.057784207
1074,171,26.690243,0.5469163,0.057642307,0.110155515
1074,231,44.280743,0.54474443,0.08491323,0.1663458
1075,2147,19.095606,0.5459861,0.039243102,0.075871035
1075,6453,12.074919,0.54330426,0.026067257,0.05168405
1075,1074,13.763765,0.545586,0.029569574,0.057825245
1075,1073,44.720078,0.5461225,0.085185505,0.16741346
1076,232,44.656593,0.5348232,0.085140735,0.1653852
1076,231,38.234177,0.53817284,0.073797636,0.1438834
1076,1077,14.394247,0.5378431,0.029580154,0.057768963
1076,180,27.703718,0.53436655,0.0564781,0.107752874
1077,235,44.78199,0.5341247,0.085567586,0.16721061
1077,1073,38.503677,0.54065335,0.07478587,0.14561029
1077,202,14.199104,0.53700554,0.02952937,0.057708934
1077,1076,14.363895,0.5365929,0.029608697,0.05791097
1078,5512,5.59676,0.49322772,0.01633083,0.032284304
1078,2515,1.0045319,0.49398395,0.0041764155,0.0087378025
1079,4740,1.5469017,0.59097964,0.0019308925,0.0044626147
1079,5866,43.732067,0.60705435,0.08059584,0.15604219
1080,1118,39.84198,0.5985827,0.09511698,0.18333684
1080,3613,24.373482,0.59380287,0.04998879,0.09553443
1081,1373,84.74072,0.585919,0.15994182,0.31522056
1081,1083,174.9234,0.57891876,0.33215314,0.6516437
1081,7056,146.18994,0.5888357,0.27470222,0.5392978
1082,7056,227.1276,0.58632267,0.4263397,0.83546203
1082,6671,62.772514,0.5958431,0.13168138,0.26037294
1082,3633,10.095451,0.59033716,0.021216616,0.042059407
1083,1088,29.005926,0.5817948,0.059255194,0.11335942
1083,5290,72.25707,0.5803893,0.1360745,0.26792306
1083,1081,174.76807,0.57768387,0.33123508,0.6489471
1084,5934,1.8743477,0.58154464,0.0029085353,0.0060712546
1084,1552,22.926018,0.5814489,0.04732001,0.09106755
1084,1091,66.338036,0.5771877,0.13888481,0.2710345
1085,6311,49.692276,0.5874559,0.103473604,0.20277937
1085,6923,1.8246346,0.58039504,0.00337103,0.0072987825
1086,5296,22.837595,0.58125484,0.048910625,0.09387402
1086,3584,9.668705,0.58469534,0.020229936,0.04026586
1086,1089,10.259457,0.58461976,0.021617003,0.04291971
1087,5296,1.7604256,0.5806977,0.0030420572,0.0067872256
1087,5290,2.1693497,0.5828736,0.004607007,0.009866819
1088,6573,3.010559,0.5833435,0.004935041,0.010556504
1088,1083,29.003365,0.5829619,0.058541693,0.11219189
1089,1086,9.990692,0.58117545,0.021248095,0.042358577
1089,5128,77.74493,0.5802439,0.1604791,0.31479964
1090,1545,26.221642,0.5784503,0.05492908,0.105213106
1090,1551,35.76229,0.5795975,0.07210864,0.14180242
1090,1544,77.004654,0.5751592,0.14656271,0.28834668
1091,5934,66.65622,0.5817286,0.13952959,0.2730214
1091,2744,20.632404,0.58447844,0.043967932,0.08477387
1092,6818,1.3528137,0.5746039,0.0031451285,0.0068609715
1092,4349,22.550764,0.5763829,0.049655315,0.09504794
1092,1531,161.91586,0.57097167,0.23686573,0.4652927
1093,1547,10.550411,0.5787301,0.020991117,0.041419253
1093,1538,35.603355,0.5820452,0.073854566,0.1438101
1094,5184,1.2456627,0.57938504,0.0021527633,0.0047240406
1094,4680,29.254927,0.582316,0.059669707,0.11365501
1095,773,4.7662773,0.030585855,0.019776434,0.039299816
1095,1453,60.300285,0.5755195,0.12945226,0.250182
1096,5126,14.3407345,0.5871867,0.030161966,0.058853693
1096,1541,128.92032,0.5749302,0.2677273,0.523834
1096,1965,24.543678,0.58442146,0.050578143,0.096598096
1097,4140,3.0962677,0.5719546,0.010878883,0.021932751
1098,1283,145.61128,0.56122875,0.27651036,0.5412197
1098,1103,112.87196,0.5674305,0.21153197,0.4136976
1098,1284,42.765026,0.57230467,0.08298781,0.16252123
1099,4291,2.31958,0.5778848,0.007510312,0.014104351
1100,4129,0.27272415,0.57591015,0.0051407292,0.011168078
1100,6194,1.792244,0.08455512,0.008520044,0.017014742
1101,1103,4.759079,0.57287633,0.009145349,0.018077731
1101,1388,109.013435,0.57217866,0.20543322,0.40345344
1101,7013,36.660694,0.5754968,0.07084391,0.13674746
1102,4126,18.223444,0.0012350082,0.07345448,0.15076938
1102,1103,19.898401,0.02595523,0.05712645,0.11688184
1103,1101,4.844784,0.573695,0.0094938055,0.018833965
1103,1098,112.16094,0.5684417,0.21266723,0.41589332
1104,4076,1.8551369,0.6081944,0.0035770014,0.007530272
1104,6116,25.9983,0.6118569,0.06154588,0.11945352
1105,6424,82.019745,0.6086816,0.17152256,0.3369159
1105,1104,43.49782,0.6085834,0.08984738,0.17545502
1106,5259,1.4013824,0.54656273,0.0024139583,0.0055954456
1106,4896,1.8170776,0.5560325,0.0027612895,0.0064290464
1107,1446,104.36811,0.55183977,0.19805877,0.38754505
1107,4279,60.63594,0.5503395,0.12978853,0.25314337
1108,844,110.36743,0.5631064,0.20813704,0.4079339
1108,1283,62.950905,0.56784666,0.12165306,0.23872052
1108,1222,73.76662,0.5649097,0.19733468,0.3867678
1108,1818,136.10645,0.5574395,0.3577216,0.7019675
1109,568,53.440006,0.5548009,0.102818005,0.20126298
1109,1742,10.0269165,0.55306107,0.020156667,0.039887533
1109,1742,8.059265,0.5531229,0.01592949,0.03178811
1110,554,30.751663,0.55305856,0.0666574,0.12851737
1110,6772,124.56181,0.5460526,0.26326862,0.51240635
1110,4885,115.46373,0.54776484,0.22123313,0.43259692
1111,4883,78.314674,0.5482603,0.15054119,0.29508337
1111,4885,61.987167,0.5496592,0.12052215,0.23650654
1111,915,74.64895,0.548293,0.14401546,0.28231454
1112,684,56.549065,0.6249324,0.10585654,0.2085885
1112,701,26.345158,0.6263363,0.062457025,0.12071677
1113,4965,79.20024,0.61004317,0.15125726,0.29858488
1113,392,71.10918,0.6082421,0.13524196,0.26755983
1113,6708,43.689766,0.6086927,0.08455677,0.16650555
1114,2782,134.95374,0.59898907,0.2540446,0.50011593
1114,3370,99.972565,0.59913766,0.18860888,0.3719383
1115,2249,7.7682533,0.598939,0.01496315,0.029993922
1115,2249,6.048832,0.5989684,0.01131364,0.022883862
1115,2786,152.30554,0.59384304,0.28776458,0.565075
1116,4384,1.923912,0.59355175,0.0020919144,0.0051959306
1116,1281,106.10479,0.5878156,0.26533315,0.52084416
1117,4775,28.876457,0.59687245,0.057875875,0.110550664
1118,7058,1.8568954,0.5950826,0.0050444603,0.010714754
1118,191,3.5432281,0.59656733,0.0054820776,0.011697352
1119,3110,1.4613495,0.5704648,0.0049611405,0.010320902
1119,1120,59.321808,0.57020813,0.124479964,0.24417113
1120,2077,114.1907,0.5705602,0.21495545,0.42245
1120,2094,19.2079,0.57361937,0.041480023,0.08034131
1120,1119,60.346405,0.5725096,0.124588296,0.24501541
1121,1124,7.534813,0.5785831,0.014556296,0.028968334
1121,1125,64.49476,0.57512116,0.12415303,0.24390134
1121,1122,45.39254,0.5808741,0.09333026,0.1821086
1121,2076,83.15251,0.5749476,0.17256144,0.3378188
1122,1121,44.98675,0.58166206,0.09321468,0.18209681
1122,1125,134.18674,0.5694649,0.2532946,0.49700266
1122,1123,6.655819,0.580948,0.013807528,0.027730688
1123,3162,75.97266,0.57826436,0.14440241,0.28458104
1123,1139,107.4821,0.58051306,0.22255692,0.4354099
1123,1124,48.01316,0.5796838,0.09187254,0.18002737
1123,1122,6.413948,0.5784355,0.013176493,0.02653715
1124,1121,7.6145363,0.5790334,0.0147219,0.029412612
1124,2077,98.40193,0.57311314,0.18492746,0.36302978
1124,1123,47.514137,0.57837963,0.09197688,0.18022965
1125,1121,64.84596,0.5749161,0.12402939,0.24391818
1125,1122,134.76447,0.56783694,0.2542412,0.49825323
1125,1425,103.79733,0.5683219,0.19504052,0.3837098
1126,6773,1.6968613,0.5436423,0.0025680065,0.005838543
1126,2256,168.69547,0.5406007,0.326695,0.63621527
1126,553,6.266655,0.54584295,0.012120724,0.024590239
1127,1128,94.19873,0.54811966,0.18074468,0.3533931
1127,2256,80.77575,0.54990566,0.15559924,0.30449906
1127,3016,80.17534,0.54905164,0.15429501,0.302148
1128,1132,46.08169,0.54741734,0.08859936,0.17228569
1128,1127,93.56617,0.54580915,0.18010741,0.35174683
1128,2257,51.769047,0.55029523,0.0995412,0.19486988
1129,4746,0.98075104,0.54154426,0.0009978041,0.0026745945
1129,2523,1.3344612,0.5488299,0.0043340474,0.009337306
1130,2253,2.0619888,0.5434006,0.0032150298,0.007292837
1130,3206,39.926865,0.54422486,0.08414845,0.16125134
1130,2255,117.15266,0.54389596,0.22514963,0.438538
1131,1130,46.545456,0.54158443,0.0979459,0.18935864
1131,2255,113.226456,0.5439426,0.21699688,0.42364687
1132,1133,2.2129898,0.5488688,0.0036246255,0.00790365
1132,1128,45.433475,0.54941034,0.08755337,0.17041919
1132,1131,102.68617,0.5437039,0.2169101,0.4196845
1133,1132,2.2880478,0.54742414,0.0037749857,0.008395299
1133,3055,27.748688,0.54869664,0.060891338,0.116459735
1133,3054,19.568024,0.5477919,0.04115851,0.08004229
1134,6178,10.847185,0.5463389,0.025339752,0.049847454
1134,5154,27.404366,0.54617006,0.06620982,0.12854563
1134,2526,81.81425,0.54784477,0.15527344,0.30386385
1135,4874,1.2388153,0.550083,0.0020528883,0.0047412664
1135,5154,99.54075,0.5489981,0.25530565,0.49858135
1136,6904,29.226429,0.5580593,0.06334084,0.12098929
1136,210,42.133865,0.56089175,0.081270196,0.15900148
1137,234,10.358688,0.53022265,0.02472844,0.048473105
1137,179,34.48589,0.52513725,0.0752332,0.1438713
1138,3681,2.3673515,0.5913693,0.0040499046,0.008927524
1138,5710,15.018341,0.59325355,0.037681498,0.07331098
1139,1123,107.55949,0.5824489,0.2223143,0.4358616
1139,3681,84.13915,0.5888295,0.17509134,0.34342614
1139,1140,73.03941,0.58806527,0.15301293,0.3004695
1140,6760,2.6936836,0.58363396,0.005484991,0.011580586
1140,1139,72.82848,0.58125347,0.15077035,0.29617387
1141,5603,2.3751717,0.577183,0.0011086985,0.003382668
1141,3162,24.780962,0.5806852,0.054327197,0.10422432
1142,84,116.262665,0.5671167,0.24131459,0.47108263
1142,5602,161.21451,0.5660073,0.3359253,0.6554568
1142,3066,22.190763,0.57411265,0.045893736,0.08767817
1143,1459,1.3875961,0.55620795,0.0019323006,0.0047967434
1143,2872,35.80827,0.5595854,0.07644473,0.14695114
1144,1145,22.46314,0.57195383,0.046280462,0.08834629
1144,4535,215.11342,0.55613816,0.4136362,0.8063984
1144,1148,151.54971,0.55896395,0.2876119,0.5621262
1145,774,265.4996,0.5653296,0.507633,0.9907354
1145,1144,22.904127,0.57222337,0.0470326,0.0897254
1145,2955,222.31305,0.5610896,0.43010437,0.8387191
1146,1147,56.4065,0.55628574,0.11595321,0.22718713
1146,4698,28.589073,0.5590007,0.060405962,0.116661236
1146,4697,43.90067,0.55955774,0.0826641,0.16190666
1147,1146,55.658916,0.5542456,0.11583981,0.22697246
1148,3250,42.485813,0.56631017,0.08100635,0.15810204
1148,1144,151.9716,0.5585683,0.28781274,0.56289506
1148,4534,158.38126,0.55654085,0.30154604,0.5899763
1149,4559,1.2270966,0.55914235,0.0014535487,0.0036994517
1149,4546,28.623344,0.56467247,0.058296513,0.11084442
1150,3444,14.29653,0.37426317,0.031109251,0.059985064
1151,1150,45.16964,0.34455037,0.09860082,0.18729134
1152,772,4.72073,0.3309993,0.012564778,0.023703083
1152,1151,2.896019,0.3293292,0.0061253607,0.011510342
1153,3251,34.054058,0.34731936,0.07629944,0.14371024
1154,4674,69.56987,0.3777654,0.14594942,0.2834512
1154,1949,42.844246,0.4024455,0.08966456,0.17089309
1155,3462,2.0637589,0.41047636,0.0065774918,0.013042122
1155,4121,2.7187157,0.40766424,0.01046212,0.020263642
1156,4299,1.8596191,0.5684707,0.0077977255,0.0155483335
1157,3312,89.33273,0.56151545,0.17543569,0.34345004
1157,2112,68.26534,0.5546899,0.2240321,0.43626285
1158,1159,55.57782,0.5726293,0.106895655,0.20958185
1158,2855,54.4207,0.57372475,0.105050415,0.20623
1158,2855,57.9802,0.5736919,0.11173093,0.21945539
1158,3467,49.560474,0.5726251,0.09510487,0.18611577
1159,3312,65.51827,0.5690011,0.12536067,0.24609062
1159,1158,55.364746,0.57258236,0.10768369,0.21125159
1159,1160,197.5461,0.55236197,0.38073033,0.74282455
1160,5692,72.98633,0.5487502,0.13811849,0.27049255
1160,1159,197.09344,0.5514697,0.3801782,0.74055004
1160,6009,120.48356,0.54576516,0.23038393,0.44977874
1161,1374,26.032677,0.5792666,0.05274972,0.10085247
1161,1168,66.46744,0.58002996,0.13765046,0.27016404
1161,3144,78.94154,0.57618105,0.16433738,0.3211673
1162,6779,48.880226,0.5694405,0.1600458,0.31238136
1163,1162,33.656693,0.57521695,0.07288528,0.14008613
1163,2529,10.243286,0.5773966,0.021169059,0.04219748
1164,3944,2.4143257,0.5269683,0.003874451,0.008117527
1164,1165,48.32801,0.5265596,0.093904294,0.18331051
1164,5952,61.27048,0.52479386,0.19579105,0.38052076
1165,1166,71.305176,0.53300285,0.1372964,0.26883405
1165,1164,48.7797,0.52703387,0.094437554,0.18362011
1165,1175,190.86588,0.5294552,0.37352794,0.7263984
1166,1165,70.336624,0.5288747,0.13723125,0.26858643
1166,4876,38.819298,0.5257934,0.12320272,0.24110895
1167,765,75.79717,0.57626677,0.1593476,0.31203017
1167,3481,10.833387,0.576725,0.02182781,0.042843476
1168,1169,64.11624,0.57928747,0.12299502,0.24185318
1168,5574,122.46766,0.58133984,0.25262764,0.49515682
1168,1161,66.618866,0.5819932,0.13848132,0.2722007
1169,3972,53.577114,0.58055764,0.10235131,0.20003246
1169,1168,64.33753,0.5794709,0.12282334,0.24150778
1169,765,67.62238,0.57996386,0.14053604,0.27543852
1169,1374,56.6427,0.58216935,0.11741994,0.2304592
1170,2262,136.3039,0.55196995,0.25993875,0.50861365
1170,2260,70.872826,0.5559051,0.132932,0.2620981
1170,6531,26.388287,0.55669284,0.051027317,0.09755422
1171,2261,145.41411,0.54744184,0.27728933,0.5408509
1171,2383,98.333725,0.5519729,0.18746433,0.36643282
1171,6211,156.54416,0.53811044,0.30015445,0.58424
1172,2386,44.106766,0.5576029,0.08419925,0.16447467
1172,2876,33.274574,0.55421776,0.07021884,0.13576032
1172,2387,27.892853,0.55588555,0.059453785,0.11362744
1173,1183,46.551144,0.55891764,0.08973837,0.17533828
1173,1179,62.546112,0.55530155,0.1309217,0.2562781
1173,1178,9.18914,0.55407876,0.01956404,0.038879737
1174,1175,115.72891,0.528877,0.24730179,0.47991705
1174,5941,52.44249,0.522041,0.11173771,0.21810183
1175,1165,190.84789,0.52805895,0.37278834,0.7246385
1175,1176,12.930653,0.5343083,0.028271519,0.05555539
1175,1174,115.66945,0.5288951,0.24667045,0.47830904
1176,3293,58.92454,0.5371485,0.12476073,0.24315013
1176,1175,12.892996,0.5319258,0.028103523,0.055486277
1177,6924,174.84612,0.5328702,0.33865663,0.6578484
1177,2385,134.12033,0.54043204,0.2824338,0.54902565
1177,3293,12.038832,0.54215795,0.026124269,0.051496387
1178,1460,19.20188,0.5539917,0.039808128,0.07726181
1178,1173,9.347401,0.5548183,0.019755162,0.03931789
1178,2385,77.16249,0.5485902,0.16156179,0.31503594
1179,2754,218.12886,0.55073154,0.4202986,0.8185095
1179,1183,63.19168,0.5569432,0.12188204,0.2390428
1179,2217,128.90298,0.5565486,0.27011105,0.5262705
1179,1173,63.225273,0.5551083,0.13287109,0.2599444
1180,5205,0.6401787,0.42407686,0.0016314611,0.00340648
1180,3909,1.5105019,0.2320154,0.0013405457,0.0021321476
1180,5590,4.2565575,0.5732012,0.009808555,0.020068526
1181,4645,12.739487,0.58034813,0.027545556,0.054636814
1181,2388,44.241714,0.569146,0.09274044,0.17910182
1182,5533,116.589386,0.5818505,0.21911556,0.4301772
1182,3480,60.569862,0.58445334,0.12633198,0.24803478
1182,6538,70.538956,0.5838002,0.1501957,0.29496044
1183,2386,66.04288,0.5539428,0.12732969,0.24936537
1183,1173,46.88907,0.5582045,0.090584904,0.17692512
1183,1179,62.81325,0.55772966,0.120712966,0.23635197
1184,6918,1.9685211,0.58891124,0.0025165454,0.0058425814
1184,6444,6.056217,0.59047455,0.012521245,0.02512443
1184,453,26.951014,0.58823633,0.057875063,0.11167694
1185,6420,1.5074806,0.57885885,0.002163902,0.0046083033
1185,4709,80.40486,0.5803927,0.15204547,0.30007935
1185,3246,42.925884,0.5821276,0.06821607,0.13101442
1186,4960,134.46918,0.579564,0.19144386,0.37775677
1186,6462,59.312057,0.58782244,0.122052774,0.23922423
1186,634,12.52257,0.5869924,0.026445106,0.05209388
1187,1289,37.70481,0.5907755,0.07673314,0.1506137
1187,799,30.019238,0.58602774,0.059299562,0.11343693
1187,1288,49.575573,0.58813375,0.09309943,0.18252984
1187,6444,47.409504,0.5905774,0.09687171,0.1898401
1188,665,2.693039,0.6514274,0.0043999776,0.009337887
1188,666,20.115685,0.647046,0.045636978,0.08915694
1189,840,40.68007,0.5842072,0.083667696,0.1626279
1189,4223,26.013794,0.59151787,0.057262927,0.11087161
1190,3011,30.936005,0.5817174,0.06110814,0.117652595
1190,765,180.9356,0.57263774,0.3450399,0.67530894
1190,5574,69.71158,0.58277625,0.13362986,0.26356804
1191,786,66.62466,0.5889143,0.16379221,0.32031897
1191,2593,29.711712,0.58988005,0.062773034,0.12168169
1192,1337,80.391785,0.62585115,0.14958829,0.29683498
1192,5031,243.0586,0.6350644,0.44512126,0.8740849
1192,1338,40.033447,0.6291969,0.07691837,0.15121536
1193,3352,45.3998,0.6124179,0.08686296,0.16881043
1193,4185,68.7431,0.6095321,0.13059333,0.25653416
1193,6137,183.89053,0.600899,0.3425497,0.6722391
1194,4514,1.7283249,0.5788743,0.002534695,0.005658731
1194,4512,1.5983505,0.57895994,0.0020064712,0.0045324266
1195,4382,1.8074608,0.5801684,0.0024793968,0.0056712627
1195,2438,1.9424019,0.5785354,0.0037334189,0.00800015
1195,748,59.17588,0.5806553,0.11304035,0.22196543
1196,4080,2.023182,0.58773905,0.002352409,0.0052612424
1196,1636,27.611526,0.5888553,0.05577294,0.10981285
1197,1890,61.6961,0.5230487,0.119911656,0.23448773
1197,1353,29.516737,0.5248432,0.059554845,0.1140419
1197,1348,57.244125,0.52924734,0.11090324,0.2166678
1198,3321,26.686005,0.5535465,0.081185855,0.15568316
1198,3534,24.823763,0.5522459,0.07563326,0.14423509
1199,2357,62.96305,0.5218859,0.12304944,0.2404266
1199,1200,73.04748,0.52744234,0.15513551,0.30170825
1199,2354,3.3877983,0.5266174,0.0071617067,0.014805853
1200,5288,0.81731796,0.34021062,0.0009976327,0.0022090226
1200,1199,71.87711,0.5246148,0.15581667,0.3026613
1200,6543,38.87503,0.52392477,0.076986246,0.14604087
1201,2358,28.742851,0.5173641,0.05885841,0.11209478
1201,2346,63.627964,0.5130808,0.123838946,0.24162391
1201,2357,10.578945,0.51889557,0.021703355,0.04266177
1202,1277,39.36757,0.5099377,0.07791671,0.15109804
1202,1203,29.27975,0.513895,0.06467432,0.123296455
1202,1204,12.9213505,0.51174164,0.02817849,0.05499176
1203,1202,29.596775,0.5145213,0.065063104,0.1237452
1203,1207,42.34009,0.5116057,0.089637324,0.17413928
1203,5005,34.945686,0.51519823,0.07554261,0.1460839
1204,1254,174.45427,0.4967366,0.34706122,0.67290545
1204,1202,12.73443,0.5106925,0.027821459,0.0541365
1204,1207,24.847866,0.5076867,0.055139665,0.105496325
1205,1347,1.3843765,0.5389839,0.0012057424,0.0028743297
1205,6202,71.22797,0.5438597,0.15695176,0.30385178
1206,3563,1.7156143,0.5383196,0.0024833232,0.0056699663
1206,6702,97.806786,0.5339283,0.20630342,0.40179926
1207,1203,42.307446,0.5132232,0.09016068,0.17560641
1207,1250,63.748337,0.50503975,0.13818271,0.26868105
1207,1204,24.667004,0.510169,0.05465886,0.10433934
1208,3609,2.0538902,0.42208785,0.0033617318,0.0067877024
1208,2225,32.60094,0.41115266,0.06857438,0.13068041
1208,2341,24.732584,0.4216451,0.05400248,0.10190332
1209,3609,42.652973,0.43102595,0.08580235,0.1647533
1210,1442,27.04957,0.45035917,0.05715513,0.107962355
1210,1211,45.706024,0.46054018,0.09077609,0.17663388
1210,1455,15.48307,0.44697705,0.032829024,0.06335624
1211,1456,42.91568,0.46055868,0.0848352,0.16485234
1211,2323,22.560389,0.46876675,0.048297577,0.0919006
1211,1210,45.610695,0.46077067,0.09079066,0.17668071
1212,1934,5.2219734,0.50944275,0.010058075,0.020054474
1212,1214,26.130623,0.5038334,0.05442804,0.10376337
1212,1932,38.202736,0.51041776,0.07524967,0.14639428
1213,1925,2.082943,0.5095273,0.0039016008,0.007991046
1213,1934,33.28687,0.5081202,0.06970082,0.13058364
1214,1212,26.726871,0.50331557,0.05549068,0.10551566
1214,1230,53.316788,0.4912279,0.10569532,0.20563081
1214,1215,37.53122,0.50171506,0.07510655,0.14603983
1214,1229,47.91144,0.49624714,0.09526769,0.18576345
1215,3664,26.31073,0.506857,0.055116903,0.10495285
1215,1214,37.23993,0.50150436,0.07509101,0.14591575
1215,1932,26.343023,0.508929,0.054866374,0.10452636
1215,1216,28.691656,0.5017754,0.05896854,0.113772996
1216,1215,29.225311,0.49771962,0.060003757,0.11477271
1216,1278,37.797398,0.49627116,0.07493688,0.14618966
1216,6284,26.788452,0.48735565,0.056252357,0.1073341
1217,2305,25.840128,0.5107381,0.053670708,0.10222561
1217,1279,45.00056,0.50531363,0.08843271,0.17246291
1217,3435,32.443913,0.50614136,0.06615549,0.12543449
1218,3566,1.7432556,0.510169,0.002677545,0.005902767
1218,1279,14.417507,0.50911087,0.030204386,0.0586304
1218,6293,10.554802,0.5027668,0.022384778,0.043416023
1219,576,27.682936,0.495146,0.055168845,0.106542096
1219,1221,23.915455,0.4896807,0.04841685,0.09297822
1219,2204,43.57323,0.50070953,0.08746418,0.16963165
1220,6657,22.732334,0.48442748,0.050536487,0.09639834
1220,537,22.907671,0.49112457,0.0508722,0.09719282
1220,1221,54.986847,0.4897205,0.10943661,0.2126458
1221,1220,54.715225,0.49005416,0.10883023,0.21160692
1221,1839,23.893795,0.4962341,0.050941333,0.09736323
1221,1219,24.031818,0.49115515,0.048348937,0.092736684
1222,1454,23.603647,0.5701114,0.05752209,0.11158886
1222,1108,73.58223,0.56439996,0.19733542,0.38680494
1222,1284,109.640526,0.56488127,0.20753153,0.406283
1223,1225,21.82826,0.56261086,0.04710751,0.090398625
1223,1305,10.464512,0.5647889,0.022228524,0.044254348
1223,1062,13.31864,0.5639703,0.026897155,0.052521884
1223,1061,36.22491,0.56448925,0.06977,0.1369026
1224,3701,115.258705,0.53344196,0.22292593,0.43456602
1224,3702,112.5121,0.5337093,0.23882926,0.46247035
1224,1225,43.826206,0.55582905,0.09142829,0.17826773
1225,1223,21.926702,0.56199795,0.04720114,0.090381026
1225,1224,44.18073,0.5556274,0.09024525,0.17647344
1225,1306,24.57835,0.5589607,0.050726715,0.096470274
1225,1791,36.410755,0.5609332,0.06962201,0.13654715
1226,1227,38.22,0.55572855,0.07373778,0.14527503
1226,1061,65.99636,0.55804616,0.12587653,0.24741518
1226,1060,37.810078,0.5563047,0.073493995,0.1427441
1227,1226,38.432495,0.55435467,0.07408008,0.14605126
1227,1791,58.44222,0.5579096,0.11198563,0.22001538
1227,1307,85.221436,0.54338396,0.16440794,0.32147717
1228,1307,53.57035,0.53366464,0.10168187,0.19838522
1228,5253,14.865112,0.53461313,0.032445833,0.06429231
1229,6681,1.5855637,0.49436095,0.0020931512,0.0045447797
1229,1214,48.18395,0.49518782,0.09572315,0.18614653
1229,3539,26.167778,0.50192314,0.058450192,0.11128216
1230,6682,2.3173065,0.48306283,0.0049709603,0.010232702
1230,1214,53.33895,0.489387,0.10556119,0.20478608
1231,1316,58.368263,0.38085058,0.12324719,0.2378329
1231,2282,43.075462,0.418297,0.09594936,0.18482046
1231,2280,35.516186,0.40253896,0.0739447,0.14010218
1231,5895,39.70599,0.40665627,0.08888274,0.17067868
1232,1678,42.814228,0.35732582,0.09027166,0.17181182
1232,1679,33.214302,0.35864973,0.07668056,0.14506736
1232,1261,37.482193,0.38549578,0.08520104,0.16275051
1232,1684,111.67111,0.4078948,0.25265613,0.48543698
1233,3696,49.360287,0.31741667,0.10649092,0.20410882
1233,1322,63.737507,0.28584003,0.1511322,0.29541045
1233,2832,2.806015,0.3028614,0.007311538,0.013484642
1233,2283,23.086662,0.3142331,0.05378656,0.10163558
1234,2300,66.80359,0.30369794,0.14988367,0.29070002
1234,1322,18.322287,0.29267913,0.04345784,0.0825626
1234,1317,16.348211,0.29285693,0.038586877,0.073386915
1235,2333,38.804718,0.37387294,0.081956714,0.15547703
1235,6476,104.37069,0.3945347,0.24115366,0.4628964
1235,1268,16.422213,0.3618585,0.037031747,0.07078878
1236,1237,2.1022835,0.3650991,0.002961807,0.00642021
1236,5897,50.430134,0.3875618,0.12928814,0.2523415
1237,1236,1.8710213,0.3594619,0.0027680919,0.0061088353
1237,1316,57.581055,0.35742664,0.118148796,0.22420286
1237,6628,22.373388,0.35416883,0.056493316,0.10814869
1238,5901,18.487164,0.4289203,0.039730925,0.07653263
1238,2006,30.574894,0.42571104,0.06463358,0.12209437
1238,2013,28.123411,0.42237672,0.060763612,0.114342965
1239,5289,1.7114449,0.580704,0.003323719,0.0073044
1239,1538,61.42278,0.5798703,0.1284584,0.2521739
1240,2745,61.758965,0.58408314,0.15756202,0.30949134
1240,1389,86.42662,0.57430696,0.1638926,0.32217726
1240,1539,95.770775,0.5748475,0.18184313,0.35728317
1241,1390,77.51102,0.5808677,0.14701432,0.2893014
1241,1242,32.632065,0.58428335,0.06388361,0.12421064
1241,1550,79.507576,0.5813913,0.150321,0.29606038
1242,633,198.7657,0.57882804,0.37934557,0.74285966
1242,1241,32.585022,0.5846794,0.06400244,0.12402288
1242,634,119.438866,0.58130896,0.2236681,0.43970788
1243,3785,1.6221161,0.5358392,0.002079472,0.004766524
1243,86,15.810381,0.5381256,0.034564897,0.0669027
1244,1245,9.036156,0.52658397,0.018948555,0.037072584
1244,101,28.069878,0.5270252,0.05837888,0.11203961
1245,1327,32.05493,0.5288828,0.06404193,0.1239952
1245,1246,12.656706,0.5259546,0.026506983,0.051632375
1246,3409,26.726597,0.52684045,0.04871152,0.09564367
1246,99,9.210831,0.5336075,0.01667244,0.03324531
1247,2994,30.348808,0.53290236,0.060386993,0.1160749
1247,1271,44.440083,0.53103906,0.08610427,0.16835041
1247,1958,12.173664,0.53053,0.026372083,0.05155085
1247,2724,73.6369,0.5386505,0.15583657,0.3035999
1248,6417,39.795666,0.5343255,0.07871595,0.15220572
1248,3516,1.6203308,0.5347897,0.002266556,0.0051372945
1249,2995,56.361702,0.47532347,0.1120317,0.21750389
1249,1664,49.600307,0.49313185,0.09953883,0.19366252
1249,2587,65.46258,0.47576287,0.13090983,0.25391957
1250,6791,60.68722,0.5009443,0.11942449,0.23274185
1250,1207,63.80071,0.5038726,0.13843545,0.26911932
1250,1252,41.629944,0.50926775,0.08948137,0.17494683
1251,1842,5.5531616,0.51535285,0.011968233,0.023973793
1251,1890,56.788654,0.5159361,0.11134468,0.21712828
1251,1252,3.222206,0.51375145,0.0069249943,0.014084592
1252,1840,43.009586,0.5052019,0.08411676,0.16320214
1252,1250,41.39071,0.50943136,0.08894057,0.17392805
1252,1251,3.3793373,0.51364225,0.007149838,0.014480591
1253,3834,8.506733,0.51964074,0.018561631,0.037022516
1253,5005,1.7773399,0.51633847,0.0036057383,0.007829964
1254,2345,39.943783,0.49310815,0.07977851,0.15453625
1254,580,56.49112,0.48705164,0.11232013,0.21887246
1254,1204,174.79851,0.49899635,0.34743202,0.6735785
1255,3564,2.2309647,0.4913192,0.0038106665,0.007705018
1255,2321,31.98543,0.48635218,0.06584382,0.12511986
1255,6657,74.893234,0.47902575,0.16829507,0.32410312
1256,2185,9.450928,0.40626788,0.016567826,0.03274806
1256,1455,75.10322,0.4200618,0.15469563,0.29692304
1256,6638,130.41202,0.40386432,0.1258909,0.2472564
1257,1456,63.36048,0.4347705,0.12808396,0.24682897
1257,2376,9.15387,0.42292535,0.01584883,0.031310916
1257,6287,106.46903,0.44345942,0.10123746,0.19753154
1258,6681,56.76115,0.4885033,0.112027414,0.21793547
1258,4925,47.59521,0.47492936,0.09431902,0.18335424
1258,2302,26.462872,0.48816708,0.054822754,0.104288526
1258,1037,12.660923,0.48564565,0.02646526,0.05161825
1259,1260,2.9592857,0.5697832,0.006047055,0.01274243
1259,3562,58.986786,0.5658684,0.1141169,0.2245748
1259,6063,2.9291153,0.57020897,0.005770497,0.012177765
1260,1259,3.3992805,0.5701107,0.006866008,0.01424256
1260,6442,14.718355,0.56572473,0.03203047,0.06312707
1261,5371,57.25817,0.41380733,0.11792609,0.22646475
1261,1682,29.61658,0.4116578,0.06771904,0.1293076
1261,1677,47.26044,0.38662404,0.09826737,0.18758312
1261,1232,37.318443,0.38703763,0.0849516,0.16284314
1262,5612,1.9895363,0.41159245,0.0034970716,0.0072642565
1262,2833,17.231884,0.4150852,0.03797333,0.072868854
1262,1682,34.880733,0.41833258,0.07874952,0.15040462
1262,1677,45.62832,0.39373022,0.09404123,0.1804708
1263,1264,2.5158272,0.32040614,0.0055528358,0.010505021
1263,1672,2.3332787,0.32110137,0.0047949553,0.009177834
1263,6629,31.974392,0.3314172,0.085410975,0.1611501
1264,1263,2.4186745,0.3192077,0.0056006685,0.010613352
1264,6631,46.304203,0.3009958,0.12641747,0.24734408
1264,1675,2.503109,0.3201324,0.0054872036,0.010546863
1265,1678,23.363415,0.35096666,0.05223546,0.09816535
1265,1677,14.220694,0.36525714,0.030849248,0.05895993
1265,1686,53.00466,0.3436189,0.11335422,0.21897425
1266,1671,62.877182,0.33226648,0.13530003,0.26217768
1266,1315,7.4612923,0.32902998,0.01644475,0.03129673
1266,1316,37.037674,0.34686744,0.08088243,0.15297619
1267,2333,81.83832,0.36443922,0.17544284,0.33796424
1267,1268,27.348911,0.3500698,0.06415634,0.1212244
1267,1317,98.82895,0.3089679,0.23955664,0.46306396
1267,2300,71.63719,0.3283236,0.15814292,0.30583254
1268,1267,26.9067,0.34959635,0.06328913,0.120380715
1268,1235,16.677034,0.3622343,0.03755497,0.07175132
1268,1315,75.537506,0.3385553,0.16531186,0.32011262
1269,3866,61.28575,0.5406659,0.11934017,0.23353827
1269,173,97.2542,0.54254305,0.18675466,0.3649038
1269,3517,33.54331,0.53809166,0.06674818,0.12871958
1270,1955,56.599907,0.5373373,0.10863499,0.2122717
1270,3518,9.762043,0.5378562,0.020160787,0.039880395
1271,2725,99.62647,0.5325402,0.19260532,0.3756075
1271,1247,44.987988,0.53267646,0.08766178,0.17103845
1271,2699,87.61824,0.52521926,0.17084429,0.33302563
1272,6736,5.023449,0.515087,0.011069924,0.022451058
1272,2366,6.3667564,0.5240373,0.015525445,0.031200185
1273,2649,39.5052,0.56643176,0.08213727,0.16024858
1273,2883,81.20924,0.56434757,0.15411204,0.30294746
1273,5320,12.448446,0.56456614,0.027317688,0.053619593
1274,1275,111.81605,0.5768127,0.2106058,0.41384172
1274,3066,98.89258,0.5701629,0.1881085,0.3689144
1274,2081,75.584045,0.57344043,0.14375678,0.28261673
1275,1274,111.65922,0.5726421,0.209654,0.4111001
1275,6741,29.97261,0.57984704,0.0607927,0.116545156
1275,1788,68.417694,0.5763314,0.12994397,0.25508505
1276,1277,56.00948,0.51290226,0.110624366,0.21639279
1276,1253,30.97001,0.5176471,0.06357736,0.12185225
1277,1276,56.607193,0.5156737,0.10912768,0.2132321
1277,1202,39.380375,0.5109062,0.07761548,0.15014803
1277,2356,18.923958,0.51201355,0.039706994,0.07683686
1278,1216,36.923626,0.50125456,0.0741342,0.1442338
1278,3435,12.540823,0.50325084,0.026175931,0.05115913
1278,4164,23.423437,0.49814302,0.049961668,0.09553403
1279,1218,14.596167,0.50813884,0.030614112,0.05944538
1279,1217,45.051785,0.50529075,0.0885621,0.17199072
1279,2305,60.745895,0.510359,0.118675455,0.231462
1280,3700,1.3946571,0.52695864,0.002624169,0.0057842582
1280,1931,22.498964,0.5217493,0.050959315,0.097694345
1281,3665,11.881033,0.59409547,0.023969732,0.047091693
1281,2785,33.180466,0.5991077,0.070518516,0.13586853
1282,2786,71.57515,0.5949743,0.17990693,0.3513103
1283,1098,145.87433,0.56102574,0.27710256,0.54267335
1283,1284,93.783875,0.5650167,0.17795695,0.34914297
1283,1108,62.404533,0.56607157,0.121619225,0.23865296
1284,1283,93.58412,0.5647632,0.17724964,0.34767956
1284,1222,108.78649,0.5637916,0.20720513,0.40542132
1284,1098,42.782364,0.57258874,0.08310854,0.16229713
1285,4136,1.5472908,0.5677361,0.0019609183,0.004647836
1285,5969,34.772827,0.57169354,0.08547782,0.16385654
1286,2131,1.1345634,0.56517947,0.003439337,0.007491231
1286,5924,2.9540367,0.5727643,0.0038158298,0.0085902065
1287,2097,1.5033646,0.61712104,0.0020814762,0.0041614324
1287,2164,30.903568,0.62083834,0.075973466,0.14686425
1288,1599,36.155262,0.5864177,0.07041666,0.13713825
1288,2608,40.587017,0.58629006,0.077234894,0.15187769
1288,1187,49.598053,0.5850368,0.09375179,0.18317966
1289,6867,2.3017159,0.5867251,0.0041505843,0.009111032
1289,1187,37.39024,0.58797026,0.07732801,0.1515567
1289,6765,27.980114,0.58295184,0.05595691,0.106930494
1290,2608,48.960133,0.5891882,0.09196493,0.1804673
1290,3013,6.5764275,0.5917263,0.015201174,0.030451536
1290,762,18.010117,0.593658,0.040215574,0.078171246
1291,2608,22.57627,0.58486545,0.045654066,0.088161506
1292,6426,28.265202,0.6160541,0.06077683,0.119983345
1293,2615,5.1452293,0.59230787,0.012376271,0.025019735
1293,2613,2.1907425,0.5912421,0.0051960126,0.010928452
1294,344,2.7376823,0.5926544,0.004290357,0.009316355
1294,349,161.64029,0.5894317,0.30432174,0.59774566
1294,2087,127.02923,0.58989465,0.23804256,0.46711254
1295,343,61.434937,0.59449226,0.11702371,0.23041233
1295,3161,60.14363,0.59470284,0.114583425,0.2253835
1295,1296,56.310303,0.5961175,0.1070065,0.2099036
1296,2105,63.337273,0.5976595,0.11979757,0.23554195
1296,1297,29.395271,0.5926135,0.058468387,0.112180844
1296,1295,56.08982,0.59590274,0.10700488,0.20977852
1297,3160,24.005833,0.5937311,0.049091406,0.094375394
1297,5490,93.037926,0.5910269,0.17635995,0.34605536
1297,1296,29.56056,0.59330654,0.05855144,0.11247788
1298,3343,177.5939,0.5904378,0.33232573,0.65210277
1298,1299,89.23386,0.5936279,0.16702881,0.32872865
1298,1605,84.20966,0.591153,0.15780722,0.31082436
1298,5489,16.925575,0.59374774,0.03458954,0.06749553
1299,1298,89.35695,0.5986427,0.16864765,0.33200222
1299,1300,71.71025,0.5992079,0.14868379,0.29258913
1299,3317,163.5975,0.5956286,0.33405173,0.65497714
1300,1299,71.6048,0.59517795,0.14731172,0.289224
1300,1605,33.338726,0.59454125,0.07006377,0.1361584
1300,4424,32.538883,0.5939668,0.064643994,0.12368256
1301,1607,95.39596,0.58787364,0.25643417,0.5042385
1301,4423,36.81642,0.59506476,0.072073504,0.13936752
1302,2983,2.222496,0.5988106,0.0034498125,0.007195577
1302,3343,1.8798447,0.5963193,0.0027943105,0.0061139762
1302,2984,36.201744,0.60036635,0.06990517,0.13421571
1303,2844,28.16483,0.5996025,0.05723516,0.11003981
1303,3341,30.51669,0.60150266,0.061207235,0.11727927
1303,1982,8.942062,0.6016175,0.017329738,0.034381106
1304,2464,17.751238,0.56921995,0.0362841,0.07010234
1304,420,23.428825,0.56857497,0.048727855,0.093488246
1305,1223,10.304987,0.564222,0.022241093,0.044312358
1305,6442,0.78321457,0.3590037,0.0009852722,0.0018348843
1305,1062,16.671053,0.56449556,0.035962325,0.07003505
1305,969,8.002613,0.5645712,0.017804205,0.03532113
1306,1225,24.550669,0.56085706,0.05051539,0.096074305
1306,1062,27.269377,0.5631863,0.0585248,0.111661464
1306,962,154.52994,0.54335296,0.32598636,0.63421494
1307,1228,53.339252,0.531856,0.10373806,0.20213181
1307,1227,85.21578,0.5431447,0.16489387,0.32208323
1307,1060,106.218735,0.54170585,0.20382665,0.397754
1308,3437,39.10299,0.58561623,0.073325455,0.14156145
1308,1637,44.310238,0.5873905,0.0852795,0.16505972
1309,1310,2.2324066,0.45893565,0.0037744194,0.007639155
1309,6017,26.490189,0.4683727,0.064773045,0.122600175
1310,4322,2.0468903,0.45908183,0.0032143742,0.006682351
1310,1309,2.0568275,0.45886594,0.0033222735,0.0065226555
1310,631,23.356043,0.45823953,0.05745259,0.109987825
1311,4322,109.55061,0.44831938,0.22230074,0.42783448
1311,2517,122.16363,0.47638023,0.2701758,0.52150464
1311,2279,24.590483,0.44432697,0.05599549,0.1059014
1312,4952,3.4738197,0.42147872,0.007692054,0.014765829
1312,1674,58.685055,0.413306,0.13348177,0.25785
1313,628,72.0656,0.4278399,0.14973387,0.2875596
1313,2926,37.792664,0.4354973,0.071473375,0.13457689
1314,1668,2.160492,0.29938334,0.0043822825,0.008306667
1314,1263,39.532516,0.30383754,0.105412945,0.2045981
1315,1268,75.05368,0.3371659,0.16473925,0.3193091
1315,1321,27.851624,0.32009134,0.062826574,0.11800961
1315,1266,7.3952255,0.32886255,0.016288355,0.030939788
1316,1237,57.50586,0.35547534,0.11887023,0.22433396
1316,1266,37.08105,0.3459559,0.081244655,0.1531811
1316,1231,58.772842,0.37965083,0.12393149,0.2379773
1317,1320,21.07557,0.31106472,0.048406165,0.09054023
1317,1267,99.11471,0.30736244,0.23861966,0.46082777
1317,1234,16.641092,0.29214886,0.03870437,0.073502965
1318,1319,8.492466,0.29469806,0.019988462,0.03736517
1318,2318,48.912525,0.31735164,0.1087949,0.20698366
1318,6631,2.1480484,0.29875302,0.0054441616,0.010237262
1319,2286,2.9858704,0.2953196,0.007831469,0.014463529
1319,1320,64.534164,0.28302377,0.1429095,0.2794107
1320,1317,20.298628,0.26995897,0.04713279,0.088102326
1320,1321,67.12629,0.2949952,0.14979234,0.29220408
1320,1319,63.84185,0.27525312,0.14302394,0.27966115
1320,1322,18.306448,0.29129457,0.041415323,0.078707024
1321,1320,67.29903,0.2946537,0.14996709,0.29262048
1321,1675,68.56975,0.30736667,0.15197524,0.29539305
1321,1315,27.856113,0.3196609,0.06359316,0.11936321
1322,1234,18.585495,0.29252884,0.043776885,0.08307037
1322,1233,63.45112,0.28570718,0.15160379,0.29679444
1322,1320,18.314621,0.2892018,0.04156682,0.07888323
1323,2284,33.99612,0.32167777,0.09232982,0.17017373
1323,6636,22.882162,0.32466662,0.057398655,0.111187086
1324,5594,1.442749,0.5873888,0.004034601,0.008626193
1325,4425,2.264553,0.526078,0.0045338795,0.009527296
1326,103,9.249573,0.5284707,0.01989802,0.03913276
1327,1328,29.96386,0.53345364,0.0601714,0.11540208
1327,1245,31.616898,0.52994037,0.06380582,0.12247037
1327,3618,46.745567,0.53241396,0.0898841,0.17424615
1327,5480,7.917347,0.53062797,0.015633374,0.031126618
1328,2239,30.611938,0.5329385,0.06254622,0.11937722
1328,1327,30.105711,0.5320147,0.06044052,0.11561403
1328,3620,29.609257,0.5325045,0.059808705,0.11439978
1329,4917,36.069122,0.5874227,0.06823087,0.13267884
1329,987,88.677185,0.5858728,0.16650878,0.32781908
1330,5946,5.243492,0.59453017,0.008017972,0.01669103
1330,7026,128.62576,0.59907144,0.18791571,0.3713761
1331,1332,39.116543,0.60973984,0.07542931,0.14882943
1331,662,112.988205,0.6119322,0.20964047,0.41415647
1331,663,53.06819,0.61300796,0.10121168,0.19933389
1331,664,56.471935,0.6105232,0.10767775,0.21300659
1332,3592,54.870865,0.6090931,0.10429531,0.20590338
1332,661,42.04849,0.61220825,0.081041984,0.15924309
1332,1331,39.06705,0.6100316,0.07542537,0.1490285
1333,1334,130.66214,0.60639673,0.24251246,0.47864413
1333,277,20.261644,0.6007702,0.0419453,0.08098234
1333,664,51.49015,0.6064292,0.098038256,0.19346793
1334,6722,1.8087234,0.6100051,0.002395764,0.005279422
1334,277,98.17575,0.60577,0.2067327,0.40459615
1334,1333,130.74298,0.6049477,0.24246001,0.47845113
1335,664,30.800694,0.6065686,0.061827105,0.11921467
1335,3592,7.6824303,0.60541636,0.014954284,0.02990216
1336,3354,33.243866,0.6213971,0.07123503,0.13841137
1336,6721,12.450771,0.61742353,0.02598077,0.051232368
1337,1339,12.998219,0.61553675,0.02598425,0.050872102
1337,1192,80.5671,0.62478966,0.14905846,0.2956149
1337,1338,53.390656,0.6229924,0.1006579,0.1978294
1338,1337,53.409515,0.62178737,0.10044477,0.19711149
1338,1192,39.810158,0.6268072,0.07647338,0.15033658
1338,3491,28.3149,0.62452966,0.05812259,0.11185535
1339,1337,13.376205,0.6173983,0.027081303,0.053131312
1339,1336,38.481216,0.6195312,0.075874336,0.1486158
1340,215,8.826271,0.59620273,0.017137505,0.0338946
1340,2730,20.460474,0.5955113,0.042129237,0.08190644
1341,946,134.50955,0.56214243,0.25465816,0.49910897
1341,1773,37.471954,0.5743643,0.09458484,0.18312342
1342,944,62.650364,0.56470907,0.120649666,0.23617184
1342,945,14.883934,0.5745243,0.030698802,0.059828714
1343,946,46.53357,0.56602764,0.0893295,0.17464037
1343,4346,12.629522,0.5656024,0.026195787,0.051334724
1344,4346,1.7198677,0.56849813,0.0020658746,0.0048396736
1344,6042,9.764896,0.5705349,0.025887556,0.051055565
1345,1528,23.98359,0.57206875,0.052493397,0.10067213
1346,6541,0.96569824,0.5281575,0.0015203431,0.0037488043
1346,1205,95.75952,0.538167,0.18796378,0.36678678
1347,4201,1.3185272,0.5503048,0.0012960657,0.0027158856
1347,6699,29.039646,0.031339407,0.14278789,0.3008099
1348,914,26.5369,0.53400844,0.05422217,0.10364629
1348,1891,104.60886,0.5283646,0.20387757,0.39654022
1348,1197,57.096725,0.52946246,0.110717945,0.21637243
1349,914,30.60973,0.5356904,0.061201043,0.117551275
1349,1352,28.329395,0.5391027,0.05745897,0.10932516
1349,1350,122.73957,0.5341733,0.23719707,0.46236652
1350,912,166.7893,0.5375961,0.322339,0.6294723
1350,1353,58.245758,0.5311831,0.113669954,0.22232726
1350,1349,123.480804,0.53636414,0.23783389,0.46439922
1351,1352,19.963686,0.54311126,0.041897416,0.080880165
1351,3384,27.28426,0.5422181,0.059130758,0.11313916
1352,1349,27.769146,0.5371505,0.05662698,0.10774101
1352,917,15.506624,0.5402098,0.032081112,0.06265992
1352,1351,19.943462,0.53900063,0.041671738,0.08075526
1352,913,63.625534,0.538239,0.1223043,0.23888409
1353,1350,58.191708,0.530864,0.112569205,0.2199993
1353,1197,29.526222,0.52515393,0.059661638,0.11466609
1353,5288,62.47095,0.5329144,0.11984042,0.23423335
1354,2371,27.8844,0.512742,0.057532992,0.10991532
1354,1594,106.03276,0.510907,0.20864055,0.40516743
1354,1515,67.57978,0.5117346,0.13325724,0.26023567
1355,2371,52.692097,0.5162251,0.10225027,0.19948988
1355,4950,26.104317,0.5170924,0.054456092,0.10416819
1355,1592,21.609621,0.51577806,0.045444645,0.08716432
1356,2371,79.40529,0.5154462,0.15777661,0.3068708
1356,1357,54.150467,0.5190759,0.105609536,0.20659648
1357,2353,12.505074,0.5237618,0.026671678,0.05203946
1358,3416,5.1027184,0.5362955,0.008946359,0.018288061
1358,3415,16.203371,0.5346036,0.038773946,0.07532463
1359,3615,1.9134521,0.54309464,0.0028901175,0.006388858
1359,3616,8.164181,0.5430667,0.016869932,0.033433706
1360,6551,30.184048,0.5483737,0.059987005,0.11565717
1360,6551,30.952055,0.5482488,0.061260954,0.11824304
1361,4044,1.7310143,0.55021435,0.0028794557,0.0068128705
1361,4216,47.377834,0.5512746,0.09032441,0.1736106
1362,1363,66.615005,0.58481455,0.12711021,0.25008106
1362,3633,13.863951,0.5875054,0.028185427,0.05503708
1362,6490,89.11466,0.5835371,0.16642469,0.3278994
1363,3470,2.1012955,0.5879055,0.0028330535,0.0064401925
1363,1362,66.93246,0.58753765,0.12672825,0.24961747
1363,2742,50.799294,0.5875139,0.124635324,0.24488558
1364,4296,0.9544258,0.42129028,0.0026889518,0.004775882
1364,6490,12.429134,0.5834003,0.024312943,0.047929138
1365,1780,4.9213867,0.5983774,0.010184862,0.020378783
1365,1368,32.523956,0.5978349,0.06840031,0.13343665
1365,3550,61.263405,0.5965121,0.116244905,0.22935188
1366,455,186.14053,0.5831202,0.35830015,0.70469207
1366,1369,25.43109,0.592117,0.05193207,0.09924555
1366,3550,83.56378,0.5914281,0.15735903,0.31023622
1367,3833,281.51184,0.5537441,0.5373153,1.049025
1367,3394,186.81474,0.55124766,0.36210412,0.7063101
1367,2799,101.72104,0.5658591,0.19070521,0.3743435
1368,1365,32.533337,0.5984252,0.06836797,0.13337837
1368,3676,6.491314,0.5971078,0.012994781,0.026088014
1368,852,56.37844,0.5969928,0.10697949,0.21081987
1369,852,76.93309,0.59126973,0.14495587,0.28606844
1369,1366,25.433807,0.59089756,0.052186668,0.09989181
1369,1777,34.55949,0.5911626,0.06773322,0.13189812
1370,4302,19.636215,0.031356514,0.083412364,0.17057678
1371,3798,42.39344,0.5358027,0.08907181,0.17298971
1371,921,5.3481865,0.5400755,0.0133677125,0.026593953
1372,3675,95.034134,0.61420023,0.17459185,0.3447919
1372,2276,53.892235,0.60997427,0.102250844,0.20079899
1372,266,34.165073,0.61321753,0.06802003,0.13085353
1373,193,56.84156,0.58680534,0.11906585,0.2340011
1373,1081,84.11401,0.58836186,0.15836087,0.3123545
1373,3633,23.743752,0.5875422,0.05127497,0.09812958
1374,3465,36.10607,0.578305,0.070203766,0.13614622
1374,1161,25.969063,0.57830155,0.05251375,0.10038423
1374,1169,56.308605,0.5783756,0.11667323,0.22850685
1374,5410,75.49285,0.57725465,0.15690675,0.30717692
1375,753,14.783089,0.5825343,0.03140634,0.061528496
1375,4230,91.594955,0.5844996,0.18875305,0.36988854
1375,2182,56.74939,0.58672345,0.1391557,0.27339467
1376,3576,172.99498,0.585732,0.32827663,0.6427186
1376,6366,93.15311,0.5933982,0.23480397,0.46075666
1377,6604,69.09926,0.5369774,0.1349136,0.26173985
1377,6768,56.734386,0.5366742,0.10947138,0.21348698
1378,1379,43.462616,0.53454083,0.08409833,0.16374646
1378,548,76.91254,0.5343219,0.14920509,0.29110488
1378,908,71.63634,0.53235507,0.13822733,0.27020752
1378,3934,104.18451,0.53522503,0.1989196,0.38807926
1379,1378,43.436676,0.5339661,0.08435778,0.16404237
1379,1380,71.514626,0.53175706,0.13791007,0.26965636
1379,1499,109.30299,0.5327767,0.21071663,0.41026354
1380,1381,146.36691,0.52443904,0.2855735,0.55570835
1380,1379,71.40111,0.5316277,0.13825166,0.27028388
1380,908,38.19058,0.5261031,0.075054586,0.14610155
1381,5566,2.3458252,0.5233887,0.0048843697,0.010227218
1381,5568,2.1439514,0.5223016,0.0045259222,0.0094586015
1381,1380,146.06558,0.5243193,0.2855493,0.5558688
1381,908,103.42157,0.5250853,0.20071268,0.39113468
1382,1577,33.147587,0.51966745,0.066922545,0.12967238
1382,5567,11.695925,0.5207183,0.025989428,0.051211327
1383,1573,31.817558,0.514698,0.06943855,0.13327259
1383,5567,60.335182,0.5211649,0.12769364,0.24920359
1383,1575,34.67194,0.51376843,0.06949157,0.13442713
1383,1574,101.71832,0.51653904,0.19946073,0.38769218
1384,1502,49.9474,0.51212347,0.098965585,0.19368666
1384,1573,34.36684,0.5127006,0.0749926,0.14537969
1384,1504,111.947655,0.5069233,0.24241629,0.469867
1385,1504,138.63055,0.5059673,0.27489495,0.533512
1385,1578,84.12741,0.513371,0.1643672,0.3195938
1385,1575,55.329346,0.5101054,0.10895696,0.21245998
1386,5618,3.1215744,0.55824924,0.005965717,0.012289196
1386,4824,2.4660378,0.56695306,0.0043956563,0.009250656
1386,730,51.378548,0.0072261095,0.28451818,0.6046834
1387,174,27.242105,0.5484664,0.055012673,0.10530078
1387,204,14.612854,0.55179936,0.031928398,0.06208109
1388,1540,48.20847,0.5783584,0.09203952,0.18064527
1388,1389,141.96803,0.5688521,0.2682408,0.52579695
1388,1101,109.00447,0.573232,0.20609285,0.4048418
1389,1240,85.47934,0.5746833,0.1638192,0.32207847
1389,2119,59.661736,0.5787334,0.115457565,0.22672185
1389,1388,142.10431,0.56883484,0.26868793,0.52670276
1390,1549,105.16052,0.580117,0.19807708,0.38929325
1390,1965,87.88881,0.5808617,0.16546348,0.32563156
1390,1241,77.4707,0.58135486,0.1473431,0.29022235
1391,3836,25.980938,0.52706796,0.06289126,0.12026967
1392,1953,1.5216141,0.54220295,0.0022090375,0.0052392483
1392,173,19.655851,0.54114383,0.04327725,0.08423569
1393,239,15.126379,0.54426295,0.031418428,0.06126409
1393,1394,16.858147,0.5461221,0.034988638,0.06816195
1393,5429,51.16525,0.54673004,0.09759764,0.19150367
1394,1393,16.957941,0.5448468,0.035226207,0.06868142
1394,1953,20.48454,0.5434907,0.042700253,0.08271394
1394,1395,92.212494,0.5444718,0.17824048,0.34826553
1394,1396,38.305126,0.5447865,0.07362607,0.14454976
1395,1394,92.44891,0.5468125,0.17779136,0.34761247
1395,5459,17.418709,0.5368363,0.038076025,0.074120656
1396,5428,12.453438,0.5419746,0.02600833,0.050853193
1396,1394,38.235916,0.54597294,0.07378111,0.14453849
1397,5432,20.930561,0.54801446,0.039299965,0.075826585
1398,3758,1.0170784,0.54669946,0.002142258,0.004848689
1398,6117,25.621292,0.5565577,0.057160813,0.10934971
1399,6114,1.6126328,0.52210844,0.0032936782,0.0070611984
1399,461,51.793045,0.51988614,0.10395017,0.20208728
1400,3759,2.2677994,0.56377923,0.0036601722,0.007850498
1400,90,41.622673,0.56633896,0.087224,0.16799942
1400,837,7.601303,0.56478953,0.014891937,0.029905751
1401,149,41.65136,0.566048,0.08034787,0.15743355
1401,650,27.584045,0.56830436,0.067255825,0.13016519
1401,1402,1.8506584,0.56340754,0.0025069863,0.0055836737
1402,1401,1.7428932,0.5628993,0.0023336858,0.0053016543
1402,5248,38.64393,0.5676383,0.09428177,0.18205601
1403,482,103.34561,0.5699778,0.19549632,0.38296568
1403,1402,23.905548,0.56820226,0.058084536,0.11244446
1404,3350,36.654152,0.57614356,0.071625024,0.13971697
1404,1405,23.183956,0.5721293,0.05493148,0.106519796
1405,5084,1.2943459,0.56553376,0.0035426915,0.0075562745
1406,4413,0.5479088,0.56674856,0.0021021217,0.0046967715
1406,6461,11.9690075,0.5755982,0.024376772,0.04794556
1407,1409,2.148323,0.61246234,0.007944755,0.015608907
1407,1418,30.861893,0.622443,0.07867026,0.15312159
1408,647,112.884544,0.5902878,0.20997235,0.41155386
1408,5632,28.963604,0.5950996,0.071398884,0.13956153
1409,4421,38.791912,0.62140006,0.093749665,0.18135816
1410,42,1.9736481,0.5980504,0.0079926625,0.015950084
1410,1417,38.656536,0.6234111,0.064629935,0.12386958
1411,464,2.4017143,0.6182866,0.0037768334,0.007146597
1411,1412,33.568893,0.617063,0.08535905,0.1653648
1412,467,51.889088,0.6132318,0.096990824,0.18998231
1412,3088,47.594093,0.61598456,0.115763165,0.22548413
1413,46,1.7285385,0.61714786,0.0029855594,0.007104948
1413,2903,96.917694,0.6135035,0.23891827,0.46986812
1414,4207,2.385891,0.61334157,0.0034961253,0.0075761527
1414,1415,21.26565,0.62078005,0.05242607,0.10250269
1415,1417,59.9078,0.6237459,0.1458763,0.2884743
1415,1409,30.750252,0.6220156,0.079742886,0.15401903
1416,1407,70.73226,0.6272939,0.18933786,0.37323767
1416,6188,42.677177,0.6370289,0.081481345,0.15916206
1417,6145,26.883656,0.62406826,0.062392548,0.119695246
1418,6475,1.1114502,0.61758476,0.0045972243,0.009903505
1419,1418,57.314777,0.6201817,0.13978462,0.27621704
1419,42,37.815594,0.6180498,0.0601734,0.11510022
1420,2234,10.988237,0.03905329,0.055181164,0.11758496
1420,512,56.399624,0.6605174,0.10614781,0.20788223
1421,5164,18.881931,0.6598432,0.042681303,0.08291407
1421,5727,33.217762,0.010202408,0.18223873,0.38481706
1422,6584,3.395092,0.64871645,0.008460805,0.017339393
1422,3252,2.2242355,0.65288174,0.0031542704,0.007041812
1423,6593,48.35979,0.65137815,0.096494615,0.19075243
1423,6219,31.271864,0.6473837,0.09076328,0.17676283
1424,7016,54.831924,0.4880172,0.14699093,0.2854326
1424,1522,5.202465,0.4774119,0.03794612,0.075023994
1425,2644,86.6068,0.5641663,0.1650722,0.32398692
1425,1125,103.44963,0.56734437,0.19530451,0.3839435
1425,1832,67.268845,0.5679656,0.12519674,0.24620172
1426,2202,34.66556,0.5516493,0.06752682,0.13284302
1427,3783,1.3666039,0.5410578,0.0027661994,0.006099239
1428,136,53.87165,0.5553361,0.113088116,0.22178128
1428,5822,15.666336,0.5583249,0.034281526,0.0669437
1429,136,23.40257,0.55818105,0.05127432,0.09793457
1429,6091,17.953156,0.56399286,0.039308846,0.076419815
1430,6226,47.885902,0.5605103,0.21721745,0.42303813
1430,642,52.74128,0.56823194,0.109533355,0.21403985
1431,3201,1.7969856,0.5654852,0.0023885071,0.0054351985
1431,7089,54.123505,0.5615842,0.1453502,0.28462526
1432,3198,1.2072334,0.5607457,0.0026322901,0.005815342
1432,3192,129.59717,0.5657711,0.27444363,0.5346005
1433,3064,129.94196,0.5474869,0.2732182,0.53197074
1433,555,193.34355,0.54481316,0.37522382,0.73119843
1433,1434,62.44385,0.5550915,0.13208531,0.25859836
1434,1435,21.11485,0.5549581,0.043804713,0.08432793
1434,3039,32.162678,0.5568254,0.06828408,0.13315234
1434,1433,62.92974,0.55271965,0.13118537,0.25646734
1435,1434,21.177656,0.5542549,0.043870967,0.08423219
1435,3039,25.54377,0.55484766,0.052281696,0.09938326
1435,3064,211.3129,0.5430654,0.4108589,0.80006224
1436,613,68.79439,0.5592174,0.14177425,0.27598736
1436,2133,66.1833,0.5633675,0.13712361,0.26861602
1436,2132,104.4466,0.5586449,0.1987302,0.38899812
1437,2133,26.568316,0.5643394,0.057012595,0.10962989
1437,2133,23.530172,0.56381506,0.05072726,0.09718095
1437,7088,47.92198,0.5680508,0.09729166,0.18948998
1438,1846,1.863697,0.50523245,0.0063546076,0.01274547
1438,5820,16.8858,0.50057214,0.044822108,0.08736429
1439,225,29.342354,0.5591334,0.059042737,0.11362782
1439,226,30.738092,0.55768305,0.061866384,0.11900048
1440,6016,41.93971,0.51098025,0.08226687,0.15725261
1440,2460,100.55578,0.5209925,0.19499236,0.37901586
1441,5203,1.8791771,0.4569044,0.0027330518,0.0055243075
1441,2322,45.03195,0.46445507,0.08847587,0.17201543
1441,1789,29.222435,0.45551658,0.066435054,0.12565593
1442,1789,45.199123,0.45000836,0.08966486,0.17379387
1442,1210,26.942892,0.45048946,0.057270534,0.10804872
1442,2322,34.425922,0.46158624,0.06979221,0.13351786
1443,4242,7.386608,0.5462056,0.014654882,0.029561639
1443,5544,103.589836,0.54931945,0.19724782,0.3860231
1443,565,21.316322,0.54941213,0.040516112,0.07827234
1444,619,30.490314,0.56115586,0.06560791,0.12583011
1444,5680,19.53378,0.5588958,0.04242628,0.08276336
1445,1570,45.336716,0.5499587,0.14837514,0.28950143
1445,3062,108.41614,0.54802907,0.21232384,0.414846
1446,1107,104.918274,0.55498224,0.19927424,0.38886285
1446,846,25.119238,0.5594556,0.05163966,0.09867427
1446,1447,9.178467,0.5612905,0.018291153,0.036542505
1447,5262,140.09683,0.5515855,0.2675336,0.5225815
1447,845,54.30845,0.5627335,0.10451114,0.20480797
1447,1446,9.3772545,0.5596591,0.018775992,0.03735912
1447,3875,60.481453,0.5614246,0.1174023,0.2297804
1448,4753,2.5889626,0.5584768,0.0019976571,0.0048143417
1448,1450,16.94199,0.561631,0.040511504,0.07881228
1449,3833,12.327225,0.5625342,0.029034413,0.057310693
1449,5211,37.82075,0.56399965,0.098906666,0.19249226
1450,1451,4.140213,0.56409925,0.010876894,0.021862045
1451,1450,3.4033585,0.5658998,0.009024009,0.018055663
1451,5674,11.619226,0.5645263,0.027863927,0.054594442
1452,1818,93.88854,0.5599029,0.25046366,0.49062616
1452,4756,8.453526,0.56603795,0.016301244,0.032940656
1453,5130,54.364365,0.5825906,0.11229882,0.2194545
1453,1095,60.348385,0.5769166,0.12837061,0.24807563
1454,3185,46.111214,0.5760213,0.12127434,0.237073
1454,1222,23.549183,0.57007897,0.057121843,0.11111361
1454,3877,63.752373,0.56560016,0.12127517,0.23799118
1455,4678,62.634792,0.43529812,0.12829743,0.24775282
1455,1210,15.365459,0.44716072,0.032563895,0.06275141
1455,1256,75.11754,0.4227899,0.15473896,0.29757684
1456,1257,62.863323,0.43691212,0.12787306,0.24698108
1456,1211,42.879494,0.46082354,0.08529611,0.16573116
1456,5015,61.627747,0.4624644,0.12300663,0.23912977
1457,3996,1.959549,0.57636654,0.002349779,0.005791962
1457,5839,1.1651878,0.5671877,0.0037993789,0.008280113
1458,2962,0.87522125,0.5582972,0.0014977232,0.0039722472
1458,6984,84.4981,0.5605913,0.22007409,0.42917767
1459,1143,1.3055649,0.55476135,0.0017164573,0.003955111
1459,3453,16.74265,0.5626928,0.03437227,0.06771363
1459,6029,36.767887,0.5629476,0.07961905,0.15304655
1460,1178,18.947067,0.55313534,0.039231677,0.07611692
1460,4537,212.74985,0.5444038,0.41281265,0.80352634
1460,1476,23.427794,0.55040175,0.04917508,0.094804585
1461,3237,1.7776642,0.5696601,0.0023452863,0.00560683
1461,2873,101.528244,0.5653129,0.2607842,0.5096229
1461,1463,175.58662,0.5591595,0.3358194,0.65600526
1462,585,247.68086,0.56033623,0.47665605,0.9297441
1462,584,43.210922,0.57164055,0.08288265,0.16186386
1462,1463,113.43918,0.5638851,0.21445975,0.41994926
1463,2873,185.66026,0.55688566,0.35502222,0.6929455
1463,1462,113.7819,0.5642988,0.21560599,0.42243367
1463,1461,175.72168,0.55966896,0.3367511,0.6579656
1464,3239,1.753994,0.56605893,0.0022257417,0.0053854287
1464,2811,121.76853,0.55706865,0.3097848,0.6041639
1464,585,305.1189,0.5572357,0.5831883,1.1411347
1465,2951,2.03693,0.5618665,0.0029693618,0.0064549446
1465,5768,100.395584,0.55791396,0.256083,0.5001679
1466,4257,1.5531578,0.52606016,0.002002485,0.0046420395
1466,2663,63.0504,0.5285966,0.12184505,0.23754808
1466,5315,46.843723,0.5270317,0.09952095,0.19261922
1467,5315,1.528408,0.528093,0.0020779073,0.004826829
1467,4257,47.69016,0.5234833,0.10129813,0.19579184
1468,2462,84.43538,0.5119257,0.16682708,0.32345402
1469,4294,3.5125008,0.51808405,0.012605399,0.024766102
1470,4583,192.2583,0.5444696,0.3724736,0.7254653
1470,2796,22.921824,0.5586103,0.04991272,0.09548769
1470,2461,34.06745,0.5598528,0.07221335,0.14009127
1471,2632,2.9844894,0.6175527,0.005235024,0.011300251
1471,1472,123.49388,0.6069477,0.31129304,0.6113211
1472,2164,2.0175476,0.6174615,0.0055485815,0.01181747
1472,73,70.68902,0.6236575,0.17879164,0.35297924
1472,2097,31.691336,0.62223446,0.07793206,0.15187582
1473,5223,1.8021545,0.6056671,0.0023831427,0.0054680407
1473,2846,16.91049,0.6090739,0.03857697,0.075111344
1473,1654,192.7852,0.60372525,0.36022836,0.7074764
1474,5416,1.9233704,0.60602003,0.0024652109,0.0058000684
1474,3890,31.816967,0.6107321,0.078657374,0.15434441
1475,3233,24.405003,0.5691208,0.05005069,0.0958006
1475,1493,16.78681,0.56913054,0.034484573,0.067148566
1475,3279,106.594696,0.56830245,0.199952,0.3913793
1476,1460,23.262697,0.55252117,0.0488912,0.09415828
1476,1476,221.27774,0.5363535,0.43607128,0.8466614
1477,4521,2.0691795,0.3980864,0.003418535,0.0067815185
1477,1905,41.059887,0.39213353,0.10965873,0.21282302
1478,4526,79.57226,0.41921,0.16478972,0.31787348
1479,1480,84.752335,0.5009837,0.16798347,0.32598558
1479,1488,119.87722,0.49877238,0.23827383,0.4617769
1480,1479,84.455345,0.50329953,0.16727935,0.32457158
1480,5442,4.437889,0.50921065,0.008581243,0.017242253
1481,5442,2.3849144,0.5058311,0.0064453185,0.013074279
1481,1480,3.014618,0.50559944,0.005878061,0.012036964
1482,1819,52.952675,0.6450494,0.10036584,0.19732195
1482,6643,10.81863,0.64134985,0.021015309,0.041301325
1483,3258,150.98364,0.38107195,0.3397936,0.6527755
1483,889,52.381393,0.36029395,0.11153919,0.21379575
1483,1796,123.97738,0.39110094,0.2639202,0.5068879
1484,1485,79.02655,0.5138945,0.17391127,0.336461
1484,1487,92.52371,0.510356,0.19934161,0.38593692
1484,2710,266.82574,0.5160191,0.398543,0.77388847
1485,6780,0.7529526,0.17395937,0.0008205548,0.0023196787
1485,3243,176.30675,0.5099171,0.38176444,0.7419946
1485,1484,76.93974,0.5085793,0.17166549,0.33168486
1486,1972,193.16458,0.45979586,0.39504632,0.7622982
1486,5353,124.887146,0.43319005,0.2590473,0.4983607
1486,6608,3.287918,0.4540426,0.006389275,0.0130123645
1487,1484,92.29598,0.5079531,0.19935675,0.38563687
1487,2713,46.01752,0.51439345,0.09887212,0.19203086
1487,1488,130.67406,0.5071852,0.25790304,0.500094
1488,1824,193.27711,0.49808338,0.3850688,0.74706393
1488,1479,120.49349,0.49944073,0.23755121,0.46007895
1488,1487,130.61145,0.50861204,0.2573005,0.49923104
1489,4851,1.7500534,0.5523331,0.0034901276,0.007453233
1489,6763,2.928215,0.5520063,0.005980499,0.012425438
1490,3933,2.3286247,0.54619867,0.0035578758,0.0074513406
1490,1847,1.6078262,0.53877795,0.0023104846,0.0052818507
1490,916,27.033102,0.027002096,0.13051659,0.27701467
1491,1824,57.029,0.49490243,0.112779334,0.21929424
1491,6512,124.20528,0.50012624,0.27234545,0.5260384
1491,6781,9.789654,0.4992789,0.021318957,0.04191701
1492,1493,42.93693,0.573537,0.08228277,0.16109715
1492,2800,47.79305,0.5711445,0.09215758,0.1805015
1492,3261,70.76302,0.56778425,0.13516404,0.26580358
1493,3233,22.318089,0.56982327,0.0458761,0.08830784
1493,1492,42.89342,0.5730513,0.08178148,0.16067311
1493,1475,17.138641,0.57023054,0.035308138,0.06873512
1494,5351,97.743866,0.5686553,0.18465093,0.36208868
1494,3223,50.76388,0.571599,0.097666346,0.19126041
1494,5356,72.805855,0.568463,0.13835032,0.27184093
1495,3808,29.5632,0.5720121,0.058349695,0.111798465
1495,3601,34.33146,0.5727161,0.06685042,0.1292724
1495,3807,2.321041,0.5711894,0.0036111027,0.0075521916
1496,3017,131.63515,0.5484324,0.27526638,0.5358976
1496,3034,51.715496,0.5591562,0.09873212,0.19347128
1496,4933,28.94869,0.5579668,0.061967965,0.11984718
1497,4934,2.3695564,0.5566617,0.004253812,0.009059668
1497,4933,2.2610817,0.55634964,0.004486747,0.009775907
1497,3034,29.05551,0.5577867,0.06226799,0.11994963
1498,3195,5.041847,0.5662626,0.009765886,0.019838512
1498,7006,2.634056,0.5629848,0.0048366413,0.010355607
1498,3040,171.61134,0.54975414,0.34726936,0.67843205
1499,3176,249.2531,0.52060544,0.5333383,1.039719
1499,5153,105.77168,0.5352509,0.22603408,0.4386685
1499,1588,136.19922,0.5330529,0.26322302,0.5128433
1499,1379,109.563194,0.531764,0.21129799,0.411735
1500,2403,36.645176,0.51119125,0.07875098,0.15195401
1500,1572,258.1189,0.501999,0.51432407,1.0014304
1500,6978,120.262505,0.5030754,0.26062816,0.50422907
1501,6983,1.5765419,0.49857348,0.002790518,0.0058904886
1502,1574,61.658203,0.5137069,0.12097151,0.23624389
1502,1384,49.744434,0.50942457,0.098414764,0.19174223
1502,3608,331.56995,0.50165296,0.65149546,1.2717946
1503,1582,4.4303856,0.5184172,0.008249499,0.016631663
1503,904,23.404667,0.5186956,0.04915154,0.09395934
1503,1580,39.541153,0.52039576,0.077338144,0.14973097
1504,1384,111.15324,0.50682527,0.24183083,0.4683525
1504,1385,137.97186,0.5048503,0.2745342,0.53164685
1504,1505,21.050741,0.5026382,0.04683091,0.08998382
1505,5265,1.7392921,0.5020634,0.0033979788,0.007548824
1505,1572,106.02243,0.5037625,0.20775518,0.40264258
1505,1504,20.578749,0.50181854,0.04547908,0.08740897
1506,534,33.29026,0.46902838,0.07401323,0.14247063
1506,2349,74.11774,0.4742561,0.16349575,0.3151632
1506,6839,236.33351,0.45875213,0.48396376,0.93695474
1507,1597,65.03876,0.5185269,0.12633154,0.24678314
1507,1593,22.363731,0.5157517,0.047272813,0.090471245
1507,1590,36.892048,0.5171411,0.07312764,0.14081725
1507,2375,120.079994,0.5115009,0.23547229,0.4569059
1508,6838,2.3192291,0.4578231,0.002887383,0.0058425814
1508,2374,211.6419,0.47944206,0.42674294,0.82592684
1508,1512,36.991882,0.45894235,0.07534072,0.14336029
1509,2347,31.873657,0.49401462,0.065932676,0.12475051
1509,1510,6.9966164,0.4922139,0.014067337,0.027821556
1510,5155,145.95932,0.4681906,0.2944572,0.5684045
1510,1509,6.1013374,0.49075857,0.012039311,0.02410099
1510,6914,2.519497,0.48972774,0.004336089,0.009054646
1511,579,3.5073013,0.47058776,0.006499231,0.0130678415
1511,2238,25.82849,0.47035927,0.057930578,0.11041489
1511,583,29.682053,0.47565857,0.06632025,0.12624015
1512,5266,4.4609566,0.45731378,0.008377671,0.016836777
1512,3061,89.0025,0.4644229,0.17875743,0.3445559
1512,1508,37.49262,0.46061522,0.07560259,0.1437175
1513,3197,1.276577,0.50057566,0.004565768,0.009326726
1513,1510,25.845581,0.49187177,0.054515135,0.1035182
1513,1514,42.55118,0.4960648,0.08419772,0.16411914
1514,538,2.2262764,0.49594596,0.0063354224,0.012870133
1514,2347,2.8079834,0.49668854,0.004622355,0.00923188
1514,1513,43.143383,0.49646595,0.084348924,0.16454546
1515,1354,67.62279,0.5102476,0.1327152,0.25888318
1515,2346,23.66746,0.5100725,0.04999135,0.09565376
1515,4949,47.274208,0.51201165,0.09211876,0.17913271
1515,1516,45.91875,0.50741893,0.09080665,0.17509592
1516,5905,0.9615288,0.49293578,0.003248997,0.00681448
1517,2342,125.539925,0.43992814,0.25881532,0.49885368
1518,2343,8.832859,0.46350712,0.018108428,0.03570451
1518,3000,5.5677223,0.45500427,0.011125356,0.022024095
1518,1517,6.5551834,0.4624867,0.013051681,0.025432765
1519,6587,1.3890839,0.3690462,0.0052667186,0.0065599233
1519,6594,1.7805061,0.63937163,0.0012957826,0.0035218
1520,5950,1.5761757,0.3138441,0.0034103692,0.006536782
1520,6927,2.8891754,0.31678826,0.0073402226,0.013451129
1520,4157,118.65579,0.29635817,0.26737547,0.5167832
1521,5170,1.239357,0.5849744,0.0036926344,0.008065611
1521,3571,13.219664,0.5853202,0.02692236,0.052616224
1523,1524,3.7882576,0.5231087,0.012539864,0.025606424
1523,1526,71.37154,0.53007156,0.17348233,0.3371863
1524,1921,11.608709,0.5286525,0.030667044,0.06023278
1525,1524,71.778824,0.5296916,0.15460113,0.29974633
1525,1526,5.204075,0.53018916,0.039975144,0.07949158
1526,3106,121.981026,0.5396812,0.9460688,1.8530748
1527,418,41.359528,0.5699094,0.08657012,0.16692106
1527,1529,3.003128,0.57126456,0.0062248185,0.012893975
1528,1527,2.0053825,0.5699425,0.0037920922,0.008131579
1529,3267,2.7698555,0.5730622,0.005500026,0.011296645
1530,3219,1.0945511,0.57323295,0.0033109263,0.0066827983
1530,1533,26.532253,0.5749164,0.05356997,0.103092276
1531,4198,1.6367912,0.57190675,0.0019630343,0.004663408
1531,1092,164.55759,0.5724671,0.23594198,0.4641291
1531,2177,29.636244,0.57960063,0.058091655,0.11212466
1532,1533,4.904598,0.57552665,0.010116033,0.020256445
1532,1531,27.539272,0.57676464,0.055363737,0.105673514
1532,1537,104.45297,0.5725316,0.21679378,0.42348707
1533,5869,39.852726,0.5781897,0.078533225,0.1509895
1534,1535,2.1354294,0.5707004,0.0030292273,0.0067420155
1534,1536,91.994385,0.5709919,0.17402026,0.34108758
1534,1532,29.151695,0.57322776,0.05717105,0.10966523
1535,1534,2.045765,0.57305974,0.0031699613,0.0071668327
1535,4198,34.698784,0.56337017,0.10903159,0.2110602
1536,1534,91.5751,0.57077086,0.1739037,0.34129965
1536,4680,64.61207,0.5782779,0.12361449,0.24264847
1536,2499,136.27809,0.5707437,0.19897896,0.39245373
1537,1532,104.8795,0.579814,0.21589938,0.42255992
1537,1094,9.205296,0.5801998,0.019782677,0.039076433
1538,1547,50.417095,0.58092445,0.09585753,0.18722798
1538,2745,232.81116,0.56708574,0.4462191,0.87165475
1538,1239,61.993027,0.58450085,0.12965193,0.25438106
1538,1093,35.592453,0.5823852,0.07462859,0.14519894
1539,1540,36.73906,0.57781774,0.070965305,0.13867837
1539,3229,30.564884,0.576935,0.061241522,0.117232025
1539,1240,94.85156,0.5736549,0.17945546,0.3526692
1540,1388,47.671154,0.5759883,0.0914795,0.17891301
1540,1539,36.66709,0.578191,0.070729114,0.13844684
1540,3229,17.642933,0.57552975,0.036380403,0.0707832
1541,2745,45.968567,0.5823955,0.08808659,0.17256321
1541,1096,128.83786,0.5762559,0.2673094,0.52343833
1541,1543,17.043283,0.5806473,0.036369897,0.07047784
1542,1543,33.654167,0.58363795,0.07128163,0.13991013
1542,2120,89.57059,0.5795524,0.18618852,0.36455864
1542,2119,129.29538,0.5740917,0.24347934,0.47845936
1543,1541,17.440817,0.5826154,0.036860228,0.071583614
1543,1549,28.07243,0.580985,0.056190956,0.107141964
1543,1542,33.5944,0.58247477,0.07014819,0.13726687
1544,1090,77.10449,0.5760786,0.14670824,0.2888717
1544,1552,13.691595,0.5814211,0.027875371,0.05444704
1544,1546,100.202034,0.5758572,0.18861738,0.37085196
1545,1548,56.294388,0.5792107,0.1147691,0.22533333
1545,1090,26.470642,0.5776299,0.056036245,0.107548825
1545,1546,20.12326,0.57753605,0.041568253,0.08010105
1546,1547,61.50432,0.57603556,0.117738314,0.2310203
1546,1544,100.09578,0.57535267,0.18906489,0.37135577
1546,1545,19.815172,0.5775799,0.040619537,0.07830472
1547,5243,2.1520386,0.57913613,0.0034980997,0.0069760233
1547,1093,10.424141,0.58026326,0.020759694,0.04079929
1547,1546,61.447807,0.5767688,0.11818318,0.23197758
1547,1538,49.711815,0.5799725,0.09515612,0.18583298
1548,4348,1.8799019,0.5773451,0.0032134503,0.007183343
1548,1545,56.32834,0.5811834,0.114209816,0.22492796
1549,1543,28.58993,0.57961726,0.057059407,0.109102435
1549,1390,105.12788,0.5798214,0.1976834,0.3882007
1549,1550,97.443596,0.5802057,0.18308708,0.36018685
1550,1241,79.25993,0.5784863,0.14972177,0.29476696
1550,1549,97.25889,0.5777428,0.18254079,0.35857248
1550,6616,34.054962,0.5819175,0.06786984,0.13034531
1551,1090,35.680935,0.5798879,0.07211322,0.14236262
1551,5131,11.319479,0.58140564,0.02364023,0.046685994
1551,1552,81.263,0.57530797,0.15380801,0.30268878
1552,1544,13.618828,0.58093345,0.027771734,0.054264173
1552,1084,23.022718,0.5815132,0.04805085,0.092518725
1552,1551,81.30772,0.5758858,0.15383798,0.30271932
1553,3690,1.5272636,0.47789648,0.0020922422,0.004363477
1553,2348,231.95612,0.4844199,0.46650094,0.9055257
1553,2402,62.674004,0.4744331,0.1689396,0.3264925
1554,723,18.851591,0.5295297,0.045494813,0.08870808
1554,5172,26.141975,0.5265926,0.055317786,0.10608069
1555,695,121.34757,0.3605948,0.26319388,0.50527114
1555,5255,92.80058,0.3858188,0.26413727,0.50844866
1556,251,64.378555,0.41770548,0.17429036,0.33572516
1557,4883,1.7811203,0.5487275,0.0029531196,0.0067596138
1557,4884,14.992447,0.5518235,0.031787496,0.06207385
1558,4788,225.87073,0.6501046,0.18311226,0.36104077
1559,1560,70.08399,0.62092113,0.13043022,0.25722033
1559,1794,63.93533,0.65141356,0.143673,0.28452727
1559,4738,22.720242,0.6208622,0.053092275,0.103342794
1560,1559,69.6359,0.6219225,0.13112974,0.25926965
1561,746,1.4786186,0.5785019,0.004953049,0.010655716
1561,6065,136.83286,0.57020485,0.399632,0.7847319
1562,383,3.3180923,0.59698415,0.0058227926,0.011946142
1562,823,26.00163,0.60076714,0.052491862,0.100820005
1563,5757,36.26824,0.5772731,0.08944423,0.17346801
1564,6398,40.997643,0.5721826,0.10362757,0.19580714
1565,4088,16.195772,0.57999015,0.034738258,0.06784868
1566,1563,5.438057,0.5818213,0.012997918,0.026081339
1566,1567,17.41648,0.5848086,0.033092197,0.06531922
1567,2986,37.88686,0.57955563,0.07948774,0.15306672
1568,1563,16.196974,0.5783939,0.03001589,0.058702953
1568,1565,31.325588,0.58202034,0.065027624,0.12703729
1569,1564,5.9726486,0.57608193,0.014096342,0.028104812
1569,1565,19.392658,0.57890654,0.03596097,0.06991292
1570,5708,22.46116,0.5504159,0.06446265,0.124409705
1570,4060,11.175312,0.55051625,0.022990614,0.04532674
1571,5111,1.675518,0.52844095,0.002446942,0.0053863972
1571,5976,31.941582,0.5286969,0.0641841,0.12206997
1571,562,24.673777,0.52666384,0.052108467,0.09985244
1572,1500,257.08716,0.50091165,0.5142831,1.0015864
1572,2350,99.22,0.4989162,0.19346988,0.3746391
1572,1505,105.90652,0.5025625,0.20739438,0.40260124
1573,1384,33.96663,0.51228887,0.07395646,0.1438134
1573,1383,31.938606,0.5145854,0.06975574,0.13456959
1573,1574,72.142654,0.51246524,0.14105383,0.2744627
1574,1383,102.33927,0.51954806,0.19962391,0.38843328
1574,1502,61.894135,0.5165551,0.1204195,0.23521978
1574,1573,72.16309,0.516284,0.14056513,0.27426213
1575,1577,76.67575,0.5171366,0.14897889,0.290089
1575,1385,55.55439,0.51134104,0.109013595,0.2125001
1575,1383,34.784428,0.5147371,0.06977938,0.13528967
1576,1577,23.328505,0.5172816,0.04890882,0.09353785
1576,1578,49.36869,0.5161821,0.09655559,0.1885444
1576,904,39.05143,0.5191327,0.07625919,0.14857309
1577,906,50.315704,0.5202897,0.09800731,0.19157808
1577,1575,76.14665,0.5155951,0.14820004,0.28850278
1577,1382,32.930668,0.51993704,0.06628365,0.1273066
1577,1576,23.345545,0.51842046,0.048928104,0.09375185
1578,1385,83.92383,0.51036644,0.16399813,0.31826198
1578,1582,26.260529,0.51660895,0.05446049,0.10388146
1578,1576,49.473705,0.51587814,0.09650357,0.18834828
1579,1581,16.87457,0.51871,0.035290148,0.068338715
1579,1582,30.585743,0.5174532,0.062001258,0.118529424
1579,1595,29.571205,0.5179659,0.06006047,0.11488863
1580,1581,21.777952,0.51846737,0.045862876,0.08774989
1580,1584,13.792326,0.5214194,0.028513156,0.05568376
1580,1503,39.505974,0.51885766,0.07710432,0.14957578
1581,1580,22.00874,0.51974976,0.04632069,0.08880125
1581,1579,16.742733,0.51902366,0.03494102,0.0677693
1581,1598,36.093857,0.5190126,0.07146141,0.1377353
1582,1503,4.601803,0.51878613,0.00860595,0.017295659
1582,1578,25.967949,0.5166248,0.05395462,0.10282735
1582,1579,30.55598,0.5176532,0.06188682,0.11833006
1583,1584,23.252848,0.5208201,0.048713706,0.093168356
1583,905,38.30773,0.52432966,0.07519775,0.14582242
1583,906,44.323654,0.52124095,0.085740946,0.16726491
1583,1585,25.204752,0.5233907,0.052223083,0.099633306
1584,1580,14.00802,0.522482,0.028954826,0.056558117
1584,1583,23.30107,0.5218475,0.048779383,0.09324956
1584,904,42.11088,0.52130896,0.081508435,0.15885532
1584,546,38.490967,0.52156967,0.07437982,0.14320448
1585,5561,21.328665,0.52454954,0.046200566,0.08852981
1585,5104,34.420593,0.52335984,0.07361646,0.14172891
1585,1583,25.12732,0.5237468,0.05180037,0.098877266
1586,1587,5.28191,0.5359143,0.010854386,0.022026762
1587,1586,5.3463516,0.5362084,0.010235243,0.020975426
1587,1588,80.77649,0.535946,0.15644032,0.30528635
1587,6894,60.955837,0.5348095,0.11805939,0.23135811
1588,6894,105.60164,0.5334247,0.20447573,0.39832672
1588,1499,136.15286,0.5350945,0.26270556,0.51205206
1588,1587,80.25363,0.5345052,0.15695554,0.30634886
1589,908,40.44458,0.5278821,0.0787617,0.15385488
1589,547,59.241035,0.52974594,0.11473099,0.22443487
1589,5563,69.9894,0.5273039,0.13541661,0.2645406
1590,1591,20.323318,0.5174331,0.04249981,0.081855915
1590,1597,21.61869,0.517721,0.045551874,0.08734444
1590,545,26.92241,0.517449,0.055202886,0.105279796
1590,1507,36.966553,0.51607597,0.07306485,0.14085743
1591,1590,20.21511,0.5171688,0.042271957,0.08144529
1591,1592,22.166382,0.51615024,0.046605323,0.089322366
1591,1593,28.030241,0.5158459,0.057285935,0.108988635
1591,544,35.537964,0.51865613,0.07053198,0.13549708
1592,1591,22.329388,0.5161848,0.04688799,0.08979369
1592,1594,23.859974,0.51431996,0.050185956,0.09574727
1592,1355,21.80727,0.5165857,0.045761913,0.08776011
1593,1594,18.440609,0.51491284,0.03873604,0.074956775
1593,1591,28.300047,0.5159033,0.057743307,0.10990506
1593,1507,22.611822,0.5148452,0.04776246,0.091349415
1594,1593,18.30413,0.5157692,0.038417336,0.07438661
1594,1354,105.90535,0.50928485,0.20833519,0.40467483
1594,1592,23.779646,0.51506364,0.05004915,0.09558838
1595,1579,29.619667,0.51802415,0.060075972,0.11489659
1595,1597,13.463764,0.51973945,0.02794601,0.054511897
1595,1596,27.512482,0.51837385,0.05595056,0.10689929
1596,2601,1.5356178,0.5233913,0.0019483045,0.0043169856
1596,1595,27.57014,0.5179682,0.056644704,0.10798845
1596,1598,20.28538,0.5180783,0.04442494,0.08559516
1597,1507,65.410934,0.51840496,0.12673831,0.24747342
1597,1590,21.561464,0.51842403,0.045346152,0.08687575
1597,1595,13.415594,0.5201296,0.027827404,0.054196373
1598,1581,36.202927,0.5197122,0.07216188,0.14011438
1598,6409,19.83398,0.5193108,0.04388976,0.08501683
1599,2594,37.423363,0.58754605,0.072105855,0.14123389
1599,1288,36.40392,0.5866479,0.07007089,0.13710716
1599,2597,114.70792,0.5853737,0.2147832,0.4216923
1600,3011,1.9453659,0.58390534,0.002656497,0.0058431327
1600,1601,1.8051872,0.5870715,0.005258225,0.010293856
1601,3009,5.722477,0.56304157,0.012502387,0.02487041
1601,2192,12.17794,0.04929453,0.028744832,0.058525153
1602,1603,10.697777,0.5918487,0.022418655,0.044473708
1602,2093,78.16513,0.58787155,0.16603968,0.32454056
1603,3060,21.514973,0.59272397,0.045568965,0.087844245
1603,1602,10.933743,0.59224945,0.02270595,0.0448488
1603,3161,54.129807,0.59361583,0.10267031,0.20125641
1604,3057,77.6485,0.59181416,0.14720026,0.2903558
1604,3060,164.90836,0.5846249,0.340212,0.6656259
1604,1606,65.94792,0.595568,0.1365466,0.2684645
1605,1300,32.902077,0.5965515,0.06980611,0.13593957
1605,3056,27.396275,0.5945728,0.05856186,0.1132904
1605,1298,84.106125,0.5951614,0.1579081,0.31105638
1606,3056,3.2230911,0.5930632,0.006470546,0.013265595
1606,3058,107.58474,0.5906272,0.19938321,0.39235443
1606,1604,64.33592,0.5948623,0.13448903,0.26443112
1607,3057,45.748775,0.5904869,0.08773888,0.17069356
1607,1301,98.03273,0.58815295,0.25307208,0.497032
1607,1944,84.798096,0.590924,0.1907865,0.3743809
1608,5110,1.1453552,0.5341805,0.0021369383,0.004916787
1608,5341,32.179264,0.53691137,0.06570868,0.12473302
1609,5975,24.599398,0.53079903,0.051618636,0.098436035
1609,5977,5.498764,0.5332834,0.0106270015,0.021354556
1610,5111,30.229633,0.52685493,0.0619168,0.11917682
1610,5977,26.063658,0.52850825,0.06654059,0.1265845
1611,1612,26.905334,0.5410636,0.06914749,0.13499613
1612,1613,1.9092903,0.5515772,0.0058346316,0.012235343
1612,6158,14.486101,0.04138404,0.059396006,0.12010771
1613,900,0.0,0.03939107,0.004115157,0.007655889
1614,6609,34.794662,0.55003554,0.0689711,0.13304745
1614,943,67.021515,0.5481467,0.12862827,0.25187016
1614,964,31.751633,0.54976565,0.062271804,0.12066421
1615,4625,20.082203,0.025381655,0.09028376,0.18353933
1616,4626,2.1697273,0.6421667,0.00342796,0.0074018985
1616,6034,88.37436,0.6483389,0.12467638,0.24560079
1616,6465,136.92636,0.64928585,0.27054158,0.5319016
1617,4634,1.9158058,0.6477362,0.003024824,0.0065443963
1617,4210,14.738712,0.6450219,0.032573055,0.06357398
1618,4608,1.9643021,0.6356209,0.0030725151,0.006451577
1618,326,3.3063164,0.63719606,0.005331129,0.011265308
1618,4187,6.300865,0.6383354,0.012118213,0.024366155
1619,2123,32.896755,0.62966305,0.0688565,0.13290676
1619,1659,13.763187,0.62658674,0.028469726,0.05595772
1619,5706,15.3697605,0.6257409,0.0320155,0.062401712
1620,5707,2.5139198,0.6287145,0.0014918968,0.0041410327
1620,5706,15.165129,0.6294316,0.032434493,0.06300401
1621,3802,1.5865402,0.5242987,0.002149567,0.00472562
1621,1892,46.258335,0.5185529,0.08956611,0.1749177
1621,6704,31.345673,0.52133864,0.067632966,0.12844558
1622,1685,4.283848,0.37556562,0.009081058,0.017722428
1623,1685,50.206234,0.37341323,0.1038173,0.19884601
1623,1624,47.178936,0.3576573,0.10121931,0.19287187
1623,199,2.02956,0.37753248,0.00446935,0.008906901
1624,7028,2.6082497,0.32886198,0.0056447983,0.010829613
1624,1680,16.994387,0.33091295,0.037594385,0.07203643
1625,2833,18.382944,0.4217396,0.039636936,0.07632147
1625,2308,10.193066,0.4304886,0.021257348,0.041404232
1625,2627,171.56514,0.4604494,0.34864086,0.67359567
1626,361,210.05032,0.5557302,0.4018173,0.78339565
1626,6184,94.90048,0.5623472,0.18007627,0.35190052
1627,3069,0.16281128,0.5586997,0.0076328143,0.015107006
1627,3218,1.869667,0.56700784,0.00246872,0.0058290064
1628,6850,0.41347504,0.045222968,0.006629102,0.012037545
1628,4710,5.594822,0.37631577,0.010812581,0.016889855
1629,6641,17.529297,0.045131683,0.075740136,0.1550867
1630,2444,2.057804,0.4071247,0.00082573295,0.001320377
1630,5660,1.3027573,0.5994883,0.0012722686,0.0026607215
1630,6561,21.536337,0.6400479,0.057143386,0.111255206
1631,1634,2.1323051,0.6504588,0.0028633028,0.005953282
1631,3117,2.3343506,0.6527015,0.0033934265,0.0073539317
1631,1633,35.134644,0.6433591,0.10374273,0.20059603
1632,3091,1.7895966,0.6562651,0.0028989986,0.0068045855
1632,3095,2.0426636,0.6536652,0.003702648,0.0071309954
1632,1631,31.89107,0.64920604,0.09466479,0.18642354
1633,3118,1.7408218,0.6493914,0.0022853091,0.00505957
1633,2519,62.613342,0.63678,0.20034757,0.39261037
1634,1631,2.1651077,0.6515872,0.0031301677,0.006671965
1634,3091,31.370882,0.64515793,0.09569712,0.18719277
1635,2502,71.07079,0.64401054,0.22762522,0.44900256
1636,188,29.431404,0.59213996,0.07293214,0.14089353
1637,1308,44.22323,0.5871963,0.08489401,0.16581649
1637,5861,84.30545,0.58605146,0.21293259,0.41903543
1638,5012,92.26658,0.5767031,0.23260295,0.45536906
1639,6396,6.576885,0.5835092,0.015430406,0.0311383
1639,5338,6.0631332,0.58335966,0.009665392,0.020283923
1640,1638,31.827812,0.58031183,0.056772634,0.11024542
1640,1639,4.0729675,0.58476585,0.009732291,0.019941643
1641,6345,61.51734,0.5872435,0.13120207,0.2564511
1642,1641,5.201126,0.5862483,0.011164352,0.022716507
1642,182,5.04488,0.5825331,0.012117051,0.024459526
1643,1641,11.418737,0.58406186,0.02123414,0.041926816
1643,1642,7.5862923,0.57164115,0.01799947,0.034632817
1644,3460,4.3972435,0.5931032,0.0107828975,0.021884114
1644,2508,6.8733788,0.5957293,0.01369866,0.027357787
1645,2901,9.872803,0.5916914,0.022789389,0.045030177
1646,5534,12.719027,0.59324515,0.02971499,0.05798176
1647,3476,58.941498,0.5733137,0.1237701,0.24048723
1647,2947,1.9135361,0.57554436,0.0036451444,0.0076764226
1648,5735,2.8216248,0.5855265,0.006658785,0.013565466
1648,2741,17.219894,0.583237,0.029530548,0.057936773
1649,5076,9.52824,0.58644307,0.02275119,0.04525639
1650,98,34.427902,0.53525305,0.07200162,0.14005345
1650,378,16.355242,0.53386647,0.03495499,0.06777201
1651,2005,91.6649,0.5742286,0.23554173,0.45947397
1652,6972,91.447815,0.6260016,0.16870606,0.33385462
1652,404,52.303978,0.6254783,0.098643325,0.19354816
1652,3274,67.64004,0.62313056,0.12597409,0.24880451
1653,5414,5.4433403,0.61039174,0.009974033,0.020066977
1653,3352,5.875435,0.6094308,0.010789648,0.021610722
1653,1654,19.824495,0.6117424,0.04057992,0.07875058
1654,1653,19.666458,0.61087763,0.04044666,0.078191586
1654,30,233.88095,0.60420823,0.43663704,0.85505444
1654,1473,192.72107,0.6017483,0.3594669,0.7052125
1655,1656,77.692856,0.62578356,0.1559323,0.3083298
1655,402,112.9781,0.61992234,0.22958821,0.45103258
1655,403,66.3197,0.6231118,0.124149844,0.24562371
1656,2160,8.38596,0.6214365,0.01696366,0.03360422
1656,1655,76.36896,0.624858,0.15502232,0.3066662
1657,1022,110.28906,0.5404204,0.21289223,0.41638643
1657,1391,29.860466,0.52917403,0.07417392,0.1439319
1658,5227,2.7352142,0.61983305,0.0047956556,0.010307759
1658,2160,44.008633,0.6259966,0.08833926,0.17220487
1658,6970,46.924633,0.62563735,0.08903683,0.17414582
1659,3296,29.263762,0.6299298,0.061807875,0.11824331
1659,1619,13.464117,0.6280314,0.02793701,0.054861866
1659,2124,109.39122,0.6302702,0.20054267,0.39567202
1660,4179,15.596352,0.6336485,0.032710094,0.06413423
1660,6039,18.641018,0.6302994,0.039581224,0.07749259
1661,3559,65.27692,0.63028973,0.13031805,0.25773856
1661,4179,21.451593,0.63205886,0.045156226,0.08721192
1661,2156,33.319176,0.6320083,0.06560451,0.12646993
1662,3296,37.739502,0.62767535,0.07896199,0.15335812
1663,2139,402.31708,0.60882217,0.7427457,1.4595106
1663,2231,24.68861,0.6278681,0.05078482,0.09866432
1664,1249,49.5846,0.49311656,0.09947559,0.19358672
1664,6712,61.72192,0.5129942,0.120462164,0.23553178
1664,2834,62.192,0.49602917,0.12329365,0.23974726
1665,793,2.1580734,0.55569744,0.0032756329,0.0069259256
1665,6351,32.016888,0.56357086,0.07901252,0.15192631
1666,1665,17.271135,0.5584511,0.040010314,0.07765589
1667,6580,1.205616,0.5570774,0.0037990808,0.008035168
1667,1666,4.367592,0.55750376,0.01113297,0.022693723
1668,1686,31.431704,0.3200668,0.07064935,0.1332301
1668,1672,48.763943,0.31051695,0.10690734,0.20489118
1668,1314,1.9526138,0.29890692,0.0045095757,0.008473799
1669,369,8.571724,0.38308358,0.019187875,0.036960915
1669,627,2.3837051,0.37968278,0.005157374,0.010294303
1669,2727,29.727615,0.39507374,0.061168436,0.1138233
1670,1680,25.779947,0.31899,0.05811084,0.10972655
1670,1668,11.752581,0.30539763,0.025784262,0.049107775
1671,6628,2.1571045,0.34307835,0.004317604,0.008073971
1671,1266,63.07879,0.33452058,0.13505712,0.26245418
1671,1675,38.75762,0.3349452,0.085524105,0.16102675
1672,1679,38.75294,0.33680242,0.08632355,0.16229211
1672,1263,1.9593353,0.31957817,0.0044090375,0.008372709
1672,1678,27.20636,0.3333327,0.060901888,0.11464093
1673,1318,8.301899,0.296575,0.019570455,0.03672932
1673,2316,46.65691,0.32029492,0.10134852,0.1933587
1674,1685,36.730038,0.3916245,0.0764011,0.14452134
1674,1312,59.49157,0.41024777,0.1332646,0.25741133
1674,2833,31.903725,0.41288757,0.07269825,0.1394032
1675,1321,68.7128,0.30825996,0.15217856,0.29608133
1675,1318,57.267952,0.2994835,0.12904418,0.24967605
1675,1264,2.385994,0.31973425,0.005224183,0.009863228
1676,370,26.725256,0.35998255,0.062267885,0.117294535
1676,369,10.2867775,0.37805235,0.022980958,0.04412049
1676,2316,29.723969,0.35788697,0.06459579,0.12169114
1677,1265,14.188829,0.36563292,0.030820202,0.058921173
1677,1261,47.222107,0.3858074,0.098574676,0.18814918
1677,1262,46.112904,0.39356107,0.09459856,0.18110809
1678,1672,27.063671,0.33357167,0.06031478,0.113408275
1678,1265,23.370396,0.35217404,0.052330375,0.0982113
1678,1232,42.402462,0.35811585,0.09016903,0.17180249
1679,1232,33.00359,0.3598408,0.07652439,0.14509448
1679,1684,121.228165,0.39098835,0.25281468,0.4849221
1679,6629,1.969284,0.34676063,0.004608944,0.009010479
1680,1670,25.511967,0.32052463,0.05795525,0.10896778
1680,1624,16.629864,0.33099967,0.03654495,0.0701187
1680,1686,9.994858,0.33045793,0.0218791,0.04172735
1681,7032,7.132965,0.4593095,0.01489801,0.029635027
1681,5371,113.87038,0.44477606,0.23265058,0.4483658
1681,1684,57.967873,0.4523172,0.11351476,0.22060946
1682,5371,65.70402,0.42517152,0.13552722,0.26060507
1682,1262,35.039856,0.41924244,0.07878633,0.1513063
1682,1261,29.692825,0.41141653,0.06786819,0.12983647
1683,1312,2.6615143,0.42632586,0.0060634166,0.012075305
1683,4952,4.2861366,0.42786527,0.0073691234,0.014357716
1684,198,1.7572632,0.43213618,0.0033417866,0.006854087
1684,1232,111.24411,0.40680224,0.2537029,0.48778236
1684,1681,56.696297,0.45218715,0.112917304,0.21930343
1684,1679,120.168594,0.3878981,0.25451422,0.48821664
1685,1622,4.7575912,0.37168014,0.010186382,0.01960896
1685,1623,49.617958,0.37500077,0.10265854,0.19571874
1685,1674,36.86445,0.3922107,0.075914964,0.14372635
1685,1686,39.54895,0.35457075,0.084656745,0.16017066
1686,1668,31.598576,0.319355,0.07039387,0.13244057
1686,1680,9.898243,0.33029693,0.021623522,0.04121375
1686,1265,53.173965,0.34378,0.11284507,0.21782947
1686,1685,39.82747,0.3528629,0.084289566,0.15969235
1687,2895,24.948004,0.5593323,0.059325777,0.11400737
1688,5333,5.1387444,0.5396286,0.010782361,0.021905705
1688,6525,112.921585,0.5727434,0.23298007,0.45575923
1689,3349,4.4242783,0.61607194,0.008429334,0.017104164
1689,2138,74.03093,0.6270926,0.14864966,0.29409716
1689,3348,6.4631424,0.6168063,0.012130529,0.024321944
1690,2940,28.270172,0.37480175,0.10527264,0.17283985
1691,6232,2.2371063,0.62273127,0.004474506,0.008857921
1691,7074,0.0,0.08393556,0.007851161,0.0141578615
1692,4459,14.828306,0.5680953,0.031831063,0.06244587
1692,6911,23.103037,0.5655194,0.03617313,0.070813544
1693,3327,1.9223557,0.56611025,0.002996251,0.0056616366
1693,1692,18.798887,0.56243104,0.03249508,0.063898586
1694,452,11.933975,0.5546576,0.02454459,0.04865232
1694,1693,30.803299,0.55594194,0.04884164,0.09566429
1695,6404,1.071846,0.5478871,0.0020305663,0.004512131
1695,1694,29.78034,0.5538055,0.045751877,0.08891507
1696,2578,45.586643,0.5877461,0.14436106,0.28235793
1696,832,11.044073,0.58203936,0.022125259,0.04357244
1697,1868,1.2341423,0.5592801,0.00385838,0.008061618
1697,127,12.49921,0.56382596,0.026852384,0.052279398
1698,3678,1.1933174,0.55832183,0.0042248517,0.009148464
1698,6743,42.005104,0.5550244,0.10362523,0.2024442
1699,87,1.9016533,0.57615143,0.0036760345,0.007937938
1699,1697,69.70175,0.5638196,0.17880863,0.3491181
1700,1119,1.6506195,0.5689939,0.0031749308,0.0072986633
1700,2885,41.952374,0.5711898,0.13376746,0.2614472
1701,83,2.315956,0.55394197,0.004590608,0.009826973
1701,5823,1.301815,0.55678296,0.0044974685,0.009758845
1702,5825,26.610802,0.54941744,0.06852903,0.13272366
1702,4197,50.355156,0.5506374,0.12763005,0.24811047
1703,1706,17.932175,0.51149964,0.048646793,0.09493416
1703,4937,1.5524101,0.5170599,0.0019982904,0.0047442615
1704,2995,177.55067,0.47858474,0.1588288,0.31080538
1704,6712,114.8599,0.5160546,0.25055227,0.48298723
1705,5821,19.498493,0.5005648,0.042408686,0.0818533
1705,1710,76.612625,0.49779618,0.24519503,0.4744689
1706,1705,14.339201,0.50678533,0.03911512,0.07580036
1707,6246,26.340319,0.50920165,0.075656965,0.14489642
1707,6245,34.410057,0.5078396,0.073275946,0.14191318
1708,2720,40.40344,0.54524153,0.07906647,0.15443838
1708,6250,11.010857,0.54994684,0.029446654,0.05799023
1709,2996,4.085312,0.5218324,0.0079007,0.016157418
1709,2698,120.4886,0.51849294,0.25852576,0.5004604
1709,6776,44.664345,0.5283598,0.088608645,0.1706906
1710,2588,55.32699,0.493549,0.17485006,0.33974162
1711,2680,82.56444,0.5408866,0.12052654,0.23573437
1711,4107,18.685703,0.5407477,0.05084196,0.099262625
1711,5828,13.449196,0.53852046,0.025089793,0.04943542
1712,4980,61.416664,0.52716815,0.0655686,0.1244987
1712,1020,152.17609,0.5294477,0.32033318,0.6184942
1713,2590,31.903133,0.48681235,0.072291225,0.13576281
1714,3826,2.0857506,0.5181103,0.004107766,0.008331791
1714,1716,4.3617897,0.5178291,0.013871402,0.02749741
1715,6020,28.695541,0.5173989,0.08527586,0.16488162
1715,1917,32.444054,0.5201542,0.08217473,0.15552379
1716,1469,1.547329,0.5164807,0.0036936477,0.0076358914
1716,2272,49.53566,0.51322806,0.16512215,0.32180062
1717,1719,0.8548546,0.5130844,0.003248416,0.0066248626
1717,1703,42.840736,0.5117851,0.13794191,0.2693389
1718,2661,88.69069,0.51132673,0.17853576,0.3470291
1718,5237,42.245552,0.5082307,0.13609444,0.265981
1719,1717,1.0016327,0.51611125,0.00329452,0.0067313164
1719,4001,19.538967,0.51624537,0.054316826,0.10629389
1720,78,1.8096237,0.5106983,0.0026488379,0.0055445284
1720,2655,69.12694,0.51103914,0.23073605,0.447604
1721,3431,1.9335899,0.5507641,0.00297869,0.0061775744
1721,4918,25.16651,0.025134236,0.114351735,0.24158144
1722,2915,6.572399,0.56542397,0.01275415,0.025495201
1722,822,63.09957,0.5655813,0.12108383,0.23703429
1722,4196,7.8014793,0.56296223,0.013086304,0.02642189
1723,4184,2.7479668,0.60599,0.004649915,0.009378925
1723,3643,43.75293,0.6107993,0.083826564,0.16348022
1724,1725,0.7236748,0.51920795,0.005008124,0.010116622
1724,2687,29.512924,0.52171683,0.07354581,0.13996226
1725,2684,16.830036,0.52365816,0.035275456,0.068832755
1725,6777,41.056114,0.5256159,0.1306462,0.25475377
1726,1724,13.051626,0.52696246,0.033939973,0.06666724
1727,6244,7.783409,0.5237242,0.020055264,0.039746493
1728,1719,26.252243,0.51425326,0.0768912,0.14931108
1728,1729,133.06284,0.51224333,0.26104128,0.5070052
1729,2685,2.687149,0.52430815,0.0058380663,0.012563705
1729,1728,133.01685,0.51704854,0.26092693,0.5065885
1730,3485,4.1807556,0.6066156,0.0077093765,0.014878735
1730,5647,23.247986,0.008532286,0.05817657,0.120463155
1730,2003,91.46076,0.6045278,0.17062248,0.33539328
1731,5355,87.37905,0.6009094,0.16367087,0.32199448
1731,7035,13.287008,0.07727477,0.043067977,0.084736265
1732,6098,1.8044128,0.6067838,0.004355915,0.009631962
1733,391,2.3955536,0.60918343,0.003945023,0.007383272
1733,3403,49.14666,0.60576916,0.09434062,0.18220687
1733,6802,17.85944,0.11667642,0.055189673,0.10700287
1734,1735,190.74507,0.6287497,0.3519647,0.6920126
1734,1979,105.28616,0.63009036,0.19238035,0.38036427
1734,74,89.17229,0.6294129,0.16313805,0.3241974
1735,2821,90.53287,0.6370491,0.16613221,0.32924283
1735,1734,190.10954,0.6312458,0.35200885,0.69323194
1735,6036,141.57306,0.63656723,0.2767598,0.5444171
1736,1737,94.95094,0.64916027,0.17498457,0.34640127
1736,1617,74.67084,0.64580977,0.14711246,0.29177564
1737,1736,95.01686,0.6478621,0.17297365,0.34350884
1737,495,92.29527,0.6474085,0.16792244,0.33092722
1737,5497,2.710968,0.6449921,0.0045186505,0.009172574
1738,2444,18.403912,0.37860495,0.03997446,0.06299879
1739,7015,1.1310196,0.4780894,0.0030457303,0.006385088
1739,3815,34.147964,0.4770612,0.07018205,0.13525498
1739,6689,13.545252,0.48643222,0.031181227,0.061079115
1740,899,41.81972,0.5366064,0.08167307,0.15742026
1740,6602,76.51663,0.5329532,0.20647827,0.40117264
1741,4353,7.2024193,0.5372386,0.015817173,0.031995222
1741,3768,1.4134827,0.5374696,0.004728861,0.009979069
1742,1109,9.981007,0.55270064,0.01986733,0.039239854
1742,1109,8.034355,0.55266935,0.015671566,0.03118956
1742,6942,61.143665,0.55830383,0.1160884,0.22566442
1743,2142,1.62323,0.5924192,0.002163574,0.005100012
1743,3346,150.49866,0.5806064,0.28048044,0.54992765
1743,5464,30.5018,0.59683365,0.059837576,0.114776425
1744,3348,209.40451,0.61645246,0.38492912,0.7559414
1744,1745,4.667984,0.628915,0.008546546,0.017456949
1745,4943,7.0927315,0.6256478,0.013361327,0.026685834
1745,3347,3.4716759,0.6249767,0.0059381425,0.012511179
1746,3360,3.1691093,0.64081544,0.0052353665,0.010803565
1746,6484,82.06145,0.65283,0.14835644,0.29450625
1746,2936,186.22664,0.6575462,0.36391795,0.7170045
1747,6961,163.94531,0.5296714,0.31785575,0.6178884
1747,6534,8.470028,0.54075825,0.017098896,0.03426805
1748,5770,165.74902,0.55961317,0.31426662,0.61308026
1748,3262,259.75235,0.61872065,0.48158464,0.94314414
1748,1794,303.68573,0.62144357,0.5584535,1.0939296
1749,3986,2.7164917,0.6451242,0.0029144064,0.0064684004
1749,5324,24.73082,0.651388,0.051406965,0.09979941
1750,3153,30.931055,0.63786775,0.050114702,0.09740257
1750,3153,31.227634,0.64037013,0.05122937,0.09872616
1751,2125,201.26059,0.6258472,0.40958723,0.8040083
1752,2520,38.970253,0.5821134,0.259097,0.502456
1752,1945,21.39743,0.57657665,0.046719532,0.08934907
1753,3104,20.129704,0.5581776,0.06795113,0.13212404
1755,1763,51.09687,0.55981785,0.105863124,0.20363283
1755,1759,10.103603,0.55891675,0.057907145,0.11800877
1756,1763,11.137043,0.55752826,0.05638099,0.11324538
1756,1759,35.824223,0.5578872,0.07581178,0.14460343
1757,1753,11.531176,0.559474,0.05319213,0.10574595
1757,3105,58.919014,0.561604,0.12620991,0.24469599
1758,3103,35.2681,0.55784786,0.092657305,0.17787366
1758,1754,7.353863,0.55722296,0.04807217,0.096008234
1759,311,8.24651,0.554314,0.049854174,0.09819575
1760,2853,27.605053,0.55763865,0.10113329,0.20211278
1761,89,28.118605,0.5584564,0.0571605,0.10903667
1761,473,79.37309,0.5524191,0.15331052,0.29897997
1762,3093,34.609962,0.58182275,0.21468091,0.41925928
1762,6010,59.26087,0.5771705,0.1229444,0.23739856
1763,6605,9.880787,0.5612268,0.022289112,0.044016734
1764,3103,11.827311,0.55923986,0.05777126,0.11524036
1764,1754,54.38155,0.5626525,0.115623534,0.22326408
1765,1817,137.19838,0.59992874,0.25410637,0.49996156
1765,3346,15.546656,0.58686465,0.03163347,0.06157793
1765,2976,90.55818,0.5918944,0.16740613,0.32951862
1766,1823,26.73938,0.39652172,0.058340594,0.11050667
1766,6198,23.859259,0.39138353,0.05376112,0.10158411
1767,6217,55.62783,0.3054257,0.14540547,0.2868498
1768,2522,4.4916496,0.5981638,0.010551937,0.020751223
1768,3742,57.567764,0.6011683,0.11783387,0.23073354
1769,948,47.202553,0.5757345,0.1138083,0.22076868
1770,5838,28.086105,0.57955086,0.067387156,0.13059661
1771,1770,6.147522,0.5690108,0.015588082,0.031218886
1771,5721,2.0521812,0.57401335,0.008272804,0.016512945
1772,1769,1.2813873,0.57041264,0.0040945113,0.00882481
1772,6728,2.5546455,0.5690008,0.0073239505,0.014919728
1773,1775,4.7328606,0.5739156,0.011789747,0.023240194
1773,6728,1.5754776,0.56366813,0.0049050897,0.010124072
1774,947,22.839005,0.5742211,0.06204199,0.11922751
1775,1344,92.68945,0.5631378,0.31190604,0.61187613
1776,1777,2.5234604,0.5940003,0.0043901205,0.009344891
1777,1776,2.6601143,0.59452754,0.004100904,0.008523747
1777,1369,34.568245,0.5942969,0.06731874,0.13106191
1777,3828,30.674685,0.59144795,0.060591243,0.11661006
1778,1779,1.3500175,0.53849334,0.0016338676,0.003548041
1778,1358,54.32499,0.54228455,0.14022253,0.27366048
1779,1778,1.5815125,0.5400641,0.0020438805,0.0036140978
1779,6590,2.019352,0.539614,0.0024671406,0.004230812
1779,3544,31.561884,0.02763483,0.15936923,0.3360417
1780,1365,4.5993004,0.5991123,0.009425908,0.018847018
1780,2787,20.054127,0.60189897,0.043527056,0.08505194
1781,5013,125.9876,0.4534335,0.259004,0.49998647
1781,4063,86.70482,0.49458048,0.17420869,0.33592594
1781,690,56.347713,0.47699395,0.11187296,0.21713911
1782,1995,2.103592,0.47336566,0.0027061924,0.00591518
1782,1831,42.791744,0.47161636,0.10790758,0.20932232
1783,4524,1.9607162,0.46119896,0.0029732436,0.0059639066
1783,4523,3.2071686,0.46346554,0.004424028,0.008851081
1784,1785,2.1205406,0.45656583,0.0024297237,0.0050117075
1784,4020,5.7738876,0.45948127,0.011677951,0.022983938
1785,1784,2.0813065,0.45635146,0.0022632033,0.004603043
1785,1783,23.417318,0.45937693,0.05117769,0.09725602
1786,4248,13.2075615,0.48295575,0.0312927,0.060873292
1787,5385,2.4898148,0.57015544,0.0050438195,0.010744169
1787,3046,34.072163,0.5707501,0.07330054,0.14299583
1788,3067,70.146126,0.579858,0.1332935,0.26233184
1788,872,83.52502,0.58016974,0.1574271,0.30976924
1788,1275,68.394005,0.5798267,0.13026634,0.25661033
1789,5204,1.9637413,0.44483352,0.002980113,0.0061329454
1789,1442,45.429054,0.45057413,0.09060584,0.17532842
1789,4678,26.224028,0.4392287,0.060047165,0.11425926
1790,1441,25.308998,0.4625276,0.05688742,0.10782981
1790,1825,12.1667,0.47228488,0.02649352,0.05148986
1791,1061,22.940998,0.5624159,0.04738442,0.09082231
1791,4323,40.339417,0.55669725,0.07697589,0.15241244
1791,1225,36.327843,0.5628383,0.070132054,0.13804379
1791,1227,58.082005,0.55602664,0.112742744,0.22143531
1792,2599,29.960548,0.5321182,0.06603416,0.1263932
1792,4226,69.28262,0.53278446,0.107757375,0.21076202
1793,3455,2.0684357,0.5331877,0.0034506097,0.0074771345
1793,4189,98.55764,0.52602506,0.19704458,0.38313526
1794,2125,1.2241478,0.36270565,0.0045534372,0.005512625
1794,1748,301.77625,0.6216921,0.5593303,1.09625
1794,1559,63.428192,0.64969486,0.14666224,0.29050976
1795,3414,56.1401,0.56448317,0.09027164,0.1759441
1795,676,80.07985,0.55546457,0.19844401,0.3877886
1796,1483,124.97965,0.39127117,0.26362595,0.50654024
1796,1440,99.79909,0.45672214,0.2021989,0.38960016
1797,1767,5.4239464,0.3083557,0.015202053,0.029180303
1797,4777,5.6794395,0.14342895,0.011693582,0.023572177
1798,1799,5.7274475,0.32737765,0.01309447,0.024502426
1798,2107,74.93128,0.33843526,0.16474317,0.3199337
1798,3132,39.540726,0.15313685,0.105195835,0.22117026
1799,1798,5.296547,0.32652256,0.012211673,0.023223355
1799,4777,41.62301,0.16203618,0.11098003,0.22777079
1799,889,57.930363,0.33101457,0.1295127,0.25176784
1800,1906,2.4117699,0.43172374,0.003579095,0.007441163
1800,713,69.86142,0.39029282,0.19073293,0.36866957
1801,1022,2.2204742,0.5460045,0.004953645,0.0106732845
1802,3706,2.0652313,0.5987624,0.0027944297,0.006151408
1802,4204,53.322323,0.60183823,0.13081653,0.25717023
1802,2110,80.439255,0.5982474,0.15104036,0.29780388
1803,1430,24.581457,0.5596468,0.087351434,0.17390773
1803,642,73.9692,0.5629309,0.14078179,0.27623
1804,3659,0.0,0.5504316,0.00736247,0.014618784
1805,607,0.0,0.5508557,0.006179109,0.012213096
1805,1806,84.45185,0.56029654,0.09729719,0.18595974
1806,592,21.387655,0.56739736,0.044507287,0.08586366
1806,601,59.13504,0.55782676,0.07407777,0.13891554
1807,588,1.7409248,0.56705207,0.0022262633,0.0049792826
1807,1809,46.64518,0.56823003,0.12402769,0.24250102
1808,1810,60.581726,0.5651551,0.1267047,0.24831115
1808,5747,6.632168,0.5657655,0.0142984465,0.028723225
1808,589,3.0765953,0.5638051,0.0041525736,0.008835942
1809,639,0.44585037,0.5683488,0.004419379,0.0090017915
1809,5578,49.127934,0.56593806,0.13017726,0.25521293
1810,643,48.010017,0.56907034,0.10042503,0.19666903
1810,1808,60.57534,0.5643761,0.12704758,0.24920782
1810,638,112.50787,0.5628152,0.21336743,0.41825992
1811,601,1.7247658,0.5663112,0.0025705323,0.0055993944
1811,6801,32.446396,0.5694238,0.070011616,0.13447008
1812,592,3.7188187,0.5686411,0.0065309107,0.013581738
1812,600,39.631092,0.5673694,0.07212598,0.14094532
1812,593,21.488804,0.56800026,0.044091344,0.08490663
1813,594,33.373367,0.5707992,0.14317225,0.28195274
1814,6725,13.833477,0.03114748,0.0799612,0.169834
1815,4003,4.809456,0.56869835,0.008894049,0.01783605
1815,608,163.7208,0.5602533,0.3114917,0.6095812
1815,3547,13.256578,0.57021546,0.026650406,0.05252132
1816,608,64.42484,0.5685521,0.12317666,0.2416392
1817,2534,4.2192802,0.6149467,0.007276334,0.014486179
1817,1765,136.90646,0.59941596,0.25317585,0.49825734
1817,1071,26.509792,0.6158246,0.053506453,0.1035189
1818,1452,94.72748,0.5601522,0.24915609,0.48758686
1818,2803,68.46113,0.57274634,0.1820538,0.3564391
1818,1108,136.64478,0.55937165,0.35809618,0.70221287
1819,1482,52.983234,0.64620614,0.0996104,0.19552284
1819,486,18.023554,0.64757806,0.03651698,0.07082304
1820,6302,28.285103,0.49795538,0.059373423,0.11366462
1820,4761,11.499018,0.50172466,0.0219362,0.043201655
1821,6210,1.7500877,0.532967,0.0017343313,0.004149899
1821,6211,2.9640923,0.5332198,0.0054147914,0.011449605
1822,4200,1.533184,0.5727141,0.002207972,0.005102217
1822,5107,126.247635,0.564181,0.26080823,0.50731146
1823,1836,126.282745,0.40952015,0.26548758,0.5100653
1823,4330,20.750904,0.39044353,0.04570471,0.08701112
1823,1766,26.673018,0.40034115,0.058373157,0.10983891
1824,1488,192.69809,0.49615416,0.38510358,0.74692655
1824,1972,104.46065,0.4805745,0.2093709,0.40440726
1824,1491,57.111633,0.4954264,0.11357136,0.22086318
1825,7033,38.31348,0.47310665,0.07668964,0.14631411
1825,1790,11.478575,0.47007638,0.0250322,0.04880759
1825,6657,26.864933,0.47865748,0.059391756,0.11345629
1826,4861,3.0536232,0.35837096,0.008781493,0.017218754
1826,4804,25.847769,0.37254333,0.05346074,0.101318985
1827,1834,139.29207,0.41291893,0.28902715,0.55635715
1827,1826,51.67927,0.3755151,0.13956846,0.27171147
1828,5653,1.442276,0.4254848,0.0022309646,0.004329562
1828,4856,15.63929,0.47251508,0.04335912,0.08455946
1829,703,0.7314453,0.47833395,0.0029072836,0.006520927
1829,4741,40.970634,0.47861445,0.10268328,0.20033832
1830,1831,2.1015244,0.46219417,0.0026305765,0.0056238472
1830,1995,42.87076,0.46880785,0.10799585,0.21001717
1831,1830,2.107788,0.46444124,0.0028074458,0.0058848113
1831,6318,78.980576,0.4512254,0.21122237,0.40704113
1832,2094,4.658741,0.5709515,0.0096508935,0.019776791
1832,2076,64.88549,0.571905,0.13547471,0.26587933
1832,1425,67.12857,0.56828535,0.12444873,0.24497186
1833,1845,5.166317,0.3161084,0.013680868,0.02554284
1833,3132,6.8907394,0.1306194,0.014495686,0.028423458
1834,4743,22.078415,0.45810017,0.053062107,0.10179656
1834,1827,138.30032,0.41286343,0.28955218,0.55708396
1835,1836,24.708843,0.44747186,0.054069873,0.10321339
1835,1993,15.479692,0.44319105,0.032942567,0.06387831
1836,5509,12.99757,0.44675863,0.027492262,0.053283125
1836,1823,126.43249,0.40975153,0.26587382,0.51048577
1837,2342,72.44877,0.44123682,0.14770122,0.28417754
1837,5203,31.486423,0.45503116,0.065920025,0.12490417
1837,2238,134.4477,0.45752773,0.27465025,0.52937734
1838,7033,2.8573532,0.47880164,0.0055682734,0.011299059
1839,3564,50.907227,0.49532422,0.10039627,0.19570367
1839,1221,23.913795,0.49699622,0.050800424,0.09699802
1839,2207,28.822983,0.5033052,0.059068307,0.11250953
1840,6791,18.512442,0.50422406,0.03900028,0.075338535
1840,581,38.418076,0.5030306,0.0759685,0.14746553
1840,1252,43.007618,0.50683904,0.08400227,0.16356432
1841,2925,48.564816,0.53249985,0.12197187,0.23816566
1842,1251,5.6474915,0.51408845,0.012081653,0.024259508
1842,3663,66.38342,0.5152358,0.14344642,0.2790744
1843,703,4.242382,0.48280227,0.013667606,0.02726154
1843,717,99.75799,0.475877,0.20014983,0.38659588
1844,2533,150.59805,0.42805856,0.31167474,0.6002487
1844,4331,10.399406,0.3902701,0.025322102,0.048660398
1845,4803,39.696987,0.32399362,0.10364571,0.20312445
1846,4098,2.2460861,0.5005045,0.003664188,0.007057026
1846,3119,5.245102,0.50165635,0.014008291,0.02761285
1847,1490,1.4060326,0.5427842,0.0016810298,0.0040633976
1847,3548,53.8535,0.5415663,0.13881937,0.2714451
1848,3544,162.55902,0.53171587,1.352521,2.6726618
1848,4472,39.164124,0.02797237,0.19946018,0.42118686
1849,1857,32.775417,0.45517388,0.068079025,0.12996869
1849,1855,22.904472,0.45599157,0.04960226,0.094253
1849,1850,68.61815,0.4588395,0.13897449,0.2693839
1850,1849,67.97298,0.45619243,0.13766687,0.2657829
1851,2289,214.83925,0.4912112,0.42904237,0.8329427
1851,5465,3.218937,0.47727996,0.0056500286,0.011402965
1852,3725,1.8313713,0.4569357,0.0025523603,0.005042523
1852,2330,37.457344,0.45781752,0.08364795,0.16143234
1853,1857,1.9107208,0.4431007,0.002631411,0.0053693354
1853,3074,154.89719,0.4223739,0.46191862,0.8992455
1854,2328,47.81359,0.46016374,0.095826015,0.18468025
1855,2197,27.741314,0.45270604,0.05866254,0.110655
1855,1849,22.792864,0.45447403,0.04897695,0.09310368
1855,523,21.490187,0.45552385,0.046291795,0.08827391
1856,5871,1.5051498,0.47409618,0.0027542412,0.0058431923
1856,4702,114.11953,0.4538994,0.2522833,0.4865713
1856,2299,62.084473,0.46427634,0.122694746,0.23846664
1856,6823,54.3368,0.4803691,0.10651094,0.20729066
1857,1853,1.8721428,0.44612435,0.0025755018,0.0052755624
1857,2197,18.27349,0.44732547,0.03888384,0.07506396
1857,1849,32.23128,0.4530128,0.066490054,0.12595402
1857,2329,60.93428,0.44810846,0.12085087,0.23492517
1858,14,41.180134,0.4334396,0.0926773,0.17901453
1858,3075,15.443922,0.42725173,0.03407643,0.06539991
1858,2011,105.34793,0.4303802,0.21633703,0.415875
1859,6327,3.566204,0.5963055,0.005321957,0.01092115
1859,5948,2.9240913,0.5937487,0.0038935095,0.00820218
1859,5947,7.298565,0.5951741,0.01260867,0.025330693
1860,4832,44.495815,0.59458447,0.050763257,0.09765074
1861,6340,2.2244415,0.5923845,0.004932724,0.009654254
1861,1863,96.41496,0.5897617,0.09144014,0.17576972
1862,4246,3.1411934,0.59281224,0.004258588,0.009353191
1862,7026,3.6096725,0.59220076,0.0052140355,0.0111041665
1862,996,5.6008186,0.59086645,0.013341673,0.026753291
1863,1862,5.8033066,0.58803684,0.0055734217,0.012645334
1863,7026,3.2259674,0.58657974,0.00495515,0.010373592
1864,4245,1.1076508,0.582605,0.003079407,0.006466344
1865,87,59.92707,0.56145215,0.15262085,0.29779953
1866,2084,28.364773,0.59238786,0.07185017,0.1406061
1867,1869,2.2416344,0.59630543,0.004131481,0.008949414
1867,669,30.302425,0.60056025,0.061673664,0.1191441
1868,5321,2.3289032,0.56345236,0.0045542717,0.00967896
1868,1698,11.478769,0.5607194,0.027193822,0.053172246
1869,4314,0.9067154,0.5802336,0.0015646219,0.0045741647
1869,2080,11.635469,0.59440947,0.024878733,0.048935935
1870,1869,29.086872,0.6056839,0.061774485,0.11858974
1870,1866,60.846214,0.5967109,0.15989745,0.31430072
1871,4116,111.2142,0.6508155,0.15178633,0.30148154
1871,1873,48.232353,0.38241106,0.17289549,0.27085027
1872,5519,6.3128395,0.03619951,0.027494527,0.05387564
1872,485,1.8883896,0.64650476,0.0028564483,0.0055838823
1873,3710,0.24861908,0.3681959,0.00240729,0.0011668354
1873,4116,1.5009232,0.6595887,0.0036870167,0.0073251426
1874,1628,11.436529,0.043305814,0.05190206,0.108686134
1875,5125,26.261892,0.50904953,0.06394068,0.122235574
1875,257,220.35664,0.5061969,0.43508375,0.84506625
1876,558,1.305088,0.5504299,0.0013968423,0.0034151375
1876,1445,15.870071,0.55294687,0.042413626,0.08330629
1877,1878,58.22869,0.56145924,0.11123468,0.21761315
1878,4345,6.089012,0.5561283,0.0066843703,0.014323801
1878,5679,2.1279335,0.552564,0.003795512,0.008451015
1879,5682,3.8817062,0.5551292,0.008233912,0.017006814
1879,3276,19.966782,0.55697775,0.025945589,0.051218227
1880,2864,19.134712,0.55886877,0.041082114,0.07931611
1881,1880,10.870243,0.5565664,0.014471307,0.028987795
1881,5681,3.9083328,0.55792904,0.007042624,0.014016509
1882,3096,24.55509,0.6478825,0.06493352,0.12685488
1883,480,1.9078369,0.5990617,0.002490744,0.0058721155
1883,1408,14.126642,0.59938353,0.03203564,0.06273559
1884,5592,1.889431,0.5711033,0.005033456,0.010419309
1884,2245,102.30469,0.57507795,0.19581002,0.3847475
1885,4845,58.57779,0.45390713,0.11743883,0.22884388
1885,5232,94.73848,0.44645876,0.19189295,0.36959806
1885,699,109.1789,0.44477794,0.22149107,0.4267037
1886,4153,25.74955,0.53927755,0.06187419,0.119218305
1886,1887,5.3895607,0.53970236,0.013353229,0.026696488
1887,1371,11.456432,0.5390066,0.026925392,0.052986234
1888,2469,4.52372,0.5481296,0.009358823,0.019345433
1889,623,18.498589,0.5498129,0.045401707,0.08807299
1889,5993,26.824959,0.002971828,0.12822461,0.27712965
1890,1842,55.519665,0.5167202,0.108447894,0.21168478
1890,1891,15.297737,0.5213858,0.03196033,0.061987422
1890,1197,61.661537,0.5229072,0.12014573,0.23480271
1891,4836,77.05499,0.5216599,0.14953619,0.29151776
1891,1348,104.76512,0.52952635,0.20347235,0.39586896
1891,1890,15.174541,0.5210602,0.031646043,0.061421975
1892,1621,46.01131,0.51801336,0.08889757,0.1730781
1892,2310,30.674915,0.5116234,0.062135644,0.11905828
1892,2205,36.699593,0.5151395,0.07319696,0.13996816
1893,4021,23.242447,0.4552314,0.050628062,0.09630122
1893,1894,0.98192215,0.31708652,0.0038275793,0.007571757
1894,4220,1.6523132,0.44943994,0.002885744,0.005392015
1894,5207,24.257362,0.4534616,0.07261397,0.13970235
1895,5198,1.868206,0.4481007,0.003937319,0.00828515
1895,2473,12.482725,0.44482428,0.02605196,0.05048202
1896,700,2.1290436,0.4567065,0.003125839,0.006493479
1896,1897,74.470474,0.4501996,0.111996,0.21482594
1897,1898,2.4078903,0.44581944,0.002722077,0.005316898
1897,254,39.862553,0.43788666,0.13433228,0.2605304
1898,253,2.2716827,0.44468045,0.003629826,0.0072856396
1898,5199,39.033146,0.44645143,0.08701763,0.16785786
1899,4867,1.5817032,0.46241236,0.004474357,0.009018496
1900,1901,2.3102188,0.37093204,0.0046314,0.009125829
1900,1907,14.709963,0.3739981,0.033531997,0.06442764
1901,1900,2.4948006,0.36819267,0.004994832,0.009781361
1901,5353,310.57758,0.3926969,0.6629399,1.2788577
1901,4520,35.115574,0.37958723,0.08100437,0.15235898
1902,272,2.6547127,0.33562273,0.004865572,0.009458706
1902,4860,35.291744,0.3229658,0.116662,0.22749303
1903,1985,2.058792,0.3444184,0.0038121268,0.0074008405
1903,2586,18.868723,0.34417057,0.05316902,0.104865156
1904,714,1.6643639,0.33015352,0.0031932518,0.0062639117
1904,686,165.40594,0.3227712,0.3663312,0.7025221
1904,5020,16.843725,0.33748895,0.04158573,0.079046816
1905,1900,36.02905,0.38036063,0.08344202,0.15811959
1905,5591,63.54883,0.3769142,0.16836765,0.32702005
1906,1800,2.0600357,0.43115687,0.0029318556,0.0060515404
1906,686,227.11371,0.35888925,0.49346086,0.94721
1906,4732,59.299423,0.46570143,0.15465647,0.29871237
1907,2481,2.7052498,0.36666855,0.0039736703,0.0078603625
1907,2482,2.129181,0.36589563,0.004792042,0.009478167
1908,1970,202.54094,0.33362412,0.44926643,0.8591761
1908,2481,72.11972,0.36546934,0.15656433,0.30326107
1909,721,65.92698,0.50639707,0.12702233,0.24584472
1909,720,42.50375,0.506798,0.082792506,0.15840483
1909,4276,81.79112,0.498785,0.15895432,0.30805463
1910,4351,13.44763,0.5043467,0.031527665,0.061313637
1911,1910,5.4712944,0.5089654,0.009039417,0.017975152
1911,4002,20.612364,0.50436616,0.043343507,0.08321963
1912,2223,2.860012,0.50793636,0.003975071,0.0085347
1912,1914,43.72748,0.5021286,0.11129618,0.2131849
1913,6294,30.571943,0.5098052,0.06316902,0.11949353
1914,6503,1.680954,0.5126788,0.001779668,0.0039285272
1914,2324,28.51391,0.51126677,0.07000144,0.13329136
1915,1913,3.1026192,0.5146926,0.004613988,0.009806842
1915,1910,44.88449,0.50875175,0.110980585,0.21452849
1916,3165,24.00035,0.5269379,0.12895529,0.2569077
1917,6520,1.0400276,0.5201433,0.0037410483,0.00793995
1917,2265,45.64809,0.5213343,0.112985075,0.2200314
1917,2264,21.858042,0.521389,0.0427345,0.08326695
1918,4878,1.4975548,0.5196321,0.0048873574,0.010036662
1918,4676,29.53833,0.519153,0.08981203,0.1745278
1919,1922,7.7553177,0.5244867,0.021661334,0.043004617
1919,2914,98.06911,0.5180056,0.15048265,0.29215008
1920,4878,30.687096,0.52052593,0.09357101,0.18339221
1921,1916,57.84356,0.5292031,0.13809384,0.26810572
1921,19,8.230225,0.5281447,0.022843145,0.045376852
1922,1918,22.310612,0.52473396,0.062794395,0.12178499
1923,3164,3.099083,0.5327147,0.011154175,0.022648677
1923,3166,125.05452,0.5284762,0.30173263,0.58542544
1924,3427,13.683044,0.5153784,0.030112598,0.059115194
1924,1926,21.614796,0.5115664,0.047774095,0.09156773
1925,3539,1.7768593,0.50401676,0.0035616234,0.0074747056
1925,1213,1.7270737,0.50623775,0.0026855767,0.005943045
1925,1926,9.419601,0.5095988,0.020549797,0.040566802
1926,2301,2.065815,0.50900656,0.002945505,0.006176859
1926,1925,8.983147,0.5103033,0.01953619,0.038651735
1926,1924,21.966036,0.5069684,0.048543774,0.09307832
1927,5105,1.1129723,0.040780902,0.0020528436,0.0037620068
1928,4051,17.534912,0.52909946,0.025117986,0.049682915
1928,5398,15.206871,0.52881885,0.022345863,0.04421307
1929,1924,58.615334,0.52115446,0.13497989,0.2635647
1929,1928,18.406086,0.53135026,0.026354924,0.052885637
1930,1932,26.713474,0.51324433,0.055700403,0.105976306
1930,1931,21.736143,0.5189771,0.042506285,0.081775285
1930,3664,30.491287,0.513217,0.055616416,0.105588466
1931,5067,3.4697227,0.5216843,0.007449478,0.015288696
1931,1930,21.997122,0.51899093,0.04316433,0.08298894
1932,1215,26.0311,0.50860566,0.054255735,0.10337508
1932,1930,26.744343,0.5121765,0.055638343,0.10601005
1932,1212,38.20933,0.5096895,0.07516065,0.14574601
1932,1933,24.36314,0.51559675,0.05172515,0.099017575
1933,1932,24.382977,0.5156071,0.05158035,0.09837786
1933,1280,9.786774,0.5236261,0.020012446,0.039933696
1934,1212,5.4658203,0.51195335,0.010787554,0.021417856
1934,2301,34.984657,0.505657,0.07085645,0.1349854
1935,6288,9.538296,0.4607839,0.019729048,0.03887339
1936,4488,38.81896,0.5649407,0.080981016,0.15550794
1936,1939,21.929478,0.5587706,0.048281725,0.09285592
1937,4478,1.4016571,0.55128133,0.002158098,0.00489524
1937,1939,145.20209,0.5436848,0.31140867,0.6034662
1938,4022,20.29572,0.5562864,0.042556245,0.08219437
1938,1940,23.243793,0.55710286,0.04835779,0.092801
1939,4478,146.41171,0.54498315,0.3129751,0.607239
1939,1936,22.457645,0.5595679,0.04884155,0.093666054
1940,1938,23.402975,0.55345905,0.048794072,0.09372038
1940,3169,191.18062,0.5452879,0.3695128,0.7195975
1940,4022,23.804094,0.5533619,0.049779817,0.095177114
1941,4477,1.9907494,0.549614,0.003943868,0.008767322
1941,3337,70.67679,0.54668933,0.13493857,0.26391593
1942,4490,1.6756973,0.5611691,0.0027443245,0.005769491
1942,4373,2.6795387,0.46653807,0.0060306266,0.012435541
1942,2270,51.232143,0.56473887,0.098692425,0.19196233
1943,4491,2.7935715,0.57351434,0.005185917,0.010177791
1943,1942,33.67113,0.12490329,0.11261838,0.23300266
1944,4501,211.64154,0.57752514,0.42577752,0.83253634
1944,1607,83.95648,0.5876699,0.1919536,0.37631625
1944,4469,278.63812,0.5786063,0.5636659,1.1050895
1945,4510,22.405468,0.58275837,0.047835264,0.09225595
1945,4510,20.813297,0.58196133,0.047061414,0.09067299
1946,778,72.18509,0.57263964,0.14011268,0.27355987
1946,3488,29.668701,0.020599604,0.19237486,0.40683067
1947,3617,161.94965,0.5617882,0.30810386,0.6026177
1947,5616,79.31909,0.5675055,0.14913924,0.29317325
1947,778,26.187458,0.5748729,0.05328793,0.10183806
1947,2221,9.226131,0.5728373,0.01814723,0.035986677
1948,1422,28.872932,0.6619867,0.07030748,0.13675709
1949,3084,1.8352509,0.41903773,0.0030074194,0.006354928
1949,6052,3.984375,0.41983792,0.008083321,0.015972719
1949,6053,2.0785751,0.41977006,0.0035556108,0.0071133226
1950,2935,6.5749893,0.62042665,0.014890708,0.029875025
1951,3814,27.953693,0.55070615,0.06863214,0.1323356
1951,6920,125.97756,0.542441,0.2982803,0.5809645
1952,5029,1.6960983,0.41613457,0.0053606555,0.010801509
1952,1766,28.338816,0.4067962,0.06416534,0.121059254
1953,1392,1.6574936,0.5402392,0.002226457,0.0049339235
1953,1394,20.121428,0.5458757,0.041862022,0.08109218
1953,5449,85.61559,0.54039526,0.18028876,0.34981304
1954,235,11.592369,0.5343234,0.027242914,0.05359806
1954,202,36.534214,0.5341835,0.09110739,0.1732699
1954,2671,101.691086,0.52900636,0.19821846,0.3866189
1955,1270,56.410652,0.5367112,0.10964763,0.21418495
1955,2668,77.33861,0.5345307,0.15016927,0.29291195
1955,122,98.330246,0.53526926,0.1466526,0.2875867
1956,4620,1.91082,0.61019313,0.0029056445,0.0063246936
1956,4621,5.751747,0.61070037,0.010701008,0.021512553
1957,4978,1.4326439,0.5310268,0.0017375126,0.0040179044
1957,1657,21.042562,0.533232,0.050258845,0.09659141
1958,118,32.274834,0.5320914,0.06405198,0.12286784
1958,117,41.25456,0.52886444,0.086943895,0.16954389
1958,1247,12.295952,0.5314035,0.026634984,0.05203283
1959,4479,54.05784,0.54923177,0.11471413,0.22385201
1959,1960,85.18597,0.543549,0.17915305,0.34916985
1959,2658,292.948,0.52811277,0.5703235,1.1130203
1960,7001,1.9329224,0.53342646,0.0039101616,0.008482486
1960,1959,84.50847,0.5409381,0.18028784,0.35063982
1961,5345,0.7918358,0.529688,0.0013067275,0.0022271574
1961,853,64.55052,0.5926323,0.12254138,0.24047829
1962,4715,1.4700165,0.59516186,0.0039590374,0.008612558
1962,1963,38.25547,0.60591245,0.09029163,0.17573798
1963,1962,38.816177,0.6053441,0.09240292,0.178714
1963,6961,236.53258,0.56699014,0.45195675,0.8818507
1963,2393,307.08435,0.6125746,0.5690485,1.1156076
1964,291,50.690746,0.59063554,0.09750282,0.18859385
1964,2121,219.85016,0.55773944,0.42564988,0.8294051
1964,2108,81.58642,0.5780009,0.15611625,0.30648303
1965,1096,24.950712,0.5836908,0.051269144,0.09762346
1965,633,330.49652,0.57382417,0.6226525,1.2184458
1965,1390,87.80368,0.580572,0.16559598,0.32560354
1966,2093,3.5649338,0.589874,0.0063241497,0.013071537
1966,1602,80.19962,0.57981443,0.1714203,0.33453822
1966,2091,95.54614,0.58434504,0.17915563,0.35176286
1967,5877,0.914505,0.5384287,0.0049128085,0.009249926
1968,5326,0.6022949,0.32149428,0.0014664605,0.002810344
1968,703,31.457962,0.4861366,0.098743446,0.19349767
1968,4276,37.59517,0.495265,0.07709847,0.1476194
1969,4023,22.09881,0.5470581,0.06328476,0.12249356
1970,1908,202.27716,0.33558834,0.4492357,0.8580297
1970,6928,3.3281708,0.31302756,0.007361971,0.013964146
1971,2716,53.417816,0.504579,0.13134739,0.25490373
1971,6798,40.893246,0.50838006,0.1028336,0.20011048
1972,1486,194.04126,0.46148258,0.39693052,0.76653856
1972,5352,122.33392,0.47418356,0.24750611,0.4778329
1972,1824,104.19543,0.4835292,0.20873481,0.4032352
1972,1973,76.24873,0.47760728,0.15254368,0.29523322
1973,1972,77.071625,0.4775195,0.15325569,0.29570517
1974,2122,1.7963219,0.3245753,0.0034380183,0.006725341
1974,6507,29.223671,0.32288313,0.07505822,0.14351533
1974,4666,48.818798,0.336057,0.106593,0.2019521
1975,5778,3.3899498,0.13374281,0.0072957873,0.014788061
1975,688,68.96509,0.29201996,0.15762639,0.30781743
1975,3627,61.276653,0.1714204,0.15122972,0.29893342
1976,4356,1.5760345,0.6044971,0.0024190545,0.005013719
1976,2705,78.120834,0.60289603,0.1995191,0.3915739
1977,6268,1.4440231,0.6252201,0.0025530457,0.005557373
1978,4616,2.088955,0.6244706,0.003791809,0.008019745
1979,1734,104.343506,0.62852,0.19082075,0.3769557
1979,3307,66.46178,0.6264055,0.12307531,0.2433656
1979,3345,21.300728,0.6228921,0.043666046,0.08502146
1980,879,1.63274,0.6199591,0.003230542,0.0066896677
1980,1983,36.42965,0.6082559,0.08999062,0.17457533
1981,2843,80.69708,0.5997507,0.15261048,0.30042267
1981,6991,5.3494186,0.6024059,0.009874113,0.020178556
1982,3300,54.15126,0.6038432,0.100207284,0.19459036
1982,1303,9.254532,0.6020094,0.017922476,0.035507783
1982,3342,115.96022,0.59784734,0.2149342,0.42167145
1983,34,106.388115,0.6123851,0.1958081,0.38522562
1983,33,2.1504974,0.61056215,0.0031212121,0.00677678
1983,28,67.06634,0.6109636,0.16554415,0.32479972
1984,6097,60.331837,0.6061696,0.1154351,0.22796227
1985,1903,1.9471817,0.34486717,0.0038027242,0.007411316
1985,5936,18.33667,0.35268036,0.051100094,0.10119249
1985,4665,148.5285,0.34626734,0.3267983,0.62687045
1986,27,2.8564186,0.5980619,0.004067667,0.008759707
1986,3460,74.83354,0.60031265,0.1568524,0.30767566
1987,3451,20.313728,0.61023515,0.041848607,0.081141576
1987,5355,28.620415,0.6077957,0.05798425,0.110810965
1988,69,70.17199,0.605746,0.098778896,0.19040559
1989,1988,8.293308,0.60762596,0.014734052,0.028989136
1990,4846,45.999523,0.6102262,0.09695606,0.18799081
1991,2479,1.321701,0.46681955,0.004642077,0.009609908
1991,5028,85.396576,0.45073748,0.19424981,0.37459406
1991,3919,2.5698242,0.46833503,0.00785964,0.015862808
1992,716,37.704185,0.45291093,0.07782743,0.14845333
1993,1835,15.772217,0.44234565,0.033600934,0.06509923
1993,5252,37.619965,0.43422544,0.07877796,0.14799069
1994,1152,21.354525,0.34032905,0.05355782,0.102244586
1994,6216,2.2863045,0.32968915,0.0042806715,0.008319125
1995,1782,1.9344482,0.4738302,0.0023139492,0.0049976557
1995,702,24.349365,0.4796728,0.05914518,0.113446765
1996,1024,32.492893,0.5647912,0.06476662,0.12515828
1996,278,33.30237,0.5642373,0.066007406,0.12841913
1997,4921,32.675148,0.51868,0.06658288,0.1291918
1997,4979,31.772495,0.5251225,0.06364126,0.12279423
1998,4822,46.949818,0.60827386,0.12375383,0.24132949
1999,3636,138.84381,0.39744598,0.29296726,0.56281483
1999,3152,123.35213,0.38057703,0.2610875,0.50042355
2000,210,12.996485,0.5614568,0.026559345,0.051977485
2000,6664,31.9316,0.5614462,0.07880441,0.15212442
2001,448,14.778341,0.6203149,0.03318893,0.06506012
2001,373,23.327484,0.62112474,0.043341774,0.08533276
2002,3479,1.0004997,0.06387171,0.0050267726,0.009883791
2002,397,99.987404,0.612779,0.18516406,0.3646429
2003,397,2.6347504,0.6048937,0.0033559203,0.00773181
2003,1730,93.03917,0.6142847,0.17254592,0.33879596
2003,3479,97.92602,0.6202496,0.18166703,0.3583691
2004,331,0.46829987,0.5314337,0.00044296682,0.00122118
2004,2003,53.986557,0.609108,0.10329249,0.20141524
2005,1884,1.5451279,0.5707564,0.0040518716,0.008474499
2005,1026,11.379515,0.5730079,0.022423536,0.043861523
2006,2017,23.420443,0.42155087,0.051122095,0.096612476
2006,1238,30.702532,0.42640677,0.0647222,0.12252654
2006,2339,43.09343,0.42040417,0.0877023,0.1696326
2007,2390,40.72636,0.44893572,0.081664026,0.15687396
2007,11,57.451836,0.44112355,0.115885764,0.2249076
2007,2998,238.77339,0.4542144,0.48968312,0.9481806
2008,2339,21.06284,0.41400248,0.046316847,0.08824542
2008,2017,49.174088,0.41035092,0.10041641,0.19224934
2008,2340,56.057793,0.40429258,0.115629144,0.22233179
2009,2054,35.97054,0.4507704,0.07336954,0.14037839
2009,2032,53.463566,0.45722163,0.10701903,0.2074634
2009,2014,110.76965,0.45408532,0.22592238,0.43550038
2010,2014,29.052315,0.4549394,0.06539431,0.12444359
2010,2012,15.161556,0.45820743,0.034090165,0.0662409
2011,1858,104.94912,0.43149027,0.21692517,0.417085
2011,15,40.68849,0.44519022,0.08217449,0.15799621
2011,8,107.922386,0.43647417,0.21925858,0.42209202
2012,13,1.9809189,0.45601144,0.0042066798,0.008418903
2012,4833,65.162674,0.4459074,0.17402269,0.33583814
2013,2017,27.183258,0.41564217,0.05873655,0.11072423
2013,1238,28.389454,0.42157686,0.06085052,0.11493121
2013,2333,92.01574,0.39767376,0.19309467,0.37147653
2014,2010,29.000141,0.45570326,0.06582851,0.124872826
2014,2015,79.33278,0.45596266,0.17682031,0.3399208
2014,2009,110.80955,0.44847026,0.226329,0.43592274
2015,2014,79.45154,0.45754364,0.17807339,0.3426013
2015,2016,47.689777,0.455565,0.1060348,0.20650846
2015,2396,208.18225,0.4564876,0.42556173,0.82163256
2016,2417,41.342678,0.45418602,0.08744874,0.16871713
2016,2418,59.997215,0.4493865,0.12228544,0.2370515
2016,2015,47.39544,0.4563055,0.104554035,0.2031239
2017,2006,23.343819,0.4217277,0.050965752,0.09641202
2017,2008,49.132366,0.41102448,0.100287855,0.19202532
2017,2013,26.99588,0.41666248,0.058684267,0.110311985
2018,2509,54.485447,0.49224973,0.10596833,0.20584132
2018,2036,28.880398,0.49864662,0.059994385,0.11443142
2018,2513,13.012032,0.4943234,0.027103074,0.052710935
2019,574,60.99804,0.46660474,0.12156263,0.23595032
2019,573,35.190327,0.46451014,0.07167652,0.13673718
2019,2427,37.031822,0.46961915,0.07426068,0.1418463
2019,6126,211.85837,0.4353731,0.44098097,0.8492836
2020,2043,70.8768,0.41477627,0.14549713,0.28072155
2020,2051,78.137,0.42870516,0.16084683,0.30928403
2020,6085,18.660028,0.4287361,0.040511962,0.07814481
2021,3611,1.668232,0.37711772,0.0029724985,0.006041065
2021,3452,109.39075,0.36088926,0.23797518,0.4579994
2021,2589,7.3588524,0.37489635,0.017159313,0.03245808
2022,4440,1.244278,0.48658317,0.0023020506,0.0056926757
2022,2042,58.83501,0.493056,0.1157926,0.22455475
2023,4551,1.716423,0.39682186,0.0030318722,0.0062574297
2023,2457,23.21168,0.3858328,0.05140855,0.09713816
2024,4039,21.84082,0.39473984,0.048489038,0.09177231
2024,2025,95.07269,0.36004832,0.20581499,0.39740556
2024,2026,66.68896,0.38126585,0.1408181,0.27142364
2025,3979,6.038372,0.32711047,0.013588063,0.025643766
2025,2432,75.52823,0.32284755,0.1701628,0.3301391
2025,2024,95.04132,0.35875443,0.20596835,0.3978331
2026,526,83.14702,0.4022109,0.17407052,0.33451462
2026,3612,23.718225,0.37150455,0.052223187,0.09838867
2026,2024,66.13809,0.38187295,0.14052409,0.2712225
2027,3720,1.6504326,0.46294847,0.0023536906,0.004603356
2027,6649,88.46227,0.46161652,0.19873738,0.38322723
2028,2040,4.128792,0.40706903,0.008325987,0.016568527
2028,2034,90.2549,0.39051795,0.19023126,0.36632997
2028,4039,26.659668,0.40178812,0.058449194,0.109771356
2029,3729,1.8070183,0.45241162,0.0026695281,0.005392343
2029,2041,38.719006,0.4536269,0.08483005,0.16371465
2030,2053,5.4910965,0.440144,0.0110287145,0.021997035
2030,15,14.760082,0.44278672,0.03130281,0.060340866
2030,3075,119.73932,0.4279945,0.24724588,0.47610247
2030,3722,38.045334,0.44594,0.07777731,0.14785936
2031,2036,53.2495,0.49932912,0.1050854,0.20443197
2031,78,37.14252,0.5075308,0.07416318,0.14292407
2031,6893,14.071842,0.5053514,0.029661037,0.05769115
2032,6161,41.667046,0.46108973,0.08275642,0.16032732
2032,2009,53.191288,0.4572657,0.106396355,0.20577814
2032,2455,28.06194,0.4598761,0.0588474,0.11141839
2033,2484,2.530758,0.47198302,0.00450214,0.009307772
2033,2483,2.9880943,0.47683468,0.0056761056,0.011704117
2034,5071,27.779083,0.3717184,0.062855616,0.116288334
2034,4039,102.521194,0.37707654,0.2187902,0.42052895
2034,2043,57.796295,0.39153695,0.11988637,0.23124665
2034,2028,90.40309,0.39038697,0.19035983,0.36608022
2035,5585,39.549496,0.3985186,0.08297208,0.15692656
2035,2430,60.778732,0.38262844,0.12448971,0.24151504
2036,2031,53.148636,0.5005284,0.103947066,0.20223485
2036,6635,76.080315,0.49571612,0.15085936,0.2923827
2036,2018,28.846935,0.4987603,0.06009274,0.11470274
2037,2433,2.0076294,0.30088234,0.0046643317,0.008503795
2037,2468,37.68893,0.11202589,0.10886462,0.22768097
2038,5749,5.2378235,0.44898164,0.011352561,0.021998659
2038,3722,8.355686,0.45133266,0.0124949515,0.024741739
2039,4959,1.4629059,0.30392292,0.0035575628,0.0067203045
2039,2055,22.346365,0.31476173,0.05418895,0.10121199
2039,527,55.228203,0.32978454,0.11899923,0.23140359
2040,2028,4.0635414,0.4071709,0.008119196,0.016134456
2040,6086,64.89252,0.41705054,0.13240862,0.25610116
2040,2047,77.79752,0.4162532,0.1620111,0.31213886
2041,3730,1.7294884,0.45366803,0.0026414767,0.0053477734
2041,2487,59.503307,0.45691037,0.13438152,0.2593971
2042,3378,24.553772,0.5005215,0.052815385,0.10076919
2042,4442,1.6374512,0.4976071,0.0025629178,0.0054003894
2042,2048,6.513748,0.49902037,0.013165474,0.026302874
2043,2020,69.90648,0.41388872,0.14583685,0.2804317
2043,6127,23.134035,0.40720895,0.051026464,0.09627501
2043,2034,57.35653,0.39380312,0.11969863,0.2308351
2044,4957,1.0431519,0.12735301,0.0026577935,0.00495705
2044,2046,52.412968,0.25744244,0.11488315,0.22603466
2045,4549,1.0249977,0.051947743,0.003556192,0.007583827
2046,4953,1.6625977,0.2775926,0.005581394,0.009988785
2046,2037,30.028564,0.1006276,0.08167945,0.15726863
2047,2458,72.66771,0.4177158,0.1505301,0.29034936
2047,2040,78.3687,0.41734004,0.16368744,0.31561524
2047,2454,83.00362,0.44278958,0.17000318,0.32739148
2048,4610,3.1926003,0.50400674,0.0057436377,0.011962384
2048,2514,103.11654,0.4900816,0.20645796,0.39950156
2048,2042,6.7989693,0.5015393,0.013461143,0.026709989
2049,4551,68.04493,0.38872635,0.1420617,0.27482814
2049,3729,112.58663,0.42066148,0.2333009,0.44855946
2049,4000,49.09645,0.39275664,0.101319484,0.19297096
2050,4964,0.58234406,0.07504299,0.002487503,0.005396262
2050,2035,16.681671,0.40096208,0.036201913,0.06960383
2051,4195,63.040516,0.44571048,0.13994603,0.27256143
2051,2417,31.023472,0.44588768,0.068512015,0.12967269
2051,2020,77.90378,0.42724055,0.16220574,0.31116265
2051,2422,44.14912,0.44413057,0.09825332,0.19014235
2052,4363,1.2635841,0.056949705,0.0042532906,0.008726329
2053,2030,5.063465,0.4421007,0.010042608,0.02010572
2053,3721,41.08085,0.4465974,0.081627645,0.15672661
2053,5901,71.26341,0.4315144,0.14491202,0.27929997
2053,2337,67.19078,0.42819244,0.13662177,0.26342526
2054,2009,35.631298,0.44938895,0.07238075,0.13904478
2055,4958,1.698185,0.3224495,0.0034950227,0.006698653
2055,3610,32.27102,0.3407328,0.077102244,0.14477296
2056,6315,0.0048942566,0.35281235,0.0010877997,0.0033695549
2056,4739,18.425257,0.5918646,0.03931426,0.07611167
2057,3597,1.7920341,0.60153836,0.0035835728,0.0073599666
2057,6908,37.647,0.6068354,0.07925996,0.15432557
2058,192,0.79681396,0.5515963,0.00023581833,0.0008568466
2058,4740,26.887266,0.5990531,0.05334215,0.101085566
2058,4078,26.978008,0.59962344,0.05818494,0.111669116
2059,757,2.4417,0.5983472,0.0015544146,0.004272625
2059,2399,27.623692,0.6157266,0.060726576,0.11576046
2060,4996,1.6081505,0.5448417,0.0021335632,0.004746005
2060,428,44.573063,0.55221105,0.094915226,0.18413235
2061,4471,11.117683,0.64891106,0.02140864,0.04227838
2061,460,94.037506,0.65889645,0.099901594,0.19727477
2062,4720,78.56593,0.57840824,0.20575896,0.4027192
2062,6326,1.8103218,0.58186096,0.004912421,0.009993747
2063,4132,154.25883,0.6447048,0.31072268,0.6121117
2064,3871,37.429077,0.67060256,0.07196538,0.13762121
2064,2065,1.0145645,0.63400495,0.002314262,0.005275026
2065,5878,74.83034,0.65244186,0.19112116,0.37629956
2065,2064,0.45722198,0.62251914,0.0009585768,0.002434656
2066,6260,41.849598,0.6005683,0.08105499,0.15651783
2067,4808,92.00447,0.5362484,0.17672433,0.34180766
2067,6917,106.04628,0.5623951,0.20067906,0.39308757
2067,2394,73.51136,0.53890216,0.10670829,0.20706047
2068,3835,49.3422,0.5830124,0.09461773,0.18440238
2068,3067,48.277283,0.5811784,0.092282794,0.18021005
2068,5588,89.79089,0.5796703,0.16914052,0.33212817
2069,2087,8.55695,0.5927892,0.016755916,0.033137128
2069,848,96.19443,0.5901936,0.18069415,0.3549062
2069,4463,75.599075,0.58914983,0.14079195,0.2768738
2070,2078,13.133617,0.60419506,0.026647888,0.052577198
2070,3324,18.063175,0.6035814,0.03719229,0.07279255
2071,377,2.2004585,0.59986264,0.003096968,0.006995514
2071,4620,197.64622,0.6007078,0.36908555,0.7247766
2071,4024,63.12989,0.6051074,0.117910095,0.23063709
2072,2075,1.7929955,0.6026118,0.002242431,0.005492434
2072,2581,39.16408,0.60615087,0.075793505,0.1483471
2073,377,2.293827,0.59829587,0.0038248077,0.008459285
2074,2581,41.60105,0.6049959,0.080337524,0.15675524
2074,2070,14.395178,0.5979019,0.029260762,0.057226747
2074,6790,4.8536606,0.60120356,0.008947916,0.017781511
2075,2078,1.8666382,0.60155964,0.0032209456,0.0071311146
2075,4307,60.64952,0.60352576,0.11395399,0.22285262
2076,1121,82.92871,0.5737101,0.17265375,0.33794326
2076,1832,65.110435,0.5711995,0.13582543,0.26616263
2076,2077,35.83375,0.5769372,0.06983339,0.13702165
2077,1124,98.30524,0.5734611,0.18550497,0.36387435
2077,2326,114.86144,0.5723586,0.21722052,0.42630446
2077,2076,36.243477,0.5767833,0.07014898,0.13749593
2077,1120,113.96737,0.5719308,0.2149331,0.4215957
2078,2075,1.4373474,0.60139716,0.0020225793,0.004957661
2078,2072,1.9522362,0.600355,0.0026848465,0.006137103
2078,2070,13.093645,0.6058256,0.026500061,0.05225478
2079,3159,1.9409103,0.59945595,0.0036233738,0.007452786
2079,848,165.3684,0.59135294,0.30831105,0.60400486
2080,4312,7.545162,0.59674764,0.014678456,0.029221877
2080,4313,1.6809654,0.5922958,0.0027553737,0.006360218
2081,1274,75.24611,0.571442,0.14295927,0.28135177
2081,3066,153.55307,0.56204224,0.29060388,0.56887126
2081,2082,42.173805,0.5745278,0.080944136,0.15834409
2082,2081,42.232384,0.5746862,0.08090388,0.15845372
2083,6996,151.72935,0.55513823,0.28913054,0.5636888
2083,6789,74.94664,0.56493825,0.1433555,0.28174922
2083,2971,116.11686,0.5618412,0.22060099,0.43142515
2084,2578,1.8461838,0.5896318,0.0024715438,0.005683869
2084,2085,99.98899,0.58783066,0.18736167,0.36842299
2084,5523,82.31119,0.5758294,0.22420901,0.43721926
2085,2084,100.852005,0.5905076,0.18840158,0.37082565
2085,4313,94.051704,0.5970456,0.19381768,0.38092595
2085,351,134.25482,0.5962788,0.27473816,0.53890324
2086,6140,1.8238945,0.61247265,0.003334783,0.007242486
2086,6256,41.581432,0.6217155,0.10685343,0.2068552
2087,2069,8.818901,0.5925021,0.016999446,0.03392081
2087,2088,86.001045,0.59260625,0.15940234,0.31489933
2087,1294,127.25014,0.5883321,0.23748237,0.46512848
2088,2087,86.50699,0.5961724,0.1597895,0.315336
2088,2089,142.39381,0.59448,0.26399824,0.5186821
2088,2090,155.37764,0.59557635,0.289595,0.5691504
2089,4310,50.78391,0.60317886,0.105273105,0.20532829
2089,350,42.77311,0.60720015,0.08838722,0.17199434
2089,2088,141.69556,0.59628284,0.26251337,0.51614285
2090,2092,18.023445,0.6012961,0.03721981,0.072408885
2090,2752,128.0653,0.59983736,0.23784229,0.4678275
2090,2088,155.18059,0.5959232,0.289239,0.56843764
2091,1966,95.258484,0.58550274,0.17986763,0.35323492
2091,4505,113.64971,0.584667,0.21245372,0.4172268
2091,4502,105.752945,0.5839309,0.19746989,0.38783842
2092,349,2.0650063,0.5982536,0.002982527,0.0063582063
2092,2090,17.856401,0.6014395,0.03658491,0.071364574
2092,4452,23.84169,0.59970236,0.05182328,0.10071393
2093,1966,3.4833145,0.58962786,0.0062681884,0.01313208
2093,5713,132.28647,0.5822036,0.27399766,0.53520715
2093,3060,200.71909,0.5767646,0.3803407,0.74381745
2094,1832,4.5652847,0.57164836,0.00936798,0.01933363
2094,1120,19.177935,0.5715636,0.04124652,0.07984007
2094,2882,23.588095,0.57161963,0.04893734,0.09360056
2095,4605,1.744915,0.6136719,0.0024941042,0.005440712
2095,4607,35.995808,0.62172985,0.076239645,0.14629447
2096,3513,1.9775047,0.60714346,0.0029305443,0.0064660907
2096,6354,21.274078,0.61039436,0.043892592,0.08495466
2096,4309,173.25983,0.5986577,0.32236484,0.6331521
2097,5503,0.78798294,0.6037505,0.0027821884,0.006023675
2097,5343,4.753731,0.61790967,0.008457445,0.017555416
2098,2099,31.005447,0.615381,0.060988814,0.117129594
2098,2103,65.41157,0.6160328,0.122310884,0.24048449
2099,4621,84.2738,0.6142256,0.1561326,0.308358
2099,2104,15.899351,0.6113135,0.032194346,0.062836796
2100,2633,116.0077,0.6155716,0.21346927,0.41993487
2100,4594,15.533155,0.6104049,0.031476524,0.06147124
2101,4601,119.87477,0.6185002,0.22060367,0.43312985
2101,3082,12.377617,0.616607,0.024644583,0.048436984
2101,5576,27.722435,0.6186978,0.056242872,0.10848268
2102,2581,109.94805,0.6050581,0.20242801,0.39800024
2102,6354,74.88864,0.61015165,0.13892856,0.27443182
2102,2975,17.792624,0.61243606,0.036403492,0.07100752
2102,5501,61.58499,0.61372983,0.11384308,0.22349644
2103,2975,30.253613,0.61345226,0.05962006,0.114656076
2103,2098,65.58553,0.6161484,0.122962445,0.24145086
2104,2098,16.690207,0.6110716,0.033919908,0.06640461
2104,2099,15.9545765,0.6131931,0.032337874,0.06316715
2105,2843,150.92029,0.59401065,0.2807035,0.5519308
2105,1296,63.660168,0.59696674,0.12050187,0.23690379
2105,4183,66.89974,0.6003092,0.124302655,0.24487542
2106,491,17.050095,0.6348828,0.03462382,0.06730508
2106,45,158.8207,0.62410015,0.29106867,0.5732273
2106,493,101.24396,0.624053,0.18592127,0.36633933
2107,1798,74.81526,0.33907187,0.16436912,0.31896636
2108,1964,82.00209,0.578428,0.15554656,0.30562234
2109,2110,3.63583,0.59992194,0.005488485,0.011822477
2109,3704,1.9516716,0.59649634,0.0020593628,0.0051915497
2109,1802,60.982483,0.60155904,0.14913203,0.29272932
2110,2109,4.0699005,0.5999358,0.006222017,0.013158321
2110,1802,80.120926,0.5970231,0.15043844,0.29672194
2110,3705,60.416016,0.5990563,0.11446847,0.2248702
2111,3291,39.928074,0.5843531,0.07780608,0.15169115
2111,6537,3.8927574,0.5818299,0.006237015,0.01355435
2112,6195,3.8179016,0.55845237,0.006767221,0.013818935
2112,6853,12.663239,0.5567952,0.033393484,0.065647475
2112,6853,11.859558,0.55406845,0.03186702,0.06262768
2113,2716,5.0320244,0.50774384,0.009462751,0.019168735
2113,3139,209.15454,0.5008749,0.5301794,1.0379702
2113,4305,45.815884,0.50763136,0.09823878,0.1904734
2114,4470,106.97797,0.5100445,0.28158852,0.54524934
2114,715,115.42618,0.48370227,0.22914264,0.44303006
2115,2398,1.4686432,0.50188583,0.0019049495,0.0040576607
2115,2927,186.49786,0.43863803,0.3834478,0.739071
2115,4735,39.009075,0.5002696,0.09781478,0.19168833
2116,3951,1.8464851,0.43751976,0.0028170496,0.005844429
2116,5758,148.16907,0.46737933,0.29800126,0.57502437
2116,6959,29.748795,0.42369348,0.07434556,0.14222491
2117,2586,1.6774864,0.34054798,0.0054394603,0.010667503
2117,1985,18.440454,0.34417644,0.052257746,0.10418031
2118,3908,2.1750832,0.45126086,0.0035554618,0.0071854293
2118,5783,2.1151886,0.44923133,0.0023797452,0.00488919
2119,1542,129.31601,0.57349396,0.24342278,0.47803676
2119,2120,47.04384,0.5793211,0.09073523,0.17749128
2119,1389,59.49116,0.57703996,0.11489119,0.22556755
2120,2119,47.07411,0.58035153,0.09025186,0.17667495
2120,1542,89.57743,0.5779088,0.18635952,0.36491233
2120,781,72.13487,0.57991815,0.15166587,0.29757753
2121,2193,154.81616,0.54385227,0.3215767,0.6254424
2121,1964,220.22493,0.5545082,0.4255876,0.82973397
2121,677,175.87454,0.5356972,0.3665391,0.7125411
2122,2278,16.225317,0.33289757,0.047152743,0.09171886
2122,2278,23.243736,0.3287843,0.052797545,0.099722855
2122,1974,1.853817,0.32767838,0.003694065,0.0071216226
2123,1619,33.14473,0.62906826,0.0686744,0.13248736
2123,2195,22.293245,0.62887436,0.04681531,0.0904026
2123,6084,16.931114,0.62566614,0.034270372,0.06698389
2124,1659,109.763725,0.62354106,0.20082214,0.39573485
2124,4262,53.11534,0.62621623,0.09931405,0.19461921
2124,6083,36.205654,0.6254693,0.0711609,0.13696969
2125,1794,1.1846466,0.3778962,0.0043638423,0.004852146
2125,5812,25.602173,0.35393322,0.09188949,0.15011798
2125,1751,201.77614,0.63020897,0.40761626,0.79890984
2126,254,3.3045082,0.43631968,0.0038653836,0.00823532
2126,1898,47.62007,0.4432622,0.12984404,0.25253627
2127,2128,2.3415298,0.4304769,0.004947223,0.010156482
2127,4259,32.08411,0.42885792,0.068459734,0.1295801
2128,2126,48.402576,0.43371922,0.10687387,0.20508075
2129,2637,6.3713913,0.5171265,0.012696341,0.025442675
2129,2130,85.69563,0.51558226,0.1677892,0.32692295
2129,117,101.26208,0.5226288,0.1974041,0.3847561
2130,2129,85.96208,0.5174021,0.16920571,0.3289151
2130,5310,38.342735,0.5238101,0.074919716,0.14523333
2130,2698,42.68664,0.5200211,0.09008308,0.17543662
2130,117,47.521984,0.52640903,0.09972753,0.19508295
2131,5924,1.5024452,0.57304287,0.002312243,0.0052047074
2131,2134,0.9378433,0.57294065,0.0033056661,0.006741762
2132,1436,104.29164,0.56071967,0.19819352,0.3880744
2132,3194,98.244965,0.56005025,0.18377617,0.3592186
2132,613,127.390564,0.55625796,0.24066207,0.4704674
2133,1437,26.530254,0.56446105,0.05713439,0.11004369
2133,1437,23.429174,0.56403583,0.050646678,0.09695771
2133,1436,65.48349,0.56046236,0.13544287,0.265207
2134,4361,2.2945442,0.57366246,0.0043682605,0.009263694
2134,4768,18.315268,0.5754276,0.042493254,0.08299041
2135,4716,18.799505,0.57445776,0.04007717,0.07810001
2136,5035,20.22507,0.5034289,0.049126245,0.09473256
2136,5035,26.798817,0.49594158,0.053469773,0.10297096
2137,5125,1.905407,0.5047359,0.0024723038,0.005445972
2137,2136,10.990986,0.50441474,0.025930353,0.050974697
2138,1689,73.73718,0.62799263,0.14872837,0.2945749
2138,6660,10.382097,0.62798685,0.021335252,0.042241737
2139,4179,150.88155,0.6249309,0.27708206,0.5458786
2139,3559,153.80025,0.62226224,0.2846631,0.5598738
2139,1663,396.6031,0.6127047,0.7291762,1.435078
2140,531,2.2314453,0.50330603,0.0049994662,0.01005052
2140,5026,174.42938,0.48625708,0.3509146,0.678129
2140,6125,33.6181,0.50734776,0.0737754,0.14193055
2141,3344,18.927752,0.63036525,0.026525483,0.05218397
2141,358,11.935446,0.64061856,0.017284572,0.03513679
2141,3737,8.791481,0.6349893,0.016928278,0.03378424
2142,1743,1.8447151,0.59264386,0.0027709007,0.0061303675
2142,6952,10.49682,0.6002925,0.015196785,0.0311798
2143,2875,28.773651,0.5878889,0.08499195,0.16633444
2143,2400,80.7997,0.5789732,0.15306246,0.30150262
2144,532,44.21235,0.50917643,0.087054074,0.16993365
2144,532,45.366062,0.50925845,0.089489624,0.17458205
2144,3734,39.65568,0.51398045,0.078084625,0.15195999
2145,6889,3.1400223,0.6036986,0.002791874,0.0069397986
2145,5466,24.052479,0.62115955,0.054011054,0.104564734
2146,2148,20.043606,0.5465665,0.04352386,0.083599254
2147,1075,19.305815,0.5466693,0.04006735,0.07740798
2147,233,17.672836,0.5473534,0.036730338,0.071205035
2147,1397,12.945219,0.54555184,0.027889691,0.05450973
2148,1074,19.154676,0.5479299,0.039501354,0.076289825
2148,174,17.221743,0.5487832,0.035608716,0.06905291
2148,2147,13.127876,0.54564863,0.028537698,0.055572607
2149,4231,2.1870117,0.63616866,0.0026740804,0.0055066943
2149,2150,42.54104,0.6380892,0.08656109,0.16874896
2149,6421,124.18895,0.628863,0.24343121,0.47908872
2149,2158,33.142136,0.63350487,0.06540406,0.12592149
2150,6037,2.8366165,0.633221,0.004193403,0.008543238
2150,2159,71.1246,0.6378342,0.12867974,0.25508994
2150,4054,39.734642,0.07550526,0.13410039,0.27668762
2150,2149,42.287663,0.63530445,0.08564532,0.16893283
2151,2154,127.27659,0.6383512,0.23014319,0.45360684
2151,4609,46.65681,0.6366696,0.08849304,0.17256664
2151,325,94.19383,0.6411992,0.17148346,0.33960712
2152,6170,2.4740334,0.63414276,0.0044585317,0.009320155
2152,4187,89.56365,0.63725823,0.17533931,0.3472841
2153,6169,32.644043,0.6396436,0.065892644,0.12611221
2153,2154,141.68597,0.63795274,0.25694636,0.50635755
2153,2155,186.04868,0.6379359,0.3395413,0.66876006
2154,503,70.13739,0.6433345,0.12816918,0.25422502
2154,2151,127.102036,0.6415597,0.23175761,0.45768553
2154,2153,141.92897,0.6409147,0.2586315,0.5104129
2155,4293,41.02294,0.64351356,0.08209976,0.16203353
2155,6168,73.05048,0.64669037,0.14239798,0.28365943
2155,2153,186.14638,0.64007896,0.3405129,0.67155796
2156,2157,46.556587,0.6341417,0.08807055,0.17302014
2156,1661,33.40447,0.63203037,0.065909475,0.12708622
2156,2159,88.36214,0.6373992,0.16200063,0.32130873
2157,6421,86.13283,0.6341801,0.15737355,0.31212813
2157,2158,68.92314,0.6361664,0.12685983,0.25191182
2157,2156,46.792686,0.6351492,0.08852537,0.17401922
2158,2157,68.63517,0.63444424,0.12651151,0.2510303
2158,2149,32.92825,0.6362815,0.06584223,0.1259586
2158,2159,34.76448,0.63677275,0.068347834,0.13212983
2159,2150,71.65561,0.6365541,0.12921873,0.25587857
2159,2156,88.43892,0.6377499,0.16215703,0.32172358
2159,2158,34.82675,0.6380524,0.06843197,0.13235559
2160,1658,44.834858,0.6252951,0.09004763,0.17580469
2160,1656,8.559002,0.62162304,0.017021172,0.033987105
2160,3561,119.63655,0.6166214,0.22213128,0.4359991
2161,3484,91.7715,0.6046498,0.18754104,0.36818755
2161,4762,76.00644,0.60975665,0.15640643,0.30759418
2161,7007,8.703106,0.60904276,0.01648131,0.032608166
2162,2163,41.38919,0.6132266,0.0792604,0.1518031
2162,4708,28.285511,0.61924785,0.066580564,0.12977177
2163,7007,107.77455,0.60917175,0.20489603,0.40308642
2163,2162,41.5118,0.6112503,0.07989197,0.15282208
2164,2632,126.93845,0.61234313,0.3129325,0.6149865
2165,80,1.8626595,0.51357025,0.0028547049,0.0057761073
2165,2462,20.910408,0.51409674,0.058377657,0.11397498
2166,2398,33.802437,0.5038414,0.084024206,0.1610056
2167,5247,72.243004,0.32183456,0.1880498,0.31871563
2168,4612,60.24391,0.60037917,0.15219134,0.2996813
2169,2411,2.609581,0.31995252,0.0042523965,0.0067650527
2169,7049,31.607233,0.59732944,0.079764694,0.15885457
2170,2176,9.648979,0.5774696,0.01936312,0.03824708
2170,3292,41.763126,0.5778424,0.08016765,0.15459086
2171,3292,23.739077,0.5766692,0.04389228,0.08552396
2171,3289,26.170103,0.5764172,0.060827225,0.118905455
2172,2173,10.004398,0.5768508,0.020224482,0.040138736
2172,3289,17.17544,0.57543766,0.03309804,0.065132976
2173,5270,38.71336,0.57784164,0.075896636,0.14601853
2174,425,32.558277,0.5806808,0.08006163,0.15659302
2175,2176,17.80667,0.5819338,0.036856856,0.0714975
2175,2174,24.923397,0.57827145,0.059464842,0.11483955
2176,2174,13.383511,0.57629097,0.027519353,0.053882822
2177,6581,2.270977,0.5740892,0.0034785718,0.007591337
2178,2177,4.558815,0.5727461,0.0072448477,0.015433282
2178,1530,30.35154,0.580443,0.06015124,0.115963265
2179,6407,2.1164398,0.5833535,0.0050419793,0.01076977
2179,462,2.1004982,0.584041,0.004368186,0.009604305
2180,6325,22.438555,0.57643026,0.055054657,0.1064758
2181,4240,2.227703,0.58244514,0.004445657,0.009597421
2181,2180,2.7514343,0.58205324,0.0072617084,0.01478301
2182,1375,56.28571,0.5884677,0.1407001,0.276352
2183,3467,68.69672,0.57035863,0.1314658,0.2584801
2183,2387,128.63597,0.55706376,0.26820803,0.52349496
2183,6445,5.383049,0.57026106,0.011244915,0.02275905
2184,3286,130.34418,0.46012783,0.26304007,0.5082879
2184,3918,31.485481,0.4616018,0.09776604,0.19334856
2185,1256,9.926353,0.40432405,0.017532319,0.034542292
2185,2228,40.220947,0.39236617,0.089179754,0.17139143
2185,2376,68.5886,0.4149711,0.07639482,0.14187539
2186,2187,1.3973541,0.52930474,0.002449885,0.005688697
2187,111,100.475494,0.5309661,0.21138616,0.41143003
2187,2188,1.6249275,0.5276926,0.0032539666,0.006808564
2188,4447,3.9936562,0.52684414,0.008826122,0.01780878
2189,214,91.208786,0.5534884,0.3112986,0.60937214
2190,2189,11.940674,0.578716,0.022380091,0.04418686
2190,3311,4.2337036,0.579872,0.011457227,0.023031622
2191,2335,137.91977,0.5526408,0.26321313,0.51358616
2191,677,77.195435,0.55724037,0.16188848,0.31612754
2191,6997,49.382317,0.5773716,0.10298656,0.20037739
2192,4049,24.106411,0.02274701,0.06879996,0.14095898
2192,3010,3.686226,0.3730383,0.0075898767,0.015299916
2193,3512,1.4063721,0.56384885,0.0022956133,0.005860254
2193,4999,136.81223,0.5312046,0.29144305,0.5629258
2193,2121,154.95792,0.54409117,0.3209942,0.62380296
2194,987,1.9052582,0.5852178,0.005346939,0.011438727
2194,4301,57.57458,0.5817152,0.08917208,0.17229325
2195,2539,189.08089,0.62764156,0.3509464,0.68994266
2195,2123,22.234776,0.63151675,0.0473554,0.09102974
2195,877,307.529,0.62230957,0.60898006,1.196251
2196,6793,1.5460472,0.6166716,0.002799414,0.00642778
2197,1857,18.456318,0.44746795,0.03931047,0.0758012
2197,5754,16.363003,0.4459551,0.034616083,0.066878155
2197,1855,27.837696,0.4524285,0.05863071,0.110665955
2198,131,3.2015724,0.53808236,0.0068027973,0.0141978115
2198,6080,8.709717,0.5383758,0.019105867,0.038211435
2199,2582,97.47165,0.5340054,0.19134627,0.37307268
2199,6079,30.826424,0.53823125,0.06340742,0.121275455
2200,4554,18.60716,0.54939765,0.039113067,0.07532613
2200,5060,49.602173,0.54857886,0.15919638,0.31332833
2201,4562,2.0632858,0.549131,0.005890541,0.012400746
2201,4561,2.7440758,0.5480663,0.004603781,0.009923533
2202,3786,14.887148,0.548231,0.031000935,0.06067712
2202,1426,34.919254,0.5538745,0.06761382,0.13285291
2202,4561,12.721987,0.5496657,0.02630712,0.051962465
2203,3579,31.604383,0.51907283,0.078057334,0.14899021
2203,6300,14.18812,0.5227569,0.032803006,0.06412928
2204,2207,33.072872,0.50714535,0.06656519,0.12710817
2204,2206,28.37714,0.50837153,0.058012165,0.11083081
2204,1219,43.726326,0.5026957,0.08641182,0.16897902
2204,4139,33.39456,0.5114053,0.066802144,0.12849885
2205,3741,1.6394196,0.5182908,0.0023586154,0.005046293
2205,6298,9.587242,0.5134442,0.02044797,0.04048519
2205,1892,36.35969,0.5142804,0.072732806,0.14057729
2206,6157,13.495478,0.51082206,0.0295472,0.057381265
2206,4138,37.794846,0.5184934,0.08360172,0.16162588
2206,2204,28.347038,0.50810444,0.05782704,0.11035511
2207,3565,60.673912,0.5023772,0.11767633,0.22938351
2207,2204,32.993515,0.5070178,0.066472724,0.12686634
2207,4059,24.429888,0.50785154,0.051513534,0.09807638
2207,1839,28.747665,0.5026783,0.05911764,0.11242721
2208,674,175.14413,0.6245592,0.32478356,0.6390136
2208,464,2.2523804,0.607936,0.0057062358,0.011716843
2209,6,2.3168907,0.6362201,0.003704682,0.007134363
2209,667,39.741142,0.6425624,0.07503961,0.14616936
2209,5034,29.34365,0.6411174,0.062233973,0.120489545
2210,1324,3.4436226,0.59078354,0.008296244,0.016861469
2210,2211,4.919853,0.59036803,0.007532127,0.015637994
2211,6335,30.576107,0.600045,0.07706478,0.15250643
2212,6383,68.31235,0.5982055,0.099992126,0.19770956
2212,6431,14.650179,0.59793967,0.03318538,0.06472769
2212,408,12.326008,0.59751576,0.027738743,0.05440682
2213,2215,27.99904,0.59702015,0.05038527,0.09600548
2213,2792,19.538818,0.59957397,0.040148493,0.0779339
2214,2248,2.6972504,0.6001092,0.004332997,0.009224772
2214,1114,35.027252,0.5983705,0.06870834,0.13266112
2215,2213,28.36807,0.59604895,0.051711008,0.098754406
2216,3913,239.42137,0.55873674,0.46037874,0.8979016
2216,5589,11.771727,0.57259625,0.02529671,0.049901724
2216,2217,29.162365,0.570729,0.06238839,0.12037432
2217,2388,52.723217,0.56920475,0.10009669,0.19491252
2217,2216,28.890488,0.5707452,0.06213112,0.12003769
2217,1179,128.29099,0.5564669,0.26868737,0.5238122
2218,3670,2.3644753,0.3610341,0.003274016,0.0021097958
2218,3915,2.2680626,0.6686475,0.004026115,0.008417413
2218,2219,54.270115,0.34682927,0.14657444,0.22846964
2219,660,1.8362541,0.6553819,0.0023017377,0.0050421655
2219,3873,99.3804,0.644691,0.18264101,0.36134344
2219,2218,55.921303,0.3826178,0.15075336,0.23326862
2220,3284,195.0441,0.6281419,0.35749137,0.703451
2220,3158,34.38524,0.63832206,0.06810111,0.13171393
2220,4134,112.16648,0.63548076,0.20568234,0.40635952
2221,1947,9.496132,0.5745974,0.019377246,0.03825301
2222,2244,92.31063,0.5690024,0.17484047,0.3432191
2223,6296,19.614733,0.5034376,0.0419194,0.081356056
2224,4163,3.4473763,0.4975823,0.0064552724,0.013022363
2224,2226,13.381767,0.49968773,0.02835787,0.055275917
2224,2323,75.73697,0.48443636,0.15256307,0.29522833
2225,6637,77.51437,0.39414257,0.16365051,0.31522924
2225,2229,33.11164,0.41549104,0.07036946,0.13322231
2225,1208,32.783882,0.41387895,0.069601834,0.13188325
2226,2321,72.75165,0.48793873,0.14390932,0.27843797
2226,2223,33.671066,0.50220764,0.06707637,0.12807274
2227,2228,34.29914,0.40097773,0.06431469,0.12098532
2227,2230,25.740795,0.40455374,0.055728115,0.10515368
2227,2376,31.791601,0.41641083,0.06736871,0.12793857
2228,2227,34.221336,0.3978575,0.064269006,0.12025276
2228,2320,42.24724,0.38248938,0.096140586,0.18592173
2228,2185,39.469997,0.39628762,0.09012181,0.1736369
2229,3609,2.2026176,0.42294568,0.0037307516,0.007552102
2229,2225,32.94756,0.41282207,0.06926556,0.13203311
2229,4677,57.59483,0.42141566,0.11645854,0.22515208
2230,2227,25.766317,0.400832,0.055478938,0.10516309
2231,7039,2.3773232,0.6234859,0.0038472489,0.008111343
2231,1663,24.353436,0.62823033,0.04990571,0.09633932
2231,5099,198.10757,0.6164052,0.39077145,0.7682345
2232,4662,22.880266,0.02246064,0.124421455,0.26406705
2233,5244,10.452,0.040471107,0.046884593,0.09672917
2234,2692,32.67912,0.67172384,0.093039244,0.17672682
2234,4632,13.31245,0.01879412,0.031957977,0.06439569
2235,6199,19.252968,0.044130147,0.08604328,0.17621964
2236,2235,33.979084,0.65771055,0.10582351,0.20135373
2236,5010,33.469437,0.6548913,0.059761707,0.11370941
2237,5163,1.7371902,0.65262276,0.0045543015,0.009955049
2237,5165,11.419659,0.6562538,0.02651117,0.052202165
2237,3945,3.1971245,0.6538454,0.007861778,0.016166195
2238,578,2.841877,0.4675456,0.004949838,0.009966925
2238,578,101.832535,0.46235994,0.22598413,0.43593723
2238,1511,25.824127,0.46847135,0.05808678,0.1103626
2238,1837,134.07806,0.45800453,0.27422297,0.528917
2239,1328,30.949963,0.53481275,0.062330842,0.11928706
2239,5456,4.051754,0.5357635,0.0075001493,0.014970869
2240,1395,17.198528,0.5413317,0.03742932,0.07320325
2240,5450,1.2449074,0.5382976,0.0023564845,0.005328521
2241,5451,1.353653,0.53949326,0.002918169,0.006168902
2241,5454,6.3741493,0.54041696,0.014226623,0.028766856
2242,2733,53.11577,0.5479454,0.10251823,0.2006997
2242,2886,8.187641,0.54171836,0.018040694,0.03588611
2243,4380,10.411459,0.5634612,0.021660231,0.04258485
2243,5381,21.502804,0.5660563,0.046727136,0.090204254
2244,2222,91.78315,0.5683917,0.1759081,0.3447827
2244,2748,43.56241,0.5766558,0.08370674,0.1627901
2244,3231,117.83243,0.57149434,0.22242829,0.43626702
2245,6399,1.6501274,0.5822749,0.00376904,0.007960588
2246,2429,1.9026871,0.5335428,0.007985905,0.016394109
2247,1166,21.677206,0.5339952,0.060201816,0.116763905
2247,4029,54.48918,0.5333604,0.08402346,0.16265465
2248,2214,2.6615295,0.59881556,0.004274532,0.009101361
2248,2249,7.0759506,0.60222965,0.012908712,0.025553986
2248,2609,242.52557,0.58993447,0.45790815,0.8957596
2249,1115,7.800934,0.6002326,0.015029021,0.030143261
2249,1115,5.7767334,0.60037404,0.010791719,0.021883532
2249,2248,6.702545,0.6027208,0.011982933,0.0241241
2250,5388,2.272194,0.5504544,0.0041568875,0.009052783
2251,552,1.6755981,0.54116964,0.0031831264,0.007274419
2251,3206,62.57003,0.5386312,0.13136543,0.25602102
2251,551,36.945248,0.5426125,0.07769647,0.15064229
2252,2253,36.378387,0.54140455,0.07147859,0.13772714
2252,5095,103.89401,0.5399377,0.20075159,0.39116275
2252,2254,122.36153,0.5409572,0.23647046,0.46116012
2253,1130,1.85812,0.5417495,0.0029457435,0.006600365
2253,1133,146.79704,0.5378208,0.31523302,0.6114863
2253,2252,36.137634,0.54126626,0.07123535,0.13737155
2254,2252,123.64327,0.5399306,0.23726568,0.46333635
2254,5283,74.705414,0.5413693,0.19858672,0.38619295
2255,2256,72.55644,0.5502991,0.1399081,0.27414498
2255,1131,113.6053,0.54525733,0.21650867,0.4219119
2255,1130,117.641235,0.5438518,0.22526553,0.43964148
2256,1127,80.329666,0.5500623,0.1561617,0.30546516
2256,1126,169.01385,0.5424494,0.32711828,0.6375002
2256,3016,114.90721,0.5501424,0.2199128,0.42992687
2256,2255,72.094604,0.55016756,0.14016901,0.27452448
2257,1128,50.884705,0.5488881,0.0989175,0.19371898
2257,3055,14.208469,0.5459947,0.030548811,0.05966831
2257,2258,17.163204,0.54870194,0.037080556,0.07205553
2258,4747,1.9303398,0.54929477,0.0037932917,0.008490279
2258,2257,17.64512,0.5487855,0.03814039,0.07403621
2258,1129,40.35813,0.5460691,0.085760295,0.16463473
2259,2525,33.658875,0.5546955,0.08286467,0.16176727
2260,2261,6.355461,0.5559121,0.012645237,0.025614306
2260,2262,1.7940636,0.5549279,0.0024741143,0.0055330545
2260,1170,71.13136,0.5545443,0.13191138,0.260396
2261,1171,145.3989,0.54386973,0.27699402,0.54037833
2261,2262,7.4272003,0.55526423,0.015180826,0.030156612
2262,2260,1.747715,0.5557669,0.0025836378,0.0058820248
2262,1170,136.94176,0.55139756,0.26032224,0.5094942
2263,3015,68.513374,0.5888326,0.13081054,0.2577109
2263,2593,35.44253,0.5910388,0.07375883,0.14468502
2263,5574,44.97476,0.59031737,0.09153179,0.17894603
2264,79,10.716698,0.52161473,0.028407514,0.05564508
2265,18,4.316246,0.52142864,0.0111884475,0.022400886
2265,6386,48.8757,0.5168501,0.09774251,0.19080284
2266,3338,255.52132,0.5237007,0.50475454,0.9824222
2266,6021,23.043282,0.51765966,0.06519602,0.1261974
2267,2973,47.36619,0.5742594,0.09134309,0.17894143
2267,5699,74.36903,0.5666397,0.14084417,0.27681035
2267,4068,71.93517,0.5709732,0.13575487,0.26506886
2267,2972,28.012657,0.5726267,0.055910047,0.10674641
2268,2972,58.927715,0.5733006,0.11344087,0.22188641
2269,4377,1.5655518,0.5674959,0.0021265969,0.0052364618
2269,5703,154.37405,0.55787265,0.29321542,0.5703987
2269,4376,137.41652,0.5605342,0.28539458,0.55508995
2270,3169,219.84457,0.55276126,0.41989493,0.82010424
2270,1942,51.87404,0.56350166,0.099037156,0.19273531
2270,5700,111.441414,0.56157976,0.21094449,0.4129659
2271,1469,47.95642,0.50918746,0.15516722,0.30207485
2272,3991,0.0025863647,0.51242334,0.0048557073,0.009794727
2273,2272,1.1338348,0.5133687,0.003186576,0.006644666
2273,2271,2.6203728,0.5133277,0.009997971,0.019987166
2274,3830,2.5765686,0.30396962,0.0023092553,0.0043545216
2274,3829,15.927134,0.30045694,0.037368774,0.07123191
2275,2412,94.416855,0.61007214,0.17667162,0.34712437
2275,705,49.80692,0.6049461,0.09506621,0.18578437
2275,704,98.85911,0.60687745,0.18385826,0.36105227
2276,6329,44.902187,0.611328,0.09205452,0.18021002
2276,705,110.180756,0.6040234,0.22400081,0.44004476
2276,1372,54.109787,0.611832,0.10270314,0.20172358
2277,108,3.7790718,0.5252941,0.009572156,0.019506767
2277,4435,33.6193,0.5246484,0.083147585,0.16035275
2278,256,14.907484,0.3479112,0.040669687,0.0786877
2279,631,92.1404,0.4345228,0.189919,0.36552298
2279,1311,24.285349,0.44376796,0.0550875,0.10463488
2279,6266,4.6968307,0.43775144,0.010181814,0.020078063
2280,520,51.496063,0.40920797,0.10765009,0.20663156
2280,1231,35.493534,0.40394658,0.074560195,0.1415897
2280,519,40.980865,0.41902938,0.08342885,0.15939349
2281,2279,2.0724297,0.44034117,0.0044700727,0.008856446
2282,6267,1.7401657,0.43740484,0.0034562945,0.0069839805
2282,1231,43.443527,0.41825742,0.09636356,0.18587652
2283,3697,43.5657,0.33118427,0.09541676,0.18157312
2283,1233,23.196577,0.3148262,0.05415138,0.102129154
2283,370,23.488136,0.33580062,0.054666623,0.103191674
2284,4038,16.722122,0.32966152,0.042618122,0.081801996
2285,370,22.220161,0.34853643,0.051415455,0.09696977
2285,7060,21.719135,0.353986,0.050962355,0.096046045
2286,2832,26.045908,0.29940942,0.06239553,0.1181145
2286,1673,6.947174,0.2934127,0.015203789,0.028945446
2287,2626,1.8853455,0.5196759,0.0026732013,0.0058686584
2287,3422,86.53107,0.51749766,0.16945902,0.33012262
2287,3703,50.26983,0.5298247,0.12651432,0.24770066
2288,7032,129.43924,0.47203583,0.26040232,0.50250405
2289,2290,10.562763,0.5026307,0.021692283,0.042677283
2289,3259,33.11582,0.49500343,0.066644534,0.1277011
2289,1851,214.6257,0.4902953,0.42981404,0.8349427
2289,2517,7.8544083,0.49792004,0.015952528,0.031694412
2290,2289,10.541235,0.50186086,0.022462644,0.044228226
2291,2774,3.6805916,0.609719,0.006108664,0.012641266
2291,3588,40.766132,0.60671663,0.07909404,0.15467256
2292,6908,2.1344528,0.6072365,0.0033957288,0.0070994496
2292,3597,37.40253,0.61083174,0.079864055,0.15614443
2293,2294,4.726803,0.6030185,0.009485133,0.0191288
2293,6501,40.002693,0.6020097,0.08356969,0.16179872
2294,2297,2.7291603,0.61064094,0.0050999224,0.0108908415
2295,2293,5.7273407,0.60823506,0.011771336,0.024042666
2296,2292,2.6359367,0.6038353,0.0045347884,0.010052159
2297,909,5.127842,0.60385793,0.009717271,0.019684032
2297,2296,4.074753,0.6049378,0.008114643,0.01656209
2298,406,2.0817757,0.59850764,0.0028138533,0.0064080656
2298,2313,31.700176,0.6011291,0.06468976,0.12418082
2299,1856,62.086517,0.467242,0.123436205,0.23856738
2300,2340,120.24269,0.36284283,0.2614949,0.5025277
2300,1234,67.55946,0.3034203,0.1511761,0.29317486
2300,1267,71.34822,0.32662374,0.15851577,0.30601424
2301,1926,1.7081871,0.5109285,0.0029437393,0.0063116103
2302,3538,1.6384621,0.49372485,0.002197571,0.004580766
2302,1258,26.611374,0.48869652,0.055435896,0.10544767
2302,1036,49.46318,0.503301,0.10679603,0.2071912
2303,3537,1.3973656,0.46717602,0.004059799,0.008551165
2303,1037,68.06064,0.473158,0.15316363,0.29501167
2304,2305,32.6313,0.5127896,0.06571685,0.12609673
2304,3664,25.18304,0.5086479,0.052993387,0.10102058
2304,3435,30.150566,0.5071203,0.06212745,0.11810722
2305,1279,60.87066,0.5107825,0.11869112,0.231383
2305,2304,32.724575,0.5135098,0.06586717,0.12635212
2305,1217,25.904417,0.5110666,0.053820062,0.10258077
2306,109,11.182093,0.5251899,0.026670307,0.052402243
2306,6419,7.93293,0.522777,0.019642562,0.038716868
2307,2308,11.530966,0.432759,0.0243669,0.047022954
2307,5612,23.562065,0.41978925,0.051809058,0.0975485
2308,6834,1.9687653,0.43272713,0.0028360412,0.0056646764
2308,1625,9.73489,0.4322362,0.020023473,0.038955927
2309,3803,1.3526573,0.5186316,0.0026668236,0.006038055
2309,1621,21.115116,0.5210866,0.04625773,0.08860066
2310,1892,30.66618,0.5115815,0.062100016,0.11890934
2310,3566,33.079506,0.5103053,0.06715587,0.12772354
2310,5245,32.81476,0.51388687,0.06609372,0.12599578
2311,6794,2.5528908,0.6121046,0.0047471523,0.010035276
2311,3381,1.6019402,0.6087578,0.0020202324,0.0049468875
2311,6711,162.0367,0.60539716,0.3051726,0.60187954
2312,381,15.199455,0.5991074,0.031354304,0.061322235
2312,407,1.9599648,0.5950319,0.0032660142,0.0073587
2313,382,5.044117,0.59704286,0.009516932,0.019101694
2313,2298,31.564693,0.60204744,0.064520985,0.1238164
2314,680,47.265594,0.5944966,0.097473726,0.18884003
2315,252,1.9013062,0.44665638,0.004081048,0.008315504
2315,4868,9.279835,0.45161363,0.012208611,0.024004713
2316,2318,6.5589256,0.34158602,0.014970005,0.028624654
2316,370,9.106583,0.3433478,0.020524956,0.03919725
2316,1673,46.961742,0.3183372,0.101605296,0.19308461
2316,1676,29.829931,0.35763544,0.06414241,0.12075186
2317,2318,2.213749,0.34260055,0.0052519217,0.009917647
2317,2319,1.9444275,0.34256905,0.0045381337,0.008559823
2317,627,29.037716,0.36334345,0.07486586,0.14410846
2318,2316,6.656208,0.34261772,0.015244424,0.029017463
2318,2317,2.2959557,0.343184,0.005421199,0.010369584
2318,1669,34.81703,0.36180845,0.0753497,0.14117844
2319,2317,1.9825172,0.34356084,0.0045083463,0.008572042
2319,7027,16.17764,0.3352298,0.040164683,0.07675213
2320,2228,42.876266,0.38059425,0.095635824,0.18271622
2321,2323,32.157936,0.47770995,0.06597959,0.12532865
2321,1255,32.165977,0.4872253,0.06646779,0.12652868
2321,2226,72.13203,0.486796,0.14338747,0.27748764
2322,1441,44.660465,0.46366498,0.08808813,0.17138733
2322,1442,34.41387,0.46160585,0.06963867,0.13308859
2322,7033,22.886711,0.47087288,0.048919775,0.09310266
2323,1211,22.495441,0.46841776,0.048148677,0.09161798
2323,2321,32.312088,0.47718453,0.066183716,0.12555066
2323,2224,76.01865,0.48271644,0.15205312,0.2939431
2324,3578,10.811634,0.5170153,0.025487155,0.05044192
2324,4059,1.6293945,0.5116396,0.0020338967,0.0043448657
2325,3330,10.59012,0.36103207,0.02318009,0.041932374
2326,1119,56.251442,0.56945795,0.14862001,0.2903785
2326,2077,115.36451,0.57149005,0.21862048,0.42919642
2327,2884,13.35655,0.5749113,0.027521536,0.053854182
2327,5521,40.986313,0.5782393,0.12536125,0.24418902
2328,3726,41.92365,0.45918143,0.08388146,0.16242032
2328,1854,47.585697,0.46100658,0.09605855,0.18610118
2328,3725,64.18378,0.4616782,0.1276767,0.24774647
2329,3728,16.363745,0.46142662,0.024089545,0.04711394
2329,5750,6.3214912,0.44982907,0.012702279,0.024714425
2329,1857,60.387386,0.44789284,0.12193045,0.23661093
2330,3726,1.8010025,0.45666668,0.0027681515,0.005461395
2330,16,13.601824,0.45721045,0.029695332,0.05745565
2331,11,1.6415253,0.43812162,0.0026498511,0.0055983365
2331,2920,49.053123,0.43388832,0.12504745,0.2430968
2332,2561,45.065384,0.4080237,0.09070936,0.17321157
2333,2013,92.1658,0.39563763,0.19303033,0.37178123
2333,1235,38.716846,0.37291077,0.08216974,0.15578417
2333,1267,80.966064,0.36138207,0.17582278,0.33847374
2333,6476,91.61247,0.39692983,0.19357872,0.37160626
2334,5794,1.5580559,0.44825763,0.0049153045,0.009893268
2334,3511,31.253677,0.4441616,0.06597602,0.12486
2334,5399,56.00236,0.44611964,0.11457169,0.22283775
2335,892,92.042755,0.56153053,0.17617562,0.3450536
2335,893,74.87515,0.5535578,0.14449924,0.28339273
2335,2191,138.24258,0.55426604,0.2637755,0.5149597
2336,60,39.349747,0.6072233,0.08483598,0.1635539
2337,2053,67.631096,0.4278692,0.1368885,0.26331642
2338,5391,5.826042,0.55749243,0.014773212,0.029026747
2338,4818,27.773655,0.5533398,0.05177028,0.09978228
2339,2008,20.9317,0.41188633,0.045840118,0.08744238
2339,2921,3.6625137,0.4145347,0.007204272,0.014395386
2339,2006,42.99966,0.41811132,0.087497585,0.16848803
2339,2553,62.423233,0.4079938,0.12872943,0.25050998
2340,2008,56.331757,0.40173724,0.11515359,0.22151963
2340,5557,31.783361,0.39812228,0.06783907,0.12770185
2340,2300,120.058426,0.3644563,0.26080212,0.50141263
2341,1208,24.596521,0.421515,0.054317363,0.10224663
2341,536,137.24216,0.38579887,0.29521573,0.56675977
2341,2342,43.08361,0.4308867,0.08740336,0.1683803
2342,1517,126.31441,0.44049132,0.2599527,0.5006671
2342,1837,72.920494,0.44594556,0.14738318,0.2839722
2342,2341,43.8457,0.435238,0.0884665,0.17102319
2343,1518,8.740128,0.46347043,0.017815508,0.034934327
2344,580,3.4243736,0.48041904,0.0061711445,0.012569055
2344,583,13.217051,0.47816637,0.02886045,0.05583054
2344,537,56.58042,0.48651075,0.12377417,0.24042599
2345,1254,40.24041,0.4928539,0.07989494,0.15496458
2346,1201,63.844833,0.5137546,0.123967946,0.24179903
2346,1515,23.6859,0.5095222,0.049962696,0.09547174
2346,2356,15.863098,0.51230955,0.033192806,0.06440537
2347,1514,2.3621635,0.49874735,0.0042500645,0.008818015
2348,2402,136.73782,0.47992042,0.274191,0.5303572
2348,2349,7.950676,0.48316985,0.016116992,0.031870276
2348,1553,231.79555,0.48570958,0.46526158,0.9027635
2349,2348,8.088493,0.4841335,0.016283356,0.0320013
2349,1506,73.94954,0.47396484,0.16209577,0.3125137
2349,5264,122.58028,0.48593754,0.26596344,0.5137947
2350,1572,100.06033,0.49749205,0.19254851,0.3732453
2350,5265,61.397095,0.4975849,0.13559356,0.2639619
2351,2241,11.1180725,0.53853226,0.02458781,0.04864712
2351,6418,36.698654,0.53629637,0.077271245,0.15012763
2352,5056,12.707069,0.50747484,0.029232722,0.057459995
2353,3355,2.035038,0.52600425,0.002975531,0.0065429807
2353,6774,6.7257385,0.5261884,0.01183828,0.024110556
2354,5988,32.802544,0.52814823,0.07107791,0.13634187
2354,1199,3.6087227,0.5262992,0.0077553242,0.015869856
2355,4924,2.2889977,0.5200437,0.0042342395,0.008235246
2355,2358,19.67385,0.51849157,0.041608997,0.08032248
2356,2357,62.9544,0.51396495,0.12261448,0.23933756
2356,2346,15.811682,0.51253706,0.03307384,0.06412769
2356,1277,18.777767,0.5127293,0.0394584,0.0762657
2357,1199,63.004814,0.5226997,0.12206665,0.23835374
2357,2356,62.969036,0.5131698,0.12250145,0.23904881
2357,1201,10.570007,0.5202427,0.021607272,0.042455018
2358,1201,28.728096,0.51715803,0.0587543,0.11209245
2358,2355,19.664007,0.5186874,0.041344255,0.0800003
2358,4949,9.8669815,0.5180513,0.020061783,0.039656013
2359,2365,3.1575394,0.5271036,0.0068714693,0.013998568
2360,4420,22.885963,0.5220045,0.050854653,0.09731583
2360,6946,4.6989784,0.5222047,0.010157384,0.020150632
2360,6845,43.506664,0.5230136,0.09191336,0.17867312
2361,6946,6.382805,0.52162606,0.01380033,0.027405798
2361,2360,5.4733925,0.5218123,0.011977829,0.024003342
2362,2361,1.5615692,0.5225301,0.002955459,0.006432146
2363,6943,4.2675858,0.521729,0.009050123,0.017987445
2363,93,57.56831,0.5138062,0.121988766,0.23840934
2364,2363,2.823513,0.5213842,0.0058932453,0.012043193
2365,3621,59.773605,0.5321909,0.12668216,0.24799085
2365,1325,3.4333267,0.5279048,0.0072405636,0.014261767
2366,881,5.1759987,0.5276198,0.012557894,0.025491044
2367,6342,2.7500343,0.5627276,0.0044672936,0.009633839
2367,6622,1.4520988,0.56664157,0.0020162016,0.004902467
2368,2367,40.31736,0.5647187,0.069644496,0.1337513
2368,6411,12.661213,0.56006616,0.02485837,0.049754113
2369,1058,37.8409,0.5653668,0.06498952,0.12297682
2369,1687,49.56018,0.56616694,0.079350606,0.15126932
2369,6411,10.04142,0.55637854,0.02420345,0.047322035
2370,1356,29.47614,0.5131455,0.06031214,0.11561678
2370,6203,38.87352,0.51587284,0.103101745,0.20036037
2371,1354,27.8597,0.51310307,0.057127863,0.10916785
2371,1355,53.1944,0.5168618,0.10299675,0.20074792
2371,1356,80.4765,0.51852775,0.15634462,0.3043267
2372,4463,1.5849113,0.58927876,0.0021502152,0.005084619
2372,347,61.168842,0.59958965,0.12907341,0.25329465
2373,6572,2.6509857,0.59709245,0.0021024644,0.005166024
2373,3889,9.911015,0.6002888,0.020779297,0.04110095
2374,2375,29.89494,0.50123537,0.06263336,0.118635416
2374,1508,212.4023,0.47985387,0.4270549,0.8264788
2375,1507,120.83706,0.50969183,0.23555678,0.45720518
2375,2374,27.730625,0.5019915,0.058842957,0.11233324
2376,2227,31.643679,0.41249835,0.06707266,0.12691441
2376,2185,67.81334,0.4182457,0.07653902,0.1428858
2376,1257,9.220833,0.42302644,0.01620835,0.032191887
2377,5053,3.2708282,0.60371214,0.0053409636,0.011404738
2378,411,20.499084,0.6000272,0.042713236,0.08245151
2379,2377,35.271503,0.6064569,0.07009911,0.13617755
2379,777,18.417185,0.60632706,0.03780907,0.073866084
2380,3470,73.373215,0.5890954,0.18779694,0.36987862
2381,5685,2.566185,0.5788644,0.0067472532,0.013852194
2381,5686,15.79409,0.5777669,0.029966917,0.058623195
2382,1025,10.886539,0.57800716,0.020209208,0.040366486
2382,3385,8.317913,0.5753997,0.01984752,0.03936103
2383,893,12.113312,0.54999316,0.026242651,0.05146818
2383,677,168.28644,0.53927356,0.3549413,0.68912446
2383,1171,98.50678,0.55026114,0.18784478,0.36715895
2384,2994,5.2876816,0.5346318,0.009953596,0.020183697
2384,118,6.7171135,0.5344235,0.012988083,0.026196554
2384,2607,56.568058,0.5375155,0.114751816,0.2245619
2385,2876,187.84517,0.5422518,0.36054116,0.70215166
2385,1178,77.17185,0.5526894,0.16257647,0.31738806
2385,1177,134.37074,0.5426514,0.28246084,0.5497949
2386,1183,65.87974,0.5545636,0.1264216,0.24761365
2386,1172,43.98644,0.55756366,0.08454674,0.16426757
2386,2387,56.55082,0.55488783,0.10922384,0.21415977
2387,2386,56.368877,0.55587435,0.10888889,0.2137445
2387,1172,27.583954,0.55507994,0.059350353,0.114035584
2387,2183,128.39822,0.55719656,0.26787573,0.52267975
2388,6446,1.6416245,0.5674922,0.00245139,0.0054507703
2388,2217,52.267708,0.570044,0.10004714,0.19467898
2388,6445,19.841831,0.56937516,0.043179367,0.083912075
2389,3912,1.7944374,0.57388395,0.0033373833,0.0068005472
2389,4536,46.4556,0.5740781,0.09535369,0.1853567
2390,2998,85.147964,0.4551759,0.17218423,0.3320809
2390,4915,74.238716,0.4453183,0.15066814,0.29082692
2390,2007,40.60112,0.45106107,0.081483364,0.15667784
2391,3688,87.73586,0.469933,0.17697501,0.34170103
2391,2392,53.79803,0.46344608,0.10770268,0.20913678
2391,574,30.330578,0.46529034,0.063051075,0.11980751
2392,6177,3.5710526,0.4573993,0.007386014,0.014770642
2392,2391,53.564438,0.4627802,0.10687068,0.20708911
2392,4670,3.7648926,0.4583751,0.009715468,0.019256115
2393,4794,83.70921,0.6437174,0.15195918,0.3018458
2393,1963,306.76202,0.61136395,0.56989884,1.1167756
2393,513,94.01786,0.6632626,0.1721073,0.34206012
2394,796,22.436205,0.53712696,0.04086688,0.07764674
2394,2067,73.871574,0.53780395,0.106974415,0.20792007
2395,2746,143.8805,0.56678987,0.27107093,0.5317472
2395,697,30.56528,0.579223,0.061142772,0.116368465
2395,3231,117.00216,0.5717672,0.22073188,0.43261743
2396,2015,208.67361,0.46127057,0.42604193,0.82244146
2397,4666,88.23952,0.36216474,0.18842372,0.36249018
2398,2115,1.4856758,0.5015571,0.0018780604,0.0039793104
2398,4828,9.550999,0.50574976,0.022528216,0.044549584
2399,2057,1.4368858,0.60697836,0.0030934587,0.0065241456
2399,3478,50.24235,0.60551214,0.10611795,0.20661607
2400,2143,81.55983,0.5788408,0.1534255,0.3011135
2400,2401,112.44564,0.5756681,0.21207048,0.4151495
2400,3433,33.258007,0.5805233,0.06538118,0.12610438
2401,4527,1.5732422,0.5845367,0.0021424815,0.005222276
2401,2400,112.970276,0.5772549,0.21124166,0.4139889
2401,3070,12.0539055,0.58189124,0.02614975,0.051327273
2402,5806,1.6238785,0.4739858,0.0022614226,0.0046357512
2402,2348,137.05057,0.4810635,0.27634618,0.53458077
2402,534,72.64718,0.47098663,0.19598109,0.3793999
2403,1500,36.722378,0.5090236,0.0784079,0.15195002
2403,3608,89.54639,0.5157556,0.19443485,0.37603152
2404,3589,4.2996826,0.50605345,0.008979835,0.018372908
2405,2420,107.443886,0.49594253,0.21400222,0.4135497
2405,3589,61.023792,0.49794534,0.12168157,0.23666483
2405,6981,75.89093,0.49809033,0.1496955,0.2907099
2406,6689,0.9665108,0.49094483,0.0030072704,0.0066122115
2406,7015,12.82675,0.48508963,0.029802922,0.058271
2407,2408,38.686882,0.48597303,0.0939159,0.18149719
2407,2406,1.477005,0.4842774,0.004606724,0.009269536
2409,2408,1.6983795,0.47742233,0.025542766,0.050026968
2409,2406,33.383396,0.49093112,0.08346935,0.15899727
2410,641,83.01485,0.5639977,0.15787187,0.31027243
2410,4337,19.629297,0.5711966,0.047811005,0.093888685
2411,2167,5.386902,0.3092003,0.010976672,0.01894927
2411,2168,3.4974022,0.59269774,0.008829117,0.017145842
2412,2275,94.65372,0.6071142,0.17576277,0.34616286
2412,704,27.43486,0.6165182,0.06554428,0.12801652
2413,2424,17.472775,0.47596267,0.040912252,0.078948684
2413,2415,102.61116,0.47325516,0.2063137,0.39891642
2414,3973,1.57267,0.476814,0.002014801,0.0042122006
2414,2420,113.98167,0.48278272,0.2288222,0.44218856
2414,572,56.004997,0.47730345,0.14486638,0.28082395
2415,2420,115.11464,0.48748675,0.23015055,0.44502926
2415,2421,36.89155,0.4878659,0.07408642,0.1423931
2415,2413,102.11615,0.4763902,0.20552653,0.3968839
2416,6879,11.5343895,0.5711644,0.024840824,0.04895121
2416,3950,15.788536,0.5705432,0.021514364,0.04269512
2417,2016,41.423424,0.45360988,0.08720768,0.16828407
2417,2051,30.920837,0.44843152,0.06899127,0.12976906
2417,2418,41.672424,0.4451932,0.08437385,0.16301039
2418,2422,50.834785,0.45319617,0.1037142,0.20117629
2418,2016,60.35549,0.45213312,0.121436425,0.235838
2418,2419,79.6693,0.4564078,0.1614871,0.3114215
2418,2417,41.56303,0.44910732,0.084512256,0.1640518
2419,2418,80.29181,0.4587757,0.16130252,0.3111297
2420,2414,114.09665,0.47931707,0.22869527,0.44237763
2420,2405,107.451965,0.4946041,0.21443112,0.4150135
2420,2415,115.14494,0.48596632,0.23014876,0.44513774
2421,533,124.700386,0.48445618,0.27289072,0.52732366
2421,2415,37.08847,0.48748922,0.07429245,0.14264743
2421,6979,44.580303,0.49074847,0.09626103,0.1870421
2422,2418,51.63359,0.45242706,0.10401406,0.20128348
2422,6177,33.187164,0.4550081,0.07379675,0.14131114
2422,2051,44.154335,0.44725847,0.0981442,0.19029385
2423,5025,2.7093544,0.34677577,0.0060656965,0.0118955225
2423,2052,28.00587,0.10550326,0.07846336,0.15192664
2423,3554,61.211906,0.33016884,0.13682783,0.26766932
2424,3687,1.734375,0.4740948,0.0024609268,0.005135536
2424,2426,27.98262,0.48120865,0.06831641,0.13007689
2425,573,124.62248,0.46379796,0.25255108,0.4873097
2425,3815,5.3828125,0.47619873,0.010694258,0.021440893
2425,3625,105.863235,0.46994948,0.21312544,0.41086575
2426,3688,2.0954094,0.47751564,0.0033539534,0.0069740117
2426,4842,33.97893,0.4794701,0.08624934,0.16557239
2427,3686,10.57959,0.4706745,0.022158176,0.04333362
2427,2428,33.139526,0.4729307,0.06774455,0.12895775
2427,2019,36.647938,0.46924752,0.07382969,0.14111924
2428,3625,4.6618996,0.47340065,0.008911863,0.017819554
2428,573,34.245174,0.46788144,0.06978187,0.133239
2428,2427,33.187824,0.4723945,0.06782773,0.12890291
2429,2247,5.1165886,0.53443813,0.015435778,0.030801713
2429,2708,1.9015541,0.53131974,0.002817303,0.005964756
2430,2467,13.857697,0.36830717,0.030093737,0.057681747
2430,2035,60.277813,0.38728735,0.1246191,0.24160133
2430,3984,63.168118,0.3468035,0.13484187,0.26286912
2431,2432,32.61733,0.35241696,0.070121884,0.13320926
2432,2025,76.11824,0.3267035,0.16931395,0.32858688
2432,527,29.182856,0.3485183,0.06463798,0.121250495
2432,2431,32.85134,0.35391617,0.070539735,0.13304797
2432,2433,58.381336,0.31942272,0.12667269,0.24736679
2433,2037,2.1150818,0.29750317,0.005491145,0.010222524
2433,2432,56.89576,0.3196478,0.12839882,0.2502933
2433,4953,29.604519,0.11859143,0.08111216,0.1569231
2434,3893,3.7834969,0.58012164,0.01255843,0.0251244
2435,2436,33.503353,0.58238757,0.086755045,0.16763204
2435,2434,66.0317,0.5773571,0.2142081,0.4194075
2436,4513,0.6749649,0.57631093,0.0031038076,0.007119179
2436,1194,1.9968681,0.5815638,0.003958963,0.008689135
2437,4511,46.44032,0.5815671,0.11783313,0.23020002
2437,3519,70.87301,0.5758781,0.21392024,0.4194334
2438,3519,35.857357,0.58430135,0.09159878,0.17625321
2438,2436,5.127903,0.5810023,0.010998003,0.022358403
2439,5850,1.761631,0.5749067,0.005209133,0.010673612
2439,6481,73.50945,0.5726203,0.2183426,0.42800903
2440,4018,1.0929031,0.5710059,0.004021473,0.008619219
2440,2441,78.64688,0.5698271,0.23723942,0.46467894
2441,2442,0.55459595,0.5679238,0.0023841932,0.005485475
2441,3145,85.949875,0.56709075,0.28792763,0.5648746
2442,2441,0.43475723,0.57232916,0.0019427761,0.00454396
2442,6988,116.042465,0.5708211,0.2167969,0.424549
2443,3795,2.2557106,0.6524943,0.002191089,0.0050286204
2443,6809,19.34914,0.6506468,0.045365717,0.08820661
2444,3125,1.7328148,0.61495537,0.002808243,0.0062178373
2444,1630,1.2801895,0.40127274,0.00051394105,0.0
2444,6820,0.8155632,0.31351346,9.663403e-06,0.0
2445,419,7.3416176,0.5697525,0.01775013,0.0353314
2445,1059,19.308735,0.5677965,0.03808653,0.07351505
2446,4284,3.6326332,0.58235013,0.0069082305,0.015377447
2446,2803,2.4115715,0.57002544,0.0075785294,0.016014457
2447,3230,41.09218,0.5717585,0.076110326,0.14880203
2447,3488,81.94893,0.56943387,0.15529984,0.30239514
2447,3282,105.487236,0.5696502,0.1990487,0.3902747
2448,2449,1.9399948,0.6393802,0.00464987,0.008765042
2448,6303,20.9263,0.035790592,0.09179671,0.19006208
2449,2448,1.5579262,0.6390558,0.0033777207,0.0065938383
2449,6170,46.947544,0.64128125,0.09261877,0.1820749
2449,4293,35.345478,0.64433295,0.07101911,0.13886383
2450,5157,33.04653,0.57185084,0.066285275,0.12753344
2450,3477,9.620201,0.5674224,0.019687176,0.038769662
2451,2967,2.5127068,0.5510931,0.004160188,0.008802637
2451,6262,2.5987434,0.5518646,0.003444396,0.0076584667
2451,2453,33.57683,0.5593981,0.0879214,0.16869658
2451,2452,28.37696,0.5388671,0.07160572,0.13949907
2452,4148,34.79008,0.5070511,0.11409412,0.22319649
2453,5597,10.368755,0.5762386,0.027113177,0.053426623
2454,2047,82.31466,0.43856484,0.16950908,0.32575032
2454,2456,49.68836,0.45810568,0.100038804,0.19411911
2454,2455,37.998726,0.45612007,0.076991186,0.14716804
2455,2454,38.23707,0.45699242,0.076777704,0.14689942
2455,2032,28.15546,0.45865965,0.05863957,0.11106773
2455,2456,20.146236,0.4577203,0.04312861,0.08267576
2456,2454,50.09623,0.4588585,0.09999403,0.19399528
2456,3720,43.646084,0.46342868,0.08637583,0.16727693
2456,2455,20.039532,0.4582221,0.042896155,0.08221176
2457,3982,53.08313,0.36855787,0.11146715,0.21668828
2457,2023,22.751436,0.38666445,0.050185043,0.09499903
2458,2047,72.335976,0.41109622,0.1497738,0.2877856
2459,287,2.327076,0.6483788,0.0033839121,0.00703083
2459,474,29.351404,0.65200603,0.0700173,0.13738106
2460,1440,100.40304,0.51967853,0.19570741,0.37984174
2460,4810,4.964428,0.5469221,0.009224594,0.01854764
2461,1470,33.609474,0.5628636,0.07145879,0.13932568
2461,6788,67.9873,0.5554006,0.14249118,0.27835545
2461,3050,26.642006,0.56245834,0.05710607,0.1087556
2462,1468,84.12293,0.5175043,0.16664207,0.32437536
2462,1718,56.70432,0.51237285,0.18663257,0.36268598
2463,1019,25.03002,0.55641204,0.053769916,0.10314471
2464,679,15.84034,0.5686485,0.033020236,0.06467737
2464,2465,23.04086,0.5663465,0.04530584,0.086646296
2465,2464,23.80915,0.5698883,0.04552554,0.086631194
2465,679,9.3506775,0.57132536,0.02198828,0.043361932
2466,474,2.1596947,0.6462225,0.003452815,0.007678449
2466,287,29.25108,0.6547724,0.07013421,0.13774838
2467,5071,2.540245,0.3632977,0.0051861405,0.010167718
2467,2050,40.12835,0.1289736,0.11875535,0.24603036
2467,2430,13.398483,0.36079502,0.029198572,0.056070305
2468,3979,1.8830338,0.3229612,0.0040991083,0.00768286
2468,3984,12.715994,0.32794064,0.028886907,0.05501458
2469,1889,1.3414459,0.0043055415,0.00936389,0.016909987
2470,290,2.171341,0.6505156,0.0030267388,0.0067735016
2470,2459,17.34179,0.65390474,0.03993125,0.077704005
2471,6006,1.7392082,0.45264018,0.0024868622,0.0051054657
2471,3773,126.12619,0.46841675,0.25409493,0.49103105
2471,2029,26.376415,0.45393765,0.06045162,0.1146804
2472,6635,30.91098,0.4970102,0.06366679,0.12145835
2472,800,147.31808,0.5063769,0.29178223,0.5651667
2472,4058,88.6095,0.5058483,0.17335457,0.33551136
2473,3908,2.1098976,0.44737163,0.0033140928,0.0066841096
2473,5783,2.2133904,0.44763792,0.0036614612,0.0074088573
2474,175,8.7385025,0.5676625,0.020579405,0.040665418
2474,2521,6.104702,0.5601993,0.014722049,0.02951181
2475,2476,1.1195107,0.5324051,0.0038682818,0.008446857
2475,766,83.14647,0.532342,0.2756024,0.5344669
2476,2475,0.6436806,0.5305418,0.0030252412,0.0070665926
2477,769,43.9983,0.3672945,0.1014045,0.19381686
2478,2477,2.4823303,0.382107,0.0071011484,0.013801426
2478,1153,49.90021,0.36609533,0.10710537,0.20346625
2479,1991,1.3771667,0.47286418,0.0044958517,0.009461045
2479,6729,31.469925,0.4670641,0.06608484,0.12480585
2480,3200,1.2737732,0.5627889,0.0025513023,0.0054278374
2480,1431,41.341095,0.567586,0.111649275,0.2178697
2481,2482,2.68816,0.3684972,0.0040487945,0.008068502
2481,1908,72.42067,0.36572534,0.15533096,0.30076912
2482,1901,17.364225,0.37158695,0.039680723,0.07597399
2483,4547,49.53954,0.47489357,0.1095699,0.21200743
2484,2483,2.9085007,0.47699538,0.0034038946,0.007308662
2484,2033,2.6273499,0.47107595,0.0045780838,0.009310409
2484,2510,60.26268,0.47909698,0.11928673,0.23122485
2485,2487,87.71541,0.47125873,0.17668718,0.34028825
2486,6635,104.94812,0.48025125,0.21104854,0.4079638
2486,2033,26.097366,0.47156098,0.058488853,0.11134444
2487,2485,87.50992,0.4709957,0.1774387,0.34315735
2487,2486,32.083805,0.46735752,0.07263911,0.13846052
2488,6727,59.779224,0.60103816,0.11140655,0.21951503
2489,280,37.08293,0.5727212,0.07279511,0.14054972
2490,365,9.153076,0.5689025,0.016593762,0.03318146
2490,6619,4.962822,0.56856626,0.012236595,0.024644122
2491,6632,57.81739,0.5537029,0.14904006,0.29139727
2491,2495,0.9438782,0.5563438,0.0036138818,0.00781706
2492,3504,2.1998863,0.55932486,0.0072450265,0.014772877
2492,2491,2.8293457,0.5588606,0.008661799,0.017475843
2493,2492,1.3230095,0.56304157,0.0038495436,0.008284599
2494,2493,0.5875778,0.5594698,0.004197933,0.008869812
2494,5390,30.332947,0.55856305,0.07930538,0.15313038
2495,2494,0.9230995,0.5601802,0.0034552813,0.007450223
2496,1056,3.9281158,0.5683367,0.009990178,0.020405352
2496,6620,19.756018,0.5705565,0.04648151,0.090138525
2497,6619,3.9440346,0.5700513,0.0069277883,0.014154971
2497,365,2.7983284,0.5673698,0.0035488755,0.00795801
2498,5488,61.831627,0.6706745,0.11393644,0.22707759
2498,5401,88.11009,0.66017085,0.27724707,0.54930747
2499,3391,1.66922,0.57516956,0.001553677,0.00308159
2499,1536,135.07062,0.56865877,0.19888738,0.39134008
2499,1534,88.9161,0.56319743,0.16871744,0.32821637
2500,4095,42.762306,0.6700543,0.085730135,0.16821074
2500,1635,1.5197601,0.6506778,0.007651016,0.015368536
2501,5878,2.3618355,0.65382475,0.005205825,0.010890678
2501,5660,122.64151,0.38458768,0.39877844,0.68471336
2502,1882,94.218185,0.66307473,0.28748563,0.5674615
2503,2504,3.5144196,0.45209658,0.003674373,0.007820189
2504,2503,3.8483963,0.45589525,0.0044369847,0.009678662
2504,4540,8.354778,0.46327522,0.018490657,0.036342666
2505,2503,6.402237,0.46182656,0.013862215,0.02716896
2505,4540,2.7253036,0.45881632,0.0024628416,0.005428657
2506,2194,29.595505,0.5871139,0.07131408,0.13847084
2507,1645,3.2802467,0.59242606,0.0081333965,0.016870156
2507,2892,24.96375,0.5910689,0.0459608,0.08987275
2508,27,63.739586,0.5976505,0.13422905,0.2622561
2509,2510,2.3692017,0.4880232,0.003831707,0.0077560693
2509,2018,54.375893,0.4888197,0.106683835,0.20774838
2509,2513,47.451096,0.493057,0.09380551,0.18150832
2510,2509,2.4142952,0.48938558,0.0037721172,0.0077572167
2510,2484,60.587406,0.4791566,0.11931768,0.2318363
2511,6892,45.71979,0.5025723,0.089802995,0.17413399
2511,2512,26.677704,0.5016928,0.055582363,0.10555333
2511,2513,71.88757,0.49547324,0.14154895,0.27462846
2512,3378,47.509003,0.50343454,0.09253834,0.18048623
2512,6893,13.524288,0.5058631,0.028287865,0.05520174
2512,2511,26.410187,0.50109804,0.054909084,0.10444727
2513,2514,1.7771301,0.4944506,0.0024467036,0.005130887
2513,2511,71.81633,0.4942358,0.14229183,0.2760121
2513,2018,13.532621,0.49419487,0.028218977,0.054748066
2514,2513,1.7750969,0.4926228,0.002438791,0.0051147044
2514,2510,48.481747,0.49097607,0.09759388,0.18852034
2514,2048,103.39695,0.48829287,0.20661885,0.39969766
2515,2517,29.732191,0.49095047,0.06047688,0.115544006
2515,1078,1.4664192,0.49342817,0.0048748404,0.010008246
2515,2518,27.99547,0.48714796,0.057707895,0.109596826
2516,4244,1.668602,0.49083295,0.0060845837,0.012572452
2517,2289,8.29018,0.49901944,0.016940132,0.033573955
2517,1311,121.81374,0.47590154,0.26908222,0.519966
2517,2515,29.895393,0.49087477,0.06094738,0.11660285
2518,6823,1.6918716,0.48479667,0.0024837404,0.0049918145
2518,6821,8.523045,0.48504454,0.015609622,0.030851915
2518,2515,27.955345,0.4871561,0.05827813,0.110829905
2519,3100,2.0878448,0.65075445,0.003511414,0.007244587
2519,3134,4.502922,0.6441035,0.013829775,0.026963174
2521,176,6.9260025,0.562871,0.01660306,0.03336808
2522,5532,114.09271,0.5821085,0.29029232,0.5695995
2523,4744,1.7709846,0.5444081,0.0027959943,0.0064228326
2523,2254,62.84841,0.5433715,0.16163415,0.31436285
2524,2526,75.86481,0.5463191,0.14455692,0.28255045
2524,5273,74.25285,0.5469808,0.14388365,0.28174293
2524,4744,144.70853,0.5401656,0.27857926,0.54242283
2525,1135,1.6217232,0.54233253,0.0041968226,0.00886181
2526,2524,74.56799,0.5453888,0.14399646,0.28215086
2526,1134,81.27402,0.54423946,0.15645668,0.30650502
2527,4875,1.544651,0.55479056,0.0024264157,0.0055081546
2528,5061,1.3283958,0.5756065,0.0041690394,0.008844435
2528,5848,131.59119,0.56613255,0.3156277,0.6151059
2529,3149,35.635868,0.5748217,0.0868757,0.16798714
2530,1163,2.7288895,0.5817833,0.0041454807,0.009034768
2530,7053,293.9826,0.5773028,0.11264531,0.24404907
2531,2529,26.16942,0.5790396,0.06265065,0.12062961
2531,2530,16.33636,0.5844177,0.033072293,0.064739615
2532,6538,24.838219,0.5814288,0.051449273,0.09846115
2532,6565,20.933687,0.5793426,0.050213367,0.09679156
2533,1844,150.49881,0.42829084,0.3135719,0.6031813
2533,4813,19.493937,0.48661947,0.041746747,0.08063323
2533,4475,53.532364,0.4961422,0.10702031,0.208065
2534,1817,4.4067726,0.6148412,0.008028619,0.016086876
2534,5600,62.183437,0.6121559,0.1164199,0.22854558
2535,3186,2.65456,0.62269765,0.004184313,0.009002522
2535,6576,10.106522,0.62325644,0.020165943,0.039956704
2536,3383,80.60008,0.61255383,0.16761015,0.32886186
2537,5181,2.5434532,0.32168776,0.004555829,0.007006511
2537,736,4.555683,0.6338251,0.0065287277,0.014173403
2538,3974,43.43986,0.62853754,0.082895964,0.16258177
2538,2539,145.0011,0.6239951,0.26646304,0.5226841
2538,3101,76.69122,0.6232356,0.15295279,0.30106884
2539,2195,188.99344,0.626168,0.35150418,0.69151187
2539,2821,74.00231,0.6340667,0.13567695,0.26856804
2539,2538,145.37312,0.62441295,0.26629198,0.5229668
2540,2543,3.9943924,0.58972526,0.009962194,0.020362422
2540,4080,25.436956,0.5900234,0.049010783,0.0958844
2541,187,8.159931,0.5938074,0.015699036,0.031243816
2541,405,31.965855,0.591725,0.062585734,0.1206398
2541,2542,3.7925148,0.593797,0.00562045,0.011778563
2542,2541,4.3203735,0.59312946,0.00694903,0.014411211
2542,6264,26.427776,0.5943539,0.05357108,0.10337179
2543,1636,4.3222847,0.5910624,0.010468416,0.020735458
2544,2545,6.2251663,0.41337022,0.01307179,0.025054947
2544,2563,18.932827,0.4181586,0.03849971,0.073503666
2545,6835,2.3314552,0.41095245,0.0039560497,0.00781998
2545,3693,11.019096,0.41951582,0.021945342,0.042491764
2546,3698,4.0060387,0.41468748,0.010535218,0.020762026
2546,2548,10.484741,0.40510744,0.020711295,0.040018007
2547,2558,2.5436516,0.4167388,0.004502319,0.008950606
2547,6835,5.0718307,0.41421393,0.009127967,0.018063888
2548,2549,3.7328072,0.40674263,0.007117383,0.014181763
2549,6814,60.52058,0.402221,0.12560838,0.24230897
2549,2548,2.916687,0.40909928,0.005646877,0.011414677
2550,3691,2.5348244,0.46575874,0.004084371,0.008219197
2550,2998,37.79639,0.46488172,0.07594405,0.14448018
2550,2564,2.6436691,0.4630937,0.004649706,0.009274796
2551,2560,1.7519302,0.41286826,0.005951442,0.0117575675
2551,2921,66.415085,0.4098888,0.13829507,0.26809418
2551,2918,19.936453,0.40599176,0.04437703,0.08464992
2552,2554,3.477642,0.40713435,0.005708091,0.011354387
2552,6816,3.1347923,0.41033038,0.006137423,0.012253001
2553,2555,1.6742439,0.41089827,0.00574065,0.0114692
2553,2339,62.389202,0.4074152,0.12886894,0.250277
2554,2548,2.3398361,0.41190943,0.004130937,0.008411363
2554,2552,3.637577,0.41187432,0.00603842,0.011916056
2555,2553,1.7683372,0.4094044,0.005459927,0.010875836
2555,5900,105.78107,0.41293162,0.312293,0.6042925
2556,2557,6.165001,0.41958636,0.015227333,0.029575765
2556,2559,19.557953,0.42223144,0.039914552,0.07646491
2557,2558,9.381199,0.4218697,0.018530741,0.035683393
2557,6739,4.235714,0.4175771,0.010977238,0.02115655
2558,2559,3.676773,0.4155352,0.0067023933,0.013346881
2559,6827,43.903008,0.4204152,0.09106851,0.17366487
2560,2551,1.6833115,0.41450942,0.005340457,0.010589629
2560,6828,118.84448,0.40384272,0.38595924,0.7482855
2561,2332,45.03402,0.41312647,0.09206567,0.17685325
2561,2562,3.6159706,0.40423375,0.007400967,0.014712453
2561,2552,78.20123,0.40557626,0.16326322,0.3155462
2562,2561,4.2980576,0.39908835,0.008708037,0.017079905
2562,5556,1.7231979,0.40520877,0.00319428,0.0067545474
2562,2553,49.896416,0.40254667,0.10493943,0.20201159
2563,536,95.75952,0.37801668,0.28649446,0.55416924
2564,3691,1.2081718,0.46480513,0.004235998,0.008818999
2564,2550,2.7562485,0.46229142,0.0047427192,0.009599835
2565,5940,0.9331894,0.5957228,0.0022170842,0.005659759
2565,5914,69.265396,0.6062857,0.17492318,0.34333777
2566,2567,0.0,0.5877675,0.019470096,0.036891773
2566,3884,24.043156,0.6024713,0.05136335,0.10001501
2567,1752,312.73694,0.59643537,2.1789196,4.2682037
2568,5126,1.6786346,0.58351153,0.0029065236,0.0068886727
2568,5289,26.98394,0.58133733,0.05839336,0.11288189
2568,5127,6.9852524,0.58506554,0.016796865,0.033308893
2569,2570,7.7034607,0.6574271,0.0187129,0.03747587
2569,5166,2.9753227,0.64656276,0.01078175,0.021562591
2570,3945,3.4255066,0.65666014,0.008993283,0.01873976
2571,5166,1.6412277,0.64751226,0.0065873116,0.013194829
2571,1948,11.623014,0.6519126,0.024257988,0.047611758
2572,5518,1.0621452,0.08020523,0.007687114,0.015400916
2572,488,67.43621,0.6532453,0.1735182,0.34103817
2573,2989,1.6974487,0.5838173,0.003600739,0.007897094
2573,4085,24.300032,0.58840173,0.05303749,0.10271376
2574,6696,102.72073,0.5717075,0.15224645,0.29779062
2575,3345,97.578865,0.62847364,0.17909738,0.35411865
2575,5575,82.16522,0.62791085,0.14955518,0.29627198
2575,3081,82.07094,0.63277733,0.14941767,0.29692665
2576,1095,31.860945,0.004279077,0.16616261,0.35607538
2577,1341,7.577221,0.5720718,0.018438406,0.037108257
2577,947,64.725555,0.5788875,0.19513085,0.3828658
2578,2084,1.7890892,0.58765346,0.002274409,0.005160436
2578,2579,11.300766,0.5887385,0.022558406,0.04444146
2578,834,27.070204,0.59769297,0.07593762,0.14795442
2579,830,75.557434,0.589376,0.14158648,0.27881378
2579,832,71.9761,0.58096814,0.13570476,0.26684698
2579,2578,11.008263,0.5880008,0.021900699,0.043177277
2580,691,2.755909,0.57833457,0.0074044913,0.015280217
2580,224,2.7571564,0.576125,0.007060364,0.014762178
2581,2102,109.88687,0.6066119,0.20222029,0.3977077
2581,2074,42.41441,0.6060374,0.08134908,0.15808596
2581,2072,39.30523,0.6058637,0.076325834,0.14845365
2582,4206,1.702095,0.53462434,0.0024508536,0.0057763904
2582,2199,98.73546,0.5327702,0.19037272,0.37187567
2582,1243,22.715681,0.5369521,0.050957397,0.097801276
2583,6644,78.8511,0.6453441,0.14721411,0.29069686
2583,6639,19.065025,0.033008307,0.09006523,0.18744232
2584,3775,9.749535,0.57935995,0.019056708,0.037907645
2584,3599,5.2589455,0.5765015,0.009391464,0.019106328
2585,657,2.0173187,0.649535,0.0025607497,0.0056916773
2585,3916,78.141655,0.37596124,0.24181437,0.39212817
2585,4371,94.52498,0.6603837,0.17517334,0.34819293
2586,2117,1.5884209,0.33963913,0.0052804425,0.01034914
2586,1902,16.810028,0.33833262,0.046658166,0.09152416
2587,2834,59.477932,0.48350143,0.118243605,0.2296103
2587,1249,65.14723,0.4762561,0.13083433,0.25360683
2587,6834,47.249256,0.4541154,0.095108256,0.18443803
2588,6011,5.0871506,0.488793,0.015479825,0.03055644
2589,3612,1.8544083,0.37340352,0.0033350363,0.006526634
2589,3610,24.07658,0.36272258,0.056873925,0.106709346
2590,2638,55.696095,0.49382088,0.123298466,0.23657112
2590,3402,15.700424,0.49155092,0.034295443,0.066913724
2591,5278,14.660503,0.53700185,0.035076566,0.06842702
2591,2625,135.60175,0.5317373,0.26519075,0.5178313
2591,4180,44.786026,0.5445542,0.08718016,0.17014776
2592,1189,20.896805,0.581297,0.04442782,0.08549528
2593,3014,44.239353,0.5910315,0.0840333,0.16448715
2593,1191,29.331276,0.5919519,0.06280341,0.12086494
2593,2263,35.02198,0.59068346,0.07327485,0.1434744
2594,455,120.66428,0.5873388,0.22478867,0.44245696
2594,454,15.999538,0.58795035,0.032754805,0.06369356
2594,1599,37.095474,0.58711267,0.072106905,0.14097401
2595,3666,12.580183,0.5884407,0.025585175,0.05034581
2595,2610,1.9431648,0.58949006,0.0025976151,0.005688295
2595,6095,40.9687,0.5916684,0.07982319,0.15519316
2596,456,3.4723625,0.59380627,0.005132608,0.011515498
2596,733,2.9892197,0.59340036,0.004574962,0.009856492
2597,456,2.3710022,0.5938815,0.0032335445,0.0073290914
2597,1599,114.86725,0.5869957,0.21509275,0.42274508
2598,454,109.57652,0.58386326,0.20483752,0.40284175
2598,5122,43.427826,0.5918023,0.08274521,0.16093022
2598,4090,165.43214,0.58524185,0.31171364,0.61176145
2599,6417,1.9799614,0.53632313,0.0035121143,0.007552445
2599,1792,29.596703,0.532629,0.06604569,0.12600596
2600,903,1.6691589,0.5289262,0.0033009648,0.0074029565
2600,2605,42.534794,0.5304178,0.09170158,0.1783102
2601,1596,1.8139877,0.52296966,0.0024722144,0.0052500367
2601,2604,27.89838,0.5225142,0.06171058,0.116858706
2602,544,1.6230392,0.5208709,0.0020683259,0.004534483
2602,4888,129.52148,0.5254269,0.25169462,0.48958528
2602,5554,52.857117,0.51666456,0.11113692,0.21596736
2603,542,2.099846,0.5226755,0.0034533218,0.006771773
2603,4704,45.27728,0.52028143,0.095216766,0.18515903
2604,545,1.6365509,0.5202875,0.0022213683,0.0047525913
2604,2602,22.173065,0.52044076,0.049029518,0.09357175
2605,6410,1.3172226,0.52252275,0.002546385,0.005828187
2605,902,36.015556,0.5263452,0.07165785,0.13869555
2606,5935,1.5760574,0.5362169,0.001960516,0.004734248
2606,2994,66.85003,0.5383568,0.12928715,0.2528363
2606,6024,12.480427,0.53721315,0.027390823,0.053747937
2607,2384,57.001713,0.5367491,0.11593839,0.22622615
2607,6756,1.8708229,0.5419969,0.0026009977,0.0063926727
2608,1290,48.95244,0.58584124,0.09310493,0.18257646
2608,1291,22.30919,0.58273315,0.045473356,0.08810294
2608,1288,40.338116,0.5862292,0.07740127,0.15251729
2609,4928,75.42526,0.6025821,0.14181498,0.2800169
2609,2248,243.75114,0.5898206,0.45919362,0.8986095
2610,2595,2.2590485,0.5923538,0.0036643893,0.008020967
2611,762,41.885735,0.593538,0.10068627,0.19444636
2612,6437,1.4338875,0.5857732,0.003528215,0.0071826726
2612,4659,32.90384,0.5976068,0.08521846,0.16430408
2613,4989,8.154888,0.5913933,0.018496811,0.036682904
2614,2615,1.4445457,0.59003043,0.0041048005,0.008841768
2614,2613,9.442604,0.5932934,0.02186162,0.0429606
2615,2616,14.6903305,0.595407,0.033509873,0.065365784
2616,5346,10.917103,0.59378195,0.022237726,0.044013605
2616,850,12.556547,0.5970323,0.028883047,0.056746975
2617,5346,1.6356354,0.24149284,0.0018123686,0.0032964349
2617,1961,15.530252,0.59776676,0.031990245,0.062213473
2618,4556,26.72528,0.5575417,0.054482438,0.10381106
2618,2650,56.031654,0.55742717,0.10942898,0.21474576
2618,2704,101.667404,0.55048186,0.19465908,0.38098365
2618,133,74.36287,0.54937285,0.14398187,0.28267303
2619,5328,135.36664,0.61679894,0.27372083,0.5391173
2620,1929,33.684174,0.5287823,0.07573687,0.1436409
2621,2623,27.515179,0.54820573,0.066884145,0.12784383
2622,2620,40.075596,0.54043335,0.08435303,0.16355297
2622,2621,49.877064,0.54085356,0.12563972,0.24534851
2623,4290,7.7305946,0.5554089,0.018089183,0.036067188
2623,1060,38.519703,0.553377,0.074864335,0.146892
2624,2630,1.9375114,0.4705013,0.003677003,0.0077113956
2625,2628,44.025234,0.5291169,0.09321939,0.1798284
2625,2591,135.35345,0.532153,0.26217985,0.5122968
2626,2287,1.8561821,0.522158,0.002838336,0.0059877485
2626,6872,81.833336,0.5035149,0.1795482,0.3454743
2627,200,1.9402122,0.47934285,0.0030227527,0.0064487606
2627,2624,17.273724,0.48052138,0.038081508,0.073757805
2627,1625,171.20949,0.45891076,0.34912112,0.67426836
2628,4978,185.60635,0.5141383,0.36543953,0.71045303
2628,2626,3.598034,0.5208238,0.007615015,0.01569654
2629,2835,1.5395012,0.54025865,0.0033041313,0.00741747
2629,3650,73.95329,0.5512593,0.19109003,0.37121278
2630,2303,2.0811043,0.47321212,0.0043124855,0.008684054
2630,5426,60.43196,0.4548408,0.13364345,0.25843892
2631,2936,38.977516,0.40238065,0.15021423,0.23416865
2632,1471,2.7339172,0.6154829,0.004359767,0.009002447
2632,2633,35.476315,0.62516004,0.08668193,0.16820973
2633,1950,11.674908,0.62982213,0.026731677,0.052480087
2633,2100,116.25723,0.61502284,0.21325403,0.42011315
2634,2501,22.279688,0.37723106,0.08136199,0.13748749
2635,2637,51.55569,0.51680607,0.09993304,0.19477512
2635,2636,27.570791,0.5164232,0.056334306,0.10755744
2635,2699,22.105734,0.5166287,0.046585087,0.08905528
2636,2635,27.636242,0.51569515,0.05678831,0.108442225
2636,2891,57.02379,0.5072846,0.111750424,0.21809328
2636,2699,33.19531,0.51624775,0.06691862,0.12901847
2637,2635,51.696705,0.516174,0.10086789,0.19690248
2637,2129,6.361065,0.5163533,0.012596503,0.025243357
2637,237,76.94096,0.5063328,0.15326169,0.29775387
2638,5738,2.055767,0.49456903,0.003325887,0.0067655146
2638,3865,38.61068,0.49725598,0.084260166,0.16018334
2639,2642,75.477356,0.5624116,0.15545899,0.3040437
2639,6789,14.859291,0.567467,0.032336157,0.06321195
2640,2652,21.801392,0.5319054,0.049848348,0.09590587
2640,5737,73.4583,0.5242101,0.15869454,0.30900264
2641,84,62.384514,0.56086,0.13104191,0.2565488
2641,2945,15.679029,0.5642092,0.034059346,0.066157885
2642,2639,74.4431,0.55643064,0.15760934,0.30759758
2642,2700,19.199314,0.5609211,0.04121906,0.079873234
2642,2643,27.705687,0.55981326,0.05607787,0.10744826
2643,2642,27.986572,0.55878747,0.0560421,0.108111605
2644,1425,86.3173,0.5627808,0.16422284,0.32214147
2644,5318,19.876532,0.5670234,0.04281857,0.08303476
2644,6469,88.97923,0.5617101,0.18504801,0.3612685
2645,89,73.12189,0.5556718,0.13985576,0.27412835
2645,4583,115.21032,0.5473322,0.24388215,0.47319138
2646,2797,37.78372,0.5512637,0.07360508,0.1436978
2646,2645,36.54127,0.5535032,0.076261856,0.14789528
2647,4583,1.2537804,0.5442051,0.0015089512,0.0038557053
2647,3331,78.42799,0.5427224,0.15112856,0.29526737
2647,2646,79.50192,0.5446806,0.1704506,0.32992393
2648,3791,1.9744568,0.5593526,0.003463015,0.0077228695
2648,6598,96.38753,0.5497697,0.2072241,0.40395513
2648,128,42.116222,0.5640793,0.087273225,0.16980636
2649,137,16.579361,0.5595542,0.034076672,0.06621899
2649,1273,39.528114,0.5676699,0.081690006,0.15918522
2649,3115,67.2565,0.56004167,0.13932787,0.27267632
2650,2618,56.418465,0.55911016,0.109200746,0.21426743
2650,136,72.32216,0.556477,0.13767818,0.27050793
2650,134,22.056002,0.5585084,0.045440923,0.08709204
2651,3790,1.5784416,0.54106164,0.00198213,0.004698321
2651,1427,9.336712,0.5426167,0.020140082,0.040314198
2651,3785,165.16797,0.53982836,0.32044533,0.6255906
2652,6613,0.76965714,0.295953,0.0008869916,0.002232626
2652,6775,80.48902,0.5364052,0.17955232,0.34937504
2653,4919,1.6179428,0.52708346,0.0030146018,0.006602213
2653,2654,104.14937,0.52281934,0.20375496,0.3960987
2653,4476,156.76157,0.5287671,0.30594996,0.5938465
2654,2653,103.929474,0.5206925,0.20365527,0.39674592
2654,6103,3.271675,0.52250695,0.005840197,0.011934966
2655,3886,2.3220215,0.5136325,0.0036834925,0.007436648
2655,6102,48.485634,0.51580626,0.09415975,0.18465255
2655,5737,68.94329,0.5105633,0.2293317,0.44378525
2656,6610,1.7429085,0.5246875,0.0023837015,0.005343497
2656,2657,53.927227,0.5224225,0.10673505,0.20802355
2656,6179,39.11879,0.5233449,0.077022724,0.14795744
2657,5760,1.5115356,0.52814,0.002750747,0.005989626
2657,2656,54.563847,0.52579546,0.10768047,0.20970778
2658,4334,42.27151,0.5234101,0.08262476,0.16011383
2658,4483,111.66345,0.52890104,0.21602514,0.42064217
2658,1959,291.17975,0.5277719,0.57016265,1.1123197
2659,3331,41.365505,0.5396333,0.08047805,0.1567571
2659,2677,109.279594,0.539886,0.20959456,0.40925843
2659,6423,70.28482,0.5382356,0.1360182,0.26604122
2660,2661,13.16305,0.5237498,0.02813857,0.05507517
2660,4334,16.1859,0.5239682,0.031448547,0.061607637
2660,5760,30.294334,0.5204569,0.062458202,0.11827202
2661,4334,2.0107498,0.5215191,0.00293307,0.0063402355
2661,2660,13.4158535,0.5230514,0.02841933,0.055626146
2661,1718,90.53069,0.5176572,0.176579,0.3434717
2662,4585,1.3883324,0.53591335,0.0018782094,0.004259065
2662,2663,86.1814,0.5338785,0.16638857,0.32455713
2662,6423,107.38929,0.5355627,0.20688272,0.40378702
2663,2662,85.95503,0.534366,0.16684902,0.32510602
2663,6423,41.245712,0.53149474,0.08010925,0.1564307
2663,1466,63.123726,0.5274633,0.12056189,0.23546553
2664,6736,28.531693,0.52259237,0.052421767,0.099578016
2664,109,12.371096,0.5279831,0.029395029,0.057689458
2665,2666,42.607876,0.5369995,0.071737334,0.13739613
2665,122,43.264072,0.53651047,0.084266976,0.16321523
2666,121,61.260914,0.541055,0.11764987,0.23047356
2666,122,28.253906,0.53828937,0.06120728,0.11736378
2666,2723,41.27415,0.5387792,0.0862867,0.1680991
2667,2668,43.236027,0.5330479,0.08398762,0.16377816
2667,2669,68.566,0.53137034,0.1337491,0.26175603
2667,3172,67.59159,0.53518957,0.13072944,0.2557939
2668,2667,43.63236,0.53251004,0.08439987,0.16453461
2668,1955,77.847275,0.536048,0.14927766,0.29122603
2668,2671,22.731184,0.5291302,0.047543474,0.09072314
2669,2670,23.437967,0.5237649,0.04930397,0.09410294
2669,2672,98.59285,0.51634395,0.19510645,0.37847203
2669,2667,68.58458,0.53229666,0.13308395,0.2605844
2670,236,104.60899,0.5247577,0.20528686,0.3992709
2670,2669,23.38864,0.5236906,0.04909192,0.09360918
2670,2671,34.60727,0.52830017,0.0684184,0.1317459
2671,1954,101.37524,0.531158,0.19843349,0.38648793
2671,2670,34.273136,0.52763325,0.068386,0.13143924
2671,2668,22.4996,0.5285565,0.047132578,0.09008283
2672,5739,32.25872,0.49808517,0.071621805,0.1374812
2672,2669,99.334435,0.51080126,0.1966826,0.38219482
2673,6450,1.8311615,0.5469696,0.0026444495,0.0058820844
2673,177,12.150791,0.5490777,0.0266494,0.052459583
2674,6448,1.4697266,0.54789335,0.0017521381,0.0041352063
2674,6449,1.7429657,0.54949105,0.0039545894,0.0083869845
2674,174,37.30425,0.55181974,0.07198861,0.14103037
2675,3510,1.7777176,0.5519895,0.003052622,0.0069040954
2675,1387,33.280716,0.55144745,0.07020223,0.13736513
2675,6449,24.873709,0.55072975,0.053096965,0.100968964
2676,6251,165.98306,0.54493946,0.31919697,0.62326646
2676,2702,29.80837,0.5537834,0.0607208,0.11599905
2676,2680,256.47272,0.5402666,0.49946323,0.97362155
2677,2659,109.14384,0.5401213,0.2092154,0.40862554
2677,2797,78.02038,0.5461284,0.15011828,0.29391694
2677,3043,43.13523,0.54567766,0.08359747,0.16294964
2678,2680,83.73296,0.5416441,0.12546548,0.24567032
2678,5543,78.09433,0.5366682,0.1519096,0.29660368
2678,2798,66.060425,0.54172933,0.12806451,0.25046492
2679,2798,68.1383,0.5415753,0.13212702,0.2580979
2679,91,207.22678,0.5258621,0.40592617,0.79010797
2679,5543,131.04128,0.530653,0.25467503,0.4960785
2680,2678,82.7113,0.53953594,0.12579146,0.2465904
2680,1711,81.63388,0.53974277,0.120614335,0.23598953
2680,2676,257.39743,0.54051656,0.49919748,0.9731225
2681,5222,4.514042,0.5270724,0.010858923,0.021640673
2681,6191,9.151791,0.5166054,0.032608453,0.06493938
2682,2686,10.81255,0.51254654,0.035727236,0.07082042
2682,1729,11.910618,0.5236059,0.026531339,0.052477896
2683,6190,2.3302956,0.51817316,0.013127089,0.025968567
2684,1709,1.8516197,0.5218529,0.0032410845,0.0069352686
2685,4941,1.1234932,0.5230283,0.0030820519,0.006256655
2685,2689,29.546436,0.52273285,0.06666031,0.12765367
2686,2688,10.188938,0.5102293,0.03519699,0.06948003
2687,2845,11.096302,0.51114154,0.03756919,0.07467172
2688,1726,24.792215,0.5214148,0.05805155,0.11137026
2688,2690,11.097172,0.5176831,0.055142336,0.11102968
2689,81,33.445107,0.5082304,0.090231605,0.17317607
2690,7002,52.563347,0.50242114,0.32539642,0.62663305
2691,1017,37.26714,0.5686865,0.096713275,0.18763599
2691,1005,72.897415,0.5548278,0.23623863,0.46329045
2692,506,14.464703,0.036263824,0.06965291,0.148633
2693,139,109.72351,0.55096895,0.20960909,0.40976614
2693,2694,16.543524,0.5310283,0.034829725,0.06767211
2694,138,10.869234,0.5242692,0.022260934,0.043877944
2694,2693,15.112589,0.5320492,0.031596247,0.061712876
2695,2696,70.35126,0.5333452,0.1356802,0.26488334
2695,7064,2.9427643,0.5358259,0.004921876,0.01061368
2696,5311,1.852562,0.52851224,0.0030183047,0.006853357
2696,5309,78.494736,0.52719533,0.1530492,0.29786652
2697,82,121.69844,0.52988386,0.23663872,0.4613204
2697,2698,38.937378,0.51920855,0.07691839,0.14919618
2697,5309,22.506292,0.5213158,0.047835108,0.09177332
2698,196,123.09932,0.50314015,0.24499097,0.47492933
2698,1709,120.54657,0.51796854,0.2594344,0.50215834
2698,2697,38.64314,0.51892495,0.07630707,0.1485986
2698,2130,42.161053,0.52002513,0.09005146,0.17523938
2699,2636,33.56478,0.5172516,0.066654526,0.1285288
2699,1271,87.42755,0.52483845,0.16993308,0.3310237
2699,2635,22.23461,0.51747024,0.046748187,0.08941668
2700,2642,19.368864,0.56402475,0.041502587,0.080412626
2700,6422,30.9769,0.5656731,0.06573074,0.12686422
2700,2767,13.335163,0.56365687,0.027067326,0.052945882
2701,2702,192.88597,0.54599935,0.369881,0.72117114
2701,2767,32.49305,0.56345767,0.0652584,0.12537183
2702,2676,29.840883,0.55477077,0.060404375,0.115634285
2702,2946,164.97308,0.5519352,0.31667984,0.61833966
2702,2701,192.00023,0.549363,0.37045333,0.7217464
2703,1702,17.941736,0.5546583,0.04880533,0.09595472
2703,137,54.66501,0.557959,0.10589092,0.20902616
2704,2618,101.72489,0.55255604,0.19435954,0.3805189
2704,5833,41.11009,0.5501009,0.079973355,0.15503328
2704,5550,224.58505,0.5467667,0.4327428,0.8428668
2705,5709,3.8104362,0.6093252,0.009264529,0.018701524
2705,4354,1.7467346,0.6047731,0.0020710528,0.004924178
2706,2707,2.2420197,0.63168645,0.0025396273,0.006164804
2706,5030,147.40048,0.63880527,0.36305857,0.7155374
2707,2706,2.484974,0.6317561,0.0030568615,0.007248625
2707,1112,152.38232,0.6214108,0.37856114,0.7445605
2708,6521,80.43868,0.5333532,0.26032397,0.50543886
2708,3243,206.05324,0.52294624,0.4026102,0.7819296
2708,2429,1.7520523,0.5335349,0.0023001954,0.005416304
2709,3243,31.055359,0.52914864,0.067942165,0.12918863
2709,2708,34.12407,0.53366816,0.106307104,0.20880598
2710,1484,262.93143,0.5139056,0.39972684,0.7768028
2710,2709,18.715563,0.5303193,0.05160514,0.10132967
2711,3944,51.927563,0.5278726,0.16253057,0.31681138
2711,3944,80.93598,0.5244558,0.15696676,0.30650455
2712,3139,1.6184616,0.5235626,0.00543274,0.011460662
2712,2715,40.537037,0.51587117,0.1314737,0.25696975
2713,2714,1.8599358,0.514898,0.00362657,0.00796178
2713,5951,61.3743,0.5176095,0.15986119,0.3117193
2713,1487,46.14036,0.5153104,0.097417265,0.19062282
2714,2713,1.7477989,0.5132519,0.0031186715,0.0069537014
2714,2715,1.851017,0.5154609,0.0032145083,0.0068870634
2714,5951,52.115997,0.5192773,0.16274771,0.31745
2715,2714,1.4762039,0.51466423,0.0028611347,0.0063515007
2716,2113,4.7969017,0.5066496,0.009184808,0.018519163
2716,5442,2.9878464,0.50725543,0.007600315,0.015418768
2716,1971,53.885204,0.50832564,0.13117367,0.25563306
2717,4355,80.796844,0.60579294,0.16631812,0.32769394
2718,225,60.504227,0.5598372,0.11635387,0.22859232
2718,2000,2.2108803,0.5618355,0.0062174276,0.012822077
2719,6002,21.17631,0.56826234,0.05101745,0.09859249
2720,4543,79.062164,0.54804105,0.15069748,0.2952583
2720,2721,46.498474,0.5466157,0.089428,0.17429017
2720,3170,48.00734,0.5480415,0.09337669,0.18263164
2720,1708,41.55445,0.5494389,0.080409676,0.15603715
2721,4686,1.6894455,0.54113126,0.002219662,0.0049943477
2721,2720,46.07604,0.5459288,0.08980278,0.17526461
2721,4274,24.573254,0.5451933,0.05408283,0.10331575
2722,2724,49.280823,0.5381955,0.10351352,0.20231852
2722,121,58.95778,0.5411699,0.124250054,0.24280599
2722,5307,3.6167831,0.5415762,0.007887378,0.01668702
2723,2725,37.88098,0.535278,0.07342478,0.14422028
2723,2724,23.022245,0.5362548,0.050649494,0.09686724
2723,2666,41.21772,0.53658926,0.085748725,0.16761778
2724,2722,49.536026,0.5376703,0.10424516,0.20409048
2724,1247,73.5449,0.5375865,0.15670264,0.3052073
2724,2723,23.084291,0.5365162,0.050834235,0.09723578
2725,2723,38.54506,0.53734124,0.0745101,0.14562199
2725,1271,99.6174,0.53430057,0.19267455,0.3761016
2725,3172,54.89666,0.53638744,0.08593771,0.166212
2726,2926,56.552017,0.43170977,0.1520904,0.29090038
2727,6292,30.062185,0.40989116,0.060151946,0.11460107
2727,2726,2.3447838,0.40638942,0.0037261322,0.007125348
2728,199,77.87761,0.42077047,0.21353054,0.40755934
2729,4576,7.666851,0.60284054,0.0149438605,0.029939845
2730,2729,43.76896,0.6011344,0.08589911,0.16485593
2730,1340,20.016714,0.596258,0.041046202,0.080084704
2731,215,105.55269,0.5875892,0.19799778,0.38943043
2731,3570,13.971535,0.5844304,0.028672196,0.056001887
2732,4433,1.2159576,0.52409905,0.0027159154,0.0057113767
2732,4445,54.108055,0.5312039,0.10658817,0.20751046
2733,2242,53.007294,0.5489015,0.10291775,0.20125633
2733,140,53.597824,0.5678459,0.103479154,0.20266253
2733,452,61.888027,0.5552845,0.11896464,0.23310763
2734,384,5.5848923,0.61014783,0.011312202,0.022727102
2734,3717,12.794052,0.609833,0.027162775,0.05344124
2735,2736,16.779816,0.6033784,0.03558842,0.06897082
2735,2737,3.1513329,0.6071284,0.0061568767,0.012904197
2736,6799,1.9920349,0.60184026,0.0035166293,0.0077584237
2736,5607,45.32597,0.60897654,0.09499405,0.18469763
2737,2740,24.654747,0.6114967,0.053912185,0.10296513
2738,385,3.9604836,0.61125326,0.0077345297,0.016180381
2739,2738,4.817932,0.61000025,0.009615466,0.019577235
2739,385,3.7280045,0.6106803,0.006906599,0.014257386
2740,387,7.937546,0.60691154,0.016812928,0.033466086
2740,386,16.51664,0.60883516,0.03519416,0.06881865
2741,2179,72.241776,0.58567715,0.10379003,0.19807436
2742,4080,38.63177,0.5930133,0.06431032,0.12405321
2742,2540,29.18583,0.59328365,0.07188508,0.13941485
2743,4386,1.1198769,0.5835296,0.0034638643,0.007255912
2743,193,58.54727,0.5844763,0.12342471,0.2419661
2744,5954,17.410475,0.58682424,0.037364725,0.07290694
2744,1091,20.571516,0.5839161,0.044033363,0.084994175
2745,1541,46.422115,0.58318746,0.0884727,0.17345889
2745,1240,61.49405,0.58252084,0.15783325,0.30993932
2745,5127,94.60005,0.5786303,0.24185216,0.475551
2745,1538,233.57361,0.5679618,0.44709992,0.87301826
2746,2747,40.220734,0.5774001,0.07797366,0.15183663
2746,2395,143.26978,0.56599617,0.27058536,0.53102225
2746,3514,105.43202,0.5680723,0.19697207,0.38673303
2747,2748,19.086351,0.5726112,0.039251316,0.07587263
2747,2746,40.370068,0.5758619,0.07768658,0.15206689
2747,3230,93.321045,0.5690162,0.17607959,0.3452146
2748,2747,19.129316,0.5737641,0.03926661,0.07605585
2748,3282,40.83392,0.5758182,0.07843179,0.15368961
2748,2244,42.980663,0.5755273,0.08255915,0.16154127
2749,2399,1.0832329,0.5882638,0.002565451,0.005698815
2749,757,27.275974,0.6063317,0.059579317,0.11372263
2750,2056,1.3300323,0.59975994,0.0030165538,0.006698981
2750,4079,16.160002,0.60503614,0.03443022,0.0671278
2751,4653,2.5186348,0.59781474,0.004211411,0.008885756
2751,5323,23.14787,0.6004161,0.04972984,0.095941864
2751,4905,14.140863,0.59480894,0.028134614,0.05521307
2752,350,80.803696,0.6072879,0.16723584,0.3286646
2752,3484,102.76122,0.60512805,0.21130075,0.41455138
2752,2090,128.3309,0.60171825,0.238327,0.46922165
2753,4309,1.792736,0.6001782,0.0023848787,0.0054906607
2753,2079,18.129757,0.6015854,0.03918433,0.076628625
2754,4535,1.9110641,0.567183,0.002969928,0.006354332
2754,1179,217.43811,0.55325156,0.42008847,0.81750745
2754,4536,29.812145,0.5729723,0.06428449,0.122975215
2755,6903,0.0,0.061292768,0.0017416626,0.0033123791
2755,6904,1.5519257,0.55680114,0.0027610436,0.005687207
2756,3811,1.5042267,0.59955925,0.0016743839,0.003679514
2756,4093,19.370493,0.5995607,0.04472765,0.08684894
2757,4648,28.1686,0.5910331,0.056030378,0.10796692
2758,3145,1.1317368,0.56911045,0.0036807358,0.008070514
2758,5832,4.9424706,0.57769006,0.0086358115,0.017446205
2758,6989,15.801142,0.57742614,0.032095697,0.06248524
2759,4009,1.0292702,0.59643495,0.0029740036,0.0066531003
2759,4120,41.340034,0.60193676,0.07860478,0.15282656
2760,4649,55.25739,0.59999263,0.10722678,0.2095634
2760,4007,1.513298,0.5918582,0.0027984604,0.006396711
2761,3813,16.737547,0.5252771,0.039020322,0.07545387
2762,3622,1.2104225,0.5370985,0.0024796799,0.0053871274
2762,4415,41.63776,0.54004455,0.08728826,0.16916125
2763,3713,1.8772125,0.60402334,0.0031170323,0.0071633607
2764,2378,82.98842,0.605667,0.12121357,0.23939775
2764,387,38.67172,0.60653734,0.0628282,0.11947887
2764,1046,32.24384,0.6016893,0.06381261,0.12286097
2765,2766,1.0896721,0.5952587,0.004283257,0.009145319
2765,4283,14.980259,0.59448314,0.03447946,0.06729058
2766,4319,2.1632957,0.5988312,0.006024912,0.012443647
2766,2794,53.20501,0.5974915,0.13452774,0.2639981
2767,2700,13.108065,0.56091666,0.026790626,0.052317023
2767,2701,32.049873,0.5616775,0.06378286,0.12265049
2768,2772,7.151699,0.6075327,0.014976688,0.030016035
2769,2770,5.2924767,0.6106907,0.011028938,0.022658959
2770,2738,13.972553,0.6064045,0.028743148,0.056405798
2770,2771,5.4730797,0.60701245,0.011215128,0.022524327
2771,2,3.5073357,0.6104763,0.005809851,0.01232703
2771,2768,1.8537064,0.6101301,0.0029272586,0.0067097396
2772,6460,73.92058,0.61384535,0.15244824,0.29934365
2772,2769,2.8285065,0.61056596,0.0051244423,0.010542005
2773,389,3.233593,0.61030865,0.0060748085,0.0130505115
2773,2776,2.0844994,0.6060558,0.0035595968,0.007919997
2774,2773,1.5226364,0.6017256,0.0023554042,0.005542621
2775,4587,0.14624786,0.082154065,0.0014417544,0.0030593574
2776,2777,1.2895432,0.6003615,0.001822859,0.0045404434
2777,388,3.3317032,0.6091094,0.006154828,0.013376012
2777,2775,2.2240486,0.6092585,0.0036574155,0.008330479
2778,5477,9.730404,0.5974203,0.021074101,0.04170072
2779,760,1.4282722,0.5963825,0.0020043328,0.0049708337
2779,6375,10.189617,0.59720755,0.021109156,0.042069405
2780,2784,1.8509026,0.5909192,0.00272765,0.0060905814
2781,2789,56.57951,0.60047853,0.10930302,0.2140771
2781,2787,100.81438,0.59571314,0.21267875,0.41654563
2782,2295,89.91028,0.605568,0.18610509,0.36522716
2782,1114,135.15826,0.6010934,0.2541705,0.5009122
2783,2780,1.5577354,0.5983021,0.0025776923,0.005577445
2783,2781,10.880417,0.60049415,0.023488142,0.046496227
2784,433,1.8329697,0.5976285,0.0028114766,0.0062773824
2784,5864,3.2455482,0.5958417,0.006169714,0.0127123445
2785,2596,40.15225,0.599573,0.07070109,0.13435161
2785,2611,32.64496,0.5981852,0.07187599,0.137297
2786,4384,35.845615,0.60054564,0.08915955,0.17265105
2786,1115,153.3085,0.59162575,0.28765956,0.56595236
2787,1116,53.993404,0.5993371,0.13222674,0.25840652
2788,1780,24.09423,0.59975386,0.053529233,0.10217194
2788,2778,102.55716,0.5986806,0.21533498,0.42207795
2789,5190,2.0326462,0.595937,0.003066495,0.006717846
2789,3677,34.66464,0.5985917,0.06767066,0.13133755
2790,5191,1.9608955,0.5969336,0.0026519224,0.006009251
2790,2789,3.0791893,0.5971419,0.0051376075,0.010550186
2790,2778,57.632477,0.6024107,0.10835572,0.212149
2791,2793,2.5902786,0.59884524,0.0031941608,0.007385388
2791,5863,29.031063,0.6004808,0.063332275,0.121248744
2792,2213,23.995344,0.59784734,0.041313007,0.079507545
2792,2793,3.8470497,0.601132,0.0059248507,0.012609869
2793,2791,2.2833862,0.5972415,0.0027258098,0.006046325
2793,2782,26.736494,0.5996151,0.05819293,0.11208807
2793,2792,3.05336,0.6003945,0.004020743,0.008890033
2794,6155,1.4047012,0.5916604,0.0038162395,0.008284271
2794,441,25.270618,0.5924228,0.059858695,0.115864575
2794,2795,29.972324,0.60063434,0.07307781,0.14348204
2795,438,1.7834625,0.5944083,0.0027629286,0.006231442
2795,2612,22.44487,0.60272294,0.052742757,0.1016977
2796,5384,175.632,0.54674894,0.33835486,0.6587501
2796,5813,110.44567,0.55338424,0.23101863,0.45036346
2796,1470,22.509296,0.55833113,0.049293138,0.09452894
2797,3331,132.44788,0.54091036,0.2542116,0.4958979
2797,2646,37.75174,0.5474723,0.073812775,0.14292626
2797,2677,78.14673,0.5467564,0.15016933,0.29389828
2798,2678,66.339584,0.5404678,0.12800068,0.250493
2798,3043,101.34776,0.5420288,0.1949064,0.38060477
2798,2679,68.73033,0.54308397,0.13217983,0.25903863
2799,5277,38.596886,0.5720373,0.074992776,0.14481981
2799,1367,101.20764,0.5652483,0.19064732,0.37410283
2799,4750,30.015888,0.5674448,0.06012192,0.115129225
2800,2932,12.542721,0.56866795,0.025358737,0.04967074
2800,1492,48.2884,0.57209873,0.09236685,0.18091786
2800,3261,35.156868,0.5744331,0.07064722,0.13673161
2801,4090,2.8055954,0.5942169,0.0052050278,0.0108398795
2801,6510,46.951443,0.5913052,0.09200416,0.17740694
2802,4090,47.543068,0.5941103,0.0924941,0.17967144
2802,3828,79.446014,0.5903213,0.19745034,0.3872475
2803,4284,5.527214,0.57509786,0.00857842,0.017480284
2803,1818,67.69341,0.56701636,0.18149629,0.35521883
2804,670,1.8959389,0.6037588,0.002509378,0.005543381
2804,1870,52.733677,0.60526156,0.13649431,0.26790833
2805,3863,1.673603,0.59165037,0.0025325194,0.0054949224
2805,3428,31.080322,0.60113966,0.06800283,0.13216744
2806,1969,11.774744,0.5502513,0.027372837,0.054140776
2806,3150,4.0930405,0.550178,0.0077536255,0.016095787
2807,2810,3.0816307,0.5651811,0.0025827885,0.00616616
2807,2815,29.16342,0.5657419,0.037297104,0.072940186
2807,3213,40.58192,0.5727387,0.08558006,0.16459803
2808,2816,3.230915,0.5654255,0.001880683,0.0050483346
2808,2818,2.5325928,0.56898355,0.006719753,0.014041036
2809,3213,37.052258,0.56428003,0.0468023,0.090922244
2810,2807,2.647873,0.56324065,0.0016879737,0.004279405
2810,3214,346.85175,0.55254674,0.30689356,0.6008336
2811,2813,1.6824265,0.5598763,0.0049568564,0.010491729
2811,2809,4.986271,0.5645135,0.0084012,0.017601103
2812,5769,30.808613,0.56347394,0.039517354,0.07732826
2812,2810,40.374466,0.5661374,0.0885249,0.16879761
2813,2809,4.8364677,0.5686138,0.0038980693,0.009385213
2813,2808,1.4751663,0.56282353,0.0047191903,0.0099552125
2814,3239,123.29381,0.5577133,0.31770554,0.62116486
2815,882,5.3597527,0.5659439,0.0037722662,0.008823171
2815,2814,3.3042068,0.5687824,0.004829906,0.01079534
2816,2817,4.6131706,0.56826323,0.0038900375,0.0092586875
2816,882,1.4573479,0.56138504,0.004777819,0.01006709
2817,2810,34.681515,0.5643646,0.04467462,0.08647046
2818,2951,100.21862,0.557588,0.25711986,0.50261384
2819,4577,1.7367668,0.55984604,0.002025433,0.0048060566
2819,820,113.74537,0.555805,0.23813787,0.4633882
2820,4602,2.498333,0.6253394,0.0038327202,0.0076919645
2820,3102,83.930244,0.6266747,0.1704256,0.33461404
2820,3974,89.477066,0.6338036,0.16333956,0.32369453
2821,1735,90.95384,0.63685304,0.16544881,0.3279915
2821,2539,74.13681,0.63265955,0.13495055,0.2673213
2821,2823,80.84893,0.63558966,0.14809872,0.29426908
2822,2824,37.097923,0.6310337,0.072079316,0.1407699
2823,2821,80.94556,0.63387173,0.14760455,0.29330075
2823,3974,56.202354,0.6326191,0.10534035,0.20781542
2823,2822,30.871765,0.6282457,0.061419226,0.117778406
2824,4615,1.9974632,0.62880164,0.0025821328,0.005999133
2824,1978,12.381411,0.63199085,0.02587074,0.050927892
2824,2822,37.842194,0.6344534,0.07259923,0.14034565
2825,5482,7.06015,0.4039157,0.020341247,0.03342411
2826,2909,27.309261,0.61771256,0.051251985,0.09905138
2826,47,58.915848,0.61354303,0.15553936,0.3054135
2827,5853,22.228806,0.6073435,0.051055808,0.098830245
2827,2565,6.2232895,0.60588354,0.014434218,0.028914988
2829,2830,2.0681152,0.60989434,0.0029905736,0.0063643157
2829,2162,21.087397,0.6154109,0.04893002,0.094695956
2830,2829,2.096058,0.6093022,0.0029451028,0.0061681718
2830,5909,2.41016,0.6088786,0.0037844032,0.007725969
2830,4727,45.123817,0.6125056,0.108398125,0.20995595
2831,32,57.383804,0.61513364,0.116860405,0.22966467
2831,5505,41.313725,0.6155065,0.08538206,0.16620171
2832,1673,22.974031,0.2999785,0.055432476,0.10416526
2832,1233,2.336544,0.30175424,0.0061380193,0.011314049
2833,1674,31.94128,0.41132945,0.07269877,0.138688
2833,1262,17.6097,0.4164949,0.039293338,0.07541275
2833,1625,18.576817,0.4237859,0.04008151,0.07712166
2834,2587,59.665028,0.4835928,0.1184663,0.23010743
2834,4920,40.18316,0.50268036,0.07964568,0.1540137
2834,1664,62.333847,0.49666297,0.12321776,0.23969676
2835,3703,0.82831573,0.5352917,0.0036470369,0.007941559
2835,2625,13.213081,0.53816277,0.029171828,0.05693218
2836,99,2.794815,0.5288596,0.0049611554,0.010725379
2836,4642,2.5482368,0.529511,0.004150033,0.009091422
2836,4641,2.8477135,0.5318661,0.0035942197,0.008002639
2837,4688,22.704933,0.5817606,0.04730251,0.0914649
2837,747,15.155352,0.5772601,0.028626725,0.05622015
2838,2890,8.490406,0.5811212,0.01503478,0.030137166
2838,4069,79.238785,0.58341825,0.23465648,0.45962834
2839,2837,5.1508484,0.58519065,0.008523971,0.01753363
2839,6533,72.91871,0.5790352,0.18305334,0.35935378
2840,5415,90.75068,0.6058761,0.16888316,0.33276385
2840,337,121.73199,0.6004394,0.2246277,0.44170082
2840,4591,35.91552,0.6066725,0.070796534,0.13571255
2841,2681,443.9972,0.56313443,2.164193,4.253089
2842,4489,58.25196,0.5578803,0.13656671,0.2656325
2842,2854,50.209057,0.5531825,0.2287246,0.44512707
2843,1981,81.08141,0.60244095,0.15214902,0.29928276
2843,2985,30.646128,0.5981136,0.060707994,0.11655283
2843,2105,150.27776,0.594286,0.27928293,0.549159
2844,4438,1.9856606,0.6012795,0.0029450133,0.006318167
2844,4436,22.719305,0.6050814,0.04875834,0.094164945
2844,1303,28.369366,0.6027372,0.05718875,0.11007889
2845,2683,4.2934723,0.51705724,0.017873868,0.03479123
2845,6192,7.001255,0.5258978,0.016867556,0.033008203
2846,5415,1.8160095,0.60639423,0.002421692,0.005488783
2846,6137,15.822275,0.6065954,0.035738654,0.06978815
2847,2849,94.455795,0.57147855,0.1800133,0.35181236
2847,2972,54.74347,0.5758763,0.1051663,0.20568074
2847,2848,92.40845,0.5725611,0.17448589,0.34237033
2848,6694,185.3266,0.5630394,0.35419896,0.691636
2848,2847,92.12635,0.5715617,0.1745128,0.34291774
2849,4068,37.505386,0.10710493,0.12442179,0.25589663
2849,2847,95.21797,0.56569326,0.17765136,0.347973
2850,4591,43.970455,0.60292697,0.083513685,0.15934497
2850,3341,64.216286,0.6019252,0.12044557,0.23547643
2851,2854,35.640907,0.5590064,0.08452322,0.16230491
2851,2852,8.824951,0.5606674,0.01903376,0.038162813
2852,4488,0.5723877,0.55223614,0.0021795481,0.005504936
2852,1936,37.254307,0.56184673,0.07941088,0.15130411
2853,2852,40.28982,0.5575805,0.09380717,0.17854117
2853,2841,53.164257,0.55503345,0.236898,0.46059465
2854,1764,24.007395,0.5499097,0.10986036,0.22091904
2855,1158,54.50891,0.5748147,0.10621738,0.20850158
2855,1158,58.075375,0.5753221,0.113001846,0.22202142
2855,3148,12.10486,0.5793821,0.024291232,0.04784283
2855,3312,94.78706,0.5698417,0.18033391,0.35358503
2856,944,67.1336,0.56428355,0.12666744,0.24649952
2857,2861,1.4082756,0.55723596,0.004353963,0.0089816
2857,4871,43.970333,0.5686869,0.109200895,0.21393687
2858,5847,1.399437,0.56372565,0.0031778142,0.0073477924
2858,2856,8.58707,0.57050556,0.008547604,0.018222123
2859,2857,5.02124,0.5599647,0.012186401,0.024781287
2860,2862,1.9811897,0.562596,0.0051679015,0.011001453
2860,6056,85.39872,0.55611014,0.09832154,0.1879613
2861,2860,1.3153381,0.55917555,0.0038229674,0.008133203
2862,3322,24.484877,0.5582817,0.0582501,0.11237526
2862,2859,1.3079796,0.55679137,0.003917806,0.008305848
2863,2868,1.3623657,0.56042826,0.002848357,0.006474361
2863,2866,1.6435432,0.5608122,0.003351964,0.0074899197
2864,2867,2.3660393,0.55561095,0.0046408772,0.0095921755
2864,2866,1.9184761,0.5612567,0.0035713613,0.008033067
2865,2868,0.13682556,0.046964675,0.000651747,0.0018469393
2865,2867,1.8177338,0.56044316,0.004406452,0.009557262
2866,2864,2.1198463,0.5606725,0.004700199,0.0098554045
2866,2863,1.6345329,0.56143665,0.0036955178,0.008268803
2866,1879,19.706203,0.5642024,0.043961678,0.08493106
2867,2865,1.9698486,0.5626261,0.0045791194,0.009526834
2867,2864,2.3442764,0.55704355,0.0049577802,0.010163829
2867,4693,12.840843,0.55279684,0.028549872,0.055680044
2868,2863,1.2162094,0.5604686,0.0027925968,0.006638676
2868,2865,0.64165497,0.045626372,0.0020156652,0.003955841
2868,3181,54.61233,0.56164086,0.11771745,0.229446
2869,841,1.9814262,0.56703115,0.0032417849,0.007210076
2870,6614,1.5636139,0.5870444,0.0017444342,0.0041289777
2870,6615,67.354324,0.5867504,0.12727171,0.2509781
2870,5549,30.821732,0.5866122,0.06657691,0.12834382
2871,4697,2.0593376,0.5563458,0.0031515956,0.0068962574
2871,6026,27.903332,0.5579584,0.060652092,0.11640651
2872,4533,13.266222,0.5608792,0.02853804,0.0561537
2872,1459,35.193405,0.56720257,0.074738234,0.14635697
2873,3238,1.5269432,0.56579614,0.0017554685,0.004364446
2873,1464,88.27086,0.5616824,0.22633132,0.44161046
2873,1463,185.30315,0.55540097,0.35452795,0.691842
2874,4497,88.49155,0.5794052,0.16659331,0.32786572
2875,4497,2.1073227,0.58491874,0.0030511767,0.0066781193
2875,4027,57.75025,0.5857292,0.17671871,0.34582877
2876,2385,186.5045,0.5401605,0.36002702,0.700616
2876,2878,63.05268,0.5485625,0.13426779,0.26219997
2876,1172,32.813095,0.55221546,0.07022843,0.13611493
2877,3880,43.00277,0.5457698,0.09049738,0.17479718
2877,2878,2.7210426,0.548582,0.0060062334,0.012560874
2878,2877,2.4286537,0.5474296,0.005385235,0.011455372
2878,2876,62.527542,0.54750407,0.13126922,0.25667202
2879,1029,119.870514,0.57022905,0.22772005,0.446527
2879,6323,18.132044,0.5748797,0.03740382,0.0723352
2880,6322,3.220375,0.5789821,0.007947043,0.01620236
2880,6323,2.6986885,0.57797396,0.0042049736,0.008985892
2881,2381,26.44672,0.57347804,0.066122994,0.12748362
2882,2883,37.58269,0.56698376,0.07238928,0.1426986
2883,2882,37.570988,0.5685496,0.07248058,0.14180537
2883,1273,80.0956,0.56203514,0.15429932,0.30314824
2883,3111,30.355713,0.5678674,0.061110325,0.116510846
2884,3351,32.5808,0.57586896,0.06486174,0.12576848
2884,2885,17.275648,0.5752343,0.035672706,0.06945034
2884,3816,40.672344,0.5760392,0.07864952,0.15246291
2884,2327,13.477709,0.5780339,0.027582996,0.054184347
2885,2884,17.12989,0.57397556,0.03569759,0.06906322
2885,2327,8.451416,0.5722991,0.022846095,0.04510291
2886,2899,25.802338,0.54218215,0.05589528,0.10656897
2886,147,38.043816,0.5391599,0.08121375,0.15644018
2887,4130,1.1419945,0.5764146,0.0035490245,0.0075886995
2888,847,19.860493,0.4792283,0.04301836,0.08268456
2888,3682,36.916363,0.4859846,0.079356626,0.15284525
2888,4970,21.086153,0.48318696,0.045144774,0.086581215
2889,735,3.2990875,0.58105314,0.004668139,0.010397628
2889,727,47.447445,0.58581376,0.09838193,0.19108193
2890,2902,44.514694,0.57824767,0.06637198,0.12714949
2891,2636,57.298637,0.50646204,0.11125298,0.21638179
2891,5739,31.04634,0.49914122,0.06366728,0.1218852
2892,298,17.271765,0.5902966,0.0396594,0.07719351
2893,516,2.1346588,0.5583482,0.0031408742,0.0069745034
2893,2898,5.021492,0.5646193,0.008563697,0.017298043
2893,3299,52.32122,0.5575209,0.12885796,0.2535497
2893,4289,33.297073,0.5601127,0.060258288,0.114198
2894,415,1.8236732,0.56299895,0.005791694,0.012010157
2894,423,38.485527,0.56538683,0.074735805,0.14806199
2895,2898,2.9491234,0.5622414,0.0044396147,0.009606153
2895,415,7.7882614,0.5654364,0.019127026,0.037970558
2896,3443,55.605896,0.5598419,0.14211085,0.27785534
2897,2898,3.2037659,0.56246275,0.008847572,0.017907485
2897,2893,6.6241226,0.56171227,0.01610335,0.032196566
2898,1795,21.070406,0.5586935,0.04979383,0.09657106
2898,2893,4.772312,0.5639329,0.008053638,0.01653649
2898,2895,2.7387047,0.56201285,0.0038627088,0.008405566
2899,2886,25.240314,0.5404397,0.0551487,0.10515501
2899,6400,30.941895,0.546696,0.06691487,0.12829117
2900,5138,1.4269562,0.5598786,0.0018756539,0.004450038
2900,1015,27.927296,0.56046814,0.057043962,0.10913711
2901,1644,2.4093018,0.59589905,0.004881859,0.01048547
2901,5210,67.9034,0.59876144,0.17537552,0.3450171
2902,712,4.6284447,0.5867435,0.007127784,0.014601931
2902,2952,37.355263,0.5883436,0.09048533,0.17476028
2903,2911,18.806644,0.6066379,0.032622065,0.06342388
2903,6162,52.790276,0.6211465,0.11257462,0.2193417
2904,6162,47.48971,0.60676336,0.05385356,0.10300766
2905,493,59.59691,0.61871433,0.14339745,0.2817654
2906,2905,20.043287,0.6141623,0.03642315,0.07127542
2907,2912,8.000912,0.6076284,0.013665982,0.027212903
2907,6966,7.6466904,0.6080601,0.00802248,0.017120957
2908,47,46.89714,0.602799,0.07608382,0.14511652
2909,2906,10.134495,0.6180486,0.019045047,0.037569463
2909,6968,6.2420807,0.6141587,0.0112691745,0.021761894
2910,2904,11.425425,0.6085885,0.021442078,0.042264
2910,6967,6.595173,0.60629064,0.01185181,0.023390815
2911,2908,12.344547,0.60678685,0.021832936,0.043044105
2911,6969,7.6851273,0.6077259,0.013298616,0.02695176
2912,6514,26.939785,0.6135384,0.046734273,0.091629565
2913,488,1.5012474,0.63377035,0.0026968196,0.006534502
2913,494,55.98607,0.6456648,0.14111921,0.27915365
2914,1525,28.59175,0.5246262,0.16015075,0.3138198
2915,1722,6.943699,0.56607413,0.013389617,0.02677007
2915,2957,1.6942291,0.5663787,0.002126187,0.0049812496
2915,4196,5.526474,0.5675515,0.01335755,0.026698112
2916,4467,2.9434166,0.593322,0.0047872365,0.010158002
2916,2917,10.99695,0.59216857,0.021778949,0.043123722
2916,830,21.378307,0.5923166,0.043937724,0.08506704
2917,4046,1.8432999,0.591236,0.0025070012,0.0053273737
2917,2805,3.094452,0.590707,0.005894229,0.01174444
2917,2916,10.976383,0.59213954,0.021756805,0.04289098
2918,2919,69.4487,0.41796702,0.14252034,0.27557546
2918,2561,29.095942,0.4025004,0.06308856,0.11909531
2919,2331,19.263903,0.43410286,0.04601359,0.088390745
2919,2918,69.78001,0.4191218,0.14283249,0.27524197
2920,14,21.044266,0.43860257,0.051080585,0.09791828
2920,2921,53.569065,0.4228671,0.10967855,0.21199739
2921,2339,3.7496872,0.41463,0.007328905,0.01463145
2921,2920,52.724976,0.42294458,0.10734956,0.20759192
2921,2551,66.829865,0.41104725,0.13817392,0.26808143
2921,3075,40.03413,0.4216802,0.081634425,0.15584877
2922,5517,1.6002426,0.5664059,0.002873242,0.006442204
2922,3396,44.174294,0.57310194,0.09115602,0.17681886
2923,325,7.950577,0.6368585,0.0152922645,0.03025198
2923,304,121.70269,0.6354527,0.22149834,0.4366839
2923,4617,62.25904,0.6399186,0.15561977,0.3087545
2924,3896,3.3827972,0.6379481,0.005951576,0.012161061
2924,306,5.8759117,0.64147073,0.01379472,0.02696383
2924,4617,75.64078,0.64242834,0.19237188,0.38122773
2925,913,73.04934,0.53657925,0.14147612,0.27701318
2925,3076,13.731337,0.5396211,0.03155448,0.061867505
2926,629,87.722565,0.4459371,0.23262921,0.44902384
2927,2115,187.38443,0.43914622,0.38353434,0.7391232
2927,713,88.07023,0.36920413,0.18834507,0.36311364
2927,273,99.33234,0.41039804,0.20677887,0.3978966
2928,3266,6.4261284,0.57186896,0.012224376,0.024536893
2928,2929,10.822401,0.5715147,0.021711469,0.042740956
2928,2930,52.17579,0.5718766,0.10055388,0.19693078
2929,2928,10.924328,0.5726653,0.021913938,0.043129534
2929,3264,5.753704,0.5732923,0.010771848,0.02169007
2929,3233,58.33501,0.57136226,0.112098254,0.21997496
2930,2928,52.35501,0.5723775,0.100459106,0.19663897
2930,2931,75.47522,0.5690564,0.14256895,0.2801846
2930,611,58.596733,0.57037854,0.112843305,0.22121464
2930,3233,15.748503,0.57164216,0.032302804,0.062823355
2931,5058,1.6513977,0.568405,0.0022005886,0.004954174
2931,2930,75.23227,0.56783736,0.14298351,0.28112993
2931,2932,52.076096,0.57104576,0.10023211,0.19570093
2932,2800,12.31908,0.569502,0.025044873,0.04903896
2932,3232,140.15797,0.55956465,0.26538193,0.5188356
2932,2931,52.091087,0.5721775,0.10003066,0.19536512
2933,3820,64.81746,0.5680836,0.17235744,0.33726668
2933,3396,50.99415,0.5725053,0.10555466,0.20605752
2933,3641,103.14006,0.5658315,0.19464448,0.38193315
2934,4757,1.2013588,0.56082463,0.0015979931,0.0038447827
2934,845,97.953445,0.56204945,0.18459567,0.36245546
2934,5673,72.00519,0.5626331,0.20216388,0.39520693
2935,41,2.5507164,0.6192136,0.004670307,0.009641722
2935,6255,25.838963,0.6209919,0.06020578,0.11586935
2936,1746,188.94614,0.65895057,0.36677957,0.722723
2936,6586,39.12735,0.3899626,0.14912271,0.23260415
2937,4664,3.9840393,0.66932964,9.7975135e-06,0.0018866062
2937,2939,53.73602,0.40429315,0.19824982,0.3148996
2938,4190,3.9868698,0.3243153,0.012345776,0.020427823
2938,401,75.52278,0.6259359,0.1549913,0.3062093
2939,2940,1.8640556,0.66885656,0.0015873611,0.003849849
2939,3864,28.401306,0.40439457,0.1069433,0.17100802
2940,2939,1.7655296,0.6705236,0.0012254342,0.0032746345
2940,4664,53.136723,0.39037627,0.19658746,0.31245074
2941,2938,9.589996,0.3813777,0.028152749,0.0486089
2942,6441,9.835453,0.57201344,0.011146218,0.023211882
2942,1345,66.53055,0.56727105,0.14251341,0.27870643
2943,2540,3.5378914,0.5946907,0.005050242,0.010960177
2943,2380,4.7147255,0.5892478,0.011738986,0.023384318
2944,5500,2.8262749,0.6521781,0.0035446808,0.008058518
2944,3921,131.56473,0.6520492,0.2632844,0.51550454
2945,2946,1.5282936,0.5628739,0.0018743277,0.004506275
2945,6422,11.797905,0.5656329,0.025712945,0.050433993
2946,2945,1.6366081,0.56164694,0.0021948516,0.0051645935
2946,2702,164.87036,0.5505024,0.315222,0.6158837
2946,2641,17.330875,0.5634316,0.037425492,0.072436444
2947,5400,1.7394562,0.5760961,0.0038250014,0.008146271
2947,2942,4.946457,0.5769203,0.010481827,0.021328256
2948,3458,113.616905,0.57252,0.16075076,0.31485507
2949,2950,5.777954,0.5704947,0.012880541,0.025596604
2949,6678,90.28265,0.56195706,0.20385286,0.3942775
2950,729,1.8091965,0.56731814,0.0035641938,0.007871285
2950,6172,83.26075,0.5578389,0.17804614,0.34734958
2951,1465,2.085495,0.5636068,0.0030892938,0.006768644
2951,6310,169.01413,0.55217034,0.43055615,0.8432468
2952,6333,26.50101,0.5824303,0.06412564,0.12323174
2953,2956,1.0544281,0.5758826,0.0032681227,0.0071578026
2953,4328,48.36703,0.5786013,0.091850765,0.17808622
2954,3823,1.1455421,0.5715756,0.0018729642,0.005047232
2954,5996,68.04026,0.57064176,0.18496722,0.36065617
2954,821,149.2594,0.56334037,0.31264266,0.6099254
2955,784,1.7790642,0.5793807,0.0023431033,0.005357608
2955,1145,222.86057,0.562158,0.42936856,0.83720124
2956,4327,1.2170868,0.5778234,0.0015893653,0.0038159937
2956,5995,64.90938,0.5717082,0.1668764,0.32561457
2957,2915,1.4717216,0.56621003,0.0019029006,0.0045901984
2957,6985,89.64066,0.55608547,0.23082072,0.44904143
2958,587,1.8004227,0.5678801,0.0024700537,0.0055256784
2958,4359,1.2970161,0.5690352,0.001504831,0.0037839562
2958,2957,24.521336,0.5693442,0.059335615,0.115260966
2959,4358,29.446602,0.5642128,0.070998356,0.1377285
2959,2958,25.62134,0.56975836,0.061989084,0.11974464
2960,2961,1.3995094,0.566846,0.0016385987,0.0040647537
2960,880,390.09296,0.5503046,0.74443597,1.4559546
2961,2960,1.7998962,0.56726265,0.0027854592,0.006296307
2961,3993,40.725872,0.5663516,0.10056095,0.19339146
2962,1458,1.0313034,0.5607848,0.001567401,0.004415214
2962,3994,5.1589775,0.56662565,0.012945607,0.026300594
2963,2965,3.1951828,0.64033514,0.0051799193,0.010661498
2963,4617,92.43762,0.641853,0.16870734,0.3344344
2964,4213,2.0031128,0.64441854,0.0033885017,0.0077799857
2964,2963,92.0388,0.6478371,0.17316635,0.34180313
2965,2963,4.316105,0.6421201,0.0077709556,0.015480518
2965,3353,15.121122,0.6402523,0.030594368,0.059984654
2966,5691,1.8911552,0.5474218,0.002162099,0.005104527
2966,5690,10.631081,0.54697925,0.022180825,0.043544367
2967,2451,2.3243294,0.54983056,0.0037534982,0.008338377
2967,6013,36.446762,0.5413867,0.07128383,0.13778853
2967,3346,118.06124,0.56085145,0.22283152,0.43565583
2968,772,1.7313805,0.32771802,0.0035292283,0.0066791326
2968,770,7.14019,0.33546135,0.018417068,0.035037592
2968,771,3.63245,0.33100054,0.0078905,0.014771998
2969,3573,32.892387,0.5492209,0.05457231,0.10395207
2969,3897,5.18367,0.5459925,0.0085930675,0.01750587
2970,3400,31.290756,0.5052759,0.080349304,0.15045896
2970,4097,22.350227,0.5019184,0.04798751,0.0922793
2971,3049,75.35834,0.56373847,0.14544037,0.28555986
2971,5382,36.051743,0.5689826,0.070365384,0.1353584
2971,2083,115.69856,0.55979633,0.21891078,0.42783597
2972,2267,27.854118,0.5711914,0.05570579,0.10659836
2972,2268,59.016865,0.57250184,0.11435728,0.22401339
2972,2847,54.652153,0.5737518,0.1056386,0.20623752
2973,2267,47.519444,0.57410336,0.09095088,0.17772613
2974,5701,1.383522,0.57347023,0.0030452162,0.0059141815
2974,2849,23.6084,0.39779684,0.056189027,0.10837348
2975,2102,17.88885,0.6138528,0.036710534,0.07164215
2975,2103,29.32587,0.61280906,0.05746089,0.111304455
2976,2967,104.857605,0.5721507,0.19770417,0.3863938
2976,1765,90.11617,0.5922421,0.16709822,0.32858884
2976,3154,2.239441,0.59372646,0.0030675232,0.0063913167
2977,48,1.513237,0.5832258,0.0028625578,0.006633818
2977,217,42.54482,0.5919291,0.08840515,0.17264815
2977,2979,17.109434,0.58860373,0.039708093,0.07683314
2978,2910,46.366905,0.60300857,0.07742035,0.14746033
2978,6514,59.992844,0.61035115,0.15476781,0.30239818
2979,7009,1.876442,0.588514,0.0020321012,0.0048095733
2979,2978,93.52201,0.58711314,0.25988945,0.5099685
2980,992,1.08144,0.5735595,0.003485173,0.007733807
2980,3308,52.71262,0.5806678,0.124326155,0.24426244
2981,3308,1.9227905,0.58043724,0.0033674464,0.0070649087
2981,227,3.1308136,0.58094436,0.0078639835,0.01616183
2982,6952,1.012207,0.3568971,0.0,0.0
2982,3386,637.341,0.62111276,1.1802602,2.3212216
2982,3739,193.17459,0.5648868,0.36936387,0.7199998
2983,3342,2.0931625,0.5973601,0.0030315742,0.006637588
2983,1302,2.156849,0.59805954,0.0032818988,0.0069416463
2984,2985,56.659172,0.60134125,0.10799954,0.21055016
2984,2983,36.8618,0.6009105,0.07083829,0.13701911
2985,2984,56.33763,0.6030543,0.10676214,0.20915195
2985,2843,30.281658,0.600414,0.06012349,0.114980966
2985,3340,13.095493,0.59815335,0.02590394,0.050582886
2986,281,1.7138176,0.575575,0.0024062693,0.005383119
2986,5989,35.22965,0.57643414,0.07497507,0.14705186
2987,1564,20.772861,0.57890195,0.040075276,0.07816496
2987,1567,30.849297,0.5805641,0.0656959,0.12906899
2988,5094,39.459274,0.56324095,0.09721644,0.18442048
2989,3458,1.6324158,0.58243406,0.0027598217,0.005998194
2989,2574,4.9150047,0.58370435,0.010587722,0.021521881
2990,3668,278.8015,0.56225115,0.527996,1.0304295
2990,4783,23.088366,0.5734592,0.04744871,0.0906066
2991,4864,13.68037,0.5742157,0.029630888,0.058143295
2991,6819,8.49395,0.5767867,0.017437965,0.034849674
2992,3227,1.6394539,0.5684553,0.0029984266,0.0068848133
2992,6819,11.933115,0.5720312,0.025887296,0.0507192
2992,3601,194.81557,0.5592057,0.37278557,0.7280358
2993,3171,72.55318,0.5353829,0.13618873,0.2667558
2993,6025,13.416561,0.5391504,0.029439941,0.058013253
2994,2384,5.3720703,0.5341417,0.010168493,0.02063325
2994,1247,30.60567,0.53355443,0.060905848,0.11738221
2994,2606,67.20604,0.53851235,0.12955366,0.2535861
2995,1249,55.831417,0.47448456,0.110616,0.21409346
2995,5612,150.52818,0.42904443,0.15234622,0.2957456
2995,1704,176.61256,0.47808477,0.16001415,0.31200275
2996,6560,9.366325,0.5225343,0.019367747,0.037886575
2996,1709,3.231247,0.5251804,0.0060042813,0.01244387
2996,5543,82.935135,0.530048,0.16148682,0.3155921
2997,5751,7.7964897,0.44125378,0.017208703,0.03349997
2997,6840,14.15428,0.44049376,0.031014025,0.059951328
2998,2550,38.112236,0.46649605,0.077510916,0.1474871
2998,2390,84.82193,0.45281342,0.17264402,0.33272743
2998,2007,238.38637,0.45333624,0.48959002,0.9480767
2999,3572,1.9865761,0.4425083,0.003117688,0.0062265247
2999,4915,2.2368622,0.44359767,0.003788419,0.007928863
2999,561,32.903877,0.44704074,0.08497733,0.16242567
3000,1518,5.4974937,0.45546886,0.010972582,0.021691784
3000,5156,1.7498398,0.45997596,0.0028528497,0.006347105
3000,5267,36.093464,0.45013136,0.07143946,0.13668054
3001,682,3.7489777,0.6046252,0.007481411,0.015157968
3002,3004,17.085785,0.5931566,0.03524732,0.06882819
3002,216,49.909634,0.58934844,0.09496434,0.18277754
3003,1340,21.769197,0.5942611,0.044831835,0.08660709
3003,218,30.840343,0.59620106,0.06661354,0.12796779
3004,3002,17.001522,0.59346384,0.03496804,0.06832418
3004,215,22.38578,0.5962638,0.04623235,0.08914194
3004,3003,7.4764977,0.5894097,0.015435122,0.030584142
3005,6494,4.3746986,0.55731976,0.0071083754,0.014834076
3005,6495,1.9440422,0.5295548,0.0052381307,0.010683373
3006,1136,8.08429,0.55906147,0.0178226,0.03559941
3007,4908,22.980986,0.5926293,0.045731656,0.087754756
3007,190,25.52619,0.59378934,0.053053513,0.10119005
3007,6381,30.547573,0.60167456,0.07423164,0.14546399
3008,840,25.399761,0.58416003,0.052834053,0.10266003
3008,4047,9.644726,0.11107612,0.026973017,0.052959427
3009,4223,0.0,0.06375992,0.002269946,0.004866749
3009,2592,2.9205704,0.59116715,0.0059399903,0.012092203
3010,3009,1.7993813,0.07273847,0.006059818,0.012895718
3010,2592,3.5811195,0.57844,0.0058490857,0.012671232
3011,1600,1.8762589,0.5831524,0.00245893,0.0054235607
3011,1190,31.140564,0.58352,0.060834844,0.11649531
3011,3012,11.725922,0.58302,0.026623093,0.052209258
3012,763,1.8564568,0.58525133,0.0025827289,0.0058128834
3012,3015,33.23448,0.5909667,0.08084234,0.15767574
3013,5302,18.083527,0.59070224,0.04233877,0.082367525
3013,1290,6.3721886,0.5890192,0.015109211,0.030371606
3014,2593,43.941456,0.59091985,0.08418891,0.16479054
3014,3013,12.511959,0.5921054,0.029138282,0.057270803
3015,2263,68.854935,0.58427626,0.13147724,0.25882614
3015,5304,18.903404,0.5916767,0.04408594,0.08606012
3016,3395,57.00433,0.5519035,0.10897267,0.21264744
3016,2256,114.90024,0.54827267,0.2190553,0.42746
3016,1127,80.028305,0.548691,0.1540299,0.30131269
3017,1496,131.40915,0.5491224,0.2772554,0.5405744
3017,3395,112.0146,0.55146104,0.21329916,0.4164904
3018,3040,69.62597,0.5585829,0.14369789,0.28159264
3018,4934,112.09093,0.5556702,0.22753799,0.44485766
3018,6848,153.92485,0.5524617,0.29261807,0.571068
3019,3065,411.44775,0.5388891,0.78487134,1.5346943
3019,6848,2.0486908,0.55829936,0.003205821,0.0072613508
3020,4374,1.1872711,0.55612427,0.0013222843,0.0032328218
3020,3022,71.84267,0.559358,0.13707474,0.268724
3020,3027,68.99297,0.5579238,0.14674056,0.28570187
3021,6556,1.7223282,0.5570304,0.0015724599,0.003861323
3021,3022,6.6752586,0.559419,0.013400979,0.02682975
3022,3020,72.03487,0.5533328,0.13794401,0.2701068
3022,6556,6.822998,0.5583251,0.013730623,0.027251616
3023,3024,61.186897,0.55657023,0.11419322,0.22061709
3023,6849,12.524506,0.56313854,0.02569358,0.05083935
3024,3023,59.83696,0.55912435,0.11184462,0.21603711
3024,6555,27.187153,0.56400454,0.05625133,0.10767731
3025,3026,27.513443,0.5621822,0.054967616,0.10587347
3026,3029,68.7085,0.5602889,0.13067698,0.25694233
3026,3028,53.63275,0.5639617,0.10320207,0.20231229
3026,3025,27.447783,0.5640018,0.055267733,0.10588304
3027,4342,1.3047523,0.5576697,0.0017880052,0.004353851
3027,3028,10.199181,0.5630371,0.022235043,0.043898866
3028,4344,1.6346855,0.56253767,0.0021225587,0.004871428
3028,3026,53.85178,0.5650599,0.10332109,0.20208935
3028,3029,27.58429,0.56342864,0.05995459,0.11571691
3029,4343,1.1944199,0.5566713,0.0013094023,0.0032995641
3029,570,1.5860443,0.55943674,0.0032784045,0.0071531683
3029,3026,68.95865,0.56223434,0.13134767,0.25772104
3030,3031,8.152798,0.56128794,0.016129032,0.032221735
3030,4370,100.68561,0.56478673,0.189854,0.3718795
3030,4369,185.76085,0.55128783,0.35762286,0.69746137
3031,7086,69.684555,0.56032044,0.1332897,0.26076463
3031,3030,8.043053,0.56108713,0.01589787,0.031769976
3031,3036,135.16068,0.55514187,0.25593477,0.5006356
3032,3035,109.64267,0.55931175,0.20790267,0.40690413
3032,4061,2.7178154,0.56272125,0.0054412186,0.011617973
3032,614,66.4909,0.5601945,0.1376368,0.27035853
3033,5097,2.3654442,0.5621588,0.004561648,0.0098596215
3033,5784,11.453825,0.5625178,0.023374043,0.04583238
3034,1496,51.24617,0.5584245,0.0984886,0.19303823
3034,1497,29.047203,0.5591361,0.06197483,0.11973457
3034,3039,8.505409,0.5552491,0.018076941,0.036075413
3035,3032,109.66608,0.56210375,0.20939432,0.4094997
3035,613,63.089886,0.56303304,0.09359891,0.18311337
3035,612,120.75482,0.56418717,0.17858076,0.3518998
3036,3031,134.7774,0.5553545,0.2556361,0.5000392
3036,3201,81.97222,0.5612009,0.15645754,0.30724153
3036,3037,26.53571,0.5648072,0.05399834,0.10331035
3037,3036,26.357197,0.5640515,0.053463038,0.10240976
3037,5774,9.441444,0.5643034,0.01908394,0.037566215
3038,5368,1.4457893,0.5687711,0.0015079379,0.0033712238
3038,640,46.94136,0.56783557,0.14823157,0.28883672
3038,3083,62.283165,0.5577895,0.20707047,0.40292555
3039,1435,25.290977,0.5561464,0.05189317,0.09877682
3039,3034,8.499569,0.5567442,0.017868578,0.035791725
3039,1434,32.200764,0.5564205,0.06822544,0.13254824
3040,1498,172.25034,0.55051297,0.34862062,0.6808297
3040,3018,70.06523,0.558947,0.14310937,0.28065485
3040,6611,44.81863,0.5601111,0.08598496,0.1657361
3041,3167,1.7006798,0.49259186,0.0024588853,0.0053383857
3041,529,95.110794,0.49734455,0.18853292,0.3653909
3041,800,229.95612,0.49474308,0.45924723,0.89157766
3042,614,135.30853,0.5512206,0.25709188,0.5025503
3042,621,41.44274,0.56240153,0.07979453,0.15643674
3042,621,49.762703,0.5615191,0.096254446,0.18897516
3043,2798,101.08597,0.5410868,0.1946958,0.37968975
3043,2677,43.240746,0.54696435,0.08362511,0.1627269
3043,4539,78.232635,0.5415961,0.15043283,0.29389343
3044,4487,116.23921,0.5584066,0.21999708,0.42993987
3044,4485,39.718964,0.56712484,0.075944945,0.14962927
3044,4491,35.63198,0.56846553,0.06910067,0.13338861
3045,4378,2.8990746,0.57024646,0.0060344785,0.012825847
3046,3049,3.0615158,0.56585956,0.0056866035,0.011685401
3046,3050,99.836105,0.55680084,0.21185842,0.41068017
3047,4744,109.68987,0.53848654,0.28609437,0.5563745
3047,3048,35.265503,0.5400695,0.06961969,0.13595332
3048,3047,35.32478,0.5392987,0.068969116,0.13349175
3048,5285,81.60912,0.5408266,0.15726343,0.3071391
3048,5021,32.132137,0.53958994,0.06403745,0.122467846
3049,3046,3.0531616,0.56895554,0.0055417717,0.011394769
3049,2971,76.41835,0.5654833,0.14514351,0.285295
3049,5385,34.118855,0.5677754,0.07263058,0.14110911
3050,2461,26.53342,0.55971265,0.05722794,0.10894748
3050,3049,97.7074,0.56002396,0.21163306,0.41171908
3051,5986,2.1707993,0.5839005,0.0034137443,0.007557124
3051,3432,97.65389,0.5805143,0.18401872,0.36139798
3051,6906,49.75316,0.5852063,0.124338925,0.24117854
3052,6683,52.94718,0.5784531,0.101210535,0.19738439
3053,4496,2.8315697,0.58548015,0.0045063347,0.009478167
3053,2143,9.674156,0.58462846,0.025016703,0.048939824
3054,1129,13.881699,0.5480398,0.028647885,0.055935085
3054,1133,19.242939,0.54915696,0.040069316,0.07781338
3055,1132,28.052164,0.5485467,0.060626395,0.11619992
3055,2257,14.072697,0.54771507,0.030512981,0.059520893
3056,1606,3.0053596,0.59323764,0.0058326796,0.012196675
3056,3057,150.7983,0.5857795,0.2816006,0.55357766
3056,1605,27.475546,0.5946792,0.058908485,0.11355071
3057,1607,45.713703,0.5915959,0.087845795,0.17119752
3057,1604,77.16101,0.5884509,0.14559186,0.2870677
3057,3056,151.14754,0.5837941,0.2826206,0.55468816
3058,1606,107.39961,0.59081066,0.20042326,0.39364782
3058,3059,42.36454,0.59565544,0.081825666,0.1599764
3058,3160,108.28115,0.59102637,0.20177177,0.39689124
3059,3160,43.17706,0.5948051,0.082911044,0.16178113
3059,3161,86.62418,0.5895058,0.16187763,0.31861246
3059,3058,42.32764,0.59494454,0.081697695,0.1598086
3060,2093,201.231,0.57730645,0.3818114,0.74710375
3060,1604,164.06735,0.5838725,0.33922058,0.6634045
3060,1603,21.655909,0.5925008,0.04640432,0.08903233
3061,1512,88.869125,0.466771,0.17853528,0.34421414
3061,1509,48.879383,0.48754278,0.096733585,0.18763278
3062,3202,1.4206009,0.55193573,0.001965277,0.0046993643
3062,1445,110.04216,0.54828286,0.2120603,0.41343853
3062,3797,86.33549,0.5446731,0.1655994,0.323022
3063,3202,60.77459,0.5545405,0.11764416,0.23022059
3063,4181,21.171206,0.54887617,0.04431807,0.08529046
3063,4711,47.77119,0.5531101,0.08989245,0.1746327
3064,1433,129.18439,0.5467271,0.27245003,0.5296424
3064,1435,211.9383,0.5434819,0.41102028,0.8004445
3064,554,8.548149,0.5516006,0.01835677,0.036837757
3065,6869,24.783329,0.5577756,0.054091003,0.10361166
3065,3019,404.21094,0.5424629,0.7727182,1.5110847
3065,3204,27.00308,0.55789375,0.058848415,0.113051824
3066,2081,153.4569,0.56346416,0.29038426,0.56859815
3066,1274,98.164856,0.5690722,0.1869019,0.36647502
3066,1142,22.112783,0.57104313,0.046048578,0.08831
3067,2068,48.404594,0.58186615,0.092661485,0.18092902
3067,6760,156.89435,0.5720091,0.29762065,0.58212644
3067,1788,70.11205,0.5783054,0.1333695,0.26230192
3068,3217,1.5578003,0.5628813,0.0025855154,0.006102979
3068,1627,39.808216,0.56082475,0.18434641,0.3589058
3069,5689,2.46875,0.5655422,0.0030619875,0.0068285465
3070,4529,1.5428314,0.5819899,0.0019117817,0.004514441
3070,6683,116.8969,0.5722185,0.24708188,0.48108017
3070,3433,110.94015,0.57576746,0.20773888,0.40721878
3071,3072,0.6415825,0.33810169,0.00024852157,0.00026257336
3071,6122,264.0406,0.57501394,0.5558207,1.0883511
3072,3071,1.0532799,0.34163752,0.0010635331,0.0017996728
3072,6606,47.91933,0.59716713,0.10148611,0.19869386
3073,6760,1.317791,0.5804831,0.0018258765,0.004433587
3073,1140,2.603798,0.5817257,0.0052215755,0.011018053
3074,3075,1.9229164,0.4251436,0.0036982447,0.00752832
3074,2560,74.63835,0.41547284,0.21490362,0.41493696
3075,3074,1.7925186,0.4226285,0.0036041886,0.0073485523
3075,2921,39.808804,0.42130274,0.08199652,0.15679486
3075,2030,119.77887,0.42794067,0.24806401,0.47723216
3075,1858,14.8186245,0.42693794,0.03272969,0.062913075
3076,3456,6.7821465,0.53710884,0.016144603,0.032520384
3076,6477,17.50458,0.53267324,0.03380728,0.06747399
3077,5883,1.6344452,0.5427863,0.0024646,0.0054383427
3077,1888,51.765366,0.5408261,0.107951,0.20962489
3078,5206,1.8128052,0.60898113,0.00182724,0.0048258305
3078,5044,64.570145,0.6064605,0.1614736,0.31665808
3079,4928,42.002743,0.6035095,0.080937654,0.15936324
3079,4690,35.754013,0.6083534,0.08653132,0.16856694
3080,5177,2.3665924,0.59538025,0.0015707165,0.0041103363
3080,4691,34.963253,0.60574204,0.075489156,0.14501369
3081,4595,1.8005714,0.6258942,0.0025020912,0.0053230524
3081,835,56.94271,0.62854713,0.116100274,0.22662073
3081,2575,81.27724,0.63338846,0.14875485,0.2951302
3082,4605,38.456234,0.617138,0.07411631,0.14349082
3082,2101,12.08106,0.6161555,0.024041608,0.047237158
3082,3187,107.288055,0.61201024,0.19438377,0.383623
3083,6226,112.45029,0.55799806,0.37894198,0.73979545
3083,3038,62.72242,0.56137514,0.20714228,0.40368164
3084,1949,1.8417053,0.41821197,0.0026561245,0.005555585
3084,5014,17.129904,0.42844325,0.047083095,0.091591775
3085,1046,3.8277168,0.6014607,0.0068746805,0.013901293
3085,186,40.730244,0.60476935,0.07898625,0.1549152
3085,1055,33.240326,0.6037617,0.06538435,0.12579611
3086,1050,40.948593,0.6016159,0.07864747,0.15300287
3086,411,8.25515,0.6006317,0.016581804,0.03276196
3087,6438,3.8856087,0.5906943,0.0057854503,0.01193139
3087,5075,25.019058,0.59488684,0.0602943,0.116105385
3088,45,1.9718094,0.6141332,0.0026250407,0.0058262795
3088,3840,24.715494,0.6189832,0.05839065,0.11308698
3089,6557,1.6792221,0.6481099,0.005409345,0.011894286
3089,5073,9.16077,0.6573171,0.017922625,0.035948887
3090,3089,13.639168,0.6537124,0.027119182,0.05376184
3090,6350,2.3968391,0.64196336,0.0059822425,0.012311533
3091,1632,1.6233826,0.647887,0.002792731,0.006318137
3091,2500,33.969845,0.6419154,0.101437606,0.19601478
3092,1635,3.6009827,0.65189,0.004090987,0.008538738
3092,6815,36.6159,0.6516733,0.06735311,0.13104859
3093,6193,248.52968,0.5903705,1.8867766,3.6998236
3094,1758,4.8958244,0.5523936,0.03655958,0.07128097
3095,1632,1.9698372,0.64857507,0.003300324,0.0069668144
3095,3117,60.468094,0.65011996,0.089384735,0.17229441
3095,3127,40.458538,0.652331,0.076698154,0.15106712
3096,3527,2.6437263,0.66320544,0.006225504,0.012890041
3096,296,7.419384,0.6576146,0.020801142,0.040559128
3097,3125,40.777824,0.6502987,0.060639866,0.11496362
3097,1738,4.516651,0.37114984,0.012490489,0.019155055
3098,5018,13.860376,0.63029015,0.036344785,0.07102478
3099,6075,3.6132927,0.62534696,0.0046231598,0.010047719
3099,316,87.918686,0.6567594,0.16093647,0.31990862
3100,2519,2.0748253,0.6435254,0.003188245,0.0064513385
3100,6207,9.080936,0.64556414,0.017242491,0.03434266
3100,320,59.999233,0.6527138,0.11728412,0.2320109
3101,4600,1.7331963,0.6130694,0.0035988763,0.0077386647
3101,1977,58.556526,0.6246167,0.12035568,0.23593274
3102,3101,1.8891335,0.62319547,0.0036211163,0.007416442
3102,2538,76.84078,0.6249245,0.15499386,0.30464464
3103,1756,23.334467,0.56313705,0.057572044,0.11164069
3104,3094,35.98372,0.55465186,0.08800887,0.16805463
3104,1760,13.675158,0.545721,0.046240855,0.09145278
3105,312,121.567505,0.5368194,0.94135517,1.8453407
3106,3094,7.505657,0.56086826,0.04896931,0.09797984
3106,1760,46.027126,0.5623108,0.09361823,0.17944911
3107,3168,2.093731,0.56237346,0.0032238066,0.007159516
3107,6605,3.1097755,0.5620736,0.0055322275,0.0115290135
3107,1757,4.570606,0.56612545,0.025242232,0.050360605
3108,3109,1.1042175,0.6013521,0.003116317,0.0067192316
3109,5419,1.5674133,0.6022381,0.0026511922,0.0057370067
3109,2827,10.188999,0.6027651,0.023415364,0.0459307
3110,3111,26.138239,0.5680094,0.054204483,0.10290553
3110,6389,45.518944,0.562144,0.11961117,0.23416926
3111,6900,2.1144638,0.56794024,0.0031759888,0.006947696
3111,2883,30.258507,0.5663927,0.060601804,0.11686574
3112,3429,28.381065,0.5647386,0.058939844,0.11176425
3112,1700,39.256313,0.5681061,0.12074242,0.23654447
3113,6901,1.9588928,0.56152624,0.0027974024,0.0059945732
3113,3114,2.4383621,0.5614484,0.004766725,0.010060832
3114,3115,8.80434,0.5639108,0.017797291,0.03521101
3115,3429,4.5505104,0.5665162,0.009377398,0.018937662
3115,6389,24.540937,0.5606645,0.049846042,0.09482436
3115,2649,67.04245,0.56183016,0.14005017,0.2742054
3116,4890,50.764664,0.5493549,0.16929635,0.33303475
3116,6201,13.739319,0.039560616,0.056897245,0.11396215
3117,1631,2.074501,0.6532255,0.0030369312,0.0066446364
3117,3118,71.839355,0.6508386,0.09786122,0.19306724
3117,3127,30.96181,0.6554657,0.06225738,0.11888331
3118,1633,1.7865524,0.64665127,0.0020553023,0.0044937134
3118,2443,73.28609,0.6546655,0.09799374,0.1936976
3118,3156,62.684425,0.65164465,0.11538975,0.22826406
3119,5513,4.467037,0.5007255,0.012315586,0.023880646
3120,4099,23.120308,0.4975087,0.04968264,0.095082074
3121,1846,2.8083344,0.5025141,0.0048995838,0.00979279
3121,3119,8.779827,0.5058652,0.015859693,0.03133872
3122,2629,0.16306305,0.53966284,0.0032070875,0.006771311
3122,2622,51.010044,0.53518164,0.13204339,0.25893718
3123,440,27.10828,0.601135,0.06387697,0.12459177
3123,5294,16.542747,0.5977764,0.03838434,0.07503518
3123,5696,13.134176,0.59684455,0.0303655,0.05926057
3124,3123,6.0573425,0.5923094,0.015165269,0.030416131
3124,3301,26.398134,0.5933784,0.053487115,0.101667255
3125,2444,2.4196358,0.6197455,0.004058622,0.007704839
3125,1882,255.02196,0.671156,0.35717085,0.7024264
3126,5660,73.88764,0.6559298,0.14450032,0.28343228
3126,4570,56.74402,0.6483789,0.11219649,0.21777034
3126,316,39.760887,0.65638614,0.07636078,0.14977397
3127,3117,31.636883,0.6562249,0.062405545,0.12022807
3127,316,72.32368,0.65483415,0.13234621,0.26372805
3127,3095,40.812138,0.6540781,0.07867877,0.1554474
3127,3156,41.02427,0.6475854,0.07886218,0.1554724
3128,2506,8.231346,0.5823745,0.019309588,0.03873411
3128,709,8.034874,0.58484113,0.017008446,0.034088
3129,512,2.7149734,0.65608394,0.004958257,0.010181621
3129,3356,23.841564,0.6563091,0.04815894,0.0936645
3130,3131,2.1677856,0.63936853,0.0014666244,0.0036451072
3130,4776,67.28538,0.6482996,0.12307668,0.24451335
3131,3130,2.1467934,0.63922554,0.0016760901,0.0037783682
3131,5098,71.09698,0.64473087,0.2249476,0.4444214
3132,1798,39.84969,0.13615805,0.10460211,0.21932793
3132,1845,8.291027,0.14363411,0.018178165,0.03536646
3133,4574,44.68655,0.64859486,0.0886408,0.17238665
3133,303,67.65497,0.65700644,0.12159718,0.24184483
3133,5461,57.82574,0.6492502,0.116739795,0.22796804
3133,314,55.107845,0.654882,0.10163085,0.20075437
3134,6207,2.2066116,0.6490066,0.0062076077,0.012581229
3134,5539,28.848257,0.6496716,0.08360942,0.16340087
3135,4141,19.52313,0.045399815,0.0779695,0.1586838
3135,6958,1.7335281,0.5745813,0.005475305,0.011708543
3136,3135,1.8421135,0.04511878,0.00944221,0.018319264
3137,4300,0.92845535,0.57422245,0.0043434054,0.009696022
3137,6405,16.458788,0.5775954,0.044310812,0.086640164
3138,4129,1.4705238,0.5739462,0.005104631,0.010898262
3138,6194,1.5949554,0.5748028,0.007436186,0.013953447
3139,2712,1.5920448,0.52257955,0.005059883,0.010516301
3139,2113,208.72058,0.49997634,0.5303812,1.0379759
3139,5941,4.855282,0.5220621,0.012145057,0.024601087
3140,707,19.462992,0.58012515,0.039355796,0.07606855
3141,3120,3.6334877,0.4959919,0.009861402,0.019837603
3141,3142,40.572308,0.5021885,0.12802346,0.25169688
3142,1707,1.0375023,0.50625503,0.005769819,0.011964023
3143,2516,32.062473,0.49250185,0.0878534,0.16623606
3144,3147,4.3239174,0.57982963,0.008597679,0.017908975
3144,1161,78.523,0.5782451,0.16296642,0.3194353
3145,2758,1.2008514,0.5729162,0.004177831,0.008879915
3145,5831,1.750782,0.57243776,0.0082966015,0.016709447
3146,3463,1.8090401,0.57615095,0.0025733486,0.0059497654
3146,816,59.98287,0.57991683,0.113064274,0.22192246
3146,3464,3.0323868,0.57578176,0.0065534413,0.0137024075
3147,5410,7.098007,0.5760376,0.015371077,0.030618623
3147,4618,9.833115,0.57664746,0.02129297,0.04199803
3148,6989,11.713734,0.57094675,0.021991245,0.043524265
3148,2855,11.0385475,0.5768209,0.02174493,0.04301001
3149,6718,12.72065,0.57335144,0.03336868,0.06523348
3150,6919,113.51102,0.540405,0.21551229,0.41968518
3150,766,3.2253838,0.5500534,0.005705148,0.011857405
3151,4431,1.9808388,0.5264375,0.0029725581,0.0062230676
3151,4427,30.734829,0.5289663,0.06337488,0.120657265
3152,1151,8.560871,0.3337213,0.017052881,0.032015786
3152,772,2.887207,0.33307934,0.0064496025,0.012101471
3153,5662,99.27408,0.6278232,0.13635013,0.2669146
3154,6012,89.49056,0.5703478,0.28708878,0.5634958
3154,2976,1.5786209,0.5898392,0.0021745935,0.004956603
3155,4224,1.8735046,0.6556461,0.0033849478,0.007309228
3155,5461,11.652992,0.65400213,0.02418945,0.04726976
3156,3118,64.14785,0.6534134,0.11648093,0.23165986
3156,3127,41.445885,0.649062,0.079285875,0.1561382
3156,3157,27.607437,0.6489423,0.054068122,0.104772314
3157,303,70.961075,0.6539923,0.12957221,0.25743616
3157,3156,27.567558,0.6476605,0.05350488,0.10334408
3157,322,36.01692,0.64755416,0.06931422,0.13585275
3158,2220,34.286976,0.63804436,0.067827225,0.1308527
3158,325,61.401714,0.6378779,0.113838136,0.22513507
3158,3405,113.67997,0.637183,0.2074998,0.40966415
3159,4308,1.7949944,0.5982696,0.0028525665,0.0062150806
3159,351,25.242083,0.6007606,0.05517169,0.1063718
3160,1297,24.122076,0.59368396,0.049438354,0.09511553
3160,3059,43.078224,0.5948845,0.08292131,0.16198547
3160,3058,108.22978,0.59163344,0.20133719,0.39598304
3161,1603,54.38855,0.5917746,0.10373055,0.20330611
3161,1295,60.11906,0.5947844,0.11470837,0.22566481
3161,3059,86.773895,0.5902596,0.16252163,0.31996924
3162,6761,1.6968765,0.5811607,0.0023067072,0.0051537454
3162,1123,76.497345,0.5759465,0.14461285,0.28462124
3162,3073,2.8357048,0.5786875,0.0060931966,0.012591377
3163,3980,2.4618607,0.30217856,0.005601786,0.0105597675
3163,4955,34.23933,0.12714937,0.092908755,0.18971215
3164,1919,50.202106,0.5268865,0.16300595,0.31921774
3165,3166,2.5483246,0.5213335,0.030796312,0.060636744
3165,3164,140.13727,0.52372366,0.3003226,0.58115363
3167,3041,1.6039314,0.49235347,0.00217323,0.00472869
3167,3773,43.05432,0.4922026,0.0939967,0.18249582
3167,529,83.58891,0.4950182,0.18172732,0.35068172
3168,3107,2.4708328,0.56389445,0.0038381666,0.007999122
3168,3169,26.027258,0.56480074,0.053312603,0.10159449
3169,1940,191.89244,0.5482749,0.36956772,0.72018516
3169,2270,219.18956,0.5506384,0.42013454,0.82015723
3169,3168,26.34817,0.5611969,0.05421624,0.10344057
3170,3171,66.788704,0.5417644,0.12959106,0.25361744
3170,3171,67.000374,0.5414336,0.12999135,0.25438753
3170,2720,48.036716,0.545301,0.09427219,0.1842971
3171,2993,72.82499,0.5422339,0.13927123,0.27224347
3171,3170,66.79328,0.54282063,0.12979144,0.25408682
3171,3170,66.578545,0.5431902,0.1293909,0.25331295
3172,2667,67.77943,0.53649366,0.13097543,0.25625437
3172,122,21.34771,0.536335,0.04491623,0.0862919
3172,2725,54.81757,0.53784865,0.08518036,0.16502282
3173,2914,4.237232,0.51885533,0.032891106,0.06352593
3173,1922,71.8835,0.527279,0.15431237,0.2991547
3174,5072,1.7415733,0.47480533,0.002815105,0.005894169
3174,5015,2.0534134,0.4775843,0.0043878034,0.009148315
3175,3178,35.323746,0.524684,0.069896355,0.13517378
3175,3176,64.534096,0.52650774,0.124943376,0.24407026
3175,3177,94.35009,0.5291614,0.18200114,0.3540771
3176,3175,64.80556,0.52574086,0.124718025,0.24355775
3176,3178,69.13652,0.5266836,0.1470919,0.28653365
3176,1499,249.2183,0.5213885,0.53281486,1.038181
3177,3175,93.92464,0.5248747,0.18236382,0.35525244
3177,3551,101.60669,0.5300416,0.19635323,0.38226748
3178,3175,35.454216,0.52316856,0.069929585,0.13568509
3178,3608,196.56104,0.5179814,0.4188721,0.814516
3178,3176,69.42415,0.5245204,0.14718363,0.2865091
3179,3587,23.898832,0.5531638,0.049953014,0.09567768
3179,6180,7.676712,0.5518509,0.015254445,0.030180544
3180,3179,4.584896,0.5497609,0.0091857165,0.01903367
3181,2863,54.990204,0.5598928,0.1178338,0.22946198
3181,4879,106.888954,0.5585515,0.22190872,0.43300557
3182,5819,25.853376,0.5639803,0.051356357,0.09738432
3182,1876,80.17067,0.5571517,0.2668609,0.52263266
3183,557,75.583466,0.5546786,0.25242615,0.49381542
3184,5834,0.8470154,0.40421742,0.001210548,0.0023283958
3184,6517,41.124123,0.5727267,0.07885672,0.1532094
3184,3207,50.282475,0.56503206,0.09674878,0.18904139
3185,5835,1.2949066,0.26377705,0.0011481866,0.0018275082
3185,1454,44.201183,0.57191676,0.122454196,0.2394292
3185,3540,39.141323,0.5688544,0.07676053,0.14939407
3186,1744,2.5642242,0.62579876,0.0040524527,0.008715525
3186,6577,8.688732,0.62134326,0.020159297,0.039327666
3187,4712,1.7704506,0.6048238,0.0017373189,0.0045636594
3187,3082,107.45747,0.61602265,0.19552942,0.38516447
3187,4604,42.54485,0.6173258,0.10281363,0.19937873
3188,3189,1.6175079,0.5635866,0.0033050105,0.007130787
3188,4036,47.7885,0.5652634,0.1021621,0.19654973
3189,3190,1.6144333,0.5633196,0.003043279,0.0065274835
3190,3193,0.5136337,0.52770835,0.0013793036,0.003043577
3190,3020,1.2883644,0.55584127,0.0024583936,0.0058230907
3191,3192,1.6167679,0.5606637,0.0032297373,0.0067638457
3191,3199,88.83108,0.5566611,0.19132584,0.37224096
3192,3194,1.141655,0.13751161,0.0019496158,0.004030332
3193,3191,1.1520844,0.559594,0.0022133663,0.0048696995
3194,2132,96.132065,0.55598533,0.18330422,0.35989323
3194,3188,2.0626945,0.5592685,0.0043507367,0.008757308
3195,1498,5.32629,0.5637642,0.011303976,0.022790432
3196,877,46.86347,0.64290947,0.09341391,0.18291521
3196,5633,10.821688,0.6431825,0.022306524,0.04408084
3197,1513,1.084938,0.4976924,0.0044844896,0.009559542
3197,5799,148.80522,0.46284723,0.42570072,0.82609606
3198,7090,0.41574097,0.45910615,0.0011196733,0.0015771985
3199,4342,93.27659,0.5567469,0.1786071,0.35000175
3199,3198,38.72364,0.56663305,0.0810288,0.15561585
3200,6986,0.2985649,0.5184091,0.0023667663,0.004621148
3201,1431,1.5581093,0.5659953,0.0019439757,0.0046152472
3201,3200,42.357037,0.57036805,0.108590454,0.21149464
3201,3036,82.81097,0.56186354,0.15754043,0.30946296
3202,3062,1.3559914,0.5512089,0.0017751008,0.0042958856
3202,3063,60.894615,0.55347246,0.117523015,0.23080465
3203,1106,1.2491989,0.5471373,0.0019996464,0.004822448
3203,3202,87.8527,0.55326265,0.17196943,0.33615077
3204,3205,2.851635,0.55779684,0.0021506026,0.0051719993
3204,4035,267.9378,0.54654366,0.5726659,1.1173906
3205,3204,3.188427,0.55451393,0.0029196441,0.006876588
3205,3065,27.011177,0.5610415,0.059294477,0.113528304
3206,2251,63.53494,0.5468438,0.1320244,0.25742966
3206,2253,41.3359,0.54400235,0.08582295,0.16476135
3207,4749,24.635712,0.5730849,0.05059371,0.096400924
3207,3184,51.8979,0.5695677,0.096949905,0.18999068
3208,5148,35.264587,0.5618274,0.15554674,0.30332112
3209,4827,0.0,0.56145597,0.007785067,0.016205162
3209,4944,71.25334,0.5640857,0.15208423,0.29710543
3210,3208,6.19878,0.5718835,0.0109304935,0.021875218
3210,4827,2.4459724,0.57180375,0.0048853382,0.010180935
3211,5922,1.5161247,0.5713567,0.0018322095,0.0042521656
3211,5726,117.00665,0.5644392,0.22450998,0.43850744
3212,725,2.6102676,0.56267375,0.0021786988,0.005082488
3212,6753,103.058556,0.5576378,0.21908695,0.4254891
3213,586,258.835,0.5597561,0.5424775,1.0577706
3214,3215,1.9103432,0.5653638,0.0019479915,0.004810065
3215,3214,2.1659126,0.56839734,0.0023886561,0.0057057887
3215,2807,160.46045,0.5544735,0.33592746,0.65482676
3216,594,4.058689,0.5630542,0.004225105,0.009562582
3216,5918,35.40654,0.5608948,0.1916717,0.370591
3217,3068,1.7398567,0.5614134,0.0028733164,0.00645414
3217,6225,83.94875,0.55896705,0.38488436,0.7468974
3218,1627,1.8383636,0.56373054,0.0025810525,0.0056824684
3218,3217,40.007805,0.55942285,0.1808133,0.35178357
3219,1530,1.1757851,0.5748278,0.00344453,0.0069099814
3219,5870,40.66451,0.5641828,0.12918812,0.24931532
3220,3140,5.5534973,0.57747835,0.0144106895,0.028894454
3220,5987,49.248028,0.5767944,0.16014475,0.31273767
3221,3222,1.3850365,0.56822157,0.0028290525,0.006461635
3221,3225,163.38042,0.5652476,0.34611684,0.67524344
3222,3221,1.5772476,0.56845695,0.0027746186,0.006375283
3222,2992,58.385033,0.56824994,0.1226764,0.23999299
3223,3225,1.6554489,0.5717875,0.0020231903,0.0047121197
3223,1494,50.831726,0.57146317,0.098143265,0.19201612
3223,3222,163.94849,0.5560241,0.34286872,0.6668342
3224,4165,105.90173,0.57153225,0.20040815,0.39321777
3224,3617,95.96761,0.5679316,0.18246163,0.35792202
3224,3225,62.218422,0.57121605,0.11923756,0.23393705
3225,3223,1.7308578,0.5723551,0.0023281425,0.005437717
3225,3224,61.886368,0.5718875,0.11917861,0.23357967
3225,1822,41.930813,0.57648426,0.08692341,0.16747203
3226,584,158.37505,0.5610088,0.30005878,0.5868967
3226,3241,381.1183,0.5554915,0.7235703,1.4154943
3226,3601,15.1425,0.5717061,0.03102367,0.060541123
3227,2992,2.0708961,0.57165,0.003778316,0.0082692355
3227,3221,56.63191,0.57263124,0.12060748,0.23665799
3228,4360,1.3287659,0.57099444,0.0017438531,0.0042473674
3228,880,103.99951,0.5665444,0.21896437,0.427418
3229,1540,17.549135,0.5750964,0.036132418,0.07020545
3229,1539,30.83234,0.57765096,0.060857914,0.11663831
3229,3393,125.110214,0.56971854,0.23641586,0.46347994
3230,3514,21.710741,0.56945264,0.04348976,0.083178505
3230,2447,40.90657,0.57247317,0.07596193,0.14834256
3230,2747,93.19046,0.5704042,0.1761922,0.34571546
3231,2395,117.57404,0.57273346,0.22216555,0.43617487
3231,5357,185.94666,0.5653004,0.35330832,0.6909114
3231,2244,118.19564,0.5710916,0.22370392,0.43886286
3232,3867,64.07443,0.5669633,0.13676643,0.26871157
3232,3965,5.9537582,0.56871647,0.012436204,0.02518776
3232,2932,140.1001,0.560325,0.26595438,0.5205504
3233,1475,24.437275,0.57055676,0.050249726,0.09603491
3233,1493,22.338684,0.5704673,0.04577346,0.08810626
3233,2930,15.914982,0.5712454,0.032633997,0.06350822
3233,2929,58.29059,0.5703983,0.11177323,0.21905458
3234,3235,1.7849045,0.5925341,0.002986841,0.006866172
3235,997,1.9624138,0.59786856,0.0028273389,0.0061932504
3235,2298,2.380516,0.59764016,0.0037856773,0.008106038
3236,6432,51.600685,0.5975904,0.12250272,0.23997281
3236,405,6.948551,0.59101725,0.016738117,0.03294529
3237,1461,1.793354,0.5700337,0.002392806,0.0055373013
3237,5142,60.921593,0.5647723,0.1553354,0.30282426
3238,2873,1.5371819,0.56616044,0.0018695742,0.004478976
3238,3237,101.12359,0.56091195,0.26285055,0.5138693
3239,1464,1.8732452,0.5648935,0.002465047,0.0055596232
3239,3238,87.42517,0.561036,0.22812659,0.44518352
3240,3241,6.880764,0.5702923,0.013370566,0.026663363
3240,5403,20.270975,0.56592315,0.04214284,0.081332676
3240,3806,8.326321,0.56962544,0.017491624,0.034776494
3241,3240,6.847019,0.56934756,0.013460144,0.027070463
3241,7063,66.634964,0.5644759,0.1407433,0.27476707
3241,3226,380.0039,0.5551066,0.7220159,1.4129416
3242,5725,11.993725,0.5712782,0.024093464,0.04735039
3242,5404,42.92712,0.57743484,0.08084951,0.15468915
3243,2708,206.59674,0.52570814,0.4027777,0.7829699
3243,1485,179.6967,0.5140717,0.384568,0.7482002
3243,2709,30.759542,0.5264278,0.06755297,0.1302078
3244,4336,1.7512779,0.58953273,0.004081033,0.008773521
3245,727,2.6591988,0.58543944,0.0046317875,0.009866446
3245,6795,47.21465,0.583899,0.09847612,0.19099326
3246,803,3.3989525,0.587489,0.005040325,0.01058422
3246,6420,36.33342,0.5858039,0.07079917,0.13614318
3247,3248,1.3839569,0.6219237,0.0035594031,0.007830247
3247,3946,124.76871,0.6531149,0.1767073,0.3511765
3248,3247,1.5177498,0.64732003,0.0040153414,0.008783415
3248,5540,32.99854,0.6464858,0.09878736,0.19312349
3249,5009,3.0457115,0.6014497,0.003935881,0.008440062
3249,3630,61.835052,0.03103435,0.25975934,0.54919297
3250,4546,19.175156,0.56355774,0.039743196,0.07750097
3250,1148,42.316322,0.5677875,0.081242025,0.15823717
3250,4188,79.26373,0.557523,0.15315464,0.29974407
3251,771,10.513355,0.3313185,0.02118425,0.04040432
3251,770,4.0900307,0.33551425,0.009085715,0.017344475
3252,6585,6.7837143,0.65703017,0.01117719,0.022583023
3252,1422,2.5690193,0.65390265,0.0042935386,0.009059384
3253,1948,20.714674,0.65805167,0.03547609,0.069545396
3253,3614,6.5495567,0.64965767,0.02494765,0.049991697
3254,3490,4.3689613,0.6501483,0.010975793,0.022087485
3254,6558,0.66949844,0.64801157,0.010411657,0.020596027
3255,4614,2.5914726,0.6302879,0.0017059296,0.0045202523
3255,2824,8.470356,0.6305698,0.017616078,0.03484492
3256,6487,1.3437157,0.59290344,0.0021519735,0.005571097
3256,3843,24.882486,0.5939021,0.05156768,0.09914126
3257,4456,1.600544,0.58329695,0.0021578446,0.004887864
3257,3844,24.578651,0.5882191,0.05041998,0.097190864
3258,1483,150.81766,0.3838051,0.33972663,0.6525961
3258,6447,57.513832,0.3696875,0.12388636,0.23588169
3259,4244,1.3166275,0.48482478,0.0040643364,0.008263916
3259,2289,32.707863,0.49218103,0.06685403,0.12807868
3259,6821,27.761944,0.48824388,0.0582955,0.11040731
3260,3656,66.3611,0.56229687,0.12706958,0.2487849
3260,4910,59.161633,0.56573665,0.11258428,0.21872434
3261,1492,71.1151,0.56808794,0.13596901,0.26701674
3261,2800,34.87028,0.5725727,0.070708364,0.13683078
3261,3821,49.539486,0.56688094,0.09699407,0.18667465
3262,4794,1.0090828,0.5783327,0.0009681806,0.0017708838
3262,1748,260.5318,0.61162364,0.47997096,0.93899333
3262,6871,48.826015,0.6433818,0.11569694,0.2244873
3263,4838,2.8100357,0.5640421,0.0021732822,0.0051499605
3263,3894,139.36525,0.5611184,0.28789786,0.559335
3264,2929,5.595173,0.5703168,0.0103446245,0.020753369
3264,3280,54.08219,0.5700539,0.10291326,0.20102724
3264,3266,10.7937355,0.56884575,0.021507181,0.042230025
3265,2922,17.275442,0.5738199,0.037293382,0.07259918
3265,4839,25.110147,0.57167006,0.053534735,0.102651395
3266,2928,6.447769,0.5719977,0.012308955,0.02467756
3266,610,38.625748,0.57327276,0.07390944,0.14541745
3266,3264,10.932962,0.5708772,0.021950118,0.043213755
3267,1032,5.3805733,0.57228434,0.011631444,0.023230344
3267,1528,1.7573051,0.5659469,0.003632389,0.007989481
3268,3269,2.1216545,0.010476053,0.0071644112,0.012999907
3268,924,50.783867,0.5345431,0.12737457,0.2414318
3269,3271,17.38723,0.002812326,0.058918867,0.11955303
3269,3270,10.322193,0.5475094,0.021533996,0.04158041
3270,6583,12.984428,0.55016047,0.02105672,0.042511284
3270,3271,65.84625,0.5477938,0.12717497,0.24717171
3270,3269,8.55286,0.5569481,0.017506905,0.034823194
3271,3270,63.88309,0.5528301,0.123818435,0.2414582
3271,5377,4.4417076,0.034900993,0.011227444,0.022519112
3272,3964,2.1159248,0.6580334,0.0023681447,0.0057028085
3272,3711,46.70588,0.38714987,0.16814208,0.26237217
3273,5676,1.9741554,0.5604443,0.0044280738,0.009471968
3273,1877,10.006668,0.5632512,0.012017764,0.024908885
3274,3377,143.51459,0.6137362,0.26565224,0.5214634
3274,1652,67.59522,0.6224719,0.12659878,0.25034863
3274,403,27.300888,0.62078476,0.055202812,0.1064836
3275,3277,0.6304817,0.5566258,0.002835296,0.0064419806
3275,3185,46.002987,0.57348883,0.08703346,0.16958545
3276,5677,55.98056,0.56005865,0.10637174,0.2069937
3277,3275,0.8636589,0.5609568,0.0028977916,0.00634934
3277,3540,51.262302,0.5660932,0.16647369,0.32581815
3278,3679,0.42457962,0.5525828,0.0026239157,0.0062505454
3278,6518,49.088654,0.5642442,0.15882313,0.31104374
3279,3320,79.07669,0.5702427,0.111108355,0.21771559
3279,1475,106.27391,0.5731279,0.2005012,0.3934791
3280,3264,53.462048,0.57355416,0.10302953,0.2014392
3280,3279,81.10315,0.5682374,0.11483999,0.22397391
3281,3240,51.000813,0.5674888,0.10697916,0.20864867
3282,778,27.828466,0.5724835,0.056265213,0.10727915
3282,2748,41.045765,0.5746517,0.07866454,0.1535448
3282,2447,105.20419,0.5692003,0.19749236,0.38699418
3283,6072,9.564007,0.62622595,0.019089833,0.03757292
3283,7071,2.3355331,0.62428105,0.0030375347,0.006043136
3283,7073,27.242529,0.62944275,0.056606065,0.108894914
3283,3284,79.97095,0.6288368,0.14646217,0.2902195
3284,3285,7.844303,0.62908953,0.015027411,0.029893428
3284,2220,194.74585,0.62692153,0.35761064,0.70381147
3284,3283,80.59177,0.62947667,0.14685613,0.29088265
3285,3284,7.910923,0.6301324,0.015127778,0.030115351
3285,324,84.82408,0.62971854,0.15575854,0.30855757
3285,304,247.79483,0.6264445,0.4569646,0.89606047
3286,4523,80.76393,0.4582452,0.17055914,0.32910132
3286,702,160.5918,0.47011426,0.3248339,0.627961
3286,2184,130.16344,0.4614586,0.2635758,0.50920975
3287,3910,67.76531,0.57232195,0.14383191,0.28153354
3287,5446,16.694265,0.57575905,0.03629124,0.0706093
3288,4737,1.6244392,0.57973963,0.0030610934,0.0070747584
3288,4736,4.005352,0.58521354,0.007875629,0.016338274
3289,2880,44.99577,0.5760954,0.110448636,0.2126144
3290,3334,87.00832,0.5680536,0.18402568,0.35942233
3290,978,31.151585,0.57843536,0.061667264,0.11702223
3291,2111,40.655895,0.5861131,0.078616366,0.1541568
3291,183,93.447174,0.5824028,0.17748882,0.3483824
3291,5395,37.10473,0.58412355,0.071323246,0.13841587
3292,4304,91.22531,0.5763055,0.17153072,0.33579862
3293,1177,12.163055,0.54002285,0.026385754,0.05196683
3293,1176,58.450203,0.5356236,0.124587506,0.24273887
3294,5657,65.41481,0.62138855,0.13433501,0.26488575
3294,4681,12.08629,0.61625767,0.02504924,0.04923822
3295,5358,2.6978264,0.61422324,0.0018275678,0.0049434155
3295,4599,51.22644,0.62385887,0.10684103,0.20813002
3296,5227,49.79286,0.62221605,0.07550957,0.1430105
3296,1659,28.80862,0.630344,0.06102962,0.11683782
3297,3174,1.7432365,0.47388393,0.0041339546,0.008612379
3297,1935,42.901257,0.4643045,0.08756449,0.16860814
3298,5392,2.7877083,0.5549639,0.004001677,0.009021342
3298,4820,25.844328,0.5531234,0.0481008,0.09385224
3299,3508,12.413755,0.55401593,0.02990789,0.05837699
3300,4450,110.567604,0.60056555,0.20709653,0.4051633
3300,1982,54.362354,0.6000935,0.10211991,0.19853877
3302,5746,2.3827858,0.5988681,0.004431449,0.009416223
3302,3442,3.5427322,0.60710824,0.0086231455,0.01794152
3303,7078,0.6144905,0.55423033,0.0061264634,0.012446955
3303,3535,1.9956894,0.5566433,0.0067571104,0.01345937
3304,5723,2.7769585,0.5697272,0.009881921,0.019648597
3304,1774,4.975319,0.5698587,0.014584608,0.028762832
3305,3534,21.116682,0.5555904,0.058401883,0.11313426
3305,3392,1.3632469,0.55692524,0.0040732995,0.007965952
3306,263,58.456776,0.550646,0.1886642,0.36851496
3307,1979,66.92173,0.62510294,0.12397095,0.24500278
3307,74,42.49849,0.62759113,0.07983384,0.15390173
3308,3310,1.0352669,0.56131864,0.0037412718,0.0077411234
3309,213,92.4476,0.5534549,0.31913427,0.6229662
3309,214,1.3230171,0.5356638,0.002522543,0.005587712
3310,3311,1.7070885,0.5805899,0.0032101944,0.007161081
3310,2977,41.68754,0.58512694,0.11599801,0.22761779
3311,2189,5.6693954,0.5848643,0.011106573,0.022247985
3311,2981,1.2512703,0.5813063,0.003958322,0.008102417
3312,1159,65.35403,0.57164896,0.12480682,0.24499232
3312,2855,94.64958,0.5689869,0.17869443,0.35058677
3312,1157,90.95886,0.5630375,0.17615753,0.34475628
3313,3317,85.37087,0.597497,0.15992536,0.31470978
3314,3316,57.728386,0.59925514,0.109974995,0.21491836
3315,3316,80.91078,0.6010411,0.16608533,0.32598254
3315,2844,28.78852,0.6027343,0.061918937,0.119111195
3316,3317,4.2419167,0.6004779,0.008171819,0.016381681
3316,3315,81.167274,0.603187,0.16652152,0.3270335
3316,3314,57.252666,0.60055506,0.10948945,0.21435767
3316,3342,36.336437,0.600725,0.069994755,0.136518
3317,3316,4.560585,0.5993036,0.008831792,0.017777279
3317,1299,162.77936,0.59176254,0.3339714,0.6541497
3317,3313,84.50714,0.5981469,0.15958916,0.3137325
3317,3343,36.755165,0.600969,0.07039137,0.13766739
3318,1198,19.85421,0.5488998,0.056733515,0.111237906
3318,7079,20.454485,0.5490657,0.05880991,0.11490508
3319,4911,1.7322845,0.5689744,0.0036724359,0.007930681
3319,3320,122.88618,0.5640407,0.24453095,0.47838092
3319,3820,32.529114,0.57210034,0.061421268,0.11883426
3320,3319,123.403336,0.5613432,0.24483874,0.47915334
3320,696,21.84341,0.57021976,0.038214367,0.07369748
3321,2859,20.91735,0.5586362,0.057699982,0.11279232
3322,3303,27.337166,0.5584934,0.06935103,0.13401297
3322,3306,42.003574,0.55645204,0.1266117,0.24899915
3323,7031,3.0794983,0.48147088,0.004454151,0.008945942
3323,6511,27.996277,0.481763,0.058862407,0.11206415
3324,4024,1.2939835,0.59930706,0.0019529164,0.0049217492
3324,2073,65.84145,0.6050782,0.1222392,0.23962077
3325,655,32.794216,0.6290364,0.070243776,0.13667282
3326,864,3.1155357,0.57939607,0.0053010583,0.011498496
3327,1693,2.1874008,0.565185,0.0031170174,0.0058449507
3327,470,71.85892,0.5635783,0.13757928,0.2692997
3327,6404,62.229923,0.5527579,0.07703848,0.14494589
3328,728,6.895897,0.5813694,0.014868751,0.02979505
3328,453,95.57556,0.5817918,0.19821611,0.38807425
3329,371,1.8832588,0.39506003,0.004100457,0.008284301
3329,7060,33.65555,0.37274772,0.09387214,0.18158484
3329,369,32.494118,0.38819128,0.07449168,0.14138946
3330,2168,63.56537,0.3727473,0.19636378,0.32944328
3330,5247,2.4515533,0.6205275,0.0044489726,0.009499595
3331,2659,41.44322,0.5404028,0.08022076,0.15572412
3331,2647,78.610985,0.54581904,0.15118894,0.2954716
3331,5316,96.155396,0.5378956,0.1863693,0.36291686
3331,2797,132.53238,0.54207176,0.25478098,0.49743885
3332,2584,25.379494,0.56910956,0.054984864,0.10633497
3332,362,30.35897,0.5747595,0.06301418,0.12437224
3333,4719,1.1524506,0.5686037,0.0015742555,0.0039480478
3334,6279,3.0105247,0.5693809,0.0064460784,0.013371989
3334,3333,6.547695,0.5743628,0.007365927,0.015737578
3335,4972,7.8491707,0.5674078,0.00882943,0.018369585
3335,6277,2.0981865,0.5637612,0.004013844,0.008782253
3336,353,155.16913,0.607435,0.28842056,0.5683813
3337,4022,83.73971,0.5507207,0.16355884,0.31961107
3337,1941,70.38344,0.5461484,0.13431332,0.26285553
3337,4478,92.45532,0.5529453,0.17658669,0.34520605
3338,4477,101.39354,0.5449737,0.21385567,0.4158975
3338,6613,128.77917,0.53372985,0.27652016,0.53595716
3338,2266,257.84476,0.5226505,0.50387317,0.97939134
3339,339,27.33686,0.60433775,0.058586106,0.112247035
3339,6992,7.5000496,0.60329294,0.015753202,0.031387433
3340,2985,13.358089,0.5989791,0.02718436,0.053261384
3341,2850,63.543037,0.6043499,0.1182837,0.231313
3341,5416,107.1702,0.6024794,0.1984894,0.39041582
3341,1303,30.726898,0.60057473,0.06164422,0.11829818
3342,2983,2.3270988,0.5991818,0.0033811405,0.007259622
3342,3316,36.348362,0.6002041,0.06987697,0.13668306
3342,1982,116.35984,0.5999939,0.21545547,0.4237506
3343,1302,1.928833,0.5977672,0.0027402341,0.006024763
3343,1298,177.39397,0.5911123,0.33258307,0.6531777
3343,3317,36.659443,0.60110015,0.0707683,0.13747235
3344,4142,86.87852,0.6247095,0.08334483,0.15746096
3344,4142,63.033417,0.626982,0.08944462,0.1714053
3344,2141,18.99615,0.63152564,0.02561903,0.050382346
3345,2575,97.26201,0.6272875,0.17825145,0.3524652
3345,1471,95.768654,0.62411296,0.17740458,0.35016257
3345,1979,21.380621,0.6239435,0.04406583,0.08563997
3346,1765,15.527758,0.5866304,0.031535063,0.06145806
3346,1743,151.00882,0.58042777,0.28125465,0.5513349
3346,2967,117.85488,0.5599358,0.22323126,0.43600178
3347,3869,3.2137337,0.6218767,0.005124964,0.010395899
3347,5499,59.099262,0.63304603,0.10866251,0.21209876
3348,3349,4.578701,0.6142415,0.0070029423,0.014639914
3348,1744,209.59767,0.6178902,0.3841778,0.7547323
3348,1689,6.086849,0.6181067,0.011263832,0.022690058
3349,1689,4.306217,0.61711705,0.008168422,0.016711399
3349,3348,4.7319756,0.6137743,0.007366106,0.015299708
3349,4629,40.734753,0.6180596,0.08308329,0.16347364
3350,6461,1.4960175,0.5701653,0.0023242906,0.004898146
3350,1404,36.476128,0.57485867,0.07101012,0.13777517
3350,4413,11.350641,0.5742043,0.023389228,0.046243757
3351,2884,33.150665,0.57584924,0.06580064,0.12784739
3351,3816,20.691778,0.5732906,0.049359735,0.09598986
3352,5414,4.5362396,0.6111969,0.008175939,0.016567871
3352,1653,5.8521194,0.60827035,0.010869853,0.02175109
3352,1193,44.773502,0.6122016,0.0855297,0.16705559
3353,4213,75.311844,0.64432293,0.13914034,0.2754687
3353,359,26.268692,0.64584816,0.053600576,0.103907585
3354,7,2.2020988,0.62412554,0.0032915175,0.007629469
3354,1336,33.286667,0.62375057,0.07091953,0.13840567
3355,2353,2.6463776,0.52573335,0.0044430047,0.009273171
3355,4703,10.490606,0.52803576,0.022716105,0.045133457
3356,6591,54.59885,0.64863735,0.102114804,0.20128953
3357,4262,1.8844414,0.6227126,0.0027241707,0.005905524
3357,404,9.237938,0.6213157,0.019364618,0.038357273
3358,4265,2.8414688,0.6158376,0.0018768162,0.0051513463
3358,3357,14.26359,0.6244793,0.0305291,0.05969198
3359,4263,2.8589745,0.6242514,0.0018987209,0.005136922
3359,4261,26.13959,0.6279688,0.05598437,0.10760256
3360,1746,2.9308624,0.64451504,0.0050269663,0.010616094
3360,6679,8.9446335,0.64135575,0.01730419,0.034457415
3360,4789,3.4689293,0.64331305,0.0060032457,0.012307376
3360,5098,32.06572,0.65161836,0.078805245,0.1546776
3361,4755,22.09681,0.6108672,0.050971232,0.09863859
3362,356,174.34932,0.644437,0.29951727,0.5906268
3363,3364,3.1499443,0.6290175,0.0056269765,0.011639789
3363,3644,6.5612907,0.62777764,0.013366476,0.026716143
3363,7042,60.25037,0.6311072,0.11884431,0.23537329
3364,3363,3.4232826,0.62766385,0.0065034702,0.013129339
3364,4869,2.0960083,0.60410005,0.003776908,0.0073729306
3364,6421,65.06368,0.6328389,0.12801987,0.2533491
3364,3644,3.8842087,0.62892985,0.008069314,0.0162552
3365,3366,2.480423,0.63572466,0.0033625066,0.006368652
3365,4053,13.214634,0.026557893,0.062324498,0.12943968
3366,1618,1.9864426,0.63512605,0.0030193478,0.0067629963
3366,6305,0.0,0.060999304,0.0062448084,0.010636166
3367,3369,0.73742294,0.42232394,0.0010116249,0.0019642115
3367,2790,21.238924,0.60203654,0.044049013,0.08528717
3368,3367,1.3748207,0.59765196,0.001961425,0.0045267493
3368,2215,26.00244,0.598317,0.04550135,0.087432586
3369,3371,1.9933205,0.59675,0.0030058324,0.0060905516
3370,3368,1.8699303,0.5949187,0.0028166622,0.0065980256
3371,2214,140.36642,0.60058206,0.2685796,0.527914
3371,3370,1.5788307,0.59004974,0.0029438138,0.0066554695
3372,318,87.987564,0.64549124,0.12611955,0.24809936
3372,501,33.426163,0.648975,0.07491548,0.14657933
3372,496,28.51292,0.6511478,0.063122705,0.12215644
3373,1700,1.7380409,0.56404227,0.0032322481,0.00710541
3374,6659,42.331955,0.6092955,0.083048105,0.16296522
3374,276,69.23209,0.6120044,0.13188903,0.26079193
3374,3593,2.1333046,0.6065055,0.003637679,0.00807336
3375,3672,1.3398895,0.45863956,0.0068163946,0.01348424
3375,3376,4.0561523,0.4569946,0.0031546578,0.006553635
3376,699,8.92123,0.46057707,0.023542255,0.045433864
3377,3274,143.7088,0.6193691,0.26532352,0.52271515
3378,4441,1.5983391,0.50380707,0.0021442696,0.004503697
3378,2512,47.60513,0.5030243,0.09385499,0.1823919
3379,1800,51.07307,0.45924395,0.1315845,0.25529033
3380,6794,1.6245346,0.61313385,0.0030457303,0.0066800117
3380,3381,2.6165047,0.61360115,0.0053407103,0.01134263
3381,2311,1.668911,0.6097252,0.0022794753,0.0054409355
3381,4073,37.383602,0.6128058,0.07951389,0.1541682
3382,1732,1.8005219,0.6076305,0.003248863,0.006839603
3382,6096,78.48863,0.6052212,0.19582039,0.38653243
3383,1105,1.9087563,0.60481364,0.004037179,0.009243175
3383,3382,45.14583,0.615656,0.09467213,0.1860305
3384,912,4.2315216,0.54404557,0.008953601,0.01812175
3385,6313,1.3568459,0.5754411,0.0041942596,0.00868687
3385,1025,6.438431,0.5777566,0.015525736,0.031205192
3386,2982,638.11993,0.6236857,1.178352,2.3177173
3386,5430,177.8306,0.6252911,0.33093038,0.65024537
3386,333,79.61953,0.63509285,0.14593202,0.28957507
3387,3389,5.698654,0.6263858,0.010312714,0.021154419
3388,3387,2.5102692,0.61886245,0.0043516904,0.009690464
3388,4123,32.301533,0.6399572,0.06521283,0.12368804
3389,332,2.4151306,0.6190144,0.004356809,0.00960283
3389,754,71.40618,0.6293881,0.13551539,0.2665962
3390,4372,2.2228622,0.6317989,0.0023444295,0.005603865
3390,4122,18.451694,0.63488674,0.037834715,0.07346366
3391,2499,1.9422913,0.5737568,0.0029195994,0.0065009
3391,1535,35.61938,0.16450804,0.16772753,0.35155213
3392,3303,0.73799515,0.5551738,0.0064777136,0.01304765
3392,4278,4.6207237,0.5539892,0.0114884,0.023569956
3393,2499,70.49781,0.5714347,0.13013272,0.25465554
3393,3229,125.35189,0.57058746,0.23736927,0.46535397
3394,1367,188.13339,0.55365527,0.3603826,0.70335585
3394,4880,64.64314,0.56048733,0.13573843,0.2631272
3394,617,12.2422905,0.563442,0.026459865,0.052089587
3395,3016,55.98305,0.5518664,0.108983815,0.21277809
3395,3017,111.47021,0.54929537,0.21338862,0.4164186
3396,2922,44.14897,0.57334423,0.09140992,0.1769609
3396,2933,50.37392,0.5710235,0.10362692,0.20203026
3396,3641,106.46402,0.5650693,0.1999798,0.39213336
3397,6480,61.13018,0.5789396,0.11388588,0.22274944
3397,6174,4.745262,0.5811074,0.008891031,0.018541709
3398,4283,21.41662,0.59445393,0.043604396,0.08401562
3398,7057,13.624235,0.59400105,0.027650267,0.0542105
3399,5805,11.445068,0.58935726,0.024650387,0.04825972
3399,853,63.674088,0.5880265,0.13285047,0.26016027
3400,3142,6.2457275,0.50596416,0.01632595,0.032246634
3401,2970,47.495567,0.5007585,0.09442487,0.18328394
3401,77,80.29193,0.507933,0.2619051,0.50639904
3402,196,37.921783,0.49629027,0.082117945,0.15616786
3403,390,1.8063354,0.6007377,0.0024349988,0.005560234
3403,1733,50.228912,0.60971963,0.09408483,0.1824657
3403,5649,69.651535,0.6083279,0.12921733,0.25491583
3404,5705,1.2450027,0.6001867,0.0037179217,0.00837481
3404,3411,3.1303978,0.6033753,0.00557705,0.011928678
3405,4134,19.749027,0.63320744,0.04090306,0.079162404
3405,6153,88.51387,0.63504255,0.17433572,0.3444991
3405,3158,113.965965,0.6338689,0.20776433,0.4098485
3406,59,10.432039,0.5995591,0.013945542,0.028169006
3406,58,8.123528,0.60342807,0.014436163,0.028873265
3407,3813,1.6278038,0.5239834,0.0049786344,0.010347635
3407,3408,15.945194,0.5259857,0.037503242,0.07283135
3408,99,37.388374,0.5307968,0.063668236,0.12111394
3408,3409,50.250275,0.5329005,0.12063922,0.23692012
3409,6221,33.43789,0.5292836,0.08439796,0.15977831
3410,787,65.59354,0.5770074,0.124916054,0.24526788
3410,4328,148.55386,0.5715618,0.28043678,0.5496298
3410,734,73.64004,0.5764959,0.14055558,0.27621946
3411,6097,2.3552551,0.6011186,0.003894262,0.00832583
3411,3403,9.023369,0.60100234,0.018188559,0.035931885
3412,6331,2.116909,0.6041328,0.003616549,0.007545233
3412,6337,197.45506,0.59532166,0.37495118,0.73404926
3412,6330,20.512894,0.6096521,0.043778196,0.08473297
3413,4112,15.625286,0.60743165,0.031853497,0.062397145
3413,6544,2.1107025,0.6050782,0.0035505742,0.0077747107
3414,2369,2.7061882,0.56355876,0.007320516,0.0151337385
3415,5789,0.86258316,0.5411718,0.0030530244,0.006451249
3415,4976,41.827927,0.54255927,0.10683616,0.20704366
3416,1358,4.967388,0.53657144,0.00831797,0.017327994
3416,3415,24.188824,0.5380434,0.04407715,0.08431038
3416,5571,69.03818,0.53832394,0.105287194,0.2037137
3417,6520,49.130596,0.5181402,0.12441537,0.24218136
3417,18,33.530014,0.5214948,0.106449574,0.20906772
3418,6720,1.5041885,0.57383484,0.0048932657,0.009374812
3418,6058,48.154175,0.5732584,0.12264149,0.24120544
3419,6640,2.2735634,0.64249325,0.0037913322,0.007313639
3419,1819,9.478317,0.6457006,0.018522784,0.036606684
3420,289,1.980114,0.6415788,0.0030562803,0.00639908
3420,668,32.925507,0.6479429,0.065010965,0.124692515
3420,6643,64.3896,0.64624876,0.13352928,0.26340586
3421,451,2.0618553,0.6385802,0.003308311,0.0069643557
3421,3420,49.30084,0.64438355,0.10194936,0.19903202
3422,1036,1.574749,0.5132989,0.0020208731,0.0044738203
3422,2287,86.505646,0.5202436,0.16912748,0.32969525
3422,3538,49.910667,0.5036747,0.108583495,0.21094675
3423,1228,19.716217,0.525956,0.044361427,0.08604396
3424,3423,30.665237,0.5307074,0.042179186,0.082550906
3425,4051,1.7381134,0.52783316,0.0034338534,0.0072550327
3425,3424,9.803917,0.52770215,0.011195004,0.022848725
3426,5548,114.12435,0.5235407,0.2470006,0.4770831
3426,3825,18.145407,0.52849823,0.0275141,0.05468574
3427,3825,38.78865,0.52223146,0.049746525,0.09709958
3427,3423,51.145115,0.5210402,0.109830365,0.21272679
3428,3851,1.0011559,0.5887036,0.0021885931,0.004983753
3428,3857,9.815544,0.5906578,0.02107858,0.041642293
3429,3115,4.4206467,0.56722444,0.009176172,0.018747136
3429,6899,19.136738,0.56645584,0.041811872,0.08117525
3430,5226,1.4659195,0.5255568,0.0016928986,0.003720045
3430,2600,1.6222153,0.5315868,0.003716983,0.008042976
3431,5766,3.2200012,0.54202414,0.0059679523,0.012139097
3431,549,0.10398102,0.045952618,0.004805796,0.008320004
3432,3051,99.09242,0.5776618,0.1846852,0.3632355
3432,3433,297.72284,0.5704481,0.5649704,1.1046828
3433,2400,33.031708,0.58140814,0.06489688,0.12579659
3433,6695,112.95256,0.577575,0.21169627,0.4153413
3433,3432,297.50635,0.56963664,0.56299704,1.1003938
3433,3070,110.46534,0.5758185,0.2085262,0.40860587
3434,6214,2.4593544,0.5414104,0.0019512847,0.0051938593
3434,4389,8.0089,0.5364297,0.0099788755,0.020814091
3435,2304,29.929073,0.50703216,0.062139295,0.11817056
3435,1217,32.177544,0.5059427,0.06606143,0.1254762
3435,1278,11.940279,0.5053945,0.024965152,0.048976615
3436,3437,2.1771202,0.58554816,0.0034034625,0.0073806494
3436,1308,38.750305,0.5843193,0.074306786,0.14362821
3437,3438,6.0168877,0.5831967,0.011709213,0.023600265
3437,3436,2.031376,0.5816879,0.0032466352,0.007223636
3437,282,8.401955,0.5839083,0.01682102,0.033526137
3438,4938,2.0473824,0.5811811,0.0037852302,0.008180499
3439,3436,9.208153,0.5818668,0.018831223,0.037284657
3439,4938,2.1538467,0.5845969,0.0029623136,0.0066799223
3440,3439,3.977314,0.58156395,0.007606253,0.015481383
3440,3441,16.556505,0.5841964,0.033901036,0.06611302
3441,3440,16.577562,0.58245546,0.034146443,0.06648526
3441,5767,29.770351,0.58494234,0.05934593,0.113327
3442,6645,3.6652908,0.61683905,0.009219937,0.018887803
3442,1292,4.0092697,0.6132524,0.008073598,0.016642377
3443,2894,55.049835,0.5611309,0.13977362,0.27383083
3443,419,2.1032066,0.56536824,0.0057438016,0.012091547
3444,1796,31.289017,0.39167333,0.07050772,0.13446064
3444,44,1.6530418,0.38175288,0.005383976,0.010177225
3445,3446,2.6464653,0.5302079,0.0023151264,0.0052929074
3445,548,77.42577,0.5312761,0.1645876,0.31885672
3446,3447,1.269455,0.52838105,0.003109865,0.0071721375
3446,3445,2.6619835,0.5301253,0.0021284893,0.005197048
3447,547,1.554451,0.5300044,0.0020008236,0.0046944767
3447,5572,19.478008,0.52982616,0.04280782,0.08266325
3448,4041,7.895668,0.45677075,0.011047095,0.021972924
3448,5755,5.349579,0.44729942,0.010965072,0.021624178
3449,5295,1.3904686,0.5934748,0.0032776743,0.007441148
3449,2614,12.581104,0.5965175,0.028873496,0.056645215
3450,4382,71.196686,0.5774704,0.13527362,0.26630715
3450,5447,132.10611,0.5737236,0.24824506,0.48676413
3450,798,65.65776,0.57887185,0.12620209,0.2478692
3450,745,2.9298744,0.5812104,0.004642479,0.009908378
3451,1987,20.31572,0.6114787,0.04182412,0.081419006
3451,4104,6.9184494,0.6032376,0.010563463,0.021490961
3452,2021,109.90941,0.361277,0.23704639,0.45634842
3452,4958,51.06197,0.32664043,0.109919704,0.21047069
3452,3980,48.135616,0.31350392,0.10403999,0.20105907
3453,1149,65.650894,0.55755764,0.12600738,0.24569821
3453,1459,17.294998,0.55814385,0.03571777,0.070064634
3454,3455,34.84068,0.5332437,0.091184914,0.17542629
3454,2475,47.544296,0.53716105,0.15672794,0.30655324
3455,1821,1.8798523,0.53141934,0.002838172,0.0064450502
3455,6301,0.65472794,0.53224474,0.0026888773,0.0058853626
3456,1886,4.60289,0.54057676,0.011250809,0.02294898
3457,2989,13.946789,0.5808149,0.030426499,0.059709765
3457,2574,14.469027,0.5812423,0.030279707,0.059738837
3458,4240,2.6369362,0.5860167,0.005135216,0.010762945
3458,2180,7.789192,0.58400834,0.01642543,0.032655805
3459,1645,18.461073,0.5909487,0.034569643,0.06771219
3459,2892,4.6730957,0.593686,0.011334419,0.023051202
3460,3459,12.257851,0.5969269,0.028511949,0.05558364
3461,6272,1.0902977,0.58092797,0.0034995154,0.007482514
3461,706,2.0302734,0.5778154,0.0021838173,0.005301133
3462,6197,32.587547,0.39663404,0.07566561,0.14266239
3463,3146,2.1196747,0.5814052,0.003223732,0.00732331
3463,7053,10.213654,0.580253,0.021475248,0.04284148
3464,3463,3.9257622,0.5747708,0.008576341,0.017467573
3464,5832,52.894863,0.57916665,0.10141959,0.19829653
3465,1374,36.19451,0.5796835,0.070462,0.13742873
3465,3972,58.43592,0.5727029,0.110666044,0.21465589
3466,3467,7.345146,0.5714319,0.014660284,0.029072493
3467,3466,7.687481,0.5708223,0.014563002,0.028914407
3467,1158,49.31404,0.5726514,0.09481603,0.18571484
3467,2183,68.75145,0.56725943,0.13111272,0.25759864
3468,5693,1.9361,0.574526,0.0031868145,0.0070746094
3468,3469,5.2552567,0.5750824,0.010896854,0.02205889
3469,3909,12.408598,0.5732806,0.026697122,0.052560598
3470,1363,2.00951,0.58494043,0.0026200786,0.0059458166
3470,4295,23.028446,0.58925074,0.05422511,0.10486794
3471,2743,1.4680328,0.5793207,0.002790384,0.0060044527
3471,3472,5.6484375,0.5878633,0.013260148,0.026646823
3472,4357,1.53022,0.5799562,0.0038186237,0.0082396865
3473,5838,1.807869,0.57561284,0.001910679,0.0047656447
3473,3474,28.537014,0.58098394,0.06894144,0.13278632
3474,1769,4.4718933,0.57128936,0.011435479,0.022898048
3474,5722,3.063507,0.5705718,0.0075703785,0.015216038
3475,2450,13.185284,0.57039887,0.027154863,0.052984625
3475,3477,6.6003265,0.56944627,0.014275394,0.02873072
3476,3477,1.643425,0.5715088,0.0023263246,0.005480334
3476,4152,25.184694,0.5692396,0.055476688,0.10569939
3477,3476,1.3124352,0.5664099,0.0015857667,0.0037463456
3477,6624,51.988674,0.57361734,0.11106751,0.21639323
3478,2057,51.801582,0.6119575,0.108776554,0.21372718
3478,6922,26.782757,0.6061949,0.05796655,0.11130953
3479,3952,3.217636,0.60206425,0.005501561,0.011490092
3479,1730,101.27908,0.24575725,0.16346201,0.30817622
3480,891,1.9451675,0.58068836,0.0035400689,0.007709399
3480,1182,60.166203,0.5843004,0.12552299,0.24674083
3481,5695,1.9339256,0.57412046,0.0032687038,0.0073330253
3481,4647,9.595779,0.5716421,0.009404272,0.019723952
3482,5694,2.201294,0.5727391,0.004454106,0.009510264
3482,5999,6.5490913,0.57370704,0.0067560524,0.014119998
3483,4107,1.9397469,0.5367405,0.0033345744,0.007148236
3483,4072,31.179346,0.5363631,0.06465415,0.12428263
3484,2161,91.35582,0.6066555,0.18715163,0.36790246
3484,2752,102.50105,0.6039743,0.21048431,0.412683
3484,6068,9.380566,0.6066145,0.019366749,0.038365543
3485,1730,4.22031,0.61413676,0.0078913495,0.015064135
3485,6329,148.5751,0.58711517,0.19423881,0.37738925
3485,3952,59.638836,0.0,0.16368869,0.34631503
3486,5654,1.9046516,0.57390213,0.008142546,0.016520903
3486,1099,34.265,0.57203805,0.10661807,0.20846696
3487,6678,146.0502,0.049087107,1.183591,2.438123
3487,3281,8.683025,0.57320625,0.020487122,0.039837554
3488,2447,81.541336,0.5684381,0.1547646,0.30324244
3488,3136,19.190102,0.006583154,0.10576135,0.22719638
3489,4232,69.71929,0.5705825,0.098398566,0.19061694
3490,5073,1.7756195,0.6191506,0.012810148,0.024603397
3491,7038,2.205597,0.62162954,0.00416629,0.009204611
3491,1338,28.533485,0.6269603,0.05800151,0.111932844
3492,7037,1.5353737,0.62048894,0.002945818,0.007116109
3492,6693,14.897001,0.62945145,0.03104283,0.06124974
3493,3354,2.1377869,0.6204521,0.0031898469,0.0075545907
3493,7,1.8508148,0.62214434,0.002627097,0.005695045
3493,662,47.035286,0.62021106,0.09034205,0.1771397
3494,3495,2.6017647,0.6028199,0.003373079,0.007800281
3494,3496,25.61077,0.6095531,0.060744885,0.11753748
3495,3494,2.6816978,0.6044312,0.0036238357,0.008211404
3495,5039,16.971493,0.6090014,0.0386854,0.075433195
3496,3497,2.050949,0.6034741,0.0022874326,0.0056093633
3496,3498,14.201189,0.6024023,0.032568667,0.063659355
3497,3496,2.4894638,0.6036789,0.0031396523,0.0075568855
3497,5606,10.60206,0.6052828,0.025076136,0.04954429
3498,3499,2.2747078,0.60373646,0.002705656,0.006482303
3498,5042,32.860207,0.6121342,0.07977236,0.15594275
3499,3498,2.2266922,0.60310614,0.0025722012,0.0062503964
3499,3497,14.063936,0.6051513,0.032226373,0.06312614
3500,899,49.359283,0.5386352,0.09564355,0.18673931
3500,4893,34.38241,0.5405919,0.06730998,0.1298413
3500,3769,60.08026,0.53973156,0.11564663,0.22613186
3501,910,25.855255,0.5412602,0.056910004,0.10863853
3501,3769,1.6273499,0.5412544,0.0024409518,0.0056352615
3502,4894,2.6100502,0.54155827,0.0009209886,0.0029565245
3502,5791,21.555311,0.54188,0.04725817,0.09088071
3503,299,49.892635,0.5899686,0.096511915,0.18830094
3503,5076,23.763102,0.58629286,0.04890816,0.093238406
3504,3414,9.781837,0.5583918,0.02323912,0.045927584
3505,3504,7.5953255,0.55517966,0.019263797,0.03816147
3505,2493,2.625248,0.55864567,0.008341841,0.016861856
3506,5859,3.1093216,0.5925683,0.004550837,0.0098961145
3506,6439,13.265944,0.5906592,0.030878957,0.06084913
3507,3505,17.184156,0.55253196,0.042666115,0.08285859
3508,1035,31.42281,0.54594207,0.069627926,0.13483989
3509,5988,2.2875519,0.52722675,0.0043444633,0.009194925
3509,2354,32.121346,0.5285049,0.07103993,0.1351342
3510,2675,1.5649643,0.5500988,0.00273256,0.00611791
3510,6665,44.69337,0.56212324,0.09578623,0.18704288
3511,5752,3.5822716,0.44736955,0.0066464394,0.0131383985
3511,5753,11.285818,0.45715797,0.016169429,0.031399697
3511,2334,31.986427,0.4483323,0.06661331,0.12600705
3512,2193,1.4029007,0.56102777,0.0022637993,0.0054757893
3512,4752,89.576324,0.5752739,0.19004525,0.36966974
3513,2096,2.1274223,0.610806,0.0033281073,0.007343605
3513,354,18.596876,0.61178166,0.038227465,0.07441117
3514,2746,105.51053,0.56644624,0.19813007,0.38850796
3514,3230,21.551546,0.5685172,0.043289788,0.08265882
3514,3515,97.835464,0.57151234,0.1819517,0.35781375
3515,7052,1.2909431,0.56923246,0.0013877228,0.0035412312
3515,6782,23.843979,0.5794301,0.049750213,0.09461597
3515,3514,97.692,0.57501864,0.18231584,0.358276
3516,3518,1.47538,0.53687406,0.0022140518,0.0051303357
3516,1270,8.320087,0.5390251,0.01708886,0.03427346
3517,1269,33.31337,0.5350678,0.066509254,0.1292212
3517,1248,2.4419746,0.53367776,0.0042166635,0.008801594
3518,3517,2.1576195,0.5393539,0.0040167123,0.008921593
3519,4689,41.723305,0.5786879,0.11961417,0.23130417
3520,2902,2.661335,0.5812565,0.0069068223,0.014196262
3520,6533,27.886389,0.5878862,0.06951437,0.13434562
3521,785,60.309486,0.57532203,0.11650315,0.22706652
3521,4037,18.714924,0.028131008,0.04915827,0.097903326
3522,2532,48.14756,0.57203346,0.11974622,0.23232
3522,1162,46.535656,0.5764297,0.15341298,0.30081284
3523,5510,59.261833,0.4508322,0.11933075,0.23132834
3523,6729,64.12439,0.45408,0.1286532,0.24853127
3524,3462,6.758175,0.4079078,0.015464164,0.029907957
3524,4121,1.9799728,0.40900797,0.006262593,0.012071148
3525,294,2.9124298,0.6494664,0.0020306706,0.005206853
3525,3526,13.474947,0.64358574,0.028206028,0.055468746
3526,4332,2.7043839,0.65034735,0.0016476437,0.0044476837
3526,6033,25.704966,0.6504201,0.05521625,0.106567904
3527,2634,4.226166,0.6646377,0.0065137073,0.013976008
3527,4787,3.0562668,0.38963634,0.006842762,0.009035766
3528,3614,0.0,0.6430803,0.007276863,0.0143529475
3528,3248,67.16584,0.64738774,0.2072544,0.4086934
3529,3530,2.1687393,0.4615782,0.0036238506,0.0068192184
3529,3634,52.949413,0.42969975,0.13442022,0.2621525
3530,6362,0.77031326,0.14853048,0.0019699037,0.0045431703
3531,5377,3.7737808,0.534577,0.00832811,0.017332688
3531,6583,12.266165,0.008429229,0.04078071,0.08097688
3532,924,1.9715767,0.05737099,0.0040803105,0.009090796
3533,5854,4.241543,0.056381524,0.010695383,0.021584943
3533,4528,153.54556,0.5725337,0.31751925,0.62014735
3533,4377,125.87497,0.5693585,0.23525307,0.46060938
3534,5670,52.132698,0.5602378,0.16529533,0.32333893
3535,3305,0.9579048,0.55137384,0.0062580556,0.012090921
3536,4278,3.244175,0.555138,0.009346731,0.019016549
3536,3392,5.4027176,0.5550391,0.015643276,0.030571729
3537,2624,1.6291046,0.47640258,0.003752634,0.0076103806
3537,200,16.39627,0.47973248,0.038842864,0.07515564
3538,2302,1.8075333,0.49552,0.002492644,0.005052641
3538,6208,19.0355,0.4901971,0.042163372,0.08126471
3538,200,73.25418,0.4864141,0.14560816,0.2821279
3539,1925,1.8695259,0.50618434,0.003626451,0.007751018
3539,6681,26.298693,0.50208944,0.058594503,0.111651875
3540,3876,27.589664,0.5596879,0.08169012,0.15860604
3541,4149,1.5981331,0.56599694,0.00497856,0.010387778
3541,6824,25.935896,0.5730447,0.07389796,0.14286616
3542,6590,31.896217,0.034314603,0.15915069,0.33526644
3542,3543,164.41953,0.5391578,1.3697779,2.7076042
3544,5789,2.3024254,0.5379467,0.0082579255,0.015715376
3545,597,69.43087,0.5689458,0.13095978,0.25672787
3545,5615,15.546883,0.57020473,0.031971917,0.062498577
3545,3546,10.930389,0.5691455,0.021916501,0.043248132
3546,3545,10.981752,0.56748027,0.0220133,0.04344569
3546,6987,75.4154,0.5624893,0.14270301,0.2788479
3547,3832,2.0344734,0.5706065,0.0032677203,0.00712052
3547,1815,13.380184,0.5690557,0.027160354,0.053216994
3548,550,1.0747337,0.2624281,0.00095809996,0.0027336478
3548,3549,1.555748,0.30841237,0.0018829107,0.0042381138
3549,1721,1.308857,0.5453777,0.0020938218,0.0040812194
3549,1741,51.684166,0.53789806,0.13762587,0.26936594
3550,1366,83.73768,0.5909446,0.15764678,0.3104998
3550,1365,61.94527,0.59531003,0.11754419,0.23205563
3550,852,33.03656,0.59331805,0.0645514,0.1252836
3551,3177,101.588715,0.5299702,0.19651712,0.38284585
3551,6894,161.87543,0.52722883,0.31458935,0.6124959
3552,3553,80.18521,0.36171558,0.17289542,0.33515382
3552,3554,59.506493,0.32444048,0.13071826,0.25384653
3553,6124,2.164814,0.38843936,0.0041894913,0.008740842
3553,2045,33.86189,0.084602654,0.10104704,0.21581057
3553,3552,79.71326,0.36311287,0.17240754,0.33452085
3554,2423,61.80327,0.32781166,0.13698551,0.26793933
3554,3552,59.443184,0.32467958,0.13013227,0.25252107
3555,3558,21.540287,0.62604475,0.04524317,0.08832111
3556,6142,0.7226372,0.38290492,0.0011078045,0.0020442158
3556,4624,39.704765,0.6278401,0.07588969,0.14802125
3557,4624,2.1299896,0.6236563,0.003085263,0.0067609847
3557,3556,36.63669,0.62589025,0.076302916,0.14830266
3558,6143,28.245577,0.0010172725,0.0971158,0.20427735
3558,3555,21.208324,0.63282704,0.044334505,0.08610924
3559,3644,150.68799,0.6263659,0.3047152,0.5989843
3559,1661,65.51638,0.6335715,0.1330449,0.26348713
3559,2139,154.13774,0.6244231,0.28466693,0.5598845
3560,4453,2.0665207,0.59667206,0.0020821318,0.005027592
3560,348,42.8699,0.59950584,0.08913752,0.17188573
3561,2160,120.09017,0.62113893,0.22212532,0.43658638
3562,940,1.6561203,0.5624856,0.0022549704,0.005139202
3562,1259,60.177235,0.56828654,0.11592256,0.22818767
3562,6113,118.288475,0.5464163,0.25373152,0.4928947
3563,1206,1.7508507,0.53630984,0.0026308298,0.006066993
3563,962,106.052246,0.54112417,0.2040828,0.39799196
3563,6112,12.493471,0.536689,0.02723059,0.053365022
3564,1255,2.011345,0.491703,0.003227733,0.006673351
3564,1839,50.912033,0.49399236,0.101190165,0.19698404
3564,3565,39.566277,0.49572903,0.08522602,0.16564234
3565,2207,61.82041,0.504397,0.120038666,0.23337974
3565,6295,13.119196,0.5019499,0.028950445,0.05660691
3566,1218,2.0466118,0.5087661,0.003367968,0.0071229786
3566,6700,28.535145,0.5124948,0.061505422,0.117724836
3566,2310,32.52608,0.5090202,0.06630478,0.12660594
3568,3567,4.6277695,0.5861629,0.0037853941,0.009046733
3568,3569,7.8053894,0.58376014,0.008650526,0.01864177
3569,1986,101.02382,0.5973212,0.20992619,0.4102584
3570,3571,3.6297836,0.58313954,0.005462475,0.01137273
3570,5170,15.775236,0.5835227,0.032686856,0.06408491
3571,3570,3.3654823,0.5832578,0.0048643053,0.010322943
3571,2731,18.226458,0.58327836,0.03779196,0.073458485
3572,2999,2.3034973,0.43821898,0.0037773326,0.0076013356
3572,2919,45.098118,0.4375623,0.11404537,0.22203736
3573,3814,8.42939,0.55069923,0.009266011,0.018635452
3573,2969,33.0337,0.54936105,0.055516735,0.10578474
3574,608,26.910103,0.5709665,0.054384083,0.103679374
3574,4652,27.117039,0.5711708,0.05409319,0.10295109
3574,3575,121.14716,0.5627496,0.104827635,0.20571302
3575,3574,122.95377,0.5594205,0.10187071,0.20091331
3575,5796,73.09575,0.5681874,0.13504587,0.26471546
3576,5475,1.9142761,0.58921814,0.0018556342,0.004687056
3576,1376,173.75679,0.581028,0.329151,0.6456917
3576,5059,20.923962,0.59484524,0.042968538,0.08242729
3577,577,17.472391,0.52082837,0.041063137,0.08027423
3578,6299,19.782455,0.5203039,0.046523463,0.08999696
3578,3577,29.39397,0.51725125,0.07274445,0.13929558
3579,1915,35.19498,0.51294225,0.08970004,0.17320535
3580,5729,1.4925156,0.5923936,0.004867576,0.010547787
3580,5730,1.3349342,0.5905904,0.0044909716,0.009827927
3581,2543,5.1736794,0.5876419,0.01277224,0.0254305
3582,5731,3.457737,0.5912274,0.0063673556,0.013515577
3582,2380,12.66518,0.5866548,0.022425376,0.044049114
3583,3582,2.7473755,0.59128046,0.0040380806,0.008985028
3583,5394,66.34625,0.58936,0.1278729,0.25168866
3584,1086,9.819374,0.5846531,0.020736486,0.04119484
3584,1085,2.5962143,0.58531505,0.005032353,0.010675281
3585,5840,14.62431,0.58132094,0.03356479,0.06547506
3585,5841,2.124382,0.5781223,0.0024299175,0.0057147145
3586,915,10.530115,0.54781497,0.021456003,0.04240246
3586,4242,2.4234085,0.54695094,0.0041361675,0.008937746
3587,3179,24.092655,0.55408233,0.050404835,0.09635976
3587,5544,5.5897484,0.5519198,0.010950722,0.021895915
3588,1055,2.0193405,0.6012789,0.003391333,0.0075529963
3588,2291,40.927906,0.6069007,0.07939563,0.1540707
3588,186,31.851032,0.60720015,0.06869581,0.13280167
3589,2405,61.922844,0.49912077,0.12104149,0.23485991
3589,2404,3.8956718,0.5049674,0.0072521493,0.015025094
3590,277,2.0302162,0.601042,0.0033520684,0.0070818216
3590,6722,101.18515,0.6097503,0.21027657,0.41150337
3591,258,1.6241417,0.5970516,0.004857242,0.01042448
3592,276,1.9206619,0.6038606,0.0026506558,0.0060326904
3592,1332,55.121056,0.6092544,0.10434413,0.20524131
3592,3593,70.710045,0.60970163,0.1323098,0.26125902
3593,3374,2.0435905,0.60536265,0.0032570437,0.007307604
3593,6138,33.968193,0.6057907,0.06665265,0.13111022
3594,3591,1.6064072,0.60424036,0.0027992204,0.00626345
3594,4982,48.095303,0.6047043,0.11970195,0.23589677
3595,504,2.5333633,0.6076419,0.0016693547,0.00465706
3595,6654,21.20163,0.6125815,0.04602265,0.08876517
3596,5856,2.4573288,0.6069601,0.0065192506,0.013514534
3596,5609,34.381535,0.6095895,0.089457005,0.17548688
3597,2749,1.4651985,0.60337657,0.0027300864,0.006007701
3597,186,75.96292,0.6072824,0.15909697,0.3127191
3598,2171,53.16629,0.57110214,0.13111708,0.25636134
3599,362,0.28160858,0.02869311,0.0042957067,0.008993015
3600,2856,1.9092827,0.5706856,0.0030103326,0.007018164
3600,945,48.242626,0.5707237,0.093342066,0.18064952
3601,2992,194.17178,0.5585418,0.37223417,0.7270059
3601,1495,34.727173,0.57209885,0.06676522,0.12996125
3601,3226,15.101915,0.5711378,0.030833244,0.060298167
3602,5730,3.2058945,0.59114915,0.005205475,0.011016458
3602,5733,4.4446983,0.59070003,0.00827688,0.017084077
3603,67,1.940979,0.5907807,0.0034158975,0.007544756
3604,3603,8.87458,0.58520824,0.009768993,0.020511255
3604,3606,2.747017,0.5897713,0.004852243,0.01039736
3605,3567,10.870853,0.59286517,0.015155882,0.031182215
3605,5188,4.145054,0.59332645,0.008424938,0.016692922
3606,5188,1.9691772,0.592563,0.0025729015,0.0057672113
3606,3603,4.074684,0.5927978,0.007971093,0.01646258
3607,3606,1.8739967,0.58952165,0.0035605058,0.0078041255
3607,2488,3.4613838,0.59710604,0.005537711,0.011564836
3608,2403,88.80325,0.5145076,0.19450803,0.37650666
3608,3178,196.61134,0.52138346,0.4192367,0.81516176
3608,1502,330.25305,0.50036716,0.65093315,1.2707899
3609,2229,1.8500099,0.4269035,0.0031687617,0.0065865815
3609,1208,1.8320198,0.4252267,0.0031205267,0.006453246
3609,1209,42.822853,0.43245816,0.08589399,0.16551879
3610,527,22.306332,0.35542107,0.050262067,0.09420245
3610,3612,24.27598,0.36385357,0.057136513,0.10701699
3610,4958,31.665941,0.3434457,0.0756184,0.14274448
3611,2021,1.908474,0.37738025,0.003222227,0.00624232
3611,4000,34.16064,0.38992923,0.07859517,0.14876562
3612,2589,1.6708832,0.37225246,0.0030916184,0.0063214153
3612,3611,7.834984,0.37123775,0.018206425,0.03443706
3612,2026,23.677088,0.3706694,0.052170277,0.09816814
3613,761,37.3059,0.59594727,0.07164555,0.14043126
3613,3007,33.17322,0.59859806,0.081372105,0.15877296
3613,1080,24.270405,0.59445965,0.05020866,0.09662074
3614,5300,3.4299774,0.65042603,0.0066526905,0.013593227
3614,3528,0.0,0.63083535,0.0054432154,0.010558471
3614,6557,8.128258,0.6505068,0.029704176,0.059176788
3615,1359,1.7110443,0.5445574,0.0025218278,0.0055865496
3615,929,22.57029,0.54659444,0.046870165,0.08972804
3615,6552,9.805378,0.54516596,0.019926116,0.03950107
3616,929,57.39393,0.54608196,0.10957975,0.21377414
3616,3615,8.685432,0.5444458,0.017599039,0.034841016
3617,3224,96.18492,0.56920934,0.18299508,0.35894194
3617,4824,124.68957,0.56689245,0.2349433,0.46076697
3617,1947,162.62924,0.56252503,0.30990538,0.60585177
3618,3619,3.1437836,0.5362598,0.0022624657,0.005108699
3618,1327,46.116974,0.5315653,0.08967875,0.17361574
3619,3620,20.74643,0.53400654,0.046090297,0.08856877
3620,5459,1.9366913,0.5355965,0.002734147,0.006029308
3620,1328,29.999352,0.53513277,0.06005593,0.11547494
3620,5450,30.750618,0.53548765,0.0667014,0.12784469
3621,472,1.2603683,0.536718,0.0024362355,0.005421594
3621,3623,17.434011,0.5379118,0.037533097,0.07259355
3622,3621,1.3756027,0.53690946,0.0026211292,0.005600184
3622,1325,58.546326,0.53414613,0.12452458,0.24351695
3623,4931,48.009293,0.53927326,0.05496281,0.103765175
3623,3619,59.26612,0.53386676,0.12967631,0.252713
3624,178,23.90464,0.5405026,0.032200884,0.061762787
3624,6515,60.01819,0.5317903,0.12713772,0.24737369
3625,2428,4.4610977,0.47290397,0.008481301,0.016955465
3625,2425,105.06125,0.46836996,0.21326536,0.4116196
3625,3685,7.3747177,0.47264552,0.014834546,0.029403448
3626,291,193.57364,0.572572,0.36916143,0.7227001
3627,3953,2.0211868,0.12613064,0.00204397,0.0057532787
3627,1975,62.269745,0.15894344,0.15049219,0.29925495
3627,1904,72.182594,0.28721848,0.20594496,0.39808786
3628,3832,130.57164,0.56163377,0.24589929,0.48175728
3629,5751,1.9912491,0.44737858,0.0034815595,0.007074222
3629,2299,39.83909,0.45536053,0.08288826,0.15786654
3630,3632,53.64971,0.010104001,0.1697648,0.35598648
3631,661,202.92531,0.6097878,0.38475892,0.7516235
3631,5891,47.430153,0.021398008,0.25746486,0.5487333
3632,5008,2.5005112,0.61376214,0.004963793,0.008966595
3632,3631,5.3873215,0.026037931,0.027107552,0.053211436
3633,1362,14.766174,0.5912631,0.030185923,0.05910456
3633,1082,10.38571,0.5902487,0.02163452,0.043023124
3633,1373,23.877464,0.58888364,0.051296722,0.09843748
3634,3635,2.2825165,0.40128842,0.0034861416,0.0070230216
3634,2968,49.09618,0.359059,0.12663928,0.246838
3635,3634,2.5192757,0.40059686,0.004084401,0.00816384
3635,3530,53.135765,0.42889473,0.13518733,0.26316968
3636,1999,138.7734,0.4029323,0.29374087,0.56479704
3636,3635,21.50174,0.38610616,0.052728005,0.10052586
3637,754,1.7046165,0.62489545,0.002186805,0.0047943145
3637,332,75.33463,0.62751603,0.13930693,0.27590033
3638,3639,1.3280449,0.62095034,0.001476869,0.003629014
3638,3640,2.3518333,0.6245675,0.0034780502,0.0077944696
3639,3638,1.4515648,0.6206348,0.0019451529,0.004495442
3639,3637,14.318451,0.6271825,0.02894286,0.05647815
3640,3639,2.759552,0.6253935,0.0041667596,0.009113014
3640,334,11.792517,0.62413144,0.023469917,0.04566571
3641,5121,33.39579,0.56989366,0.06537287,0.1272461
3641,3396,106.900635,0.5644405,0.20157103,0.39448047
3641,2933,102.45309,0.56586623,0.19383386,0.380147
3642,3643,116.89854,0.6103493,0.2156287,0.42484307
3642,402,265.60822,0.6014722,0.53260857,1.0436962
3643,3642,115.42099,0.60839146,0.2145656,0.42101228
3643,1723,44.480057,0.6119973,0.085226506,0.16542856
3643,4575,61.07586,0.6128971,0.11519677,0.22669052
3644,3559,150.35547,0.62332875,0.30263278,0.5937709
3644,3364,3.8975067,0.63108814,0.0076105967,0.015753344
3645,3646,5.1610184,0.54748625,0.009645551,0.01947835
3645,1069,29.383224,0.5452765,0.060518347,0.115189575
3646,3647,0.3330841,0.063516766,0.001413323,0.0025942773
3647,3648,1.1875534,0.54199487,0.003984064,0.008353099
3647,1957,71.14001,0.540013,0.18577103,0.36168343
3648,3651,2.0398178,0.54387707,0.0054787993,0.011297733
3649,3645,5.9393463,0.5433376,0.011400737,0.022883087
3649,3646,1.2614479,0.54780585,0.0034389794,0.007378578
3650,3649,1.5329933,0.5365597,0.0051818863,0.010313198
3651,3650,0.77674866,0.05722195,0.0023689047,0.003951624
3651,4180,23.738262,0.5468373,0.056509804,0.108859204
3652,6652,1.3651352,0.6127655,0.0035744905,0.007676333
3652,6147,61.78085,0.6113775,0.11611922,0.22876225
3653,479,29.579102,0.60333383,0.05909444,0.11319697
3653,673,2.0499191,0.60700834,0.0030686483,0.0063762516
3653,3654,28.501015,0.60419333,0.056176037,0.1081188
3654,468,29.653324,0.6045676,0.05955698,0.11396339
3654,467,2.0611649,0.60362697,0.00297115,0.006388128
3654,7029,23.48326,0.6039834,0.048350487,0.09328694
3655,146,1.7410507,0.6012331,0.0022800863,0.0052990764
3655,3842,24.36985,0.60323083,0.050740954,0.097884715
3656,638,2.6082878,0.56479114,0.0042952597,0.009188354
3656,3260,66.02187,0.5623869,0.124921426,0.24483237
3656,640,57.829777,0.56367725,0.11241534,0.21997303
3657,6413,2.0558586,0.6369095,0.0031012371,0.006798357
3657,5090,48.112366,0.6461638,0.09980517,0.19542485
3658,6414,1.845726,0.63978463,0.0032942742,0.0071484745
3658,509,31.243958,0.6494272,0.06649095,0.12771083
3659,1805,3.3328056,0.56503576,0.0026048943,0.0061467886
3659,3216,23.182676,0.5560194,0.10687639,0.21447581
3660,513,2.2043571,0.37294784,0.0068628415,0.009512633
3660,6231,11.694075,0.36451107,0.03170338,0.053492546
3661,5704,2.0474014,0.597159,0.003528215,0.007944226
3661,3662,17.718435,0.599148,0.037762426,0.073570915
3661,3705,36.525944,0.60171205,0.09026328,0.17563349
3662,3661,17.846718,0.5966001,0.037650857,0.07300956
3662,6338,20.148823,0.59815645,0.042813737,0.08284398
3662,6595,129.79135,0.5857924,0.2689185,0.5259675
3663,1842,66.9741,0.5127751,0.14268777,0.27780613
3663,4154,3.6969337,0.52234787,0.008266583,0.01687181
3664,1215,26.003687,0.50686514,0.054403003,0.10351295
3664,2304,25.27094,0.5094708,0.053198516,0.10139487
3664,1930,30.4088,0.5121568,0.05542336,0.105239056
3665,2610,13.118853,0.593041,0.026759192,0.052567706
3665,3666,2.6823921,0.59233195,0.0033367649,0.00760448
3666,3665,2.5948029,0.59206086,0.0033423826,0.007451907
3666,1282,13.955326,0.59344274,0.02612935,0.051516145
3667,880,92.05118,0.5661144,0.17571747,0.3447808
3667,6589,166.76447,0.5601994,0.31866303,0.62322533
3667,4136,138.89783,0.5647251,0.26333693,0.51539546
3668,3955,1.2270012,0.5730916,0.0014814511,0.004038736
3668,2990,276.7953,0.5612886,0.5259092,1.0261993
3668,1285,51.65108,0.5739787,0.12888631,0.25316018
3669,867,64.714645,0.57521075,0.123319775,0.24178594
3669,5683,4.988674,0.5743008,0.00924246,0.018400952
3670,2218,1.8107796,0.39080742,0.0021111295,0.0
3670,2585,69.178925,0.39890984,0.21366596,0.33989292
3670,4368,76.692154,0.65832204,0.15740298,0.31182796
3671,5054,10.1417885,0.53273916,0.020529538,0.04058425
3671,5979,79.8521,0.5184445,0.20935415,0.40458953
3672,1893,27.019234,0.45784125,0.07943071,0.15587893
3673,3376,0.97499466,0.4510643,0.005263895,0.010611266
3673,3672,3.7077255,0.45344484,0.003705591,0.0079972595
3674,4220,22.705101,0.4539995,0.06679091,0.12842456
3674,5183,25.70788,0.44631216,0.053665187,0.1016743
3675,1372,94.38745,0.6138194,0.17381258,0.34320983
3675,267,2.5824165,0.61365163,0.0040766224,0.008683339
3676,1368,7.0522003,0.59623146,0.014296643,0.028580293
3676,5189,9.488831,0.59761745,0.021867827,0.04342383
3677,434,2.8789177,0.59768325,0.007822037,0.016452655
3678,1401,53.849792,0.5615215,0.13225509,0.25806463
3678,5321,8.759647,0.56299484,0.020756364,0.041147903
3679,3278,0.4005623,0.548348,0.0025672317,0.005697444
3679,3184,42.1609,0.5702248,0.0792478,0.15306647
3680,557,1.3085709,0.5617841,0.002088882,0.004982099
3680,3679,55.170048,0.56509316,0.10676656,0.20895882
3681,1138,1.675148,0.5886196,0.0027449355,0.006589368
3681,1139,83.93291,0.58515245,0.17370817,0.34098196
3681,4335,95.28992,0.57877964,0.31014383,0.6084525
3682,4584,0.6441994,0.020828217,0.0004948303,0.0011611581
3682,7030,4.794197,0.4933604,0.009458929,0.020121112
3682,2888,34.670357,0.47782058,0.075972915,0.14426142
3683,3763,153.69177,0.6277484,0.28005016,0.55058455
3683,6757,4.565922,0.63360137,0.008184917,0.01675807
3684,6413,47.427647,0.64778906,0.09888079,0.19417703
3685,572,1.6693001,0.47384405,0.0023314282,0.0046499223
3685,3973,56.118202,0.475828,0.14434312,0.27948457
3685,3625,7.867836,0.4746906,0.015851378,0.031375736
3686,2427,10.42325,0.47021446,0.021880247,0.042803988
3686,3685,27.714767,0.475099,0.06828009,0.129694
3687,2424,1.7747307,0.47556043,0.0024427474,0.0048657805
3687,574,69.50526,0.4719627,0.13924119,0.26924968
3687,3686,54.85267,0.47522452,0.14445962,0.27972186
3688,2426,1.8665657,0.47866967,0.0028421283,0.005757436
3688,2391,87.711555,0.470496,0.17716868,0.34188947
3688,3687,27.118023,0.4817568,0.066907704,0.12697534
3689,533,1.6277161,0.4789861,0.0030540153,0.0066363513
3689,4841,16.942783,0.4857682,0.039491937,0.076323
3690,1553,1.7026253,0.4744797,0.002575487,0.005193129
3690,3689,17.581411,0.48123425,0.04184282,0.08088537
3691,2550,2.3544044,0.46364558,0.003891945,0.007913291
3691,5806,74.24321,0.46778798,0.20263174,0.3905475
3692,2564,66.14093,0.45322812,0.1761826,0.33901438
3693,2563,2.165409,0.4123546,0.00595662,0.0116939545
3694,5892,63.289764,0.32487285,0.18987915,0.36730617
3695,3694,34.196754,0.32324812,0.09233682,0.1707434
3695,4815,14.460817,0.32669526,0.035860337,0.06860807
3696,4038,1.7769203,0.32857427,0.0037087277,0.007286772
3696,3695,16.0963,0.3323858,0.04107444,0.07848457
3696,1233,49.91784,0.31670284,0.10762089,0.20630488
3697,2283,43.88333,0.329319,0.095094465,0.18005992
3697,3696,20.45437,0.33769798,0.05291082,0.09999174
3698,6740,2.7648888,0.41454226,0.0077570453,0.015190914
3698,6836,2.3619576,0.41194528,0.0039495304,0.008055344
3699,2546,1.6076431,0.41090345,0.0054876953,0.010794356
3699,2549,16.329752,0.40852806,0.03417216,0.065789975
3700,5547,0.5215492,0.031904668,0.0009839907,0.0010893047
3700,5106,100.648865,0.54039776,0.19292364,0.37585872
3701,5067,1.6038246,0.51938826,0.0018764883,0.0041885525
3701,1224,115.59456,0.5375967,0.2214109,0.43193483
3701,3700,26.107332,0.52318954,0.06038318,0.11652717
3702,1224,113.074875,0.5325826,0.23832694,0.46272492
3702,3701,32.102196,0.52108395,0.07117069,0.13694099
3703,3122,1.1428032,0.5395223,0.0033522174,0.0070225745
3704,2109,2.3333092,0.5976614,0.002797328,0.0065476894
3704,5638,16.518166,0.6031015,0.037534423,0.07305563
3705,4990,2.0260162,0.5992639,0.0028527752,0.0065021664
3705,2110,60.721756,0.60000235,0.11489819,0.22587648
3705,4238,30.481388,0.6055418,0.074392065,0.14638048
3706,1802,1.650074,0.59726846,0.0021072328,0.005065143
3706,3704,60.21233,0.6001678,0.15017632,0.29479882
3707,4204,2.4186935,0.5891326,0.002952747,0.0068175197
3707,3706,52.365284,0.601428,0.12720677,0.24874559
3708,3112,62.313187,0.5513751,0.19923465,0.38850284
3709,1873,2.0108528,0.6555312,0.004346229,0.008395821
3709,6205,58.20155,0.37341258,0.20231223,0.32668793
3710,3711,2.151657,0.66029906,0.005308792,0.010570645
3710,3964,44.891693,0.3792216,0.15870872,0.24711518
3711,3709,0.5349579,0.3669011,0.0032217205,0.0024733692
3711,5011,58.450188,0.65825033,0.1393919,0.2752337
3712,5093,1.802906,0.6107948,0.0034150928,0.0076698065
3712,5187,13.1056,0.6113229,0.027233556,0.053445667
3713,3712,1.874466,0.6129265,0.0025880262,0.006256774
3713,3718,34.510864,0.6085809,0.073967025,0.1443624
3714,3716,9.703953,0.61141133,0.020815216,0.041167766
3714,3715,2.6648521,0.60890836,0.0019561425,0.0049524456
3715,3714,2.627079,0.6094584,0.0020519271,0.0051890314
3715,3719,12.357698,0.6120288,0.026574,0.052197516
3716,3717,2.5513916,0.60914755,0.0015948564,0.004631564
3716,384,15.118792,0.611847,0.03276788,0.06418469
3717,3716,2.7066536,0.60784924,0.0021841154,0.005687088
3717,3715,9.710064,0.6075708,0.020489484,0.04054062
3718,3719,2.6391983,0.61125904,0.0020380616,0.005136594
3718,3714,11.112249,0.61078167,0.023614936,0.04660988
3719,3718,2.6275024,0.6074927,0.0017865375,0.0044912547
3719,3712,34.569332,0.6104657,0.07429398,0.14371952
3720,2027,1.6350822,0.4623086,0.002350822,0.0048175007
3720,2456,43.91461,0.4614514,0.086546175,0.16827773
3720,3723,35.99567,0.46711963,0.09287702,0.18068394
3721,5399,5.8751106,0.44586438,0.013004877,0.025160402
3721,5399,2.0855255,0.44521534,0.003222853,0.006626621
3721,2053,40.65935,0.4463737,0.08265333,0.15947454
3722,2030,37.850227,0.44838816,0.07780457,0.14794517
3722,5749,3.8719368,0.45051086,0.0073173493,0.014655754
3723,6161,1.9108353,0.4638343,0.0039959922,0.008290738
3723,9,1.2184219,0.45911503,0.0041530356,0.008730307
3724,3723,1.6635132,0.46312457,0.0035230443,0.007354006
3724,2027,41.51108,0.4632033,0.09204612,0.17904492
3725,1852,1.8266678,0.45969158,0.002468899,0.004886821
3725,2328,64.66885,0.46417603,0.12836793,0.24829347
3725,3724,36.950867,0.46607947,0.0828269,0.15880187
3726,2330,1.7539101,0.45641118,0.0026866049,0.0054591745
3726,2328,42.475304,0.4598939,0.083448604,0.1610792
3726,3725,37.966145,0.46197948,0.08346042,0.16076252
3727,16,1.9658813,0.45365635,0.002893217,0.0058455914
3727,3726,13.524704,0.45922318,0.029396899,0.05694189
3728,3727,24.517073,0.4566367,0.054615892,0.10364701
3729,2029,1.7858925,0.45323342,0.0026270375,0.005404979
3729,2049,112.486206,0.42035258,0.2339428,0.44977325
3729,6006,24.147396,0.45655936,0.058952615,0.11296825
3730,2041,1.9113007,0.45217687,0.0028188676,0.005740896
3730,4550,121.43259,0.4196957,0.2534413,0.48806834
3730,3729,33.530834,0.45616373,0.08670501,0.16689584
3731,4547,2.0215645,0.46678445,0.004101768,0.00815694
3731,3730,136.49907,0.45865285,0.3737231,0.7265657
3732,2505,2.9237595,0.46093088,0.0061584413,0.012477785
3732,3731,1.3087769,0.45915532,0.004192449,0.008699581
3733,6067,0.9886017,0.4826994,0.0038620979,0.008245409
3734,531,102.84219,0.50994784,0.20176902,0.391834
3734,2144,39.98,0.51603323,0.078437224,0.15284708
3734,3735,20.855051,0.5167378,0.048970938,0.09452926
3734,6520,7.537586,0.52314824,0.01629585,0.032678753
3735,3734,21.05343,0.5168428,0.04973697,0.095831834
3735,6125,30.310184,0.5137147,0.07691243,0.14720492
3736,6125,1.2975235,0.5090818,0.0024953857,0.0054577887
3736,3735,30.232548,0.51285565,0.076095834,0.14476286
3737,357,33.486797,0.6407901,0.066307135,0.12663406
3737,358,3.0510483,0.63431656,0.0049255043,0.010361716
3737,2141,8.843197,0.6357128,0.017192073,0.034308344
3738,3740,2.2510452,0.50437605,0.0028208569,0.0057906806
3738,5000,29.642982,0.4985088,0.064582184,0.12315772
3739,2982,197.25256,0.56564176,0.37066045,0.7235956
3739,3738,78.83826,0.5110776,0.16729642,0.32525784
3740,3738,2.2780457,0.5037731,0.0028207377,0.005951643
3740,3739,82.341354,0.5176856,0.1712403,0.33238715
3741,2205,1.7483292,0.5196114,0.0025272742,0.0054769963
3741,6705,53.422874,0.52440554,0.1149517,0.22429234
3742,2522,56.709377,0.5985503,0.11884208,0.2325251
3742,6066,52.322357,0.59721905,0.10785638,0.21030125
3743,2186,1.341465,0.5253589,0.0030473992,0.006469533
3743,3745,15.4911175,0.5226011,0.033897463,0.065760784
3744,3750,1.6769104,0.51292807,0.0032180175,0.006893009
3744,3748,9.191715,0.26172984,0.022738859,0.040748432
3744,93,1.3240013,0.5208886,0.002602376,0.005887732
3745,94,1.5579948,0.52237326,0.0029447898,0.0063640177
3745,3746,19.675058,0.518567,0.043071594,0.08315318
3745,4446,53.299873,0.52605826,0.11282347,0.22120367
3746,113,1.5820885,0.5190979,0.002004601,0.0044840276
3746,3747,34.89477,0.5168866,0.079517744,0.15280032
3747,3753,0.9429817,0.5177099,0.002582118,0.0060857236
3747,4446,73.84059,0.5274631,0.16389239,0.31874198
3747,3744,1.2985611,0.2868011,0.0045309514,0.00691472
3748,4417,41.791405,0.26764527,0.13660043,0.22218363
3749,95,1.7982635,0.5208982,0.0036790743,0.0075634867
3749,6100,29.590015,0.5188401,0.060387053,0.11586758
3750,93,1.2331734,0.27760357,0.0044110194,0.006726101
3750,6943,55.6764,0.5144943,0.120587155,0.23482078
3751,90,0.6879616,0.5658387,0.0030308738,0.0064935386
3751,3759,41.69015,0.5700967,0.08898614,0.17204198
3752,3747,1.7050896,0.52743727,0.004586801,0.009306952
3752,113,35.733753,0.5116763,0.08003579,0.15364295
3753,3744,1.5885811,0.5147896,0.0035194308,0.007430956
3753,1399,50.68046,0.5117975,0.1096783,0.21456987
3754,6697,44.91342,0.52455604,0.09479752,0.18416312
3755,3748,26.645462,0.49777812,0.0357451,0.068319514
3755,3744,6.6596375,0.51325995,0.014847964,0.029046312
3756,4428,30.115833,0.5258958,0.06546061,0.12608275
3756,648,6.330723,0.53307956,0.013549708,0.027314946
3757,458,1.9282455,0.53551924,0.0028598085,0.006473571
3757,654,6.4736404,0.5370674,0.012579486,0.025532424
3757,3756,23.543293,0.53549623,0.05231182,0.09957728
3758,4393,0.92092514,0.5372282,0.0019939542,0.004624486
3758,649,5.669758,0.55100983,0.012483902,0.025065705
3759,1400,2.2405014,0.56279165,0.0035997257,0.0076108575
3759,651,6.903057,0.56251943,0.0133885,0.026970804
3759,3758,52.440567,0.55346286,0.109760694,0.21316198
3760,6735,16.00227,0.5243048,0.03699746,0.07167351
3761,110,2.06559,0.52260995,0.0033011287,0.007278979
3761,101,72.0078,0.5261094,0.13979392,0.27352995
3761,3760,26.054123,0.52279985,0.05812282,0.11116513
3762,6218,0.31505203,0.36289972,0.00059389323,0.0013389587
3762,5151,51.377243,0.6443876,0.10526148,0.20624109
3763,507,2.0831108,0.6299005,0.003048502,0.006767273
3763,5150,149.75287,0.6327831,0.30020142,0.589175
3763,3683,153.35345,0.6326402,0.28057525,0.55118734
3764,835,1.8381691,0.62235194,0.0023766384,0.0053676963
3764,6185,134.65735,0.62601686,0.24567911,0.48284143
3764,4595,56.63443,0.6287605,0.11590624,0.22665426
3765,910,1.5191078,0.54188263,0.0020303428,0.0047884434
3765,3769,25.803148,0.54374826,0.057177626,0.10968094
3766,3770,0.3255005,0.037247688,0.0065807477,0.011272505
3767,3766,2.3876724,0.54424274,0.0046156347,0.009414643
3767,6601,44.431232,0.025266469,0.22970071,0.4836353
3768,3767,1.7190857,0.54329914,0.0032194331,0.0063905567
3768,4903,5.0319977,0.5356629,0.013379328,0.026749924
3769,3501,1.5150185,0.54076415,0.0020743385,0.004970968
3769,3500,60.524715,0.54262096,0.11629757,0.22688481
3769,4902,48.13788,0.53733283,0.10087681,0.19495761
3770,3771,2.4282951,0.5516314,0.004163146,0.008232892
3770,3929,2.0850601,0.03452158,0.011808559,0.022742033
3771,1741,1.6778259,0.543541,0.0031784102,0.006067544
3771,3767,0.0,0.038966388,0.00515642,0.009298921
3772,524,1.5543709,0.47056484,0.0028616115,0.006251335
3772,4033,26.412148,0.47094622,0.0593302,0.11330825
3773,528,1.8642387,0.48629418,0.002666466,0.005620584
3773,3772,65.94456,0.47862583,0.1467727,0.28313068
3773,2471,126.46505,0.47078672,0.25523716,0.4925362
3774,5891,1.662693,0.6215056,0.0020132437,0.0039263964
3774,5008,49.39547,0.0,0.27934018,0.593648
3775,3598,2.7973747,0.5855282,0.0059011877,0.01207386
3775,3599,4.317436,0.02134335,0.017502114,0.03438954
3776,5231,50.145264,0.4512848,0.0997538,0.19233741
3776,2118,8.712238,0.4516554,0.017992109,0.035009682
3777,6101,0.92840576,0.51497704,0.0018154457,0.004160717
3777,6733,15.236986,0.2978931,0.03983987,0.07324115
3778,246,1.6857185,0.5207604,0.003112629,0.0062950253
3778,3779,5.1876755,0.52500385,0.011943445,0.0241234
3779,2277,21.840904,0.5260658,0.047246005,0.090798914
3779,3780,73.54724,0.5281551,0.16678171,0.32450545
3780,88,1.3245735,0.52357864,0.002339162,0.005390674
3780,3781,29.110106,0.53035814,0.06459243,0.124644846
3781,739,1.4974213,0.5352446,0.0018461794,0.0041615963
3781,6106,44.183075,0.53535634,0.08712321,0.16891424
3781,6751,57.02002,0.53898484,0.12142083,0.23676834
3782,6598,1.3898621,0.5459785,0.0030506551,0.006331831
3782,3791,96.39184,0.5547612,0.20717272,0.40385956
3783,3793,1.3569069,0.5421313,0.0029220507,0.006585732
3783,3794,13.983242,0.5449948,0.030204207,0.05902236
3784,85,1.8164749,0.53459877,0.0038676113,0.008429855
3784,3785,39.30903,0.5376768,0.084269464,0.16263944
3784,6394,49.732754,0.53865975,0.10476945,0.20433748
3785,1243,1.7015953,0.5339895,0.0021712035,0.004975915
3785,2651,165.04324,0.537041,0.32026124,0.6246081
3785,4206,22.50536,0.5354611,0.049704324,0.094850466
3786,3787,8.887188,0.5493881,0.019427441,0.038804054
3786,2202,14.6266,0.55005074,0.030313525,0.059211254
3787,6087,2.776825,0.5492641,0.0017682314,0.0049000084
3787,3788,2.3009644,0.5495919,0.0049483404,0.010572612
3788,3789,1.6296959,0.5499928,0.0037523508,0.007992744
3788,2201,16.844622,0.54934466,0.0408916,0.079401076
3789,1701,0.7288666,0.5558055,0.0037465617,0.008001938
3789,5824,2.3739052,0.55592746,0.00518661,0.010435656
3790,2651,1.6947479,0.54330224,0.0023700222,0.0054526776
3790,125,25.003532,0.5456732,0.055826776,0.10658644
3791,2648,2.104332,0.56124306,0.0038311929,0.008611828
3791,127,53.373436,0.5616333,0.1122021,0.21998477
3792,1427,1.5541954,0.5441278,0.0032076389,0.006891787
3792,3790,8.869965,0.5458676,0.019626826,0.03923416
3793,3792,1.274929,0.54314536,0.002801165,0.006146699
3793,6752,46.45382,0.5512665,0.09767981,0.19064565
3794,6395,17.648136,0.5408151,0.038012244,0.07402967
3794,3793,14.136799,0.5431144,0.031018976,0.060794875
3795,2944,4.4474373,0.6518535,0.008853182,0.01827465
3795,3100,35.63231,0.6541644,0.08919958,0.17380838
3796,6658,47.67059,0.6070987,0.07285047,0.1405963
3797,1106,1.3927155,0.54710776,0.0022322088,0.005480677
3797,4896,3.1698685,0.5517612,0.0042873323,0.009573653
3798,6275,38.14818,0.5370834,0.047923524,0.091536336
3798,3800,40.154945,0.53454727,0.083478026,0.16103888
3799,3827,3.6329498,0.53454417,0.0035688654,0.008625314
3799,964,111.6671,0.5391235,0.2359195,0.45787537
3799,3800,30.85042,0.5347013,0.03875432,0.075739205
3800,3801,16.981842,0.5300626,0.03683495,0.07177976
3801,920,1.4601402,0.5336672,0.0021741167,0.005187005
3801,981,112.305405,0.53807116,0.21700129,0.4231339
3801,6706,26.562233,0.5266354,0.05959579,0.11375245
3802,1621,1.658802,0.52525276,0.0024070218,0.005358711
3802,3803,21.587244,0.52482754,0.048181705,0.092523605
3803,2309,1.229145,0.5188486,0.0023647249,0.005555555
3803,3804,15.987921,0.5222278,0.035109565,0.068316564
3804,5245,1.9315262,0.5190444,0.0027200058,0.005664468
3804,6701,27.927986,0.5168595,0.063569844,0.12041362
3805,3989,1.5707321,0.5115932,0.003305383,0.006898865
3805,2273,0.38733673,0.51152015,0.004620351,0.009289667
3806,726,78.27433,0.5630093,0.16373263,0.31868625
3807,5356,3.0985107,0.570941,0.0056851134,0.011814237
3807,1495,2.7933426,0.5726001,0.0051151216,0.0107072145
3808,1495,29.54155,0.5704503,0.058323614,0.11265463
3809,2508,9.105915,0.59644234,0.017028034,0.03436616
3809,1644,9.391438,0.5920634,0.02166275,0.042061374
3810,2759,1.51865,0.5979769,0.0021677837,0.0048862845
3810,6365,82.74638,0.60175806,0.20097041,0.39335126
3811,4802,1.5259552,0.5951441,0.004077077,0.009052768
3812,3810,1.2857246,0.56737983,0.003629163,0.007449463
3813,3407,1.320694,0.5242119,0.0042424947,0.009045944
3813,6912,4.5059776,0.52563465,0.011275522,0.022535205
3813,6419,1.3367958,0.52172506,0.004289314,0.009159923
3814,3573,8.475597,0.5479941,0.009284355,0.018722877
3814,5659,25.1574,0.54565465,0.06221533,0.120538786
3815,1739,34.36152,0.47704715,0.06993562,0.13378179
3815,2425,5.6390495,0.47631836,0.01109381,0.021861136
3816,4468,5.304615,0.5750938,0.012902088,0.025987536
3816,2884,40.86439,0.57771266,0.079065256,0.15397002
3817,5727,31.805103,0.012322485,0.12084788,0.2588287
3817,6888,36.44273,0.0,0.13679719,0.29790735
3818,3819,24.916754,0.51309806,0.05323433,0.1024288
3818,3819,17.937376,0.51654273,0.049784128,0.09741786
3819,1717,20.520903,0.5185326,0.05739298,0.11193802
3820,2933,64.85607,0.56981397,0.1722663,0.33718175
3820,3319,32.474762,0.56643903,0.060951054,0.11732236
3820,3821,6.2171783,0.56987655,0.011427179,0.022480145
3821,4911,23.200682,0.57036924,0.04948639,0.0947626
3821,3820,5.8062515,0.57036906,0.010206312,0.020437628
3821,3261,48.824936,0.5729311,0.097288385,0.18731129
3822,3824,1.6145058,0.56942666,0.00267943,0.0062513053
3822,4358,44.150963,0.5709128,0.106359266,0.20651898
3823,2954,1.3751945,0.571943,0.002056256,0.0049521625
3823,6589,46.915543,0.5731405,0.115281716,0.22508119
3824,3822,1.4539261,0.56953204,0.0025310665,0.006002173
3824,811,46.58043,0.5715263,0.096859515,0.18933646
3824,6588,59.20473,0.56326467,0.15933378,0.31086838
3825,3426,17.599888,0.5290391,0.028117053,0.055952586
3826,91,61.989994,0.51827365,0.13636944,0.26502228
3827,3799,3.7099571,0.53622925,0.0040958077,0.009549305
3827,921,63.384895,0.5366536,0.13410197,0.26075447
3828,5697,34.813168,0.59605634,0.08603024,0.16574785
3829,4268,2.539215,0.29791355,0.0022771582,0.004415706
3829,4249,30.215527,0.29780614,0.072995365,0.13661201
3830,2274,2.656208,0.3028689,0.0025667995,0.0050258934
3830,5474,26.526615,0.30471832,0.064577915,0.12053344
3831,6784,23.263683,0.57871145,0.044116847,0.08499125
3832,5112,1.6900024,0.56540936,0.0022212043,0.0051969886
3832,3628,130.72142,0.55681854,0.24569812,0.48022878
3833,4101,43.671993,0.5649371,0.08864266,0.17256023
3833,1449,12.816309,0.56299573,0.029909447,0.05893092
3833,1367,281.26013,0.55362767,0.53874207,1.051914
3834,1253,8.705994,0.52256393,0.018847317,0.037525043
3834,1200,59.14909,0.5234972,0.12687965,0.24753693
3835,2068,49.39429,0.5838292,0.0943719,0.1834131
3835,873,26.231379,0.5804376,0.053054787,0.101819426
3836,203,1.4544754,0.52175844,0.0048398525,0.010439292
3836,3837,2.5614052,0.531032,0.0034107566,0.0073786825
3837,4854,37.58965,0.5306812,0.08057166,0.1546274
3838,797,1.793045,0.5810084,0.0028667375,0.0060399175
3838,3839,51.907513,0.5760522,0.11004188,0.2129649
3839,4315,1.927845,0.58558744,0.002680324,0.0063266307
3839,798,67.80437,0.5794848,0.13020715,0.25636935
3839,6833,30.103512,0.58523315,0.0647439,0.1240011
3840,1413,1.0026093,0.6086624,0.0031098947,0.0072425455
3840,4083,7.653366,0.61631,0.01552891,0.030916885
3841,3842,1.9173813,0.600782,0.0032217652,0.0069509745
3841,146,24.149006,0.60527587,0.04907668,0.09444679
3842,4449,2.3110352,0.5999823,0.0034210458,0.0073167384
3842,6488,27.167255,0.59898084,0.05844714,0.11230702
3843,144,1.7928085,0.5947833,0.0021754429,0.0049700886
3843,4457,26.776863,0.5899055,0.058057286,0.112085685
3844,143,1.7486954,0.5860387,0.0025456846,0.005461216
3844,3845,16.622341,0.5882844,0.03613147,0.07069089
3845,141,1.7122498,0.58111715,0.002631247,0.0056281835
3845,142,44.588684,0.57844996,0.092925034,0.17840439
3846,157,1.6580505,0.58274466,0.0021951199,0.0050866753
3846,465,57.707237,0.5796141,0.10984329,0.21571091
3846,4400,16.024673,0.5805754,0.034729995,0.06738836
3847,168,32.976864,0.52845335,0.065637134,0.12736621
3847,4433,5.9332924,0.5223674,0.012009658,0.02402915
3848,815,1.8474007,0.5818163,0.0025828928,0.0058460683
3848,763,52.257748,0.5849246,0.09990759,0.19537105
3848,4518,58.924896,0.580096,0.12622765,0.24714425
3849,5312,24.823792,0.5293691,0.052368812,0.100154705
3849,117,20.624922,0.5290258,0.043867983,0.084254615
3850,2696,1.1236725,0.52955914,0.0016096383,0.004075691
3850,2695,70.828926,0.53262556,0.13794479,0.2694792
3851,3853,1.4436989,0.58680004,0.0021043941,0.005101979
3851,481,83.874954,0.58611965,0.17754391,0.3460194
3852,3428,1.2491074,0.59129804,0.0028040037,0.006068364
3852,3863,31.948156,0.58991563,0.0697022,0.13470587
3853,3852,1.544136,0.59600073,0.003112346,0.0069212466
3853,647,84.009445,0.594361,0.17745122,0.349552
3854,3855,7.63266,0.6025276,0.015782885,0.031420365
3854,671,32.603508,0.6046291,0.0648129,0.12486935
3855,647,1.064785,0.5858889,0.0016129389,0.0037103593
3855,3856,56.019325,0.59559005,0.116387546,0.22523081
3856,672,34.659958,0.59669447,0.06810271,0.13209845
3856,3852,29.62416,0.60573107,0.06428676,0.124388084
3857,4467,35.294395,0.59343994,0.0695768,0.13431065
3857,3858,98.38733,0.5812644,0.2075052,0.403993
3858,482,1.0155182,0.55158836,0.0017819703,0.003910005
3858,3859,81.03373,0.57421076,0.1709922,0.33308685
3859,4468,1.654499,0.5744507,0.003461711,0.0071225464
3859,646,27.074139,0.5800432,0.066252075,0.12827744
3860,3861,1.7733994,0.6124186,0.0035339594,0.0074869543
3860,6570,60.27184,0.6095142,0.1228632,0.24106942
3861,4255,1.9023781,0.61613375,0.003607206,0.007991478
3861,4254,47.17218,0.6013265,0.05391148,0.10359084
3862,645,1.5478477,0.60118467,0.0024891645,0.0057293475
3862,4207,76.51427,0.6137467,0.14184469,0.2796892
3862,6568,37.478508,0.6135349,0.077793054,0.15138303
3863,4046,3.0149422,0.58929515,0.0056732,0.011135861
3863,2805,1.7557793,0.58983,0.0023875237,0.0048265606
3863,672,32.334305,0.59728897,0.063589714,0.12229258
3864,2941,72.20347,0.37906152,0.27631095,0.4582923
3864,399,148.87753,0.6426054,0.302654,0.59392285
3865,5739,1.9158478,0.49239248,0.0030553564,0.0062246174
3865,1704,31.603668,0.495095,0.06933824,0.13121949
3866,1269,62.779003,0.54125905,0.12070389,0.23619616
3866,1392,50.52949,0.53884155,0.10545843,0.20470412
3867,5121,26.827475,0.5665942,0.05417818,0.103091605
3867,5121,24.631042,0.56621057,0.050255604,0.095524535
3867,6786,185.80598,0.554383,0.3844743,0.749277
3867,3232,64.80632,0.5666827,0.13676,0.26827314
3868,707,1.6243057,0.5769772,0.004797511,0.009983107
3869,3870,3.0202293,0.6218797,0.0049812496,0.010598972
3869,3186,5.5007095,0.620957,0.01316873,0.026579961
3870,2535,8.01442,0.6198483,0.015668117,0.031307697
3871,2631,11.449141,0.6416334,0.022695437,0.04488623
3871,323,5.0330086,0.6450436,0.012046494,0.024111733
3872,1990,2.5554047,0.6065196,0.0048888773,0.010561407
3872,5858,48.703976,0.6067759,0.09145814,0.17889808
3873,2219,101.212494,0.6464883,0.18513273,0.36622095
3873,5167,27.947361,0.6566758,0.055685993,0.10760473
3874,5212,1.0693741,0.55976754,0.0041905865,0.008585408
3875,1447,61.299152,0.5613431,0.11727598,0.22980094
3875,1449,20.678833,0.564832,0.05023198,0.098028556
3876,5282,11.213476,0.5631723,0.030140806,0.059244648
3876,3877,20.736248,0.566683,0.04200184,0.079218894
3877,842,155.56482,0.5565611,0.29589072,0.5784826
3877,1454,62.641777,0.5669948,0.12203951,0.23916903
3877,3876,19.377916,0.5653258,0.039206177,0.07476593
3878,3140,26.337624,0.5789796,0.053896114,0.10361716
3879,4997,1.3434219,0.535386,0.0025882646,0.0061300993
3879,3077,7.226425,0.5456312,0.016238317,0.03234902
3880,6009,5.286541,0.5447319,0.010024808,0.020733908
3880,776,1.4481735,0.53704035,0.0026039705,0.0064084977
3880,2877,43.294895,0.54755104,0.09044807,0.17428249
3880,2246,121.85438,0.5369098,0.23251688,0.45286363
3881,6573,1.1792564,0.5853076,0.0036605075,0.007872149
3881,1088,2.5789986,0.58452564,0.004126221,0.008775502
3882,3919,83.944496,0.49026087,0.16659631,0.32263914
3883,3131,3.4029694,0.6340947,0.011001766,0.02187419
3884,4004,2.6391144,0.60003257,0.0056460276,0.011606708
3885,417,47.539856,0.5738631,0.05449355,0.10308475
3885,5276,69.19438,0.56839776,0.1453221,0.28441614
3886,2655,2.0385475,0.5160225,0.0032329038,0.0069223344
3886,78,69.13201,0.51180774,0.23189229,0.4505273
3888,95,20.481161,0.29040495,0.0532308,0.100682214
3888,6100,1.5390968,0.5240259,0.003077574,0.0071956217
3889,5178,2.8448677,0.5970583,0.002328083,0.0059737563
3889,3080,11.830002,0.6028663,0.025113411,0.049634367
3890,5417,1.9726295,0.60402435,0.0032149255,0.0074358135
3890,3108,30.324953,0.61332566,0.07266698,0.14224157
3891,448,31.498837,0.6206919,0.055923678,0.10962778
3891,366,22.783382,0.62312084,0.054543316,0.106131665
3892,746,2.8393326,0.5806983,0.0045298785,0.009563029
3892,4514,71.348694,0.58212245,0.13483922,0.26578608
3892,3893,2.002121,0.5783674,0.0053803027,0.010815218
3893,1561,1.2638855,0.5791419,0.0065418854,0.012993351
3893,3892,1.7135811,0.58051175,0.0052881464,0.010937646
3894,4865,2.4717598,0.56739753,0.0034192726,0.0077735484
3894,612,33.153465,0.5685967,0.05815532,0.110652514
3894,5929,35.27768,0.56703806,0.07372705,0.14131188
3895,5326,62.217422,0.49262327,0.15741774,0.30439955
3895,2137,4.921631,0.5024305,0.012610123,0.02519381
3896,306,6.6920433,0.6387523,0.012552924,0.024809554
3896,2924,3.5961266,0.63790995,0.0061866865,0.012551263
3896,304,75.591736,0.6392432,0.13739751,0.2727418
3897,3898,10.433092,0.5473546,0.019147776,0.038096562
3897,2969,5.2003937,0.5459402,0.008542828,0.017577425
3898,3897,11.442518,0.54501504,0.021617137,0.042387083
3898,5691,44.177715,0.5518886,0.07314344,0.13940619
3899,4658,2.2496681,0.6705787,0.002207376,0.005603224
3899,3903,28.112514,0.3875984,0.10694002,0.17094903
3900,3901,0.77134323,0.3493481,0.0042178333,0.0044301897
3900,3902,3.7617493,0.6517883,0.0052457005,0.01134406
3901,4787,3.7972984,0.66328657,0.006892927,0.014133841
3901,2634,2.9929695,0.39635798,0.010368437,0.014627576
3902,2631,0.8186455,0.3265407,0.0037636384,0.0048525482
3903,3943,1.8761368,0.6615284,0.0015826151,0.0041233897
3903,307,23.378613,0.3815698,0.08701877,0.14586821
3904,6228,0.7533455,0.3980763,0.0044912696,0.0041531175
3905,4137,657.4198,0.6387625,0.9708058,1.906597
3905,305,9.463562,0.6811503,0.018347852,0.03594449
3906,4212,6.7549515,0.64243174,0.012701087,0.025246099
3906,302,83.82883,0.6458538,0.1495707,0.29514086
3908,5198,11.998396,0.45333353,0.025595717,0.04981421
3909,1180,1.6407089,0.22147375,0.0021835193,0.0043724626
3909,5590,4.382324,0.57526463,0.009659871,0.019951895
3910,3911,31.914831,0.575766,0.06950044,0.13695088
3910,3287,68.20399,0.5689864,0.14458586,0.2829719
3911,2389,1.7343712,0.5677215,0.0034958422,0.007902995
3912,3910,31.250702,0.5786127,0.07173905,0.14051732
3912,3913,11.345833,0.57238543,0.02375678,0.047042564
3913,2216,238.09898,0.5590744,0.46079955,0.89896613
3913,3911,14.280361,0.5748546,0.02906619,0.056694746
3914,5593,30.404568,0.486777,0.0772137,0.148038
3914,1786,27.681606,0.48541406,0.06792742,0.1288828
3915,293,1.8941383,0.6705636,0.0030039102,0.006345853
3915,5637,2.3095665,0.36604816,0.0075016245,0.010628462
3916,2585,78.03496,0.3553781,0.24316743,0.395044
3917,3710,1.4922867,0.6405238,0.00351049,0.007511154
3917,3916,23.35562,0.65039533,0.04835888,0.0943258
3918,4229,1.4148979,0.44567943,0.004286863,0.008762285
3918,3375,44.090286,0.45805824,0.14741899,0.2865998
3919,2479,3.7223701,0.47679877,0.007484488,0.015139237
3919,1991,2.520874,0.47470093,0.0074436367,0.015162766
3920,7061,2.498394,0.5717101,0.002834648,0.006681189
3921,3947,2.355217,0.6639852,0.0039859116,0.00816375
3921,4383,36.873657,0.3542838,0.13266218,0.2083692
3922,3921,0.0,0.36710602,0.0016530827,0.0
3922,5500,103.225464,0.64993566,0.26486075,0.5225544
3923,4781,1.6610184,0.6437295,0.004277326,0.0088484585
3923,6032,51.90976,0.6463219,0.10684819,0.20879063
3924,3925,0.12677002,0.18924552,0.002500765,0.0049868673
3924,2209,76.850845,0.637288,0.1570088,0.30971873
3925,3923,1.74366,0.64743656,0.003915444,0.008384377
3925,5031,78.76196,0.64328516,0.19487739,0.38384974
3926,7051,2.1904373,0.6063356,0.0037240908,0.008286908
3926,1998,70.13808,0.6078312,0.09891953,0.1932751
3927,3915,0.5120659,0.3808173,0.0029400215,0.0020662844
3927,3670,2.231617,0.66579276,0.0041927174,0.008494943
3928,6559,2.3469734,0.6381958,0.004152961,0.008031577
3928,5089,4.0015335,0.6413035,0.013424553,0.02708
3929,6767,0.9535103,0.4426188,0.0013347641,0.0033107698
3929,4918,2.197754,0.5426273,0.0035049245,0.0072579533
3929,6769,23.407845,0.026729167,0.10348064,0.21680512
3930,5551,114.571465,0.52727336,0.22123319,0.43057746
3930,6603,58.68423,0.54097253,0.11135681,0.21605052
3931,5553,2.6045876,0.5366885,0.004330255,0.009341612
3931,563,33.017796,0.53534913,0.06471303,0.12489836
3932,3542,8.798161,0.035092443,0.03629613,0.07160645
3932,3931,31.16426,0.5430997,0.063682795,0.12107685
3933,3934,1.3487473,0.54663897,0.001679182,0.0034402758
3933,1490,2.32452,0.54407984,0.0037576854,0.007944673
3933,5437,42.910664,0.010865152,0.22731003,0.4823432
3934,3933,1.295311,0.5409016,0.0014936626,0.0037786216
3934,1378,103.11627,0.5350788,0.19816917,0.38646793
3934,5440,89.2428,0.5374661,0.2429856,0.47181183
3935,3655,1.6942711,0.5990327,0.0022631288,0.0052791834
3935,6489,28.197548,0.597908,0.05687759,0.109371476
3936,3256,1.310379,0.5905798,0.0021894947,0.005363956
3936,4455,29.607334,0.5958005,0.05994854,0.11431055
3937,3257,1.6894112,0.5863036,0.0022780672,0.0052722245
3937,4146,61.507492,0.5858801,0.11520736,0.22669081
3938,4638,1.4724045,0.5794578,0.0028354004,0.006330982
3938,156,61.707993,0.59013736,0.11589164,0.22707656
3939,3940,1.6421661,0.5656584,0.0020296276,0.00479497
3939,4580,98.94654,0.55420315,0.21337694,0.414058
3940,3939,1.4911003,0.56376094,0.0017748922,0.0043484718
3940,3941,39.61335,0.5667457,0.08481415,0.16292965
3941,3942,1.502121,0.5671134,0.0018235967,0.0041878223
3941,822,87.222855,0.5647639,0.16485015,0.32338285
3942,3941,1.8863564,0.56883025,0.0030196607,0.006829858
3942,3939,39.071136,0.57121867,0.084010236,0.16283667
3943,3903,1.7353668,0.6602363,0.0013277158,0.003461808
3943,6452,36.2023,0.4123855,0.13946594,0.21695483
3944,1164,2.2595901,0.52744293,0.003479287,0.007548228
3944,4877,34.29278,0.5259595,0.104893774,0.20632528
3944,2711,81.61273,0.5263856,0.15738049,0.30688095
3945,511,4.918373,0.6543985,0.012395866,0.02535595
3945,2237,3.270523,0.6525267,0.008099593,0.016568571
3946,6206,1.1943169,0.63320446,0.0030117333,0.0065408796
3946,2944,68.00215,0.65612674,0.09311351,0.18266326
3947,6280,0.3769188,0.3821663,0.003108047,0.0015352964
3948,5337,1.4898872,0.5734253,0.0029529706,0.006713778
3948,4056,5.6943436,0.5728523,0.012307763,0.024976924
3949,3211,1.8069801,0.5709899,0.00269489,0.006071344
3949,5922,1.2745209,0.5736591,0.0021940023,0.005026862
3950,4825,59.29895,0.56910264,0.12467347,0.24240655
3951,2116,1.7987099,0.4375625,0.0027401894,0.005699724
3951,1834,12.463879,0.44602764,0.029135495,0.05640561
3952,446,0.13814163,0.06268796,0.002138853,0.0034879744
3952,446,1.7771034,0.6182796,0.0025617033,0.004573658
3953,3627,1.3196602,0.10804704,0.00061190873,0.003415227
3953,268,43.48036,0.2830829,0.121552125,0.23665383
3954,4152,2.0868378,0.56727946,0.0037108734,0.008304432
3954,3475,18.186344,0.5689448,0.038827524,0.07552822
3955,3668,1.3302956,0.57071257,0.0015406758,0.0037600398
3955,6241,41.517754,0.57817644,0.09908672,0.19172397
3956,1691,2.2308998,0.6242199,0.0033116117,0.00658682
3956,3959,2.2916718,0.6271888,0.0030162707,0.006527096
3956,6143,3.3397217,0.62731564,0.006113775,0.011946797
3957,309,2.4251022,0.6237217,0.0037709996,0.007886291
3957,6509,2.0580559,0.62402344,0.003824599,0.0079533905
3957,4243,75.10825,0.6273617,0.13697992,0.270599
3958,324,4.55764,0.6304159,0.008286484,0.016729414
3958,4064,4.0529594,0.62790275,0.00821197,0.016744897
3959,4622,3.6870384,0.6272774,0.0060385987,0.012175918
3959,3956,2.3132286,0.62601125,0.0030204803,0.0063932836
3959,4623,4.0024033,0.63030523,0.0071462393,0.014279246
3960,3961,1.6842461,0.49136892,0.0019288212,0.0043686777
3960,2114,47.617805,0.4982549,0.11676583,0.22783245
3961,3960,1.9110184,0.49059227,0.0024126768,0.0053034127
3961,4317,42.158894,0.47850993,0.10576781,0.20600232
3962,3963,1.6977806,0.66273445,0.0011004582,0.0031042993
3962,5775,49.119007,0.4074381,0.1773002,0.27526715
3963,3962,1.7144775,0.6623767,0.0012152493,0.0032543242
3963,5162,44.77556,0.4083254,0.16099736,0.25010493
3964,3272,2.5620003,0.65396315,0.0031756312,0.007142842
3964,4092,17.021784,0.38130352,0.054451514,0.09291822
3965,3232,5.577343,0.570859,0.011807419,0.023958087
3965,5583,2.9541397,0.57175094,0.006724134,0.014020577
3965,5582,2.0961685,0.5704093,0.0043618903,0.0094412565
3966,3967,2.98069,0.59795225,0.002589114,0.0064801574
3966,4111,59.082382,0.60680646,0.12301054,0.24065995
3967,3966,2.9858437,0.6004701,0.0026958212,0.0063896775
3967,5645,9.852787,0.59936154,0.020960681,0.04148519
3968,3971,1.8919373,0.5648263,0.0018649325,0.0043094307
3968,4003,23.00182,0.5698444,0.047977053,0.09199672
3969,3970,1.8551979,0.56652313,0.0017474517,0.004060149
3969,4811,24.016052,0.5683343,0.04943999,0.09425071
3970,3969,1.8230476,0.56634796,0.0018039197,0.004472658
3970,3968,3.3219223,0.5680305,0.005985722,0.012554511
3971,3968,1.8276901,0.566999,0.0017854646,0.0044386834
3971,3969,3.466549,0.5681346,0.0063152537,0.013129801
3972,1169,53.650154,0.57458615,0.103248805,0.2008813
3972,1167,84.6113,0.5703075,0.15830298,0.30950037
3973,2414,1.5905838,0.47450835,0.0020684153,0.0044568777
3973,1739,32.962315,0.48076224,0.084675,0.16442207
3974,2823,55.859997,0.63207525,0.10460471,0.2061318
3974,2538,43.201252,0.6289409,0.0821851,0.1606648
3974,2820,89.57634,0.6323474,0.16405168,0.32463312
3975,4194,21.943937,0.08269036,0.06291065,0.12128797
3975,574,147.39835,0.44076303,0.30254775,0.586339
3976,6504,7.127594,0.48229873,0.015733033,0.03153196
3977,4505,2.563713,0.5894752,0.0038166866,0.0083334
3977,874,0.7199478,0.57309127,0.004573919,0.008835673
3978,3984,1.9807396,0.33192942,0.004257709,0.007929981
3978,3979,13.816042,0.32769918,0.031502753,0.060170703
3979,2468,1.6230812,0.32459342,0.0038418695,0.007357329
3979,2025,6.1176567,0.33011752,0.013707936,0.026013836
3979,2433,39.961605,0.18037361,0.11058483,0.22673762
3980,3163,2.1859398,0.30109698,0.005501941,0.010247201
3980,3452,46.856125,0.31661773,0.10448514,0.20145917
3980,4364,29.87033,0.10735604,0.082082056,0.16107668
3981,2052,2.883686,0.3229981,0.006203994,0.0119333565
3981,5025,27.309334,0.058335036,0.07947834,0.15294987
3982,2045,2.4096375,0.35668415,0.00507956,0.009809658
3982,6124,34.011154,0.077876836,0.10302561,0.21789384
3984,3978,1.8408203,0.33286786,0.004054308,0.0077004135
3984,2430,62.89936,0.34860894,0.13596931,0.2637363
3984,2467,45.098083,0.25999996,0.11885914,0.24008018
3985,5021,2.218708,0.54060435,0.0035733134,0.00776121
3985,5433,26.858326,0.5470969,0.06906682,0.13333154
3986,5661,2.2373962,0.6428839,0.0019613951,0.0048956573
3987,5811,2.8841972,0.5191644,0.0059290156,0.012276292
3987,2271,5.0026474,0.51668704,0.013215981,0.026232824
3988,3987,1.992878,0.5167458,0.0044553205,0.009657353
3988,3990,2.5906487,0.5118137,0.0018964633,0.0046126395
3989,5811,2.7782707,0.5196594,0.0012967065,0.004028514
3989,3990,3.8506317,0.5159189,0.008639529,0.017666668
3990,530,2.051155,0.51051635,0.0049028397,0.010378376
3990,3988,2.7219048,0.51617837,0.0022865832,0.0054199547
3991,3805,1.1601944,0.5087882,0.0028261095,0.0060345978
3991,2165,71.52171,0.51223993,0.24836868,0.48240054
3992,10,1.9652939,0.45644775,0.0025693178,0.005212724
3992,12,47.62802,0.4611392,0.12148981,0.23606914
3993,3994,1.65382,0.56297904,0.001529254,0.00393641
3993,1458,5.7212715,0.5675053,0.013885997,0.027926877
3994,3993,1.3105164,0.56084144,0.0010506511,0.0031034201
3994,2960,39.828323,0.56815743,0.098360114,0.18909225
3995,6311,8.851677,0.57836133,0.020960025,0.04150711
3996,5839,2.3998718,0.57562417,0.0034467727,0.007456973
3996,5842,18.138266,0.57840216,0.036433604,0.07091033
3997,3998,1.8908882,0.5784286,0.0020854026,0.0049361885
3997,3995,20.829987,0.57827884,0.04208515,0.08127817
3998,3997,1.9079742,0.57791144,0.0021872073,0.005163014
3998,3999,1.8469963,0.57934403,0.002044715,0.0047755092
3998,3995,17.66965,0.58035874,0.040664755,0.07903938
3999,3998,1.9578018,0.57878464,0.0022920594,0.005283132
3999,5843,1.9282532,0.5808419,0.005683705,0.012029961
4000,526,53.388893,0.41492385,0.118281364,0.227831
4000,2021,34.49196,0.39245176,0.079237804,0.150938
4000,2049,49.210323,0.39542863,0.10169928,0.19453323
4001,1714,21.006016,0.5200006,0.05986304,0.115787186
4001,5906,28.491493,0.5149391,0.058644816,0.112979054
4002,4163,29.488752,0.500336,0.062110297,0.11748622
4003,1815,5.0289154,0.57233965,0.0094959885,0.019044504
4003,3971,21.998724,0.5700611,0.046239275,0.088925116
4004,3884,2.3045158,0.60397,0.0049436837,0.010239616
4004,6073,25.295326,0.6092005,0.056396123,0.11067894
4005,4006,1.3735619,0.59278214,0.0022260398,0.005181253
4005,3576,5.65963,0.5930973,0.011499643,0.023453787
4006,4648,2.252037,0.59511024,0.003190264,0.0070563555
4006,2757,2.7521095,0.5994861,0.0039371997,0.00860773
4007,4011,1.3824043,0.5857296,0.0020347163,0.004348576
4008,4010,2.3706207,0.5974775,0.0035744458,0.008348107
4009,3812,1.4455299,0.60110533,0.001681,0.003699392
4009,4117,27.57779,0.60639083,0.06671261,0.12936065
4010,4119,12.530218,0.5972706,0.02571296,0.050408483
4010,4012,1.5063095,0.5957551,0.0017528608,0.0045184493
4011,2756,50.71508,0.600374,0.097911835,0.18911192
4011,4008,1.5775642,0.5896325,0.0030319318,0.0071067363
4012,2760,1.668129,0.59486467,0.0025309026,0.0057197213
4013,4014,2.3970451,0.5646668,0.0014279857,0.0036694258
4013,4055,26.72691,0.5692765,0.058433674,0.11224742
4014,4013,2.3969307,0.56417996,0.001584135,0.003888473
4014,3212,89.56749,0.56060576,0.1894193,0.36776894
4015,5779,18.655668,0.5836543,0.051057763,0.09983746
4015,5779,27.724308,0.57871693,0.05694051,0.10775506
4016,4017,28.328655,0.58839244,0.05532581,0.10597085
4016,4017,19.20878,0.5924614,0.05051097,0.09833169
4017,5876,0.5902176,0.16323474,0.0029243603,0.00607343
4018,2440,0.5897064,0.5656938,0.0029892325,0.0066600293
4018,6007,69.928215,0.5748913,0.13391253,0.2628933
4019,3927,2.7054825,0.67826563,0.0046695173,0.009345472
4019,295,45.351433,0.39835718,0.16473004,0.25623718
4020,4021,2.0741615,0.45513317,0.0022763982,0.0046508163
4020,1894,23.675995,0.4661477,0.051425446,0.09821319
4021,4020,2.1151047,0.45513773,0.0023365617,0.004818782
4021,1785,5.74522,0.45900604,0.011618711,0.022779062
4022,1938,20.617954,0.55343264,0.04298727,0.08318334
4022,3337,84.41519,0.54750854,0.16347677,0.31904912
4022,1940,23.906816,0.5537964,0.049527846,0.09482062
4023,6531,25.581694,0.55299586,0.07463588,0.14494097
4023,6195,25.35693,0.5546541,0.0759309,0.14789683
4024,3324,1.3866463,0.59754074,0.0019562766,0.0045081973
4024,6790,1.7602844,0.60323846,0.0022344887,0.005321875
4025,4026,3.0549126,0.5969973,0.0023675263,0.00612016
4025,4654,21.644814,0.59650385,0.04741037,0.09141538
4026,4025,3.057663,0.59693235,0.002508767,0.006558791
4026,5041,22.298866,0.6067966,0.04942478,0.09574553
4027,4028,20.167015,0.58399427,0.05385267,0.10390716
4027,4028,27.955067,0.58551097,0.055997103,0.106290445
4028,4499,0.85110474,0.5821495,0.0049406514,0.0099399835
4028,5874,30.189114,0.5877962,0.08939541,0.17437835
4029,2247,55.90008,0.5341877,0.08378519,0.16067557
4030,4766,119.03302,0.6040889,0.21897474,0.43075764
4030,4766,1.6809006,0.60067344,0.0043025687,0.009281769
4031,3325,2.1005478,0.624627,0.0039139986,0.008449167
4031,3764,30.552887,0.63058144,0.06479518,0.12574622
4032,4033,2.7931595,0.46428305,0.002646014,0.0058188587
4032,524,26.214699,0.47208625,0.059442252,0.11311823
4033,4032,2.7614365,0.46365547,0.0024777576,0.005626112
4033,6482,21.41464,0.46658158,0.04797001,0.091718905
4034,3935,1.6995468,0.60322833,0.0028285757,0.006768942
4034,153,40.03259,0.60866356,0.078726426,0.15125091
4035,4036,2.833828,0.5601559,0.0023461506,0.00554125
4035,3189,48.805355,0.56395996,0.10233054,0.19860289
4036,4035,3.0596619,0.5599631,0.002513826,0.0057536513
4036,3205,268.68842,0.5459993,0.57101226,1.1131397
4037,764,3.052925,0.5782239,0.005628079,0.010969311
4037,3008,55.80453,0.007902503,0.16044101,0.33417386
4038,3696,1.9792747,0.32866928,0.0037083998,0.0072805136
4038,7059,35.986004,0.3401553,0.09927501,0.1912156
4039,2024,21.845583,0.39350355,0.04853387,0.09187237
4039,2034,102.34662,0.37653202,0.21858719,0.42029086
4039,2028,26.678886,0.40158352,0.0587221,0.1102199
4040,4230,77.52199,0.59157634,0.16346017,0.32067424
4040,752,1.5621529,0.5862764,0.0027253628,0.006079361
4041,523,17.257431,0.4503083,0.03729866,0.07204956
4041,5754,3.2308655,0.44763497,0.0072656646,0.014341474
4042,4043,2.1123085,0.60439134,0.0021891221,0.005271435
4042,5651,88.593605,0.60232663,0.099612474,0.19505505
4043,4042,2.0969925,0.6055967,0.0021299198,0.0052032173
4043,4103,5.113743,0.6031658,0.0068866685,0.014661074
4044,5115,0.9791107,0.54635084,0.0011831671,0.0028905123
4044,3203,10.44281,0.548596,0.02166269,0.042803526
4045,4089,1.1405907,0.5244588,0.004626222,0.010095939
4045,6004,31.149628,0.51522917,0.09269982,0.17976707
4046,2917,1.8178062,0.5923571,0.002688475,0.0059762746
4046,1867,28.07612,0.5927795,0.06104906,0.11749236
4047,4048,0.0,0.2535785,0.0017798617,0.0037237108
4048,4049,1.5966492,0.57896495,0.0031176582,0.006564662
4048,3010,26.86061,0.43702456,0.07182698,0.1438743
4049,814,1.3213692,0.41357297,0.0011330023,0.0026932359
4049,3848,33.16187,0.58528596,0.07041535,0.13609906
4050,3425,4.4662056,0.52459216,0.009875245,0.020061344
4050,3424,16.705086,0.52962947,0.023482144,0.047121227
4051,1927,5.27372,0.52762306,0.004633248,0.0102639645
4051,5398,3.849411,0.5277272,0.008171029,0.016720727
4052,4723,1.6343422,0.6489005,0.0040064827,0.008264706
4052,1736,43.76779,0.6484699,0.08691158,0.16869317
4053,4054,1.6878166,0.63708866,0.0056665987,0.010031298
4053,6304,26.334389,0.034148455,0.1281506,0.2717933
4054,4053,1.7706642,0.63994247,0.004368983,0.00863117
4054,878,43.333637,0.0028828979,0.15926057,0.33326292
4054,2150,41.28266,0.07601178,0.13564721,0.27632248
4055,4056,2.7463646,0.56464463,0.0020336881,0.005070254
4055,5337,6.094303,0.56953394,0.013117075,0.026681706
4056,4055,2.3743286,0.5653082,0.0011623278,0.0034005344
4056,4014,26.792368,0.56706923,0.057956416,0.11106893
4057,4205,2.3399506,0.63581806,0.0051865503,0.010195732
4057,6166,31.932951,0.04556352,0.16562021,0.35158283
4058,80,86.03133,0.5097226,0.29117545,0.5639922
4058,2472,87.218185,0.50260526,0.17394784,0.33651304
4059,2324,1.5947876,0.5119073,0.002102062,0.0044433028
4059,2207,24.40617,0.5083441,0.05154691,0.098157495
4059,4139,34.4297,0.5139991,0.06882667,0.13139056
4060,1570,11.015999,0.5502413,0.022714466,0.04497534
4060,4181,60.631264,0.54533774,0.115786314,0.22578195
4061,5097,12.852697,0.56233966,0.02756071,0.054335244
4061,615,10.6114235,0.564068,0.02237834,0.04430771
4061,3032,2.9452019,0.56294745,0.005655907,0.012246013
4062,4772,1.9025841,0.5038478,0.0028973445,0.0060851276
4062,4761,4.9267006,0.49959213,0.008245766,0.016797438
4063,1781,86.4084,0.49100044,0.17412297,0.3360442
4063,6302,21.654999,0.49592498,0.0457749,0.087365195
4064,3957,63.842064,0.6247246,0.12864915,0.251854
4064,4243,2.544464,0.6266763,0.0042357594,0.009034842
4065,5209,2.409027,0.6019168,0.0034317523,0.007722631
4065,5042,2.0425644,0.6010181,0.0037865266,0.008571997
4065,286,14.196995,0.6063285,0.032957256,0.064684965
4066,54,1.7461166,0.6018586,0.0039190724,0.008382976
4066,55,3.0343056,0.6022796,0.0053113624,0.01117076
4067,4496,196.82114,0.5755414,0.37322012,0.7326172
4068,5703,2.5107002,0.57476646,0.0043116063,0.00840196
4068,2267,70.92171,0.57222676,0.13601996,0.2661052
4068,5885,27.59784,0.03182563,0.094559535,0.19884008
4069,2435,38.223213,0.5755241,0.121429354,0.2358092
4070,7014,1.0105171,0.51999515,0.0033506528,0.007092342
4070,2996,45.552063,0.5268522,0.08940799,0.17254359
4071,4072,0.8883858,0.53139204,0.003391333,0.006962359
4071,7014,19.383137,0.53417176,0.052991163,0.10391172
4072,4071,1.1230774,0.5276878,0.0035765097,0.0074504167
4072,4070,27.688019,0.5292616,0.056260254,0.10817416
4073,1,2.6604652,0.60887355,0.0023304597,0.005574897
4073,6425,62.84332,0.61189973,0.132079,0.2601243
4074,4075,2.0538292,0.6349441,0.0018617809,0.0042628795
4074,2583,14.655886,0.031686455,0.06845069,0.14350264
4075,4074,2.255104,0.63993436,0.0020765215,0.0045289546
4075,5169,36.911148,0.094469815,0.18464592,0.3880105
4076,5173,8.597656,0.6054727,0.020156622,0.039931655
4077,5607,2.6718025,0.60465926,0.002261065,0.005762875
4077,6799,45.463173,0.6061146,0.096765846,0.18836822
4078,4079,2.68618,0.59623384,0.0022276193,0.005562559
4078,2056,15.67202,0.60234237,0.033823073,0.06599625
4079,4078,2.6583252,0.59463584,0.0020607263,0.0051166415
4079,192,26.79805,0.6110284,0.05959422,0.113721676
4080,1196,1.7641869,0.5859033,0.0019627362,0.004874438
4080,4298,46.727467,0.5906489,0.08837504,0.17193371
4081,1364,2.0096703,0.58855593,0.0027020127,0.005763367
4081,4385,54.802177,0.5867331,0.13683395,0.2680858
4082,4083,2.8553047,0.6104689,0.0019593686,0.005080089
4082,1413,7.7703705,0.6124502,0.01603806,0.03204605
4083,4082,2.8508186,0.60910064,0.0021032616,0.004971266
4083,3841,41.711452,0.6073832,0.086509146,0.16570085
4084,1521,2.1811218,0.58511287,0.0026351437,0.0060887635
4084,995,52.92887,0.58148926,0.12521562,0.24514638
4085,4086,3.2931023,0.5801157,0.0028536096,0.0069149286
4085,6847,25.197567,0.5847857,0.05567823,0.107184365
4086,3457,6.4130783,0.58345604,0.013628952,0.027392015
4086,4085,3.1533432,0.5793467,0.0026767254,0.0066163093
4087,4088,2.957924,0.57674974,0.0026980117,0.006394893
4087,2987,16.77793,0.5824553,0.036150597,0.07041443
4088,4087,2.9179,0.5762762,0.0025138557,0.006037459
4088,5003,34.66916,0.5833209,0.07416177,0.14215395
4089,6005,58.112434,0.51966333,0.08571607,0.1649995
4090,2801,2.827179,0.59057355,0.0047086924,0.00956516
4090,2598,165.16501,0.58409834,0.31096816,0.61085385
4090,1777,25.002367,0.59222406,0.05087387,0.09960589
4091,4092,2.2296562,0.6673217,0.0025051981,0.005626783
4091,3272,18.396698,0.40515867,0.05847358,0.099531814
4092,657,10.846849,0.39543268,0.03190401,0.05434028
4092,4091,2.1024094,0.66433126,0.0018246248,0.0044327676
4093,4094,1.6758881,0.5931244,0.0014710426,0.0040561706
4093,6338,68.61531,0.59931034,0.17219913,0.33763918
4094,4093,1.9869423,0.5960168,0.0022241473,0.005457759
4094,3811,19.596416,0.60427,0.045666333,0.08902671
4095,6076,0.52798843,0.39185262,0.0038335249,0.0024898946
4095,1738,6.2328835,0.6577705,0.011239871,0.022630274
4096,4097,4.0279083,0.5013377,0.006474942,0.0131304115
4096,1710,69.0211,0.50004286,0.13535607,0.26355165
4097,6471,11.894459,0.50465435,0.025224835,0.049956188
4098,6471,1.8073769,0.504482,0.0056203753,0.011673331
4098,4099,9.735687,0.50332314,0.019686766,0.038506284
4099,4096,4.161869,0.5003688,0.00791467,0.015855119
4100,6575,45.02369,0.5523711,0.08733628,0.16973864
4101,3273,16.297564,0.5657991,0.035015862,0.06814889
4101,3833,43.05842,0.56656873,0.085970595,0.16820826
4102,4101,16.879107,0.5673882,0.035871103,0.06992125
4103,4104,2.0259895,0.6049587,0.0019743964,0.0046396106
4103,3451,7.168751,0.6026911,0.010908112,0.02228637
4104,4103,2.1154556,0.604717,0.002226904,0.005284101
4104,4042,5.248287,0.6026367,0.0071032867,0.015098527
4105,4586,0.0,0.5125743,0.0037063807,0.0076828897
4105,4106,33.224174,0.5396861,0.10181307,0.2007528
4106,4275,28.59645,0.5407171,0.08674903,0.16851224
4107,3483,1.3437614,0.53970855,0.0016556084,0.0038794875
4107,4071,22.719412,0.5360867,0.06494588,0.12633222
4108,5648,2.2918816,0.6066678,0.003550008,0.007503435
4108,1731,21.271788,0.04756841,0.07721515,0.15606517
4109,5144,32.225887,0.6265,0.06388955,0.12336959
4109,265,69.08522,0.6077608,0.1325151,0.26145202
4110,4108,19.57963,0.6206207,0.0394993,0.076978266
4110,4113,62.275097,0.6138497,0.11849745,0.23372686
4111,6544,1.8209,0.6042453,0.0023462698,0.0055142343
4111,3412,14.636393,0.60670173,0.031277284,0.06087541
4112,7034,77.93117,0.6070831,0.14678337,0.28586572
4112,3413,15.62097,0.6056332,0.031777777,0.062333256
4113,4110,61.821056,0.6142355,0.11775957,0.23260331
4113,2004,5.824173,0.6044251,0.010749549,0.02153498
4114,4115,1.0039177,0.5618704,0.0015624911,0.004487172
4114,5354,30.507244,0.61552197,0.06321792,0.11958682
4115,2004,2.0018387,0.60411227,0.003062211,0.006394744
4115,4113,6.0542183,0.6065046,0.01137764,0.02308333
4116,3917,3.9952927,0.65240395,0.0059658065,0.012403175
4116,2466,56.27789,0.6567408,0.13376746,0.26466176
4117,4118,1.8128738,0.59584737,0.0017162189,0.004434079
4117,4801,52.15116,0.5993087,0.12570922,0.24562222
4118,4117,1.9500542,0.5962722,0.002108276,0.005342588
4118,3812,28.54697,0.60724056,0.067918666,0.13227543
4119,4120,2.140255,0.59432834,0.0023080632,0.005441591
4119,4009,39.69909,0.6032035,0.076153666,0.14744759
4120,4119,2.0671387,0.5947335,0.0021693483,0.0053433776
4120,4012,12.267183,0.59832585,0.024654001,0.048482463
4121,3084,7.2118073,0.41586488,0.020769112,0.04040061
4122,4123,1.9056206,0.62991977,0.002519168,0.005453989
4122,3387,33.198097,0.6340913,0.0650559,0.12575522
4123,4122,1.9066353,0.6302212,0.0024556294,0.0053034127
4123,4372,18.221365,0.6340997,0.037039,0.07213113
4124,751,2.5924683,0.583775,0.008153014,0.015251279
4125,732,52.987305,0.5682768,0.17437993,0.33703244
4125,4124,21.206272,0.009457707,0.08320723,0.17143543
4126,1099,25.81084,0.0,0.10498572,0.22280568
4126,4125,22.05651,0.0037525296,0.06813377,0.1457905
4127,4128,2.3255959,0.5723604,0.00799761,0.016600758
4127,802,34.142746,0.5740425,0.10650417,0.20788687
4128,330,27.826107,0.5721388,0.08324912,0.16368769
4128,6950,66.00735,0.5692211,0.15370518,0.29843163
4129,3138,1.5296135,0.56998104,0.0046510473,0.010204062
4129,4127,0.7255783,0.569718,0.005263403,0.010295272
4130,2887,1.0608635,0.57813716,0.0033712536,0.007598117
4130,6174,58.25315,0.5823946,0.1115544,0.21832532
4131,4130,4.129257,0.58036023,0.00720115,0.014419422
4131,749,1.1498222,0.57894015,0.0035088658,0.0078663975
4132,4662,2.742916,0.6425803,0.004719153,0.009739652
4132,7023,31.87438,0.65803623,0.06618242,0.12845148
4132,2063,155.21765,0.6467718,0.31221658,0.6152274
4133,3835,2.3231316,0.5858141,0.0039230734,0.008390412
4133,873,19.969414,0.5814538,0.054438133,0.10610675
4134,7069,117.803986,0.6266635,0.23058894,0.45423406
4134,3405,19.976942,0.63449824,0.041357987,0.07994241
4134,2220,112.85282,0.63229465,0.20611244,0.4066477
4135,7013,3.7662811,0.57529753,0.009720676,0.019522563
4135,6949,20.277176,0.010755956,0.08773764,0.17959109
4136,1285,1.6761665,0.5719776,0.0022564083,0.00538221
4136,3667,138.45453,0.5605474,0.2631963,0.5138243
4136,3955,51.266785,0.5733506,0.12841108,0.25255126
4137,306,2.9794693,0.6414988,0.0047677234,0.009938508
4137,3905,660.2875,0.64226174,0.97585887,1.9165657
4138,577,0.9965286,0.3645926,0.0019982308,0.0035472512
4138,4155,2.5432472,0.50500005,0.004363261,0.009168237
4138,2206,37.799217,0.5169888,0.083839715,0.16201834
4139,6299,2.1012268,0.5180944,0.002984099,0.0060515106
4139,2204,33.24948,0.51142687,0.06669591,0.128372
4139,4138,32.709557,0.5178018,0.06685396,0.12693706
4140,4124,30.9356,0.5606791,0.08958495,0.17392589
4141,1100,6.7613792,0.13453096,0.02041918,0.040488422
4141,4140,4.4244995,0.57577616,0.011201113,0.022738189
4142,5464,337.19037,0.6108873,0.28492165,0.5581509
4142,3344,86.96225,0.62437713,0.08225046,0.15597835
4142,3344,63.069466,0.6254096,0.087811075,0.1681334
4143,6907,1.9240341,0.5817756,0.0039748177,0.00768432
4143,3938,55.12582,0.5780765,0.11875737,0.23224325
4144,4146,1.0892906,0.5760088,0.002590254,0.0057588965
4144,3257,60.139572,0.5791404,0.11574334,0.22611217
4145,6911,1.5231056,0.5761434,0.002650015,0.005178526
4145,3327,42.609245,0.5633298,0.05941042,0.11260117
4146,4143,0.66080475,0.0633865,0.0008530691,0.0015688986
4147,1999,50.603703,0.4732079,0.102190435,0.19830611
4147,4148,0.80195236,0.49381635,0.0035619661,0.0073709935
4148,4147,1.1976852,0.48795414,0.00411132,0.008574963
4148,767,125.24238,0.3663699,0.4592736,0.88848466
4149,6825,34.09908,0.57316,0.06632854,0.12943868
4150,4151,2.0191994,0.5909239,0.0021000654,0.0050960034
4150,4297,25.38933,0.5916877,0.0518117,0.09911651
4151,4150,2.0814362,0.59089595,0.002231352,0.0053174347
4151,6671,13.029392,0.591128,0.026505545,0.051930904
4152,3954,1.9868279,0.56923676,0.0036922917,0.008211032
4152,6387,8.064072,0.5690147,0.017502442,0.035067827
4153,1370,34.170364,0.541011,0.08796164,0.17251223
4153,5994,55.147373,0.5439002,0.11657045,0.22874942
4154,630,1.7773705,0.5225062,0.0035718977,0.007460624
4155,582,1.3098259,0.4902226,0.002459675,0.0058992356
4155,7093,25.874527,0.52180254,0.054283224,0.10275729
4155,6156,50.25937,0.5130429,0.1089377,0.21165502
4156,4362,76.37949,0.14962438,0.1974898,0.3999418
4156,5777,21.954538,0.17325607,0.053133216,0.09916101
4157,1520,117.894226,0.2975795,0.26703453,0.5166917
4157,687,115.542816,0.2957431,0.26075295,0.50479794
4157,4362,29.916267,0.17940298,0.07340151,0.13835488
4158,5045,76.86182,0.36928988,0.2068939,0.40003365
4159,3674,22.7954,0.45576915,0.06487267,0.12739444
4159,5183,6.1710167,0.45156023,0.012606062,0.02503942
4160,4161,18.361847,0.39272812,0.05099553,0.099867456
4160,4161,25.032799,0.3940412,0.05651937,0.10682615
4161,5380,36.037857,0.40808094,0.099374846,0.19283997
4162,4563,1.844696,0.64937294,0.0035041422,0.007518217
4162,5460,94.66048,0.6515495,0.1933268,0.38117528
4163,2224,3.131565,0.4982581,0.005763896,0.011778012
4163,4164,17.97175,0.49816248,0.03831639,0.07460589
4164,5016,7.7662735,0.49804118,0.015730418,0.031140998
4164,1278,23.428051,0.49924412,0.049515758,0.09445831
4165,5357,2.5877686,0.57211256,0.0042384043,0.008990869
4165,3224,105.764946,0.5707432,0.19937012,0.39104456
4165,6826,2.893837,0.5739861,0.004916705,0.010332927
4166,6930,18.563612,0.65838546,0.037628014,0.07334998
4166,4170,2.469307,0.65245616,0.0043618903,0.009136379
4167,4182,17.660126,0.6601888,0.03599252,0.07012973
4167,5669,2.2633095,0.6584127,0.003847383,0.008566484
4168,4174,2.7902832,0.64881784,0.0031740367,0.0076657236
4168,4174,9.624294,0.6490718,0.018548332,0.03708248
4169,4168,17.074734,0.6551925,0.03493386,0.06830253
4169,4175,2.6155052,0.65336335,0.0044022724,0.00931102
4170,6132,5.2737427,0.6553019,0.009772606,0.02019851
4171,4176,2.4459038,0.6569783,0.0039307624,0.008119702
4171,6936,27.272648,0.6592019,0.05443473,0.10521586
4172,4182,2.3825226,0.6560529,0.0026021525,0.0059876293
4172,5669,17.928202,0.6594656,0.036467284,0.07101704
4173,4177,0.5172577,0.3614143,0.0028832033,0.0023935735
4173,4172,3.929062,0.6565442,0.006614886,0.013612732
4173,4796,62.33737,0.4087587,0.20983946,0.3338188
4174,4175,16.287376,0.6527878,0.033071026,0.06473964
4175,4166,2.8730812,0.65139925,0.0049468204,0.01039587
4176,4167,2.0833397,0.65394086,0.003301859,0.007249236
4177,4173,0.45463562,0.37961558,0.0029359758,0.0020392388
4177,5366,16.327547,0.40754765,0.049923405,0.08135517
4178,5136,86.317375,0.57374346,0.16378075,0.32238293
4178,6826,380.35022,0.56192446,0.7272116,1.4248214
4178,5683,93.02128,0.5749619,0.17454928,0.34343994
4179,1661,21.53473,0.6316353,0.045656968,0.08817392
4179,1660,15.898968,0.62981564,0.03333225,0.065008745
4179,2139,150.38174,0.62592214,0.2758575,0.54276574
4180,2835,54.627636,0.54239225,0.13881704,0.27130732
4180,2591,44.84994,0.54192907,0.08740576,0.17132422
4181,3063,20.799532,0.54923946,0.043543633,0.0838029
4181,4060,62.952087,0.5463488,0.11948106,0.23234896
4182,4177,4.945236,0.6591753,0.008742973,0.018172175
4182,4172,2.338295,0.6572617,0.0024507642,0.0057402253
4183,342,36.62535,0.59811264,0.070449464,0.13591883
4183,2105,66.65075,0.5971839,0.12527922,0.24584651
4184,1723,2.4874725,0.6058913,0.003962025,0.007914677
4184,4185,66.78618,0.60624915,0.12623979,0.2470594
4184,4575,14.886473,0.6085824,0.030004065,0.05866617
4185,1193,68.761795,0.61064553,0.1304962,0.25686187
4185,4184,68.55055,0.6058203,0.12639269,0.24804488
4186,4995,2.4991417,0.54800326,0.0018688142,0.0047137886
4186,4994,49.460342,0.5498506,0.103765845,0.20017996
4187,326,9.178425,0.63580394,0.015947022,0.032133102
4187,2152,89.937775,0.63600636,0.17579818,0.348504
4188,3250,79.785965,0.558467,0.15233502,0.29859173
4189,5904,31.539978,0.5164921,0.063516654,0.122946694
4190,6513,24.807941,0.6094096,0.048852436,0.09382215
4191,4325,11.714161,0.6476579,0.023175605,0.04564151
4191,4791,2.1884499,0.6479995,0.0021567792,0.0051562786
4192,4193,1.7613869,0.6384936,0.0011995584,0.003564462
4193,4192,2.327568,0.63970554,0.0024468824,0.0058779567
4193,4792,27.662258,0.64392877,0.054874036,0.10608153
4194,4195,1.8198586,0.4416679,0.0033126995,0.0074430406
4195,4194,1.6869965,0.44521564,0.0034171343,0.0075951666
4195,5069,26.686512,0.060393214,0.07967092,0.15405735
4195,2051,62.15211,0.44827065,0.13991567,0.27367026
4196,587,18.631058,0.567906,0.04402401,0.085389145
4197,133,55.729465,0.5464429,0.1777528,0.3441555
4198,1531,1.6609955,0.57250065,0.0024853423,0.005829528
4198,2576,20.248184,0.008470833,0.09100479,0.186976
4199,5108,0.97135925,0.5796465,0.0018028095,0.0041725785
4199,5622,0.007846832,0.015355051,0.0,0.0013031065
4200,5351,2.8114777,0.5757751,0.0047338903,0.010233849
4200,1822,1.5257263,0.57357615,0.0021561831,0.0050807893
4200,5580,9.280117,0.5751616,0.019773126,0.039610595
4201,5968,0.7983589,0.06079513,0.004295096,0.007690385
4202,4203,0.76205826,0.5747033,0.0027265921,0.0055766553
4202,708,21.209343,0.57849735,0.04324449,0.08336372
4203,4202,0.93832016,0.57620126,0.0030284822,0.0064647347
4203,3220,27.815876,0.5790039,0.081405334,0.15630446
4204,5185,2.4794464,0.5995969,0.0065638274,0.013511255
4204,5579,30.95335,0.59358084,0.056252893,0.10921049
4205,4057,2.5258026,0.63658863,0.0054622814,0.010894567
4205,4292,23.719599,0.03566867,0.14751808,0.31226084
4206,2582,1.3854523,0.53556657,0.0018234923,0.0043714345
4206,3786,118.4978,0.54000735,0.25520468,0.49549598
4207,1414,2.1516228,0.6133934,0.0028872192,0.006029278
4207,3862,75.83438,0.6122042,0.14119852,0.2784968
4207,6050,30.165413,0.61776364,0.060462322,0.11620928
4208,6050,4.8893967,0.6176545,0.00889118,0.0178072
4208,4466,2.4606857,0.61440223,0.0038082674,0.008036524
4208,6141,2.3981514,0.6168396,0.0041862875,0.008052021
4209,4634,3.771656,0.64891434,0.0073726773,0.014258236
4209,6168,24.561068,0.6526856,0.05130858,0.099819474
4210,4633,11.400711,0.6456957,0.02513203,0.049732313
4210,495,30.246616,0.6493689,0.06834027,0.13263662
4211,3906,6.5652847,0.6394197,0.012481257,0.024198025
4211,4212,2.3244705,0.64355814,0.0035485774,0.007666439
4212,2964,1.8439445,0.64620167,0.002347298,0.0056797117
4213,4214,1.3309517,0.27185068,0.0033994839,0.0068858415
4214,319,3.299137,0.64759386,0.00559023,0.011465713
4214,4215,1.5052147,0.6437016,0.0027024895,0.0065584034
4215,4211,1.8293724,0.64671475,0.0023876727,0.0056855977
4216,4217,1.2919159,0.5500201,0.0012308955,0.0032860637
4216,4218,29.820473,0.5510817,0.060144823,0.11439729
4217,4216,1.3847122,0.5488106,0.0015309602,0.0039194077
4217,4044,48.23597,0.5564627,0.093798876,0.18101251
4218,4219,1.0781708,0.5438547,0.0010147318,0.0027431548
4218,4711,82.830635,0.54718256,0.15900305,0.3107683
4219,4218,1.0465775,0.545594,0.0010734946,0.0030849874
4219,4217,29.662876,0.5490222,0.060168866,0.11402679
4220,6913,0.640213,0.047020614,0.0032822862,0.005559653
4221,4222,14.714157,0.31024688,0.03152062,0.06028258
4221,5473,8.083702,0.31032443,0.020256504,0.038604245
4222,4668,22.922089,0.31576192,0.054348666,0.10227233
4223,3011,9.4351845,0.5837933,0.02221506,0.043805018
4224,5462,1.7888222,0.6380315,0.0034855008,0.007701561
4224,500,22.990217,0.65303123,0.049186308,0.09465742
4225,5460,2.8697815,0.65236086,0.0017781332,0.004872456
4225,4563,95.07672,0.6490732,0.19368479,0.38086948
4226,244,2.6903,0.5342083,0.0037451982,0.008188829
4226,5453,33.559547,0.53281695,0.07336639,0.14134727
4226,1792,69.40997,0.53146255,0.10687026,0.2084544
4227,4226,6.0542793,0.5292824,0.013320923,0.026653633
4228,4798,15.90292,0.606422,0.03208774,0.06274886
4228,4629,57.6543,0.6085879,0.10895866,0.21365689
4228,4758,47.362915,0.6058701,0.07189413,0.13683619
4229,3918,1.4818916,0.4533224,0.004448168,0.009070024
4229,5241,65.68074,0.454957,0.19170004,0.37059498
4230,1375,91.239075,0.58291423,0.18911749,0.3705246
4230,752,80.723694,0.59026873,0.16960871,0.33291543
4231,6037,13.266212,0.027050555,0.08394694,0.17912343
4231,2149,2.0722275,0.63053083,0.0028169602,0.005831346
4232,6393,57.471016,0.578098,0.08069915,0.15288657
4233,4232,1.7601013,0.58165693,0.0055148676,0.01070036
4233,3487,159.64044,0.05999413,1.3216748,2.7160883
4234,7017,20.143492,0.58121073,0.042072605,0.08174908
4234,4235,17.067059,0.577355,0.035349242,0.068916775
4235,3831,4.086216,0.5805788,0.0060172677,0.012502581
4235,856,32.000076,0.5840712,0.06290069,0.12179026
4236,705,26.298723,0.60330445,0.05655002,0.10824823
4236,4239,32.71447,0.6110381,0.07013227,0.13589765
4237,917,1.3017311,0.5411793,0.0019953474,0.00485079
4237,911,18.181705,0.004303694,0.08161814,0.16566871
4238,5642,1.5670166,0.5929378,0.004208915,0.009019375
4239,4238,2.0872383,0.60290796,0.0040576085,0.008204222
4239,4990,30.82642,0.60233426,0.076342516,0.1474172
4240,6408,1.4921837,0.5805475,0.0026759356,0.0055645406
4240,2573,1.8644104,0.57893175,0.004350543,0.0092898905
4241,3586,6.469166,0.5456503,0.013192885,0.02631247
4241,565,10.206245,0.5487125,0.020976618,0.041555375
4242,1443,7.4242134,0.5506973,0.015139885,0.030516014
4242,4241,3.7693825,0.54664063,0.0074698403,0.015380964
4243,324,2.8316193,0.62488556,0.004654661,0.009672239
4243,3957,75.00079,0.6272849,0.13644405,0.26986375
4243,4064,2.4576607,0.62287444,0.0038631037,0.007992163
4244,3259,1.0717659,0.4842989,0.00411544,0.008586869
4244,5872,58.91269,0.47879848,0.1658983,0.32214302
4245,996,1.330986,0.5865938,0.0042265803,0.009340793
4245,4246,2.728199,0.5890578,0.00756263,0.01569435
4246,1862,3.7896423,0.5874805,0.005896859,0.012366131
4246,6340,100.78209,0.5834237,0.09418337,0.18182072
4247,4248,2.0227737,0.48058596,0.002495937,0.005443275
4247,6796,15.710434,0.485734,0.03393996,0.06596257
4248,4247,2.034958,0.48383752,0.0027651712,0.0059835613
4248,6380,15.104464,0.4815878,0.03541798,0.069633715
4249,688,1.5523872,0.2990953,0.0036899894,0.006919548
4249,5942,56.832157,0.297593,0.13698679,0.26855612
4250,4255,47.801807,0.6041494,0.053498566,0.101665266
4250,4252,39.39178,0.61257154,0.10180111,0.19720283
4251,3860,2.3694801,0.6101713,0.005019903,0.010885298
4251,4252,52.206646,0.5977595,0.05837246,0.111318365
4252,2804,19.15422,0.60856944,0.045880385,0.08930392
4253,3860,25.90567,0.61168295,0.057711985,0.110948175
4253,4254,35.717117,0.6091795,0.1021785,0.19730514
4254,4465,43.9553,0.6201531,0.12527227,0.24221258
4255,4251,2.73489,0.60422045,0.00075200945,0.0030213743
4255,2100,17.699186,0.61217606,0.036370117,0.0705638
4256,102,3.5539093,0.52761453,0.0066801906,0.013649479
4256,2359,3.6559792,0.52908576,0.007698804,0.015628979
4257,1466,1.4573479,0.52355075,0.0019426569,0.004352644
4257,4258,51.74849,0.520505,0.10954039,0.2117327
4258,91,1.6151733,0.51948386,0.0023866966,0.005255863
4258,1716,60.50966,0.5154747,0.13354722,0.25917748
4259,271,1.9186478,0.4193685,0.002930276,0.0059562325
4260,3404,2.1619492,0.6037606,0.0035430938,0.008278221
4260,6804,43.492867,0.6163119,0.10632983,0.20686884
4261,4264,2.7963257,0.62349063,0.0018478706,0.0050072223
4261,3358,31.836002,0.6293305,0.06840336,0.13124572
4262,3357,2.119423,0.62092143,0.0031978637,0.006889358
4262,2124,52.575874,0.62645096,0.09910017,0.19399819
4262,4265,14.705906,0.6232895,0.031171385,0.060932726
4263,3359,2.9450378,0.62237674,0.0020659044,0.0056180656
4263,6974,22.057484,0.6293501,0.04805219,0.09360191
4264,4261,2.7393913,0.6241408,0.0018076226,0.0048157424
4264,4263,27.492813,0.6281155,0.058926314,0.11329215
4265,3358,2.7434769,0.62166595,0.0019136816,0.0048964173
4265,4264,30.780945,0.62739867,0.06595128,0.12673719
4266,404,1.876339,0.62144196,0.0027188137,0.0057728887
4266,4262,10.286224,0.6232721,0.021536127,0.04249443
4267,4266,104.095215,0.624591,0.21363683,0.4188112
4267,38,27.6792,0.623368,0.05937296,0.11370165
4268,3829,2.50737,0.29943466,0.0023690537,0.0045719594
4268,3830,16.177973,0.29895163,0.03797524,0.07234839
4269,4760,1.9286804,0.57931256,0.003674522,0.00795874
4269,4646,25.930117,0.57651013,0.055991985,0.10718787
4270,785,30.212385,0.5801375,0.06347757,0.12258689
4270,4759,56.04252,0.5762693,0.11655061,0.22722203
4271,4272,32.81382,0.54196566,0.10122252,0.19840667
4271,6249,28.658594,0.5447571,0.05835486,0.11183074
4272,1711,33.10062,0.5346168,0.111103185,0.21930997
4273,1708,13.130056,0.54579556,0.03426327,0.06644783
4274,6249,2.7635193,0.54279786,0.005475916,0.011352867
4274,4273,29.667826,0.5470464,0.058612563,0.11245195
4274,4686,23.980501,0.54467297,0.053033516,0.10131979
4275,4274,23.00662,0.54258835,0.04885787,0.09406725
4275,4273,32.432228,0.54541206,0.10024949,0.19730222
4276,1909,81.60335,0.49394748,0.15917236,0.30894107
4276,5326,38.0147,0.5000849,0.07666284,0.14487702
4277,6831,1.0563278,0.5477946,0.0019756109,0.0051811635
4277,4855,21.84453,0.5501032,0.04791797,0.09173979
4277,1801,19.709661,0.5483001,0.043731607,0.08460555
4278,3321,21.26485,0.5543086,0.05122573,0.09844398
4279,4280,1.3077354,0.55448484,0.0019178912,0.004440084
4279,937,38.537056,0.5603053,0.08107065,0.15544492
4280,4279,1.3327942,0.55486363,0.0017432272,0.004173398
4280,934,64.91938,0.5561556,0.1246854,0.24400079
4280,5260,67.85455,0.5538333,0.1431831,0.2789087
4281,792,9.6430435,0.5650067,0.022742592,0.04482682
4281,4282,4.486702,0.5664722,0.007996954,0.016224444
4282,6621,13.83457,0.56599236,0.0320186,0.062538
4282,4281,4.6492386,0.5675904,0.008244425,0.016800106
4283,5805,1.7937584,0.5932648,0.0044424906,0.009780526
4283,3399,13.070965,0.5948757,0.02766379,0.054490387
4283,3398,22.529234,0.59671223,0.044948917,0.087477334
4284,6582,3.4656715,0.5775261,0.0058460087,0.012357324
4285,5145,10.561483,0.5626401,0.03687271,0.0735341
4286,4650,2.922203,0.57150763,0.0048454776,0.010179594
4286,4285,27.527676,0.5713369,0.0554178,0.105741195
4286,4829,33.5511,0.57268,0.0654782,0.12726519
4287,4285,18.330643,0.5715335,0.06448829,0.12636672
4287,4812,24.528435,0.56411785,0.0505101,0.09682757
4288,2896,1.35326,0.55776083,0.004876815,0.010207742
4288,2897,2.1284676,0.55910665,0.006689541,0.013714671
4289,4818,29.338985,0.55401576,0.05298694,0.101773515
4289,3507,28.699816,0.5528776,0.053420234,0.103886716
4290,4819,25.142962,0.5538529,0.062352847,0.121145435
4290,2338,14.841253,0.552712,0.03573788,0.07026919
4291,3277,100.432205,0.5665023,0.30076247,0.58911073
4291,3275,155.03114,0.55981576,0.29720345,0.58113426
4292,4293,1.8037949,0.6376828,0.0047553033,0.00859718
4292,2448,15.096531,0.035826206,0.06977343,0.14446205
4293,4292,1.8614502,0.6385327,0.0043798164,0.0088941455
4293,2449,35.447304,0.6441728,0.07099952,0.13918972
4293,2155,41.015594,0.6425047,0.08100145,0.15973423
4294,1714,1.1880188,0.51663435,0.0028466955,0.0058779866
4294,3818,0.77148056,0.51496106,0.005807519,0.011543572
4295,4081,1.1503334,0.5787146,0.0034878105,0.007763386
4296,4295,2.582821,0.58605266,0.0038693994,0.008238301
4296,1363,22.598764,0.58708763,0.053330336,0.103145316
4297,4298,2.0659142,0.5894699,0.0020982698,0.005101949
4297,1196,47.011353,0.5911668,0.09007569,0.174231
4298,4297,1.9654045,0.59018373,0.0019958988,0.004877776
4298,4151,25.827803,0.5897448,0.052953687,0.10136388
4299,3522,14.573616,0.5735986,0.038012892,0.07458248
4299,6536,105.602905,0.56145585,0.20040746,0.39274734
4300,6405,21.347546,0.5734963,0.044284977,0.085183986
4301,4832,102.49542,0.58585095,0.16473696,0.31726718
4302,3268,18.905907,0.016673267,0.07817098,0.16068596
4303,623,38.346966,0.54434776,0.094801486,0.18478122
4303,4302,42.654396,0.5396958,0.075251594,0.14558806
4304,4737,4.1797104,0.57826805,0.0077331737,0.015745804
4304,4736,2.3610115,0.5820885,0.0029034466,0.0067510903
4305,2113,46.663822,0.5058142,0.099188,0.19241813
4305,5963,22.200682,0.51098466,0.04951006,0.09495473
4306,548,1.3920403,0.53427607,0.0018423721,0.0045194924
4306,3446,76.92345,0.5297501,0.16491278,0.3183896
4307,2079,1.4888115,0.5987996,0.0021121278,0.0051262677
4307,4309,18.252403,0.6029801,0.039025135,0.07558936
4308,4307,1.8554726,0.5987442,0.0036133975,0.00813961
4308,2078,61.304,0.6077907,0.113958776,0.2234154
4309,2753,1.835949,0.59993404,0.0023086295,0.005338058
4309,2096,173.06775,0.5991212,0.32153,0.6318567
4309,4310,46.168274,0.60093474,0.09563896,0.18488713
4310,2753,46.671417,0.6020388,0.09676075,0.18709144
4310,2089,51.294254,0.60223013,0.10541052,0.2053284
4311,1867,1.6210365,0.59229916,0.0031280667,0.007442072
4311,833,8.559944,0.59646803,0.017874107,0.03550905
4312,377,139.65814,0.59401333,0.25946075,0.5098307
4312,4313,7.4191475,0.59670585,0.014256254,0.028798848
4313,2085,93.89249,0.5953388,0.1942022,0.38116285
4313,2080,1.8253708,0.59313846,0.0031810775,0.007433668
4313,4314,12.168755,0.59509796,0.025905557,0.050711006
4314,4311,2.2466316,0.59217834,0.004316427,0.009260684
4314,1866,47.12423,0.596069,0.09637334,0.18469732
4315,3839,1.7805862,0.58436877,0.0023407936,0.0052994937
4315,797,52.93448,0.58137655,0.109873876,0.21325278
4316,6062,17.102734,0.5694242,0.036073018,0.07062001
4316,6061,14.381142,0.5701294,0.033385538,0.06553756
4317,4743,2.1227493,0.46599638,0.0026290715,0.0057252496
4317,2116,30.755138,0.45528358,0.07707318,0.1471318
4318,880,138.0307,0.56118095,0.28969333,0.5651816
4318,4359,4.517479,0.56818193,0.009769708,0.019955173
4319,191,18.729252,0.59103626,0.04373453,0.084978275
4320,487,8.43005,0.6479456,0.017177023,0.033870414
4320,4321,8.493423,0.6449857,0.017168358,0.0339116
4321,487,2.5476723,0.64336777,0.0049388185,0.01037167
4321,6415,50.02877,0.64323264,0.10266776,0.2014145
4322,1310,1.9983635,0.45963874,0.0030815005,0.0063616484
4322,1311,108.69946,0.449728,0.22254068,0.42902318
4322,7032,18.343931,0.46190482,0.03901806,0.07545887
4323,1791,40.36388,0.55563736,0.07708529,0.15244237
4324,4816,2.7797852,0.6486221,0.004433818,0.009517014
4324,6133,2.107689,0.6496624,0.0020050332,0.004948616
4325,4792,2.227375,0.64408356,0.0022753999,0.0053148866
4325,4192,27.511356,0.6491538,0.05482882,0.10609664
4326,4981,3.8319244,0.5317385,0.003361702,0.007345125
4326,234,1.4525795,0.5299994,0.0046465397,0.0096178055
4327,2955,2.2577248,0.5776939,0.0038841069,0.008641556
4327,784,1.0036621,0.5761691,0.0034114793,0.007457167
4328,3410,148.7912,0.56951374,0.28161183,0.55206347
4328,2956,49.57847,0.57951367,0.09278186,0.18027203
4329,4796,0.31922913,0.36191118,0.0023121983,0.0011705011
4329,6870,55.55641,0.6592133,0.13400297,0.26228872
4329,513,40.707508,0.39078385,0.14632043,0.2264561
4330,1823,20.835558,0.38732728,0.046106033,0.08751098
4331,4861,26.808495,0.37148058,0.056855563,0.10716594
4331,4805,34.28589,0.36487785,0.09148177,0.17190298
4332,294,12.887737,0.6459498,0.027038343,0.05312842
4332,3526,2.7345123,0.6490179,0.0017418563,0.004730031
4333,5770,13.941486,0.5446007,0.029178716,0.05698117
4334,2661,1.9163628,0.5229549,0.0029366687,0.006258771
4334,2658,41.867474,0.52400357,0.08143012,0.15782833
4334,2660,16.393316,0.52067983,0.031981844,0.062476516
4335,849,2.4638023,0.59013534,0.0036870614,0.008219019
4335,5522,101.27661,0.5767349,0.32039782,0.63028264
4336,3244,1.6304665,0.5906691,0.0040898547,0.008975744
4336,432,36.87429,0.59705895,0.095866516,0.18675575
4337,1807,49.295227,0.5671241,0.12852691,0.24956521
4338,5614,60.283363,0.5591713,0.1284922,0.25088274
4338,1808,27.793898,0.56746435,0.060076397,0.11542318
4339,4341,1.240303,0.55696917,0.0017926916,0.0047566295
4339,6869,15.954187,0.55660844,0.03470153,0.06718683
4340,6854,0.43437576,0.54496586,0.00020647794,0.0017998517
4340,6855,12.811531,0.55934745,0.027571924,0.054103434
4341,4340,1.2493057,0.5534561,0.0023990124,0.005350724
4342,3027,1.1530914,0.55915385,0.0016006157,0.004237622
4342,4374,69.69209,0.55838346,0.14789198,0.28763932
4342,3199,92.90082,0.55891895,0.17829275,0.34867585
4343,3029,1.312191,0.5643314,0.0018529743,0.0046141297
4343,4344,27.584581,0.56624824,0.060767937,0.116734594
4344,4342,10.119823,0.5613707,0.022002429,0.043512106
4344,3028,1.4822998,0.5618368,0.0020184144,0.0047987103
4345,1444,15.781113,0.5633401,0.034079753,0.066585384
4346,1344,1.3163109,0.5650426,0.0018461496,0.0044966787
4347,4349,1.4855347,0.5720986,0.0031930655,0.006922424
4347,6818,22.785595,0.5763676,0.049608484,0.095406756
4348,6817,4.831211,0.5811141,0.009304509,0.01888892
4348,1548,1.6490288,0.57778084,0.002736412,0.0060962737
4348,5243,28.175892,0.5806333,0.056361772,0.1081626
4349,1094,1.2441521,0.5682692,0.0024696067,0.0056262314
4349,1537,9.978458,0.57697767,0.021162108,0.04192038
4350,6682,59.18637,0.479642,0.13125536,0.25486678
4350,1229,11.789673,0.49484468,0.025834344,0.050339982
4351,4002,3.9296265,0.5071379,0.006053813,0.011981308
4351,626,42.830173,0.49661613,0.10600397,0.20648988
4352,4713,16.396357,0.5368849,0.038051665,0.07360595
4352,5225,58.741516,0.5145913,0.14830485,0.28750527
4353,4902,2.8407402,0.53178364,0.0023143068,0.0052342117
4353,3501,47.262745,0.5374757,0.09887204,0.19055054
4354,2705,1.9050903,0.60445327,0.002658449,0.0058759153
4354,4356,80.53398,0.6052748,0.20199105,0.39564323
4355,4354,3.340084,0.6045445,0.008511327,0.017722115
4355,5709,2.018959,0.601826,0.0035253018,0.007976234
4355,2717,80.91496,0.60556906,0.16561142,0.32642323
4356,1976,1.3748817,0.60370505,0.0012939349,0.0034053475
4357,3881,1.6907234,0.5846496,0.0023823977,0.005377263
4357,5845,31.231865,0.5833864,0.074201226,0.14495987
4358,3824,40.13043,0.5700225,0.107272744,0.20875539
4358,2959,29.522463,0.5676909,0.071688786,0.1398074
4359,2958,1.4975014,0.5690421,0.0018544421,0.0044567585
4359,4318,4.746113,0.56697667,0.010329112,0.021056801
4360,2131,1.6145706,0.57089245,0.0030207634,0.00665164
4360,6519,29.930687,0.5717791,0.074957326,0.14632428
4361,4360,0.7703819,0.5674288,0.0031322315,0.007012129
4361,3228,1.9155159,0.57037723,0.0027251542,0.0060969293
4362,4157,29.931364,0.16258463,0.07426867,0.13973187
4362,4156,76.39986,0.15438461,0.19738802,0.39910093
4363,4364,2.6832352,0.31906584,0.0058022216,0.01113157
4363,3163,29.87579,0.09096539,0.08259745,0.16236752
4364,3981,1.1484451,0.06484717,0.0042582005,0.008743584
4365,4366,2.5099754,0.64895666,0.003805399,0.00868912
4365,4371,63.80922,0.65083694,0.117557034,0.2333742
4366,4367,1.6335945,0.6528795,0.002435863,0.0054412633
4366,3525,62.304337,0.65195525,0.12861116,0.25320423
4367,5167,1.8195343,0.64675033,0.003760621,0.008185014
4367,3873,28.473434,0.6544284,0.05732364,0.110174306
4368,4366,1.7399025,0.6495743,0.003478691,0.007643044
4368,4365,2.5924911,0.6489445,0.0041828826,0.008939758
4369,4370,90.40503,0.5663961,0.19058387,0.37232518
4369,3030,186.34692,0.55006784,0.35856318,0.69958043
4370,570,1.8817062,0.5611588,0.004153453,0.008898184
4370,3030,100.77571,0.56202203,0.188807,0.37021008
4370,4369,90.34364,0.5619704,0.18931629,0.36856598
4371,474,116.18453,0.6492615,0.21429212,0.4234227
4371,2585,96.17203,0.65842956,0.17737502,0.35170493
4371,665,125.172905,0.6530595,0.23197284,0.46020377
4371,4365,64.09763,0.650682,0.117720276,0.23359574
4372,3390,2.2058487,0.6311231,0.0022972375,0.0055383295
4372,333,2.149891,0.630812,0.0032494143,0.007327661
4373,2851,1.7055893,0.5590689,0.0035771802,0.0075292587
4373,4487,1.1956902,0.55399966,0.0019116923,0.004414648
4374,3020,1.5126991,0.561079,0.002036266,0.0051357746
4374,3193,1.2881012,0.55464584,0.0026443303,0.0058630705
4375,2974,1.1663284,0.3654093,0.003683105,0.0072113723
4376,4379,1.4424019,0.55911714,0.0026842058,0.006225258
4377,2269,1.5487823,0.5664384,0.0020781308,0.005007252
4377,5887,59.190353,0.5643045,0.12575236,0.24426189
4377,3533,125.964966,0.57147676,0.23624542,0.46279854
4378,1787,1.0611,0.5667208,0.0021302924,0.004839942
4378,5383,120.5436,0.56480163,0.2554609,0.49852198
4379,5381,1.392086,0.5568828,0.0023485124,0.005045876
4379,2243,20.06663,0.5654391,0.044498064,0.08652658
4380,7000,159.27353,0.5471916,0.33860362,0.65824145
4380,2243,8.291412,0.56541574,0.016964242,0.034074843
4381,5382,1.7865524,0.56815577,0.0028676316,0.0062187463
4381,3045,72.33915,0.5651072,0.15196988,0.2959922
4382,1195,1.6993408,0.58042413,0.0022949278,0.005250588
4382,3450,71.35199,0.57856774,0.13502455,0.2658524
4382,3838,46.520573,0.5798611,0.09672999,0.18707466
4383,659,2.072712,0.6534813,0.0018283129,0.004677564
4383,5636,21.628185,0.39336675,0.07343923,0.12501417
4384,1116,1.8145752,0.5929868,0.0018657222,0.0049038827
4384,2788,54.158897,0.5980625,0.13248372,0.26063976
4385,3471,1.6281471,0.57690334,0.004766442,0.009827837
4386,4385,1.2560654,0.58389115,0.002438046,0.0053687543
4386,1364,54.98861,0.58631307,0.13963199,0.27473277
4387,6724,0.54549026,0.5513388,0.002593957,0.005516872
4387,6214,175.71909,0.5365901,0.20371231,0.39919707
4388,4390,1.6299706,0.54044116,0.0026852936,0.0061886907
4388,245,13.65292,0.5402309,0.028785124,0.056471042
4389,4390,1.91745,0.54118764,0.003269717,0.0071475506
4389,6134,66.05055,0.5328283,0.14198157,0.27505732
4390,6213,1.3961487,0.5392744,0.0032624453,0.0070285797
4390,4389,2.0479774,0.53888184,0.0031967387,0.0069237053
4390,4388,1.5456619,0.5378692,0.0021055713,0.004891321
4391,150,1.8424416,0.5443848,0.0024690032,0.005553633
4391,4392,27.204594,0.5503549,0.059823293,0.11466938
4391,151,61.367638,0.54326177,0.11809442,0.23124462
4392,649,1.7894325,0.5477567,0.00238882,0.005440116
4392,654,62.001045,0.5461138,0.11885315,0.23320824
4392,4393,5.598835,0.5492112,0.012494892,0.02509801
4393,4394,1.5688972,0.5511672,0.0033440217,0.007283598
4393,3757,56.061188,0.5440157,0.1210583,0.23597261
4394,4395,6.4190865,0.5502402,0.014316365,0.02897872
4394,1398,0.87659454,0.53971255,0.001944989,0.0044029206
4395,838,1.709465,0.54844177,0.0026242584,0.0058370233
4395,839,47.642654,0.55078405,0.091213636,0.17804307
4395,6118,44.02991,0.5530633,0.09113519,0.17581391
4396,4397,9.690918,0.5637553,0.020536602,0.04072088
4396,6120,7.065529,0.5585371,0.015372194,0.030916527
4397,4398,8.501999,0.565242,0.017638482,0.035329103
4397,4396,9.379002,0.5631749,0.019691743,0.03940566
4397,160,27.96379,0.5672431,0.055948887,0.106347345
4397,159,48.030994,0.5600547,0.09103841,0.17919676
4398,4397,8.977959,0.5664032,0.018893152,0.037489146
4398,4408,7.5557327,0.5675382,0.016376354,0.0327242
4399,463,1.2393074,0.56519383,0.002279833,0.0045283884
4400,477,1.9434929,0.5837746,0.0025721714,0.00575538
4400,476,25.288353,0.57981795,0.05147456,0.0980416
4400,4637,25.52257,0.5817302,0.05554986,0.10598573
4401,4406,1.8840332,0.56936747,0.0029402524,0.0062977523
4401,476,34.475216,0.57475346,0.06705347,0.12994903
4401,465,16.617798,0.57052225,0.035899483,0.069674164
4402,4412,2.075863,0.5641856,0.0028822348,0.006306559
4402,164,28.862898,0.5656579,0.062386326,0.12044599
4402,160,18.767883,0.56634796,0.038621504,0.07477221
4403,4961,30.215805,0.55504745,0.060279004,0.115433
4403,150,27.282766,0.54946065,0.055250503,0.10514939
4403,149,31.031845,0.55811125,0.061650515,0.11823256
4403,4404,48.59645,0.5498201,0.094157845,0.18451771
4404,4403,49.634357,0.55357444,0.09484409,0.18574543
4404,6744,15.814959,0.5518346,0.0370246,0.07208675
4405,465,1.5871162,0.57360077,0.002108559,0.0049495846
4405,4406,17.242937,0.573974,0.037272163,0.072509035
4406,4401,2.0801544,0.57200265,0.0033772737,0.0072770715
4406,160,17.583214,0.56989783,0.036352206,0.07073444
4406,4407,25.567314,0.56810534,0.056003142,0.10683089
4407,4408,1.1294937,0.551528,0.0023337007,0.0053254217
4407,4398,7.280258,0.5666998,0.015687868,0.031480223
4408,4399,1.3749123,0.5692891,0.0029495806,0.0064211935
4408,4409,43.503216,0.56672585,0.09371763,0.18145466
4409,158,1.3013802,0.55370784,0.0021710396,0.00528951
4409,6401,36.378735,0.5505334,0.076178566,0.14652607
4409,159,16.676271,0.5541782,0.035910826,0.06985029
4410,165,0.6447449,0.5736728,0.0027905032,0.0062483847
4410,4411,41.79887,0.57492423,0.08887856,0.17142321
4411,164,1.9165688,0.56899893,0.0028363094,0.006265521
4411,4412,28.973505,0.5675486,0.062555246,0.12079268
4411,837,46.65362,0.56963354,0.089246616,0.17312478
4412,4402,1.8992882,0.5633066,0.0026037917,0.0057863444
4412,6119,25.327923,0.55923593,0.055702318,0.1064561
4412,475,47.01631,0.5644562,0.09002652,0.17548059
4413,4410,1.20681,0.57044554,0.0024609566,0.005449772
4413,1404,24.103941,0.5757333,0.05853008,0.11340346
4414,6724,165.48749,0.54965615,0.19616827,0.38442194
4415,4414,11.881388,0.5431535,0.0145387575,0.028979719
4415,6212,3.2106667,0.5401415,0.0070851743,0.014426574
4416,6734,1.5284576,0.5237743,0.0042348206,0.008288339
4416,108,27.081232,0.52449477,0.06641051,0.12816301
4417,4416,1.9537468,0.52995354,0.0059908554,0.012568176
4417,6734,0.9121742,0.29264522,0.0039055422,0.0054748803
4418,4417,1.6220589,0.5390361,0.0051391423,0.010106266
4418,115,16.72605,0.28978604,0.04367757,0.08096027
4419,2664,1.7880325,0.5202986,0.0022379383,0.004602313
4419,4418,35.988262,0.5256657,0.0895214,0.17278148
4420,2360,22.893032,0.520498,0.05070559,0.09691813
4420,109,1.3529129,0.5220145,0.00429108,0.009122625
4420,4419,12.655113,0.5222522,0.029663075,0.05773884
4421,6653,1.4050102,0.6079354,0.0035991296,0.0074248016
4422,155,59.922245,0.60477376,0.11425334,0.2238392
4422,5086,1.8030319,0.61034304,0.0025150925,0.006109014
4423,4424,22.614103,0.59517807,0.046746343,0.09050909
4423,1301,36.514668,0.5972605,0.071551815,0.13799295
4424,4423,22.827795,0.59432566,0.04714695,0.09151554
4424,1300,32.400253,0.5937413,0.06497682,0.12452018
4425,1326,3.0822906,0.52571684,0.006165743,0.012510419
4425,4426,5.5149384,0.5274312,0.010900646,0.021989241
4426,1326,5.075947,0.52861935,0.009597331,0.018851608
4426,245,55.931393,0.53557074,0.107591845,0.2108252
4427,2732,1.359684,0.5246984,0.0025249496,0.005435765
4427,3755,75.62431,0.5164118,0.16731334,0.3257325
4428,4427,1.423027,0.5238972,0.003029555,0.0066683143
4428,4432,6.661804,0.5248879,0.013932936,0.027700141
4429,4434,0.7541313,0.5251241,0.0033114776,0.0071685314
4430,4429,1.8972931,0.5280031,0.0030611232,0.0063418746
4430,170,28.278114,0.52803355,0.07080804,0.13554262
4431,3151,1.8909569,0.5273988,0.0027814284,0.005915031
4431,4430,29.898388,0.5253074,0.060132805,0.114459366
4431,152,33.23206,0.52905107,0.06572401,0.12780842
4432,4431,25.758741,0.5239761,0.054046907,0.102841064
4432,648,32.97794,0.5285352,0.06600839,0.12792128
4433,4428,1.3800545,0.52588534,0.0024980009,0.005698845
4433,169,29.630013,0.5349682,0.06858279,0.13002609
4434,148,1.2234077,0.52442116,0.0015265048,0.0031998307
4434,4435,14.707735,0.52326715,0.034420263,0.06640142
4435,2277,33.23018,0.52080446,0.08248558,0.15829921
4435,148,13.900297,0.52401733,0.032099903,0.062325343
4436,4437,1.845047,0.60226494,0.0025533289,0.0056043416
4436,4439,92.91513,0.6027278,0.19464278,0.38051325
4437,4436,1.8479271,0.6029926,0.0026711822,0.006341636
4437,5420,195.84941,0.59226376,0.3652942,0.7152293
4437,4438,22.41474,0.60726196,0.048896793,0.094513066
4438,2844,1.9237518,0.6005917,0.0028553754,0.0063418746
4438,3315,28.361519,0.60395193,0.061118077,0.11785969
4439,4437,93.76901,0.6062814,0.19576585,0.38367724
4439,5417,12.212482,0.60761654,0.025328927,0.050070077
4440,3733,1.2127304,0.49040347,0.0017042011,0.0037919432
4440,3736,152.67938,0.50344974,0.33544803,0.6483969
4441,3378,1.6897888,0.50409883,0.0022732168,0.004726872
4441,532,152.48975,0.50011003,0.3020592,0.58523315
4441,4442,23.615984,0.5000396,0.05115698,0.097231574
4442,2042,2.1298523,0.5006174,0.0033397824,0.006774232
4442,4440,58.59516,0.49418807,0.11539064,0.22426262
4443,4444,1.7224693,0.53083396,0.00286635,0.0065496266
4443,1072,35.35435,0.53015095,0.06792487,0.13161354
4444,4443,1.7783318,0.53049713,0.0028284863,0.0063344687
4444,113,108.356766,0.52206767,0.21281552,0.414238
4444,6698,43.415333,0.5290094,0.08340759,0.15991852
4445,6599,2.315956,0.5308053,0.00410299,0.008814603
4445,6600,2.1549492,0.53045005,0.0041580796,0.008601323
4446,147,1.5349426,0.53037226,0.0030897409,0.0068294555
4446,3745,52.980507,0.5235883,0.11335286,0.2219929
4446,112,14.078798,0.5283746,0.030640662,0.05916071
4447,138,5.1010017,0.5240927,0.010861844,0.022010952
4447,3743,1.6553001,0.5270918,0.003231123,0.0068764836
4448,352,0.02514267,0.115496874,0.0013881698,0.0035960078
4448,6068,18.333021,0.6123588,0.039345603,0.07666876
4449,145,1.7919769,0.5964396,0.0030752867,0.006918207
4450,338,13.436703,0.6015572,0.027110882,0.05311027
4450,3300,111.588104,0.60001147,0.20599678,0.40301383
4451,4454,2.0147552,0.6018343,0.0031723455,0.0067427456
4451,5911,25.609663,0.6004518,0.05591587,0.107814856
4451,352,117.960396,0.6035096,0.21796218,0.42789966
4452,348,2.0024948,0.59637284,0.002019994,0.0048711
4452,4453,43.406742,0.6000489,0.09009435,0.17366417
4453,3560,2.2230606,0.5971116,0.0024437606,0.005720973
4453,4451,22.687412,0.60256827,0.048964545,0.09405635
4454,4451,1.964695,0.5999717,0.0030901432,0.0062458366
4454,3560,23.223919,0.6027981,0.05057795,0.09862184
4455,3937,1.264946,0.5846108,0.0016885549,0.004262969
4455,5421,61.597054,0.5925052,0.11794272,0.22996679
4456,4455,1.4885674,0.5870342,0.002312228,0.0055050254
4456,3256,29.729242,0.59466696,0.059553344,0.114194594
4457,3844,1.4114952,0.58504546,0.0028027743,0.006406218
4457,4456,23.939497,0.586422,0.049098816,0.093690395
4458,4457,1.7768631,0.5870835,0.0024747849,0.0057551563
4458,144,27.359001,0.59201145,0.058778685,0.11319254
4459,452,33.48333,0.5627115,0.06559637,0.12714648
4459,142,1.4932785,0.5648579,0.0023703948,0.005493909
4459,1692,14.11952,0.5655538,0.03003202,0.05905614
4460,3840,1.9276428,0.6139903,0.0034511462,0.0073758513
4460,45,23.871752,0.61709356,0.057061955,0.110425696
4461,4505,0.1994133,0.58355963,0.0043458566,0.009565085
4462,6209,0.39738464,0.38308272,0.0029898584,0.0058877617
4463,2372,1.6473923,0.58949506,0.0021694452,0.0050155073
4463,2069,75.15185,0.59099025,0.14132589,0.27757818
4463,346,24.60418,0.59073746,0.053552713,0.10370366
4464,2203,7.2059517,0.51931816,0.017421193,0.035155073
4464,6297,23.529133,0.5127307,0.050362673,0.096045226
4465,4940,20.609987,0.62402487,0.04244891,0.081686854
4465,6254,1.9409676,0.6110896,0.007869065,0.015998319
4466,4208,2.1073952,0.6169815,0.0030826032,0.006715253
4466,6045,25.907627,0.62037605,0.052837625,0.101650886
4466,6571,71.28229,0.61593616,0.14671957,0.28884217
4467,2916,3.0417862,0.59146243,0.005072333,0.010740072
4467,831,157.22327,0.5750191,0.2956144,0.57939655
4467,3857,35.160183,0.5920311,0.06950807,0.13397253
4468,1699,1.0681229,0.5677555,0.0031578764,0.006757766
4469,4469,12.53014,0.59207624,0.025840923,0.05080539
4469,4469,12.53014,0.59207624,0.025840923,0.05080539
4469,1944,278.6598,0.5785568,0.56344396,1.105306
4470,5056,1.8069191,0.50795585,0.002103649,0.0048378855
4470,2115,24.123775,0.5046571,0.05870932,0.11298621
4471,2061,13.898315,0.66142416,0.021248348,0.042007923
4471,296,41.752804,0.66362834,0.07077691,0.1344668
4472,4473,1.728653,0.5479909,0.0054668114,0.011169851
4472,5434,26.437838,0.037260115,0.11857486,0.2513286
4473,4472,1.68507,0.5457878,0.0052946806,0.009909242
4473,3543,41.789272,0.0474751,0.21089052,0.44299668
4474,4715,80.59497,0.5961056,0.18812117,0.3687476
4474,5149,42.94963,0.56858253,0.10407446,0.20132251
4475,2533,54.238106,0.49615207,0.10712218,0.20784609
4476,1960,2.297989,0.541652,0.0042720884,0.00933817
4476,2653,156.2167,0.52526367,0.30727062,0.5966513
4477,1941,1.8891983,0.5471843,0.003896527,0.008575663
4477,3338,100.27933,0.54016954,0.21380326,0.41512924
4477,1937,46.837215,0.54570556,0.10028675,0.19372658
4478,1937,1.1845322,0.55048466,0.0017973334,0.0043524504
4478,3337,92.695175,0.54891866,0.17660683,0.344563
4478,1941,45.936928,0.5506521,0.09806623,0.18890156
4479,1959,53.78491,0.5475887,0.11227528,0.21919173
4479,4480,11.453468,0.5504447,0.02488096,0.048938185
4480,7000,27.674938,0.55086213,0.06029833,0.115399696
4480,4479,11.17194,0.5498592,0.02447655,0.048246443
4481,4483,1.3810806,0.53801566,0.0017457828,0.004306242
4481,6994,61.26626,0.5389635,0.132435,0.258228
4482,4484,1.6283646,0.53913945,0.0031399056,0.0071918517
4483,4481,1.3108482,0.535394,0.0014622658,0.0037244111
4483,2658,111.73582,0.5305835,0.21583164,0.42014757
4483,1467,96.82568,0.52865905,0.21057254,0.4068048
4484,6994,0.9154053,0.5379729,0.0016511977,0.00412859
4484,4483,62.125427,0.53870285,0.1316187,0.25699925
4485,3044,39.49095,0.56658894,0.075813636,0.14996026
4486,3053,30.043262,0.5857076,0.088400036,0.17266686
4487,4490,2.5481186,0.464567,0.0058568045,0.012175873
4487,4373,1.5664673,0.5547236,0.0026053563,0.0055584013
4487,3044,116.664955,0.5612269,0.22029582,0.43155152
4488,2841,58.73041,0.55750275,0.13646777,0.26480398
4488,4489,7.828289,0.5622165,0.017097577,0.03421232
4489,2851,0.8110733,0.5347302,0.002045095,0.0050591677
4489,4487,1.0530663,0.51149046,0.0023414046,0.005700633
4490,1942,2.2521744,0.56452906,0.0040163845,0.008506581
4490,4491,36.27904,0.17475972,0.11290116,0.23193856
4491,1943,2.4756813,0.57327706,0.0044675767,0.00833267
4491,6069,28.50116,0.05087316,0.09825805,0.20682701
4491,3044,35.08962,0.56919163,0.06840083,0.1335355
4492,4507,9.215332,0.580568,0.02446331,0.048436522
4493,4509,12.598503,0.5834512,0.026828647,0.05295728
4493,4492,13.561962,0.58718264,0.034520384,0.06752139
4494,4493,35.06137,0.5826807,0.109746926,0.2139991
4495,4494,14.338259,0.57963187,0.038428795,0.07507526
4495,4494,21.264145,0.57975996,0.043682553,0.08402496
4496,3053,2.3389702,0.58821297,0.0032050014,0.007178366
4496,4067,196.03044,0.57291937,0.37440932,0.734129
4496,4495,29.688898,0.5887676,0.086296484,0.16770634
4497,2875,2.123993,0.58486134,0.0031265095,0.0068738163
4497,2874,88.422165,0.5804601,0.16630378,0.32725015
4497,4496,37.49691,0.587104,0.114928916,0.2230976
4498,4497,56.42208,0.58600503,0.17710076,0.34789494
4499,4498,20.065538,0.5843105,0.053029742,0.103849895
4499,4498,28.9448,0.5848329,0.057105564,0.10995479
4499,4028,0.59410477,0.5817534,0.0045011863,0.009057924
4500,5874,1.9568977,0.58556604,0.0036592185,0.007930294
4500,4499,30.04705,0.58468956,0.08873701,0.17286561
4501,1944,211.13133,0.5781257,0.4257233,0.83317125
4501,5711,11.796907,0.5847924,0.029865354,0.058470696
4502,872,2.590973,0.5862202,0.003789395,0.00822027
4502,2091,104.79311,0.583922,0.19708171,0.38673767
4502,5714,28.137733,0.5893761,0.08020927,0.1563975
4503,4502,11.324163,0.58536357,0.029771533,0.05835869
4504,4503,28.26614,0.58245957,0.057066087,0.11009044
4504,4503,20.182545,0.58236265,0.055088483,0.10707785
4505,3977,2.6684418,0.5906031,0.004013814,0.00865604
4505,2091,113.081726,0.5870626,0.21279246,0.41794217
4505,4814,78.64038,0.5856429,0.24713704,0.48590195
4506,4461,30.515713,0.5911924,0.05983336,0.11435148
4506,4461,20.79557,0.5943103,0.056168955,0.10970305
4507,876,1.7965736,0.5817608,0.004119307,0.008771583
4507,6905,8.594826,0.5848674,0.022405267,0.04342784
4508,3093,14.828278,0.58676195,0.03132905,0.061450027
4509,4508,13.715971,0.5804547,0.029107824,0.056992188
4509,4508,12.78911,0.5796873,0.028452158,0.05584941
4510,4492,2.3323898,0.58140916,0.0040324777,0.008617908
4511,2438,0.7383423,0.57535994,0.0032688826,0.007594958
4511,4382,1.4582138,0.5747484,0.0030193478,0.00701119
4512,4514,2.6304626,0.5833727,0.0043658614,0.009310544
4512,829,204.64209,0.5726373,0.39078435,0.7643281
4513,2434,49.37166,0.57976365,0.12270469,0.23903348
4513,4511,5.204403,0.57991695,0.011186451,0.02282229
4514,1194,2.2998352,0.5811379,0.003805086,0.008098468
4514,4513,2.2025986,0.5792321,0.004338436,0.009394586
4514,3892,71.65528,0.57816845,0.13515972,0.26587862
4515,5444,2.3970757,0.57984984,0.005969733,0.012312397
4516,4519,2.135006,0.58698905,0.0029084757,0.0064062774
4516,799,53.08819,0.58427817,0.10166065,0.19864678
4517,4518,1.3400726,0.5843888,0.0027008057,0.00621894
4517,815,59.59304,0.5786502,0.12858054,0.25203645
4518,813,2.3300743,0.58618784,0.004377462,0.009160444
4518,4532,21.300438,0.5886493,0.04634659,0.08981466
4519,4517,1.3519783,0.58281446,0.003228046,0.006934449
4519,6832,3.2872238,0.586672,0.006631598,0.01372239
4520,4521,41.78163,0.38967937,0.1090038,0.20975694
4521,1477,1.7972221,0.40228513,0.0031063557,0.0062590092
4521,4526,66.630745,0.40317783,0.13721403,0.26579985
4522,698,1.673275,0.46186575,0.0027441606,0.0060067475
4522,1896,27.442074,0.4653406,0.050851427,0.09741879
4523,3286,79.3775,0.46796742,0.17009349,0.32721272
4523,4524,4.924099,0.46454582,0.007937618,0.015314743
4524,4522,2.3504448,0.46475172,0.002312541,0.00473468
4525,5591,47.93459,0.36427313,0.09923049,0.18780908
4525,4520,63.419678,0.37087613,0.16881934,0.32679346
4526,4521,66.131165,0.398573,0.13644871,0.26249084
4526,1478,78.58769,0.41162193,0.16168693,0.3113081
4527,2401,1.5458221,0.5846533,0.0021123216,0.0050304383
4527,4531,2.8522644,0.5829733,0.0059794188,0.012633145
4528,3533,153.1109,0.5744085,0.31677696,0.6197778
4528,4530,18.54954,0.5811406,0.040010728,0.07779369
4529,3070,1.650528,0.5827856,0.0022775903,0.005337119
4529,4527,11.327847,0.58324677,0.024408914,0.04811783
4530,6683,1.6489601,0.57957417,0.002218023,0.0051353276
4530,4529,119.24273,0.5732675,0.2502646,0.4865805
4531,6787,1.429287,0.58154917,0.001954496,0.004614368
4531,875,54.937405,0.5844956,0.105213955,0.2058402
4531,5873,40.2111,0.5852711,0.0834009,0.16011176
4532,6866,1.4479561,0.5821513,0.0023706928,0.0052736253
4533,4537,2.9316864,0.5604771,0.00645262,0.013358012
4533,2872,14.144653,0.5576956,0.030171104,0.059020214
4534,1148,157.88092,0.55471396,0.29973382,0.58569074
4534,6224,167.91,0.55106163,0.35557508,0.691331
4535,2754,1.8103752,0.56517243,0.002826184,0.0063783377
4535,1144,215.02524,0.55653316,0.4128055,0.8044189
4535,4534,8.380917,0.5620681,0.018208027,0.036171347
4536,4535,28.870985,0.56727314,0.06306906,0.12158445
4536,2389,46.469105,0.57368135,0.09482038,0.18422331
4537,6224,1.3763542,0.557814,0.0014478564,0.003770873
4537,1460,214.31393,0.5473754,0.4136172,0.8060151
4537,2754,177.26086,0.55357265,0.36874035,0.71761394
4538,2044,2.0860252,0.2528626,0.005720407,0.01048322
4539,4585,49.079765,0.5374568,0.093711995,0.18197137
4539,3043,78.24675,0.5424235,0.15107253,0.2956827
4540,3731,1.9043808,0.46199435,0.0042206496,0.0088816285
4540,2505,2.754902,0.45857587,0.0024702474,0.005808577
4541,4542,0.79138184,0.54359895,0.0013615042,0.0031956285
4541,6251,44.475163,0.5495783,0.14548734,0.2854628
4542,6253,0.3442688,0.47041765,0.0033921003,0.005963281
4542,4543,39.514168,0.5510305,0.08433472,0.16171397
4543,105,1.5009689,0.5461616,0.0018269569,0.0044422746
4543,2720,79.18744,0.5485459,0.1516392,0.29714242
4543,4545,51.08798,0.54698306,0.10602449,0.20619442
4544,131,185.56052,0.536221,0.36193264,0.70589703
4544,4553,3.4142075,0.55010915,0.006075941,0.012428701
4545,131,121.717125,0.5357586,0.25640056,0.49842268
4545,105,50.387978,0.5453351,0.10671143,0.20692295
4546,3250,19.315224,0.5617339,0.040329337,0.078195825
4546,4559,28.135094,0.56273806,0.057062674,0.10900597
4547,17,1.9887199,0.46378046,0.0035206452,0.0074769706
4548,3982,0.7220459,0.10973737,0.0027136132,0.0059515536
4548,4551,72.202934,0.37216598,0.15625086,0.30413815
4549,2423,6.355957,0.15075281,0.015463971,0.02977249
4549,4548,2.7216263,0.34267873,0.005606778,0.011138901
4550,2023,2.597103,0.39208403,0.0053155124,0.010354236
4550,3730,120.883255,0.42121086,0.25350544,0.48787302
4551,4550,2.8750534,0.39111108,0.005616702,0.010922551
4551,2023,2.0139961,0.3931986,0.0035812855,0.007117182
4551,2049,67.48982,0.38852417,0.14277932,0.2763641
4552,4555,19.958511,0.55153906,0.041634984,0.08037782
4552,6472,2.4110832,0.5514921,0.004234165,0.009312183
4553,6472,1.5738716,0.5487977,0.0022697821,0.005262539
4554,4555,3.5372353,0.5504351,0.0052032396,0.010856122
4554,4553,20.216724,0.55196583,0.042295642,0.081460364
4555,4554,3.7051735,0.5495268,0.005531274,0.011449456
4555,132,16.818346,0.5504481,0.03526949,0.06853462
4556,4557,48.84269,0.56119287,0.094016396,0.18452574
4556,2618,26.802113,0.5604282,0.05448139,0.1034572
4556,134,46.822983,0.5606302,0.09006014,0.17658131
4557,4560,52.766457,0.5620755,0.10165821,0.19914095
4557,5550,24.004606,0.56215763,0.04933363,0.09427775
4557,4556,48.788124,0.56130195,0.09365492,0.18383306
4558,135,2.526703,0.5653569,0.004022464,0.008599296
4558,5550,52.239292,0.56275904,0.100347854,0.19680855
4558,4560,47.255768,0.5658747,0.09128652,0.17868534
4559,1149,1.2869339,0.55934405,0.0015582517,0.003938362
4559,3453,65.547554,0.5583817,0.1247237,0.24287221
4560,4557,52.66961,0.561883,0.101824455,0.19958489
4560,4558,47.74011,0.5666101,0.09177041,0.1797094
4560,134,49.38031,0.56247956,0.095292054,0.18711537
4561,2202,12.380316,0.55021566,0.025689386,0.050423995
4561,4562,5.1243057,0.55102974,0.009985454,0.01980944
4562,3708,14.344515,0.5517953,0.034268517,0.06685604
4563,4565,1.7053947,0.64868176,0.0033274963,0.007317513
4563,499,9.84811,0.6488346,0.019958295,0.039075315
4564,4162,1.800972,0.6471826,0.0037010238,0.007874817
4564,6808,33.211063,0.6535069,0.070194185,0.13663909
4565,4564,1.4165344,0.6443361,0.002856955,0.006348595
4565,4566,6.4267845,0.646629,0.012061201,0.024108455
4566,4564,6.208214,0.64467263,0.01162561,0.023353204
4566,320,39.057888,0.6530565,0.075514115,0.1472857
4567,321,115.44877,0.6428162,0.22990665,0.45269036
4567,4569,6.1208534,0.64674485,0.012492396,0.025063857
4568,313,10.364742,0.64396864,0.020838328,0.040885895
4568,500,13.562378,0.64695764,0.02837643,0.05513426
4569,313,2.3702164,0.6453445,0.0026492253,0.0061742365
4569,317,52.328735,0.64987266,0.09673199,0.1905919
4569,4568,9.899853,0.649506,0.02021543,0.039858297
4570,3126,57.257397,0.6504277,0.11213741,0.2186672
4570,4571,5.4686623,0.6450839,0.010581285,0.02106455
4571,300,2.1227226,0.6537176,0.0031743497,0.0067364275
4571,4572,6.485855,0.64490503,0.013145782,0.025865644
4572,300,6.529892,0.6451011,0.013048366,0.025857717
4572,4573,48.301285,0.6506756,0.096708044,0.18759735
4573,4572,47.315037,0.6482676,0.09508915,0.18370385
4573,301,7.892269,0.6506481,0.016287923,0.03195776
4574,301,2.1761665,0.6452108,0.0042288676,0.008728489
4574,4573,7.9252663,0.6507929,0.015928462,0.03157398
4574,3133,44.738445,0.648796,0.09014937,0.17538527
4575,3643,61.04118,0.61240053,0.11480756,0.22621709
4575,4184,15.589605,0.60811955,0.03165733,0.06173692
4575,5414,127.14107,0.608593,0.23448175,0.46162355
4576,2729,7.567978,0.60644937,0.014416426,0.028727114
4576,682,34.715008,0.60943395,0.07478323,0.14576362
4577,2819,1.8088684,0.5581692,0.0022269487,0.005174488
4577,4579,10.950361,0.55950356,0.023948088,0.047337547
4578,4579,1.9183388,0.5555901,0.0019439012,0.0046338886
4578,4577,11.141048,0.5593015,0.024445862,0.048135266
4579,4578,1.8856277,0.55564743,0.0019509867,0.0044805855
4579,4581,64.76333,0.5559614,0.13755545,0.26811463
4580,4581,1.9061127,0.55796766,0.0019689351,0.0046326816
4580,4578,64.47779,0.55453104,0.13715057,0.26754215
4581,4580,2.0719337,0.55616647,0.0023572445,0.005364567
4581,3940,98.949455,0.55559766,0.21215625,0.41215646
4582,1776,29.842125,0.5928282,0.05917184,0.11390501
4582,6510,77.71411,0.5903192,0.19490342,0.38222587
4583,2647,1.122715,0.5445265,0.0014822409,0.004187092
4583,1470,192.48183,0.54492164,0.37185737,0.7239946
4583,6995,104.19905,0.54120415,0.22156054,0.42924678
4584,3323,2.2015648,0.48906434,0.0043306574,0.010060906
4584,3682,0.8160248,0.031469047,0.0013911128,0.0029920787
4585,2662,1.2960548,0.5360519,0.0021241158,0.004931912
4585,4539,51.06118,0.53862095,0.095510446,0.1850272
4586,4105,0.24201584,0.5097522,0.004182525,0.008391574
4586,82,26.442924,0.53146994,0.05403205,0.10347659
4587,2291,3.4820023,0.61665326,0.0069141835,0.014795288
4587,2774,1.6407356,0.6101677,0.0029582828,0.007165119
4588,6182,3.024685,0.5394546,0.006444499,0.013389811
4590,5353,111.01604,0.43115136,0.22721872,0.43646878
4591,2850,43.56207,0.6039437,0.08176238,0.15680599
4591,2840,35.815365,0.6079165,0.07061932,0.13709468
4592,3983,5.3554955,0.47756198,0.011721231,0.023741156
4592,5665,2.644436,0.46845418,0.0021162778,0.004819602
4593,329,2.9887962,0.62252283,0.0017654896,0.005080059
4593,310,100.16492,0.6273201,0.20165405,0.3953303
4594,4251,33.55757,0.61536765,0.06474936,0.1254906
4594,4619,30.087307,0.61388266,0.06106096,0.116622366
4595,3081,1.8436699,0.62878996,0.002965808,0.0062649995
4595,3763,31.20332,0.6347538,0.06645821,0.12822658
4596,74,2.2452736,0.62755996,0.0037608743,0.008405954
4596,73,75.44844,0.6263794,0.20006406,0.39597392
4596,3307,43.750645,0.6251671,0.0820301,0.15744455
4597,4599,2.2616463,0.6177914,0.0032996684,0.00709337
4597,34,130.54399,0.6144028,0.23941392,0.471183
4597,5358,51.73795,0.62174726,0.10721235,0.20703322
4598,1978,1.7549896,0.6301258,0.0022989884,0.005476907
4598,4615,12.406782,0.63256097,0.02578026,0.050890535
4599,4597,1.9472198,0.61973023,0.0027332902,0.0061350167
4599,40,5.897972,0.62185967,0.012039639,0.02429901
4600,39,1.1965446,0.61739635,0.0020197406,0.004858434
4600,4601,2.7730904,0.6251276,0.0046136603,0.009844542
4601,39,2.4479904,0.62632203,0.003804125,0.008580923
4601,2101,121.33037,0.6165063,0.22240168,0.4368083
4602,5990,2.3245544,0.6252441,0.004519902,0.009626493
4602,2820,2.5693283,0.62462443,0.0041304603,0.008590311
4603,4604,1.5883904,0.60636854,0.0031136423,0.0065841824
4603,355,36.879593,0.61600786,0.08973284,0.17359608
4604,1980,1.1783104,0.60617584,0.0036377832,0.0073994696
4604,4606,53.978443,0.6210047,0.11151564,0.21752223
4605,2095,2.0910683,0.6146393,0.0032336041,0.006818399
4605,3082,38.625336,0.6206121,0.07415335,0.14420104
4605,6999,11.42622,0.61729157,0.023954079,0.04721041
4606,4607,2.8225937,0.6135279,0.002283685,0.0055113435
4606,4605,36.807236,0.61737543,0.07815365,0.15206853
4607,4606,2.6436348,0.6116882,0.0019420162,0.004782349
4607,1980,53.870853,0.62328064,0.112142324,0.21883135
4608,6305,2.3559685,0.6324519,0.0027694106,0.0058656633
4608,1618,2.0835953,0.6358783,0.003315553,0.006940007
4608,6153,24.50815,0.6407532,0.05109923,0.098456286
4609,4608,19.775824,0.6387187,0.040195197,0.078096524
4609,2151,46.392616,0.63947463,0.08837369,0.17323102
4610,2048,3.358097,0.5032526,0.006842807,0.013888016
4611,4612,2.4901352,0.603632,0.0031672716,0.0070127994
4611,2169,61.41078,0.59370357,0.15844864,0.31297296
4612,260,1.7248573,0.6034233,0.00469891,0.010102585
4612,4613,110.31814,0.60789996,0.20898151,0.41236028
4613,260,111.17387,0.60453737,0.21091232,0.41508234
4613,394,5.4738426,0.6095225,0.010263003,0.021254763
4614,3255,2.5475464,0.6287552,0.0014997795,0.0043706447
4614,3255,2.8142319,0.62836605,0.0051538497,0.011167437
4615,2824,1.984211,0.6276409,0.0026829317,0.006249815
4615,4614,8.47858,0.6260991,0.017422289,0.034566626
4616,2820,3.2470245,0.6288883,0.0061565638,0.01301986
4616,5990,1.631794,0.6290487,0.0023149177,0.0055125505
4617,2924,77.395256,0.6406394,0.19143748,0.37895858
4617,2923,62.985443,0.64026415,0.1549194,0.30744374
4617,2963,92.81094,0.6441624,0.16941753,0.3357822
4618,753,10.849205,0.5763116,0.02313552,0.0456267
4619,4594,30.318295,0.6126377,0.06124053,0.11660387
4619,1956,11.057455,0.6086268,0.022025086,0.04343678
4620,1956,1.5415459,0.60682184,0.0021709502,0.005109787
4620,2071,197.06313,0.59837055,0.37034103,0.726695
4620,4619,10.022228,0.6129887,0.019816324,0.039277464
4621,4620,5.113598,0.6132519,0.0094368905,0.019165441
4621,2099,84.42464,0.6116542,0.15542114,0.30768985
4622,3959,3.4699059,0.6285717,0.0059146285,0.012048736
4622,7073,58.04562,0.6295366,0.11494119,0.22730154
4622,4623,9.176506,0.6191685,0.010827914,0.022763044
4623,3958,8.299377,0.6306237,0.017296247,0.034339443
4624,3557,2.0613594,0.6220761,0.0029692575,0.006379798
4624,309,42.806435,0.6288905,0.08131328,0.1595138
4624,3556,39.461533,0.62782145,0.07654313,0.14948118
4624,5441,31.7465,0.6267749,0.062157635,0.11988425
4625,6165,0.0,0.042862505,0.0039366856,0.0069625676
4626,4635,2.178608,0.6435098,0.0016061142,0.0037381947
4626,1616,2.1330795,0.64783204,0.0034973994,0.007529676
4626,4132,111.34088,0.64681053,0.21828836,0.43083817
4627,4628,28.742302,0.629932,0.050698213,0.09822066
4627,6159,25.035435,0.63387734,0.05314052,0.102465466
4627,399,25.407,0.63462293,0.05426287,0.104819864
4628,399,3.2667656,0.63039374,0.0037555322,0.008350402
4628,5324,334.28082,0.6385737,0.45704946,0.89480644
4628,4627,29.194958,0.6319674,0.05074332,0.09820746
4629,6526,57.919296,0.610834,0.1184361,0.23270649
4629,3349,40.923866,0.61954874,0.083280504,0.16326031
4629,4228,58.215515,0.61377496,0.108742684,0.21276344
4630,670,43.368107,0.6031835,0.138292,0.27092203
4630,672,34.147984,0.59693414,0.067321345,0.12967186
4631,4752,1.9042206,0.5815576,0.0021822378,0.005481407
4631,2193,74.71429,0.5690429,0.19273214,0.3764144
4632,21,1.3730583,0.005745411,0.0034599677,0.006213531
4633,4209,6.9537315,0.6340988,0.008193009,0.017881528
4633,4634,2.0406075,0.6454363,0.004697703,0.0101790875
4634,4209,4.242737,0.6413146,0.008095115,0.015674293
4634,1617,1.7165184,0.6412943,0.0025011674,0.0051532686
4635,4625,2.9976616,0.6453217,0.0031429231,0.0071649402
4635,2232,20.608753,0.06173408,0.09129966,0.18771319
4636,470,2.1291237,0.57353234,0.0032296032,0.0070082694
4636,476,27.300644,0.5745393,0.055299956,0.10565294
4637,469,1.2879333,0.56567883,0.0024294108,0.0055581927
4637,4636,24.948359,0.57308805,0.05231568,0.099482186
4638,4637,1.2573929,0.5784675,0.0017108768,0.0039865673
4638,477,25.737383,0.5828647,0.056115765,0.10794655
4639,156,1.4886475,0.5892458,0.0022768155,0.005515024
4639,4638,61.348877,0.5891911,0.11675299,0.22793923
4640,468,26.569447,0.5973827,0.054499082,0.10489088
4640,5424,2.0064583,0.58892447,0.002797313,0.0060072094
4641,2761,33.18255,0.5306799,0.058560316,0.111966506
4642,4641,3.992817,0.52997255,0.005889155,0.012311548
4642,102,43.38869,0.5250884,0.08395871,0.16296536
4642,2836,2.7037697,0.5250718,0.0045233667,0.00928928
4643,4778,2.902916,0.58379644,0.0037699863,0.008305967
4644,4462,2.6400795,0.58048826,0.009691641,0.019265532
4645,5693,1.9061699,0.5763837,0.0040366873,0.008873597
4645,6171,8.2656555,0.57312596,0.008983374,0.01882489
4646,3482,4.949379,0.5762375,0.010345265,0.021022603
4646,4269,26.06935,0.5764585,0.056053434,0.107397996
4647,4646,5.0551567,0.57510185,0.010442235,0.021354973
4648,4649,2.225937,0.58663225,0.0034684315,0.007718101
4648,4007,56.052406,0.59953505,0.10655567,0.20845425
4649,4005,1.7171135,0.5896375,0.0023873672,0.0057944804
4650,4286,2.8512192,0.57005686,0.004640162,0.009570137
4650,4829,33.829514,0.57115346,0.06678928,0.12978578
4651,4652,2.3046227,0.57265717,0.003881894,0.008427158
4651,3574,27.142052,0.5729153,0.055403594,0.10565977
4652,4651,1.9761314,0.5710856,0.002802968,0.006060526
4652,4829,128.42365,0.5654174,0.24248451,0.4757679
4653,2751,2.308979,0.59746444,0.003802754,0.008169889
4653,4909,14.723713,0.5959627,0.029330269,0.057430066
4653,6384,26.917702,0.59729517,0.056224976,0.107959874
4654,4986,1.8084335,0.59971553,0.0036265552,0.008154944
4654,5630,135.08656,0.59572405,0.1947928,0.38408226
4655,1038,2.8169708,0.5963422,0.0052000135,0.011111349
4655,6339,75.44564,0.5927139,0.10655616,0.20811999
4656,5605,1.928257,0.61303765,0.0050597787,0.010928184
4656,5604,25.881697,0.6146333,0.055687338,0.1074307
4657,5629,2.1786232,0.6031842,0.0041408837,0.009219661
4657,5857,66.62363,0.6063488,0.09815916,0.19184978
4658,3899,1.930584,0.66639405,0.0018484965,0.0049257576
4659,440,1.6603622,0.59178305,0.0041203424,0.009054199
4659,436,26.594376,0.6050173,0.06351692,0.122526035
4660,6238,23.570675,0.589672,0.056461185,0.10877069
4660,6237,247.31487,0.0,1.0203382,2.1213868
4661,539,1.5465126,0.44930744,0.0049328133,0.009816378
4661,5266,36.29057,0.45266554,0.07407112,0.14113446
4662,4132,2.1960258,0.6429809,0.0037493333,0.007750526
4662,7022,8.690933,0.03461525,0.0553762,0.121180914
4663,6229,32.6259,0.6673754,0.06421928,0.12317139
4663,3904,16.047203,0.38947916,0.053611394,0.09193105
4664,2937,3.4849777,0.66753566,0.0,0.0011159778
4664,2825,25.008787,0.40642476,0.093867116,0.15399568
4665,4666,1.8128319,0.34476286,0.003276959,0.0064576566
4665,1985,148.28577,0.3458175,0.32618234,0.62550336
4665,1974,49.614082,0.33638322,0.10904806,0.20940939
4666,4665,1.9267159,0.34625202,0.0037571415,0.0072751343
4666,2397,88.48364,0.3622945,0.18948391,0.36489224
4667,4668,2.6695557,0.31722352,0.0046250075,0.008779764
4667,5469,7.1506653,0.32093376,0.018607497,0.03559886
4668,6506,2.3592415,0.3194991,0.0060452595,0.011409357
4668,4667,2.490776,0.3186879,0.0045557544,0.008778989
4669,4650,29.598783,0.5701269,0.060391653,0.115313455
4669,5625,65.34929,0.5630183,0.21842214,0.42664012
4670,5347,105.75421,0.4640382,0.28438392,0.55053467
4670,5347,138.71228,0.46268645,0.28339946,0.5469351
4671,4842,1.1587219,0.4741487,0.0036387816,0.0076476038
4671,4672,14.413784,0.47289923,0.03468183,0.067289874
4671,3688,34.193233,0.4809143,0.08687384,0.16687144
4672,4673,109.32005,0.46443987,0.29619145,0.5723112
4672,4671,14.206028,0.4776134,0.03399264,0.066388376
4673,6177,9.613384,0.4627733,0.022824235,0.044575304
4674,767,1.0800743,0.35570306,0.0047986433,0.009326309
4674,1154,69.79988,0.38096422,0.14627457,0.28260857
4674,1154,65.89201,0.38016728,0.13821553,0.26709193
4675,1715,14.22488,0.5292004,0.036713146,0.07188413
4676,4675,19.72433,0.5217324,0.05686547,0.111458406
4676,4675,27.578655,0.5166871,0.05776253,0.1119111
4677,4678,1.772316,0.42876774,0.0027486533,0.005605653
4677,2229,57.457176,0.4236792,0.11745735,0.22766739
4677,5204,26.741299,0.43711635,0.061666332,0.1162318
4678,4677,1.9433632,0.42841002,0.0030249134,0.006180823
4678,1455,62.952213,0.43306667,0.128977,0.24862936
4678,6638,49.302513,0.41095412,0.11082445,0.21405408
4679,4815,2.3062782,0.3276876,0.0060023665,0.011265516
4679,2284,14.395744,0.33087814,0.03560284,0.06802562
4680,1536,64.748,0.5767573,0.12465422,0.2443644
4680,5184,30.6796,0.5823118,0.061042137,0.11726208
4681,32,14.188599,0.6162841,0.029572643,0.05804293
4681,6596,9.542873,0.6143328,0.01943253,0.03851463
4681,3294,12.481243,0.6143341,0.025778994,0.050756022
4682,5720,5.1560974,0.5254779,0.013256967,0.026881143
4683,625,27.221497,0.526373,0.0674587,0.12992579
4683,4682,3.3627434,0.5226408,0.004849881,0.010502085
4684,417,2.376892,0.574598,0.0038598776,0.008297712
4684,1345,46.592945,0.5675268,0.05418146,0.10303478
4685,1006,2.0089607,0.56060094,0.0034176707,0.007225916
4685,4851,56.659836,0.5555033,0.12212728,0.23729488
4686,2721,1.5046577,0.54215765,0.0019811913,0.0046498924
4686,7065,52.376873,0.5430205,0.11038406,0.21429089
4687,728,1.8758736,0.58295023,0.0025610626,0.0058241487
4687,812,39.949142,0.5835079,0.07696321,0.15124844
4687,3328,7.192993,0.5811258,0.0153264925,0.030451775
4688,744,2.483406,0.58322096,0.0042858943,0.008994445
4688,678,2.0651512,0.58350825,0.0029817373,0.0065789223
4688,2837,22.54689,0.58454627,0.046480678,0.09037319
4689,744,1.4509888,0.57980376,0.0044936463,0.009016022
4689,678,2.5929413,0.5838977,0.0057892725,0.012117833
4690,5174,1.4498253,0.59272313,0.0039999783,0.008395702
4691,4690,2.0670357,0.6030312,0.00387685,0.008333325
4691,6803,61.04238,0.60640013,0.15277666,0.29845813
4692,1027,27.990873,0.562628,0.06850406,0.13253039
4692,693,86.267746,0.56089944,0.08172039,0.15578602
4693,2865,12.386942,0.5634727,0.027042463,0.053081065
4693,567,75.77547,0.5583615,0.15679166,0.30665398
4694,4695,12.539316,0.5683739,0.026498362,0.051963583
4694,975,115.09509,0.5594746,0.21782148,0.4261838
4695,4974,1.4523506,0.5721202,0.002443999,0.005665168
4695,262,119.01865,0.5624488,0.23116419,0.45231307
4696,968,12.760145,0.5712275,0.02663865,0.05225365
4696,4694,42.46044,0.5696869,0.0868484,0.16661662
4697,2871,1.621273,0.55460244,0.0020254776,0.0047437847
4697,1146,43.60752,0.55780625,0.083670996,0.16196188
4697,6028,12.65299,0.55396783,0.027637452,0.054101616
4698,818,1.4916573,0.55466753,0.0025815293,0.0058933794
4698,1146,28.50362,0.5544011,0.060710702,0.11670274
4698,6031,6.452324,0.55198646,0.013991728,0.02825816
4699,4992,44.789753,0.53169185,0.095407024,0.18481733
4699,3509,5.5219994,0.529498,0.012295239,0.025135294
4700,6774,2.8386383,0.5289857,0.0054141656,0.01109156
4700,3355,9.095448,0.5298473,0.020100646,0.04022464
4701,6843,4.1203957,0.43893686,0.00883276,0.017472863
4701,522,2.1998138,0.4374777,0.0046473294,0.009557277
4701,6840,1.4764595,0.4406099,0.003167525,0.0068377107
4702,521,1.8854866,0.42959574,0.003680557,0.0074996203
4702,1856,114.55018,0.45713744,0.2531876,0.4883697
4702,6840,55.817387,0.43457747,0.12669823,0.24485612
4703,542,45.252155,0.52176714,0.09345697,0.18115844
4703,4704,1.7955818,0.52556807,0.0034564734,0.0073812306
4704,4699,16.831476,0.52625376,0.036216665,0.07096115
4705,3509,20.128399,0.5247636,0.044829138,0.086554326
4705,4924,54.466957,0.5259063,0.14269944,0.27773237
4706,1016,1.7484016,0.56379676,0.0022017658,0.005028829
4706,5139,33.985332,0.5711597,0.06712749,0.12964663
4707,4708,2.2131462,0.6109089,0.0039130673,0.008193746
4707,2830,45.087547,0.61251926,0.11019878,0.21400245
4708,5230,1.8932571,0.6079295,0.004508406,0.009915888
4709,808,1.5606651,0.5827408,0.0018679947,0.004607022
4709,1185,80.85019,0.58091825,0.1521259,0.29979184
4709,6964,112.75069,0.575605,0.2387234,0.46463668
4710,1871,3.800415,0.39168745,0.011748612,0.017454922
4711,3063,47.29705,0.545407,0.091291115,0.17779523
4711,4219,79.98439,0.5424379,0.1541474,0.30054373
4712,3187,1.5674438,0.60691774,0.0011154339,0.00336048
4712,5502,43.70725,0.61534333,0.1042465,0.20202419
4713,4352,16.623184,0.5322916,0.038554702,0.07462063
4713,4333,5.763878,0.5387455,0.013853736,0.02781102
4714,4779,2.2789574,0.58769083,0.0025152564,0.0060918033
4714,5332,17.588634,0.5908721,0.039871246,0.0775653
4715,1962,1.0172043,0.5902286,0.0033752844,0.007929519
4715,4793,73.834595,0.60894215,0.18441474,0.36174685
4715,4474,76.69995,0.5930242,0.19030038,0.37216908
4716,4717,1.5368271,0.5719628,0.0030943528,0.0066586584
4716,4718,2.7297707,0.5690468,0.0017467216,0.004576355
4717,4718,1.7772446,0.5722686,0.003526792,0.0076627284
4717,584,188.17664,0.56011117,0.35732132,0.6985327
4718,4716,2.5093803,0.5714651,0.0013889894,0.0038372725
4718,4862,26.134806,0.575836,0.057075057,0.108963944
4719,4695,0.8864708,0.5694305,0.001766324,0.005038768
4719,977,4.9570007,0.572265,0.0110064,0.022877738
4720,6321,24.573666,0.5754619,0.059806626,0.11633805
4721,636,2.1425514,0.57774585,0.004112102,0.008594036
4721,4722,27.982323,0.5830055,0.056562632,0.10758729
4722,6175,245.66643,0.571107,0.4671336,0.91158664
4722,636,28.62116,0.58263487,0.055742647,0.10653376
4723,4052,1.7428474,0.64877456,0.0045153946,0.008254439
4723,1615,17.868534,0.020327985,0.10900496,0.22934058
4724,629,2.1186028,0.4665453,0.0025763065,0.0052191466
4724,3174,30.729782,0.47049958,0.06556994,0.124031976
4725,2728,86.439804,0.44793314,0.22670561,0.43634838
4725,1935,14.642427,0.46644184,0.028611608,0.05539217
4726,6881,1.3787193,0.5888182,0.004017219,0.0086493045
4727,4763,2.2339172,0.60846657,0.0026248246,0.006377071
4727,5916,44.46769,0.6142669,0.10609401,0.20581326
4728,6255,0.9528656,0.6164896,0.004182406,0.008822277
4728,41,25.092302,0.6228437,0.059678555,0.11480653
4729,4734,1.4279938,0.49408573,0.0035462454,0.0075304657
4730,4732,1.5199852,0.48605517,0.004640639,0.009640783
4730,3379,6.9309235,0.49437857,0.016397431,0.032438055
4731,6812,11.497156,0.49919876,0.026768766,0.052614287
4731,4729,1.2420616,0.49689406,0.0037335083,0.008199528
4732,4731,1.3426933,0.49429226,0.003890559,0.008280471
4733,4730,1.3925171,0.48371574,0.0036332011,0.0076439977
4734,2166,7.6075325,0.4986093,0.017821938,0.035261214
4734,4733,1.4411812,0.491394,0.004058741,0.008419171
4735,4733,1.6219788,0.4919243,0.004569337,0.0097168535
4735,3379,10.298096,0.4954155,0.019968428,0.03941229
4736,4304,2.4934578,0.5800019,0.0031504035,0.006957501
4736,2172,89.50285,0.5760811,0.16874632,0.3318438
4737,5393,1.434555,0.5788075,0.0024884865,0.0057950914
4737,5394,25.80436,0.5818131,0.05420786,0.10299155
4738,514,7.8682365,0.6165507,0.017815717,0.03540945
4738,1559,22.857275,0.62057567,0.05335131,0.103581406
4739,5866,2.3142319,0.6037802,0.003918089,0.008878842
4739,4740,43.743366,0.60361075,0.07992375,0.15437649
4740,1079,1.9533882,0.5728291,0.0026031956,0.0058209
4740,4906,19.096067,0.5962671,0.039181754,0.07601709
4740,2058,26.76431,0.5980196,0.05333602,0.10107521
4741,5180,37.658863,0.4677323,0.094199434,0.18230966
4741,5197,24.63215,0.46654165,0.05187244,0.09875501
4742,5448,35.845436,0.6148383,0.07558933,0.14669476
4742,5448,40.08102,0.6124417,0.07811812,0.15061869
4743,4317,2.1820374,0.46250197,0.0030200928,0.006412953
4743,3960,42.28643,0.48051924,0.105357654,0.20417492
4744,2523,1.5983734,0.54412574,0.0023572892,0.0056658387
4744,4746,1.4211998,0.546303,0.004538715,0.009606406
4744,2524,143.63254,0.5394183,0.27767852,0.54080826
4745,5273,1.8676758,0.5477289,0.003155686,0.007066354
4745,2258,8.793758,0.55002195,0.019095056,0.03832364
4746,1129,1.2727814,0.54342806,0.0016100258,0.0037656724
4746,4747,34.289055,0.5505018,0.08750835,0.16862491
4747,5273,8.590599,0.55162,0.020536631,0.0408853
4747,2258,1.9490166,0.5478993,0.0037990063,0.008423924
4748,4873,15.648331,0.34588176,0.03560905,0.06834323
4749,4750,2.0239716,0.56632787,0.0020977631,0.005163133
4749,2799,30.66306,0.56901145,0.061424807,0.11733346
4750,4749,1.8684921,0.56535137,0.0018824339,0.004497692
4750,3207,23.741215,0.56908506,0.048859194,0.093315795
4751,4983,1.7155495,0.6019484,0.004858151,0.00948742
4751,4984,3.3557434,0.60538185,0.0058578774,0.012435123
4752,4631,1.680275,0.57975805,0.0018996,0.0048939884
4752,5195,80.15577,0.58824897,0.20240383,0.39586785
4753,1448,2.6484375,0.55838233,0.0023159906,0.005522698
4753,3874,20.325193,0.5626905,0.048786268,0.095550664
4754,4755,2.3796349,0.6075862,0.0029241666,0.0066773295
4754,6711,23.971678,0.6108912,0.05651622,0.109035775
4755,4754,2.3835793,0.6063189,0.0029257983,0.0070361793
4755,6708,43.928303,0.6130134,0.10687993,0.20972392
4756,6467,1.2465668,0.5554021,0.0021443889,0.0049484074
4756,5671,163.15118,0.5596175,0.44372278,0.8693479
4757,4756,0.9546509,0.5380651,0.003515415,0.0074166656
4757,1452,9.9077835,0.5619426,0.020569384,0.040410846
4758,4228,46.59013,0.6032355,0.073784515,0.14000812
4759,4269,2.0609856,0.57543725,0.004260473,0.009217575
4759,4760,3.0533028,0.5763719,0.0015977398,0.0040914863
4760,4270,54.79208,0.57712036,0.11622743,0.2255113
4761,4062,4.585449,0.5000169,0.0075745285,0.015337333
4761,4089,94.644135,0.5136305,0.13878638,0.27080607
4762,2161,75.41258,0.60735446,0.15515225,0.30591646
4762,2829,30.865612,0.61431617,0.07534881,0.14739078
4763,4762,16.277704,0.6142601,0.036908958,0.07211328
4763,4727,2.1947517,0.6079198,0.0025771856,0.0061347634
4764,6529,12.691088,0.59146935,0.029079907,0.057011038
4764,4779,20.222216,0.5912076,0.046496283,0.09007596
4765,766,143.47392,0.5382043,0.21464592,0.42038944
4766,5484,119.21663,0.5999674,0.29408222,0.5775284
4767,6519,47.188976,0.5649496,0.11464237,0.22303197
4767,4361,18.52454,0.57137376,0.0428434,0.083064064
4768,5920,36.820847,0.5745336,0.08992686,0.17219214
4769,4770,1.923317,0.50072354,0.002161771,0.004665017
4769,718,2.074112,0.5035724,0.0035549477,0.0072659254
4770,4769,1.778244,0.5036153,0.0017697588,0.0036605
4770,719,27.225758,0.5057777,0.0579111,0.11034633
4771,718,1.8882179,0.50000185,0.002039671,0.0044439137
4771,4770,2.0834885,0.5035012,0.0035258383,0.0072072744
4772,3882,1.6322136,0.5047267,0.0024959072,0.0055401027
4772,4771,39.14523,0.504081,0.08001898,0.15234038
4773,968,91.09061,0.5649322,0.17413622,0.34158522
4773,4774,8.372757,0.5660753,0.016992517,0.03381467
4774,261,15.918739,0.5626659,0.032906502,0.06400246
4774,4773,8.701275,0.56397736,0.017727941,0.03496225
4775,755,1.8787689,0.5977155,0.0026861578,0.006255731
4775,1117,28.830147,0.59696835,0.058098726,0.1110813
4775,756,27.19788,0.59655386,0.054647565,0.104790725
4776,1746,9.612923,0.6472368,0.018862039,0.037431553
4776,6679,3.1699371,0.64738584,0.0040374473,0.009249181
4777,1799,43.558327,0.18161619,0.107701465,0.21855882
4777,889,68.98846,0.32072163,0.1572521,0.30879253
4777,1767,3.0635147,0.1104956,0.0067420304,0.0133946985
4778,4643,2.806652,0.5876703,0.0036423057,0.008432016
4778,6916,2.7340317,0.5877192,0.007181339,0.014859721
4779,4714,2.1780434,0.5872012,0.0023548678,0.005856335
4779,4764,20.934116,0.5930137,0.048123132,0.093411244
4780,2453,60.077595,0.5502595,0.16373557,0.31724942
4781,3924,1.7235909,0.6471463,0.0032181367,0.006787166
4781,665,42.617615,0.65109473,0.10246066,0.20033926
4782,2135,7.2177086,0.57277673,0.015150994,0.030076295
4782,4863,19.771639,0.5717253,0.04335461,0.08295243
4783,4784,1.6458473,0.57131386,0.0031551346,0.007229924
4784,4864,1.3290863,0.57092905,0.002744116,0.006233722
4784,2991,13.201418,0.57121044,0.028407544,0.05581084
4785,6392,5.306881,0.039761573,0.033428848,0.0667019
4786,3949,1.6043282,0.5697237,0.0031446815,0.0068371147
4786,5405,79.11751,0.5653232,0.16769892,0.3277371
4787,296,4.69598,0.6601091,0.008443184,0.01699622
4787,3902,1.4624519,0.37458932,0.006134078,0.007417172
4788,1558,229.36292,0.65623593,0.18076947,0.35744148
4788,5487,2.401287,0.65767246,0.0033576414,0.007135555
4789,6680,7.7253685,0.64164317,0.014556408,0.028937683
4789,5684,62.814857,0.64275515,0.11621499,0.23006223
4789,3360,3.6586952,0.6420165,0.0064110085,0.012914687
4790,6371,0.86974716,0.5805981,0.0031867996,0.0071466714
4790,4709,39.64091,0.587334,0.08290075,0.16089033
4791,4324,7.1848335,0.64916277,0.013699643,0.027262509
4791,4191,2.191227,0.64731795,0.0021865368,0.005162105
4792,4791,11.841145,0.64391863,0.023415975,0.046036035
4792,4325,2.1713982,0.6424674,0.002117917,0.005044952
4793,4795,1.9705696,0.6132754,0.0020800605,0.005228445
4793,3262,66.61827,0.6308954,0.1594756,0.3142538
4794,3262,0.9013939,0.5734059,0.001051575,0.0022052675
4794,2393,83.47862,0.64355826,0.150146,0.2973878
4794,4795,64.99953,0.62662584,0.15818352,0.31136817
4795,1962,73.76809,0.60681665,0.18571612,0.36303145
4795,4793,2.0926323,0.61475444,0.0022190213,0.005600184
4796,4329,0.0,0.39364946,0.0021301135,0.0
4796,4173,62.521446,0.39473936,0.21213919,0.33914244
4797,4779,17.423103,0.5907839,0.04074451,0.07899254
4797,5332,1.5033112,0.58947843,0.0016834512,0.003733009
4798,5330,4.340744,0.6038941,0.007971585,0.015776575
4798,6917,115.28644,0.59505415,0.21417572,0.42134738
4798,4228,14.98637,0.6078294,0.030420825,0.059477746
4799,5331,1.730545,0.59511936,0.0022105128,0.0051344037
4799,5330,41.54181,0.60159534,0.079824835,0.15296176
4800,4797,1.0598488,0.5881861,0.0032946542,0.0066915154
4800,4799,25.972208,0.59108675,0.052155077,0.09953957
4801,2756,1.5199738,0.5984938,0.0042990968,0.009104475
4801,4008,49.350594,0.6003348,0.09266868,0.18173096
4802,4801,1.3221474,0.5980532,0.0017221346,0.0042550266
4802,4118,51.31739,0.5986292,0.12433556,0.24278295
4803,7024,20.886097,0.35663253,0.045420174,0.085996464
4803,4804,33.923843,0.35744262,0.09117854,0.16970386
4804,6960,24.315153,0.38971865,0.05924094,0.11341507
4805,1797,39.360416,0.32610768,0.10233797,0.19923553
4806,250,2.5572014,0.35894445,0.007745743,0.014859438
4806,7025,2.2989998,0.3602924,0.0041100383,0.007922843
4807,6478,2.6685295,0.5423211,0.0044476762,0.009362623
4807,5287,42.83485,0.54079086,0.110313006,0.21470079
4808,2067,92.75435,0.53555775,0.17536625,0.33993745
4808,5335,4.367855,0.5391889,0.008358426,0.01720205
4809,2460,1.4262009,0.54411185,0.0019831508,0.004906893
4809,6262,36.242603,0.5462289,0.06858905,0.13055599
4810,5334,0.7578697,0.5403872,0.0005264953,0.0018129349
4811,4812,2.0323296,0.56704956,0.0022286847,0.005134225
4811,4286,21.817987,0.56873894,0.045115586,0.08670145
4812,4811,2.068287,0.5675998,0.0022493452,0.0051036477
4812,3970,24.114874,0.5695109,0.049466185,0.094754055
4813,6891,1.1095734,0.4871814,0.003923297,0.008425221
4813,2533,19.166645,0.48251128,0.041123774,0.07931792
4814,5712,1.3999634,0.5826426,0.004462078,0.009492815
4814,4504,20.832026,0.590478,0.055623405,0.10818659
4815,5301,1.0665703,0.3083741,0.0054045394,0.010269135
4816,6131,25.691734,0.65627235,0.051779296,0.10015026
4816,4817,2.1787224,0.64870906,0.0021578297,0.005283341
4817,6133,3.1737022,0.6484004,0.005362913,0.011254251
4817,4816,2.1451225,0.6494452,0.0020678863,0.0051086843
4818,5748,16.633648,0.5578183,0.032383163,0.063825004
4819,3507,8.5961075,0.55671024,0.020756885,0.040448666
4820,5391,52.228577,0.5547131,0.08766746,0.16590868
4820,4819,27.344585,0.55428153,0.049840633,0.09665264
4821,3926,46.54032,0.60956407,0.09755158,0.18993948
4822,6655,5.9048805,0.6109163,0.014402941,0.028476447
4822,4821,5.3765182,0.6048043,0.008456953,0.017577708
4823,4287,36.82903,0.5683146,0.15829739,0.31391996
4824,1386,2.7731133,0.56789386,0.004209414,0.009250835
4824,3617,123.66385,0.5663513,0.23317981,0.45681334
4824,5616,144.5187,0.55929625,0.27338463,0.532937
4825,7012,1.8496246,0.5747078,0.0035024285,0.0077434927
4826,3920,2.1044693,0.5699472,0.002178818,0.004881993
4826,4913,55.837173,0.56705433,0.116269976,0.22451404
4827,3208,0.050426483,0.55917734,0.007596314,0.015428096
4827,5919,2.3917885,0.5666205,0.005042821,0.010601401
4828,2352,0.9883003,0.50075513,0.0033734068,0.0075137913
4828,2352,39.11267,0.5071064,0.07790396,0.1489428
4829,4652,128.20871,0.5650573,0.2419444,0.47489995
4829,4650,34.158127,0.5698497,0.066623524,0.12948513
4829,4286,33.45552,0.570804,0.065346606,0.12630251
4830,4831,1.6800995,0.56599784,0.0037566945,0.008053154
4830,3515,9.090893,0.576415,0.017518282,0.03492172
4831,7052,5.358185,0.56801015,0.01455567,0.028854609
4831,4830,0.74235916,0.5654194,0.0023696497,0.0056783706
4832,5643,59.809383,0.59151804,0.093001015,0.17931946
4833,8,1.8179588,0.43881223,0.0026837438,0.0054881424
4833,11,95.714035,0.4367358,0.25729382,0.49670547
4834,4835,23.681122,0.3168829,0.051744215,0.09756782
4834,5472,13.175825,0.31481034,0.03162208,0.060537614
4835,5470,0.0,0.057380587,0.0049616024,0.00930582
4836,1841,6.164196,0.5276315,0.012019113,0.02411151
4836,1891,77.38995,0.5233338,0.15029767,0.29293153
4837,2480,0.9958,0.5668236,0.0034056082,0.0072472543
4837,5926,143.83104,0.55452895,0.3001726,0.58478844
4838,3263,2.6810493,0.5662743,0.0019419119,0.004895568
4838,5516,33.083412,0.5699394,0.07063641,0.13571066
4839,3396,13.5880165,0.5735184,0.029215563,0.057225987
4839,3265,24.81076,0.57180995,0.05290026,0.10110759
4840,4841,1.4301033,0.47616762,0.0041199103,0.008801833
4840,533,16.892027,0.48484665,0.03962831,0.07630983
4841,4840,1.3485909,0.4742043,0.00392361,0.008376151
4841,5664,2.7782135,0.4807466,0.007394403,0.014716968
4842,4671,1.2151947,0.47978926,0.003915921,0.008471817
4842,4840,4.7704315,0.4828233,0.012075588,0.02428934
4843,1416,20.464617,0.63459265,0.04875881,0.09475531
4844,4843,31.60717,0.64181805,0.08062123,0.15731925
4844,4843,44.286682,0.64275634,0.08167879,0.15998244
4845,1885,59.140373,0.44868958,0.11846471,0.22966771
4845,3673,23.582941,0.4572519,0.067932665,0.13191958
4846,3249,27.566963,0.60461944,0.077880025,0.15422933
4847,6885,1.4311867,0.5352465,0.0028254092,0.0061023086
4847,5050,12.457941,0.55462676,0.025975198,0.050546706
4848,3895,91.681244,0.49655178,0.23675275,0.459117
4849,4158,22.201403,0.39819038,0.053810585,0.1025407
4849,4158,25.453632,0.39346772,0.055444285,0.10455387
4850,1017,1.6097908,0.56474745,0.0015909895,0.0041137636
4850,1027,12.798723,0.5710078,0.024392776,0.048163563
4851,4853,2.051056,0.54986566,0.0041552633,0.008525625
4851,2463,3.3483086,0.5528089,0.0068728924,0.013911694
4852,4854,1.7650757,0.5337893,0.0025667548,0.005878195
4852,4326,40.818283,0.533579,0.08689839,0.16698001
4852,180,22.298054,0.5340104,0.046916045,0.089319795
4853,2463,1.5417786,0.54983604,0.003332004,0.007073581
4853,6831,21.131435,0.5532733,0.046461392,0.08925011
4854,4852,1.8891029,0.5347835,0.002713479,0.0060138255
4854,4277,93.29033,0.53997105,0.20180804,0.39143866
4855,4853,1.7478256,0.5480085,0.0036177933,0.007849574
4855,1489,3.5257225,0.5560589,0.007440895,0.015486628
4856,1843,30.315638,0.4778945,0.09185864,0.18078287
4857,4858,3.1668968,0.44577402,0.0034240931,0.0072962046
4857,2315,6.313019,0.45363298,0.018736057,0.03654526
4858,4857,3.2174606,0.44841334,0.003569238,0.0076787323
4858,4159,1.4880562,0.44333363,0.007107362,0.013499603
4859,4860,2.4159431,0.31834054,0.0044257864,0.008423671
4859,272,35.51076,0.3231137,0.118228555,0.23040742
4860,4859,2.5975266,0.32283884,0.0047403276,0.008853525
4860,5471,25.286465,0.3141237,0.07354654,0.14194545
4861,4806,2.4904823,0.35953897,0.0045420453,0.009097189
4861,6447,1.9079285,0.3583996,0.004226312,0.008046985
4862,4782,1.88097,0.57084787,0.0038618147,0.007976592
4862,2134,199.06274,0.5641798,0.41541418,0.8100636
4863,4783,1.4338684,0.5713152,0.0023749769,0.005430177
4863,2990,22.880198,0.5697894,0.046584483,0.088769734
4864,4863,1.8246384,0.5708867,0.003553085,0.0075258166
4864,2135,22.867828,0.57369256,0.050676398,0.09716933
4865,3894,2.5015717,0.56487894,0.0034164786,0.007840559
4865,4838,138.38742,0.5557293,0.2869774,0.55748934
4866,4186,12.771475,0.5462444,0.027249664,0.053480163
4867,2184,7.68486,0.46356377,0.018502496,0.036570072
4868,5200,5.634968,0.44594714,0.012681767,0.02526252
4869,3364,1.6226997,0.616398,0.0031531453,0.0059418976
4869,4231,49.964817,0.019613653,0.36794773,0.7748703
4870,4871,0.5830574,0.21609676,0.0011352599,0.0028283
4870,2861,42.675327,0.56551766,0.11228634,0.2159337
4871,4870,0.5091286,0.22887442,0.0019307137,0.004587993
4871,424,12.882547,0.56864375,0.027121581,0.05300671
4872,2567,9.1446,0.6066184,0.018381462,0.03633569
4873,6929,3.2577705,0.3420881,0.004149124,0.008577138
4873,689,21.142878,0.3441608,0.05059972,0.094978325
4874,4875,0.90192795,0.55180025,0.0033663288,0.00717248
4874,2527,1.8410187,0.5588372,0.0026756376,0.0059883296
4875,2525,1.3276901,0.552449,0.0014756247,0.0031929016
4875,2259,33.777683,0.5562569,0.08464884,0.16280648
4876,4877,1.4333954,0.5258399,0.0042958707,0.008704141
4876,1164,34.325256,0.52926844,0.10510736,0.20673406
4877,4876,1.1645889,0.5223133,0.0038201064,0.007746339
4877,2710,15.824657,0.5285715,0.04117585,0.08017893
4878,1918,1.3455734,0.52085114,0.0045072585,0.0092448145
4878,1523,35.237404,0.5199759,0.11438078,0.22466739
4879,4880,2.9371796,0.55970377,0.0064324364,0.013048038
4879,3181,106.631485,0.5548121,0.22138372,0.43195266
4880,3394,62.924706,0.5555395,0.13543242,0.26363194
4880,4879,1.5175629,0.5543439,0.0028034002,0.006294504
4881,4882,53.26838,0.5453136,0.10090894,0.19588013
4881,4885,2.9158592,0.5487779,0.005425766,0.011458784
4882,4884,1.3456154,0.545537,0.001646556,0.0041393638
4882,4883,15.433914,0.54635906,0.032231674,0.06292062
4883,1557,1.4904785,0.5518257,0.0019851178,0.0045042783
4883,1111,78.36277,0.54830664,0.15055725,0.29484805
4884,4882,1.3084564,0.5451662,0.0014113709,0.003497228
4884,4881,53.121872,0.5494131,0.10196359,0.1986035
4885,1111,61.83342,0.54900587,0.12026946,0.23555422
4885,1110,115.23213,0.5446098,0.22088349,0.43174124
4885,5545,142.86586,0.5439737,0.2740635,0.5345553
4885,4881,2.9054413,0.5463283,0.004989177,0.010575175
4886,4234,14.574547,0.57755446,0.030039717,0.05893825
4886,5064,71.86451,0.57461995,0.13751447,0.26908615
4887,6601,1.890995,0.55103326,0.0029535815,0.0059132427
4887,3766,45.146893,0.021582961,0.23310286,0.4910431
4888,902,1.675827,0.52683955,0.002592802,0.005994007
4888,2602,129.73447,0.519741,0.25286064,0.49178475
4888,6410,37.35112,0.5231859,0.0731435,0.1403399
4889,552,1.7091522,0.5434021,0.0034015328,0.007720813
4889,897,52.707123,0.5395231,0.111089185,0.21538533
4890,4991,160.47299,0.54026616,0.3874184,0.7544756
4890,5992,3.2629547,0.540484,0.0070855767,0.0148357
4891,5793,2.4474106,0.5419026,0.001950331,0.0047238916
4891,5006,3.6806107,0.5455802,0.008122601,0.016693085
4892,897,2.6518974,0.54206216,0.0014267042,0.0038041472
4892,4889,52.60806,0.5474891,0.1097624,0.21144588
4893,898,1.5961266,0.5416888,0.0020828322,0.0048597753
4893,3500,34.271126,0.5411354,0.06756299,0.13117263
4893,5815,21.06636,0.5394151,0.046430636,0.08920272
4894,4892,3.2676773,0.5390679,0.002025552,0.0052577406
4894,3765,16.742,0.5446853,0.03673766,0.071707524
4895,564,1.4761848,0.53994095,0.0022408515,0.004979551
4895,4891,62.92861,0.54078496,0.1330577,0.25768003
4896,618,56.739986,0.55149156,0.10927177,0.21243252
4897,860,30.223764,0.58332586,0.062152512,0.11827093
4897,862,1.3857574,0.5577001,0.002517663,0.0057525486
4898,5137,1.8557968,0.57910776,0.0032323375,0.0073520243
4898,5718,1.6501923,0.576646,0.0030086562,0.006957531
4899,863,23.60159,0.5785973,0.049666815,0.0954656
4899,4900,1.5798454,0.57355297,0.0028331876,0.006434366
4900,4898,1.7493172,0.5761874,0.0027896985,0.0056917667
4901,954,4.45792,0.5732551,0.007019557,0.014188305
4901,953,4.754051,0.5757922,0.01406277,0.02758491
4902,4353,3.0317154,0.53720725,0.0028436854,0.006546408
4902,4903,10.750071,0.53489316,0.023581557,0.046542674
4902,3768,7.2285423,0.5382285,0.015843078,0.031763628
4903,1740,9.065006,0.53741044,0.022072285,0.043558672
4904,4905,2.1774902,0.59624463,0.0023614392,0.0058198124
4904,4653,14.7981205,0.5939392,0.029456828,0.057532996
4905,4904,2.166603,0.59871924,0.002390325,0.0055978745
4905,4907,9.940697,0.5985178,0.019045599,0.037983835
4906,4904,10.330551,0.5987958,0.020029254,0.039849028
4906,4907,2.4662628,0.60042834,0.0029901862,0.0068339854
4907,4906,2.3555183,0.5974738,0.0027798265,0.006724879
4907,1079,20.147842,0.6063128,0.040925186,0.0794833
4908,4909,1.6154823,0.5990775,0.0021481514,0.005260363
4908,2751,15.119993,0.5955513,0.030315012,0.05913113
4909,4908,1.7063866,0.5994796,0.0023865774,0.005805388
4909,3007,22.957975,0.59275484,0.046229087,0.0887124
4910,643,48.71794,0.5689071,0.09322972,0.18156895
4910,3260,59.028973,0.5660208,0.1113973,0.21646275
4911,3821,23.84867,0.57200855,0.05044327,0.09639935
4911,4912,45.646095,0.5691715,0.094879024,0.18266597
4912,4913,3.0468864,0.5693922,0.0029277205,0.007099971
4912,3920,57.414192,0.57204163,0.11771277,0.22872405
4913,4912,3.314251,0.5657674,0.0030288994,0.0068503767
4913,3319,44.110004,0.567174,0.09088138,0.17499362
4914,890,1.8273888,0.58551073,0.0026107207,0.0060361177
4914,5348,75.22089,0.58654517,0.14077237,0.27606666
4915,2390,73.623,0.44588792,0.15061145,0.29039595
4915,2999,2.4753952,0.43995652,0.004463218,0.009024382
4915,4916,2.2829285,0.44024202,0.0043015704,0.008718297
4916,2999,2.8270836,0.44236934,0.0075928792,0.014729813
4916,4915,1.8816986,0.4394254,0.0029592216,0.0062758625
4917,983,5.3467827,0.585023,0.012612447,0.025054932
4918,3929,2.0896797,0.53961897,0.0028843656,0.0068496168
4918,3771,1.5653381,0.030169278,0.010312177,0.019041717
4919,2653,1.6506958,0.52661127,0.0032289177,0.006985247
4919,6610,46.829906,0.5256944,0.08990361,0.172947
4920,2834,40.190323,0.5019186,0.08000429,0.15429664
4920,4923,16.967314,0.509713,0.036021993,0.06978326
4921,1997,33.496017,0.5199258,0.06675779,0.12989514
4921,4922,1.7355156,0.5165667,0.002704747,0.0056757927
4922,4923,1.3434486,0.51289296,0.0017258823,0.0039397776
4922,4920,16.996056,0.51201993,0.036096904,0.07008372
4923,4922,1.4165268,0.51103765,0.0017072335,0.0038815737
4923,4921,2.8760872,0.515105,0.005240649,0.010383889
4924,4948,21.518326,0.5179099,0.05476861,0.106333874
4925,4926,2.4242935,0.46045303,0.004171282,0.0080782175
4925,1258,48.315098,0.47370556,0.095600314,0.18551719
4926,4927,1.9179115,0.45554915,0.0028188527,0.005853817
4926,5193,21.655706,0.45176923,0.047208153,0.09008603
4927,4925,2.1886406,0.46120894,0.0037229434,0.00729461
4927,4926,1.7527008,0.4570856,0.002350539,0.004877284
4928,3079,42.61952,0.6030544,0.08196557,0.16006479
4928,6049,159.91122,0.591156,0.2981052,0.58560294
4928,2609,70.26241,0.60288143,0.13128231,0.25855216
4929,4930,4.47171,0.6025031,0.0064439476,0.0132330805
4929,5610,2.3967667,0.604045,0.0034954995,0.0075822324
4930,3495,11.712692,0.6058698,0.026871666,0.05288306
4931,6222,5.8106804,0.53840935,0.0055479184,0.011854455
4931,4932,5.9627876,0.5387925,0.010326989,0.020854548
4932,243,29.44831,0.5356529,0.07335678,0.14090383
4933,1497,2.220173,0.556741,0.004374981,0.009576231
4933,4934,3.087078,0.5570127,0.0052947104,0.01112847
4933,1496,28.841969,0.5572339,0.061961792,0.11908741
4934,1497,2.208992,0.5551377,0.0039939135,0.008688927
4934,4933,2.876648,0.5555289,0.0047148094,0.0100326985
4934,3018,111.44259,0.55417854,0.22722891,0.44377017
4935,1728,23.350023,0.51681566,0.066026144,0.12710288
4936,4935,17.740755,0.5122984,0.05034354,0.09781288
4936,4935,26.493336,0.50748414,0.05621923,0.1076515
4937,1703,1.6638145,0.5129053,0.003048204,0.006558031
4937,1706,24.648987,0.5105884,0.05287013,0.100632206
4938,3440,4.3418045,0.58289057,0.0084236115,0.01717244
4938,3439,2.4240417,0.5859138,0.0035776868,0.0077706575
4939,4940,1.4406967,0.6205991,0.004907243,0.010966927
4939,6046,10.002747,0.61933947,0.024446249,0.048314914
4940,6045,11.41152,0.61953324,0.023103975,0.045601472
4941,2685,1.2318878,0.52152294,0.0032991022,0.0067240894
4941,2686,9.727493,0.5255848,0.022335574,0.044266418
4942,4943,3.5510101,0.62556255,0.004986532,0.010888487
4942,3347,5.3688545,0.6204795,0.008509994,0.017735273
4943,4942,3.5828514,0.62343764,0.0052657947,0.0110394955
4943,1750,82.20661,0.63653934,0.113974385,0.22582003
4944,5404,1.4216042,0.56703705,0.0029740036,0.0066001564
4944,3242,42.868877,0.57320863,0.081132025,0.15657377
4945,4946,20.206802,0.55158234,0.04247401,0.08283818
4945,5810,1.2456474,0.54347676,0.002407886,0.005962178
4946,928,2.4168892,0.54936606,0.0040652677,0.008748159
4946,5810,19.066576,0.54953516,0.03986228,0.0771806
4947,622,4.025284,0.5572892,0.0074281543,0.015216112
4947,846,90.43222,0.55843276,0.17131928,0.3358279
4948,5905,66.50906,0.5104136,0.18081264,0.3507986
4949,4948,2.3326569,0.5203961,0.0064858347,0.013098806
4949,1515,47.271595,0.51113695,0.092622474,0.18030035
4949,2358,9.619835,0.51786864,0.019479379,0.038452163
4950,4951,3.1729965,0.52158195,0.00578738,0.011487767
4950,1355,26.387915,0.51928765,0.054473344,0.10406594
4951,544,27.934525,0.5229144,0.06147918,0.117351726
4952,1623,44.571342,0.4008,0.08331376,0.15752229
4953,4954,0.4558792,0.054220974,0.0025305003,0.0049406886
4953,2039,28.71949,0.23983485,0.0724638,0.13680084
4954,4955,2.405758,0.27485007,0.006861426,0.012507752
4954,3980,38.053593,0.20759842,0.094564795,0.18855959
4955,2046,1.0530968,0.11601797,0.003749825,0.0073830187
4955,4957,52.25227,0.25436532,0.115558214,0.22649375
4956,4538,1.8149757,0.21120414,0.0039146543,0.0072703063
4956,4538,33.43143,0.25099492,0.07724913,0.1466879
4957,4956,1.95615,0.26100072,0.0056844503,0.01049915
4958,2055,1.6412201,0.32250422,0.0035271049,0.0068894923
4958,3452,51.20208,0.32740378,0.1103857,0.21132833
4958,4959,22.270437,0.3153828,0.05338069,0.10024737
4959,2039,1.7143974,0.30113965,0.003712505,0.007047832
4959,4954,29.236876,0.28912544,0.072343454,0.13586827
4960,1186,133.79419,0.58006406,0.19203241,0.37875408
4960,1185,13.842026,0.58475643,0.025211409,0.049497038
4961,4403,30.359951,0.55658346,0.06053002,0.115913376
4961,651,30.965214,0.5600704,0.061762635,0.11821741
4961,649,27.2691,0.5525127,0.055618066,0.105312005
4962,4914,1.3326797,0.58328426,0.0021056458,0.0049112737
4962,3480,80.814835,0.5784959,0.1534472,0.30068025
4963,4962,1.7635231,0.5826918,0.002654761,0.005548656
4964,6128,1.652565,0.40660185,0.0028009266,0.0054120272
4964,5068,29.124989,0.062509954,0.08799783,0.17735827
4965,1113,81.26161,0.60840046,0.15026698,0.2959149
4965,4967,17.898705,0.61219776,0.036816787,0.0710532
4966,4967,1.3903923,0.6100547,0.001840122,0.004459068
4966,4965,17.940722,0.61331105,0.03724782,0.07223613
4967,6227,1.9007416,0.6127472,0.002747357,0.0063273013
4967,4966,1.5240517,0.60941786,0.0019198135,0.0045349747
4968,1040,3.1227455,0.5961524,0.005326502,0.011135712
4968,998,39.431053,0.59659904,0.0760304,0.14864726
4968,4969,3.819809,0.5947636,0.005797066,0.012245655
4969,1040,4.506012,0.5964765,0.008237138,0.016815811
4969,828,42.22241,0.59603775,0.08097084,0.15869637
4969,4968,3.67239,0.59497404,0.005474828,0.011667103
4970,2888,21.334324,0.480908,0.046042714,0.0882305
4970,6511,59.024536,0.47954637,0.12924808,0.25066462
4971,7031,27.92204,0.48738167,0.05770596,0.110078774
4971,847,57.748528,0.48821732,0.12677051,0.24683934
4972,3332,56.999123,0.57258326,0.11817806,0.23158349
4973,5298,109.558205,0.57381916,0.23398027,0.45670718
4974,6276,1.8128471,0.5710889,0.0038394108,0.00880304
4974,4973,7.864727,0.57294184,0.0082129985,0.017571822
4975,3600,1.4219284,0.575103,0.0014340356,0.0036083907
4976,3116,5.621441,0.04057631,0.023636483,0.046342462
4977,6725,1.1991692,0.5654266,0.004032284,0.008107156
4977,6880,76.15193,0.5563383,0.16252968,0.3157388
4978,1957,1.4032707,0.5323285,0.0018582642,0.0045517087
4978,2628,185.97733,0.51857346,0.3644063,0.70850706
4978,5278,48.975533,0.5360724,0.11999253,0.23381719
4979,1391,1.4104538,0.52945495,0.0019873157,0.0041849166
4979,4978,48.195633,0.5317519,0.11959999,0.23371904
4980,203,1.4315948,0.5256937,0.002944596,0.006330952
4980,4979,27.477413,0.5268482,0.06823861,0.12993525
4981,4980,1.4251709,0.52831805,0.0047538206,0.009834275
4981,6516,53.026592,0.5315246,0.05981269,0.11154403
4982,4751,1.7566872,0.60578454,0.0048982054,0.010300428
4982,4984,4.2179146,0.59651065,0.0066462904,0.013560489
4983,6716,0.0,0.028913736,0.0029575825,0.005928546
4984,664,81.84151,0.60390866,0.15468265,0.30575114
4984,4983,3.0381355,0.6059792,0.0048364475,0.010005206
4985,5735,9.592739,0.59060633,0.02263008,0.044672012
4985,2741,5.45681,0.593667,0.00923273,0.0191575
4986,6625,1.785492,0.60057473,0.0030967146,0.0073678046
4986,738,19.382647,0.601973,0.041466434,0.08071324
4987,5862,1.9246216,0.5926043,0.002933219,0.006463632
4988,6935,2.8430634,0.6057633,0.0024145693,0.005544618
4988,5744,54.460537,0.6157119,0.11286454,0.22157627
4989,439,3.138237,0.59800005,0.007683754,0.015791804
4989,6189,5.1082115,0.597074,0.0121170655,0.02452001
4990,3705,1.9537735,0.5967008,0.00255467,0.0057488233
4990,5704,37.00339,0.5990758,0.091220014,0.17466885
4991,6942,0.24420547,0.10919577,0.003633216,0.0070256293
4992,1610,2.430767,0.52773875,0.007961802,0.01637125
4993,4994,2.4484406,0.54593545,0.0018183962,0.004075542
4993,4995,49.003235,0.5480006,0.1031386,0.19919583
4994,4993,2.9611168,0.54351485,0.0028884262,0.006523326
4994,2060,6.775585,0.5486118,0.015059881,0.029973343
4995,4186,2.631466,0.5472364,0.0016009137,0.0042752177
4995,3531,17.082281,0.55366474,0.037634343,0.0738482
4996,2060,1.4964333,0.5482691,0.0018245205,0.0043972433
4996,4993,6.2561264,0.54892147,0.013765216,0.027703017
4996,5883,38.638176,0.54955226,0.074590325,0.14503926
4997,3879,1.5106049,0.53371805,0.0026953146,0.0064573735
4998,5001,1.212246,0.49553022,0.0022648126,0.0049779713
4998,6361,28.870787,0.4856194,0.07164744,0.1365277
4999,4998,1.0535698,0.48749936,0.002585277,0.0060614347
5000,4999,1.4119148,0.49653843,0.002772525,0.005474478
5000,3512,137.16202,0.5352012,0.29626152,0.5742787
5001,5000,0.93823624,0.48256335,0.001863949,0.0047039986
5001,3740,30.472939,0.5000587,0.06549778,0.12453498
5002,4282,0.91897964,0.5645831,0.0033203736,0.007106036
5003,4086,25.154692,0.5857315,0.05495848,0.10601746
5003,6847,1.8996735,0.57561666,0.0029616281,0.0066346377
5004,5962,10.099148,0.53036517,0.020442136,0.04057406
5004,1346,6.6640015,0.5291977,0.013303697,0.02661112
5005,1253,1.8003006,0.51885664,0.0036776885,0.007959142
5005,1276,31.407013,0.5168779,0.06336822,0.1214793
5005,1203,34.85723,0.5138114,0.075442165,0.14626318
5006,5007,2.7614021,0.54211813,0.0018975139,0.0029148608
5006,901,5.377224,0.54574084,0.011618592,0.0231435
5007,5006,2.769287,0.54369,0.0019181594,0.0029942393
5007,5793,3.9995956,0.5452539,0.0084714,0.017541394
5008,3632,1.9077187,0.6102245,0.0035005137,0.007056877
5008,5,14.392435,0.023303062,0.07078897,0.1513036
5008,682,46.514248,0.61506027,0.09782762,0.18690763
5009,6656,27.163029,0.606946,0.07704136,0.15354964
5009,7054,3.1444283,0.6052877,0.0058571175,0.012178555
5010,5011,2.629547,0.6570883,0.0031896979,0.0075313
5010,3709,92.5917,0.65635,0.12791078,0.25379568
5011,4632,4.1089554,0.661264,0.008328512,0.016356364
5011,2235,28.581367,0.65257555,0.048572287,0.09609932
5012,1651,4.910118,0.58463585,0.007898606,0.01620932
5012,375,4.157421,0.5790936,0.010516226,0.021131858
5013,5014,1.6589012,0.4358179,0.0052410886,0.010220259
5013,1781,125.81129,0.45405975,0.2584469,0.49809903
5014,5013,1.3997574,0.43259054,0.004816726,0.0096117705
5014,768,58.74229,0.45076662,0.19576932,0.3782531
5015,1456,61.385212,0.45772156,0.12240524,0.23799625
5015,5072,1.9201012,0.46861967,0.003698945,0.0077492
5016,626,1.9689789,0.49389452,0.0024735183,0.0054923
5016,6284,29.558767,0.491059,0.06172821,0.11726309
5017,5018,1.1008453,0.62953776,0.002965495,0.0062387288
5017,3870,71.041275,0.63277256,0.13024694,0.25864002
5018,5017,1.288681,0.63725215,0.003730692,0.007944778
5018,5655,12.84519,0.6341016,0.033583328,0.06554293
5019,5020,2.3049164,0.3438932,0.0036777481,0.007387474
5019,714,16.96551,0.33766854,0.04145838,0.07911687
5020,5019,2.0436134,0.34474322,0.0030032992,0.0058151037
5020,1906,77.44525,0.38297153,0.21888837,0.42096028
5021,3985,2.0613976,0.5386359,0.0030963868,0.0067833364
5021,3048,31.508665,0.5384462,0.06293675,0.12133509
5021,5022,33.755215,0.53986037,0.06676088,0.12816069
5021,5285,59.443077,0.5399267,0.11518763,0.22499473
5022,5283,1.4832344,0.5375774,0.002158083,0.004744172
5022,3047,29.670563,0.5392827,0.07316764,0.14113438
5022,5021,34.286423,0.5405615,0.068255536,0.13108777
5023,5238,1.3882828,0.57547766,0.0022315308,0.0052864105
5023,6347,27.631424,0.57317483,0.058503266,0.11166774
5024,5546,3.1302261,0.59446,0.005137831,0.010562018
5024,63,76.87032,0.5959152,0.08608329,0.1652243
5024,65,2.4428024,0.5872575,0.0036362112,0.008039117
5025,2423,2.6646004,0.34957603,0.0058820024,0.011108652
5025,4548,6.069031,0.0773361,0.015419506,0.030674681
5026,2140,175.40695,0.48956752,0.35017666,0.6776146
5026,3733,8.246643,0.48755375,0.01729007,0.034018353
5026,6067,8.541019,0.48687738,0.01798524,0.034957618
5027,6830,32.10996,0.43142205,0.06894501,0.13049063
5028,6730,1.6553459,0.4286201,0.0050552115,0.009983987
5028,5029,22.455591,0.4217353,0.050718248,0.09634014
5029,1952,1.5889816,0.41512358,0.00522124,0.010224193
5029,3524,7.832119,0.41498512,0.017661713,0.034307227
5030,5031,2.0881195,0.6426785,0.0029504597,0.0067537576
5030,3923,79.325775,0.64073884,0.19400854,0.3817454
5030,5109,50.536003,0.64622414,0.09549411,0.18663685
5031,5030,2.1766167,0.6443576,0.0030165836,0.0069430172
5031,1192,243.34311,0.6334787,0.44690883,0.8773085
5031,2707,145.48633,0.6354213,0.3607475,0.71034676
5032,505,1.7671089,0.6341992,0.0031053573,0.00707151
5033,5032,1.4819489,0.6407592,0.00280042,0.0065951347
5033,5851,94.45056,0.63886845,0.19468595,0.38418415
5034,5033,2.1606293,0.639024,0.004383832,0.009031296
5034,3421,49.352432,0.6428524,0.10138846,0.19855121
5035,721,18.08443,0.5057255,0.043635495,0.08423626
5035,2136,26.804321,0.49799243,0.053383056,0.102672055
5036,5609,1.5864792,0.60934055,0.004677981,0.009761155
5036,737,36.59407,0.6048763,0.058951512,0.11296369
5037,5040,1.0313759,0.6067244,0.0032451302,0.0070699453
5037,4657,31.523182,0.6126288,0.068925545,0.13469672
5038,5037,1.7359276,0.60905814,0.0037236288,0.008139521
5038,5079,35.60263,0.6117445,0.08722083,0.16887459
5039,5038,0.82466125,0.60541344,0.0033816919,0.006944984
5039,4077,16.597546,0.6123765,0.035300594,0.06891367
5040,5039,1.7020988,0.61006296,0.0034051612,0.007505566
5040,3494,15.747896,0.6095068,0.03626565,0.07063176
5041,5210,2.0298615,0.59982914,0.0043448657,0.009026483
5041,3809,58.431503,0.59776247,0.1485666,0.29232585
5042,5041,0.9294281,0.60312116,0.0038962439,0.008561358
5042,4025,21.466963,0.6056804,0.046852313,0.09128823
5043,6754,1.9482574,0.61457443,0.0058981553,0.011901632
5043,2763,16.222794,0.6130087,0.034751482,0.06793181
5044,4611,1.6271095,0.5686501,0.0045040622,0.008758321
5045,1974,20.97853,0.33910388,0.052383337,0.099160165
5045,1974,24.788612,0.3370404,0.05533023,0.10489958
5046,5047,0.49277878,0.57676125,0.0023523495,0.0053105205
5046,4405,54.373657,0.5740834,0.11544898,0.22346523
5047,5049,1.5156898,0.5762574,0.0030541345,0.006756276
5047,4660,27.881134,0.58750343,0.067496344,0.13005464
5048,5046,1.1439552,0.57060325,0.0022678152,0.0046649873
5048,1406,27.882828,0.5785599,0.0695778,0.13479276
5049,5048,0.6888313,0.55433416,0.0026710927,0.005130306
5049,3853,100.71775,0.5907672,0.20795494,0.40615153
5050,974,35.2367,0.55905306,0.06881362,0.13474965
5050,6885,12.009554,0.5538186,0.02482199,0.049097076
5051,2657,99.01451,0.5281589,0.19405943,0.37743822
5051,6179,6.858921,0.52676314,0.013358712,0.027017176
5052,2377,3.168438,0.6069774,0.0052052215,0.011250123
5052,5053,5.187084,0.6058148,0.008105427,0.016787618
5053,6799,30.425371,0.6042081,0.061551336,0.11793652
5054,3671,9.881172,0.5305615,0.020336226,0.040287852
5055,4655,10.1688385,0.5958742,0.021713778,0.04248707
5055,4655,18.94313,0.5933801,0.024966754,0.049449205
5056,4470,1.7085686,0.5068362,0.002019979,0.0046110004
5056,3961,152.4921,0.5034634,0.4021166,0.7815614
5057,5239,4.5182724,0.5698575,0.008273587,0.01708953
5057,5058,88.9847,0.56365955,0.16964439,0.33183008
5058,2931,1.5729599,0.56787515,0.0023468658,0.005580306
5058,5057,88.967415,0.56461036,0.16909128,0.33099282
5059,5348,1.541111,0.59147877,0.0017641112,0.004411027
5059,890,74.444214,0.592479,0.14270508,0.2810266
5060,5826,19.879951,0.546312,0.05011578,0.09702631
5060,3708,40.82639,0.54807496,0.1322798,0.2576452
5061,2528,0.54593277,0.56869876,0.0026353374,0.005643904
5061,5849,164.40723,0.5658568,0.3148629,0.6144336
5062,121,55.520958,0.53952724,0.116102256,0.2272747
5062,6078,7.729519,0.53860426,0.016797625,0.033625573
5063,43,2.4730682,0.6471689,0.006247826,0.013426274
5064,2528,103.00841,0.5704215,0.27185786,0.5297741
5065,2838,124.52304,0.5717577,0.30885202,0.60273105
5065,710,57.011147,0.57892746,0.10903986,0.21120569
5066,2569,8.89669,0.64651245,0.024238355,0.04767801
5067,3701,1.5865021,0.52219224,0.0021512583,0.0048243403
5067,6703,98.04683,0.51657075,0.21442038,0.4150939
5068,5069,3.7864685,0.41941053,0.002831459,0.00738585
5068,3975,9.270782,0.059120536,0.022814281,0.045391753
5069,5068,2.755127,0.41905737,0.0015370473,0.0048359632
5069,6128,28.007116,0.04241821,0.08657849,0.17645176
5070,2050,2.1142044,0.4010494,0.0035008043,0.00605236
5070,5071,38.354824,0.082135916,0.11927561,0.24912387
5071,2034,27.179058,0.37334222,0.062204815,0.115103774
5071,2467,2.6734352,0.36812478,0.0054163784,0.010482684
5071,3978,38.190742,0.10249373,0.115841255,0.23941416
5072,6286,1.8067703,0.4751081,0.0036049336,0.0077444017
5072,6285,34.210197,0.4804781,0.071962774,0.1360166
5073,4052,60.897938,0.6514152,0.120547906,0.2387061
5074,5534,19.705683,0.59813744,0.046721764,0.09082834
5074,298,24.641064,0.5956454,0.059520528,0.11462625
5075,5074,1.3792992,0.59127975,0.004517518,0.010093838
5075,5192,22.400555,0.5962124,0.0543549,0.10519369
5076,4985,41.738464,0.58459496,0.105522186,0.204626
5076,2181,30.622238,0.58717066,0.06075617,0.11628041
5077,6391,0.008216858,0.41244474,0.0,0.0
5077,1001,6.576954,0.5680367,0.014175221,0.028661713
5078,5077,1.8470001,0.56564295,0.0036864504,0.007724449
5078,6623,26.94602,0.5707798,0.065619245,0.12757343
5079,6129,7.0853043,0.6106544,0.016806044,0.03355907
5079,5080,2.329071,0.60981333,0.0027787238,0.0066393763
5080,5037,34.089073,0.61470634,0.08541044,0.16472419
5080,5079,2.1236305,0.60978687,0.0025199652,0.0060892254
5081,2736,1.7531776,0.6009849,0.0034034327,0.0076856166
5081,2737,15.929926,0.6079615,0.034468926,0.06746707
5081,2764,35.397446,0.6028474,0.06944564,0.13508701
5082,5083,1.8140564,0.6059206,0.0036305264,0.0077174753
5082,5630,1.606842,0.6044678,0.0029818118,0.0066566914
5082,4986,133.61292,0.6030817,0.20043914,0.3951489
5083,3406,58.872124,0.6058258,0.08911274,0.17324358
5084,3751,1.4442558,0.5623592,0.0031017587,0.006599024
5084,1403,12.267391,0.57247317,0.02792558,0.054730654
5085,5086,0.0,0.091953784,0.0012203455,0.0023391098
5085,4422,1.6992912,0.60589474,0.0023578554,0.0052666366
5086,5088,1.6912079,0.6086823,0.0034363046,0.0069829077
5086,3652,24.166393,0.6109629,0.058749594,0.11394567
5087,5085,1.3935547,0.6106682,0.002600208,0.005533114
5087,1883,31.574574,0.60872835,0.077969015,0.15355626
5088,5087,0.5894165,0.23115665,0.0029386505,0.0061549544
5088,3862,62.92,0.6095005,0.13061585,0.2569331
5089,3684,1.7150841,0.63531786,0.0028986558,0.006506413
5089,5090,0.5146408,0.6255653,0.005474709,0.01061815
5090,5092,2.3521118,0.63865,0.0044915974,0.00894399
5090,1423,25.830103,0.6464319,0.07366153,0.14314833
5091,5089,2.363182,0.6432329,0.004224293,0.00901942
5091,4844,1.5466576,0.6371093,0.005008884,0.010439962
5092,5091,1.1502914,0.63534087,0.003840439,0.0083424
5092,6758,41.669544,0.6428031,0.07859613,0.14960963
5093,2763,2.0414124,0.61050135,0.0030227974,0.00696525
5093,6754,16.041918,0.61274815,0.034881447,0.06884191
5094,5757,2.058281,0.58041096,0.0030676723,0.0066892654
5094,1569,36.583908,0.5774267,0.089850895,0.17093194
5095,2252,104.660614,0.5373659,0.20096532,0.3916769
5095,1847,24.218376,0.54120463,0.06035901,0.117049985
5096,453,133.07239,0.5806303,0.194797,0.38477755
5096,6862,23.16386,0.58848506,0.049923975,0.09586227
5096,442,79.67292,0.5874693,0.16428335,0.3221775
5097,4061,12.06266,0.5628027,0.025945432,0.051344186
5097,3033,1.9132729,0.56390905,0.0038116947,0.008523047
5097,5785,1.6321678,0.559718,0.003229335,0.007155955
5098,5907,28.099712,0.6490689,0.08135198,0.15884984
5099,5101,2.0971642,0.6181112,0.005249582,0.011295781
5099,5100,1.7273598,0.61843514,0.003790751,0.008309349
5099,2231,199.6632,0.62408423,0.39398494,0.77522
5100,5099,2.097313,0.6174308,0.0047385767,0.009680197
5101,6232,54.912357,0.03812477,0.3935095,0.81602436
5102,5103,2.0537071,0.43768734,0.0031252578,0.0062978268
5103,5102,2.1555023,0.4378245,0.003633827,0.0072125196
5103,4661,20.437904,0.44702053,0.044192303,0.08451366
5104,1585,34.558502,0.52442104,0.0742425,0.1440218
5104,907,9.8161545,0.52467513,0.021497086,0.0425165
5105,3425,3.6948166,0.5292414,0.0024665296,0.0058469772
5105,3426,2.788826,0.5323192,0.0065934956,0.013807908
5106,3700,100.03644,0.5395977,0.19615415,0.3824429
5107,5622,1.6598167,0.571683,0.0032133907,0.0070994794
5107,4824,103.258095,0.56797904,0.19519246,0.38252735
5108,6844,3.1847687,0.5704058,0.0061802864,0.012902021
5108,5107,1.6690292,0.57036316,0.002393879,0.005304292
5109,5030,50.304405,0.6469729,0.09556551,0.18765432
5110,5975,1.1749153,0.53100634,0.0016805977,0.0041088164
5110,1609,25.135073,0.5283149,0.05276497,0.10100706
5111,1571,1.788208,0.52762616,0.0024207085,0.005304441
5111,1610,30.068802,0.52740425,0.061056886,0.11747585
5112,6987,1.8986816,0.5621291,0.0019382387,0.0044795275
5112,3546,74.98129,0.5660911,0.1430668,0.2802886
5113,6564,2.750927,0.56092143,0.0022492558,0.0053705126
5113,596,24.512497,0.5712618,0.054346193,0.10388786
5114,6887,0.20130539,0.019516408,0.0012038723,0.003628865
5114,1361,0.8846779,0.53403234,0.0019386262,0.004909754
5115,5114,1.3629456,0.5458338,0.0021850169,0.004891902
5115,5114,1.5874062,0.5468855,0.0026157796,0.005908221
5116,6964,1.5080795,0.584866,0.0031716004,0.0069132894
5116,808,112.43963,0.57891625,0.23895654,0.46707267
5117,637,37.225487,0.58282983,0.07724336,0.15099286
5117,5118,80.5184,0.57939625,0.17099887,0.3341385
5118,636,1.6721191,0.5817663,0.0023730993,0.0057014823
5118,5119,0.31043243,0.26427343,0.00080034137,0.00210087
5118,810,91.42863,0.5792246,0.17274877,0.3391545
5119,5120,1.5716476,0.5774442,0.0034689978,0.0073509216
5120,4721,2.0450478,0.58380765,0.0032522827,0.007356301
5120,6457,27.159714,0.58651835,0.05859396,0.11207124
5121,3641,33.144337,0.56997895,0.06486763,0.12615514
5121,3867,26.523148,0.56790763,0.054231104,0.10324034
5121,3867,24.369564,0.5674669,0.05042212,0.09616259
5122,2598,42.784813,0.59126174,0.08285816,0.16105562
5122,2802,31.105364,0.5940286,0.07632773,0.14746305
5123,432,1.5860138,0.55227345,0.0031782016,0.006728649
5123,5122,26.002096,0.5945975,0.06291261,0.1221848
5123,6861,38.526962,0.5936923,0.080468416,0.15805718
5124,803,2.4440193,0.58626634,0.0029472783,0.006476149
5124,5123,85.09773,0.58869743,0.21672583,0.42621738
5125,2137,1.823616,0.50125796,0.0020847172,0.0047015697
5125,3914,95.70213,0.492045,0.2504642,0.4838813
5126,1096,14.285772,0.58445394,0.0304147,0.059589364
5126,2568,2.095436,0.5814656,0.0038968995,0.008576855
5127,2745,94.13217,0.57753855,0.2431486,0.4776389
5127,5126,6.9243355,0.5839369,0.017328829,0.03469877
5128,5129,1.1288414,0.56231534,0.0020027384,0.0042450875
5128,1089,77.85755,0.58082765,0.15975292,0.31358543
5129,1453,53.436584,0.5760815,0.11446324,0.22306967
5129,5130,1.8374367,0.575682,0.0036821961,0.007977277
5130,5131,1.4849205,0.57759386,0.003055282,0.0066720247
5131,1551,11.418886,0.5795263,0.023858435,0.046636418
5131,5128,2.7843132,0.5787385,0.005989261,0.012255982
5132,6528,18.004406,0.59569633,0.04098557,0.07972446
5132,6522,1.7970772,0.5925129,0.0042339265,0.009016201
5133,519,2.0201836,0.43243843,0.0031368583,0.0063115805
5133,4702,36.506977,0.43182623,0.082123466,0.15717506
5134,5135,1.8669205,0.6148261,0.003435351,0.0074213594
5134,30,87.24681,0.6183189,0.18178707,0.35761088
5135,5657,1.9371452,0.6163255,0.003506042,0.0076116025
5135,3294,64.32268,0.6181278,0.13317978,0.26209477
5136,4178,86.42195,0.57613766,0.16530061,0.3255703
5136,5718,26.993652,0.5810362,0.054212507,0.103706785
5137,5136,25.627014,0.5769073,0.05265802,0.10077159
5138,2900,1.5786285,0.5615239,0.0021098256,0.0048358142
5138,1010,34.9201,0.5633309,0.06888912,0.13359892
5138,5139,54.487865,0.56265694,0.10508694,0.20485017
5139,5140,9.574337,0.5642152,0.019586168,0.038876608
5140,1008,1.7083054,0.5661844,0.0024684817,0.0054656416
5140,5141,20.24824,0.5734668,0.04221709,0.081947505
5140,1009,36.448242,0.5712856,0.07091778,0.13690591
5141,1003,1.5621033,0.57041216,0.001957111,0.00452587
5141,1008,18.924078,0.5671882,0.03966414,0.07682207
5142,5143,1.5640945,0.5701929,0.0015646964,0.0041085184
5142,5921,1.3721886,0.57165277,0.0046267733,0.010031968
5143,5142,1.3134422,0.56995714,0.001062639,0.003132239
5143,1461,61.683,0.5666122,0.15546967,0.30360496
5144,5647,2.7606277,0.5974844,0.004588194,0.009879917
5144,3485,23.173693,0.016720593,0.05517519,0.11222758
5145,5146,2.1406288,0.568666,0.00255806,0.00610362
5145,5147,4.8231354,0.56032825,0.019593596,0.039443552
5146,5145,2.0467148,0.5684001,0.00241898,0.0058583915
5146,4669,9.845737,0.5615322,0.034308575,0.06833836
5147,5148,2.122963,0.56773573,0.002532728,0.006086707
5147,5919,35.673252,0.560018,0.15455009,0.30230874
5148,5147,2.4135284,0.5681911,0.003163807,0.0073450655
5148,5146,5.146244,0.5616987,0.020026006,0.040204078
5149,5771,26.68253,0.54943097,0.06397263,0.123749666
5149,4474,43.619877,0.57097614,0.10609908,0.20468518
5150,5151,2.7641602,0.64158446,0.002000317,0.004871398
5150,6218,51.582302,0.65633744,0.10520929,0.2068425
5151,5150,2.9590874,0.6413053,0.0021246225,0.005635172
5151,507,150.29092,0.6360696,0.30483085,0.59771013
5152,5593,2.610386,0.4789235,0.0051238686,0.010565549
5152,4970,41.68145,0.48567855,0.088959605,0.17155208
5153,1499,105.7258,0.53578436,0.22538978,0.437097
5154,1134,27.573853,0.54701275,0.06631969,0.12917379
5154,4874,99.88644,0.54543465,0.25977862,0.50809956
5155,1510,146.19055,0.46907744,0.2940976,0.5676504
5156,3000,1.946209,0.4632892,0.003980197,0.008370385
5156,5800,46.021076,0.453247,0.095811985,0.18462716
5157,2450,33.531006,0.5733199,0.066772126,0.12848052
5157,4684,3.8197823,0.5722708,0.0068233535,0.013913184
5158,4684,2.428814,0.57157636,0.00047387183,0.002232343
5158,5157,3.4063072,0.57469183,0.005987376,0.012546271
5159,5158,1.7652893,0.57209057,0.0023892075,0.0056853294
5159,5276,96.15236,0.5669495,0.08982846,0.17404678
5160,5161,1.7115288,0.56848305,0.0016025752,0.003825277
5160,5159,13.860563,0.5720479,0.02823297,0.055181533
5161,1029,1.6402016,0.57225657,0.002253674,0.0051322877
5161,5160,1.6115036,0.5696553,0.0014037117,0.0035927892
5162,5244,2.070057,0.6540572,0.00454966,0.009086743
5162,1421,14.374237,0.0616439,0.058241997,0.12054001
5163,2237,1.5460587,0.65129083,0.004269071,0.009549379
5163,6888,105.94827,0.6555443,0.1566549,0.30430162
5164,2237,7.020439,0.6533304,0.01686135,0.033906907
5164,5163,6.9654617,0.65541583,0.01691363,0.03392726
5165,3528,1.9816475,0.6527734,0.0036339015,0.008440182
5165,5300,1.6814499,0.6474376,0.005011961,0.010852963
5166,5165,3.0644608,0.6558807,0.0058217496,0.012314424
5166,2570,5.805401,0.6482571,0.014350913,0.028670222
5167,4368,1.7094612,0.65020436,0.0027020723,0.00600709
5167,2218,76.350525,0.6563276,0.15671116,0.30987865
5168,5169,1.1354141,0.62559736,0.001135081,0.0023602396
5168,4074,33.58563,0.016677022,0.1848526,0.3953005
5169,3774,0.093509674,0.054601073,0.004239507,0.0079960525
5169,5215,79.87926,0.6185311,0.1482261,0.2931138
5170,5171,1.8656349,0.57824993,0.0021775365,0.005182326
5170,993,26.209175,0.5795556,0.064722866,0.12528402
5171,4084,2.0100021,0.5807432,0.005760014,0.011986837
5172,1554,21.320662,0.5258398,0.05172195,0.10006687
5172,1554,26.312428,0.52567434,0.055041943,0.105728656
5173,6711,2.3209648,0.6069953,0.0042424947,0.009148762
5173,5379,2.0991325,0.61081636,0.0055262595,0.011272296
5173,5650,119.05772,0.60525924,0.24897656,0.48842645
5174,5175,1.6973648,0.5997768,0.0035034418,0.0074979216
5174,6364,41.12499,0.5994834,0.099507995,0.19424522
5175,4691,1.4397278,0.5976529,0.0040443167,0.008688286
5175,5177,35.69465,0.603952,0.07516326,0.1458483
5176,92,1.5553818,0.54431564,0.0028870106,0.0063922554
5176,6093,32.279396,0.5409121,0.06835165,0.13172126
5177,3080,2.4887276,0.59639114,0.0015617386,0.0042105913
5177,5178,13.553642,0.6003526,0.028750993,0.05634649
5178,3889,3.1599998,0.5973754,0.0027872473,0.006719902
5178,6572,9.468475,0.6014229,0.019975781,0.039591283
5179,5369,1.6844711,0.43751755,0.00510899,0.010442391
5179,6317,26.71995,0.43972275,0.06439301,0.12232487
5180,1899,12.104832,0.46524268,0.02839452,0.05554758
5180,4867,15.817059,0.46702388,0.031180546,0.060923696
5180,5515,5.375084,0.46637487,0.008948617,0.017407805
5181,3302,1.5326004,0.5924136,0.005172126,0.010731116
5182,2127,29.241674,0.42921668,0.06630078,0.12432969
5182,2127,30.067749,0.42857862,0.06920995,0.13023537
5183,3674,26.364784,0.44322577,0.054165956,0.10313972
5184,4347,1.5908699,0.57343704,0.0028308406,0.0061341375
5185,5186,2.6984634,0.59704703,0.0035256594,0.007971749
5186,3707,2.3010483,0.59693867,0.005866967,0.012219593
5186,5587,24.095572,0.6004278,0.042892963,0.08347911
5187,6426,78.973755,0.6138836,0.15005423,0.29741526
5187,5093,12.946781,0.61081904,0.026418306,0.051930323
5188,26,1.3873138,0.58847475,0.0020619482,0.004991159
5189,3677,1.7545128,0.5972228,0.005379647,0.011134893
5189,5190,36.0025,0.59422094,0.068564564,0.131854
5190,2789,1.8515358,0.597215,0.0026927441,0.0059507936
5190,5191,3.1920128,0.5960053,0.005318269,0.011223346
5190,5191,44.275898,0.6005921,0.08483472,0.16697904
5191,2790,2.0032082,0.5968722,0.0028913096,0.00652273
5191,5190,44.193142,0.60016334,0.084506206,0.16597591
5191,3369,20.21346,0.60157156,0.041420333,0.08053379
5192,6890,1.2730217,0.59541655,0.0042743087,0.0094690025
5192,6634,2.4357033,0.59707004,0.0029462352,0.0067958683
5192,2314,5.0528336,0.59657097,0.008212194,0.017357245
5193,628,4.6170807,0.43689007,0.0091509,0.018129975
5193,4927,21.538279,0.45026228,0.047149047,0.09000937
5193,5908,39.073418,0.44308713,0.08106195,0.15314835
5194,5868,26.464958,0.56902087,0.053916078,0.10358486
5195,5185,33.31025,0.60204184,0.057668757,0.1103296
5195,5587,47.50151,0.6059818,0.09928122,0.19238898
5196,5328,2.3398209,0.61717284,0.0046276078,0.010117307
5196,6473,374.35083,0.6123389,0.7567115,1.4958541
5196,5327,62.211617,0.6202423,0.14771472,0.28848732
5198,252,1.9180641,0.4496152,0.0042431206,0.008535594
5198,4858,9.310165,0.4541019,0.02631566,0.051012337
5199,5200,2.874897,0.44583744,0.0026961938,0.0060344785
5199,1895,12.744934,0.44844353,0.028387956,0.05484198
5200,5199,3.1874046,0.44364774,0.0036206245,0.007878736
5200,253,29.820599,0.44426662,0.09012676,0.17752121
5201,5202,1.858345,0.5622661,0.004649915,0.00967364
5202,5201,1.8069992,0.5614852,0.0043967813,0.009400368
5202,6088,22.256298,0.5547993,0.12301236,0.24613987
5203,1441,1.9017677,0.45784244,0.0028825477,0.005877897
5203,1837,31.54124,0.45550647,0.06530539,0.123718634
5203,1790,24.991812,0.46313882,0.05678499,0.10738106
5204,1789,1.9751892,0.44442275,0.002782099,0.0056390166
5204,5203,29.396572,0.4519772,0.06691574,0.12675804
5205,1180,1.3951035,0.42388934,0.0030322596,0.0065556914
5205,5589,21.744606,0.57444704,0.048262216,0.09281457
5206,3078,2.023819,0.6047546,0.0023183525,0.005736664
5206,5531,100.79845,0.6124946,0.25275207,0.49817055
5207,5208,16.658134,0.45450404,0.045028992,0.08868213
5207,5208,24.393284,0.44755465,0.050382726,0.095234096
5208,4857,6.773575,0.45436487,0.019663796,0.038262695
5209,284,24.786459,0.60223603,0.051192585,0.09824876
5210,5209,1.7071037,0.5993549,0.002207838,0.0053237528
5210,4065,1.1425629,0.59990627,0.003678836,0.007912561
5211,843,1.3217697,0.56068957,0.004404217,0.009614751
5211,842,70.74104,0.55869025,0.13433659,0.26305586
5212,5211,1.3733444,0.56255186,0.0021180809,0.0046174973
5212,3875,21.709211,0.566844,0.052560218,0.10246459
5213,5215,2.0342026,0.60935974,0.0038505867,0.008517519
5213,3774,80.17566,0.62302166,0.14783463,0.28996956
5214,5213,1.6434212,0.6076492,0.0027960986,0.006436765
5214,6737,27.494408,0.6099611,0.060473226,0.11569717
5215,5216,1.9778671,0.61007786,0.0025179312,0.005873278
5215,4742,34.79277,0.61237204,0.073253736,0.1424684
5216,5214,1.5719719,0.608896,0.0028448775,0.006410986
5217,6451,1.3540001,0.5482966,0.0024759322,0.005911693
5217,5429,49.120632,0.5489415,0.078018546,0.15001225
5217,238,59.285072,0.5469319,0.12513518,0.24532954
5218,7018,18.199852,0.5818971,0.037410863,0.07270604
5218,5221,2.6201897,0.5817234,0.0040897056,0.008599773
5219,855,2.5386276,0.5794768,0.0038582608,0.008356482
5220,5218,2.2053642,0.57533836,0.0037741363,0.008371741
5221,4886,41.372066,0.58264095,0.080443755,0.15383144
5221,5219,1.7297173,0.5778286,0.0027890876,0.0066252053
5222,2681,3.6932793,0.52640164,0.009038508,0.018265262
5222,2842,348.36676,0.5554387,2.1725366,4.261825
5223,1473,1.94133,0.60616815,0.0025424883,0.0058505386
5223,5526,65.579056,0.6088488,0.16500399,0.32385355
5224,637,2.804924,0.58040327,0.005480781,0.011609688
5224,6273,4.816536,0.5800269,0.010403179,0.021214709
5225,6891,1.7838821,0.49097213,0.0019702911,0.0044547766
5225,4813,1.2151375,0.48994243,0.0044896156,0.009402007
5226,3430,1.5030785,0.5278616,0.0020243376,0.0046324134
5226,547,22.42418,0.5269584,0.049560014,0.094533116
5227,1658,3.069313,0.62227285,0.00571882,0.012029916
5227,1662,1.9333878,0.6285034,0.0034545362,0.006840199
5228,5229,36.59708,0.61397725,0.0768706,0.14949909
5228,5229,41.776184,0.6120068,0.07981877,0.1541127
5229,5216,34.24431,0.6137036,0.071327835,0.13979979
5230,28,2.0499878,0.6051217,0.003927119,0.00835906
5230,33,65.91872,0.6138309,0.16467291,0.32422552
5231,3776,50.084602,0.45117205,0.09930039,0.19171335
5231,5782,2.2843056,0.45017266,0.0035720468,0.008643255
5232,1885,94.677444,0.4455547,0.19209719,0.3699016
5232,5234,3.083973,0.45928127,0.00562194,0.012396261
5233,5234,0.8234329,0.33012843,0.0011034757,0.0028546453
5233,5232,3.100109,0.45493925,0.00564529,0.011757866
5234,5781,1.0272064,0.065819144,0.0006113425,0.0019604415
5235,3418,1.2947426,0.5692822,0.0017969161,0.0043123215
5235,960,34.0823,0.57172894,0.06763503,0.13110724
5236,5761,4.159607,0.5223773,0.007856518,0.0157163
5236,5237,47.768635,0.51430327,0.094482675,0.18436974
5237,5236,48.043484,0.5140479,0.09371568,0.18289927
5237,1720,18.63244,0.5158817,0.05120961,0.100709125
5238,5023,1.5081367,0.572554,0.0025178567,0.0056712627
5238,6661,37.717514,0.5791876,0.078655854,0.15209615
5239,5057,5.0698967,0.5716592,0.009119637,0.018578827
5239,5583,64.582436,0.56934035,0.13454388,0.2632888
5239,611,99.77373,0.56937814,0.20723447,0.40503776
5240,6593,2.0690498,0.6432686,0.0036172792,0.0080450475
5240,6591,2.0248642,0.6438159,0.003043592,0.006848708
5240,508,55.331825,0.65158284,0.11095047,0.21897264
5241,6001,51.251663,0.4417301,0.114268824,0.22056065
5241,6878,2.2003136,0.44194648,0.0032271221,0.006647706
5242,345,41.769657,0.59670866,0.07981995,0.15409724
5243,1547,1.8938599,0.5787162,0.0032205433,0.006966248
5243,1548,27.523628,0.5788074,0.0563564,0.107885994
5244,6200,0.5135956,0.04267797,0.0070009455,0.013424605
5245,3804,1.8456078,0.5185853,0.002541922,0.0054411143
5245,2309,15.106186,0.5175076,0.033072393,0.06420314
5245,2310,32.93209,0.51391023,0.066266984,0.12713099
5246,4189,1.0836678,0.5269447,0.0051278397,0.011069849
5246,5903,29.679482,0.51908445,0.06614804,0.1264946
5247,6935,51.595673,0.61811286,0.109213956,0.21339339
5247,5744,3.7418938,0.3738446,0.008177303,0.013120994
5247,3330,2.019184,0.62570894,0.0043908805,0.008983418
5248,1865,37.060516,0.56392366,0.06277659,0.12064415
5248,126,20.70243,0.55993026,0.049661554,0.09539766
5249,5252,1.185669,0.4316926,0.004176162,0.008763805
5249,1993,39.457882,0.43501124,0.081334256,0.15416907
5250,5249,2.0460205,0.43623304,0.003645517,0.0077793747
5250,1827,166.0876,0.399116,0.46720392,0.9082418
5251,5250,1.7475128,0.43720904,0.005139008,0.010689989
5252,6000,1.3519669,0.43945876,0.004691072,0.009867042
5252,5251,2.4803772,0.4353855,0.0042839125,0.008706346
5253,5889,21.299942,0.5372547,0.04745237,0.09128935
5253,1034,25.325449,0.5406634,0.048290562,0.094005935
5254,695,50.067345,0.39994314,0.10098922,0.19336015
5254,1556,4.9450874,0.4193518,0.010221317,0.020023212
5255,1556,0.6836052,0.24259669,0.0030070618,0.0064507276
5255,5254,5.1525917,0.41503033,0.010795966,0.021322638
5256,6674,24.560163,0.5214617,0.1100348,0.22079718
5257,5256,5.8320923,0.5326077,0.016624652,0.03286922
5257,6674,52.652767,0.5333217,0.13290754,0.25834668
5258,3203,1.0074615,0.54888356,0.001507923,0.0038797855
5258,5115,10.170483,0.5529764,0.021220617,0.04220371
5259,5258,1.2492676,0.5531598,0.0014037564,0.003611073
5260,618,1.7433281,0.5504917,0.0033622533,0.007387772
5260,5259,57.846626,0.5525028,0.11052569,0.21644753
5261,5260,1.7240448,0.552019,0.0027509853,0.006044075
5261,1107,6.5047607,0.5560822,0.014319815,0.028827637
5262,1447,140.28967,0.55255884,0.26826608,0.5239979
5262,5261,7.6890945,0.5569943,0.01547236,0.0310404
5263,5261,1.1967659,0.55242395,0.0024065077,0.005592689
5263,5262,6.8139725,0.5542723,0.013930015,0.02783677
5264,2349,122.24699,0.48740715,0.26658496,0.51540565
5264,2350,28.657104,0.4965682,0.06548342,0.12489663
5265,1505,1.9139938,0.5017875,0.0039978996,0.00841935
5265,5264,88.01638,0.4971011,0.1956599,0.37788117
5266,1512,4.6812706,0.45805073,0.008905262,0.017761081
5266,6837,34.06798,0.45960042,0.07075651,0.1334452
5267,3000,36.040253,0.45104647,0.07175702,0.13682821
5267,6837,11.296482,0.4579926,0.023697421,0.045944735
5268,952,67.41059,0.56828874,0.22540087,0.44241
5268,5271,1.6305504,0.57270175,0.00227765,0.0054014325
5269,4901,9.50267,0.57034206,0.024967194,0.04888302
5269,5270,1.3439445,0.5658114,0.0024627224,0.00580211
5270,5268,1.9176865,0.5684391,0.003375806,0.0074225217
5271,955,12.428869,0.57742035,0.025787398,0.0506202
5271,5269,1.2795868,0.5731846,0.001837045,0.004447803
5272,2556,67.0179,0.4313696,0.17772779,0.34181255
5273,4745,1.8443375,0.54778236,0.0029338747,0.006592229
5273,2524,74.19096,0.54648226,0.14285286,0.27932712
5273,6178,46.052795,0.54948556,0.11153233,0.21570309
5274,675,28.153332,0.57056844,0.06875295,0.13346629
5275,5400,1.7918167,0.5723179,0.0039616674,0.008360401
5275,2948,4.5593185,0.5751071,0.0098114535,0.019816235
5276,5275,4.8900948,0.57766664,0.01042451,0.02115801
5277,2799,38.47219,0.5723935,0.07466127,0.14446183
5277,5584,31.893744,0.57004267,0.06314597,0.12038542
5278,2591,14.988176,0.53867924,0.036083765,0.0707035
5278,3648,28.163403,0.5381866,0.069543965,0.13457234
5279,6187,0.76636505,0.5818423,0.0011678934,0.002976954
5279,6188,4.371006,0.6276112,0.008389361,0.017430797
5280,6475,113.62977,0.62606716,0.20926215,0.41139054
5280,5279,3.878128,0.6271156,0.0067530796,0.013879493
5281,569,50.762398,0.56030256,0.10592065,0.20683351
5281,567,1.6093025,0.5586136,0.0030481145,0.006999165
5282,557,1.6245575,0.56045085,0.0021011233,0.0051490813
5282,3182,75.89935,0.5506992,0.25003722,0.48809004
5283,5435,1.1148987,0.5367198,0.0036018863,0.007268667
5283,5284,72.950485,0.5334991,0.14059842,0.27600375
5285,5021,59.79956,0.54076636,0.11555597,0.22591713
5285,5286,17.785093,0.54041344,0.03708739,0.07206763
5285,3048,81.74257,0.5403795,0.15734416,0.3072029
5286,5287,1.9155998,0.53927046,0.0028900877,0.0064348876
5286,5285,17.545628,0.54000676,0.036559347,0.071009144
5286,6478,55.07286,0.54220206,0.10583152,0.20656979
5287,5286,2.1475449,0.5403575,0.0034724027,0.007568106
5287,3985,55.401466,0.53956324,0.1492414,0.29113808
5288,1200,0.8770714,0.36407214,0.0013613254,0.0030188262
5288,1353,61.22056,0.52996707,0.11927374,0.23214076
5288,3834,57.71602,0.5284273,0.12832837,0.2493754
5289,1239,1.4890251,0.57824516,0.0027813688,0.00628224
5289,2568,27.073822,0.5819336,0.05839216,0.112672806
5289,5953,13.034218,0.5807598,0.028183922,0.055394597
5290,1083,72.19121,0.5744263,0.13560914,0.26688665
5290,5296,2.4243164,0.57962275,0.005336441,0.011082679
5291,5938,3.0242615,0.57848316,0.0029609129,0.006687686
5291,1087,9.249622,0.5850867,0.020104177,0.039901048
5292,5295,7.7204857,0.5936128,0.017927118,0.035767257
5292,5293,0.8978958,0.50595635,0.00285694,0.0051273108
5293,5294,2.0630226,0.5867513,0.0058348253,0.011956677
5294,5292,1.4821587,0.5929574,0.0040480047,0.008738413
5295,3449,1.4351921,0.59356016,0.003534615,0.007730946
5295,5293,7.2545853,0.6004399,0.01684507,0.03280729
5296,1087,1.798626,0.58431375,0.0032368153,0.007222712
5296,1086,22.732866,0.5818165,0.048959453,0.094107196
5296,5938,9.757023,0.5844536,0.020746171,0.041161537
5297,5299,13.503475,0.56776035,0.028333977,0.05550269
5297,967,7.864128,0.5637513,0.0165364,0.03318408
5298,424,0.9875717,0.116236,0.0018712357,0.003620416
5298,4870,13.182447,0.5623913,0.027490146,0.054175362
5298,6054,6.0362854,0.5648429,0.013532236,0.027598545
5299,4870,10.173248,0.5668331,0.024452984,0.048260406
5299,5298,5.407139,0.57217467,0.0119509995,0.024463221
5300,2571,2.36763,0.6506529,0.0045892224,0.009851202
5301,6636,2.5667343,0.3287155,0.0073334426,0.013774335
5301,3694,22.749578,0.32786807,0.05940684,0.11595062
5302,894,1.4465408,0.59120584,0.004070714,0.008248016
5302,6864,72.04722,0.5868883,0.15401085,0.30234122
5303,3014,3.6671638,0.58773834,0.009126045,0.018459171
5303,5302,1.6766472,0.5891,0.0032296628,0.0071538687
5304,5303,1.3399925,0.5834854,0.0038487092,0.008299932
5305,6495,1.2309494,0.55077523,0.0024352372,0.005290121
5305,6667,46.55236,0.5524322,0.11537545,0.22573715
5306,6492,1.1014023,0.5465952,0.002366513,0.0052826107
5306,228,1.9521751,0.55999124,0.0052399486,0.011183932
5307,2993,10.54331,0.54087955,0.023215458,0.045992613
5307,2722,3.4838905,0.53783095,0.007504359,0.015654474
5308,118,2.1400604,0.5374581,0.003328167,0.0073111504
5308,3850,29.038624,0.5331422,0.06006459,0.11509992
5309,2697,22.466572,0.52286196,0.047536574,0.09080359
5309,5310,25.705927,0.52509964,0.05431452,0.10356665
5310,2130,38.356262,0.52366537,0.075897664,0.14718214
5310,5311,55.42434,0.5279889,0.10532268,0.20447432
5311,5312,1.3248215,0.527944,0.00215099,0.004778996
5311,3849,24.099104,0.5266082,0.05190175,0.0992018
5312,3850,0.99238205,0.53073895,0.0017084405,0.004265249
5312,5308,29.431854,0.5344712,0.062217064,0.11817986
5313,130,11.105968,0.5292252,0.024455324,0.048100963
5313,96,14.936411,0.5290973,0.032550227,0.06319004
5314,130,1.4275932,0.52387863,0.0025606304,0.005821988
5314,106,117.240395,0.5273567,0.24992171,0.485609
5314,5313,10.968761,0.5267817,0.024140187,0.047056317
5315,1467,1.4905891,0.5288731,0.0018679798,0.0043822974
5315,6423,62.466625,0.5330049,0.12119144,0.23703673
5315,5316,83.574646,0.52825546,0.18174551,0.3517735
5316,3331,96.50069,0.53657234,0.18614458,0.36243343
5316,4481,14.38278,0.53540075,0.031671397,0.06211336
5317,5319,1.062458,0.56165296,0.0024946705,0.00561361
5317,6090,13.345045,0.56450844,0.02881495,0.056874044
5318,129,13.868723,0.56688046,0.030284066,0.059608705
5318,2644,19.969957,0.5677839,0.04299986,0.08291553
5319,5320,0.69309235,0.54669726,0.0017593205,0.0043763816
5319,1273,11.980452,0.568073,0.026380666,0.052259
5320,129,1.5920982,0.5654749,0.0029027015,0.0059722066
5320,5318,14.079752,0.5665213,0.030458082,0.059543706
5321,126,0.7398071,0.55992377,0.0037987083,0.0077620447
5322,761,22.915222,0.59643245,0.048973415,0.09433823
5322,5323,2.5554962,0.5970568,0.0040851384,0.008674189
5323,2751,23.330078,0.59837013,0.050208125,0.096531756
5323,5322,2.775528,0.5970931,0.0045942515,0.0097718835
5324,5325,1.9513283,0.6371874,0.0011776015,0.003741756
5324,4628,333.8947,0.6384551,0.45789942,0.8959278
5325,5324,2.284523,0.63718426,0.0021024644,0.004811123
5325,3986,23.752373,0.6419092,0.049367834,0.09531989
5326,1968,0.71836853,0.3180691,0.001651153,0.0031609535
5326,3895,60.436005,0.4954844,0.15662768,0.3020767
5327,5328,59.815376,0.623427,0.14396279,0.28380954
5328,5196,2.2740135,0.61626714,0.004139513,0.008896366
5328,2619,136.06686,0.62006664,0.27378795,0.5386979
5329,4800,1.98666,0.58902526,0.003031768,0.0063741505
5329,4643,26.61129,0.5842153,0.0627359,0.12112757
5330,4798,4.4907074,0.60472107,0.008467205,0.016585767
5330,5331,41.981907,0.5974593,0.07996154,0.1522707
5331,4797,26.086254,0.594864,0.052570064,0.10193393
5331,4799,1.5799904,0.5930821,0.0020111576,0.00479424
5332,5329,1.5165176,0.5858478,0.0037015304,0.008026153
5333,4810,0.8757057,0.54090357,0.0016844347,0.003352791
5333,4809,5.229496,0.541193,0.010810174,0.021306694
5334,5335,0.47642136,0.54321444,0.001437813,0.0040232837
5334,4808,5.009182,0.54650426,0.010308921,0.021246478
5335,5333,0.43798828,0.38997954,0.000117979944,0.0
5335,1688,4.967537,0.52198344,0.010733254,0.02201666
5336,3948,4.2373466,0.5710115,0.008971371,0.018181965
5336,361,269.1987,0.5549356,0.5667428,1.1078508
5337,726,4.1944504,0.5712871,0.008820012,0.018027946
5337,3241,89.43289,0.5649884,0.18922234,0.36872572
5338,1637,17.187597,0.58626926,0.039600674,0.07719442
5339,2005,102.008575,0.57787037,0.19434023,0.38134444
5339,2245,1.1978607,0.5829214,0.003809519,0.008158416
5340,5338,3.3008003,0.5818805,0.008492067,0.016887873
5340,6396,2.031124,0.58407307,0.0053039566,0.011269495
5341,5970,1.3378983,0.5324991,0.0017768368,0.004066363
5341,5971,28.372967,0.5313518,0.05804421,0.110904284
5342,5974,1.33535,0.5326131,0.0019101575,0.0045478195
5342,1611,31.331614,0.5361428,0.06358018,0.12288289
5343,5576,81.96651,0.61581147,0.15184067,0.29961386
5343,5503,5.2000275,0.6205955,0.009462409,0.019707844
5344,5628,4.8265877,0.60134935,0.011838518,0.023647383
5344,2617,40.360546,0.6122269,0.077295914,0.14775112
5345,1961,1.3311386,0.5659218,0.0021287724,0.003689587
5345,5346,16.314064,0.59566265,0.032939248,0.06480129
5345,851,21.624458,0.5872724,0.045363944,0.08844703
5346,2617,1.6489677,0.2604382,0.0018423572,0.0029713064
5346,2616,9.753078,0.59190845,0.020371743,0.0399836
5346,6877,39.726017,0.6018749,0.0789823,0.15343527
5347,4672,1.8835106,0.4728167,0.0061083212,0.01242809
5348,5059,1.51577,0.5925235,0.0017106831,0.0044327676
5348,5475,21.410074,0.5926881,0.043812774,0.085014634
5349,4942,201.37337,0.63249654,0.28082168,0.55306923
5350,1749,16.406681,0.6437863,0.029691696,0.058149576
5350,5349,39.30052,0.64506364,0.06034118,0.119850785
5351,4200,2.7731094,0.5744395,0.0046336874,0.009576574
5351,1494,97.68718,0.5677513,0.18410242,0.36116934
5351,5580,10.371481,0.5678963,0.018545687,0.036636278
5352,1972,122.57605,0.47524035,0.24750477,0.47752345
5352,7030,40.353317,0.48104304,0.07977892,0.15343513
5352,5586,88.728806,0.46424183,0.17908874,0.34518957
5353,1486,125.38325,0.43452558,0.25961375,0.5004539
5353,4590,110.84359,0.4340756,0.22707248,0.43757612
5353,1901,311.7705,0.3938237,0.66254836,1.2782946
5354,5355,1.6810455,0.6011517,0.0024945214,0.0056778938
5354,393,62.688656,0.6149372,0.11710099,0.23274076
5354,1987,28.751074,0.6108129,0.05803207,0.11143253
5355,5354,1.7400475,0.6017694,0.002309978,0.005301684
5355,1731,87.35396,0.6108522,0.1634638,0.32081276
5355,4115,30.864145,0.6105508,0.0622937,0.11899809
5356,3807,3.3875923,0.56987804,0.0059074312,0.012223512
5356,1494,72.98918,0.5659256,0.13778223,0.27055496
5357,4165,2.630581,0.573454,0.0044627413,0.0096349865
5357,6826,2.6913986,0.5716195,0.0047152564,0.010080636
5357,3231,184.30849,0.56008875,0.35185823,0.6874691
5358,3295,2.9495888,0.62057364,0.002362527,0.005800098
5358,6270,9.295792,0.6211144,0.019545272,0.038682774
5359,6714,8.971386,0.6030194,0.021122575,0.042006463
5359,5525,34.07018,0.6100236,0.06783866,0.13074046
5360,6766,21.987059,0.63939965,0.06001206,0.116875544
5360,6957,31.674274,0.64314204,0.062198557,0.119762436
5361,6332,1.4345856,0.6028412,0.0024454147,0.0056024343
5362,5367,4.235058,0.6612026,0.007934079,0.016310155
5363,6937,8.821983,0.65619344,0.017168678,0.033975318
5363,5362,2.1412392,0.6567892,0.00335598,0.0070423633
5364,5366,0.37979126,0.37440398,0.0027839616,0.001666367
5364,5812,61.450516,0.389074,0.2129263,0.33934778
5365,5363,3.926197,0.65950835,0.0067205355,0.014454395
5366,5364,0.16342926,0.39808977,0.002515994,1.385808e-05
5366,4177,16.061607,0.40864483,0.049141485,0.08018806
5366,5365,30.352764,0.6746403,0.05870172,0.11296933
5367,5365,2.1025352,0.6513441,0.0034258813,0.0077137947
5367,5364,30.11773,0.67392915,0.059174974,0.113941714
5368,3038,1.9278526,0.56685704,0.0032601207,0.007191479
5369,5524,19.374199,0.43135297,0.045959763,0.08824022
5370,5179,23.369654,0.43249318,0.053473216,0.101872966
5370,5369,23.124348,0.42980674,0.053094592,0.100731954
5371,1681,113.64537,0.44474572,0.23199406,0.44662982
5371,1682,65.826416,0.4245535,0.13555536,0.26101333
5371,1261,57.55561,0.41356224,0.11856629,0.22810726
5372,6184,23.909904,0.5679677,0.05011055,0.097036764
5372,6357,67.056526,0.56487167,0.12537315,0.24457878
5373,5413,12.587648,0.5453241,0.029357944,0.057490423
5374,5412,3.321083,0.5298027,0.008672401,0.01776211
5374,5373,28.942036,0.5342954,0.058473065,0.11169323
5375,5376,1.8669624,0.6002529,0.0017877594,0.004326895
5375,514,17.251572,0.6090652,0.039400533,0.07709296
5376,5375,1.8456879,0.59841514,0.001888521,0.004931703
5376,6811,141.90729,0.54870987,0.36790228,0.71809405
5377,5378,0.26646423,0.0,0.002076447,0.003566429
5377,5807,10.815693,0.55936784,0.022205882,0.04449749
5378,979,3.7817192,0.5413974,0.008794449,0.018035576
5378,919,0.0,0.02381292,0.0009550452,0.0016165525
5379,6283,1.8111458,0.59447163,0.0025940314,0.0058896095
5379,3361,1.5607834,0.6022976,0.0049268603,0.010662258
5380,5182,2.3701057,0.42594978,0.0068168715,0.013842374
5380,4259,32.036285,0.42042893,0.0689987,0.13028777
5381,5383,1.620182,0.5640042,0.0031068176,0.0067496896
5381,5384,63.551575,0.56094587,0.13436541,0.26193643
5382,4381,2.1340752,0.56935996,0.0036856309,0.007797301
5382,2971,35.796116,0.57229817,0.069948554,0.1364075
5382,6121,28.776571,0.5708093,0.06197693,0.11892693
5383,4376,1.3246078,0.55955803,0.0023526028,0.00536108
5383,4377,136.00409,0.5579548,0.28657806,0.55931103
5384,2796,175.69563,0.54920167,0.33825815,0.65990496
5384,1787,57.031982,0.5638218,0.12110371,0.23673388
5385,3045,1.4993439,0.5672018,0.0030018464,0.0064564645
5385,5382,71.85284,0.5589755,0.15084387,0.29307717
5386,5387,1.0601158,0.54143584,0.0010377243,0.0028951913
5386,3502,36.800514,0.54582673,0.07160502,0.13880661
5387,5386,1.113472,0.5412742,0.0010807365,0.0028878152
5387,5388,8.987946,0.5457759,0.01832164,0.03632748
5388,2250,2.279255,0.5541915,0.0034482926,0.007776186
5388,5386,9.07761,0.5478107,0.01844085,0.03660293
5389,6095,2.046032,0.5933099,0.0030469075,0.0068273544
5389,6047,109.51471,0.5870118,0.20654842,0.40520358
5390,5748,19.446024,0.5548044,0.03773275,0.07283349
5390,3508,27.58568,0.55225533,0.060803473,0.11957273
5391,516,40.563232,0.5568638,0.09632479,0.18692572
5392,3299,21.30443,0.559603,0.04141966,0.07996418
5392,5748,7.522068,0.55654526,0.014065199,0.02881357
5393,5395,1.7016296,0.5806367,0.0025767982,0.005841583
5393,3291,37.077667,0.5833633,0.07262799,0.14004487
5394,5393,26.398289,0.5837218,0.05261166,0.100425705
5394,3583,66.72278,0.588273,0.12809101,0.25315478
5395,3288,1.4319687,0.57730603,0.0018977374,0.004295498
5396,1012,34.369694,0.5532833,0.05892624,0.112099856
5397,423,65.69209,0.5612433,0.14062434,0.27465194
5397,6342,3.2340698,0.56638163,0.006662339,0.013927013
5398,3422,43.82079,0.523954,0.09252658,0.17930898
5399,5750,5.653206,0.44678283,0.012457967,0.024096623
5399,2334,57.645615,0.4468333,0.11537314,0.22446252
5399,3721,2.1189766,0.44478405,0.0032616109,0.0066437274
5400,6696,3.1594048,0.57920116,0.0054498315,0.0116647035
5400,2948,3.3316193,0.57907367,0.006817654,0.013987362
5401,5402,1.658287,0.6487744,0.0042609647,0.008835062
5401,3098,64.09956,0.63454854,0.2026744,0.3987461
5402,5401,1.2807007,0.6422138,0.0035969317,0.0074466914
5402,4789,41.39217,0.6517342,0.077321604,0.15046057
5403,3240,20.150694,0.56827015,0.04180412,0.08105263
5403,6263,3.3514404,0.56952214,0.0057828426,0.011893138
5403,3806,49.286816,0.56241107,0.057616502,0.109473705
5404,5405,1.5606384,0.56685674,0.0026235431,0.0057890415
5404,3949,77.24565,0.56682193,0.16894516,0.33063397
5405,5406,1.0668983,0.57249784,0.0019704849,0.004787624
5405,6263,2.2645073,0.57374,0.0036319569,0.007876053
5406,4944,1.5372849,0.5691332,0.0023934618,0.0048095137
5406,3210,68.31615,0.56586975,0.14601238,0.28519812
5407,595,0.38772583,0.56548285,0.0079574585,0.015722916
5407,6562,57.853024,0.56726694,0.121315636,0.23541564
5408,596,1.4814186,0.5695275,0.0027094483,0.00649786
5408,606,109.65531,0.56800544,0.2287021,0.447253
5408,6564,25.180532,0.5692442,0.054804403,0.10492947
5409,2497,1.9928322,0.56498086,0.0030556694,0.0066395253
5409,5002,4.5413933,0.56307554,0.008802466,0.017565846
5410,3146,1.6811867,0.5769082,0.003394097,0.0076784194
5410,1374,75.76973,0.57357043,0.15594205,0.3060501
5411,1023,1.9092369,0.5753985,0.0028879195,0.0064126253
5411,6360,26.675909,0.5745126,0.05482297,0.10482298
5412,6933,2.1851501,0.5260134,0.002513066,0.005625814
5412,5373,19.243792,0.5331279,0.04598321,0.08932487
5413,6933,38.656876,0.5423116,0.07585,0.14614405
5413,5375,76.46001,0.57598144,0.1964401,0.3828627
5414,3352,4.574333,0.6093033,0.008107953,0.016416758
5414,1653,5.391655,0.6086583,0.009868078,0.019828603
5414,4575,126.86099,0.6084438,0.23414776,0.46107668
5415,2846,1.7963219,0.605224,0.002436325,0.0056440085
5415,2840,90.62373,0.60649353,0.16897826,0.33281797
5415,5223,16.938858,0.60645884,0.038700525,0.07543891
5416,1474,1.891983,0.60578346,0.0023758635,0.0056273043
5416,6136,18.57885,0.6077659,0.042857684,0.08336228
5416,3341,108.010994,0.60405785,0.19962695,0.39283237
5417,3890,1.8182144,0.6023073,0.0031667054,0.0072589666
5417,4439,12.437052,0.606222,0.025830165,0.0510135
5417,5416,31.917639,0.6103664,0.07853546,0.15425348
5418,3108,1.6519737,0.5823204,0.0027860403,0.006242767
5418,5417,29.730488,0.609728,0.07190252,0.14164141
5419,5418,1.9161148,0.6035253,0.004349269,0.008925453
5419,2828,89.58919,0.6076945,0.18362229,0.3585207
5420,5939,1.5297318,0.60719895,0.004060529,0.008525863
5420,4437,193.97565,0.5960593,0.36544055,0.71757084
5421,5424,1.5218201,0.58975387,0.0018628016,0.004281372
5421,4640,2.8305206,0.5950613,0.0045384318,0.009543657
5422,466,2.344307,0.5966305,0.0041390136,0.008904219
5422,478,14.465332,0.5971643,0.030019615,0.058969237
5423,479,28.575653,0.5961287,0.057714578,0.110749364
5423,5422,15.840498,0.5967159,0.03223793,0.06322726
5424,4639,1.3792725,0.59128535,0.0023729801,0.0058799535
5424,5423,26.646729,0.59777415,0.055553414,0.10722556
5425,1683,11.938772,0.4274367,0.023744091,0.04614471
5426,5425,5.4495583,0.43349773,0.009792924,0.019230306
5426,6291,2.5654716,0.43017155,0.005294755,0.010666072
5427,6456,1.6763344,0.5417983,0.0017789677,0.004685968
5427,1953,46.893314,0.54154825,0.098119326,0.1891488
5428,5427,20.794857,0.5475379,0.037649427,0.0731546
5429,5432,1.7843704,0.54254466,0.002566032,0.0054976493
5429,5428,20.713137,0.5429242,0.038183905,0.074656636
5429,1393,50.221504,0.5485924,0.096837424,0.19022988
5430,3386,179.97826,0.62554204,0.33068886,0.650181
5430,5431,58.81649,0.61901736,0.10943151,0.2142152
5431,5486,1.7833138,0.61394066,0.0024593025,0.005223796
5431,449,65.52248,0.61931753,0.16229767,0.31980103
5432,5429,1.6135101,0.5471475,0.0022769794,0.005281031
5432,6451,49.42435,0.5477343,0.077656806,0.14887694
5432,233,14.319393,0.5475656,0.029554293,0.057887986
5433,5435,0.5985489,0.5407495,0.0031796321,0.006102547
5433,5022,1.0862999,0.54051065,0.004029818,0.008784756
5434,5433,0.0,0.17707434,0.0013422593,0.0030029118
5434,5436,0.0,0.07030186,0.0036025792,0.0067831576
5435,5436,0.023082733,0.32279813,0.0013720468,0.0033043027
5435,5095,70.18639,0.5401114,0.18677887,0.36493513
5436,5437,1.862072,0.55140996,0.0051799044,0.010629058
5436,1490,44.514496,0.027371824,0.23117578,0.4883057
5437,5440,0.415905,0.04743561,0.002527818,0.0041687638
5437,5438,0.36899948,0.036357105,0.004403077,0.0076960027
5438,5434,1.5284615,0.54615194,0.004926622,0.010130316
5438,4473,26.293736,0.03887877,0.11996132,0.25511503
5439,5438,0.0,0.09483963,0.0010635331,0.002375871
5439,5153,22.924341,0.54373294,0.056746684,0.10964989
5440,5439,0.6257858,0.5447904,0.0033809617,0.006479636
5441,4624,31.417595,0.6257518,0.06224452,0.1205523
5442,2716,2.7054138,0.5067176,0.007117592,0.014656112
5442,1481,2.5208778,0.5029917,0.006188512,0.012659907
5443,5444,1.988636,0.576346,0.0026604831,0.005855933
5443,3521,13.022202,0.5731119,0.024623401,0.04941523
5444,5445,5.16473,0.5810128,0.010880344,0.021765172
5444,5447,10.81691,0.58336985,0.022009335,0.04309438
5445,5446,1.5375748,0.5748183,0.002131641,0.0050751716
5445,774,93.2457,0.57310206,0.17562042,0.34530354
5445,3287,17.779203,0.573096,0.03867706,0.07497038
5446,5443,3.0930176,0.58222926,0.0063063353,0.012602359
5446,6064,59.01048,0.57196057,0.10915603,0.2127631
5447,3450,132.57611,0.5709128,0.24956673,0.4887929
5447,4515,8.024113,0.5804041,0.015705235,0.03159651
5448,6163,13.431648,0.616014,0.028465226,0.05582828
5449,2240,1.5274963,0.5333374,0.003238231,0.007038936
5450,5457,1.6578293,0.5343689,0.0032431409,0.0071965456
5451,5452,1.3793373,0.5349275,0.0022851303,0.005351454
5452,5453,1.8780022,0.5319167,0.0036966503,0.00779362
5452,244,34.06279,0.52996284,0.07298699,0.14078085
5453,2241,1.2263031,0.51723534,0.0022494048,0.00498423
5453,2351,11.378227,0.53645355,0.024800166,0.048688203
5454,5458,2.627533,0.53632545,0.005072929,0.010893017
5455,5454,2.1147766,0.5369201,0.0046256036,0.009643704
5455,5451,4.5816383,0.5373342,0.0099454895,0.020239621
5456,5455,1.8132591,0.5396193,0.0033850372,0.007702321
5457,2239,4.835659,0.5406106,0.009519294,0.019436896
5457,5456,2.233017,0.5378728,0.0049252585,0.010442153
5458,3866,38.5904,0.5399768,0.08095886,0.15578805
5458,5449,2.2544327,0.5328759,0.00437589,0.00880684
5459,3620,1.9452744,0.53380495,0.002848208,0.006231785
5459,239,78.54073,0.5413943,0.15173978,0.29680663
5459,3624,20.606474,0.53478146,0.045149986,0.08661774
5460,4225,2.9550552,0.64678884,0.0019232184,0.0053926557
5460,5463,3.371212,0.6492482,0.006624609,0.01404722
5461,3133,57.017403,0.6474531,0.11275454,0.22050342
5461,4224,11.285564,0.650759,0.023042418,0.044974476
5462,5463,1.5479736,0.6435715,0.0029601082,0.006645933
5462,4225,4.374851,0.6442517,0.008895896,0.018095732
5463,3155,1.2787971,0.6450174,0.002531968,0.005581945
5463,322,23.826256,0.6545232,0.05124077,0.09968942
5464,4142,333.68762,0.6085121,0.285671,0.56014645
5464,2142,30.757977,0.600834,0.060797043,0.11661967
5465,5872,1.3858337,0.47292346,0.0047128573,0.009939089
5465,3448,94.76409,0.45549056,0.1885359,0.362991
5466,5641,0.7640343,0.58258647,0.0017980933,0.0036555827
5466,1733,30.814585,0.03534189,0.12527037,0.26183856
5467,5468,1.5595093,0.5533342,0.0023239478,0.0049985945
5467,694,46.975002,0.56329185,0.0975706,0.18985534
5468,4685,1.1589165,0.55500317,0.0021647215,0.004940361
5469,4834,3.296112,0.31659842,0.009329818,0.01758495
5469,5470,27.71319,0.31457746,0.061895296,0.11578771
5470,4859,15.650814,0.3167062,0.043299273,0.08374348
5471,5474,1.2107697,0.2995284,0.0054251403,0.0102571845
5471,2274,26.539,0.30729154,0.06330347,0.11874117
5472,5471,1.4510841,0.31020677,0.0055572093,0.0105663985
5472,4835,10.809238,0.31327713,0.030173086,0.057196476
5473,5472,1.5598183,0.31083867,0.005640365,0.010845348
5473,4222,3.9441452,0.31073982,0.011086285,0.020669535
5474,5473,1.6057014,0.31045318,0.005980313,0.01137431
5474,3627,61.489075,0.2828821,0.17796306,0.35208803
5475,3576,1.9212685,0.58932036,0.002029866,0.004827708
5475,5717,4.570427,0.5930097,0.008180946,0.01652658
5476,5372,66.01094,0.5673373,0.12706219,0.24785663
5477,2780,1.7304497,0.5997562,0.0028334856,0.0063851476
5477,5478,9.415581,0.5930145,0.0117191,0.024190187
5478,2793,26.2501,0.6042838,0.056723673,0.10921602
5479,4199,2.2973595,0.011545777,0.005677782,0.011771277
5479,5624,3.5204659,0.5804666,0.001985848,0.0053747296
5480,101,22.796385,0.52843904,0.047963046,0.09159499
5480,1327,8.174095,0.530239,0.01634594,0.03256236
5481,103,40.464867,0.5326778,0.08215023,0.15833558
5482,6458,0.7876854,0.3791268,0.0044675767,0.0048000216
5483,5482,2.929142,0.6607735,0.003843516,0.008334696
5483,2937,32.147293,0.38355714,0.12326822,0.1971531
5484,5431,1.283905,0.6141672,0.0033091605,0.007276103
5484,5430,58.18672,0.6207483,0.10758558,0.21115744
5485,5484,1.4669113,0.61642396,0.001376614,0.0035441816
5485,2412,17.100317,0.61636007,0.038370293,0.074357614
5486,5485,0.62965393,0.5310829,0.0024297386,0.0046319813
5487,5402,84.41339,0.6640321,0.15352394,0.30485195
5488,5487,3.2498589,0.66223025,0.005593322,0.011806712
5488,4788,2.6370926,0.66869134,0.0041315407,0.009389296
5489,1298,16.891685,0.5967548,0.03469267,0.06768709
5490,1297,93.52901,0.59331936,0.17583022,0.34577388
5491,436,23.127853,0.5976032,0.047636177,0.09154036
5492,5495,1.9802666,0.64197195,0.003292486,0.0070782006
5492,5496,6.617424,0.6434711,0.012600757,0.025206476
5493,5492,1.7623787,0.6490553,0.0032831132,0.007328555
5493,6574,23.023544,0.652069,0.046351217,0.089707874
5494,5493,1.9730606,0.64294297,0.003032513,0.0067747086
5495,5494,1.9685555,0.64548904,0.0030146614,0.0067767203
5495,5497,5.2690773,0.64892125,0.010312878,0.02056022
5496,320,38.29637,0.6528904,0.074341305,0.14457043
5496,5495,5.5271034,0.64234084,0.010105416,0.020280004
5497,5494,5.1060753,0.64962757,0.008894347,0.018069163
5497,1737,2.7204742,0.647128,0.004643284,0.009595007
5498,5499,2.8783302,0.6350874,0.0068899393,0.013887048
5498,3883,15.616123,0.63110685,0.039651144,0.07753801
5499,6196,8.174274,0.63121724,0.01566168,0.031277955
5500,2443,3.3389015,0.650424,0.008762054,0.018164873
5500,6022,64.39049,0.6562748,0.089466766,0.17454408
5501,2102,62.345516,0.60831285,0.11649025,0.22829202
5501,1287,4.9315224,0.621556,0.008881584,0.01854533
5502,1287,0.79829025,0.61462563,0.0029695258,0.0062814206
5502,5501,4.9737587,0.61885875,0.009204008,0.018730849
5503,5502,1.2594643,0.61876935,0.0014190748,0.0036701858
5503,3187,42.859955,0.6194576,0.10472183,0.20441265
5504,5505,1.9389458,0.6100878,0.0027213916,0.006023124
5504,2831,40.39551,0.61407524,0.08435477,0.16204795
5505,4707,1.8280602,0.60911214,0.0033571497,0.006748602
5505,5504,2.0199127,0.6086682,0.0030035973,0.0063433647
5505,5909,58.48214,0.6140555,0.10898098,0.21257952
5506,5507,2.5723686,0.6022949,0.0029746443,0.006632209
5506,5527,21.982372,0.6070327,0.04513859,0.08795766
5506,5526,10.516928,0.60860777,0.020932697,0.041234612
5507,5506,2.498783,0.60400736,0.003058225,0.0069906563
5507,5527,18.166393,0.60595596,0.042271536,0.08209394
5508,1473,1.8439674,0.60294086,0.0053626895,0.011288941
5508,6714,22.455935,0.60793614,0.046858124,0.09066867
5509,1992,1.8989105,0.44412073,0.0029196888,0.006310791
5509,5510,9.2383995,0.44324836,0.018369593,0.036071435
5510,3523,59.25466,0.44792938,0.11912039,0.23128924
5510,1992,9.414108,0.44717038,0.019564062,0.038130417
5511,5279,1.5119247,0.62181324,0.0024914593,0.0055147707
5511,5280,3.1622467,0.6222947,0.005760923,0.012024
5512,3141,25.739458,0.49576518,0.07666372,0.14757788
5512,3120,31.98194,0.49061152,0.08169925,0.15573817
5513,3143,3.7595253,0.5020513,0.009716913,0.019472778
5513,2516,38.243763,0.49281985,0.09583514,0.18217936
5514,1988,13.260607,0.606986,0.024384521,0.04835415
5514,5855,28.342075,0.608558,0.04871489,0.09395011
5515,1828,20.469133,0.46364215,0.058081087,0.11428698
5516,5517,2.8942757,0.56457275,0.0022513792,0.0056119114
5516,3265,19.45544,0.5695933,0.042286746,0.08179315
5517,5516,2.3905907,0.56555617,0.0013620555,0.003741756
5517,3263,32.72148,0.5694115,0.0697694,0.13344315
5518,5519,1.9837418,0.6454137,0.004818529,0.0090487
5518,1629,3.351326,0.040163994,0.017065287,0.033518493
5519,1874,1.1851768,0.058122516,0.0078629255,0.014832452
5519,5518,1.620636,0.6496471,0.0037571862,0.006932363
5520,5523,0.65766144,0.5780773,0.0052967593,0.011101708
5520,1696,28.848469,0.58326405,0.08668579,0.1696062
5521,5520,0.75405884,0.57932466,0.004835278,0.00975126
5521,3351,38.55248,0.57810426,0.09648421,0.18639255
5522,5521,0.699955,0.5777497,0.004998699,0.010382488
5522,2326,48.05141,0.57616144,0.12584983,0.24585156
5523,5522,0.9490471,0.57631314,0.004558407,0.009972632
5523,849,102.243065,0.5767855,0.31874374,0.6267334
5524,4849,44.448395,0.41156262,0.11447963,0.22316667
5525,5359,27.26545,0.61146146,0.06600153,0.12726873
5525,5359,34.187504,0.6100754,0.06796873,0.13165487
5526,5507,7.9234543,0.60656065,0.018290155,0.036233738
5526,5506,10.327671,0.60747075,0.020667292,0.0407847
5527,5915,28.196821,0.6136031,0.06729662,0.13031125
5527,5506,21.890282,0.6098601,0.045442518,0.088169776
5528,5529,2.0469742,0.61474365,0.0031533092,0.00674811
5528,2001,21.889475,0.6215495,0.05133024,0.10003297
5529,5528,1.8720818,0.6151984,0.0027454272,0.0059626997
5529,7045,3.3266754,0.61942613,0.0053929985,0.011444211
5529,5530,37.081093,0.6212075,0.091346554,0.17982978
5530,5531,2.0262985,0.6133064,0.002800867,0.006360948
5530,3078,99.65114,0.61037165,0.2509903,0.49512285
5530,791,52.1555,0.61874807,0.09770287,0.1923865
5531,5530,2.0911102,0.6172117,0.002856791,0.0064917207
5531,5528,60.60888,0.6106137,0.08955922,0.17161158
5532,5533,1.7839966,0.5883584,0.0022932813,0.0053156465
5532,2531,85.76361,0.5799878,0.22077823,0.43239403
5533,5532,1.6545944,0.58699226,0.0021784753,0.005451679
5533,1182,115.82216,0.5790037,0.21899256,0.42965513
5533,1376,34.530777,0.592539,0.0829911,0.15894133
5534,284,102.72389,0.6009408,0.19124177,0.3762841
5534,2507,9.933189,0.59921217,0.02333337,0.046303764
5535,162,2.1126213,0.54529566,0.0032692105,0.0069808513
5535,839,48.228924,0.5474523,0.09312305,0.18192323
5535,166,37.40231,0.54587907,0.07958627,0.15384522
5536,44,11.019907,0.3810823,0.031635363,0.06060531
5536,1150,0.81674194,0.36630857,0.0054104924,0.0095127225
5537,5542,2.0125923,0.64990455,0.002976708,0.0064309686
5537,498,44.884544,0.65002984,0.08371345,0.1607579
5538,5540,2.003704,0.65022534,0.0027482808,0.005482614
5538,6350,89.729004,0.6441245,0.28930214,0.5695924
5539,5538,0.2280159,0.6403039,0.0044851154,0.008979753
5539,5537,1.9352455,0.6508604,0.0025878623,0.0060268193
5540,5541,0.9936485,0.640913,0.0057617873,0.010525823
5541,5539,2.0384712,0.65348387,0.002577737,0.0050697625
5541,6206,29.798853,0.64973295,0.086834855,0.1700414
5542,5538,1.9039841,0.649306,0.0026310384,0.005719766
5542,497,129.7905,0.6516049,0.23891282,0.47022915
5543,2679,131.3646,0.5307257,0.2538623,0.49447387
5543,2996,83.5737,0.5287528,0.16210806,0.3170846
5543,2678,78.38572,0.53443664,0.15214458,0.29747057
5544,5545,2.8199196,0.55327517,0.004760973,0.010042995
5544,1443,103.803894,0.5492082,0.19736221,0.3860389
5545,5544,2.742443,0.55346483,0.0043375045,0.009227514
5545,3587,6.547035,0.5524593,0.012929276,0.025637418
5545,4885,142.4126,0.54332155,0.27399722,0.5341461
5546,6727,3.7572632,0.5815859,0.0070667565,0.0139799565
5546,5024,3.3171158,0.5972174,0.005822718,0.0120782405
5546,6339,40.63653,0.5988188,0.07957517,0.15570867
5547,5548,1.6583443,0.52324045,0.003647931,0.007549718
5547,4050,112.80835,0.5318377,0.24770999,0.48068357
5548,1280,0.11378479,0.071103215,0.0018022582,0.0042535067
5548,1933,10.21563,0.52567184,0.02122324,0.042552084
5549,6457,3.598751,0.5804772,0.004179612,0.009224027
5549,4721,26.867817,0.58731574,0.05875937,0.11288104
5550,2704,224.19435,0.5466181,0.43274343,0.8430368
5550,4558,52.608845,0.56439054,0.10080068,0.19764695
5550,4557,24.179373,0.5605641,0.04967095,0.09465974
5551,562,1.359993,0.51616216,0.0018194765,0.004305914
5551,3930,113.465256,0.5325057,0.21897593,0.4257788
5551,5972,64.29819,0.5278702,0.12374032,0.24108301
5552,563,0.9758072,0.51940906,0.0018845946,0.004346043
5552,5553,33.058235,0.53700656,0.066974595,0.12762684
5553,3930,14.33342,0.534902,0.030284986,0.05953236
5554,2603,1.4857216,0.5173493,0.0026165694,0.0059790313
5554,5551,97.51523,0.52359945,0.18859152,0.36525238
5555,5554,1.3759651,0.50145143,0.0023236051,0.0050609857
5555,543,24.757496,0.5220144,0.05420069,0.10433922
5556,5557,24.137274,0.4021414,0.053866927,0.101777315
5556,2562,2.2246628,0.40558264,0.0045253113,0.00945282
5557,2340,31.580212,0.39851063,0.066790074,0.12627308
5557,5556,23.93378,0.40335166,0.053742062,0.10187862
5558,5559,51.326073,0.5514977,0.10682504,0.20714463
5558,554,22.320887,0.5519425,0.048605934,0.093018375
5559,5560,2.4197998,0.5518966,0.0018640086,0.0044308603
5559,555,52.20639,0.5545481,0.10951752,0.21227068
5560,5559,2.290882,0.5526513,0.0017267764,0.004126981
5560,5558,50.96949,0.5548038,0.10894965,0.21063215
5561,1585,21.145723,0.5255129,0.04591328,0.0880188
5561,5562,14.309664,0.52839804,0.03147973,0.060721584
5562,903,2.4013214,0.5284507,0.0045107827,0.00974077
5562,5561,15.936186,0.5287544,0.034394354,0.066310175
5563,907,3.2466354,0.5230886,0.0030397251,0.006924093
5563,1589,69.52333,0.52769417,0.13410833,0.26241776
5563,5104,9.652416,0.5248365,0.021326415,0.042173788
5564,5563,10.402645,0.52200127,0.022846706,0.045129523
5564,5565,33.066154,0.5218309,0.072409466,0.139426
5565,5564,33.68028,0.52163506,0.07306312,0.14110821
5565,5566,9.229752,0.5245018,0.020607874,0.040954933
5566,1381,2.0907516,0.52456975,0.0045486167,0.009917185
5566,5565,10.59198,0.52444524,0.02351278,0.046627596
5567,1383,59.554302,0.5172572,0.12631866,0.24634
5567,5568,21.390646,0.52350307,0.047912613,0.09249445
5568,1381,1.8397865,0.52386427,0.0037466213,0.008355796
5568,1382,9.731644,0.5220656,0.021432653,0.04249035
5569,5570,1.2926674,0.5392286,0.0018787608,0.00452441
5569,5991,95.81644,0.53727067,0.20748746,0.40134808
5570,4895,2.3996277,0.54179496,0.00068654865,0.002363816
5570,5571,8.622005,0.5412499,0.017566837,0.035292
5571,3416,70.11995,0.5383361,0.103469424,0.2021536
5571,4895,7.5787125,0.542693,0.014993355,0.029755965
5572,3430,1.569973,0.5258901,0.003517732,0.007733345
5572,5573,10.434717,0.52815545,0.02183646,0.0429067
5573,3430,12.545124,0.5267232,0.026264124,0.05125439
5573,6767,139.6561,0.528721,0.2689975,0.523122
5574,1190,69.79605,0.58403754,0.13397858,0.2641822
5574,2263,44.717506,0.59025884,0.09166882,0.17938507
5574,1168,122.18234,0.57992804,0.2520399,0.4935509
5575,2575,80.93118,0.62483543,0.15058462,0.29827422
5575,1471,21.544155,0.6212157,0.050374087,0.09767996
5576,2101,27.957184,0.61976135,0.05695924,0.10973568
5576,5343,80.97067,0.6166693,0.1496246,0.29612312
5576,73,54.97964,0.62195736,0.10409701,0.20442833
5577,5578,1.6953392,0.5686666,0.0021636486,0.0050727427
5577,639,48.82095,0.5691756,0.13107999,0.25730225
5578,5577,1.8231049,0.56577045,0.0026328936,0.006024331
5578,4837,72.94304,0.55963826,0.20605974,0.40363243
5579,291,39.58566,0.596228,0.07576247,0.1462006
5579,292,3.5059204,0.58990186,0.0050123185,0.010621771
5580,3223,32.862278,0.5717645,0.06974735,0.13602154
5581,6216,33.306736,0.33026755,0.07324949,0.1385394
5581,1833,60.210762,0.3201381,0.16233465,0.31923518
5582,5584,40.018745,0.5727312,0.0772244,0.14911872
5582,3965,2.5336266,0.56728894,0.005096592,0.010710746
5583,5239,64.11209,0.5631521,0.13360544,0.2620245
5583,5582,3.0713844,0.56717664,0.0067893863,0.0143132955
5584,5277,31.731167,0.571367,0.06332411,0.12028846
5584,5582,40.01938,0.5719419,0.07758942,0.15060788
5585,6126,1.8248291,0.39981917,0.003188692,0.0064545274
5586,5352,89.36775,0.46752977,0.1788545,0.34524196
5587,4030,20.88969,0.60459805,0.04857511,0.0946374
5588,2068,90.05025,0.58009255,0.16863765,0.33176053
5588,3977,59.798416,0.58996665,0.18476203,0.36221707
5589,5205,21.777641,0.57491696,0.048177652,0.09301574
5589,2216,11.727621,0.5712141,0.025083005,0.049693674
5590,1181,1.2883492,0.56821024,0.0025812015,0.0057560354
5591,5937,3.2754211,0.35770345,0.009119831,0.017373785
5592,6358,3.2341995,0.57407665,0.008950032,0.018580317
5592,5989,4.535801,0.57673055,0.008139752,0.017139405
5593,5152,3.028576,0.4816424,0.006150484,0.012625441
5593,1786,11.650698,0.48862374,0.027464546,0.05357009
5593,1782,42.571747,0.48097724,0.108556315,0.21119839
5594,4917,56.695824,0.5906371,0.14125428,0.2781353
5595,1324,6.272682,0.59468025,0.011359379,0.023249924
5595,2211,4.0039673,0.5943123,0.011124015,0.022489205
5596,5597,0.72549057,0.5684025,0.0026983544,0.005969435
5596,5598,21.80756,0.5811757,0.044145588,0.0848342
5597,5596,0.77967453,0.5714541,0.0031791106,0.007161692
5597,5599,13.893658,0.585144,0.036782134,0.071934156
5598,6164,31.797981,0.5916519,0.062749475,0.12058438
5599,5598,1.0990944,0.58317304,0.004572265,0.0101938695
5599,6261,48.80051,0.5940454,0.15460175,0.30205482
5600,2976,24.855593,0.59637934,0.050925374,0.098325275
5601,5600,1.2150841,0.6016692,0.0044775456,0.009790942
5601,3154,17.720757,0.6005817,0.046283703,0.09070547
5602,1142,160.6811,0.56602645,0.33554128,0.65518326
5602,1141,13.9277935,0.5828343,0.029743217,0.058281116
5603,1141,2.5261154,0.5749036,0.0015833303,0.004318759
5603,5602,15.496696,0.58130634,0.033562623,0.06545805
5604,5608,2.549694,0.6086072,0.004373044,0.0096309185
5604,5181,67.58531,0.61520886,0.18249178,0.3598101
5605,5043,1.9994888,0.6135875,0.005768597,0.012201682
5605,6130,34.38488,0.6164132,0.08465732,0.1644965
5606,5610,1.3879776,0.6021336,0.003995016,0.008771852
5606,380,24.8015,0.6091661,0.050488405,0.0960557
5607,4077,2.9592705,0.6024092,0.0030229017,0.0070540607
5607,5038,16.3222,0.6136573,0.035748303,0.07000278
5608,5036,2.9214516,0.60782045,0.003530778,0.008231983
5609,5604,1.791851,0.6133058,0.005280383,0.011146665
5609,5605,23.671852,0.61455274,0.055968177,0.106943816
5610,4930,2.2788353,0.60818475,0.0058771223,0.012528002
5611,750,1.5065918,0.573653,0.0073022544,0.014832586
5611,6950,72.578186,0.56903285,0.11745955,0.22477397
5612,1262,1.862133,0.41194236,0.0031062067,0.0064272583
5612,2307,24.109879,0.41977292,0.052214034,0.09874534
5612,2995,151.32191,0.42916244,0.15113762,0.29252145
5613,605,27.045393,0.56675285,0.0576026,0.11034699
5613,4337,59.444622,0.55878836,0.124481335,0.24226719
5614,1811,30.952282,0.5685312,0.067454234,0.12875524
5615,3545,15.481417,0.56940776,0.03199943,0.062421635
5615,5408,14.15749,0.5683774,0.029317498,0.057176672
5616,1947,79.30635,0.5672961,0.1508207,0.296291
5616,5802,18.167269,0.57398975,0.03725896,0.07231182
5617,5623,1.2589073,0.56668955,0.006047711,0.011694163
5618,1386,3.2719803,0.56018424,0.0059916303,0.012199044
5618,696,1.9751701,0.5684711,0.0029555187,0.0060124993
5618,7062,28.386131,0.012089968,0.15217002,0.32495406
5619,6123,0.0,0.035276234,0.007857345,0.014020532
5620,5933,6.5021667,0.57183665,0.012869358,0.025950804
5621,5620,2.225422,0.5752394,0.0031487271,0.006813973
5621,5619,1.7963676,0.029491752,0.017146192,0.03330016
5622,5617,2.7266045,0.5708804,0.0051720813,0.011044398
5622,1386,35.113667,0.020157069,0.18742502,0.3957056
5623,4199,3.500126,0.5804386,0.006631553,0.013473317
5623,5797,78.43903,0.5665453,0.25462413,0.499682
5624,5108,2.5633392,0.5704836,0.004490331,0.00986293
5624,6844,10.142727,0.57123035,0.011976279,0.024895683
5625,2416,56.58945,0.56735384,0.12183684,0.23787707
5625,4825,7.175373,0.5711453,0.015579134,0.03134182
5626,4823,0.0,0.33073413,0.00032103807,0.0008889437
5626,5625,1.1931992,0.5678943,0.0044142455,0.009877801
5627,5798,1.0737,0.05351743,0.00875634,0.017528549
5627,5626,2.3987122,0.57090473,0.0060423315,0.012308776
5628,5805,33.302536,0.6015193,0.08002335,0.15735754
5629,5082,3.4642792,0.6094551,0.0049753785,0.010510832
5629,5083,2.5425873,0.6097586,0.0055406243,0.011549115
5630,4657,2.383007,0.60663944,0.0028866082,0.006874904
5630,5040,32.594315,0.6135684,0.069922104,0.13639018
5631,2612,0.0,0.37671468,0.0012410805,0.0025989264
5631,438,21.495476,0.598602,0.05154885,0.09970007
5632,6238,2.679222,0.5916989,0.0048051104,0.010367647
5632,5049,47.77133,0.5911022,0.11674156,0.22779948
5633,6035,1.4904823,0.6404841,0.0023180395,0.0052328557
5633,6034,1.741291,0.6385193,0.002703093,0.005856037
5633,4626,66.23862,0.6471421,0.12989502,0.2568079
5634,5635,1.9942131,0.56640124,0.0068768933,0.014403254
5634,1814,165.72324,0.10468578,1.2650982,2.595016
5635,2950,111.61457,0.55747736,0.2350021,0.458857
5636,293,2.0575752,0.38550088,0.007222384,0.009385467
5636,5637,2.7886238,0.66400236,0.0034880042,0.008305699
5637,659,21.426151,0.35855076,0.07136884,0.12194635
5638,4239,0.8942604,0.5866654,0.0023961216,0.0049708635
5638,4236,33.03216,0.602962,0.07126631,0.13791524
5639,5466,0.0,0.07017022,0.0016704425,0.0034807473
5639,6889,23.729288,0.51991516,0.05319319,0.10307216
5640,5639,1.6825333,0.60181683,0.00339441,0.006959319
5640,7034,33.245285,0.026713312,0.13812812,0.2896768
5641,5640,0.0,0.20511022,0.0021934956,0.004605651
5641,5644,86.07456,0.6035892,0.18091498,0.35567915
5642,5638,1.6291008,0.5951382,0.0031713322,0.006861493
5642,2109,16.469223,0.5976646,0.037294146,0.07268013
5643,56,65.64993,0.5958015,0.082323074,0.15929775
5644,5361,1.6039429,0.6051651,0.002790518,0.0064701885
5644,5646,10.397404,0.6073706,0.021836624,0.04318644
5645,5644,1.696518,0.6006552,0.0035524443,0.007882893
5645,5640,87.11943,0.611296,0.18363935,0.35978448
5646,817,92.202644,0.60591435,0.17303415,0.34003693
5646,2373,45.25627,0.60373443,0.09527207,0.1839503
5647,4108,1.2921181,0.034536093,0.0044311658,0.008272916
5647,4110,20.236214,0.62404203,0.042452116,0.08352153
5648,5144,1.0203705,0.07387364,0.0032862723,0.0061066747
5648,4109,32.277054,0.6209427,0.062724344,0.11828663
5649,5652,1.7213631,0.60695755,0.0022791326,0.005429238
5649,2145,38.3312,0.6098629,0.07981225,0.15561604
5650,5649,1.8827629,0.60661656,0.0034604743,0.007785961
5650,390,67.5235,0.6121192,0.13020629,0.25714165
5651,5650,1.708641,0.60418296,0.0020221919,0.0048137754
5651,6283,125.12325,0.6092443,0.2582435,0.5080074
5652,5651,1.7947998,0.6049003,0.0031339899,0.007253751
5652,4043,88.67404,0.60755134,0.101073205,0.19888012
5653,1828,1.9914322,0.46329206,0.0028110445,0.0054105967
5653,717,28.645855,0.46968952,0.06034326,0.11453256
5653,4856,23.220547,0.47214204,0.050147526,0.095137626
5654,1097,2.4306564,0.5737197,0.009435698,0.019030944
5654,1100,2.663742,0.57614523,0.009951584,0.01940617
5655,5656,72.59749,0.6165381,0.21789527,0.42897582
5655,3869,39.618626,0.63164765,0.10155972,0.19801322
5656,5601,30.14355,0.61044866,0.0914952,0.1785301
5657,31,1.4638863,0.61609006,0.0027492642,0.006160125
5658,4486,19.106344,0.58165914,0.05131236,0.099759124
5658,4486,27.680033,0.5840036,0.05510384,0.10478688
5659,6474,1.6402092,0.5466832,0.0018494949,0.004733488
5659,3671,118.61252,0.5354264,0.30600142,0.59372234
5660,3099,34.864876,0.64263153,0.057384443,0.108871005
5660,1630,2.204895,0.60986817,0.0037777945,0.0066789687
5660,3126,71.78158,0.65211177,0.14166738,0.28010383
5661,5662,3.2145958,0.6411562,0.0055108517,0.011417478
5661,5349,13.843147,0.649509,0.024364538,0.04826501
5662,1749,2.796955,0.64085156,0.003016509,0.006664425
5662,6673,16.213522,0.6455662,0.032328505,0.063462615
5663,6672,25.30005,0.643566,0.042142373,0.081436835
5663,5795,116.61873,0.6473316,0.16129233,0.31714678
5664,4671,0.9881325,0.48086986,0.003838703,0.0081721395
5664,4673,160.64018,0.460996,0.32307234,0.62353885
5665,4592,2.9668274,0.47275996,0.0030595362,0.0067774206
5665,6092,75.41555,0.48047638,0.16608891,0.32025594
5666,3983,1.008812,0.23548868,0.0033139288,0.007302314
5666,5665,6.983925,0.47222862,0.015177347,0.0301795
5667,2012,1.6061592,0.45139033,0.004596688,0.009310469
5667,2010,15.198044,0.45534262,0.033285763,0.063992165
5668,5667,1.8882408,0.4587639,0.0039155483,0.008153588
5668,3992,27.789375,0.45941877,0.06761815,0.12878412
5669,4171,6.1434975,0.65911335,0.011403829,0.02335754
5670,5671,2.7503357,0.5618425,0.0027351007,0.00639686
5670,6467,165.54486,0.54639816,0.4406009,0.8613056
5671,6042,0.97242737,0.56024814,0.00378678,0.0077352077
5671,3304,219.3629,0.5640455,0.31767374,0.61864454
5672,5670,1.0708885,0.55732375,0.005126916,0.010502234
5672,3536,62.76168,0.5583648,0.20187518,0.39429265
5673,5674,2.2077904,0.5627995,0.0033653006,0.0074171424
5673,4753,30.541195,0.5658565,0.07761599,0.15078059
5674,5673,1.849205,0.56473887,0.0025597513,0.0058279783
5674,4757,72.263596,0.55998164,0.20010738,0.39123666
5674,844,25.906822,0.56624573,0.052571803,0.099961504
5675,5676,2.0294037,0.56154275,0.0031829774,0.007140875
5675,4102,2.2447357,0.56670654,0.0040891096,0.008846924
5676,1877,2.582222,0.56403154,0.004049681,0.008439422
5676,5677,4.681694,0.56517303,0.010094352,0.020308122
5677,5678,1.5083275,0.5662854,0.0018904805,0.0046937168
5678,3183,26.981953,0.5605475,0.055609453,0.10587727
5678,5675,2.8943863,0.5612614,0.0065960363,0.013715491
5679,5680,1.3348274,0.5490633,0.0020063967,0.004725814
5679,4345,1.8276367,0.560356,0.0036847666,0.008120209
5680,5681,3.4091034,0.55948395,0.0077407435,0.015623927
5680,1876,37.11307,0.55738884,0.07293465,0.14111832
5681,5682,1.7689934,0.558251,0.002376683,0.0054787993
5681,1880,3.7849617,0.5624308,0.0074673593,0.015314013
5682,5679,2.987484,0.5585455,0.0067161545,0.013896555
5682,3276,7.3041306,0.5588108,0.0143126175,0.028296113
5683,869,1.4362984,0.57372737,0.0018407181,0.0044964105
5683,4178,93.10925,0.57287794,0.17413975,0.34297037
5684,356,6.459896,0.63610095,0.01171577,0.023597464
5684,4789,64.39277,0.6412276,0.11665386,0.23141515
5685,6326,70.858444,0.58177364,0.17634583,0.3442157
5686,5734,38.072556,0.5803908,0.07413676,0.14441326
5686,5685,12.721493,0.57489276,0.023497857,0.04634416
5686,4720,20.909235,0.57222265,0.042728234,0.08220631
5687,5688,1.8755531,0.48363551,0.0065229684,0.01359275
5687,4045,87.5366,0.50034297,0.28974876,0.56359345
5688,1820,77.80553,0.49541157,0.11548884,0.22323444
5689,3069,2.34692,0.56967765,0.0027787983,0.006778449
5689,3218,0.0,0.5549423,0.00673382,0.013825625
5690,6521,34.340023,0.5458444,0.06740057,0.13141406
5690,5691,10.748777,0.54901046,0.021994025,0.043204397
5691,2966,1.6220207,0.54640627,0.0016160533,0.0041074753
5691,5692,9.376923,0.54545164,0.01954709,0.038808957
5691,3898,45.480366,0.5491507,0.07132001,0.13842022
5692,1160,72.7343,0.5497878,0.13989648,0.27385604
5692,2966,9.46468,0.5465167,0.019759953,0.0389224
5693,5695,4.0819817,0.57515085,0.009095155,0.018649906
5693,6171,4.107136,0.5749087,0.0074057654,0.015203118
5694,5999,2.4583626,0.57762897,0.0035546347,0.007479802
5694,3468,3.3536072,0.57496077,0.0072341785,0.014910877
5695,4647,2.7785034,0.5754033,0.0053643286,0.011476174
5695,5694,1.0852509,0.57357866,0.0012422726,0.003161803
5696,5697,1.6575241,0.5929078,0.0023015663,0.0052425712
5696,4582,35.144653,0.59744936,0.08634727,0.16697112
5697,5696,2.1818542,0.5963428,0.0031475052,0.006927684
5697,852,44.64358,0.5962498,0.08606088,0.16925657
5697,3124,5.502033,0.59627026,0.012770243,0.025192052
5698,442,3.0094566,0.58745426,0.005772628,0.012238026
5698,2952,131.21915,0.5730372,0.27308807,0.5336215
5699,2267,74.04589,0.5680448,0.14054418,0.27614194
5699,5700,1.8004036,0.5677156,0.0024673343,0.005557701
5700,5699,1.8125648,0.56635517,0.0025065541,0.0055752546
5700,2270,111.139114,0.5592463,0.21048191,0.4113229
5700,5884,47.82793,0.57147616,0.090285294,0.17540789
5701,5886,20.004253,0.57248366,0.043702655,0.084785804
5701,5702,0.89242554,0.36993912,0.0025331154,0.0056963414
5702,4375,1.8483276,0.5799195,0.0038925558,0.008217201
5702,5854,22.336962,0.055508047,0.07057105,0.1464001
5703,4068,2.2234306,0.5746372,0.0038299859,0.0076500922
5703,2269,153.77887,0.55389977,0.29309738,0.5702292
5703,5701,65.7781,0.37945965,0.17306463,0.3484073
5704,3661,2.2816925,0.5984717,0.0038659647,0.008591279
5704,6337,6.331726,0.60032725,0.014885947,0.029934168
5705,6096,1.6815224,0.60196084,0.0019225031,0.0041896403
5705,1732,77.126816,0.6051607,0.19524297,0.3843197
5706,5707,14.741213,0.6264978,0.03114155,0.0611303
5706,1619,14.565617,0.6294151,0.03055856,0.0600103
5707,6040,17.765902,0.6304281,0.03773925,0.07356603
5707,1620,2.5235062,0.62705266,0.0014335215,0.0041584373
5708,6201,211.3457,0.5412689,0.4884957,0.9556394
5708,6575,33.925354,0.550276,0.068929866,0.13353361
5709,4355,1.9552612,0.5986702,0.0037136376,0.008361444
5709,5913,29.557388,0.6108316,0.07177928,0.13959254
5710,347,0.4003601,0.23426923,0.0024607182,0.0049212575
5710,4463,61.592316,0.58732104,0.12937915,0.25350586
5711,4500,0.8648529,0.5712053,0.004972741,0.010056287
5712,4814,1.1184883,0.57780457,0.003800273,0.008369267
5712,5588,23.811502,0.58927983,0.06571846,0.12649027
5713,1967,1.9349823,0.58383834,0.0035404563,0.007572651
5713,6607,54.49267,0.58548415,0.16460627,0.32282847
5714,1966,130.59888,0.58070254,0.2750185,0.5379683
5714,5713,0.43053818,0.5794757,0.004218042,0.008998781
5715,1105,39.699085,0.607693,0.08291379,0.16298643
5716,6710,3.1588707,0.6060179,0.007830903,0.016120687
5716,5715,3.1318588,0.60602736,0.004051186,0.009211421
5717,4006,2.1246529,0.5918522,0.0031986535,0.007240027
5717,2757,5.6028976,0.5927546,0.008944318,0.018364832
5718,4897,1.6287079,0.57537794,0.0023865923,0.005131349
5719,5515,2.3351135,0.45561552,0.009226948,0.017956853
5719,1899,9.1650505,0.46373278,0.02192302,0.04310468
5720,1841,1.3201599,0.5067157,0.0035440996,0.0073755383
5720,4836,6.92881,0.52654463,0.014170952,0.028281525
5721,5722,1.1954689,0.57329535,0.006216429,0.011906967
5721,1770,3.6397743,0.5733632,0.0094390735,0.019057482
5722,1772,1.2993431,0.56602764,0.004145585,0.00909102
5722,5724,2.2721138,0.5747027,0.006356083,0.012985766
5723,5721,1.2284813,0.57285285,0.006728895,0.013140202
5723,1774,3.7069817,0.5749872,0.010225512,0.02123271
5724,5723,1.3483543,0.57247275,0.004655957,0.009414494
5724,1775,2.505371,0.57461673,0.009824887,0.019255698
5725,3242,11.664949,0.57114524,0.0234662,0.046017528
5725,5726,4.819172,0.56933415,0.008895211,0.01772374
5726,3211,117.76263,0.5636117,0.22242218,0.43545562
5726,5725,2.9264908,0.5682306,0.0050147325,0.010634288
5727,4723,9.937302,0.031177491,0.0672087,0.14482029
5728,6264,3.1614418,0.5913912,0.0033177957,0.0070911944
5728,681,38.332275,0.5932621,0.07443158,0.14540651
5729,5731,1.3127289,0.58879006,0.0043777153,0.009363383
5729,3583,8.59766,0.5891361,0.0175336,0.03492327
5730,5733,1.5617638,0.5844902,0.005307421,0.010712445
5730,5729,2.2580605,0.5891319,0.0035977364,0.0071002394
5731,2943,1.904316,0.59262025,0.0053396374,0.011137173
5731,5732,1.7608223,0.5890305,0.0026355013,0.00619784
5732,3581,1.9311409,0.5843153,0.0029755905,0.006587699
5732,2943,2.443447,0.5864773,0.0043606907,0.0093977
5733,5732,1.502388,0.58931947,0.0021756664,0.0051674396
5733,3581,1.5610275,0.59360945,0.004361756,0.009053737
5734,6537,1.6235008,0.560385,0.001784794,0.0044045895
5734,6363,72.77472,0.5796894,0.1384373,0.2704113
5734,5686,38.31316,0.5800761,0.0749099,0.14546569
5735,283,17.261684,0.58858496,0.040836856,0.07918158
5736,5737,1.7750893,0.51950276,0.0033038482,0.006991118
5736,79,67.53936,0.5175875,0.1313909,0.25703818
5736,3886,68.43332,0.51480424,0.23160371,0.44929552
5737,5736,1.9988289,0.5178327,0.0036985278,0.008179724
5737,2640,73.59392,0.52283293,0.15892941,0.3092184
5737,2266,38.231934,0.50726986,0.12651955,0.24729548
5738,2638,1.3981323,0.49341905,0.0023811013,0.004907444
5738,3402,46.289257,0.49298385,0.101675175,0.1958997
5738,237,21.329327,0.4974918,0.045877203,0.08807252
5739,3865,1.7694016,0.49175632,0.002561003,0.0054453313
5739,5738,38.27902,0.4975654,0.08377753,0.16008866
5740,4235,41.98357,0.57695544,0.06642127,0.12720607
5740,5741,6.2786293,0.57995266,0.012224078,0.024823248
5741,6784,62.937767,0.57772887,0.093140416,0.18110481
5741,5742,6.304222,0.5841633,0.012277782,0.02508539
5742,7017,10.597097,0.578472,0.021331027,0.042092472
5743,5064,50.95177,0.56860656,0.10427444,0.19626541
5743,5740,39.94297,0.58223736,0.07754153,0.14828694
5744,5745,7.0705605,0.35039592,0.015365146,0.026733026
5745,736,6.174404,0.3881716,0.013861708,0.02393879
5745,2537,3.9633942,0.3778301,0.008353934,0.0133558065
5746,2325,3.7637901,0.6198484,0.0074843094,0.015840858
5746,2537,3.1437225,0.60193866,0.0043270737,0.009239033
5747,605,4.320133,0.5630609,0.0051217824,0.011061534
5747,5614,27.312267,0.5640592,0.060229503,0.11552995
5748,3298,35.408302,0.5537398,0.06081798,0.11658575
5749,5750,2.1508026,0.44783562,0.0030689314,0.0061696023
5749,3721,5.7909966,0.4513393,0.012747876,0.024878666
5749,3722,4.240711,0.449496,0.008119106,0.016196892
5750,5749,1.975254,0.44826397,0.0028120056,0.0056115985
5750,3728,5.24205,0.45463276,0.010735184,0.02074641
5751,3629,1.8439713,0.4502411,0.0028106868,0.0059963465
5751,5755,4.3883934,0.44390342,0.009745017,0.019246742
5752,5751,2.0710144,0.44233215,0.0036068186,0.007361099
5752,5753,3.3007927,0.44307727,0.006555289,0.012961537
5753,2997,2.218525,0.44602054,0.004481621,0.009022459
5754,5752,3.6899529,0.44181293,0.007999785,0.01569277
5754,2197,16.109924,0.4468431,0.034183215,0.06592292
5755,5754,1.7423973,0.44197053,0.0029182732,0.0059241354
5755,4041,2.5046768,0.44196275,0.004939221,0.010266274
5756,5078,60.119976,0.57172084,0.15234533,0.29869965
5757,5756,2.2776222,0.56596404,0.00634671,0.013018802
5757,5411,12.943668,0.57733434,0.026649095,0.052440166
5758,2116,148.9277,0.46922714,0.2988833,0.5771902
5759,267,1.4142952,0.6038481,0.0040709674,0.0090121925
5759,3675,2.679161,0.6082748,0.0043940768,0.009267718
5760,2657,1.4756546,0.52947325,0.0027463734,0.0059050024
5760,2660,31.251862,0.5234483,0.063681446,0.12051788
5760,5051,103.34407,0.52490366,0.20237136,0.39161623
5761,5764,1.1536217,0.4348796,0.0014964715,0.003477469
5762,5765,4.8623314,0.5229024,0.0094163045,0.019232318
5763,5762,21.157246,0.517608,0.044788156,0.08592076
5763,6610,39.12511,0.5204273,0.07723786,0.14953588
5764,5763,22.05819,0.5252438,0.047199436,0.09089893
5764,5762,1.1913528,0.5170097,0.0022284165,0.005240321
5765,5236,4.636795,0.5226024,0.009443566,0.019306943
5765,5761,1.6498833,0.5238509,0.002731651,0.006066203
5766,4306,67.112,0.5389139,0.13843103,0.27115262
5767,6408,1.9013939,0.57882303,0.002693385,0.005797431
5767,2573,2.2917328,0.58020896,0.005185619,0.010799885
5768,2816,1.6998291,0.55714804,0.0047119483,0.009941325
5768,2817,4.847309,0.5643628,0.0082647875,0.017332613
5769,2808,7.292759,0.5658898,0.0077724084,0.016267344
5769,2818,5.094105,0.56740594,0.009186879,0.01852578
5770,1748,165.25772,0.5602544,0.31437123,0.6141028
5770,5771,14.702015,0.54643524,0.030273538,0.05888121
5771,5149,26.700779,0.54717124,0.06461645,0.124898836
5771,6535,7.857811,0.5386272,0.015766844,0.03110136
5772,5773,2.0807762,0.56037235,0.002017215,0.0045123845
5772,7081,62.83281,0.5661413,0.116953865,0.22543004
5773,5772,1.6647682,0.5620227,0.0012300909,0.0031326264
5774,7083,7.5346985,0.57027245,0.014732964,0.029554963
5775,5776,0.7912369,0.37888515,0.004116133,0.0038957894
5775,4091,17.078627,0.39031804,0.053895578,0.091097966
5776,658,3.3523445,0.38486177,0.0053917095,0.0060370266
5777,4156,21.597399,0.18525481,0.051531438,0.09598628
5777,5778,23.232632,0.16395333,0.05678648,0.10550722
5778,1975,3.6177292,0.15174273,0.0070982873,0.01485835
5778,5777,24.568756,0.17287806,0.05906271,0.10942697
5779,6686,18.57451,0.58439124,0.04672591,0.09068594
5780,275,79.9136,0.44070646,0.16223028,0.31253797
5780,5233,1.904808,0.4378345,0.00314489,0.007916406
5781,5782,0.7890892,0.3172071,0.0011757463,0.0022265762
5781,5231,2.0137215,0.44943333,0.004255198,0.009107068
5782,5233,1.440815,0.19870159,0.0,0.00079645216
5782,5780,1.1057701,0.4352666,0.0018500313,0.004913971
5783,2118,2.1683998,0.44706967,0.002413109,0.0049730837
5783,3776,8.321457,0.44941387,0.01714316,0.033295363
5784,6786,116.813324,0.56211126,0.24337438,0.4755258
5784,3033,10.889275,0.5648076,0.023536995,0.04632403
5785,5097,2.0079918,0.561151,0.003879629,0.008549273
5785,5786,3.5249634,0.5660391,0.0073583275,0.015094787
5786,615,1.5354042,0.5637244,0.003352277,0.007660717
5786,5785,2.856083,0.5698696,0.0062434375,0.013012812
5787,616,81.35857,0.5624269,0.24331257,0.47703475
5787,5788,15.325985,0.5636813,0.03340252,0.064912215
5788,5787,13.001013,0.5638289,0.031489883,0.061440244
5788,615,1.2697601,0.56357753,0.0054982677,0.011329129
5789,3415,1.0255089,0.54297626,0.0034566224,0.0073934644
5789,1613,20.49166,0.0195387,0.08930537,0.18336944
5790,5791,2.4081726,0.54412055,0.0012707338,0.003673777
5790,4894,21.408726,0.5431138,0.047296196,0.09108009
5791,5790,2.5158615,0.54291064,0.0015851334,0.0042199492
5791,5816,17.900095,0.54328805,0.039083034,0.075951524
5792,5007,4.4282074,0.54425114,0.009562008,0.019420385
5792,901,3.4328575,0.5361155,0.0036151186,0.008321464
5793,4891,2.293808,0.5408792,0.0016351789,0.0039488375
5793,564,60.68759,0.5424316,0.12930137,0.25196913
5794,2334,1.4354362,0.44257855,0.0045150816,0.00900276
5794,5871,82.99084,0.44907144,0.2844051,0.54881996
5795,5663,116.25984,0.6424918,0.16179903,0.3183327
5796,5797,0.43363953,0.45385152,0.0016377643,0.0030947626
5796,4823,5.75922,0.56848323,0.01113297,0.022669435
5797,5798,3.0518074,0.56565875,0.007669911,0.015507191
5797,5796,1.2857475,0.46272844,0.0034722537,0.006161943
5797,5626,3.6466446,0.55967635,0.012303226,0.024082527
5798,6868,2.2113838,0.57263577,0.0064534545,0.012991682
5798,5797,2.8592453,0.5677924,0.0076798424,0.015545264
5798,5479,40.739216,0.001336813,0.22503266,0.48717684
5799,5800,1.2838936,0.44073373,0.00438679,0.008786395
5799,5902,25.593668,0.447535,0.073256396,0.14055598
5800,5799,0.9746742,0.4394996,0.003998898,0.008342192
5800,5027,34.721455,0.4387481,0.073557034,0.13698207
5801,609,1.7244873,0.56913066,0.0029628351,0.006896779
5801,610,27.715803,0.57222724,0.059828933,0.11510045
5802,4785,3.7170334,0.57254803,0.005710818,0.012010798
5802,730,2.2910728,0.5694284,0.0039685667,0.008602813
5803,1793,1.362011,0.53066427,0.0019203722,0.0044735223
5803,5804,17.080791,0.53253275,0.035872605,0.070095256
5804,722,1.5294228,0.533957,0.0021017045,0.0049930066
5804,1793,16.290283,0.5315863,0.03446593,0.06704315
5805,4283,1.3163757,0.5914227,0.0034456328,0.007504344
5805,2766,15.682028,0.5952804,0.036222827,0.07081447
5806,2402,1.7344513,0.4716198,0.0025112256,0.005189553
5806,3690,62.70014,0.47337928,0.16944909,0.3276623
5807,5809,27.622662,0.5451907,0.057023194,0.10900604
5807,5378,12.366795,0.5529741,0.024920665,0.04995042
5808,4945,0.32777023,0.03565398,0.00081222504,0.0015877634
5809,5807,27.386349,0.5447085,0.05709192,0.10895803
5809,6545,1.7663727,0.5440502,0.0024851337,0.0056298524
5810,5809,1.5427017,0.54425883,0.0025344864,0.005891651
5811,2273,1.9768028,0.5150429,0.003972389,0.008228242
5811,3989,3.2000656,0.5178631,0.0030078068,0.007067263
5812,5364,60.473404,0.36302117,0.20987347,0.33531868
5812,2125,27.450066,0.3915261,0.09927327,0.15923025
5813,5814,2.5004272,0.5544481,0.0048453435,0.010534883
5813,2796,110.135155,0.554677,0.23052701,0.44986683
5813,7005,24.459677,0.555702,0.053168196,0.101786636
5814,5813,2.33012,0.55256486,0.0045654997,0.009741783
5814,4482,175.64778,0.54097456,0.3700322,0.7188764
5815,5816,2.490509,0.5415945,0.001914382,0.004594028
5815,5790,18.249424,0.5398398,0.039989114,0.07758115
5816,898,20.518887,0.54207194,0.045373928,0.087578826
5816,5815,2.7498398,0.5383954,0.002192594,0.0051249117
5817,5818,2.5881195,0.54196346,0.0021633804,0.005058706
5817,4893,26.451134,0.54254097,0.058120076,0.11104783
5818,5817,2.6570168,0.53794163,0.0020946711,0.005100459
5818,5792,24.789164,0.54505223,0.05483757,0.10631978
5819,5675,2.3996887,0.55862373,0.0040305257,0.008511886
5819,4102,8.546341,0.56008,0.00918524,0.018987581
5820,5821,1.3475342,0.5026052,0.0047703683,0.0097261965
5820,77,18.71635,0.4998878,0.05212414,0.10173688
5821,5820,1.6696014,0.5019303,0.005028233,0.01053752
5821,3121,18.178602,0.5039639,0.0379484,0.07351527
5822,1701,2.1179543,0.5500675,0.004544914,0.009391412
5822,5823,2.5229034,0.55249923,0.007493697,0.01531966
5823,4197,20.985004,0.55459195,0.050849292,0.09795461
5824,1428,15.876503,0.55464005,0.034431335,0.06640535
5825,3789,1.3890076,0.5534613,0.005448073,0.011512607
5825,5824,2.558178,0.55630827,0.008057088,0.016251475
5826,83,1.3824005,0.5445651,0.005087219,0.010962367
5826,5827,2.0791435,0.54731715,0.0063155964,0.013271213
5827,6087,1.3358116,0.5440855,0.0025518984,0.0056689978
5828,82,2.2538643,0.53392446,0.003951095,0.008641526
5828,4107,16.060175,0.5424271,0.03022372,0.05928409
5829,5830,1.2605171,0.5714958,0.003817089,0.007846087
5829,5443,128.85219,0.5659712,0.24438298,0.47755486
5830,745,197.72903,0.5711995,0.52756345,1.0359267
5831,5832,0.6749344,0.572961,0.0030364096,0.006552696
5831,3149,101.5616,0.5693501,0.27581108,0.5395168
5832,5831,0.8458519,0.56978536,0.0028518513,0.0057745576
5832,2758,4.7650375,0.5742073,0.008350246,0.016841114
5832,3464,52.453964,0.5777412,0.09997657,0.19520116
5833,4541,1.360733,0.5403378,0.0024686456,0.0051930696
5833,2704,41.04153,0.5533596,0.079416454,0.1537739
5834,3184,1.0586891,0.41547763,0.0015622824,0.0031848252
5834,5835,3.7430992,0.5700473,0.006859824,0.013989732
5835,3185,0.86063766,0.28467426,0.00081463903,0.0014727116
5835,5834,3.502777,0.56800544,0.006201692,0.012988046
5836,1457,2.0931168,0.5775092,0.005771987,0.011557013
5836,5837,1.545723,0.575626,0.00137458,0.0036104023
5837,5836,1.5379639,0.5740679,0.0014753118,0.0038672388
5837,3473,4.3976784,0.57532877,0.011323966,0.022877559
5838,3473,1.6828804,0.574048,0.0016662478,0.0042007864
5838,5836,5.1545334,0.5772491,0.012502223,0.025253832
5839,5840,1.8980179,0.5750588,0.0020886436,0.0047193766
5839,3996,2.007389,0.57300353,0.0023920313,0.0054044574
5839,5841,14.982248,0.5768629,0.03373416,0.06591528
5840,5837,4.156296,0.5786898,0.010619,0.02173628
5840,5839,1.9806786,0.5770142,0.002567619,0.0057766885
5841,5842,2.0676308,0.576838,0.0024214238,0.005639538
5841,5844,29.229723,0.5769054,0.0705449,0.13657057
5841,3585,1.8279305,0.57619464,0.0019579753,0.0048074573
5842,5841,2.3006973,0.57841957,0.0028383061,0.006467223
5842,3997,39.72018,0.57657576,0.0751834,0.14689605
5843,5844,1.7221832,0.5775521,0.002008304,0.004863292
5843,3585,28.705622,0.580572,0.07020585,0.13626938
5844,5843,1.9286461,0.57844687,0.0021304116,0.0049684495
5844,3998,2.07576,0.5738016,0.0052325428,0.011303619
5845,5846,1.8755951,0.5802754,0.0019871667,0.005050063
5845,6312,31.174088,0.58564204,0.0747457,0.14567296
5846,5845,2.0788155,0.57993615,0.0024339482,0.005883634
5846,3881,30.440693,0.5839794,0.07377511,0.1433666
5847,6278,1.4014168,0.56862575,0.0027565956,0.006189361
5847,4975,4.7419243,0.57131153,0.0041077062,0.008867845
5848,5611,91.55739,0.5731356,0.22159573,0.4331466
5849,5848,1.3648987,0.57384753,0.003547065,0.007765904
5849,782,119.45357,0.56898385,0.22404474,0.43779314
5850,801,49.05512,0.577794,0.09354639,0.18147139
5851,5852,2.7902908,0.6299852,0.002046615,0.0051057786
5851,5881,60.55819,0.6297126,0.12629089,0.24813186
5852,5851,2.8853798,0.63068295,0.0023424625,0.0055578053
5852,5032,92.691154,0.6375656,0.1920407,0.37807354
5853,6073,1.0706825,0.59952545,0.0021106452,0.004895568
5853,6074,1.676178,0.59912705,0.0046203956,0.010209158
5854,3533,4.0947876,0.04285428,0.010980524,0.02266948
5854,4375,22.115934,0.0139424205,0.07506837,0.15399265
5855,5857,3.0052795,0.6025792,0.0035154745,0.007917717
5855,5629,68.36763,0.60244554,0.096158594,0.18738094
5856,5855,2.7393456,0.6031285,0.003521733,0.0076236725
5856,1989,7.888916,0.6148037,0.018060565,0.03574446
5857,3596,1.5070305,0.60400194,0.0044926107,0.009329528
5858,3872,47.902233,0.6076924,0.08957543,0.17606966
5858,69,9.560173,0.60523283,0.018815503,0.03740552
5859,5860,1.6994781,0.59203476,0.0050742626,0.010564536
5860,5861,2.514656,0.5922092,0.0033977255,0.007743165
5860,1640,92.03601,0.58471406,0.23714569,0.46599454
5861,3506,1.8469276,0.5893719,0.00523559,0.010530382
5862,5864,1.831768,0.5975214,0.002810657,0.0063335
5862,433,3.3222084,0.59594864,0.006354004,0.013173148
5863,4987,1.6069336,0.60196817,0.00280191,0.0060923845
5863,2779,2.1709404,0.60452,0.0042470917,0.009065732
5864,5863,1.582161,0.60141957,0.002846323,0.0065719485
5864,5478,3.6923752,0.60558426,0.006816812,0.013789803
5865,6316,1.6875763,0.6035112,0.0027450398,0.0066630393
5865,6922,2.750885,0.6069575,0.0051075816,0.010939047
5866,5865,0.60980225,0.3921568,0.001200147,0.0026339144
5866,6372,28.374943,0.60544896,0.06178247,0.11811866
5867,5868,2.6161613,0.5672306,0.0030013546,0.006525308
5867,6356,26.265734,0.5723716,0.05303623,0.10168013
5868,5867,2.5508728,0.56364256,0.0030056238,0.0066788495
5869,5870,2.0510368,0.5677656,0.0058978423,0.012368962
5869,1102,90.671265,0.0,0.31449112,0.6583938
5870,751,104.95757,0.0,0.5389679,1.1206057
5871,1856,1.7470512,0.4740212,0.0030636862,0.0065154135
5871,1078,51.18205,0.47356665,0.16499266,0.321675
5872,5465,1.4584465,0.46511725,0.0046470165,0.0096607655
5872,1853,79.11439,0.44964582,0.27599806,0.5340034
5873,5711,1.9154282,0.58307767,0.0035808682,0.0074144453
5873,875,10.461622,0.57890964,0.026757956,0.05243571
5874,5873,0.0,0.573795,0.0031911582,0.006929174
5874,6787,39.339485,0.5861707,0.08278866,0.15961821
5875,4015,0.0,0.15498808,0.0022294149,0.003987178
5875,5876,0.8929901,0.5711909,0.0027386844,0.005373001
5876,5875,1.1267014,0.5809405,0.003523685,0.0070887655
5876,4501,39.50581,0.5855557,0.12590308,0.24561751
5877,5714,1.8232498,0.5820663,0.0036768988,0.0075228065
5877,872,27.795399,0.5842447,0.079427145,0.15614289
5878,2501,2.319294,0.6454289,0.0049856678,0.010409057
5878,1632,180.68607,0.6494793,0.6014893,1.1802362
5879,5880,2.937561,0.6231242,0.0019528568,0.005430579
5879,3492,22.32457,0.6265473,0.048246056,0.0937526
5880,5882,6.6900787,0.626392,0.013277046,0.026827127
5880,5879,2.6750908,0.6235397,0.0015073642,0.004815683
5881,5879,6.0949974,0.6264439,0.012265541,0.024961889
5881,5882,2.6887817,0.62484914,0.001756601,0.004699141
5882,5881,2.4236374,0.62347263,0.0015545785,0.004105836
5882,5852,60.33191,0.63162756,0.12504604,0.24619052
5883,3077,1.6538734,0.5446311,0.0022639632,0.0051754564
5883,4996,38.297596,0.5469923,0.07427788,0.14542983
5883,6239,25.969515,0.5456999,0.05736795,0.10942371
5884,6069,1.8750687,0.56343484,0.0027865767,0.0053474754
5884,1943,28.372894,0.04205531,0.097784474,0.20352355
5885,5884,0.12768936,0.04733458,0.0017725229,0.0042068064
5885,5699,49.62442,0.5678958,0.09282878,0.17776518
5886,5887,2.7585907,0.56474286,0.0019288063,0.005031869
5886,2269,60.42758,0.5662058,0.12737578,0.24799624
5887,5886,2.8556213,0.56650835,0.0027160048,0.006363347
5887,5702,20.7157,0.57410276,0.04632871,0.09031859
5888,1034,2.3711395,0.54060256,0.0051464736,0.010804772
5888,5889,7.0412636,0.5441501,0.012874134,0.026291505
5889,2621,19.562746,0.54344904,0.043426014,0.08414367
5890,451,235.4549,0.6254939,0.44094744,0.8649164
5890,5168,2.830597,0.6217484,0.0037898272,0.008184314
5891,5168,0.0,0.045454174,0.0033389926,0.0062226355
5891,5890,3.6858482,0.62362796,0.0063484833,0.013162807
5892,536,1.8423538,0.3493356,0.003472373,0.006790653
5892,3699,98.63806,0.37894702,0.2903343,0.56076866
5893,6290,2.3043823,0.42517325,0.004152499,0.008669972
5893,5894,3.9080696,0.4398305,0.006170757,0.012218118
5894,2303,50.9764,0.45861006,0.13173287,0.25508443
5895,1231,40.484234,0.40702903,0.08975082,0.17201056
5895,5896,3.8011856,0.41045138,0.009069487,0.017711401
5896,5897,2.1048508,0.41157,0.004715994,0.009255365
5896,1237,51.67614,0.3858122,0.13312776,0.2586102
5897,6626,1.7785187,0.40631586,0.0053440556,0.010649547
5898,5899,1.5112915,0.42204767,0.0049396977,0.009803832
5898,2544,35.65724,0.4174071,0.07600974,0.14296669
5899,5898,1.5572929,0.42110956,0.0050296187,0.010085791
5899,2555,118.286545,0.39609373,0.38807613,0.751405
5900,5901,1.3274078,0.43130624,0.0045269206,0.009086192
5900,5794,117.794365,0.43914926,0.34706753,0.67347467
5901,5900,1.5529099,0.43380845,0.0051445067,0.010269105
5901,2053,70.9587,0.43040916,0.14583984,0.28060883
5901,1238,18.251652,0.4271329,0.039100077,0.07521644
5902,5027,1.0001259,0.44277984,0.0048202723,0.009877771
5902,6829,24.754501,0.43607402,0.072361395,0.14060467
5903,5904,1.4962578,0.5176215,0.0048604235,0.010483637
5903,1991,178.75471,0.5024542,0.34360966,0.66413087
5904,4062,76.96036,0.5065611,0.15162076,0.294092
5905,1516,0.8649292,0.496458,0.0034144297,0.0074516684
5905,3197,52.6232,0.49442494,0.14313993,0.27982837
5906,1714,2.1930428,0.5182028,0.0037959293,0.007740915
5906,3826,5.7575493,0.521437,0.00549525,0.0116416365
5907,6484,1.2521248,0.62380743,0.002877079,0.0059541315
5907,2065,43.0915,0.65848386,0.1326313,0.2601126
5908,2728,2.3471756,0.4414258,0.0028391033,0.0058517456
5908,5893,44.828934,0.4322304,0.09278587,0.1779146
5909,2830,2.2972984,0.60927045,0.0037545636,0.007707566
5909,5910,2.7101173,0.61219394,0.0045440793,0.00887619
5909,5505,57.879803,0.611605,0.10818188,0.21139468
5910,5909,2.620491,0.6082264,0.00458622,0.009461954
5910,29,26.531715,0.61199725,0.054022443,0.10520574
5911,6992,1.1015549,0.5892796,0.0020586774,0.0047000647
5911,3339,8.342426,0.59877974,0.017197996,0.034245804
5912,1813,0.6969528,0.27007776,0.0057414994,0.008318305
5912,597,1.6964989,0.56801164,0.002935022,0.007165879
5913,5914,1.7794952,0.6011628,0.0017306432,0.004688829
5913,5940,70.94888,0.6098056,0.17244446,0.3378629
5914,5913,2.1474495,0.6022668,0.002502434,0.0061314553
5914,4355,30.015736,0.6111201,0.073030345,0.14256805
5915,4763,44.852665,0.6139608,0.10615674,0.20591027
5915,5916,2.2709084,0.60710424,0.002632454,0.0065155625
5916,5525,64.48219,0.611189,0.15914235,0.3122851
5916,5915,2.377182,0.60835934,0.0028167814,0.0068813115
5917,5918,2.3675156,0.5647479,0.0028647035,0.006850168
5917,5912,10.881815,0.5628303,0.037504755,0.0735807
5918,5917,2.437149,0.5672217,0.0032864064,0.007365659
5918,3209,9.776386,0.56386644,0.044407856,0.08740128
5919,0,1.6030083,0.5656498,0.005534351,0.011647314
5920,5921,1.5978851,0.5704554,0.0015511885,0.003969237
5920,5143,1.3466797,0.5744421,0.0041718483,0.009075299
5921,5920,1.484745,0.56870544,0.0014098287,0.0037893057
5921,4767,35.601715,0.5755458,0.08732337,0.16833839
5922,5923,1.3148766,0.5650698,0.0024207085,0.0051265806
5923,5336,1.6330681,0.56958276,0.002995789,0.006601244
5923,4786,1.6880379,0.569879,0.0031239018,0.0069366395
5924,4782,198.20898,0.5621323,0.4173885,0.8138094
5925,5926,2.8244133,0.56272745,0.002248153,0.005452767
5925,2480,145.20903,0.55764735,0.30027583,0.5836778
5926,5925,2.7113724,0.56290984,0.0020024106,0.0048650503
5926,5928,73.387085,0.5604864,0.15583003,0.3031276
5927,5928,2.8777618,0.5616995,0.0024883822,0.0058776736
5927,5925,71.86601,0.55803186,0.15119304,0.29400158
5928,5927,2.793251,0.56142443,0.0024093166,0.0056374967
5928,5930,88.95709,0.5571562,0.18784031,0.36493546
5929,5930,3.0267334,0.5621626,0.0027335435,0.006352499
5929,5927,92.107124,0.5564961,0.1925395,0.3735352
5930,5929,2.8498726,0.55970794,0.0022380874,0.0054416955
5930,4865,34.32853,0.5682157,0.07386495,0.1415846
5931,341,33.67035,0.6022968,0.07132568,0.13843507
5931,5932,23.070356,0.60444546,0.05081203,0.097953275
5932,340,71.291626,0.6030088,0.14902377,0.2927432
5932,5931,21.847607,0.60154325,0.047299717,0.09114937
5933,3489,6.4520874,0.57233244,0.010744363,0.021960393
5933,5619,0.9042587,0.5703375,0.0033492818,0.0070590973
5934,1084,1.7931519,0.58260506,0.0030359477,0.006623924
5934,5291,65.350365,0.5815333,0.13678522,0.2666263
5935,2606,1.7357521,0.53741264,0.0024120063,0.0054401755
5935,6755,19.155628,0.5422463,0.04196163,0.08115366
5936,5937,2.919201,0.35515815,0.004898794,0.009622291
5936,4525,1.4862022,0.3568554,0.008116521,0.015824243
5937,5936,2.3804817,0.3562787,0.0037820041,0.007364854
5937,1903,18.784126,0.34938484,0.053274978,0.10557237
5938,5291,2.704914,0.5803104,0.0025721863,0.0055956095
5938,1084,63.9179,0.579371,0.13541979,0.26497114
5939,2827,1.2871246,0.6004602,0.0032932758,0.006885901
5939,5419,9.401669,0.60465354,0.021692328,0.042197958
5940,5420,4.0950813,0.60181683,0.010040022,0.020242453
5941,3139,5.0498695,0.5245736,0.01251436,0.02540347
5941,1174,51.733677,0.52202106,0.11029387,0.21506438
5942,5943,2.714981,0.3019163,0.0024291128,0.004573345
5942,5944,30.528769,0.3058126,0.07404134,0.13890147
5943,5942,2.7311554,0.30161864,0.0024682432,0.004705578
5943,688,57.92671,0.2981227,0.13659465,0.26721984
5944,5945,2.615902,0.30877304,0.002531007,0.0048092455
5944,6926,28.289124,0.30909112,0.067839175,0.1273409
5945,5944,2.4453545,0.30893913,0.0022464618,0.004411578
5945,5943,30.973778,0.30538264,0.07485392,0.14091352
5946,5947,5.8293,0.5937487,0.009580068,0.019138426
5946,5948,3.0382729,0.59524953,0.004193045,0.008930683
5947,6328,2.2952995,0.59721005,0.002462484,0.0058244467
5947,6319,60.276978,0.5994221,0.08743556,0.16741595
5948,1859,3.146412,0.5976825,0.004655659,0.009560198
5948,1330,5.878044,0.59574425,0.011072911,0.022201195
5949,689,59.855225,0.3230994,0.14040287,0.27407932
5949,1520,5.8241196,0.31736428,0.013829581,0.025969207
5950,1520,1.7686768,0.3152572,0.0037239417,0.0070323795
5950,5949,4.672676,0.31668052,0.011757061,0.022399351
5951,2711,5.6369324,0.52237594,0.016341448,0.032341078
5952,5941,3.3194313,0.5194123,0.0077067018,0.016035974
5952,2712,5.643612,0.5206372,0.01684907,0.03365399
5953,5954,2.646988,0.5795249,0.0021186322,0.0052066743
5953,2744,17.49572,0.58262944,0.03784152,0.073298804
5954,5953,2.7294464,0.57856506,0.0021714866,0.005279213
5954,1239,12.887844,0.5838768,0.027973667,0.05493132
5955,5956,1.866394,0.5280481,0.0018457472,0.0042004585
5955,5958,48.6597,0.5286598,0.095343836,0.18485552
5956,5960,10.548656,0.53069824,0.021632276,0.04295416
5956,5955,1.810112,0.5282449,0.0017991364,0.0042563826
5957,5958,2.015995,0.52875173,0.0021364018,0.0048612356
5957,5956,48.76683,0.52776825,0.09572665,0.18553558
5958,5957,1.9158783,0.5283559,0.0019168481,0.0044219345
5958,5959,30.37413,0.5269534,0.061838113,0.118341476
5959,5961,1.8491898,0.52903366,0.0017463043,0.0041355044
5959,5962,15.651775,0.5295804,0.032841776,0.06389048
5960,4705,24.93461,0.5286045,0.06401924,0.12376354
5961,5959,1.8338928,0.52944255,0.0017177835,0.0040414482
5961,5957,30.276567,0.529001,0.061885737,0.118417665
5962,5004,10.058907,0.5301057,0.020444654,0.040352702
5962,5961,14.947418,0.5293854,0.031424332,0.061187148
5963,4305,21.611986,0.5110538,0.04795287,0.09199285
5963,5966,9.842213,0.5144641,0.021324947,0.042051002
5964,1205,1.3215141,0.5424057,0.002541326,0.0057203025
5964,6541,96.37364,0.5346024,0.18466763,0.36004004
5965,5966,23.092705,0.51151335,0.05058981,0.09665473
5966,5965,22.627836,0.5141698,0.04948601,0.09444546
5966,5963,9.740753,0.51292276,0.02111999,0.041650385
5967,1347,0.0,0.045999408,0.0045491382,0.007974222
5967,5964,1.5364494,0.54314584,0.001954928,0.004865393
5968,5967,1.4283524,0.54155236,0.0016564876,0.0033607185
5968,264,68.83391,0.02410233,0.36051747,0.7464779
5969,4768,47.307728,0.5680946,0.11484282,0.22347699
5969,1286,29.511423,0.57382405,0.07231622,0.14079392
5970,5342,1.2962608,0.53258896,0.0021367297,0.005154088
5970,3932,33.86115,0.5382462,0.06829708,0.1312149
5971,5972,1.1938896,0.5223643,0.0017845705,0.0041311085
5971,562,64.63001,0.53249204,0.12520115,0.24507862
5972,5552,1.8781624,0.5298622,0.002573453,0.0057786405
5973,1611,0.99409866,0.5284177,0.0042078122,0.008856535
5973,5974,31.309114,0.5319567,0.06312485,0.123224095
5974,5341,1.4459915,0.53527,0.0020459294,0.0045929104
5974,5110,32.346256,0.5343404,0.06512903,0.12506577
5975,5976,1.2105255,0.52875787,0.0015802085,0.003736645
5975,5111,31.396908,0.529717,0.06437537,0.123132065
5976,1608,1.4866867,0.53273314,0.0018913448,0.004170358
5977,5973,26.65789,0.53415596,0.06835223,0.13084482
5977,1609,5.460243,0.53323746,0.010423914,0.021110326
5978,5979,1.9952431,0.5145627,0.0025197044,0.0059066415
5978,5172,64.14645,0.520345,0.16442215,0.31880593
5979,5978,1.7277107,0.5164618,0.0020366684,0.0050201267
5979,257,35.209698,0.50996774,0.08857945,0.16727862
5981,3051,28.026392,0.5799848,0.08817407,0.17262736
5982,5985,1.881733,0.5814868,0.003681451,0.008132145
5982,5981,39.80877,0.58537996,0.077062234,0.15063564
5983,398,1.782177,0.58153474,0.0032965615,0.0071032196
5984,5983,0.0,0.56556195,0.0058025643,0.010202661
5985,5984,1.9557152,0.58404315,0.0031107292,0.0062387586
5985,5981,21.072199,0.58277446,0.078960255,0.15875782
5986,3051,2.2974815,0.5831826,0.0035597906,0.0075725764
5986,5984,47.17291,0.5899931,0.16868159,0.33146885
5987,734,0.53429794,0.5725595,0.00520806,0.01046209
5988,4700,1.7320175,0.5278968,0.002998516,0.0062072426
5989,6358,2.364334,0.57621956,0.004758604,0.00986208
5989,281,35.680733,0.5759591,0.07505214,0.14633903
5990,4598,1.707016,0.62763584,0.0036181957,0.008012712
5990,4596,22.437151,0.63092774,0.046289615,0.08939959
5991,5992,2.6480865,0.5401055,0.00201907,0.0050516427
5991,4890,3.008278,0.5390104,0.0067486465,0.013978496
5992,5991,2.7192497,0.53612715,0.002201289,0.0052875876
5992,5570,96.4539,0.53793836,0.20521143,0.39739853
5993,5994,1.3464699,0.5462509,0.004085839,0.007945985
5993,4237,8.751179,0.032265395,0.033044692,0.06381804
5994,5993,1.1175041,0.54580706,0.0033666417,0.0068985075
5994,917,16.683672,0.54196125,0.03601263,0.06985709
5995,5996,1.5441666,0.57259196,0.0015193895,0.003934175
5995,3823,71.35301,0.5732404,0.18273391,0.355813
5996,5995,1.9427032,0.5730493,0.002122499,0.0050693154
5996,4327,61.225773,0.57209885,0.16264273,0.31751356
5997,5102,1.8215294,0.4364112,0.0028614774,0.006094724
5997,5998,1.2072029,0.423263,0.0043623373,0.008812711
5998,5997,1.3721313,0.42663175,0.004354723,0.008759424
5998,539,20.291801,0.44662994,0.050791364,0.097887576
5999,5829,28.138424,0.57825935,0.056724384,0.1084864
6000,6001,2.3801613,0.4359523,0.0032497123,0.0069131404
6000,6878,44.831993,0.44808546,0.1117059,0.2172051
6001,5251,1.6179085,0.43860105,0.005161926,0.010765523
6001,6000,2.2470322,0.43448803,0.0030801073,0.0065214187
6002,691,1.18087,0.5725904,0.0039253756,0.008425951
6002,6003,29.896877,0.57318693,0.052613683,0.10125818
6003,223,10.949863,0.5719342,0.025140122,0.049529374
6004,6005,1.0085602,0.5258346,0.0038173273,0.008511603
6004,3454,29.605734,0.52575,0.087928936,0.16878824
6005,6004,1.2656822,0.5219688,0.004135318,0.008342043
6005,1821,111.03273,0.52694696,0.16284484,0.31819612
6006,2471,1.683075,0.45315087,0.0024491772,0.00519298
6006,6651,88.10515,0.45813793,0.23722032,0.4579032
6007,3468,1.9721947,0.5711724,0.0032044575,0.007336855
6007,3469,12.697775,0.5700234,0.015888438,0.03228058
6008,6009,1.5380974,0.5434212,0.0049199313,0.010478675
6008,776,3.6859665,0.54496527,0.012185261,0.024709612
6009,3880,5.5556755,0.54126036,0.0107037425,0.021709874
6009,6008,1.2938614,0.5416819,0.0042512417,0.008940145
6009,1160,119.80447,0.54415196,0.23037434,0.449445
6010,4493,2.1878738,0.5840957,0.0040204003,0.0085807
6010,5658,32.5231,0.5850234,0.09988062,0.19556922
6011,6014,8.67012,0.48911443,0.02353149,0.046126217
6011,6015,11.084068,0.49051487,0.026558697,0.052173942
6012,2452,0.22427368,0.045446843,0.0047758743,0.009189561
6012,6013,1.0478821,0.51582825,0.0034391433,0.007195309
6013,4147,55.339436,0.5096011,0.110373616,0.21619979
6013,6012,1.2686386,0.53026783,0.0035248697,0.007299915
6014,6015,1.4032135,0.48391894,0.004450783,0.009070739
6014,1713,26.724155,0.4842851,0.0599917,0.113663495
6014,6019,9.377766,0.48359764,0.022277117,0.043411285
6015,6014,1.4653511,0.4882313,0.0044464767,0.008916423
6015,6018,10.071926,0.48820424,0.02416674,0.04728189
6016,4780,1.2033424,0.52712345,0.0038982928,0.008037925
6016,6262,37.28539,0.53391504,0.0713181,0.13757946
6017,1713,28.551609,0.47739664,0.06309403,0.11951489
6017,6019,15.841074,0.47646236,0.03635406,0.07019212
6018,6019,2.1714172,0.479148,0.0029188842,0.0058996975
6018,1310,36.87809,0.47600177,0.091380715,0.17643271
6019,6018,2.0164375,0.4831215,0.0024892837,0.0051188916
6019,6017,16.517042,0.4800536,0.038254008,0.07374858
6020,2264,6.210438,0.521889,0.017569691,0.03474261
6020,6021,1.2513084,0.5220121,0.003691785,0.0074492246
6021,6020,0.76184845,0.51983804,0.0028722882,0.0058217496
6021,6386,3.014557,0.521668,0.011257127,0.022518367
6022,6023,2.6100197,0.64265144,0.0071176067,0.015514016
6022,3092,203.62486,0.62394565,0.2981352,0.5821439
6023,1634,33.550354,0.6425488,0.10104945,0.19692959
6024,6025,2.4723244,0.53737915,0.0016994551,0.004201457
6024,5307,23.597986,0.5427326,0.052190438,0.09935941
6025,6024,2.5323143,0.5377993,0.0019888356,0.0049398392
6025,5935,13.066589,0.5402004,0.028894134,0.056668
6026,6027,2.4665718,0.55395484,0.0016942993,0.0043488145
6026,6030,12.715542,0.5563904,0.027830318,0.054798692
6027,6026,2.3618088,0.5532951,0.0014190301,0.0037672967
6027,4697,26.773619,0.5589153,0.05858364,0.11169866
6028,6029,3.0542412,0.5548321,0.0024551079,0.005497411
6028,1143,36.577087,0.5557705,0.07852815,0.15103431
6029,6028,3.0078735,0.55495083,0.0027485788,0.0062638074
6029,2871,12.746557,0.55603355,0.027951866,0.054751694
6030,6031,2.6436958,0.55027986,0.0020250976,0.0049491078
6030,818,4.1626816,0.554797,0.009269379,0.018949255
6031,6030,2.264862,0.551703,0.0014300793,0.0036967844
6031,6027,12.322592,0.5532701,0.02718307,0.053471327
6032,6033,3.0506287,0.64800346,0.0025098994,0.0059433877
6032,4332,26.16721,0.648681,0.05575955,0.107778534
6033,6032,2.8331604,0.6489943,0.001966305,0.0049678683
6033,4781,51.321774,0.65111494,0.10579789,0.20637493
6034,5633,2.2194138,0.6427733,0.0035919324,0.0073910207
6034,3196,12.72784,0.63268113,0.022847824,0.044879556
6035,5633,1.9926682,0.6441858,0.0038381815,0.007998824
6035,6036,5.6153183,0.64477575,0.010817461,0.021689177
6036,1735,141.6442,0.6331592,0.27765158,0.5458911
6036,6035,4.481125,0.64877677,0.008364297,0.017189905
6037,2150,2.065487,0.63137007,0.0030402169,0.006001562
6037,6306,11.442591,0.03598669,0.07143648,0.15316658
6038,6039,2.7057648,0.6286521,0.0018889233,0.0048731565
6038,1660,19.556082,0.6329484,0.042030834,0.08124418
6039,6038,2.6832771,0.6271971,0.0016246885,0.00438416
6039,6041,98.02002,0.6330005,0.20068164,0.3941463
6040,6041,2.6718025,0.62793994,0.0016890764,0.0043819994
6040,6038,98.344055,0.6352041,0.20179658,0.39645356
6041,6040,2.6752014,0.62809724,0.0017146096,0.004583001
6041,1620,18.049862,0.6310246,0.038431257,0.07498544
6042,5672,0.6218376,0.5592069,0.004819602,0.009562328
6043,6044,4.871559,0.5555266,0.0047441646,0.010935679
6043,6617,10.158031,0.022214234,0.027489856,0.05393827
6044,6043,4.7878113,0.55484617,0.004555963,0.01043123
6044,979,2.1076317,0.02595365,0.0060843304,0.011638567
6045,6046,1.2187691,0.6166941,0.0036025792,0.008059636
6045,4466,26.203178,0.6200175,0.053179484,0.102957584
6046,6140,20.99014,0.6215062,0.051859654,0.10156122
6046,6045,1.5008965,0.61607003,0.0043482855,0.00937058
6047,6048,1.9187431,0.5926484,0.0018180683,0.0046705455
6047,6049,22.711573,0.59379905,0.04628871,0.08903763
6048,6047,2.038971,0.59233296,0.002138421,0.005090773
6048,5389,110.5077,0.5913987,0.21046567,0.41262698
6049,4928,158.7196,0.59168345,0.2978709,0.58648086
6049,6048,21.718567,0.5976811,0.04457823,0.08595198
6050,4208,5.0691414,0.61824816,0.009432323,0.018941611
6050,6051,1.3143692,0.61563545,0.0035672113,0.007797897
6050,4207,30.203232,0.6186269,0.06032113,0.11544522
6051,6050,1.5650024,0.6186122,0.00440453,0.009310067
6051,1414,24.103395,0.62123287,0.059991177,0.11746345
6052,690,112.74756,0.43400353,0.22895268,0.4411657
6052,6053,4.639923,0.420902,0.009413242,0.018081143
6053,5013,21.027151,0.42904472,0.045764387,0.08754412
6054,5299,1.1139908,0.5225108,0.003195621,0.0058127046
6054,5297,12.891184,0.5589752,0.027360402,0.05378461
6055,974,17.448965,0.5591439,0.036098354,0.069954865
6055,975,31.42709,0.56130844,0.062864296,0.121616036
6055,941,43.26523,0.5624129,0.11579965,0.22658987
6056,967,9.751568,0.5638361,0.021067515,0.041646585
6056,426,19.250387,0.56316245,0.04656023,0.09046402
6057,6058,0.97210693,0.5604842,0.0030668825,0.0068753064
6057,6778,47.7855,0.5686038,0.12032928,0.2367813
6057,949,36.965218,0.5705873,0.06260548,0.12028451
6058,6057,1.315136,0.564754,0.0040113106,0.008678332
6058,3562,15.520908,0.5644334,0.033927396,0.065642536
6059,957,34.77917,0.5661688,0.067293465,0.13101047
6059,261,33.814377,0.5643496,0.085927896,0.16666391
6060,970,28.92464,0.3197472,0.08352344,0.14732084
6060,959,44.818035,0.5683023,0.10988701,0.21206337
6061,6060,0.90141296,0.54695624,0.0028718114,0.005583361
6061,6062,1.920929,0.57005847,0.003932327,0.008526474
6062,6063,25.434557,0.571277,0.055868544,0.10676281
6063,6060,26.197096,0.57443553,0.059164163,0.11336554
6063,1259,2.9922066,0.5691916,0.0058440045,0.012270436
6064,6065,1.1434784,0.5675921,0.003892213,0.008556381
6064,4018,30.406658,0.5725447,0.06012409,0.1155727
6065,2440,21.248455,0.5700348,0.06029474,0.116963744
6066,3742,51.526203,0.5943678,0.105439715,0.205868
6066,4040,2.434269,0.5929199,0.004443839,0.009321898
6067,2022,1.428997,0.48927623,0.0019477531,0.004248649
6067,3732,97.69644,0.47029263,0.2631163,0.5079378
6068,4448,16.5103,0.61385506,0.035292916,0.06898324
6068,3484,9.415245,0.60474885,0.019414432,0.03843537
6069,6070,0.10109329,0.120328724,0.0013215244,0.0031582266
6070,5885,2.1113129,0.57157576,0.0033189133,0.0068086237
6070,5703,33.351547,0.24150571,0.0956975,0.1928346
6071,7071,2.8745155,0.036218464,0.013788074,0.027234733
6071,6072,1.8676987,0.6284033,0.0047003925,0.008973584
6072,3283,10.002609,0.6298436,0.019924149,0.03906162
6072,6071,1.3869286,0.62974095,0.0030298606,0.0059251934
6072,7069,28.80276,0.6315638,0.05950703,0.11401981
6073,5853,1.1048088,0.5990053,0.0021244586,0.0049194694
6073,4004,25.351105,0.61312395,0.05645137,0.11075533
6073,2565,25.57527,0.6106883,0.05451294,0.10581617
6074,4872,33.16117,0.6047917,0.07786779,0.1509404
6074,4872,36.777306,0.60429025,0.077425286,0.15045743
6075,6561,2.6248894,0.32597917,0.00721287,0.011538237
6075,3095,122.73327,0.6413398,0.18225907,0.35885704
6076,3097,3.0968933,0.6826409,0.003989108,0.008521929
6076,6815,3.691265,0.39316005,0.0110925585,0.015004784
6077,97,45.497,0.5359067,0.093557775,0.18239029
6077,6079,2.9775696,0.5437343,0.0063009337,0.012882128
6078,6077,1.656311,0.5393334,0.0034292862,0.007913217
6079,6081,0.5528984,0.027819663,0.0010636225,0.0013468564
6080,6082,1.3583031,0.5376802,0.0024782792,0.005597636
6081,6080,0.87041473,0.1851514,0.002721168,0.0058561563
6081,2198,6.976177,0.5357357,0.016014427,0.032756463
6082,6078,1.250145,0.53448147,0.0024062395,0.0051260293
6082,5062,9.17157,0.5356595,0.019732408,0.03914976
6083,6084,61.05043,0.62521887,0.11221192,0.2187533
6083,2124,35.8583,0.62633705,0.07074811,0.13731214
6084,6083,60.792885,0.6221396,0.11192175,0.21730793
6084,2123,15.6589775,0.62837565,0.03192281,0.06224849
6085,2020,18.149065,0.42574826,0.03911537,0.075418994
6085,6086,6.660473,0.42899853,0.013611995,0.026546538
6086,2040,65.39493,0.41331607,0.13311681,0.25655633
6086,6085,5.9140625,0.42790568,0.012102611,0.023676425
6087,3787,2.5494995,0.55044657,0.0018158183,0.004588902
6087,2582,131.78508,0.5454589,0.282963,0.5508635
6088,3107,2.6412773,0.5623672,0.028576188,0.0551814
6088,6089,1.3940811,0.5526583,0.0034751967,0.007293746
6089,6088,1.3564644,0.5493402,0.0033261105,0.007057786
6089,5201,22.3839,0.5584763,0.12304733,0.24635959
6090,6091,2.4881058,0.5613687,0.0018324777,0.00451687
6090,1429,18.611599,0.56537247,0.04017022,0.07790353
6091,6090,2.4633293,0.55987,0.0013648346,0.0037605464
6091,5319,12.623468,0.5621383,0.027998291,0.05524279
6092,2140,65.59714,0.49485597,0.14705838,0.28456855
6093,6094,2.9123077,0.5407435,0.00261496,0.0060938746
6093,2762,22.329107,0.5381365,0.049134977,0.093960196
6094,6093,2.7733154,0.53872854,0.001928553,0.004537314
6094,92,32.041214,0.54218274,0.0687412,0.13190079
6095,5389,2.2775536,0.59186256,0.00338535,0.007567376
6095,2595,41.972942,0.5917544,0.08113106,0.15670905
6096,4260,1.0574684,0.5805432,0.0028821453,0.0059325397
6097,3411,2.2321014,0.6009952,0.0033940673,0.0073798597
6097,5705,2.5958443,0.6024691,0.0036267191,0.008027032
6097,1984,60.376495,0.607035,0.11523769,0.2276832
6098,6710,2.0642242,0.60602295,0.0036042929,0.007919759
6098,6115,23.770702,0.6089272,0.055202678,0.10626127
6099,3777,1.6496544,0.51292956,0.0038223267,0.0074329376
6099,6736,41.378525,0.52069104,0.087256275,0.16966598
6100,6104,1.7982445,0.5200727,0.0030035824,0.0065662414
6101,3749,1.4431496,0.2902282,0.0046822205,0.0072460324
6101,3778,24.135443,0.5186248,0.053383347,0.102669135
6102,2655,48.586952,0.5172317,0.09445954,0.18489909
6102,2654,5.466316,0.51783437,0.010847099,0.021439314
6102,6103,2.1964302,0.52021307,0.0032470226,0.006843239
6103,6102,2.5260162,0.5226701,0.004594505,0.00969851
6104,248,119.94013,0.5249968,0.23464108,0.45732516
6104,6105,1.7291222,0.519671,0.0028663203,0.00584808
6105,110,34.759964,0.5204747,0.068827376,0.13426319
6105,3888,1.5138359,0.5257495,0.0020648614,0.004750073
6106,6107,6.3622513,0.5349919,0.012776837,0.025646552
6106,3781,44.44484,0.5339485,0.086491026,0.1674844
6107,653,1.5081787,0.5313199,0.0025059134,0.005229622
6107,4429,45.186462,0.52745163,0.115561076,0.2265995
6108,151,10.6696415,0.5354083,0.021910138,0.04332368
6108,6109,6.2431755,0.53648233,0.012690499,0.02513279
6109,6110,0.9062195,0.53081393,0.0011974722,0.002916798
6109,6954,50.71927,0.53801435,0.12792027,0.25010023
6110,6107,0.821434,0.52400976,0.0030612424,0.006525129
6110,6106,5.5240364,0.53551894,0.0110517815,0.022277966
6111,3846,1.8599396,0.5818683,0.003643304,0.008024901
6111,6238,53.21408,0.59171957,0.10981435,0.21560903
6112,6113,3.1620903,0.54027945,0.0028601363,0.0065668374
6112,940,118.992775,0.54626006,0.25279984,0.4907503
6113,6112,3.1394005,0.5402944,0.0029550865,0.0069503933
6113,1206,12.638559,0.5387732,0.028037272,0.054961294
6114,2732,31.065113,0.51761585,0.06955027,0.1325828
6115,6116,1.8866997,0.60471404,0.0019247457,0.004976362
6115,4076,26.956636,0.6122919,0.064008765,0.12307776
6116,6115,2.0425758,0.6035083,0.002229996,0.005570337
6116,5716,20.087221,0.61143726,0.046902336,0.09120053
6117,475,7.6393166,0.55936056,0.015088886,0.030307889
6117,1400,29.329464,0.5589912,0.062555626,0.119749755
6118,163,0.9961853,0.54170674,0.00201004,0.004748732
6118,5535,45.359436,0.5492312,0.094619304,0.18221286
6119,6118,0.8301277,0.543388,0.0015797764,0.00368914
6119,838,43.908188,0.5530731,0.092313804,0.17772445
6120,6119,0.6027489,0.5489542,0.0015981421,0.0038805455
6120,4402,24.68939,0.56078416,0.055852495,0.10708633
6121,6122,2.687107,0.5679556,0.0019791797,0.0047584176
6121,6741,215.96358,0.56371325,0.46064562,0.89782506
6122,6121,2.5979614,0.564149,0.0018824041,0.0046058446
6122,4381,27.698263,0.57176745,0.060746554,0.11632836
6123,3489,1.849041,0.5782047,0.0049972087,0.009752989
6123,4233,16.891132,0.030590534,0.10012209,0.21228248
6124,3553,2.032383,0.38750553,0.004017219,0.007295117
6125,3736,1.4103966,0.5103641,0.0026769787,0.0058317333
6125,3733,125.77675,0.49780154,0.33318323,0.64712703
6125,2140,34.03313,0.5078087,0.07414742,0.14276972
6126,5585,1.6985283,0.40028596,0.0027961135,0.005694583
6126,2019,212.88782,0.43737984,0.4398737,0.8473441
6126,4964,54.227745,0.4031277,0.11158473,0.21646383
6127,5070,1.8237381,0.404449,0.002897054,0.005996704
6127,2043,23.515345,0.40498123,0.05207807,0.09848854
6128,6127,1.8199806,0.40645882,0.003502041,0.006581351
6128,5070,0.8072357,0.090910494,0.003012687,0.00672777
6129,6130,1.992775,0.61133844,0.002227664,0.0055127144
6129,5043,34.0957,0.6158646,0.085147575,0.1639265
6130,6129,2.2648125,0.61062616,0.0026412085,0.00633052
6130,5080,7.1627274,0.6101363,0.016952984,0.033838466
6131,4169,2.1295624,0.64777195,0.003129989,0.0070380867
6132,4817,25.48445,0.6557988,0.051547274,0.09952017
6132,6131,2.1545868,0.654798,0.0033807382,0.0075244457
6133,4191,7.4856033,0.6487798,0.014263406,0.02832739
6133,4324,2.1030655,0.6500503,0.0019913316,0.004900247
6134,6698,1.3751755,0.5222167,0.0029681996,0.0066003352
6134,4443,43.39872,0.52987224,0.0839948,0.16124547
6135,5481,1.2304153,0.531268,0.0016843304,0.0043136477
6135,6134,1.1240883,0.5275974,0.0019921362,0.0042077154
6135,4390,63.57344,0.5348491,0.14118348,0.27611378
6136,6137,1.8400154,0.6059309,0.0024281144,0.0055146217
6136,5415,16.012787,0.6075305,0.036070623,0.07026762
6137,6136,1.5799637,0.6048732,0.001942791,0.0046284944
6137,1193,183.55829,0.6020676,0.34276733,0.6722696
6137,1474,18.76887,0.60909235,0.043527614,0.084640406
6138,3249,50.972122,0.6092664,0.06486763,0.12436424
6139,3594,1.4400826,0.6012792,0.004313767,0.009151727
6139,3590,47.50955,0.6024476,0.10023965,0.19644648
6140,2086,1.1404953,0.5967844,0.0020093769,0.004927546
6140,6141,0.69900894,0.33653852,0.002569154,0.004848838
6140,4466,1.9128456,0.61380553,0.003799513,0.008500725
6141,6051,3.4563866,0.61124367,0.010345861,0.021453679
6142,3956,2.3351517,0.6283458,0.0051217675,0.0112665
6142,6143,6.6826096,0.6163676,0.0076322183,0.01653105
6143,7074,4.138832,0.6209005,0.0016763434,0.004369527
6143,3558,26.807648,0.0019423366,0.09394579,0.1952629
6143,3956,3.407032,0.62700176,0.0065366104,0.012678117
6144,6145,2.7872467,0.6156394,0.0048215315,0.008692041
6144,1419,27.451626,0.619066,0.06725174,0.12960349
6145,1411,1.0627632,0.35685933,0.0016219392,0.0033075213
6145,6151,15.830185,0.6220119,0.032034766,0.062179305
6146,6149,1.8380814,0.60477805,0.0022603944,0.0052531064
6146,155,28.4355,0.6033446,0.05737015,0.110265695
6147,6146,2.1639404,0.60377634,0.003091529,0.0070162565
6147,6149,1.3544312,0.59846836,0.0016068891,0.004607901
6148,6147,1.8471756,0.60495,0.002839893,0.006895736
6148,6652,62.432224,0.6171866,0.11574209,0.22670679
6149,154,1.1760368,0.6024567,0.0021970794,0.0054199845
6149,3653,17.02731,0.6093145,0.035109676,0.06863464
6150,6151,2.0146866,0.60932416,0.0019876733,0.0049147904
6150,1411,14.802095,0.61915624,0.03019315,0.05925625
6151,6150,2.204422,0.60982496,0.002306439,0.005496308
6151,6148,36.481705,0.6128105,0.07009598,0.1355918
6152,6153,1.9157333,0.63742,0.005148299,0.008922473
6152,7070,67.12137,0.013259947,0.4408542,0.9266581
6153,6152,1.3965034,0.6327729,0.003447935,0.006439954
6153,3405,87.8683,0.63718665,0.17348482,0.3432932
6153,4608,24.6604,0.6393952,0.050878048,0.09868521
6154,4775,65.11573,0.59192234,0.124016285,0.24486428
6154,6155,2.0991325,0.59408504,0.0031922013,0.0070283413
6155,2794,1.3999329,0.59349597,0.0035410821,0.007892013
6155,6154,1.7389107,0.59378654,0.0024397,0.005407408
6155,4319,56.992645,0.59842145,0.1391519,0.2737865
6156,6157,6.2154884,0.5086509,0.009155661,0.018806979
6156,4155,50.397953,0.5130914,0.10952509,0.21384494
6156,581,29.312023,0.50521654,0.06424633,0.123125434
6157,6156,6.210808,0.50999135,0.00927186,0.019086659
6157,576,29.005165,0.5049678,0.064069495,0.12278131
6157,2206,13.9934635,0.5115003,0.030611187,0.05930017
6158,3932,0.0,0.039308637,0.0037071928,0.006810352
6158,5342,34.161594,0.5387982,0.06833493,0.13020234
6159,6160,28.376656,0.63461125,0.06065941,0.11671157
6159,4627,24.466951,0.63683796,0.05263141,0.10148594
6160,6660,2.5039177,0.6272552,0.0014709383,0.0041406453
6160,2138,10.154488,0.63171935,0.021443196,0.042474777
6161,9,1.5312004,0.46169344,0.0032989234,0.0066387057
6161,2032,41.611115,0.45748842,0.08215996,0.1578492
6162,5228,11.796679,0.6152766,0.024761401,0.04840243
6163,2907,50.52888,0.60681957,0.056987394,0.109151624
6163,2905,51.93957,0.61676574,0.11068754,0.21480145
6164,2066,1.8155708,0.5930247,0.0026024655,0.005651802
6164,6523,78.3745,0.5990332,0.20236307,0.39638132
6165,6166,2.8973923,0.6434933,0.005168289,0.009791583
6165,6167,18.898151,0.028818995,0.08721359,0.17667162
6166,1616,1.7789307,0.64662826,0.0029813498,0.0064442903
6166,4635,0.0,0.038660318,0.0033753142,0.0062751323
6167,6168,1.8037758,0.64664775,0.0044803545,0.008260921
6167,4205,17.704374,0.035185218,0.07702552,0.15737739
6168,6167,1.5305443,0.6437385,0.0031766444,0.006268546
6168,2155,72.85357,0.64696467,0.14154917,0.2819001
6168,4209,24.769356,0.64613026,0.051209718,0.10050237
6169,2153,32.150837,0.64185655,0.06488621,0.12425634
6169,2152,2.719452,0.6322199,0.004277386,0.0090700835
6170,2152,2.3678207,0.6335448,0.0041411817,0.008480772
6170,2449,47.02531,0.64208454,0.09260666,0.18204111
6170,6169,3.5661163,0.6299621,0.0060551316,0.012382567
6171,2442,39.094707,0.57793057,0.07521139,0.14558007
6172,6173,2.7069435,0.56246835,0.0018770099,0.0046300143
6172,6309,201.45715,0.55690986,0.41942158,0.8162005
6173,6172,2.583847,0.559776,0.0016210452,0.0040317625
6173,729,84.90192,0.5634945,0.18100992,0.35297006
6174,780,1.1921768,0.5703659,0.0013930649,0.003455639
6174,6175,1.6198578,0.5771354,0.0020249486,0.004553005
6175,780,1.3910828,0.5756694,0.0017362982,0.0038784444
6175,4722,245.49858,0.57034326,0.46711302,0.9117493
6176,6758,1.8439445,0.6380516,0.0025745034,0.006214112
6176,5091,41.91855,0.6411615,0.077794425,0.15093744
6177,2392,3.5326118,0.45796922,0.007510796,0.014986455
6177,2422,32.977726,0.4536331,0.07394698,0.14095357
6178,1134,10.242077,0.5494842,0.024130069,0.04761888
6178,4745,55.07725,0.5438982,0.11320546,0.21765916
6179,4919,4.465889,0.5281469,0.008802481,0.017673537
6179,5051,6.957184,0.52793735,0.0136914775,0.02740109
6180,3180,1.5003967,0.55309117,0.0025045723,0.0055731684
6180,566,84.8637,0.55463004,0.1624455,0.31754458
6181,566,1.7766037,0.5523887,0.002503343,0.0055527836
6181,568,16.033175,0.55658925,0.033048294,0.06422807
6181,3180,84.6663,0.55096406,0.16215396,0.31741467
6182,6183,2.5109138,0.5404953,0.0019444674,0.0045963973
6182,20,60.361923,0.5397374,0.13005814,0.25314888
6183,6182,2.8921509,0.5402589,0.0020531118,0.005352482
6183,7066,5.215267,0.5435236,0.01145193,0.023394704
6184,1626,97.140366,0.5619539,0.18234375,0.35487884
6184,5372,24.035965,0.5684851,0.050330862,0.09726802
6185,3764,135.55804,0.62548083,0.24687329,0.48586196
6185,5511,3.4968987,0.6233039,0.0059616417,0.012183934
6186,5511,1.5142822,0.6189433,0.0020933002,0.0044931024
6186,6185,4.3916435,0.628397,0.007975616,0.01650396
6187,6186,0.8222656,0.6161649,0.0012582168,0.0034125894
6187,6176,64.22831,0.638926,0.11930874,0.23479517
6188,1416,42.546757,0.6364395,0.081203856,0.15915237
6188,6187,5.8789597,0.62724364,0.010543786,0.021763965
6189,883,14.227287,0.5983888,0.032242823,0.06320776
6190,6191,1.6142426,0.5271125,0.0038244948,0.007549107
6190,5222,8.227669,0.5206384,0.029993445,0.059394926
6191,6190,1.4310875,0.5254945,0.003394574,0.006918788
6191,2682,3.775463,0.51824063,0.01603394,0.030764759
6192,2683,6.5912743,0.5254695,0.015529618,0.03093715
6193,5418,97.875084,0.60586435,0.20101118,0.3924097
6193,2828,12.166899,0.6071125,0.06671142,0.13527943
6194,3486,2.8829231,0.5733765,0.010202922,0.02008368
6195,6531,2.175972,0.5552685,0.0022858009,0.005096182
6195,6532,1.4181213,0.55387676,0.006841257,0.013307005
6195,2112,3.0061035,0.55530894,0.004970379,0.01029177
6196,3883,5.706402,0.63781697,0.012881033,0.025147319
6196,3130,13.581236,0.6346492,0.027376704,0.053887397
6197,2477,17.891645,0.38495034,0.04134143,0.07933597
6197,6198,1.632431,0.3818065,0.0053710938,0.010360315
6198,2478,14.651777,0.38119775,0.0320587,0.06199968
6199,5162,0.58560944,0.042845905,0.006234154,0.011819422
6199,3962,48.173595,0.4080879,0.16367532,0.25661808
6200,6199,1.9209785,0.6515645,0.0071021393,0.012863666
6200,1420,7.8565674,0.041354895,0.03585986,0.07199882
6201,6699,1.2769089,0.54618144,0.0062179416,0.011408001
6201,4201,30.472095,0.05545318,0.14259243,0.29951102
6202,541,20.299442,0.019832194,0.088634714,0.18156327
6203,1357,25.198277,0.52019167,0.063937716,0.12399695
6203,4992,66.710915,0.5201263,0.19318652,0.37747493
6204,6852,1.8158569,0.6486299,0.0029145852,0.0054463595
6204,6851,0.0,0.03592375,0.004780829,0.008353531
6205,6204,0.24417496,0.36309677,0.0024851486,0.0
6205,2236,25.30762,0.024187565,0.12971744,0.27827638
6206,3946,1.6932259,0.65082806,0.0043283403,0.009022251
6206,6023,65.11812,0.6452739,0.20516628,0.40410194
6207,5537,40.809925,0.654209,0.07821245,0.15151514
6208,1037,3.2791977,0.47863027,0.0031333044,0.0070918947
6208,3537,66.731964,0.4739478,0.1494713,0.28887895
6209,5710,1.7416649,0.58709216,0.002948612,0.005946666
6209,3681,13.007038,0.5896383,0.03362954,0.065622695
6210,6301,1.6938324,0.53381133,0.002639711,0.0058709085
6210,2476,41.201202,0.53741956,0.064797,0.12398733
6211,1171,156.38321,0.53594637,0.30070668,0.58596534
6211,6210,3.1737366,0.53206074,0.006104082,0.012489259
6212,6214,0.9379196,0.53852504,0.0020980164,0.0048766285
6212,4414,5.8104095,0.54430944,0.007701494,0.016069338
6213,6212,1.0752983,0.53612787,0.0021067336,0.004870519
6213,6258,8.324097,0.5396067,0.017512001,0.034980804
6214,6215,2.0050201,0.5429856,0.004236445,0.008708149
6215,6213,1.344326,0.53778493,0.0030693337,0.006602645
6215,4389,1.581337,0.5396877,0.0035696253,0.0074966103
6216,1994,1.993576,0.3297257,0.004020728,0.0075366795
6216,5581,33.310837,0.33129734,0.07326965,0.13873577
6216,6217,2.1791725,0.3334539,0.003763415,0.0068486184
6217,1994,1.8891945,0.33664334,0.006510742,0.012052938
6217,6216,2.2922707,0.3318525,0.003879644,0.00710316
6218,6219,2.1876755,0.6502524,0.003984526,0.007949442
6218,5092,61.47676,0.6386749,0.16424353,0.3234482
6219,6567,1.5993233,0.64724576,0.0025126636,0.0054602474
6219,6566,0.21728134,0.19936767,0.003568925,0.006379381
6220,6223,3.0381584,0.5350151,0.002533786,0.0055225194
6220,6429,59.799442,0.5434068,0.15474822,0.30169892
6221,6220,1.5758781,0.53484505,0.0050144643,0.01075089
6221,3618,65.357666,0.5367356,0.07127287,0.13472363
6222,6221,3.255005,0.5377057,0.0028458908,0.006042853
6222,4932,2.3090553,0.5392603,0.006531775,0.013594225
6223,6222,1.4032631,0.5353663,0.004525237,0.009533912
6223,205,72.72415,0.54125416,0.13918355,0.2723468
6223,6515,54.283024,0.5356262,0.061598197,0.11486531
6224,4537,1.3873367,0.5565861,0.0015030354,0.003638938
6224,4533,2.673458,0.5596443,0.005829543,0.012241945
6225,6226,1.6173401,0.5661144,0.0022636503,0.0052205473
6225,1804,98.87253,0.5604288,0.4966685,0.9639347
6226,6225,1.5875206,0.56096023,0.0025010929,0.0055396706
6226,3068,84.298584,0.55735964,0.3833855,0.7435772
6226,3083,112.37714,0.55927855,0.38140297,0.7451209
6227,4966,1.6621895,0.60947275,0.0025967732,0.005944237
6227,6707,1.5882721,0.6074458,0.0025613308,0.005818829
6228,305,0.69654846,0.37813818,0.0039865226,0.0034107566
6228,6376,3.074974,0.685242,0.003374599,0.0075891167
6229,6376,3.5719833,0.68511856,0.006138228,0.01332809
6229,3904,2.9760818,0.69321877,0.0038169697,0.008761153
6230,6231,1.0516243,0.36818504,0.0041524693,0.004715547
6230,400,2.4378052,0.63111377,0.004297048,0.009080172
6230,6473,31.895473,0.64465487,0.06632891,0.1279436
6231,400,1.3273964,0.35716808,0.005136624,0.006575197
6231,3660,11.598911,0.39662176,0.032766506,0.054656245
6232,6233,0.0,0.03873667,0.0062315986,0.011206314
6233,6234,1.8379974,0.6262773,0.0030255392,0.005716577
6233,7041,12.319544,0.03573993,0.08079975,0.17208292
6234,3959,1.8206406,0.63106424,0.0030685216,0.006765604
6234,1691,0.0,0.03754103,0.006928414,0.012891471
6235,1050,14.947166,0.59822863,0.030811895,0.060398243
6235,409,3.224968,0.5980255,0.005684361,0.011883482
6236,185,4.2399216,0.6005685,0.007956058,0.016067907
6236,1562,25.76099,0.6002029,0.052753005,0.10186335
6237,3817,18.243607,0.010039985,0.0644607,0.1388967
6238,5632,2.6243172,0.59218603,0.0047557056,0.010378838
6238,480,39.93845,0.5981397,0.09704798,0.18907036
6238,6111,53.286964,0.5915213,0.109156646,0.21416779
6239,4997,18.388071,0.5482142,0.03992379,0.07765806
6239,925,10.656813,0.5452433,0.022875346,0.04524213
6240,742,1.4529228,0.57397735,0.0020335987,0.0038178116
6240,3461,218.14262,0.5668782,0.55274504,1.0875739
6241,6240,1.6239357,0.5630374,0.0045692474,0.009722263
6242,6857,10.0686035,0.5776894,0.023026042,0.045433074
6242,6857,10.037228,0.57767123,0.022956923,0.045299962
6243,216,61.31295,0.5857922,0.12881821,0.253228
6243,6858,4.6269493,0.5799051,0.009674214,0.019713297
6244,2689,22.233732,0.5200281,0.05657005,0.109804675
6244,4941,15.543777,0.52263093,0.03643561,0.07075431
6245,1707,34.80689,0.50891376,0.07391732,0.14366509
6245,6248,12.448294,0.5192146,0.029950071,0.058728054
6246,6245,0.52861404,0.5159986,0.0038940236,0.008591577
6246,6247,13.600012,0.51676685,0.037108086,0.07186012
6247,1726,6.132805,0.5206511,0.017892726,0.035107553
6248,6247,1.4560547,0.518094,0.0052242875,0.010845989
6248,2690,32.977745,0.5182322,0.07959252,0.1522342
6249,4274,3.1091805,0.54355174,0.006550662,0.013601482
6249,4272,24.225191,0.53786737,0.050285503,0.096080184
6250,6251,1.3168335,0.54325575,0.0015749559,0.0038751066
6250,4542,45.199078,0.54847395,0.14439942,0.28199798
6251,6250,1.4560776,0.5430694,0.0015786737,0.0038664937
6251,2676,166.24356,0.54334325,0.31883746,0.62270725
6251,4271,22.518377,0.54760426,0.06432189,0.12419753
6252,4541,0.36179352,0.40227884,0.002310872,0.003840804
6252,5833,1.0902672,0.5472237,0.0021202043,0.0046898276
6253,6252,0.9445267,0.54687583,0.0020833984,0.0043202043
6253,132,35.351696,0.55173665,0.11479168,0.22494702
6254,6256,1.2498665,0.6172632,0.0064682662,0.013171688
6254,4939,13.944521,0.6207961,0.03317565,0.06511912
6255,6254,1.6359825,0.62102276,0.0049108565,0.009865999
6255,4250,52.8061,0.62165093,0.13122319,0.2590436
6256,4728,0.86672974,0.61470276,0.0055050403,0.011532709
6257,4388,3.6679459,0.54054874,0.006941162,0.014442116
6257,6258,12.039429,0.54551995,0.015270852,0.031201735
6258,3622,37.0611,0.5381347,0.077917196,0.14916539
6259,2502,3.421112,0.67125845,0.0042338073,0.009265229
6259,6820,36.070774,0.4175361,0.08949115,0.14252332
6260,6261,2.0737228,0.5980463,0.0052540004,0.011223868
6260,6578,62.520615,0.6138983,0.11495946,0.22491409
6261,5498,127.18002,0.61387014,0.25596586,0.49949354
6262,2451,2.6623535,0.5465926,0.003573686,0.007872999
6262,4809,35.994076,0.5484411,0.06881395,0.13123634
6262,5596,59.15863,0.56456923,0.11223151,0.21816194
6263,5403,4.049179,0.56772625,0.007428594,0.015153423
6263,5406,1.747303,0.57180387,0.0026713014,0.0062859207
6264,6675,163.6477,0.5948758,0.20208815,0.39195335
6265,2282,1.953949,0.43397734,0.004271023,0.00852032
6266,517,2.4127808,0.43401623,0.004905537,0.00989379
6266,5133,31.349522,0.43678424,0.07102008,0.13482681
6267,2281,6.9423027,0.43711606,0.011964127,0.023773313
6267,517,3.8780365,0.43346837,0.008342214,0.016614452
6268,6270,1.2975693,0.61931926,0.002834171,0.005995184
6268,3295,10.66481,0.62392306,0.022099651,0.04350254
6269,1977,1.7824554,0.62219715,0.0032582656,0.006970495
6269,4600,58.451996,0.6273334,0.12157436,0.2380998
6270,6269,1.3497696,0.6060206,0.0028315187,0.005943209
6270,6962,6.3884926,0.62655646,0.013015002,0.025980204
6271,6272,1.1450882,0.58169913,0.0011673272,0.003119722
6271,706,0.9410324,0.5769194,0.0032295138,0.007000804
6272,6274,3.1874962,0.58204466,0.008767173,0.017540067
6272,5987,42.998802,0.58155406,0.08305762,0.15868647
6273,779,96.74388,0.5763456,0.18510891,0.3627751
6273,6271,3.340828,0.5798167,0.008924417,0.017920777
6274,6273,1.5411568,0.580272,0.0021507964,0.005152419
6274,5224,5.05122,0.5809142,0.010461792,0.021021664
6275,925,81.09335,0.5396542,0.15732515,0.30772477
6275,3799,9.130756,0.53525007,0.012398578,0.025683984
6276,4973,2.4082298,0.5732234,0.00458204,0.009931818
6276,6278,1.3503036,0.57045346,0.0020317733,0.004831955
6277,6279,1.1951828,0.559633,0.0022300258,0.0050680935
6277,4972,3.1352158,0.57200617,0.006417848,0.013333976
6278,6277,1.5793877,0.5689989,0.003420435,0.00754267
6278,4975,2.253891,0.5734552,0.0031009093,0.0067509115
6279,6276,1.607521,0.5689328,0.0033131018,0.0071321577
6279,3333,2.2188377,0.57108355,0.00379356,0.007980451
6280,3922,2.150608,0.66297317,0.0052786916,0.009978265
6280,6539,31.82127,0.3907234,0.11665937,0.18347603
6281,334,48.664276,0.62281525,0.11549948,0.22464982
6282,790,35.12176,0.61685616,0.071677655,0.13746817
6282,3891,38.125248,0.6154832,0.09478505,0.18300973
6283,3361,2.031948,0.6087172,0.00369896,0.008087695
6284,6285,3.6690674,0.48686975,0.005639933,0.011324063
6284,1216,26.153303,0.49068144,0.054286327,0.10454229
6284,6286,36.27583,0.4841401,0.07422884,0.14174588
6285,6284,3.852604,0.48638055,0.006261714,0.012741104
6285,2224,51.8466,0.4938156,0.10301342,0.19902459
6286,3297,1.4986954,0.47638607,0.0022226796,0.004879996
6286,1230,10.707417,0.48173082,0.023476101,0.045750648
6287,6288,4.5705605,0.45288238,0.00606627,0.012942642
6287,1257,106.674736,0.443628,0.10104344,0.19750774
6287,4724,24.131912,0.4587136,0.05226671,0.098927595
6288,6287,4.6586647,0.45490074,0.006189108,0.013505712
6288,5193,52.547245,0.45374224,0.10586171,0.20408306
6289,6290,2.0839882,0.4274729,0.0061668754,0.012394711
6289,1313,11.506102,0.427602,0.024743542,0.047959596
6290,6291,2.417183,0.42591625,0.0033981875,0.0070986003
6290,5894,2.2540054,0.4364478,0.006555587,0.013052374
6291,5425,4.1542892,0.4331985,0.0073177963,0.0141837895
6291,6292,2.528778,0.42748994,0.0058923513,0.011643663
6292,6289,2.3147469,0.42787334,0.00341098,0.006776929
6292,3329,37.051506,0.40837848,0.10283743,0.19890837
6293,1911,17.21077,0.5027737,0.03681478,0.071324825
6293,6296,2.5414085,0.5066072,0.0058843195,0.012570873
6294,6293,1.5002022,0.50468737,0.0023393407,0.004677862
6294,3566,10.293167,0.5105735,0.021413706,0.042646527
6295,6294,2.6949997,0.5042675,0.0061556995,0.012684807
6295,6503,30.677013,0.50309646,0.06434398,0.12379505
6296,6295,1.237606,0.5028953,0.0018926561,0.004157275
6296,1255,51.19214,0.49373013,0.11311385,0.2204017
6297,6298,1.4116173,0.5104063,0.0021745637,0.004366249
6297,3741,8.921108,0.51465076,0.01998011,0.03975445
6298,6300,1.5596962,0.5133084,0.0032802,0.007206455
6298,1913,69.04369,0.5105755,0.13559929,0.26412994
6299,6300,1.8250046,0.5168166,0.0034095198,0.0072960854
6299,4139,2.1562996,0.51468694,0.0031637773,0.006464675
6299,3577,12.53643,0.51528555,0.029005133,0.057265043
6300,6299,2.4783325,0.5182191,0.005036086,0.0102766305
6300,6297,2.3731499,0.5140084,0.005120486,0.010820001
6300,3579,20.797628,0.5155052,0.049549308,0.09513972
6301,5803,1.6268082,0.5304611,0.002442807,0.0054772496
6301,2475,25.865723,0.532595,0.06495027,0.12532866
6302,1820,28.546335,0.49597636,0.059214234,0.113107435
6302,4063,20.80056,0.49331594,0.04423796,0.08461182
6303,6304,2.3802109,0.6343976,0.005358763,0.010546237
6303,3366,29.973583,0.05613756,0.19307786,0.4061105
6304,6303,2.481781,0.6343182,0.0054841414,0.0107152015
6304,6466,44.615623,0.23266298,0.20715977,0.43190378
6305,6306,1.6162529,0.63649035,0.0016775355,0.0033970326
6305,6152,6.3990593,0.039345086,0.042772174,0.0927468
6306,3365,0.0,0.039049596,0.0036982298,0.005801156
6307,6310,1.2802849,0.5651229,0.003828749,0.008084774
6307,1465,170.14061,0.5553548,0.4295625,0.84138465
6308,6307,1.3402443,0.56474304,0.0037964657,0.008277163
6309,6308,0.9826355,0.56375873,0.0031410977,0.007043615
6310,6309,0.7869568,0.5633057,0.0027946234,0.0062007755
6310,6173,201.2018,0.552786,0.4230516,0.8237885
6311,1085,49.818798,0.5841286,0.10314148,0.2016069
6311,5846,30.518595,0.58212054,0.07458428,0.14639044
6312,6311,1.6401901,0.5772991,0.0031902194,0.0071219504
6312,3999,26.518059,0.58249986,0.06372653,0.12285043
6313,6344,29.198984,0.580212,0.07301537,0.14373985
6314,6377,1.4937286,0.5507814,0.002554208,0.0058381706
6314,25,42.057873,0.55719864,0.10470116,0.19893877
6315,2750,1.2289772,0.605495,0.0023316965,0.005506903
6315,2059,32.16973,0.6112313,0.06888035,0.1338249
6316,4739,1.3513145,0.40270215,0.0025341287,0.005586043
6316,6315,17.045973,0.5603944,0.03587148,0.06935729
6317,6318,2.1678467,0.44072112,0.002936326,0.0059136897
6317,1830,78.36685,0.4515287,0.21117324,0.40626317
6318,6317,2.3720627,0.44036818,0.0030448139,0.006119594
6318,5524,40.04064,0.43108344,0.101710185,0.1974733
6319,6320,1.8686867,0.5975576,0.0016387925,0.0042146295
6319,49,7.2538643,0.5950264,0.012518555,0.025374174
6320,6319,2.252987,0.59722626,0.0024482384,0.0059117526
6320,6328,61.926277,0.59482294,0.08834392,0.16883999
6321,6324,2.0676346,0.5770275,0.005539693,0.011700347
6321,6322,3.9612236,0.5797281,0.009853013,0.02021712
6322,2881,3.076931,0.5691617,0.008047156,0.015904978
6322,2880,3.015976,0.579799,0.0077648535,0.01567024
6322,6321,3.40971,0.58100116,0.0089178905,0.018299177
6323,6910,0.54862213,0.3352244,0.0026992708,0.0052562207
6323,6324,5.1087456,0.58025694,0.011962064,0.023590222
6323,2880,2.8414497,0.57832193,0.0043061078,0.008911714
6324,2879,17.696875,0.5774949,0.036773484,0.07133247
6324,6323,5.2223015,0.5811377,0.012671046,0.025339916
6324,6321,1.7046776,0.57784563,0.005066395,0.010862991
6325,1649,4.7043915,0.588869,0.007485144,0.015610293
6325,2062,2.7231789,0.5867441,0.0073958635,0.015276477
6326,5734,62.67652,0.5845993,0.11842461,0.23243035
6326,1649,4.5697823,0.5890317,0.011774249,0.023503065
6327,1859,3.373806,0.59780747,0.004942715,0.010347992
6327,4,7.657299,0.59988034,0.013703555,0.027689725
6328,5947,2.3394394,0.5959791,0.0025969818,0.006199509
6328,6327,8.579243,0.59510744,0.015276045,0.03018643
6329,2276,44.29576,0.61086476,0.09158516,0.17900853
6329,265,26.11286,0.61266124,0.056067612,0.10714399
6329,266,31.16431,0.61180717,0.061398998,0.1176206
6329,3907,5.722824,0.6113699,0.00944715,0.019214496
6330,6331,19.967524,0.60805047,0.04259298,0.08244038
6330,265,25.090754,0.60866517,0.053406637,0.10288986
6331,3412,1.9064064,0.60522795,0.0029383525,0.006142631
6331,6544,15.01211,0.6047758,0.032227445,0.06311469
6332,5645,1.3156166,0.59901744,0.002944924,0.0064700097
6332,3966,11.212624,0.60370225,0.023511931,0.046328112
6333,430,1.499424,0.5801369,0.0017602593,0.0042562634
6333,783,97.47461,0.5771964,0.18256585,0.35860565
6333,2953,126.98211,0.56729996,0.32353878,0.63298965
6334,3434,202.75812,0.55014884,0.24363378,0.47793847
6334,6379,61.971474,0.55671227,0.159931,0.31308222
6335,985,13.935585,0.59460086,0.016908988,0.035105348
6335,53,13.3493595,0.5935672,0.017055675,0.034994245
6336,6344,6.448715,0.5826414,0.013574101,0.027140632
6336,212,7.8930473,0.5816905,0.01692868,0.03355615
6337,6338,1.5716782,0.596797,0.0030115694,0.0068983138
6337,4094,66.77639,0.59856343,0.17217214,0.33720016
6338,6337,1.887516,0.5983642,0.003241174,0.007344663
6338,3661,5.7474403,0.59415567,0.0142179355,0.028312057
6338,3662,19.815844,0.5992327,0.04242975,0.0822527
6339,64,30.487482,0.5988854,0.060298823,0.11643136
6339,5546,41.534733,0.5988269,0.07965519,0.15653928
6340,985,1.1287117,0.58965653,0.0037505478,0.008051187
6340,2210,39.672665,0.58905643,0.098812774,0.19016609
6341,6632,1.9497108,0.5515791,0.0025431067,0.0059197694
6341,2495,59.676346,0.55687207,0.14864944,0.291653
6342,2367,2.3778648,0.563739,0.0034692958,0.007483363
6342,413,22.615465,0.5663288,0.049002457,0.094719246
6342,5077,40.430668,0.5702444,0.06933966,0.1328462
6342,5397,2.836319,0.5653131,0.0056999773,0.0120372325
6343,3385,30.749058,0.57560074,0.07442338,0.14465654
6343,6345,43.065678,0.58397764,0.10366486,0.20009075
6344,6343,2.150196,0.5836399,0.0038912445,0.008559421
6344,212,4.0998154,0.5850916,0.010152683,0.020251468
6345,376,5.614067,0.584348,0.013676085,0.027646422
6346,2382,27.11569,0.5655636,0.06638238,0.12926897
6346,5238,27.37954,0.5747719,0.058237724,0.11141657
6347,6346,0.58797455,0.54885024,0.0032087117,0.0064337254
6348,6349,5.005047,0.58286977,0.012045823,0.024273619
6349,1651,7.434349,0.57573056,0.017783403,0.034799814
6349,375,6.3784103,0.58446276,0.015146084,0.030187443
6350,3614,6.7951317,0.6507163,0.019018143,0.037522182
6351,416,2.5134468,0.56402695,0.0029136017,0.007023841
6351,5274,10.626566,0.5621292,0.024589352,0.04871279
6352,1687,62.170223,0.55788136,0.15607655,0.3054071
6352,2368,39.85458,0.5616081,0.06744927,0.1286973
6353,353,33.20005,0.6119519,0.06626463,0.127373
6353,6355,32.04282,0.6131212,0.061843075,0.11889952
6354,3513,21.884521,0.61133885,0.044971514,0.08730921
6354,2102,75.55586,0.60760564,0.14036101,0.2766411
6355,354,1.905941,0.60308194,0.003181532,0.0067070276
6355,2096,18.492874,0.6100712,0.037943505,0.07365979
6356,5194,2.0366058,0.5674107,0.0019116774,0.0047209114
6356,5476,5.1634254,0.56698084,0.009813897,0.02018167
6357,5476,1.9515839,0.56689066,0.0016728044,0.004583493
6357,5194,6.469944,0.56696385,0.012827851,0.02621071
6358,5989,2.2714157,0.5763058,0.0042373314,0.008864358
6358,1003,39.11951,0.5712339,0.09791066,0.19064637
6359,6360,2.0262222,0.57096505,0.0021835938,0.005031422
6359,1023,26.669676,0.5747336,0.05438094,0.103250936
6360,6359,1.8498497,0.5713824,0.0018565878,0.0048009306
6360,280,17.164244,0.57305425,0.0356979,0.06940372
6361,3529,1.5034981,0.14788654,0.0031493083,0.007864192
6361,690,201.77116,0.47108945,0.40913182,0.7886696
6362,6361,2.0963554,0.4723658,0.0036386624,0.0073916614
6362,5001,28.851511,0.48761085,0.0710216,0.13507022
6363,3503,57.703873,0.5886806,0.110735245,0.21663564
6363,183,61.288723,0.588604,0.092316106,0.17709297
6364,6367,0.07131195,0.3778035,0.0008715689,0.0022266358
6365,6364,2.0511475,0.600602,0.005200535,0.010521129
6365,5175,41.614338,0.6009181,0.10144751,0.19707693
6366,6365,0.3479004,0.41207942,0.0020167977,0.0045256764
6366,2759,80.76632,0.5972447,0.20179722,0.39628178
6367,6366,1.7416687,0.59059554,0.004978515,0.009718493
6367,1768,5.328472,0.5942186,0.012927912,0.02627939
6368,4790,1.4015007,0.5820573,0.0029726624,0.0065968037
6368,5124,59.582462,0.5768306,0.15140314,0.29682243
6369,759,1.7481003,0.5961958,0.002289176,0.0052646697
6369,6374,13.325804,0.5969698,0.028401524,0.055514187
6369,756,45.310318,0.600405,0.086502396,0.17002727
6370,735,0.8486824,0.5515002,0.0018519759,0.00447616
6371,804,1.6276321,0.5858814,0.0030320212,0.0063269734
6371,6370,40.417324,0.5904227,0.09922217,0.19224235
6372,6373,2.466545,0.59735084,0.0014813468,0.004191503
6372,6369,19.795109,0.60018945,0.042294856,0.08158047
6373,6372,2.4254532,0.59777844,0.0014193282,0.003972098
6373,5865,29.152748,0.6085698,0.0635526,0.12057785
6374,6375,2.5840454,0.59581065,0.0015991107,0.004156828
6374,760,8.989704,0.59684825,0.019179113,0.038153425
6375,6374,2.6940422,0.59219664,0.0019195452,0.0051344633
6375,759,14.041649,0.59984607,0.02990017,0.058537014
6376,3905,9.32151,0.67890614,0.016311973,0.032541245
6377,4387,1.0382195,0.55070746,0.0018371195,0.004415557
6378,6742,1.7062759,0.5548657,0.0022014827,0.004929304
6378,6492,34.548096,0.55277133,0.08628036,0.16710924
6379,4387,0.7133484,0.36971992,0.001718536,0.0030357987
6379,6377,1.2415237,0.52806604,0.0036512315,0.0075548887
6380,3976,1.8536758,0.036402166,0.006503187,0.012612566
6380,4848,17.009016,0.043596208,0.05811521,0.114526704
6381,6382,1.2934494,0.59236544,0.0033039525,0.0071365386
6381,6384,40.22659,0.5985805,0.08485081,0.16515861
6382,6381,1.057373,0.5850177,0.003174886,0.0070574433
6382,6940,0.9964638,0.52207917,0.0031590164,0.0067435205
6382,1041,27.003885,0.5989744,0.06543038,0.12631616
6383,6940,2.0906296,0.59632605,0.0030963272,0.0065698773
6383,6939,3.0425339,0.6009742,0.0028678998,0.006411776
6383,2212,67.54664,0.59812057,0.10005591,0.19858433
6384,6385,2.1466446,0.5989105,0.0032172725,0.007063344
6384,4653,26.944204,0.59886056,0.056437366,0.108291484
6384,2058,31.545376,0.59975165,0.06733257,0.13128746
6385,6384,2.0425682,0.59751946,0.0030415356,0.0065604895
6385,826,45.15412,0.6000734,0.086191036,0.16893508
6385,6382,40.745068,0.603643,0.08624147,0.16767967
6386,3417,0.965847,0.52430606,0.0059197024,0.011688262
6386,2265,49.08614,0.5170911,0.09783354,0.18984404
6387,1000,1.5417633,0.56518155,0.0026663616,0.0060530305
6387,6390,26.461079,0.56736904,0.057528097,0.110443644
6388,3954,3.1407166,0.55993116,0.007167332,0.0147909075
6389,2703,52.84639,0.5539491,0.15657023,0.30584425
6390,1001,2.854866,0.5644448,0.0026464462,0.0062343925
6390,1002,17.88559,0.5719894,0.038994536,0.075618595
6390,6391,6.7433853,0.5699774,0.014602952,0.029281601
6391,5078,1.5876808,0.56088334,0.00411994,0.008738443
6391,1002,15.550949,0.57011163,0.031228364,0.061537825
6392,1946,0.0,0.035243392,0.0076415613,0.013213694
6393,609,27.246054,0.56935006,0.045488715,0.08893286
6393,6392,8.390423,0.5763953,0.01934845,0.038095176
6394,3784,50.68964,0.53520906,0.105708495,0.20687842
6394,6395,7.2600746,0.538449,0.015873924,0.031714752
6395,3794,17.598902,0.5405832,0.037947796,0.07350109
6395,6394,7.2778053,0.53823566,0.015893556,0.031866476
6396,6397,3.9408875,0.5849511,0.009615615,0.019592792
6397,1638,8.650959,0.57911515,0.020440094,0.039700568
6397,5339,1.7064934,0.5829203,0.0042984188,0.009002641
6398,5340,3.45961,0.5853901,0.008506589,0.017635405
6399,1566,39.64514,0.57691586,0.09766307,0.18961939
6399,6398,2.0128136,0.5817153,0.005534202,0.011217177
6400,1695,1.6921692,0.54352325,0.0035408288,0.0074912906
6401,6403,1.3415222,0.54864115,0.0024866983,0.005235404
6401,6402,1.1142883,0.54554486,0.0025342628,0.0053341687
6402,1695,1.2030411,0.5491496,0.0023686215,0.0053301007
6402,6400,1.3002815,0.55215526,0.002639547,0.006045133
6403,6402,0.61468124,0.54206127,0.0016871691,0.004275024
6403,6677,16.03336,0.5530339,0.03490868,0.068178035
6404,6401,1.9858322,0.5457041,0.0014794618,0.0037866384
6404,158,36.625835,0.5583027,0.07607802,0.14602359
6405,3138,2.4335632,0.5761634,0.009967424,0.020348996
6406,462,2.276451,0.58481765,0.003194876,0.006931871
6406,6407,1.5873108,0.5834544,0.0023135021,0.0052674264
6407,2181,1.2570572,0.58247674,0.0036680698,0.00786531
6408,6406,2.0173912,0.57658327,0.0035099536,0.0074433386
6409,546,2.0870323,0.5282342,0.004043095,0.008590385
6409,1580,39.245167,0.524844,0.078270875,0.1494646
6410,6409,1.1032295,0.52323884,0.0018644407,0.0044018924
6410,2601,37.251186,0.5230923,0.07959082,0.15159811
6411,999,17.266947,0.5569327,0.03703781,0.07261397
6412,3658,1.6687126,0.63653374,0.003473401,0.007739842
6412,6414,1.3589172,0.6357298,0.0020134374,0.0047405064
6413,6412,1.5139961,0.6362887,0.0026634037,0.0057534873
6413,6412,1.9326286,0.6379446,0.0025369525,0.0058398396
6414,3657,1.4908524,0.63875693,0.0031617433,0.0068369806
6414,6592,41.693325,0.6429601,0.07963497,0.15277864
6415,4321,50.945984,0.64317036,0.10488886,0.20580487
6415,6416,6.4714127,0.6489298,0.012555279,0.024985105
6416,488,0.14112854,0.044695854,0.0013949946,0.0033854097
6416,6415,5.631092,0.64297473,0.011724517,0.023578495
6417,2599,1.9779434,0.5307158,0.0032618195,0.006852716
6417,6418,2.6156006,0.5330112,0.005770117,0.011613712
6417,1248,39.98166,0.53615826,0.07770124,0.14971597
6418,2599,1.8949699,0.5348332,0.0041058883,0.008794099
6418,2351,36.610207,0.53598714,0.07876102,0.15148316
6419,2306,8.15416,0.52209926,0.020266026,0.03980747
6419,3813,1.2943153,0.5220136,0.004242271,0.009013802
6420,1185,1.5034103,0.58272654,0.0025102422,0.005889252
6420,4960,11.052954,0.58703995,0.02267766,0.044892132
6421,2149,125.11695,0.63115627,0.24450329,0.4817087
6421,3364,65.34951,0.6320347,0.13007554,0.2577933
6421,2157,86.10431,0.6354033,0.15831634,0.3140338
6422,2700,30.960169,0.56225157,0.06594761,0.127948
6422,2946,12.144844,0.56325454,0.026206888,0.051479474
6423,2659,70.11366,0.5380754,0.13569084,0.26564872
6423,2663,41.140514,0.5314094,0.07996205,0.15592252
6423,2662,107.00156,0.53680515,0.20675337,0.40315676
6423,5315,62.203865,0.5316149,0.1202248,0.23530036
6424,6425,2.8469162,0.60739833,0.0052502975,0.011357859
6424,1,62.35843,0.61179984,0.12977986,0.25613287
6425,6424,2.788288,0.60538304,0.005391039,0.01139985
6425,2536,5.291477,0.6082529,0.010657996,0.02146785
6425,6427,5.154373,0.60613316,0.010341965,0.02101712
6426,2196,18.99767,0.6145034,0.041174974,0.07979773
6426,5187,78.90155,0.61587685,0.14873949,0.2955048
6426,6709,91.185165,0.6149542,0.17259291,0.34120527
6427,2536,12.974979,0.5973933,0.015665941,0.031840697
6427,6425,5.1286087,0.6050155,0.010275707,0.020975783
6427,6502,84.68385,0.60801256,0.17415392,0.3427626
6428,6429,2.2752724,0.5451079,0.0038501546,0.008333206
6428,206,46.072254,0.5491183,0.089363895,0.17396474
6428,6223,59.945835,0.5420049,0.15470888,0.30119547
6429,6428,2.7936478,0.5452726,0.0048092157,0.010281488
6429,238,22.764482,0.5458791,0.04727824,0.09028579
6429,6668,54.15052,0.54361975,0.1305763,0.25420403
6430,6434,1.9662704,0.5979074,0.005795248,0.012241304
6430,6433,1.8725548,0.5942989,0.0026102886,0.006046474
6431,6434,1.4887924,0.5984438,0.003737688,0.008272871
6431,6433,2.064659,0.5935485,0.005248703,0.011205241
6431,2212,14.874241,0.5978309,0.033275537,0.06501574
6432,6430,1.1962242,0.59602296,0.003912665,0.008565679
6432,3236,52.180355,0.5993526,0.12293151,0.24049333
6433,6430,1.7145119,0.5969484,0.001987256,0.004652381
6433,6432,1.7325554,0.5939124,0.0041773245,0.009113297
6433,828,36.293705,0.596233,0.07042903,0.13814206
6434,6431,1.3662605,0.5933645,0.003883779,0.008707091
6434,190,63.817028,0.59268206,0.16212727,0.3178559
6435,6431,47.749863,0.59661216,0.1115152,0.2191008
6435,6670,80.74545,0.59551245,0.16804379,0.33057183
6436,6663,35.55842,0.56274426,0.09048706,0.17369603
6436,2755,1.2123718,0.5630082,0.0033332258,0.0068021566
6437,434,1.0275192,0.5932667,0.0034788847,0.007853314
6438,1648,52.616814,0.5865644,0.07946601,0.15089925
6439,3087,3.8087845,0.5922249,0.009780519,0.020042688
6439,6438,6.242611,0.5887649,0.010445714,0.02163522
6440,2942,4.91687,0.57445794,0.0105481595,0.021559462
6440,6441,19.673254,0.5725261,0.023900397,0.0477895
6441,5158,85.55202,0.5708913,0.08407984,0.15893283
6442,1305,1.2867966,0.3401008,0.0024143755,0.005097553
6443,6863,87.78779,0.5841407,0.18329933,0.35964844
6443,1184,6.3356133,0.5831627,0.013690077,0.027368516
6444,6918,6.2942314,0.5867301,0.0135074705,0.027227476
6444,1187,47.14953,0.5900304,0.09754657,0.1911996
6445,6446,19.68584,0.569335,0.043023728,0.08353373
6445,2183,5.425461,0.5706031,0.0111533925,0.022828445
6446,2388,1.5905991,0.57153296,0.0023925677,0.005400732
6446,1181,44.23961,0.5737101,0.09208545,0.17753784
6447,4806,1.897274,0.35749364,0.003834702,0.0077278763
6448,2674,1.9293861,0.5487038,0.0028929785,0.006322056
6448,2673,12.179268,0.55146515,0.027001671,0.05318606
6449,6448,1.565937,0.5471617,0.0035189092,0.0074628145
6449,2675,24.18459,0.5513748,0.052840114,0.10126981
6450,2673,1.7742271,0.54861695,0.002234593,0.005101368
6450,2674,13.131313,0.55252504,0.028545551,0.055575334
6450,233,37.987473,0.5505489,0.07315218,0.14387965
6451,177,2.3261147,0.5485654,0.0027614087,0.0063996017
6451,5217,1.2256012,0.5478727,0.0022125766,0.0054063797
6451,6450,12.585451,0.5513504,0.027493678,0.053587765
6452,5483,0.726017,0.3712398,0.0042182505,0.0044724196
6453,6454,1.34729,0.54009473,0.0029013604,0.006305769
6453,1075,12.025085,0.5463014,0.026240237,0.051833153
6454,5427,0.9080658,0.5405903,0.0020593926,0.004779786
6454,1397,20.086836,0.54623336,0.037384856,0.07310097
6455,172,2.1143227,0.5474644,0.0022475868,0.0056613386
6455,201,34.740093,0.54122984,0.08927171,0.17100896
6456,6455,1.528904,0.54844135,0.0015726686,0.004387617
6456,172,0.97789764,0.5410368,0.0017455295,0.004209742
6457,5549,3.2244606,0.57945716,0.0032981709,0.0071977675
6457,6614,31.5033,0.588062,0.06731476,0.12996593
6458,3899,5.4510612,0.38789865,0.016247422,0.025854573
6458,6452,3.0429268,0.6604943,0.004004903,0.009033099
6459,6460,2.6592522,0.60994434,0.0019053072,0.0047418624
6459,2769,74.22275,0.6113322,0.15530072,0.30539453
6460,6459,2.7500687,0.60838705,0.0021360293,0.0052785426
6460,3380,30.872324,0.6151389,0.06784744,0.13042288
6461,3350,1.6858711,0.56628734,0.0028188676,0.0058410913
6461,481,34.46532,0.58097374,0.06837891,0.13066526
6462,6965,17.749105,0.58922786,0.03858445,0.075211935
6462,1186,58.745087,0.5842786,0.12233354,0.24008976
6463,1014,32.41397,0.5622715,0.06425915,0.12488687
6463,5138,27.577545,0.5629736,0.05664565,0.108392306
6464,1070,63.66121,0.5534437,0.12201552,0.2385752
6464,6463,34.63722,0.56119806,0.06782989,0.13009119
6465,6466,1.7394485,0.6352606,0.004206635,0.008537352
6465,1616,136.72574,0.64679587,0.26848027,0.52730423
6465,878,45.259964,0.011957109,0.16608506,0.34776503
6466,6465,1.6437378,0.63969505,0.0051990002,0.010054857
6466,4057,29.053604,0.38254166,0.10585801,0.2124284
6467,2934,1.3813972,0.56214136,0.004737504,0.01003097
6468,135,8.229866,0.5649898,0.017778374,0.03516066
6468,84,160.24915,0.5557815,0.3352056,0.65442026
6469,2644,88.21447,0.5613502,0.18385562,0.35950184
6469,6470,5.1406975,0.56466246,0.011292644,0.022846982
6470,135,2.1125145,0.56648374,0.0028738678,0.0062834024
6470,6468,7.162903,0.5640297,0.01549159,0.030780181
6471,1438,2.0371666,0.49785337,0.0031931698,0.006785035
6471,3400,26.61116,0.50988907,0.06523854,0.12518848
6472,4544,4.000038,0.55075955,0.007281728,0.014676586
6472,4552,2.5913086,0.5543436,0.003908396,0.008465812
6473,6230,32.061848,0.6489569,0.067235455,0.13176516
6473,5196,379.64813,0.61179215,0.76219624,1.5048053
6474,5659,1.7254219,0.54495025,0.001913935,0.004902303
6474,2806,21.342392,0.5499917,0.05065683,0.09830258
6475,2086,44.372375,0.62344086,0.11508567,0.22384161
6475,5280,113.53208,0.6292512,0.20731035,0.40871078
6476,2333,92.7063,0.39794832,0.19323862,0.37075874
6476,6841,28.488579,0.42741325,0.065394014,0.1230723
6476,1235,104.799416,0.39312392,0.24127555,0.4631905
6477,4683,58.266525,0.5330436,0.14135638,0.2745771
6478,4807,2.663578,0.541761,0.0041768774,0.008921847
6478,6479,11.620575,0.54361314,0.023635775,0.046619594
6478,5286,55.234528,0.54165274,0.10613639,0.20708948
6479,6478,11.784515,0.5432087,0.02453874,0.048215076
6480,6481,0.7699394,0.5732245,0.003116779,0.0062969327
6480,854,31.073004,0.5807392,0.059896108,0.11556185
6481,6480,0.96492004,0.57847536,0.003276378,0.0073501766
6481,4203,29.776917,0.5787818,0.08959371,0.17464975
6482,6483,2.820324,0.46114746,0.002485402,0.005788356
6482,6650,11.106802,0.46456382,0.024738356,0.048292384
6483,6482,2.8274765,0.4632174,0.002736114,0.00615111
6483,4032,20.945686,0.4689186,0.04675528,0.08941968
6484,5907,1.548172,0.65461403,0.0033342764,0.007215619
6484,2064,70.24087,0.6601547,0.12702388,0.25218907
6485,6488,1.6972733,0.5958017,0.0021690205,0.0049933344
6485,4449,27.342987,0.6007492,0.058207218,0.111886896
6486,468,61.10524,0.59561425,0.1155712,0.2255188
6486,3936,1.7739029,0.5892942,0.0023807138,0.004937589
6487,6489,1.8190002,0.59729236,0.002402313,0.005553916
6487,3655,28.00597,0.6000463,0.055717148,0.106812656
6488,6485,1.6154785,0.5929995,0.001986958,0.0045493394
6488,3843,1.7789764,0.5906059,0.0033966973,0.0075148344
6488,6487,24.91186,0.5934649,0.05059703,0.09655349
6489,3936,1.4039612,0.5897601,0.0021376684,0.0048229992
6489,6486,2.3747673,0.59640557,0.003942825,0.008396909
6490,1362,88.465645,0.57923824,0.16610686,0.3271374
6490,4296,12.465534,0.58686215,0.02517116,0.049751848
6491,207,2.153431,0.5474969,0.0043229833,0.009219557
6492,5305,1.0127907,0.55153537,0.0031828284,0.0064860433
6492,6491,53.29969,0.54908526,0.11133495,0.21635419
6493,5306,1.6456642,0.5528921,0.005189471,0.010740951
6493,228,4.9986954,0.5582568,0.008588254,0.01799731
6494,6496,5.4907722,0.55081874,0.01402434,0.028112069
6495,5306,0.82203674,0.5510608,0.0031756312,0.006516978
6495,6494,2.2044563,0.5490035,0.0067187846,0.01371403
6496,209,26.341528,0.55575305,0.06250349,0.12040041
6496,6493,4.466877,0.5561674,0.011281818,0.022620946
6497,555,1.1686783,0.55047524,0.0012665838,0.0032105148
6497,5560,51.858307,0.5519157,0.10972165,0.21221615
6498,6500,1.834755,0.59791917,0.0030152723,0.006848827
6499,6498,1.187233,0.55681473,0.002364263,0.0047852546
6499,6502,4.704712,0.5994157,0.01002872,0.02059105
6500,2294,40.598198,0.60582685,0.08378237,0.16312131
6500,6501,2.0827065,0.6037877,0.003595382,0.007933751
6501,6499,2.0668259,0.6092524,0.003808625,0.00835526
6502,6427,84.840546,0.6070163,0.17485715,0.34426585
6502,6498,3.9174156,0.6088338,0.007635832,0.015544832
6503,1914,1.5467834,0.5096356,0.001599811,0.0037993193
6503,4059,33.90587,0.5102652,0.068549156,0.13095862
6504,6505,1.813549,0.4868314,0.002344735,0.0052583218
6504,1829,101.703384,0.4868539,0.22893679,0.44076866
6505,6504,1.8883095,0.48343405,0.0021750554,0.0049817115
6505,4848,31.25531,0.48666695,0.070919424,0.13487385
6506,6507,2.575035,0.31938553,0.004469499,0.008496672
6506,2122,28.353775,0.3212492,0.0749546,0.14302549
6507,4667,2.0247574,0.31811166,0.0069574043,0.013077453
6507,6506,2.5703316,0.31851888,0.0045156926,0.008646995
6508,309,2.7669296,0.6246784,0.0054261535,0.011412889
6508,6509,1.7237167,0.62551236,0.002289474,0.0050794184
6509,6508,1.9356384,0.6284969,0.0028669462,0.0062324107
6509,4593,31.393261,0.6295494,0.06604079,0.12718752
6510,3244,17.996786,0.58845806,0.04244903,0.08292163
6511,6512,1.60075,0.49035326,0.003569819,0.007891357
6512,1491,124.567314,0.4956147,0.27164704,0.5253717
6512,4971,2.3735085,0.48988053,0.0052006096,0.010600239
6514,2913,82.49982,0.6321621,0.21228264,0.41727743
6515,472,18.647058,0.5354633,0.040953092,0.07964195
6516,179,8.905853,0.52706844,0.023744732,0.04672414
6517,6518,1.1096497,0.56327283,0.00371477,0.007880822
6517,4149,171.7056,0.56188077,0.33167577,0.64864546
6518,6517,0.84762955,0.5654014,0.0032299012,0.0071835816
6518,3541,100.083694,0.5596854,0.3399902,0.66402084
6519,4136,35.49698,0.5725197,0.08611409,0.16611233
6520,1917,1.2667656,0.51908207,0.004281327,0.008809209
6520,3734,7.6413383,0.5198503,0.016586058,0.033231854
6521,5690,33.860252,0.54459167,0.06711516,0.13048202
6521,1156,165.65396,0.54255414,0.5306667,1.0391136
6522,6524,0.7742615,0.581813,0.00302393,0.0063164085
6522,5132,1.6819916,0.5858223,0.0043046176,0.009382486
6522,6526,3.4616508,0.59471864,0.0069110245,0.0143622905
6523,6527,0.3946724,0.51774913,0.0017082915,0.002895698
6523,6525,1.4135742,0.5754725,0.0024254844,0.005417526
6524,6523,1.3559113,0.59381294,0.0030160174,0.0066866577
6524,2066,78.95549,0.5987084,0.20393756,0.40032023
6525,1688,113.037895,0.5780976,0.23277026,0.45599598
6525,6527,1.4888611,0.5952985,0.0022948831,0.0051427335
6526,4629,57.62934,0.6084706,0.1177274,0.23153725
6526,6524,2.7635536,0.59315306,0.005527675,0.011742771
6527,6522,1.6049995,0.59007835,0.002902314,0.006456524
6528,6529,2.0309258,0.59088063,0.002195686,0.005500287
6528,4764,12.662083,0.5920125,0.02925644,0.057375588
6529,6528,2.1176605,0.5907197,0.0024344623,0.0058749467
6529,5132,17.853926,0.5950803,0.040954743,0.0794087
6530,4221,15.979797,0.30777985,0.038713206,0.07404827
6530,6963,3.8542213,0.3009689,0.0103967115,0.019575939
6531,6195,2.1550179,0.5553082,0.002416961,0.00525856
6531,6532,1.3975105,0.55530214,0.0063461363,0.012411371
6531,1170,26.362057,0.55700076,0.051880453,0.09909642
6532,6536,16.622002,0.55744386,0.04488062,0.08753565
6533,6731,2.8640594,0.5814516,0.0057779253,0.011925444
6534,6535,0.4366722,0.42744833,0.0016074106,0.0031374246
6534,4333,6.6446075,0.54497623,0.013315238,0.02711922
6534,4713,11.729593,0.545651,0.027726866,0.054673098
6535,6534,0.9254112,0.3971043,0.0020876452,0.004218012
6535,1747,8.826874,0.53873193,0.018311918,0.036272228
6536,1156,59.029976,0.558916,0.18875578,0.3677385
6536,4299,105.91223,0.5626439,0.20148078,0.3942353
6537,5734,0.92918396,0.55815274,0.00083872676,0.0023643672
6537,2111,4.009655,0.5817777,0.006793745,0.014365479
6538,1182,69.8321,0.5788892,0.1495104,0.29342726
6538,6565,1.5618973,0.5787733,0.0027782023,0.0061977655
6539,6540,1.77145,0.6585526,0.0014948398,0.0037510395
6539,3097,69.01286,0.3674422,0.24778476,0.4006902
6540,6539,1.8527412,0.65833455,0.0015335828,0.0038541555
6540,3922,32.494965,0.38944292,0.11730798,0.18398188
6541,6542,1.3110809,0.5273603,0.001794301,0.0040438473
6541,6542,1.4630508,0.5273122,0.0020075142,0.004718825
6542,6543,1.0720482,0.5265299,0.0019201115,0.004644379
6542,5288,39.76874,0.52473474,0.07738433,0.14736277
6543,1346,1.206543,0.5243889,0.0017038733,0.0039847195
6543,5004,7.035473,0.5255254,0.014456749,0.028912738
6544,4111,1.834568,0.60229427,0.002244912,0.0051005185
6544,3967,58.65728,0.6052717,0.12333135,0.24068171
6544,3413,1.6735344,0.6023712,0.0021894947,0.0049102306
6545,930,1.1099548,0.54391515,0.001735121,0.0041697025
6545,5808,1.6609688,0.54700524,0.0025172308,0.006382048
6546,6554,1.0973358,0.2980063,0.00038790703,0.0014824271
6546,6552,0.64992905,0.31995076,0.000305973,0.00036534667
6546,6547,2.3529396,0.11077547,0.0010958612,0.0016711056
6547,6546,1.6834946,0.08633646,0.0011997819,0.00041779876
6547,6550,1.2123947,0.1438185,0.0012802258,0.001297608
6548,6549,1.8021584,0.5409423,0.0018539727,0.004400581
6548,6550,24.160835,0.54291725,0.05059811,0.09620401
6549,6548,1.8092728,0.54094666,0.0018673688,0.0044255704
6549,6550,23.623554,0.54295456,0.04961694,0.094344184
6550,6547,1.9010429,0.15146235,0.000889726,0.0006239861
6550,1359,9.773022,0.549576,0.020392068,0.04071206
6551,5808,1.3459015,0.5501425,0.0018182769,0.004481435
6552,6546,1.8068275,0.36049992,0.002639696,0.005677372
6552,1360,3.7518616,0.5478868,0.0068676174,0.014240384
6553,6547,1.3503036,0.2417337,0.001741305,0.0035310835
6553,6554,2.0984726,0.54746294,0.0015446767,0.003648147
6554,6551,42.827023,0.54915714,0.0685297,0.12898406
6555,3024,27.174652,0.56263906,0.055841215,0.107140824
6555,3021,6.128006,0.5585805,0.012267977,0.024149314
6556,3021,1.7931519,0.5579121,0.0016184002,0.003879875
6556,6555,5.4596634,0.56088513,0.010600202,0.02124244
6557,6558,4.0747757,0.65380603,0.009969808,0.02006182
6557,3490,0.0,0.6324956,0.007854566,0.015155673
6558,3253,0.0,0.64624417,0.007828243,0.0153532475
6559,3684,4.993782,0.635964,0.009237595,0.01845546
6560,6192,7.2231674,0.52664673,0.017414525,0.033837616
6560,1727,10.797482,0.5256408,0.022788316,0.044374973
6561,4095,0.62844086,0.3460902,0.0026907995,0.0025566667
6562,6563,2.6069183,0.56503826,0.0020679608,0.005106449
6562,5113,4.5979652,0.56981516,0.0098372325,0.020338252
6563,6562,2.455223,0.5649946,0.0017858818,0.004426852
6563,5407,57.134346,0.5670167,0.119709864,0.23300387
6564,5113,2.6471596,0.5634368,0.002156034,0.005138144
6564,6563,4.83646,0.56557924,0.0105008185,0.02158025
6565,5533,87.91787,0.5751528,0.22372806,0.43645746
6565,6538,1.3880806,0.5792468,0.0023650825,0.0056473464
6566,3762,1.7786789,0.6536761,0.0035230592,0.0077555478
6566,510,51.354782,0.6332036,0.1605929,0.31369323
6567,6566,1.8892975,0.6477833,0.0033500716,0.0069534928
6567,656,15.858381,0.6534997,0.03183785,0.062210135
6568,6571,1.457016,0.6051484,0.0028372481,0.0064620227
6568,4208,72.265434,0.6164865,0.14906037,0.2932874
6569,6568,1.4193916,0.6099698,0.0025098398,0.0054513216
6569,645,38.245686,0.6161932,0.080210075,0.15491793
6570,6569,1.2049446,0.6144552,0.0017875955,0.0047450513
6570,3854,48.265923,0.6099028,0.101316035,0.19642636
6571,6570,1.6503029,0.59859586,0.0035850331,0.0080290735
6571,3861,59.872524,0.6187769,0.12422157,0.24435633
6572,2373,2.5657501,0.5971009,0.0017967373,0.0045850426
6572,5361,54.502594,0.60618955,0.113933794,0.22268777
6573,3472,1.9397583,0.58440435,0.0025478676,0.005177349
6573,2743,4.8685646,0.5840047,0.012036011,0.023977965
6574,498,1.8830452,0.6431279,0.0025563613,0.005404368
6574,497,160.74905,0.6417929,0.29646954,0.58188486
6574,5542,44.455273,0.6538074,0.08319412,0.16129822
6575,4100,44.981377,0.55670035,0.08689553,0.17025381
6575,4991,32.314514,0.55090356,0.06285764,0.120819665
6576,6577,3.211605,0.62389517,0.004191734,0.008431688
6576,2534,22.641369,0.6217157,0.046078194,0.08942934
6577,6578,2.858406,0.62108654,0.0034030676,0.006932959
6577,6576,2.914238,0.6212243,0.003470391,0.0070788264
6577,5656,30.319859,0.6223385,0.07531187,0.14610134
6578,6577,3.1777878,0.6222851,0.004160814,0.008451268
6578,1744,10.815308,0.6232888,0.021311678,0.042225882
6579,1066,1.2622566,0.5557961,0.0025979877,0.0058478564
6579,5396,3.5199394,0.55578274,0.0051453263,0.01122646
6580,795,1.0955315,0.5521654,0.0037891269,0.008331791
6581,6687,3.8830185,0.57815677,0.005906038,0.012419552
6581,2576,13.757084,0.5781572,0.02773296,0.05470065
6582,2178,2.2943535,0.57667744,0.0035891086,0.007694334
6583,3270,11.265619,0.5492434,0.018329851,0.03750831
6583,895,7.1289062,0.024122894,0.019719034,0.03883408
6584,6585,2.6823997,0.6502943,0.007075712,0.014795765
6584,5063,32.281063,0.65453506,0.080167875,0.15507913
6585,5063,51.857056,0.6557026,0.07585232,0.14527759
6586,6594,1.1119766,0.3809793,0.0053075105,0.006215319
6586,6587,1.6746826,0.64068365,0.0010915175,0.0031994283
6587,4663,25.95193,0.39394045,0.09769963,0.15912391
6587,6586,1.7224045,0.6453461,0.0012136251,0.0035656393
6588,6589,1.8801727,0.5723782,0.0025362074,0.0056971014
6588,2954,43.78701,0.5738575,0.115397274,0.22469662
6589,6588,1.785614,0.5723052,0.002570428,0.0059720725
6589,3667,166.84763,0.55935216,0.31787547,0.620987
6589,3822,61.922363,0.5621074,0.1550946,0.3020674
6590,6603,0.96780014,0.33894867,0.00049109757,0.002073735
6590,4887,1.0904846,0.052517116,0.0044227093,0.007083848
6591,6593,2.2143517,0.6438763,0.0031033382,0.0070919245
6591,3356,54.570934,0.64899063,0.100909136,0.1986082
6592,5240,2.8599205,0.6425668,0.0044176355,0.0093932
6592,509,45.28724,0.6452179,0.08622109,0.16879962
6593,5240,1.9224815,0.6374136,0.0032026395,0.0069961846
6593,1423,47.614613,0.64844775,0.09562514,0.18751702
6593,3657,43.782658,0.6466888,0.083103485,0.16104983
6594,3943,74.398056,0.3826143,0.27955705,0.46349293
6594,1519,1.8085442,0.644102,0.0013398975,0.0038561672
6595,6997,49.33113,0.5813826,0.10360429,0.20036969
6595,3662,130.62123,0.5850296,0.26994216,0.528278
6596,37,3.4988136,0.61537457,0.0067285374,0.013786852
6596,32,14.970581,0.6174167,0.03133943,0.061393246
6596,4681,9.552082,0.6155971,0.01962436,0.038863733
6597,125,1.3213081,0.54607385,0.0027382523,0.00633049
6597,2651,25.143814,0.5468851,0.054466598,0.104132116
6598,6597,1.7951355,0.5455025,0.0031803474,0.0071175247
6599,4445,2.098236,0.5346293,0.0033924133,0.007366076
6599,167,44.8873,0.53475416,0.08802456,0.1718053
6599,3847,47.07331,0.5271502,0.09360188,0.18171084
6600,360,16.997356,0.53565866,0.035622753,0.06901005
6600,147,31.253357,0.53192073,0.06870371,0.1327246
6600,6599,2.403881,0.5311134,0.004457496,0.009276673
6601,6602,2.3249664,0.5389533,0.0037321374,0.0075244308
6601,1779,0.10541916,0.033908457,0.0051471293,0.009726584
6602,1778,1.0028114,0.53476816,0.003879048,0.008105949
6603,6604,1.2936211,0.5400502,0.0023418814,0.005235091
6603,4888,168.88968,0.5272374,0.33093393,0.6410606
6604,4887,0.64292145,0.08781198,0.00080349296,0.001397416
6604,6768,35.146057,0.5360909,0.07239458,0.137046
6605,3107,3.4555054,0.56466603,0.0061709806,0.012407631
6605,6089,1.7435913,0.5605197,0.02628325,0.050805345
6606,6607,1.4632835,0.5831716,0.0024366826,0.0049821436
6606,1967,55.458458,0.58711183,0.17161494,0.3377126
6607,6685,0.349308,0.16711187,0.0022838786,0.0044617355
6608,1486,3.3432922,0.45562315,0.0066917315,0.013417944
6608,4589,41.825867,0.45228076,0.085965596,0.16377789
6609,1614,34.952953,0.55077064,0.06886234,0.13412872
6609,6884,9.56826,0.5498102,0.019522004,0.038907647
6610,2656,1.6021614,0.524794,0.0021082908,0.004601285
6610,5763,39.097363,0.5211549,0.07670751,0.14750469
6611,3040,45.26875,0.5640738,0.087400265,0.1692838
6611,6612,29.14508,0.56446713,0.05904143,0.112102054
6612,6611,28.901192,0.5621049,0.05755859,0.110282086
6613,2652,0.83516693,0.29524207,0.0007083267,0.0019882023
6613,2640,22.866632,0.5278506,0.051359277,0.0977417
6613,3338,127.73443,0.5318168,0.2748518,0.5325448
6614,2870,1.6446877,0.5868914,0.0021029115,0.0051249117
6614,5116,24.277193,0.5855306,0.05389746,0.103003696
6615,6616,41.607582,0.5846457,0.08046929,0.15295671
6615,2870,66.67035,0.5819581,0.12840992,0.2530327
6616,1550,34.64435,0.5846206,0.06843374,0.13233909
6616,6615,43.641212,0.58350813,0.08278656,0.15725613
6617,926,10.365187,0.5563765,0.02153074,0.04271269
6617,3532,0.14225006,0.025723934,0.0023100972,0.004629284
6618,939,43.59448,0.55382425,0.08472328,0.16373657
6618,3532,34.489502,0.5558752,0.06805433,0.13105966
6619,5002,2.5026016,0.56953263,0.006924309,0.013638645
6619,6620,3.0102882,0.56768245,0.00473582,0.009593502
6620,4281,3.3883476,0.5658512,0.008872099,0.018268898
6621,5274,1.5214424,0.5670207,0.00458806,0.009198457
6621,6352,44.153454,0.5645456,0.10836608,0.21237218
6622,1996,25.441462,0.56752807,0.053622983,0.10289998
6623,6622,3.7191772,0.5662012,0.005058661,0.011148274
6623,2367,1.7881508,0.5603706,0.005244456,0.01088883
6624,6440,1.4745522,0.57747406,0.0029071346,0.006559953
6624,2947,7.351383,0.57819116,0.015746124,0.031322494
6625,4654,2.0948677,0.5971555,0.0027637333,0.0061589032
6625,4026,21.760708,0.60373235,0.047656592,0.092495725
6626,6627,1.9911919,0.4157792,0.004336983,0.008669063
6626,198,30.008553,0.43110666,0.07532052,0.14355417
6627,5896,1.5373459,0.41535023,0.0049242005,0.00989607
6627,5895,4.5790405,0.41497248,0.010459222,0.02036497
6628,6629,1.9070015,0.3450528,0.0045599937,0.00872688
6628,1671,1.959568,0.34156236,0.0038501397,0.007434815
6628,1264,31.901978,0.33353123,0.0849926,0.16261417
6629,6628,2.057869,0.3468926,0.005016096,0.009412125
6629,1236,23.023493,0.3542056,0.057831228,0.11059632
6629,1679,2.1269417,0.34623393,0.0050326064,0.009647042
6630,6631,1.8726387,0.30195427,0.004592493,0.00870423
6630,1314,7.5019073,0.29930416,0.019335128,0.03638777
6631,6630,1.9617615,0.30284745,0.005123332,0.009383082
6631,2317,37.538292,0.32018,0.10066092,0.19529854
6631,1318,2.142189,0.2961434,0.005515434,0.009967923
6632,6341,1.9985466,0.5571647,0.002462007,0.0057736486
6632,1667,7.1112404,0.55681777,0.017452866,0.034860462
6632,1666,12.62405,0.5595358,0.024790414,0.049114242
6633,1667,1.3670654,0.55850613,0.004324846,0.009246215
6633,794,2.5017471,0.55769074,0.0064167753,0.013410032
6634,1646,6.056797,0.5930921,0.014884263,0.029742762
6634,5074,21.64125,0.59706306,0.051945552,0.100970805
6635,2472,30.553452,0.49567902,0.06333342,0.120538436
6635,2036,76.16999,0.49530002,0.15086392,0.29264587
6635,2486,104.59223,0.4794309,0.21118778,0.40831977
6636,4679,1.361309,0.3277011,0.005314164,0.010015994
6636,6637,86.95613,0.36109728,0.20784211,0.39889404
6637,6638,1.5882912,0.39822966,0.0034988448,0.006973043
6637,2225,77.52213,0.39510894,0.16415441,0.31583083
6637,4677,48.51135,0.41189548,0.110159926,0.21309213
6638,6637,1.696415,0.39593676,0.0036636814,0.0073123276
6638,4679,87.99591,0.35801739,0.20696567,0.39883262
6638,1256,130.32298,0.4055062,0.12633799,0.24923941
6639,6640,0.0,0.0416252,0.0048386827,0.0088478625
6639,7021,1.963356,0.64221805,0.0029754564,0.0059791505
6640,6641,1.733242,0.6443885,0.0029912367,0.005886972
6640,1872,15.092802,0.03718406,0.065680176,0.13739774
6641,6642,0.30155182,0.09193149,0.0035185963,0.0064772367
6642,6639,1.9287834,0.64551,0.0031139702,0.0064122975
6642,4075,34.433342,0.21637642,0.15594783,0.3220703
6643,6644,1.8932953,0.6450607,0.0028599128,0.005948156
6643,3419,47.798744,0.6482487,0.09758475,0.18964848
6644,6643,2.1223297,0.6414346,0.0031363964,0.006327793
6644,2583,78.974304,0.6429722,0.14624651,0.28498632
6644,289,64.52977,0.6445173,0.1309465,0.2580669
6645,1292,3.241108,0.61375105,0.0062924996,0.013271764
6645,6709,72.502106,0.61661893,0.1858961,0.36807537
6646,6645,2.0501747,0.6141859,0.0039230883,0.008658916
6646,6647,4.7275963,0.613582,0.011770457,0.02355422
6646,7050,7.403385,0.61406165,0.017440349,0.03492661
6647,7050,2.8203888,0.6047043,0.003689915,0.007980898
6647,2325,6.398861,0.32730752,0.012155004,0.02199775
6648,6649,2.099537,0.45492283,0.004242435,0.008726984
6648,3720,75.3533,0.4564945,0.19772315,0.38273957
6649,6650,1.6265106,0.441254,0.0029908493,0.006564349
6649,6483,12.53632,0.4608239,0.027190179,0.053096205
6650,6651,1.5295067,0.45794195,0.0032573417,0.0068026185
6650,2471,105.39671,0.4522533,0.23487654,0.4530717
6651,6648,0.7414932,0.26762462,0.002096273,0.0041318387
6651,525,22.05922,0.4567734,0.049456455,0.09463658
6652,4421,2.5741768,0.61214256,0.0031473264,0.006984949
6652,1410,38.584705,0.62000316,0.09389574,0.18304771
6653,3652,2.5279388,0.60885143,0.0036057383,0.008062676
6653,5088,25.338291,0.6123957,0.059665542,0.11498946
6654,4821,7.6125565,0.61180365,0.015750319,0.03171906
6654,6715,32.386585,0.6133263,0.06551068,0.125256
6654,3591,59.428715,0.6093177,0.14888807,0.29417902
6655,6654,2.0382195,0.6102613,0.0062637404,0.012548536
6655,504,21.15482,0.61204684,0.04464226,0.086766355
6656,3,42.40439,0.6092469,0.08976064,0.17455979
6656,4846,5.1301537,0.60584706,0.0058124736,0.012917548
6657,583,80.48042,0.47670528,0.16220663,0.31365287
6657,3564,74.719406,0.48268205,0.16874577,0.32490182
6657,1825,26.964445,0.47831133,0.060022265,0.11470439
6657,1220,22.643778,0.4850731,0.05047887,0.09653836
6658,6138,2.96735,0.6014683,0.004102513,0.008227602
6658,3374,33.592056,0.6054076,0.066975504,0.12867726
6659,3926,3.5351753,0.60889673,0.0048472807,0.010222524
6659,3796,5.222481,0.6105602,0.0073657036,0.015451416
6660,6160,2.4849358,0.63093984,0.001462549,0.0039732456
6660,6159,28.573301,0.6368801,0.06208845,0.11811024
6661,6662,1.5367584,0.5799147,0.0028306022,0.0062212497
6662,70,92.428345,0.56818193,0.19736575,0.38504916
6662,5023,35.89056,0.5814244,0.07843064,0.15000139
6663,210,21.168896,0.5595423,0.04421888,0.08484566
6663,1018,27.475477,0.57138205,0.070413195,0.13991623
6664,209,1.4433403,0.5490294,0.0043292344,0.009309754
6664,3006,9.631096,0.55915725,0.021238744,0.042323038
6665,2755,1.4837761,0.5473687,0.0030301139,0.005765125
6665,6436,2.1094666,0.5566898,0.006381117,0.012179464
6666,6667,0.8525543,0.5436682,0.002766557,0.00575383
6666,3005,43.36356,0.54942775,0.10581013,0.2067747
6667,6668,1.3168373,0.55113065,0.004517995,0.009478927
6667,6428,51.47444,0.5512911,0.13105465,0.25698453
6668,6669,1.2875633,0.54799366,0.0041141734,0.008503333
6668,5217,20.144258,0.54968196,0.04814065,0.09289911
6669,6666,1.2976494,0.552551,0.0043958053,0.009642735
6669,6902,33.666332,0.55439955,0.08321196,0.16105196
6670,4150,12.456684,0.59454215,0.025330342,0.049642533
6670,6671,1.5360222,0.59168,0.0023217723,0.0053979605
6671,6670,1.6441193,0.58722156,0.002805449,0.006371543
6671,6941,83.15918,0.5949394,0.17706795,0.34744695
6671,1082,63.471733,0.5943265,0.13205266,0.26025745
6672,6673,2.2510529,0.64652216,0.0023483261,0.0053341687
6672,5350,2.1238937,0.64058673,0.001184769,0.0029111952
6673,6672,2.2776833,0.6455444,0.0023586452,0.0052711666
6673,5663,20.259714,0.64606315,0.040718127,0.078691885
6674,1923,0.0,0.5209723,0.009126551,0.01825361
6675,4726,0.3941269,0.08510968,0.002659671,0.0041182935
6675,2314,3.1237297,0.5956261,0.0042221174,0.009195372
6676,2446,1.4125404,0.24042761,0.002683036,0.005161524
6677,166,17.670977,0.54312986,0.03775983,0.07336331
6679,3098,57.43046,0.63850707,0.10788688,0.21121068
6679,6680,4.022663,0.6418839,0.005669974,0.012238845
6680,5017,76.46135,0.647237,0.14084984,0.2789024
6681,1229,1.4934807,0.49474567,0.001908727,0.0040436536
6681,1258,57.630737,0.4886845,0.113161996,0.21977612
6681,4350,12.656635,0.4928752,0.027927801,0.054143593
6682,4350,59.870377,0.47676593,0.1295053,0.25193834
6682,3297,12.923212,0.47657734,0.027949825,0.054672547
6683,4530,1.5075951,0.5769786,0.0019458979,0.004633531
6683,3052,53.061066,0.5780939,0.10180315,0.19871849
6683,4528,19.492294,0.5794214,0.04212139,0.08193106
6684,4947,2.149479,0.55523723,0.0038139373,0.008105323
6684,6951,8.575123,0.55789477,0.018504858,0.03694831
6684,622,2.3675117,0.5590559,0.00475993,0.010192409
6685,6686,2.031334,0.58132106,0.003517434,0.006759584
6685,4016,18.8758,0.5877658,0.04857582,0.09484154
6686,6606,0.323246,0.18392876,0.0026099011,0.0048207194
6686,3071,48.682926,0.5877154,0.10176388,0.1993866
6687,6582,1.7178726,0.5749182,0.0012625232,0.0035141706
6687,6676,10.9368,0.5754165,0.021943852,0.043285772
6688,2407,1.1666946,0.48384416,0.0040068477,0.00860174
6689,6688,1.2537804,0.48251405,0.004149094,0.008547246
6690,6691,2.8062515,0.5510888,0.0021686181,0.005303234
6690,3782,34.17267,0.5534648,0.07349749,0.14042985
6691,6690,2.837986,0.55111265,0.002049528,0.0051217526
6691,6748,22.36007,0.5518972,0.04945775,0.09503005
6692,6693,3.063404,0.620784,0.002475202,0.0062499642
6692,7037,16.772955,0.62328076,0.03516271,0.06859294
6693,6692,3.202324,0.61937606,0.002857715,0.0069510043
6693,3493,8.754192,0.6244906,0.01762285,0.03517583
6694,6695,4.667198,0.5797357,0.008769162,0.017992347
6694,6695,4.1883965,0.57721645,0.0065733567,0.013912678
6694,2848,184.62515,0.56569314,0.35298896,0.68924993
6695,3433,113.046364,0.5770476,0.21159256,0.4152957
6695,6694,4.1402626,0.5807495,0.007654324,0.015821308
6695,6694,3.7154312,0.57609284,0.0055113286,0.011871144
6696,1647,6.441471,0.57707304,0.01107949,0.02266182
6697,5481,1.0735931,0.5223639,0.0010328889,0.0034101903
6697,6135,1.1809921,0.52609855,0.0025253817,0.0056174397
6698,6697,1.3493805,0.52545774,0.0022976398,0.0047709346
6698,3752,99.55925,0.52515894,0.21055949,0.40647852
6699,6202,1.5046234,0.047995478,0.008378103,0.015696079
6700,6701,1.5380669,0.50965446,0.003022872,0.006879762
6700,5245,29.427519,0.5150821,0.06550144,0.124383196
6701,6702,1.830864,0.5141044,0.003787361,0.007778406
6701,3563,96.687416,0.5197312,0.21296343,0.41264576
6702,6703,1.286171,0.5159327,0.0027751103,0.0059437156
6702,3702,65.62526,0.51775634,0.14492962,0.28232902
6703,6700,1.1379738,0.51112354,0.002458647,0.0054052174
6703,1218,29.153534,0.51084167,0.06319199,0.12076904
6704,6705,1.1958275,0.3812606,0.0021096915,0.0046609193
6704,2205,53.39172,0.5197065,0.11300954,0.2192988
6705,6706,1.2955055,0.51094455,0.0028260052,0.006152287
6705,920,26.532864,0.52284414,0.060370695,0.115290076
6706,6704,1.5310173,0.5220992,0.002986677,0.0064873546
6706,3802,31.528263,0.523148,0.06882924,0.13117142
6707,6227,1.8227501,0.6132876,0.002662152,0.006027013
6707,6646,30.25715,0.6126109,0.07361115,0.14407703
6708,6709,1.9142799,0.60651636,0.0029861256,0.0066991895
6708,1113,43.942703,0.6118975,0.08473653,0.16702078
6708,6707,46.34722,0.612263,0.11340033,0.2231411
6709,6708,2.005661,0.608073,0.00304918,0.006871909
6709,4754,43.951088,0.6127235,0.107314795,0.21030758
6710,3382,1.6683426,0.6062151,0.0042885095,0.00906758
6710,5715,3.4083366,0.609773,0.0058517084,0.012400404
6711,5173,2.7404022,0.6070564,0.0049227998,0.010569707
6711,2311,161.79492,0.6035594,0.30374122,0.5991048
6711,1104,10.947565,0.6064895,0.025206007,0.049649075
6712,6713,2.197647,0.52133054,0.0035897493,0.0073678195
6712,1664,61.495415,0.51294917,0.12066066,0.23653619
6712,1712,27.956083,0.5205139,0.061671693,0.11829598
6713,6712,1.7578583,0.52207094,0.0027023107,0.005939707
6713,236,43.70497,0.5201835,0.09342985,0.17996316
6714,5508,18.384163,0.6072463,0.042897537,0.08363167
6714,5508,22.556438,0.6086012,0.04700187,0.09098044
6715,4751,2.1032906,0.60689867,0.0027634203,0.006256014
6715,6716,2.2836876,0.6058724,0.0025434047,0.0054683834
6716,6659,35.41701,0.6072506,0.08849383,0.17285118
6717,6718,1.8343315,0.56852835,0.005604252,0.011559352
6718,6717,2.3097458,0.5687601,0.0063490197,0.013413504
6718,775,11.351633,0.57373756,0.030177992,0.058926575
6719,6778,1.7197113,0.57044846,0.0028945059,0.0063765794
6720,959,33.346306,0.5662981,0.062428057,0.118601546
6720,970,38.907482,0.56889117,0.09619987,0.18817472
6721,1336,12.082499,0.6176889,0.025073826,0.049471587
6721,1334,22.17483,0.61598754,0.047945917,0.09236897
6722,1334,1.7681236,0.611451,0.0026636422,0.0061023086
6722,6721,22.527304,0.6184535,0.048864916,0.09428588
6723,6314,1.3461838,0.55777913,0.0026535988,0.00572522
6723,6377,0.83675385,0.55192685,0.0031854585,0.006666437
6724,6723,1.3569603,0.5510241,0.002497971,0.005672306
6724,6378,2.1791344,0.55984885,0.006891735,0.014219403
6725,4977,1.551445,0.5708671,0.0046860874,0.008316845
6725,731,182.36282,0.095457464,1.4377906,2.9413683
6726,586,1.1967773,0.5654437,0.0014418736,0.0036275238
6726,2812,254.04895,0.5526614,0.53199416,1.0366063
6727,5546,3.853138,0.5833437,0.007797919,0.015497506
6727,65,1.6709251,0.33404297,0.0015460923,0.002563551
6727,5024,3.9242973,0.60160947,0.007779382,0.016516984
6728,1772,2.483612,0.5713763,0.006951928,0.0142876655
6728,5724,1.2909584,0.57125205,0.004487954,0.009363532
6729,2479,32.121006,0.4674901,0.06638253,0.12601426
6729,3523,64.31586,0.45261502,0.12770307,0.24681905
6730,5028,1.7625351,0.42866743,0.005281307,0.010556281
6730,1952,23.434252,0.42209798,0.052280907,0.09906947
6731,6732,1.6680679,0.5844095,0.005241312,0.011358753
6731,6856,154.27518,0.56723756,0.31925026,0.6209145
6732,740,94.265625,0.5779043,0.17754585,0.34818947
6733,4418,1.3148193,0.3031844,0.0046900734,0.00672321
6733,2664,36.267242,0.5263525,0.09208842,0.17960119
6734,6733,0.84236526,0.53481334,0.0033603534,0.0065112114
6734,6101,15.414881,0.29363728,0.038780507,0.071672544
6735,3407,2.1036377,0.5242588,0.0063641146,0.013159528
6735,6912,6.460655,0.5291715,0.015476063,0.030823976
6736,2366,4.8843727,0.5215829,0.009708285,0.019224152
6736,6099,41.365086,0.5174813,0.08870702,0.17232653
6737,219,1.9450569,0.6063161,0.0024974495,0.0055665374
6737,218,79.759796,0.6018118,0.14870031,0.29304835
6737,4576,35.93022,0.60892075,0.075802654,0.14757924
6738,3698,2.4984016,0.41500914,0.0043170825,0.008735403
6738,3693,5.577305,0.41457295,0.013910353,0.026964054
6739,2547,4.158722,0.41302198,0.008161671,0.015991047
6739,6738,2.8438148,0.41420525,0.00798402,0.0156485
6740,6739,2.6191711,0.41551116,0.0044855177,0.009105176
6740,7076,76.61685,0.4306592,0.20845826,0.40189683
6741,3072,47.691864,0.59658384,0.09971155,0.19448139
6741,1275,29.830112,0.582546,0.05994343,0.114901125
6742,6723,1.259121,0.5511627,0.0037524104,0.007934719
6742,6378,1.8757133,0.55076516,0.0026533455,0.0057076663
6743,6744,1.2521629,0.5500544,0.0021339953,0.0054058284
6743,7008,1.1398392,0.5502208,0.001955621,0.0050604194
6743,6956,41.704285,0.5457346,0.10209146,0.19899035
6744,6743,1.3188362,0.5487342,0.0022455826,0.0052854717
6744,652,12.421322,0.5542165,0.029030375,0.05717694
6745,6748,1.337925,0.54954875,0.0029238388,0.0063821673
6745,6690,22.598225,0.55024153,0.04927082,0.09472017
6746,6745,1.2013588,0.5473345,0.0023103207,0.005242288
6747,6746,1.4852066,0.55156744,0.003013134,0.00635311
6747,7008,12.500017,0.5545235,0.027597643,0.05454701
6748,6747,1.149128,0.5508856,0.0025976151,0.0055018067
6748,6749,35.72847,0.55596536,0.07822259,0.15220833
6749,6752,1.2298698,0.54453874,0.002585888,0.005420804
6749,3792,46.031696,0.54879594,0.098591976,0.19158964
6750,6749,1.3492126,0.53660846,0.002558753,0.005218491
6750,6747,35.908836,0.5418701,0.0777778,0.1505748
6751,6750,1.2805443,0.54092795,0.0026620775,0.006033987
6751,6953,37.929276,0.54821223,0.08217171,0.1584496
6752,6751,0.88830185,0.5393932,0.0019123033,0.0041507185
6752,739,56.769386,0.5435128,0.12194417,0.2373881
6753,724,2.8689003,0.5633377,0.0022523478,0.0054750293
6753,6726,7.6229324,0.56712854,0.016836248,0.03367254
6754,4656,3.1151695,0.610983,0.00625547,0.013136119
6755,20,1.7038155,0.5346733,0.0022555888,0.0052681267
6755,6183,60.50956,0.5376499,0.12808919,0.24919805
6756,20,0.72016144,0.19215152,0.00010506064,0.0005581677
6756,2607,1.9539375,0.5445888,0.0034620166,0.00791347
6757,6176,1.0796432,0.61025655,0.001722686,0.00438416
6757,6186,65.032715,0.63388574,0.11965607,0.23558716
6758,6759,1.4431076,0.6305251,0.0018445253,0.0047216117
6758,6759,1.6930351,0.63198704,0.0023230538,0.00575608
6759,6757,1.306633,0.6305185,0.0025301278,0.006182432
6759,3683,4.6108856,0.63927007,0.008914277,0.018442154
6760,3073,1.3469963,0.57966167,0.0018531978,0.004276544
6760,6761,2.2887344,0.5806923,0.004980698,0.010531008
6760,3067,157.11218,0.5722282,0.29735896,0.58218205
6761,3162,1.1848602,0.57901496,0.0016800165,0.0042367727
6761,5603,24.545052,0.5846047,0.05388655,0.10408861
6762,1489,3.1192513,0.5538417,0.0063656345,0.013220713
6762,6763,2.5141373,0.55420417,0.0050664693,0.010773569
6763,1006,50.751015,0.5561496,0.108083524,0.21000881
6764,2146,5.388851,0.5464912,0.011764377,0.02328299
6764,171,16.737822,0.54940796,0.036715873,0.07093915
6765,1289,27.953924,0.5837537,0.055556845,0.10652547
6766,6957,1.1982574,0.6323526,0.0034245253,0.0072163194
6766,3928,2.1588135,0.63584757,0.008570731,0.016206577
6767,3929,1.1462555,0.4885056,0.0014808103,0.00442867
6767,5573,138.89001,0.528881,0.26755103,0.51961964
6767,6769,59.166786,0.5388002,0.109887935,0.21347249
6768,1377,56.958733,0.53607774,0.11007308,0.21476904
6768,6767,98.7272,0.53829265,0.18852757,0.36769488
6769,23,0.1776886,0.04199043,0.0037546083,0.00665237
6770,3934,69.53499,0.540308,0.13346846,0.26120126
6770,3933,26.72485,0.034263015,0.1270949,0.26869524
6771,553,3.4953842,0.5492539,0.007607311,0.015807658
6771,6773,3.1689606,0.54789674,0.0060465857,0.01250349
6771,6772,2.184452,0.54944503,0.004520923,0.009767279
6772,1110,124.61489,0.54322577,0.26289538,0.51137525
6772,6771,2.2463646,0.5475113,0.0047426447,0.010320932
6773,1126,1.8072205,0.54603934,0.003035456,0.0068433583
6773,6772,3.5905838,0.54678345,0.007113032,0.0147251785
6774,2355,42.40949,0.520621,0.08356957,0.15942854
6774,2353,6.6001396,0.52410465,0.011854045,0.023846418
6775,7001,89.7254,0.5347633,0.19087936,0.37102452
6775,6613,76.824615,0.53421414,0.16930228,0.3298022
6776,6777,1.2365379,0.52638274,0.004031107,0.008342937
6776,4586,44.838337,0.53226024,0.089765035,0.17375547
6777,6776,0.84324646,0.52585953,0.0035124198,0.007762596
6777,4105,30.00058,0.52957183,0.091874756,0.17953092
6778,5235,1.6600723,0.5673897,0.0021641105,0.004667908
6778,3418,0.9404526,0.56485045,0.0031882897,0.0068461895
6779,5830,164.20401,0.5640795,0.44302672,0.8683961
6779,816,4.5390205,0.5779313,0.011237375,0.022750914
6780,1485,0.4548874,0.15748844,0.000408791,0.0013242662
6780,6781,29.005198,0.51058644,0.067240596,0.12878767
6781,6780,28.850657,0.5069889,0.06699767,0.12839079
6781,1491,10.043926,0.5017327,0.021838754,0.04333663
6782,6783,1.7659035,0.5744297,0.005981751,0.012436926
6782,5850,137.7056,0.5650388,0.2576581,0.5024757
6783,2439,92.358246,0.5695184,0.2565019,0.50415146
6784,5219,53.484272,0.5799842,0.09758049,0.18782336
6785,282,17.749355,0.585991,0.036456235,0.07092085
6785,6846,3.7552376,0.58969134,0.006271176,0.013429314
6786,5784,117.82843,0.5599907,0.242764,0.47376013
6786,612,9.288353,0.5661633,0.018243305,0.036467105
6786,3867,186.31813,0.5527163,0.38433695,0.74828947
6787,4531,1.5176048,0.5809592,0.002170384,0.0048952997
6787,2401,3.1299896,0.5812602,0.0063073784,0.012914926
6788,2461,67.11838,0.55615276,0.14260483,0.27882987
6788,75,50.610634,0.56059116,0.10610474,0.20519467
6789,75,1.4882278,0.5617521,0.0019360036,0.0044511706
6789,2083,74.502525,0.5629646,0.14168963,0.27782512
6789,6788,48.819534,0.5621216,0.10141545,0.19587323
6790,3324,1.7966499,0.60377216,0.0024412498,0.0058488697
6790,2074,5.973713,0.60386205,0.01129327,0.022508293
6791,575,57.424976,0.49756566,0.11322999,0.22070903
6791,1250,60.855446,0.5034981,0.11916201,0.23239644
6791,1840,18.389845,0.5051966,0.038679145,0.07473803
6792,2196,1.6743965,0.6137558,0.0026663914,0.006026253
6792,6793,1.9319954,0.6146854,0.0034331977,0.007817581
6793,3380,2.3154716,0.61392605,0.004585609,0.009914085
6793,6459,32.516937,0.6123709,0.06926942,0.13605449
6794,6792,2.4944801,0.61178267,0.0048618093,0.010518193
6795,804,38.764244,0.59226626,0.09391051,0.18200137
6795,6370,1.6893768,0.58421236,0.0032953545,0.007310614
6796,3976,1.7257729,0.48854944,0.003756754,0.0073987395
6796,6380,2.4995956,0.48487404,0.0034320801,0.007016763
6797,6798,1.3828354,0.50620127,0.004408039,0.00892894
6797,2714,56.80266,0.51329345,0.1855065,0.36071116
6798,6797,1.1700325,0.51560366,0.0036699697,0.0075263977
6798,2713,67.6127,0.51507497,0.17842084,0.34634453
6799,5081,1.6162033,0.6028949,0.0032472908,0.0071148425
6799,2736,1.8808899,0.60171336,0.003417164,0.007381156
6800,591,2.138565,0.5636618,0.0033887103,0.0075407624
6800,590,49.99809,0.5701881,0.09690744,0.18957818
6800,6801,2.0589333,0.56631625,0.0031134337,0.006899208
6801,591,1.8903694,0.5646226,0.0036015585,0.0076753646
6801,6800,2.2577286,0.5700735,0.0037072524,0.008186191
6802,6804,0.0,0.15743431,0.0026670024,0.005307451
6802,3404,42.95026,0.6044662,0.10549235,0.2042756
6803,6802,1.465622,0.60342413,0.004738942,0.009880021
6803,391,18.29008,0.15563545,0.05567993,0.10976544
6804,6805,1.5651131,0.6013822,0.0046036765,0.00938721
6805,6803,0.613842,0.20400363,0.0030742288,0.007029012
6805,3079,28.454388,0.60618067,0.06723751,0.13023847
6806,322,108.11376,0.6483907,0.19911218,0.3931324
6806,6807,2.60141,0.64696234,0.0040536374,0.008755699
6807,6808,2.0627937,0.64626443,0.0031569973,0.0069437176
6807,4162,34.242756,0.65588385,0.0717473,0.14011127
6808,6810,1.8528366,0.6434281,0.0033174753,0.0069958866
6809,6807,1.6625404,0.6450313,0.003908232,0.008396581
6809,6806,2.8634834,0.6437371,0.0048332214,0.0102712065
6810,6809,2.1164398,0.64657617,0.0035201162,0.007282451
6810,3795,22.261951,0.6491365,0.047105383,0.09258806
6811,6812,1.8439827,0.5070124,0.0021027476,0.0047696233
6811,515,1.989811,0.50834054,0.005678363,0.011436492
6812,6811,1.7768898,0.508319,0.0021367446,0.0048474073
6812,5374,30.550182,0.5165206,0.07700759,0.1460194
6813,363,52.526314,0.5764357,0.10112266,0.19662392
6813,3335,50.054783,0.5579918,0.09685637,0.18593572
6814,2562,14.921755,0.40126702,0.03281169,0.06299792
6814,2549,60.139168,0.39380938,0.12502274,0.24075946
6815,6540,69.25093,0.4074108,0.23441112,0.37688687
6816,6740,1.9269905,0.41595775,0.0035245866,0.0071338266
6816,6836,3.0777664,0.41264609,0.006021701,0.011911988
6816,560,100.26245,0.42334837,0.20946203,0.40169078
6817,4348,5.267708,0.5825249,0.010255136,0.020564929
6817,1092,2.1238747,0.5791464,0.004012607,0.008572921
6818,1093,26.252245,0.5782195,0.057749994,0.110984765
6818,6817,1.5525703,0.57831085,0.0030140579,0.0065722466
6819,3227,11.397676,0.5724764,0.024736784,0.04867661
6819,2991,8.640514,0.57234704,0.01796586,0.035813928
6820,1630,0.0,0.028259933,0.0005559996,0.0021940619
6820,6259,33.556038,0.38699794,0.087585,0.1414645
6821,6822,1.7742844,0.48781398,0.0027449504,0.0053631365
6822,6823,8.390575,0.49029258,0.015353322,0.030622184
6822,1851,50.014614,0.4830569,0.10078704,0.19520067
6823,2518,1.8774414,0.48299217,0.0026426092,0.005201265
6823,1856,54.392273,0.47841573,0.10769671,0.20966476
6824,6825,0.9268341,0.56697446,0.003263615,0.0070267916
6824,5654,2.6544456,0.5736472,0.010555387,0.020957083
6825,6824,0.6500473,0.5644287,0.0029070154,0.0064941496
6825,1097,11.144514,0.57703745,0.022703797,0.04468517
6826,5357,2.69339,0.5704611,0.0047040805,0.010065541
6826,4178,379.0136,0.56189704,0.7229033,1.4172674
6826,4165,2.986885,0.57395685,0.00526572,0.011272192
6827,6828,1.4918251,0.4285209,0.005023621,0.010128424
6827,5997,50.448746,0.43052235,0.104282886,0.19985038
6828,6827,1.4619293,0.42217642,0.00477653,0.009530231
6828,5998,37.992218,0.4350407,0.10427864,0.20261161
6829,6830,1.7175674,0.42672715,0.0054475665,0.010990635
6829,5899,3.112011,0.42855516,0.011022463,0.021662965
6830,6829,1.6131783,0.4301794,0.0053755566,0.010705337
6830,5898,8.157291,0.42330682,0.017105833,0.033318892
6831,4277,1.3107834,0.5443684,0.0022750571,0.005421281
6831,4852,92.91375,0.54118484,0.20284876,0.39401472
6832,6833,2.9135094,0.5756256,0.00233116,0.0059739053
6832,4315,29.89705,0.5882021,0.06389508,0.12165378
6833,6832,2.9250793,0.5797591,0.002243705,0.0054649115
6833,4517,2.750393,0.58116287,0.00568787,0.011784181
6834,2308,1.8473663,0.43502983,0.0028111339,0.0057352185
6834,2307,12.906801,0.4344491,0.02726999,0.052776635
6834,2587,47.39034,0.45431614,0.09481704,0.18429577
6835,2547,5.0261497,0.4137355,0.009075239,0.017743126
6835,6738,3.786274,0.4130701,0.0076215863,0.014724374
6836,2554,3.3750687,0.41064605,0.0066167563,0.012835711
6836,6816,2.900402,0.4108304,0.0053286925,0.01078172
6837,5266,34.666817,0.45478553,0.07036898,0.13354285
6837,6839,11.479826,0.45889634,0.024123885,0.04682499
6838,1508,2.3663483,0.45630997,0.0030266345,0.006287247
6838,5267,10.85379,0.45620844,0.022760771,0.044175446
6839,6838,12.64801,0.4586643,0.026608706,0.051958144
6839,1506,236.41803,0.46190816,0.48332983,0.93691313
6840,4701,1.5928688,0.43736827,0.003151849,0.0066889673
6840,2997,13.541609,0.44125202,0.029870357,0.057410635
6841,6476,28.304504,0.42780986,0.06456879,0.12215539
6841,6842,2.159233,0.44098574,0.004795417,0.009862542
6842,522,2.0845795,0.4409535,0.0044395253,0.009228066
6842,6843,5.4684944,0.4348632,0.0060198084,0.012086302
6843,521,52.67662,0.4335111,0.11883424,0.2286711
6844,4200,122.18319,0.567754,0.25430563,0.49594253
6845,102,1.4082527,0.52539957,0.0025481954,0.005978361
6845,6944,48.095573,0.52439016,0.09997362,0.19468586
6846,6847,0.6006241,0.061247557,0.0009890199,0.0019618422
6846,6785,4.2093697,0.5839521,0.0081588775,0.016912445
6847,6846,0.96071243,0.05326587,0.0019308478,0.0037091076
6847,4087,36.803715,0.57954055,0.07751177,0.14719185
6847,5003,1.786396,0.57469654,0.0035333335,0.007477343
6848,3018,153.54205,0.55087876,0.2944098,0.57430243
6848,6849,3.1857834,0.5594337,0.0058699995,0.012316883
6849,3019,1.5410118,0.55833566,0.002061054,0.0043472648
6849,3023,12.564356,0.56298953,0.025839254,0.05101727
6850,6205,0.0,0.04458213,0.0045643374,0.007662356
6850,4710,1.6323586,0.39079013,0.006376162,0.006851107
6851,6852,1.6829414,0.64889115,0.0031110123,0.0051030368
6851,6850,0.12492752,0.38997918,0.0026041344,0.0
6851,2572,16.396124,0.042597085,0.07008177,0.14568448
6852,4320,75.90197,0.6477512,0.15593424,0.30993778
6853,1951,18.362751,0.55086243,0.05089395,0.09959954
6854,4339,1.0039825,0.5499228,0.002216652,0.0048229694
6854,6497,61.80822,0.5555484,0.13287422,0.25999528
6855,620,65.58877,0.559129,0.13654132,0.2673456
6855,6854,13.010704,0.55974555,0.028415926,0.055708952
6856,5743,81.35666,0.56803143,0.16641606,0.3249187
6856,807,1.6487274,0.5768278,0.0057201833,0.012149796
6857,72,1.6240692,0.577238,0.0052770674,0.011230618
6858,6243,5.2857895,0.58287996,0.011234224,0.022838503
6858,993,1.804657,0.58061725,0.0034614727,0.007844791
6859,6947,1.1686783,0.5866989,0.0020152628,0.004651472
6859,6862,4.313118,0.5871448,0.008801617,0.018135205
6860,6859,1.7463531,0.5801116,0.003319405,0.007199824
6861,6860,2.7793503,0.5906916,0.005691096,0.011767134
6861,5123,38.78458,0.59572864,0.080041006,0.15615301
6862,5096,22.641222,0.59036165,0.048982516,0.09465567
6862,6947,4.3058815,0.58741343,0.0091074705,0.018370897
6863,6443,88.38757,0.5830217,0.18258953,0.35859454
6863,6948,6.3814774,0.5894406,0.013236828,0.026542008
6864,6865,1.27248,0.5800577,0.0027531758,0.0062637776
6864,6867,7.078205,0.5887152,0.01480104,0.029819995
6865,813,21.132708,0.5899883,0.047032464,0.09147024
6865,4532,1.4109879,0.5872086,0.0031747073,0.006905332
6866,6864,1.250679,0.5836167,0.0024186373,0.005546227
6866,894,71.41144,0.58618236,0.15051395,0.2949598
6867,1289,2.6185722,0.5870065,0.004974395,0.010645002
6867,6865,7.505165,0.5888723,0.016161054,0.032453686
6868,5798,1.7354774,0.56990844,0.0046538264,0.009322494
6868,5624,127.812546,0.56220895,0.24484065,0.480801
6869,3065,24.719597,0.5588304,0.053685065,0.10271985
6869,4341,15.624113,0.5594658,0.034283746,0.06695822
6870,4796,56.53594,0.66867375,0.13049969,0.25860986
6870,6871,7.3467674,0.6582306,0.016803704,0.03329763
6871,4794,49.80533,0.6474077,0.115690246,0.22656816
6871,6870,7.42712,0.65903497,0.01698114,0.033557177
6872,6873,2.1344833,0.4925358,0.002730891,0.0060359687
6872,2627,14.603857,0.4841498,0.031724256,0.06193822
6873,6872,2.2888374,0.49005747,0.0032069385,0.0069457144
6873,2287,67.41929,0.5039772,0.1781429,0.34500563
6874,1642,6.0014877,0.58033663,0.013442449,0.027005091
6874,982,17.914043,0.5852321,0.042024568,0.08203064
6875,5246,127.07336,0.5281081,0.26836726,0.51915526
6875,6876,1.6032982,0.53990835,0.005350344,0.011639133
6876,5803,34.681305,0.5350058,0.06924973,0.13465093
6877,5344,0.7037697,0.15000379,0.0022007227,0.0038987696
6878,5719,27.235128,0.45654386,0.067486785,0.1274471
6879,3281,138.6192,0.56144464,0.2863826,0.557818
6879,6880,18.028618,0.56492436,0.026550457,0.05311583
6880,3950,12.346344,0.5702719,0.026584469,0.05207327
6880,6879,18.295654,0.56498444,0.026317686,0.05257134
6881,6882,1.4727974,0.5910613,0.0043787435,0.009264067
6881,3234,74.56326,0.59995615,0.14176403,0.28079665
6882,6890,2.692318,0.5953532,0.005030021,0.010755479
6882,6634,2.4676514,0.59541863,0.006661348,0.013882369
6883,6884,0.95111465,0.54777884,0.0020243376,0.0042841136
6883,6609,9.422657,0.55433595,0.019501999,0.039002076
6884,4847,0.9848213,0.54714954,0.0014546365,0.0035558343
6884,922,32.60598,0.5572837,0.07318698,0.1401268
6885,6883,0.5185547,0.54394597,0.0006841123,0.0021106899
6885,6886,3.2223434,0.55840826,0.0077740774,0.01590179
6886,942,52.63314,0.55627275,0.10924739,0.21376187
6886,6883,3.2356873,0.55204433,0.0069458485,0.014419407
6887,933,70.27629,0.54575074,0.13560757,0.26606703
6887,1361,76.368774,0.5449753,0.14919169,0.29139388
6888,3247,45.869324,0.6468738,0.072971344,0.14106733
6889,2145,2.8076515,0.60444635,0.002205737,0.005743295
6889,5652,38.51188,0.60860604,0.081638634,0.15843926
6890,2314,2.5944443,0.59467936,0.005484484,0.011519894
6890,4726,1.4404755,0.5987244,0.004636027,0.008967102
6891,5225,1.8530693,0.49238226,0.0022794902,0.005115673
6891,4352,59.864468,0.5168918,0.15118963,0.29358456
6892,2511,46.14017,0.5016146,0.090669505,0.1759358
6892,2031,4.664875,0.5066892,0.008894913,0.01776193
6893,2512,13.398329,0.50676376,0.028249472,0.05510415
6893,6892,9.772511,0.5043402,0.020550177,0.040415615
6894,1587,60.654858,0.53167033,0.11871954,0.23219492
6894,1588,105.45037,0.53451025,0.20463988,0.39883825
6894,3551,161.46265,0.5319391,0.31358394,0.61006
6895,3630,2.6136017,0.6116981,0.004542671,0.008406267
6895,7055,57.268837,0.023119211,0.25051945,0.5391909
6896,6998,37.383354,0.6243193,0.078027844,0.15089233
6896,6962,64.21741,0.6253658,0.13090548,0.25880292
6897,4069,3.118061,0.58278203,0.005860001,0.01246132
6897,1194,102.73425,0.57657915,0.20612651,0.40371746
6898,6899,1.1853256,0.5634599,0.0026532114,0.0063093603
6898,3373,19.72271,0.5697684,0.043125577,0.08342309
6898,3113,16.670044,0.56700915,0.03638558,0.0705423
6899,128,1.7898636,0.56208897,0.0035459027,0.0077249706
6899,6898,1.0917702,0.56222314,0.0021687374,0.0050002337
6900,3114,1.785778,0.5658654,0.0027817562,0.006214142
6900,6901,3.531681,0.5669795,0.005067289,0.010984153
6901,3373,27.118774,0.564912,0.05457129,0.10467869
6902,6665,1.0204124,0.12656358,0.0031041205,0.0062289536
6902,2675,43.2531,0.5557081,0.09132543,0.17565742
6903,6902,1.2204666,0.5484387,0.002637893,0.0055905282
6903,6666,32.963722,0.5486735,0.085115105,0.1644862
6904,6903,1.6449356,0.5472754,0.0032618493,0.006594479
6905,6906,0.5831032,0.578865,0.0033783317,0.0075035244
6905,5986,40.632477,0.58556926,0.13024345,0.2547887
6906,876,9.266373,0.58425444,0.022994392,0.045509472
6907,4145,0.586998,0.06922099,0.0013437346,0.0024529397
6908,6909,0.08516312,0.19769424,0.0008484125,0.0017983019
6909,2295,1.3333015,0.6054484,0.0030356646,0.0065049976
6909,2791,115.76872,0.6022045,0.24571097,0.48193067
6910,1031,31.53378,0.5634921,0.08189694,0.1600523
6910,2881,59.216915,0.30591244,0.12440866,0.2363374
6911,4144,0.091163635,0.11980653,0.00043160468,0.00061810017
6912,1272,1.2371025,0.52090704,0.0041907504,0.0088579655
6913,1893,2.0794258,0.4553268,0.0036874935,0.008149818
6913,4845,2.3166122,0.45398685,0.009104349,0.018315762
6914,1510,2.955021,0.49047917,0.00558538,0.011407763
6914,6915,3.6429024,0.49348342,0.0073806494,0.014675289
6915,579,127.31115,0.47526222,0.25611487,0.49486697
6915,6914,3.2966805,0.4899175,0.00620047,0.012644485
6916,4800,24.616653,0.5863517,0.058218285,0.112000406
6916,6917,21.158035,0.5878421,0.043232135,0.0835012
6917,2067,106.263245,0.56154794,0.19942805,0.3903364
6917,4798,115.787445,0.5943308,0.21457055,0.42157227
6917,6916,20.980423,0.5853585,0.04313066,0.08357895
6918,1184,1.8225441,0.5866284,0.0023176372,0.0053263307
6918,454,29.567528,0.5873711,0.059105244,0.11319865
6918,6443,6.1463127,0.5879911,0.012894623,0.025995716
6919,6876,21.857555,0.53975844,0.04626715,0.08860613
6919,6920,2.1278572,0.54258895,0.0062270164,0.012820557
6920,6875,16.639956,0.5412595,0.036437195,0.07075953
6921,7006,0.47031403,0.03128934,0.0009967089,0.0022733659
6922,3478,27.761156,0.60633504,0.06018579,0.114997946
6922,6316,2.657425,0.59056187,0.0044356138,0.009755328
6923,1089,8.260796,0.5786046,0.018067516,0.035886735
6923,3584,1.5391083,0.57709366,0.0034715384,0.007791966
6924,1177,175.05603,0.5345921,0.33954167,0.65994865
6925,6926,1.9192963,0.31164986,0.003987074,0.007791534
6925,5945,28.019035,0.3130471,0.06688388,0.1253147
6926,6928,1.7885437,0.31118256,0.0048249215,0.009264678
6926,1970,3.6923256,0.3112215,0.008156322,0.015451521
6927,6925,2.1401138,0.310435,0.005353011,0.010043263
6928,6927,1.835907,0.3148229,0.0039840043,0.0075098723
6928,5950,2.2272606,0.31461775,0.0061341375,0.0115477145
6929,4873,2.9793053,0.3364002,0.0032355264,0.006307289
6929,4748,15.562775,0.3478359,0.036171496,0.069418095
6930,6938,1.9703636,0.652097,0.0029146746,0.0063307583
6931,6932,2.3407516,0.51923716,0.0035136864,0.0072682053
6931,6932,66.54738,0.5140123,0.12980242,0.25305405
6931,6934,1.1867523,0.525771,0.001322642,0.003515005
6932,6931,2.1767807,0.51679426,0.0034317821,0.0070555806
6932,6933,17.717783,0.5230088,0.0371736,0.072160274
6933,5412,2.320633,0.5274035,0.0024651513,0.005610451
6933,5413,39.114067,0.54026216,0.07573527,0.14572892
6933,6932,17.898588,0.5222152,0.037258644,0.07219536
6934,6931,1.8702316,0.5220475,0.003588751,0.0077997297
6935,4988,2.6075935,0.6072204,0.0024143457,0.005790174
6935,3595,24.37702,0.6112818,0.053441443,0.102326594
6936,6930,2.2362747,0.65492624,0.0032440424,0.0070265085
6936,4170,19.035572,0.6575072,0.038723107,0.075781934
6937,6936,2.4165459,0.65289307,0.0038591772,0.008075371
6937,4176,28.796192,0.6632491,0.0577052,0.11132698
6938,6937,2.0813828,0.65621996,0.0037544742,0.007894009
6938,5362,7.5167313,0.6616467,0.014953956,0.029622898
6939,6435,1.6202011,0.5914595,0.005346328,0.011315435
6940,6939,0.37023544,0.21239275,0.0024098232,0.0044774264
6940,6941,1.6708298,0.59769005,0.0027948618,0.006625876
6940,6383,2.0421677,0.5999348,0.0033905283,0.007818371
6941,6381,2.0398521,0.5947802,0.0039673373,0.008518875
6941,6940,1.8439331,0.59480673,0.002786249,0.006107375
6942,556,66.47282,0.548354,0.21566238,0.42016312
6942,1742,58.85927,0.5517278,0.114474975,0.22394973
6943,241,2.297573,0.5199549,0.005026862,0.010519385
6944,6945,1.6189995,0.52362984,0.0032655373,0.006971225
6945,2364,5.625942,0.52425677,0.01243075,0.025161564
6945,240,3.4559555,0.52455366,0.007587455,0.015652597
6946,6944,1.5416489,0.5212631,0.0027865767,0.005769491
6947,6948,0.8838234,0.5729214,0.0018282235,0.0043567717
6947,6863,7.0818443,0.5876646,0.015112579,0.030281559
6948,6860,1.1053886,0.5883112,0.0018254593,0.004079029
6948,6861,2.5779305,0.5892612,0.0052447915,0.011166766
6949,3391,20.718737,0.0,0.096046515,0.19594218
6950,6949,59.80455,0.0,0.195713,0.41506857
6951,937,2.709324,0.558426,0.005265586,0.01118879
6951,6684,8.870087,0.55923635,0.01882223,0.037611753
6951,935,40.569557,0.5599528,0.07786454,0.15266319
6952,2982,1.1687889,0.3721351,0.0005841255,0.00027000904
6952,1743,6.525715,0.59202695,0.012726724,0.025599346
6953,6954,1.0521011,0.53776526,0.0023364574,0.005365938
6953,6110,50.487366,0.532968,0.12766431,0.25074744
6954,6955,0.9712181,0.5432191,0.0036473796,0.00810729
6954,4391,25.275335,0.54734004,0.056101535,0.10682004
6955,6956,1.2998848,0.5403508,0.0026643649,0.0059140325
6955,4404,28.605038,0.5443594,0.070292205,0.13628821
6956,6953,1.1026344,0.5287825,0.0034366474,0.0070995092
6956,6750,36.89122,0.5464699,0.07916449,0.15378231
6957,6559,3.3201447,0.6394124,0.0055008605,0.011530533
6957,6766,1.1385536,0.631333,0.0033160746,0.0071790367
6958,732,38.985085,0.5765884,0.09459028,0.18423149
6958,4129,37.98321,0.5775943,0.09624276,0.1878742
6959,6960,2.5905342,0.40971753,0.0037053972,0.007431358
6959,1844,15.355976,0.40201828,0.037018538,0.07100322
6960,6959,2.4421463,0.40669873,0.0036341995,0.007268369
6960,3951,29.851484,0.42309028,0.074435964,0.14179595
6961,796,1.3500671,0.53738505,0.0018299371,0.00426957
6961,1963,235.11269,0.5659001,0.45269382,0.88277626
6961,1747,163.62585,0.52846295,0.31568196,0.6130816
6962,6896,63.80544,0.62339824,0.13050419,0.2579072
6962,6269,5.903286,0.6269636,0.012039609,0.024078548
6964,6965,1.7439384,0.5879532,0.0034831837,0.007621214
6964,6462,18.115368,0.588811,0.03897578,0.07558759
6965,635,1.5855827,0.5798851,0.0026166737,0.0055761933
6966,6968,2.8676682,0.6103574,0.0036270916,0.008122355
6966,2912,5.8736916,0.6144412,0.009355992,0.019234225
6967,6966,3.4781837,0.6097652,0.0047744885,0.01014559
6967,2904,10.667215,0.6113603,0.013272405,0.027532205
6968,6969,3.4960327,0.609971,0.0049283057,0.010533661
6968,2906,4.994049,0.6133766,0.0077543706,0.016301408
6969,6967,3.0083046,0.6078935,0.0039425567,0.008682758
6969,2908,7.342228,0.60903287,0.012470752,0.025318667
6970,1658,47.468956,0.6273742,0.08924996,0.17492317
6970,6972,2.3859138,0.62325734,0.0036166534,0.007791251
6971,6973,2.2777367,0.61964434,0.0040932894,0.0085672885
6972,6970,2.338295,0.62159663,0.0034385026,0.0073678493
6972,1652,91.183945,0.6267853,0.1676737,0.33174753
6972,6971,6.714222,0.6226098,0.013558991,0.02675718
6973,3359,22.924124,0.6273846,0.048811186,0.09539474
6973,6974,2.7138176,0.6254943,0.0048983023,0.010224447
6974,6975,1.5725937,0.620578,0.0026814416,0.006124869
6975,6977,2.0457916,0.62434757,0.003917113,0.008269265
6975,6977,75.68944,0.6246475,0.15784374,0.31214726
6976,6971,2.2653122,0.61948544,0.004255183,0.00864926
6976,6970,6.1453476,0.62230283,0.01248619,0.024836153
6977,6976,3.0343132,0.62466663,0.00577496,0.012267917
6978,1500,120.08567,0.5024135,0.25852495,0.50020975
6978,1501,16.59928,0.5023226,0.03609727,0.07013695
6979,6982,72.51265,0.4905452,0.1620434,0.31266606
6979,2421,45.073784,0.4892962,0.0964846,0.18861566
6980,1501,1.5827293,0.49768716,0.002411753,0.004812494
6980,6978,15.266233,0.4991916,0.03377052,0.065777555
6981,2405,76.22305,0.4973816,0.15073177,0.29254213
6981,6980,56.99187,0.49572882,0.11315396,0.22048943
6982,6980,1.1466866,0.49462235,0.0024994612,0.005668834
6982,6981,57.58914,0.498904,0.11316328,0.2198603
6983,6982,1.4664574,0.49881345,0.002223812,0.0047738105
6983,6979,73.19663,0.49701363,0.1625587,0.31379342
6984,6985,2.6546173,0.5633645,0.0023526028,0.0053706914
6984,2915,90.09703,0.5592073,0.23099387,0.45099598
6985,6984,2.894436,0.5648642,0.0028738528,0.006435618
6985,2962,84.90637,0.5574365,0.21942422,0.427759
6986,4837,0.7895088,0.5673584,0.0022091717,0.0059669763
6986,5577,73.62783,0.5636673,0.20930837,0.40983742
6987,5112,1.9652786,0.565204,0.0021459386,0.005161524
6987,3547,3.2499924,0.5708338,0.0055743903,0.011849344
6988,6989,14.774878,0.5746054,0.030670807,0.05955232
6988,3148,4.606552,0.57518995,0.0074081197,0.015296072
6989,2758,15.582123,0.5730166,0.032075368,0.06237915
6989,3148,11.300831,0.56929797,0.02124618,0.042014927
6990,4454,24.646814,0.60301155,0.054245166,0.10547231
6990,5911,1.0923576,0.5979182,0.0019988567,0.0047292113
6991,6990,0.8511162,0.5968288,0.0019522458,0.00445503
6991,340,8.710129,0.60142225,0.01841192,0.036873996
6992,1981,4.451317,0.60395336,0.008127466,0.016514555
6992,6991,0.72974014,0.59528893,0.0015624762,0.003928244
6993,269,105.54187,0.35250413,0.22933656,0.441432
6993,256,38.814053,0.3521693,0.08312285,0.15684687
6993,268,101.13789,0.31385,0.22695598,0.43726164
6994,6995,1.4297295,0.5387164,0.0030700043,0.0067280084
6994,2647,102.85292,0.5423862,0.22236529,0.43206435
6995,4482,1.0277138,0.5396728,0.0023300424,0.005110264
6995,5814,173.86397,0.54052866,0.36916047,0.7166949
6996,2083,151.28879,0.5550307,0.28967196,0.564889
6997,2191,49.962543,0.57713324,0.10240461,0.19928212
6997,6595,48.84036,0.5841521,0.10165277,0.19698533
6998,6999,2.6778488,0.6087028,0.0015230402,0.0043061823
6998,2095,11.716238,0.6215308,0.02499365,0.049229473
6999,6998,2.5143738,0.6148877,0.0016621277,0.0041235983
6999,6896,37.59959,0.6197877,0.07882324,0.15131831
7000,76,1.5865517,0.55256355,0.0031947866,0.0074660927
7000,4480,27.972385,0.5516293,0.061362818,0.1176672
7001,1960,1.9154739,0.5288813,0.0041944236,0.009392753
7001,4476,1.6962891,0.5390366,0.002913259,0.0065630525
7001,6775,89.839226,0.53448015,0.19298035,0.3740384
7002,3401,52.474133,0.49118945,0.16658,0.32412708
7003,195,0.79016113,0.4928052,0.0060100704,0.012144908
7003,7094,55.43161,0.5068862,0.34265438,0.6591322
7004,4380,155.03665,0.5441944,0.3310528,0.6440979
7004,7005,3.3661308,0.5521337,0.004877694,0.010172322
7005,76,2.0030441,0.554836,0.0039711744,0.008804977
7005,5813,24.885403,0.55323493,0.054063726,0.10388524
7005,7004,3.3777542,0.5514637,0.004918903,0.010322183
7006,1498,3.1906776,0.5619269,0.0062910467,0.012434974
7006,6921,0.5806618,0.038417548,0.0010436028,0.001891613
7007,2163,108.66819,0.6053865,0.2036058,0.40021044
7007,2161,8.194855,0.60699874,0.015754588,0.031307578
7008,6743,1.2326698,0.5493719,0.0021144673,0.0050527304
7008,6746,12.974531,0.5532972,0.028421521,0.05596739
7009,2979,1.958519,0.5906705,0.002237238,0.0050620884
7009,48,15.940823,0.5901502,0.037973907,0.0740554
7010,4807,28.842842,0.5423741,0.07390395,0.14311403
7010,7011,37.3818,0.542391,0.07275422,0.14116822
7011,7010,27.071373,0.5381216,0.06759544,0.13078257
7011,7010,37.282257,0.5403028,0.07265525,0.14001238
7012,5627,1.4937935,0.5709674,0.00436192,0.009246677
7012,6868,3.2066765,0.5704114,0.005741112,0.011973798
7013,3393,26.121418,0.5748901,0.05220287,0.09905984
7014,4070,0.7874336,0.5254416,0.0031680018,0.006782517
7014,1727,41.528877,0.52862746,0.13434389,0.2641216
7015,7016,1.1492691,0.4830714,0.003979102,0.008586422
7015,1522,55.839966,0.48843294,0.13695043,0.26471025
7016,1739,0.54400253,0.47561118,0.0035644174,0.008068666
7016,2414,32.6488,0.482004,0.083040066,0.16009821
7017,7018,55.118435,0.5786564,0.104322866,0.20307982
7018,857,1.8065147,0.57630724,0.0028290972,0.006148219
7018,7019,2.03162,0.5776868,0.0030132234,0.006579861
7018,5218,18.134317,0.579615,0.03772339,0.07350599
7019,3326,44.007507,0.57736444,0.085248746,0.16306178
7020,1861,3.6052628,0.5879648,0.0027321875,0.006987229
7020,1860,1.8298607,0.59486884,0.0050046593,0.010604888
7021,3419,1.6550636,0.6435001,0.0019228011,0.004658878
7021,6644,48.193554,0.6469248,0.09780039,0.1915171
7022,7023,0.17332458,0.6288832,0.0072840676,0.012495741
7022,2233,30.37418,0.008831263,0.18841398,0.40628156
7023,3254,20.883883,0.65117955,0.05482657,0.10738385
7024,250,2.417698,0.3620109,0.004435912,0.008446172
7024,7025,3.9934082,0.36514217,0.007534176,0.014420837
7025,4805,19.33742,0.35197997,0.041241303,0.078857504
7026,1330,129.01779,0.59195656,0.18422592,0.3636111
7026,1862,3.6916542,0.5893576,0.0055647492,0.011917084
7027,7028,3.0289993,0.32542962,0.0054922923,0.010295242
7027,6630,26.169899,0.3126189,0.06652206,0.12652898
7028,7027,3.127716,0.328219,0.005683154,0.0108567625
7028,1670,26.258593,0.31897065,0.06018643,0.11379267
7029,153,2.0732613,0.6010916,0.0020990148,0.00503549
7029,3935,40.30557,0.60381025,0.077305354,0.1489873
7030,5352,40.105682,0.47857335,0.080093496,0.15420797
7030,3682,5.571842,0.48977304,0.0105913505,0.022184893
7031,3323,3.2113533,0.4815606,0.004914634,0.009929776
7031,7030,6.7285385,0.4861571,0.013427451,0.026578784
7032,1681,6.8824844,0.46318448,0.014270604,0.028485075
7032,4322,18.217604,0.46386445,0.039082725,0.07536213
7032,2288,129.19681,0.46843135,0.2612206,0.5036208
7033,1838,2.4020424,0.47737753,0.004004754,0.008478314
7033,1825,37.666466,0.47270465,0.07645416,0.14658003
7033,2322,22.76975,0.46999288,0.048466846,0.09220768
7034,7035,1.9299622,0.6090527,0.0029605404,0.005402401
7034,5648,27.242043,0.01196754,0.110023424,0.23769987
7034,4112,77.76271,0.6063201,0.14710899,0.2875329
7035,7034,1.8503876,0.61420965,0.0027618557,0.004790172
7035,5639,32.22625,0.047139734,0.14051387,0.29670233
7036,7038,1.960331,0.61423945,0.0041355416,0.008978143
7036,3491,2.0980873,0.62198275,0.0034755245,0.00799495
7037,7036,2.5098534,0.6204585,0.0038901418,0.00886105
7038,3492,1.3675919,0.6242068,0.0025756657,0.006137803
7038,5880,21.948008,0.62503564,0.047219016,0.09284094
7039,2231,2.1887436,0.62622,0.0036317632,0.007451758
7039,7040,35.733437,0.63044244,0.0729964,0.14171475
7039,7040,41.96955,0.6281978,0.079635605,0.15252243
7040,7042,6.5563583,0.63071585,0.012640111,0.025177985
7040,7039,35.89286,0.62935346,0.07389153,0.14295983
7041,7042,1.4850655,0.6286519,0.00423155,0.006796539
7041,4869,20.415352,0.033484936,0.12614068,0.2696963
7042,7041,1.5048523,0.6275839,0.003947884,0.007655129
7042,3363,60.5175,0.6312247,0.11852738,0.23452935
7042,7040,7.0513496,0.62974197,0.013588257,0.026717514
7043,445,11.811285,0.6212369,0.027096607,0.053745747
7043,450,75.16969,0.62058854,0.121601686,0.23543502
7044,372,3.121666,0.6144772,0.007335864,0.015282035
7044,789,6.364147,0.61135983,0.010926224,0.021972626
7045,791,1.8864021,0.61436915,0.002493076,0.005701691
7045,790,47.650967,0.61954564,0.08974725,0.17665318
7045,7046,5.4929886,0.6149255,0.010100938,0.020414248
7046,483,33.594624,0.6190313,0.06707623,0.1293334
7046,791,5.272949,0.6145159,0.009625994,0.01943998
7047,5883,48.760418,0.54552543,0.10442598,0.20178571
7047,1888,1.6353645,0.5440695,0.0034295544,0.0075925887
7048,7049,2.1084442,0.5946486,0.0023639128,0.0056506544
7048,259,29.286938,0.591586,0.07079693,0.1373498
7049,7048,1.9230423,0.59377164,0.0021465123,0.005136624
7049,6139,13.683332,0.5990918,0.031245545,0.06118337
7050,5746,2.9558678,0.6063998,0.0040134713,0.0088531375
7051,3796,3.5531044,0.6031824,0.0066665336,0.014235169
7052,3515,1.625946,0.57395756,0.002115503,0.004966587
7052,6783,20.685347,0.5776651,0.05185746,0.100693524
7053,4618,2.277523,0.5785796,0.004539728,0.009675056
7053,2530,292.25958,0.58043903,0.11255392,0.24508242
7054,57,42.200092,0.60820985,0.08658522,0.16751245
7055,5009,2.0646935,0.024626404,0.0042325854,0.009797275
7055,7054,4.361042,0.61461705,0.006622292,0.013649508
7056,7057,2.1573868,0.59601516,0.0033850372,0.0077003986
7056,1082,227.09306,0.5839973,0.42787367,0.8379664
7056,1081,145.84897,0.5871027,0.273871,0.53792864
7057,7056,1.9822083,0.5945955,0.002742149,0.006084949
7057,3398,13.898443,0.59622765,0.027754255,0.054694124
7057,7058,15.525427,0.6034449,0.031799223,0.062276676
7058,2765,17.357674,0.5908668,0.040335767,0.07876998
7058,7057,15.272728,0.59945613,0.031611525,0.061525196
7059,371,33.81079,0.37646222,0.092510805,0.1785717
7059,2320,13.614904,0.364759,0.03073829,0.05902067
7060,7059,1.9023857,0.36159194,0.004770562,0.0094165355
7060,3697,21.106684,0.34852684,0.05426055,0.103898786
7061,7062,1.517746,0.57250017,0.0043736845,0.008981198
7061,3575,107.6513,0.5666138,0.15186001,0.29722518
7062,5617,8.941902,0.044626266,0.037464447,0.07360191
7063,1814,2.2919655,0.5684173,0.0063291043,0.01329501
7063,4977,40.091064,0.5714303,0.08246055,0.16003233
7064,7067,7.082325,0.53615826,0.0144677535,0.028622031
7064,2695,3.0279655,0.53646624,0.00520242,0.010852605
7065,4588,1.3357506,0.54160464,0.002674304,0.006190881
7065,7068,39.584023,0.5395335,0.077664785,0.14794055
7066,7065,1.0118866,0.53881496,0.0012819767,0.0032140315
7066,2721,51.64315,0.54605156,0.110243015,0.2142925
7067,7068,2.2452202,0.53529716,0.0025988221,0.0057424456
7067,4588,40.4328,0.54317135,0.078048944,0.14902735
7068,7067,2.2040787,0.53537214,0.0025469214,0.0058186203
7068,7064,8.833851,0.53767633,0.018212296,0.036171302
7069,7070,1.3973389,0.6288982,0.0033267662,0.0066540837
7069,6072,28.83451,0.63062483,0.059652418,0.1150177
7069,4134,117.42374,0.630625,0.23038685,0.45429116
7070,7069,1.3989906,0.6277673,0.0039837807,0.0071107447
7070,6071,11.795443,0.038042963,0.05376335,0.11193515
7071,3283,1.8821373,0.6248178,0.002830185,0.0059814304
7071,7072,14.548346,0.18538627,0.05046889,0.10054531
7072,7073,1.9001808,0.6285469,0.0048373565,0.009571195
7072,6234,25.291126,0.019686818,0.12301852,0.26185784
7073,7072,1.3489113,0.62893283,0.0029306337,0.0056540817
7073,4622,58.315918,0.62972385,0.11535035,0.22785881
7073,3283,27.317259,0.6313091,0.056668013,0.10957548
7075,3692,11.826168,0.4502134,0.027290583,0.052955896
7075,559,1.7603188,0.44071335,0.0050204545,0.009856284
7076,7075,1.6156998,0.44388694,0.004921846,0.009948984
7076,560,5.9771347,0.44453323,0.0150623545,0.029191136
7077,7076,1.6587257,0.4402135,0.004440464,0.009231269
7077,5272,2.0049667,0.4478805,0.005692035,0.011850879
7078,3306,20.393522,0.555235,0.057479996,0.112904124
7079,7078,1.6218567,0.55140156,0.005848065,0.011832327
7079,3535,1.2997627,0.55376595,0.0065850317,0.012642324
7080,7083,0.0,0.08231482,0.0014974549,0.004412785
7080,5774,6.684147,0.56842846,0.013139725,0.026509121
7081,7080,2.9188118,0.56548107,0.004944414,0.009188473
7081,7080,50.889286,0.06758845,0.17626283,0.37013525
7082,7081,0.0,0.026943415,1.2375414e-05,0.00094152987
7082,5773,60.397964,0.5669739,0.11574516,0.2262322
7083,7082,2.05727,0.5678811,0.0034606084,0.0066865683
7083,7086,102.35719,0.3351913,0.28095308,0.5663156
7084,7087,22.119295,0.55485046,0.04645484,0.08964695
7084,7085,25.45146,0.56455743,0.052491885,0.101967245
7085,7082,58.81836,0.047557414,0.2181856,0.45970088
7085,7084,25.189621,0.56668204,0.05293991,0.101835735
7086,7087,2.28273,0.5448669,0.004131615,0.008617446
7086,3031,68.36252,0.56102985,0.1327402,0.25989622
7087,7086,2.177391,0.55948037,0.0039412156,0.007626727
7087,7084,21.970602,0.5597793,0.046466377,0.08993219
7087,7085,23.807713,0.09223315,0.07214947,0.14720069
7088,1437,47.704826,0.56696236,0.097672865,0.1906975
7088,1432,2.0671349,0.56656915,0.004265085,0.00913766
7089,1432,0.93405914,0.5642791,0.0034463853,0.0075628012
7089,7088,2.5362778,0.5680766,0.0051490143,0.010983735
7090,7089,0.33913803,0.5632839,0.0015203878,0.0046806484
7090,3201,53.013786,0.5678306,0.14896098,0.29257396
7091,7092,2.3956223,0.52082413,0.0049086884,0.010046333
7091,4464,29.516273,0.5193423,0.07380746,0.14038448
7092,630,1.3900337,0.5251102,0.004789375,0.010022417
7092,7093,1.4957275,0.52325624,0.002637446,0.005937189
7092,7091,1.8541183,0.52169585,0.0036386624,0.008039713
7093,4154,1.6718483,0.52043647,0.002579175,0.0055063963
7093,7092,1.4778175,0.51932997,0.0029769018,0.0064732283
7093,3663,5.009758,0.51657224,0.011208259,0.022500247
7094,2684,44.979782,0.5224649,0.10690194,0.20858131
7094,2687,15.335808,0.5199908,0.07408645,0.1425381
