src,dst,travel_time_s,delay_probability,carbon_kg,ev_energy_pct
0,3209,2.346344,0.6711599,0.0043740273,0.009925246
0,5917,12.420994,0.6709557,0.043416083,0.087044366
1,4073,2.5230827,0.6913284,0.0019652173,0.0048322678
1,2311,39.948303,0.69495213,0.08359507,0.16499291
2,2768,3.746212,0.69702053,0.0061943606,0.0129233
2,388,16.50093,0.6958848,0.03239283,0.06283482
3,68,24.212841,0.70252436,0.05095308,0.100178614
3,61,121.70808,0.69622767,0.13853063,0.2775956
4,6895,82.65936,0.7081138,0.15079986,0.29722792
4,6327,7.564949,0.7042278,0.013073988,0.025874496
5,4,161.92996,0.713213,0.29749554,0.5890879
5,6895,22.629095,0.032215,0.1032874,0.22091866
6,2209,1.8315735,0.739658,0.0029611215,0.0055922866
6,3925,82.137405,0.7397922,0.16556442,0.32197362
7,6692,7.1961746,0.72049034,0.013831265,0.028083995
7,3493,2.271946,0.71997756,0.003785722,0.00804545
8,4833,1.569622,0.52556485,0.0021055713,0.004799962
8,2011,117.065765,0.5251906,0.22937664,0.4471444
8,13,70.06922,0.53564084,0.18309051,0.35585192
9,12,1.0251389,0.544701,0.0018941239,0.0043138713
9,10,51.22338,0.5448593,0.13198379,0.25821474
10,3992,1.7624893,0.541802,0.0018820018,0.004369974
10,5667,28.286407,0.54037774,0.06997435,0.13491125
11,2331,1.5486603,0.5124928,0.0020258948,0.004407719
11,2007,61.92014,0.52477324,0.120804906,0.23693559
11,4916,60.080452,0.5170235,0.15536538,0.3019825
12,3724,1.2650223,0.5465696,0.0027909204,0.0063340813
12,1852,40.308376,0.5520962,0.085531615,0.16611576
13,5668,1.0409088,0.53502727,0.003174439,0.0070025027
14,8,36.791927,0.52386445,0.092366844,0.17919359
14,1858,44.630566,0.50970834,0.095898606,0.18670985
15,16,39.266647,0.5315321,0.07580795,0.1474901
15,2030,14.959551,0.5254222,0.031210251,0.060781203
15,2011,43.485767,0.5270639,0.08462754,0.16599245
16,3727,1.5717773,0.53707445,0.0018298328,0.004079342
16,15,39.49888,0.53371555,0.0765901,0.14923932
16,2038,25.20706,0.53589785,0.05520146,0.104629554
17,3732,1.7195396,0.5485407,0.003614284,0.0075134337
17,2022,130.24704,0.5542724,0.27556044,0.5352917
18,1920,18.284563,0.6233055,0.049332667,0.09631546
18,1920,26.489202,0.6222295,0.05502393,0.10609945
19,3887,28.124687,0.6314545,0.08168927,0.16110477
20,6755,2.3098526,0.6781193,0.004438959,0.008830711
20,6756,1.1667747,0.29612088,0.0022346377,0.0039527863
20,2606,21.797379,0.68123066,0.047454372,0.092108935
21,5010,5.5046844,0.7472745,0.008039422,0.016653582
21,2692,22.37658,0.024747849,0.059558332,0.12639703
22,6874,2.226303,0.701317,0.005093269,0.010760203
22,182,6.7634125,0.6947646,0.016502403,0.03213623
23,3431,0.0,0.030772716,0.00631167,0.013163298
23,5766,3.0576515,0.6403254,0.008306012,0.01700744
24,5595,0.3724785,0.1625351,0.0028456673,0.0053493828
24,5594,7.062786,0.70878583,0.012724943,0.025828972
25,70,60.852715,0.70445454,0.14130151,0.2814065
25,6347,60.299377,0.6912172,0.1408211,0.27505052
25,221,8.630516,0.6969941,0.016530491,0.032884
26,3607,2.058464,0.69821924,0.0029637516,0.006620586
26,3569,5.1553,0.7003348,0.009646922,0.020009965
27,4655,2.3827477,0.6984165,0.0046277717,0.010402381
27,6625,53.206665,0.70065683,0.08074513,0.15572812
28,5504,1.9414062,0.7148099,0.003619358,0.007847756
28,4707,1.7105865,0.7159594,0.00421492,0.009324253
29,5910,29.259792,0.72192127,0.05525457,0.10731336
29,30,13.142595,0.7189826,0.02605772,0.050256938
30,1654,257.80658,0.71700853,0.4553753,0.89830947
30,5135,96.349594,0.7185042,0.19310406,0.38458392
30,29,13.2585335,0.7167531,0.025828503,0.050063714
31,5134,1.9700394,0.72102296,0.00379847,0.007365823
31,5134,192.8983,0.71979153,0.38581127,0.7604995
32,6596,15.401907,0.71741426,0.030811828,0.059680596
32,2831,61.512302,0.7202077,0.12133469,0.24200323
32,4681,14.445108,0.7178418,0.028950654,0.056239903
33,1983,2.2228699,0.7195721,0.0036135912,0.0075611323
33,879,42.169514,0.7223049,0.09311813,0.18270235
34,1983,115.27836,0.7224612,0.20721988,0.41242552
34,35,44.8253,0.7209116,0.08343096,0.16123988
34,4597,139.94101,0.72332275,0.25225583,0.50070614
35,36,10.22826,0.72116995,0.019838631,0.0382687
35,36,7.558319,0.72099614,0.0143710375,0.02798289
35,34,44.57501,0.7216848,0.08305073,0.16112955
36,37,4.526718,0.7189219,0.007995844,0.016049609
36,35,7.616638,0.7203829,0.014299974,0.027889967
36,35,10.309288,0.7204759,0.019816786,0.038253292
37,6596,3.7796974,0.71682256,0.007074848,0.014408022
37,36,4.3846207,0.71901226,0.007830411,0.015739292
37,38,123.12132,0.72447884,0.22331494,0.44416982
38,4267,30.658703,0.71837604,0.061208792,0.11777006
38,37,123.83145,0.7221885,0.22348404,0.4436524
38,40,36.685123,0.72181696,0.072235525,0.14025144
39,3102,2.009388,0.7266083,0.003966488,0.00815393
39,4602,91.243454,0.7317508,0.18378428,0.3653534
40,4597,5.739727,0.72431237,0.011528835,0.023200959
40,38,36.127525,0.72422236,0.07205645,0.13873453
41,4031,39.44807,0.72908735,0.0797479,0.15624233
41,655,6.8344345,0.73445153,0.014923811,0.029454872
42,674,60.13118,0.73166823,0.17463985,0.34576717
43,3762,26.399052,0.73960626,0.06201354,0.1213316
43,2063,15.911377,0.73787665,0.031798206,0.062226854
44,4780,199.95175,0.5454229,0.3783939,0.7347861
45,3088,2.1400032,0.7262188,0.0033737496,0.0073416084
45,2106,175.03325,0.7335072,0.30682114,0.607525
45,2208,84.04674,0.7310977,0.19479646,0.38838488
46,4460,1.5982132,0.72957116,0.004080072,0.009037465
47,7009,110.37094,0.72315854,0.27303272,0.54233485
48,2977,2.5359154,0.7072653,0.0045937896,0.0097218305
48,220,111.64894,0.7102541,0.2006104,0.39946997
48,2190,43.970573,0.7072096,0.10513784,0.20811348
49,50,30.475502,0.7084345,0.06252298,0.118517816
49,6320,7.605732,0.7046212,0.01253175,0.025244638
50,49,31.075718,0.7069249,0.06326957,0.11972876
50,52,27.159939,0.70784456,0.05605568,0.10886405
51,1864,2.3406944,0.697557,0.005136743,0.010760173
51,3128,63.9998,0.7054182,0.15019993,0.2996561
52,1861,89.25273,0.70392686,0.087247804,0.16712037
52,986,38.435356,0.7059787,0.07867655,0.15400626
52,994,212.32594,0.7062471,0.30287403,0.60010535
53,984,7.9394264,0.70309615,0.00819926,0.017680183
53,65,150.75519,0.6957242,0.20840758,0.41597342
54,50,6.7366333,0.70454735,0.013530135,0.02773209
54,55,3.4020042,0.70404875,0.005289845,0.0116710365
55,5643,65.08922,0.7066582,0.09030271,0.17519277
56,57,71.76718,0.7062887,0.13309786,0.26387507
56,3,79.736115,0.6943561,0.09269961,0.18014975
57,4066,39.885048,0.71339196,0.08054091,0.15732089
58,59,5.8750267,0.7010728,0.01145862,0.023320004
58,3872,7.436901,0.7012054,0.015057027,0.030066133
59,5514,68.36076,0.7008487,0.11051726,0.21603376
60,738,45.400173,0.69819754,0.053531703,0.10257615
60,4986,11.912558,0.70212525,0.02433496,0.047727495
61,2336,5.6581078,0.69640946,0.011495955,0.02366434
61,62,3.7736893,0.697962,0.0066087693,0.014070496
62,63,53.0956,0.703696,0.08564964,0.16541964
63,5643,69.71168,0.70463514,0.08079677,0.1536976
63,5024,81.510254,0.7038038,0.09061542,0.17766745
64,62,4.711487,0.70041865,0.008211419,0.017374888
64,2336,4.3162003,0.70268595,0.007470615,0.01597473
65,6727,1.2755585,0.44605082,0.00058784336,0.0004338771
65,3604,63.964325,0.70219177,0.11888164,0.23789138
65,53,150.59888,0.7002038,0.2090334,0.41683608
66,3605,4.2269707,0.69858706,0.0081945285,0.016772896
66,67,7.329754,0.6964137,0.01572951,0.031501412
67,24,128.41206,0.705623,0.14715573,0.2947371
68,58,17.885132,0.7022251,0.036717463,0.07116996
68,1990,17.975172,0.70229495,0.032573443,0.063475825
69,7051,77.79191,0.69908935,0.10954864,0.21825282
69,1998,3.8422432,0.699464,0.0075041056,0.015885174
69,5858,9.861198,0.69935036,0.018852584,0.03752567
70,71,20.520903,0.70656574,0.046699345,0.09093559
70,6242,70.20012,0.70729005,0.16727689,0.33376414
71,6334,4.5783615,0.7048792,0.010229021,0.021064326
71,989,84.60411,0.70876,0.19117871,0.3807663
72,993,1.9335098,0.7031332,0.0043908656,0.010010004
72,5171,29.803144,0.7067672,0.06868217,0.13351093
73,4596,85.700745,0.7275754,0.20608029,0.4118613
73,1472,76.53698,0.7243504,0.18265387,0.36634803
73,5576,61.21086,0.7259335,0.1091063,0.21694833
74,4596,2.9509048,0.72422254,0.0051701367,0.011215299
74,1734,96.36314,0.7272892,0.1720852,0.34479153
74,4598,25.642899,0.72778964,0.048714347,0.094363965
75,6789,2.2289314,0.68283814,0.0037745386,0.007894427
75,2639,14.048977,0.6825042,0.029238857,0.057026923
76,7000,1.9377518,0.65925205,0.004360467,0.009538829
76,7004,2.6204453,0.66417074,0.00576815,0.012221888
76,7005,2.4838142,0.66416943,0.0053399205,0.011258528
77,4936,10.375694,0.61301374,0.027716592,0.05448486
78,1720,2.339779,0.60614866,0.003435634,0.0074973702
78,4058,44.322556,0.6134324,0.14193076,0.27966258
78,2031,40.11711,0.60514605,0.07704992,0.1514095
79,5736,72.55898,0.6167199,0.13726845,0.27237394
79,5736,46.238422,0.62191355,0.14930521,0.29572013
80,2165,2.5544968,0.60904527,0.003842719,0.008208394
80,800,5.4407806,0.6123654,0.010034904,0.020462215
80,3805,81.865135,0.6133591,0.25735667,0.5101448
81,1438,30.770603,0.6106504,0.07826397,0.153127
81,3143,51.546753,0.6085885,0.12988943,0.2535174
82,5828,2.6030083,0.6630625,0.0042959303,0.009366512
82,2697,137.35345,0.6569682,0.25234064,0.49977458
82,4106,28.887424,0.66721165,0.055557013,0.107945204
83,5827,2.9499054,0.6972505,0.005167201,0.011438742
83,3788,0.90182877,0.68004054,0.0052338317,0.010641903
84,6468,178.80177,0.69253975,0.35494566,0.7019419
84,1142,127.78752,0.6929672,0.25675902,0.50761735
84,2641,69.053055,0.6910287,0.14020552,0.27990663
85,3784,2.282837,0.6987208,0.004365742,0.009468451
85,107,25.324865,0.70246434,0.052389856,0.10016804
86,106,21.18487,0.70329744,0.044156905,0.085199095
86,85,27.422867,0.70370096,0.05901805,0.11318643
87,3859,1.571003,0.7003137,0.004412189,0.009136975
87,482,90.07782,0.7172511,0.18115428,0.36214733
88,3780,1.8795204,0.6945982,0.0034681782,0.008249924
88,248,70.13642,0.69955,0.14052878,0.28251156
88,242,88.41525,0.69992167,0.17828763,0.35569793
89,1761,29.00867,0.67699605,0.057215787,0.11060617
89,2645,80.811584,0.673464,0.14769006,0.29593304
90,1405,2.7947311,0.70788026,0.005151987,0.010466948
90,836,5.7158775,0.71258783,0.012259811,0.02459304
91,4258,2.0428162,0.62210613,0.0028735846,0.0066621304
91,2679,229.87886,0.6391412,0.42565182,0.83745706
91,1466,55.29893,0.6310853,0.114273526,0.22611225
92,205,3.114746,0.6982602,0.0062835068,0.013414189
93,3752,0.91989136,0.4286195,0.0034867227,0.0027106106
93,3754,62.179256,0.70346826,0.12831384,0.25717384
94,3745,1.757267,0.69780684,0.0029485077,0.006486073
94,2186,17.224194,0.70078117,0.035605326,0.069653854
95,3777,0.15061188,0.43759534,0.0025311112,0.00014904141
95,6099,2.2286415,0.70478064,0.003983602,0.009143338
96,97,64.25046,0.6990972,0.1269366,0.2545698
96,5313,16.54621,0.7010481,0.033303242,0.06438189
96,119,31.75985,0.6989659,0.0629941,0.120473996
97,96,63.99028,0.69789445,0.12795363,0.25588512
97,6077,51.08909,0.69753546,0.10017956,0.19917843
97,120,36.13006,0.69625056,0.073414825,0.14100698
98,116,14.701412,0.69868237,0.02696091,0.05188571
98,123,36.34547,0.70120287,0.074724056,0.14613958
99,2836,3.112629,0.6986376,0.005152911,0.011347279
99,1244,14.448551,0.7000699,0.028354675,0.0550099
100,378,9.866859,0.6969014,0.019681662,0.038946018
100,119,84.14702,0.6981213,0.1495153,0.29804716
100,4227,18.583574,0.6956366,0.038365647,0.073771104
101,100,56.86087,0.7001414,0.10562782,0.20928192
101,5480,26.061285,0.6994782,0.05142561,0.09919044
101,3761,83.62436,0.7019421,0.15482137,0.31011373
102,2359,4.404991,0.70090127,0.00866238,0.017603427
102,6845,1.8138618,0.6989426,0.0032140762,0.0072402805
102,4642,49.89225,0.7017892,0.09155882,0.18172406
103,4256,2.723301,0.703784,0.0049574226,0.010781243
104,1072,2.033287,0.69873846,0.003759697,0.008034378
104,4444,40.036304,0.7045574,0.075246714,0.14347064
105,4543,2.0066452,0.6882953,0.0031334087,0.0068419725
105,6253,44.809566,0.69459176,0.090379775,0.17824638
106,107,24.8122,0.6998223,0.051555254,0.09908477
106,5314,137.45045,0.704943,0.27523088,0.5454506
106,86,21.013344,0.70193267,0.04375246,0.08361412
107,248,22.921925,0.70224255,0.047815237,0.0919377
107,106,24.785423,0.70062417,0.051461983,0.09895692
107,85,25.259146,0.7050119,0.051957883,0.0998028
108,3778,25.451473,0.70889515,0.050022975,0.09578666
108,4416,31.226429,0.70550805,0.07056574,0.13633841
108,2277,4.3092804,0.70453995,0.009561077,0.019761398
109,2306,12.604115,0.707215,0.027742371,0.054818854
109,4420,1.6437721,0.7027257,0.0040857643,0.008823216
110,3761,2.0600586,0.70413697,0.0030645505,0.007019043
110,5314,57.986412,0.70253927,0.11681151,0.23311594
110,6105,40.807034,0.7070148,0.07671837,0.14884697
111,104,3.1844482,0.7031719,0.0059589073,0.012833253
112,2242,22.351234,0.70404625,0.04693345,0.09003692
113,3746,1.7152634,0.698134,0.0024807677,0.005716324
113,4444,126.406006,0.70308805,0.2322053,0.46116835
113,94,22.369808,0.7002755,0.046939597,0.08986539
114,2362,6.286373,0.6984677,0.011499882,0.02296473
114,4419,33.57354,0.6994599,0.055570807,0.10674758
114,115,51.92121,0.6970308,0.09434572,0.18690655
115,3750,38.69748,0.44494,0.121915266,0.19364095
115,114,52.396324,0.6993166,0.09697014,0.19263011
116,2665,90.75673,0.6939288,0.1370315,0.27300876
116,124,30.206226,0.6984077,0.065000735,0.12453444
117,2130,51.74182,0.6538864,0.10491178,0.20944816
117,1958,45.708057,0.6635021,0.092018865,0.182966
117,2129,114.36287,0.6482762,0.21212715,0.41938102
117,3849,22.393652,0.65892184,0.045744274,0.08872516
118,2384,6.4172745,0.6694088,0.012269974,0.024407342
118,5308,2.2718658,0.6690339,0.003517121,0.0072226673
118,1958,34.89763,0.6688794,0.06774275,0.13079856
119,100,83.92509,0.6975778,0.14976975,0.29823533
119,96,31.857677,0.69758695,0.06248709,0.12061435
120,119,47.382034,0.7003098,0.08842855,0.17237207
120,123,11.330414,0.6990268,0.022701666,0.044361636
120,97,36.210796,0.69799244,0.07270842,0.14188878
121,2666,69.00629,0.69219357,0.12572268,0.25162217
121,5062,62.822014,0.6955624,0.124502584,0.24943818
121,2722,67.04538,0.68688697,0.13460779,0.26918262
122,124,98.08067,0.693375,0.19861057,0.39469838
122,1955,113.52506,0.68548894,0.15842077,0.31802326
122,3172,24.093998,0.68800664,0.048292425,0.092646234
122,2665,47.273827,0.68861204,0.08908089,0.17507447
123,116,33.10138,0.70147675,0.069996715,0.1351705
123,120,10.948507,0.6981243,0.021991082,0.043553993
124,1792,29.583748,0.6992803,0.062188365,0.12027499
124,1650,33.685387,0.7023533,0.07087745,0.13761781
125,3782,1.805645,0.70515054,0.003971249,0.009056866
125,6691,38.687916,0.70379317,0.078978136,0.15401486
126,1697,2.6512032,0.7007903,0.00502263,0.010685846
126,1865,14.971905,0.70604277,0.032463197,0.063605934
127,3791,58.587715,0.70404696,0.11767082,0.23526868
127,1868,13.7762985,0.70473784,0.027851917,0.053666353
128,6898,2.5990562,0.7030839,0.0052029416,0.010803863
128,2648,45.631554,0.70235246,0.09258606,0.1830872
129,5317,2.0473137,0.6942688,0.0036334395,0.007839531
130,5314,1.7270355,0.7002814,0.003623806,0.008064315
130,3761,55.049416,0.70292765,0.115086034,0.22898905
131,4545,139.29688,0.6936128,0.27726123,0.5489614
131,2198,3.7012177,0.6949779,0.0068997666,0.014518216
131,4544,214.77231,0.69617784,0.38541442,0.76174784
132,133,2.0829887,0.69145745,0.0031550303,0.00717248
132,2200,5.67984,0.6924057,0.015984103,0.031752065
133,132,2.3124962,0.69192725,0.003787659,0.008336276
133,2618,83.4246,0.6904601,0.15165716,0.30344886
133,6252,40.437668,0.69728166,0.118059464,0.23444471
134,4560,55.374226,0.69655,0.10040411,0.20019893
134,2650,24.504864,0.696826,0.048291605,0.09292755
134,4556,52.187195,0.69525963,0.09507764,0.18915366
135,4558,2.7537422,0.69625616,0.0043176934,0.009102821
135,6470,1.8842049,0.6965386,0.0024354458,0.0056045055
135,6469,5.7796783,0.6947908,0.0112249255,0.022511333
136,137,46.188904,0.6988323,0.085738875,0.16805997
136,2650,81.37747,0.69734585,0.14701794,0.29488835
136,1429,26.16258,0.70020765,0.053783007,0.10330729
136,1428,60.293808,0.7000116,0.119583875,0.2388529
137,2703,62.36,0.7020664,0.11146261,0.22307532
137,2649,17.838284,0.6999227,0.035317354,0.06823912
137,136,46.07315,0.69961023,0.08606459,0.16954269
138,112,53.31087,0.70222,0.11039531,0.2200636
138,2694,10.767826,0.7023996,0.021142386,0.040870562
138,4447,4.5054054,0.7007033,0.008925267,0.017745346
139,2693,124.80064,0.708763,0.22625211,0.44970948
139,230,32.59217,0.7129152,0.06327832,0.12048296
139,140,53.26488,0.71465945,0.096636355,0.19217147
140,2733,60.64132,0.7120013,0.10899162,0.21717861
140,139,53.06193,0.71455383,0.096645646,0.19196296
140,141,54.75225,0.7167788,0.09922565,0.19748731
141,3845,1.7817154,0.7192058,0.0027793795,0.005153537
141,143,18.190529,0.72229147,0.0372132,0.07222134
141,140,54.938988,0.7175503,0.09921039,0.19743206
142,141,49.34072,0.7144443,0.0989597,0.19593132
142,4459,1.9962997,0.70853025,0.0038742796,0.0082975775
143,4458,2.4952278,0.7146169,0.0046179295,0.009424433
144,6485,2.0880547,0.7196394,0.003786482,0.007960588
144,3843,1.8703346,0.7224533,0.0026877,0.0057168454
145,3841,1.8199043,0.725787,0.0029694661,0.0061067045
145,4082,44.435654,0.7251044,0.090625346,0.17752059
146,4034,1.6330185,0.72059447,0.0024630353,0.005789995
147,4446,2.0558891,0.69709027,0.0036103427,0.008022651
147,461,4.3205986,0.70293236,0.007386893,0.015218139
147,3753,89.15043,0.7006235,0.17765641,0.35413027
148,4430,1.6562309,0.6985626,0.0042077377,0.009305447
148,3151,34.993313,0.7039042,0.066630185,0.12715426
149,651,35.269604,0.70575154,0.067939594,0.12985954
149,652,63.594902,0.70687544,0.114661075,0.22887783
149,4403,35.202507,0.7046478,0.06800546,0.12993729
149,1401,45.740055,0.7089647,0.08554463,0.1673609
150,4391,1.8306961,0.70520043,0.0026979372,0.0061489493
150,4403,31.059282,0.7057962,0.060600355,0.115952194
150,6955,29.575413,0.7042866,0.061728824,0.11903185
151,654,31.330654,0.70124567,0.060910188,0.11621593
151,6108,11.380714,0.7018408,0.022194147,0.043045834
151,4391,70.13065,0.70404327,0.12639925,0.25357947
151,152,28.478695,0.7011248,0.05540849,0.10677828
152,170,23.3038,0.7017982,0.048193097,0.092250474
152,648,28.818535,0.7008512,0.059509877,0.11373011
152,4431,37.807156,0.7025658,0.07242808,0.13846256
152,151,28.47237,0.70201695,0.05579554,0.10742728
153,467,27.100758,0.7263207,0.051055603,0.0990316
153,7029,1.961319,0.7243361,0.0015447959,0.004039198
154,6148,1.4656105,0.7173766,0.0027893707,0.0067472607
154,6150,40.498985,0.727555,0.07675414,0.14655107
155,479,18.880295,0.721107,0.036852688,0.07122682
155,4422,66.01293,0.7240938,0.11847099,0.23660108
155,466,32.828236,0.7214372,0.062234264,0.11904672
155,6146,32.07351,0.7252501,0.060982496,0.11721343
156,5421,2.5088425,0.71685016,0.0024178103,0.0058999956
156,3937,69.25736,0.719757,0.12227557,0.24467576
157,3846,1.9118729,0.7150761,0.0027749166,0.006404966
157,6111,2.0731812,0.71121645,0.0039285943,0.008889481
157,466,70.22928,0.71802735,0.12525827,0.2502836
158,4409,1.9839821,0.7073593,0.0035976171,0.007973924
158,4399,49.122692,0.71108544,0.09958973,0.19677371
159,162,20.170134,0.7054953,0.041095663,0.07940031
159,4409,18.37422,0.70837533,0.03733772,0.07220595
159,4397,54.325043,0.70822,0.09846439,0.19579788
160,471,35.30452,0.71075475,0.067795396,0.12950814
160,4406,19.699652,0.71119416,0.03916315,0.07546566
160,4397,31.469948,0.7097918,0.060685664,0.11617907
160,4402,20.900957,0.7095305,0.04150236,0.0800578
161,471,49.92468,0.709961,0.09161426,0.18174875
161,5046,16.648928,0.7179158,0.036627553,0.072212406
162,5535,2.1788063,0.7041698,0.0035447404,0.0074012876
162,159,19.850157,0.7035953,0.04037871,0.07791686
162,163,49.494133,0.7038542,0.10030967,0.19912727
163,6120,1.2692909,0.65811086,0.002838999,0.0061032474
163,4396,6.7571907,0.7049779,0.013909973,0.027739733
164,4411,1.9299736,0.710377,0.0028275475,0.0060724616
164,471,20.607828,0.7107482,0.04042229,0.078254834
164,165,46.0632,0.7102663,0.092792414,0.1842105
165,1406,2.422165,0.70929843,0.0048101544,0.009868696
165,161,17.119415,0.71408087,0.037059013,0.07166819
166,167,35.432056,0.70323503,0.0721191,0.14050674
166,162,40.972332,0.70332086,0.084867254,0.16661514
166,6600,35.849075,0.7029845,0.07440315,0.14475054
167,459,28.305454,0.7034189,0.05545459,0.107035
167,6599,50.49994,0.70208704,0.09382221,0.18736716
167,168,19.908163,0.70150226,0.040352568,0.07735722
167,166,35.30782,0.7054738,0.072267674,0.13886048
168,459,20.652508,0.7009447,0.040746756,0.078503944
168,3847,37.80928,0.7015935,0.0725224,0.13838278
168,169,6.506901,0.70353055,0.0127269775,0.02580148
168,167,19.770405,0.7012588,0.03989836,0.07673931
169,458,26.56557,0.70501137,0.05546716,0.10672475
169,168,6.1572,0.7013967,0.012101136,0.024280846
170,152,22.950869,0.7011438,0.047380958,0.09090597
170,653,24.175129,0.7052287,0.054454338,0.105434805
171,1074,29.00086,0.68420506,0.060508825,0.11679125
171,181,44.735184,0.68270314,0.09107517,0.18144308
172,6454,2.0487251,0.68671507,0.0021048412,0.0049125105
172,6453,1.757721,0.68637186,0.0035339296,0.0076740086
173,6456,32.460255,0.6870128,0.06764148,0.13057292
173,1269,113.323875,0.68387103,0.2031706,0.40360957
174,2148,18.9026,0.68516636,0.03742771,0.07243564
174,2674,41.11027,0.68956375,0.07797468,0.15183677
174,233,15.466997,0.6848254,0.030500028,0.05896786
175,694,1.7895813,0.67537045,0.004862465,0.010271102
175,1018,0.41347122,0.07315913,0.0030659884,0.0062454194
175,5468,52.351704,0.6935974,0.10485975,0.20774359
176,2718,21.587048,0.6975218,0.048694942,0.09332774
177,6669,31.659773,0.6964941,0.051784962,0.10102316
178,6220,47.281155,0.6978364,0.052463185,0.1002109
178,238,83.91345,0.69536936,0.16671085,0.3322658
179,6713,19.63414,0.6545582,0.041685916,0.08049123
180,1076,30.66362,0.67004305,0.06176578,0.11834507
180,1137,44.26045,0.66329074,0.09088152,0.17997622
181,180,38.86341,0.67490804,0.08072501,0.15874359
182,367,10.065285,0.6986934,0.022477642,0.044671535
183,3291,102.90611,0.6938858,0.18637295,0.3714401
183,3580,26.24274,0.6920942,0.062430106,0.11960289
184,6882,10.168114,0.7000014,0.019733801,0.03911595
184,1646,13.672531,0.699776,0.02445545,0.04867448
185,6236,3.5236588,0.6968621,0.006291963,0.012399986
185,1054,2.539837,0.6955694,0.0042722076,0.008942455
185,997,64.27964,0.6988429,0.11899132,0.23781437
186,3085,43.984657,0.69619304,0.083068594,0.16183002
186,3588,35.450314,0.6948697,0.07227392,0.13952659
186,2749,83.87126,0.69460845,0.16926977,0.33736604
187,2542,6.5660896,0.69402343,0.012329079,0.024456263
187,2541,7.8950157,0.69341743,0.015073806,0.0297008
187,828,42.41322,0.6949208,0.0802381,0.15759487
187,998,21.78138,0.6960546,0.043203916,0.08328244
188,5728,43.501118,0.69602823,0.09006671,0.17863245
188,189,26.364159,0.6955887,0.061757565,0.12010848
189,3236,3.8291702,0.6950134,0.008505665,0.017887324
189,405,6.613674,0.6954466,0.014922991,0.03014031
190,1080,34.940582,0.69333947,0.080410086,0.15670928
190,3007,27.40979,0.69355655,0.054951012,0.10630696
191,755,81.14994,0.69400895,0.14774069,0.29664466
191,3613,38.02947,0.693448,0.08876289,0.17374301
191,1118,3.7061195,0.69361985,0.005694635,0.012105852
192,2058,1.4508705,0.6787561,0.0010853782,0.0030076206
192,1044,6.0016594,0.69770354,0.012107357,0.024390057
193,1373,62.34211,0.6902313,0.12454018,0.24956831
193,4386,62.364685,0.69164807,0.12595612,0.251147
194,1019,31.121624,0.6824561,0.07762726,0.14909136
194,6516,215.15753,0.6664261,0.43446594,0.8520424
195,2588,4.602318,0.6027222,0.014090702,0.02843298
195,7002,5.0235558,0.6018031,0.0150793195,0.03028877
196,7003,19.756775,0.60030526,0.04211905,0.081180066
196,2698,139.46394,0.61506224,0.26027378,0.51432025
197,631,1.9835739,0.53458923,0.0031116754,0.0065519065
197,1309,22.620628,0.5466893,0.054706577,0.1061868
198,197,18.044996,0.5278323,0.042500272,0.08181592
198,1684,1.7324524,0.51749855,0.0030822158,0.006670743
198,632,2.1823273,0.5200021,0.0040609315,0.008476868
199,627,2.4276428,0.45149732,0.004980162,0.010167405
199,2319,29.952417,0.43515715,0.07637575,0.14639851
199,1623,2.1310806,0.45064014,0.0044645593,0.009112135
200,2627,2.1679306,0.5782469,0.0030585378,0.0067741275
200,3538,81.18658,0.57842165,0.15403093,0.30337965
200,6873,14.371122,0.57804143,0.032956365,0.0646922
201,6455,39.443913,0.69056106,0.09182415,0.17995037
201,202,35.590073,0.68155813,0.08049149,0.16159043
201,1073,14.958199,0.6830032,0.02965051,0.057330407
202,201,34.71673,0.680286,0.0797935,0.15810645
202,1954,40.64007,0.674415,0.09418516,0.1830486
202,1077,15.635712,0.67536414,0.030872848,0.059983216
203,3837,2.4203415,0.65640724,0.0044315085,0.009681463
203,4326,1.8850975,0.65447974,0.005036041,0.011198655
204,6764,3.055191,0.6828294,0.0057603866,0.012364492
204,2146,8.057274,0.6824999,0.01594448,0.032222345
204,3510,49.47684,0.68350524,0.100850046,0.20072238
205,206,16.312792,0.7041079,0.033764653,0.06545231
206,6428,51.235535,0.69755125,0.09442596,0.1880982
206,208,2.6673698,0.69806534,0.0050699785,0.010982022
207,6378,66.42067,0.70147896,0.1218377,0.24275905
207,5176,19.69972,0.7012787,0.041071564,0.07991063
208,6491,2.427536,0.6915428,0.004496418,0.009029567
208,5305,58.96676,0.700071,0.118755,0.23709738
209,3006,10.044941,0.69799006,0.020458132,0.040579736
209,6496,28.825615,0.7036191,0.06602622,0.12538947
210,1136,47.18527,0.69516075,0.08712989,0.17074099
210,2000,13.62607,0.6934629,0.026839808,0.052227646
210,6663,22.827509,0.69315505,0.04556824,0.088195525
211,692,112.57596,0.6980207,0.2053127,0.4074251
211,6336,35.329372,0.6976986,0.07238659,0.14190677
212,374,18.037079,0.69963455,0.03978878,0.07712554
213,227,10.106613,0.7118296,0.018177658,0.03687364
213,2981,5.233803,0.7147106,0.010289572,0.020856798
214,335,6.7877197,0.70378363,0.013623521,0.027613953
215,3004,24.254059,0.7134454,0.048449866,0.09353563
215,1340,8.670784,0.7105706,0.016433984,0.032170773
215,247,170.32446,0.7098955,0.3065543,0.6058393
215,2731,115.568,0.7122138,0.20965223,0.41747433
216,3004,47.430172,0.7114738,0.09692271,0.19192424
216,6243,68.57175,0.71151507,0.13612154,0.27331257
217,3002,11.146332,0.71332306,0.021454208,0.041834936
217,3003,16.47422,0.716058,0.033916794,0.06600495
218,2979,45.097725,0.715058,0.0906331,0.17917494
218,217,21.18518,0.7159122,0.041626513,0.080334604
219,6737,1.9166641,0.7209763,0.0027672574,0.006115854
219,5213,29.59458,0.7240037,0.061037544,0.11753647
220,230,90.87838,0.7098272,0.16511737,0.3302734
220,48,111.567,0.7158161,0.2040785,0.4066568
221,225,33.37774,0.69929075,0.06516434,0.12395896
221,25,8.264763,0.69832873,0.01604227,0.03189978
222,223,76.96843,0.6973336,0.14020185,0.28050035
222,176,19.643318,0.69347864,0.039387215,0.076479994
223,2691,2.2682877,0.6962075,0.0050333515,0.010127366
223,222,76.863045,0.70164627,0.13828991,0.27786627
224,221,111.86689,0.70342165,0.2081498,0.41408902
224,6003,18.581446,0.70186853,0.04104701,0.080131866
225,2718,68.28015,0.6990404,0.12203745,0.24389213
225,209,45.839012,0.6998156,0.084723845,0.16337301
225,221,33.798286,0.69966173,0.06536393,0.12452832
226,1439,35.587193,0.7010332,0.06812213,0.1322516
226,6742,3.4213142,0.69966215,0.008017302,0.016899198
227,992,54.53092,0.7124573,0.12332154,0.24531913
228,226,32.89895,0.70055765,0.07636752,0.14921191
229,4692,36.07994,0.69181913,0.08592551,0.16521321
229,2719,89.37331,0.6934416,0.2653388,0.5264345
230,220,90.205826,0.7083137,0.16298956,0.32618153
230,139,32.60469,0.71401507,0.06348357,0.12113724
231,1076,42.443947,0.6763344,0.0803562,0.15775514
231,1074,49.365932,0.6813539,0.09122627,0.18130858
231,181,30.31623,0.6810225,0.061109617,0.116823904
232,1076,48.90558,0.66821307,0.091596685,0.18194216
232,1137,25.940401,0.6663534,0.06114672,0.11715934
233,2147,19.33205,0.6861639,0.0381937,0.07378649
233,6450,41.64508,0.69106615,0.07900179,0.15417631
233,5432,15.662886,0.6881292,0.031032585,0.060487308
233,174,15.724276,0.68472344,0.031135507,0.06017775
234,4981,1.7685509,0.65865767,0.005052462,0.011268213
235,1077,49.739784,0.6706719,0.0925623,0.18405406
235,232,11.616388,0.6684355,0.026423022,0.052103862
236,2672,81.72716,0.62727135,0.1675863,0.32903022
236,2670,120.42619,0.65393674,0.22096229,0.4375422
237,2637,85.51567,0.6253758,0.1624551,0.3213759
238,178,84.327774,0.69762814,0.16560957,0.33013096
238,239,43.35691,0.69433355,0.081670724,0.15976371
238,6429,24.696905,0.6974938,0.04949549,0.0951941
238,5217,66.86639,0.6944185,0.13225946,0.26545393
239,1393,16.46013,0.6931039,0.03258947,0.062918425
239,238,43.638607,0.6941619,0.08207757,0.16114576
239,5459,90.92029,0.6986467,0.16613308,0.33252865
240,2364,4.904873,0.7012391,0.009528816,0.019599125
240,3754,37.139187,0.70333445,0.07660485,0.14910232
241,114,4.49934,0.6991184,0.008106299,0.016541556
241,2362,6.57209,0.701868,0.0130516365,0.025969088
242,3779,2.102913,0.70160717,0.0033565164,0.0078918785
242,246,6.450344,0.70273983,0.012686588,0.025862053
243,2836,41.807064,0.69957006,0.071647264,0.14015445
243,2761,54.228783,0.70666766,0.13433985,0.2690633
244,4226,2.4270096,0.69682956,0.0028448477,0.006559834
244,5480,55.43378,0.698504,0.10069733,0.19955151
244,100,24.206497,0.6992658,0.051445022,0.09772056
245,6257,8.708324,0.7004204,0.01641883,0.03234984
245,4426,63.94021,0.70083725,0.115183756,0.23058836
246,3749,29.07136,0.71072286,0.060290143,0.11580891
247,215,170.34738,0.7080455,0.30958778,0.61257994
247,1521,6.1568336,0.705199,0.01340089,0.027221426
248,6104,142.1902,0.70259,0.25845826,0.5121949
248,88,69.49418,0.7010642,0.14083539,0.28189117
248,107,22.922953,0.6999346,0.047511734,0.09094437
249,292,50.597107,0.70343137,0.105027966,0.20791018
249,3707,26.862206,0.69697225,0.04828601,0.09199521
250,1555,2.774994,0.46385333,0.0077141523,0.0155174285
251,5249,63.886005,0.5141616,0.17079747,0.33325097
251,695,50.593353,0.49165547,0.10053961,0.19663668
252,1895,1.99897,0.5328683,0.004530847,0.0094483495
252,4868,4.4194603,0.5329768,0.00926622,0.018650293
253,1897,0.84469604,0.5263416,0.0055479184,0.011142999
253,700,79.64795,0.53620857,0.11477327,0.22498702
254,2126,3.2503204,0.52588993,0.003053166,0.006857991
254,5370,51.80903,0.5139194,0.11168595,0.21834981
255,3953,52.114532,0.3499855,0.1470592,0.289911
255,269,141.14447,0.39222845,0.29908335,0.57488614
256,6993,41.58699,0.420405,0.084817864,0.16249527
256,4160,54.662186,0.44689015,0.1858463,0.36024284
257,1875,241.82336,0.59286636,0.45325345,0.8877778
257,1875,29.526604,0.6046135,0.073001534,0.142427
258,6139,1.9256668,0.6957523,0.0039020553,0.00803113
258,7048,13.764326,0.6979985,0.030311726,0.059208043
259,2167,5.6588173,0.7023958,0.0097927,0.020229965
259,2411,3.0291748,0.7062472,0.007376097,0.015827164
260,5044,2.6913795,0.6963388,0.0031193793,0.0072411895
260,5206,69.15185,0.70636857,0.16389883,0.32716724
261,941,35.20887,0.68417627,0.067708895,0.12942106
261,975,50.560276,0.6787757,0.117771395,0.23351783
261,4774,17.218401,0.68479246,0.034482557,0.06686653
262,965,34.19445,0.6801329,0.06717427,0.12977389
262,923,11.695354,0.6740905,0.026257642,0.05182226
263,980,9.79055,0.06673396,0.022886068,0.044598162
263,895,43.497066,0.66214937,0.105059914,0.19800657
264,4303,23.335423,0.65180373,0.054369308,0.104412094
264,1370,11.305702,0.060655206,0.042551573,0.084352225
265,6329,28.742428,0.70938134,0.058570772,0.1129705
265,4109,75.3864,0.7051615,0.13622183,0.2730349
265,6330,26.650211,0.7115586,0.053900253,0.10574159
266,3907,26.407707,0.7079411,0.05191049,0.10005258
266,1372,37.892582,0.709718,0.07295172,0.14055929
267,449,1.9113312,0.713478,0.0026933253,0.0060415566
267,3675,2.6065369,0.7116067,0.0040780306,0.008582741
267,5486,71.642105,0.7134979,0.16833997,0.3352355
268,6530,1.5494194,0.36129147,0.005394906,0.010017335
268,6993,111.338554,0.37889433,0.2373519,0.45584488
269,6993,115.70929,0.4150138,0.2416544,0.4646018
269,255,140.71878,0.39104632,0.29956886,0.575193
269,270,123.01329,0.46889585,0.25042865,0.48453313
270,274,138.44534,0.5022238,0.27556613,0.53490084
270,269,123.2237,0.46769586,0.25042588,0.48474532
270,271,111.18384,0.4946511,0.22307834,0.4324934
271,4259,1.4824677,0.49953282,0.0019181147,0.0039076954
271,2128,34.292652,0.5035384,0.07060531,0.13556087
271,270,111.50079,0.4968766,0.22287932,0.43185157
272,1902,2.532753,0.4106115,0.0039863437,0.007896528
272,2117,18.136616,0.41774097,0.049172003,0.09650745
273,2927,108.05108,0.49150348,0.21520843,0.4164589
273,274,10.624153,0.51555425,0.022000603,0.04314752
273,715,109.260925,0.5339867,0.21157473,0.41260213
274,275,50.934242,0.5201828,0.10024892,0.19601746
274,273,10.6544075,0.5156394,0.022021487,0.043188423
274,270,137.95453,0.5053587,0.27501753,0.5337469
275,715,137.45438,0.54095626,0.2659194,0.51925117
275,5780,87.793304,0.5370115,0.16965389,0.33069468
275,274,51.008606,0.5205727,0.10054478,0.19656561
276,3592,2.051033,0.70336866,0.003120631,0.0069562197
276,1335,7.3827477,0.7022849,0.013938449,0.027732775
277,3590,2.2645836,0.7023469,0.003899768,0.007995084
277,1333,21.964535,0.69840825,0.044103045,0.08471191
277,3594,51.597824,0.6989928,0.10463661,0.20833106
278,279,29.355247,0.68387854,0.05852122,0.112774044
278,5409,26.677574,0.68537414,0.053874437,0.1044304
279,2489,5.0961037,0.68286896,0.009122759,0.018578276
279,1024,38.474304,0.6861648,0.07507386,0.14466682
280,281,51.51023,0.6889229,0.09540326,0.19016218
280,6359,17.764366,0.68810207,0.035532124,0.06889572
280,1003,52.424603,0.69071317,0.096940085,0.19207707
281,2986,2.0404243,0.6896006,0.0029747188,0.006484404
281,280,51.69146,0.6896513,0.09572986,0.19019876
281,1568,41.08575,0.6929541,0.08392359,0.16512476
282,6785,19.127909,0.69652903,0.03803266,0.07356788
282,3438,7.9086113,0.69557554,0.015001133,0.02995412
283,299,30.088814,0.69394374,0.058843337,0.11362917
283,5075,45.416542,0.6957608,0.10569353,0.20852733
284,285,18.753689,0.70059013,0.037332196,0.07158023
284,407,27.926834,0.70097816,0.053764287,0.10381461
285,286,27.238552,0.704477,0.053126298,0.10369917
285,380,60.768425,0.7046425,0.11231653,0.22202434
286,3499,23.531155,0.7050784,0.054698933,0.10712093
287,2459,1.7096977,0.7471391,0.00237716,0.005179614
287,484,125.91841,0.7471041,0.22192341,0.4434051
287,290,20.739187,0.74336207,0.045964748,0.090082355
288,1482,19.363747,0.744401,0.037354726,0.07298572
289,3420,1.7305412,0.73906666,0.0024966598,0.005110666
289,451,52.93676,0.73918676,0.105142914,0.20771061
290,2470,2.5477638,0.7444196,0.004078418,0.008600801
290,1188,14.306858,0.74162847,0.030610666,0.059412666
291,1964,53.997204,0.686773,0.10054206,0.19885166
291,3626,213.98706,0.68092406,0.38460228,0.7580544
291,5579,42.092445,0.6917788,0.07867059,0.1526837
292,4631,87.87164,0.6914641,0.2080859,0.4131168
293,4019,0.32699966,0.43978,0.0034277365,0.0009764135
294,3525,3.0948944,0.74081963,0.0020915866,0.0051948577
294,4367,66.86935,0.74284494,0.13448626,0.26805577
295,5775,0.0,0.4476852,0.0023924932,0.0
295,3963,58.66014,0.46696034,0.19706896,0.30470294
296,323,5.8511353,0.740593,0.016602777,0.032588914
296,4787,5.3516197,0.7497467,0.009526186,0.019179747
296,4471,44.668514,0.7492168,0.07478916,0.142507
297,396,69.69114,0.7088132,0.12763727,0.25513375
297,5528,33.03318,0.71261835,0.06253794,0.12082709
298,3087,1.7869148,0.6999922,0.0042162314,0.009364054
298,5859,20.872976,0.7016268,0.04778902,0.093328446
299,283,29.71908,0.6938044,0.058173306,0.11164025
299,3503,53.207222,0.6909081,0.09989736,0.19770348
299,680,52.317738,0.69595313,0.09604777,0.19021696
300,4571,1.6187096,0.74308467,0.002175726,0.004467681
300,303,47.73176,0.74157345,0.08751272,0.17006801
300,4570,6.053444,0.73552376,0.011919484,0.023201093
301,4574,3.3167725,0.7383772,0.006886132,0.013161927
301,502,11.622314,0.74181104,0.021852277,0.042666122
302,314,44.968475,0.73831266,0.08306071,0.16007452
302,502,55.271523,0.7395325,0.09552958,0.18766582
302,3906,88.95868,0.7354899,0.1564277,0.31070483
303,300,48.561363,0.7420372,0.08859641,0.17195518
303,3157,76.40161,0.73903805,0.13451919,0.26745853
303,3133,70.76315,0.73776025,0.12603264,0.2516408
303,316,69.63066,0.7396337,0.12439048,0.24699822
304,2923,129.60202,0.73006386,0.2332541,0.46248358
304,3285,268.03433,0.7257081,0.47108838,0.92914516
304,3896,82.213776,0.7304125,0.14567596,0.2909773
305,3900,36.786835,0.44325343,0.14038293,0.21521789
306,3896,6.803257,0.73160756,0.012666702,0.024754718
306,4137,2.975727,0.73303187,0.004448481,0.00900206
306,2924,6.4760437,0.73236334,0.013813563,0.027012229
307,327,339.18457,0.73278344,0.6349303,1.2545164
307,1519,56.752323,0.45878646,0.20243232,0.31664056
308,310,89.605255,0.7257337,0.17695618,0.35277444
309,3957,2.043892,0.7241877,0.0032827258,0.0065519065
309,3557,42.741745,0.72220767,0.08451202,0.16519444
309,4624,46.71252,0.72578764,0.08508239,0.1636882
310,329,107.10946,0.72440016,0.21384472,0.42467907
310,308,90.552635,0.7248338,0.17782512,0.3553108
311,3105,10.199108,0.6696273,0.057513956,0.11953339
311,1753,45.22083,0.68160385,0.10135391,0.19928674
312,19,79.87011,0.6380351,0.1634258,0.3209675
312,1916,7.9875755,0.6310941,0.049062174,0.100454755
313,4569,3.1035004,0.73909557,0.0037806854,0.008097157
313,4567,7.067337,0.7389025,0.013975501,0.027754307
313,314,87.55011,0.7422745,0.15579793,0.31154072
314,313,88.43,0.74110365,0.15621667,0.3122028
314,302,45.21253,0.73895305,0.0841487,0.16272062
314,3133,57.587143,0.73779607,0.10423307,0.20766877
314,315,98.56641,0.7412287,0.17440099,0.34843957
315,359,77.17403,0.73871887,0.13609423,0.27172065
315,319,27.3614,0.73749447,0.048120163,0.09325635
315,314,98.13852,0.74291766,0.17371412,0.34751743
316,3127,76.876114,0.7396991,0.13673487,0.27240092
316,303,68.74442,0.7390568,0.121782064,0.24244383
316,3099,95.624275,0.7417889,0.1685088,0.33687145
316,3126,42.9999,0.737851,0.08063607,0.15615834
317,321,69.838554,0.7389166,0.12389316,0.2469089
317,318,58.783764,0.73702174,0.10606158,0.21097839
317,4569,56.42191,0.7412013,0.09971757,0.19819413
318,317,59.219833,0.73648524,0.10640678,0.2115513
318,499,42.264904,0.73566115,0.081148215,0.15861906
318,3372,91.39565,0.7352967,0.13444482,0.26628867
319,4215,5.6721916,0.7379527,0.01012674,0.020203859
319,315,27.6945,0.73962677,0.048962228,0.09555532
320,5496,42.672115,0.7388576,0.07915037,0.15192541
320,4566,43.59767,0.7387762,0.08095408,0.15516444
320,3100,63.57207,0.7399273,0.12074985,0.24032128
320,496,90.27432,0.7398253,0.16811186,0.33632874
321,317,69.46364,0.7386139,0.12346147,0.24577384
321,4567,125.56939,0.74175406,0.24281904,0.48045534
321,501,39.529873,0.7337513,0.07739039,0.14883208
322,6806,116.17815,0.7423769,0.2079579,0.41436106
322,3157,39.149216,0.73550296,0.0715885,0.14222765
322,3155,26.908138,0.73841935,0.053909753,0.104931585
323,2498,4.160446,0.7302336,0.013393335,0.02630578
324,4243,2.7450256,0.7218926,0.0046057478,0.009372562
324,3958,4.4831085,0.725575,0.00760781,0.015349612
324,3285,91.550354,0.72453004,0.16358507,0.32743323
325,2923,8.075325,0.7278017,0.015117615,0.029101267
325,3158,65.805626,0.72884566,0.11775353,0.23448893
325,2151,100.60914,0.7322464,0.18021688,0.360424
326,4609,16.614298,0.73098767,0.03202686,0.06225173
327,307,336.86322,0.73684096,0.62899387,1.2426151
327,328,52.90025,0.7347561,0.09595602,0.19003627
328,327,52.14163,0.73403394,0.09485572,0.18720652
329,4593,3.184063,0.71916413,0.002284564,0.0054227114
329,6508,35.66802,0.724203,0.07226574,0.14115718
330,802,5.984745,0.67698866,0.017146982,0.033746332
331,4114,2.0072937,0.70159584,0.0031409785,0.007095307
332,3388,2.424076,0.7148708,0.003950484,0.009103239
333,3390,2.6097717,0.72416806,0.0040896162,0.008793697
333,3386,85.38714,0.7292477,0.15200305,0.30378482
334,2706,144.70251,0.7296976,0.34340078,0.6818673
334,3640,11.788807,0.7252879,0.022756234,0.04392372
335,2188,117.36053,0.70660263,0.23469147,0.4645782
335,111,2.1114883,0.70191455,0.0036697164,0.00755921
336,339,79.70691,0.7124317,0.14239362,0.2858974
336,337,32.098568,0.7123541,0.06474141,0.12505208
336,352,50.157825,0.71394765,0.10013293,0.19599706
337,2840,130.94484,0.7146785,0.23796687,0.47230172
337,336,32.04613,0.7129115,0.064855136,0.12527102
337,338,21.738743,0.7123818,0.044463087,0.08576712
338,4450,14.503643,0.7115294,0.028153293,0.054678515
338,339,53.956696,0.7108818,0.105753034,0.21076111
338,337,21.816889,0.71186054,0.04437056,0.08574509
339,336,79.33795,0.7126961,0.14259803,0.28599823
339,3339,30.320461,0.71334773,0.06126578,0.117537126
339,338,53.408947,0.7116794,0.10605337,0.21099858
340,6990,8.226051,0.7143551,0.016329981,0.032771185
340,5932,78.42053,0.71039796,0.15718494,0.31405172
341,342,2.379322,0.6847472,0.0046073794,0.009363845
341,5931,37.333725,0.70897603,0.07467742,0.14536631
341,4183,39.006405,0.70891434,0.07020988,0.13523337
342,341,2.6414604,0.7023251,0.005087264,0.010666415
342,343,75.74797,0.7068926,0.15182272,0.3045703
343,1295,68.083755,0.7074114,0.12267576,0.24503523
343,342,75.70775,0.7068938,0.15176606,0.30263066
343,344,51.16262,0.7080499,0.10117429,0.20077
344,1294,2.6987839,0.70612866,0.004240468,0.008971125
344,345,62.49305,0.7091635,0.12080744,0.24112728
344,343,51.553204,0.7068186,0.10081259,0.20075914
345,346,57.62319,0.7126094,0.11277485,0.22412059
345,344,63.43542,0.71223587,0.12320846,0.24539904
345,5242,44.712307,0.7138786,0.083310455,0.16163334
346,345,56.571823,0.7065952,0.11080213,0.22055869
346,2372,26.709702,0.70834225,0.05445522,0.10494793
347,4506,0.59804153,0.69521403,0.0045562014,0.008869588
347,4462,1.8164101,0.7060708,0.0032251403,0.006679669
348,4452,1.86166,0.71270186,0.0013573989,0.0034532994
348,349,25.915361,0.71234,0.054485798,0.105043106
349,2092,2.2952347,0.709668,0.0035432577,0.0074588805
349,1294,180.3869,0.7069799,0.3192388,0.6312586
350,2089,46.6256,0.71222854,0.09265749,0.18247904
350,2752,88.862076,0.7148097,0.17567453,0.35047573
350,353,137.6141,0.71811336,0.24931806,0.4941789
351,2085,146.16347,0.71841836,0.2899456,0.57375246
351,4308,27.903194,0.71623987,0.057863783,0.11161345
352,4448,0.37588882,0.15590322,0.002137266,0.0045953393
352,4451,127.94937,0.7158009,0.23164362,0.459323
352,336,51.21417,0.7157743,0.0993428,0.19864102
353,3336,168.78294,0.7171186,0.29975355,0.59225714
353,350,137.41946,0.718473,0.24829802,0.49288172
353,6353,37.408783,0.71881855,0.07054861,0.13447136
354,6355,1.7621574,0.7047857,0.0025407746,0.005366236
354,355,93.522736,0.7251873,0.16672899,0.33290258
354,6353,35.342342,0.71853614,0.06568745,0.1258476
355,354,94.595825,0.72194064,0.16864046,0.33722502
355,4712,4.476021,0.71160287,0.010323599,0.020529732
356,357,3.4177399,0.7302872,0.006046921,0.01169759
356,3362,188.63666,0.7362393,0.31091994,0.6145209
357,356,3.8199768,0.73072386,0.007042296,0.0135974735
357,3737,37.609196,0.73107034,0.070598006,0.13416177
357,5684,6.7783127,0.7295412,0.012823254,0.024903268
358,2141,11.920454,0.7243779,0.017101072,0.034084603
358,3737,3.3891602,0.72502446,0.005485542,0.011552945
358,1071,138.2457,0.72291225,0.24974987,0.49489206
359,315,76.959335,0.73813736,0.13472652,0.2683503
359,503,63.227985,0.7353535,0.1299576,0.2588694
359,3353,29.62212,0.7361198,0.055654816,0.10798096
360,2899,20.411394,0.7054407,0.04013349,0.07739146
360,6677,39.735466,0.7081352,0.07529585,0.14535137
361,1626,229.98419,0.66734254,0.4134141,0.8143004
361,644,43.82816,0.6695844,0.08943537,0.17719418
362,363,39.01413,0.038764864,0.1723644,0.366863
363,2577,26.4791,0.68081284,0.058683008,0.11633109
364,6676,2.6718063,0.6788865,0.005450785,0.010839671
364,3219,20.577854,0.050311416,0.08816039,0.1782929
365,2497,2.7742653,0.6848491,0.0036264658,0.008257553
366,2002,7.9949646,0.043201923,0.024095729,0.048353046
367,6343,26.24388,0.69743615,0.061373226,0.122146934
367,6348,9.6609535,0.69984376,0.021094747,0.041694045
368,416,7.598652,0.683747,0.016930453,0.033930108
368,793,33.24863,0.6819049,0.07847745,0.15410805
369,1669,9.816067,0.45595855,0.021427184,0.04144366
369,3329,34.621307,0.4680037,0.07689719,0.14740452
369,1676,11.461256,0.4526369,0.025128745,0.04842125
370,2285,23.644342,0.41865146,0.053584855,0.10164354
370,2316,10.855581,0.4126594,0.023996204,0.046370864
370,2283,25.03254,0.40019593,0.057075746,0.1081398
370,1676,28.149294,0.43112785,0.06390309,0.1208671
371,3329,1.8896713,0.47095466,0.003640391,0.0076224953
371,6289,40.085674,0.4948379,0.10990879,0.21483885
372,450,3.87286,0.71909946,0.00843744,0.017652616
372,373,70.31569,0.71259594,0.10921025,0.21666443
373,366,30.449413,0.7224941,0.05643415,0.10995895
374,6348,2.8202934,0.6985512,0.0060119703,0.012693599
374,1007,158.13449,0.69424516,0.28127763,0.5572858
375,22,9.042221,0.69991845,0.020102069,0.03984858
376,709,15.713133,0.70330167,0.032099888,0.06274859
376,2506,6.159649,0.7022967,0.013619967,0.027633771
377,2071,3.0125961,0.7112243,0.004847385,0.010251671
377,2073,2.4731827,0.7133529,0.0037470683,0.0077900887
377,4312,153.3369,0.71582687,0.2739297,0.542758
378,4227,19.406384,0.70053524,0.03986935,0.07701074
378,1650,17.95513,0.7039422,0.036441714,0.07045123
379,777,42.6038,0.7020172,0.07905959,0.15521063
379,5052,13.500378,0.69547373,0.026559435,0.052219555
380,379,31.66771,0.699817,0.061019063,0.117918685
380,4929,22.267626,0.70019764,0.043817583,0.08424226
381,2312,16.438087,0.69813704,0.03260321,0.06327586
381,285,29.051739,0.7027885,0.05687764,0.10882957
382,383,18.221178,0.6986083,0.03674512,0.0709761
382,2312,41.121323,0.70070016,0.07646677,0.14714018
383,1562,3.3131104,0.6963849,0.0056296587,0.011824995
383,382,18.316904,0.6960692,0.036536094,0.07048601
383,185,29.363686,0.69749767,0.05602014,0.10708479
384,2735,47.28195,0.6998879,0.097061574,0.19413997
385,2734,18.090012,0.69423145,0.03747018,0.07312171
386,2739,26.563011,0.6980409,0.054925386,0.106405854
387,386,16.817202,0.7001729,0.034497764,0.067722924
387,1055,13.17572,0.7011094,0.026620552,0.052347958
388,2775,2.7661285,0.69776464,0.0040863752,0.009097591
388,2,17.111576,0.6962008,0.033651203,0.06492712
389,2776,3.6864777,0.69421405,0.0061913207,0.0128929615
389,909,90.69352,0.6996683,0.17268804,0.34581053
390,3403,1.8471184,0.69956714,0.0026783794,0.006080389
390,6097,7.678814,0.69856864,0.014481932,0.028687954
391,1733,2.4977913,0.705034,0.0040527508,0.0070627034
391,817,28.52975,0.06359449,0.10558961,0.22690736
392,393,64.63153,0.70122665,0.117677756,0.23469004
392,1113,77.53259,0.6962203,0.14242114,0.28532845
393,5354,67.58458,0.70633334,0.121955715,0.2440949
393,395,32.110527,0.70354015,0.06300681,0.119533315
394,392,13.135473,0.6982991,0.025759883,0.050308302
394,4613,5.1564064,0.7011604,0.009627573,0.019784048
395,394,72.89876,0.6988323,0.13243002,0.26444918
395,396,87.7623,0.70466524,0.16044143,0.32121202
396,397,45.42063,0.7057324,0.08521356,0.16592546
396,297,69.49762,0.70870376,0.12759857,0.25439873
396,395,87.29843,0.7043996,0.15827778,0.31605107
397,2003,2.9080772,0.7005277,0.0035866797,0.008234963
397,396,45.005188,0.70793986,0.08473805,0.16584557
397,331,58.66949,0.7045819,0.10507566,0.20922965
398,5985,0.0,0.6841408,0.0073825344,0.014162421
398,5980,3.087101,0.6914024,0.005538307,0.011710957
399,4628,4.312969,0.71261805,0.005313717,0.010916337
399,3864,158.36108,0.73860663,0.31368956,0.61982125
399,4627,27.246332,0.7245683,0.055176187,0.10747404
400,6230,2.3010826,0.7535595,0.0039147437,0.008110672
401,2938,82.139694,0.7480273,0.16128033,0.32254887
401,401,22.642353,0.7348076,0.04615888,0.08949123
402,403,104.926926,0.7216106,0.19006866,0.3788517
402,1655,121.305145,0.7223861,0.24076584,0.47709143
402,3642,288.8177,0.713873,0.5479351,1.0785744
403,402,104.04957,0.72245204,0.18721029,0.37411278
403,1655,71.977715,0.7207476,0.12883922,0.25771874
403,3274,30.674726,0.7226734,0.05776413,0.1118442
404,4266,1.887783,0.72472084,0.0027390122,0.0056927353
404,1652,56.699326,0.726043,0.10164189,0.20224178
404,4267,114.5677,0.72333544,0.22628224,0.44805807
405,5728,22.338476,0.6990295,0.051195346,0.09933597
405,2541,34.73726,0.69621015,0.0684344,0.13013418
406,184,89.48807,0.6985431,0.1270014,0.2537268
406,3234,1.5272026,0.6781912,0.0026230365,0.006115794
407,2313,37.347633,0.7001339,0.070736654,0.13744545
407,2312,2.426136,0.69617116,0.004141152,0.008754298
408,825,7.736988,0.6962633,0.014881991,0.029402703
408,2212,13.158894,0.6986666,0.0283373,0.055294506
409,6235,2.356369,0.6914177,0.0038259253,0.008111104
409,825,35.22601,0.69494647,0.06904177,0.13273352
410,6236,2.6714058,0.69643945,0.0043528676,0.009221584
410,1054,5.1869736,0.6981729,0.009626932,0.019302294
411,1052,62.21045,0.6946244,0.11311573,0.22582012
411,412,68.08815,0.6964737,0.119071916,0.23950341
411,410,22.279001,0.6962501,0.04376536,0.08455332
412,1048,91.372375,0.6969073,0.16651142,0.33271176
412,411,67.683044,0.69670534,0.118664525,0.23915465
412,1045,23.106167,0.6945226,0.045775346,0.08862516
412,1046,27.08221,0.69515866,0.053410295,0.103294216
413,414,24.7339,0.68057024,0.05146697,0.10035321
414,1000,4.202877,0.68364835,0.008341573,0.017214864
414,6388,5.72303,0.6801136,0.011474073,0.023275375
415,2896,1.8637314,0.68216205,0.005116932,0.011266023
415,2897,2.0518608,0.6817641,0.0056049377,0.012210861
416,6621,10.738226,0.6843959,0.02370876,0.04689671
417,5159,2.417698,0.6925153,0.0002277717,0.00224258
417,5161,14.660856,0.6902103,0.02932734,0.05736228
418,423,41.42114,0.6881995,0.08367629,0.1636861
418,422,16.288565,0.6911615,0.032987434,0.063496634
419,3443,2.6489182,0.6991267,0.005950831,0.012504265
419,1059,13.3829365,0.69535327,0.030546818,0.060349688
420,2445,19.63513,0.70285904,0.045188367,0.08801365
420,1304,25.801851,0.70434314,0.051694907,0.09970579
421,420,9.018055,0.70005536,0.020410217,0.04087615
422,421,3.432701,0.69262636,0.006216891,0.012900621
422,418,16.60541,0.6917664,0.033732586,0.065176286
423,2894,42.31541,0.6860017,0.0804727,0.15555191
423,418,41.484028,0.68882316,0.08358665,0.16214481
423,5397,74.623566,0.6809548,0.14908631,0.29681596
424,5298,0.09093094,0.23949474,0.00025805086,0.0
424,2858,121.09763,0.6809667,0.2432616,0.4812513
425,3775,2.1985054,0.10015023,0.008306548,0.017175972
425,3290,4.4150352,0.6875069,0.008680671,0.017936453
426,965,12.570637,0.67132246,0.028685339,0.056180827
426,976,17.912941,0.6734487,0.03749666,0.072296456
427,6059,35.10692,0.69076216,0.06805422,0.1308671
427,6057,33.08425,0.6922389,0.081119455,0.15895222
428,429,47.70433,0.6596873,0.09802899,0.1953996
428,4996,49.096497,0.661232,0.10140807,0.20112747
429,966,78.67859,0.6652751,0.16090885,0.3199355
429,922,27.263279,0.66439277,0.058206573,0.112415306
429,428,47.479652,0.6591979,0.09753686,0.19378702
430,6333,2.0045395,0.68170315,0.0028860122,0.0065499544
430,431,30.30169,0.6818745,0.070857555,0.13874084
431,712,37.42237,0.6831096,0.0866721,0.17158303
431,5698,138.69789,0.6828191,0.28253517,0.5575027
432,5123,1.7302055,0.6419793,0.0036097616,0.007463813
432,803,92.696884,0.69130284,0.22678724,0.4509505
433,2783,1.6758842,0.6936037,0.0034125075,0.007761687
433,437,22.201412,0.6990578,0.046373222,0.08942425
434,5631,2.0873299,0.68353367,0.0048460886,0.009468704
434,758,40.411087,0.69918287,0.084231324,0.16475464
435,3676,3.1014595,0.6910995,0.007353924,0.015551999
435,6437,8.390873,0.6927238,0.018006071,0.03620325
436,435,2.4612045,0.6932588,0.005530305,0.011913329
437,758,22.716753,0.6971728,0.04731276,0.090448685
437,2783,20.93392,0.69692725,0.0439276,0.08479917
438,2795,1.9464302,0.6924682,0.0035446957,0.007962823
438,6155,32.586117,0.6940169,0.07619817,0.15085243
439,6877,19.061312,0.7001958,0.04153285,0.08089051
439,6189,5.133091,0.6960378,0.011252604,0.022701353
440,4659,1.5706406,0.6911262,0.004016906,0.008860469
440,3123,29.805069,0.6988179,0.06764983,0.12974387
441,883,20.331566,0.69499844,0.04605074,0.09069252
441,5628,26.189514,0.6963835,0.05954707,0.116085015
442,5698,2.882141,0.6832023,0.00529401,0.011575043
442,5096,86.331055,0.68436354,0.17192233,0.3422951
442,3245,38.181725,0.68128186,0.07810335,0.15397479
443,5759,79.282814,0.71816754,0.18587443,0.37111497
443,444,6.326332,0.7203534,0.011034794,0.022777438
444,443,5.883518,0.7157544,0.010029115,0.020049244
445,6281,40.544228,0.7202691,0.093027264,0.17942812
446,2002,2.0499306,0.71538126,0.002989918,0.0061397105
446,447,6.6157646,0.09767255,0.020871438,0.041803837
447,444,53.496723,0.7035365,0.09366635,0.17508444
447,7043,16.273071,0.716037,0.034942284,0.068771094
448,788,15.29571,0.71599454,0.032992516,0.064343914
449,267,2.3296242,0.7127309,0.0033927858,0.0075835735
449,7044,99.33841,0.71407855,0.23025283,0.45612323
450,5529,43.00384,0.718323,0.096366175,0.18904635
451,3421,2.1108475,0.73700106,0.0031731203,0.0066981614
451,5890,259.88455,0.7284823,0.45576954,0.8991044
451,5033,53.687866,0.73360854,0.10539956,0.20888172
452,4459,38.51421,0.71186703,0.07253642,0.13937266
452,2733,70.89445,0.70863736,0.12711781,0.25430316
452,1694,11.508078,0.71189326,0.022727504,0.044344082
453,5096,144.05981,0.68544954,0.20394102,0.40777743
453,1184,29.030365,0.6877508,0.060811352,0.11642264
453,3328,104.141266,0.6835129,0.20970361,0.4154197
454,2594,17.072416,0.6853157,0.033897247,0.065347046
454,6918,32.10443,0.68721783,0.06335616,0.12094611
454,2598,117.831635,0.68950117,0.2147747,0.42691785
455,733,18.66823,0.68832606,0.037265398,0.07208873
455,2594,129.87427,0.6907564,0.23620144,0.46794152
455,1366,207.70676,0.69282895,0.37372988,0.74005824
456,2611,26.333874,0.69232726,0.05206264,0.10115689
457,839,6.525688,0.7038409,0.012267783,0.024197295
457,4394,49.097633,0.70816684,0.098241806,0.19466548
458,3757,2.3859673,0.70119536,0.0039462596,0.008712366
458,459,10.953896,0.6996323,0.021438085,0.041907042
458,457,16.77091,0.7006488,0.03453758,0.066563755
459,839,25.82835,0.7043828,0.051013947,0.09859601
459,168,20.692886,0.7021279,0.040801004,0.078548856
459,167,28.230528,0.7034847,0.055017803,0.106036074
459,458,10.625971,0.70328414,0.020760499,0.0403357
460,2061,98.119606,0.7391884,0.105419055,0.20874831
461,147,4.679817,0.7020287,0.008341037,0.01693149
461,6114,62.136726,0.70495856,0.1117739,0.22216845
462,5767,2.8654518,0.6916568,0.005548477,0.011895254
462,3441,33.225418,0.6981199,0.064478144,0.123190984
463,4407,1.3666687,0.7042955,0.0030120164,0.0065298826
463,4401,28.667023,0.7127159,0.060237244,0.115941435
464,6144,0.9198532,0.42864338,0.003368087,0.007254362
465,4405,1.6837273,0.7135776,0.0023528412,0.0053890646
465,3846,64.9233,0.7156006,0.11647144,0.23263104
465,5047,59.695488,0.71364737,0.12125459,0.24085845
466,5422,2.1437836,0.71878195,0.0031732991,0.0067593455
466,157,69.64949,0.7186925,0.12434043,0.24888887
466,480,72.42536,0.7198144,0.12878767,0.25840846
466,155,32.53257,0.72189957,0.061963804,0.11932683
467,3654,2.1095047,0.72253096,0.0031371117,0.006773308
467,1412,56.788513,0.7285391,0.10110824,0.2008126
467,673,31.390038,0.7275152,0.058901645,0.11379548
468,4640,29.221758,0.7214212,0.05641582,0.10895461
468,3654,33.18792,0.7228945,0.06327217,0.12126405
468,479,31.593754,0.7198486,0.060323216,0.11579974
468,6486,67.37067,0.7231205,0.11991812,0.23848289
469,3938,1.9321785,0.7125845,0.0029762164,0.006776899
469,6907,62.96325,0.7174707,0.12629609,0.2513358
470,4636,2.2976341,0.70892906,0.003573954,0.007544145
470,3327,84.01892,0.7135626,0.14864781,0.29670247
470,469,28.768484,0.7152357,0.05535099,0.106465615
471,164,20.485552,0.70945716,0.040348206,0.07793349
471,161,50.373447,0.71259177,0.09188643,0.1819296
471,160,35.34814,0.7097014,0.06770569,0.12963763
472,2762,1.7208328,0.6994225,0.0036305115,0.007922083
472,6094,23.724049,0.70219225,0.049719438,0.09601494
473,1761,86.203476,0.6827818,0.15950051,0.32058376
473,2643,36.97856,0.68065405,0.071645014,0.1388807
474,2466,2.8265572,0.7436236,0.004741028,0.010300592
474,4371,122.87699,0.74298096,0.22208476,0.44227135
474,3917,61.4563,0.74161124,0.13703793,0.27172473
475,837,35.84975,0.70718324,0.068395555,0.13072245
475,838,31.042084,0.70712185,0.061254688,0.11670521
475,6117,7.2804604,0.70974004,0.013874471,0.027418792
475,4412,51.62895,0.7086581,0.093996786,0.18738335
476,4636,30.672049,0.71416795,0.059477005,0.1139956
476,4401,38.38629,0.7145091,0.073196545,0.14052019
476,4400,28.090988,0.7160422,0.05421723,0.10519808
477,4400,2.011322,0.71269584,0.002847463,0.0061139762
477,478,69.50384,0.7174234,0.124529526,0.24803224
477,157,17.863783,0.71403414,0.03623841,0.06988372
478,477,69.689575,0.7187609,0.12616739,0.25193796
478,4639,29.681774,0.72192687,0.056296706,0.10850519
479,3653,33.26608,0.7254436,0.06319071,0.12073536
479,5423,31.815453,0.72517085,0.06072337,0.11650841
479,155,19.07182,0.72303694,0.037385035,0.07225214
479,468,31.73297,0.7220166,0.060779914,0.11680972
480,1883,2.1712914,0.72066396,0.0032642558,0.0067850947
480,466,73.1319,0.72059107,0.13038886,0.26048154
480,5085,36.740776,0.7246907,0.08048162,0.16050553
481,6461,38.46772,0.71339333,0.073353045,0.14191084
481,5048,15.084345,0.7182179,0.031031817,0.06127531
482,3858,1.5713692,0.6720419,0.0023678541,0.004865423
482,3851,119.93655,0.71510184,0.240403,0.47705615
482,1403,114.71235,0.7125851,0.20879644,0.41438067
483,701,53.02806,0.7177148,0.09608267,0.19061492
483,7046,37.806904,0.71675414,0.07186666,0.13720077
483,684,39.82739,0.719054,0.07431438,0.14257857
484,288,7.285774,0.73867714,0.013780445,0.02757959
484,485,63.248867,0.741575,0.1113934,0.22098544
485,1872,2.0167427,0.73923326,0.002193451,0.0042928904
485,1874,23.787535,0.743521,0.045120835,0.08773944
486,485,8.454609,0.7382737,0.015758038,0.030777305
486,288,59.8724,0.7406042,0.10718186,0.21293966
487,4321,1.7405586,0.740679,0.0030598193,0.0066801608
487,490,2.7541351,0.73863286,0.005085066,0.010559261
488,2913,1.5203781,0.73949283,0.0028130785,0.006064296
488,6416,0.43999863,0.048263133,0.0025977492,0.0062786937
488,492,36.694603,0.7416279,0.08734887,0.17173363
489,508,100.724045,0.7408569,0.18091376,0.3614511
489,509,61.198036,0.7389597,0.12036956,0.23925975
489,490,113.9284,0.7419045,0.2246387,0.445023
490,489,112.98103,0.7416538,0.22281185,0.44215256
490,491,48.056267,0.7392371,0.08833993,0.17173915
490,487,3.042633,0.7355902,0.0055056736,0.011505112
491,490,48.656162,0.7385098,0.08779027,0.17043468
491,2106,18.229944,0.73485726,0.035973,0.06931922
491,492,90.02398,0.7377039,0.15866353,0.31779584
492,491,89.79028,0.7363452,0.15920727,0.31855014
492,2826,54.55416,0.72831637,0.13132572,0.26042202
493,2106,110.430824,0.72915953,0.1986138,0.39598253
493,46,42.801968,0.7262436,0.09747824,0.19289738
494,1629,6.97715,0.74151486,0.010214761,0.020725414
494,5518,6.959099,0.7363494,0.014886364,0.029381528
495,496,41.59735,0.7327004,0.086262845,0.166954
495,4210,34.306664,0.7347955,0.071546644,0.13825768
495,1737,98.537964,0.73645544,0.17432386,0.34662473
496,320,89.24454,0.74061817,0.16750568,0.33555555
496,495,40.962246,0.7356136,0.08475702,0.16502506
496,3372,30.528278,0.7371479,0.06452754,0.12524566
497,3090,20.84832,0.7433815,0.039829995,0.07895572
498,6574,2.0301857,0.7422023,0.003076829,0.0064323843
498,5492,24.9148,0.7425444,0.047907118,0.09263228
499,318,42.929226,0.7354651,0.081137866,0.15896827
499,4565,9.655972,0.7396258,0.018656723,0.036626145
500,4568,13.571518,0.74430317,0.02690424,0.051992014
500,5462,27.131285,0.7414795,0.05334985,0.10370704
501,503,123.83233,0.7406849,0.26164514,0.51910514
501,3372,37.32003,0.73462313,0.07820742,0.15229376
501,321,39.735165,0.7348422,0.07798245,0.1510657
502,302,55.35222,0.73697895,0.094720796,0.18604796
502,4574,11.372486,0.7341326,0.022248983,0.043483287
503,2154,75.39626,0.73358613,0.13166407,0.26291138
503,501,126.84273,0.7399659,0.25974452,0.51473325
503,359,63.099976,0.73637754,0.13036174,0.25950342
504,3595,2.567604,0.694114,0.0018873885,0.0047711134
504,4988,25.941685,0.6983257,0.05364825,0.1032319
505,5034,1.855442,0.7298918,0.0036545321,0.007439524
505,6,32.851913,0.7364291,0.06650469,0.12758455
506,6204,13.483089,0.044302583,0.05980121,0.12832846
506,508,91.08641,0.75174636,0.18179801,0.36161667
507,3763,1.8726501,0.7326236,0.002953209,0.0063382685
507,3081,35.79308,0.72976327,0.07250144,0.14152846
508,489,101.01384,0.7413251,0.18077603,0.36141086
508,506,91.207184,0.74910384,0.178437,0.35287452
508,5240,59.91482,0.74147385,0.116083086,0.23028165
509,489,60.94964,0.73823637,0.11806905,0.23499252
509,6592,49.185936,0.7404741,0.08916481,0.17351286
509,3658,35.447823,0.74154454,0.06872068,0.13238123
510,5066,18.6858,0.7398322,0.048068542,0.09471307
510,5066,27.140495,0.73807293,0.05036041,0.09854857
510,6237,21.736937,0.0,0.0843966,0.17546356
511,512,101.6637,0.746801,0.18322349,0.36555314
511,2233,26.520515,0.7386903,0.058576416,0.11631757
512,3129,1.7358589,0.744685,0.0021276698,0.0047776103
512,1420,62.647457,0.7523499,0.10762533,0.21148017
512,511,102.46514,0.74550664,0.18209617,0.36381376
513,2393,99.82736,0.73838997,0.1790511,0.35739776
513,4329,45.631092,0.44655758,0.15696296,0.24099845
513,3660,1.0661545,0.43130642,0.0051420406,0.004211873
514,5376,17.49425,0.70824885,0.038519144,0.07550055
514,4738,8.035477,0.715925,0.017497636,0.0341821
515,4729,6.602844,0.5787964,0.016029522,0.03201653
515,2166,4.393444,0.58123547,0.007478796,0.015603617
516,2893,2.7933922,0.6791943,0.004440479,0.009804457
516,1060,76.90618,0.6762159,0.14094676,0.28271744
516,4288,9.5928955,0.68020713,0.022066712,0.04377055
517,6266,1.6511879,0.52162635,0.002946891,0.006370336
517,2281,4.137226,0.5223085,0.008803666,0.017610028
517,6265,5.485203,0.5203743,0.011870198,0.023466513
518,6265,5.714653,0.51635385,0.010392085,0.020404324
518,517,3.9082603,0.51899517,0.00862591,0.01720737
519,5133,1.7090797,0.51244336,0.002340898,0.004913673
519,2280,43.904358,0.49788976,0.08618909,0.16737941
519,518,30.91196,0.5153459,0.06789126,0.12914269
520,2280,55.993977,0.48935783,0.11194912,0.21779837
520,519,23.056969,0.50966644,0.052148473,0.09941326
521,4702,1.5044403,0.51073945,0.0028556883,0.0060552508
521,520,19.644491,0.50725776,0.042842634,0.08225207
522,4701,2.6773415,0.51819307,0.0054853484,0.011447847
522,6841,5.0412407,0.5160281,0.010967083,0.021717608
523,524,314.00763,0.5645824,0.65554386,1.2903862
523,4041,18.215685,0.53336096,0.038441792,0.07430233
523,1855,22.578396,0.53991395,0.047149014,0.09009393
524,3772,1.4946823,0.5579577,0.0027091801,0.0064836442
524,523,312.81055,0.5643771,0.6550705,1.2890368
524,528,73.23848,0.56676334,0.15554051,0.3044253
525,526,86.75372,0.5302963,0.18354258,0.35650545
525,6648,23.400042,0.55880105,0.05333495,0.10247397
526,525,86.15979,0.53149337,0.18336111,0.35662204
526,4000,55.481766,0.49405095,0.12036997,0.23428097
526,2026,89.43422,0.4808464,0.18102203,0.3506847
527,2432,30.675358,0.41624922,0.065034226,0.12314965
527,2039,60.00666,0.3930654,0.1230872,0.23843408
527,3610,23.565388,0.42456996,0.05181149,0.0981184
528,3773,2.1585045,0.5802055,0.0031152666,0.0069107115
528,3167,46.42637,0.5842017,0.09715575,0.18968338
529,3041,106.17934,0.5958575,0.20012581,0.3947264
529,530,46.824184,0.6147828,0.095927946,0.18909499
529,3167,92.56851,0.5939475,0.19235758,0.37785238
530,3988,3.06382,0.6148515,0.00626456,0.013244882
530,529,46.605007,0.6145142,0.09607044,0.18994318
531,4592,157.3027,0.5717304,0.3321815,0.64897996
531,3734,113.11155,0.60170186,0.2112349,0.41678333
532,4441,166.64299,0.5909415,0.31495753,0.61952347
532,2144,47.267445,0.60927755,0.090679176,0.17821243
532,2144,48.581966,0.6092837,0.09304853,0.18290609
533,3689,1.8291817,0.5638764,0.0030134171,0.0069594085
533,2421,136.9386,0.5664164,0.285866,0.55852413
533,1553,19.374777,0.5683967,0.04539926,0.087766476
534,1506,36.429646,0.55787235,0.07613512,0.149125
534,535,75.19506,0.53834,0.19658071,0.38371456
535,5272,17.910023,0.5285865,0.03577095,0.06920441
535,559,8.957432,0.51530063,0.021319576,0.042203322
536,5892,1.8229446,0.41189724,0.0033270195,0.006814331
536,2341,150.85878,0.46114016,0.30766302,0.5945082
536,1323,68.25911,0.389423,0.19948435,0.38425946
537,575,3.6005783,0.5842879,0.007028565,0.0148216635
537,2344,61.961082,0.57404286,0.12892434,0.25399995
537,576,48.166943,0.59144664,0.09989858,0.19654745
537,1220,24.578577,0.5807548,0.052899156,0.10115462
538,1514,1.9906273,0.5871071,0.0057743043,0.012204006
538,2370,100.482635,0.58856887,0.2711259,0.5341268
539,4661,0.810482,0.5257337,0.0034818277,0.007351339
539,538,166.59889,0.55026376,0.45285535,0.88644624
540,5955,12.898724,0.6275698,0.02592823,0.050665095
540,5960,0.45853043,0.31339484,0.0016080514,0.0036176294
541,1612,0.0,0.08581826,0.00411395,0.008529142
541,540,81.4137,0.6393316,0.20534322,0.40558302
542,5555,1.8695297,0.61719584,0.003157042,0.007370755
543,4950,5.1663513,0.61653566,0.0095393285,0.019435495
543,4951,3.111061,0.62058544,0.005233042,0.011218578
544,545,23.141266,0.61903703,0.049819734,0.09593381
544,2602,1.9440498,0.6152703,0.0027957857,0.0061864406
544,1591,38.082996,0.6141407,0.073869646,0.14508873
545,2604,1.8108444,0.61178577,0.002390042,0.00544703
545,1596,30.296078,0.61758053,0.064214,0.12421475
545,1590,28.849648,0.612327,0.05823307,0.11161579
546,905,23.52225,0.62567294,0.050572816,0.096938394
546,2605,2.2743568,0.6231166,0.0032938719,0.007207781
547,3445,2.2390022,0.62158674,0.004054114,0.008886978
547,3447,1.7418556,0.62161696,0.002488792,0.005735725
547,1589,63.760384,0.6298767,0.119194284,0.23665407
548,4306,2.134777,0.625113,0.0031817853,0.006970495
548,1378,83.792,0.6330864,0.15492488,0.3078096
548,549,76.509735,0.6361209,0.15780345,0.3095817
549,6770,0.0,0.044601977,0.0053256303,0.010414824
549,916,2.481575,0.6352776,0.004795,0.009822696
550,3549,0.37617874,0.37823063,2.5108457e-06,0.0
550,551,68.4525,0.6441898,0.14005472,0.27973598
551,910,69.76206,0.64525634,0.12850396,0.257262
551,2251,39.342045,0.6445763,0.080689244,0.15894829
551,550,67.5343,0.6450561,0.13990423,0.2778919
552,4889,1.9129486,0.63836175,0.003635332,0.008269176
552,2251,2.2694817,0.6408248,0.004228577,0.009398848
552,553,86.490234,0.6491966,0.17504218,0.34778637
553,6771,3.9818802,0.6472591,0.007753864,0.01578869
553,552,87.21234,0.64727664,0.17514567,0.34750995
553,1126,6.2807655,0.64442635,0.011796348,0.023681149
554,3064,8.953819,0.65390694,0.018242687,0.036374167
554,5558,23.639477,0.65774995,0.050427634,0.09678245
554,1110,32.573593,0.6590832,0.06816463,0.13098687
555,6497,2.0933113,0.65610605,0.0031681359,0.00718908
555,1433,212.76259,0.65569544,0.3896915,0.7685708
555,4339,69.32448,0.66313374,0.14000663,0.27890384
556,568,100.63939,0.65953004,0.18424332,0.36627617
556,558,11.644993,0.66223854,0.030430377,0.05924298
557,3680,1.7841759,0.6667175,0.0025148094,0.0059735626
557,5282,1.7710342,0.66458774,0.001995124,0.004697293
557,3278,37.552216,0.6704354,0.11446114,0.22644928
558,1876,1.9899101,0.6626206,0.0027881265,0.0064041615
558,1881,35.398357,0.6630467,0.06942638,0.13345139
558,3183,85.39624,0.6695975,0.2775768,0.55224293
559,7077,1.3991623,0.52243054,0.0043383613,0.008998349
560,3572,36.58773,0.52160716,0.09297282,0.18135461
561,3692,25.287815,0.5285805,0.04915686,0.09425865
561,7075,9.94175,0.52368474,0.023831815,0.046916768
562,5551,1.659008,0.60491866,0.0026421621,0.005687967
562,2603,105.76675,0.6244992,0.19642746,0.38758126
562,1571,25.830935,0.6286379,0.05389763,0.103536405
563,5971,2.037243,0.6356401,0.0031375736,0.0071300864
563,5970,30.185837,0.63641435,0.060085792,0.11568869
564,5569,2.694168,0.65068823,0.00096135587,0.0032926202
565,1443,22.471252,0.6517665,0.041838665,0.080572516
565,4241,10.2247505,0.64965975,0.020210497,0.039863005
565,896,65.68414,0.6504344,0.09190685,0.18114491
566,6181,2.0964355,0.65801454,0.0031901002,0.0071465224
566,569,76.65366,0.66006243,0.14108984,0.28119466
566,5281,60.440117,0.66020787,0.11079872,0.22005904
567,6181,62.783012,0.6595706,0.11519539,0.22880864
567,5281,2.0927734,0.6567637,0.004199557,0.009412482
567,4693,81.89511,0.6600722,0.16481078,0.3278033
568,6181,16.978207,0.6568802,0.03401963,0.065736525
568,556,99.08734,0.6600257,0.18304148,0.36338806
568,1109,57.924065,0.6567752,0.10715163,0.21313334
569,620,2.9039955,0.6592873,0.005649805,0.011948913
569,5281,54.631046,0.66160756,0.11012364,0.21969378
570,4370,2.1582146,0.6641383,0.0044048578,0.009580493
570,4343,2.1031227,0.6614641,0.004271969,0.009382635
571,639,49.14807,0.6689126,0.15404636,0.30861357
571,640,31.313368,0.66890323,0.09039991,0.1800392
572,3685,1.9346619,0.5614494,0.0027442053,0.0060958415
572,2413,68.4805,0.55829185,0.17782,0.34705535
573,2428,37.17606,0.5562862,0.07207536,0.14120328
573,2425,137.43709,0.54693514,0.26503152,0.51854676
573,2019,37.898525,0.553601,0.07371788,0.14470436
574,2019,65.27326,0.55061024,0.12652089,0.24839044
574,3687,73.76921,0.5553049,0.14364775,0.2822649
574,3975,164.2796,0.5259561,0.32326406,0.62848914
574,2391,32.21054,0.55172163,0.06392735,0.124288216
575,537,3.5280876,0.58185065,0.007027775,0.014723435
575,580,62.525295,0.5746005,0.13103169,0.25797224
575,581,47.561863,0.59261566,0.09868544,0.19447643
575,6791,61.83737,0.59105504,0.11794859,0.23329298
576,581,5.151413,0.5958687,0.009368114,0.019205019
576,537,48.203606,0.5907146,0.0993399,0.1955837
576,6157,30.770935,0.6012498,0.06543338,0.12676251
576,1219,30.109406,0.5911632,0.057204902,0.108993724
577,4138,0.6614151,0.4132867,0.0011691228,0.0017942935
577,582,2.1402779,0.6089298,0.006025687,0.012936696
578,2238,2.9562912,0.5513338,0.005110599,0.010842785
578,2238,111.72872,0.543883,0.23571262,0.45888335
578,579,26.325249,0.55560035,0.057139758,0.10925199
579,1511,3.874485,0.55701345,0.0066353306,0.0136630535
579,580,46.0086,0.5645044,0.09513954,0.187591
579,578,26.308636,0.5542295,0.057156697,0.1092697
579,6915,140.20651,0.5600177,0.2681385,0.5257316
580,2344,3.286171,0.56688833,0.005736068,0.012072235
580,575,62.47973,0.57626826,0.13149038,0.25896716
580,579,45.98233,0.56562704,0.09622074,0.18921442
580,1254,61.22745,0.57767797,0.11765586,0.2316485
581,576,4.700733,0.59578055,0.008457519,0.017386243
581,1840,40.955063,0.59737253,0.07854293,0.1545243
581,6156,30.845898,0.6016676,0.06515047,0.12636429
581,575,47.256897,0.59092355,0.098096155,0.19345258
582,4155,1.2228508,0.5957007,0.0020800307,0.004732311
582,7092,22.560421,0.6206101,0.05423786,0.1057882
583,1511,31.692421,0.56294835,0.06809191,0.13331005
583,2344,13.287334,0.56624,0.028513782,0.055868134
583,6657,88.17709,0.5624071,0.1688973,0.3319584
584,1462,46.457626,0.6698243,0.087517776,0.1725948
584,4717,204.28339,0.6701493,0.37475964,0.73860306
584,3226,171.88603,0.6677152,0.3155419,0.6231519
585,1464,335.4602,0.66327894,0.61257845,1.2075149
585,1462,272.4264,0.66515994,0.49988002,0.9845638
585,586,117.76084,0.6696481,0.21611694,0.42834374
586,6726,1.7809906,0.6648021,0.0026371926,0.0060694516
586,724,8.833389,0.66774315,0.01807388,0.0363248
586,585,117.29354,0.6680945,0.21408537,0.4247529
587,2958,2.2840843,0.6673003,0.0035477728,0.00771372
587,2959,26.662804,0.670253,0.062381297,0.12172911
588,1807,2.0872154,0.6698736,0.003211759,0.0071502924
588,638,114.123184,0.67162216,0.20697746,0.41123766
588,4338,51.145733,0.66912705,0.12921095,0.25781935
589,2410,3.8713188,0.66656005,0.010106191,0.0209634
589,1808,3.666031,0.66702414,0.0052201226,0.011110902
590,6800,55.38709,0.668007,0.102513,0.20395792
590,1803,25.648373,0.664017,0.08921022,0.18067868
591,6800,2.4782257,0.66775525,0.0041712224,0.008759692
591,607,52.269356,0.6706586,0.10631269,0.2109631
592,1812,3.6298866,0.6699833,0.006299317,0.0129870325
592,604,40.60776,0.66736114,0.07723978,0.1527094
592,1806,22.518867,0.6710498,0.045477957,0.08883259
593,599,38.166626,0.66919416,0.07633791,0.15017723
593,595,44.377373,0.6686513,0.08337431,0.16377011
593,1812,22.846516,0.6695745,0.04619033,0.08928801
594,3216,3.518921,0.6710012,0.0029059872,0.0076242834
594,598,2.617607,0.6694216,0.0048442855,0.010643378
594,1805,24.807577,0.6671828,0.11151542,0.22422317
595,5407,0.7468529,0.6683756,0.008809052,0.01703015
595,593,45.197586,0.6690551,0.08410151,0.1656393
595,598,26.563023,0.6718651,0.05579989,0.107414626
596,5408,1.8585358,0.66871697,0.003203459,0.0073502064
596,5615,14.703997,0.6719704,0.029735804,0.058077432
597,3545,75.56242,0.668904,0.13724844,0.27498165
597,1813,3.1198616,0.6601109,0.0051440895,0.010729358
597,598,77.20845,0.66939414,0.14032586,0.281096
598,594,2.849846,0.6676338,0.005424738,0.011476412
598,597,77.07405,0.6678499,0.13963303,0.27938867
598,595,26.325867,0.6700764,0.055539872,0.10645505
599,606,63.552505,0.6698296,0.12301217,0.24670742
599,593,38.27162,0.66970044,0.076613,0.15079752
599,600,38.501305,0.66912496,0.07390922,0.14516251
600,604,10.470379,0.6682384,0.020488344,0.040494695
600,602,68.06385,0.6699079,0.12133924,0.24400386
600,1812,42.03386,0.6705987,0.07721152,0.14856867
600,599,38.39285,0.66899437,0.07362118,0.14449477
601,1811,2.0267487,0.66425765,0.0032904372,0.006796792
601,5613,34.96386,0.67135024,0.07220569,0.14106947
601,604,35.665142,0.6685593,0.06913271,0.13445765
602,600,68.51084,0.66945547,0.12129979,0.24385512
602,606,57.702644,0.67086315,0.11507575,0.23059022
602,603,14.587011,0.66978496,0.029965218,0.05831573
603,602,14.484659,0.66915464,0.029682305,0.05788894
603,605,60.691597,0.6676405,0.11963589,0.23853776
603,604,67.696556,0.6661217,0.12380871,0.24771526
604,600,9.996632,0.6688033,0.019506447,0.038522124
604,592,40.692703,0.66829205,0.07718683,0.15265597
604,601,35.62493,0.66741145,0.06939873,0.13427322
604,603,67.56424,0.6688742,0.12364341,0.24802905
605,5747,4.1356277,0.6671708,0.0040542632,0.009573042
605,589,6.417553,0.666255,0.015330628,0.030705288
605,603,60.96261,0.66895854,0.12074449,0.24102119
606,5408,119.130806,0.67011076,0.23935324,0.4738214
606,599,63.427795,0.66846544,0.123803586,0.24763077
606,602,58.17971,0.6689011,0.11578044,0.23125182
607,1804,4.4683075,0.6683433,0.0041001365,0.009093523
607,590,28.998844,0.66589916,0.10620851,0.21369602
608,3574,29.229439,0.67202777,0.058017824,0.11158021
608,1815,179.98485,0.66929746,0.3263365,0.6450853
608,1816,69.444,0.6696894,0.12874472,0.2570696
609,730,4.776737,0.66539085,0.00884302,0.01825124
609,5801,2.2297134,0.67217153,0.004087642,0.00828746
609,3280,29.375656,0.6740801,0.049667623,0.095928065
609,5618,53.761333,0.009473264,0.3020659,0.6470294
610,611,57.294468,0.6751795,0.114029,0.22807059
610,5801,29.760693,0.67598945,0.06337941,0.12202897
610,3266,41.491016,0.6744813,0.07855807,0.1540589
611,5239,108.66034,0.6757592,0.21836436,0.43271118
611,610,57.07228,0.6739015,0.11444363,0.22861362
611,2930,63.786945,0.6712644,0.11786745,0.23579963
612,3035,131.9932,0.6717869,0.1865086,0.37287778
612,3894,35.46502,0.66941893,0.060322456,0.11539879
612,6786,9.695526,0.66964006,0.018771976,0.037121043
613,614,107.28956,0.6662695,0.21601875,0.42598727
613,1436,74.62282,0.66184163,0.14854836,0.29450312
613,2132,137.5841,0.6598428,0.25296724,0.50059485
613,3035,69.75979,0.66276723,0.097893946,0.19413699
614,3042,148.30478,0.6641693,0.27275482,0.5403264
614,613,107.916794,0.6661086,0.21547335,0.4254725
614,3032,74.60707,0.66785187,0.14659205,0.29232395
615,5786,2.2865448,0.66677,0.0044621974,0.009438366
615,4061,11.271578,0.66489285,0.02307982,0.045520067
615,5788,1.274704,0.66323406,0.005012989,0.010831058
616,5787,86.29353,0.6652323,0.2512117,0.5009455
616,617,9.073723,0.6675504,0.01883594,0.037472278
617,3394,13.85047,0.66059005,0.029447809,0.05714353
617,616,9.038414,0.66254354,0.018203527,0.036112398
618,5263,2.105301,0.66234857,0.0035720915,0.0075683
618,619,91.79664,0.66292477,0.18965682,0.37475812
619,1444,33.051277,0.66675764,0.068942904,0.13301921
619,5263,90.9114,0.6600732,0.18806371,0.37110794
620,569,2.809803,0.6562893,0.005497083,0.011720449
620,621,122.30292,0.6615173,0.22407597,0.44431913
620,6855,71.59164,0.66026473,0.14355549,0.28637767
621,620,123.27656,0.66229796,0.22367394,0.442545
621,3042,53.79229,0.66148376,0.10088594,0.20032771
621,3042,44.689243,0.6626321,0.08471033,0.16759445
622,936,29.279377,0.66471094,0.062164307,0.11916474
622,6684,3.0670815,0.66078556,0.0059550703,0.012519807
623,1887,21.445824,0.6462764,0.04947086,0.09563935
624,3456,8.583874,0.64261323,0.019706897,0.039307833
624,6477,17.841593,0.64450336,0.039113563,0.07637172
625,7091,1.5324326,0.6223242,0.0045604855,0.010180831
625,630,2.9966507,0.62194157,0.0055138543,0.011686355
626,5016,1.919693,0.58857185,0.0020589456,0.0050411373
626,4725,81.41623,0.5674749,0.20831344,0.4078043
627,199,2.3913002,0.45248184,0.004745193,0.00962016
627,1669,2.3384209,0.45271426,0.0047330856,0.009654224
627,2726,27.16242,0.4734249,0.066364475,0.12511033
628,5193,6.2349625,0.52752435,0.012298293,0.024805546
628,6287,57.50183,0.53466237,0.10876845,0.2129112
629,4724,1.5480537,0.5514592,0.0016523227,0.0043779314
629,1912,135.93431,0.56899965,0.34526905,0.67623085
630,4154,1.8843956,0.618507,0.0033413395,0.0075213015
630,625,2.96941,0.62312305,0.0055363923,0.01162301
630,4682,29.011705,0.6267295,0.06983619,0.1383248
631,197,2.0468254,0.5311953,0.0029460266,0.006387964
631,2279,100.72516,0.5252498,0.1976538,0.38560605
631,632,16.742044,0.528472,0.03971204,0.076325886
632,198,1.9711723,0.5231118,0.0036704019,0.007862836
632,6627,30.975836,0.50799835,0.08025512,0.15569901
633,634,239.09067,0.6889931,0.46890688,0.9239488
633,1242,218.2886,0.6889665,0.39368555,0.7782025
633,1965,366.9994,0.67782235,0.6577257,1.3026402
633,853,31.391273,0.6903858,0.0652759,0.12613434
634,1242,128.88742,0.6862729,0.2345053,0.4651723
634,1186,14.245253,0.6862253,0.029204536,0.056949586
634,633,239.93431,0.6900999,0.46852762,0.92311966
635,5116,1.759922,0.68517816,0.0034067854,0.007257223
635,2870,26.649616,0.686814,0.055078253,0.106331594
636,5118,1.937439,0.6798028,0.0027678832,0.0061711073
636,5119,2.0467453,0.68590254,0.0029962808,0.006889418
636,5117,88.68033,0.6827395,0.1786548,0.35520065
637,779,101.1579,0.6793583,0.1847705,0.36745706
637,5224,2.909851,0.6767085,0.005363941,0.011410415
637,5117,40.324104,0.6791294,0.08033374,0.15634179
638,3656,2.818489,0.667772,0.004638776,0.00994648
638,588,112.41972,0.6713949,0.20672311,0.41072404
638,1810,121.986534,0.6699049,0.22362375,0.44331467
639,1809,1.0024757,0.6651808,0.0051045045,0.010882691
639,571,50.188152,0.6647143,0.15250185,0.30446124
639,588,50.035553,0.6728864,0.1281349,0.2560642
640,571,31.463884,0.6637423,0.09072452,0.17984411
640,3038,51.124973,0.6683504,0.15191105,0.30064145
640,3656,63.631714,0.66601354,0.11778112,0.23514554
641,2410,89.93672,0.6702,0.1647878,0.32870007
642,643,8.229088,0.668883,0.016336806,0.032404065
642,1803,79.14978,0.6641396,0.14528534,0.290474
642,1430,56.10588,0.66621286,0.11149855,0.22285163
643,642,8.235912,0.67015177,0.016399957,0.03262408
643,4910,51.302124,0.6633632,0.09578684,0.18951818
643,1810,51.583817,0.66778755,0.102874495,0.20504963
644,2949,1.8910446,0.6621208,0.0033648685,0.007460922
645,3862,2.3455353,0.7234536,0.0040371493,0.008655995
645,5087,69.68961,0.73093235,0.13637686,0.27156353
646,831,50.82521,0.707649,0.09372974,0.1860235
646,5520,43.137287,0.70955026,0.09767756,0.19113085
647,3855,1.4127274,0.68899906,0.0019032732,0.004181236
647,6569,61.887085,0.7222625,0.12210308,0.24191983
647,1408,122.89454,0.72046983,0.22213009,0.4405632
648,4432,37.528526,0.7021107,0.072693706,0.1390822
648,654,28.58554,0.7023401,0.055795655,0.10740069
648,152,28.715054,0.70022225,0.05918616,0.11315432
648,3756,5.2905884,0.7021285,0.010318242,0.020605281
649,4392,1.9801102,0.7043072,0.0029816926,0.0065724254
649,150,31.097786,0.70323384,0.064720914,0.12514721
649,4961,31.286924,0.70642734,0.06046434,0.115489565
650,3751,4.6277695,0.7108586,0.010125108,0.020769894
650,651,49.89621,0.7066704,0.09215247,0.18281487
651,149,35.13298,0.70571214,0.06767942,0.12925954
651,3759,6.5739365,0.70835966,0.012574121,0.024943098
651,650,49.899006,0.7077027,0.09148915,0.18194816
651,4961,35.09725,0.70624846,0.06731798,0.12835295
652,149,63.468246,0.7045396,0.11617387,0.23179993
652,3678,36.02502,0.70569277,0.08371766,0.16370124
653,6109,1.809269,0.6986925,0.004369162,0.009324729
653,6108,6.7309265,0.70429456,0.012364991,0.024519831
654,151,31.195961,0.70118046,0.06121398,0.11665248
654,3757,6.285904,0.7029201,0.011878006,0.023411572
654,4392,70.04846,0.7052665,0.12673469,0.25449443
654,648,28.583477,0.7017818,0.055992983,0.10753895
655,1950,2.5486298,0.72663784,0.004561618,0.009029821
655,5575,28.50053,0.6500966,0.06928363,0.13366924
656,6567,16.94105,0.7497844,0.032351464,0.063017026
657,2585,2.9288483,0.7492329,0.004789479,0.009960368
657,5776,7.5625916,0.45674008,0.0118495375,0.017465249
658,295,0.07760239,0.45018435,0.0029235557,0.0
658,3927,49.254555,0.45254964,0.17272142,0.26619467
659,4383,2.3481178,0.7472785,0.0023215935,0.0047768205
659,660,7.725395,0.44119173,0.024212137,0.036619484
660,2219,2.2148743,0.73882306,0.003446266,0.0075178146
660,3947,31.434896,0.45115656,0.10485989,0.16575827
661,3631,218.90543,0.72105855,0.3963499,0.77781266
661,1332,45.59511,0.71049255,0.084895,0.1654125
661,663,46.77051,0.713278,0.08675118,0.16968262
662,1331,120.37166,0.71219873,0.21847188,0.43495798
662,663,65.00879,0.7139966,0.117095776,0.23382728
662,3493,50.532158,0.7147913,0.09317245,0.18294005
663,662,65.561874,0.7128586,0.11740263,0.23435687
663,661,46.886467,0.7132366,0.087042235,0.1697337
663,1331,58.099518,0.7097651,0.105412625,0.21003154
664,1335,34.59394,0.7026898,0.06711823,0.12822363
664,1331,61.68727,0.7032867,0.11191437,0.22313318
664,1333,55.80232,0.6988599,0.10199384,0.20314592
664,4984,89.094925,0.6977569,0.16146845,0.32344002
665,1188,2.9778404,0.73727846,0.004914649,0.010598674
665,2470,13.502911,0.7447245,0.028399587,0.05529938
665,4371,132.84619,0.74286854,0.23512462,0.4680521
666,667,89.24956,0.74063456,0.15786852,0.31622255
666,3924,28.270771,0.7397172,0.06323627,0.12508792
667,666,88.94872,0.74436975,0.15673563,0.31303728
667,668,66.069565,0.7417339,0.11649536,0.23218438
667,2209,44.27517,0.73796964,0.0812256,0.15521562
668,290,74.26072,0.7390266,0.1332579,0.2656638
668,667,66.70059,0.7400463,0.11892587,0.23639773
669,4630,1.117363,0.07277539,0.0055629686,0.011828989
670,2804,1.8409233,0.7210267,0.0025857985,0.005495712
670,671,37.41443,0.72314584,0.07055296,0.13408816
670,4253,18.901562,0.72122264,0.047991358,0.094071634
671,3854,36.956352,0.7231515,0.069680616,0.13286209
671,670,37.51886,0.7227204,0.07099774,0.1348112
671,672,76.39056,0.71927273,0.13705513,0.27376872
672,671,76.34894,0.7191113,0.13644747,0.2726518
672,3856,38.720947,0.7178326,0.072965235,0.14054112
672,4630,39.334454,0.7181393,0.07099171,0.13671504
672,3863,36.164192,0.71718735,0.068897925,0.13130625
673,3653,1.986763,0.7253765,0.0031196475,0.006518781
673,154,15.985552,0.72475684,0.031508952,0.06139201
674,2208,191.80116,0.7334949,0.33560964,0.6644538
674,5360,26.943285,0.72919416,0.071335316,0.14018993
675,676,1.7940903,0.6824502,0.0038866326,0.009071335
676,675,1.8290062,0.6803403,0.003927715,0.00907515
677,2191,84.68916,0.6657318,0.16969785,0.33762985
677,2121,190.57045,0.63325,0.38180947,0.75092536
677,2383,182.90051,0.6422969,0.37103876,0.7293744
678,4688,2.227768,0.6800802,0.0034543276,0.0075398088
678,748,51.18464,0.6821426,0.094122,0.18679471
678,4687,54.73993,0.68124247,0.11080941,0.22079676
679,950,10.461092,0.70062727,0.023281686,0.045914665
680,685,39.5049,0.69993126,0.079506055,0.15689102
681,3602,44.60573,0.6939971,0.08459509,0.16462648
681,685,84.65448,0.6944899,0.15385303,0.30811125
682,5008,50.85453,0.72367,0.09837434,0.1873689
682,219,77.135735,0.71664494,0.15459757,0.3084581
683,684,29.505306,0.72272784,0.055253778,0.10774721
684,683,29.44735,0.72326964,0.055373367,0.10770258
684,1112,60.624825,0.7174282,0.10906069,0.21716803
684,483,39.683105,0.71979123,0.07488617,0.14331646
685,681,85.01865,0.69320565,0.15453291,0.30928746
685,6363,21.543566,0.69498646,0.0451631,0.086748004
686,1906,248.61713,0.4399405,0.5150685,0.99471325
686,687,21.853853,0.40302444,0.04807717,0.091224685
686,1904,178.05809,0.38640434,0.38379353,0.73621297
687,4157,129.26253,0.37816417,0.27659196,0.531973
687,686,21.47175,0.40540403,0.046838824,0.08891056
688,4249,1.7733841,0.36716333,0.0038220882,0.007294625
688,1975,75.51402,0.35481268,0.16417769,0.3194174
688,4268,32.01747,0.3708523,0.07539834,0.14199634
689,6929,21.7149,0.41689205,0.04981354,0.09450148
689,5949,65.69362,0.4001773,0.14848876,0.28612858
690,3529,222.8272,0.5575658,0.43244058,0.84346986
690,6052,124.60356,0.53525335,0.24134037,0.47089487
690,1781,61.04944,0.5653247,0.11791528,0.231562
691,211,25.6783,0.7020978,0.053201385,0.10293058
691,6313,20.048166,0.70293725,0.044645105,0.08684664
692,1007,156.74133,0.67542386,0.13510437,0.26948914
692,2900,60.02559,0.6906225,0.11276458,0.22406244
693,1015,61.795418,0.69124746,0.11328214,0.22695813
693,692,47.451298,0.6904348,0.05425119,0.102809444
694,4692,2.1245728,0.69334084,0.006009832,0.013216391
694,175,2.5264587,0.6832971,0.0060648024,0.0129007995
695,1555,135.51721,0.4540036,0.27850974,0.53868157
695,5254,52.904198,0.49647808,0.105622716,0.20628113
695,251,49.086216,0.49424544,0.0994821,0.19395296
696,5618,2.2937317,0.6655759,0.0032888427,0.0066069216
696,4826,109.7682,0.67490155,0.15300754,0.3051194
697,3397,108.04683,0.6830093,0.19879757,0.3948601
697,2395,32.450207,0.68161494,0.064457424,0.122806996
698,1783,2.133297,0.5439396,0.0026245713,0.005908951
698,1784,24.437437,0.5411282,0.05135279,0.09824915
699,4229,40.244358,0.5464764,0.13150404,0.25831538
699,1885,120.48493,0.5356089,0.23349607,0.4563995
700,1896,1.3698654,0.5376867,0.001279436,0.0032094568
700,698,27.815422,0.5461379,0.049741182,0.09551644
701,6282,2.0387955,0.70557415,0.004839115,0.009519488
701,483,53.187027,0.716951,0.097026944,0.1924658
702,3286,175.73753,0.5459492,0.33997807,0.6636335
702,4247,52.95347,0.5689086,0.11315058,0.21923628
703,1829,0.88014984,0.5521197,0.0033789277,0.00794597
703,6505,114.21247,0.5683185,0.24578747,0.4793396
703,1968,32.446743,0.5704461,0.106059544,0.20850605
704,2275,107.21436,0.7067298,0.19363049,0.38566047
704,249,106.05875,0.70247936,0.25275907,0.5015143
705,4236,28.574482,0.70187986,0.059090387,0.11388795
705,2276,118.85078,0.7063825,0.2361837,0.4678914
705,2275,53.960197,0.70187354,0.09818349,0.19494161
706,3461,2.0076256,0.67948914,0.0020397902,0.0051960796
706,742,238.15024,0.6720865,0.5779813,1.1415932
707,3868,2.1448975,0.6843977,0.005142413,0.011340752
707,6271,12.208054,0.67967963,0.024408981,0.04774505
708,3878,2.624195,0.67807233,0.0045320243,0.010003358
708,5742,40.15076,0.67983973,0.07672071,0.14901155
709,6661,28.725956,0.70525104,0.06045176,0.116903715
710,711,68.413895,0.67759037,0.121944666,0.24241158
710,787,48.144737,0.67656565,0.09131695,0.18093312
711,783,59.55813,0.67865056,0.11067551,0.22090833
711,2890,48.988873,0.68207294,0.09150737,0.18002716
712,829,53.13801,0.68283737,0.07698159,0.14835666
712,2889,7.732151,0.6863002,0.0170931,0.033868566
713,5019,10.708532,0.42048335,0.0256996,0.049503952
713,2927,98.167725,0.43661454,0.1986374,0.38281924
714,1904,1.710434,0.40446037,0.0026529133,0.005457416
714,255,28.770893,0.38863972,0.07304893,0.1418916
715,273,109.48884,0.5338724,0.2126975,0.4150502
715,2114,126.796196,0.57392955,0.24032333,0.47132444
715,275,137.9477,0.5410578,0.26628253,0.5203947
716,717,65.74889,0.5510686,0.12713628,0.24964884
716,1835,31.12629,0.5410453,0.06356139,0.1206442
717,1843,109.9624,0.56635106,0.21109986,0.412606
717,716,64.9516,0.5507939,0.12631503,0.24777403
717,5653,30.620441,0.55979794,0.062246896,0.119340494
718,4771,1.9832268,0.59271455,0.0019430295,0.0046424866
718,3882,44.20344,0.59755284,0.08451868,0.16382837
719,4769,29.66801,0.5969964,0.058698356,0.113711104
719,720,127.70415,0.5957261,0.24347064,0.47795773
720,722,162.2069,0.6086764,0.30302736,0.59649116
720,1909,46.89297,0.5998909,0.0866569,0.16753829
720,719,127.67997,0.5950637,0.24351197,0.4767775
721,5978,43.903587,0.6062358,0.105360225,0.20350438
721,1909,70.56428,0.59656507,0.13453041,0.265347
722,5804,1.9558105,0.6225615,0.002794981,0.006323263
722,723,97.6024,0.6294881,0.18250819,0.36029375
722,720,161.3497,0.6096605,0.30399534,0.598368
723,722,98.07158,0.6244494,0.18231525,0.36065573
723,6474,111.86096,0.6344151,0.2735427,0.5395525
724,6753,2.6058578,0.6721214,0.0017522573,0.0045274645
724,725,111.3387,0.67095506,0.22577593,0.44576508
725,3212,2.6430397,0.6699424,0.0018391088,0.0046022534
725,4013,95.634094,0.6732533,0.19626018,0.3884774
726,5336,2.193962,0.67265475,0.004178673,0.009137511
726,4786,2.0362892,0.6721617,0.003872417,0.00854142
727,3245,2.8829765,0.68304855,0.00482589,0.010077447
727,728,107.74708,0.6874852,0.1953462,0.38915074
727,442,38.588287,0.68043655,0.079793185,0.15737396
728,4687,2.1683464,0.6813386,0.00311061,0.0069285333
728,727,108.5387,0.6842771,0.19587784,0.3899543
728,4688,54.496426,0.68390197,0.110471785,0.21963796
729,644,6.8310127,0.6697568,0.013670728,0.027365088
729,3948,344.89734,0.65839225,0.6731463,1.3310903
730,609,4.422001,0.67444336,0.008396573,0.017057523
730,5802,2.7131233,0.66555893,0.0048082694,0.009931922
730,4785,0.0,0.048732996,0.011222996,0.022374257
731,4135,46.26287,0.0,0.25653628,0.5509803
731,3136,8.244099,0.052533537,0.030859053,0.06116952
732,330,18.25525,0.68406534,0.045546412,0.08915454
733,2597,2.288704,0.68688524,0.003526017,0.0075504333
733,455,18.621773,0.6903172,0.03758129,0.072330765
734,5065,6.2237473,0.6853663,0.015637659,0.031755537
734,3410,79.66401,0.6803855,0.14762945,0.29575995
735,3520,3.0141869,0.6808437,0.007191792,0.014634147
735,805,39.75796,0.6818462,0.066042475,0.12426244
736,5608,120.67291,0.69852304,0.1787412,0.35594472
737,1989,23.024876,0.6988167,0.04180736,0.082796626
737,5856,21.487356,0.69463724,0.037008576,0.07136216
738,5055,8.171646,0.6962975,0.017281517,0.034202695
739,3781,1.7810364,0.7046827,0.00250642,0.00577572
739,88,34.006645,0.7013165,0.071156815,0.1376315
740,810,81.99678,0.67836416,0.14964914,0.29864746
740,807,77.2003,0.6795561,0.13995117,0.27917954
741,809,7.823536,0.68199426,0.01494576,0.029583842
741,808,67.432014,0.683138,0.122877836,0.24615614
741,805,46.18645,0.68008006,0.08729234,0.17151137
741,810,35.699104,0.68127376,0.06962874,0.1345712
742,871,4.0246162,0.67463887,0.0069323108,0.014748588
742,743,2.041584,0.6716835,0.0051154047,0.010963857
743,6241,1.8564072,0.6709746,0.0023911446,0.0051057786
743,3668,43.520855,0.6794843,0.10268053,0.20384224
744,2839,15.273588,0.67993224,0.036549546,0.071530625
745,2437,8.704224,0.6804004,0.021023326,0.04189484
745,3450,3.083149,0.67905724,0.00516133,0.010846704
746,1561,2.2683678,0.6705593,0.004862435,0.009678692
746,3892,2.58284,0.68012744,0.0039761662,0.008589268
746,774,53.507748,0.6757055,0.09879157,0.1963026
747,2889,52.746544,0.6887736,0.07864259,0.15119335
747,2837,16.285097,0.68124074,0.030063003,0.058602907
748,812,63.52411,0.6802927,0.11652188,0.2331522
748,678,51.630436,0.6829929,0.09538851,0.18953386
748,1195,64.2672,0.6806434,0.11715473,0.23466797
749,4131,1.5146484,0.6818591,0.003792949,0.008713052
750,3137,13.839745,0.67715096,0.03656316,0.07180782
750,782,0.9979019,0.6799954,0.0030403063,0.006721005
751,5621,17.200014,0.016343296,0.10103947,0.2154207
751,5620,57.72063,0.669575,0.1060171,0.20776369
752,6066,2.1647758,0.6863551,0.004112236,0.009179145
753,1375,15.083315,0.677593,0.031120665,0.060301043
753,3144,18.24146,0.6751777,0.038166374,0.07399797
754,3637,1.7141037,0.7247547,0.0023060068,0.0049324334
754,3638,17.153421,0.724423,0.033250473,0.064485185
755,4775,2.025959,0.6914692,0.0028627515,0.0066302717
755,191,81.740715,0.6939912,0.14821011,0.29686093
755,6154,70.96286,0.6927047,0.1278039,0.25468385
756,6369,49.416145,0.69824976,0.090665795,0.1797228
756,761,33.952663,0.6969737,0.06636976,0.12697247
756,755,29.316833,0.6990693,0.057135534,0.10974719
757,2059,2.6112328,0.6954031,0.0016337186,0.004328713
757,2750,34.78244,0.6977325,0.071988985,0.14128372
758,437,22.790888,0.6962242,0.047107387,0.090317026
758,438,36.19982,0.695169,0.07545373,0.14651434
759,6369,1.5704651,0.6970685,0.0022063479,0.0050559193
759,6373,20.16454,0.6997061,0.042232938,0.08231349
760,4987,2.8619194,0.69503754,0.0051528662,0.011281997
760,1117,16.325586,0.69582504,0.032432143,0.06255348
761,3613,39.68839,0.69558835,0.07529625,0.14533046
761,756,33.57698,0.6963684,0.065363206,0.12500827
761,5322,24.404154,0.69502157,0.050490025,0.09734898
762,1191,25.422476,0.69072205,0.058308493,0.11443966
762,1290,19.160934,0.6911853,0.041729562,0.08048028
763,3012,2.1658096,0.6842385,0.0033162534,0.007338956
763,3848,57.216125,0.6865991,0.10488569,0.20948887
763,1600,12.514444,0.68589264,0.027589887,0.054075077
764,4037,3.522297,0.6626773,0.0061873496,0.011283979
764,798,118.37502,0.679162,0.2153356,0.42642796
764,4515,23.573635,0.12224126,0.057205465,0.11508241
765,1167,82.85232,0.6750573,0.16722238,0.3328867
765,1169,73.48956,0.67656255,0.1473378,0.29440528
765,1190,199.78542,0.6815504,0.36044472,0.71291655
766,1969,4.9900627,0.644514,0.015448175,0.030663237
766,3150,3.317131,0.6477032,0.005613953,0.011722073
767,4674,1.0316925,0.44610205,0.0039709955,0.008109137
767,1155,61.651352,0.47581145,0.21014716,0.40774333
768,5688,28.465252,0.57043576,0.047847133,0.090564646
768,5687,13.649738,0.57250315,0.035172347,0.06881664
769,1153,1.585228,0.45997196,0.0050129592,0.010194987
769,5536,41.41751,0.12863946,0.17945218,0.36883587
770,5581,17.772789,0.44342715,0.041773044,0.08004402
771,4674,46.0758,0.45279422,0.0949296,0.1826949
772,2968,1.6754494,0.44353294,0.0025114045,0.0051383525
772,3636,33.64755,0.45556575,0.086084865,0.16577885
773,948,64.27882,0.69092596,0.20676896,0.41214317
773,1771,22.369478,0.68653196,0.061577212,0.1191331
774,1145,291.11902,0.66897476,0.5305477,1.0450912
774,5445,100.355125,0.6794994,0.18351285,0.36595356
774,746,53.731224,0.67768294,0.09938314,0.1976037
775,6008,183.4265,0.6588439,0.5766327,1.138142
775,1157,10.17223,0.67084765,0.027365908,0.053749263
776,3880,1.7547379,0.62793165,0.0031714365,0.0073174834
776,2246,78.80385,0.63224083,0.25288406,0.49972612
777,381,19.052435,0.7036881,0.037566986,0.07311855
778,1947,28.005684,0.675179,0.055867758,0.107598096
778,1946,78.95534,0.67637986,0.1469787,0.28991842
778,3282,29.907036,0.67490375,0.05942606,0.11381141
779,637,103.32677,0.6816522,0.18721133,0.3731922
779,4131,23.506954,0.6797992,0.0465058,0.08904223
780,801,4.2132187,0.67037475,0.008556023,0.017421335
780,781,29.078665,0.6832836,0.05982968,0.11357768
781,2120,80.03985,0.68026024,0.15963301,0.3185553
781,5061,30.31746,0.6837101,0.058103543,0.113029376
782,750,1.2813454,0.673968,0.0033992901,0.0075396
782,4300,21.589699,0.6806849,0.04321079,0.083272226
783,711,59.50066,0.67748654,0.108451895,0.2161976
783,787,36.919094,0.6807194,0.07156676,0.13887152
783,6333,105.21866,0.6819087,0.1910572,0.38006747
784,2953,1.8601494,0.6764309,0.0027623028,0.0058395714
784,430,142.04388,0.68314165,0.34458807,0.68362343
785,3521,65.98998,0.67542326,0.11977862,0.23759148
785,4270,32.38133,0.6776037,0.06706089,0.128658
785,840,54.19429,0.6780522,0.10791625,0.21522005
786,6095,46.52242,0.688174,0.08614215,0.16641586
786,1282,27.669064,0.6937573,0.055873748,0.11005096
787,3410,71.36633,0.6772018,0.12993786,0.26024923
787,710,48.06739,0.67657673,0.08986539,0.17756087
787,783,36.97149,0.68005854,0.07178258,0.13925892
788,445,41.642326,0.7154032,0.07200811,0.13947386
788,443,22.199118,0.71624506,0.049304508,0.09547937
789,6281,43.833527,0.7175403,0.0733812,0.14302696
789,790,3.116394,0.71555233,0.0055797547,0.010858133
790,789,3.620407,0.71902794,0.006607048,0.013214529
790,7045,52.22061,0.7150195,0.094478555,0.18812354
791,7045,2.055458,0.7128131,0.0031628832,0.0069140196
791,5530,56.160954,0.71472573,0.10030186,0.2005111
791,5529,3.4187126,0.7130462,0.005623661,0.011703983
792,1067,7.244953,0.6845454,0.016057394,0.031875506
792,1009,7.477722,0.6813422,0.013995975,0.027691275
793,1665,2.2070198,0.6761922,0.0033893809,0.007205218
793,1011,42.260044,0.6784792,0.07918856,0.15599796
793,6580,24.13921,0.6749705,0.055134322,0.10683629
794,6341,2.94775,0.678897,0.007220812,0.015293241
795,6633,2.0323982,0.67609805,0.0047987327,0.010263085
795,5396,2.6688156,0.6727151,0.0050152615,0.010500476
796,6961,2.0515022,0.63385165,0.0034254938,0.0076921433
796,2394,22.09792,0.6422215,0.038519654,0.07433674
797,3838,2.0812225,0.68027925,0.0033743903,0.006814122
797,812,66.4209,0.68102187,0.121113874,0.24175844
797,1195,50.460373,0.68093836,0.10236705,0.20234497
798,764,118.88802,0.67900693,0.21720693,0.42842567
798,3450,71.63783,0.6778488,0.13126007,0.26303035
798,3839,74.59867,0.6777528,0.13600369,0.27216163
798,815,61.566566,0.68031335,0.11350946,0.2267271
799,1187,32.60415,0.68483555,0.06406836,0.122972
799,812,111.12599,0.68477774,0.20252952,0.4027125
799,4516,57.56282,0.68261886,0.10629008,0.21173352
800,80,4.8934097,0.6135372,0.008947425,0.018439963
800,3041,252.48221,0.58465123,0.48168898,0.9426794
800,2472,161.51366,0.6010593,0.3041953,0.5982118
801,3397,2.3667946,0.67888665,0.003967844,0.008910298
801,697,108.44171,0.68241686,0.19929889,0.39546084
802,4831,97.52084,0.6813353,0.21521369,0.42526826
802,4830,115.71902,0.6803082,0.21161634,0.41946644
803,3246,3.3692093,0.68328285,0.0045440197,0.009920463
803,5124,2.3260612,0.6838253,0.002545923,0.0062032044
803,4790,66.287254,0.68811953,0.158451,0.31628907
804,6368,1.7323532,0.6311358,0.0043132156,0.008736581
805,806,3.979206,0.6803025,0.005396925,0.0115083605
805,741,46.838844,0.6808825,0.08886032,0.17533386
806,6732,6.3900375,0.6798843,0.011529312,0.023551479
806,809,43.393665,0.6806284,0.08230126,0.16165812
807,6274,46.301846,0.6812532,0.086938396,0.17096925
808,4709,1.8590126,0.6841777,0.0027023852,0.0061964393
808,741,67.685234,0.68400717,0.12347096,0.24683267
808,6371,42.689697,0.68589103,0.086659424,0.17111556
809,741,7.5887413,0.6823642,0.014571905,0.028731763
809,810,30.290764,0.6832463,0.060456987,0.115221426
809,806,43.143524,0.6807055,0.081158325,0.1594131
810,740,81.800735,0.67884594,0.14792047,0.2950169
810,5118,99.430405,0.6815023,0.18218286,0.36180604
810,809,30.523079,0.6825875,0.06074729,0.11559456
810,741,35.989086,0.68117607,0.06983049,0.13518763
811,821,19.703863,0.6680267,0.04094829,0.07900931
811,822,61.304703,0.66691774,0.11283034,0.22561812
811,3824,49.573063,0.6691947,0.099916086,0.19896202
812,799,111.30351,0.6842108,0.20267628,0.4028535
812,748,63.45447,0.6811924,0.11596955,0.23218423
812,797,66.79352,0.67999566,0.12085637,0.24153112
812,4687,42.70223,0.6821154,0.08027456,0.158559
813,4519,2.2501755,0.6791755,0.004180461,0.00883016
813,4516,3.0425606,0.6810391,0.0049836934,0.010208711
814,4047,2.136551,0.67248785,0.004787892,0.009682119
814,764,107.02653,0.31353015,0.21136689,0.4118683
815,3848,2.198059,0.6813189,0.0032744631,0.0073529184
815,814,36.722538,0.6773104,0.07463481,0.14370409
815,798,61.398056,0.68004936,0.11362668,0.22714984
816,3465,33.234066,0.676631,0.06572662,0.12613337
817,5646,100.28308,0.7026884,0.18243887,0.36279586
817,5641,7.036289,0.15678996,0.01893013,0.038626105
818,4698,1.9675331,0.6524065,0.0034417808,0.007652566
818,819,7.7947845,0.65125275,0.01611419,0.0322223
819,4698,7.19841,0.65337485,0.014608122,0.029196098
820,821,309.7649,0.6604154,0.6147232,1.2106733
820,2819,124.236,0.66140234,0.25054955,0.49530065
821,2954,162.19751,0.66868335,0.3286059,0.6478786
821,811,19.82853,0.66786164,0.041323286,0.07953871
821,820,308.75714,0.65567505,0.6100849,1.200168
822,811,61.433224,0.6685777,0.11335565,0.22691818
822,1722,69.07384,0.6657374,0.12654522,0.25327218
822,3941,94.02686,0.6657219,0.17158371,0.34210387
823,2378,7.64764,0.69575363,0.014614858,0.029422373
823,2379,27.526007,0.6984327,0.054753542,0.1061053
824,1048,6.8011436,0.69576734,0.013061687,0.026135862
824,2750,28.951427,0.6989944,0.056518886,0.108415134
825,408,7.770588,0.6951209,0.014652669,0.029069543
825,828,28.28299,0.6949311,0.055598468,0.10714739
825,827,34.101994,0.69472706,0.0662795,0.12646565
825,409,35.546062,0.6960692,0.068960026,0.13170102
826,827,37.03904,0.6956768,0.07101522,0.13669646
826,1042,16.248802,0.695669,0.03220451,0.06250229
826,6385,48.923813,0.69761246,0.08976244,0.17848292
826,1052,39.89574,0.6957942,0.07603047,0.14780292
827,826,37.129425,0.69519246,0.07109645,0.13685162
827,1050,39.424026,0.69485825,0.07426755,0.1432334
827,1041,24.864939,0.6956121,0.049443286,0.09554035
827,825,34.010506,0.69519585,0.06649694,0.12713979
828,6433,39.22842,0.69464517,0.07540545,0.14690809
828,4969,45.096962,0.69510937,0.08462869,0.16617225
828,825,28.183788,0.6956675,0.055715032,0.10723532
828,187,42.39715,0.6951652,0.08031507,0.15670429
829,4512,226.04288,0.6834875,0.40676674,0.8024653
829,6897,32.572136,0.6798992,0.06067646,0.1172207
830,833,9.609623,0.7203353,0.018387824,0.035740897
830,2579,84.284424,0.71474165,0.15184683,0.30418807
830,2916,23.278854,0.71540976,0.04619961,0.08931543
831,646,50.346603,0.7087202,0.09265432,0.18345298
831,4467,177.95421,0.710739,0.31626996,0.6258214
831,832,39.517475,0.7091157,0.07475531,0.14397343
832,2579,80.43455,0.7113278,0.1450531,0.29070127
832,831,39.237595,0.7086601,0.07440774,0.14376101
832,1696,10.762146,0.7106236,0.020832926,0.04054232
833,830,9.783878,0.7198814,0.019084118,0.037090153
833,2917,21.342758,0.72055936,0.04436632,0.0855028
834,4311,48.61016,0.718238,0.09648505,0.1905031
834,669,56.4936,0.7232483,0.16042241,0.31836948
835,3764,1.9833031,0.73035383,0.003109835,0.0066955835
835,3325,34.83137,0.73007613,0.068730265,0.13592006
836,837,49.755085,0.7078632,0.09135835,0.1813376
836,4410,40.997303,0.7120949,0.09344808,0.18383993
837,836,50.483536,0.7102358,0.09128871,0.1800334
837,475,35.93434,0.7059889,0.068728834,0.13063674
837,4411,51.203537,0.70961624,0.09302353,0.1851057
837,1400,7.5214424,0.70915526,0.014551178,0.02870147
838,4395,1.8715057,0.70748806,0.0029695407,0.006101668
838,475,31.325489,0.70688975,0.061367624,0.11684458
838,1398,5.9654617,0.70604944,0.0118005425,0.023634255
839,4395,53.133965,0.7067983,0.09636855,0.19227023
839,459,25.723173,0.70249695,0.050791416,0.097847454
839,457,6.817604,0.7039791,0.012741126,0.024942398
839,5535,53.64476,0.7056273,0.09795226,0.1959377
840,3008,27.245926,0.6832918,0.054704025,0.106937155
840,785,54.139275,0.67893076,0.107854635,0.2152165
840,1189,43.46052,0.6823422,0.08708613,0.17175795
841,2869,1.8655815,0.6688864,0.0026702434,0.005972266
841,843,80.1417,0.66757095,0.14711243,0.29284316
841,844,61.79468,0.66475886,0.114312895,0.22862768
842,2869,5.1335907,0.67286044,0.009411275,0.019428432
842,3877,170.12558,0.66957855,0.30745783,0.6082288
843,3874,2.2338333,0.6702126,0.003802307,0.008338034
843,1448,21.69059,0.66617817,0.05208674,0.10140724
844,841,62.141468,0.66565025,0.11535196,0.23015639
844,1108,118.15724,0.6656653,0.21765172,0.43138283
844,5674,27.695015,0.6693779,0.055716835,0.10691832
845,846,47.629757,0.6652447,0.08970319,0.17759946
845,2934,106.13267,0.67052436,0.19335973,0.3841484
845,1447,58.24611,0.663512,0.10940378,0.21847102
846,845,47.62611,0.6646389,0.08936758,0.17713276
846,4947,97.735275,0.6625186,0.18104854,0.3596695
846,1446,26.78945,0.66505635,0.05450049,0.10489226
847,2888,20.793789,0.5697708,0.04335749,0.0836929
847,5152,96.40918,0.56309676,0.091966316,0.17700449
848,2079,183.635,0.7097933,0.323464,0.6393219
848,2069,105.985245,0.7115563,0.1920461,0.38213557
848,849,106.29877,0.7107704,0.19397241,0.38611236
849,4335,3.027607,0.7056482,0.004998699,0.010870665
849,848,106.36498,0.70974386,0.19192794,0.3822518
849,1138,108.589905,0.7148566,0.32104334,0.63924617
850,3449,15.43424,0.6918759,0.03380884,0.06541032
850,851,7.4949493,0.6955081,0.014305435,0.028350532
851,5696,43.01803,0.69696414,0.08095521,0.1548216
851,5345,23.409636,0.6927081,0.04768675,0.092481606
852,1368,62.049088,0.6932358,0.11221658,0.22441809
852,1369,84.112366,0.6919872,0.15260603,0.3058065
852,3550,35.68526,0.6934165,0.068725765,0.13248985
852,5697,47.52153,0.69278467,0.088869855,0.17616981
853,1961,71.25828,0.69094735,0.12818438,0.2561264
853,633,31.076338,0.69155157,0.064701304,0.12372625
854,856,4.0375595,0.67564356,0.00700514,0.014746219
854,3831,34.820732,0.678003,0.066743515,0.1309065
855,858,60.103767,0.6789862,0.1092834,0.21447344
855,5220,2.8418236,0.67920995,0.004764408,0.010421097
856,4202,10.131805,0.67913544,0.020080432,0.039972037
857,7018,2.5886993,0.6744993,0.0043305233,0.008801803
857,7019,2.7559166,0.672479,0.0048558116,0.010017186
857,3878,112.67339,0.6841239,0.20614278,0.41012925
858,863,2.4916878,0.67771983,0.003583245,0.007798061
858,859,18.226349,0.67651784,0.03599254,0.0697718
859,4900,3.7452393,0.6769013,0.0062930807,0.01356107
859,5137,8.113579,0.6775666,0.015338905,0.031055987
860,865,3.4882011,0.6733402,0.0063116997,0.013168648
861,862,32.26338,0.67909676,0.064432144,0.12350436
861,860,2.3769493,0.6616836,0.0041841045,0.00912033
862,4899,1.9972496,0.6619699,0.0033205077,0.0070006996
863,858,2.1627731,0.6781643,0.0031703338,0.0071267784
863,5220,57.86093,0.6776209,0.10636557,0.21089761
864,863,40.555454,0.68047106,0.07808887,0.1534826
864,3326,13.855167,0.67599225,0.028226845,0.05571735
865,866,2.1394958,0.67018986,0.003952548,0.009042561
865,884,22.028496,0.68041545,0.045019213,0.08678322
866,861,2.1406517,0.67370385,0.0032202378,0.007593736
867,868,1.814991,0.67558396,0.0023692325,0.005739033
867,3669,70.887856,0.6732893,0.1280934,0.25619185
868,867,2.6657944,0.6758765,0.0046761706,0.009742171
868,870,15.898434,0.67977005,0.03212328,0.062316366
869,5683,1.9468155,0.6716683,0.0027420893,0.0060982406
869,871,107.466415,0.6749615,0.19477463,0.38708186
869,3669,5.441807,0.6705426,0.009789608,0.020034224
870,886,7.0476265,0.6769367,0.013327315,0.026753455
870,888,1.9285355,0.67600036,0.0027539134,0.006208673
871,743,5.2560577,0.6725496,0.009449974,0.0195743
871,869,107.85033,0.6758182,0.19692677,0.3916272
872,4502,2.5147552,0.70089227,0.0037349015,0.008324534
872,4133,15.112595,0.70055395,0.038171574,0.07472081
872,1788,91.67323,0.7007026,0.16665599,0.3335007
873,5712,21.246029,0.70312893,0.05617782,0.109668754
874,4644,27.014555,0.70448864,0.054342747,0.1038673
874,4644,19.202309,0.705181,0.051600333,0.10105926
875,5875,44.068634,0.6962159,0.1292545,0.2565478
875,4531,60.414093,0.6961305,0.110321015,0.22050619
876,4507,2.1585808,0.69244057,0.0045166463,0.009768173
876,2520,82.220856,0.6998483,0.1623285,0.32263994
876,6010,28.337418,0.69337416,0.070289575,0.13622761
877,878,213.39908,0.72804534,0.37839884,0.74248403
877,2195,336.13623,0.7245904,0.6301917,1.2425606
877,3196,51.694004,0.7351765,0.10090284,0.19853365
878,877,210.96089,0.72535676,0.37577942,0.73852414
878,6465,46.805504,0.0022464395,0.17252925,0.3646238
878,4054,44.616394,0.0,0.165625,0.35027292
879,4603,1.9047394,0.70686686,0.004614517,0.009396732
880,3667,99.64487,0.66884774,0.18317166,0.36445794
880,3228,112.38356,0.67264277,0.22723725,0.45061666
880,2960,431.16986,0.6530921,0.7828158,1.5459388
880,4318,152.84529,0.66834474,0.30338344,0.59992635
881,3760,1.7222672,0.7021464,0.0041448995,0.008993134
881,110,29.657314,0.7061907,0.06191247,0.11872043
882,2813,3.0539093,0.6713519,0.0011263341,0.0040596575
882,2814,2.5401611,0.6672372,0.0059184805,0.012552604
883,440,21.362766,0.6961441,0.048758395,0.094075665
884,885,1.9978828,0.6756608,0.0028606728,0.0062108934
884,887,20.11282,0.6782108,0.040275868,0.07788791
885,884,1.994976,0.6771766,0.002840042,0.006300062
885,866,21.792292,0.6781752,0.0434579,0.08365077
886,887,1.9026413,0.6763804,0.0027962998,0.00614509
886,885,20.13082,0.67905307,0.040463783,0.07798234
887,886,1.8246574,0.67615116,0.002573721,0.0058033466
887,888,6.680275,0.6774082,0.012443356,0.025065616
888,870,2.023384,0.6762505,0.0029146746,0.006453827
888,867,16.47372,0.67565846,0.03293193,0.06353164
889,4777,77.60447,0.40676528,0.17117386,0.3324607
889,1483,58.23195,0.46000442,0.116498776,0.2263643
889,1799,65.31827,0.4236422,0.13882755,0.26838437
891,3480,2.2942505,0.67717296,0.0041664913,0.00916177
891,892,183.48601,0.66823184,0.36794308,0.7258593
891,4914,91.507324,0.68200743,0.16730857,0.33317232
892,893,68.187515,0.6555661,0.13675967,0.27253073
892,891,183.40173,0.66667825,0.36864406,0.72707355
892,2335,99.38515,0.66071147,0.18342644,0.36427993
893,892,67.43241,0.6548897,0.13449775,0.2686317
893,2383,12.756065,0.64796716,0.02658002,0.052264422
893,2335,80.35622,0.6518487,0.1490285,0.29733288
894,5304,2.6142006,0.6848376,0.004628606,0.009702265
894,763,53.428024,0.6887418,0.124778226,0.24770567
895,2469,14.52742,0.019077778,0.070998944,0.14924613
896,5569,88.85898,0.6504167,0.16650936,0.32808405
896,565,65.85215,0.64813125,0.09337626,0.18491748
897,3502,3.1100388,0.64872116,0.0020361617,0.005551636
897,5387,38.912968,0.6532464,0.07594511,0.14697921
898,5818,27.598454,0.64692366,0.059581652,0.114573844
898,4893,2.0257187,0.6407649,0.0029352605,0.006460935
899,3500,52.89897,0.64356786,0.099270605,0.19700333
899,901,115.36848,0.6417637,0.21298006,0.42117754
899,1740,44.21669,0.6401441,0.08532624,0.16754033
900,541,2.0241966,0.63808084,0.005467437,0.010502666
900,4976,1.082428,0.041732967,0.008369714,0.01673986
901,5792,3.1243515,0.6453207,0.003084533,0.0072487593
901,899,115.83472,0.6446119,0.21412748,0.4244771
901,5817,25.238369,0.6500396,0.05452768,0.105238736
902,4888,1.9434814,0.6231201,0.0029181838,0.0065312833
902,1377,110.5369,0.6335819,0.20418684,0.40262926
903,2600,1.9480324,0.6198957,0.0031900257,0.007057637
903,5226,2.6066551,0.6211282,0.0045153797,0.009847656
903,5562,2.271515,0.62301487,0.0039989427,0.008650243
904,1503,24.68982,0.61343837,0.050970558,0.09817124
904,906,24.71155,0.6155786,0.05094117,0.09812213
904,1576,41.433636,0.61481833,0.07946715,0.15603325
904,1584,44.504913,0.61710906,0.08477778,0.16656893
905,1583,41.178974,0.62068295,0.079402864,0.15501773
905,903,25.058641,0.6222937,0.05389242,0.1032897
906,904,24.712173,0.6158578,0.0509861,0.09813221
906,1583,46.989895,0.6194352,0.08904595,0.17547594
906,1577,53.196167,0.616827,0.101200804,0.199762
906,907,25.28717,0.61910975,0.052153286,0.10053492
907,5563,2.9790382,0.6138351,0.0024520755,0.006237671
907,906,25.255495,0.6191383,0.05240083,0.10075391
907,5564,10.711233,0.62111354,0.022400007,0.04430501
908,1589,43.07115,0.6279079,0.08247857,0.16290867
908,1378,77.07451,0.63048005,0.14434676,0.28718153
908,1380,40.757908,0.6261313,0.07861092,0.15552275
908,1381,114.30792,0.6186305,0.21159208,0.41832906
909,389,89.95364,0.6982025,0.17334802,0.3462934
909,2296,6.4375343,0.6975,0.011830799,0.023842752
910,3765,2.159565,0.6404442,0.003244713,0.0069273114
910,551,70.02702,0.64544666,0.12863329,0.25677156
910,4892,18.771767,0.645977,0.039405823,0.076542236
911,3384,2.6800613,0.65354115,0.007341549,0.014838427
911,5967,47.82212,0.0039072037,0.25820205,0.5570708
912,5964,128.43091,0.64610887,0.2640171,0.52079755
912,1350,182.88004,0.6391856,0.3381191,0.66782707
913,914,46.177338,0.64145136,0.087409064,0.17221409
913,1352,69.105774,0.64331615,0.12849982,0.25658262
913,2925,79.359955,0.6406515,0.14753324,0.29351208
914,1348,28.109573,0.6380725,0.05691356,0.109001294
914,1349,32.29391,0.6412522,0.06456697,0.124326035
914,913,45.969982,0.64088047,0.08700511,0.17200658
915,1111,81.02492,0.65098906,0.1494322,0.29798326
915,3586,11.014755,0.6506593,0.021609806,0.042699844
915,1443,19.852905,0.65469515,0.03576198,0.06900506
916,3548,2.597107,0.6395448,0.004218772,0.009059787
916,1721,0.0,0.01642096,0.0064228475,0.013227552
917,4237,2.2734375,0.63772833,0.0031111017,0.0063937753
917,1352,16.705849,0.6437994,0.033707403,0.06532697
917,1351,13.438107,0.64741933,0.028029881,0.054775618
918,939,59.363457,0.6623694,0.119923204,0.23956928
918,3318,41.86569,0.6595986,0.1317172,0.26184094
919,6043,5.987625,0.0429748,0.016788058,0.03460078
919,927,17.609926,0.66150135,0.035962254,0.07009033
920,3801,2.0264854,0.63098764,0.0033262298,0.006877035
920,3827,33.31343,0.63600665,0.0708839,0.13939936
921,624,2.8502312,0.6437362,0.0070176646,0.01457952
922,964,28.317368,0.6638983,0.060630105,0.11718871
922,4847,36.066223,0.6634524,0.07547672,0.14974776
922,429,27.224304,0.66451925,0.057898626,0.11206982
923,426,32.36315,0.677266,0.06847107,0.13223647
923,6054,20.415426,0.6751684,0.04724986,0.09136977
924,918,21.769953,0.66004074,0.061909392,0.11966744
925,981,107.071304,0.6527803,0.21567595,0.42634663
925,6239,11.488764,0.65090704,0.023496404,0.04616368
925,6275,89.705536,0.6469029,0.16581859,0.32955894
926,6618,25.638285,0.65903103,0.051881555,0.10038479
926,927,21.951124,0.6595521,0.04493794,0.08729681
927,938,50.999596,0.65518594,0.09544597,0.18896568
927,926,22.230244,0.6558934,0.044983514,0.08753551
927,928,43.30787,0.6535041,0.081661046,0.16133961
928,932,37.85269,0.6536455,0.07280508,0.1439974
928,4946,2.215599,0.6523461,0.0035045445,0.0072090924
928,927,43.01398,0.65587246,0.08106013,0.1609126
928,929,43.78006,0.65263367,0.08278634,0.16452596
929,931,13.555563,0.64905715,0.027096733,0.05306858
929,3615,23.886127,0.6517037,0.048885077,0.09406316
929,928,44.098076,0.6508486,0.08298668,0.1646735
929,3616,60.67556,0.64838827,0.113101564,0.2255736
930,6549,20.281483,0.6508036,0.04189981,0.08106321
930,6553,42.4468,0.6552283,0.08265465,0.16372631
930,6548,20.931784,0.6508984,0.04330731,0.083741516
931,933,79.03673,0.65394545,0.14691658,0.29320168
931,932,45.16839,0.65325713,0.085313,0.16925648
931,929,13.443832,0.6500154,0.02690807,0.052653834
932,934,75.41116,0.6544845,0.1397131,0.27901357
932,928,38.27949,0.6539364,0.07343027,0.1445983
932,938,40.19696,0.6571037,0.07646497,0.1510089
932,931,45.129654,0.65353626,0.08507326,0.1685604
933,934,83.806114,0.6547363,0.15515557,0.30908462
933,6887,77.33061,0.6582981,0.14134356,0.28170437
933,931,79.548874,0.65354145,0.14710203,0.29336512
934,4280,70.65405,0.6575316,0.12951615,0.25951555
934,932,75.44092,0.65505004,0.1399062,0.27950564
934,935,42.439995,0.6590966,0.08061165,0.1596724
934,933,83.5063,0.6568603,0.15520616,0.3092934
935,936,20.907503,0.6600802,0.042359564,0.08161537
935,934,42.345314,0.6578187,0.080438994,0.15951395
935,938,76.25801,0.65801716,0.14050528,0.28082374
935,6951,43.79459,0.65998054,0.0824927,0.16334361
936,935,20.778803,0.65854985,0.042176656,0.08130183
936,622,29.335146,0.663156,0.062197864,0.11855662
936,939,104.19529,0.6629745,0.20964763,0.41511992
937,6951,3.2064857,0.66375643,0.006194964,0.012798056
937,4280,40.19086,0.6640726,0.084404126,0.16652831
938,927,51.19903,0.65701085,0.095484585,0.18944572
938,935,75.99361,0.65767556,0.14072993,0.28125945
938,932,40.1672,0.6562476,0.076645605,0.15151086
939,6618,46.414955,0.65403813,0.08764322,0.17225455
939,918,59.70395,0.6632229,0.11925382,0.23888709
939,936,104.81016,0.6628748,0.20997572,0.4157003
940,3562,1.7597046,0.6909724,0.0025377274,0.00598298
940,6057,16.968601,0.6928239,0.034414653,0.06640312
940,972,43.31768,0.68861324,0.08168558,0.15807323
941,973,18.981112,0.6779791,0.037988,0.073560655
941,427,36.947254,0.6842386,0.09070059,0.17859684
942,6886,57.11959,0.66769457,0.11441131,0.2283444
942,971,44.00701,0.67098784,0.088680945,0.17623487
942,943,34.81916,0.6666968,0.0676481,0.1309074
942,973,49.478424,0.67298573,0.091945246,0.18311492
943,942,34.949615,0.66735256,0.06777531,0.13180995
943,961,53.155567,0.6675763,0.09869868,0.1965152
943,1614,73.54497,0.6604997,0.13604109,0.2723443
944,1342,68.3323,0.67632645,0.12589589,0.25264233
944,946,41.539562,0.6762823,0.078371465,0.15359865
945,6813,2.05587,0.67340857,0.0032912344,0.0075705647
946,1341,146.98567,0.6762746,0.2689968,0.53239393
946,1343,50.137436,0.6730485,0.093983054,0.18521102
946,944,41.11135,0.6741623,0.07836872,0.1526683
947,364,37.255814,0.02243346,0.20126012,0.4288174
948,3598,54.797344,0.03047359,0.25901785,0.5492973
949,6059,35.203033,0.6956562,0.08038183,0.15729798
949,6719,36.65326,0.69809604,0.06493285,0.12487209
950,951,44.883427,0.6983764,0.103883035,0.20440331
950,952,30.181372,0.69898456,0.08172008,0.16332398
951,421,2.3124428,0.6904254,0.005335547,0.011681125
951,1033,2.5594673,0.6910799,0.0043223575,0.009712324
952,960,68.01982,0.6988714,0.121144176,0.24193893
952,950,30.658075,0.6993387,0.08196863,0.16411573
952,5268,73.00693,0.70019054,0.23510024,0.46746856
953,2170,9.262302,0.6876884,0.017949037,0.03608969
954,953,5.852928,0.6871559,0.011051424,0.022424594
954,4901,4.210148,0.68946797,0.0063251927,0.0132365525
955,954,20.599648,0.687729,0.04287603,0.082602166
955,956,52.741684,0.68814284,0.1045011,0.20832919
956,958,62.64882,0.6910344,0.11976856,0.23950878
956,955,53.053497,0.68604004,0.103897005,0.20678562
956,968,44.411503,0.68870515,0.08738303,0.1723693
957,6719,35.994022,0.69537926,0.06935731,0.13505183
957,958,23.285257,0.6918581,0.04702664,0.090658106
958,957,23.489851,0.6913917,0.047585793,0.09209421
958,956,62.467865,0.69099426,0.12025022,0.24057773
958,960,41.599506,0.6962087,0.07803942,0.15052278
959,6058,38.106434,0.6988523,0.0683471,0.13455828
959,949,2.8058395,0.7010487,0.0069548413,0.015052184
960,5235,39.069763,0.69971824,0.0725937,0.1383577
960,958,41.71278,0.695706,0.077464335,0.14893137
960,952,66.97153,0.69990474,0.119949475,0.24034317
961,963,22.945086,0.67351174,0.046079677,0.088829614
961,943,53.0616,0.6669167,0.098432556,0.19585034
961,971,11.555599,0.67155415,0.022627108,0.044200793
962,3563,116.64045,0.6522546,0.21612184,0.4277147
962,1306,172.45882,0.6657564,0.3466931,0.68484014
962,981,7.0084457,0.65539724,0.014258347,0.028620735
963,961,22.930634,0.67346907,0.046153914,0.08912421
963,969,94.61919,0.6856308,0.18964416,0.37736222
963,971,18.837862,0.67410594,0.038801655,0.07461376
964,429,40.124302,0.6597526,0.07521506,0.14511843
964,3799,123.76792,0.648721,0.24962446,0.49134272
964,1614,34.116627,0.65850943,0.06677283,0.12954493
965,6055,15.237959,0.66981244,0.035259545,0.06831688
966,6056,16.95824,0.67121726,0.035808787,0.06979361
966,976,23.441685,0.6718223,0.04861539,0.09280206
967,5297,7.0925446,0.67554855,0.014056675,0.02842711
967,6056,10.377058,0.67270046,0.021189943,0.042250425
968,4696,13.473099,0.68365824,0.027031086,0.05260001
968,4773,100.76274,0.6844243,0.18437244,0.3674605
968,956,44.21068,0.6875075,0.08721977,0.17244467
969,963,95.34375,0.68439007,0.19165836,0.3815978
969,1260,9.149826,0.6961925,0.01828175,0.03605053
970,2465,23.065321,0.70616484,0.05162494,0.098931134
971,942,44.207397,0.6714797,0.08860343,0.1763838
971,972,49.79329,0.6786841,0.09216161,0.18381743
971,963,18.939363,0.67426014,0.038996354,0.0750081
971,961,11.8327675,0.6714713,0.023108296,0.045295686
972,427,19.01736,0.6841378,0.037903298,0.07331054
972,973,48.271217,0.6812539,0.08923754,0.17520499
972,971,50.51466,0.67899,0.09327968,0.18552703
973,942,50.218758,0.673237,0.09295684,0.18458505
973,941,19.13255,0.67825556,0.037971135,0.0734209
973,974,64.90095,0.6747757,0.11962581,0.23986615
974,973,65.45004,0.6739618,0.11971784,0.24012521
974,5050,38.79407,0.6672398,0.07480124,0.1463747
974,6055,19.610981,0.6705744,0.039624043,0.07670038
974,976,83.94528,0.656223,0.07127852,0.13162154
975,262,16.585552,0.67722684,0.03696673,0.071486995
975,6055,35.33678,0.67458624,0.06843375,0.13231696
975,4694,126.30862,0.67456716,0.23121664,0.45790792
976,922,65.16838,0.66378605,0.13326013,0.26574245
976,966,24.232805,0.6681175,0.049291614,0.094942376
976,974,83.02655,0.6598246,0.070996754,0.13108732
977,978,77.66852,0.6823076,0.13929985,0.28033072
977,4696,53.98536,0.6858024,0.10443609,0.2070815
978,977,75.538574,0.68192613,0.14080437,0.28211007
979,3531,0.0,0.0,0.0029563159,0.0068809837
979,4866,4.040951,0.6609639,0.008033037,0.016545385
980,6044,0.43791962,0.024820656,0.0040807277,0.008838788
980,4866,9.791485,0.6615869,0.015403546,0.031111345
981,3801,123.39122,0.6436045,0.22927499,0.45324188
981,962,7.271782,0.65556544,0.014814749,0.029730514
981,925,106.660286,0.6567645,0.2167975,0.42919594
982,66,76.93802,0.7038867,0.17987722,0.3566835
983,982,30.147312,0.7040917,0.054530695,0.10572676
983,1643,10.627186,0.69791734,0.023691542,0.046868548
984,4832,43.952946,0.708093,0.048569616,0.094862886
985,7020,2.2608147,0.7072443,0.003985852,0.009037048
985,984,4.4016685,0.71042424,0.009577304,0.020013839
986,7020,2.7705498,0.7017307,0.0051803514,0.011120766
986,1860,6.063141,0.7033826,0.004204586,0.009970233
987,1329,96.48859,0.70306367,0.17506462,0.35032612
987,1864,34.96821,0.70472014,0.07897215,0.15633103
988,989,2.2797432,0.7076209,0.0053352043,0.011592373
988,6334,86.902084,0.71193784,0.20186345,0.4011987
989,990,2.129528,0.7062275,0.00476972,0.010409206
990,991,1.8148232,0.7026923,0.0043873116,0.009041086
990,72,34.86895,0.70660985,0.07966504,0.1542423
991,2980,2.5759277,0.70529056,0.0058586374,0.012713462
992,988,4.68824,0.70915174,0.010195695,0.021043643
993,72,1.8993607,0.70175594,0.004128568,0.009241059
993,991,35.240112,0.7028099,0.08023059,0.15622748
993,6858,2.5562057,0.70471776,0.0047730505,0.00999853
994,247,52.582382,0.7076416,0.11871244,0.23483412
995,4301,71.39928,0.709881,0.107678846,0.21126439
995,51,42.06227,0.7090142,0.09647896,0.1888815
996,51,1.8356018,0.7063341,0.0045188144,0.009998724
996,994,43.172947,0.70900595,0.09827572,0.19363149
997,3235,1.6027069,0.69548607,0.0022602752,0.0055658817
997,998,81.87784,0.6984817,0.14895785,0.29893488
998,997,81.78494,0.69720244,0.14799362,0.2968871
998,4968,42.53681,0.6962106,0.08072661,0.15559478
998,187,21.553288,0.6955552,0.042849343,0.08262741
999,2988,80.83377,0.6689002,0.16023272,0.31460917
999,413,67.77934,0.68483675,0.07094345,0.13399886
1000,6387,2.0095596,0.68262064,0.0036955029,0.008144021
1000,6388,6.4344215,0.6884291,0.0129357055,0.026017934
1001,6390,2.7532272,0.68253744,0.0024740994,0.0059663057
1001,1000,28.593117,0.68593806,0.061183542,0.117110424
1002,2988,20.537931,0.68449533,0.04720136,0.09114532
1003,5141,1.4701767,0.6882558,0.0018537492,0.004503578
1003,2496,14.388039,0.6888836,0.032040797,0.06246823
1004,6464,6.8202934,0.6849672,0.012605786,0.025580734
1004,1028,64.617645,0.6839453,0.118216455,0.23701714
1005,194,50.891502,0.6859498,0.15088277,0.2978117
1006,5467,1.9642792,0.6870394,0.0038884953,0.00850901
1006,1004,26.535778,0.6902764,0.05241732,0.10067539
1007,374,156.89171,0.6946026,0.2822175,0.5575418
1007,1026,19.655884,0.687542,0.026003242,0.05129178
1008,1007,59.39095,0.69014376,0.11018983,0.21903874
1008,2900,71.0346,0.6865691,0.13191748,0.26372704
1009,4706,5.936363,0.6825408,0.011307158,0.022860065
1010,1016,49.6753,0.6806013,0.092105806,0.18129267
1010,1011,37.30368,0.6798007,0.07216756,0.14024663
1011,1064,46.891407,0.67815375,0.086938836,0.1714848
1011,1012,38.862457,0.6771462,0.07394132,0.1438807
1011,793,42.058304,0.6792818,0.07869151,0.15397924
1011,1010,36.89112,0.6785809,0.071912386,0.13878453
1012,1065,66.253975,0.6733382,0.09348604,0.1846305
1012,1013,21.050776,0.67357695,0.042441137,0.082166135
1012,1011,38.789402,0.67675376,0.073966205,0.14481106
1013,6579,35.545666,0.67659223,0.07391812,0.14527002
1013,1012,21.240107,0.6745218,0.04299006,0.08371131
1014,1064,26.233366,0.68308353,0.05206123,0.10056286
1015,6463,2.1466484,0.6839912,0.003370449,0.007675633
1015,693,63.167133,0.69085133,0.1153787,0.22997653
1015,5467,72.42842,0.6878853,0.12943348,0.25844547
1016,4706,2.2927399,0.6831784,0.0035982952,0.008221209
1016,1067,13.313799,0.68273467,0.026462145,0.052236512
1017,4850,2.2145538,0.695876,0.0022779629,0.0057388544
1017,2474,23.207169,0.69810754,0.05244287,0.10165884
1018,175,0.30975342,0.07245827,0.0028192848,0.005699694
1018,2521,15.6595,0.6971992,0.029722169,0.05759459
1018,1005,33.49346,0.69349545,0.08024111,0.15617022
1019,204,33.616447,0.6864355,0.07095088,0.1369901
1020,1801,34.711952,0.6833669,0.07060448,0.1373845
1020,229,82.45341,0.6788514,0.2431193,0.48160833
1021,1068,8.842323,0.66747093,0.018361486,0.03653124
1021,1069,22.43025,0.67458516,0.04583553,0.08795737
1022,1021,50.061306,0.6760786,0.10308413,0.20561004
1022,1657,124.204956,0.66929615,0.22725493,0.4502195
1023,5411,2.0946274,0.68581903,0.0032497123,0.0069466233
1023,5756,17.219063,0.6885157,0.034171466,0.06634765
1023,1024,75.37677,0.68720186,0.13676931,0.274376
1024,1996,36.17499,0.68215364,0.07035456,0.13422361
1024,5078,26.234438,0.68627894,0.05076759,0.09808254
1024,1023,75.68878,0.68824524,0.13686426,0.27501872
1025,2580,6.889076,0.70361924,0.01597216,0.03234215
1026,6358,17.838717,0.69235265,0.023174293,0.04588747
1027,2719,47.970596,0.69745404,0.1111026,0.21911964
1028,6762,31.800148,0.68249655,0.06679614,0.12921166
1028,1004,64.827,0.6834699,0.118092604,0.23626414
1029,5160,2.2208862,0.6873891,0.0033854842,0.0076908767
1029,2879,131.86806,0.6928308,0.2398924,0.47635645
1030,2173,18.492332,0.6873264,0.035898365,0.06964944
1030,2175,27.750404,0.68795085,0.06388899,0.121700235
1031,1030,10.074596,0.68828905,0.022303931,0.04402563
1031,1032,207.31488,0.6925504,0.36956516,0.73105216
1032,3885,17.52678,0.68961,0.036209345,0.070298165
1032,1031,207.80328,0.69286346,0.3687432,0.7296977
1033,422,5.45842,0.6958048,0.010412239,0.021000862
1033,1529,49.03505,0.69440967,0.09863823,0.19535537
1034,2629,104.91759,0.6616691,0.21211523,0.42016882
1035,2620,41.538647,0.66285396,0.08566616,0.16727588
1035,5888,23.449987,0.663896,0.049511053,0.0963185
1036,3422,1.9143066,0.61632264,0.002639845,0.0060996413
1036,1927,53.20674,0.6297695,0.110481694,0.21522024
1037,6208,3.7803612,0.573076,0.004614979,0.009985417
1037,2302,22.649067,0.5842969,0.049265206,0.09393615
1037,1258,13.606108,0.5821327,0.028135568,0.055122845
1038,1986,1.7667961,0.70052665,0.0037204176,0.007871434
1038,1039,151.12006,0.70450306,0.21159686,0.4235983
1039,2488,8.825626,0.6972765,0.010208361,0.0210516
1039,3607,3.6394005,0.696687,0.0072428063,0.014613852
1040,4969,4.5003204,0.69478476,0.008208238,0.016702235
1040,4968,3.0774727,0.69518775,0.0052732304,0.011043921
1040,1054,39.436096,0.6970513,0.07440816,0.14450985
1041,408,35.39571,0.6937565,0.082932405,0.16266151
1041,827,24.66679,0.6938282,0.049187478,0.094741076
1042,826,15.783514,0.69423676,0.031225614,0.060357414
1042,1047,10.26141,0.69398975,0.019925192,0.03903331
1042,1051,48.699585,0.6953227,0.07531397,0.1426136
1043,1042,51.33615,0.6969631,0.07936925,0.15189387
1043,6385,16.557049,0.6940459,0.033831537,0.06549681
1044,1043,9.3928795,0.69736576,0.019021533,0.038192734
1044,1047,38.521404,0.69656885,0.07389894,0.14276972
1045,1049,35.20112,0.69631875,0.06764807,0.12941426
1045,1053,10.177551,0.6976185,0.019595161,0.038577825
1045,412,23.217503,0.6958953,0.046034876,0.08879057
1046,3085,3.4810524,0.6960898,0.005959131,0.0122214705
1046,824,91.60455,0.69529057,0.16727811,0.3341689
1046,412,27.197987,0.6967097,0.05375686,0.103450194
1047,1042,10.595736,0.6948612,0.02075383,0.0408289
1047,1048,39.854076,0.69559985,0.07603605,0.14669955
1047,1049,40.579063,0.69578147,0.07672728,0.14853089
1047,1044,38.377148,0.6979032,0.07390089,0.14198504
1048,1047,40.063274,0.6953666,0.0758936,0.1476649
1048,824,6.3600388,0.6945001,0.0119994655,0.023839355
1048,412,91.40791,0.69653106,0.16781898,0.33514068
1049,1051,10.770195,0.69473237,0.02087576,0.040542454
1049,1045,35.077267,0.6972501,0.067831516,0.12940231
1049,1047,40.515114,0.69603896,0.07683071,0.14898922
1050,827,39.144318,0.69555473,0.07460338,0.14340079
1050,3086,43.97871,0.6997144,0.08157217,0.15886974
1050,1052,31.524014,0.6960377,0.061665744,0.11737069
1050,6235,16.361174,0.69356805,0.032523576,0.06306422
1051,1049,10.895266,0.695634,0.020998724,0.04080008
1051,1052,15.794401,0.695218,0.031044018,0.059950262
1051,1053,42.799328,0.6986428,0.067611046,0.1294148
1052,826,40.060413,0.69533974,0.07610536,0.14815137
1052,411,61.693504,0.6948978,0.11370996,0.2276254
1052,1050,31.559303,0.6953877,0.061270524,0.116916746
1052,1051,15.817154,0.69431937,0.03103052,0.059988573
1053,1045,10.882708,0.6962385,0.021517605,0.04186219
1054,185,2.5865288,0.6954861,0.004345387,0.00916189
1054,410,4.910885,0.69850296,0.00900057,0.017931804
1054,1040,39.341053,0.69666827,0.07448388,0.1443795
1055,3588,2.326458,0.6930371,0.0041744336,0.009200454
1055,387,13.122093,0.6995098,0.026539192,0.0521086
1055,3085,36.292095,0.6977492,0.07020259,0.13426024
1056,2490,9.823406,0.68623644,0.021533102,0.042782858
1056,1057,27.326733,0.6850879,0.054043207,0.10419617
1057,2489,12.910215,0.68390614,0.025386468,0.050154865
1057,279,13.329393,0.6846751,0.026535012,0.052454412
1058,6342,4.556526,0.6821007,0.0077536404,0.01613763
1058,5397,4.097378,0.68076795,0.006456889,0.013756111
1059,4316,28.879156,0.70304984,0.06679936,0.12961297
1060,1307,117.52698,0.6576891,0.21609604,0.42783368
1060,516,76.90821,0.6783563,0.14138326,0.28349844
1060,1226,41.462643,0.6739194,0.07848576,0.15320711
1060,2623,42.066616,0.66552806,0.07988937,0.15575111
1061,1791,24.782326,0.6833473,0.049190883,0.09497189
1061,1226,73.68169,0.68262273,0.1339302,0.26883075
1061,1223,40.279438,0.68760246,0.07647038,0.1494738
1062,1305,18.101974,0.6915562,0.03703143,0.071493275
1062,1306,30.104668,0.68553615,0.06273173,0.119435586
1062,1223,14.2543335,0.68669623,0.027819559,0.054022238
1063,1070,21.092588,0.677723,0.03720954,0.071620785
1064,1011,47.0383,0.6787169,0.08744102,0.17269404
1064,1065,27.302341,0.67811066,0.054651465,0.10546742
1064,1014,26.363583,0.681706,0.052256353,0.10117407
1065,1064,27.09262,0.67750126,0.054194734,0.104233086
1065,1063,25.53639,0.67832005,0.04560893,0.089507505
1066,794,5.6021423,0.6769793,0.009480745,0.019980684
1066,6633,3.11652,0.67696595,0.0063267574,0.013024569
1067,368,3.589077,0.68595576,0.007699251,0.016154423
1068,1013,73.091156,0.670598,0.15263721,0.3024647
1068,1063,37.971954,0.67613685,0.07094708,0.13983065
1069,1068,12.190826,0.67387664,0.024432816,0.048409656
1069,3645,32.18766,0.6704223,0.06504506,0.12433654
1070,1028,26.980284,0.6785009,0.056526825,0.10847765
1070,1021,37.833027,0.67807585,0.07271746,0.14046161
1070,6464,70.29766,0.6811193,0.12616205,0.25295648
1071,2535,30.1871,0.7167989,0.057527773,0.11101789
1071,1817,29.25251,0.7121739,0.056679234,0.1092833
1071,358,138.50253,0.72188246,0.24979034,0.49447685
1072,3309,2.8728867,0.7027355,0.0055911914,0.012629241
1073,1077,42.947742,0.67782646,0.08044116,0.15782839
1073,1075,49.873093,0.6845722,0.091806486,0.18266569
1073,231,14.947279,0.6809931,0.029397309,0.057079554
1074,2148,21.232141,0.6847749,0.041986864,0.08124355
1074,1075,14.85928,0.68298155,0.03011543,0.058374934
1074,171,29.255066,0.68548024,0.06133433,0.1169012
1074,231,49.06985,0.68160164,0.09036578,0.17979006
1075,2147,21.138159,0.68504435,0.041698523,0.08055436
1075,6453,12.693268,0.6868518,0.025623053,0.04995194
1075,1074,14.919474,0.68309313,0.03014734,0.058392726
1075,1073,49.86403,0.68474144,0.09105456,0.18138535
1076,232,48.41687,0.66376436,0.08989572,0.1779126
1076,231,42.12043,0.6758408,0.079645135,0.15656675
1076,1077,15.843012,0.6703733,0.03178223,0.061719306
1076,180,30.3702,0.669358,0.061094146,0.1166754
1077,235,48.820786,0.66731334,0.09095758,0.18036403
1077,1073,42.405384,0.6789985,0.079715654,0.15712486
1077,202,16.066328,0.6745815,0.03226363,0.06270805
1077,1076,15.908943,0.6715497,0.03196643,0.06205497
1078,5512,6.31028,0.59118795,0.017821625,0.035030127
1078,2515,1.0913353,0.5862533,0.004040554,0.008735567
1079,4740,1.9564705,0.6846774,0.0026109293,0.006235212
1079,5866,44.739983,0.7069885,0.08211081,0.15777364
1080,1118,42.2927,0.6949362,0.0977545,0.19235612
1080,3613,25.845987,0.69478834,0.051376365,0.099203266
1081,1373,91.65141,0.6917752,0.16811985,0.3362977
1081,1083,192.82542,0.69042957,0.34689727,0.68640906
1081,7056,157.13293,0.6905538,0.28784567,0.56829137
1082,7056,250.42554,0.6934394,0.4466058,0.8801328
1082,6671,68.25019,0.69072545,0.13804945,0.27663106
1082,3633,10.18951,0.6900664,0.020475693,0.040284753
1083,1088,31.44598,0.687823,0.06279227,0.119134754
1083,5290,78.512054,0.6886979,0.14252022,0.28526515
1083,1081,192.74614,0.6900033,0.344997,0.68198764
1084,5934,2.1826859,0.68593824,0.003569506,0.0070465803
1084,1552,24.33079,0.68660885,0.049208224,0.09465895
1084,1091,73.12929,0.6857727,0.14716063,0.29310927
1085,6311,54.172264,0.6839533,0.108422026,0.21609706
1085,6923,2.0904274,0.6803115,0.003548935,0.008118331
1086,5296,24.206213,0.6858508,0.050318092,0.09636105
1086,3584,9.458797,0.6859328,0.018783487,0.037167236
1086,1089,10.119705,0.684337,0.020239823,0.040132195
1087,5296,1.8676338,0.68308043,0.0032653287,0.007252872
1087,5290,2.2955437,0.687057,0.004488118,0.009682238
1088,6573,3.049469,0.6847439,0.0048407167,0.010709137
1088,1083,31.147675,0.68825233,0.06241952,0.118563995
1089,1086,9.880821,0.6867978,0.02000022,0.03979379
1089,5128,85.232635,0.68549573,0.16866095,0.3361881
1090,1545,28.118795,0.68458897,0.058116183,0.11143761
1090,1551,38.368202,0.6828671,0.07659643,0.14990485
1090,1544,84.632034,0.6833306,0.1542193,0.30873457
1091,5934,73.403465,0.6864337,0.147419,0.29404384
1091,2744,21.760117,0.6875442,0.04529824,0.08700576
1092,6818,1.8722801,0.679646,0.0037597418,0.00802727
1092,4349,24.625473,0.6839032,0.05216029,0.099868335
1092,1531,176.10435,0.67914134,0.2466498,0.4906159
1093,1547,10.369535,0.6819934,0.020451874,0.04022774
1093,1538,38.310173,0.6823647,0.07752472,0.15076917
1094,5184,1.8630676,0.6779741,0.0031494424,0.006692663
1094,4680,31.85014,0.6863574,0.062509894,0.119189106
1095,773,4.2021255,0.0355483,0.019783124,0.03964998
1095,1453,66.16529,0.6832558,0.1334698,0.26437983
1096,5126,15.388525,0.6838848,0.031120747,0.06014967
1096,1541,142.72162,0.6810641,0.28484222,0.5635488
1096,1965,26.472315,0.68371177,0.053003214,0.10231242
1097,4140,3.9905052,0.6701783,0.012451716,0.02514954
1098,1283,160.10059,0.67177254,0.29082984,0.575813
1098,1103,122.26367,0.67413425,0.22186413,0.43944138
1098,1284,46.19385,0.67226493,0.087252654,0.17293984
1099,4291,3.3320541,0.67144233,0.009077117,0.017374128
1100,4129,1.2483635,0.677931,0.00722868,0.014991835
1100,6194,2.0926628,0.119449705,0.009871364,0.020175502
1101,1103,5.1834183,0.67443746,0.009901226,0.019416958
1101,1388,118.26181,0.680253,0.21480685,0.42675024
1101,7013,38.416367,0.68046796,0.07334066,0.14300272
1102,4126,17.743334,0.0,0.07412472,0.15223885
1102,1103,20.482994,0.028962225,0.05856977,0.12080529
1103,1101,5.069813,0.6760913,0.009684384,0.0191921
1103,1098,122.80172,0.67496246,0.22268283,0.44112426
1104,4076,2.344223,0.69490683,0.004149586,0.008809611
1104,6116,27.68887,0.6999315,0.06418894,0.12550844
1105,6424,89.73192,0.69888246,0.18071067,0.3597386
1105,1104,46.17273,0.69854075,0.093652844,0.18710305
1106,5259,2.0657082,0.6546533,0.0035178661,0.0077238977
1106,4896,2.4046211,0.65426207,0.0037179217,0.008516073
1107,1446,114.73783,0.6616883,0.21010587,0.41656604
1107,4279,66.46263,0.661941,0.13593408,0.27076888
1108,844,119.680275,0.6692974,0.2181193,0.4325397
1108,1283,69.17355,0.67056376,0.12619805,0.25293043
1108,1222,80.48707,0.6707093,0.20310646,0.40398413
1108,1818,148.26413,0.6747845,0.37385404,0.74299747
1109,568,57.65094,0.65768784,0.106960684,0.2127834
1109,1742,10.058617,0.6569489,0.01974094,0.03883125
1109,1742,7.7426414,0.65677094,0.014887169,0.029422432
1110,554,32.615852,0.6606076,0.069067314,0.13366884
1110,6772,136.50027,0.651414,0.27568382,0.544921
1110,4885,125.53033,0.65263945,0.23210728,0.45924795
1111,4883,84.61246,0.6497218,0.15683061,0.31269076
1111,4885,66.8799,0.65109634,0.124719426,0.24949822
1111,915,80.63513,0.6514068,0.15025178,0.29991916
1112,684,62.006042,0.71809316,0.11002751,0.21876685
1112,701,28.029987,0.7163582,0.063941255,0.12415777
1113,4965,86.29497,0.69328654,0.15795767,0.31551418
1113,392,77.517044,0.69698095,0.14066844,0.28196245
1113,6708,46.907166,0.6957248,0.08804946,0.17406303
1114,2782,146.06503,0.69899696,0.26533657,0.5256111
1114,3370,106.41103,0.6955162,0.19530986,0.38896543
1115,2249,7.8169365,0.69393355,0.014932305,0.029510438
1115,2249,5.8486137,0.69420165,0.010860935,0.021785438
1115,2786,166.93268,0.6920903,0.30077237,0.5944596
1116,4384,2.0199661,0.69310635,0.002215393,0.0055761933
1116,1281,116.12237,0.6967522,0.27575022,0.5472966
1117,4775,31.748978,0.69550276,0.061410934,0.117032886
1118,7058,1.7270622,0.70085216,0.0042514354,0.009565309
1118,191,3.3827744,0.6963763,0.004928127,0.010500684
1119,3110,2.4487267,0.7062806,0.0065153837,0.013675347
1119,1120,66.13882,0.7074644,0.13124952,0.26319796
1120,2077,126.42157,0.70561576,0.23034146,0.4576822
1120,2094,20.94671,0.70464456,0.043274898,0.083759256
1120,1119,65.99237,0.7047337,0.13165948,0.2639982
1121,1124,7.461334,0.7001369,0.014117993,0.027880803
1121,1125,71.37187,0.69936484,0.13021767,0.26098323
1121,1122,49.2719,0.70120823,0.09785159,0.19419616
1121,2076,93.189316,0.7016286,0.18421882,0.3668611
1122,1121,49.086006,0.70127815,0.09781315,0.1950111
1122,1125,148.13284,0.7011134,0.26998308,0.5358927
1122,1123,6.7465096,0.70139116,0.013575584,0.02689521
1123,3162,83.7206,0.7019167,0.15291718,0.30653608
1123,1139,118.31016,0.7059131,0.23582402,0.46762943
1123,1124,52.462982,0.70076865,0.09686382,0.19285086
1123,1122,6.3109436,0.70038974,0.01234743,0.024663046
1124,1121,7.4346313,0.7008765,0.014126711,0.027836412
1124,2077,108.06,0.7032922,0.19816396,0.39490455
1124,1123,52.33541,0.70055556,0.096925355,0.19385505
1125,1121,71.3988,0.69937205,0.13025013,0.26125672
1125,1122,150.08182,0.70103383,0.26998094,0.5346962
1125,1425,113.59286,0.70347947,0.20584044,0.41013908
1126,6773,2.0163727,0.6462624,0.0031605214,0.0070016235
1126,2256,183.73576,0.6475603,0.34081697,0.67222387
1126,553,6.109459,0.64833164,0.0114169195,0.023055598
1127,1128,103.1284,0.6515303,0.1898104,0.37641093
1127,2256,88.032166,0.6510107,0.1615096,0.32138234
1127,3016,87.430145,0.65424824,0.16120139,0.3208715
1128,1132,48.718792,0.65074635,0.09168579,0.18187293
1128,1127,103.02533,0.6503272,0.18926702,0.37519437
1128,2257,55.268757,0.6511079,0.10355659,0.20626938
1129,4746,1.5017815,0.64609575,0.00198403,0.004648894
1129,2523,1.8417854,0.6509862,0.005006805,0.010844067
1130,2253,2.550415,0.64509845,0.004264593,0.009047702
1130,3206,42.367508,0.64840686,0.08737797,0.17140059
1130,2255,128.85352,0.6437057,0.23561549,0.46530294
1131,1130,49.163345,0.6465389,0.1025383,0.20180564
1131,2255,124.424934,0.64235777,0.22929537,0.4525407
1132,1133,2.4411087,0.6471296,0.003944434,0.008246064
1132,1128,48.198307,0.6489863,0.091022715,0.18003748
1132,1131,112.80449,0.649552,0.22811729,0.44873756
1133,1132,2.4964714,0.64735806,0.004118666,0.008645326
1133,3055,29.335018,0.6537765,0.0633647,0.12137231
1133,3054,20.653614,0.64902836,0.042222627,0.08204006
1134,6178,11.696392,0.6469245,0.025795035,0.050527647
1134,5154,29.793161,0.65322375,0.06902258,0.13214819
1134,2526,88.439926,0.6486207,0.1623253,0.32313868
1135,4874,1.9052811,0.65609777,0.0034631789,0.0074169487
1135,5154,109.39921,0.660057,0.26836225,0.5325833
1136,6904,32.283943,0.69354844,0.066932544,0.12998803
1136,210,47.63556,0.6974308,0.08754962,0.17279378
1137,234,11.368309,0.66282827,0.025886253,0.051076144
1137,179,37.52162,0.65845335,0.07863703,0.15481111
1138,3681,2.2891922,0.70466685,0.0038444996,0.008637726
1138,5710,16.875175,0.7088012,0.041261453,0.08047481
1139,1123,118.49611,0.7050804,0.23706326,0.4696746
1139,3681,93.74968,0.7056847,0.18640813,0.37057355
1139,1140,80.459946,0.70381105,0.16187893,0.32285324
1140,6760,3.6479492,0.70254076,0.0073479414,0.015362918
1140,1139,80.70627,0.7027813,0.16039383,0.32122713
1141,5603,2.7110672,0.6988707,0.0018046945,0.004778698
1141,3162,26.974606,0.7040036,0.056958072,0.108724736
1142,84,126.823715,0.695161,0.2554994,0.5063669
1142,5602,181.8892,0.6950266,0.35729977,0.7058317
1142,3066,24.134308,0.692211,0.047955215,0.09203139
1143,1459,1.9727364,0.65343964,0.003208682,0.007115975
1143,2872,37.376656,0.6601312,0.07949914,0.15684061
1144,1145,23.851152,0.6711074,0.04812089,0.092481546
1144,4535,235.67578,0.6649401,0.4319181,0.8504008
1144,1148,164.94937,0.663736,0.3022465,0.5967905
1145,774,292.10938,0.67263895,0.5325331,1.0491647
1145,1144,24.30124,0.6721237,0.048770286,0.093769684
1145,2955,243.18826,0.67633533,0.44718572,0.88100517
1146,1147,59.9345,0.6480836,0.1196001,0.2385773
1146,4698,30.423504,0.65376043,0.06353757,0.12257167
1146,4697,46.399464,0.65076697,0.086562164,0.17049551
1147,1146,60.19816,0.64738977,0.1214221,0.24197105
1148,3250,45.582115,0.65978926,0.085595556,0.1681971
1148,1144,165.08334,0.6628925,0.30260202,0.5978667
1148,4534,173.18967,0.6638487,0.31450683,0.62215376
1149,4559,1.8778648,0.6558955,0.002754569,0.0061893016
1149,4546,30.197762,0.6592337,0.060828876,0.115853496
1150,3444,15.067726,0.47259068,0.03203783,0.06213887
1151,1150,52.123558,0.45155126,0.10483696,0.20199496
1152,772,6.6330605,0.4456991,0.016168863,0.031052202
1152,1151,3.387085,0.443479,0.0064483657,0.012574181
1153,3251,38.14525,0.45307288,0.07939377,0.1517713
1154,4674,77.47945,0.47338954,0.15534258,0.30209178
1154,1949,45.955338,0.50197285,0.09339603,0.18191221
1155,3462,1.8776817,0.5067445,0.006112069,0.012645394
1155,4121,3.254547,0.5054711,0.010982737,0.021699905
1156,4299,2.1308327,0.66468084,0.008532137,0.0171009
1157,3312,96.3513,0.6722126,0.17992842,0.35972416
1157,2112,73.66792,0.6666316,0.2307122,0.45804018
1158,1159,59.84922,0.6652936,0.1106703,0.22070739
1158,2855,58.105335,0.6702138,0.10824863,0.21590954
1158,2855,62.02722,0.6705332,0.114912316,0.22960746
1158,3467,53.46124,0.66627485,0.099740736,0.19759381
1159,3312,70.27993,0.6690435,0.12966989,0.2598827
1159,1158,59.863255,0.66689414,0.11100119,0.22195622
1159,1160,215.51442,0.6609608,0.39279532,0.7753493
1160,5692,79.08301,0.65120256,0.14370568,0.28735113
1160,1159,216.63846,0.65924567,0.39316434,0.77529395
1160,6009,131.47906,0.6449046,0.24143413,0.47707307
1161,1374,27.412415,0.6752637,0.054591767,0.10567291
1161,1168,72.83836,0.67865807,0.1445607,0.2889658
1161,3144,85.694595,0.6748513,0.17249304,0.34257334
1162,6779,53.131054,0.6640923,0.1667254,0.32762635
1163,1162,36.228664,0.68257755,0.07509802,0.14645603
1163,2529,10.754522,0.67887574,0.021489173,0.042871505
1164,3944,2.8629074,0.61593753,0.0047334433,0.009899914
1164,1165,50.977783,0.6197873,0.097161986,0.1910691
1164,5952,65.9714,0.61327404,0.20408714,0.4021951
1165,1166,76.9565,0.62498087,0.14264515,0.28336
1165,1164,51.230885,0.619949,0.09755455,0.19198412
1165,1175,207.91148,0.6177419,0.38949642,0.76590437
1166,1165,76.641304,0.6232864,0.14337331,0.2850326
1166,4876,41.842422,0.6210197,0.12953556,0.25539085
1167,765,82.61116,0.6766424,0.16604906,0.33089757
1167,3481,11.451506,0.67089915,0.022493012,0.044279292
1168,1169,69.6323,0.6774082,0.12773553,0.25629964
1168,5574,132.8056,0.6836319,0.2656634,0.5255627
1168,1161,72.92944,0.676974,0.14558062,0.29069278
1169,3972,57.335815,0.67013466,0.10631073,0.21163946
1169,1168,69.94212,0.6763119,0.12757069,0.25589293
1169,765,73.492966,0.6767398,0.14631546,0.29223073
1169,1374,61.07483,0.6734321,0.12243302,0.24438663
1170,2262,148.43814,0.6559144,0.27091545,0.53670275
1170,2260,76.74599,0.65925515,0.13730928,0.27564555
1170,6531,29.133444,0.6555724,0.05423013,0.1048388
1171,2261,158.09698,0.6485673,0.2893901,0.571159
1171,2383,106.20415,0.6498638,0.19597243,0.3883824
1171,6211,170.09598,0.6340302,0.31296775,0.61637497
1172,2386,46.993786,0.6546543,0.08805455,0.17379645
1172,2876,35.109074,0.65774953,0.07228385,0.13987976
1172,2387,29.625599,0.6572514,0.06273611,0.120488524
1173,1183,49.78641,0.649258,0.09353595,0.18512997
1173,1179,67.97516,0.6523569,0.13645868,0.27255604
1173,1178,9.488106,0.6489398,0.01931902,0.03825617
1174,1175,127.42539,0.6175077,0.26059973,0.51338834
1174,5941,56.159626,0.61685014,0.115460664,0.22817567
1175,1165,208.11378,0.61657816,0.38882944,0.7643784
1175,1176,13.638247,0.6265329,0.028707035,0.056251638
1175,1174,127.51306,0.61613876,0.2601177,0.51193076
1176,3293,63.369846,0.62857693,0.12955905,0.25719225
1176,1175,13.871344,0.62760717,0.029225826,0.057605177
1177,6924,189.31874,0.62208515,0.35538858,0.6979487
1177,2385,146.4146,0.6367679,0.2960974,0.5830195
1177,3293,12.703762,0.631672,0.026252441,0.05167696
1178,1460,20.287277,0.64979446,0.041425165,0.07992103
1178,1173,9.679905,0.64970213,0.019591443,0.038877502
1178,2385,84.50043,0.65218794,0.16859376,0.3347763
1179,2754,237.73277,0.6500647,0.43673277,0.8596342
1179,1183,68.86656,0.6553938,0.12668023,0.2535487
1179,2217,141.93137,0.6605428,0.2845166,0.56224483
1179,1173,68.66161,0.6548697,0.138862,0.2771622
1180,5205,1.1137238,0.50049525,0.0024082288,0.004642889
1180,3909,1.259819,0.3060438,0.0012314841,0.0012470484
1180,5590,4.6107635,0.6723447,0.010001577,0.020306185
1181,4645,14.292706,0.676047,0.029636338,0.05850158
1181,2388,46.760532,0.66900516,0.09658571,0.19078958
1182,5533,126.45735,0.68162453,0.22859958,0.4533556
1182,3480,65.96018,0.6774062,0.13132888,0.2625064
1182,6538,77.163055,0.67629707,0.15563196,0.30949783
1183,2386,71.66641,0.65123725,0.13247298,0.26473254
1183,1173,50.202267,0.65188116,0.09397325,0.18637055
1183,1179,67.91889,0.6534333,0.125172,0.25081557
1184,6918,1.964016,0.6858864,0.0027312785,0.00623399
1184,6444,5.8295937,0.68528885,0.011369027,0.022888407
1184,453,29.039728,0.6887365,0.06043945,0.11675915
1185,6420,1.8513069,0.67276126,0.0027988479,0.0059363693
1185,4709,87.742584,0.68486786,0.16049863,0.32069448
1185,3246,45.662037,0.68320346,0.071330294,0.135688
1186,4960,146.48093,0.6873572,0.19924088,0.39901084
1186,6462,63.909317,0.6837633,0.12748948,0.25447166
1186,634,13.617121,0.68482,0.027755015,0.05420588
1187,1289,40.555283,0.6836282,0.08029065,0.1571992
1187,799,32.39237,0.68433344,0.0637766,0.122090854
1187,1288,53.36628,0.6846446,0.09752645,0.19349504
1187,6444,50.420067,0.6839323,0.100610375,0.20038024
1188,665,3.2584991,0.7411304,0.005501397,0.01129815
1188,666,21.760088,0.7395111,0.047449395,0.093798846
1189,840,43.690323,0.68174815,0.08790882,0.17355292
1189,4223,27.659653,0.68335944,0.058590136,0.113278955
1190,3011,33.344894,0.68350387,0.06541949,0.12576222
1190,765,199.94868,0.68197435,0.3590297,0.70967895
1190,5574,76.42419,0.68055224,0.14058347,0.2815623
1191,786,74.49149,0.6870736,0.1708307,0.33836544
1191,2593,32.13892,0.6899237,0.06676805,0.12873116
1192,1337,88.23921,0.7212542,0.15835682,0.31745827
1192,5031,263.38525,0.73339623,0.4616751,0.9114545
1192,1338,43.45437,0.7235439,0.08147768,0.1577401
1193,3352,49.068203,0.7146119,0.08981638,0.17713438
1193,4185,74.14821,0.71764624,0.13351946,0.26799175
1193,6137,203.14673,0.71358013,0.35694063,0.70553017
1194,4514,2.0956345,0.6779332,0.0032251254,0.007118121
1194,4512,2.0061684,0.67751056,0.0028021336,0.0063225627
1195,4382,2.314045,0.6804534,0.0036636218,0.007864118
1195,2438,2.534317,0.6784464,0.00461296,0.009919897
1195,748,64.60832,0.6810035,0.11724157,0.2346593
1196,4080,2.0050926,0.69119865,0.001986526,0.004649043
1196,1636,29.452854,0.7008384,0.057518587,0.11223421
1197,1890,66.49239,0.6261193,0.12466277,0.24899186
1197,1353,31.468967,0.6286781,0.06280381,0.12122795
1197,1348,61.16619,0.6337961,0.114845216,0.22869219
1198,3321,27.889757,0.6716838,0.08114286,0.15999328
1198,3534,25.93189,0.6694417,0.07588538,0.14901108
1199,2357,67.85293,0.62098664,0.12788564,0.25383717
1199,1200,79.29994,0.62535703,0.16268726,0.32232133
1199,2354,4.012825,0.62030554,0.007709585,0.015882418
1200,5288,0.6662369,0.43229058,0.0009222552,0.0015429705
1200,1199,78.90975,0.6233824,0.1648862,0.32613015
1200,6543,41.460262,0.62986857,0.078902334,0.15342385
1201,2358,30.37476,0.6121849,0.061575443,0.11777625
1201,2346,68.63438,0.60956323,0.12967646,0.25664645
1201,2357,10.843277,0.6123546,0.021560453,0.042534053
1202,1277,42.195793,0.6073402,0.08152856,0.15950273
1202,1203,31.185532,0.61064726,0.066732906,0.12814228
1202,1204,13.036062,0.60435903,0.027423263,0.053777143
1203,1202,31.16388,0.60775566,0.06669407,0.12831624
1203,1207,45.795425,0.61017567,0.09341264,0.18337087
1203,5005,37.28378,0.6139221,0.07790625,0.15274781
1204,1254,191.12357,0.5793419,0.36362037,0.71356976
1204,1202,13.200924,0.60477,0.027658723,0.054202393
1204,1207,26.248869,0.6052413,0.056100745,0.10746764
1205,1347,1.9231567,0.6388242,0.0021500066,0.005274877
1205,6202,77.637665,0.64434755,0.16219485,0.3186
1206,3563,2.2470818,0.6484821,0.003584899,0.007840812
1206,6702,107.89689,0.63431966,0.21870568,0.43119764
1207,1203,45.982994,0.610279,0.09391177,0.1844117
1207,1250,70.10729,0.6012572,0.14500953,0.28652444
1207,1204,26.284775,0.6044673,0.056163743,0.10721023
1208,3609,2.0691528,0.50098324,0.0032067597,0.006527677
1208,2225,35.013435,0.48846424,0.07063833,0.13579684
1208,2341,26.12569,0.49930224,0.05483534,0.10396309
1209,3609,45.696037,0.50915384,0.08880286,0.17427288
1210,1442,28.821024,0.53255546,0.05803187,0.110993214
1210,1211,49.211678,0.5464092,0.094822355,0.18651836
1210,1455,15.962835,0.5305588,0.033335242,0.06471587
1211,1456,45.72717,0.54887897,0.08857322,0.17396194
1211,2323,24.039095,0.55934936,0.049742877,0.09479588
1211,1210,49.136467,0.54702556,0.09495183,0.186644
1212,1934,5.2043114,0.60762876,0.009366423,0.018808007
1212,1214,28.251116,0.60011196,0.05672904,0.10862003
1212,1932,41.100567,0.6103587,0.0787866,0.15465775
1213,1925,2.2822266,0.599616,0.0042117834,0.008808851
1213,1934,35.32762,0.60785466,0.07071349,0.13750677
1214,1212,28.336575,0.6009229,0.05732276,0.10966234
1214,1230,57.570362,0.5860854,0.111098275,0.21864349
1214,1215,40.66735,0.6016817,0.07879925,0.15490319
1214,1229,51.749413,0.59411347,0.099407986,0.19606507
1215,3664,27.803343,0.60551393,0.056928996,0.10879699
1215,1214,40.44019,0.60217613,0.07851891,0.15470095
1215,1932,28.00314,0.6080208,0.056841668,0.10892672
1215,1216,31.798574,0.59578633,0.06287443,0.12322879
1216,1215,31.628685,0.59649515,0.062337816,0.12110984
1216,1278,40.860554,0.59641135,0.078062095,0.1538362
1216,6284,28.442253,0.58675957,0.057634976,0.11008107
1217,2305,27.30757,0.6088778,0.055747088,0.10663707
1217,1279,48.20877,0.6047344,0.092094295,0.18124743
1217,3435,34.471436,0.60340315,0.06776982,0.13107845
1218,3566,2.1526985,0.60804415,0.0034346357,0.0072096884
1218,1279,14.978977,0.60447586,0.030506704,0.059511304
1218,6293,10.384081,0.60628366,0.02110935,0.04172881
1219,576,29.757202,0.58996385,0.05791682,0.11011858
1219,1221,25.743856,0.5854719,0.051016897,0.09646816
1219,2204,46.680714,0.5999195,0.090084754,0.17735802
1220,6657,24.085785,0.57620597,0.05230138,0.09976229
1220,537,24.373636,0.5780847,0.05280962,0.10086379
1220,1221,59.18489,0.5836523,0.11394653,0.22461762
1221,1220,59.19025,0.5798122,0.11414328,0.22470865
1221,1839,25.526117,0.5893289,0.052494235,0.100387245
1221,1219,25.994995,0.5868634,0.05084771,0.096444644
1222,1454,25.51563,0.6720579,0.060612265,0.11750808
1222,1108,80.3392,0.67265046,0.20255902,0.40305448
1222,1284,119.15545,0.6710637,0.21732083,0.43068635
1223,1225,23.955326,0.68451786,0.04984083,0.0953494
1223,1305,10.697922,0.69083977,0.021543153,0.042556763
1223,1062,14.128487,0.68677664,0.027476057,0.053367868
1223,1061,40.144466,0.68751574,0.07594708,0.14762154
1224,3701,127.31883,0.6478845,0.23519185,0.46518713
1224,3702,123.685326,0.64514273,0.25210792,0.49687314
1224,1225,48.314583,0.67656237,0.09595537,0.19025898
1225,1223,23.916954,0.6841899,0.049813204,0.09518235
1225,1224,47.94762,0.67724514,0.09506636,0.18865311
1225,1306,26.636652,0.6809797,0.05305617,0.10217977
1225,1791,39.953033,0.6804183,0.0749624,0.14655754
1226,1227,41.88889,0.673841,0.078990966,0.1553725
1226,1061,73.7081,0.6826562,0.13282202,0.26640636
1226,1060,41.135788,0.676628,0.07778086,0.1520103
1227,1226,42.118263,0.6754037,0.07938097,0.156286
1227,1791,64.638115,0.67582774,0.116966635,0.23385163
1227,1307,94.62253,0.6612505,0.17440024,0.34718138
1228,1307,57.4578,0.65289545,0.1061957,0.21133232
1228,5253,16.140919,0.6535738,0.034673262,0.06815065
1229,6681,1.7482414,0.5879852,0.0024456084,0.005652562
1229,1214,51.896404,0.5949668,0.09973328,0.19631317
1229,3539,27.730938,0.59740865,0.059907738,0.115153566
1230,6682,2.2570267,0.57212156,0.0048502386,0.010030538
1230,1214,57.73547,0.5849707,0.1108411,0.21787764
1231,1316,63.48473,0.4552434,0.12928882,0.2500477
1231,2282,45.614574,0.49902546,0.099577636,0.19391084
1231,2280,38.171715,0.4820076,0.07590203,0.14659402
1231,5895,42.50111,0.4894993,0.09158704,0.17875752
1232,1678,45.914295,0.42625314,0.09364491,0.18010825
1232,1679,35.61798,0.4303711,0.07932704,0.1522101
1232,1261,39.912186,0.46451548,0.08756067,0.17081372
1232,1684,121.21145,0.49219874,0.26353264,0.5104838
1233,3696,53.6317,0.37859538,0.110611886,0.21214527
1233,1322,67.7614,0.34655365,0.1575776,0.30498326
1233,2832,3.275486,0.36329025,0.007758297,0.014767274
1233,2283,24.063868,0.37547603,0.055182815,0.10480856
1234,2300,70.87436,0.34983206,0.15429223,0.29730982
1234,1322,19.020334,0.3344152,0.04445768,0.08496838
1234,1317,17.039762,0.33249158,0.039543796,0.07539506
1235,2333,41.57673,0.44051823,0.08378063,0.16166425
1235,6476,112.87804,0.46895403,0.24982989,0.48230785
1235,1268,17.083408,0.4270503,0.03785215,0.07257868
1236,1237,2.070179,0.43387184,0.0027360097,0.0060935915
1236,5897,53.880325,0.46555284,0.13878968,0.26987553
1237,1236,1.8471069,0.43077794,0.0022889823,0.005456969
1237,1316,62.3845,0.42638382,0.1216844,0.23351437
1237,6628,23.522217,0.42504016,0.058509517,0.112147614
1238,5901,19.267399,0.5073661,0.040681098,0.07866177
1238,2006,32.687866,0.5028098,0.065996446,0.12664028
1238,2013,29.949837,0.49851814,0.061547324,0.11769341
1239,5289,2.2019768,0.6807598,0.004195437,0.008807108
1239,1538,67.93366,0.68513,0.13367873,0.2668654
1240,2745,67.41209,0.68303937,0.16107264,0.32166642
1240,1389,93.39686,0.6818645,0.17085788,0.34086502
1240,1539,103.97238,0.68222713,0.19043833,0.37833616
1241,1390,84.80774,0.68519664,0.15420902,0.30852926
1241,1242,35.12835,0.6857815,0.068242654,0.13208096
1241,1550,86.383896,0.6857548,0.15814498,0.31645113
1242,633,218.98744,0.6902864,0.39333883,0.77727854
1242,1241,35.12782,0.68696386,0.06840998,0.13234305
1242,634,128.75992,0.6876036,0.234137,0.4648642
1243,3785,2.2778664,0.69935095,0.0036484823,0.007995635
1243,86,18.086832,0.700127,0.03746172,0.072269134
1244,1245,9.656261,0.6996096,0.018685296,0.036744714
1244,101,32.977867,0.7032602,0.06367078,0.12350283
1245,1327,36.663822,0.69975996,0.07131071,0.1374707
1245,1246,13.77351,0.6991419,0.027123526,0.052845374
1246,3409,30.553268,0.6977383,0.05458398,0.10749161
1246,99,10.1501045,0.7034522,0.017798632,0.035550028
1247,2994,33.051613,0.6709867,0.065350056,0.12626368
1247,1271,48.753395,0.66516995,0.09130191,0.18129778
1247,1958,13.097563,0.6679617,0.026721932,0.05206807
1247,2724,84.52331,0.67603415,0.16823646,0.33554316
1248,6417,43.71338,0.692144,0.0844337,0.1649354
1248,3516,2.4025612,0.6862062,0.0036095306,0.008032486
1249,2995,61.449352,0.57334226,0.1171255,0.2302141
1249,1664,54.059185,0.6039875,0.103589386,0.20461346
1249,2587,71.45697,0.57371205,0.13790695,0.27173072
1250,6791,65.45235,0.59909564,0.12420259,0.24625686
1250,1207,70.34429,0.6056135,0.14416176,0.28526255
1250,1252,45.214054,0.60819733,0.09309314,0.18382336
1251,1842,6.1244545,0.6109623,0.012424141,0.024911761
1251,1890,61.571915,0.61932373,0.115840144,0.22892497
1251,1252,3.5250702,0.607017,0.006827995,0.014116228
1252,1840,45.802757,0.6032101,0.08705771,0.17147245
1252,1250,44.983654,0.6068535,0.0925884,0.18246917
1252,1251,3.589695,0.60566807,0.0067819506,0.013906509
1253,3834,9.104309,0.6141488,0.01887846,0.037532628
1253,5005,2.2112122,0.6092992,0.004185237,0.009125084
1254,2345,42.825478,0.58374006,0.08185971,0.16199759
1254,580,60.97747,0.5717144,0.11747331,0.23131905
1254,1204,191.04091,0.57795393,0.36411145,0.71385264
1255,3564,2.267521,0.582434,0.003790766,0.007987186
1255,2321,34.930836,0.58037484,0.06789965,0.13206002
1255,6657,82.65828,0.5686225,0.176539,0.3441686
1256,2185,10.545242,0.48388848,0.017359287,0.034624547
1256,1455,80.4536,0.50340325,0.15910009,0.3097293
1256,6638,144.57614,0.4687197,0.13200614,0.25813073
1257,1456,68.039154,0.51731646,0.13142624,0.25680357
1257,2376,10.211449,0.50602525,0.017023839,0.03413312
1257,6287,113.993416,0.527384,0.104886,0.20478919
1258,6681,61.36268,0.58190614,0.11785626,0.23252782
1258,4925,51.2762,0.56532013,0.099662885,0.19547708
1258,2302,28.459301,0.58483505,0.056304865,0.10772639
1258,1037,13.092335,0.5790122,0.026921183,0.05296479
1259,1260,2.9129257,0.6961404,0.0057876185,0.012192383
1259,3562,66.90105,0.6994668,0.12047524,0.24168764
1259,6063,3.0886307,0.697993,0.006056115,0.012712941
1260,1259,3.1013222,0.69660306,0.0060476363,0.012563556
1260,6442,15.918432,0.69653374,0.032092523,0.061608545
1261,5371,61.822113,0.4988319,0.12210353,0.23799433
1261,1682,31.590279,0.49425966,0.07004941,0.13552277
1261,1677,50.72273,0.4631153,0.10206217,0.19810866
1261,1232,39.85741,0.46538585,0.08758112,0.17137031
1262,5612,1.9583511,0.49754068,0.002982065,0.006119862
1262,2833,18.213125,0.49546415,0.039650317,0.07641603
1262,1682,37.08765,0.502929,0.08088283,0.15772504
1262,1677,48.892056,0.47382295,0.097646564,0.19017908
1263,1264,2.3671455,0.38454497,0.004749626,0.009431094
1263,1672,2.129593,0.38746262,0.003797695,0.0076496154
1263,6629,33.68089,0.3942665,0.08846008,0.16965005
1264,1263,2.4483223,0.38335237,0.0051245764,0.010198727
1264,6631,49.600834,0.36001176,0.13333933,0.25962764
1264,1675,2.4464378,0.3862123,0.0047462657,0.00965713
1265,1678,24.641037,0.42077523,0.053565558,0.10100154
1265,1677,15.152548,0.43777198,0.032204263,0.061986767
1265,1686,57.463863,0.40916026,0.11815329,0.22780815
1266,1671,67.34618,0.39603227,0.14073941,0.27103117
1266,1315,8.551792,0.38807207,0.018223204,0.035198703
1266,1316,40.362583,0.40689486,0.083483726,0.15993814
1267,2333,89.64841,0.42278984,0.1843936,0.3539769
1267,1268,28.231281,0.41048467,0.06521471,0.12319265
1267,1317,105.23219,0.35641795,0.24951729,0.479747
1267,2300,77.345245,0.381936,0.16512838,0.31755885
1268,1267,28.15364,0.4091775,0.06454742,0.12262298
1268,1235,17.421902,0.42775655,0.03866562,0.07403494
1268,1315,81.902985,0.39771798,0.17297144,0.33233255
1269,3866,71.06918,0.69185275,0.12748769,0.2550312
1269,173,112.33668,0.6883014,0.20259914,0.40250468
1269,3517,38.122803,0.6882043,0.07265872,0.1398794
1270,1955,62.341434,0.6873381,0.115366444,0.23055914
1270,3518,10.262859,0.69004625,0.019811764,0.039295107
1271,2725,113.19231,0.67583597,0.20732698,0.4119436
1271,1247,49.17081,0.6666181,0.09202317,0.18299691
1271,2699,98.79332,0.65856606,0.18268874,0.3632683
1272,6736,5.442257,0.70107865,0.011170194,0.022582918
1272,2366,6.6814384,0.7032937,0.01430621,0.02886808
1273,2649,44.107758,0.69956446,0.08753608,0.17296803
1273,2883,91.658875,0.7051597,0.16615516,0.33219188
1273,5320,13.467199,0.70078045,0.027410232,0.05336733
1274,1275,122.56909,0.6962817,0.22235373,0.44171923
1274,3066,108.70073,0.6952754,0.19994575,0.3969738
1274,2081,83.53798,0.69182444,0.15144108,0.30255756
1275,1274,122.79247,0.69645387,0.22186777,0.4410171
1275,6741,32.96151,0.69407463,0.064748436,0.12398192
1275,1788,75.59181,0.6971345,0.13653105,0.2737742
1276,1277,60.28665,0.6133043,0.11545901,0.22845678
1276,1253,33.58593,0.61363393,0.06602099,0.12759385
1277,1276,60.351303,0.6126163,0.11393517,0.2255754
1277,1202,42.1393,0.6049798,0.08110801,0.15886025
1277,2356,19.842022,0.6039953,0.040750634,0.07898404
1278,1216,40.036785,0.5941986,0.07785994,0.15382984
1278,3435,12.300478,0.5970292,0.024688572,0.04844773
1278,4164,24.572414,0.5949518,0.05109552,0.098017946
1279,1218,15.023918,0.6058275,0.031037353,0.060447976
1279,1217,48.28133,0.6040925,0.09196128,0.1810167
1279,2305,65.84029,0.6126407,0.123951554,0.24571922
1280,3700,1.6190071,0.6330806,0.0031751394,0.006731689
1280,1931,23.734222,0.63496554,0.052273188,0.1006647
1281,3665,12.650961,0.6880805,0.024681479,0.04795493
1281,2785,35.471657,0.69150007,0.07256517,0.14234196
1282,2786,80.27968,0.69732857,0.18750851,0.37121707
1283,1098,159.91507,0.6725929,0.2912883,0.57684267
1283,1284,101.82574,0.6732316,0.18681234,0.37160563
1283,1108,68.11468,0.66879773,0.12607276,0.25260764
1284,1283,101.738495,0.67312837,0.18569535,0.36972857
1284,1222,118.31496,0.66776466,0.21679178,0.42938453
1284,1098,46.14569,0.6716654,0.087083094,0.17234904
1285,4136,1.8809052,0.6732572,0.002694711,0.006199479
1285,5969,37.460358,0.6748847,0.08773002,0.17238313
1286,2131,1.625946,0.6722737,0.004193552,0.009301424
1286,5924,3.7242622,0.67155504,0.005245015,0.0116672665
1287,2097,1.9401321,0.7248523,0.0031863675,0.006310761
1287,2164,34.292114,0.7248535,0.07898219,0.1547579
1288,1599,38.816616,0.6869321,0.07423711,0.14367181
1288,2608,43.61457,0.68622553,0.08124176,0.15933049
1288,1187,53.428032,0.68547857,0.0977071,0.1941871
1289,6867,2.362526,0.6845876,0.0043964535,0.009744316
1289,1187,40.201225,0.6855304,0.08060646,0.15906896
1289,6765,29.848835,0.6886906,0.058419354,0.11245237
1290,2608,53.312664,0.6850906,0.09682456,0.1916494
1290,3013,6.249977,0.6880988,0.013761438,0.027682528
1290,762,19.221098,0.689839,0.041552186,0.08008807
1291,2608,23.580744,0.68862206,0.046117343,0.08928821
1292,6426,30.698648,0.6897962,0.06389672,0.12597871
1293,2615,6.156437,0.69649196,0.013547793,0.027415723
1293,2613,2.9761772,0.6979081,0.006256722,0.013193414
1294,344,2.983368,0.7054137,0.004843205,0.0103548765
1294,349,178.97362,0.709458,0.3202685,0.63396186
1294,2087,137.62477,0.70867634,0.25163227,0.4981988
1295,343,68.49272,0.70771664,0.12259857,0.24534932
1295,3161,66.57135,0.7069721,0.11979331,0.23941681
1295,1296,62.248005,0.7069378,0.11195272,0.22303614
1296,2105,69.39035,0.7076788,0.12556732,0.2510069
1296,1297,32.739662,0.7092142,0.062299162,0.1197811
1296,1295,61.783085,0.7073274,0.11196063,0.22317725
1297,3160,26.295216,0.7078849,0.051186353,0.09915024
1297,5490,102.63292,0.7084747,0.18684559,0.37167573
1297,1296,32.650585,0.7092985,0.06251478,0.12019915
1298,3343,199.0047,0.7080399,0.35074338,0.69350165
1298,1299,97.31066,0.70581084,0.17616378,0.3519184
1298,1605,93.00973,0.7051077,0.16781029,0.33581576
1298,5489,17.950289,0.706842,0.035315946,0.068546616
1299,1298,97.17732,0.7059487,0.17842254,0.3556702
1299,1300,78.938576,0.7033918,0.1569661,0.31352878
1299,3317,179.41924,0.7045573,0.3539918,0.69913876
1300,1299,79.03215,0.70412093,0.15525454,0.31058836
1300,1605,36.896255,0.70272577,0.07378668,0.14226815
1300,4424,35.508514,0.70404434,0.06849825,0.13058761
1301,1607,106.622856,0.7087705,0.26629496,0.530557
1301,4423,39.93422,0.7032183,0.074885726,0.14647157
1302,2983,2.3186226,0.7080252,0.0037745684,0.00774996
1302,3343,2.2473793,0.70639074,0.0037375987,0.0077300817
1302,2984,39.292133,0.71016157,0.07432951,0.14266473
1303,2844,31.259203,0.7126247,0.061048962,0.116777256
1303,3341,34.426495,0.71109354,0.06653792,0.1267832
1303,1982,8.588764,0.7111828,0.016537458,0.03230083
1304,2464,18.904055,0.7012364,0.036519792,0.07083167
1304,420,25.79728,0.7027516,0.051345564,0.09946603
1305,1223,10.648251,0.6854916,0.02148676,0.041730672
1305,6442,0.55265045,0.43714005,0.0003625825,0.00019592047
1305,1062,18.324165,0.68690443,0.03727567,0.07164356
1305,969,7.540058,0.6872001,0.0148983225,0.029804915
1306,1225,26.621166,0.6799002,0.05300422,0.10210854
1306,1062,30.02444,0.68417174,0.062531754,0.11956256
1306,962,172.05298,0.6675336,0.34618983,0.6837996
1307,1228,58.675377,0.64883006,0.10713675,0.21261314
1307,1227,94.69498,0.66001284,0.17450717,0.34688622
1307,1060,117.76137,0.65840065,0.21597463,0.42762268
1308,3437,41.438118,0.69875026,0.076490775,0.14831232
1308,1637,48.58128,0.69581455,0.089160405,0.175045
1309,1310,2.158081,0.5542656,0.0034727603,0.007532254
1309,6017,27.095478,0.5646849,0.065384634,0.12532708
1310,4322,2.1296005,0.55250937,0.0031826496,0.0071086735
1310,1309,2.2552261,0.5504619,0.0032766461,0.0069821924
1310,631,24.824413,0.5454753,0.060309622,0.11667577
1311,4322,120.6951,0.5441749,0.23313731,0.4560811
1311,2517,135.6684,0.56864417,0.2841411,0.5558183
1311,2279,25.876394,0.5297896,0.05735049,0.109884374
1312,4952,3.4033089,0.50504017,0.007191345,0.014151439
1312,1674,63.254253,0.495744,0.13919829,0.27004445
1313,628,77.22822,0.5161928,0.15451963,0.30077562
1313,2926,41.95995,0.52217066,0.0721488,0.13830446
1314,1668,2.181015,0.3618608,0.003961116,0.0077005327
1314,1263,42.472206,0.36673182,0.11086314,0.21507227
1315,1268,81.645584,0.39680773,0.17270151,0.33183163
1315,1321,29.275324,0.37400845,0.06357944,0.11957205
1315,1266,8.415592,0.38802522,0.017962955,0.034649447
1316,1237,62.133446,0.42742246,0.12075344,0.23127973
1316,1266,39.82122,0.4082924,0.083788946,0.16008267
1316,1231,63.349792,0.45610803,0.12883994,0.24922305
1317,1320,21.335657,0.33159888,0.04846458,0.09089895
1317,1267,105.50581,0.3563029,0.24892884,0.47780174
1317,1234,17.162123,0.33230838,0.03931403,0.07493079
1318,1319,9.337326,0.3548385,0.021552928,0.04068263
1318,2318,53.571854,0.38191932,0.1128957,0.21488835
1318,6631,2.4078484,0.36184707,0.0055887103,0.010796517
1319,2286,3.0612907,0.35643905,0.00739228,0.013853043
1319,1320,70.776436,0.35185128,0.14918831,0.29015395
1320,1317,21.368547,0.32825124,0.04874704,0.091378145
1320,1321,71.19348,0.34286177,0.15422373,0.29868093
1320,1319,67.945496,0.32359087,0.14665318,0.2862208
1320,1322,19.009169,0.33365035,0.042457413,0.08115922
1321,1320,71.06609,0.34363794,0.15453777,0.2991944
1321,1675,73.32672,0.36605507,0.15761527,0.30392116
1321,1315,29.376896,0.37325358,0.064304024,0.12101601
1322,1234,19.173616,0.33397186,0.044558764,0.08512379
1322,1233,67.98174,0.34499198,0.15718375,0.30488807
1322,1320,18.890991,0.33227432,0.042252976,0.08076867
1323,2284,35.892754,0.37870836,0.09530759,0.17875627
1323,6636,23.698788,0.38496,0.058340408,0.112149164
1324,5594,2.3968315,0.7055812,0.005336292,0.0114913285
1325,4425,2.6602287,0.7039186,0.0048033446,0.010534629
1326,103,9.8246765,0.7031754,0.019591086,0.038730353
1327,1328,34.467953,0.69880223,0.06697796,0.12728684
1327,1245,36.66301,0.69988537,0.07113344,0.13574174
1327,3618,51.81548,0.6986495,0.09544284,0.18823852
1327,5480,7.8215256,0.6978568,0.01484891,0.029181242
1328,2239,35.306095,0.6991781,0.06899672,0.1307263
1328,1327,34.540707,0.6988049,0.06711314,0.12811136
1328,3620,34.062363,0.7004279,0.06652242,0.12708423
1329,4917,39.075035,0.7020407,0.074257985,0.14291595
1329,987,97.41942,0.70388454,0.17576364,0.35100514
1330,5946,5.795555,0.70782757,0.008938387,0.018492967
1330,7026,143.14496,0.7087142,0.19669029,0.3935601
1331,1332,42.219627,0.7087114,0.079992436,0.15577659
1331,662,120.60376,0.7118708,0.21883512,0.4356584
1331,663,57.934315,0.71047807,0.105203025,0.20975105
1331,664,61.323338,0.703731,0.11235845,0.22453016
1332,3592,60.31586,0.7072595,0.10857664,0.21675268
1332,661,45.655083,0.71059734,0.085313134,0.1656427
1332,1331,42.20172,0.7079063,0.080146134,0.15589432
1333,1334,140.50958,0.7061965,0.2552807,0.5068431
1333,277,22.099386,0.69847524,0.044280097,0.08527877
1333,664,55.55153,0.7001692,0.101580374,0.20293097
1334,6722,1.821415,0.7104844,0.0025166348,0.0056058615
1334,277,107.57942,0.7054406,0.21758777,0.43126398
1334,1333,141.03407,0.7067026,0.25488904,0.50543255
1335,664,34.087616,0.7033005,0.06678032,0.12826103
1335,3592,7.1520576,0.70325047,0.013557784,0.027046397
1336,3354,37.351665,0.71857023,0.07524745,0.14338389
1336,6721,12.266766,0.7184948,0.024734274,0.04857996
1337,1339,13.282024,0.71760917,0.025850162,0.050221637
1337,1192,88.23816,0.72032297,0.15808338,0.31647104
1337,1338,58.27401,0.7196522,0.104320966,0.20761725
1338,1337,58.401,0.7209059,0.104152896,0.2073671
1338,1192,43.659485,0.72264135,0.08153352,0.15685248
1338,3491,31.83886,0.7244309,0.06106861,0.11725561
1339,1337,13.474894,0.7182365,0.026384339,0.050983906
1339,1336,41.930916,0.7234647,0.08022191,0.15510614
1340,215,8.667801,0.71305,0.01665496,0.032445177
1340,2730,21.535116,0.7179253,0.042041063,0.08197709
1341,946,148.18198,0.67799795,0.26938793,0.53387445
1341,1773,40.368332,0.6836607,0.09733668,0.1924434
1342,944,68.18029,0.6749794,0.1261406,0.25224793
1342,945,15.957195,0.6780292,0.032115813,0.06256861
1343,946,50.092415,0.67519933,0.09401083,0.18569826
1343,4346,12.912659,0.67164576,0.025970697,0.05097747
1344,4346,1.7660561,0.67332184,0.0024535581,0.0058873
1344,6042,10.394249,0.67347276,0.02713263,0.053206354
1345,1528,25.970818,0.6930328,0.05433357,0.10504622
1346,6541,1.505558,0.6271336,0.0025282651,0.0058361143
1346,1205,104.7345,0.64185315,0.19752993,0.3908401
1347,4201,1.7341156,0.6402425,0.0019329712,0.0043175668
1347,6699,29.732765,0.029724985,0.15238643,0.3214286
1348,914,28.138044,0.637755,0.056860585,0.108862
1348,1891,116.36184,0.6282803,0.21539804,0.42521343
1348,1197,61.212585,0.6334197,0.11470913,0.2282915
1349,914,32.425606,0.64280814,0.06470734,0.12452926
1349,1352,29.65993,0.6446322,0.060577787,0.11570249
1349,1350,136.14981,0.63801426,0.2501338,0.4948998
1350,912,184.10483,0.6410432,0.33763576,0.6673237
1350,1353,62.60495,0.6346716,0.11778868,0.23434754
1350,1349,136.18593,0.6374281,0.25143895,0.49720126
1351,1352,21.304308,0.64517945,0.043889362,0.084606126
1351,3384,28.872227,0.65081257,0.062183224,0.11953673
1352,1349,29.515026,0.6427901,0.059939343,0.11448594
1352,917,16.921583,0.6444597,0.03415028,0.06627391
1352,1351,21.371538,0.6450634,0.043612152,0.084481165
1352,913,69.249954,0.64224124,0.12779254,0.25525025
1353,1350,62.340347,0.6323643,0.11636506,0.23194882
1353,1197,31.429512,0.6273366,0.06276717,0.12085758
1353,5288,67.74388,0.6282047,0.12450339,0.24772683
1354,2371,29.489323,0.6054038,0.059724327,0.11438952
1354,1594,117.19487,0.60162586,0.21929279,0.432675
1354,1515,73.10273,0.6031655,0.13892636,0.27518728
1355,2371,55.8752,0.61385787,0.106791824,0.21007705
1355,4950,27.694302,0.61414474,0.057029985,0.108973384
1355,1592,22.886902,0.60981613,0.04711761,0.09150118
1356,2371,86.1505,0.6123588,0.16728957,0.33062458
1356,1357,57.564842,0.619674,0.10951443,0.21601023
1357,2353,12.956047,0.62101567,0.026599385,0.05207081
1358,3416,5.217987,0.6418569,0.008622937,0.017622963
1358,3415,17.300804,0.6377873,0.04042576,0.07869169
1359,3615,2.1523743,0.6488817,0.003312789,0.007204905
1359,3616,8.23032,0.6493313,0.01622776,0.032305494
1360,6551,31.540382,0.65320873,0.06231054,0.12075183
1360,6551,32.354717,0.65328526,0.06369932,0.123613715
1361,4044,2.4708939,0.65949434,0.004167877,0.009699002
1361,4216,50.625916,0.65802085,0.093313225,0.18387434
1362,1363,73.42598,0.6910259,0.13279389,0.26626304
1362,3633,14.624022,0.68829566,0.028778926,0.05594846
1362,6490,95.79712,0.6888104,0.17402945,0.34687382
1363,3470,2.2953987,0.68907416,0.0034478903,0.0077493787
1363,1362,73.269646,0.6911302,0.13319373,0.26697046
1363,2742,55.077858,0.6933218,0.12783708,0.25568137
1364,4296,1.471798,0.50564283,0.0035602078,0.0068483353
1364,6490,13.793022,0.6860133,0.026357763,0.05087219
1365,1780,4.4969406,0.69516397,0.009047046,0.018236116
1365,1368,35.92382,0.69512343,0.07246171,0.1402211
1365,3550,67.6298,0.6949088,0.12174587,0.24386552
1366,455,207.44357,0.6931788,0.3741868,0.74146664
1366,1369,27.620823,0.6908275,0.05412596,0.10465223
1366,3550,90.91742,0.69336665,0.16620964,0.3319887
1367,3833,307.61774,0.6611345,0.5615272,1.1048008
1367,3394,202.52904,0.6674443,0.37382063,0.7380887
1367,2799,109.42923,0.6724479,0.1995898,0.39705145
1368,1365,36.097557,0.6946243,0.07285175,0.14078906
1368,3676,5.678776,0.6945281,0.010963477,0.022098333
1368,852,61.930035,0.6930738,0.112181574,0.22424056
1369,852,83.95262,0.6921238,0.15294251,0.30639744
1369,1366,27.713379,0.69285417,0.054831665,0.10603092
1369,1777,37.243725,0.6925579,0.072476454,0.14049305
1370,4302,19.452938,0.053703368,0.084972486,0.17277771
1371,3798,45.752327,0.64467865,0.093458354,0.18577784
1371,921,5.4857063,0.64355963,0.0128766,0.025673643
1372,3675,103.03845,0.71210974,0.18401247,0.3671685
1372,2276,58.973892,0.7063564,0.10595101,0.2112362
1372,266,37.726486,0.70867676,0.07245041,0.13864034
1373,193,61.922558,0.6924163,0.124291286,0.24929553
1373,1081,91.49827,0.69005305,0.16681306,0.333244
1373,3633,25.321178,0.69116104,0.052851424,0.10152368
1374,3465,37.92788,0.6699747,0.07338952,0.14265192
1374,1161,27.41888,0.67463416,0.05449056,0.105387196
1374,1169,60.688866,0.67494893,0.12135058,0.24254891
1374,5410,82.369354,0.6750139,0.16464952,0.32712433
1375,753,15.708694,0.6792301,0.03201187,0.06232264
1375,4230,99.22768,0.68684936,0.19773465,0.39216524
1375,2182,61.399002,0.67885166,0.14231372,0.28382185
1376,3576,189.42229,0.6922135,0.34001496,0.67207044
1376,6366,101.85606,0.69212514,0.24200007,0.47978646
1377,6604,75.812836,0.6360066,0.14114015,0.2790404
1377,6768,60.43475,0.6355227,0.11333495,0.22509319
1378,1379,45.934948,0.6331492,0.087819755,0.17271553
1378,548,84.15929,0.63212407,0.15539864,0.30878168
1378,908,77.24121,0.6309338,0.14395171,0.2867503
1378,3934,113.853,0.63616496,0.2086429,0.41266072
1379,1378,45.695263,0.6339388,0.08740764,0.1725248
1379,1380,77.36458,0.63214743,0.14420825,0.2873492
1379,1499,120.18617,0.6302634,0.2219947,0.43880373
1380,1381,161.09203,0.6153986,0.29989803,0.5917856
1380,1379,77.45308,0.63245857,0.144936,0.28855884
1380,908,40.725903,0.6272478,0.07866509,0.15555663
1381,5566,2.5558891,0.61676276,0.004808612,0.010137752
1381,5568,2.3401031,0.6167153,0.0044690818,0.009447649
1381,1380,161.07263,0.6162217,0.30013666,0.5921822
1381,908,114.07825,0.6211708,0.21234682,0.41972822
1382,1577,35.31827,0.61611664,0.07010643,0.13639222
1382,5567,12.184124,0.6211258,0.026059695,0.051367596
1383,1573,34.288918,0.610639,0.07218625,0.1417578
1383,5567,65.234985,0.61639965,0.1335658,0.26496175
1383,1575,37.51664,0.6090313,0.072742134,0.14327793
1383,1574,113.05982,0.61071634,0.21063751,0.41595316
1384,1502,53.946846,0.60933805,0.10317808,0.20309277
1384,1573,37.439995,0.6100458,0.07820208,0.15349165
1384,1504,122.79572,0.59524137,0.25459146,0.5004375
1385,1504,152.50012,0.5901209,0.28660345,0.56477344
1385,1578,92.65908,0.60759646,0.174273,0.34409645
1385,1575,59.339325,0.60903114,0.11321967,0.22371021
1386,5618,2.804596,0.65562004,0.0045420453,0.009242609
1386,4824,2.8506813,0.66910344,0.004964195,0.009706527
1386,730,52.302074,0.0,0.30016524,0.6469832
1387,174,30.159708,0.6866919,0.058811024,0.11420302
1387,204,16.105516,0.6835715,0.033802234,0.06533049
1388,1540,52.041374,0.6789873,0.09652984,0.1913995
1388,1389,155.14154,0.6750531,0.28256524,0.559184
1388,1101,118.07438,0.6801459,0.21545345,0.42783958
1389,1240,92.54849,0.67992425,0.17057058,0.3402059
1389,2119,65.115326,0.6783458,0.11949729,0.23896456
1389,1388,155.25223,0.6743486,0.28276917,0.55953556
1390,1549,113.728134,0.6840813,0.20745403,0.4119681
1390,1965,94.84449,0.68473047,0.17323638,0.34522146
1390,1241,84.622795,0.6850213,0.15503144,0.30995804
1391,3836,28.033447,0.6603032,0.066043064,0.127902
1392,1953,1.8691177,0.69202197,0.0029619262,0.006180167
1392,173,21.921347,0.6919331,0.046317607,0.08972059
1393,239,16.560827,0.69265175,0.03282277,0.06335016
1393,1394,18.47038,0.692269,0.0368597,0.07130126
1393,5429,56.8087,0.69297636,0.102460705,0.2044411
1394,1393,18.713234,0.6916556,0.037292678,0.071894154
1394,1953,22.652365,0.69330454,0.045755416,0.08801019
1394,1395,107.39539,0.6969218,0.19541256,0.3883164
1394,1396,42.241306,0.6913806,0.079608925,0.15574053
1395,1394,108.0071,0.6981279,0.19515637,0.3881445
1395,5459,19.573061,0.69967985,0.040642757,0.07827777
1396,5428,13.877485,0.6875514,0.027495295,0.053489402
1396,1394,41.99494,0.6902648,0.07978792,0.1572378
1397,5432,23.15766,0.6883836,0.04072706,0.07915138
1398,3758,1.811924,0.7060086,0.0035467818,0.007486582
1398,6117,28.695381,0.7106056,0.06072796,0.11629366
1399,6114,2.371315,0.6967501,0.004436165,0.009758785
1399,461,60.503277,0.70349807,0.11194305,0.2222423
1400,3759,2.497795,0.70877886,0.0041184425,0.008377641
1400,90,46.358803,0.71027017,0.093361884,0.18468428
1400,837,7.3840218,0.70762265,0.014035836,0.027372316
1401,149,46.132725,0.7086045,0.08644542,0.16984285
1401,650,31.222271,0.7086488,0.07194687,0.14111015
1401,1402,2.059723,0.70840144,0.0031500384,0.0068245083
1402,1401,2.2095718,0.7084464,0.0034687296,0.0074326843
1402,5248,43.464745,0.7087693,0.098615386,0.1953907
1403,482,114.366325,0.709771,0.21012753,0.4170881
1403,1402,26.088842,0.70724666,0.059796467,0.11759476
1404,3350,40.82227,0.7119845,0.07795845,0.15030922
1404,1405,24.967659,0.7110122,0.05628993,0.108772784
1405,5084,1.8679581,0.7029097,0.004268177,0.009140551
1406,4413,0.920063,0.6992103,0.0030277222,0.006371841
1406,6461,12.55644,0.7121827,0.024814837,0.04818873
1407,1409,3.2507973,0.7234361,0.00892055,0.01803425
1407,1418,35.003216,0.72452366,0.08201088,0.16148812
1408,647,123.24784,0.7142452,0.22412735,0.44450617
1408,5632,31.45166,0.7141428,0.07405031,0.14465961
1409,4421,43.39795,0.72604126,0.09681321,0.18985207
1410,42,2.5339394,0.70783,0.008421272,0.01671128
1410,1417,41.436398,0.7250298,0.0695223,0.13686226
1411,464,3.0155716,0.72625107,0.0049370825,0.009287626
1411,1412,37.689003,0.72580564,0.088932954,0.17208846
1412,467,56.850105,0.73002696,0.10057259,0.20139404
1412,3088,52.593445,0.72810996,0.11966042,0.23662412
1413,46,2.1727562,0.7253311,0.004275568,0.0095746815
1413,2903,107.463295,0.7287886,0.24706572,0.48988932
1414,4207,2.1933098,0.7296907,0.0033053532,0.006812915
1414,1415,22.888515,0.7305199,0.05438765,0.10674912
1415,1417,66.24019,0.7365342,0.15188326,0.30463392
1415,1409,35.26775,0.72398853,0.08274574,0.16278172
1416,1407,77.13796,0.7330712,0.19616607,0.39082935
1416,6188,45.973095,0.73842496,0.08625829,0.16725284
1417,6145,28.498852,0.731207,0.06352699,0.12449659
1418,6475,1.9080544,0.72599244,0.0056595206,0.011931822
1419,1418,61.77329,0.73586124,0.14588454,0.29378337
1419,42,39.160107,0.7288018,0.06603311,0.12853473
1420,2234,11.161411,0.039970905,0.054755338,0.11766489
1420,512,61.35119,0.753896,0.11017575,0.21807143
1421,5164,19.276308,0.7484406,0.041910473,0.08111632
1421,5727,34.018253,0.021656036,0.18416189,0.39290917
1422,6584,4.332409,0.73953855,0.009345047,0.01917909
1422,3252,2.0633812,0.74419373,0.0027849525,0.0061207414
1423,6593,51.657974,0.7394143,0.10077675,0.20032145
1423,6219,34.336746,0.73708117,0.09254633,0.18008645
1424,7016,61.639347,0.570784,0.15652686,0.3054495
1424,1522,6.240341,0.568796,0.04169071,0.082574725
1425,2644,96.48037,0.6984271,0.17505428,0.35020715
1425,1125,113.656296,0.70202994,0.20602311,0.41075757
1425,1832,74.63693,0.7009522,0.13222352,0.26602414
1426,2202,39.39305,0.70256126,0.07458341,0.14423013
1427,3783,2.4647865,0.6993482,0.0043563917,0.009149477
1428,136,60.688286,0.69900477,0.12022614,0.24027768
1428,5822,17.33424,0.699424,0.03574827,0.06978397
1429,136,25.865519,0.70087576,0.053425003,0.1028185
1429,6091,19.975204,0.7030481,0.04173014,0.0810838
1430,6226,51.63494,0.6565541,0.22589841,0.44532198
1430,642,56.929745,0.6665571,0.11435943,0.22897594
1431,3201,2.0313988,0.6677226,0.0029070303,0.006503746
1431,7089,58.307793,0.66896737,0.14973105,0.29867417
1432,3198,1.7110977,0.66500115,0.0032937527,0.0074600726
1432,3192,140.48602,0.65808517,0.28562123,0.56370956
1433,3064,142.005,0.656124,0.28639826,0.5660481
1433,555,212.68777,0.658385,0.38969898,0.7693505
1433,1434,68.99322,0.6591715,0.13847579,0.2765199
1434,1435,22.310211,0.65507746,0.04547036,0.08798788
1434,3039,34.909348,0.6586964,0.071814,0.14019582
1434,1433,68.85399,0.6590525,0.13661975,0.27270526
1435,1434,22.37971,0.6578979,0.04567761,0.088114806
1435,3039,27.253698,0.6584238,0.05493381,0.105288394
1435,3064,234.37302,0.6548898,0.43054006,0.8484735
1436,613,74.82207,0.6610347,0.14748503,0.29269105
1436,2133,72.912315,0.6659122,0.14317644,0.28579634
1436,2132,113.18312,0.6664953,0.2070604,0.41055605
1437,2133,28.388706,0.6655791,0.05987664,0.11520702
1437,2133,24.768187,0.6655222,0.052090365,0.100627095
1437,7088,50.90074,0.66724104,0.10095497,0.20090751
1438,1846,2.582634,0.6057358,0.007550016,0.015588835
1438,5820,18.172272,0.6093014,0.047403477,0.093015544
1439,225,33.12341,0.70140314,0.06473645,0.124191135
1439,226,34.612762,0.7008035,0.06858143,0.13134009
1440,6016,44.80195,0.6075996,0.08552012,0.16643092
1440,2460,111.20854,0.610168,0.20692891,0.40756923
1441,5203,1.8411713,0.54068375,0.0026528835,0.0058406293
1441,2322,48.078445,0.55100733,0.09244214,0.18222405
1441,1789,31.393131,0.53499204,0.06812347,0.13062933
1442,1789,48.689526,0.5286444,0.09402306,0.1845315
1442,1210,28.647015,0.5324002,0.057910066,0.110559225
1442,2322,36.862328,0.5480566,0.07115723,0.13997102
1443,4242,7.4882584,0.6486193,0.014550775,0.028885871
1443,5544,112.30492,0.6542701,0.20661403,0.40910733
1443,565,22.454811,0.6495895,0.041555088,0.080553845
1444,619,33.091778,0.665072,0.0688883,0.13239755
1444,5680,21.03946,0.66556,0.04443093,0.086043425
1445,1570,48.485424,0.6614566,0.1516746,0.30156523
1445,3062,118.36703,0.6694499,0.22113395,0.4397388
1446,1107,114.589355,0.6604092,0.21030015,0.4157077
1446,846,26.663986,0.6652612,0.053952716,0.10389137
1446,1447,9.313984,0.6629393,0.018309623,0.03600952
1447,5262,153.27766,0.6558635,0.28173327,0.55652606
1447,845,58.45983,0.6619141,0.10904214,0.2170787
1447,1446,9.20623,0.6620709,0.018044665,0.035535976
1447,3875,65.4163,0.6638048,0.12250833,0.24426496
1448,4753,2.6641884,0.6651133,0.0018933639,0.0052500963
1448,1450,19.01064,0.67124856,0.044483274,0.086432725
1449,3833,13.7982025,0.6670298,0.03118224,0.06113684
1449,5211,40.49765,0.66763926,0.10030836,0.19684307
1450,1451,4.5675583,0.669054,0.010876685,0.021814346
1451,1450,3.6777573,0.6696216,0.009036295,0.01840964
1451,5674,11.707129,0.6659777,0.027470797,0.053874522
1452,1818,101.36968,0.67525744,0.25782984,0.5137039
1452,4756,9.065815,0.67690605,0.017631419,0.03502156
1453,5130,59.237663,0.6826887,0.11893205,0.23725885
1453,1095,64.70029,0.67562866,0.13135661,0.25802648
1454,3185,50.037064,0.66829044,0.12284862,0.24178052
1454,1222,25.381226,0.6711314,0.05984056,0.11630831
1454,3877,68.65526,0.6713919,0.12509316,0.25036234
1455,4678,67.06515,0.51429695,0.13131636,0.25707626
1455,1210,15.807514,0.532222,0.03292589,0.063869864
1455,1256,80.55728,0.5052872,0.15905008,0.30950844
1456,1257,67.75368,0.52201027,0.131367,0.25698173
1456,1211,45.792137,0.5484458,0.08899697,0.17467484
1456,5015,67.20061,0.5508125,0.13024144,0.25531477
1457,3996,2.5694275,0.6785996,0.0038860887,0.0086372495
1457,5839,1.5988235,0.67683357,0.0041490197,0.009229526
1458,2962,1.6315689,0.65910935,0.0029460415,0.0065829307
1458,6984,93.068794,0.6705267,0.22674629,0.45064366
1459,1143,1.5347748,0.651794,0.002150394,0.0048806965
1459,3453,17.860125,0.6579113,0.036405392,0.07143366
1459,6029,37.99711,0.65630215,0.080981344,0.15858042
1460,1178,20.19054,0.65114903,0.04117233,0.07935887
1460,4537,234.72342,0.6521188,0.4302566,0.8474251
1460,1476,24.756748,0.6501106,0.050970454,0.09884437
1461,3237,2.2610397,0.6680598,0.0034200475,0.007732928
1461,2873,110.76205,0.6734421,0.27140784,0.53868604
1461,1463,191.10172,0.6675901,0.34920087,0.6899582
1462,585,273.74048,0.6686444,0.4986576,0.9824874
1462,584,46.13459,0.67138034,0.0870121,0.17232242
1462,1463,122.369,0.6702086,0.22386345,0.44399756
1463,2873,200.95685,0.6672038,0.37076142,0.7314963
1463,1462,123.03436,0.67019033,0.2249451,0.4459247
1463,1461,191.43666,0.67208296,0.35033134,0.6924857
1464,3239,2.096653,0.6665378,0.0029528514,0.0069404095
1464,2811,135.3292,0.66639745,0.32209924,0.6381053
1464,585,335.1234,0.6601129,0.61167914,1.2053775
1465,2951,2.3126373,0.66541386,0.0035991892,0.007941842
1465,5768,110.78841,0.67041314,0.26549926,0.52694106
1466,4257,2.093956,0.62871677,0.0032785237,0.0070334673
1466,2663,69.394264,0.6413462,0.12806194,0.2552661
1466,5315,50.7064,0.63781923,0.10469224,0.2063455
1467,5315,1.9308281,0.63525623,0.0028157085,0.006222859
1467,4257,51.568428,0.6389797,0.10640915,0.20980845
1468,2462,93.6444,0.61928874,0.17729299,0.3494476
1469,4294,3.5125427,0.6243385,0.012476601,0.024950624
1470,4583,215.177,0.6696982,0.39198157,0.7737104
1470,2796,24.781752,0.67598754,0.052530583,0.101216085
1470,2461,36.743935,0.67899406,0.0756667,0.1482432
1471,2632,3.0960083,0.7245867,0.0053495616,0.011559948
1471,1472,133.40436,0.7238294,0.32098684,0.637518
1472,2164,2.6737595,0.71937895,0.006598003,0.013874531
1472,73,78.58505,0.7250366,0.18441218,0.36775577
1472,2097,35.776222,0.7203325,0.081167154,0.15930703
1473,5223,1.9486809,0.7121187,0.0028724372,0.0062094033
1473,2846,18.467138,0.7140945,0.041017942,0.07998676
1473,1654,213.02109,0.714904,0.37609416,0.74365723
1474,5416,2.2223625,0.7111591,0.0033437386,0.0074350536
1474,3890,35.893684,0.7115178,0.08262465,0.16209972
1475,3233,25.884426,0.67309165,0.052077398,0.10024419
1475,1493,17.81338,0.6727386,0.035726264,0.06890232
1475,3279,116.309044,0.67305213,0.21121527,0.41856444
1476,1460,24.45844,0.6538198,0.050752778,0.0982355
1476,1476,247.98657,0.6449268,0.45948866,0.90203184
1477,4521,1.7763138,0.47917488,0.0029293373,0.0059380084
1477,1905,43.954124,0.47688994,0.11427355,0.22416677
1478,4526,86.6779,0.49737883,0.17333908,0.3355956
1479,1480,93.03281,0.58875465,0.17759621,0.35028636
1479,1488,132.21902,0.5847915,0.24994093,0.49201614
1480,1479,92.12318,0.5880966,0.1773168,0.34920305
1480,5442,4.620636,0.5926272,0.008165956,0.016791016
1481,5442,2.525879,0.586174,0.006665021,0.013621882
1481,1480,3.0094566,0.58972615,0.005338356,0.011407018
1482,1819,57.54636,0.7428148,0.10347091,0.2058437
1482,6643,11.335815,0.7412401,0.021498173,0.04179205
1483,3258,169.66534,0.48167193,0.35970658,0.6963836
1483,889,58.492355,0.45871082,0.11761355,0.22830085
1483,1796,139.84587,0.4894982,0.2803416,0.5432835
1484,1485,87.25003,0.60123146,0.18173575,0.35735047
1484,1487,102.27398,0.598242,0.20980449,0.41245937
1484,2710,292.1169,0.6022036,0.4143583,0.809196
1485,6780,0.48446655,0.27000678,0.0004627034,0.000903666
1485,3243,193.47716,0.5994664,0.3999085,0.78466785
1485,1484,84.869095,0.602445,0.180996,0.3554214
1486,1972,210.89462,0.53843313,0.41255847,0.80366933
1486,5353,138.43173,0.52111906,0.2717036,0.5292246
1486,6608,3.5723305,0.5354552,0.0065761656,0.014028266
1487,1484,101.92976,0.601029,0.21026331,0.4138367
1487,2713,49.177956,0.6065004,0.102122284,0.20138672
1487,1488,143.77151,0.59196234,0.26954702,0.5307736
1488,1824,210.17189,0.57349855,0.40339607,0.78888565
1488,1479,132.04604,0.5836308,0.2493679,0.49009347
1488,1487,143.60655,0.58920044,0.26901427,0.5297374
1489,4851,2.4309654,0.68305683,0.0048351586,0.010207951
1489,6763,3.4391136,0.6845607,0.006588213,0.013904512
1490,3933,2.3219643,0.636474,0.0030952767,0.0065852106
1490,1847,2.2025871,0.6321495,0.0032648072,0.0065416694
1490,916,26.80917,0.008984864,0.13825065,0.29520097
1491,1824,61.720135,0.582308,0.1185248,0.23335674
1491,6512,136.07404,0.5722659,0.28621325,0.5586488
1491,6781,10.619516,0.5914486,0.022315681,0.043937013
1492,1493,46.326645,0.6724428,0.08661513,0.17142309
1492,2800,51.14712,0.6712533,0.09683901,0.19225372
1492,3261,76.892204,0.67086065,0.14186363,0.2834109
1493,3233,23.679895,0.67323434,0.047831055,0.09222988
1493,1492,46.244076,0.6726141,0.086288296,0.1712174
1493,1475,18.128117,0.67200243,0.036536112,0.07041571
1494,5351,105.99808,0.6722204,0.19286266,0.38364625
1494,3223,55.025795,0.6710481,0.10193855,0.20252705
1494,5356,79.11389,0.6707409,0.14395876,0.28792414
1495,3808,31.520653,0.67297876,0.06179578,0.11887665
1495,3601,36.44541,0.6713287,0.07077862,0.13745682
1495,3807,2.3001633,0.669225,0.0036598742,0.00772734
1496,3017,145.5674,0.6535587,0.29106417,0.57456124
1496,3034,55.55945,0.65610915,0.10298933,0.20495494
1496,4933,31.248566,0.6592154,0.06534335,0.12634096
1497,4934,2.6472893,0.65385956,0.004720889,0.010035038
1497,4933,2.6206245,0.6567317,0.004757598,0.010311574
1497,3034,31.331005,0.6615803,0.06592795,0.12734929
1498,3195,4.34523,0.66688114,0.008024469,0.016111791
1498,7006,3.001381,0.66296875,0.005270332,0.011077017
1498,3040,188.21094,0.66158545,0.364537,0.7207246
1499,3176,279.1264,0.6141334,0.56266814,1.103628
1499,5153,115.78155,0.63242304,0.2370486,0.46565264
1499,1588,149.61966,0.6309001,0.27587667,0.5444154
1499,1379,120.73295,0.6309062,0.22278944,0.44036293
1500,2403,39.524693,0.6056451,0.08166016,0.15982114
1500,1572,285.02173,0.5887459,0.5411052,1.0607086
1500,6978,133.01791,0.593917,0.27339268,0.5363038
1501,6983,1.4887314,0.5799056,0.0022853985,0.0050721616
1502,1574,66.34154,0.61304736,0.12606141,0.24976191
1502,1384,53.227768,0.607698,0.10236505,0.20201682
1502,3608,365.35138,0.59370893,0.6809764,1.3381491
1503,1582,4.029148,0.6113342,0.007056363,0.014425665
1503,904,24.690268,0.6138421,0.051019553,0.09820949
1503,1580,41.860508,0.6158016,0.08037411,0.1578756
1504,1384,122.08748,0.5957589,0.2537868,0.49856007
1504,1385,152.30893,0.5949167,0.28775817,0.5662812
1504,1505,22.075903,0.59731364,0.04810541,0.09269406
1505,5265,2.1249123,0.59100103,0.003652759,0.008137092
1505,1572,116.84915,0.5938466,0.21751234,0.42887884
1505,1504,21.837767,0.59301645,0.047052216,0.090413205
1506,534,36.06959,0.55497456,0.076448366,0.14865819
1506,2349,81.530785,0.5636813,0.17072362,0.3342046
1506,6839,258.862,0.5344528,0.50618464,0.9865704
1507,1597,70.01691,0.6119021,0.13215567,0.2616646
1507,1593,23.71197,0.6073239,0.04908564,0.09462893
1507,1590,39.334854,0.61055005,0.075989045,0.1492872
1507,2375,132.58632,0.6025168,0.24724981,0.48710984
1508,6838,2.3514595,0.5361941,0.0029448196,0.0065338016
1508,2374,230.4098,0.56157315,0.44574016,0.8704102
1508,1512,40.34082,0.540736,0.078038566,0.15207967
1509,2347,34.55326,0.5839312,0.0674371,0.13022742
1509,1510,7.0638657,0.5793655,0.013639703,0.027449623
1510,5155,160.99149,0.5539531,0.31069094,0.60763144
1510,1509,6.5301247,0.5828019,0.012262464,0.024993151
1510,6914,2.6715813,0.5803492,0.0046073943,0.009684131
1511,579,3.8238258,0.55734336,0.0067431927,0.013840646
1511,2238,27.382505,0.5558836,0.059334498,0.11342932
1511,583,31.74329,0.56261164,0.067730755,0.13165726
1512,5266,4.931919,0.53839344,0.009207077,0.018743947
1512,3061,97.02224,0.5531729,0.1873396,0.3665316
1512,1508,40.121265,0.53965527,0.077724084,0.15122288
1513,3197,1.5177193,0.5840274,0.0046698004,0.009800762
1513,1510,28.51823,0.5826366,0.056304865,0.10728217
1513,1514,45.684788,0.58750546,0.08721416,0.17190012
1514,538,2.1236153,0.58496296,0.005681306,0.011991143
1514,2347,2.6915398,0.5892805,0.004092045,0.008541703
1514,1513,45.9554,0.589199,0.08742251,0.1719801
1515,1354,72.94255,0.60464054,0.13854602,0.2746068
1515,2346,24.977926,0.6015509,0.051649354,0.09914568
1515,4949,50.23195,0.6079509,0.09577135,0.18812285
1515,1516,49.161957,0.60384613,0.09491418,0.1843498
1516,5905,0.7804947,0.58148897,0.0023673475,0.0051828325
1517,2342,139.04962,0.52799505,0.271924,0.52932745
1518,2343,9.120502,0.54612327,0.018172823,0.036230788
1518,3000,6.0038795,0.54175013,0.011785895,0.02376175
1518,1517,6.300049,0.5379954,0.012384877,0.02489242
1519,6587,0.835865,0.45928663,0.0049640313,0.0037519187
1519,6594,2.6802979,0.75029695,0.0028980002,0.005680442
1520,5950,1.69767,0.39285654,0.0028956532,0.0058796853
1520,6927,2.1630402,0.39365977,0.0051232725,0.009785995
1520,4157,131.27203,0.37623176,0.28186232,0.5421379
1521,5170,1.9723091,0.7055289,0.004616618,0.009990618
1521,3571,13.781324,0.7088407,0.026678316,0.051776826
1523,1524,3.758957,0.6201738,0.0127827525,0.025971815
1523,1526,79.86812,0.6340748,0.18100844,0.3576936
1524,1921,12.657759,0.6256309,0.03311681,0.06500522
1525,1524,81.839966,0.63344073,0.16295534,0.31930012
1525,1526,6.1777077,0.62669814,0.042469278,0.08692771
1526,3106,135.03423,0.6447493,1.001897,1.9700483
1527,418,45.82652,0.6914503,0.0924489,0.18409577
1527,1529,3.5009232,0.69122475,0.0066782236,0.014184609
1528,1527,2.4012146,0.6887859,0.004426129,0.009911999
1529,3267,3.1474419,0.6901443,0.0060217157,0.012885243
1530,3219,1.8716927,0.6782967,0.004561618,0.009230733
1530,1533,28.427834,0.6825948,0.055553913,0.10822466
1531,4198,2.0617867,0.67011964,0.0028175414,0.0061850846
1531,1092,178.42049,0.68006814,0.24521324,0.48775423
1531,2177,31.910904,0.6770606,0.061712734,0.119487405
1532,1533,5.9805794,0.6789111,0.011699855,0.023661181
1532,1531,29.428823,0.6797495,0.057777334,0.11172198
1532,1537,113.73584,0.68316174,0.22582543,0.44675696
1533,5869,42.570656,0.68185294,0.081858024,0.16155107
1534,1535,2.5825577,0.67365813,0.0038775802,0.008385658
1534,1536,98.901855,0.6788466,0.18194212,0.36227623
1534,1532,31.019524,0.6798308,0.060531527,0.1158132
1535,1534,2.5462723,0.6786732,0.0043495446,0.009149775
1535,4198,36.093506,0.66650313,0.11272247,0.21878916
1536,1534,99.277466,0.6767993,0.18206346,0.36228102
1536,4680,70.133606,0.6781719,0.12839253,0.25691453
1536,2499,148.12512,0.67541504,0.20794576,0.41482455
1537,1532,113.386696,0.6827051,0.22517586,0.44539487
1537,1094,9.573708,0.6792497,0.019393802,0.038395315
1538,1547,53.734367,0.6815082,0.100000225,0.19818828
1538,2745,256.98166,0.6812376,0.4653564,0.91731924
1538,1239,67.67434,0.6838338,0.1342544,0.26795653
1538,1093,38.581356,0.6844967,0.078467585,0.15343775
1539,1540,39.145813,0.6806799,0.07503365,0.14663737
1539,3229,33.12883,0.6796775,0.06552091,0.12551782
1539,1240,102.46423,0.68005663,0.18875855,0.37548605
1540,1388,51.684933,0.67853564,0.09555469,0.19008884
1540,1539,39.031296,0.68036497,0.0747614,0.14635119
1540,3229,18.9582,0.67826813,0.03815569,0.07346903
1541,2745,49.517174,0.6804795,0.09222891,0.18330829
1541,1096,142.36594,0.68211615,0.2845921,0.56321526
1541,1543,18.457447,0.6828446,0.037914086,0.0730265
1542,1543,36.724583,0.68281686,0.074907266,0.14641272
1542,2120,97.965546,0.68309927,0.19649076,0.39017135
1542,2119,140.93869,0.6804325,0.25699705,0.5094232
1543,1541,18.685856,0.6827194,0.03822474,0.07361928
1543,1549,30.572737,0.68369824,0.06041345,0.11537721
1543,1542,36.644646,0.6826439,0.073971815,0.14430715
1544,1090,84.54681,0.6841575,0.15492584,0.30968684
1544,1552,14.450083,0.68384975,0.028563574,0.055390798
1544,1546,109.04518,0.6843722,0.19906598,0.39618677
1545,1548,61.3987,0.6826204,0.11942473,0.23931085
1545,1090,28.398907,0.682454,0.058516413,0.11270019
1545,1546,21.787413,0.6818466,0.04382388,0.08440489
1546,1547,67.72441,0.68023324,0.123203814,0.24651217
1546,1544,109.16978,0.6865792,0.19862801,0.3955093
1546,1545,21.50331,0.68308896,0.043362778,0.08358342
1547,5243,2.2761002,0.6772896,0.0037823766,0.0074917525
1547,1093,10.73868,0.6815263,0.021048613,0.041116953
1547,1546,67.57903,0.67938846,0.12397959,0.24793674
1547,1538,53.254074,0.6796761,0.09923175,0.19742197
1548,4348,2.3963165,0.67636275,0.0044084713,0.009474024
1548,1545,60.697796,0.6828176,0.118979335,0.23854193
1549,1543,30.740292,0.68291456,0.06055924,0.11602817
1549,1390,113.69627,0.6855544,0.20694196,0.41136497
1549,1550,105.13319,0.6858659,0.19260809,0.38357675
1550,1241,86.625916,0.6855384,0.15775035,0.31559682
1550,1549,105.46533,0.68442637,0.19182077,0.38178965
1550,6616,36.782227,0.6802665,0.0714263,0.13793974
1551,1090,38.468563,0.68178153,0.076820694,0.15111698
1551,5131,11.442484,0.6810043,0.023096733,0.04551865
1551,1552,89.15359,0.6844985,0.16300404,0.32552546
1552,1544,14.496754,0.6840215,0.028723724,0.0555885
1552,1084,24.498852,0.6855782,0.049984664,0.09643915
1552,1551,88.81821,0.68526,0.16318676,0.32589698
1553,3690,1.5651436,0.56647146,0.0019117519,0.0046747625
1553,2348,252.66553,0.5610841,0.4871539,0.95136565
1553,2402,68.503075,0.5599064,0.17849131,0.34859258
1554,723,19.955187,0.6259726,0.047143728,0.09207059
1554,5172,27.601706,0.6251335,0.057668734,0.1097159
1555,695,136.3865,0.45915213,0.27908048,0.53957945
1555,5255,104.90193,0.48343092,0.28132996,0.54513204
1556,251,69.27177,0.51322323,0.1839836,0.35856616
1557,4883,2.2105026,0.6552096,0.003943108,0.008573249
1557,4884,16.235447,0.6575892,0.03331895,0.06458206
1558,4788,236.19254,0.7259019,0.19062805,0.380858
1559,1560,75.89811,0.72205865,0.13619067,0.27218312
1559,1794,67.7655,0.7464141,0.14816616,0.2949564
1559,4738,23.688421,0.7253684,0.05322618,0.104893014
1560,1559,75.57114,0.72074974,0.13695279,0.2736192
1561,746,2.3010788,0.6803495,0.0057725087,0.01189594
1561,6065,148.78413,0.68117416,0.41926947,0.8328867
1562,383,3.1912308,0.6972554,0.005630888,0.011360869
1562,823,27.805927,0.6998898,0.054393888,0.10517719
1563,5757,40.725163,0.69045615,0.09305832,0.18424672
1564,6398,45.111546,0.68548596,0.10616542,0.20357752
1565,4088,17.871433,0.69278926,0.03727135,0.07250135
1566,1563,5.54895,0.6920992,0.012338579,0.024918199
1566,1567,18.057463,0.69218,0.0337173,0.065777265
1567,2986,41.03879,0.69121754,0.08385371,0.16433865
1568,1563,17.487818,0.6904546,0.0316308,0.06190046
1568,1565,33.520523,0.6954481,0.06890916,0.13496679
1569,1564,6.6215973,0.6899577,0.0150337815,0.029801324
1569,1565,20.786922,0.6943747,0.037712865,0.07333966
1570,5708,23.822512,0.6575006,0.06626532,0.12839386
1570,4060,11.985989,0.6565087,0.023673095,0.046579555
1571,5111,2.2282104,0.6240928,0.0036652088,0.0076701045
1571,5976,33.40548,0.63285905,0.066547506,0.12782775
1571,562,25.769905,0.62623096,0.053421553,0.103213854
1572,1500,284.5569,0.58647406,0.54266393,1.0627456
1572,2350,108.85266,0.5904886,0.20331082,0.39902776
1572,1505,116.698044,0.5922486,0.21839717,0.43030006
1573,1384,37.138424,0.6091031,0.07727814,0.15192598
1573,1383,34.14484,0.6110947,0.07219104,0.14155056
1573,1574,78.53923,0.6112293,0.14767799,0.29267496
1574,1383,113.52923,0.60832053,0.21104157,0.4167877
1574,1502,66.364136,0.612103,0.12570158,0.2491255
1574,1573,78.81734,0.6096257,0.14782438,0.29300374
1575,1577,83.49563,0.6111926,0.15645163,0.30957288
1575,1385,59.25479,0.6089821,0.11254974,0.22283943
1575,1383,37.463757,0.60862243,0.07297358,0.14379223
1576,1577,24.68046,0.6123419,0.05100159,0.0981789
1576,1578,52.471718,0.61383533,0.100150354,0.19731152
1576,904,41.417824,0.61488706,0.07967315,0.15647542
1577,906,53.424625,0.61634964,0.10128177,0.19964775
1577,1575,83.450676,0.6109209,0.15639535,0.30921566
1577,1382,35.45616,0.61759263,0.070123106,0.13571458
1577,1576,24.825285,0.6110229,0.05111772,0.09848738
1578,1385,92.48308,0.60669696,0.17377423,0.3430494
1578,1582,27.63406,0.6108642,0.05661659,0.10830687
1578,1576,52.743057,0.6136183,0.100172766,0.19732074
1579,1581,17.458595,0.61354065,0.03584523,0.069677815
1579,1582,32.521595,0.61289954,0.06484446,0.124550626
1579,1595,31.4883,0.6130374,0.06284478,0.12070745
1580,1581,23.026373,0.61610866,0.04749989,0.09192063
1580,1584,14.422682,0.61748797,0.029213604,0.057137974
1580,1503,42.15126,0.61682516,0.0805029,0.15809101
1581,1580,23.15156,0.6138631,0.04785414,0.09283867
1581,1579,17.385376,0.6131101,0.035554457,0.06917939
1581,1598,38.534866,0.61798614,0.0750633,0.14603454
1582,1503,4.2691307,0.6109717,0.007516153,0.015293092
1582,1578,27.406288,0.6105863,0.055884086,0.10682639
1582,1579,32.487034,0.6123376,0.06441517,0.12368575
1583,1584,24.629408,0.6174288,0.050869334,0.09819419
1583,905,40.89112,0.62103003,0.07914111,0.15463096
1583,906,46.830177,0.6186088,0.088897996,0.17528641
1583,1585,26.530611,0.62033314,0.05443506,0.104422204
1584,1580,14.595467,0.615937,0.02959513,0.057821788
1584,1583,24.524492,0.61868906,0.050662223,0.097648665
1584,904,44.50608,0.6170959,0.08481086,0.16652179
1584,546,39.894535,0.62115145,0.07650364,0.14979841
1585,5561,22.65907,0.6241998,0.047749046,0.09202059
1585,5104,36.947544,0.6252315,0.07619029,0.14799196
1585,1583,26.432209,0.61994535,0.053981386,0.103611685
1586,1587,5.534527,0.63542235,0.010789454,0.021630213
1587,1586,5.036518,0.62674016,0.009067997,0.018165007
1587,1588,88.1425,0.63331366,0.16338103,0.32412732
1587,6894,66.3484,0.631482,0.122673035,0.24431112
1588,6894,116.72231,0.6325555,0.21563217,0.4256704
1588,1499,148.8334,0.63158196,0.2754031,0.5438924
1588,1587,87.4624,0.63496494,0.16446507,0.3264001
1589,908,42.863903,0.6273884,0.08233773,0.16254714
1589,547,63.916977,0.6302122,0.11937986,0.23799627
1589,5563,75.437775,0.62702703,0.14116159,0.28096753
1590,1591,21.542423,0.6110582,0.044123158,0.085457556
1590,1597,23.002132,0.6129635,0.047197048,0.09156883
1590,545,28.790726,0.61347187,0.05787518,0.11091798
1590,1507,39.188263,0.6122063,0.076059714,0.14911282
1591,1590,21.513943,0.6108742,0.044050924,0.08533721
1591,1592,23.61948,0.60890025,0.048460063,0.09378049
1591,1593,29.775236,0.6090154,0.059744343,0.11438478
1591,544,37.890614,0.61306435,0.073360674,0.14381482
1592,1591,23.641891,0.6091277,0.0485904,0.09400824
1592,1594,25.055859,0.6090151,0.05175175,0.09947068
1592,1355,23.054657,0.6107484,0.047206875,0.09184312
1593,1594,19.207464,0.6088112,0.039434,0.07642569
1593,1591,29.855911,0.6089371,0.05995901,0.114965886
1593,1507,23.784786,0.60905933,0.049250193,0.09522693
1594,1593,19.18512,0.607783,0.039395347,0.07626353
1594,1354,117.51051,0.6028938,0.2189798,0.43222445
1594,1592,25.145254,0.60763586,0.05184769,0.099565394
1595,1579,31.453625,0.6128231,0.06269876,0.120399006
1595,1597,13.816099,0.6126704,0.02795241,0.054750875
1595,1596,29.180687,0.61370885,0.05889153,0.11309662
1596,2601,1.8515816,0.6134,0.0025697201,0.0057943314
1596,1595,29.198664,0.61415184,0.059101883,0.11315388
1596,1598,21.460098,0.6199222,0.0457205,0.088240385
1597,1507,70.2872,0.6131869,0.13211897,0.26162806
1597,1590,22.91505,0.61235505,0.04709821,0.091295265
1597,1595,13.684956,0.6135719,0.027735777,0.05425106
1598,1581,38.62933,0.6163107,0.07554758,0.14771494
1598,6409,21.046759,0.6230031,0.04562748,0.088072516
1599,2594,39.75492,0.6866936,0.07573993,0.14774525
1599,1288,38.86636,0.6872068,0.07376476,0.14351937
1599,2597,124.023926,0.68719316,0.2248185,0.44614577
1600,3011,2.1681328,0.6816565,0.0032132864,0.0069482625
1600,1601,2.1186256,0.67672014,0.005075544,0.010402009
1601,3009,6.3050117,0.6607729,0.013708457,0.027111575
1601,2192,12.030985,0.064804256,0.028333284,0.05769787
1602,1603,10.702061,0.70413005,0.02156166,0.04250066
1602,2093,86.72051,0.702529,0.17713961,0.35080588
1603,3060,23.31519,0.7056709,0.047951788,0.092058256
1603,1602,10.795038,0.7050229,0.02160988,0.04242547
1603,3161,59.90203,0.7056004,0.10759422,0.21450788
1604,3057,85.34495,0.6993901,0.15501107,0.31023794
1604,3060,179.77695,0.7004719,0.35878584,0.70807505
1604,1606,72.17128,0.70276874,0.14257169,0.28471884
1605,1300,36.871914,0.7035148,0.073790684,0.14296952
1605,3056,30.214859,0.7044971,0.06155015,0.118737325
1605,1298,92.488556,0.70539033,0.16847679,0.3366315
1606,3056,3.8425179,0.7021948,0.007598132,0.0154265165
1606,3058,116.510735,0.7054073,0.21145585,0.42064613
1606,1604,70.68128,0.7044283,0.14045307,0.28153172
1607,3057,49.24723,0.69909173,0.09144656,0.18095918
1607,1301,108.642624,0.70481384,0.2625685,0.5217348
1607,1944,92.26198,0.6965033,0.19705018,0.3913526
1608,5110,1.7188301,0.6342863,0.0032669976,0.0075244308
1608,5341,33.673214,0.638926,0.06775642,0.13073875
1609,5975,26.5251,0.6298866,0.05444414,0.10500694
1609,5977,6.0212364,0.63114804,0.011397645,0.022966117
1610,5111,32.305725,0.629614,0.06526927,0.12565285
1610,5977,27.497604,0.63175803,0.068442374,0.13287044
1611,1612,28.543709,0.6399088,0.07065468,0.13816717
1612,1613,2.652443,0.63594353,0.0068711415,0.014419764
1612,6158,14.092293,0.033511043,0.05961036,0.122878745
1613,900,0.0,0.03433159,0.004380353,0.008864865
1614,6609,37.429398,0.6606731,0.0729802,0.1417169
1614,943,73.87582,0.65924346,0.13535357,0.270886
1614,964,33.943645,0.6586815,0.06685767,0.1293237
1615,4625,21.06031,0.031490773,0.09177097,0.19083443
1616,4626,2.0802536,0.73608255,0.0032978877,0.0070941746
1616,6034,92.252655,0.73372626,0.1327357,0.2637009
1616,6465,148.03056,0.7354841,0.2839212,0.5600158
1617,4634,1.7493134,0.7419938,0.0027385056,0.0060102493
1617,4210,14.844069,0.7388935,0.031125113,0.060841277
1618,4608,1.8409386,0.7307092,0.0029626414,0.0061739683
1618,326,4.037258,0.73046815,0.0067777857,0.014102235
1618,4187,6.4882393,0.7307625,0.012294985,0.024511755
1619,2123,36.944733,0.727072,0.07265083,0.13954048
1619,1659,14.054424,0.72606915,0.028051183,0.05427154
1619,5706,15.451763,0.7282131,0.03081822,0.059485346
1620,5707,2.6077538,0.7260526,0.0013538599,0.0038215518
1620,5706,15.321335,0.7277529,0.03099078,0.0600619
1621,3802,1.8704567,0.622468,0.0027569532,0.005923286
1621,1892,49.352196,0.620929,0.09337468,0.18440814
1621,6704,32.544937,0.62993115,0.0694582,0.1362448
1622,1685,5.3051376,0.45015475,0.011091873,0.021908373
1623,1685,54.28036,0.45131195,0.107980475,0.20928429
1623,1624,51.301334,0.42633313,0.105348855,0.20214882
1623,199,1.8697815,0.44963503,0.0035943836,0.0075751543
1624,7028,2.5056,0.39181653,0.004798509,0.009489208
1624,1680,17.79296,0.39812455,0.03867979,0.07442224
1625,2833,19.139732,0.5024906,0.040622264,0.0785001
1625,2308,10.643141,0.52134407,0.021808796,0.042886868
1625,2627,188.88449,0.5415707,0.36602205,0.7136347
1626,361,230.46948,0.664224,0.4148402,0.8165281
1626,6184,102.76339,0.66923654,0.18881133,0.3741294
1627,3069,0.74869156,0.65818286,0.009894624,0.019581884
1627,3218,2.0231628,0.66636163,0.0028734654,0.0067989677
1628,6850,0.87363434,0.038395166,0.007609494,0.015834242
1628,4710,5.310238,0.43553564,0.009898521,0.014305621
1629,6641,17.187439,0.04397899,0.075503,0.15979828
1630,2444,2.7618217,0.47989637,0.0024955496,0.0038630813
1630,5660,2.425827,0.7133678,0.003151536,0.0054970086
1630,6561,23.395927,0.7211631,0.060592525,0.1174172
1631,1634,2.1880608,0.7426408,0.0029202849,0.0060220957
1631,3117,2.3536415,0.74045575,0.0034172684,0.007083863
1631,1633,39.221107,0.7344723,0.10477403,0.20399265
1632,3091,2.1699638,0.73918355,0.0035794675,0.0077237785
1632,3095,2.524189,0.74306196,0.0047179013,0.008888006
1632,1631,35.158054,0.73239803,0.09536858,0.1873155
1633,3118,1.8949051,0.73968697,0.0026456863,0.005708769
1633,2519,68.62735,0.7366591,0.2080066,0.41103145
1634,1631,2.2963867,0.73999673,0.0033529252,0.006778106
1634,3091,34.379036,0.7372537,0.09720694,0.1899954
1635,2502,77.42091,0.73783726,0.23664245,0.47172272
1636,188,32.161953,0.6973062,0.07531123,0.14758673
1637,1308,48.184246,0.6968723,0.08985952,0.1774521
1637,5861,94.072266,0.7004368,0.22459707,0.44633216
1638,5012,102.08379,0.6951232,0.24090445,0.47810316
1639,6396,6.95652,0.6954938,0.015365072,0.031061083
1639,5338,6.167946,0.69594437,0.009786487,0.020536885
1640,1638,33.099064,0.6940932,0.06003344,0.118677914
1640,1639,4.7384186,0.69342935,0.0101759285,0.020841822
1641,6345,68.00907,0.70361626,0.1387636,0.27621838
1642,1641,5.8258553,0.699232,0.011718422,0.024199337
1642,182,6.2087555,0.69950914,0.013571218,0.027659059
1643,1641,11.511736,0.70051956,0.021346256,0.042314857
1643,1642,8.042675,0.6907538,0.018874176,0.036796883
1644,3460,5.0523796,0.6988037,0.01146505,0.023418188
1644,2508,6.8332024,0.69753563,0.013006173,0.026605412
1645,2901,10.334753,0.70074356,0.02270919,0.04501903
1646,5534,14.263826,0.6989248,0.03212181,0.06292856
1647,3476,64.08061,0.68627465,0.13036302,0.25883025
1647,2947,2.4586754,0.6926404,0.004925333,0.01045455
1648,5735,4.1524506,0.6992047,0.00885535,0.017971799
1648,2741,17.270649,0.70056814,0.030816793,0.06051915
1649,5076,9.777946,0.69767964,0.022126675,0.044012547
1650,98,38.683968,0.7001405,0.07974202,0.15555717
1650,378,17.598003,0.7000166,0.03536171,0.06821732
1651,2005,103.15042,0.6903865,0.24543837,0.48481554
1652,6972,99.595894,0.72563934,0.17927349,0.35823864
1652,404,56.298843,0.7261974,0.10206065,0.20307003
1652,3274,74.000435,0.722995,0.13175592,0.26286525
1653,5414,5.405716,0.7141451,0.0099227205,0.019804612
1653,3352,5.5228996,0.7151948,0.010087788,0.020107627
1653,1654,21.49589,0.71505654,0.042793065,0.08276415
1654,1653,21.646704,0.71318555,0.042785954,0.0829621
1654,30,257.58823,0.71651113,0.4556974,0.89945143
1654,1473,212.89432,0.71623105,0.37552264,0.742279
1655,1656,84.99512,0.72344106,0.16519707,0.3299638
1655,402,120.73503,0.7220809,0.23893636,0.47385466
1655,403,72.26199,0.71966684,0.1296057,0.25867045
1656,2160,7.9144173,0.72153556,0.015503682,0.030451715
1656,1655,83.878586,0.7215645,0.16487053,0.32963124
1657,1022,124.43797,0.67198396,0.22707114,0.44983572
1657,1391,32.10384,0.65744716,0.07755342,0.15342227
1658,5227,2.6228065,0.7262412,0.0047267675,0.010222077
1658,2160,48.086063,0.72486305,0.09249063,0.18243696
1658,6970,51.023743,0.7290513,0.09256085,0.18315065
1659,3296,32.394165,0.7257883,0.06416181,0.12345174
1659,1619,13.628519,0.7250556,0.027120844,0.052462846
1659,2124,117.98046,0.72852,0.21339491,0.42455384
1660,4179,16.614765,0.72766566,0.03351492,0.06472319
1660,6039,20.11452,0.7300145,0.041163124,0.080926076
1661,3559,69.912994,0.72530544,0.13607366,0.2723185
1661,4179,23.15818,0.7256713,0.04683889,0.09081607
1661,2156,37.291496,0.7269319,0.07041566,0.13409072
1662,3296,41.593525,0.7278121,0.082338266,0.16058749
1663,2139,449.70892,0.7077546,0.79004234,1.5629802
1663,2231,27.49438,0.72590154,0.052665234,0.10248706
1664,1249,53.983044,0.60367924,0.10348057,0.20439269
1664,6712,68.169716,0.63272417,0.12734686,0.25404942
1664,2834,68.59076,0.60787344,0.1293469,0.25698662
1665,793,2.070282,0.6771338,0.0030041784,0.0064694583
1665,6351,35.571156,0.681406,0.083185084,0.16339889
1666,1665,18.92485,0.6768579,0.04265068,0.08236607
1667,6580,1.8911247,0.6698358,0.0045692027,0.009612128
1667,1666,5.1058235,0.6757612,0.011760108,0.024019748
1668,1686,33.903347,0.3821007,0.07184504,0.13665996
1668,1672,53.131073,0.37197018,0.11035837,0.21179241
1668,1314,2.096405,0.3602929,0.0040705353,0.007973433
1669,369,9.697704,0.45525336,0.021130972,0.041218907
1669,627,2.3819313,0.45268422,0.0046874583,0.009710133
1669,2727,32.152103,0.48326075,0.061809923,0.116008386
1670,1680,27.271685,0.38211024,0.059366357,0.11198234
1670,1668,13.246969,0.36547,0.028615646,0.054787822
1671,6628,2.3059998,0.41228104,0.0039930344,0.007861674
1671,1266,67.434135,0.39733142,0.14057946,0.2714257
1671,1675,42.2409,0.39642435,0.087987855,0.16742653
1672,1679,42.4696,0.3999063,0.08931075,0.16902354
1672,1263,1.8318481,0.38411987,0.0035096407,0.007052779
1672,1678,28.723652,0.39651436,0.061698914,0.11654395
1673,1318,9.563675,0.36268157,0.021835648,0.04138106
1673,2316,51.12862,0.38464522,0.10516572,0.20130543
1674,1685,39.440407,0.4714421,0.07851833,0.15128642
1674,1312,63.60977,0.49371195,0.1386621,0.26880988
1674,2833,33.95427,0.49383262,0.074567325,0.14503072
1675,1321,73.327774,0.3661844,0.15754032,0.30436456
1675,1318,61.801807,0.36194694,0.13310973,0.25641984
1675,1264,2.4056892,0.38288713,0.0047796816,0.009468362
1676,370,27.970657,0.4349604,0.06353415,0.120301396
1676,369,11.292347,0.4531865,0.024779893,0.04804398
1676,2316,31.472395,0.4321467,0.06634942,0.12573385
1677,1265,15.1713295,0.43805465,0.03225129,0.062073573
1677,1261,50.4547,0.46646973,0.101280525,0.19666678
1677,1262,49.261375,0.47517738,0.09756418,0.19012573
1678,1672,28.814754,0.39815378,0.061179534,0.11541653
1678,1265,24.556368,0.42193827,0.053615574,0.10100788
1678,1232,45.755623,0.4287757,0.093105026,0.17935717
1679,1232,35.36158,0.43049923,0.07958017,0.15244938
1679,1684,130.88016,0.46756554,0.26347956,0.5094807
1679,6629,1.9006424,0.41629258,0.003968239,0.008168906
1680,1670,26.821083,0.38368618,0.05897386,0.110874176
1680,1624,17.488241,0.39833078,0.03804792,0.07328822
1680,1686,11.39279,0.39943326,0.024326243,0.046952143
1681,7032,8.198578,0.5650077,0.015576735,0.030606478
1681,5371,126.71036,0.5394823,0.2437492,0.47693658
1681,1684,62.070473,0.5384802,0.11880525,0.23353866
1682,5371,71.0979,0.51045525,0.13970877,0.2724704
1682,1262,37.473885,0.5027759,0.081361204,0.15971018
1682,1261,31.630133,0.49479848,0.07007646,0.13582818
1683,1312,2.6759262,0.5070589,0.006090559,0.012340128
1683,4952,3.6741676,0.51004565,0.0058518276,0.01194796
1684,198,1.5103188,0.5178804,0.0027641803,0.0062063932
1684,1232,121.00773,0.4911598,0.26426747,0.5122915
1684,1681,61.652916,0.5401193,0.118084304,0.23215657
1684,1679,130.59183,0.46525347,0.26441884,0.5110427
1685,1622,5.207096,0.45328173,0.010535799,0.021031573
1685,1623,53.328457,0.45110673,0.10621222,0.20617257
1685,1674,39.55336,0.47088203,0.07788779,0.1504505
1685,1686,42.712658,0.42568055,0.08707862,0.16800709
1686,1668,33.826145,0.3802712,0.07166883,0.13572119
1686,1680,11.315508,0.39662892,0.024181858,0.046530455
1686,1265,57.541832,0.40813422,0.11801806,0.22745222
1686,1685,43.03573,0.4232577,0.086585075,0.16691299
1687,2895,26.759842,0.68599117,0.06324392,0.121111706
1688,5333,5.37315,0.64177614,0.01068145,0.021677345
1688,6525,122.14511,0.67551905,0.24430326,0.48387438
1689,3349,4.1717377,0.7096513,0.007903807,0.016168252
1689,2138,80.07822,0.7201788,0.15719749,0.31378418
1689,3348,6.7853355,0.709972,0.012744501,0.025246784
1690,2940,30.997147,0.44303858,0.112785764,0.17895873
1691,6232,2.9230614,0.71282977,0.0053136274,0.010949001
1691,7074,0.0,0.12510127,0.0084345415,0.016655996
1692,4459,14.580736,0.713462,0.029693313,0.057458736
1692,6911,24.18996,0.718078,0.035954252,0.07190972
1693,3327,2.2410698,0.71700454,0.003648229,0.006617725
1693,1692,19.129133,0.71819955,0.031461705,0.061021887
1694,452,11.710543,0.7104057,0.02329658,0.04521452
1694,1693,32.888344,0.71334046,0.050799146,0.10011275
1695,6404,2.2145348,0.70980304,0.004059069,0.008644342
1695,1694,32.218117,0.7091161,0.047128137,0.09191327
1696,2578,51.18792,0.71523654,0.1504933,0.29867935
1696,832,10.758396,0.7122714,0.021008663,0.041046694
1697,1868,1.5285568,0.70338416,0.004134327,0.009178236
1697,127,13.404018,0.7071457,0.02689609,0.05218357
1698,3678,1.7984581,0.7034108,0.00459034,0.010137022
1698,6743,47.328045,0.70738596,0.10908892,0.21647899
1699,87,2.308567,0.70769835,0.004447557,0.009331718
1699,1697,80.53543,0.7115358,0.19021592,0.3790387
1700,1119,2.6787987,0.70522344,0.005238667,0.011233062
1700,2885,46.899525,0.7102152,0.13815092,0.27582178
1701,83,2.4791336,0.6986277,0.0048200935,0.010538921
1701,5823,2.4671707,0.6990624,0.006118953,0.013197914
1702,5825,29.591862,0.7001371,0.07239048,0.14005704
1702,4197,55.742405,0.7007349,0.13330942,0.26288116
1703,1706,19.434914,0.6217032,0.050862662,0.09958786
1703,4937,1.485527,0.6159525,0.0016864166,0.0045049787
1704,2995,201.94667,0.5895811,0.16962838,0.33427614
1704,6712,129.60634,0.6334212,0.26990584,0.52850574
1705,5821,21.41749,0.609315,0.043560863,0.0844692
1705,1710,85.8076,0.5975692,0.2604641,0.51311284
1706,1705,15.486464,0.6143384,0.04044353,0.07898743
1707,6246,27.77795,0.6258845,0.07831201,0.15264794
1707,6245,38.046207,0.62414,0.076333396,0.15023528
1708,2720,44.346966,0.6847525,0.084399916,0.16659226
1708,6250,12.048616,0.68535286,0.031812143,0.06253178
1709,2996,4.420101,0.64361304,0.008534513,0.017576277
1709,2698,134.54741,0.6336972,0.27468276,0.5416771
1709,6776,49.079094,0.6522212,0.09367632,0.18267694
1710,2588,60.536545,0.59953773,0.18658999,0.36734456
1711,2680,91.846954,0.6683367,0.12825371,0.25663507
1711,4107,20.515265,0.668514,0.05545828,0.10932317
1711,5828,14.167959,0.66373503,0.025887325,0.050608978
1712,4980,66.677986,0.6446934,0.06807488,0.12967935
1712,1020,168.7218,0.66024655,0.34208533,0.67265815
1713,2590,34.121635,0.5884795,0.07352498,0.14187083
1714,3826,2.5041313,0.6213144,0.004382968,0.009331107
1714,1716,4.624462,0.62270284,0.014141746,0.028195456
1715,6020,29.984776,0.61819553,0.08906876,0.1740599
1715,1917,33.84703,0.6185847,0.08510312,0.16511956
1716,1469,2.0898666,0.62263143,0.0038693398,0.008552685
1716,2272,54.28645,0.6177762,0.17345616,0.34233904
1717,1719,1.0147781,0.61909366,0.0032405034,0.007071495
1717,1703,46.49759,0.6190971,0.1464514,0.28981376
1718,2661,98.676834,0.6267011,0.18819755,0.37193298
1718,5237,45.67924,0.6127818,0.14420836,0.2836751
1719,1717,1.1928253,0.61959404,0.0034835115,0.0075039268
1719,4001,20.770178,0.6261044,0.0561572,0.10983561
1720,78,2.2371788,0.6059526,0.0032746717,0.007269785
1720,2655,74.97532,0.60775495,0.24220595,0.47826123
1721,3431,2.8178062,0.6391661,0.004684508,0.010165781
1721,4918,24.993807,0.01449424,0.12068326,0.25538003
1722,2915,6.954754,0.66457784,0.013529226,0.02690138
1722,822,69.01392,0.6652384,0.12615436,0.25271514
1722,4196,7.784374,0.6676738,0.012943067,0.026184544
1723,4184,2.4924698,0.71626806,0.0043160543,0.008509234
1723,3643,47.826065,0.7155774,0.08770505,0.17150062
1724,1725,1.1185608,0.63390905,0.0057981014,0.011572942
1724,2687,31.755653,0.64235604,0.07500538,0.14693983
1725,2684,17.780863,0.64287037,0.036512617,0.07139692
1725,6777,45.51156,0.6415504,0.1397886,0.2748014
1726,1724,13.868128,0.6381891,0.035069805,0.0686312
1727,6244,8.140984,0.6363308,0.020417228,0.04061681
1728,1719,27.446133,0.6238134,0.07918673,0.15702167
1728,1729,148.52881,0.6263613,0.27792755,0.5480905
1729,2685,3.2442665,0.62958896,0.0058780313,0.012718946
1729,1728,148.04025,0.6282884,0.27826035,0.5482735
1730,3485,4.527096,0.6652331,0.008382976,0.016161129
1730,5647,24.003223,0.008195162,0.06180632,0.1284391
1730,2003,100.74697,0.7105063,0.17896587,0.35703152
1731,5355,95.48399,0.70170164,0.17199817,0.3427753
1731,7035,13.233013,0.10356334,0.04093684,0.081333384
1732,6098,2.0651474,0.69564515,0.0042651147,0.009701282
1733,391,2.703373,0.7014828,0.0044504628,0.008279681
1733,3403,53.416008,0.70385134,0.09656876,0.1891795
1733,6802,17.610954,0.116865486,0.054536104,0.10814486
1734,1735,209.4698,0.726989,0.36300197,0.71777195
1734,1979,112.72076,0.7309754,0.20314741,0.40514594
1734,74,96.55912,0.72751725,0.17226163,0.34517723
1735,2821,98.20857,0.7325912,0.1740737,0.34756488
1735,1734,207.63536,0.7294786,0.36331478,0.7188504
1735,6036,150.82507,0.7323166,0.28815934,0.5692128
1736,1737,101.662994,0.7387043,0.18325657,0.36550206
1736,1617,80.29546,0.73818415,0.15261596,0.3048958
1737,1736,101.584236,0.73893607,0.18062495,0.36156356
1737,495,98.07422,0.7355605,0.17528321,0.34831253
1737,5497,3.3349419,0.7391854,0.005825065,0.01145944
1738,2444,21.518393,0.4384668,0.047558688,0.06759788
1739,7015,0.89253616,0.5645837,0.0026707202,0.0058018565
1739,3815,36.575733,0.56895614,0.07193312,0.1404493
1739,6689,13.933678,0.5677634,0.03205919,0.06335009
1740,899,44.451683,0.64043236,0.08506248,0.16751261
1740,6602,83.920746,0.637834,0.21408777,0.42331284
1741,4353,7.9263268,0.6374242,0.016299225,0.032727495
1741,3768,1.7097893,0.639453,0.0047828183,0.010523245
1742,1109,10.1186905,0.65696657,0.0197443,0.0387519
1742,1109,7.9117813,0.6570629,0.015127942,0.029821172
1742,6942,65.107895,0.6585657,0.119700804,0.2361667
1743,2142,1.9443474,0.68734765,0.002929233,0.0063975602
1743,3346,161.6687,0.6808737,0.29447433,0.58172643
1743,5464,33.415047,0.69798654,0.06385563,0.1222296
1744,3348,226.15417,0.71387815,0.39679766,0.78373176
1744,1745,5.7835846,0.7166482,0.010836482,0.021849439
1745,4943,7.8981323,0.7185085,0.014974825,0.02953507
1745,3347,4.2323227,0.71830666,0.0076597184,0.015739888
1746,3360,3.3469696,0.7298353,0.005401179,0.011117473
1746,6484,86.578186,0.7343294,0.15398106,0.3076622
1746,2936,202.05467,0.7407851,0.37461343,0.7401924
1747,6961,177.27559,0.6242132,0.3328453,0.65561616
1747,6534,8.430424,0.63503623,0.016324863,0.03271155
1748,5770,176.43767,0.6633657,0.3261229,0.64301884
1748,3262,278.11728,0.7159341,0.49495524,0.9753674
1748,1794,321.3178,0.7182133,0.56949,1.123667
1749,3986,2.6506844,0.7322507,0.0024680793,0.0055335313
1749,5324,28.078112,0.7338921,0.054262824,0.10558647
1750,3153,32.788635,0.72243893,0.051933862,0.101723775
1750,3153,32.638706,0.72397476,0.05332536,0.10464696
1751,2125,218.58736,0.7277851,0.4191546,0.8288863
1752,2520,42.346325,0.68275875,0.26067266,0.5117316
1752,1945,23.043386,0.6933166,0.04851076,0.09401663
1753,3104,20.54602,0.6671604,0.06950016,0.13680848
1755,1763,56.18788,0.6787496,0.10881031,0.21412705
1755,1759,10.803146,0.65756863,0.061983705,0.12767269
1756,1763,11.986385,0.66430604,0.058997363,0.120007455
1756,1759,38.870754,0.6747108,0.0788523,0.15016137
1757,1753,12.7712345,0.665779,0.05644285,0.11426617
1757,3105,65.24072,0.6778121,0.13125576,0.25848252
1758,3103,38.772022,0.68028533,0.09582958,0.18893309
1758,1754,8.412701,0.66467,0.05130832,0.105034046
1759,311,9.027786,0.65777814,0.053882536,0.10911156
1760,2853,28.727951,0.67415684,0.104392864,0.20980757
1761,89,30.484428,0.67817986,0.06031976,0.1157382
1761,473,86.13486,0.6802215,0.15878078,0.31827277
1762,3093,36.653526,0.68023676,0.2163289,0.42807025
1762,6010,64.96508,0.69626015,0.12593195,0.24955812
1763,6605,10.066921,0.67666936,0.021704227,0.042588964
1764,3103,12.895847,0.6696478,0.060177337,0.12325591
1764,1754,59.95009,0.6826628,0.120041475,0.23693076
1765,1817,147.45279,0.70011854,0.26637745,0.5269577
1765,3346,16.788538,0.68318987,0.033311747,0.064385906
1765,2976,97.70845,0.6887739,0.17497113,0.34890497
1766,1823,28.802078,0.49391574,0.059979945,0.11504754
1766,6198,25.440014,0.49058416,0.055093773,0.1048311
1767,6217,60.95228,0.39615372,0.16031998,0.30972368
1768,2522,4.9553795,0.6968167,0.01093173,0.02165541
1768,3742,61.928894,0.6934493,0.12399916,0.24679935
1769,948,49.548546,0.6810468,0.1153601,0.22670564
1770,5838,29.42582,0.683921,0.0697435,0.13676332
1771,1770,6.704811,0.680951,0.016064696,0.032520875
1771,5721,2.6116638,0.6792984,0.009635769,0.01991874
1772,1769,1.9988289,0.67906547,0.0051683784,0.0114786625
1772,6728,3.4467354,0.6840899,0.008522466,0.017376557
1773,1775,5.7768936,0.6793572,0.013167836,0.026179746
1773,6728,2.3817024,0.673973,0.0062883496,0.013284355
1774,947,23.688944,0.6803343,0.062548116,0.121015236
1775,1344,101.53616,0.67999053,0.3295418,0.65406245
1776,1777,2.6542625,0.69228125,0.0047841743,0.01017043
1777,1776,2.5786057,0.6893673,0.003988944,0.008462787
1777,1369,37.28841,0.6926076,0.07158128,0.13754925
1777,3828,32.870003,0.69657165,0.064826556,0.1234676
1778,1779,2.0476685,0.63320553,0.0028757378,0.0059174895
1778,1358,57.96698,0.638239,0.1450072,0.28724805
1779,1778,2.066105,0.6285705,0.0028633773,0.0050614774
1779,6590,2.6839752,0.63377637,0.004085332,0.0079790205
1779,3544,31.720287,0.011013567,0.17057222,0.36175
1780,1365,3.918045,0.69584507,0.007859416,0.015787601
1780,2787,21.3606,0.6985494,0.044686034,0.08634227
1781,5013,140.27386,0.54927164,0.27109477,0.53073627
1781,4063,93.75229,0.579602,0.18243513,0.35827035
1781,690,60.665306,0.5638154,0.11817324,0.23157972
1782,1995,1.4909325,0.5582228,0.001455158,0.0039599836
1782,1831,46.327652,0.5569949,0.11372904,0.22186531
1783,4524,1.5076447,0.54468846,0.0021414012,0.0048249513
1783,4523,3.2875748,0.5471207,0.0048085228,0.010385916
1784,1785,1.7089729,0.5385586,0.0016250163,0.0039298236
1784,4020,5.185589,0.54087853,0.010306492,0.020676836
1785,1784,1.8286934,0.5385948,0.0017907172,0.004067883
1785,1783,24.923853,0.54491884,0.05193333,0.09883106
1786,4248,13.306578,0.5695377,0.031076834,0.060803495
1787,5385,2.8232727,0.68412954,0.0057203025,0.012138322
1787,3046,37.540207,0.68069565,0.07681031,0.15236862
1788,3067,77.47301,0.69716114,0.13984706,0.28063157
1788,872,91.94057,0.70048,0.16662009,0.33307767
1788,1275,75.30359,0.6965312,0.13675125,0.27431294
1789,5204,1.5929565,0.5240114,0.0019644722,0.004375145
1789,1442,48.794125,0.527603,0.09521669,0.18633792
1789,4678,27.656052,0.5145313,0.061427545,0.11778866
1790,1441,26.607677,0.54993707,0.05793283,0.110205
1790,1825,12.022316,0.5564772,0.02653011,0.051843703
1791,1061,24.91057,0.6836957,0.04970047,0.09563564
1791,4323,44.481747,0.67631507,0.083114244,0.1631919
1791,1225,39.71636,0.6805155,0.07556311,0.1477068
1791,1227,64.727036,0.6757136,0.11848846,0.23691353
1792,2599,33.788757,0.6963716,0.07024394,0.1367358
1792,4226,79.50003,0.69621694,0.117115706,0.23245724
1793,3455,2.5685081,0.6272709,0.00438267,0.009604067
1793,4189,108.51721,0.6210518,0.20726658,0.40834415
1794,2125,0.57133865,0.43668798,0.0040942132,0.0018453002
1794,1748,320.2874,0.71945494,0.5710343,1.1276364
1794,1559,68.07785,0.7451875,0.15128149,0.30110013
1795,3414,61.061188,0.682366,0.09612748,0.18987353
1795,676,89.92284,0.6889001,0.20701054,0.41345364
1796,1483,139.68428,0.48902237,0.28017998,0.5432394
1796,1440,111.29888,0.5479417,0.2147072,0.41853786
1797,1767,5.0139656,0.3890861,0.013767071,0.027256012
1797,4777,6.48312,0.12841415,0.01402498,0.02814345
1798,1799,5.1852264,0.42148376,0.010855548,0.0214722
1798,2107,85.85602,0.43073115,0.17767495,0.34203506
1798,3132,38.606335,0.13987496,0.111140504,0.23441774
1799,1798,5.1730804,0.42180374,0.010960817,0.021972865
1799,4777,40.444824,0.13969222,0.11689496,0.23969515
1799,889,65.68007,0.4245947,0.13801374,0.26615784
1800,1906,1.6773643,0.5151985,0.0020981506,0.0048386455
1800,713,76.25041,0.46800596,0.20252457,0.39151925
1801,1022,2.9225922,0.6793622,0.005729392,0.012568682
1802,3706,2.268364,0.6957398,0.003404878,0.0073246807
1802,4204,57.46287,0.698099,0.1346716,0.26912844
1802,2110,87.97635,0.6967782,0.15847634,0.31719407
1803,1430,25.300058,0.66654545,0.08871018,0.17899069
1803,642,80.58829,0.66509503,0.14761862,0.29554516
1804,3659,0.0,0.6455568,0.00907927,0.018459484
1805,607,0.0,0.639178,0.008006997,0.015891284
1805,1806,92.54455,0.66949826,0.102908,0.20480372
1806,592,22.579054,0.6695052,0.045927674,0.08852157
1806,601,65.194916,0.66722876,0.0766471,0.14570802
1807,588,1.9353676,0.67127466,0.0028262585,0.0063717216
1807,1809,49.752113,0.67097783,0.12761612,0.25440136
1808,1810,66.00772,0.66681,0.13163596,0.26324895
1808,5747,7.1552315,0.6681237,0.014395684,0.028983057
1808,589,3.1008415,0.66722244,0.003868401,0.0087209195
1809,639,1.0214348,0.66845524,0.005516492,0.011543483
1809,5578,52.450397,0.6733546,0.13378426,0.2672903
1810,643,51.867355,0.66885877,0.10474842,0.20890062
1810,1808,66.163574,0.66749376,0.13260207,0.26517436
1810,638,122.35992,0.66805786,0.22390422,0.44347477
1811,601,2.0146637,0.6693216,0.0030872002,0.0066209137
1811,6801,34.439835,0.6688888,0.072089195,0.14103863
1812,592,3.8084717,0.6700797,0.0066558123,0.013801023
1812,600,42.29879,0.6686566,0.077507526,0.1498113
1812,593,22.892452,0.669079,0.046179418,0.089157246
1813,594,35.268143,0.6645794,0.14834231,0.2950418
1814,6725,13.617088,0.04674676,0.0821862,0.17321043
1815,4003,5.0513954,0.66874015,0.009342477,0.018636763
1815,608,180.2432,0.66922915,0.32637396,0.6453388
1815,3547,14.49962,0.66990167,0.028893292,0.056611948
1816,608,70.473175,0.66987795,0.12924394,0.25841814
1817,2534,4.28738,0.7101581,0.007411599,0.014950886
1817,1765,147.4217,0.69996446,0.2656358,0.52592677
1817,1071,29.494675,0.71128565,0.056228776,0.10873462
1818,1452,102.18773,0.6738374,0.25531054,0.50788856
1818,2803,74.704926,0.67771906,0.18568406,0.36927706
1818,1108,149.33942,0.6761381,0.37444487,0.74335957
1819,1482,57.468956,0.7432059,0.10249415,0.2041561
1819,486,19.59183,0.7392409,0.037192788,0.07249874
1820,6302,30.121466,0.59353554,0.061293088,0.1177666
1820,4761,11.300337,0.5885414,0.020440035,0.040575072
1821,6210,2.2047844,0.629312,0.0023410022,0.005946964
1821,6211,3.2918777,0.6285259,0.005993277,0.012819305
1822,4200,2.059742,0.66817105,0.003140159,0.006771758
1822,5107,137.20166,0.6730821,0.27521157,0.54240716
1823,1836,141.1665,0.5101817,0.28061384,0.5447296
1823,4330,22.194149,0.48265582,0.047586024,0.091329776
1823,1766,28.594177,0.49569082,0.060036536,0.11474213
1824,1488,209.65556,0.57350403,0.40293685,0.78814673
1824,1972,114.784874,0.5663609,0.21862504,0.42873687
1824,1491,61.619434,0.58291245,0.118747994,0.2338301
1825,7033,41.079098,0.5622226,0.078612715,0.15340766
1825,1790,11.544767,0.5562455,0.025287092,0.0495532
1825,6657,28.119968,0.5691431,0.060308207,0.11601762
1826,4861,2.9353065,0.45337665,0.007531218,0.015335351
1826,4804,27.6877,0.46616638,0.053250503,0.10137642
1827,1834,156.81891,0.50537133,0.30758038,0.59877986
1827,1826,56.699966,0.46695182,0.15095672,0.29287136
1828,5653,1.3173599,0.47549537,0.0022005439,0.0044715106
1828,4856,17.066734,0.5660868,0.046226952,0.09068473
1829,703,0.9398651,0.5665411,0.0032739118,0.007436335
1829,4741,44.278416,0.56885004,0.109390594,0.21287966
1830,1831,1.373661,0.54790586,0.0012026951,0.0035310239
1830,1995,46.493412,0.5565834,0.11409709,0.22288641
1831,1830,1.4245682,0.5477353,0.0014372543,0.0039580315
1831,6318,85.98073,0.5379341,0.22352523,0.43525136
1832,2094,4.66407,0.70092523,0.00912337,0.0185716
1832,2076,72.32359,0.70027137,0.14325511,0.28692693
1832,1425,74.5267,0.70082897,0.13157079,0.26443267
1833,1845,5.7197685,0.4093467,0.014428757,0.027181476
1833,3132,7.298527,0.12462911,0.015456416,0.03090933
1834,4743,22.555529,0.54860455,0.054054424,0.10430133
1834,1827,155.70389,0.50802416,0.30767798,0.59848726
1835,1836,25.783043,0.5339535,0.0545359,0.1042723
1835,1993,16.020565,0.53369284,0.03371587,0.06574791
1836,5509,13.283943,0.5373961,0.027685761,0.05401419
1836,1823,141.8569,0.5114829,0.28046155,0.5448025
1837,2342,78.23159,0.5315627,0.15176755,0.29681385
1837,5203,33.996628,0.5364497,0.06707536,0.1297623
1837,2238,147.54872,0.5425364,0.2861229,0.5592597
1838,7033,2.9789925,0.56328964,0.005695902,0.01185523
1839,3564,54.80256,0.5891694,0.10516966,0.20685758
1839,1221,25.597012,0.5898969,0.05257674,0.10053023
1839,2207,30.646465,0.59711015,0.0613379,0.11784873
1840,6791,19.32465,0.59580773,0.039584383,0.07668113
1840,581,41.23617,0.59662807,0.07889948,0.15534773
1840,1252,45.684708,0.60322213,0.08763062,0.17246975
1841,2925,52.03917,0.6387972,0.12513615,0.24759716
1842,1251,6.177925,0.6075803,0.012454011,0.025009558
1842,3663,73.29599,0.61721176,0.1502757,0.2975729
1843,703,4.747669,0.5746801,0.014731094,0.029540166
1843,717,109.76323,0.5650961,0.2090663,0.41103494
1844,2533,169.10965,0.522668,0.331967,0.64677733
1844,4331,11.114384,0.49122852,0.026274383,0.051576674
1845,4803,43.34247,0.42165133,0.11439648,0.22406724
1846,4098,1.8304443,0.60541034,0.0022004917,0.0054068565
1846,3119,5.748596,0.6036754,0.014680825,0.029160172
1847,1490,1.8138885,0.63491637,0.0023463145,0.005371675
1847,3548,58.352943,0.63908595,0.1434804,0.28404933
1848,3544,180.8521,0.6554218,1.4344889,2.8377109
1848,4472,38.888607,0.0,0.2103951,0.45008612
1849,1857,35.316963,0.5409083,0.069135465,0.13537772
1849,1855,24.456207,0.5460975,0.05064473,0.09642834
1849,1850,74.273994,0.54580176,0.1459616,0.28622168
1850,1849,74.40831,0.5450133,0.14491138,0.2838263
1851,2289,237.12286,0.5796753,0.45310053,0.88667256
1851,5465,3.1428604,0.57259154,0.005068168,0.010845497
1852,3725,1.5244827,0.5422785,0.0019816682,0.004520178
1852,2330,41.013256,0.5428581,0.08713486,0.16983779
1853,1857,1.6894264,0.5276404,0.0022130832,0.0049251467
1853,3074,172.37794,0.5083464,0.48445085,0.9482959
1854,2328,51.840958,0.5505271,0.099745266,0.19578317
1855,2197,29.758606,0.5382032,0.05939332,0.1132161
1855,1849,24.271105,0.54480094,0.04996622,0.09532131
1855,523,22.8314,0.54337645,0.047582593,0.09099734
1856,5871,1.5866051,0.56572354,0.0025546253,0.0058657825
1856,4702,125.98621,0.5400168,0.26432392,0.5152261
1856,2299,66.40842,0.55190915,0.12938957,0.25382057
1856,6823,58.18593,0.5745791,0.111978486,0.22020794
1857,1853,1.6654434,0.5306395,0.0021632314,0.0048930496
1857,2197,19.028313,0.53124887,0.039830115,0.077190444
1857,1849,34.897007,0.5381773,0.068051174,0.1324662
1857,2329,65.49116,0.530183,0.12584102,0.24741134
1858,14,44.56656,0.51083875,0.09553042,0.18619585
1858,3075,15.731302,0.5071983,0.034366235,0.06642717
1858,2011,114.09583,0.51582116,0.22539872,0.43863088
1859,6327,4.3444595,0.7064733,0.0066330135,0.013502762
1859,5948,3.208004,0.70716774,0.0042723864,0.008850023
1859,5947,7.1987915,0.7048242,0.011933416,0.02439265
1860,4832,48.904404,0.7068454,0.0532442,0.10283796
1861,6340,2.640213,0.70336115,0.005653113,0.011243165
1861,1863,105.0697,0.6992206,0.097849675,0.19150934
1862,4246,3.2098427,0.7064035,0.0039467216,0.008749098
1862,7026,3.9362564,0.7055968,0.0054990277,0.011667803
1862,996,5.967018,0.70633113,0.013024032,0.026236802
1863,1862,6.926094,0.7034318,0.007020861,0.0149136335
1863,7026,4.446804,0.70520556,0.0075613633,0.015443027
1864,4245,1.5430412,0.69909704,0.0036241189,0.007932752
1865,87,68.30275,0.70852643,0.1602934,0.32022417
1866,2084,31.127838,0.7176921,0.07497325,0.1470139
1867,1869,2.3990593,0.71679646,0.0046403706,0.01025252
1867,669,33.001904,0.7186161,0.06418772,0.12480122
1868,5321,2.9644852,0.70517176,0.005789712,0.012394249
1868,1698,12.973467,0.70277447,0.028519198,0.055423915
1869,4314,1.5553932,0.7056161,0.0029052123,0.006997615
1869,2080,11.807543,0.71681064,0.023932487,0.046877608
1870,1869,33.46908,0.7186376,0.065804884,0.12903273
1870,1866,66.787796,0.72345656,0.16473314,0.33009243
1871,4116,119.026764,0.7544793,0.1622096,0.3251234
1871,1873,53.744804,0.45510834,0.18698952,0.28962696
1872,5519,5.8915977,0.03353077,0.025782533,0.053581774
1872,485,1.5537758,0.7435105,0.002195537,0.0040676147
1873,3710,0.0,0.43543312,0.0016851649,0.0
1873,4116,1.5584183,0.75653225,0.0036185235,0.0074118227
1874,1628,11.423388,0.04311654,0.051798508,0.109671704
1875,5125,27.098843,0.59684324,0.06482285,0.12562054
1875,257,242.32065,0.5937336,0.4536895,0.88863176
1876,558,2.0580215,0.65857214,0.0027939528,0.0062678754
1876,1445,17.113241,0.664132,0.04534279,0.08871449
1877,1878,63.63556,0.66805625,0.11817205,0.2356516
1878,4345,6.1731453,0.67064834,0.006410785,0.013932958
1878,5679,3.1557655,0.6638127,0.005965568,0.012664691
1879,5682,4.432396,0.66608155,0.008980878,0.018463135
1879,3276,22.609104,0.66312057,0.027499199,0.054277457
1880,2864,21.40304,0.6656107,0.04433156,0.08612364
1881,1880,11.364988,0.6676697,0.014061168,0.028234348
1881,5681,4.0103264,0.6635108,0.0069758743,0.014477134
1882,3096,26.493248,0.7433366,0.067371465,0.13272835
1883,480,2.1845207,0.72068024,0.0032326505,0.006911978
1883,1408,15.222168,0.7229445,0.03254731,0.063635185
1884,5592,2.4602966,0.69137347,0.005481094,0.01143606
1884,2245,112.94472,0.69955814,0.20558806,0.4096896
1885,4845,63.285465,0.54178756,0.123389594,0.24209547
1885,5232,103.85002,0.5371097,0.20153353,0.39304936
1885,699,120.39296,0.53714854,0.23275182,0.4544865
1886,4153,26.980438,0.6468122,0.06373957,0.12281683
1886,1887,5.6915092,0.6436824,0.013347156,0.02681297
1887,1371,12.294111,0.6452027,0.027808852,0.054665737
1888,2469,4.6634026,0.64813095,0.009499311,0.019499183
1889,623,19.484617,0.65494925,0.04620698,0.089403056
1889,5993,27.390854,0.0,0.13871288,0.2973467
1890,1842,59.952427,0.6174664,0.11297913,0.22317976
1890,1891,15.723042,0.6192373,0.032207813,0.06249743
1890,1197,66.8356,0.6260103,0.12500875,0.24889743
1891,4836,84.422195,0.6226423,0.15850481,0.3139805
1891,1348,116.31474,0.625008,0.2155615,0.42496607
1891,1890,15.664177,0.6187086,0.0318937,0.061981626
1892,1621,48.836044,0.6195906,0.09258479,0.18307965
1892,2310,32.96427,0.6091397,0.0650267,0.12578952
1892,2205,38.677834,0.61690533,0.07555333,0.14773497
1893,4021,24.94094,0.54159164,0.05192021,0.098477766
1893,1894,1.3898048,0.39508662,0.0040387213,0.007186532
1894,4220,1.4112701,0.53316087,0.0026886687,0.0053188354
1894,5207,24.961372,0.5421424,0.07647852,0.14757024
1895,5198,1.6980247,0.531906,0.003908083,0.008362666
1895,2473,12.442558,0.5306933,0.025597759,0.049952537
1896,700,1.8299942,0.53864324,0.002398163,0.005494371
1896,1897,78.876686,0.53522897,0.11600767,0.22732368
1897,1898,2.103344,0.5303914,0.0024654716,0.004954934
1897,254,43.103264,0.5240977,0.14164422,0.27588952
1898,253,2.143093,0.52737284,0.0035073832,0.00711821
1898,5199,42.49157,0.5284735,0.091214284,0.17450872
1899,4867,1.213707,0.5495225,0.0037035942,0.0077352375
1900,1901,2.5965385,0.4484145,0.004416041,0.009033278
1900,1907,15.553261,0.45245922,0.034298517,0.06653346
1901,1900,2.8204308,0.44853482,0.0048864707,0.009903759
1901,5353,350.94702,0.46693546,0.7044485,1.3668364
1901,4520,37.924507,0.46074688,0.08288105,0.15911606
1902,272,2.481369,0.41054508,0.0040552765,0.0081231
1902,4860,36.68711,0.3920786,0.12450097,0.241557
1903,1985,2.059723,0.4223066,0.003351815,0.0067296773
1903,2586,20.295143,0.42418808,0.05622229,0.110859916
1904,714,1.4580765,0.40458095,0.002325952,0.0049914867
1904,686,178.98007,0.3849715,0.38319987,0.7353442
1904,5020,18.022438,0.40919584,0.043246876,0.08272481
1905,1900,38.445953,0.45870492,0.08662802,0.16800049
1905,5591,68.94728,0.44805014,0.18034309,0.34815526
1906,1800,1.6071281,0.5175184,0.0018174425,0.0043350905
1906,686,249.11064,0.4374674,0.51527584,0.9956081
1906,4732,64.0217,0.5476443,0.16339803,0.31783262
1907,2481,2.9969788,0.44526917,0.0042977184,0.008694813
1907,2482,2.1650162,0.44285122,0.0042077526,0.008650288
1908,1970,222.64966,0.41191137,0.47197127,0.9053104
1908,2481,81.16011,0.4388256,0.1666124,0.32121283
1909,721,72.40727,0.59554654,0.13390997,0.26185477
1909,720,46.049316,0.60005414,0.08657486,0.16753246
1909,4276,89.39921,0.58784354,0.16910568,0.3328509
1910,4351,13.833992,0.5974293,0.03162258,0.061795734
1911,1910,5.936409,0.5995835,0.009334266,0.019127905
1911,4002,21.954357,0.5989768,0.04400706,0.08589943
1912,2223,3.4067612,0.5963909,0.0046122596,0.00981611
1912,1914,47.18609,0.6101648,0.11439972,0.22220571
1913,6294,32.554546,0.60718524,0.06425848,0.12292704
1914,6503,1.594101,0.6031169,0.0012824088,0.0034642369
1914,2324,30.243116,0.61127734,0.07240796,0.14136885
1915,1913,3.600216,0.60608894,0.005301535,0.011505306
1915,1910,48.247173,0.60865897,0.11403577,0.22360122
1916,3165,25.1266,0.63496464,0.13722733,0.2740651
1917,6520,1.3595276,0.6140616,0.0036620423,0.008139551
1917,2265,48.898342,0.6185997,0.11906451,0.23338932
1917,2264,22.89951,0.61927336,0.04334438,0.084689535
1918,4878,1.6607056,0.6145261,0.004773468,0.010155737
1918,4676,30.951958,0.6227495,0.09283241,0.18285969
1919,1922,7.337242,0.62137693,0.020711698,0.040794253
1919,2914,108.38349,0.61407197,0.1608296,0.31629187
1920,4878,32.06806,0.6244059,0.098014936,0.19480143
1921,1916,63.248905,0.6343993,0.1445822,0.28461355
1921,19,8.621147,0.62353826,0.023734681,0.04718864
1922,1918,23.388357,0.6233783,0.06500101,0.1262888
1923,3164,3.326931,0.6271283,0.011963092,0.024401203
1923,3166,138.16263,0.6236289,0.31687117,0.62277746
1924,3427,14.520094,0.6204429,0.03114098,0.06110847
1924,1926,23.261147,0.61199945,0.049732596,0.09551204
1925,3539,1.9507217,0.6014619,0.0032664314,0.007275492
1925,1213,1.7029419,0.60044837,0.0022886246,0.005189672
1925,1926,9.944744,0.60326916,0.020389453,0.040420085
1926,2301,2.0691261,0.6039093,0.002888605,0.0062578917
1926,1925,9.636597,0.6016239,0.019761749,0.039185017
1926,1924,23.287807,0.6088557,0.050037526,0.0964015
1927,5105,0.2600708,0.084762424,0.0011190474,0.0021185726
1928,4051,16.479666,0.6296569,0.021993577,0.04384415
1928,5398,13.177111,0.6338602,0.018745944,0.03794585
1929,1924,64.69735,0.63191533,0.14130905,0.2810279
1929,1928,19.164751,0.6352428,0.026687905,0.053293422
1930,1932,28.40268,0.6142019,0.057998672,0.110679634
1930,1931,22.622189,0.620989,0.04271674,0.08284058
1930,3664,32.477516,0.6076145,0.056833696,0.10784208
1931,5067,3.6663666,0.62284285,0.0070044845,0.014448836
1931,1930,23.025906,0.61914915,0.04350311,0.08428991
1932,1215,27.973392,0.6065989,0.056631826,0.108649634
1932,1930,28.314531,0.6137104,0.0581364,0.11070921
1932,1212,41.269707,0.610289,0.07912171,0.15500209
1932,1933,25.93496,0.61904657,0.05366059,0.10308078
1933,1932,26.025373,0.6189834,0.05367126,0.10288759
1933,1280,10.053108,0.62862355,0.01981046,0.03949973
1934,1212,5.36895,0.60629034,0.009897672,0.019787788
1934,2301,37.553635,0.61414826,0.07326832,0.14391048
1935,6288,8.918705,0.54541206,0.018291019,0.036656365
1936,4488,42.21488,0.67161816,0.086130425,0.1688987
1936,1939,23.514305,0.6707035,0.0499258,0.095716745
1937,4478,2.0671692,0.6544899,0.003590323,0.0075764656
1937,1939,163.67194,0.65647674,0.33010465,0.6495085
1938,4022,21.610332,0.66610813,0.044458624,0.0860329
1938,1940,24.438736,0.6645055,0.049956314,0.09656277
1939,4478,162.65692,0.65980846,0.3320139,0.6542568
1939,1936,23.869057,0.6731501,0.05082032,0.09764737
1940,1938,24.830101,0.6621586,0.050464768,0.09753597
1940,3169,212.66238,0.6670749,0.38641444,0.76267225
1940,4022,25.607452,0.6645969,0.0523667,0.10085688
1941,4477,2.5569763,0.6556573,0.0048565567,0.01035209
1941,3337,76.66528,0.6589733,0.14098409,0.28149575
1942,4490,2.1293907,0.6672866,0.003725849,0.0072070956
1942,4373,2.897564,0.5885727,0.0065421537,0.0134111345
1942,2270,54.844063,0.6720333,0.10250945,0.2030957
1943,4491,3.756134,0.6707487,0.0070972815,0.013391063
1943,1942,33.68165,0.11565876,0.11438824,0.24295121
1944,4501,230.5046,0.6950394,0.44008118,0.8686947
1944,1607,91.74461,0.7002225,0.1986616,0.39517137
1944,4469,308.06494,0.6931536,0.59123677,1.1648364
1945,4510,24.560118,0.6999971,0.04926897,0.095755644
1945,4510,22.854073,0.69971687,0.049210053,0.095805004
1946,778,80.2328,0.6739695,0.14791647,0.294188
1946,3488,30.578386,0.008521736,0.20266134,0.432724
1947,3617,176.0929,0.6711062,0.32325384,0.6386385
1947,5616,85.98949,0.67381275,0.15605557,0.3115765
1947,778,27.980131,0.67492414,0.05593625,0.10761246
1947,2221,8.673798,0.67742443,0.01666738,0.03301832
1948,1422,31.507664,0.7410169,0.0725846,0.14070769
1949,3084,1.8570557,0.51365435,0.0024589747,0.005235061
1949,6052,4.7221756,0.51395863,0.009461351,0.019027576
1949,6053,2.1080856,0.5147648,0.0034214035,0.006801188
1950,2935,6.4844475,0.7271178,0.013612784,0.027272046
1951,3814,29.714539,0.65561986,0.0710204,0.13835412
1951,6920,138.34094,0.6449389,0.3127279,0.6168224
1952,5029,1.2464256,0.51150334,0.004418336,0.009231046
1952,1766,30.24561,0.50361353,0.06680643,0.12665176
1953,1392,1.7668648,0.6928113,0.0026260242,0.005396381
1953,1394,22.192204,0.6939117,0.04472107,0.08640187
1953,5449,98.409424,0.69645596,0.1967997,0.39045525
1954,235,13.014917,0.66835904,0.029390648,0.057630062
1954,202,41.28674,0.67357266,0.0949686,0.18438466
1954,2671,114.95495,0.66822916,0.21068275,0.41812462
1955,1270,62.592056,0.68545127,0.11530231,0.22976232
1955,2668,87.8711,0.67843163,0.16224611,0.3236206
1955,122,112.694466,0.68366885,0.15967932,0.32051605
1956,4620,2.2570457,0.7222067,0.003961161,0.008250713
1956,4621,5.6604195,0.7227535,0.010487154,0.020983607
1957,4978,1.8458939,0.6600842,0.0027537942,0.006210834
1957,1657,23.171461,0.66152906,0.053757828,0.10432344
1958,118,34.777946,0.66932184,0.06815583,0.13148817
1958,117,45.394783,0.6639746,0.09112957,0.18137382
1958,1247,13.156145,0.6688613,0.026879512,0.052452102
1959,4479,57.980183,0.6591054,0.11843461,0.236501
1959,1960,93.56296,0.65951914,0.18896753,0.37549824
1959,2658,328.74286,0.638442,0.6061078,1.191966
1960,7001,2.541298,0.64245534,0.004963748,0.010618791
1960,1959,93.89875,0.65763927,0.18831636,0.37341407
1961,5345,1.1423187,0.6417645,0.0016006455,0.0026781708
1961,853,71.034996,0.6892598,0.12769997,0.25544775
1962,4715,2.069847,0.6897129,0.0048692003,0.010744259
1962,1963,41.642216,0.6980498,0.092642695,0.18301937
1963,1962,42.19449,0.6952042,0.09401084,0.18398406
1963,6961,257.05035,0.6745294,0.46599403,0.9183219
1963,2393,332.97668,0.7101929,0.588455,1.1637628
1964,291,54.16959,0.6871579,0.10063669,0.19894832
1964,2121,242.4566,0.6683908,0.44115347,0.8690014
1964,2108,89.08266,0.6797012,0.16283336,0.32451963
1965,1096,26.431385,0.68416286,0.052996166,0.10237777
1965,633,365.73627,0.67748,0.6574205,1.300971
1965,1390,94.648895,0.6856571,0.1734487,0.34597403
1966,2093,3.743843,0.7007722,0.0066704303,0.013675511
1966,1602,89.211914,0.70154583,0.18122092,0.35958785
1966,2091,104.35823,0.70200646,0.18873364,0.3761612
1967,5877,1.2195702,0.6364095,0.005103983,0.010031804
1968,5326,0.6666374,0.41604075,0.0016293153,0.0023944527
1968,703,32.59717,0.57504386,0.103991084,0.20391953
1968,4276,40.7265,0.5877634,0.0798448,0.15361989
1969,4023,23.317278,0.65423656,0.064783536,0.12646279
1970,1908,222.0703,0.4117093,0.47260782,0.90559554
1970,6928,3.3850632,0.38846686,0.006877519,0.013382494
1971,2716,57.93412,0.5963861,0.13677725,0.27004233
1971,6798,44.25301,0.5973073,0.108833656,0.21242365
1972,1486,211.34354,0.53983814,0.41412616,0.8067746
1972,5352,135.82733,0.55271256,0.25953227,0.5075112
1972,1824,114.934616,0.5680028,0.2182537,0.4277802
1972,1973,83.065155,0.557066,0.16168138,0.31705862
1973,1972,83.44112,0.5549649,0.16056538,0.31506318
1974,2122,1.8391838,0.39968055,0.0029646754,0.0061100274
1974,6507,30.225885,0.389956,0.07752655,0.14741337
1974,4666,53.60025,0.40642834,0.11138066,0.21255371
1975,5778,3.721035,0.11773756,0.0075461343,0.015365392
1975,688,75.48256,0.35686374,0.16293532,0.31566244
1975,3627,59.846424,0.13529953,0.1576269,0.3106348
1976,4356,1.9056435,0.7136624,0.0032582507,0.0064473897
1976,2705,87.51503,0.7184297,0.21358278,0.42512244
1977,6268,1.7439461,0.72368467,0.0030679405,0.006771192
1978,4616,2.9584389,0.72831583,0.0055083856,0.011074796
1979,1734,111.962585,0.73153925,0.20184633,0.40243834
1979,3307,72.1563,0.7286736,0.12854838,0.25674266
1979,3345,23.840996,0.7270013,0.046245422,0.08991914
1980,879,2.3613052,0.71950185,0.004410617,0.00878267
1980,1983,40.54111,0.72046363,0.09237936,0.18138687
1981,2843,89.262695,0.7098303,0.16233322,0.3246497
1981,6991,5.736702,0.7119813,0.010536574,0.021420345
1982,3300,58.726517,0.7098931,0.10365673,0.20644644
1982,1303,8.748013,0.7081863,0.016655736,0.03273216
1982,3342,126.11237,0.7099633,0.22773162,0.4516639
1983,34,115.14144,0.7231407,0.20699012,0.4117275
1983,33,2.175705,0.7194985,0.0033855587,0.00709866
1983,28,74.146866,0.72310746,0.1717717,0.342289
1984,6097,65.44002,0.69818014,0.12023637,0.24074616
1985,1903,1.9741821,0.42051437,0.0032837093,0.00667578
1985,5936,19.574774,0.431374,0.053967055,0.106663875
1985,4665,160.93243,0.4178669,0.33942512,0.6529088
1986,27,3.246849,0.70016694,0.00477425,0.009872258
1986,3460,80.46036,0.700329,0.16540697,0.3296003
1987,3451,21.695108,0.7068076,0.04277493,0.08284309
1987,5355,31.674566,0.7082761,0.061168708,0.11703901
1988,69,72.47774,0.6950293,0.10344523,0.20253828
1989,1988,8.147911,0.7043586,0.014723539,0.029089004
1990,4846,48.81812,0.7024175,0.10146098,0.19934085
1991,2479,1.23349,0.55697393,0.0043255463,0.009433657
1991,5028,96.46706,0.5467212,0.20620576,0.40068966
1991,3919,2.5636024,0.5599426,0.007658735,0.015975997
1992,716,41.982697,0.5436892,0.08105836,0.15515912
1993,1835,16.252016,0.53304404,0.034212857,0.066736914
1993,5252,41.258286,0.5278738,0.082476944,0.15632993
1994,1152,23.469866,0.44878703,0.056853507,0.10928544
1994,6216,2.528286,0.43720698,0.004474446,0.008751228
1995,1782,1.4166565,0.5575462,0.0013068467,0.0035550743
1995,702,25.02128,0.56581897,0.060499795,0.11714597
1996,1024,35.621277,0.68480855,0.07046116,0.13570425
1996,278,36.28721,0.68478185,0.07125364,0.13722323
1997,4921,36.16109,0.63872397,0.07125413,0.13900043
1997,4979,34.844646,0.6547537,0.067803174,0.13143198
1998,4822,52.625423,0.6960739,0.12562527,0.24759254
1999,3636,157.43295,0.5032423,0.31237105,0.6071067
1999,3152,140.51477,0.48316514,0.28065723,0.54246324
2000,210,13.475281,0.6952303,0.02653528,0.051302418
2000,6664,35.95696,0.6973686,0.082927145,0.16288206
2001,448,15.520916,0.71652687,0.033528756,0.06555418
2001,373,24.26925,0.71869886,0.04433644,0.0869321
2002,3479,1.2229805,0.10036805,0.005575195,0.011228338
2002,397,107.914215,0.709432,0.19504513,0.38841516
2003,397,2.811592,0.70123875,0.0034111738,0.0077860057
2003,1730,101.61377,0.70968956,0.17931162,0.3568785
2003,3479,105.89453,0.7141568,0.18955575,0.37719607
2004,331,0.6407509,0.60829854,0.000677377,0.0012114048
2004,2003,57.748764,0.7010849,0.10637932,0.21051037
2005,1884,2.480873,0.6880579,0.005249195,0.011411443
2005,1026,11.8769455,0.6883491,0.023026228,0.04521866
2006,2017,25.084675,0.49534777,0.052932236,0.10078514
2006,1238,32.602203,0.502492,0.06608893,0.12668903
2006,2339,45.557827,0.4971415,0.09037356,0.17699999
2007,2390,43.776623,0.5319886,0.0849951,0.1667059
2007,11,61.60231,0.5236491,0.119969904,0.23528093
2007,2998,260.0779,0.5312233,0.51030934,0.9952615
2008,2339,22.3902,0.4866566,0.047909267,0.09169036
2008,2017,52.325314,0.4872372,0.10328826,0.2009986
2008,2340,60.105793,0.48014298,0.119075835,0.23146558
2009,2054,38.42681,0.535457,0.07459011,0.1470801
2009,2032,57.582024,0.540618,0.111594394,0.21873394
2009,2014,121.80951,0.5394883,0.23568338,0.46099943
2010,2014,30.778374,0.5385639,0.06672649,0.12885001
2010,2012,14.883324,0.5424125,0.033169262,0.06500111
2011,1858,114.237404,0.5181759,0.22501543,0.43853003
2011,15,43.731693,0.52732736,0.085495405,0.16686934
2011,8,116.81881,0.52373105,0.22899315,0.4466595
2012,13,1.3152542,0.53810734,0.0030193925,0.0062529147
2012,4833,68.803635,0.53640604,0.1850558,0.36022115
2013,2017,28.957195,0.49042207,0.059767026,0.11399596
2013,1238,30.180798,0.49782366,0.061819233,0.118180364
2013,2333,99.3022,0.47033954,0.20101255,0.38801706
2014,2010,30.897982,0.5403944,0.0671619,0.12948148
2014,2015,87.19537,0.5410357,0.18513611,0.3603618
2014,2009,122.554794,0.5410633,0.23662466,0.4632228
2015,2014,86.99049,0.54202235,0.18565646,0.3616681
2015,2016,52.31623,0.5423874,0.110202655,0.21564049
2015,2396,229.90982,0.53823084,0.44865978,0.8727701
2016,2417,44.45028,0.5303865,0.09213781,0.17699079
2016,2418,64.59946,0.5374282,0.12673317,0.24827144
2016,2015,51.869587,0.5398423,0.109101385,0.21372575
2017,2006,25.05989,0.4955271,0.05276819,0.10050265
2017,2008,52.215153,0.48648745,0.103214666,0.2009806
2017,2013,28.701626,0.4905238,0.059590004,0.11353793
2018,2509,58.107376,0.5859293,0.11156461,0.21972175
2018,2036,31.373455,0.5925528,0.062225387,0.11924665
2018,2513,13.248636,0.5892546,0.026794136,0.052448824
2019,574,64.97618,0.5487583,0.12655193,0.24840847
2019,573,37.83617,0.55256134,0.07352705,0.14438398
2019,2427,39.502693,0.55624634,0.07612757,0.14942947
2019,6126,230.30063,0.51627004,0.45763063,0.8900844
2020,2043,75.82174,0.49468124,0.15088749,0.29314354
2020,2051,83.79567,0.5157663,0.16619998,0.32370543
2020,6085,19.405252,0.5091936,0.04123003,0.07992076
2021,3611,1.841011,0.44993356,0.0025652722,0.005295828
2021,3452,119.97821,0.4325603,0.24984187,0.4809066
2021,2589,8.096584,0.45007282,0.017983943,0.034587696
2022,4440,1.5968399,0.58087903,0.0030264556,0.006927252
2022,2042,64.42957,0.5891493,0.12125096,0.23776194
2023,4551,1.715889,0.47567508,0.0025745928,0.0054562986
2023,2457,24.631794,0.4649453,0.053371094,0.10136932
2024,4039,23.097483,0.47038835,0.04957617,0.09426707
2024,2025,104.576584,0.4295334,0.21657334,0.41668102
2024,2026,72.95276,0.4579799,0.1481251,0.28642362
2025,3979,6.288513,0.39168572,0.013499916,0.026160851
2025,2432,83.10402,0.38868794,0.17846596,0.34334862
2025,2024,104.25795,0.42801723,0.21622258,0.41620636
2026,526,89.92168,0.48366833,0.18146357,0.3512419
2026,3612,24.823486,0.4485004,0.054084036,0.10253151
2026,2024,72.40428,0.45765543,0.14806834,0.28620553
2027,3720,1.6889267,0.54875934,0.0025760084,0.0056513846
2027,6649,98.31059,0.55077285,0.21060139,0.40779155
2028,2040,5.02874,0.49182573,0.009817034,0.019672677
2028,2034,98.05272,0.4662361,0.19875565,0.38390827
2028,4039,28.380302,0.4800722,0.05930874,0.11276176
2029,3729,1.631897,0.53773814,0.0022423416,0.0050135553
2029,2041,42.227486,0.5442834,0.09035691,0.17353572
2030,2053,6.1660156,0.52411884,0.0121061355,0.024356246
2030,15,15.162369,0.52500254,0.03162547,0.061411016
2030,3075,129.9346,0.5112966,0.25629693,0.4989853
2030,3722,41.3585,0.5274693,0.08009964,0.15649974
2031,2036,57.363613,0.59958065,0.10937235,0.21564789
2031,78,40.016685,0.6051272,0.07734294,0.15094012
2031,6893,14.746136,0.6006845,0.03019981,0.05887691
2032,6161,44.66209,0.5470414,0.087195344,0.17060603
2032,2009,57.49417,0.542996,0.11123988,0.21769297
2032,2455,29.811443,0.5451251,0.059697617,0.114308305
2033,2484,2.8356972,0.56043273,0.0054188967,0.011262119
2033,2483,2.441475,0.5650189,0.004848078,0.010560557
2034,5071,29.259989,0.44947934,0.06397134,0.11986667
2034,4039,111.23825,0.4483684,0.22816259,0.43977964
2034,2043,62.132652,0.46923864,0.12468893,0.24230668
2034,2028,97.65833,0.46431527,0.19862142,0.3835349
2035,5585,42.49314,0.48452324,0.08511379,0.16441046
2035,2430,65.44884,0.45883688,0.13067652,0.25341737
2036,2031,57.174988,0.6000767,0.108696334,0.21454832
2036,6635,84.00653,0.58951306,0.15878409,0.31344864
2036,2018,31.270184,0.59299976,0.06231031,0.11976904
2037,2433,2.1747894,0.35719267,0.0044753253,0.0082639605
2037,2468,37.4208,0.12310758,0.11412619,0.23786074
2038,5749,5.044964,0.5352099,0.010878779,0.021515742
2038,3722,9.685459,0.53336525,0.014229342,0.028659001
2039,4959,1.689251,0.36809403,0.0031211972,0.0061342865
2039,2055,23.671585,0.37986398,0.055671852,0.104601346
2039,527,60.111378,0.39426756,0.12375237,0.2398356
2040,2028,4.9212837,0.49180487,0.0096044615,0.019294217
2040,6086,69.26874,0.49889636,0.13684295,0.26663244
2040,2047,83.84625,0.49829417,0.16821378,0.3261101
2041,3730,1.5598717,0.53729427,0.002294302,0.005091414
2041,2487,65.226814,0.5483167,0.14077282,0.27359635
2042,3378,26.817308,0.59538615,0.054012235,0.103225455
2042,4442,1.9888268,0.59334546,0.0031324103,0.006983757
2042,2048,6.809746,0.5932463,0.013237543,0.026739284
2043,2020,75.209076,0.49496847,0.15027091,0.29184365
2043,6127,24.807001,0.48599654,0.052941956,0.10089756
2043,2034,61.834522,0.4724153,0.12414567,0.24111913
2044,4957,1.027832,0.14588678,0.0026363507,0.005135387
2044,2046,56.23934,0.3161855,0.119228646,0.23410147
2045,4549,1.0951691,0.051196367,0.003012091,0.006650701
2046,4953,1.7661629,0.33786523,0.0052221417,0.009339467
2046,2037,29.963863,0.109761715,0.083384335,0.16361725
2047,2458,78.061516,0.502151,0.15731075,0.30618465
2047,2040,84.418594,0.5005329,0.17030099,0.3299837
2047,2454,89.727936,0.52586824,0.176172,0.34354258
2048,4610,3.3814125,0.5912216,0.0055462793,0.011158153
2048,2514,113.78162,0.5802425,0.21584128,0.42488608
2048,2042,7.284008,0.59473515,0.013903469,0.027630612
2049,4551,73.643265,0.46648344,0.14882196,0.288014
2049,3729,122.59507,0.5075064,0.24308246,0.4730854
2049,4000,52.449917,0.47495395,0.10409459,0.20222043
2050,4964,0.22719574,0.061656862,0.0016286001,0.0040347576
2050,2035,17.174406,0.48847437,0.036472663,0.0708442
2051,4195,68.37067,0.5188567,0.147435,0.28633717
2051,2417,32.641388,0.5236677,0.07070924,0.13625622
2051,2020,83.30969,0.5111704,0.166881,0.32510072
2051,2422,48.010406,0.5289907,0.10212952,0.20018023
2052,4363,1.2006073,0.054724455,0.0035447255,0.0074635744
2053,2030,5.5577087,0.52507114,0.01086434,0.02198501
2053,3721,44.135426,0.5290793,0.084896676,0.16621843
2053,5901,76.24554,0.51593685,0.14872716,0.29011464
2053,2337,71.72909,0.5142621,0.14033437,0.27391675
2054,2009,38.472122,0.53366995,0.07469623,0.14783108
2055,4958,1.840786,0.39063722,0.0029496998,0.005960539
2055,3610,34.65788,0.4070569,0.07876274,0.14967728
2056,6315,0.5483093,0.45737112,0.0018950328,0.0053414255
2056,4739,19.299303,0.67143124,0.040061567,0.07673163
2057,3597,2.1428528,0.68919957,0.0045228302,0.009306803
2057,6908,40.706005,0.6953517,0.08195102,0.1621523
2058,192,1.0687637,0.63471365,0.00060931593,0.001887694
2058,4740,29.069595,0.69272876,0.05589295,0.10721555
2058,4078,28.935818,0.6938555,0.060934585,0.11746487
2059,757,2.3048859,0.6957221,0.0011250749,0.0033293515
2059,2399,29.84879,0.70330215,0.061517626,0.118049435
2060,4996,1.8731804,0.6546232,0.0026367456,0.006044984
2060,428,48.5893,0.6557908,0.100495555,0.1991667
2061,4471,11.395412,0.7426779,0.021048151,0.041350722
2061,460,98.45497,0.7413962,0.103943326,0.20608412
2062,4720,87.83809,0.6983645,0.21332109,0.4239681
2062,6326,2.4486847,0.6925945,0.00551188,0.01148203
2063,4132,168.29593,0.73522323,0.32840598,0.64910334
2064,3871,40.192177,0.74625134,0.07656732,0.14597172
2064,2065,1.6750526,0.7138031,0.0033565164,0.00728029
2065,5878,79.813644,0.74185634,0.19810417,0.3931562
2065,2064,1.0671349,0.69687635,0.0019710287,0.0041802675
2066,6260,44.56024,0.6947169,0.08424879,0.16662316
2067,4808,99.64585,0.6356764,0.18367568,0.36136362
2067,6917,113.89795,0.6620055,0.2089482,0.4139058
2067,2394,80.26047,0.6402433,0.11115346,0.22033852
2068,3835,53.643482,0.6964328,0.09834904,0.19517043
2068,3067,52.295883,0.69743896,0.09616471,0.1907935
2068,5588,98.800156,0.70089424,0.17836937,0.35501814
2069,2087,8.757416,0.705852,0.016819365,0.03283593
2069,848,105.92422,0.7103471,0.19046271,0.37932175
2069,4463,84.4542,0.7082659,0.1499218,0.3007814
2070,2078,13.817816,0.71764183,0.027135469,0.052775025
2070,3324,19.320803,0.71857065,0.03813821,0.074386254
2071,377,2.3767166,0.7150066,0.0036859587,0.008012056
2071,4620,219.36462,0.72053975,0.38492575,0.76146114
2071,4024,68.91412,0.71697056,0.12348441,0.2453944
2072,2075,2.1023903,0.7147979,0.0030152872,0.00688985
2072,2581,42.713287,0.7181178,0.08054169,0.15650153
2073,377,2.4550629,0.7172181,0.004216276,0.008726999
2074,2581,46.055836,0.7169246,0.08470687,0.16440353
2074,2070,14.812605,0.7175191,0.029238027,0.056682512
2074,6790,4.944042,0.71924233,0.00899145,0.017912194
2075,2078,2.0711327,0.71630514,0.003530629,0.007558584
2075,4307,65.739105,0.7218039,0.11951796,0.23765689
2076,1121,92.46264,0.7007948,0.18479657,0.36799634
2076,1832,72.148605,0.7002244,0.14437343,0.28889227
2076,2077,39.292274,0.7004808,0.07606141,0.14782977
2077,1124,108.74626,0.7034297,0.19817823,0.39430773
2077,2326,126.61026,0.7031454,0.22905332,0.45492804
2077,2076,39.866947,0.7008778,0.07549724,0.14630292
2077,1120,126.51192,0.7054568,0.22933838,0.45580328
2078,2075,1.8812447,0.7135929,0.0028921738,0.006705329
2078,2072,2.1545067,0.7137129,0.0031955168,0.0071481317
2078,2070,13.8965645,0.7177224,0.027149558,0.05257845
2079,3159,2.4936867,0.71308184,0.00457111,0.00943619
2079,848,182.94034,0.70821387,0.32285056,0.638054
2080,4312,7.463524,0.71680945,0.013949379,0.027755916
2080,4313,1.9863777,0.71211404,0.0036946759,0.008055583
2081,1274,83.64426,0.691922,0.15109856,0.30282027
2081,3066,172.37784,0.6923471,0.3088107,0.6113277
2081,2082,46.2206,0.6926704,0.08665365,0.16995081
2082,2081,45.980915,0.69067085,0.08674093,0.17083722
2083,6996,165.40063,0.6787265,0.3041616,0.60062754
2083,6789,83.38034,0.6818209,0.15119988,0.30250704
2083,2971,128.08435,0.68301713,0.23335293,0.46185666
2084,2578,2.2119522,0.71204275,0.003559284,0.0076768994
2084,2085,109.57138,0.7175207,0.19886485,0.39715713
2084,5523,94.807816,0.71693623,0.23473224,0.46544802
2085,2084,110.11657,0.7156919,0.19953507,0.3971629
2085,4313,103.079414,0.71446663,0.2057538,0.4092136
2085,351,146.677,0.71862435,0.29053497,0.5742893
2086,6140,2.3666916,0.7242702,0.00433328,0.009028837
2086,6256,46.68645,0.72441965,0.11077896,0.21807602
2087,2069,8.905006,0.7067822,0.017041296,0.03354618
2087,2088,93.44887,0.7076586,0.16789392,0.33631134
2087,1294,138.41797,0.7073822,0.2511359,0.49728125
2088,2087,94.01431,0.7083017,0.16834366,0.33684868
2088,2089,156.39459,0.7105799,0.27415815,0.5421105
2088,2090,170.43257,0.7103167,0.3016105,0.59755605
2089,4310,54.67925,0.7140447,0.10931098,0.21800494
2089,350,46.244736,0.71190506,0.09224801,0.1814506
2089,2088,155.17342,0.7096108,0.27338472,0.54095936
2090,2092,19.692696,0.7113322,0.039032195,0.075605065
2090,2752,138.22366,0.7139953,0.24951524,0.49518794
2090,2088,170.09195,0.7098012,0.30228865,0.59848607
2091,1966,104.130844,0.7025013,0.19021647,0.37851447
2091,4505,124.100174,0.7069849,0.22369817,0.44405907
2091,4502,115.22011,0.70357275,0.20819579,0.41368383
2092,349,2.1540184,0.7098648,0.0035214499,0.007361889
2092,2090,19.383335,0.71193755,0.038651153,0.07461348
2092,4452,25.975384,0.71190286,0.053399213,0.10341878
2093,1966,3.840271,0.7020881,0.007003017,0.014301196
2093,5713,143.53891,0.6985172,0.28728744,0.5673598
2093,3060,222.18456,0.7019113,0.4005446,0.79000896
2094,1832,4.518833,0.70338863,0.009144418,0.018710643
2094,1120,21.415459,0.7054199,0.044178408,0.08468759
2094,2882,26.428522,0.7066042,0.051832467,0.099852666
2095,4605,1.7377815,0.7244613,0.0026226938,0.005327612
2095,4607,39.51017,0.72399986,0.08026706,0.15553322
2096,3513,2.0360184,0.7161824,0.003040187,0.006665334
2096,6354,24.671476,0.7172243,0.04720838,0.090793066
2096,4309,192.5995,0.71711326,0.3393774,0.6713397
2097,5503,1.4083366,0.6957388,0.004068561,0.008178487
2097,5343,5.436165,0.7246613,0.009675562,0.019401312
2098,2099,35.03685,0.72260416,0.06530557,0.12581179
2098,2103,71.851105,0.7237655,0.12778644,0.25501177
2099,4621,93.35387,0.72577024,0.16485031,0.32993132
2099,2104,16.390724,0.7240956,0.032066904,0.0618743
2100,2633,126.4347,0.73150015,0.22517806,0.44739795
2100,4594,16.993877,0.72361594,0.03282759,0.06358379
2101,4601,129.54178,0.72771287,0.23264933,0.46176082
2101,3082,12.524948,0.7215303,0.024462715,0.047152206
2101,5576,30.971975,0.7249685,0.059349928,0.11439241
2102,2581,118.58205,0.7197417,0.21390364,0.4253423
2102,6354,81.661476,0.72106457,0.14562091,0.2917611
2102,2975,18.914804,0.7212065,0.037694838,0.07266567
2102,5501,66.80124,0.72317016,0.11821691,0.23561808
2103,2975,33.893646,0.7233828,0.0630278,0.12123661
2103,2098,72.1568,0.72308004,0.12852947,0.256172
2104,2098,17.896303,0.7247565,0.0343289,0.06647314
2104,2099,16.918955,0.72413814,0.032799695,0.06316349
2105,2843,165.20166,0.7082898,0.2943424,0.5822514
2105,1296,70.44766,0.7071729,0.12596136,0.2515943
2105,4183,71.84375,0.7092756,0.12881133,0.25775895
2106,491,18.26583,0.73345435,0.03581749,0.069338985
2106,45,176.01736,0.7347948,0.30576605,0.60490865
2106,493,109.929,0.73431814,0.1958694,0.39015788
2107,1798,85.76088,0.43179446,0.17734656,0.34106785
2108,1964,88.873024,0.6790543,0.16377532,0.32627535
2109,2110,3.8061943,0.69919723,0.0055859014,0.011827275
2109,3704,2.1674728,0.6958948,0.002329491,0.005668476
2109,1802,66.169136,0.69931555,0.15441737,0.30793944
2110,2109,3.7315598,0.70002437,0.0055163577,0.011523068
2110,1802,87.56248,0.69914716,0.15851673,0.31754827
2110,3705,66.0406,0.6988957,0.11895919,0.2378702
2111,3291,43.03652,0.6906608,0.08273003,0.16263725
2111,6537,3.5157738,0.689278,0.005385071,0.011977032
2112,6195,3.933998,0.6576512,0.0067479014,0.014007285
2112,6853,13.757099,0.6530967,0.035561178,0.06973624
2112,6853,13.036144,0.6501714,0.034074403,0.06687598
2113,2716,5.188156,0.59326327,0.009232357,0.01907733
2113,3139,227.94171,0.58887553,0.5514573,1.0858238
2113,4305,49.33905,0.59633017,0.1027484,0.20132983
2114,4470,116.03696,0.5874573,0.29660085,0.58268976
2114,715,127.09337,0.56910527,0.24103847,0.472494
2115,2398,1.7710991,0.5863715,0.002237521,0.0053090006
2115,2927,203.90413,0.51490104,0.4011767,0.7798008
2115,4735,42.664227,0.58640784,0.10474941,0.20388237
2116,3951,1.4825287,0.5276671,0.0018219501,0.0043549836
2116,5758,163.83615,0.55206233,0.31323725,0.6116881
2116,6959,30.922504,0.5173227,0.0772794,0.14695342
2117,2586,1.8467064,0.41577893,0.0053237975,0.010702595
2117,1985,19.86395,0.42408216,0.05538505,0.110158555
2118,3908,1.820507,0.5347857,0.0028398782,0.0061063766
2118,5783,1.8759651,0.530944,0.0018533319,0.004338667
2119,1542,141.07545,0.6810489,0.25675607,0.50872797
2119,2120,50.93949,0.6806292,0.09447829,0.18774787
2119,1389,64.978615,0.67864436,0.119028054,0.23858088
2120,2119,50.89344,0.679037,0.09451516,0.18734261
2120,1542,98.188126,0.6827512,0.19537826,0.38818836
2120,781,79.29843,0.6811567,0.15907702,0.31734294
2121,2193,167.61337,0.6472328,0.33522022,0.6611332
2121,1964,241.82065,0.6641595,0.4410667,0.86913663
2121,677,190.31754,0.6329767,0.38180217,0.7510652
2122,2278,17.748196,0.41235465,0.04968613,0.09711359
2122,2278,24.918331,0.40543467,0.05500212,0.10322679
2122,1974,2.0012703,0.403517,0.0033742115,0.0066915154
2123,1619,37.0613,0.7258966,0.07244867,0.1390576
2123,2195,24.0308,0.7285544,0.04815975,0.09332278
2123,6084,17.415453,0.7287874,0.033682786,0.06534821
2124,1659,118.76493,0.7282574,0.21361187,0.42497867
2124,4262,57.02169,0.727297,0.10261728,0.20432821
2124,6083,40.153748,0.72365236,0.07500993,0.14483815
2125,1794,0.7049751,0.43259788,0.0038617998,0.0021363944
2125,5812,30.392805,0.45446023,0.1080585,0.16674127
2125,1751,218.44817,0.7268876,0.41727534,0.8237154
2126,254,3.6409454,0.52533215,0.0037701055,0.008378923
2126,1898,52.211296,0.52644575,0.13780466,0.2689195
2127,2128,1.7844315,0.5120943,0.0038045496,0.008066937
2127,4259,34.586754,0.5054921,0.069896534,0.13448423
2128,2126,51.691837,0.51331955,0.110219985,0.21323048
2129,2637,6.2974014,0.63233495,0.011708185,0.023391783
2129,2130,96.26509,0.64063716,0.17915544,0.35572568
2129,117,114.28854,0.6494152,0.21157987,0.41938952
2130,2129,96.39261,0.6398963,0.17982718,0.35650545
2130,5310,41.59837,0.6505815,0.07946029,0.155994
2130,2698,46.01464,0.6416749,0.094863065,0.18817182
2130,117,51.693783,0.65352756,0.10465959,0.20880282
2131,5924,2.2155647,0.67164135,0.0036292598,0.007854655
2131,2134,1.2675438,0.67254776,0.0033839643,0.0072274953
2132,1436,113.0692,0.6681625,0.2067404,0.41029394
2132,3194,105.180374,0.66172504,0.19104259,0.37957487
2132,613,137.8676,0.65954554,0.25228572,0.49874645
2133,1437,28.348154,0.6662475,0.059856646,0.11558561
2133,1437,24.66269,0.6662396,0.052018393,0.10043533
2133,1436,72.495094,0.66536677,0.1421816,0.28400394
2134,4361,2.7042694,0.67201936,0.005119793,0.011154756
2134,4768,19.627644,0.6676307,0.044447433,0.08633565
2135,4716,20.176424,0.6714885,0.042269945,0.08201495
2136,5035,21.297068,0.5973263,0.05086117,0.09906798
2136,5035,28.37999,0.5916761,0.05590785,0.10680451
2137,5125,1.9532547,0.5879169,0.0021356717,0.0053077787
2137,2136,11.414249,0.5896103,0.026533619,0.05211979
2138,1689,79.980125,0.71944404,0.15806213,0.31561202
2138,6660,10.648743,0.7231227,0.021458857,0.04231903
2139,4179,162.75262,0.7254921,0.289815,0.5737929
2139,3559,164.30493,0.7236793,0.2947656,0.5835946
2139,1663,440.9391,0.70451564,0.7723401,1.5291506
2140,531,2.2614365,0.6005105,0.004217282,0.009074882
2140,5026,193.0983,0.57655644,0.36989915,0.72427005
2140,6125,36.790897,0.60628027,0.07680373,0.14902037
2141,3344,20.248293,0.71977293,0.02779524,0.05429299
2141,358,12.67889,0.72526646,0.017962731,0.035870552
2141,3737,9.130459,0.7250799,0.017382048,0.034514308
2142,1743,2.2267532,0.6897419,0.0037388876,0.007829487
2142,6952,9.895386,0.6974107,0.01373557,0.027967364
2143,2875,30.854141,0.69424754,0.08581077,0.16850673
2143,2400,88.65871,0.6933509,0.16248365,0.32474917
2144,532,47.23761,0.60940146,0.0908326,0.17865475
2144,532,48.513283,0.6094218,0.093140505,0.1833472
2144,3734,42.28704,0.6142973,0.08153385,0.16018343
2145,6889,3.383484,0.7020495,0.003199324,0.0075377226
2145,5466,25.439724,0.70405716,0.05346483,0.10339981
2146,2148,21.855963,0.68553746,0.046195306,0.08884112
2147,1075,21.16054,0.68577635,0.04203439,0.08097875
2147,233,19.511372,0.6865908,0.038665425,0.07456598
2147,1397,14.40406,0.68905574,0.029494084,0.057715297
2148,1074,20.804121,0.6855289,0.04122066,0.079580694
2148,174,18.894932,0.6859025,0.03759478,0.07270009
2148,2147,13.951912,0.68582404,0.02853711,0.05531141
2149,4231,2.6774063,0.72573614,0.0033107176,0.006610051
2149,2150,46.1212,0.72538763,0.08985939,0.17388298
2149,6421,132.86926,0.7286525,0.25480884,0.50491726
2149,2158,37.22465,0.7271093,0.070208564,0.13401428
2150,6037,3.3726654,0.7205339,0.00474903,0.009675726
2150,2159,76.46585,0.73264223,0.13480623,0.26883954
2150,4054,40.583763,0.094783485,0.14035597,0.29421028
2150,2149,46.57956,0.72745657,0.08948103,0.17609605
2151,2154,134.77362,0.7310656,0.24077085,0.47791743
2151,4609,50.365158,0.7299211,0.09140532,0.18008894
2151,325,101.721344,0.7325192,0.18112975,0.36172217
2152,6170,2.2343445,0.7318456,0.0038904995,0.008220762
2152,4187,97.58504,0.7384218,0.18400614,0.36777365
2153,6169,36.889854,0.73253,0.06935863,0.13299978
2153,2154,151.19714,0.7323432,0.26756287,0.5302574
2153,2155,203.47343,0.7326194,0.3524303,0.69704217
2154,503,75.28088,0.7326925,0.13269702,0.26458657
2154,2151,134.66574,0.73233944,0.24208874,0.4801886
2154,2153,151.73657,0.73299736,0.26869243,0.5321108
2155,4293,44.9909,0.73348963,0.08573616,0.16681625
2155,6168,79.20117,0.7376672,0.14778574,0.2959009
2155,2153,202.94304,0.73405945,0.35322312,0.6991834
2156,2157,50.303856,0.7271815,0.09176033,0.18133834
2156,1661,37.349987,0.72699726,0.0706325,0.13510793
2156,2159,96.28218,0.7296686,0.17170158,0.34359834
2157,6421,93.952866,0.72748435,0.16582322,0.33188692
2157,2158,74.51448,0.72842324,0.13224864,0.26395673
2157,2156,50.520374,0.7267068,0.091912836,0.1815696
2158,2157,74.088135,0.7291647,0.13199922,0.26361334
2158,2149,36.99129,0.7264936,0.070287175,0.13349263
2158,2159,38.67975,0.729766,0.073006295,0.13937166
2159,2150,76.73015,0.72954464,0.13391848,0.26651824
2159,2156,96.15144,0.7297561,0.17168126,0.34355098
2159,2158,38.755714,0.7294145,0.07302374,0.13952267
2160,1658,48.8111,0.7249441,0.09420492,0.18562171
2160,1656,8.359577,0.7209477,0.016249932,0.03187777
2160,3561,127.320786,0.7231804,0.23147058,0.459382
2161,3484,101.16681,0.71574795,0.19940212,0.39652273
2161,4762,83.06499,0.7187613,0.1648506,0.3282277
2161,7007,8.604725,0.7141768,0.016100228,0.031515792
2162,2163,44.437767,0.7176099,0.08285785,0.16054712
2162,4708,30.910751,0.7180534,0.069272,0.1357899
2163,7007,118.04413,0.714563,0.21419513,0.4245323
2163,2162,44.834652,0.716697,0.08356285,0.16111113
2164,2632,139.56584,0.7289651,0.32494742,0.64479756
2165,80,2.3403816,0.61265486,0.0035233572,0.007681772
2165,2462,22.335033,0.6174361,0.060780883,0.1184104
2166,2398,36.046284,0.58652925,0.087686785,0.17060694
2167,5247,77.40669,0.46816325,0.201588,0.33697167
2168,4612,66.168236,0.69559574,0.15559086,0.31085354
2169,2411,1.5756683,0.43205374,0.0012902915,0.0
2169,7049,35.43122,0.69998556,0.08377483,0.16696036
2170,2176,9.893646,0.6884738,0.019280694,0.038550243
2170,3292,44.96315,0.6934215,0.08503732,0.1654109
2171,3292,25.102377,0.68878037,0.04615442,0.09017728
2171,3289,27.888119,0.68970704,0.063073,0.12321698
2172,2173,10.32892,0.68912673,0.020397857,0.040757388
2172,3289,17.828588,0.6926778,0.034396358,0.067464955
2173,5270,42.10286,0.68996197,0.08094748,0.1562824
2174,425,35.81189,0.68659234,0.083709896,0.1665733
2175,2176,18.861517,0.68885994,0.03815459,0.07445892
2175,2174,26.662737,0.69080365,0.061833143,0.12047458
2176,2174,14.345736,0.68609047,0.028829098,0.05648017
2177,6581,2.759716,0.6751182,0.0044420883,0.0097504705
2178,2177,4.9145126,0.6754524,0.007903643,0.01680614
2178,1530,32.87999,0.6844535,0.062848955,0.12058264
2179,6407,2.868267,0.6923072,0.006152518,0.012885183
2179,462,2.8908768,0.6931304,0.0058643892,0.012360975
2180,6325,23.939274,0.6878961,0.05689773,0.11277556
2181,4240,2.41576,0.690009,0.004570201,0.010138422
2181,2180,3.4454842,0.6892754,0.007734932,0.016277328
2182,1375,61.09082,0.6795159,0.14333248,0.28582442
2183,3467,75.109856,0.6646961,0.13773349,0.27543655
2183,2387,140.9078,0.65798473,0.28232569,0.5581939
2183,6445,5.101372,0.667694,0.009957612,0.020045564
2184,3286,144.02676,0.5475227,0.27837494,0.5447632
2184,3918,32.604263,0.5497575,0.10347537,0.20413971
2185,1256,10.891411,0.48255444,0.018429823,0.0368101
2185,2228,42.661694,0.47431624,0.09152233,0.17816038
2185,2376,72.92382,0.5010902,0.07679223,0.14532901
2186,2187,2.2852707,0.70011,0.0038949624,0.00867486
2187,111,116.602844,0.7105136,0.23206958,0.46017247
2187,2188,2.2903786,0.7014184,0.003990762,0.008407369
2188,4447,4.12941,0.7005333,0.008101381,0.016679585
2189,214,105.69288,0.71490496,0.32869813,0.6539601
2190,2189,13.429741,0.7061433,0.024372227,0.04788421
2190,3311,4.7779465,0.7075468,0.011547528,0.023490071
2191,2335,150.35849,0.6550764,0.2765041,0.5461545
2191,677,83.863884,0.6607712,0.16803484,0.33380276
2191,6997,52.899464,0.67439055,0.10684865,0.21315354
2192,4049,24.37023,0.018771231,0.070804894,0.14885686
2192,3010,4.005905,0.44180116,0.009117842,0.01816012
2193,3512,1.978878,0.66006887,0.0033063889,0.007922187
2193,4999,149.52945,0.63069993,0.30672863,0.60201496
2193,2121,167.74913,0.64568794,0.3346987,0.6591212
2194,987,2.1423874,0.70238036,0.0051569417,0.011270255
2194,4301,60.19586,0.709465,0.09553765,0.18660283
2195,2539,208.68275,0.72636163,0.36527997,0.7219599
2195,2123,24.207582,0.7260989,0.048826814,0.0943668
2195,877,336.7768,0.7245905,0.63100106,1.2451179
2196,6793,1.7065697,0.68934596,0.0031367838,0.006635681
2197,1857,19.066854,0.53112495,0.039893426,0.077279665
2197,5754,16.910988,0.53144324,0.035228208,0.068399735
2197,1855,29.753078,0.5387073,0.05946056,0.11366878
2198,131,3.6543846,0.69759965,0.007202372,0.014701799
2198,6080,8.118027,0.6983578,0.016422458,0.03264056
2199,2582,111.62938,0.69849056,0.20592055,0.40926373
2199,6079,35.29227,0.7001724,0.06728273,0.13398004
2200,4554,20.94806,0.6976041,0.042538106,0.08197943
2200,5060,54.599022,0.6960641,0.1708077,0.33961606
2201,4562,2.731758,0.6952184,0.0061727166,0.013414189
2201,4561,2.8846169,0.6991044,0.0045875236,0.009429768
2202,3786,16.408175,0.6994635,0.032390654,0.062909916
2202,1426,39.969864,0.7048156,0.074832164,0.14458913
2202,4561,12.981686,0.70089984,0.02565077,0.049896255
2203,3579,33.00465,0.613348,0.07972295,0.15650068
2203,6300,15.008373,0.61478984,0.03370546,0.06578023
2204,2207,35.27045,0.6023102,0.06936851,0.13497224
2204,2206,30.759937,0.6029801,0.060345672,0.11664177
2204,1219,47.093185,0.6009048,0.0904308,0.17777158
2204,4139,36.02486,0.6081625,0.06969073,0.13677827
2205,3741,2.0635796,0.6130689,0.0031970888,0.006585002
2205,6298,10.069885,0.61544025,0.02077429,0.04094486
2205,1892,38.9397,0.6147932,0.07515497,0.1480189
2206,6157,13.646448,0.60475314,0.028730556,0.056348987
2206,4138,40.0056,0.6169815,0.08557448,0.16946393
2206,2204,30.45916,0.6023648,0.059907757,0.11584385
2207,3565,65.545135,0.5991578,0.12462198,0.2463817
2207,2204,35.38934,0.60115194,0.06926347,0.1349999
2207,4059,25.65613,0.6031085,0.053274024,0.10216132
2207,1839,30.640896,0.59589916,0.061234213,0.11751581
2208,674,193.20041,0.73067975,0.3354161,0.6628653
2208,464,3.3045464,0.71296257,0.0072439983,0.014576167
2209,6,2.2856407,0.74089056,0.0035025775,0.0065886676
2209,667,43.764103,0.7404544,0.08010676,0.15451638
2209,5034,33.01529,0.73783207,0.06622657,0.1292805
2210,1324,3.9562302,0.70608866,0.0086004585,0.017903253
2210,2211,4.908367,0.7011169,0.0078068674,0.016564533
2211,6335,33.73862,0.7048403,0.0806104,0.15832338
2212,6383,73.117836,0.69370294,0.10508361,0.21064562
2212,6431,16.120924,0.6954734,0.03472152,0.06706351
2212,408,12.845043,0.6962257,0.027633749,0.053697154
2213,2215,30.51083,0.69384414,0.05128103,0.09939966
2213,2792,21.23903,0.69587463,0.041802943,0.08088192
2214,2248,2.8188858,0.69689566,0.0047822073,0.010290995
2214,1114,38.027267,0.6969665,0.073108144,0.13989736
2215,2213,30.048782,0.6941484,0.052377388,0.10145969
2216,3913,266.1321,0.66831774,0.48341423,0.95225096
2216,5589,12.427679,0.66883564,0.025681682,0.050426856
2216,2217,30.913055,0.6666196,0.0654793,0.12689519
2217,2388,56.417984,0.66469836,0.10411888,0.2067666
2217,2216,30.86184,0.6654416,0.06545006,0.12666656
2217,1179,140.6684,0.6580305,0.28324363,0.5602092
2218,3670,2.4126015,0.42821273,0.0032264218,0.0
2218,3915,3.036152,0.73512363,0.0056428313,0.011546567
2218,2219,62.146965,0.44819507,0.16385491,0.25170913
2219,660,2.2225037,0.7390809,0.0031231716,0.0065516233
2219,3873,107.58424,0.7465566,0.1926529,0.38382047
2219,2218,62.517174,0.45096087,0.1645163,0.25214234
2220,3284,213.72119,0.7244824,0.37316346,0.7379403
2220,3158,38.35331,0.72722006,0.072649315,0.13935548
2220,4134,119.63544,0.7300488,0.21677294,0.4313863
2221,1947,9.5860405,0.6784711,0.019243926,0.037747636
2222,2244,99.88393,0.6775985,0.18455632,0.36695033
2223,6296,20.424875,0.60188884,0.042318314,0.08203525
2224,4163,3.838295,0.5935589,0.006984636,0.014169857
2224,2226,14.106155,0.593082,0.029206924,0.057149284
2224,2323,83.887146,0.5732135,0.1597633,0.3145749
2225,6637,83.51748,0.46593258,0.1703496,0.3295561
2225,2229,35.470345,0.49153724,0.07210536,0.13833204
2225,1208,35.14037,0.49004787,0.0714136,0.13690096
2226,2321,80.308395,0.57942164,0.15226838,0.30018446
2226,2223,36.06457,0.60007894,0.06897466,0.13539135
2227,2228,36.924984,0.47753325,0.06610335,0.12589139
2227,2230,27.219982,0.47777066,0.05710367,0.108980685
2227,2376,34.100044,0.4934415,0.069267936,0.13262434
2228,2227,36.648754,0.4773663,0.06544389,0.124000505
2228,2320,44.92807,0.456615,0.09857617,0.19127375
2228,2185,42.066036,0.47804886,0.0911753,0.17785496
2229,3609,2.355156,0.50181305,0.003900215,0.007955149
2229,2225,35.40616,0.48914832,0.0713523,0.13727391
2229,4677,61.052887,0.50059915,0.12011163,0.23412965
2230,2227,27.05624,0.47597462,0.056388367,0.10811381
2231,7039,2.3813972,0.7219168,0.0038899407,0.008162364
2231,1663,27.177761,0.7231122,0.051911976,0.10061039
2231,5099,215.53008,0.718603,0.40318078,0.7971322
2232,4662,24.010967,0.028150588,0.12551966,0.27071926
2233,5244,10.571962,0.043925136,0.047353685,0.09909341
2234,2692,35.280716,0.75173926,0.09564531,0.18303576
2234,4632,13.219084,0.029087156,0.03324714,0.06685796
2235,6199,19.3688,0.040869206,0.08565298,0.17928481
2236,2235,36.879177,0.7476503,0.106012456,0.20287365
2236,5010,35.456543,0.74622697,0.06185443,0.11820045
2237,5163,1.7887115,0.74112034,0.0041006655,0.009112224
2237,5165,12.657534,0.73965824,0.027712144,0.054612763
2237,3945,3.0561981,0.74256855,0.006738089,0.01414451
2238,578,2.929062,0.5483573,0.00501623,0.010619357
2238,578,111.87764,0.54511666,0.23572499,0.45928162
2238,1511,27.427235,0.55540675,0.0594412,0.113889135
2238,1837,147.42445,0.5414589,0.2863575,0.5598548
2239,1328,35.199432,0.6985074,0.06854363,0.13042864
2239,5456,4.4641953,0.698105,0.0078041777,0.015907735
2240,1395,19.638374,0.69617486,0.040575586,0.07871339
2240,5450,2.105587,0.69655234,0.0037914515,0.008117273
2241,5451,2.2523117,0.69516504,0.003917925,0.008331358
2241,5454,7.457718,0.6970229,0.014877409,0.02976863
2242,2733,59.678085,0.7051897,0.108821645,0.2171352
2242,2886,8.0546875,0.7049613,0.016284518,0.032344118
2243,4380,10.671228,0.67678916,0.021208078,0.0422865
2243,5381,23.120106,0.6801074,0.048308887,0.09422459
2244,2222,99.606606,0.6766448,0.18368763,0.36512062
2244,2748,46.56993,0.67627627,0.08759623,0.17278409
2244,3231,127.82745,0.6750082,0.23329994,0.46191287
2245,6399,2.2075195,0.6930088,0.0049262196,0.010478437
2246,2429,2.2880554,0.6259498,0.008902945,0.01834628
2247,1166,23.275852,0.6266962,0.061927147,0.12055349
2247,4029,57.21943,0.6294416,0.08662076,0.17197904
2248,2214,2.8335419,0.69682825,0.004566215,0.009827226
2248,2249,7.1010666,0.69877464,0.011971243,0.023921952
2248,2609,264.41452,0.7002177,0.47370222,0.9335944
2249,1115,7.8523636,0.69469416,0.014951639,0.029289514
2249,1115,5.754833,0.6949259,0.010647841,0.0211294
2249,2248,7.2007027,0.69997287,0.012000017,0.0237962
2250,5388,2.6737595,0.6482911,0.0050179884,0.010375649
2251,552,2.2055397,0.6388749,0.004038751,0.009003624
2251,3206,68.65252,0.645195,0.1373182,0.27379704
2251,551,39.09982,0.64513135,0.08087044,0.15973556
2252,2253,37.84578,0.6460855,0.073855095,0.14522909
2252,5095,114.79827,0.64348733,0.21205716,0.4187446
2252,2254,135.2953,0.64077455,0.24991792,0.49358648
2253,1130,2.3893204,0.64646184,0.0041290745,0.008590698
2253,1133,162.6136,0.64162725,0.3325878,0.6539541
2253,2252,37.778343,0.6481389,0.073343396,0.14427799
2254,2252,136.92526,0.64543444,0.25071287,0.49595457
2254,5283,82.7074,0.646435,0.20636076,0.40942892
2255,2256,79.12956,0.64984334,0.14490981,0.28903222
2255,1131,124.97379,0.6468387,0.22762606,0.4494089
2255,1130,129.02385,0.6462311,0.23628426,0.46703416
2256,1127,87.872345,0.65123117,0.16225523,0.32264805
2256,1126,183.70999,0.6480911,0.34125143,0.67383206
2256,3016,125.205215,0.65176815,0.23043728,0.45598644
2256,2255,79.11119,0.64969885,0.14514217,0.2894059
2257,1128,54.77017,0.6474811,0.10293578,0.20432103
2257,3055,15.21373,0.6502564,0.03164614,0.06171853
2257,2258,18.43926,0.65164137,0.03868957,0.07490932
2258,4747,2.2927055,0.64914525,0.0042213723,0.009257659
2258,2257,18.723429,0.65015376,0.03922182,0.07576958
2258,1129,43.112507,0.6545127,0.08855442,0.17507626
2259,2525,35.704487,0.65853584,0.0853772,0.17126667
2260,2261,6.817848,0.6554079,0.013077393,0.026563078
2260,2262,2.1151276,0.65414894,0.0031260028,0.006990537
2260,1170,76.32855,0.6582642,0.13698372,0.2747955
2261,1171,158.744,0.6404761,0.29036766,0.5720318
2261,2262,7.968899,0.65735364,0.015612267,0.031171635
2262,2260,2.3326797,0.65311027,0.0035955757,0.007889301
2262,1170,148.57841,0.65320104,0.271537,0.5380326
2263,3015,75.20096,0.68434966,0.13652651,0.27330184
2263,2593,38.357525,0.6877585,0.07734042,0.15071252
2263,5574,47.73611,0.6866671,0.09499502,0.1887635
2264,79,11.190395,0.6162796,0.029306322,0.0570943
2265,18,4.3200684,0.61669844,0.01096461,0.022130027
2265,6386,53.863556,0.62355965,0.10229948,0.20209168
2266,3338,284.22217,0.63138515,0.5295962,1.0397711
2266,6021,24.316645,0.61899304,0.06674119,0.12976654
2267,2973,51.515133,0.6834593,0.096282065,0.19045432
2267,5699,81.42227,0.67873573,0.14903328,0.29800236
2267,4068,80.911674,0.68087673,0.14379627,0.28655997
2267,2972,30.334435,0.681983,0.059457697,0.114738904
2268,2972,65.317665,0.6820986,0.119156465,0.23779471
2269,4377,2.268818,0.6772535,0.0035482496,0.007893756
2269,5703,170.60112,0.677731,0.31141147,0.612313
2269,4376,151.34163,0.6746561,0.30152813,0.5956331
2270,3169,244.87787,0.6731962,0.4390283,0.8673936
2270,1942,55.61267,0.6719858,0.1030121,0.20417176
2270,5700,121.178116,0.67707217,0.22114408,0.4387784
2271,1469,52.4277,0.6202406,0.16323142,0.32233408
2272,3991,0.35889053,0.61836094,0.005591415,0.011417851
2273,2272,1.7878685,0.6204892,0.0035855994,0.007846788
2273,2271,2.618,0.6144173,0.009917915,0.020213693
2274,3830,2.4112473,0.37012598,0.0023825914,0.004815951
2274,3829,16.738594,0.36713475,0.038113922,0.07283886
2275,2412,102.88403,0.7100822,0.18512234,0.36789292
2275,705,53.763992,0.70048904,0.09837445,0.19544256
2275,704,106.979744,0.7051858,0.1923942,0.3820055
2276,6329,47.967747,0.7067995,0.09544237,0.18887633
2276,705,118.92752,0.7067393,0.23623857,0.46798247
2276,1372,58.966057,0.706782,0.10670745,0.21234897
2277,108,4.7456093,0.7031816,0.010372646,0.021149486
2277,4435,40.167267,0.7044401,0.08987864,0.17748433
2278,256,16.221235,0.4233083,0.043207254,0.08428658
2279,631,100.28338,0.5257943,0.19728749,0.38557416
2279,1311,25.55691,0.5298895,0.056761812,0.10914566
2279,6266,4.570057,0.5239559,0.010111392,0.020446062
2280,520,54.92057,0.49180073,0.1103946,0.21469724
2280,1231,37.75044,0.48267943,0.07635234,0.14782152
2280,519,43.5571,0.49743304,0.085295625,0.16602741
2281,2279,1.7663727,0.522593,0.0040804446,0.0081759095
2282,6267,1.2850456,0.5152088,0.0023698881,0.00507766
2282,1231,45.87993,0.5034321,0.099901855,0.19509122
2283,3697,47.0943,0.39430577,0.09876763,0.18914978
2283,1233,24.265284,0.37690032,0.055667818,0.10533545
2283,370,24.823458,0.40351832,0.056704637,0.10727165
2284,4038,17.50579,0.39210352,0.04351265,0.08375479
2285,370,23.29794,0.42031822,0.05287377,0.1002342
2285,7060,22.555477,0.42185214,0.0518583,0.098252594
2286,2832,27.056591,0.36113238,0.06313462,0.120017916
2286,1673,8.2309265,0.35694215,0.017258242,0.033311784
2287,2626,2.20113,0.6281063,0.0033169687,0.0075306594
2287,3422,96.616295,0.63334024,0.17890687,0.35465622
2287,3703,55.436127,0.65050185,0.13143796,0.2619325
2288,7032,144.69144,0.5624,0.27481472,0.53909135
2289,2290,10.433516,0.59722376,0.020588033,0.040497497
2289,3259,35.9184,0.5947662,0.06917707,0.13687852
2289,1851,236.52751,0.58135337,0.4526122,0.88622075
2289,2517,8.44783,0.5951178,0.016524978,0.032984525
2290,2289,11.210184,0.5986421,0.022936411,0.045205355
2291,2774,3.5913658,0.6920083,0.0059474856,0.0124926865
2291,3588,44.16103,0.6953847,0.08309565,0.16179599
2292,6908,2.5282478,0.6977595,0.0041740537,0.008762166
2292,3597,40.786587,0.6987705,0.08383615,0.1623707
2293,2294,4.563492,0.6947408,0.008614905,0.017698288
2293,6501,43.071545,0.69659066,0.08754112,0.17366631
2294,2297,2.7755203,0.6952176,0.00527142,0.011658177
2295,2293,5.4764137,0.6952971,0.011078253,0.022944316
2296,2292,3.0835762,0.69748366,0.0053117797,0.011734247
2297,909,4.983471,0.6944935,0.009447731,0.019284204
2297,2296,4.324463,0.6960704,0.008818924,0.018025517
2298,406,2.4018555,0.69369006,0.0036185235,0.008150607
2298,2313,34.9382,0.69609463,0.06799795,0.1299132
2299,1856,66.74609,0.5515119,0.12943067,0.25342745
2300,2340,129.56686,0.42459726,0.27174973,0.523415
2300,1234,71.149124,0.34891945,0.1552854,0.29972097
2300,1267,76.84999,0.3803242,0.16511065,0.31773317
2301,1926,2.0557976,0.60258913,0.0034352615,0.0076473504
2302,3538,1.9533043,0.5893053,0.0027142242,0.0060808957
2302,1258,28.320616,0.5855352,0.05677084,0.108208016
2302,1036,54.067337,0.6077499,0.11163432,0.2194958
2303,3537,1.3711929,0.56240463,0.0039952323,0.008197308
2303,1037,76.16177,0.5696287,0.16189584,0.31677145
2304,2305,35.036057,0.61452204,0.0686302,0.1337158
2304,3664,26.532434,0.60818183,0.0547459,0.104752205
2304,3435,31.847115,0.60523283,0.06355725,0.12183355
2305,1279,65.702515,0.6126197,0.123989,0.24577823
2305,2304,35.27324,0.61521935,0.068787895,0.13409981
2305,1217,27.37811,0.6086386,0.055831905,0.10675992
2306,109,12.326206,0.7052216,0.027140692,0.053216815
2306,6419,7.795536,0.70332694,0.01794517,0.036153615
2307,2308,11.697998,0.52347785,0.024282292,0.047370434
2307,5612,25.209541,0.5085418,0.053334378,0.101494305
2308,6834,1.6345596,0.5211748,0.002203226,0.004669547
2308,1625,10.066917,0.52086943,0.02062428,0.040627137
2309,3803,1.4298363,0.61942744,0.0025083348,0.005944997
2309,1621,22.23543,0.62764543,0.04792407,0.092276864
2310,1892,32.875843,0.6089563,0.06491561,0.12560405
2310,3566,34.660507,0.6112143,0.06901395,0.1337494
2310,5245,35.05145,0.6133639,0.06917172,0.13418332
2311,6794,2.4693642,0.69163585,0.004425876,0.009660527
2311,3381,1.463295,0.68925726,0.0019148141,0.004847288
2311,6711,176.27487,0.6967039,0.3204245,0.63530093
2312,381,16.59947,0.6979424,0.03304653,0.06378009
2312,407,1.9473114,0.69642067,0.0032963976,0.0076055974
2313,382,4.5709267,0.6978277,0.008443572,0.017173633
2313,2298,35.084507,0.69709975,0.06765032,0.13042995
2314,680,50.21437,0.6992487,0.102895916,0.20461191
2315,252,1.7754822,0.5316443,0.0042137876,0.00915128
2315,4868,9.194702,0.5342399,0.0113855675,0.023268595
2316,2318,8.030205,0.4124239,0.017694876,0.034340903
2316,370,10.345631,0.4156518,0.022802778,0.044201374
2316,1673,51.1433,0.38314673,0.105318084,0.20065585
2316,1676,31.77942,0.4309941,0.06618285,0.12520155
2317,2318,2.2635002,0.41401246,0.0047755614,0.009494141
2317,2319,1.926014,0.41567895,0.0039961413,0.008019775
2317,627,30.26169,0.43897107,0.07722001,0.14895879
2318,2316,8.081299,0.41354835,0.017883554,0.034656048
2318,2317,2.44236,0.41274628,0.005163111,0.010336325
2318,1669,37.49324,0.43748105,0.076942265,0.14534904
2319,2317,2.0029297,0.41416556,0.0040323585,0.007973671
2319,7027,16.893255,0.3997494,0.040564854,0.077580824
2320,2228,45.769173,0.45262283,0.09900738,0.19139716
2321,2323,34.409657,0.56923234,0.06776381,0.13208567
2321,1255,34.70325,0.5798324,0.068770275,0.13316455
2321,2226,79.331985,0.5809169,0.15235268,0.30012113
2322,1441,48.118805,0.5492154,0.09193363,0.18135679
2322,1442,36.748886,0.5477876,0.07094117,0.1393279
2322,7033,24.388357,0.5585932,0.05031783,0.096097864
2323,1211,24.173645,0.5588367,0.04997324,0.09517584
2323,2321,34.476204,0.56830555,0.06779856,0.13202766
2323,2224,83.503296,0.5733171,0.15944657,0.31387526
2324,3578,11.860476,0.61381006,0.027496561,0.054020807
2324,4059,1.8746834,0.605847,0.0024786666,0.0057486296
2325,3330,10.124775,0.42818952,0.021641776,0.038646147
2326,1119,61.345154,0.70192736,0.1550627,0.30928457
2326,2077,127.09763,0.70249987,0.23178616,0.46015978
2327,2884,14.37129,0.7071891,0.02817332,0.054823592
2327,5521,45.47368,0.71097803,0.12877703,0.2556653
2328,3726,45.38758,0.54597634,0.08746832,0.1713134
2328,1854,51.044456,0.5523089,0.100047044,0.19709174
2328,3725,69.80001,0.54850584,0.13286173,0.26063153
2329,3728,16.798677,0.5393598,0.022962838,0.045862943
2329,5750,6.0734863,0.53381974,0.012265615,0.02416639
2329,1857,65.06654,0.5335215,0.1271288,0.24970777
2330,3726,1.3676605,0.5397565,0.0020057932,0.0046186
2330,16,13.996401,0.5395996,0.030451607,0.059591748
2331,11,1.4869881,0.5128432,0.0020665154,0.0045897216
2331,2920,52.215096,0.5141587,0.13272898,0.258963
2332,2561,47.51729,0.487989,0.09380466,0.18241118
2333,2013,99.136444,0.4698187,0.20096588,0.38844642
2333,1235,41.47989,0.43964487,0.08429524,0.1626704
2333,1267,88.85623,0.42020524,0.18457323,0.35458004
2333,6476,98.88891,0.47203365,0.200688,0.38844258
2334,5794,1.0762215,0.52752274,0.0038529187,0.008201003
2334,3511,33.272945,0.52733487,0.067037135,0.12942652
2334,5399,60.385624,0.52589554,0.119366094,0.23480347
2335,892,99.52797,0.6589854,0.18297458,0.36362815
2335,893,80.899734,0.65221775,0.15046951,0.29992628
2335,2191,151.28659,0.6574702,0.277554,0.5484476
2336,60,42.197197,0.7045722,0.08793701,0.17156829
2337,2053,72.56856,0.5170338,0.14145762,0.2761992
2338,5391,6.230007,0.6733087,0.014330924,0.028482124
2338,4818,29.572903,0.67504704,0.052858982,0.10211733
2339,2008,22.387167,0.48595396,0.04783976,0.09142896
2339,2921,4.8480034,0.49566314,0.00943213,0.018990621
2339,2006,45.761723,0.49553472,0.09041101,0.17635883
2339,2553,67.0549,0.48434383,0.13369326,0.25987685
2340,2008,60.110355,0.4790514,0.11952096,0.23240125
2340,5557,33.625584,0.47281414,0.06939352,0.13156244
2340,2300,129.39694,0.4255366,0.27120993,0.5223853
2341,1208,26.133553,0.499713,0.055372175,0.105018124
2341,536,149.71497,0.4591845,0.3076328,0.59418523
2341,2342,46.198395,0.5100212,0.0906484,0.17683256
2342,1517,138.48816,0.5254294,0.27314144,0.5304704
2342,1837,78.177826,0.5269424,0.15229769,0.2972655
2342,2341,46.697662,0.5104343,0.092374094,0.18042152
2343,1518,9.184704,0.54209906,0.018694438,0.036976337
2344,580,3.3208275,0.5691881,0.0057729706,0.012121886
2344,583,13.312948,0.5661708,0.028467141,0.055627376
2344,537,62.266575,0.573986,0.12914109,0.2542951
2345,1254,43.135853,0.5860722,0.082459345,0.1625608
2346,1201,68.7312,0.61010385,0.12971063,0.2568308
2346,1515,25.01918,0.60271686,0.051685628,0.09926504
2346,2356,16.315252,0.6025666,0.033368558,0.06496953
2347,1514,2.5754318,0.5869654,0.004591152,0.009825572
2348,2402,149.81432,0.55756396,0.28804064,0.5636913
2348,2349,8.400581,0.57056177,0.016555645,0.03311181
2348,1553,253.20834,0.5623423,0.48604903,0.9491081
2349,2348,8.5430565,0.57098055,0.016695045,0.033200324
2349,1506,81.28426,0.56171066,0.17013878,0.33297667
2349,5264,134.90204,0.5710326,0.27933103,0.5466746
2350,1572,109.74403,0.5868783,0.20378312,0.40044963
2350,5265,68.04173,0.5925489,0.14417094,0.283149
2351,2241,11.623329,0.69856083,0.023579054,0.04651539
2351,6418,41.90993,0.6975248,0.083462775,0.16306885
2352,5056,13.071234,0.5890386,0.029619094,0.058055297
2353,3355,2.3837013,0.61806464,0.0035047457,0.007721439
2353,6774,6.817665,0.6181723,0.011833385,0.023937568
2354,5988,34.314293,0.6261246,0.073042996,0.14283942
2354,1199,4.057621,0.6239108,0.0079707205,0.016101047
2355,4924,2.4728432,0.61721545,0.003822416,0.008003429
2355,2358,20.73772,0.61382765,0.043031644,0.08338528
2356,2357,67.7137,0.61085373,0.12823042,0.25393006
2356,2346,16.336761,0.60210943,0.033418257,0.06508372
2356,1277,19.628933,0.60402465,0.040408008,0.078386374
2357,1199,67.70891,0.6206919,0.12712185,0.25275034
2357,2356,67.79742,0.6106091,0.12792325,0.25335345
2357,1201,10.887043,0.6115263,0.021581367,0.042502925
2358,1201,30.384773,0.61186874,0.061225597,0.11720799
2358,2355,20.871267,0.61527747,0.042936344,0.08346481
2358,4949,10.107819,0.6083972,0.019896887,0.039393544
2359,2365,4.376007,0.6994281,0.008361921,0.017118454
2360,4420,25.06642,0.7015853,0.052664813,0.10126023
2360,6946,4.572796,0.7010956,0.008820429,0.018163607
2360,6845,49.64631,0.70239985,0.100271285,0.19934578
2361,6946,6.696369,0.7014548,0.013065264,0.026348844
2361,2360,4.8036156,0.70104223,0.008995302,0.018813327
2362,2361,2.213211,0.7002804,0.0037228987,0.008048713
2363,6943,4.8375587,0.69899774,0.009486668,0.019274816
2363,93,66.54115,0.70097077,0.13472551,0.26886427
2364,2363,3.4381409,0.6987934,0.00645674,0.013584346
2365,3621,67.86667,0.703334,0.13900961,0.27763885
2365,1325,3.7598991,0.702438,0.007054031,0.014402732
2366,881,6.0615654,0.70851535,0.013161205,0.02700746
2367,6342,2.6183052,0.68229127,0.0040860176,0.009120911
2367,6622,2.5540733,0.6792181,0.004149735,0.009373769
2368,2367,43.948326,0.674348,0.07169865,0.1404596
2368,6411,12.779768,0.67851686,0.02459386,0.048753545
2369,1058,40.22881,0.68654215,0.06832865,0.13186827
2369,1687,53.14746,0.68316364,0.083690725,0.16324311
2369,6411,10.562006,0.6777774,0.02474659,0.0485155
2370,1356,31.660252,0.60941,0.061803848,0.12057002
2370,6203,41.521317,0.61169946,0.10856357,0.21045582
2371,1354,29.457787,0.60641503,0.05980408,0.11465486
2371,1355,56.05226,0.6122114,0.10669205,0.21025941
2371,1356,87.589966,0.6115108,0.16455583,0.32545713
2372,4463,1.7130547,0.7085357,0.0026301146,0.005700454
2372,347,66.99317,0.7121242,0.1341144,0.26668328
2373,6572,2.837143,0.6969891,0.0022334307,0.005399421
2373,3889,9.818573,0.69635105,0.019965015,0.039544135
2374,2375,32.368896,0.59608,0.06402939,0.12287343
2374,1508,230.09453,0.56161493,0.4464537,0.8716121
2375,1507,132.77536,0.6025249,0.24871069,0.4903981
2375,2374,30.288979,0.5958642,0.06041368,0.11572904
2376,2227,34.354027,0.49092683,0.068851665,0.1321504
2376,2185,71.5768,0.5045308,0.076915964,0.14606813
2376,1257,10.276829,0.5067688,0.017335527,0.034871235
2377,5053,3.4911423,0.6952542,0.0059516355,0.012910128
2378,411,22.46246,0.69854265,0.045744337,0.088052586
2379,2377,37.990616,0.6983203,0.0737426,0.14246003
2379,777,19.524122,0.7010255,0.039532486,0.07701906
2380,3470,82.13109,0.6985656,0.19507271,0.3909161
2381,5685,2.9025116,0.6903181,0.0066914335,0.014047086
2381,5686,16.241814,0.6872597,0.029238187,0.05696287
2382,1025,12.041903,0.70033735,0.02209697,0.044166654
2382,3385,9.176853,0.6992315,0.020342112,0.04028952
2383,893,12.763149,0.6485592,0.026643865,0.052297503
2383,677,182.90167,0.64297605,0.37051713,0.7281939
2383,1171,106.97071,0.6465279,0.1960744,0.38837844
2384,2994,5.1880417,0.6711186,0.009474337,0.018885598
2384,118,6.592495,0.66920185,0.01245255,0.024619564
2384,2607,61.792465,0.67317206,0.12064135,0.24144477
2385,2876,203.41948,0.6397715,0.37597606,0.74074954
2385,1178,84.32726,0.65197414,0.1698415,0.33717245
2385,1177,146.86182,0.6383028,0.29576963,0.5831389
2386,1183,71.56111,0.6511142,0.13143043,0.26294744
2386,1172,46.96085,0.6541259,0.08798747,0.17345808
2386,2387,61.49801,0.6538318,0.1133662,0.22642875
2387,2386,61.1784,0.65326685,0.11322048,0.22592007
2387,1172,29.51828,0.65628433,0.06277683,0.120277226
2387,2183,140.77063,0.65731,0.28210738,0.5575455
2388,6446,2.130474,0.6639915,0.0034329146,0.0068752766
2388,2217,56.00895,0.66461146,0.10331537,0.20491466
2388,6445,21.75577,0.6690306,0.045857005,0.08820602
2389,3912,2.4320793,0.66270804,0.004465781,0.009452626
2389,4536,49.827007,0.66814977,0.09960445,0.19767149
2390,2998,92.341995,0.54006684,0.17876306,0.34953502
2390,4915,79.55269,0.5330422,0.15593643,0.3044801
2390,2007,43.718784,0.53410816,0.0849132,0.16614588
2391,3688,95.8938,0.5555791,0.18461573,0.36168802
2391,2392,58.04099,0.5486405,0.11196904,0.21962273
2391,574,32.26155,0.5536739,0.06427798,0.12421736
2392,6177,3.6958923,0.54150945,0.007860623,0.016442835
2392,2391,56.98498,0.54866874,0.11135644,0.21841145
2392,4670,4.5405273,0.5423268,0.011296436,0.022560373
2393,4794,89.247375,0.7326089,0.15874013,0.31762597
2393,1963,332.55524,0.7119448,0.589547,1.1657032
2393,513,99.52351,0.7368101,0.1794517,0.35854948
2394,796,22.86152,0.6399476,0.039241508,0.07608416
2394,2067,80.02142,0.6379953,0.11181763,0.22219929
2395,2746,158.17496,0.67760336,0.28257254,0.5590616
2395,697,32.177902,0.67838323,0.06424344,0.122144
2395,3231,125.902245,0.6778104,0.22987467,0.45579463
2396,2015,228.55734,0.53614724,0.4483517,0.87244344
2397,4666,97.9501,0.43038407,0.19799113,0.38093442
2398,2115,1.8949127,0.58792716,0.0024995506,0.0056222975
2398,4828,10.215889,0.5905299,0.023806036,0.04694955
2399,2057,1.6942863,0.6955479,0.0036650747,0.007832393
2399,3478,53.39298,0.7006588,0.11145531,0.2207415
2400,2143,89.90881,0.6938292,0.16089755,0.32090968
2400,2401,123.52353,0.6953013,0.22399125,0.44478595
2400,3433,36.153168,0.69159025,0.06992651,0.134883
2401,4527,2.158718,0.6946944,0.0033522472,0.0072183907
2401,2400,123.680626,0.6965449,0.22339788,0.44341063
2401,3070,12.514288,0.696906,0.025580041,0.04972723
2402,5806,1.7014847,0.56112826,0.0020087808,0.0047977716
2402,2348,150.72809,0.55674374,0.28980544,0.56700784
2402,534,79.14211,0.554591,0.2077913,0.40681416
2403,1500,39.53924,0.6052916,0.0818069,0.16037479
2403,3608,99.1976,0.60907674,0.20560136,0.40454072
2404,3589,4.580353,0.59642845,0.00898131,0.017997622
2405,2420,118.97511,0.5826503,0.22462812,0.44125432
2405,3589,66.22897,0.5928235,0.12815809,0.25251094
2405,6981,83.7652,0.59013426,0.15881006,0.31306368
2406,6689,1.1057205,0.5722559,0.0032190457,0.006931752
2406,7015,13.18918,0.5707944,0.030656982,0.060402825
2407,2408,41.900505,0.5774605,0.0970817,0.18829346
2407,2406,1.4509888,0.57222867,0.004321769,0.009059891
2409,2408,2.2919655,0.56733114,0.027120478,0.052838057
2409,2406,36.67187,0.57071763,0.089310795,0.17119104
2410,641,90.02205,0.67006433,0.16571026,0.33041617
2410,4337,21.207912,0.6681955,0.050858013,0.099218555
2411,2167,4.5833893,0.4537473,0.009060264,0.014475033
2411,2168,4.0076675,0.70239145,0.009197064,0.01809004
2412,2275,102.99725,0.7085854,0.18574587,0.36997706
2412,704,29.623539,0.7056633,0.06728293,0.13204929
2413,2424,17.785402,0.5696677,0.041317664,0.080076225
2413,2415,113.63283,0.5673803,0.21670324,0.4263357
2414,3973,1.3638382,0.5660567,0.001542449,0.0039268434
2414,2420,125.66687,0.57014513,0.23872459,0.46863896
2414,572,60.308678,0.5604955,0.15373522,0.30013752
2415,2420,127.00101,0.57446915,0.24063212,0.47318375
2415,2421,39.730556,0.57589364,0.07661892,0.1501405
2415,2413,112.5533,0.5664519,0.21605566,0.42392063
2416,6879,12.365908,0.669083,0.025705628,0.050644413
2416,3950,17.043852,0.672377,0.022251174,0.044143915
2417,2016,44.46281,0.532111,0.09182343,0.17611249
2417,2051,32.464603,0.5256524,0.070832446,0.13621686
2417,2418,45.220314,0.5340853,0.0882677,0.17191294
2418,2422,55.619667,0.53785473,0.10810947,0.21216455
2418,2016,65.01511,0.5364534,0.12650326,0.24837402
2418,2419,86.2874,0.5439406,0.16840313,0.3291304
2418,2417,45.127785,0.5338327,0.089135624,0.17395452
2419,2418,86.69583,0.5424315,0.16766298,0.3279499
2420,2414,125.69369,0.567768,0.23897463,0.46969324
2420,2405,119.59475,0.5836879,0.22482681,0.44232374
2420,2415,127.55128,0.5745163,0.24117109,0.47439378
2421,533,136.65985,0.5646989,0.28643972,0.55933666
2421,2415,39.601322,0.5770289,0.07588953,0.14974268
2421,6979,48.90561,0.58065456,0.10053637,0.19699286
2422,2418,55.607613,0.53840727,0.10801545,0.21223162
2422,6177,36.02694,0.543946,0.07597557,0.14786659
2422,2051,48.55188,0.53313226,0.10213074,0.2006357
2423,5025,2.6948051,0.414254,0.005409479,0.0113274455
2423,2052,28.06668,0.09952408,0.080616586,0.15732875
2423,3554,66.36421,0.39712262,0.14177051,0.2751127
2424,3687,1.8134499,0.5640106,0.0023676306,0.0052847713
2424,2426,28.573448,0.5685983,0.06944486,0.13449813
2425,573,138.06863,0.5489342,0.26452017,0.51764846
2425,3815,5.80159,0.5618009,0.011057936,0.022713095
2425,3625,116.41161,0.55808246,0.22152084,0.43433183
2426,3688,2.1692314,0.5666196,0.0031566843,0.0069803
2426,4842,36.14431,0.56668687,0.09003322,0.17459291
2427,3686,10.797913,0.56062514,0.021780409,0.04282233
2427,2428,35.6089,0.5590403,0.06938611,0.13525991
2427,2019,39.214252,0.5576937,0.07575017,0.14906704
2428,3625,4.7539787,0.5584658,0.008869968,0.01809235
2428,573,36.88319,0.556823,0.071740344,0.14073183
2428,2427,35.6596,0.5594672,0.06949379,0.13526821
2429,2247,5.371189,0.6255741,0.01572036,0.03139335
2429,2708,2.1913872,0.6275766,0.0032627434,0.007273063
2430,2467,14.491091,0.4388928,0.03088919,0.059806332
2430,2035,64.877754,0.46182552,0.12991095,0.25196144
2430,3984,68.500435,0.4162942,0.14130971,0.2723881
2431,2432,34.735603,0.4255798,0.07206364,0.13810433
2432,2025,83.69266,0.39181072,0.17778395,0.3419158
2432,527,31.093897,0.4171566,0.066250175,0.1255144
2432,2431,34.93966,0.428585,0.072673015,0.13837208
2432,2433,63.06921,0.38386506,0.13132167,0.25512448
2433,2037,1.9276314,0.35866538,0.004641883,0.008704558
2433,2432,61.63855,0.38390225,0.13274626,0.2578675
2433,4953,29.64302,0.13120702,0.08273281,0.16200678
2434,3893,4.2807846,0.67600024,0.013407439,0.027154073
2435,2436,37.252327,0.6858852,0.08878765,0.17550713
2435,2434,71.332954,0.6830019,0.22014108,0.4380235
2436,4513,1.1657677,0.6725868,0.003524974,0.0080938935
2436,1194,2.375103,0.6754006,0.0047666207,0.010315344
2437,4511,50.740646,0.6862037,0.12285142,0.24550143
2437,3519,77.4302,0.6863797,0.22282153,0.44312263
2438,3519,38.813564,0.68061936,0.094664544,0.18583769
2438,2436,5.4386444,0.6799357,0.010866538,0.022168934
2439,5850,2.31464,0.676961,0.0054613575,0.011415809
2439,6481,80.43411,0.67537045,0.22612938,0.44876647
2440,4018,1.4322205,0.66829723,0.004266605,0.009204805
2440,2441,85.179245,0.6839754,0.24423262,0.4865011
2441,2442,1.0454178,0.6692193,0.0031535625,0.0070756823
2441,3145,93.949524,0.6787143,0.29629004,0.5899492
2442,2441,0.91308594,0.6762157,0.003028527,0.0068629533
2442,6988,124.42412,0.6750583,0.22595704,0.4475968
2443,3795,2.1499138,0.7411654,0.0015540496,0.0036696643
2443,6809,20.484053,0.74032795,0.04668149,0.09023831
2444,3125,2.7609978,0.728732,0.004606575,0.008388877
2444,1630,2.2013588,0.47436237,0.0022849366,0.0026719868
2444,6820,0.19729996,0.40461427,0.0,0.0
2445,419,7.2461166,0.6948924,0.016410053,0.033151522
2445,1059,20.847654,0.6998058,0.039223496,0.07526725
2446,4284,3.7867432,0.6904177,0.0074747056,0.016265944
2446,2803,2.6327705,0.65876967,0.0074436218,0.01560469
2447,3230,44.05922,0.67839015,0.08132341,0.1582132
2447,3488,88.10794,0.67480755,0.15926035,0.31531778
2447,3282,114.34558,0.6748812,0.20812154,0.41290426
2448,2449,2.339531,0.7397686,0.0051565096,0.009779125
2448,6303,22.214676,0.057765663,0.093123645,0.19507588
2449,2448,2.0899048,0.7362983,0.0039284155,0.007892519
2449,6170,51.135735,0.7360903,0.09559183,0.18973295
2449,4293,39.083187,0.7359291,0.07560784,0.14347269
2450,5157,36.493156,0.690622,0.07165341,0.13718322
2450,3477,9.055134,0.68812364,0.017540887,0.03486824
2451,2967,2.9859428,0.6439429,0.005068168,0.010646537
2451,6262,3.046814,0.64423764,0.004379116,0.009591356
2451,2453,36.015594,0.66144717,0.09050272,0.17751631
2451,2452,30.395456,0.6375365,0.07343633,0.14453495
2452,4148,36.358643,0.6042395,0.12139751,0.23843631
2453,5597,11.298647,0.6669948,0.02896981,0.057234623
2454,2047,89.22348,0.5288875,0.17537287,0.34220698
2454,2456,53.80266,0.5452169,0.10457581,0.20517881
2454,2455,40.876377,0.54403085,0.078934744,0.15443093
2455,2454,40.889492,0.54299223,0.07873411,0.15488338
2455,2032,29.8988,0.5457431,0.059629537,0.11428835
2455,2456,21.32513,0.5456327,0.044321544,0.085096166
2456,2454,54.058647,0.5445905,0.104668014,0.20542227
2456,3720,47.27054,0.5486973,0.090476155,0.17746957
2456,2455,21.324957,0.5456326,0.04429118,0.08506237
2457,3982,57.536556,0.44187564,0.116761446,0.22680843
2457,2023,24.25018,0.46404293,0.052168373,0.09930539
2458,2047,78.323875,0.49947435,0.1569417,0.30437648
2459,287,2.2359047,0.74579465,0.003297098,0.006597355
2459,474,32.560146,0.74404436,0.07246618,0.14183003
2460,1440,111.43554,0.61248404,0.20772547,0.4086604
2460,4810,4.8995895,0.640664,0.008566894,0.017383218
2461,1470,36.6734,0.67838156,0.07552725,0.1461015
2461,6788,75.24681,0.68242043,0.14962456,0.298544
2461,3050,28.411808,0.6835271,0.05914661,0.11298274
2462,1468,93.19571,0.6216212,0.17581105,0.34783217
2462,1718,61.443985,0.61008406,0.195514,0.3860127
2463,1019,26.885475,0.68295383,0.055814985,0.1082453
2464,679,16.686562,0.7025478,0.03287439,0.06385745
2464,2465,26.026417,0.7031275,0.045310553,0.08692436
2465,2464,26.245136,0.7035537,0.044797987,0.08609161
2465,679,9.398087,0.7025163,0.020846464,0.041359186
2466,474,2.412342,0.7415888,0.0039162636,0.008418173
2466,287,32.19397,0.7450417,0.072394356,0.14174427
2467,5071,2.2698326,0.4406324,0.0043497384,0.009237602
2467,2050,45.44302,0.24211556,0.12781698,0.25827283
2467,2430,14.173796,0.43564713,0.030231543,0.05860614
2468,3979,1.8618279,0.39052922,0.003233023,0.006430477
2468,3984,13.838524,0.3958277,0.03101357,0.059454545
2469,1889,0.9611206,0.019239724,0.009016052,0.016998932
2470,290,2.2759743,0.7409023,0.003395602,0.007216543
2470,2459,18.852232,0.74552655,0.041823998,0.08225158
2471,6006,1.354393,0.5371564,0.0015867949,0.0039624125
2471,3773,139.25253,0.5554544,0.26630834,0.5217252
2471,2029,27.334036,0.5411573,0.06138037,0.11761722
2472,6635,33.219574,0.5920247,0.06622164,0.12794082
2472,800,162.29785,0.60246176,0.3036266,0.5978
2472,4058,95.8457,0.60643524,0.18250003,0.35978028
2473,3908,1.8487511,0.5304768,0.0029110163,0.006273076
2473,5783,2.0457458,0.529231,0.0035653263,0.007535383
2474,175,9.501671,0.6960053,0.020756349,0.04078199
2474,2521,6.6863365,0.69202995,0.014884964,0.029972062
2475,2476,1.7372437,0.624765,0.0043970942,0.009784102
2475,766,88.72458,0.6304702,0.2835612,0.5592966
2476,2475,0.9895859,0.62940127,0.0030321702,0.0071107
2477,769,48.919094,0.4698229,0.10837923,0.20984983
2478,2477,2.4610977,0.48098654,0.0069223046,0.013366759
2478,1153,55.17786,0.4665909,0.113134496,0.21912538
2479,1991,1.0452614,0.5584433,0.0033466965,0.007401645
2479,6729,33.329094,0.56249076,0.06732339,0.13024397
2480,3200,1.46912,0.6677461,0.0024880692,0.005845621
2480,1431,44.284798,0.6689235,0.115240164,0.22864014
2481,2482,2.5103874,0.4491959,0.003007345,0.0062826723
2481,1908,80.99913,0.4410538,0.1657715,0.31902784
2482,1901,18.494596,0.45041636,0.040749468,0.078492954
2483,4547,54.838707,0.5561173,0.11517633,0.2234055
2484,2483,2.7860374,0.5577508,0.003803812,0.008733317
2484,2033,2.8364258,0.55887616,0.005074054,0.010427266
2484,2510,65.26666,0.56772894,0.1252391,0.2463592
2485,2487,96.816284,0.5597864,0.18730482,0.36618465
2486,6635,116.54089,0.57243156,0.22143549,0.43528527
2486,2033,26.93589,0.56295365,0.058815397,0.11349328
2487,2485,96.78425,0.56090766,0.18665132,0.36671355
2487,2486,34.488964,0.56245893,0.07352331,0.1436998
2488,6727,63.200226,0.7018125,0.11768599,0.23251574
2489,280,39.972183,0.69048595,0.07751088,0.15020111
2490,365,9.710976,0.6862662,0.017237946,0.03473653
2490,6619,5.5214157,0.6857223,0.012519285,0.025351971
2491,6632,64.843216,0.68091685,0.15273856,0.30503115
2491,2495,1.3552971,0.67582875,0.0036081597,0.008185431
2492,3504,3.3019142,0.67411596,0.008862771,0.017997995
2492,2491,3.833912,0.6723124,0.009934187,0.020056695
2493,2492,2.013649,0.6762513,0.004707448,0.010324359
2494,2493,1.471695,0.6739641,0.004960887,0.010320544
2494,5390,32.83432,0.6817171,0.081362896,0.16178922
2495,2494,1.4706917,0.67523694,0.0039823875,0.008768201
2496,1056,4.464348,0.6855188,0.010172911,0.020864606
2496,6620,21.593645,0.6864803,0.049604747,0.09558272
2497,6619,4.1459694,0.6855966,0.0071786195,0.0151328
2497,365,2.6650124,0.6890702,0.0030619577,0.007460937
2498,5488,64.62743,0.7402728,0.117601275,0.23470446
2498,5401,95.17962,0.73997384,0.2849023,0.5675807
2499,3391,2.1505966,0.67678076,0.0025025979,0.0053518414
2499,1536,146.94719,0.6760671,0.20660035,0.41271102
2499,1534,96.551636,0.676042,0.17595333,0.3486256
2500,4095,44.86043,0.7417358,0.08918947,0.17508894
2500,1635,2.890709,0.73515046,0.009510763,0.018796414
2501,5878,2.1075706,0.7459069,0.0047206506,0.009664699
2501,5660,131.8356,0.43494886,0.42287454,0.72616196
2502,1882,100.94156,0.7318183,0.29426852,0.5835779
2503,2504,3.7609444,0.5445258,0.0035471693,0.0075345635
2504,2503,4.049675,0.5495063,0.004221566,0.009415925
2504,4540,7.615406,0.5497784,0.016804002,0.033660024
2505,2503,6.378334,0.5445121,0.013889179,0.027695194
2505,4540,2.7042732,0.54641056,0.0018572435,0.0045777857
2506,2194,32.660313,0.7028873,0.07557032,0.14630249
2507,1645,4.111332,0.70032156,0.008961052,0.018716559
2507,2892,26.711151,0.7014581,0.047417462,0.09275899
2508,27,69.57556,0.6968032,0.14044937,0.27891245
2509,2510,2.4510765,0.5798549,0.0039317757,0.008444563
2509,2018,58.2474,0.5849596,0.11171126,0.22028467
2509,2513,51.819225,0.5825693,0.09848407,0.19148894
2510,2509,2.4567642,0.578961,0.003964074,0.008452818
2510,2484,65.36257,0.57113385,0.12537715,0.24710765
2511,6892,49.070396,0.59934604,0.094212554,0.18480746
2511,2512,28.343327,0.59436035,0.057362888,0.10938438
2511,2513,78.56035,0.58572185,0.14904664,0.29413638
2512,3378,51.16795,0.59894514,0.096795045,0.19086507
2512,6893,13.821503,0.6009078,0.028109573,0.055071756
2512,2511,28.106735,0.59511113,0.056793343,0.10841525
2513,2514,1.9992905,0.58463085,0.0028565675,0.006511152
2513,2511,79.29738,0.58903694,0.14956875,0.2952759
2513,2018,13.7046795,0.5884077,0.027828895,0.054304987
2514,2513,1.9769821,0.5854364,0.002779603,0.0062737465
2514,2510,52.94126,0.5835921,0.10152969,0.19785906
2514,2048,114.24072,0.57987535,0.21637636,0.4256066
2515,2517,32.261894,0.590734,0.06293896,0.12176605
2515,1078,1.6438904,0.58757794,0.004725486,0.010046065
2515,2518,29.942835,0.58380216,0.059174515,0.11254534
2516,4244,2.140316,0.589104,0.0069366395,0.014272198
2517,2289,8.586166,0.59576887,0.016879782,0.033692017
2517,1311,135.5861,0.5664269,0.28254348,0.5526663
2517,2515,32.241272,0.5902079,0.06286083,0.12220887
2518,6823,1.698513,0.5807626,0.0025489107,0.0055580437
2518,6821,8.853519,0.58007646,0.015598111,0.03097327
2518,2515,30.210403,0.58338606,0.059944607,0.11480521
2519,3100,2.18676,0.7388185,0.0038182214,0.00775069
2519,3134,5.585903,0.7378817,0.015004404,0.029444158
2521,176,7.857403,0.6938212,0.017319165,0.034747258
2522,5532,125.87829,0.69006443,0.30403402,0.60353005
2523,4744,2.3693886,0.64422005,0.003988661,0.008847088
2523,2254,69.17984,0.65139496,0.16759047,0.33248946
2524,2526,82.120895,0.6486814,0.15033983,0.30001864
2524,5273,81.32199,0.6486945,0.15013638,0.2992365
2524,4744,157.89388,0.6425819,0.29212606,0.5768237
2525,1135,2.1283607,0.6340952,0.00520996,0.0108709335
2526,2524,81.2987,0.6471518,0.1514826,0.3019452
2526,1134,88.71011,0.6483373,0.16446906,0.3272068
2527,4875,2.322319,0.65643215,0.0037723705,0.008437902
2528,5061,2.0214653,0.6754444,0.0049869344,0.010459185
2528,5848,146.16943,0.67545325,0.3296136,0.6509727
2529,3149,38.22244,0.67332,0.08979641,0.17780347
2530,1163,3.0545998,0.6743299,0.0047397763,0.010138378
2530,7053,312.87115,0.67350906,0.12220605,0.264431
2531,2529,28.232437,0.6788733,0.06579898,0.1286528
2531,2530,17.478739,0.68146497,0.034940477,0.067942485
2532,6538,26.406656,0.67795074,0.05292399,0.102046624
2532,6565,22.20277,0.6785826,0.05157282,0.100960195
2533,1844,169.79228,0.52446055,0.33252662,0.6474567
2533,4813,20.467833,0.57982576,0.042439494,0.082316525
2533,4475,57.63783,0.5863931,0.111665934,0.22003075
2534,1817,4.723835,0.7114221,0.008907363,0.017741308
2534,5600,67.49725,0.7083183,0.120983355,0.2413513
2535,3186,2.7416801,0.7146827,0.004428044,0.009570777
2535,6576,10.689911,0.71679455,0.020933047,0.04119505
2536,3383,86.81975,0.69930714,0.1766608,0.35079175
2537,5181,1.9601402,0.46988195,0.002751343,0.0021123588
2537,736,5.458416,0.6960012,0.008165911,0.017102465
2538,3974,47.61271,0.7259535,0.086708754,0.1683174
2538,2539,156.99069,0.7244475,0.2780316,0.54949695
2538,3101,82.98099,0.7283087,0.15938754,0.3178782
2539,2195,208.34465,0.7286125,0.36536428,0.722111
2539,2821,80.44978,0.73062754,0.14175366,0.2832834
2539,2538,156.844,0.7270205,0.27887514,0.55127466
2540,2543,4.425583,0.6971483,0.009972662,0.020692855
2540,4080,27.300404,0.6978735,0.049842056,0.09774973
2541,187,7.627121,0.6927863,0.014402673,0.028409049
2541,405,34.87879,0.6956904,0.06762859,0.1290418
2541,2542,3.8756065,0.6928021,0.0053807795,0.011250511
2542,2541,4.234913,0.6926554,0.0062753707,0.01313889
2542,6264,28.001358,0.7008822,0.05551888,0.1075488
2543,1636,5.532116,0.695109,0.012375407,0.024571314
2544,2545,6.156975,0.49498478,0.013051309,0.0254983
2544,2563,19.515072,0.49112952,0.038136628,0.07325221
2545,6835,2.2124138,0.49142855,0.0037411079,0.007311046
2545,3693,11.17127,0.4945077,0.02142647,0.042059034
2546,3698,5.295086,0.4927345,0.013192885,0.026162714
2546,2548,11.080278,0.4804449,0.021647848,0.042812616
2547,2558,2.5497246,0.49479455,0.0042388365,0.008364722
2547,6835,5.5897446,0.48898068,0.01010742,0.020182684
2548,2549,4.312172,0.4847281,0.0082459,0.016685814
2549,6814,64.90458,0.47926638,0.1301351,0.252793
2549,2548,3.7291718,0.4824043,0.006798066,0.013882518
2550,3691,2.5896416,0.5473401,0.00407961,0.008662134
2550,2998,40.68111,0.55088955,0.07803828,0.15388107
2550,2564,2.8494263,0.5466089,0.00483077,0.010081768
2551,2560,1.7829514,0.4887761,0.005773373,0.011644214
2551,2921,71.297195,0.48830235,0.14397937,0.2792043
2551,2918,20.927284,0.484616,0.045336816,0.08658667
2552,2554,4.069771,0.4844394,0.0069438815,0.013945013
2552,6816,3.5861435,0.48994347,0.006846644,0.013770327
2553,2555,1.7794609,0.48600876,0.0056104437,0.011384815
2553,2339,66.55455,0.4875423,0.13454983,0.2615141
2554,2548,2.6217957,0.48767406,0.004479818,0.008954883
2554,2552,4.1948853,0.48541147,0.007057287,0.014171615
2555,2553,1.5516205,0.48500064,0.0050559416,0.010299504
2555,5900,117.225815,0.49360508,0.33070058,0.64374036
2556,2557,6.335472,0.49168554,0.015835151,0.03099598
2556,2559,20.311321,0.49503672,0.03966673,0.07644384
2557,2558,9.67598,0.4967455,0.01846122,0.03608106
2557,6739,4.598854,0.49824604,0.01196786,0.02350311
2558,2559,3.645771,0.49456102,0.006487258,0.012961522
2559,6827,46.549904,0.5001929,0.09360558,0.18075144
2560,2551,1.4483643,0.48994574,0.004896626,0.010074347
2560,6828,132.58423,0.48217663,0.40541464,0.7886127
2561,2332,47.08013,0.49298593,0.09487629,0.18429099
2561,2562,4.638912,0.4765183,0.009094872,0.018253088
2561,2552,84.582,0.47872838,0.17109427,0.3310699
2562,2561,5.2891426,0.4756273,0.010382675,0.020544901
2562,5556,1.6947784,0.47592694,0.0025392845,0.0055424124
2562,2553,53.034336,0.4804808,0.10817898,0.2106044
2563,536,103.80951,0.4490909,0.30014727,0.5832494
2564,3691,1.2269707,0.5505058,0.0043015257,0.009155095
2564,2550,2.9868317,0.54934335,0.005202271,0.01090768
2565,5940,2.1159363,0.7080159,0.0044275373,0.01000537
2565,5914,77.57541,0.7126709,0.1810075,0.36087006
2566,2567,0.90073776,0.6792881,0.023568109,0.045252472
2566,3884,26.437252,0.71749204,0.053546045,0.10429073
2567,1752,339.247,0.6797859,2.267507,4.449419
2568,5126,2.1847572,0.6829072,0.004071057,0.009225354
2568,5289,28.875427,0.68401563,0.060804423,0.116897896
2568,5127,7.1691017,0.68371856,0.016747653,0.03320314
2569,2570,9.079243,0.7417607,0.020314999,0.04072739
2569,5166,4.207184,0.7413984,0.012510553,0.02493976
2570,3945,3.8705559,0.74164474,0.00886111,0.018765718
2571,5166,2.150917,0.737466,0.0065859407,0.013269708
2571,1948,13.029024,0.7393163,0.025771081,0.0509737
2572,5518,1.0491447,0.08562976,0.0068936273,0.014438361
2572,488,72.77907,0.7456791,0.17910776,0.35163128
2573,2989,2.4683723,0.6933799,0.004935026,0.010377586
2573,4085,25.88051,0.69531965,0.053979944,0.104584634
2574,6696,111.032005,0.69355386,0.16516183,0.3282895
2575,3345,105.770874,0.73089015,0.18983951,0.37889814
2575,5575,89.35812,0.73336434,0.15732601,0.31440845
2575,3081,89.2758,0.7329142,0.15764233,0.31595528
2576,1095,33.387978,0.001395464,0.17259258,0.37282002
2577,1341,8.51627,0.6837864,0.019217335,0.038548872
2577,947,70.535866,0.68108886,0.20669502,0.41010505
2578,2084,2.266346,0.71089494,0.0034305528,0.0072898865
2578,2579,11.80686,0.7111724,0.02297578,0.044375718
2578,834,29.17604,0.712104,0.0780198,0.15358415
2579,830,84.879364,0.71476483,0.15213841,0.3048441
2579,832,81.20676,0.711433,0.14539085,0.29130444
2579,2578,11.580696,0.7114238,0.022499494,0.043622613
2580,691,3.2107658,0.7004544,0.0073349774,0.015519723
2580,224,3.5037231,0.7000944,0.0076352954,0.016168937
2581,2102,118.05805,0.721337,0.21439132,0.4265858
2581,2074,46.116184,0.717221,0.0856649,0.16476972
2581,2072,42.970413,0.71809185,0.08089858,0.15606177
2582,4206,2.0048065,0.6980122,0.0030955598,0.0070815384
2582,2199,112.932846,0.7017987,0.20441154,0.40788352
2582,1243,25.538162,0.70134485,0.052945502,0.1029089
2583,6644,85.96951,0.7455597,0.15526909,0.30864584
2583,6639,19.58388,0.031789333,0.08948703,0.18920155
2584,3775,10.882257,0.68587154,0.021212123,0.041867733
2584,3599,6.0777245,0.6814626,0.011031568,0.022362396
2585,657,3.1058998,0.7493141,0.00461787,0.009364679
2585,3916,82.59912,0.41788572,0.25224793,0.40671307
2585,4371,100.69594,0.74476993,0.18354225,0.36697727
2586,2117,1.8012085,0.41564542,0.0052301288,0.010538623
2586,1902,18.035252,0.41491044,0.04873914,0.095963694
2587,2834,65.141136,0.58625996,0.124497935,0.24609122
2587,1249,71.681496,0.57553023,0.13771069,0.27141744
2587,6834,50.875084,0.54662997,0.09891875,0.19515663
2588,6011,5.6999435,0.60002583,0.016382717,0.032283038
2589,3612,1.8557358,0.44598475,0.0027738288,0.0055319667
2589,3610,25.497421,0.43785375,0.058577612,0.110216655
2590,2638,62.05877,0.591209,0.13150144,0.25294453
2590,3402,16.61491,0.5982046,0.03500827,0.068223655
2591,5278,16.662703,0.66356295,0.038602788,0.07531382
2591,2625,151.38266,0.6462947,0.28020555,0.5547981
2591,4180,48.992603,0.65842366,0.09173593,0.18088725
2592,1189,22.57309,0.68311197,0.0468065,0.08917593
2593,3014,47.304993,0.6876253,0.08725934,0.17216538
2593,1191,32.234573,0.68966186,0.06656626,0.12757784
2593,2263,37.98301,0.687858,0.076978095,0.14918351
2594,455,129.9377,0.6907612,0.23584083,0.4679079
2594,454,17.15762,0.6858362,0.03409722,0.06574146
2594,1599,39.808853,0.6873759,0.07576212,0.14791799
2595,3666,13.072409,0.68846625,0.026063949,0.05118665
2595,2610,2.090969,0.68960726,0.0030934438,0.0066774487
2595,6095,44.592716,0.6877535,0.08362345,0.16346543
2596,456,3.4987755,0.6964328,0.0048388317,0.010881111
2596,733,3.0804214,0.69329023,0.0045235306,0.009804606
2597,456,3.1211739,0.6902766,0.004708171,0.0105020255
2597,1599,124.87621,0.689693,0.22680184,0.44982594
2598,454,118.307526,0.6893167,0.21465233,0.42650157
2598,5122,46.2325,0.6879478,0.086194165,0.16941269
2598,4090,182.12225,0.68856096,0.32542142,0.64404
2599,6417,2.5638885,0.69947195,0.004900433,0.009678438
2599,1792,33.383255,0.7010713,0.06981889,0.13750196
2600,903,1.9420891,0.6213417,0.003410384,0.007739812
2600,2605,44.616646,0.6251806,0.09433405,0.18674344
2601,1596,1.9384155,0.6166575,0.0026688129,0.005957842
2601,2604,29.316898,0.6202152,0.06279653,0.12065223
2602,544,1.9277954,0.6128596,0.0026926696,0.0061252415
2602,4888,142.73679,0.6187606,0.26397243,0.5212295
2602,5554,56.93318,0.61697674,0.11604057,0.22815098
2603,542,2.212452,0.6176438,0.003348589,0.0074448287
2603,4704,48.649742,0.61969197,0.09953105,0.19480564
2604,545,1.8416557,0.6138358,0.0023791566,0.0054607242
2604,2602,23.180592,0.6194439,0.050338764,0.09653129
2605,6410,1.7015686,0.6226498,0.0029446855,0.006867811
2605,902,39.041367,0.625135,0.07532827,0.14714119
2606,5935,1.9196472,0.6809309,0.0027126297,0.0063494146
2606,2994,76.35408,0.678797,0.13840196,0.2773553
2606,6024,14.128523,0.6840062,0.029072024,0.056837656
2607,2384,62.642525,0.67536247,0.122882694,0.24605049
2607,6756,2.6216736,0.6849284,0.004153691,0.00961183
2608,1290,53.313423,0.6859413,0.097154394,0.1930775
2608,1291,23.319399,0.6881619,0.046019077,0.089032605
2608,1288,43.570065,0.686782,0.08128967,0.15972258
2609,4928,80.99083,0.6966967,0.1483292,0.29718515
2609,2248,264.78128,0.7012862,0.47613755,0.9379564
2610,2595,2.8539581,0.69048125,0.0050662756,0.01039277
2611,762,44.706055,0.6924413,0.1031812,0.2023765
2612,6437,1.9341431,0.68048894,0.0044717565,0.008969963
2612,4659,35.740818,0.6971008,0.08688485,0.16771477
2613,4989,8.277878,0.6943244,0.01817052,0.036332503
2614,2615,1.8758087,0.68784547,0.004456274,0.009858891
2614,2613,9.946423,0.68960446,0.022275686,0.044042394
2615,2616,15.414869,0.6945708,0.03371199,0.0658706
2616,5346,10.531395,0.690629,0.021047853,0.041699857
2616,850,12.68606,0.69473326,0.028230928,0.055401973
2617,5346,1.3755112,0.34684038,0.0018426031,0.0031247884
2617,1961,15.749134,0.69460046,0.031867735,0.062037498
2618,4556,30.005615,0.6935529,0.058741033,0.112850554
2618,2650,62.85228,0.69553626,0.1150878,0.22998282
2618,2704,113.629684,0.6948837,0.2077145,0.41313475
2618,133,83.33898,0.692751,0.15299991,0.30600864
2619,5328,145.73953,0.7267128,0.28682077,0.56824183
2620,1929,35.659042,0.6461981,0.07602126,0.150355
2621,2623,29.500364,0.66807896,0.06945615,0.13526255
2622,2620,42.77171,0.6561523,0.08625158,0.17200822
2622,2621,54.08342,0.6578717,0.13027504,0.2584462
2623,4290,8.069393,0.6711503,0.018300138,0.036371097
2623,1060,41.704166,0.67202485,0.07972863,0.15771852
2624,2630,1.9347839,0.561033,0.0037176982,0.008311957
2625,2628,47.43425,0.6445093,0.09802058,0.19336362
2625,2591,152.33435,0.6472505,0.27819946,0.5516733
2626,2287,2.0379944,0.63037163,0.0030263513,0.0066872686
2626,6872,91.23282,0.6112418,0.18976505,0.37116146
2627,200,2.3203468,0.57891136,0.0033483505,0.0075041354
2627,2624,18.39525,0.5723102,0.039673403,0.07733214
2627,1625,189.2772,0.54298,0.366265,0.7142931
2628,4978,207.59795,0.6373871,0.3863851,0.7620454
2628,2626,4.1491165,0.6326366,0.00810682,0.016933054
2629,2835,1.7851219,0.66034436,0.0029767826,0.0069597512
2629,3650,84.21051,0.6677923,0.19794348,0.39098313
2630,2303,1.9447746,0.56718767,0.0038169846,0.008142322
2630,5426,65.90271,0.54209465,0.14059399,0.27419978
2631,2936,42.002792,0.44904596,0.15660155,0.24108675
2632,1471,3.149887,0.7245298,0.005336009,0.011114329
2632,2633,39.78038,0.72830266,0.08938288,0.17399344
2633,1950,12.250967,0.7311317,0.026566878,0.052204505
2633,2100,126.03269,0.7289602,0.22497591,0.44840008
2634,2501,26.782543,0.45593226,0.09470797,0.1482112
2635,2637,56.427322,0.64214027,0.105096124,0.2086013
2635,2636,29.777441,0.64172703,0.059602797,0.114653565
2635,2699,23.778854,0.6456429,0.048808698,0.09394969
2636,2635,29.862185,0.64229953,0.060222764,0.11532111
2636,2891,62.23635,0.6279808,0.11796573,0.23440182
2636,2699,36.628685,0.6443635,0.07107894,0.13899308
2637,2635,56.730476,0.64239705,0.10589808,0.21058798
2637,2129,6.0260124,0.632422,0.011242583,0.022672236
2637,237,85.46866,0.62571687,0.16284603,0.32270443
2638,5738,2.4583855,0.5996254,0.0037350059,0.007976547
2638,3865,42.849804,0.6027541,0.0897189,0.17206271
2639,2642,85.23277,0.68283224,0.16696978,0.3328819
2639,6789,16.335056,0.68416476,0.033801712,0.06550166
2640,2652,23.293028,0.640707,0.050849162,0.09720973
2640,5737,81.626724,0.62262195,0.16770229,0.33124304
2641,84,69.046875,0.68933403,0.13907681,0.27927086
2641,2945,17.53293,0.6867679,0.03625405,0.06992394
2642,2639,83.855606,0.68251073,0.16824555,0.33512855
2642,2700,20.800247,0.68417525,0.042909484,0.0826506
2642,2643,30.4924,0.68124497,0.060095437,0.11539115
2643,2642,30.303255,0.68349785,0.059046105,0.114356466
2644,1425,95.713135,0.699535,0.17528993,0.34969246
2644,5318,21.948816,0.70091313,0.045497727,0.08748297
2644,6469,99.97375,0.69871503,0.19898868,0.39515543
2645,89,80.98303,0.67143184,0.1477651,0.29587877
2645,4583,127.52461,0.6680379,0.25808117,0.5092376
2646,2797,40.384415,0.67258656,0.07782471,0.15412691
2646,2645,39.02652,0.6738921,0.0791982,0.15680957
2647,4583,1.9736862,0.6609014,0.0029755607,0.0067169666
2647,3331,86.27634,0.65820956,0.15951233,0.3178229
2647,2646,88.91499,0.66736954,0.17983887,0.35612252
2648,3791,2.5947304,0.69908106,0.0042903423,0.009702101
2648,6598,109.72236,0.704316,0.22204438,0.4410485
2648,128,45.87465,0.70374143,0.09267149,0.18454511
2649,137,18.096773,0.6985302,0.03565459,0.06902728
2649,1273,44.05445,0.70187455,0.087409556,0.17165266
2649,3115,76.04025,0.7032159,0.1504465,0.30068114
2650,2618,63.184326,0.6943719,0.114645176,0.22923729
2650,136,81.28899,0.69791585,0.14752276,0.29606253
2650,134,24.541697,0.6965731,0.048292935,0.09302267
2651,3790,1.7321701,0.7017429,0.0024625584,0.0057326257
2651,1427,10.128208,0.70276505,0.02052313,0.040756032
2651,3785,194.37025,0.7039509,0.34710422,0.6876738
2652,6613,0.36185455,0.36877656,0.0008836612,0.0018850863
2652,6775,90.112526,0.6403974,0.18878539,0.3743227
2653,4919,2.126915,0.6290581,0.003995605,0.008520067
2653,2654,115.68796,0.6279801,0.21525282,0.42467973
2653,4476,173.15195,0.6441006,0.32027453,0.6318951
2654,2653,115.40888,0.6286175,0.21547213,0.42585456
2654,6103,2.9350243,0.62093335,0.004678726,0.0100060105
2655,3886,2.459034,0.6106472,0.0036411285,0.007956743
2655,6102,51.66536,0.62076986,0.097812526,0.19261768
2655,5737,74.53885,0.6072109,0.23933816,0.4711225
2656,6610,2.1513176,0.6260028,0.0034448877,0.007361725
2656,2657,58.836773,0.63344824,0.11101776,0.21825807
2656,6179,42.37777,0.63248175,0.08034141,0.15625902
2657,5760,2.1439552,0.6297332,0.0040484667,0.008382216
2657,2656,58.74736,0.63568145,0.1113421,0.21963002
2658,4334,45.047726,0.6351219,0.0859067,0.1695874
2658,4483,124.55202,0.641298,0.22987497,0.45492196
2658,1959,328.52704,0.6417657,0.60648376,1.1933736
2659,3331,44.318027,0.6560034,0.0846023,0.16749308
2659,2677,121.675186,0.66092044,0.22287402,0.44150567
2659,6423,76.87523,0.65185463,0.14312819,0.28577885
2660,2661,13.905613,0.6277664,0.028954774,0.056451842
2660,4334,16.945396,0.62737614,0.03228284,0.062866226
2660,5760,31.743885,0.6325325,0.06433944,0.124006234
2661,4334,2.3490753,0.62690234,0.0035281107,0.007858023
2661,2660,14.212372,0.6294163,0.029505227,0.057534307
2661,1718,99.9663,0.62415284,0.18548353,0.36657792
2662,4585,1.7830505,0.64711875,0.002715543,0.0060090274
2662,2663,95.554184,0.65209126,0.17631018,0.35059983
2662,6423,119.04659,0.65323603,0.21917579,0.43433583
2663,2662,95.559006,0.65131044,0.1759572,0.3497256
2663,6423,44.158634,0.6467461,0.08430289,0.16688359
2663,1466,69.068565,0.64041513,0.12682506,0.25406742
2664,6736,32.310146,0.70670694,0.055020854,0.10551825
2664,109,13.33106,0.7014944,0.02971448,0.058162063
2665,2666,47.17815,0.6891436,0.07559161,0.14720911
2665,122,47.132492,0.6911863,0.09024948,0.17841151
2666,121,69.41694,0.6936964,0.12510806,0.25084847
2666,122,31.538176,0.69050187,0.0654792,0.12751624
2666,2723,45.833153,0.688351,0.091850765,0.1826266
2667,2668,47.49773,0.67419267,0.088806055,0.17624667
2667,2669,77.30304,0.66545737,0.14316154,0.28611368
2667,3172,76.77091,0.68114454,0.14040007,0.28123203
2668,2667,47.758163,0.6758448,0.08907723,0.17710246
2668,1955,87.87685,0.6805132,0.1619766,0.32340792
2668,2671,25.070395,0.6717618,0.05057757,0.097137734
2669,2670,25.697899,0.6600603,0.052297924,0.100553
2669,2672,112.880714,0.64075685,0.20906284,0.4130224
2669,2667,77.23216,0.6650471,0.14267683,0.28498453
2670,236,119.10742,0.6533341,0.2201586,0.43522692
2670,2669,25.63561,0.6607221,0.05211712,0.10007118
2670,2671,37.270973,0.66626215,0.071867734,0.14019252
2671,1954,113.98527,0.6683324,0.21072039,0.41748494
2671,2670,37.164505,0.66749024,0.07221237,0.14030604
2671,2668,24.847435,0.67125076,0.050196737,0.09633298
2672,5739,34.384674,0.6090989,0.07323959,0.14504626
2672,2669,114.01793,0.6392371,0.2099138,0.41472518
2673,6450,1.8163109,0.6901063,0.0025644973,0.005917728
2673,177,13.267839,0.69358915,0.027446456,0.053988487
2674,6448,1.5891533,0.689278,0.0021011382,0.004963249
2674,6449,2.2904549,0.6887003,0.004226789,0.009203687
2674,174,41.253284,0.6891086,0.07857198,0.1529907
2675,3510,2.0377197,0.68477696,0.0030953214,0.007495761
2675,1387,36.723206,0.685982,0.07648903,0.15036207
2675,6449,27.134998,0.6878464,0.05584378,0.1082292
2676,6251,186.16383,0.68842685,0.33677533,0.667222
2676,2702,32.725323,0.68549335,0.064965986,0.123900995
2676,2680,289.23886,0.6736672,0.52861995,1.0408677
2677,2659,121.77009,0.6604128,0.2225258,0.4407916
2677,2797,86.300735,0.6681159,0.15914546,0.3178182
2677,3043,46.451523,0.6665858,0.08803549,0.17422268
2678,2680,93.78,0.66763437,0.13282697,0.26539713
2678,5543,86.30925,0.6567484,0.16078736,0.3202007
2678,2798,72.84688,0.6625337,0.1348324,0.26958185
2679,2798,75.863754,0.65940213,0.1391037,0.27780634
2679,91,228.64957,0.6392784,0.4264768,0.8392696
2679,5543,145.39102,0.65009725,0.26858866,0.53115577
2680,2678,93.83621,0.66680187,0.1327065,0.2654972
2680,1711,91.85575,0.66861683,0.12742163,0.25457045
2680,2676,290.05322,0.67596966,0.5269917,1.0382243
2681,5222,5.3520813,0.64784014,0.01168637,0.023515537
2681,6191,9.906086,0.635738,0.03437108,0.06922046
2682,2686,11.70022,0.6343857,0.037799682,0.07522376
2682,1729,12.958683,0.64082694,0.027060583,0.052799284
2683,6190,2.299633,0.63305146,0.013700262,0.02724789
2684,1709,2.4729156,0.6380377,0.004144557,0.009144887
2685,4941,1.5591888,0.6326322,0.003185004,0.00679259
2685,2689,32.555958,0.6361211,0.06872693,0.13495347
2686,2688,11.162228,0.63305175,0.03717256,0.07425582
2687,2845,11.930971,0.63330024,0.039458238,0.07883605
2688,1726,26.606209,0.63527596,0.059529178,0.11571067
2688,2690,12.584127,0.6317532,0.058004823,0.1190651
2689,81,36.754673,0.62387353,0.09371238,0.18286867
2690,7002,58.74264,0.6192359,0.34646103,0.67470634
2691,1017,41.575798,0.6934048,0.099798135,0.19815482
2691,1005,80.43696,0.6954335,0.24989429,0.4983198
2692,506,14.287979,0.045128226,0.06906192,0.14953004
2693,139,125.66731,0.7099142,0.22929403,0.45532912
2693,2694,18.433361,0.704098,0.036373165,0.0703873
2694,138,11.084814,0.70378476,0.02202382,0.04270965
2694,2693,17.31223,0.70395565,0.03418439,0.066224255
2695,2696,78.55711,0.6720365,0.14523375,0.29063737
2695,7064,3.0890846,0.6716783,0.005191669,0.011262998
2696,5311,2.3188972,0.6652255,0.0038674325,0.009095341
2696,5309,87.25427,0.6621734,0.16260377,0.32366657
2697,82,136.84122,0.65718174,0.25156215,0.49857157
2697,2698,42.324215,0.6434424,0.0809599,0.15987688
2697,5309,24.372795,0.65037197,0.0505004,0.0974129
2698,196,138.81671,0.6153221,0.2599645,0.5136106
2698,1709,134.88016,0.63383,0.27507213,0.5423704
2698,2697,42.258068,0.6429447,0.08054337,0.15917046
2698,2130,46.22649,0.6436357,0.09423401,0.18735026
2699,2636,36.683926,0.64544225,0.07045357,0.13890538
2699,1271,98.81392,0.65934724,0.18182802,0.36159962
2699,2635,23.868032,0.6468011,0.049111445,0.09452373
2700,2642,20.528633,0.6825664,0.04218565,0.08130942
2700,6422,34.588737,0.6860595,0.07050283,0.13537146
2700,2767,14.136324,0.68463135,0.027702436,0.053924873
2701,2702,214.29153,0.68146676,0.3882962,0.7663694
2701,2767,35.23978,0.6870637,0.069399975,0.13275835
2702,2676,32.8073,0.68338716,0.06465096,0.12330313
2702,2946,184.5137,0.6874246,0.33275157,0.6586636
2702,2701,213.9335,0.6813056,0.38588822,0.76135725
2703,1702,20.039652,0.70217216,0.05308714,0.10374452
2703,137,62.250824,0.70229805,0.11359678,0.2267139
2704,2618,113.40196,0.6934328,0.20750839,0.41250715
2704,5833,44.72313,0.6892071,0.08463089,0.16571118
2704,5550,255.47696,0.6932781,0.4596229,0.9057499
2705,5709,4.063431,0.7101923,0.008932926,0.018345416
2705,4354,1.8632736,0.70998865,0.0025600493,0.005971223
2706,2707,2.6555595,0.72370034,0.0030891746,0.0070248097
2706,5030,160.44429,0.73537433,0.37904197,0.75211334
2707,2706,2.9621658,0.7252091,0.0038055182,0.008538455
2707,1112,166.05762,0.7197619,0.39274225,0.7794272
2708,6521,87.51577,0.63701624,0.27321446,0.541606
2708,3243,224.90027,0.61747086,0.4202873,0.8251275
2708,2429,2.2150536,0.62696594,0.0032463223,0.0074890405
2709,3243,33.29314,0.6242289,0.07100711,0.13540116
2709,2708,36.223557,0.62682766,0.11165117,0.21956263
2710,1484,290.1325,0.60285753,0.41709492,0.81529987
2710,2709,19.858942,0.62432724,0.053540125,0.105133705
2711,3944,55.328438,0.61684746,0.16936828,0.33399907
2711,3944,88.03357,0.6132423,0.16549173,0.32751822
2712,3139,1.9748802,0.6088451,0.00578396,0.012502611
2712,2715,43.663254,0.6151782,0.13737267,0.2716964
2713,2714,2.4708862,0.60321057,0.004394181,0.009619415
2713,5951,66.40937,0.61014247,0.16757506,0.33006716
2713,1487,49.04721,0.6064117,0.10154,0.20004784
2714,2713,2.160698,0.5996173,0.0038178787,0.008473232
2714,2715,2.1938934,0.60431254,0.0035524294,0.007725239
2714,5951,55.194298,0.6075451,0.16965614,0.33477014
2715,2714,1.9675217,0.60145736,0.0034170747,0.007646993
2716,2113,5.0674324,0.5954219,0.009187609,0.018937692
2716,5442,2.9446106,0.5935039,0.0070662573,0.014528602
2716,1971,58.964737,0.59927106,0.13520436,0.26720598
2717,4355,88.8719,0.7117006,0.17627968,0.35165474
2718,225,68.158875,0.69654304,0.123073354,0.24643347
2718,2000,2.3845139,0.6958162,0.0056841522,0.012054205
2719,6002,23.206827,0.69750893,0.053940825,0.105671674
2720,4543,89.576706,0.6851887,0.16271716,0.32554346
2720,2721,51.39651,0.6804778,0.094667725,0.18800423
2720,3170,53.776047,0.68267447,0.09851568,0.1963765
2720,1708,45.55984,0.6834877,0.08445574,0.16540495
2721,4686,1.92136,0.67467046,0.0029125363,0.006408319
2721,2720,50.110588,0.6797099,0.09438611,0.1878729
2721,4274,26.950375,0.6796471,0.056765947,0.110064685
2722,2724,54.490376,0.68162775,0.109842926,0.21959335
2722,121,67.16689,0.6887369,0.13397151,0.26870787
2722,5307,3.6389236,0.68341625,0.007075101,0.014768437
2723,2725,42.19658,0.6832359,0.08004094,0.15647419
2723,2724,25.44214,0.6834664,0.053103413,0.1022343
2723,2666,45.40643,0.68843836,0.09129615,0.18062305
2724,2722,54.281517,0.68177056,0.110585034,0.21998376
2724,1247,84.805885,0.67474407,0.16958001,0.33763236
2724,2723,25.497868,0.6831579,0.053390127,0.102709
2725,2723,42.78233,0.6832331,0.08071221,0.15818864
2725,1271,113.31737,0.6774752,0.20739642,0.41215235
2725,3172,60.94699,0.6823814,0.09033595,0.17833546
2726,2926,62.193535,0.5090432,0.15923063,0.3088625
2727,6292,31.387016,0.50321615,0.060550466,0.11715723
2727,2726,1.9727249,0.49071163,0.0022079423,0.0047344267
2728,199,85.55586,0.5026269,0.22125095,0.42804262
2729,4576,7.1274567,0.7225706,0.013727911,0.027248487
2730,2729,48.095474,0.7206572,0.09034817,0.17562108
2730,1340,21.791178,0.7177215,0.042456683,0.08247298
2731,215,115.91024,0.7132631,0.21232055,0.4224617
2731,3570,15.161528,0.708496,0.029588908,0.057680354
2732,4433,1.7724724,0.6975349,0.003560327,0.0078575015
2732,4445,62.09561,0.70454925,0.11472502,0.2279173
2733,2242,59.93696,0.70584947,0.10877351,0.216221
2733,140,60.9017,0.7117965,0.1092948,0.21743032
2733,452,71.14125,0.709234,0.12704737,0.25381094
2734,384,4.951515,0.6971073,0.0096156,0.0195456
2734,3717,12.856253,0.6935981,0.026319154,0.051869527
2735,2736,17.595697,0.6993456,0.03623378,0.070057884
2735,2737,3.066555,0.69873434,0.005823493,0.012670189
2736,6799,2.0735397,0.6950331,0.0039705783,0.008570537
2736,5607,48.011154,0.6989248,0.097413965,0.19294912
2737,2740,26.141073,0.6990043,0.055523943,0.107860744
2738,385,4.4281845,0.69799644,0.008629702,0.018280998
2739,2738,4.4539566,0.6944084,0.008553289,0.017869994
2739,385,3.5119667,0.6957277,0.006495841,0.013841227
2740,387,8.226738,0.6963595,0.01693371,0.03377068
2740,386,17.512539,0.6969927,0.035931654,0.07014755
2741,2179,76.57376,0.6980245,0.11027192,0.21628931
2742,4080,39.88995,0.69658434,0.067873664,0.13420051
2742,2540,30.531448,0.6986201,0.07295427,0.14266177
2743,4386,1.3613853,0.6844172,0.004114546,0.008582801
2743,193,63.262543,0.68878186,0.12901172,0.2584473
2744,5954,18.60423,0.68735325,0.03881445,0.07515543
2744,1091,21.603916,0.6884177,0.04492432,0.08618952
2745,1541,50.266823,0.6829849,0.09310224,0.18484218
2745,1240,66.87746,0.6827896,0.16137594,0.32219976
2745,5127,103.15013,0.69318837,0.24743825,0.49239647
2745,1538,257.69278,0.6802183,0.4657744,0.9179659
2746,2747,42.85622,0.6758698,0.08179948,0.16116327
2746,2395,157.62068,0.67565644,0.28272116,0.5600746
2746,3514,113.620705,0.6773905,0.20552927,0.4087075
2747,2748,20.372747,0.6763178,0.041000787,0.079045415
2747,2746,43.150585,0.6749897,0.08203638,0.16205816
2747,3230,100.65488,0.67746246,0.18537703,0.36861706
2748,2747,20.354845,0.6752581,0.04086475,0.078800924
2748,3282,43.60253,0.6744282,0.082210146,0.1625743
2748,2244,46.27436,0.6743903,0.087059826,0.17162435
2749,2399,1.312252,0.6732651,0.0027944744,0.006360635
2749,757,29.19152,0.69853544,0.06175064,0.11842268
2750,2056,1.4916267,0.69709504,0.0034197792,0.007862851
2750,4079,17.525595,0.6970088,0.036276992,0.070213415
2751,4653,2.5565376,0.6919399,0.004409395,0.009420857
2751,5323,24.8273,0.69367164,0.051268157,0.09878993
2751,4905,15.418613,0.6920926,0.029816348,0.058560036
2752,350,89.147316,0.71527517,0.17602667,0.3510956
2752,3484,112.506096,0.7162616,0.22305149,0.44243878
2752,2090,138.98639,0.7139669,0.24992257,0.4955058
2753,4309,1.9375992,0.7150081,0.0029984564,0.0063741803
2753,2079,20.262571,0.71492463,0.042035054,0.08143415
2754,4535,2.499874,0.66042626,0.0042538866,0.009332091
2754,1179,239.24963,0.65619284,0.4379458,0.8631624
2754,4536,31.210197,0.663033,0.06513072,0.12742424
2755,6903,0.9790344,0.34549204,0.0041064844,0.008863181
2755,6904,2.798973,0.66635096,0.005018629,0.009866849
2756,3811,2.1388779,0.6925585,0.002940774,0.0062420964
2756,4093,20.915344,0.70102584,0.04743208,0.09159845
2757,4648,30.497189,0.6952023,0.059586905,0.115945384
2758,3145,1.5677071,0.6721181,0.0040320605,0.008851916
2758,5832,4.3377457,0.6742666,0.0073397905,0.015040711
2758,6989,16.652145,0.6725847,0.033009093,0.06419379
2759,4009,1.4438057,0.6956126,0.0038694143,0.008595064
2759,4120,44.25855,0.69753206,0.08298949,0.16119961
2760,4649,59.317505,0.6971365,0.11138883,0.22150964
2760,4007,2.1203651,0.6824308,0.0040107146,0.008792013
2761,3813,18.692192,0.7042873,0.041600112,0.080665566
2762,3622,1.9051819,0.6991059,0.00365825,0.0078505725
2762,4415,45.703434,0.70226955,0.09382953,0.18846028
2763,3713,2.0747223,0.69087857,0.0035425574,0.008103758
2764,2378,88.08836,0.69523954,0.12683338,0.25473678
2764,387,41.439278,0.6997743,0.06682508,0.12699851
2764,1046,35.00145,0.69816667,0.06770389,0.13020279
2765,2766,1.3009186,0.69421256,0.0040211305,0.0091872215
2765,4283,15.882355,0.6961335,0.035651002,0.06953897
2766,4319,2.5899467,0.69541883,0.006075181,0.013135433
2766,2794,58.863647,0.693593,0.13718353,0.27404043
2767,2700,13.945911,0.6854875,0.027537778,0.05386071
2767,2701,35.08145,0.68626696,0.0687761,0.13197534
2768,2772,7.4217644,0.69981265,0.014865182,0.02991356
2769,2770,5.0526886,0.69626325,0.010187753,0.021352991
2770,2738,14.985664,0.6964965,0.030052338,0.059184723
2770,2771,5.368168,0.69666946,0.0104142055,0.021135658
2771,2,2.958912,0.6962547,0.004595615,0.010136113
2771,2768,2.0356064,0.6940127,0.003494203,0.007943466
2772,6460,79.23607,0.69590974,0.16016634,0.3178596
2772,2769,2.6836853,0.6957456,0.004810855,0.010341316
2773,389,3.3406181,0.6973392,0.006408602,0.013889149
2773,2776,2.4210587,0.6923392,0.004431851,0.009540841
2774,2773,1.869587,0.6882007,0.00323838,0.0071649104
2775,4587,0.3209648,0.11043024,0.0018184707,0.003370136
2776,2777,1.487606,0.6888897,0.002291195,0.005435616
2777,388,2.8621025,0.6970637,0.005593471,0.012232259
2777,2775,2.4076233,0.70062095,0.004146196,0.009328201
2778,5477,9.942471,0.6985214,0.02033221,0.040352613
2779,760,1.8309288,0.6949479,0.0029486269,0.0062453896
2779,6375,10.642485,0.69212544,0.021524519,0.04282619
2780,2784,2.3066292,0.69194055,0.0037174448,0.008184373
2781,2789,62.026993,0.69487697,0.11327043,0.22579706
2781,2787,109.452614,0.6983546,0.2229959,0.44104898
2782,2295,97.11,0.6983546,0.1966,0.3903586
2782,1114,145.96527,0.69660556,0.26534435,0.52561456
2783,2780,2.1429214,0.6910746,0.003546603,0.007406786
2783,2781,11.261789,0.6908878,0.023190558,0.045971215
2784,433,2.269886,0.6936526,0.0038219988,0.008348331
2784,5864,3.5667229,0.6951368,0.0064943805,0.013562113
2785,2596,43.105957,0.6972306,0.0731074,0.14074959
2785,2611,35.624115,0.69572604,0.07374464,0.14120878
2786,4384,38.683884,0.693943,0.09157737,0.17971136
2786,1115,167.3653,0.69268155,0.30290812,0.59936076
2787,1116,58.93177,0.6968465,0.13622954,0.27147403
2788,1780,26.190453,0.69718814,0.05533567,0.10617904
2788,2778,109.10326,0.6947817,0.22339255,0.44280326
2789,5190,2.126751,0.69359034,0.0035374835,0.0076086223
2789,3677,37.31599,0.6983404,0.071566045,0.13751894
2790,5191,2.06958,0.6933726,0.0030605048,0.0068892986
2790,2789,3.3669968,0.69217575,0.0056852177,0.01181072
2790,2778,61.727776,0.6943465,0.111961156,0.22304478
2791,2793,2.4566994,0.69318926,0.0025798306,0.006116152
2791,5863,31.756538,0.69596255,0.06692232,0.12833011
2792,2213,24.853539,0.69723105,0.04123246,0.07956563
2792,2793,3.551075,0.6950388,0.00506109,0.010681227
2793,2791,2.3152122,0.6935835,0.0025184825,0.0056590885
2793,2782,28.866169,0.7004527,0.060588963,0.11705556
2793,2792,3.1013184,0.69737107,0.0040286407,0.008731157
2794,6155,1.690979,0.6902328,0.0040357783,0.008780122
2794,441,26.65049,0.69790137,0.06166458,0.119933955
2794,2795,32.84663,0.69331783,0.07675765,0.15118371
2795,438,1.8290825,0.68905663,0.003129825,0.007065326
2795,2612,24.226078,0.69473964,0.05486518,0.106132396
2796,5384,193.72888,0.6747397,0.35675937,0.7040651
2796,5813,120.97296,0.67023593,0.24417743,0.4826054
2796,1470,24.404846,0.6740117,0.051473178,0.09913652
2797,3331,147.37444,0.6582352,0.2692722,0.53298974
2797,2646,40.086014,0.6686553,0.07765663,0.15144216
2797,2677,86.28943,0.66776615,0.15900874,0.31735933
2798,2678,73.29618,0.66215104,0.13496618,0.2700854
2798,3043,112.88409,0.66550565,0.20674255,0.41021067
2798,2679,76.197365,0.6566034,0.13853085,0.27687937
2799,5277,40.322968,0.66840965,0.07793413,0.15262629
2799,1367,109.45571,0.66805387,0.19880538,0.39486295
2799,4750,32.300217,0.6714572,0.06406671,0.122239634
2800,2932,13.323574,0.6724852,0.02642329,0.05172117
2800,1492,52.06484,0.6717131,0.09671242,0.1919732
2800,3261,37.035095,0.67243207,0.07335663,0.14504234
2801,4090,3.1039505,0.69025195,0.00594005,0.012332678
2801,6510,50.261154,0.6928474,0.0941029,0.18576783
2802,4090,51.077103,0.6903194,0.09624612,0.19184774
2802,3828,88.45579,0.6959426,0.20413798,0.40587956
2803,4284,5.765663,0.6812292,0.008978866,0.018537626
2803,1818,72.984146,0.6769376,0.18527468,0.37017354
2804,670,2.1227493,0.72186464,0.0032230467,0.0068109334
2804,1870,57.62307,0.7203426,0.14084122,0.2804709
2805,3863,1.9126015,0.7191099,0.0031646863,0.006169021
2805,3428,35.758087,0.7157452,0.07038358,0.1378767
2806,1969,12.99345,0.64700025,0.029385202,0.058120802
2806,3150,4.072632,0.64748424,0.007098213,0.014817759
2807,2810,3.1074982,0.6690135,0.0023852065,0.006338939
2807,2815,31.580257,0.6646373,0.03766855,0.07391851
2807,3213,42.570118,0.6717098,0.08899995,0.17153043
2808,2816,3.112915,0.67013854,0.0013994277,0.004624054
2808,2818,3.209324,0.6680943,0.007365659,0.015405014
2809,3213,37.949818,0.66877055,0.04756748,0.09262375
2810,2807,2.5001602,0.67098004,0.0011565909,0.0038959384
2810,3214,378.71838,0.65014625,0.33221072,0.6576267
2811,2813,2.2880287,0.66330576,0.0055855885,0.012208819
2811,2809,5.6368866,0.66768616,0.00964842,0.019993842
2812,5769,32.28255,0.6590672,0.040534217,0.07957319
2812,2810,42.77384,0.6722936,0.09129992,0.17665675
2813,2809,4.9409714,0.67156136,0.0041885674,0.009883389
2813,2808,1.8639793,0.66834956,0.004903525,0.010903999
2814,3239,136.61224,0.67088306,0.33418238,0.66274595
2815,882,5.0668564,0.67481065,0.0031877682,0.008354813
2815,2814,3.9148674,0.6676588,0.005773835,0.012759671
2816,2817,4.752659,0.6737679,0.0044396296,0.0102983415
2816,882,2.049038,0.66839516,0.00542856,0.011860743
2817,2810,36.25412,0.6646711,0.0453065,0.08794709
2818,2951,110.45795,0.6738433,0.26760536,0.53137
2819,4577,2.0051956,0.65367174,0.002742134,0.006218821
2819,820,123.08144,0.65554285,0.24880761,0.49085128
2820,4602,2.1469803,0.7304416,0.0033766776,0.0065471977
2820,3102,91.22133,0.73211414,0.18070063,0.35946488
2820,3974,98.11944,0.73329735,0.17373516,0.34764856
2821,1735,98.41577,0.7312826,0.17316699,0.34572646
2821,2539,80.356636,0.728974,0.1408519,0.28141665
2821,2823,88.164764,0.73045355,0.15550055,0.3115548
2822,2824,40.410423,0.7332612,0.07640834,0.14830983
2823,2821,88.34865,0.729759,0.15526946,0.31140262
2823,3974,60.78782,0.72801083,0.10897003,0.21696794
2823,2822,34.578255,0.7289425,0.06503088,0.12511635
2824,4615,1.7167625,0.73302656,0.002233848,0.005153656
2824,1978,13.230907,0.7351451,0.026226394,0.051429495
2824,2822,40.569016,0.7359344,0.0771568,0.14722419
2825,5482,7.8890495,0.45504737,0.024098389,0.038836867
2826,2909,29.615559,0.7248759,0.054155514,0.10602804
2826,47,65.14423,0.7275262,0.15862617,0.31436267
2827,5853,24.20065,0.7172824,0.0534509,0.10348476
2827,2565,6.4764137,0.7142216,0.014017157,0.028406695
2829,2830,2.0350266,0.72032213,0.0031430274,0.0063139796
2829,2162,22.683332,0.7211392,0.05131175,0.09943805
2830,2829,2.084465,0.71931946,0.0029164776,0.005817622
2830,5909,2.4168434,0.7189244,0.0038918704,0.007587701
2830,4727,49.542007,0.7173626,0.1108637,0.21858655
2831,32,62.31109,0.7181115,0.1231256,0.24501744
2831,5505,44.605602,0.71645963,0.09012219,0.17608696
2832,1673,24.146599,0.36088336,0.056744926,0.1073966
2832,1233,2.5423431,0.36235094,0.005889483,0.011141852
2833,1674,34.30512,0.49444282,0.07522136,0.14642116
2833,1262,18.699202,0.4977028,0.040689554,0.0783924
2833,1625,19.37607,0.5033308,0.041087978,0.079307996
2834,2587,64.91013,0.583031,0.12495151,0.24649048
2834,4920,43.42284,0.6137389,0.08412623,0.16414562
2834,1664,68.461395,0.6071776,0.12949805,0.25690782
2835,3703,1.2526093,0.6558845,0.0040532723,0.009259418
2835,2625,13.565893,0.65771234,0.028663732,0.05573532
2836,99,3.0374413,0.70168763,0.0051871166,0.011288106
2836,4642,2.5171356,0.70220983,0.0041981116,0.008864939
2836,4641,3.4228973,0.70305073,0.004908286,0.010858253
2837,4688,24.20798,0.68163484,0.049075756,0.09465993
2837,747,15.58046,0.682423,0.028820686,0.056484498
2838,2890,9.341526,0.6830146,0.016702779,0.03322649
2838,4069,86.59497,0.684063,0.24163362,0.47987986
2839,2837,4.982544,0.6852006,0.00759688,0.015507281
2839,6533,80.89392,0.69387525,0.19077756,0.3804741
2840,5415,99.30952,0.7142946,0.17881623,0.3571021
2840,337,132.05222,0.71406114,0.23720428,0.47076452
2840,4591,39.414604,0.7096123,0.07416586,0.14351557
2841,2681,487.15698,0.661466,2.2821867,4.488283
2842,4489,62.304935,0.6733398,0.14069748,0.2796479
2842,2854,55.34898,0.6675743,0.23579445,0.46578264
2843,1981,89.8334,0.71456945,0.16001207,0.31970227
2843,2985,34.042107,0.71026415,0.06495413,0.12441815
2843,2105,164.61156,0.7081725,0.2930344,0.58016694
2844,4438,1.952076,0.7122722,0.003048174,0.0063289404
2844,4436,24.48405,0.71282816,0.050410204,0.09738921
2844,1303,31.173,0.71246743,0.06022833,0.11540187
2845,2683,4.629589,0.63676095,0.01889909,0.037235722
2845,6192,6.9493866,0.64642626,0.015466787,0.031150043
2846,5415,2.111637,0.7121533,0.0032913834,0.007024944
2846,6137,17.55185,0.7149183,0.03890333,0.075838804
2847,2849,103.73092,0.68307346,0.18922466,0.37514496
2847,2972,60.601547,0.6808708,0.109813794,0.21839832
2847,2848,100.27459,0.68438697,0.18326466,0.3645786
2848,6694,205.75232,0.6839694,0.37119982,0.73276067
2848,2847,100.4032,0.68628377,0.18472606,0.36795688
2849,4068,39.293755,0.14268047,0.13119408,0.27038294
2849,2847,105.31766,0.68229824,0.18876195,0.3748688
2850,4591,47.29732,0.71109235,0.08657568,0.16779596
2850,3341,69.36958,0.71004456,0.12596734,0.25108355
2851,2854,38.407673,0.68073523,0.08591907,0.16911796
2851,2852,9.405384,0.67304534,0.019136474,0.038129732
2852,4488,1.3416023,0.66085696,0.003323689,0.008018732
2852,1936,40.71417,0.6726099,0.08473542,0.16624962
2853,2852,42.87311,0.68139946,0.09637477,0.19015816
2853,2841,58.044,0.6736164,0.24287334,0.4804873
2854,1764,25.21188,0.66159993,0.11386879,0.22961763
2855,1158,59.015656,0.6718436,0.11025105,0.22022934
2855,1158,63.046696,0.6721701,0.117033854,0.23412043
2855,3148,13.030401,0.6752956,0.025394887,0.049902394
2855,3312,101.7761,0.67335415,0.1877401,0.3727077
2856,944,73.03601,0.67845553,0.13329788,0.26525688
2857,2861,1.7979279,0.6669823,0.004465349,0.009616032
2857,4871,47.370983,0.6728284,0.11329086,0.22433396
2858,5847,2.3902931,0.67936,0.004652478,0.0108362585
2858,2856,8.933548,0.6840105,0.008933745,0.01961416
2859,2857,5.2836914,0.6729044,0.011853404,0.024143606
2860,2862,2.447792,0.66656226,0.0056095794,0.011838019
2860,6056,94.02138,0.66992617,0.10470048,0.20795411
2861,2860,1.7980042,0.666458,0.004088506,0.009178013
2862,3322,25.739586,0.6708936,0.06029601,0.11610644
2862,2859,1.8779373,0.6684965,0.0043165013,0.009383008
2863,2868,1.9527435,0.6619244,0.0038383305,0.00840202
2863,2866,2.0860367,0.6622264,0.00409317,0.0088588
2864,2867,2.4214096,0.66030467,0.0039267167,0.008323833
2864,2866,2.3140564,0.6621283,0.004403211,0.009454846
2865,2868,0.5149193,0.08280876,0.0021420568,0.0043836683
2865,2867,2.148735,0.6608683,0.0049551055,0.010181561
2866,2864,2.4714012,0.6601584,0.0052849352,0.010822207
2866,2863,1.9568138,0.6610662,0.004405424,0.009503201
2866,1879,21.652308,0.66141117,0.046629734,0.09051843
2867,2865,2.4363403,0.6541957,0.0045593157,0.009360254
2867,2864,2.5320053,0.6622333,0.004472755,0.009566873
2867,4693,13.944725,0.6620148,0.029792111,0.058032833
2868,2863,1.7750587,0.65991586,0.004058458,0.00878118
2868,2865,0.5619278,0.08990157,0.0025877282,0.0048990548
2868,3181,59.457954,0.6663662,0.12131008,0.24112874
2869,841,2.7005196,0.6691603,0.0047186464,0.009792641
2870,6614,1.6945992,0.68400615,0.0022618398,0.005296588
2870,6615,73.64625,0.68499464,0.13341078,0.2677961
2870,5549,33.48117,0.68682194,0.069657244,0.13450158
2871,4697,2.2298546,0.6511789,0.003368929,0.0073612332
2871,6026,29.159653,0.6548036,0.06258355,0.120541714
2872,4533,14.396122,0.65820634,0.02967804,0.057940558
2872,1459,37.290424,0.6571313,0.07737007,0.15277569
2873,3238,1.9849701,0.6673466,0.0027759895,0.0065204203
2873,1464,96.748726,0.6744362,0.23523024,0.4674514
2873,1463,200.91092,0.6665564,0.36957613,0.7293045
2874,4497,96.71451,0.69642067,0.1766437,0.35233507
2875,4497,2.3548813,0.6946989,0.0035661012,0.007895887
2875,4027,62.014603,0.69940066,0.18131751,0.36001736
2876,2385,201.30162,0.6397504,0.37690824,0.7423291
2876,2878,68.10419,0.64870816,0.1382091,0.2755407
2876,1172,34.91668,0.6560126,0.07246284,0.1405663
2877,3880,45.166946,0.63993675,0.09297786,0.18446605
2877,2878,2.8385887,0.6429933,0.005275212,0.011450887
2878,2877,2.894207,0.64582837,0.0055221245,0.011991754
2878,2876,68.21924,0.6478308,0.13678288,0.27294028
2879,1029,132.48004,0.6910785,0.23987207,0.47588497
2879,6323,19.658293,0.6892147,0.038995378,0.075371966
2880,6322,3.1992378,0.69184136,0.007082969,0.014534965
2880,6323,2.7337532,0.6904484,0.004318297,0.0092047155
2881,2381,28.875038,0.686238,0.06795217,0.13257575
2882,2883,41.556408,0.7039188,0.07922211,0.15435545
2883,2882,41.34733,0.7048794,0.079136565,0.15314877
2883,1273,91.58464,0.7050923,0.16616145,0.33266652
2883,3111,34.456043,0.70543,0.06662391,0.12708822
2884,3351,37.04177,0.7090708,0.071190745,0.13579884
2884,2885,19.153427,0.7054919,0.037495192,0.072811835
2884,3816,45.23984,0.70765483,0.08466759,0.16502987
2884,2327,14.631088,0.70534027,0.028528117,0.055536985
2885,2884,18.34855,0.70642626,0.03628237,0.0706029
2885,2327,9.2176895,0.70779294,0.02365058,0.046592638
2886,2899,28.750206,0.70676386,0.05861048,0.11353614
2886,147,42.931263,0.7052263,0.088169634,0.17411488
2887,4130,1.7099457,0.6798463,0.0042099506,0.009429276
2888,847,20.702753,0.56526685,0.04341376,0.08384671
2888,3682,38.575916,0.57274896,0.080104716,0.15365495
2888,4970,21.973816,0.5693227,0.04583769,0.08858015
2889,735,3.797718,0.6812712,0.0053169876,0.011557326
2889,727,50.487114,0.6839741,0.10331345,0.20420237
2890,2902,45.542473,0.6859219,0.07076218,0.13511029
2891,2636,62.819386,0.6287601,0.11761747,0.23375897
2891,5739,33.359436,0.6086417,0.064962246,0.12729475
2892,298,18.498621,0.7005343,0.041777518,0.081477076
2893,516,2.2162285,0.6796753,0.0033233166,0.0073955804
2893,2898,5.2864876,0.68172956,0.008756265,0.017647326
2893,3299,56.47576,0.683465,0.13239779,0.26635197
2893,4289,35.343132,0.680948,0.063121215,0.12196423
2894,415,2.2724266,0.6805697,0.0059307814,0.012512177
2894,423,42.788315,0.68602145,0.0810102,0.15884744
2895,2898,2.9999619,0.6829158,0.0039753392,0.009150758
2895,415,8.370644,0.68531805,0.019263126,0.03841202
2896,3443,62.418114,0.68965304,0.14554971,0.29149657
2897,2898,3.8065605,0.6802063,0.00945624,0.01949945
2897,2893,7.201927,0.6822613,0.016501166,0.033003658
2898,1795,23.373966,0.6828315,0.05421368,0.105491854
2898,2893,5.081539,0.6826795,0.008062117,0.016525581
2898,2895,2.801815,0.67970717,0.0036385134,0.008339584
2899,2886,27.779072,0.7095022,0.05727838,0.11011996
2899,6400,35.246895,0.70536256,0.07320788,0.1416574
2900,5138,2.0066261,0.6832652,0.0031462908,0.0072094947
2900,1015,30.948664,0.6879965,0.061633185,0.117662996
2901,1644,2.5782166,0.6988311,0.004965827,0.010844484
2901,5210,75.87613,0.7040073,0.18238285,0.3644908
2902,712,4.1117897,0.6838652,0.005824432,0.012491286
2902,2952,40.000042,0.68532515,0.0933774,0.18369405
2903,2911,19.890802,0.7237451,0.035448786,0.07103216
2903,6162,57.193874,0.7315192,0.11752911,0.23168397
2904,6162,50.955727,0.7256709,0.05787807,0.11114754
2905,493,66.6654,0.7299895,0.14765592,0.29318443
2906,2905,21.92467,0.7294936,0.03924878,0.07617229
2907,2912,8.5419655,0.7272879,0.014876306,0.0296738
2907,6966,8.2644615,0.7256602,0.00838609,0.017703086
2908,47,48.187885,0.7233466,0.07939165,0.15461597
2909,2906,9.950455,0.7384951,0.018471502,0.036516175
2909,6968,6.896084,0.7343233,0.012628213,0.024945587
2910,2904,11.208393,0.7307066,0.02093669,0.04104899
2910,6967,6.7135506,0.73067266,0.01217065,0.024173051
2911,2908,13.239391,0.72411525,0.023346253,0.046179116
2911,6969,8.299465,0.72553897,0.014528871,0.029526517
2912,6514,28.295742,0.7325853,0.048088722,0.094153136
2913,488,1.8730164,0.73322344,0.0036185533,0.008084416
2913,494,60.78247,0.73775864,0.14645508,0.29059407
2914,1525,29.72062,0.63557076,0.16883236,0.33332682
2915,1722,6.725712,0.66297185,0.012738831,0.02535519
2915,2957,2.2411575,0.66577494,0.003259614,0.0073188692
2915,4196,5.839939,0.6685785,0.013317041,0.026728407
2916,4467,3.2787743,0.7152665,0.00571467,0.01177223
2916,2917,10.591209,0.7172204,0.020771354,0.040263638
2916,830,23.305433,0.71676403,0.046404496,0.08961815
2917,4046,1.6762466,0.7179403,0.0020758286,0.0041222423
2917,2805,3.7052193,0.7183296,0.006890252,0.01354678
2917,2916,10.640865,0.7167095,0.020691827,0.039878666
2918,2919,74.43128,0.49634093,0.14864871,0.28952688
2918,2561,31.221975,0.48025477,0.064404145,0.12230712
2919,2331,19.830189,0.5154156,0.04667861,0.090379305
2919,2918,74.71653,0.49483633,0.14870411,0.28914523
2920,14,21.59664,0.5191332,0.051938336,0.099949695
2920,2921,57.260067,0.50372666,0.1133811,0.22177197
2921,2339,4.8362274,0.4958065,0.009378232,0.018917292
2921,2920,55.964256,0.5041781,0.11098847,0.2171596
2921,2551,71.608215,0.48793995,0.14287664,0.27733532
2921,3075,42.287483,0.5001515,0.08345117,0.16282912
2922,5517,2.217163,0.6657876,0.0039178506,0.008788332
2922,3396,46.598217,0.67197806,0.09491487,0.1884059
2923,325,8.102051,0.72957647,0.015337676,0.029743254
2923,304,129.7981,0.7292944,0.23245442,0.46141607
2923,4617,67.01724,0.7336863,0.16036314,0.32104492
2924,3896,3.5075073,0.7292763,0.0061918274,0.012562498
2924,306,6.090599,0.73355794,0.0133764,0.02625075
2924,4617,82.50456,0.7368514,0.20061909,0.40131658
2925,913,80.41373,0.64049536,0.1487523,0.29589963
2925,3076,15.006083,0.64364314,0.034162033,0.066736616
2926,629,97.81967,0.5348867,0.24853548,0.4827733
2927,2115,203.86131,0.51283735,0.40165013,0.78051513
2927,713,97.09755,0.432071,0.19785136,0.38076413
2927,273,107.49402,0.4894628,0.2153205,0.416913
2928,3266,5.9257545,0.67388886,0.011054426,0.022053719
2928,2929,10.863905,0.6742486,0.021367855,0.04182008
2928,2930,56.541237,0.6722575,0.10517043,0.20961288
2929,2928,10.985939,0.6736454,0.021576993,0.042231187
2929,3264,5.2575035,0.6738361,0.00962919,0.01930572
2929,3233,63.852905,0.6723657,0.117301166,0.23456246
2930,2928,56.702484,0.67322695,0.10484442,0.2088622
2930,2931,82.469604,0.6718405,0.14971612,0.2992123
2930,611,63.971573,0.6739441,0.11681742,0.23438656
2930,3233,16.911837,0.672347,0.03374714,0.06515958
2931,5058,2.1863441,0.6703853,0.0033668205,0.007069424
2931,2930,82.0022,0.6710148,0.15046674,0.30075592
2931,2932,56.429253,0.6707517,0.10460429,0.2077345
2932,2800,13.269247,0.6717197,0.026319914,0.05139637
2932,3232,153.65541,0.6706325,0.28032166,0.55436635
2932,2931,56.108852,0.6719921,0.10399449,0.20682307
2933,3820,70.567345,0.6730875,0.17818415,0.35434943
2933,3396,54.786983,0.67267936,0.10844675,0.21626313
2933,3641,111.87693,0.67161024,0.20378289,0.40485257
2934,4757,1.724308,0.665177,0.0027181208,0.0062941164
2934,845,106.29242,0.66993713,0.1941306,0.386207
2934,5673,79.510345,0.6713896,0.2086923,0.41489685
2935,41,2.497963,0.7256515,0.0046558827,0.009557113
2935,6255,27.641554,0.7274003,0.0620682,0.12072387
2936,1746,202.29156,0.7415416,0.379325,0.74955916
2936,6586,43.041637,0.4464653,0.15799639,0.24269779
2937,4664,4.3724785,0.7526705,0.00088584423,0.0021131486
2937,2939,60.31766,0.45292673,0.21518183,0.33949518
2938,4190,4.1755524,0.44365305,0.013730414,0.020028591
2938,401,82.93092,0.74798894,0.16335875,0.326164
2939,2940,2.9242172,0.74718106,0.0036965907,0.007164359
2939,3864,30.797277,0.4538029,0.11246058,0.17637235
2940,2939,2.36158,0.7462332,0.002398029,0.004917279
2940,4664,59.135597,0.448902,0.21226484,0.33461213
2941,2938,10.221176,0.4435923,0.031194706,0.05117698
2942,6441,9.123661,0.6928091,0.010165393,0.02124402
2942,1345,73.8739,0.6909116,0.14949426,0.29819173
2943,2540,3.6656876,0.69735813,0.0051920414,0.011362076
2943,2380,5.7308693,0.69433266,0.013064191,0.026348531
2944,5500,2.4821854,0.7399227,0.002411902,0.005443394
2944,3921,140.45056,0.7523695,0.2787673,0.5498293
2945,2946,2.1105385,0.6857045,0.0033243895,0.007352665
2945,6422,12.283913,0.68705046,0.025288403,0.049345672
2946,2945,1.9021721,0.68485355,0.0027049407,0.006268829
2946,2702,184.26787,0.6866374,0.3318365,0.65689373
2946,2641,19.208462,0.6865815,0.039859153,0.07659679
2947,5400,2.3836212,0.6885739,0.0049304888,0.010373846
2947,2942,5.0399666,0.6902529,0.010102443,0.020380378
2948,3458,120.91131,0.69150996,0.17279284,0.34443438
2949,2950,6.2785187,0.67270577,0.012815997,0.025418252
2949,6678,99.25344,0.6655204,0.20897764,0.40883708
2950,729,2.0687103,0.6695156,0.003969863,0.0086708665
2950,6172,90.79437,0.6704446,0.18590562,0.36940026
2951,1465,2.4300537,0.6665129,0.0038125813,0.008428693
2951,6310,185.17677,0.66287374,0.45034233,0.88997555
2952,6333,28.60393,0.68505883,0.06723122,0.13066849
2953,2956,1.5368195,0.6742689,0.0040449128,0.008918047
2953,4328,51.46273,0.67481256,0.095702164,0.18948767
2954,3823,1.8310547,0.66827244,0.0030527264,0.0071715564
2954,5996,74.537895,0.67849016,0.19107339,0.38023764
2954,821,162.65225,0.66788113,0.32749674,0.64537907
2955,784,2.2622795,0.6736499,0.0033916906,0.0076720715
2955,1145,243.0655,0.6758472,0.446655,0.8796348
2956,4327,1.6133423,0.6762604,0.0025205612,0.0058285743
2956,5995,71.04521,0.6808893,0.17204973,0.34095716
2957,2915,1.9767914,0.66523755,0.003021419,0.006783575
2957,6985,98.34778,0.67050195,0.23909155,0.4743955
2958,587,2.0752373,0.6650126,0.0029971153,0.0065837502
2958,4359,1.8216934,0.6635214,0.0025661066,0.00573048
2958,2957,26.200462,0.66927797,0.061153032,0.11941974
2959,4358,32.395084,0.6723809,0.07419428,0.14311004
2959,2958,27.00171,0.67016363,0.063804485,0.12376918
2960,2961,1.5750389,0.66338915,0.001966931,0.0048215687
2960,880,430.77924,0.65392816,0.78267753,1.5450386
2961,2960,2.4232674,0.6650406,0.004258424,0.0088959485
2961,3993,42.780426,0.66889834,0.10409607,0.20541188
2962,1458,1.5734253,0.66160524,0.0026033595,0.0064987987
2962,3994,5.4205284,0.66495466,0.012922421,0.026256964
2963,2965,3.1604614,0.7333975,0.0048314556,0.010141641
2963,4617,99.82857,0.73261666,0.17724648,0.35421067
2964,4213,2.256836,0.7360325,0.0037752837,0.008696243
2964,2963,99.27493,0.7381558,0.18318635,0.3650112
2965,2963,4.918606,0.7344095,0.009017639,0.01793836
2965,3353,15.329111,0.7385324,0.029789247,0.057572618
2966,5691,2.1152077,0.64696544,0.0021747574,0.005301371
2966,5690,11.266081,0.64396423,0.022620246,0.044433594
2967,2451,2.9078255,0.64536476,0.00477574,0.010241672
2967,6013,38.956413,0.6393045,0.074649684,0.14561959
2967,3346,127.29464,0.6628446,0.23362589,0.46152943
2968,772,1.7696953,0.44609404,0.002509378,0.0049631894
2968,770,9.111336,0.44306803,0.02187816,0.04236521
2968,771,4.287533,0.44922888,0.008343965,0.015805319
2969,3573,34.25897,0.648214,0.05537142,0.106251635
2969,3897,5.027153,0.6417775,0.008165494,0.016617581
2970,3400,33.03291,0.6094186,0.08304614,0.16120802
2970,4097,24.109245,0.6041944,0.04960908,0.09553154
2971,3049,83.36107,0.68336403,0.15322614,0.30633703
2971,5382,38.8355,0.68344086,0.074208595,0.14370298
2971,2083,126.79948,0.682888,0.23156524,0.45867783
2972,2267,30.38883,0.68175673,0.059342925,0.114586025
2972,2268,64.75683,0.68312335,0.11981943,0.2390359
2972,2847,60.223236,0.6841524,0.11003797,0.21889865
2973,2267,51.591225,0.6829709,0.096475996,0.19077007
2974,5701,2.209629,0.6837773,0.0046235174,0.008780867
2974,2849,25.451603,0.5776058,0.056799937,0.110016964
2975,2102,18.834526,0.72365314,0.037945915,0.073249675
2975,2103,32.284874,0.72482336,0.060074914,0.11594056
2976,2967,111.377304,0.6743226,0.20602076,0.4078507
2976,1765,96.62793,0.69002235,0.17524703,0.34947795
2976,3154,2.5560455,0.6896163,0.0035432428,0.007488534
2977,48,2.4280663,0.7108003,0.0047805607,0.010243267
2977,217,46.018295,0.715726,0.09279428,0.18423301
2977,2979,18.853128,0.7176017,0.04320019,0.08408205
2978,2910,49.129753,0.72235405,0.08142672,0.15773168
2978,6514,64.987076,0.7256661,0.15853384,0.31392664
2979,7009,2.2719193,0.71518826,0.0024253055,0.005751282
2979,2978,105.66985,0.71988976,0.2699334,0.5361436
2980,992,1.7902412,0.70668733,0.0041602477,0.009216979
2980,3308,59.087517,0.7120662,0.13342324,0.26615107
2981,3308,2.4268036,0.7059085,0.004133567,0.00830923
2981,227,4.0566063,0.71063316,0.008929938,0.018697888
2982,6952,1.1676903,0.4202423,0.0,0.0
2982,3386,667.1109,0.68635184,1.2100198,2.3802989
2982,3739,208.25462,0.6695293,0.3837228,0.75565296
2983,3342,2.1626701,0.70844376,0.0033619702,0.0071538687
2983,1302,2.1350975,0.7078326,0.0032778531,0.0068780333
2984,2985,62.646584,0.7105736,0.11277591,0.22416356
2984,2983,39.999153,0.7118248,0.076035134,0.145525
2985,2984,61.761955,0.70932144,0.111368105,0.22192563
2985,2843,33.825996,0.7105646,0.06499244,0.123884246
2985,3340,12.692701,0.7134704,0.024514668,0.047701836
2986,281,1.9502754,0.6906526,0.003059879,0.0067213923
2986,5989,38.229977,0.69534755,0.07989087,0.15602832
2987,1564,22.604641,0.69325805,0.043206315,0.08474368
2987,1567,32.81849,0.69690007,0.069473766,0.13526194
2988,5094,43.177967,0.6714519,0.10052243,0.19266762
2989,3458,2.0522346,0.6933677,0.0039739236,0.008656308
2989,2574,4.9073257,0.6930386,0.009590045,0.019879177
2990,3668,304.9984,0.6709373,0.55518967,1.093657
2990,4783,24.738277,0.6760231,0.049266037,0.09510156
2991,4864,14.428066,0.6741336,0.029833857,0.058067217
2991,6819,7.9009666,0.6759392,0.015701905,0.031192735
2992,3227,2.2595901,0.66796005,0.004073076,0.008737519
2992,6819,12.231684,0.67366636,0.025209285,0.04926184
2992,3601,214.14133,0.6718081,0.3934194,0.77558875
2993,3171,81.57391,0.6737119,0.14790048,0.29596677
2993,6025,14.9063015,0.68295187,0.03115759,0.06100011
2994,2384,4.9523125,0.67015225,0.009039193,0.018163934
2994,1247,33.24284,0.6698323,0.065437436,0.12694156
2994,2606,76.19133,0.6775682,0.13845387,0.27782547
2995,1249,60.3926,0.5732027,0.1165278,0.2294528
2995,5612,173.23907,0.52067083,0.15754049,0.30999595
2995,1704,200.71315,0.59330666,0.17051265,0.33564675
2996,6560,9.922119,0.64335984,0.019751392,0.03915049
2996,1709,3.8832817,0.6447903,0.0071322173,0.0149986595
2996,5543,91.68583,0.64862454,0.17138325,0.34064865
2997,5751,8.232868,0.52790093,0.01815065,0.035698473
2997,6840,14.668049,0.5238786,0.031735238,0.061680533
2998,2550,41.248653,0.5509943,0.07926482,0.15478735
2998,2390,92.309296,0.5401109,0.17840812,0.34921506
2998,2007,260.30386,0.5311974,0.51051897,0.995865
2999,3572,2.1631584,0.5229312,0.003328137,0.0068985373
2999,4915,2.8513298,0.5224299,0.004902318,0.010326743
2999,561,35.38209,0.52633935,0.08808168,0.17063655
3000,1518,5.982296,0.54033035,0.011609286,0.023367137
3000,5156,1.6924934,0.5469252,0.0024165735,0.005433619
3000,5267,39.47192,0.5410245,0.07374125,0.14528432
3001,682,5.671196,0.7159839,0.011429742,0.023209184
3002,3004,17.552822,0.7173313,0.03516516,0.06801717
3002,216,54.89216,0.71423405,0.09958229,0.19692706
3003,1340,24.405437,0.7181004,0.047313705,0.09146303
3003,218,34.608875,0.7171711,0.07153864,0.13776132
3004,3002,17.804127,0.71630573,0.035482887,0.0682366
3004,215,24.225754,0.71633387,0.04853518,0.09324475
3004,3003,7.204174,0.7174127,0.014606461,0.028714612
3005,6494,5.819889,0.6968425,0.0096298605,0.019470513
3005,6495,2.3885803,0.6662781,0.0057036057,0.011581898
3006,1136,8.679131,0.6961411,0.017373644,0.03464757
3007,4908,24.409704,0.693766,0.047664013,0.09228475
3007,190,27.522429,0.6956624,0.054960657,0.10616817
3007,6381,33.744137,0.69384444,0.0771846,0.15170512
3008,840,26.421707,0.6820426,0.053781252,0.10445138
3008,4047,9.717361,0.13938516,0.026379742,0.052396625
3009,4223,0.03289032,0.11380687,0.0034773424,0.0075476915
3009,2592,3.2593079,0.6799879,0.00686229,0.014224082
3010,3009,1.1737595,0.107726276,0.0059833154,0.013458341
3010,2592,3.5788345,0.67128223,0.0061510056,0.01339744
3011,1600,2.0759773,0.68121433,0.0030677766,0.006701529
3011,1190,33.273388,0.68274677,0.06527701,0.12529096
3011,3012,12.482849,0.6862087,0.027331062,0.05341479
3012,763,2.2349548,0.68310547,0.0034441128,0.0074842125
3012,3015,36.368874,0.6838214,0.08352877,0.16456538
3013,5302,19.478764,0.68938434,0.044885766,0.08713256
3013,1290,6.264637,0.68985605,0.013879046,0.027639225
3014,2593,47.650307,0.6883071,0.08825486,0.1746866
3014,3013,13.10462,0.6850476,0.029623423,0.05832114
3015,2263,75.75915,0.6844871,0.1379655,0.27692384
3015,5304,20.323809,0.6820592,0.046393286,0.09028917
3016,3395,60.6925,0.65377665,0.11155778,0.22230902
3016,2256,125.62936,0.6499542,0.22925317,0.4528677
3016,1127,87.49556,0.6518657,0.16056992,0.31950483
3017,1496,145.87595,0.65334105,0.29346502,0.5798541
3017,3395,123.50673,0.65283906,0.22503957,0.44482094
3018,3040,76.0258,0.6610868,0.14943212,0.29796275
3018,4934,120.65407,0.6577344,0.23795196,0.4706598
3018,6848,167.4425,0.65855753,0.30529973,0.60265696
3019,3065,459.62677,0.6558921,0.83186805,1.641642
3019,6848,2.645893,0.6576055,0.0043070987,0.009566829
3020,4374,1.6023216,0.6610403,0.002111964,0.005092934
3020,3022,77.58006,0.6608126,0.14212513,0.2840823
3020,3027,75.84,0.66430104,0.15363003,0.30529666
3021,6556,1.967556,0.6656103,0.0017616227,0.0045839846
3021,3022,6.107422,0.66294086,0.011412069,0.022907227
3022,3020,78.174385,0.66600025,0.1457178,0.2911678
3022,6556,7.0096664,0.66386586,0.013358593,0.026792482
3023,3024,66.91847,0.66142493,0.11965546,0.2366432
3023,6849,13.264912,0.66324955,0.026627824,0.052359223
3024,3023,65.41771,0.6627219,0.117234625,0.23241661
3024,6555,28.740412,0.6657959,0.058908656,0.11236139
3025,3026,29.517353,0.66651845,0.057764973,0.112140656
3026,3029,74.773705,0.66464436,0.13735875,0.27526575
3026,3028,58.025925,0.6639443,0.10750939,0.21435389
3026,3025,29.536825,0.6638992,0.05799831,0.112154976
3027,4342,1.9233894,0.66081387,0.0029530302,0.0066916347
3027,3028,10.892889,0.66756284,0.022445709,0.044178575
3028,4344,2.1019096,0.66265893,0.003138937,0.00674589
3028,3026,58.67442,0.662454,0.10727163,0.21313512
3028,3029,29.67682,0.6690286,0.06298905,0.12113878
3029,4343,1.7377052,0.660612,0.0023715422,0.0055821836
3029,570,2.0488205,0.6613402,0.0039036795,0.0084426105
3029,3026,75.55733,0.66288376,0.13734773,0.27448484
3030,3031,8.075142,0.66474426,0.015518837,0.030840069
3030,4370,109.81538,0.66285956,0.19936386,0.3952793
3030,4369,205.2107,0.6638569,0.37276506,0.7355844
3031,7086,75.7605,0.665787,0.13856354,0.27629438
3031,3030,7.9984665,0.6647354,0.015305713,0.030415952
3031,3036,148.72174,0.66038644,0.27085343,0.5360388
3032,3035,119.107315,0.6637912,0.21881896,0.4333862
3032,4061,3.1200752,0.6619804,0.0058014467,0.0121329725
3032,614,73.01497,0.6646331,0.14368668,0.2875662
3033,5097,2.6602821,0.6635784,0.0048412085,0.010435551
3033,5784,12.219341,0.66693103,0.024475701,0.048231915
3034,1496,55.469505,0.6540994,0.10320051,0.20506725
3034,1497,31.554155,0.6612171,0.065994814,0.12703434
3034,3039,8.32671,0.6581001,0.016777962,0.033292145
3035,3032,119.673836,0.6657464,0.22105381,0.43704844
3035,613,68.33805,0.66200435,0.097572,0.19358838
3035,612,131.30783,0.6707867,0.18717074,0.37368968
3036,3031,148.76862,0.6629055,0.2702801,0.5347581
3036,3201,89.74844,0.66560537,0.1645409,0.32780805
3036,3037,28.323006,0.66446006,0.056393594,0.10912406
3037,3036,28.112915,0.66856056,0.056143947,0.10835274
3037,5774,9.540016,0.66689306,0.018770292,0.037096858
3038,5368,1.6761017,0.66425455,0.0020494089,0.004600227
3038,640,50.216125,0.6665322,0.15164912,0.2999853
3038,3083,67.056114,0.66112995,0.20964356,0.4158825
3039,1435,27.097212,0.65664953,0.054743506,0.1053057
3039,3034,8.158199,0.65892345,0.016342252,0.032481343
3039,1434,34.68469,0.6598382,0.071508236,0.13982223
3040,1498,189.05296,0.6623592,0.3663718,0.723711
3040,3018,75.7206,0.6576915,0.14862028,0.29645678
3040,6611,46.551804,0.6571283,0.08837977,0.17367703
3041,3167,2.177269,0.5889898,0.0032626092,0.0074224025
3041,529,106.114624,0.5935612,0.20002279,0.39424247
3041,800,251.76704,0.5834446,0.48114496,0.9417095
3042,614,148.10603,0.6612519,0.27065873,0.53585887
3042,621,44.578285,0.6630852,0.08443459,0.16705224
3042,621,53.691345,0.6619754,0.10038276,0.19959165
3043,2798,113.03728,0.66497236,0.20649624,0.40965718
3043,2677,46.74737,0.6658766,0.088137515,0.17454751
3043,4539,86.849266,0.6613122,0.15884338,0.3166756
3044,4487,128.8624,0.675758,0.23257604,0.4600773
3044,4485,43.337444,0.67821056,0.081329554,0.1595895
3044,4491,38.46782,0.6770069,0.07132307,0.13891025
3045,4378,3.527691,0.6797905,0.0067812204,0.014679149
3046,3049,3.3522072,0.68144435,0.0061687604,0.01247856
3046,3050,110.54352,0.68348,0.22473502,0.44320065
3047,4744,120.93288,0.639777,0.29923266,0.5913103
3047,3048,37.489223,0.6430656,0.07342839,0.14385486
3048,3047,37.234688,0.6420305,0.07305382,0.14242218
3048,5285,89.66201,0.64617544,0.16519117,0.32849348
3048,5021,33.646187,0.6424268,0.06719698,0.1296026
3049,3046,3.890377,0.67922,0.007171653,0.01451394
3049,2971,84.14078,0.6832067,0.15342242,0.30672127
3049,5385,37.679756,0.6818429,0.076765336,0.14999264
3050,2461,28.3269,0.681752,0.0591718,0.113038525
3050,3049,108.40947,0.683584,0.22347149,0.44118285
3051,5986,2.46558,0.6885145,0.003945932,0.008801609
3051,3432,105.719925,0.6934023,0.19158515,0.38195905
3051,6906,52.955612,0.69648325,0.12853415,0.25481474
3052,6683,57.7918,0.6905776,0.10611338,0.21155263
3053,4496,2.725872,0.6961896,0.004315667,0.009475976
3053,2143,10.180782,0.6931576,0.025507525,0.050114453
3054,1129,14.464149,0.6500722,0.029296264,0.057354957
3054,1133,20.259281,0.6487402,0.0413738,0.08049201
3055,1132,29.428406,0.65335274,0.062882066,0.121851906
3055,2257,14.937145,0.64926124,0.031139113,0.060653083
3056,1606,3.3054848,0.7016678,0.0063870177,0.013201714
3056,3057,165.32906,0.701324,0.2976416,0.5901699
3056,1605,30.058657,0.7040852,0.061565273,0.11942929
3057,1607,49.15618,0.69969434,0.090897486,0.18027255
3057,1604,84.63668,0.70113826,0.15318298,0.30736852
3057,3056,166.92819,0.701592,0.29771858,0.5890095
3058,1606,117.697495,0.7036649,0.21131644,0.4199065
3058,3059,45.814804,0.70466495,0.08573038,0.16832581
3058,3160,117.74619,0.7081388,0.21352264,0.42445087
3059,3160,46.4922,0.7050385,0.08656463,0.16998644
3059,3161,95.24107,0.70761454,0.17170826,0.34349924
3059,3058,45.748306,0.70454216,0.08551746,0.1678968
3060,2093,222.73335,0.7029019,0.4020756,0.7933155
3060,1604,179.08322,0.7004926,0.35756767,0.70577145
3060,1603,23.47922,0.70287585,0.048462402,0.09310243
3061,1512,97.329865,0.55216897,0.18597975,0.36407074
3061,1509,53.231785,0.5717156,0.10029183,0.19583319
3062,3202,2.0789871,0.65412,0.0031683743,0.006971717
3062,1445,118.74931,0.6695455,0.21975067,0.43623865
3062,3797,93.19998,0.65960395,0.1731031,0.3435794
3063,3202,65.74941,0.6568603,0.1217131,0.24232376
3063,4181,22.645666,0.65616715,0.045972943,0.0888607
3063,4711,51.187828,0.6576034,0.093960226,0.18563724
3064,1433,141.58055,0.6555418,0.28579715,0.5645846
3064,1435,234.23155,0.6529349,0.42972374,0.84687394
3064,554,9.231232,0.6562649,0.018960916,0.037938967
3065,6869,26.51978,0.6626362,0.05612243,0.1074277
3065,3019,455.37262,0.65328276,0.82352555,1.6250147
3065,3204,28.845522,0.6627731,0.061584502,0.11781808
3066,2081,172.52203,0.69130594,0.30821413,0.61014044
3066,1274,107.97404,0.6958468,0.19860691,0.39492357
3066,1142,24.11508,0.6926786,0.04796499,0.09235198
3067,2068,52.48533,0.70016456,0.09689732,0.19264756
3067,6760,174.291,0.69593257,0.3145557,0.6222506
3067,1788,77.387535,0.698942,0.14056423,0.28208226
3068,3217,2.0084877,0.66213655,0.0033360645,0.0075966567
3068,1627,43.271328,0.6599849,0.18841326,0.37202477
3069,5689,2.5728645,0.6659422,0.002990216,0.0072832108
3070,4529,2.0810356,0.69449383,0.0029681548,0.006446123
3070,6683,129.28398,0.6958512,0.2606371,0.5143815
3070,3433,120.528656,0.69526654,0.21881887,0.4344561
3071,3072,0.7749939,0.40999585,0.0010386184,0.001981452
3071,6122,299.13837,0.6885435,0.59257436,1.1695758
3072,3071,1.0475426,0.42028952,0.0017179996,0.003231436
3072,6606,51.314426,0.7015773,0.10500733,0.20366752
3073,6760,1.6980591,0.7045095,0.0027722418,0.0064029396
3073,1140,3.0506287,0.70478463,0.0061622933,0.012925401
3074,3075,1.9119568,0.5009618,0.003557384,0.0076910257
3074,2560,79.952446,0.4895782,0.22717234,0.4415897
3075,3074,1.6150589,0.5021333,0.0031658038,0.0068250895
3075,2921,42.164413,0.5001369,0.08381035,0.16410923
3075,2030,129.88971,0.51071787,0.25696126,0.5002824
3075,1858,15.434067,0.5057752,0.033710714,0.06516655
3076,3456,7.726593,0.64435256,0.017489128,0.03495516
3076,6477,18.672388,0.62877953,0.03687173,0.07252822
3077,5883,1.8925285,0.6491943,0.002716422,0.0060686916
3077,1888,55.809807,0.65306306,0.11401757,0.22628179
3078,5206,1.9344788,0.7042987,0.0019849986,0.0053729415
3078,5044,71.06016,0.7024863,0.16754603,0.33321464
3079,4928,45.51953,0.69783795,0.08507217,0.16789916
3079,4690,39.632767,0.6963301,0.09012775,0.17685471
3080,5177,2.7297592,0.69807565,0.00208164,0.0052645802
3080,4691,37.94567,0.6998475,0.077702545,0.15192413
3081,4595,1.7323074,0.73251593,0.0024344325,0.0051737577
3081,835,61.2946,0.73157907,0.12069827,0.23947236
3081,2575,88.42794,0.7341443,0.15678489,0.31424475
3082,4605,42.15271,0.7240157,0.07871917,0.15269978
3082,2101,12.128473,0.7231091,0.0237009,0.045908913
3082,3187,116.105156,0.71836865,0.20534965,0.40939224
3083,6226,121.67466,0.6651289,0.4015908,0.7932792
3083,3038,66.74396,0.66156346,0.21499215,0.42594415
3084,1949,1.7365799,0.51417005,0.002223663,0.0048835725
3084,5014,18.473505,0.5233047,0.04937255,0.09627162
3085,1046,3.5358467,0.6957819,0.00626494,0.01285848
3085,186,44.221046,0.6956377,0.08284392,0.161854
3085,1055,36.26104,0.69737256,0.06993676,0.13379076
3086,1050,44.13372,0.6954568,0.082371645,0.15990672
3086,411,8.7734375,0.6951878,0.017124988,0.033383265
3087,6438,4.665905,0.7015129,0.007759765,0.015811116
3087,5075,26.79378,0.6994172,0.06271745,0.12035592
3088,45,2.242859,0.7257862,0.0035168529,0.0074054003
3088,3840,26.587008,0.72824824,0.06093804,0.11802683
3089,6557,2.6532745,0.7410553,0.0064257607,0.013818935
3089,5073,9.781235,0.7421795,0.018842883,0.037349418
3090,3089,14.8329315,0.7457924,0.029054448,0.057622366
3090,6350,2.9849586,0.74027777,0.0066263378,0.013969004
3091,1632,1.8257904,0.7407611,0.0032080263,0.0068006963
3091,2500,37.648388,0.73116434,0.10281387,0.20007934
3092,1635,4.181904,0.73888355,0.005277887,0.010722339
3092,6815,38.13594,0.7428913,0.06833631,0.13426563
3093,6193,278.93433,0.6827453,1.9898746,3.9089007
3094,1758,5.63282,0.65161705,0.04059608,0.07995905
3095,1632,2.918541,0.7393435,0.004881948,0.009128898
3095,3117,62.64936,0.7453978,0.094064504,0.18343222
3095,3127,43.747513,0.73837733,0.0798387,0.15943775
3096,3527,2.9056816,0.74279934,0.005918056,0.012352616
3096,296,8.558853,0.74253154,0.022675864,0.04452163
3097,3125,42.11568,0.73519856,0.06528658,0.1257036
3097,1738,4.2839165,0.4349804,0.013403244,0.018225342
3098,5018,15.51174,0.7202152,0.03933924,0.07789805
3099,6075,4.73555,0.7443007,0.0065274015,0.013901681
3099,316,94.563644,0.73998,0.16919354,0.33852103
3100,2519,1.9861526,0.73661906,0.002989754,0.0058861226
3100,6207,9.835724,0.7397354,0.018436402,0.036598727
3100,320,64.12953,0.7405169,0.12059847,0.2402046
3101,4600,2.2981796,0.71501076,0.00471396,0.009974018
3101,1977,62.601368,0.72641504,0.12631518,0.25151682
3102,3101,2.3249626,0.7250486,0.004464768,0.009048998
3102,2538,82.706726,0.72773594,0.1630511,0.32441157
3103,1756,25.243307,0.6772622,0.06066376,0.11790783
3104,3094,39.457485,0.67791194,0.09123253,0.17650698
3104,1760,14.897022,0.666366,0.048465725,0.09669394
3105,312,135.4841,0.6454972,1.0081285,1.9840465
3106,3094,8.534004,0.66615754,0.051865198,0.106233604
3106,1760,49.18003,0.6850577,0.09665398,0.19035046
3107,3168,2.3587685,0.6688142,0.0035803914,0.007895082
3107,6605,3.0865173,0.6713765,0.0052635223,0.010929063
3107,1757,4.8500175,0.66959876,0.027064882,0.05414754
3108,3109,1.6348839,0.7095491,0.0037901103,0.008504525
3109,5419,1.9354172,0.7126852,0.0032079369,0.006478265
3109,2827,10.482784,0.71156204,0.02277027,0.044742957
3110,3111,29.379105,0.7060618,0.058016073,0.111150265
3110,6389,49.060356,0.7079267,0.1255403,0.2513179
3111,6900,2.6167183,0.70044875,0.0042407066,0.009129316
3111,2883,34.42826,0.70431453,0.066311374,0.12722497
3112,3429,31.726498,0.70210075,0.06276758,0.12035778
3112,1700,43.66812,0.7136671,0.12495358,0.24880674
3113,6901,2.2163734,0.70245653,0.0028000474,0.0066217035
3113,3114,3.6552238,0.7025433,0.0064543337,0.013855249
3114,3115,8.553837,0.70594484,0.016419098,0.03260401
3115,3429,4.913391,0.702877,0.009608902,0.01929593
3115,6389,27.153166,0.7038908,0.052118924,0.101164855
3115,2649,75.961876,0.7033509,0.15075661,0.30145842
3116,4890,55.581474,0.6492902,0.1767176,0.35139632
3116,6201,13.3691635,0.037584394,0.056281183,0.1149093
3117,1631,2.013794,0.74067336,0.0028882325,0.006028503
3117,3118,73.81909,0.7410625,0.10409802,0.20754251
3117,3127,34.759277,0.743562,0.06546144,0.12606698
3118,1633,1.9634819,0.7358585,0.0024119616,0.004984632
3118,2443,74.51465,0.7417146,0.1041229,0.20693626
3118,3156,66.97686,0.740782,0.11952626,0.23761785
3119,5513,4.3662567,0.60606855,0.011294395,0.02250734
3120,4099,25.30283,0.6021428,0.051709156,0.098909646
3121,1846,3.488247,0.6048221,0.005502075,0.0117761195
3121,3119,9.819874,0.6031042,0.015901737,0.031600773
3122,2629,0.77965546,0.6592965,0.003437139,0.00722526
3122,2622,55.402992,0.66638297,0.13889544,0.27775028
3123,440,29.302036,0.6955215,0.06708622,0.12921906
3123,5294,17.962038,0.6945216,0.040641647,0.07958103
3123,5696,14.818909,0.6936586,0.032936372,0.06423669
3124,3123,6.5505066,0.6901485,0.015362658,0.030876055
3124,3301,28.01405,0.6930319,0.056403115,0.10770578
3125,2444,3.2568207,0.72782516,0.0060089678,0.011427999
3125,1882,264.26813,0.7098703,0.36561033,0.7215375
3126,5660,78.75562,0.73924065,0.14835139,0.29285496
3126,4570,60.905403,0.73382103,0.11644687,0.22820409
3126,316,43.25049,0.7369575,0.08067447,0.15515387
3127,3117,35.45376,0.74256206,0.065599486,0.12754393
3127,316,76.55321,0.73957,0.13649783,0.272597
3127,3095,44.48467,0.7438698,0.08186925,0.16091238
3127,3156,44.44732,0.7365395,0.08311215,0.16444337
3128,2506,8.88789,0.70216113,0.019200146,0.038378954
3128,709,8.204964,0.70101976,0.016773425,0.033639833
3129,512,2.6259117,0.74458325,0.0046154708,0.009362876
3129,3356,25.895441,0.7488143,0.049471326,0.09621374
3130,3131,2.4912186,0.73012733,0.0023422092,0.0053450763
3130,4776,72.18555,0.7355955,0.12702975,0.25336972
3131,3130,2.4718475,0.7318125,0.001882568,0.004089758
3131,5098,75.95716,0.73468304,0.23176077,0.461802
3132,1798,39.18053,0.12716502,0.11367342,0.23677789
3132,1845,8.900837,0.13137054,0.019740708,0.03907971
3133,4574,48.377293,0.73340106,0.09286105,0.18059225
3133,303,72.38991,0.74038196,0.12531689,0.25069708
3133,5461,62.36787,0.73348343,0.12160152,0.23885474
3133,314,59.10965,0.7400842,0.10473005,0.20779824
3134,6207,3.1540985,0.74598026,0.007385604,0.0150034875
3134,5539,31.010244,0.73940784,0.085911006,0.16759712
3135,4141,19.559685,0.03457901,0.07813361,0.15954079
3135,6958,2.7221794,0.6822948,0.0066210255,0.013619021
3136,3135,1.7465286,0.039303392,0.009548254,0.01920253
3137,4300,1.4435387,0.67597866,0.004544422,0.0098914355
3137,6405,17.456964,0.67678684,0.047242813,0.09264052
3138,4129,1.5617065,0.68260956,0.004552707,0.010302812
3138,6194,2.0515862,0.6669086,0.008523554,0.016147643
3139,2712,1.9674797,0.6076433,0.005421184,0.0116995275
3139,2113,227.70274,0.5890625,0.55239046,1.087558
3139,5941,5.5439224,0.6107448,0.012964375,0.026299983
3140,707,20.00336,0.6816572,0.039579444,0.07631113
3141,3120,4.489765,0.6043511,0.010804921,0.021861285
3141,3142,43.34412,0.6073115,0.13743897,0.27086094
3142,1707,0.9839668,0.6104361,0.0058481023,0.012397081
3143,2516,33.972927,0.6035388,0.090510234,0.17403392
3144,3147,5.0683746,0.6714319,0.009222932,0.01892832
3144,1161,85.84071,0.67483944,0.17161632,0.3415051
3145,2758,1.5520515,0.67665887,0.003974654,0.008538023
3145,5831,1.9512405,0.6662251,0.008987002,0.018288255
3146,3463,2.1362267,0.6743394,0.0031170473,0.00715068
3146,816,64.457825,0.6761145,0.11739318,0.23414576
3146,3464,3.5017433,0.6763692,0.006876178,0.0147212595
3147,5410,7.5347214,0.6780283,0.0156144425,0.03118293
3147,4618,10.3413925,0.6789738,0.021588475,0.042781487
3148,6989,12.723574,0.67073286,0.02353318,0.046236753
3148,2855,12.0752945,0.6721944,0.023115292,0.04528132
3149,6718,13.471157,0.66407114,0.03507146,0.068877846
3150,6919,124.18055,0.63896704,0.22748584,0.44872403
3150,766,3.4788399,0.6473736,0.006062731,0.012487471
3151,4431,2.2158318,0.6995732,0.0035179108,0.0074884593
3151,4427,36.24546,0.70677596,0.069416344,0.13284732
3152,1151,8.6078415,0.45074314,0.016597077,0.0320943
3152,772,3.152954,0.4503265,0.0061446056,0.011579126
3153,5662,103.65291,0.73126924,0.14592323,0.29028568
3154,6012,96.25635,0.6658673,0.29903975,0.5933139
3154,2976,2.3307343,0.69085133,0.0037116557,0.0076845884
3155,4224,2.1366997,0.73816246,0.0038848668,0.008130819
3155,5461,12.446684,0.7400176,0.025048882,0.048287287
3156,3118,67.56539,0.74074984,0.12065042,0.24033463
3156,3127,44.878147,0.73666745,0.08352016,0.16470484
3156,3157,29.870022,0.7381432,0.054936983,0.1085883
3157,303,75.39906,0.7400767,0.13336724,0.26578268
3157,3156,30.322771,0.7378651,0.05496187,0.10886827
3157,322,39.839767,0.73696077,0.07172479,0.14327292
3158,2220,38.227528,0.72701424,0.07244083,0.13840137
3158,325,65.97072,0.7301534,0.11790938,0.23463595
3158,3405,121.070915,0.7307413,0.21904883,0.4357108
3159,4308,2.375351,0.71373135,0.004233822,0.008558005
3159,351,28.394484,0.7141496,0.058168005,0.11292158
3160,1297,26.329144,0.708549,0.050989997,0.099268444
3160,3059,46.503166,0.7056398,0.08693415,0.17106561
3160,3058,117.392426,0.7089218,0.21328661,0.42411447
3161,1603,60.135605,0.70598274,0.108841054,0.21691364
3161,1295,66.50079,0.70690536,0.119968206,0.23967381
3161,3059,95.24636,0.7070063,0.17223905,0.34429356
3162,6761,2.1282158,0.700727,0.003111899,0.0067301095
3162,1123,84.72984,0.7000102,0.15372644,0.30812567
3162,3073,3.5392494,0.69929886,0.006916292,0.014354125
3163,3980,2.7333794,0.35798168,0.0055672824,0.010711163
3163,4955,33.39795,0.11211491,0.09593272,0.19792509
3164,1919,53.663624,0.62665766,0.17137304,0.3381814
3165,3166,3.412262,0.614993,0.033191167,0.06680569
3165,3164,154.81305,0.6230681,0.31541917,0.6185371
3167,3041,1.9967613,0.58821535,0.0027695596,0.006405756
3167,3773,46.985092,0.5826236,0.098827414,0.1927002
3167,529,93.08275,0.5946015,0.19194686,0.3766758
3168,3107,2.7260818,0.67057675,0.004369937,0.009200513
3168,3169,28.125221,0.67281735,0.056722667,0.10899372
3169,1940,213.0166,0.6668469,0.3861003,0.7621243
3169,2270,244.52629,0.6735345,0.43827465,0.8660698
3169,3168,28.422035,0.6717403,0.057235137,0.109833956
3170,3171,75.06455,0.6842961,0.137247,0.27555573
3170,3171,75.23496,0.6823951,0.13773237,0.27644897
3170,2720,53.054806,0.68427044,0.09905425,0.19747573
3171,2993,82.034775,0.68314224,0.14844646,0.29643467
3171,3170,75.25473,0.68107665,0.13745716,0.27575657
3171,3170,75.1082,0.6831454,0.13697822,0.27487847
3172,2667,77.05811,0.6826242,0.1409501,0.28248394
3172,122,23.946405,0.68864125,0.04825011,0.09304067
3172,2725,61.1462,0.68274856,0.08950835,0.17644724
3173,2914,5.1276245,0.6033356,0.037149258,0.07276487
3173,1922,81.041,0.6183978,0.16398576,0.32061476
3174,5072,1.3517418,0.56360173,0.0020627081,0.004857734
3174,5015,2.3567963,0.5689917,0.005215943,0.010663867
3175,3178,37.74727,0.62041074,0.073217936,0.14445555
3175,3176,69.14393,0.6224463,0.129879,0.25808206
3175,3177,104.380005,0.6218887,0.19259189,0.38020384
3176,3175,69.60475,0.6247076,0.12987442,0.2584778
3176,3178,75.60802,0.62621856,0.15400556,0.305022
3176,1499,279.78098,0.6161762,0.56081843,1.0996181
3177,3175,104.31674,0.61944014,0.19423938,0.38353273
3177,3551,112.3248,0.624107,0.20930281,0.41250694
3178,3175,38.196217,0.6224779,0.07352657,0.14454731
3178,3608,214.57988,0.60873544,0.43870172,0.85999554
3178,3176,75.82019,0.6250591,0.1535439,0.30413014
3179,3587,25.263098,0.65838486,0.051671382,0.09983647
3179,6180,7.374504,0.65625966,0.013794959,0.027645722
3180,3179,5.0894775,0.6597034,0.009751059,0.020018458
3181,2863,60.080135,0.6626197,0.122814864,0.24478081
3181,4879,117.13058,0.6636354,0.2337321,0.46288693
3182,5819,27.402683,0.6674489,0.05394685,0.10409278
3182,1876,86.88699,0.67046064,0.27956963,0.5571353
3183,557,81.11804,0.66997343,0.2645706,0.5258339
3184,5834,0.71059036,0.30076852,0.0010245368,0.0014462918
3184,6517,43.380077,0.6805107,0.081712335,0.16014612
3184,3207,53.997326,0.67795795,0.100335054,0.20010227
3185,5835,1.2751961,0.3435365,0.001452826,0.0024134964
3185,1454,48.43292,0.6774304,0.12448633,0.24890962
3185,3540,41.544197,0.68040204,0.07811435,0.1547604
3186,1744,3.1673355,0.7161585,0.0052303523,0.011133194
3186,6577,9.79211,0.71909857,0.021588981,0.042091683
3187,4712,2.4586067,0.7076694,0.0030839592,0.0074444413
3187,3082,116.84987,0.7195764,0.20562576,0.4093138
3187,4604,46.900356,0.71873766,0.10420202,0.20614263
3188,3189,2.4097252,0.6683141,0.0045315474,0.009829104
3188,4036,52.117676,0.6673697,0.106204055,0.21035874
3189,3190,2.4479294,0.6668498,0.004744597,0.0099553615
3190,3193,1.223793,0.6287129,0.0026079863,0.005838543
3190,3020,1.7499809,0.6589877,0.0033080578,0.007830486
3191,3192,2.2928123,0.6530717,0.0046536326,0.009845078
3191,3199,96.59584,0.67003775,0.19862507,0.39319164
3192,3194,1.3937912,0.22132927,0.0028013587,0.0056390762
3193,3191,1.9458847,0.6645659,0.0037484393,0.007863283
3194,2132,104.442535,0.664022,0.19251966,0.38228506
3194,3188,2.1087914,0.6669533,0.0039073825,0.008602291
3195,1498,5.5507355,0.66804427,0.011292733,0.02247274
3196,877,50.916603,0.735778,0.09699594,0.19245748
3196,5633,10.658983,0.73723006,0.021058604,0.041129842
3197,1513,1.2443504,0.58233213,0.004582219,0.010032415
3197,5799,163.68346,0.548606,0.44337705,0.8694748
3198,7090,0.6782799,0.5293877,0.00167761,0.0025856644
3199,4342,101.52456,0.664221,0.18717551,0.37266234
3199,3198,40.98101,0.66517025,0.0844723,0.16687867
3200,6986,0.710083,0.58882135,0.0026231557,0.005135536
3201,1431,1.8468285,0.66734755,0.0027150214,0.0062113106
3201,3200,44.87331,0.6674173,0.11229804,0.22318804
3201,3036,89.96332,0.6670971,0.16578034,0.33028263
3202,3062,1.8747063,0.6577955,0.002796255,0.006306991
3202,3063,65.90728,0.6579044,0.12226751,0.24414387
3203,1106,1.9931602,0.6512675,0.00374002,0.0084863305
3203,3202,94.54425,0.65675145,0.17794907,0.35241032
3204,3205,2.7991867,0.6626272,0.0019192174,0.0052569807
3204,4035,301.7102,0.65218633,0.59895056,1.180609
3205,3204,2.9812813,0.6620787,0.0025084242,0.006331742
3205,3065,28.719742,0.66519326,0.061762325,0.11872417
3206,2251,69.53249,0.6476733,0.1390928,0.27689877
3206,2253,43.07839,0.64762515,0.089217626,0.17573726
3207,4749,26.111277,0.6714623,0.052326016,0.10125287
3207,3184,54.82225,0.676967,0.099728875,0.19639945
3208,5148,38.08738,0.66678876,0.15840693,0.31452495
3209,4827,0.0,0.66863656,0.010136619,0.021329865
3209,4944,77.517555,0.6710631,0.15713544,0.31301546
3210,3208,6.4673615,0.67238915,0.011254393,0.02284865
3210,4827,3.1310844,0.6700707,0.0057108924,0.012163073
3211,5922,1.953949,0.66829216,0.0026941448,0.0063873976
3211,5726,126.34426,0.6676303,0.23319241,0.4604842
3212,725,2.7071266,0.6713158,0.0020016432,0.0049049556
3212,6753,110.977196,0.6745876,0.2270911,0.4486482
3213,586,288.1234,0.66290855,0.57162416,1.1248997
3214,3215,2.2241287,0.6665213,0.0024553016,0.005878687
3215,3214,2.507328,0.665229,0.0030795112,0.007224098
3215,2807,173.23766,0.66756237,0.34938297,0.68932307
3216,594,3.9770775,0.66518277,0.0037025288,0.009045392
3216,5918,37.68548,0.6658798,0.19429779,0.38182318
3217,3068,2.3142433,0.6603571,0.0039527714,0.008375689
3217,6225,90.00758,0.6552531,0.4069528,0.7954946
3218,1627,2.123085,0.66290665,0.0030706897,0.006692946
3218,3217,43.518295,0.65819997,0.18459487,0.3638307
3219,1530,2.1947556,0.6766889,0.0051846653,0.009984866
3219,5870,43.9506,0.6618359,0.13386115,0.26186565
3220,3140,6.165516,0.68230927,0.015054129,0.030227154
3220,5987,53.966408,0.67690575,0.16415279,0.3250056
3221,3222,1.6138382,0.6658303,0.0030891895,0.0071536154
3221,3225,179.61899,0.6703775,0.36688608,0.72286135
3222,3221,2.1509628,0.6683478,0.004124686,0.008946523
3222,2992,63.613792,0.6750612,0.13016844,0.2598757
3223,3225,1.9199142,0.6731349,0.0028219894,0.0063688457
3223,1494,55.034637,0.6720909,0.10197238,0.20243335
3223,3222,179.96782,0.66430146,0.36242756,0.71294904
3224,4165,115.36408,0.6729429,0.21012503,0.4167686
3224,3617,103.91435,0.6735755,0.19077587,0.37913573
3224,3225,68.040695,0.6710892,0.124525696,0.24945739
3225,3223,2.1617165,0.6724361,0.0032241344,0.0071071237
3225,3224,67.46504,0.6701726,0.1246583,0.24924627
3225,1822,44.231785,0.67351305,0.09090194,0.17937677
3226,584,171.97525,0.6674996,0.3147354,0.6218186
3226,3241,424.1919,0.659791,0.76619107,1.513346
3226,3601,16.24838,0.67105436,0.032496672,0.06295568
3227,2992,2.2539177,0.6736504,0.004415244,0.009516805
3227,3221,60.776962,0.67477566,0.12580523,0.25011384
3228,4360,1.9250641,0.6699945,0.0027715117,0.006687939
3228,880,112.40134,0.6742753,0.22685185,0.44954205
3229,1540,18.692799,0.6792966,0.037492357,0.0721959
3229,1539,33.041786,0.67974174,0.06484847,0.12433727
3229,3393,136.5697,0.67902035,0.24982041,0.49398828
3230,3514,23.525417,0.67689425,0.04530378,0.0867598
3230,2447,43.655006,0.677479,0.081072226,0.15760526
3230,2747,101.17376,0.6759994,0.18465081,0.36746532
3231,2395,126.351906,0.67682004,0.23114377,0.45808244
3231,5357,202.33145,0.67413604,0.37051666,0.7312481
3231,2244,128.09155,0.6757833,0.23436418,0.46398854
3232,3867,70.19989,0.6740486,0.14112222,0.28323808
3232,3965,5.912266,0.6708138,0.011876173,0.023788333
3232,2932,152.98012,0.6692404,0.28057486,0.55485666
3233,1475,26.05012,0.67306966,0.05238263,0.10082327
3233,1493,23.71271,0.6737027,0.047727644,0.091996364
3233,2930,17.22244,0.67293805,0.034397874,0.06629246
3233,2929,63.9097,0.6734796,0.11691193,0.23389167
3234,3235,2.111637,0.6966354,0.0036982596,0.008236513
3235,997,1.9596367,0.69229835,0.0031091347,0.0067046285
3235,2298,2.3194046,0.6967901,0.003770493,0.008223057
3236,6432,55.986565,0.69621575,0.1253808,0.2493104
3236,405,7.3800163,0.69817746,0.01643134,0.032485217
3237,1461,2.0628471,0.67037785,0.003209047,0.007288456
3237,5142,66.905334,0.6750382,0.16063133,0.31986487
3238,2873,1.898838,0.6675555,0.0027164668,0.00623852
3238,3237,112.19724,0.67334044,0.27494654,0.54604477
3239,1464,2.0457497,0.66804504,0.00295797,0.0068623424
3239,3238,96.701096,0.6736038,0.23747367,0.4713527
3240,3241,6.9333725,0.66990894,0.013378076,0.02644287
3240,5403,21.460447,0.66887075,0.043413766,0.0838126
3240,3806,8.751335,0.6706221,0.017525569,0.034897164
3241,3240,6.8977203,0.66962546,0.013358995,0.026503846
3241,7063,71.777336,0.67223525,0.1469047,0.29330173
3241,3226,422.5725,0.65839726,0.7639555,1.5088028
3242,5725,12.598825,0.6701685,0.024756104,0.04865861
3242,5404,44.935257,0.6713142,0.08456133,0.1634859
3243,2708,225.20398,0.6157925,0.41980937,0.8241901
3243,1485,195.19217,0.606675,0.4028772,0.790829
3243,2709,33.115448,0.62101614,0.07065881,0.13574317
3244,4336,1.8961945,0.686116,0.003764294,0.008383498
3245,727,3.1495323,0.6839494,0.0055799335,0.0116387755
3245,6795,50.268307,0.6860155,0.102561,0.20398249
3246,803,3.2606583,0.6853012,0.004331194,0.0092790425
3246,6420,38.11059,0.68673646,0.07204579,0.13928518
3247,3248,1.7132301,0.7294854,0.0041680858,0.009013727
3247,3946,135.45529,0.745816,0.18790928,0.3764962
3248,3247,1.5731964,0.74178255,0.0036929026,0.008586064
3248,5540,36.798733,0.7350243,0.09981671,0.19561598
3249,5009,3.809925,0.704444,0.0057906657,0.012170434
3249,3630,62.576942,0.026245832,0.2669266,0.5728844
3250,4546,20.662046,0.6586644,0.041893385,0.080901384
3250,1148,44.551704,0.66143227,0.084821835,0.16713093
3250,4188,86.50772,0.6610758,0.16033944,0.31884742
3251,771,11.308027,0.450369,0.022558205,0.04352288
3251,770,4.125412,0.4414445,0.008111909,0.015846223
3252,6585,7.393841,0.741676,0.011705957,0.023183659
3252,1422,2.4016762,0.74495494,0.003995046,0.008005962
3253,1948,22.667305,0.7413731,0.038490493,0.07558471
3253,3614,7.848377,0.74053943,0.027711421,0.05560177
3254,3490,5.2228165,0.74003446,0.011527307,0.023290247
3254,6558,1.7919884,0.73909056,0.012167677,0.024529666
3255,4614,2.7021332,0.72973514,0.0016146377,0.0043651164
3255,2824,9.1558075,0.729808,0.017834678,0.035216317
3256,6487,1.6219635,0.71843636,0.0032027587,0.007836744
3256,3843,27.303814,0.72519356,0.05436161,0.1043072
3257,4456,2.0811005,0.71593547,0.0032936335,0.007010147
3257,3844,27.624454,0.7237327,0.052487098,0.10151103
3258,1483,170.52545,0.48648602,0.3594868,0.69657415
3258,6447,63.691624,0.47123364,0.12756157,0.2480151
3259,4244,1.2333069,0.5834203,0.0032778978,0.0071121156
3259,2289,35.642292,0.5922174,0.06971321,0.136431
3259,6821,29.758266,0.58072937,0.059594877,0.11363783
3260,3656,72.38793,0.6659011,0.13331093,0.2670604
3260,4910,64.4625,0.6670221,0.116940215,0.23320764
3261,1492,77.31,0.6719113,0.1419155,0.2841583
3261,2800,37.110626,0.67274487,0.073434256,0.14490423
3261,3821,51.348442,0.66985124,0.09880803,0.19391799
3262,4794,1.3966408,0.65462726,0.0017189384,0.0032057166
3262,1748,278.5016,0.7113066,0.4930959,0.9716607
3262,6871,52.603523,0.7254551,0.11837557,0.233167
3263,4838,2.6396523,0.6724477,0.0016930029,0.004639581
3263,3894,151.3602,0.67041117,0.30054888,0.59162414
3264,2929,5.1661873,0.6747439,0.009345479,0.018645704
3264,3280,58.084915,0.6727942,0.10652138,0.21218191
3264,3266,10.9209,0.67258286,0.021337748,0.0417791
3265,2922,18.5439,0.66971284,0.038594212,0.07436847
3265,4839,25.875223,0.6739333,0.053839307,0.10407193
3266,2928,5.909546,0.6746012,0.011094987,0.022106871
3266,610,41.25237,0.67424315,0.07818009,0.15476115
3266,3264,10.978788,0.6735258,0.021698758,0.042602822
3267,1032,5.919483,0.6907238,0.012222573,0.024482995
3267,1528,2.171749,0.6845088,0.0043892413,0.009889245
3268,3269,1.4124908,0.0064402223,0.0063953623,0.011409506
3268,924,55.952118,0.657521,0.13391134,0.2511723
3269,3271,17.000257,0.011035919,0.057313748,0.119593546
3269,3270,11.067562,0.6593288,0.022888377,0.044193998
3270,6583,12.024261,0.64641887,0.020256743,0.04096216
3270,3271,72.14647,0.65252066,0.13176736,0.26098725
3270,3269,8.822639,0.64720714,0.017812133,0.034983903
3271,3270,70.159515,0.6545938,0.13046135,0.25957185
3271,5377,2.755722,0.03396988,0.009666346,0.020442918
3272,3964,2.745079,0.73281074,0.003702186,0.007739082
3272,3711,53.826454,0.45581433,0.18454343,0.2844664
3273,5676,2.774044,0.6653614,0.0056031644,0.011996627
3273,1877,10.322563,0.67001736,0.012047984,0.024992928
3274,3377,153.67523,0.7232404,0.27661118,0.54711056
3274,1652,73.607,0.7236779,0.13192064,0.26329792
3274,403,30.633259,0.7222872,0.057816952,0.11175416
3275,3277,1.199173,0.6596416,0.0034648627,0.007856175
3275,3185,48.16591,0.67685544,0.08917512,0.172721
3276,5677,60.14341,0.66497934,0.112338156,0.22255087
3277,3275,1.3424988,0.6585741,0.003599219,0.0075135827
3277,3540,55.211647,0.66794133,0.17225319,0.3413346
3278,3679,1.14217,0.64659417,0.0033376962,0.0072712004
3278,6518,53.696854,0.67295235,0.16493191,0.32731515
3279,3320,84.99382,0.67375386,0.117216185,0.23412536
3279,1475,116.74069,0.67448026,0.21285293,0.42192072
3280,3264,58.005203,0.67346656,0.10796736,0.21540764
3280,3279,87.11665,0.67321914,0.12111823,0.24169618
3281,3240,55.114716,0.6743211,0.11223702,0.22335139
3282,778,29.999168,0.67612386,0.059897795,0.11430135
3282,2748,43.782417,0.6755257,0.08269596,0.16355008
3282,2447,113.477646,0.6772398,0.20728345,0.4117345
3283,6072,9.15247,0.7246267,0.017949633,0.034961745
3283,7071,2.470909,0.72310174,0.0030971915,0.0061103553
3283,7073,30.024288,0.7257739,0.058844205,0.1138094
3283,3284,86.852356,0.72527486,0.15442982,0.309354
3284,3285,8.1741295,0.7229047,0.015474357,0.030184403
3284,2220,213.0612,0.72517467,0.3732009,0.73794705
3284,3283,87.26003,0.7246684,0.15451837,0.3091302
3285,3284,8.108593,0.72240305,0.015278302,0.029825285
3285,324,92.089874,0.72480905,0.16442066,0.32874948
3285,304,267.79163,0.72604185,0.47170368,0.9304059
3286,4523,88.26915,0.5471127,0.17809555,0.3484638
3286,702,176.91867,0.54964143,0.339905,0.66330034
3286,2184,144.77985,0.5505267,0.27697247,0.54139817
3287,3910,74.685974,0.6711874,0.14987686,0.2994094
3287,5446,18.830065,0.6775248,0.039446607,0.076160274
3288,4737,2.1186218,0.6909429,0.004230447,0.009518027
3288,4736,4.40757,0.6924615,0.008864157,0.018248528
3289,2880,49.639545,0.6917955,0.11355281,0.22337484
3290,3334,95.35741,0.68490505,0.19509384,0.38715398
3290,978,32.99735,0.6868557,0.06568518,0.12364208
3291,2111,43.20543,0.68826985,0.08205251,0.15973774
3291,183,102.65319,0.69393814,0.18665424,0.37140447
3291,5395,39.820744,0.68826914,0.074782565,0.14560948
3292,4304,98.7972,0.6902733,0.18224981,0.36217326
3293,1177,12.691847,0.6319323,0.026563749,0.052198604
3293,1176,63.02539,0.62790453,0.12963907,0.25718573
3294,5657,70.86573,0.7184652,0.1422069,0.28392833
3294,4681,12.567345,0.71824956,0.025027558,0.048595473
3295,5358,3.2866478,0.71772754,0.0029208139,0.006939769
3295,4599,55.762,0.72542036,0.110731766,0.21969768
3296,5227,52.46639,0.7251586,0.079884514,0.1548275
3296,1659,31.710747,0.72714883,0.06372893,0.123305306
3297,3174,2.2588654,0.56240344,0.0053862035,0.011263549
3297,1935,46.839912,0.55910546,0.09090203,0.1758426
3298,5392,3.7669525,0.6704552,0.0059266314,0.012631908
3298,4820,27.785736,0.67041016,0.049576722,0.09700427
3299,3508,12.827955,0.67505306,0.03014832,0.059934147
3300,4450,120.67194,0.7115798,0.21998534,0.435916
3300,1982,57.964645,0.7077821,0.10602229,0.21131095
3302,5746,2.0764885,0.6943413,0.0040266886,0.008655742
3302,3442,3.717331,0.69257706,0.008332871,0.01772055
3303,7078,1.101368,0.6592932,0.0071337,0.0149027705
3303,3535,2.3996582,0.6663614,0.0066516176,0.013516679
3304,5723,3.5620842,0.6722551,0.011485286,0.022886544
3304,1774,5.781002,0.67000484,0.016314246,0.0321922
3305,3534,22.240944,0.6721541,0.060249854,0.116124965
3305,3392,2.313198,0.66553545,0.0050304383,0.009747848
3306,263,62.48913,0.6633191,0.19734865,0.39070183
3307,1979,71.81621,0.7264572,0.12962501,0.2588433
3307,74,45.452328,0.7247574,0.08422624,0.16298224
3308,3310,1.830883,0.68882656,0.00466571,0.00985764
3309,213,105.5959,0.70693386,0.33351701,0.661639
3309,214,2.469902,0.70214814,0.004265085,0.008859411
3310,3311,2.3633232,0.70749706,0.004454933,0.009296581
3310,2977,48.268906,0.70981205,0.11856784,0.23498997
3311,2189,6.0795135,0.71067756,0.011490583,0.023179919
3311,2981,1.7551613,0.7120085,0.0047301278,0.009986863
3312,1159,71.19353,0.6683258,0.12926112,0.25891706
3312,2855,101.81357,0.67174464,0.18577418,0.3693431
3312,1157,98.06888,0.67667055,0.18076453,0.36066496
3313,3317,93.94025,0.70715326,0.17042701,0.34002483
3314,3316,63.442284,0.70779896,0.11501541,0.22897892
3315,3316,90.49623,0.7094779,0.17664382,0.3515362
3315,2844,31.713108,0.7062128,0.06534281,0.12607658
3316,3317,4.2693176,0.70806,0.0083159655,0.016683191
3316,3315,90.157104,0.71173286,0.17774388,0.35388225
3316,3314,62.777443,0.7109642,0.11418326,0.22765884
3316,3342,39.54136,0.71073604,0.07458013,0.144663
3317,3316,4.6608086,0.7083914,0.00884293,0.017767414
3317,1299,178.0141,0.7080159,0.35239542,0.6968054
3317,3313,93.33115,0.70867854,0.16873273,0.33685952
3317,3343,39.83753,0.70910776,0.07500029,0.14637806
3318,1198,20.854969,0.6685855,0.058977876,0.115954176
3318,7079,21.47327,0.6692483,0.061053835,0.11985433
3319,4911,2.591858,0.6750871,0.0048877597,0.010717034
3319,3320,133.13138,0.6696173,0.2567812,0.50802815
3319,3820,34.371765,0.6754481,0.0648054,0.12502216
3320,3319,133.59537,0.67311144,0.2573998,0.5093344
3320,696,22.162733,0.67390597,0.039674114,0.07699317
3321,2859,22.27654,0.6695294,0.05940104,0.115659036
3322,3303,28.707474,0.6695524,0.0722661,0.13997501
3322,3306,44.120632,0.67129946,0.130554,0.26028204
3323,7031,3.2161827,0.5708279,0.004475102,0.0094102025
3323,6511,29.778214,0.57302123,0.060164392,0.114771165
3324,4024,1.6913147,0.7176021,0.0028455928,0.0064962506
3324,2073,71.721535,0.72106755,0.12798333,0.25414568
3325,655,37.53498,0.72958845,0.07523784,0.14618142
3326,864,3.8303375,0.67383325,0.0068252683,0.014389753
3327,1693,2.5932693,0.7185116,0.0042752624,0.007819891
3327,470,82.61761,0.7138492,0.14822048,0.29601982
3327,6404,69.69459,0.706188,0.08268465,0.1603993
3328,728,7.338707,0.683361,0.014830038,0.02964668
3328,453,104.372894,0.68563676,0.20868793,0.4142896
3329,371,1.8499451,0.47270212,0.0036629215,0.007654682
3329,7060,35.207535,0.4526757,0.096854,0.1896603
3329,369,34.838722,0.46805668,0.07721289,0.14820474
3330,2168,68.14943,0.45607015,0.20784023,0.346537
3330,5247,2.742241,0.6941862,0.0054763183,0.011351988
3331,2659,44.36053,0.65552324,0.0845095,0.1667948
3331,2647,86.405975,0.6591155,0.1593377,0.31755257
3331,5316,106.42455,0.6534898,0.19623151,0.3887083
3331,2797,147.58932,0.65985596,0.26982197,0.5344591
3332,2584,27.963453,0.6866694,0.05745906,0.11302038
3332,362,32.55787,0.6855034,0.065156035,0.12802872
3333,4719,1.6833153,0.6760286,0.002567187,0.0062209666
3334,6279,3.6529694,0.6799475,0.0077976063,0.016094074
3334,3333,6.952881,0.6829815,0.0073524937,0.015659153
3335,4972,7.5157623,0.68940115,0.008132197,0.017256275
3335,6277,3.0302925,0.6812208,0.0058478564,0.01237452
3336,353,168.65321,0.7191535,0.30151802,0.5974673
3337,4022,91.58277,0.6660758,0.16985899,0.3390382
3337,1941,76.67787,0.65699303,0.1401431,0.2804243
3337,4478,101.27956,0.66086423,0.18446931,0.36656854
3338,4477,111.02844,0.65061355,0.2247428,0.4438259
3338,6613,141.71106,0.63926345,0.289767,0.56930625
3338,2266,286.34546,0.6238956,0.5256589,1.0303717
3339,339,29.784584,0.7121525,0.060800355,0.11685359
3339,6992,7.15213,0.7129041,0.014327161,0.028705329
3340,2985,13.514959,0.7128042,0.026679873,0.05167918
3341,2850,69.66739,0.71066505,0.12298089,0.24528302
3341,5416,115.14504,0.71209985,0.20936763,0.41665608
3341,1303,34.49684,0.7097412,0.0662803,0.12649855
3342,2983,2.3654137,0.70829517,0.0037055463,0.007831082
3342,3316,39.878044,0.70906055,0.074064806,0.14395484
3342,1982,125.73562,0.7110196,0.22879651,0.45408034
3343,1302,2.0281715,0.70643854,0.003079392,0.006649226
3343,1298,198.31323,0.7073013,0.3514222,0.6955672
3343,3317,40.13808,0.70831096,0.07510483,0.14661056
3344,4142,91.45456,0.72085357,0.086943544,0.16932952
3344,4142,64.58102,0.7204032,0.095198005,0.18598405
3344,2141,19.933174,0.7193377,0.026768573,0.052095026
3345,2575,105.70169,0.7318471,0.18932338,0.3781978
3345,1471,104.65639,0.72755665,0.18888867,0.377465
3345,1979,23.8382,0.7278178,0.04644972,0.09012887
3346,1765,16.871155,0.68129003,0.03336571,0.064547434
3346,1743,162.93625,0.68043983,0.2951662,0.58312154
3346,2967,127.13755,0.66173005,0.23358542,0.46129054
3347,3869,3.2363396,0.713973,0.005313672,0.01106517
3347,5499,62.926445,0.7208543,0.11203894,0.22126809
3348,3349,4.857662,0.70876634,0.007110752,0.014513046
3348,1744,226.34052,0.7154453,0.3968377,0.78454983
3348,1689,6.172634,0.7113242,0.011334255,0.022642627
3349,1689,4.4737854,0.7112099,0.0085366145,0.01743333
3349,3348,5.3242493,0.710176,0.008212,0.01650463
3349,4629,44.363613,0.71018654,0.087390475,0.17212863
3350,6461,2.2063255,0.7079479,0.0036657155,0.0072261095
3350,1404,41.049976,0.71097237,0.07638779,0.14865167
3350,4413,12.636995,0.7069653,0.024744786,0.048165545
3351,2884,37.26198,0.70921844,0.071602814,0.13789724
3351,3816,23.054037,0.7072965,0.052553456,0.10206726
3352,5414,4.666256,0.7147128,0.008572325,0.017209008
3352,1653,5.429592,0.71544456,0.010052308,0.019996867
3352,1193,48.81564,0.71451885,0.0897548,0.17741238
3353,4213,80.949196,0.7366546,0.14493096,0.29005027
3353,359,28.753187,0.73743415,0.054655384,0.105931155
3354,7,2.599598,0.7167238,0.0038826317,0.008836508
3354,1336,37.301353,0.7186571,0.07509624,0.14625913
3355,2353,3.02565,0.6191315,0.004976079,0.010387495
3355,4703,10.957844,0.62329537,0.02295418,0.04547918
3356,6591,58.607025,0.744052,0.105506696,0.21068008
3357,4262,1.7858734,0.72680324,0.0026480854,0.0056192875
3357,404,8.922264,0.7272963,0.018160202,0.03577423
3358,4265,2.970131,0.7201195,0.002001971,0.0052242577
3358,3357,14.297531,0.72423005,0.02892723,0.056782976
3359,4263,3.1616402,0.72345793,0.0022512898,0.0056153387
3359,4261,28.230383,0.72742677,0.056750994,0.10944931
3360,1746,2.9690056,0.73314285,0.004957542,0.010195509
3360,6679,9.240665,0.7325555,0.017503344,0.03428282
3360,4789,3.6000938,0.73496264,0.0060203746,0.012218654
3360,5098,35.87997,0.7327716,0.081907354,0.16015807
3361,4755,23.012249,0.7004122,0.05136788,0.09876357
3362,356,188.3239,0.73786986,0.3117373,0.61656195
3363,3364,3.2012749,0.72006494,0.0056884885,0.011724278
3363,3644,7.181122,0.720206,0.014300063,0.028518349
3363,7042,66.15662,0.72571146,0.12288666,0.24548674
3364,3363,3.4585762,0.72414637,0.006433226,0.012941137
3364,4869,2.7396584,0.7034301,0.0043437034,0.0091414
3364,6421,70.18506,0.72869396,0.13392076,0.26729736
3364,3644,4.712517,0.72280216,0.009456687,0.018632531
3365,3366,3.161396,0.72667825,0.004525773,0.008605823
3365,4053,13.430359,0.024311572,0.06118975,0.1289625
3366,1618,2.231491,0.73368263,0.0033740327,0.007240191
3366,6305,0.0,0.09414682,0.0069190413,0.014018759
3367,3369,1.0396614,0.48878917,0.001104638,0.0020446181
3367,2790,22.305307,0.6982738,0.04557419,0.08741536
3368,3367,1.6009598,0.6770059,0.0025020018,0.0056628287
3368,2215,27.454287,0.694985,0.047587585,0.09162702
3369,3371,2.2000237,0.69136494,0.00364466,0.0073764324
3370,3368,2.4090424,0.68746024,0.0038282275,0.008708388
3371,2214,152.82672,0.69994754,0.28344166,0.5613754
3371,3370,2.1578598,0.69032073,0.004341133,0.0092573315
3372,318,91.729454,0.7344422,0.13323088,0.26397955
3372,501,37.735493,0.7332293,0.07810193,0.15056163
3372,496,30.847046,0.7357623,0.064449504,0.12546264
3373,1700,2.287239,0.7040299,0.004164204,0.009197965
3374,6659,45.69428,0.70348895,0.08721522,0.17045802
3374,276,75.51987,0.7080121,0.13735493,0.2745736
3374,3593,1.9901237,0.7011447,0.0032428578,0.007499665
3375,3672,1.6123047,0.5429881,0.0071006864,0.01439552
3375,3376,4.3287086,0.5470014,0.003359355,0.0074255615
3376,699,8.998554,0.542436,0.023309529,0.04574102
3377,3274,153.99966,0.7246726,0.2776882,0.54976076
3378,4441,2.025711,0.5957499,0.00287278,0.006429717
3378,2512,51.471714,0.600304,0.09746187,0.19189534
3379,1800,56.22818,0.5442188,0.13925019,0.2716569
3380,6794,1.7005081,0.69216067,0.003196381,0.0070960224
3380,3381,2.1464653,0.69268274,0.0044210404,0.009772047
3381,2311,1.8946991,0.68996006,0.0029965937,0.006730467
3381,4073,40.049328,0.69379866,0.08321249,0.16196398
3382,1732,1.9913101,0.69657636,0.0035030097,0.007577911
3382,6096,86.255226,0.7025522,0.2045133,0.40716857
3383,1105,1.8564987,0.6980425,0.0042286664,0.009555072
3383,3382,48.303642,0.70520973,0.09883749,0.19610587
3384,912,5.045288,0.64990103,0.010037877,0.020187587
3385,6313,2.1515198,0.70231444,0.004830487,0.010486051
3385,1025,6.7789383,0.7039155,0.015072644,0.030598715
3386,2982,670.0047,0.6897308,1.2132415,2.386302
3386,5430,191.5498,0.7213986,0.3408838,0.67419434
3386,333,85.1177,0.72957146,0.1522956,0.3052778
3387,3389,5.9576607,0.72462124,0.0106951445,0.022130102
3388,3387,2.7788048,0.707023,0.0050263777,0.011462793
3388,4123,36.341007,0.7309037,0.069294155,0.13159978
3389,332,2.849598,0.70899326,0.0052155405,0.011442348
3389,754,76.53487,0.7248937,0.14160195,0.2817744
3390,4372,2.1267128,0.72713244,0.0017786548,0.004250735
3390,4122,20.439175,0.7300695,0.039321642,0.076602206
3391,2499,2.3730545,0.6770491,0.0037446916,0.007791817
3391,1535,37.541107,0.23808417,0.17700109,0.37498993
3392,3303,1.0412903,0.663698,0.0070298463,0.014260143
3392,4278,5.6479607,0.67253083,0.012656443,0.02576749
3393,2499,76.25128,0.6758143,0.13672927,0.27181393
3393,3229,137.12956,0.67734456,0.2501678,0.49453062
3394,1367,205.1509,0.66558194,0.37185213,0.7344166
3394,4880,69.15932,0.66244805,0.14062805,0.27796888
3394,617,13.874922,0.66363907,0.029338546,0.05701547
3395,3016,60.217884,0.65037143,0.113360286,0.2258808
3395,3017,122.661224,0.65231663,0.22574893,0.44596612
3396,2922,45.983475,0.6703509,0.09422679,0.18698472
3396,2933,53.83875,0.6722137,0.10697435,0.21340369
3396,3641,114.83626,0.6700759,0.21039034,0.41748196
3397,6480,66.01698,0.6837677,0.117772825,0.23534729
3397,6174,4.9889107,0.681821,0.009304613,0.019330144
3398,4283,22.552803,0.69494534,0.04476347,0.08633582
3398,7057,14.804255,0.6962857,0.029639106,0.05774945
3399,5805,12.107912,0.69019705,0.024846762,0.048524886
3399,853,69.07752,0.689588,0.13983327,0.2789868
3400,3142,5.7060204,0.6107223,0.0144247115,0.029016942
3401,2970,52.750465,0.60610694,0.09859887,0.1939199
3401,77,88.9207,0.6028872,0.28080136,0.5535992
3402,196,41.768227,0.6004362,0.08660077,0.16594778
3403,390,1.9251633,0.6989906,0.002849549,0.0062244684
3403,1733,53.4739,0.702162,0.09622701,0.18872775
3403,5649,75.34544,0.7017671,0.13564713,0.27129972
3404,5705,1.6143036,0.6979767,0.0039728954,0.009280682
3404,3411,2.690548,0.69610596,0.0047365054,0.010550797
3405,4134,21.893143,0.726393,0.043144442,0.08394341
3405,6153,96.56806,0.7296368,0.18316406,0.36527294
3405,3158,121.610794,0.7297616,0.21920082,0.4358012
3406,59,9.805618,0.697154,0.01307372,0.02662976
3406,58,7.868965,0.69915783,0.013880804,0.027454257
3407,3813,1.6682625,0.7006079,0.0036979914,0.008261278
3407,3408,18.051937,0.7053316,0.040682744,0.07934435
3408,99,41.19467,0.6982475,0.06928007,0.13261007
3408,3409,55.559494,0.70642996,0.12860796,0.25591856
3409,6221,38.454865,0.70179856,0.08756858,0.16809635
3410,787,71.32023,0.6780131,0.13033807,0.2608587
3410,4328,162.41139,0.6718322,0.29326957,0.5800634
3410,734,80.89583,0.6806331,0.14557761,0.29097426
3411,6097,2.4719238,0.6951734,0.0042027235,0.009129584
3411,3403,8.921883,0.69673353,0.01757881,0.034767836
3412,6331,2.3633919,0.70554745,0.004248962,0.008252636
3412,6337,216.48537,0.7030822,0.38857016,0.7664427
3412,6330,21.61705,0.7095116,0.04485372,0.086814724
3413,4112,16.13367,0.70139873,0.03196191,0.061712302
3413,6544,2.2588844,0.7048094,0.003987223,0.008241847
3414,2369,2.9250908,0.6799019,0.0069884732,0.014651418
3415,5789,1.4446144,0.6401854,0.0037235543,0.008081377
3415,4976,45.263607,0.6405948,0.11092537,0.21551268
3416,1358,5.289894,0.6382171,0.0085243285,0.01768662
3416,3415,26.275206,0.6382799,0.04491065,0.08613546
3416,5571,76.00237,0.6466294,0.10706638,0.21301323
3417,6520,52.299213,0.61836493,0.13048479,0.2572329
3417,18,35.30573,0.6147482,0.113861054,0.22395685
3418,6720,1.2903786,0.70364344,0.0034508929,0.0072493255
3418,6058,51.231335,0.70591635,0.1274548,0.25350118
3419,6640,2.7485085,0.74021596,0.0045416877,0.008958831
3419,1819,9.867325,0.74297947,0.018503077,0.035960644
3420,289,1.7665138,0.7402154,0.002608955,0.005439356
3420,668,37.254063,0.7417667,0.06910913,0.13178836
3420,6643,69.17929,0.74095917,0.13797247,0.2743652
3421,451,1.8887749,0.73863065,0.00305292,0.0064502805
3421,3420,53.10515,0.7384347,0.10561086,0.20929301
3422,1036,1.6964378,0.6138872,0.0022311583,0.00532794
3422,2287,95.74525,0.6313129,0.17833483,0.35348445
3422,3538,54.741802,0.6077931,0.11385093,0.22354537
3423,1228,21.233084,0.6398039,0.046738323,0.09088718
3424,3423,32.959167,0.6345209,0.042887244,0.083608836
3425,4051,2.6166954,0.633519,0.004644908,0.009794012
3425,3424,7.0709114,0.63541293,0.007583663,0.016508043
3426,5548,127.42136,0.6390275,0.26340196,0.51759344
3426,3825,18.159441,0.63020396,0.025358371,0.050267905
3427,3825,43.263557,0.6203614,0.051017374,0.098528735
3427,3423,55.45081,0.63867015,0.11516518,0.22580984
3428,3851,1.7559929,0.7125002,0.004086852,0.008562654
3428,3857,9.546558,0.7194253,0.01986219,0.038896978
3429,3115,4.547699,0.70524496,0.009304568,0.01874119
3429,6899,20.511568,0.7060483,0.043412287,0.083979666
3430,5226,1.6668816,0.61838037,0.0021750554,0.0050979406
3430,2600,1.9315414,0.6224654,0.0035475194,0.007994443
3431,5766,3.9780006,0.63726807,0.007233843,0.014225483
3431,549,0.0,0.037977457,0.0051492825,0.01002723
3432,3051,107.61125,0.69293535,0.19420995,0.38681996
3432,3433,329.3014,0.68464565,0.59546804,1.1743232
3433,2400,36.23134,0.6927692,0.06983253,0.1347749
3433,6695,122.864006,0.6900167,0.22269127,0.44220793
3433,3432,329.2262,0.6830007,0.5929058,1.1692306
3433,3070,120.11181,0.6957758,0.22006556,0.43626106
3434,6214,3.3647232,0.7005891,0.003600575,0.008454457
3434,4389,8.611591,0.7032858,0.011411637,0.023696288
3435,2304,31.826582,0.60527533,0.06323418,0.12144953
3435,1217,34.374737,0.6029091,0.067462154,0.13066842
3435,1278,12.361383,0.5982377,0.024809591,0.048657566
3436,3437,2.7718506,0.69572103,0.0046366677,0.009654194
3436,1308,41.27507,0.6967356,0.07788406,0.15157129
3437,3438,6.6189194,0.6946236,0.012807533,0.02583149
3437,3436,2.2035637,0.6954589,0.003528066,0.007877916
3437,282,8.737831,0.6957909,0.016804792,0.03330283
3438,4938,2.8842201,0.6947205,0.0052151233,0.010933027
3439,3436,8.798954,0.69842744,0.017092101,0.033803314
3439,4938,2.2829208,0.69641757,0.0033116415,0.007280484
3440,3439,4.0500946,0.69528747,0.0074216053,0.015215576
3440,3441,17.687141,0.6947763,0.034992978,0.06788864
3441,3440,17.563608,0.6964772,0.034804966,0.06730792
3441,5767,32.708817,0.6965823,0.06293303,0.120350435
3442,6645,3.6541672,0.69277,0.008490272,0.017710999
3442,1292,4.0062637,0.6897347,0.007768452,0.016037837
3443,2894,61.34964,0.6911297,0.14451565,0.28896514
3443,419,1.9640617,0.6999242,0.004485056,0.0100476
3444,1796,34.124615,0.49728882,0.07334157,0.1409695
3444,44,1.5385551,0.4812779,0.004327446,0.00877209
3445,3446,2.7273064,0.6298368,0.0020907149,0.0051983893
3445,548,84.38581,0.63082826,0.1731272,0.34101015
3446,3447,1.9725571,0.6284587,0.0037399307,0.008741632
3446,3445,2.6413841,0.6273367,0.001964189,0.005187452
3447,547,1.8629646,0.62528914,0.0027353093,0.0062312633
3447,5572,20.651531,0.6314862,0.044624675,0.08663058
3448,4041,8.9122505,0.5344631,0.01204215,0.024602383
3448,5755,5.264572,0.53346586,0.010676242,0.021381974
3449,5295,1.7628708,0.69374484,0.003867805,0.008467242
3449,2614,13.437983,0.6948338,0.02966581,0.058085434
3450,4382,78.16572,0.68066674,0.14245464,0.2852527
3450,5447,143.25201,0.67388713,0.2597455,0.5138614
3450,798,71.47949,0.67749345,0.13157426,0.263798
3450,745,3.109665,0.6781925,0.0049459413,0.010608241
3451,1987,21.202696,0.7066854,0.04234142,0.0817485
3451,4104,6.674797,0.7026958,0.009655178,0.019553453
3452,2021,120.07957,0.43036813,0.24875027,0.47902203
3452,4958,55.490845,0.39114416,0.114659004,0.21922489
3452,3980,52.482197,0.37591502,0.108400494,0.2099941
3453,1149,71.18707,0.6604925,0.13088197,0.2609158
3453,1459,18.196941,0.656736,0.03698118,0.07219029
3454,3455,37.24792,0.62988263,0.09476599,0.18529822
3454,2475,50.49442,0.62694424,0.1612257,0.318694
3455,1821,2.4151306,0.6312891,0.003719017,0.008484662
3455,6301,1.0477257,0.6237691,0.0034340173,0.0075793415
3456,1886,5.061096,0.64329463,0.01166714,0.02380912
3457,2989,14.840233,0.6958379,0.030789226,0.060206592
3457,2574,16.14568,0.69337755,0.032280833,0.06367655
3458,4240,2.6423874,0.6927756,0.004788831,0.010410726
3458,2180,7.8771095,0.69040227,0.015455261,0.030965105
3459,1645,19.546371,0.7011144,0.03555122,0.06973011
3459,2892,5.263695,0.6992677,0.011588253,0.023684427
3460,3459,12.962009,0.69562745,0.028846852,0.056228444
3461,6272,1.6064148,0.67790383,0.0040940046,0.009129316
3461,706,2.2237244,0.67978406,0.0025559142,0.006294176
3462,6197,35.029537,0.49103686,0.07948429,0.1509549
3463,3146,2.3305702,0.67427564,0.0035400987,0.0076801926
3463,7053,10.521467,0.6775933,0.021239087,0.04238212
3464,3463,4.2686462,0.67348576,0.0083017275,0.017187923
3464,5832,57.790894,0.67477775,0.10562918,0.21067609
3465,1374,37.87582,0.6716383,0.07370207,0.14455543
3465,3972,64.027245,0.6690009,0.11621422,0.23088273
3466,3467,7.381298,0.6720222,0.014422663,0.028413117
3467,3466,6.466854,0.66944426,0.011922874,0.023629144
3467,1158,53.175026,0.6671151,0.09899792,0.19645323
3467,2183,74.9942,0.6659759,0.13765445,0.275634
3468,5693,2.3200035,0.6724149,0.004035525,0.008806556
3468,3469,5.7248573,0.6734439,0.011075415,0.022681653
3469,3909,12.920603,0.6695971,0.026615731,0.05233991
3470,1363,2.2389832,0.69001395,0.0032136291,0.007212281
3470,4295,24.532146,0.6937617,0.05587598,0.108886525
3471,2743,2.1704865,0.6823095,0.004135236,0.0086710155
3471,3472,5.98785,0.69178015,0.012986362,0.026590526
3472,4357,1.8618813,0.68713117,0.0044134557,0.009848386
3473,5838,1.8545609,0.68053883,0.0017105043,0.0046625882
3473,3474,30.89362,0.6848569,0.072678335,0.14192599
3474,1769,5.322216,0.6783793,0.012701921,0.025605053
3474,5722,3.2639275,0.6786158,0.007511437,0.015637562
3475,2450,14.211393,0.6864736,0.028313719,0.055248216
3475,3477,6.9265633,0.6868139,0.014040478,0.028295666
3476,3477,2.1102371,0.68709284,0.003493011,0.007693708
3476,4152,26.965523,0.6861198,0.057359375,0.1098331
3477,3476,1.8134956,0.68492275,0.0024714991,0.005503297
3477,6624,56.717285,0.6926114,0.11706354,0.23333716
3478,2057,56.113495,0.70185304,0.112980604,0.22428519
3478,6922,28.528725,0.6985551,0.059793666,0.11421457
3479,3952,3.5500793,0.69712126,0.0061651915,0.012618035
3479,1730,102.836075,0.27533352,0.1797128,0.339074
3480,891,2.0956879,0.6776009,0.003833957,0.008566588
3480,1182,65.30378,0.67967653,0.1303439,0.26067236
3481,5695,2.641468,0.67302674,0.004608378,0.010040954
3481,4647,9.046875,0.6778195,0.0086939335,0.018779889
3482,5694,2.8547134,0.6714034,0.00553263,0.011555001
3482,5999,7.432907,0.6731909,0.006626427,0.0139451325
3483,4107,2.4440613,0.66430897,0.004365489,0.00926064
3483,4072,33.968178,0.6659474,0.06735261,0.13184726
3484,2161,100.602135,0.71673584,0.19973205,0.3972969
3484,2752,111.837,0.7168318,0.22199842,0.4407301
3484,6068,8.9776,0.71377623,0.017860696,0.035099313
3485,1730,4.452034,0.687553,0.008058757,0.015430048
3485,6329,160.39569,0.6949533,0.20765918,0.4084829
3485,3952,61.0947,0.0,0.17212544,0.36685032
3486,5654,2.7460976,0.6779481,0.009951882,0.020224884
3486,1099,36.058685,0.67429626,0.11030175,0.21752033
3487,6678,151.57745,0.06962195,1.2415841,2.56299
3487,3281,9.9738655,0.67858225,0.022396363,0.043382317
3488,2447,88.87272,0.66787034,0.16212097,0.3228805
3488,3136,19.206032,0.029525042,0.110027805,0.23477732
3489,4232,74.159164,0.67552924,0.10469374,0.20781447
3490,5073,2.9168282,0.7054275,0.01429984,0.027879342
3491,7038,2.7046013,0.7203315,0.005502537,0.012007758
3491,1338,31.898449,0.7243017,0.061148755,0.11791598
3492,7037,2.140541,0.72075284,0.0039971545,0.009020656
3492,6693,16.730785,0.72503185,0.033025716,0.064868726
3493,3354,2.496338,0.7172371,0.0037677437,0.0088128
3493,7,2.104824,0.72034156,0.0031759292,0.0070242435
3493,662,50.90056,0.71693075,0.09295483,0.18484677
3494,3495,2.2973328,0.6972311,0.0025597364,0.0063488334
3494,3496,27.032906,0.7012498,0.06265006,0.1216465
3495,3494,2.3556976,0.6980094,0.00280682,0.006808296
3495,5039,18.11503,0.70076275,0.040210806,0.078373864
3496,3497,1.9611702,0.70001364,0.0019922256,0.005254343
3496,3498,15.338919,0.70086277,0.034193385,0.06683593
3497,3496,2.0118332,0.69974536,0.001887016,0.005187914
3497,5606,10.83452,0.7009877,0.024303697,0.048153862
3498,3499,1.8120689,0.7012592,0.0014448836,0.0041739196
3498,5042,36.857178,0.7024833,0.08348872,0.16434783
3499,3498,2.0468369,0.70212626,0.0020553619,0.0053957254
3499,3497,15.346075,0.70297796,0.034079075,0.06663514
3500,899,52.5951,0.64318013,0.09953325,0.19743411
3500,4893,36.53475,0.6460856,0.07112509,0.13886574
3500,3769,65.69507,0.6437893,0.12051888,0.24074875
3501,910,27.118599,0.6502633,0.0587669,0.11256301
3501,3769,2.1599274,0.64257675,0.0034861565,0.007337585
3502,4894,2.7677116,0.6502544,0.0012476817,0.0042556524
3502,5791,22.685322,0.6453519,0.048853323,0.09492736
3503,299,53.851803,0.6921532,0.1011229,0.20130113
3503,5076,25.493202,0.6935474,0.05055735,0.0974495
3504,3414,10.239918,0.6762392,0.02330368,0.045978636
3505,3504,7.996395,0.68382627,0.019035026,0.038120285
3505,2493,2.7760773,0.6844359,0.007610388,0.016147926
3506,5859,3.7281227,0.6992756,0.0056961253,0.011880338
3506,6439,13.756023,0.6975815,0.030632503,0.060485505
3507,3505,17.991318,0.6767363,0.043806534,0.08600993
3508,1035,34.32257,0.67963314,0.072898984,0.1445861
3509,5988,2.6617393,0.62474835,0.004846148,0.010232329
3509,2354,33.901592,0.62586683,0.072869614,0.14294243
3510,2675,2.0753212,0.68791515,0.0033452064,0.007772967
3510,6665,48.512604,0.7022891,0.09661051,0.18990968
3511,5752,3.7418861,0.5291543,0.0072505698,0.014482662
3511,5753,12.234518,0.52839494,0.01629445,0.032566756
3511,2334,34.185513,0.52952254,0.0679935,0.13218072
3512,2193,1.7922058,0.6597022,0.0030820817,0.007164791
3512,4752,97.850586,0.6754329,0.19871655,0.39292985
3513,2096,2.399372,0.7183281,0.0042407215,0.008882701
3513,354,19.948753,0.7235511,0.039985556,0.077147916
3514,2746,114.223694,0.67827404,0.20676103,0.4107765
3514,3230,23.456438,0.6777784,0.045441173,0.08696243
3514,3515,106.19614,0.6767961,0.19072548,0.37965342
3515,7052,1.6794586,0.6738385,0.0023214296,0.005703628
3515,6782,25.630653,0.68103254,0.05207881,0.099288926
3515,3514,104.48477,0.6768488,0.19047281,0.37887982
3516,3518,2.1337776,0.68732566,0.0031503513,0.0070956796
3516,1270,8.846413,0.68894935,0.017239563,0.0341219
3517,1269,37.817482,0.69019663,0.0728555,0.14166842
3517,1248,2.7712975,0.6870533,0.0044366717,0.009691387
3518,3517,3.0692596,0.6895522,0.005462207,0.011838913
3519,4689,45.38095,0.6781342,0.12137246,0.23908158
3520,2902,3.2553406,0.6897057,0.00755018,0.015768543
3520,6533,29.375935,0.6870026,0.07178888,0.14062251
3521,785,65.575584,0.67661464,0.12036987,0.23995289
3521,4037,19.370989,0.06717104,0.049411234,0.09993394
3522,2532,51.81492,0.6747725,0.122958094,0.24350542
3522,1162,51.47115,0.6741861,0.16000864,0.3164556
3523,5510,64.67607,0.5433086,0.124715954,0.24440303
3523,6729,69.28062,0.54334885,0.13402596,0.26254836
3524,3462,6.716343,0.5063244,0.015412562,0.03043823
3524,4121,1.5384178,0.5058216,0.0054095834,0.010991186
3525,294,3.0002327,0.7407131,0.001825206,0.004761815
3525,3526,13.788273,0.74029684,0.027577117,0.054287218
3526,4332,2.7399368,0.7412927,0.0014499649,0.0038018078
3526,6033,28.017841,0.7446028,0.055864252,0.10799119
3527,2634,5.510174,0.741594,0.009268604,0.019377619
3527,4787,1.8873329,0.44047832,0.0039730296,0.0013978034
3528,3614,0.3958397,0.7406138,0.008345768,0.01685761
3528,3248,71.55173,0.740872,0.2135087,0.42486268
3529,3530,2.0248604,0.5539324,0.0028235465,0.005787477
3529,3634,56.96513,0.53472024,0.14540662,0.28438094
3530,6362,0.66531754,0.21941221,0.0018454045,0.0037363768
3531,5377,2.6463852,0.62545675,0.0060903654,0.013589233
3531,6583,11.570562,0.0013250709,0.03961888,0.07884485
3532,924,2.0213013,0.07817614,0.0051911473,0.010848537
3533,5854,2.98077,0.08720294,0.008745454,0.018201485
3533,4528,169.5585,0.685084,0.33555168,0.6618068
3533,4377,137.16684,0.6813468,0.24839434,0.49154758
3534,5670,57.18347,0.67386866,0.17310181,0.3434441
3535,3305,1.1556435,0.6618728,0.0067653656,0.013347298
3536,4278,4.042618,0.6658122,0.010512613,0.021658853
3536,3392,6.5148125,0.656243,0.017699502,0.034776643
3537,2624,2.1179962,0.56695676,0.0047351643,0.009830743
3537,200,17.170605,0.5739286,0.04031623,0.07834342
3538,2302,2.0667152,0.59003204,0.0028370395,0.00633277
3538,6208,20.01803,0.5870918,0.043265864,0.08352391
3538,200,81.0412,0.57909924,0.15370215,0.30284443
3539,1925,2.2456322,0.5983983,0.0037442744,0.008230671
3539,6681,28.234142,0.5959519,0.060523167,0.11687197
3540,3876,28.55458,0.67513156,0.08177007,0.16165185
3541,4149,2.1255455,0.67657566,0.0053275004,0.011326164
3541,6824,27.058723,0.6769602,0.07511803,0.146971
3542,6590,32.054466,0.013728201,0.16856131,0.36014965
3542,3543,181.67007,0.655107,1.4552459,2.8787174
3544,5789,2.8013802,0.6307634,0.009292699,0.017857596
3545,597,75.68116,0.6676865,0.13676557,0.27343926
3545,5615,16.82045,0.66646594,0.033843078,0.065771714
3545,3546,11.338236,0.66648006,0.022294126,0.043695614
3546,3545,11.118629,0.67082477,0.022049733,0.04332453
3546,6987,81.88166,0.6685507,0.14967877,0.29873872
3547,3832,2.684803,0.6698427,0.0044855177,0.009804964
3547,1815,14.336483,0.67149764,0.028607793,0.055914454
3548,550,1.085392,0.3793366,0.0015797466,0.0037649274
3548,3549,1.9536514,0.4079353,0.0025435686,0.0051267296
3549,1721,1.9712105,0.63900656,0.0034058169,0.0069708824
3549,1741,55.19786,0.63348854,0.14215592,0.28251153
3550,1366,91.11627,0.69356966,0.16579407,0.33146593
3550,1365,68.13592,0.6947222,0.12287826,0.24604511
3550,852,35.72432,0.6934325,0.069005854,0.1334519
3551,3177,112.580086,0.62440896,0.20743379,0.4098038
3551,6894,178.2875,0.62994456,0.32917,0.64955205
3552,3553,88.928535,0.43166387,0.18247545,0.3509106
3552,3554,64.60526,0.39093342,0.1352824,0.2617731
3553,6124,2.247013,0.46699768,0.0036796257,0.008027211
3553,2045,33.837997,0.12035215,0.106652796,0.22413188
3553,3552,88.40402,0.43268648,0.18175057,0.3498094
3554,2423,67.16552,0.39232802,0.14191121,0.27573594
3554,3552,64.647194,0.3910423,0.13508596,0.26134962
3555,3558,21.713326,0.72763723,0.044220176,0.08637727
3556,6142,1.3939056,0.48636264,0.001927115,0.004197791
3556,4624,43.399166,0.7224652,0.07991384,0.15545788
3557,4624,2.0341797,0.72183174,0.0028789788,0.0063689053
3557,3556,40.38127,0.721198,0.080006145,0.15778777
3558,6143,29.095547,0.0027715564,0.09915757,0.21393637
3558,3555,20.983343,0.73242044,0.04321391,0.08346134
3559,3644,161.63702,0.7257654,0.31902885,0.6309874
3559,1661,70.20606,0.72435826,0.13871142,0.27696356
3559,2139,165.87424,0.72012496,0.29390827,0.5814756
3560,4453,2.194397,0.7118806,0.0019684285,0.004523501
3560,348,45.933056,0.71016395,0.09263303,0.18240727
3561,2160,127.95722,0.7213021,0.23309323,0.46151227
3562,940,1.7544785,0.69166607,0.0024417713,0.0055973977
3562,1259,67.63742,0.6973939,0.12251544,0.24470018
3562,6113,131.1914,0.67160225,0.2701815,0.532798
3563,1206,2.3532486,0.64784265,0.0037883744,0.008358508
3563,962,116.63944,0.65252906,0.21558304,0.4267804
3563,6112,13.687338,0.6500475,0.028751627,0.05629
3564,1255,2.253353,0.5844282,0.0037045628,0.007802859
3564,1839,55.067875,0.5900992,0.10528068,0.20710553
3564,3565,43.266804,0.59161377,0.08991915,0.17430742
3565,2207,66.94059,0.5969168,0.12626381,0.24909705
3565,6295,13.8521805,0.60100794,0.029619738,0.05794862
3566,1218,2.2892761,0.6046374,0.0040004402,0.008600712
3566,6700,30.651005,0.61251175,0.065147534,0.12455441
3566,2310,34.783703,0.6073149,0.0683194,0.13316119
3568,3567,5.148979,0.6978362,0.0056898296,0.012565255
3568,3569,8.53051,0.696402,0.009907447,0.020949468
3569,1986,110.1414,0.70726687,0.223477,0.4409846
3570,3571,3.5233307,0.70885855,0.0047376975,0.010011986
3570,5170,17.023867,0.70918185,0.03335969,0.06500753
3571,3570,3.6056595,0.7082189,0.0048394427,0.010324657
3571,2731,20.506649,0.70771116,0.040302467,0.07794429
3572,2999,2.223198,0.5230303,0.0035322458,0.0073373467
3572,2919,48.272213,0.5177276,0.12008363,0.23504561
3573,3814,7.891407,0.6551578,0.0075648874,0.0152257085
3573,2969,35.415268,0.6489014,0.056374438,0.10761752
3574,608,28.89683,0.67177975,0.057373043,0.11084899
3574,4652,28.909393,0.6740848,0.057354916,0.11027263
3574,3575,134.78687,0.67517453,0.10720988,0.21463592
3575,3574,135.58548,0.6717074,0.10570411,0.21175003
3575,5796,77.43906,0.67586094,0.14143234,0.2820258
3576,5475,2.0236053,0.68762887,0.0016869307,0.004310891
3576,1376,190.35464,0.6952448,0.34180927,0.6783222
3576,5059,22.56923,0.6911731,0.044984262,0.08557709
3577,577,18.782625,0.6195289,0.043296263,0.08426769
3578,6299,21.082874,0.612559,0.04886749,0.09425044
3578,3577,30.848194,0.612771,0.07490671,0.147214
3579,1915,38.196537,0.61488557,0.093461394,0.18266684
3580,5729,2.3130608,0.693304,0.0057710186,0.012508705
3580,5730,2.144207,0.69594544,0.0053454563,0.011760294
3581,2543,5.774227,0.6927893,0.013230838,0.026634008
3582,5731,4.1143494,0.6929301,0.0076132566,0.015656605
3582,2380,13.738188,0.69177186,0.023753837,0.04670316
3583,3582,2.8310013,0.69060606,0.0042994544,0.009472087
3583,5394,74.39264,0.6906855,0.13415542,0.26850054
3584,1086,9.743591,0.6872026,0.019588716,0.038841635
3584,1085,2.5251236,0.68619347,0.0046127513,0.010283038
3585,5840,16.006014,0.6861443,0.03547377,0.06886648
3585,5841,2.3535004,0.68510425,0.0028622225,0.006829098
3586,915,10.964077,0.6495826,0.021663912,0.042672813
3586,4242,2.3812408,0.65420556,0.0038419291,0.008509532
3587,3179,25.734861,0.6548896,0.052385032,0.100917615
3587,5544,5.685177,0.6554564,0.010556459,0.021225065
3588,1055,1.9453545,0.6932851,0.003446199,0.007871896
3588,2291,43.77298,0.695657,0.082784526,0.16068554
3588,186,35.25863,0.6942752,0.07208217,0.13928169
3589,2405,66.810524,0.59192306,0.12790968,0.25202113
3589,2404,3.965248,0.59419817,0.0069181398,0.014176562
3590,277,1.9786491,0.6994102,0.0034709424,0.0070572197
3590,6722,110.822426,0.70982254,0.22325754,0.44187105
3591,258,1.8984795,0.6925499,0.004612632,0.010347411
3592,276,1.991806,0.70284986,0.0029539987,0.006456375
3592,1332,60.77619,0.7069671,0.108743496,0.21668772
3592,3593,76.32821,0.70256007,0.13778928,0.27562708
3593,3374,2.1970177,0.702687,0.003698334,0.008366063
3593,6138,36.958603,0.7047009,0.07097014,0.13735944
3594,3591,2.0903625,0.69682944,0.003906086,0.0080218315
3594,4982,52.45465,0.70007306,0.12388213,0.2473688
3595,504,2.4603043,0.6966323,0.0014415756,0.0039884895
3595,6654,22.484295,0.69815266,0.047663745,0.091408096
3596,5856,1.9333725,0.69835675,0.004931517,0.01101543
3596,5609,37.880196,0.69550943,0.09188031,0.18015724
3597,2749,1.7493668,0.69471705,0.0037155375,0.008106187
3597,186,82.30913,0.69646204,0.16820869,0.3349516
3598,2171,58.61959,0.68619514,0.13501061,0.26845422
3599,362,0.26779556,0.03298083,0.0049969554,0.011165202
3600,2856,2.6561928,0.684842,0.0046901032,0.010638386
3600,945,51.66268,0.68316793,0.09943521,0.19653393
3601,2992,214.72792,0.6742319,0.39130974,0.7720808
3601,1495,36.989483,0.6720646,0.0706485,0.13690084
3601,3226,16.33765,0.6705511,0.032662265,0.06336224
3602,5730,3.740219,0.6952678,0.006514147,0.013651803
3602,5733,4.8151817,0.69435287,0.009117752,0.018898055
3603,67,2.4333,0.6975974,0.004151173,0.009309217
3604,3603,8.394493,0.70133734,0.008562505,0.018438578
3604,3606,3.1190796,0.6998091,0.0057491884,0.011953622
3605,3567,10.911707,0.7016945,0.016097821,0.03276232
3605,5188,5.124447,0.7040962,0.010351054,0.020681143
3606,5188,2.0131416,0.6989612,0.0029312745,0.006599337
3606,3603,4.2172203,0.69991904,0.007986769,0.016812697
3607,3606,2.0640755,0.6957201,0.004147038,0.0091275275
3607,2488,3.5968666,0.7025819,0.005850114,0.012591764
3608,2403,98.513626,0.6084084,0.2061606,0.40518397
3608,3178,213.66342,0.60574377,0.44051367,0.8627498
3608,1502,364.5876,0.5951043,0.68220896,1.3402694
3609,2229,1.9344292,0.5013029,0.003136903,0.0066471845
3609,1208,1.8069496,0.5007314,0.0027896538,0.0058974177
3609,1209,45.294437,0.5116247,0.08879228,0.17361733
3610,527,23.417614,0.42533463,0.051488172,0.09751162
3610,3612,25.631327,0.43469137,0.058769852,0.11096461
3610,4958,33.78241,0.4077493,0.07769715,0.1478281
3611,2021,1.8216324,0.45092523,0.0025587678,0.005074039
3611,4000,36.589897,0.46680054,0.081295386,0.15658756
3612,2589,1.7685928,0.44315326,0.0027055517,0.0057015717
3612,3611,8.48122,0.448733,0.018915392,0.036492094
3612,2026,25.04268,0.44564605,0.054225117,0.10268341
3613,761,40.028355,0.6957695,0.076208584,0.14696196
3613,3007,36.899864,0.69504404,0.08429162,0.1649803
3613,1080,26.188116,0.6958587,0.05156371,0.10025204
3614,5300,3.7877426,0.73886335,0.007209614,0.014730543
3614,3528,0.0,0.73274016,0.006473176,0.013077706
3614,6557,9.451279,0.7423619,0.032527618,0.06523481
3615,1359,1.8465996,0.64702344,0.0027939826,0.0059528947
3615,929,23.684866,0.6510027,0.04864397,0.09360155
3615,6552,9.446564,0.65049744,0.01851514,0.036561444
3616,929,61.14863,0.64921343,0.11400807,0.22698745
3616,3615,8.941433,0.6528194,0.017428748,0.034664065
3617,3224,104.29435,0.67361003,0.19145063,0.38049987
3617,4824,134.45459,0.6711502,0.24523482,0.4855029
3617,1947,177.10846,0.6712929,0.32599032,0.64356804
3618,3619,3.552723,0.69653887,0.0021036938,0.005197376
3618,1327,51.311646,0.69782907,0.095903255,0.18995766
3619,3620,23.667307,0.7026091,0.04968391,0.09556105
3620,5459,2.0517235,0.698536,0.003083527,0.0068644285
3620,1328,34.21979,0.69968843,0.06682536,0.12748925
3620,5450,35.18517,0.6981973,0.07244995,0.14106354
3621,472,1.991024,0.6978452,0.004171446,0.008953676
3621,3623,19.792114,0.701275,0.041105885,0.07989829
3622,3621,2.1087265,0.6993016,0.0040432885,0.008358747
3622,1325,66.62906,0.7041233,0.13479196,0.26931196
3623,4931,55.213825,0.69859636,0.058728095,0.110758886
3623,3619,68.49339,0.70045143,0.13793883,0.27527833
3624,178,26.201889,0.6965922,0.032688018,0.062925756
3624,6515,68.098045,0.6963749,0.13786376,0.27378523
3625,2428,4.8004456,0.55775684,0.008953139,0.018351138
3625,2425,116.26465,0.55647284,0.2217201,0.43475807
3625,3685,7.9513016,0.55993855,0.015735283,0.031498045
3626,291,212.78603,0.68509364,0.38563025,0.76195806
3627,3953,1.9748154,0.12198055,0.0019338652,0.005632773
3627,1975,61.45996,0.14775255,0.15672469,0.3106733
3627,1904,77.14779,0.35095698,0.21752784,0.41651
3628,3832,141.86072,0.66943955,0.2550402,0.5059087
3629,5751,1.9830704,0.52885664,0.0035173893,0.007550493
3629,2299,42.839054,0.53829247,0.08700064,0.16690694
3630,3632,53.578323,0.0094540715,0.1745626,0.37758404
3631,661,221.27118,0.7239372,0.40117273,0.78914165
3631,5891,48.260357,0.02451244,0.26518673,0.57467467
3632,5008,3.021202,0.71628124,0.0057565644,0.010908291
3632,3631,5.073906,0.037409753,0.026680812,0.054699153
3633,1362,15.742069,0.68955123,0.03135852,0.060798004
3633,1082,10.7844715,0.6898602,0.021764003,0.04284312
3633,1373,25.637093,0.6915835,0.05313565,0.10216568
3634,3635,1.9049606,0.5041521,0.0026073605,0.005620554
3634,2968,53.00943,0.46372235,0.13837256,0.26885134
3635,3634,2.1485786,0.5026474,0.0031465366,0.00661467
3635,3530,58.2011,0.53788936,0.14489001,0.2832793
3636,1999,157.6226,0.50289273,0.31337032,0.6090673
3636,3635,23.028008,0.4912137,0.05535563,0.10652021
3637,754,1.7955322,0.7243647,0.0024619773,0.005214989
3637,332,82.502174,0.7225602,0.14667484,0.29407674
3638,3639,1.3100433,0.7227682,0.0016917959,0.0040230453
3638,3640,2.7007446,0.7244929,0.0042376444,0.009251341
3639,3638,1.4641762,0.72385246,0.002086088,0.0045763254
3639,3637,14.68017,0.7265859,0.028478518,0.05489829
3640,3639,2.842102,0.7230767,0.004379414,0.009526655
3640,334,11.911381,0.7253028,0.023121372,0.044364974
3641,5121,35.82363,0.67142105,0.06927993,0.13493271
3641,3396,115.7464,0.671672,0.21134394,0.41927359
3641,2933,110.8544,0.67190415,0.20323133,0.4040569
3642,3643,125.36392,0.71617794,0.22619557,0.44908488
3642,402,289.73087,0.71444064,0.5500913,1.0833898
3643,3642,123.33696,0.7160512,0.22270438,0.44238687
3643,1723,48.059578,0.71514946,0.08829692,0.1716404
3643,4575,66.97365,0.71473086,0.12007582,0.23928726
3644,3559,161.34717,0.7260426,0.31665605,0.6263463
3644,3364,4.053982,0.7230622,0.0078083873,0.015869811
3645,3646,4.7729645,0.66691464,0.008247413,0.01690118
3645,1069,32.021984,0.67029846,0.06473254,0.12361655
3646,3647,0.26740646,0.12147319,0.0022866577,0.004557535
3647,3648,1.8901329,0.66086614,0.0049111843,0.010525212
3647,1957,80.066635,0.6688309,0.19800307,0.3931843
3648,3651,2.8009872,0.66056967,0.0067975223,0.014219955
3649,3645,5.37199,0.66657746,0.009660631,0.019956514
3649,3646,2.3975906,0.6614246,0.005140193,0.010466799
3650,3649,1.9105377,0.66535115,0.005323544,0.010706365
3651,3650,0.5891113,0.20296565,0.0031036586,0.005983278
3651,4180,25.282866,0.6648008,0.05874417,0.113116086
3652,6652,1.8031693,0.7285782,0.004206516,0.008766502
3652,6147,67.94898,0.7248271,0.12132745,0.24202251
3653,479,33.302402,0.72503555,0.06304906,0.12057231
3653,673,1.8070068,0.72716045,0.002563335,0.005196497
3653,3654,31.628431,0.72807294,0.05950756,0.11466881
3654,468,33.32577,0.7251369,0.063580856,0.12201071
3654,467,2.0053177,0.72642183,0.0028835163,0.0060976297
3654,7029,26.349861,0.72711295,0.050550558,0.098206684
3655,146,1.8572922,0.7199841,0.0025444627,0.0059897155
3655,3842,26.786766,0.7251618,0.05279731,0.102318816
3656,638,2.8555336,0.6669987,0.0047657937,0.010114983
3656,3260,72.62301,0.6655901,0.1297061,0.25988382
3656,640,62.807278,0.66453713,0.11639728,0.23238622
3657,6413,2.1496506,0.73571503,0.0032337382,0.0071870238
3657,5090,52.319954,0.7386704,0.10310255,0.20589854
3658,6414,2.057499,0.737617,0.003872551,0.008223966
3658,509,35.24888,0.7413971,0.069149666,0.13276622
3659,1805,3.5659523,0.67115134,0.0028684065,0.00716573
3659,3216,24.09847,0.66171134,0.10861231,0.2183893
3660,513,1.5868492,0.4247277,0.0060458556,0.00628528
3660,6231,13.301254,0.4453001,0.03911627,0.06007062
3661,5704,2.3498573,0.6945337,0.0043055117,0.009339482
3661,3662,19.219828,0.6953421,0.039348193,0.07607409
3661,3705,40.191963,0.69766843,0.09319589,0.18423861
3662,3661,19.336971,0.6929831,0.03948987,0.07605093
3662,6338,21.608,0.6946378,0.044885613,0.086439915
3662,6595,141.70258,0.6868184,0.28403497,0.5616888
3663,1842,73.03905,0.6152792,0.15091331,0.29936516
3663,4154,3.8658218,0.621705,0.007828794,0.016082108
3664,1215,27.896435,0.6038679,0.05669062,0.10861373
3664,2304,26.591848,0.60772115,0.054647196,0.104291394
3664,1930,32.45729,0.6077531,0.056813404,0.10763004
3665,2610,13.484926,0.6933912,0.026593857,0.05189441
3665,3666,2.6120186,0.6921656,0.0029089078,0.0067907125
3666,3665,2.7149467,0.6914829,0.0031857863,0.007126227
3666,1282,14.111267,0.6914884,0.025125794,0.04967864
3667,880,99.03708,0.669788,0.18272606,0.36414737
3667,6589,182.06639,0.67093456,0.33236983,0.65748125
3667,4136,150.89398,0.6707732,0.27650407,0.54648745
3668,3955,1.8420296,0.67423666,0.0026379973,0.0062207878
3668,2990,304.63696,0.6651517,0.5516476,1.086461
3668,1285,54.904167,0.6780383,0.13185477,0.26443613
3669,867,70.46828,0.67296296,0.12904072,0.25848642
3669,5683,5.01511,0.6763383,0.0091998875,0.018401474
3670,2218,2.1190834,0.43881756,0.0022572875,0.0
3670,2585,73.580734,0.44030604,0.2238074,0.35420603
3670,4368,80.9314,0.74278796,0.1618352,0.32294887
3671,5054,10.030979,0.62496024,0.019663535,0.038882524
3671,5979,87.50934,0.6131161,0.21830904,0.42912525
3672,1893,28.043901,0.5401998,0.08196413,0.16171858
3673,3376,0.78009796,0.53468716,0.004746355,0.009785205
3673,3672,4.2609863,0.54355717,0.004270084,0.009698436
3674,4220,23.540997,0.5396817,0.06994791,0.13475586
3674,5183,27.704666,0.53424245,0.055200897,0.10683644
3675,1372,102.05475,0.712734,0.18372864,0.36690253
3675,267,2.5670357,0.71181077,0.004135914,0.008856833
3676,1368,6.333412,0.6948302,0.012582064,0.025017112
3676,5189,10.003593,0.6953138,0.021620974,0.04256496
3677,434,3.272995,0.6983969,0.007903643,0.016805753
3678,1401,59.98996,0.7079655,0.13800955,0.27564695
3678,5321,10.047241,0.70850456,0.022038758,0.04363136
3679,3278,1.31324,0.6519495,0.0038575903,0.00859046
3679,3184,43.514668,0.6746458,0.081997976,0.15844527
3680,557,1.912796,0.6661936,0.0033135787,0.007419944
3680,3679,60.032482,0.6721294,0.110402286,0.21963899
3681,1138,2.163395,0.7050474,0.0037685782,0.008441359
3681,1139,92.93172,0.70858014,0.18389736,0.3672263
3681,4335,107.495125,0.713081,0.32626018,0.6491122
3682,4584,0.6285782,0.033557445,0.0008072853,0.0011505187
3682,7030,5.2723083,0.56865025,0.010977313,0.021911189
3682,2888,35.93772,0.57801455,0.078565545,0.15037939
3683,3763,167.94919,0.73582715,0.2937607,0.58086395
3683,6757,5.6481895,0.73404443,0.010200612,0.020530209
3684,6413,52.309204,0.7406797,0.10217612,0.20472085
3685,572,1.6784782,0.5610955,0.002217725,0.0050729513
3685,3973,60.114525,0.55932343,0.15349843,0.29944396
3685,3625,8.31604,0.56008804,0.016471393,0.032870352
3686,2427,10.644901,0.5592709,0.021785893,0.04275866
3686,3685,28.254444,0.56123483,0.0694896,0.13507442
3687,2424,1.7520294,0.56493413,0.0021895096,0.0049547553
3687,574,74.82985,0.5557976,0.14433509,0.28338382
3687,3686,59.449547,0.55866224,0.15242511,0.29754785
3688,2426,1.9972878,0.565139,0.0027723312,0.0062028468
3688,2391,96.5228,0.5571088,0.18492767,0.3627758
3688,3687,27.858276,0.5659486,0.06826281,0.13197373
3689,533,1.6123085,0.56642973,0.0027599856,0.0064234883
3689,4841,17.636858,0.5683468,0.040918376,0.07947075
3690,1553,1.8998756,0.56610936,0.0026098564,0.00570406
3690,3689,18.363922,0.568328,0.043254808,0.08375232
3691,2550,2.6057968,0.54836076,0.0044548735,0.009407014
3691,5806,81.3259,0.55087,0.21417162,0.41792393
3692,2564,71.65813,0.53980327,0.18608318,0.36162436
3693,2563,2.0209656,0.48721793,0.00561215,0.0112081915
3694,5892,67.19014,0.38162446,0.20005137,0.38437596
3695,3694,36.22743,0.380854,0.09556701,0.17961732
3695,4815,15.4446335,0.3851223,0.037295952,0.071507305
3696,4038,1.9430428,0.3960271,0.0035177618,0.0072187483
3696,3695,17.379385,0.39380395,0.043176524,0.08275611
3696,1233,54.38678,0.37854695,0.11178817,0.21415216
3697,2283,47.986885,0.39214948,0.099023074,0.18872768
3697,3696,21.755947,0.40107325,0.055103555,0.10531085
3698,6740,3.1456985,0.49320245,0.008796841,0.017421976
3698,6836,2.871193,0.49008116,0.0051120594,0.009954542
3699,2546,1.3048248,0.48331615,0.00447952,0.009400904
3699,2549,16.417816,0.48774835,0.034116935,0.06605313
3700,5547,0.4725418,0.07061142,0.0013775975,0.0020876676
3700,5106,110.03697,0.65097255,0.20388624,0.4033519
3701,5067,1.6994362,0.62332535,0.002216816,0.0052972734
3701,1224,127.18162,0.6457474,0.2345545,0.46388292
3701,3700,27.457615,0.6332233,0.061317697,0.11840169
3702,1224,125.30827,0.64387006,0.25230032,0.49774432
3702,3701,34.77685,0.6259509,0.074231066,0.14586513
3703,3122,1.6213951,0.6553054,0.0040397346,0.008839309
3704,2109,2.248539,0.6955198,0.0025306344,0.0059975535
3704,5638,18.008804,0.6982225,0.04028511,0.07881169
3705,4990,2.3188705,0.69594467,0.0037227944,0.008118689
3705,2110,66.45933,0.6971716,0.1191946,0.2380993
3705,4238,33.69929,0.70014524,0.07655743,0.15171565
3706,1802,1.9591675,0.69540083,0.002927214,0.006542459
3706,3704,65.6267,0.6994901,0.1541154,0.30793232
3707,4204,2.7393303,0.6848396,0.003492184,0.008084968
3707,3706,57.46514,0.7006172,0.13159972,0.26251042
3708,3112,69.25145,0.70477545,0.20732453,0.41096163
3709,1873,2.6040611,0.7532119,0.005788438,0.011200085
3709,6205,65.617516,0.4518614,0.2195434,0.35058227
3710,3711,3.1373863,0.7559142,0.0068387017,0.013560638
3710,3964,48.366695,0.45108068,0.16606098,0.25459582
3711,3709,0.0,0.44376245,0.0018222928,0.0
3711,5011,62.20751,0.75269353,0.14337727,0.28463823
3712,5093,1.7409096,0.68993926,0.0036121905,0.008128256
3712,5187,13.757101,0.69369173,0.027271003,0.053162515
3713,3712,1.8424187,0.6958988,0.0029025674,0.0066946447
3713,3718,37.18717,0.69766957,0.07779231,0.15104805
3714,3716,9.395184,0.6957221,0.019216724,0.038366646
3714,3715,2.478592,0.69683945,0.0015161932,0.0044087768
3715,3714,2.366108,0.69662774,0.0013562217,0.004104778
3715,3719,12.706409,0.69685334,0.026193582,0.051472425
3716,3717,2.7014465,0.6975242,0.0019377619,0.0052631795
3716,384,15.708143,0.70012534,0.0325479,0.06367865
3717,3716,2.8560028,0.69444543,0.0023574382,0.0060614645
3717,3715,9.330833,0.6959543,0.01902102,0.03764288
3718,3719,2.2865677,0.6963564,0.0009960979,0.0033215582
3718,3714,11.100792,0.69528556,0.022919178,0.04531598
3719,3718,2.4069366,0.6957344,0.0013502613,0.0039054155
3719,3712,37.477394,0.6974271,0.077771485,0.15239185
3720,2027,1.7831802,0.5483055,0.0026110932,0.005687356
3720,2456,47.084515,0.5510735,0.090633884,0.17829953
3720,3723,39.171345,0.55256885,0.0974644,0.1911141
3721,5399,5.6980934,0.5313443,0.012647353,0.025163054
3721,5399,1.7990265,0.5307137,0.0023953468,0.0054637343
3721,2053,44.240307,0.5306698,0.08557822,0.16791552
3722,2030,40.950745,0.52640074,0.08064226,0.15791851
3722,5749,4.2532043,0.533054,0.0081424415,0.016379714
3723,6161,1.8593216,0.54639685,0.0039820597,0.008493379
3723,9,1.3387756,0.5433252,0.004155606,0.008586556
3724,3723,1.5521088,0.5462242,0.003328465,0.0072322786
3724,2027,45.8151,0.5490849,0.09817396,0.19086868
3725,1852,1.6507797,0.5407917,0.0020485818,0.0045497566
3725,2328,70.1393,0.54906595,0.13366097,0.26173046
3725,3724,40.508057,0.54917073,0.08580097,0.16660005
3726,2330,1.3911362,0.5389548,0.0019242987,0.0043058544
3726,2328,45.285824,0.54799765,0.08712442,0.17015901
3726,3725,41.7766,0.54260516,0.0875491,0.16990793
3727,16,1.6761589,0.5386163,0.0023001805,0.0051008016
3727,3726,13.96793,0.5417215,0.030391157,0.05953034
3728,3727,25.35771,0.53736526,0.055385277,0.10547883
3729,2029,1.5954514,0.5362301,0.0019269958,0.0045573115
3729,2049,122.6971,0.5073204,0.24394199,0.47424763
3729,6006,25.069494,0.5386231,0.061293527,0.11836982
3730,2041,1.6656647,0.5373462,0.0022636056,0.0052164197
3730,4550,134.18561,0.5060364,0.2661639,0.51695704
3730,3729,36.00943,0.54129905,0.09034588,0.17606601
3731,4547,1.3471413,0.5502503,0.002799295,0.006028563
3731,3730,150.50586,0.5496959,0.39124367,0.76792073
3732,2505,2.460884,0.5489882,0.0052550137,0.011308163
3732,3731,1.0760689,0.5476016,0.003534168,0.0076166093
3733,6067,1.2678261,0.5750437,0.004138522,0.008782446
3734,531,113.39067,0.60591406,0.21340904,0.4210083
3734,2144,42.839478,0.6126924,0.08210257,0.16197139
3734,3735,22.285614,0.6166251,0.051027443,0.0980929
3734,6520,8.006996,0.6172757,0.016076371,0.03245382
3735,3734,22.41682,0.6156286,0.051401477,0.09869182
3735,6125,32.363506,0.6108053,0.08018263,0.15598372
3736,6125,1.6749268,0.60277134,0.0027127191,0.006255582
3736,3735,31.96135,0.61105764,0.07892674,0.15377307
3737,357,37.851807,0.7303301,0.07099967,0.13469662
3737,358,3.210846,0.7261337,0.0052786916,0.011021048
3737,2141,9.057945,0.72563076,0.017463997,0.034508288
3738,3740,2.2663116,0.59595287,0.0026316345,0.0060137957
3738,5000,32.585472,0.5926467,0.0666917,0.12943986
3739,2982,213.16148,0.6728493,0.38708657,0.76269895
3739,3738,87.10776,0.6085134,0.17494959,0.34478855
3740,3738,2.3554573,0.594843,0.0028339475,0.0064949393
3740,3739,89.59847,0.611272,0.18029973,0.35503563
3741,2205,2.0597343,0.6144192,0.0032073557,0.006808147
3741,6705,57.909855,0.63195133,0.119160905,0.23512495
3742,2522,61.347008,0.69278586,0.123390324,0.24632624
3742,6066,56.179558,0.69110155,0.11069715,0.22015631
3743,2186,2.329094,0.69648725,0.004460618,0.00925912
3743,3745,16.943846,0.69837385,0.035017118,0.06789171
3744,3750,2.961628,0.7072958,0.005386591,0.011169359
3744,3748,9.119701,0.42431742,0.023414128,0.04043129
3744,93,2.3383598,0.7035225,0.0041832402,0.008544058
3745,94,1.7527084,0.70077825,0.0031196624,0.006903276
3745,3746,21.898506,0.70283866,0.045746196,0.08801632
3745,4446,62.040104,0.7015078,0.12283563,0.24559394
3746,113,1.9578552,0.69905084,0.003035754,0.0067325383
3746,3747,41.864536,0.7011694,0.08584784,0.16757782
3747,3753,1.5819855,0.70802546,0.0035786778,0.007847592
3747,4446,89.97094,0.7060357,0.1806399,0.36053374
3747,3744,0.0,0.43717706,0.0013085753,0.0
3748,4417,47.657185,0.43561238,0.15802221,0.2474006
3749,95,2.467327,0.70822597,0.0047099143,0.009314984
3749,6100,34.914917,0.7115387,0.065849215,0.12681338
3750,93,0.0,0.44829568,0.0020895526,0.0
3750,6943,65.19235,0.7001497,0.13264719,0.2653492
3751,90,1.5539665,0.70979834,0.004071817,0.008700833
3751,3759,46.60209,0.70810276,0.09469924,0.18749137
3752,3747,1.8369865,0.7054887,0.0035083517,0.008101687
3752,113,40.893925,0.70395106,0.086823404,0.17050755
3753,3744,2.4732666,0.70695096,0.0047685727,0.01048024
3753,1399,58.12142,0.7022306,0.120794274,0.24162439
3754,6697,50.754402,0.70269924,0.1034683,0.20606436
3755,3748,31.130856,0.6916983,0.036493152,0.07075638
3755,3744,7.5923386,0.7037868,0.015164211,0.030144736
3756,4428,34.960854,0.70216995,0.072705686,0.14203794
3756,648,5.5940056,0.70123947,0.010875955,0.021896228
3757,458,2.3923225,0.7026297,0.0039549023,0.008634001
3757,654,6.3401833,0.7017571,0.011871383,0.023444414
3757,3756,26.390425,0.7034247,0.05514936,0.10631389
3758,4393,1.4116707,0.6867556,0.0028152242,0.0062615722
3758,649,5.653351,0.70254725,0.011535734,0.023066893
3759,1400,2.4151382,0.7089594,0.004045017,0.008267567
3759,651,6.65184,0.70698327,0.012555882,0.024615467
3759,3758,57.80651,0.7080721,0.11770054,0.23402767
3760,6735,17.910278,0.70024836,0.039837435,0.07721817
3761,110,2.3352814,0.70338583,0.003760472,0.008512616
3761,101,83.87568,0.70054936,0.15434468,0.30962366
3761,3760,29.561287,0.69929755,0.06260211,0.12074301
3762,6218,0.5049324,0.4246562,0.0005075708,0.0015519559
3762,5151,55.02661,0.7401836,0.10938134,0.21751685
3763,507,1.996563,0.73192835,0.0028303936,0.0061922222
3763,5150,159.57874,0.73586214,0.31324708,0.6185876
3763,3683,166.41737,0.7367252,0.29288876,0.579015
3764,835,1.8222389,0.7296499,0.0025515407,0.005704999
3764,6185,145.85199,0.733444,0.2573917,0.5102202
3764,4595,60.65911,0.7300545,0.12077725,0.23960455
3765,910,2.0618362,0.6425503,0.0031661391,0.006735325
3765,3769,27.235184,0.6481466,0.05886388,0.113132395
3766,3770,0.20759201,0.03700775,0.007047169,0.013175771
3767,3766,3.1328773,0.63483894,0.0057080016,0.0121626705
3767,6601,45.234417,0.018990755,0.24397287,0.5187814
3768,3767,2.4630203,0.6358738,0.004306093,0.008661926
3768,4903,5.4094315,0.6403469,0.01341413,0.027055755
3769,3501,2.0563736,0.6373102,0.0031902492,0.006684229
3769,3500,65.84625,0.645179,0.12098258,0.24095477
3769,4902,50.88782,0.63987803,0.104566485,0.2051582
3770,3771,3.0603905,0.63691396,0.0053308755,0.010711655
3770,3929,2.0350723,0.036846966,0.012398116,0.025140151
3771,1741,2.2205238,0.63239425,0.0040746704,0.0075552613
3771,3767,0.0,0.034077942,0.005659044,0.011308596
3772,524,1.5991402,0.5584814,0.0027100146,0.0063257515
3772,4033,27.81226,0.5587495,0.06023058,0.11515619
3773,528,1.9854202,0.58082116,0.0026656315,0.0061463416
3773,3772,73.04754,0.56870526,0.15435347,0.30195895
3773,2471,139.37772,0.55675924,0.26709303,0.5226705
3774,5891,2.400505,0.7198013,0.0031648949,0.0063321292
3774,5008,50.362858,0.0016247034,0.29501498,0.6372951
3775,3598,3.7705307,0.68368065,0.0072893873,0.01481466
3775,3599,3.865982,0.033753544,0.016351737,0.032634914
3776,5231,53.96653,0.53457963,0.104648516,0.20465456
3776,2118,8.501797,0.5324425,0.017422631,0.034201562
3777,6101,2.0476189,0.7062086,0.0041252226,0.00819236
3777,6733,16.314577,0.44735897,0.043609563,0.07817838
3778,246,1.5156784,0.7076197,0.0020395368,0.005345553
3778,3779,5.2841797,0.7061243,0.010898054,0.022480339
3779,2277,24.528149,0.7023256,0.04981973,0.095755264
3779,3780,87.65065,0.70239097,0.182957,0.36499673
3780,88,2.145134,0.6931529,0.0039127097,0.008916885
3780,3781,33.97004,0.70326686,0.07125113,0.13822411
3781,739,1.6524811,0.7041689,0.0024244264,0.0056515336
3781,6106,49.649166,0.70488936,0.09310961,0.18411237
3781,6751,64.466156,0.70447016,0.13009761,0.2600152
3782,6598,2.14225,0.7035267,0.0042249262,0.008982137
3782,3791,109.68102,0.70673656,0.22542632,0.44723022
3783,3793,1.7643204,0.703661,0.003545411,0.007964775
3783,3794,15.264719,0.70341355,0.031011794,0.0603121
3784,85,2.153843,0.6992872,0.004385628,0.00947994
3784,3785,44.299896,0.70009387,0.09156285,0.18092565
3784,6394,55.903122,0.7020866,0.11165314,0.22345681
3785,1243,1.9639893,0.69929695,0.0029196441,0.006575078
3785,2651,194.2321,0.70507973,0.34778205,0.68891627
3785,4206,25.143057,0.698676,0.05237388,0.101325825
3786,3787,9.515205,0.6976242,0.019320153,0.038529977
3786,2202,15.764803,0.6977257,0.031028476,0.060240418
3787,6087,2.8759575,0.69903594,0.0018903613,0.005502045
3787,3788,3.5166855,0.6988199,0.0070207715,0.014713407
3788,3789,2.8004723,0.7014042,0.005643785,0.012178093
3788,2201,19.16689,0.69991386,0.044788897,0.0873722
3789,1701,1.181591,0.704566,0.0039325655,0.008430839
3789,5824,3.4858742,0.70158315,0.0069596916,0.013990775
3790,2651,2.2772102,0.7013127,0.003719613,0.008007705
3790,125,27.867989,0.7046357,0.059600417,0.11404631
3791,2648,2.465042,0.6985017,0.0040903613,0.009377539
3791,127,58.911877,0.7041713,0.11998686,0.23982039
3792,1427,2.0421028,0.7032645,0.00393527,0.008528754
3792,3790,9.104973,0.70417184,0.018744342,0.036980003
3793,3792,1.8451614,0.7005035,0.0036541745,0.0081397
3793,6752,51.556194,0.70513463,0.10518862,0.20922229
3794,6395,19.150654,0.70623446,0.038576663,0.074651115
3794,3793,15.000925,0.7038379,0.030592859,0.059377514
3795,2944,4.770645,0.7413497,0.009410828,0.019428238
3795,3100,39.72881,0.74172807,0.09024184,0.17646354
3796,6658,49.350315,0.7034863,0.07627054,0.14900357
3797,1106,2.4362183,0.6545538,0.0042923912,0.009312049
3797,4896,3.5052414,0.6590376,0.00473091,0.01076816
3798,6275,40.991734,0.6349688,0.049231246,0.09382785
3798,3800,42.019505,0.6468633,0.086466715,0.16804333
3799,3827,3.4474373,0.63417625,0.0028566122,0.0071772635
3799,964,123.11029,0.64920425,0.24899799,0.49121052
3799,3800,34.2661,0.63198614,0.039542478,0.077082284
3800,3801,18.650286,0.6308764,0.039512374,0.076406986
3801,920,1.9784927,0.6328548,0.003257729,0.0071688294
3801,981,124.49788,0.64524555,0.22874194,0.45224905
3801,6706,28.248348,0.6409201,0.06184165,0.11745666
3802,1621,2.1026764,0.6247103,0.003275603,0.0069168806
3802,3803,22.710585,0.62930334,0.049250867,0.09441759
3803,2309,1.3960686,0.6184741,0.0025979578,0.006212443
3803,3804,16.738281,0.6228866,0.035549723,0.06879183
3804,5245,2.1178932,0.61710715,0.0031723306,0.006914109
3804,6701,29.639277,0.6265615,0.06502982,0.12459977
3805,3989,2.1453285,0.61614823,0.0037778988,0.0084423125
3805,2273,0.3632393,0.61793333,0.0049562976,0.010302722
3806,726,84.93741,0.6727679,0.17265764,0.3416151
3807,5356,3.2195091,0.6692052,0.0058494285,0.0121221095
3807,1495,2.8825226,0.669725,0.005121216,0.010470569
3808,1495,31.62786,0.67377746,0.061675474,0.11964048
3809,2508,9.392124,0.6964325,0.017169587,0.0341177
3809,1644,9.941631,0.6953722,0.021849364,0.042293265
3810,2759,1.950058,0.6948142,0.0032884702,0.007047102
3810,6365,91.5653,0.7041109,0.20892559,0.41226983
3811,4802,1.8938026,0.69193566,0.0041944236,0.009762555
3812,3810,1.4683228,0.6513691,0.0037474856,0.0077682585
3813,3407,1.8494606,0.7049207,0.004087195,0.009282038
3813,6912,4.6130333,0.70544285,0.010330647,0.021151558
3813,6419,1.816906,0.70492685,0.004257858,0.009606555
3814,3573,7.8392982,0.6533923,0.0074987784,0.015222296
3814,5659,26.79039,0.64216137,0.06342742,0.12339932
3815,1739,36.990124,0.56754583,0.0718663,0.14106554
3815,2425,5.863003,0.5612013,0.011210322,0.022440955
3816,4468,5.503582,0.7092048,0.012221098,0.025020555
3816,2884,45.296944,0.7082876,0.08514471,0.16674581
3817,5727,32.446815,0.0034912825,0.12239711,0.2637238
3817,6888,36.637115,0.0,0.13688499,0.30319908
3818,3819,27.476841,0.6298918,0.055257197,0.107244395
3818,3819,19.17185,0.6317266,0.051854182,0.102405
3819,1717,21.71649,0.62756115,0.058451336,0.11484681
3820,2933,70.97095,0.67503166,0.17808309,0.35527247
3820,3319,34.678738,0.6773414,0.06469922,0.12549601
3820,3821,6.2348175,0.67299706,0.010562733,0.021591991
3821,4911,24.927677,0.6753621,0.05225727,0.10157233
3821,3820,6.0823402,0.6730999,0.009998478,0.020352632
3821,3261,50.684578,0.67219424,0.099920064,0.19595444
3822,3824,2.0826912,0.66715837,0.003639914,0.008136287
3822,4358,46.614166,0.67081577,0.10998072,0.21721032
3823,2954,1.6003838,0.672838,0.002733469,0.0064305663
3823,6589,51.257885,0.6751306,0.11891191,0.23661408
3824,3822,1.714077,0.66966975,0.0029539391,0.0068208873
3824,811,50.54422,0.672845,0.10108421,0.20142438
3824,6588,64.35182,0.6699177,0.16556068,0.3286104
3825,3426,18.581795,0.6302401,0.026052319,0.051217124
3826,91,67.92354,0.63014084,0.14232063,0.28145534
3827,3799,3.8497963,0.6408747,0.004313186,0.010052025
3827,921,69.05445,0.6405601,0.14199737,0.2808625
3828,5697,38.47683,0.6951724,0.08890024,0.17298108
3829,4268,2.5660744,0.36363968,0.0026939064,0.005338788
3829,4249,31.731644,0.36856568,0.07467806,0.14045982
3830,2274,2.582695,0.36873257,0.0028011054,0.00559482
3830,5474,27.678806,0.3736562,0.06590819,0.12381221
3831,6784,24.532982,0.68679065,0.046226252,0.0886935
3832,5112,2.2673225,0.6685213,0.003480509,0.008057982
3832,3628,141.1561,0.66863394,0.25596896,0.5061056
3833,4101,46.602253,0.67154,0.09250389,0.18199728
3833,1449,14.366722,0.66575104,0.032479785,0.06374651
3833,1367,308.8468,0.66194254,0.5643238,1.1106757
3834,1253,9.792,0.6175072,0.020309344,0.04029295
3834,1200,64.3956,0.62672514,0.13245715,0.26240546
3835,2068,53.641006,0.69915414,0.09833944,0.19548354
3835,873,28.42492,0.7007059,0.05510886,0.107251234
3836,203,2.0010338,0.65063477,0.0052589998,0.011711806
3836,3837,3.2992744,0.6540083,0.004810035,0.010502055
3837,4854,40.27331,0.6652241,0.08381223,0.16598505
3838,797,2.3837395,0.68249005,0.0041135326,0.008270517
3838,3839,55.876648,0.67927206,0.114141524,0.22600058
3839,4315,2.272068,0.6796666,0.0034779161,0.0077537745
3839,798,74.45122,0.67899084,0.13579921,0.27225393
3839,6833,32.352978,0.6829258,0.06757349,0.13042676
3840,1413,1.5444603,0.7210105,0.0041306987,0.009162381
3840,4083,8.288448,0.72671676,0.016469665,0.03263402
3841,3842,2.43182,0.7221868,0.0045416877,0.0096119195
3841,146,26.997667,0.72712386,0.050117496,0.09777973
3842,4449,2.478344,0.72508955,0.0043234155,0.009003237
3842,6488,29.866344,0.7232225,0.060750052,0.118114494
3843,144,1.8976326,0.72204775,0.002555348,0.005529657
3843,4457,29.837578,0.72174466,0.061369143,0.11929766
3844,143,2.0030136,0.7189394,0.00331036,0.0069457144
3844,3845,17.752111,0.72174406,0.036775123,0.071518965
3845,141,2.155014,0.7197055,0.0036468878,0.0071089864
3845,142,48.72627,0.71470916,0.09781708,0.19381715
3846,157,1.7737923,0.71286106,0.002490431,0.005677134
3846,465,64.523285,0.7154659,0.1157386,0.23106751
3846,4400,17.827066,0.7143759,0.03618674,0.06996991
3847,168,37.87981,0.6995509,0.07356657,0.14168188
3847,4433,6.3407326,0.6962819,0.011869334,0.024047494
3848,815,1.9645996,0.6816336,0.0028806329,0.0064855516
3848,763,56.822285,0.68480134,0.10337611,0.20551705
3848,4518,64.950005,0.6824273,0.13123122,0.26166403
3849,5312,26.88142,0.6654825,0.054065216,0.10414905
3849,117,22.102734,0.6620306,0.04554467,0.0879092
3850,2696,1.7921143,0.66716933,0.0029222295,0.007232532
3850,2695,78.76433,0.6687397,0.14657032,0.2927289
3851,3853,1.8758507,0.7044136,0.0028998926,0.007103488
3851,481,94.14201,0.71646416,0.18946214,0.37651473
3852,3428,1.701294,0.7112639,0.0036853924,0.007580444
3852,3863,35.302925,0.71791756,0.07348056,0.14331399
3853,3852,2.180317,0.7161099,0.004280165,0.009534389
3853,647,92.664825,0.7206946,0.18821228,0.37635678
3854,3855,7.0928497,0.7199079,0.014303781,0.028495237
3854,671,36.73198,0.7229775,0.06995576,0.13315149
3855,647,1.5075073,0.69622815,0.0024070516,0.005016327
3855,3856,61.39787,0.72051716,0.12345025,0.24472648
3856,672,38.45095,0.71703786,0.072971106,0.14162059
3856,3852,33.45771,0.71702665,0.066800565,0.13073514
3857,4467,39.019875,0.7165671,0.07455481,0.14309119
3857,3858,111.64372,0.715683,0.2242285,0.4443274
3858,482,1.3571205,0.67073756,0.0022703335,0.0045987368
3858,3859,90.795,0.7136512,0.18355234,0.36458042
3859,4468,2.2613869,0.70781666,0.0039794296,0.008511856
3859,646,29.918808,0.7089772,0.069249414,0.13570565
3860,3861,1.981781,0.7233597,0.003993839,0.008062795
3860,6570,66.45232,0.7246609,0.12817453,0.25471583
3861,4255,2.379013,0.72514176,0.004891403,0.0106616765
3861,4254,48.5748,0.7257003,0.056448124,0.10876902
3862,645,1.9014397,0.7213294,0.0030234978,0.006662756
3862,4207,85.27385,0.7287284,0.15034798,0.30034882
3862,6568,41.71641,0.7231635,0.082722746,0.16171755
3863,4046,3.6944962,0.71793705,0.007021427,0.0138147175
3863,2805,1.608696,0.7204534,0.0020340756,0.003839761
3863,672,36.100178,0.71940243,0.06877628,0.13085012
3864,2941,78.04498,0.44678617,0.29063982,0.47869176
3864,399,159.75714,0.7326708,0.316169,0.6235179
3865,5739,2.0678482,0.59832543,0.0030346513,0.0066341907
3865,1704,33.668808,0.6088844,0.07057707,0.13691503
3866,1269,71.80366,0.69193256,0.12948893,0.25929648
3866,1392,55.76503,0.69301087,0.112501234,0.22315425
3867,5121,28.70718,0.67043126,0.057269115,0.10995685
3867,5121,26.082922,0.6703193,0.052283056,0.10069131
3867,6786,202.71883,0.6668419,0.39989316,0.78858525
3867,3232,70.67612,0.67428243,0.14149182,0.28407493
3868,707,2.289341,0.68105984,0.005593501,0.0119128525
3869,3870,3.1053505,0.717175,0.0052840114,0.01132822
3869,3186,6.298176,0.72250736,0.013709605,0.027486831
3870,2535,8.439758,0.71848136,0.016411796,0.032697067
3871,2631,12.408043,0.74913496,0.023423664,0.04581693
3871,323,6.2925224,0.747314,0.01367446,0.027344465
3872,1990,3.5055695,0.7007337,0.006844856,0.01453045
3872,5858,51.996445,0.7008798,0.09619708,0.18680298
3873,2219,108.03613,0.745135,0.19620904,0.3905348
3873,5167,30.827084,0.7451209,0.05679472,0.109468706
3874,5212,1.1151276,0.6699897,0.003927894,0.008759037
3875,1447,65.9564,0.6644041,0.1221784,0.24463919
3875,1449,21.99576,0.6684288,0.053282704,0.10399056
3876,5282,12.043783,0.6728365,0.031974807,0.06273041
3876,3877,21.811037,0.6739849,0.043277964,0.08314483
3877,842,170.80743,0.6676453,0.3097066,0.61223537
3877,1454,68.41199,0.6713447,0.12611979,0.25204974
3877,3876,20.932154,0.6738509,0.041219864,0.07871472
3878,3140,28.457642,0.68492466,0.05674065,0.10851596
3879,4997,1.8147278,0.63923806,0.0033616573,0.0076550394
3879,3077,7.062992,0.6532129,0.014724217,0.02932705
3880,6009,5.0188446,0.6393536,0.009360425,0.019069225
3880,776,1.9611969,0.6350429,0.003604278,0.008267969
3880,2877,45.01989,0.64452875,0.0934823,0.1855018
3880,2246,133.06908,0.62993824,0.24507117,0.48436517
3881,6573,1.7286453,0.68106663,0.0045276657,0.009568602
3881,1088,2.6573143,0.687701,0.0043018833,0.00934574
3882,3919,93.0949,0.5775813,0.17505842,0.34388325
3883,3131,4.531822,0.73368704,0.012797773,0.02547814
3884,4004,3.399807,0.71748245,0.0068876296,0.014149457
3885,417,52.659565,0.68568915,0.05739207,0.10757386
3885,5276,77.09982,0.68922067,0.15396659,0.306414
3886,2655,2.4287834,0.6135676,0.0036257058,0.008007377
3886,78,74.99005,0.60716647,0.24446255,0.48300463
3888,95,23.859005,0.45104843,0.06141954,0.10632352
3888,6100,2.0616913,0.7032393,0.0039459616,0.009043992
3889,5178,2.5384102,0.6980752,0.0014831796,0.004295185
3889,3080,12.512556,0.697569,0.025718212,0.050506473
3890,5417,2.1439247,0.71098614,0.003853321,0.008477226
3890,3108,33.704433,0.71311516,0.07593797,0.14835766
3891,448,33.981064,0.7224553,0.058710337,0.11562198
3891,366,24.015842,0.71727395,0.055228114,0.108828485
3892,746,2.609497,0.67913425,0.0040577725,0.008743912
3892,4514,78.33374,0.6789296,0.14229628,0.28519604
3892,3893,2.4735413,0.6792835,0.005505644,0.011194468
3893,1561,1.6842232,0.6704421,0.0076323375,0.015205547
3893,3892,2.223301,0.68514925,0.0055719167,0.011395022
3894,4865,3.0116196,0.6722004,0.0040897354,0.008724868
3894,612,35.23772,0.6705915,0.060313832,0.11538586
3894,5929,37.01006,0.6699343,0.076419644,0.15011698
3895,5326,67.67981,0.5869813,0.16518384,0.32551122
3895,2137,5.3479156,0.5916078,0.013207413,0.026809469
3896,306,6.799347,0.7298546,0.012593575,0.024688885
3896,2924,3.5233574,0.7266033,0.005921699,0.01198183
3896,304,81.34888,0.7293236,0.14360827,0.28726196
3897,3898,10.179745,0.64168286,0.018026374,0.0361076
3897,2969,5.08519,0.64150757,0.008170195,0.016737968
3898,3897,11.196377,0.64167565,0.020296842,0.04009658
3898,5691,47.390408,0.6494963,0.074660525,0.14397642
3899,4658,3.774147,0.7518226,0.0050959364,0.010624573
3899,3903,31.5943,0.46010214,0.116263546,0.1804174
3900,3901,0.4199791,0.42179614,0.004216172,0.0012981296
3900,3902,6.088276,0.7499214,0.009668872,0.018828914
3901,4787,5.1493835,0.7497938,0.009120218,0.017561078
3901,2634,3.112461,0.4460279,0.011378042,0.014479801
3902,2631,0.2197113,0.43473026,0.0034268722,0.00057145953
3903,3943,2.5328484,0.74360883,0.0026562735,0.0054197907
3903,307,25.193535,0.44114956,0.090951174,0.14872015
3904,6228,0.43769073,0.44219044,0.004272476,0.0026441067
3905,4137,686.47253,0.6926231,0.99419737,1.9552109
3905,305,10.961773,0.7537407,0.020504512,0.039496392
3906,4212,7.76231,0.7357233,0.014442235,0.028582603
3906,302,89.00018,0.7367308,0.15553461,0.30944115
3908,5198,11.251631,0.5359761,0.02391775,0.047063664
3909,1180,1.8226357,0.3159064,0.0027681664,0.004760608
3909,5590,4.8958282,0.671283,0.010407597,0.021141782
3910,3911,33.435936,0.6800084,0.0713957,0.14015177
3910,3287,74.85718,0.67546076,0.15114993,0.3014069
3911,2389,2.1364899,0.67108184,0.004081823,0.009282261
3912,3910,32.960155,0.6708813,0.07303095,0.14562511
3912,3913,12.306566,0.6706806,0.025149427,0.049386844
3913,2216,265.0819,0.66489476,0.48502976,0.95535654
3913,3911,15.078224,0.67453,0.030035209,0.05837266
3914,5593,31.93222,0.5729366,0.08097245,0.15783133
3914,1786,28.853437,0.5720142,0.06998769,0.13652563
3915,293,2.509243,0.7400076,0.0042317584,0.008615747
3915,5637,1.1230888,0.431566,0.005588442,0.0047705024
3916,2585,85.58054,0.44291073,0.2605141,0.41951966
3917,3710,1.6886024,0.74140763,0.00417985,0.009102374
3917,3916,26.412022,0.7479681,0.050586283,0.09899083
3918,4229,1.0521889,0.53466994,0.0034146383,0.00760594
3918,3375,48.10223,0.54188603,0.1580562,0.30855528
3919,2479,4.2082977,0.5683711,0.008167446,0.016582295
3919,1991,2.5891685,0.56151444,0.0072627813,0.015058845
3920,7061,2.8609886,0.67172766,0.0033565909,0.008244738
3921,3947,2.7194214,0.75300634,0.004813798,0.009678736
3921,4383,41.393368,0.45711225,0.14324805,0.22043
3922,3921,0.0,0.44308773,0.00024743378,0.0
3922,5500,113.08617,0.75400674,0.27715075,0.55138713
3923,4781,1.8381767,0.7387312,0.0044295043,0.009202525
3923,6032,54.9051,0.7403095,0.11002312,0.21748619
3924,3925,0.33377457,0.28210676,0.0027681515,0.0059400797
3924,2209,83.49605,0.7464716,0.16662422,0.32876837
3925,3923,2.2718277,0.7388102,0.004996583,0.009918675
3925,5031,85.39378,0.74064136,0.20382127,0.40466774
3926,7051,2.315712,0.6982381,0.0042822957,0.009525597
3926,1998,74.52156,0.6970892,0.104957156,0.20856649
3927,3915,0.0,0.4264946,0.0020192936,0.0
3927,3670,3.0356636,0.72984266,0.0059094876,0.011907056
3928,6559,2.5898094,0.7306871,0.0045704395,0.009063527
3928,5089,5.6103935,0.7340418,0.015823178,0.03164175
3929,6767,1.2816811,0.5358364,0.0018591285,0.0033802986
3929,4918,2.1060448,0.6360595,0.003160283,0.006514102
3929,6769,23.398663,0.024572015,0.10979864,0.22882137
3930,5551,126.01889,0.62867534,0.23366761,0.4604978
3930,6603,62.00779,0.6477961,0.113798454,0.22385514
3931,5553,2.8868523,0.63807845,0.0048911646,0.010856211
3931,563,35.20165,0.6353545,0.068497404,0.13329098
3932,3542,8.19006,0.031888694,0.035607032,0.07070262
3932,3931,32.72728,0.6416357,0.066916704,0.12662807
3933,3934,1.7147179,0.6341779,0.0022021383,0.0044255108
3933,1490,2.5527763,0.6355804,0.003982164,0.008376747
3933,5437,42.5813,0.0,0.24156213,0.51906055
3934,3933,1.8908501,0.6366152,0.0023610368,0.0053975433
3934,1378,112.75819,0.63434124,0.20786178,0.41103423
3934,5440,97.2222,0.63205564,0.25183648,0.49519223
3935,3655,1.6392365,0.7219161,0.0023915246,0.005500689
3935,6489,31.649818,0.7258459,0.06015435,0.11571829
3936,3256,1.611187,0.7141699,0.002933383,0.006683588
3936,4455,32.655945,0.72164226,0.0634856,0.120798066
3937,3257,2.0015678,0.7158328,0.0029768571,0.0069262236
3937,4146,69.27789,0.71657324,0.12187835,0.24355441
3938,4638,2.0878372,0.71204567,0.0041094273,0.008989975
3938,156,68.63337,0.7190264,0.122842886,0.24578732
3939,3940,2.2013893,0.6620044,0.003244698,0.0071347356
3939,4580,108.299446,0.66309345,0.22153023,0.43754762
3940,3939,1.9848328,0.66115,0.0027550757,0.0063215047
3940,3941,41.72095,0.6665301,0.087233774,0.17342058
3941,3942,1.6040306,0.66542006,0.002103515,0.0049432665
3941,822,94.23395,0.6665034,0.17230698,0.3430152
3942,3941,2.4992218,0.66476303,0.0044513345,0.009497121
3942,3939,41.68661,0.6694188,0.08661164,0.17223442
3943,3903,2.3969078,0.7438383,0.0024533123,0.004989028
3943,6452,40.698265,0.46267167,0.14926632,0.22943364
3944,1164,2.6556168,0.6169249,0.004211813,0.008985847
3944,4877,36.687187,0.6193136,0.11180232,0.21930195
3944,2711,87.92884,0.6158538,0.16531488,0.32669207
3945,511,5.5256386,0.74278694,0.012327768,0.02521938
3945,2237,3.0636559,0.74305236,0.0065584406,0.0135154575
3946,6206,1.4460869,0.7319676,0.003197968,0.0068821907
3946,2944,69.90814,0.74126697,0.09863405,0.19518465
3947,6280,0.0,0.44280323,0.0021057948,0.0
3948,5337,2.2817154,0.6703981,0.0045581833,0.010126382
3948,4056,6.6545715,0.6627959,0.0134203285,0.027271077
3949,3211,2.3212051,0.6688678,0.0039304495,0.008540422
3949,5922,1.6841087,0.6691783,0.0029184967,0.006938949
3950,4825,64.502396,0.6723101,0.13165526,0.2612195
3951,2116,1.4361153,0.52887106,0.0016520247,0.0038657933
3951,1834,12.85253,0.5356997,0.02986018,0.058345452
3952,446,0.49224472,0.07690236,0.0035754368,0.007009849
3952,446,2.2105331,0.6931374,0.0029719323,0.0059017837
3953,3627,1.0724258,0.10984552,8.3476305e-05,0.0024206638
3953,268,46.340668,0.34483147,0.12811786,0.24843365
3954,4152,2.377365,0.68426776,0.004358545,0.009452596
3954,3475,19.909105,0.68623936,0.04134064,0.080050744
3955,3668,1.8972816,0.6736425,0.0027331412,0.006268367
3955,6241,44.195618,0.6711638,0.10256533,0.20261148
3956,1691,2.8373756,0.7182225,0.0040582344,0.008269116
3956,3959,2.3388176,0.7237247,0.0032825246,0.006869927
3956,6143,3.817501,0.7248763,0.007296495,0.014308408
3957,309,2.2597084,0.7234085,0.003616698,0.0074041784
3957,6509,2.1809158,0.72290504,0.0040132627,0.008268997
3957,4243,81.68689,0.7261342,0.1436781,0.2866509
3958,324,4.379421,0.7283381,0.007876046,0.01580821
3958,4064,4.051132,0.7257526,0.007873975,0.016131252
3959,4622,3.8324432,0.7226896,0.006304294,0.012839168
3959,3956,2.199852,0.72352827,0.002980277,0.0060366094
3959,4623,4.825817,0.7256904,0.00886222,0.017843023
3960,3961,1.598423,0.576922,0.0016176105,0.0042410493
3960,2114,51.096775,0.59386814,0.12442844,0.24357247
3961,3960,1.5549965,0.577415,0.0013533533,0.0038146526
3961,4317,46.12038,0.5727213,0.11310592,0.2204045
3962,3963,2.8784294,0.752834,0.0034703165,0.006594956
3962,5775,55.40659,0.45899394,0.19046962,0.29399705
3963,3962,2.8739014,0.75099075,0.0035059229,0.006542951
3963,5162,50.73472,0.46019766,0.17443383,0.26950458
3964,3272,3.2555962,0.72632647,0.0044439733,0.009386614
3964,4092,18.126745,0.44426823,0.058920022,0.09877142
3965,3232,5.5643845,0.6740515,0.011512309,0.02305752
3965,5583,3.5344353,0.67044234,0.007423632,0.01562278
3965,5582,2.4246979,0.67032933,0.0049428046,0.0105807185
3966,3967,3.2335892,0.6976753,0.002947338,0.0069762617
3966,4111,63.72527,0.7025612,0.12830575,0.2553808
3967,3966,3.157013,0.698441,0.0028708428,0.0066580474
3967,5645,10.081509,0.7005583,0.020669326,0.04057774
3968,3971,2.1741714,0.67062366,0.0022067055,0.0053396374
3968,4003,24.817728,0.6722246,0.05021822,0.09685151
3969,3970,2.1858902,0.67103297,0.0021707267,0.005257234
3969,4811,25.81184,0.6726304,0.051687352,0.09960242
3970,3969,2.0290985,0.6716318,0.0018684268,0.004881665
3970,3968,3.8521957,0.6715156,0.0068255216,0.014279231
3971,3968,2.1212578,0.6704383,0.002083324,0.0052891374
3971,3969,4.0440025,0.67023754,0.0072598085,0.015086383
3972,1169,57.591835,0.67295897,0.10743554,0.21447925
3972,1167,91.03482,0.6718982,0.16691415,0.332003
3973,2414,1.7874756,0.5659646,0.0024547651,0.0055724382
3973,1739,35.187164,0.5692954,0.089272015,0.17373444
3974,2823,60.63124,0.7285594,0.10813093,0.21549377
3974,2538,47.603844,0.7258578,0.08696695,0.16816433
3974,2820,98.37892,0.733498,0.17420314,0.3483124
3975,4194,20.790312,0.06292534,0.06367525,0.12476058
3975,574,163.6836,0.5267344,0.31802464,0.61935437
3976,6504,7.808426,0.57186896,0.016895324,0.033800066
3977,4505,2.7030525,0.70528555,0.004080668,0.009101182
3977,874,1.2956734,0.67645943,0.005481735,0.010803252
3978,3984,1.8863373,0.39928007,0.0033400953,0.0067912936
3978,3979,14.962641,0.3924718,0.033461183,0.064174525
3979,2468,1.9676628,0.39095944,0.003719911,0.007420346
3979,2025,6.6728706,0.39454544,0.0143047795,0.027551726
3979,2433,39.952007,0.19108716,0.11507664,0.23557356
3980,3163,2.1828613,0.35917795,0.0048944056,0.009317547
3980,3452,51.141083,0.3788231,0.10848962,0.21024258
3980,4364,29.829758,0.094207734,0.08362452,0.16645256
3981,2052,2.8713913,0.3894576,0.005525604,0.011016831
3981,5025,27.247166,0.0603925,0.08112584,0.1591792
3982,2045,2.3602333,0.4250853,0.0043199062,0.008653134
3982,6124,33.59319,0.087228835,0.10843505,0.22641195
3984,3978,1.8491898,0.40077284,0.003224045,0.00665842
3984,2430,68.763916,0.4171917,0.14261767,0.27459612
3984,2467,56.799923,0.4190957,0.126625,0.24725932
3985,5021,2.4560127,0.6375444,0.0040128604,0.008678198
3985,5433,28.459608,0.6455032,0.07012884,0.13697761
3986,5661,2.4218674,0.7385433,0.0019953474,0.0046794415
3987,5811,3.1263084,0.61626124,0.006556608,0.013389483
3987,2271,5.758526,0.6131311,0.0146600455,0.029287204
3988,3987,2.2531242,0.6156165,0.0044251755,0.009731367
3988,3990,2.7885704,0.61764354,0.0020675883,0.0054341555
3989,5811,2.5564995,0.6208723,0.0008870661,0.0037854463
3989,3990,4.6058235,0.61540246,0.009278163,0.018963411
3990,530,2.5142975,0.611175,0.0049951,0.01083909
3990,3988,2.8908234,0.6168052,0.0023810863,0.0060169846
3991,3805,1.717392,0.6173576,0.00319843,0.007152483
3991,2165,79.19954,0.6140865,0.26184142,0.5163875
3992,10,1.6647873,0.5404907,0.0017232224,0.004287109
3992,12,52.078987,0.5460155,0.12865484,0.2517105
3993,3994,2.0789413,0.66386366,0.0021947324,0.005563289
3993,1458,5.910309,0.66295004,0.013642736,0.027524978
3994,3993,1.9478302,0.6618759,0.0019119158,0.004808396
3994,2960,42.327236,0.66476935,0.10158005,0.20050114
3995,6311,9.931839,0.68513,0.022513568,0.04440491
3996,5839,2.4997826,0.68532234,0.0034240633,0.0076480955
3996,5842,18.63062,0.68604875,0.03658562,0.071722366
3997,3998,2.3006134,0.6857111,0.002784863,0.0066129267
3997,3995,22.854277,0.68562984,0.044884812,0.08659378
3998,3997,2.377983,0.6843444,0.0029218867,0.0068660676
3998,3999,2.018444,0.6817825,0.0021305084,0.005299762
3998,3995,19.8085,0.6855474,0.044551775,0.08627641
3999,3998,2.1064148,0.6874515,0.0023061857,0.005764544
3999,5843,2.625805,0.6880723,0.0064695925,0.014171347
4000,526,56.875423,0.49706408,0.122405365,0.23768538
4000,2021,36.98983,0.46995577,0.081715666,0.15799005
4000,2049,52.947983,0.47555503,0.105050184,0.20406178
4001,1714,22.652296,0.62741554,0.06336449,0.12280336
4001,5906,31.026081,0.62542427,0.061675288,0.11931052
4002,4163,31.159546,0.60252005,0.06263033,0.11906986
4003,1815,5.120735,0.6715313,0.009761944,0.0193142
4003,3971,23.514256,0.6714393,0.048084654,0.09306702
4004,3884,3.3941994,0.7172539,0.0061692074,0.012856469
4004,6073,28.331738,0.7202739,0.059045233,0.11459772
4005,4006,1.7532043,0.6870322,0.003234826,0.0071882308
4005,3576,6.193142,0.687956,0.012822583,0.026016906
4006,4648,2.6926155,0.69035786,0.004455708,0.009616286
4006,2757,3.0880356,0.69290847,0.0049061254,0.010627583
4007,4011,2.0183907,0.67784154,0.0033474416,0.007481903
4008,4010,2.7905731,0.6933049,0.004583031,0.010761291
4009,3812,1.8900795,0.6949916,0.0027640313,0.005901605
4009,4117,28.904127,0.700734,0.06821782,0.1334223
4010,4119,13.761486,0.6955432,0.027327895,0.05339247
4010,4012,1.9863243,0.69171876,0.0029563457,0.0070216507
4011,2756,54.768673,0.6962956,0.10263306,0.20141909
4011,4008,2.1399803,0.68523693,0.00433103,0.010105029
4012,2760,2.1147156,0.6912162,0.0034558177,0.007716894
4013,4014,2.5057678,0.67044246,0.0014325529,0.0038911104
4013,4055,28.12326,0.67154956,0.06027481,0.11569929
4014,4013,2.4781036,0.6723834,0.0015063062,0.0040031523
4014,3212,96.4584,0.6712339,0.19728737,0.38949117
4015,5779,20.139353,0.69666106,0.055379737,0.10698027
4015,5779,29.99503,0.695766,0.061099336,0.11570002
4016,4017,30.363373,0.6993874,0.058664024,0.11258907
4016,4017,20.362082,0.7030083,0.052739006,0.10231902
4017,5876,0.72624207,0.2827865,0.0032309145,0.0066736937
4018,2440,1.0416756,0.6734445,0.0034151375,0.008095622
4018,6007,76.59993,0.6752897,0.14002043,0.2802432
4019,3927,3.4197464,0.74025345,0.0060279444,0.011786282
4019,295,49.866066,0.45163804,0.1755093,0.27005643
4020,4021,1.8344116,0.5398514,0.0018813759,0.004272744
4020,1894,25.15845,0.5462631,0.05279672,0.10003809
4021,4020,1.8551826,0.5407491,0.0018433034,0.004322216
4021,1785,5.4156303,0.542517,0.01076065,0.021446481
4022,1938,21.839712,0.66275513,0.044485997,0.086373076
4022,3337,91.505844,0.66429126,0.1697312,0.3388295
4022,1940,25.498032,0.66309595,0.051937178,0.10022244
4023,6531,27.164074,0.6588653,0.07658379,0.14997388
4023,6195,26.738617,0.6599969,0.077587776,0.15252863
4024,3324,1.7552719,0.71450806,0.0026621222,0.0059554726
4024,6790,2.1229057,0.7168556,0.0030909628,0.0068234503
4025,4026,2.965763,0.6990638,0.002119042,0.005517572
4025,4654,22.918848,0.7030238,0.04910446,0.094446406
4026,4025,3.158493,0.69790435,0.0025361776,0.0064168125
4026,5041,23.522991,0.70212364,0.04991175,0.095777996
4027,4028,22.204878,0.6962107,0.058330763,0.11244183
4027,4028,30.629211,0.69394433,0.0605722,0.115098745
4028,4499,1.6594162,0.6951035,0.0061573535,0.012357384
4028,5874,33.310585,0.6994504,0.09125439,0.17931047
4029,2247,58.836243,0.62330216,0.08648805,0.1681716
4030,4766,127.329315,0.7068968,0.22844625,0.45389134
4030,4766,2.0893173,0.70485,0.0048380718,0.010506004
4031,3325,2.2948723,0.72734654,0.004283689,0.009333894
4031,3764,34.41774,0.72914124,0.068758294,0.13559933
4032,4033,2.9260979,0.55721533,0.002655074,0.0060652345
4032,524,27.312836,0.56347626,0.060318656,0.1143568
4033,4032,2.997364,0.5579963,0.0027867407,0.006504506
4033,6482,21.70361,0.55734867,0.047790688,0.091898635
4034,3935,2.0100365,0.72075,0.0037042499,0.008263677
4034,153,43.545685,0.72543246,0.08339721,0.16054873
4035,4036,2.7796326,0.6679136,0.0019892082,0.005206853
4035,3189,51.61493,0.67027485,0.10691264,0.21204677
4036,4035,2.602356,0.6677941,0.0015678629,0.004553348
4036,3205,303.91376,0.652924,0.5997336,1.1827377
4037,764,3.6839218,0.66620505,0.0067613944,0.012826353
4037,3008,57.406406,0.01405561,0.17029579,0.3571416
4038,3696,2.0337143,0.39550492,0.003487587,0.007000163
4038,7059,37.78574,0.40748343,0.103968814,0.20165099
4039,2024,23.07802,0.47048563,0.04961306,0.09434507
4039,2034,111.33193,0.44875368,0.22804323,0.43950886
4039,2028,28.478537,0.48091257,0.059625603,0.11332611
4040,4230,84.5431,0.69040823,0.17198329,0.34197298
4040,752,2.3507385,0.68585694,0.004299246,0.008840591
4041,523,18.57296,0.5327613,0.03911834,0.075779945
4041,5754,3.8638992,0.5268786,0.00875508,0.017559215
4042,4043,2.2274742,0.7010545,0.0022663772,0.0054279417
4042,5651,94.808105,0.7028546,0.10407593,0.20805886
4043,4042,1.9543114,0.70198727,0.0016375259,0.004274145
4043,4103,5.2249603,0.70128155,0.006886326,0.014593706
4044,5115,1.8483353,0.65295476,0.002713196,0.0062491745
4044,3203,12.373161,0.65374976,0.025192127,0.050108224
4045,4089,1.579052,0.60423803,0.0048335344,0.0105051845
4045,6004,33.116035,0.61406064,0.097328074,0.1890552
4046,2917,2.0733147,0.7176366,0.0035218373,0.0070474
4046,1867,31.03466,0.72081625,0.06425059,0.12325767
4047,4048,0.3360405,0.42720723,0.0027735606,0.006129995
4048,4049,2.3076172,0.6805955,0.0045522153,0.009114891
4048,3010,29.351337,0.62543875,0.073497795,0.14392763
4049,814,1.2374916,0.46888068,0.0012867972,0.0035141855
4049,3848,35.749233,0.68392694,0.07381199,0.14568794
4050,3425,4.8421326,0.63395655,0.009495705,0.019496664
4050,3424,16.573683,0.6269194,0.022417508,0.044898197
4051,1927,4.653698,0.63290656,0.0041814297,0.009590805
4051,5398,4.0578346,0.6402668,0.007692203,0.015935212
4052,4723,2.5379753,0.73137814,0.005212836,0.011148065
4052,1736,47.672882,0.7425371,0.09006533,0.17612818
4053,4054,2.5717545,0.72467494,0.0069638863,0.012211427
4053,6304,27.836643,0.0514203,0.12821482,0.27957335
4054,4053,2.809845,0.7217003,0.006164521,0.012644872
4054,878,45.197968,0.0,0.16614708,0.34826884
4054,2150,42.29836,0.098769456,0.14288275,0.29376924
4055,4056,2.7512093,0.6716621,0.001857765,0.00521338
4055,5337,6.63258,0.67264056,0.013531834,0.027459905
4056,4055,2.4421425,0.6720354,0.0012051314,0.0038523376
4056,4014,28.271286,0.6700624,0.060227167,0.115823135
4057,4205,3.228447,0.73442125,0.006572254,0.013247743
4057,6166,33.784138,0.08802956,0.16661692,0.35931465
4058,80,92.97356,0.6098803,0.3142621,0.61865824
4058,2472,95.12245,0.6029798,0.18336931,0.3619118
4059,2324,1.7809906,0.60530645,0.0024415925,0.0055931658
4059,2207,25.661594,0.6029628,0.05335148,0.1021389
4059,4139,37.366943,0.6104078,0.07125811,0.13872042
4060,1570,11.718697,0.65613246,0.023323901,0.04600741
4060,4181,65.74327,0.6577577,0.12142777,0.24178073
4061,5097,13.36919,0.6641484,0.02730301,0.05338934
4061,615,11.355772,0.6665989,0.022969328,0.045463517
4061,3032,2.8924751,0.663592,0.0053656474,0.011557043
4062,4772,2.001522,0.594857,0.0025244132,0.0059603304
4062,4761,4.409485,0.59409475,0.0069257095,0.014451504
4063,1781,94.150215,0.5779159,0.18308653,0.35959393
4063,6302,23.344028,0.5855608,0.04703226,0.09012352
4064,3957,68.14083,0.72508186,0.13492052,0.2684828
4064,4243,2.4586372,0.7242837,0.0042624697,0.008811489
4065,5209,2.5437088,0.6952385,0.0035611168,0.007890329
4065,5042,2.41391,0.6985961,0.0045961067,0.010045916
4065,286,14.981558,0.7032664,0.0331618,0.064681776
4066,54,2.0269012,0.70429,0.0038621128,0.008845136
4066,55,3.477253,0.70331013,0.005381383,0.011794776
4067,4496,218.48636,0.7004079,0.38875476,0.770664
4068,5703,3.417511,0.6728586,0.0061776713,0.011530563
4068,2267,79.71091,0.68031424,0.14357834,0.28618112
4068,5885,29.035053,0.0509246,0.096955195,0.20511824
4069,2435,41.725616,0.677521,0.1242015,0.245306
4070,7014,1.1802521,0.64192986,0.0035150573,0.0077519417
4070,2996,49.946632,0.64547837,0.09425081,0.1858085
4071,4072,1.352787,0.65347207,0.0038559213,0.008222058
4071,7014,20.895174,0.65703905,0.055828463,0.11034074
4072,4071,1.2938156,0.65048623,0.0038202107,0.008257732
4072,4070,30.311491,0.6606723,0.059854615,0.11549233
4073,1,2.6995277,0.6922369,0.00236471,0.0055624694
4073,6425,67.469376,0.69548786,0.13847037,0.2755708
4074,4075,2.7890053,0.73452777,0.0032472163,0.006884292
4074,2583,15.048342,0.03406626,0.06779646,0.14339834
4075,4074,2.8489838,0.7376226,0.0030557886,0.0066480637
4075,5169,38.31524,0.13214043,0.18935522,0.4015457
4076,5173,8.381962,0.69443625,0.018766128,0.03731361
4077,5607,2.9048996,0.6954266,0.0028752163,0.0066527724
4077,6799,48.69105,0.69636285,0.10013713,0.19781289
4078,4079,2.5500603,0.6929354,0.001827985,0.0048874617
4078,2056,16.684181,0.69491166,0.034717973,0.06736309
4079,4078,2.6137924,0.6928354,0.0018444955,0.0045866817
4079,192,29.064293,0.69670504,0.06107165,0.11639341
4080,1196,2.0168076,0.69878376,0.0022635907,0.005577475
4080,4298,50.315796,0.6968182,0.09241488,0.18134667
4081,1364,2.4328575,0.68885374,0.003913082,0.008162886
4081,4385,60.455208,0.692714,0.14032587,0.28071
4082,4083,3.2187958,0.7269427,0.002340749,0.005551815
4082,1413,7.754265,0.7239908,0.0154444575,0.030473575
4083,4082,3.4367752,0.7247305,0.0028101653,0.006109774
4083,3841,44.530003,0.72687423,0.089688934,0.17593485
4084,1521,2.3140526,0.7089635,0.0028221533,0.0068841428
4084,995,58.68448,0.70858425,0.13297802,0.26372927
4085,4086,3.2911491,0.69215155,0.0029510707,0.0070514977
4085,6847,26.045055,0.6984099,0.054517694,0.1069555
4086,3457,6.646473,0.6955408,0.013317369,0.027101383
4086,4085,3.2526512,0.69214815,0.002810821,0.006715715
4087,4088,2.938572,0.69157994,0.002323471,0.005842373
4087,2987,17.776327,0.6920661,0.037079502,0.07213621
4088,4087,2.8411674,0.69102925,0.002111636,0.0055114925
4088,5003,37.795612,0.69500375,0.07784719,0.15175226
4089,6005,61.14945,0.6146138,0.08878637,0.17311823
4090,2801,2.5428581,0.6895956,0.0041329414,0.008716285
4090,2598,181.153,0.68907154,0.3251989,0.6439064
4090,1777,25.978058,0.690246,0.051499125,0.10160004
4091,4092,2.7946281,0.7482169,0.0033488572,0.0064929426
4091,3272,21.491394,0.45868212,0.06685504,0.107616365
4092,657,10.945398,0.44573486,0.033691376,0.054554448
4092,4091,3.0790253,0.74652475,0.0036453083,0.0073677152
4093,4094,1.994503,0.6912072,0.002009198,0.004971653
4093,6338,76.49835,0.69676876,0.18039694,0.35941628
4094,4093,2.1025887,0.6952393,0.0023735464,0.0058380514
4094,3811,21.743784,0.6963809,0.04891035,0.09459979
4095,6076,0.0,0.42230922,0.0027752742,0.0
4095,1738,7.4917145,0.74743927,0.013690881,0.027426198
4096,4097,4.2906,0.60694546,0.0065238476,0.013863802
4096,1710,75.877205,0.60312027,0.14386626,0.2826435
4097,6471,12.829746,0.602908,0.026725203,0.05283943
4098,6471,2.3869743,0.6039159,0.006863199,0.0141183585
4098,4099,9.992695,0.60555005,0.019554175,0.038637772
4099,4096,3.982193,0.60555387,0.0068247244,0.014344871
4100,6575,47.98339,0.6523375,0.09144205,0.18049563
4101,3273,17.56447,0.666714,0.03674542,0.07145832
4101,3833,46.459953,0.67049766,0.09117558,0.1803138
4102,4101,18.212296,0.6711057,0.037632477,0.07272523
4103,4104,2.0019455,0.7018055,0.0018046498,0.0043292344
4103,3451,7.213375,0.703263,0.010548919,0.021497533
4104,4103,1.9303627,0.70279944,0.0016338825,0.00400798
4104,4042,5.167984,0.70209986,0.006640032,0.013972878
4105,4586,0.38047028,0.62688285,0.0045875087,0.0096554905
4105,4106,36.33254,0.6666879,0.10905942,0.2172243
4106,4275,30.785542,0.675331,0.08925503,0.17545497
4107,3483,1.50243,0.6630052,0.0018447489,0.00454627
4107,4071,24.177166,0.6663727,0.06769934,0.13302879
4108,5648,2.5303574,0.70686024,0.0040379465,0.008685738
4108,1731,22.249681,0.076642066,0.07864709,0.1587391
4109,5144,35.614613,0.7144319,0.066109315,0.12812816
4109,265,75.78993,0.70505273,0.13850038,0.27719116
4110,4108,20.913158,0.71540415,0.040941164,0.07902327
4110,4113,68.36252,0.7061714,0.123077095,0.24628259
4111,6544,1.8205109,0.70495766,0.0025051236,0.0054810345
4111,3412,15.386665,0.7058415,0.03157673,0.061286755
4112,7034,85.98558,0.70836484,0.1537408,0.3057822
4112,3413,16.288467,0.70450735,0.03226938,0.06263994
4113,4110,67.99742,0.7051389,0.12217601,0.2445778
4113,2004,5.6812325,0.7009214,0.010378718,0.020643488
4114,4115,0.9939079,0.65466017,0.001784645,0.0047748983
4114,5354,33.559998,0.7079831,0.066127814,0.12634714
4115,2004,2.2167473,0.6986881,0.00380674,0.0074177682
4115,4113,5.974518,0.70365345,0.011004157,0.022330523
4116,3917,3.6994057,0.7509294,0.004823439,0.009973034
4116,2466,60.899853,0.7480582,0.13895494,0.27563268
4117,4118,2.1026192,0.6967094,0.0021621287,0.0051719993
4117,4801,56.27671,0.69729084,0.12913667,0.2569301
4118,4117,2.2867851,0.69591236,0.0027943254,0.0064350963
4118,3812,30.791075,0.6979297,0.07019679,0.13862374
4119,4120,2.2538986,0.69419456,0.0022488981,0.005485654
4119,4009,42.178856,0.6995456,0.0796915,0.15412366
4120,4119,2.0522194,0.6952185,0.001855202,0.0049175173
4120,4012,13.297895,0.69384634,0.025929496,0.050807953
4121,3084,7.8437576,0.51051056,0.021722987,0.042995647
4122,4123,1.8086586,0.7299446,0.0024252608,0.005104676
4122,3387,36.898655,0.72922647,0.069741026,0.13337307
4123,4122,1.8181801,0.7301802,0.0023998693,0.0050171167
4123,4372,20.10263,0.72891706,0.03860226,0.07531567
4124,751,3.4373627,0.67881614,0.009588487,0.018724293
4125,732,57.634277,0.6779206,0.17647314,0.346906
4125,4124,21.756805,0.011733234,0.08495103,0.1707859
4126,1099,26.97941,0.0007391572,0.108575955,0.23230791
4126,4125,22.743074,0.0,0.070684604,0.15196213
4127,4128,2.7777176,0.6745322,0.007913135,0.016599506
4127,802,36.743107,0.67161363,0.10924868,0.21365622
4128,330,29.080898,0.68238276,0.08548751,0.16916826
4128,6950,70.29173,0.6902939,0.15705751,0.30914697
4129,3138,1.7210083,0.6797808,0.0043340325,0.00995779
4129,4127,1.3903542,0.6702968,0.006485313,0.012874827
4130,2887,1.5595474,0.68204635,0.0037446022,0.0087581575
4130,6174,64.0089,0.681077,0.116729915,0.23311633
4131,4130,4.411175,0.6814259,0.007341817,0.015482634
4131,749,1.4920616,0.6835935,0.0035311803,0.008245006
4132,4662,3.3650322,0.7332596,0.005409986,0.011351228
4132,7023,36.153046,0.7411232,0.071562506,0.13677537
4132,2063,167.61494,0.745513,0.32864946,0.64991784
4133,3835,2.9501724,0.69851214,0.0048472956,0.010679349
4133,873,21.512434,0.7025123,0.05735747,0.11148764
4134,7069,126.489525,0.72987056,0.24074084,0.4780236
4134,3405,22.001955,0.72705394,0.043397516,0.084353015
4134,2220,120.33866,0.728758,0.21702829,0.43162584
4135,7013,5.279957,0.6816392,0.011715338,0.023309946
4135,6949,20.63239,0.033355147,0.089764826,0.18049863
4136,1285,2.0605316,0.6714768,0.003090933,0.007060796
4136,3667,150.66252,0.66945493,0.27571908,0.54481775
4136,3955,54.798737,0.6810042,0.13105613,0.26279503
4137,306,3.5253754,0.73278886,0.0058073103,0.011837468
4137,3905,689.27185,0.6921304,1.0009893,1.9679635
4138,577,0.881752,0.43370312,0.0021397918,0.003608361
4138,4155,2.806633,0.60135174,0.004813902,0.01030165
4138,2206,40.406555,0.6186375,0.08664416,0.17272155
4139,6299,2.2457771,0.6094713,0.0032381564,0.0070320666
4139,2204,36.00719,0.6077456,0.06980492,0.13687105
4139,4138,35.567738,0.620568,0.06904734,0.13228172
4140,4124,32.602936,0.6740272,0.09045966,0.17486462
4141,1100,7.057785,0.18241853,0.021201424,0.042343006
4141,4140,5.4272614,0.68075716,0.012220509,0.024722561
4142,5464,359.8131,0.69684786,0.30244794,0.5998485
4142,3344,91.1769,0.7189604,0.08577711,0.16693568
4142,3344,64.99821,0.72019255,0.093984134,0.18377587
4143,6907,3.0427818,0.7105972,0.0059657767,0.011120677
4143,3938,61.248062,0.7155673,0.12564635,0.25017595
4144,4146,2.1508713,0.7083623,0.0040571094,0.008215517
4144,3257,67.86863,0.7188557,0.12334913,0.2461084
4145,6911,2.512947,0.7148329,0.0044856593,0.008428186
4145,3327,46.61838,0.704212,0.06379812,0.12247366
4146,4143,0.7088928,0.15777236,0.0023716316,0.004915878
4147,1999,55.030342,0.5605005,0.1060273,0.20821516
4147,4148,0.57489777,0.5759022,0.0027887449,0.0062867105
4148,4147,1.0540085,0.5820492,0.003547378,0.007856771
4148,767,145.07715,0.46203494,0.4891258,0.95061404
4149,6825,36.07386,0.67919916,0.0693018,0.13474567
4150,4151,2.1535568,0.69179714,0.0021303073,0.0052805543
4150,4297,27.243645,0.6948213,0.05356214,0.10341541
4151,4150,2.1406746,0.6923073,0.0020787716,0.0051819533
4151,6671,13.438383,0.6925796,0.026354387,0.0512134
4152,3954,2.1379242,0.6850795,0.0037786737,0.00848946
4152,6387,7.843914,0.68280786,0.015881315,0.031622678
4153,1370,36.03771,0.64782655,0.09053887,0.17765346
4153,5994,59.951,0.64475834,0.12149085,0.24271363
4154,630,2.1422195,0.6201288,0.003932655,0.008589968
4155,582,1.4176674,0.59428686,0.0028308257,0.0063213557
4155,7093,27.52827,0.62012357,0.055733453,0.106383085
4155,6156,55.24946,0.6138644,0.11522451,0.22771981
4156,4362,76.118286,0.1586492,0.20182243,0.40814984
4156,5777,22.259396,0.1858556,0.05413105,0.10138363
4157,1520,130.62073,0.37746847,0.28100362,0.5394134
4157,687,128.48724,0.37661982,0.27676156,0.53129643
4157,4362,29.493309,0.14965406,0.07565877,0.14456314
4158,5045,84.61757,0.442159,0.22047198,0.42512977
4159,3674,23.747255,0.5414361,0.06800366,0.13209285
4159,5183,7.0195923,0.5364603,0.014037237,0.028092802
4160,4161,19.26502,0.4744615,0.05355877,0.10510544
4160,4161,26.345379,0.46628404,0.057681907,0.1098352
4161,5380,38.93922,0.4925362,0.10296802,0.20234199
4162,4563,1.6492348,0.7397203,0.0031998158,0.00680092
4162,5460,101.620834,0.7436793,0.20451127,0.4070503
4163,2224,3.643116,0.5973513,0.0067520216,0.013687074
4163,4164,18.733833,0.59426266,0.039189667,0.07625476
4164,5016,7.7387543,0.59077156,0.014906026,0.029770315
4164,1278,24.923683,0.5940263,0.051241256,0.098152705
4165,5357,2.8540154,0.67059827,0.0048522726,0.010138959
4165,3224,114.74815,0.67300826,0.20901972,0.41494972
4165,6826,3.081974,0.67147624,0.0053681955,0.011145443
4166,6930,20.163681,0.7423347,0.03969846,0.07749889
4166,4170,2.0294075,0.7349136,0.0035565346,0.0075573027
4167,4182,19.641727,0.7482028,0.03851792,0.074827276
4167,5669,2.131897,0.74332047,0.0035090297,0.008010656
4168,4174,2.74094,0.7350942,0.0027433857,0.006674692
4168,4174,10.0715065,0.7377802,0.019012272,0.03789553
4169,4168,18.772139,0.7387395,0.03686849,0.07172483
4169,4175,2.60001,0.736115,0.004265666,0.009207085
4170,6132,5.1512337,0.74128985,0.009395421,0.01920499
4171,4176,2.2744942,0.7418293,0.003568016,0.0074612945
4171,6936,30.075851,0.7463091,0.056538966,0.10994727
4172,4182,2.1129913,0.7522412,0.0016686842,0.0036857873
4172,5669,19.434765,0.7489264,0.0367611,0.07270457
4173,4177,0.0,0.443291,0.002394341,0.0
4173,4172,5.7278557,0.75509703,0.009808764,0.019324854
4173,4796,66.93041,0.45251322,0.218618,0.34570694
4174,4175,17.694344,0.73742914,0.034691323,0.06762419
4175,4166,2.3657417,0.74079585,0.003862217,0.008244291
4176,4167,1.7562332,0.7448141,0.0024525225,0.0057477206
4177,4173,0.0,0.4464554,0.0023942664,0.0
4177,5366,18.889364,0.45011392,0.057633903,0.08985492
4178,5136,93.40178,0.6782612,0.17094073,0.340823
4178,6826,431.3797,0.6693542,0.77926666,1.5394429
4178,5683,99.86688,0.679152,0.18273124,0.36426634
4179,1661,23.416916,0.72433674,0.047411446,0.09165655
4179,1660,16.395939,0.72615373,0.03302644,0.0638945
4179,2139,162.97751,0.7224793,0.28856307,0.5706363
4180,2835,59.734894,0.66364205,0.1436109,0.2866222
4180,2591,48.767464,0.66347206,0.091851726,0.18240103
4181,3063,22.234367,0.65813816,0.045233835,0.08731143
4181,4060,69.1329,0.6575413,0.12478727,0.24791437
4182,4177,6.4869995,0.75242704,0.01115977,0.022434488
4182,4172,2.0014458,0.75329494,0.0012781247,0.0030365884
4183,342,39.704773,0.7081307,0.07391571,0.14279498
4183,2105,71.905266,0.7072414,0.13109553,0.2625332
4184,1723,2.3657913,0.7153213,0.003694512,0.007103786
4184,4185,73.0691,0.7131015,0.13129899,0.2619229
4184,4575,15.867826,0.7126002,0.031451628,0.06039834
4185,1193,74.903,0.7168478,0.13401777,0.26911768
4185,4184,75.238304,0.715539,0.1326834,0.26513714
4186,4995,2.6074371,0.656695,0.0017369539,0.004828796
4186,4994,52.464478,0.6537056,0.10847297,0.21403964
4187,326,9.733124,0.7306401,0.016184509,0.03220892
4187,2152,98.37222,0.7350452,0.18559629,0.37151012
4188,3250,86.8345,0.6620766,0.16019878,0.31878793
4189,5904,34.274994,0.61011285,0.06687715,0.1302976
4190,6513,28.253693,0.75642824,0.051752824,0.099726535
4191,4325,12.076723,0.7345208,0.022930905,0.044555858
4191,4791,1.9463997,0.7350091,0.0013244897,0.00326173
4192,4193,1.7910194,0.7281379,0.00092695653,0.0029209107
4193,4192,2.0765877,0.72875273,0.0015446022,0.003916651
4193,4792,30.08611,0.7344103,0.05648605,0.10877812
4194,4195,1.5125046,0.5242592,0.0028125271,0.0063120276
4195,4194,1.6725426,0.52511436,0.0032488927,0.0073323995
4195,5069,25.537457,0.0573245,0.08109298,0.1627312
4195,2051,68.454025,0.5240329,0.14701816,0.2855829
4196,587,20.075563,0.66768754,0.046820663,0.0906813
4197,133,61.26908,0.69755316,0.1873591,0.37181133
4198,1531,2.123539,0.6769418,0.0037007406,0.008043811
4198,2576,20.024216,0.016062438,0.093061894,0.19487162
4199,5108,2.3005524,0.67633355,0.0040788054,0.008476287
4199,5622,0.4975853,0.004511118,0.0017338097,0.0058452487
4200,5351,3.059986,0.6709443,0.0052727237,0.011255041
4200,1822,1.9338608,0.67192394,0.0030248687,0.0068665
4200,5580,9.510006,0.6731132,0.019370377,0.0388311
4201,5968,0.5328331,0.08316189,0.0035400242,0.006219387
4202,4203,1.531517,0.6792715,0.0035867095,0.0076370984
4202,708,23.156168,0.6840127,0.046434365,0.08941159
4203,4202,1.7848053,0.67907023,0.004227817,0.008719787
4203,3220,29.193033,0.67898065,0.08263059,0.16077307
4204,5185,3.255661,0.6982755,0.007335596,0.015599161
4204,5579,33.333225,0.69239926,0.058617838,0.11407956
4205,4057,3.5105858,0.73833084,0.007140659,0.014502883
4205,4292,25.180332,0.05545199,0.1485129,0.31774467
4206,2582,1.8013992,0.6972338,0.00232964,0.0054012686
4206,3786,138.42432,0.70232165,0.2786537,0.55055106
4207,1414,2.05262,0.72841173,0.0028817728,0.005690947
4207,3862,84.59137,0.7281303,0.1503634,0.30109042
4207,6050,34.744484,0.7286976,0.06478371,0.123913616
4208,6050,4.8696175,0.72648776,0.008540779,0.01696375
4208,4466,2.4228516,0.7276994,0.0037967116,0.0077400357
4208,6141,2.8280296,0.71847236,0.0050141215,0.009997919
4209,4634,3.7303276,0.7447062,0.0070438534,0.013776436
4209,6168,25.666464,0.7426369,0.051793844,0.10029239
4210,4633,10.960979,0.74095994,0.02267339,0.044827804
4210,495,33.553074,0.73691624,0.07151297,0.13813946
4211,3906,7.509041,0.7386608,0.01399266,0.027075008
4211,4212,2.8849716,0.7339924,0.0046767145,0.010080844
4212,2964,2.2376404,0.73326916,0.0030815303,0.007180482
4213,4214,1.363987,0.3955516,0.0028053597,0.0065270066
4214,319,3.379673,0.7385162,0.0055866465,0.011230692
4214,4215,2.0000687,0.72976863,0.003887169,0.008925423
4215,4211,2.0962486,0.7335367,0.0028854534,0.006779358
4216,4217,1.6323242,0.65142,0.0020594671,0.005144462
4216,4218,31.989403,0.65296745,0.062857844,0.12031502
4217,4216,1.7027168,0.6538794,0.0022188723,0.0055544227
4217,4044,52.47468,0.6571862,0.09800571,0.19312666
4218,4219,1.5454865,0.6507721,0.0020277128,0.004870549
4218,4711,89.53207,0.65507615,0.16578856,0.32941645
4219,4218,1.7068176,0.6483063,0.002412364,0.0056509525
4219,4217,31.48373,0.65526557,0.062663905,0.119486466
4220,6913,0.30687332,0.047890425,0.0025183037,0.0032868832
4221,4222,15.474659,0.37729624,0.032410663,0.062292293
4221,5473,9.528168,0.37362468,0.022961795,0.043964878
4222,4668,24.154938,0.3803899,0.055784702,0.105314314
4223,3011,9.8308525,0.6828664,0.02191224,0.043170303
4224,5462,2.0744324,0.7386128,0.003995262,0.008400738
4224,500,25.478067,0.7468772,0.050488867,0.09814385
4225,5460,3.315094,0.7354574,0.0023055673,0.005414203
4225,4563,103.41184,0.74170935,0.20516992,0.4068236
4226,244,3.0965004,0.6955882,0.00421495,0.009125397
4226,5453,38.842873,0.7007211,0.07978545,0.15541111
4226,1792,79.38364,0.69488746,0.11650689,0.23178707
4227,4226,6.4684258,0.6967933,0.012860104,0.025828317
4228,4798,16.775475,0.7039933,0.03349509,0.06471373
4228,4629,63.010475,0.707178,0.11293433,0.2247696
4228,4758,49.34391,0.711745,0.07369321,0.14093477
4229,3918,1.0370522,0.54210067,0.0035706684,0.007916376
4229,5241,72.39316,0.546461,0.20418912,0.39874434
4230,1375,99.772705,0.6841549,0.19787627,0.39282298
4230,752,88.33684,0.68798614,0.17785701,0.35432106
4231,6037,12.814697,0.022305042,0.08516463,0.18088835
4231,2149,2.4313812,0.73127306,0.0034850761,0.0066485256
4232,6393,62.22486,0.68246615,0.08502777,0.16451487
4233,4232,2.3088646,0.6865198,0.0057039633,0.010874063
4233,3487,171.12283,0.10154447,1.4045472,2.8886297
4234,7017,21.802887,0.681606,0.044450212,0.085988246
4234,4235,18.12823,0.68199664,0.03674317,0.07151553
4235,3831,3.9318047,0.67946845,0.005622484,0.012153864
4235,856,34.181713,0.679329,0.06618061,0.12714988
4236,705,28.495506,0.6996365,0.05890682,0.113308616
4236,4239,35.84552,0.6982879,0.07240782,0.14165422
4237,917,2.0113525,0.64475906,0.0034273788,0.007103309
4237,911,18.308159,0.022556037,0.08214952,0.16596295
4238,5642,1.9613571,0.6918974,0.004332222,0.009353802
4239,4238,1.9749832,0.696826,0.0037892014,0.008318499
4239,4990,33.385643,0.6963825,0.077928215,0.151662
4240,6408,2.107048,0.68754685,0.0035447404,0.0075836033
4240,2573,2.851143,0.69287694,0.005919881,0.012569115
4241,3586,5.948452,0.6505109,0.011272237,0.022624418
4241,565,10.252399,0.649214,0.020608902,0.040334046
4242,1443,7.6206474,0.65398777,0.015268028,0.030218318
4242,4241,3.5639534,0.65426683,0.006734386,0.013813034
4243,324,2.921032,0.7226752,0.005023472,0.01014404
4243,3957,81.556366,0.72555614,0.14363869,0.28704312
4243,4064,2.4222946,0.72383124,0.003817223,0.0077334046
4244,3259,1.2508087,0.58311135,0.0039229095,0.008673072
4244,5872,64.45958,0.5735116,0.17590484,0.3443192
4245,996,1.875515,0.6980492,0.004606515,0.010230422
4245,4246,3.2363777,0.70001197,0.0075403526,0.016004235
4246,1862,3.399128,0.70699376,0.004604347,0.009892508
4246,6340,113.42894,0.7130295,0.09982544,0.19827145
4247,4248,1.7092781,0.56918156,0.0018423274,0.004499197
4247,6796,16.068901,0.5762798,0.034508295,0.06732589
4248,4247,1.4838791,0.5700929,0.0013640001,0.0036276132
4248,6380,16.48764,0.57202077,0.038397413,0.07535022
4249,688,1.760128,0.36835903,0.0034294352,0.0065843314
4249,5942,61.356533,0.370439,0.1433166,0.27884543
4250,4255,49.8817,0.71587545,0.05613804,0.10739921
4250,4252,43.481388,0.7243071,0.1028487,0.20231618
4251,3860,2.9107208,0.7266059,0.0060309246,0.01276879
4251,4252,55.60402,0.7270622,0.062095173,0.11974949
4252,2804,20.94597,0.72763914,0.049122687,0.096349455
4253,3860,28.877613,0.7253629,0.06024703,0.11577478
4253,4254,39.546333,0.7243407,0.103967406,0.20325108
4254,4465,48.52035,0.7258134,0.12756942,0.24818774
4255,4251,3.070324,0.72274876,0.0015973672,0.004281804
4255,2100,20.289806,0.72157836,0.039234452,0.07594476
4256,102,3.6845512,0.70008236,0.0064524114,0.013530135
4256,2359,4.158039,0.7043104,0.008043125,0.016559795
4257,1466,1.9209824,0.63191813,0.0029829964,0.006463751
4257,4258,55.809288,0.6319224,0.115212075,0.22668128
4258,91,1.9312744,0.6273774,0.0028504431,0.006639257
4258,1716,66.73918,0.6236359,0.14065444,0.27647543
4259,271,1.4877129,0.50006723,0.0020147264,0.0043210536
4260,3404,2.1299896,0.69605994,0.00336691,0.007876441
4260,6804,48.131264,0.7065533,0.10834755,0.21355431
4261,4264,2.8596306,0.7239411,0.0016088188,0.004410118
4261,3358,35.498085,0.7249714,0.07166038,0.13938089
4262,3357,1.7501526,0.72613394,0.002482742,0.0053328425
4262,2124,57.13851,0.7270063,0.10280196,0.20441751
4262,4265,15.449247,0.7261786,0.031368542,0.060864307
4263,3359,3.3364449,0.72400844,0.0023915395,0.005799517
4263,6974,23.662003,0.7286264,0.04868505,0.094433054
4264,4261,2.8812675,0.72446716,0.0016613677,0.004535675
4264,4263,29.727013,0.7257843,0.060126405,0.11598517
4265,3358,2.9732742,0.72358394,0.002072163,0.0051166117
4265,4264,34.41722,0.7233888,0.0695451,0.13496988
4266,404,1.9874611,0.72484505,0.0030689463,0.0063822865
4266,4262,10.32543,0.7237237,0.020855322,0.0412246
4267,4266,113.78509,0.72218466,0.22579724,0.447379
4267,38,30.267574,0.71941274,0.06200944,0.119419485
4268,3829,2.4563484,0.36699983,0.0026292652,0.0053396374
4268,3830,16.97546,0.3683586,0.03888929,0.07429007
4269,4760,2.5802422,0.67300016,0.0043936446,0.009731248
4269,4646,27.67471,0.6748153,0.05773659,0.11072184
4270,785,32.14753,0.6788266,0.06715383,0.1312015
4270,4759,60.443504,0.6764533,0.12301798,0.24585375
4271,4272,35.81336,0.68271685,0.10660072,0.21236107
4271,6249,31.678478,0.68192035,0.06174349,0.1185274
4272,1711,37.256134,0.6669328,0.11833829,0.23504823
4273,1708,14.5674095,0.6778304,0.037147224,0.07231885
4274,6249,3.117733,0.6722584,0.0059137717,0.01208052
4274,4273,32.499386,0.6813067,0.063121125,0.12234412
4274,4686,26.341785,0.6805953,0.055224728,0.106962994
4275,4274,24.810387,0.6813681,0.05083754,0.0983466
4275,4273,35.868538,0.68320876,0.10440837,0.2074073
4276,1909,89.29252,0.58471555,0.16896924,0.3326422
4276,5326,42.192547,0.58854604,0.07914578,0.15363044
4277,6831,2.2054558,0.67464405,0.0042327046,0.009390265
4277,4855,23.459385,0.6832957,0.04978046,0.095378
4277,1801,22.355745,0.67783564,0.047658395,0.09222307
4278,3321,22.483408,0.6698952,0.053423274,0.102664
4279,4280,1.9225082,0.66009367,0.0030626133,0.006287381
4279,937,40.47677,0.6644042,0.08361465,0.16493863
4280,4279,1.9588203,0.65869176,0.0029754564,0.0061948895
4280,934,70.926605,0.65854573,0.13004704,0.25980118
4280,5260,73.86326,0.6617733,0.14951177,0.2971444
4281,792,10.148281,0.6848568,0.02293954,0.04532677
4281,4282,3.7541656,0.6864322,0.006430745,0.013252482
4282,6621,15.192884,0.6830583,0.033840913,0.06597081
4282,4281,3.916401,0.6847715,0.0066751465,0.013708204
4283,5805,1.9579201,0.69210577,0.0045552403,0.0097248405
4283,3399,13.601234,0.69494903,0.027751513,0.05462028
4283,3398,23.660975,0.69682693,0.04571196,0.088763915
4284,6582,4.089878,0.6783468,0.0070123076,0.014934868
4285,5145,11.953474,0.67016196,0.04076275,0.0816657
4286,4650,3.0381927,0.66936845,0.004987605,0.010331094
4286,4285,29.627466,0.67551637,0.059362054,0.11396885
4286,4829,35.811584,0.6709259,0.06980121,0.13518044
4287,4285,19.017303,0.6742121,0.06648742,0.13180412
4287,4812,26.837175,0.6733638,0.052335195,0.099962495
4288,2896,1.7652206,0.68016636,0.0050175563,0.011053219
4288,2897,2.4527817,0.67992115,0.0066331476,0.014106944
4289,4818,32.07064,0.67778826,0.05473829,0.105447516
4289,3507,30.28346,0.67628723,0.056120146,0.11085476
4290,4819,26.16906,0.67502,0.06390042,0.12494289
4290,2338,15.962967,0.67420286,0.037441082,0.0728836
4291,3277,108.43709,0.67931324,0.31357202,0.6240304
4291,3275,174.19275,0.68410444,0.31094792,0.6159984
4292,4293,2.4944038,0.7389422,0.005698979,0.010636583
4292,2448,15.787788,0.034853786,0.06928566,0.14453095
4293,4292,2.5470734,0.72913694,0.0049808025,0.010402575
4293,2449,39.208534,0.736388,0.07566668,0.14411576
4293,2155,44.88376,0.73538375,0.08521504,0.16533054
4294,1714,1.909729,0.6198834,0.0036146715,0.007685095
4294,3818,1.0897484,0.6167778,0.006615624,0.013635889
4295,4081,1.5282059,0.6858414,0.003931567,0.008858353
4296,4295,2.9673157,0.68801886,0.005029127,0.0104056
4296,1363,24.565891,0.6940367,0.05629801,0.109133385
4297,4298,2.1101303,0.69181645,0.0018797591,0.004854724
4297,1196,50.360245,0.69965065,0.092952594,0.18256411
4298,4297,1.9693031,0.69221723,0.0016905367,0.004477307
4298,4151,27.684925,0.6946516,0.05477813,0.10558527
4299,3522,15.479477,0.67185664,0.039888997,0.07819687
4299,6536,114.37789,0.6695577,0.20928818,0.41526306
4300,6405,23.415314,0.67587304,0.046346568,0.089597955
4301,4832,112.67843,0.70448434,0.17336981,0.34170812
4302,3268,17.85452,0.029611379,0.08158091,0.16484313
4303,623,40.955235,0.6476699,0.099271,0.1965311
4303,4302,44.428123,0.64808524,0.07640415,0.14632712
4304,4737,4.550247,0.6884004,0.008556962,0.01736477
4304,4736,2.4167747,0.6898953,0.002659224,0.0064707994
4305,2113,49.925278,0.59779435,0.10323901,0.20268816
4305,5963,23.146786,0.60073733,0.050332274,0.09623841
4306,548,2.0403519,0.6315019,0.0031237379,0.006884694
4306,3446,84.279236,0.63497686,0.17188287,0.33877838
4307,2079,2.0018387,0.7132847,0.003267914,0.007258311
4307,4309,20.150381,0.717581,0.041726705,0.08039699
4308,4307,2.1380386,0.71320474,0.0044087395,0.009851456
4308,2078,67.20444,0.7179981,0.11975706,0.23843187
4309,2753,1.9803352,0.7150553,0.002761498,0.0060742497
4309,2096,193.01483,0.7153502,0.33808973,0.66904277
4309,4310,49.71054,0.71189815,0.09939535,0.19781703
4310,2753,50.06395,0.7138084,0.10081416,0.20000568
4310,2089,55.13805,0.7121463,0.10939387,0.21754624
4311,1867,1.8975105,0.71250665,0.0036458299,0.008196384
4311,833,7.8242836,0.72003704,0.015588395,0.030943125
4312,377,153.84961,0.7201823,0.27565807,0.5455037
4312,4313,7.8193665,0.7151458,0.014805101,0.02923727
4313,2085,103.39618,0.71736646,0.20511559,0.40843636
4313,2080,2.2622147,0.71330506,0.0041314214,0.009077027
4313,4314,12.513781,0.7143195,0.025251664,0.049105182
4314,4311,2.4835014,0.7149527,0.004690297,0.0104534775
4314,1866,50.672787,0.71527535,0.09921496,0.1964833
4315,3839,1.9965172,0.6817114,0.0029352307,0.0066547394
4315,797,56.502285,0.68333536,0.11543775,0.22874248
4316,6062,18.467257,0.70272344,0.037007492,0.07249887
4316,6061,15.673801,0.70265675,0.03487987,0.06828633
4317,4743,1.6846695,0.55546194,0.0018612891,0.004902616
4317,2116,32.560883,0.5454025,0.08108373,0.1550735
4318,880,150.38681,0.6655674,0.30251992,0.5984509
4318,4359,4.8671455,0.6657861,0.009598762,0.01961957
4319,191,20.018515,0.69383085,0.04588211,0.08911082
4320,487,8.383648,0.73899126,0.016596302,0.032323048
4320,4321,8.139324,0.7402959,0.016041808,0.031275302
4321,487,1.9671211,0.73822,0.003532812,0.0074819624
4321,6415,54.741074,0.7409851,0.106692895,0.21195325
4322,1310,1.8971443,0.5542554,0.0027339533,0.006188333
4322,1311,120.97911,0.5447533,0.23277733,0.4554789
4322,7032,18.787954,0.55797493,0.039195184,0.07594992
4323,1791,44.361843,0.6756079,0.083053924,0.16354679
4324,4816,3.287445,0.73550117,0.005290933,0.011235088
4324,6133,1.8807068,0.7362373,0.0012020096,0.003055051
4325,4792,1.997078,0.7309684,0.0014748946,0.003583923
4325,4192,29.879206,0.7348888,0.055758372,0.107525066
4326,4981,3.9974174,0.66088283,0.0031274557,0.0075856596
4326,234,2.0799408,0.65794086,0.0055476055,0.012085885
4327,2955,2.7712364,0.6762011,0.0048341155,0.010653183
4327,784,1.5361633,0.6728266,0.004073806,0.0091852695
4328,3410,162.33572,0.67419565,0.2958165,0.5851753
4328,2956,52.59463,0.67651296,0.0970346,0.1913894
4329,4796,0.0,0.4422457,0.0019930303,0.0
4329,6870,59.64437,0.73594403,0.1366744,0.27010867
4329,513,44.87895,0.43915123,0.15584973,0.23864755
4330,1823,22.468187,0.483498,0.048282318,0.09245106
4331,4861,29.065952,0.4739904,0.05795955,0.110011704
4331,4805,36.749115,0.4662772,0.09371115,0.18067235
4332,294,12.909704,0.74399275,0.025761962,0.05074382
4332,3526,2.7250328,0.7415005,0.0013219565,0.0036150217
4333,5770,14.83469,0.6429661,0.030421387,0.05909109
4334,2661,2.2199478,0.62981164,0.0034444109,0.0074930787
4334,2658,44.770847,0.63456947,0.0852319,0.16913839
4334,2660,17.016033,0.62765956,0.03272937,0.06345216
4335,849,2.8217926,0.707033,0.0045526326,0.009966925
4335,5522,113.49626,0.71616095,0.3349472,0.6678167
4336,3244,1.8354874,0.69132125,0.0039131567,0.008894876
4336,432,40.83533,0.69123054,0.098805,0.19472785
4337,1807,52.350773,0.6702634,0.13255665,0.26435906
4338,5614,65.81741,0.67007303,0.13236709,0.2638149
4338,1808,29.484585,0.67536604,0.063171625,0.12318988
4339,4341,1.9797363,0.6556092,0.002763614,0.006768793
4339,6869,17.355227,0.66265637,0.03642741,0.07015673
4340,6854,1.1193581,0.6220107,0.0012702718,0.0034659356
4340,6855,14.680246,0.6555042,0.03064185,0.06001512
4341,4340,1.9697685,0.6574934,0.0036417097,0.008243546
4342,3027,1.92873,0.6623874,0.0028600171,0.0065086335
4342,4374,76.96542,0.6658852,0.1546922,0.30780587
4342,3199,101.16915,0.66567266,0.18611659,0.36987305
4343,3029,1.8098679,0.66383404,0.00294701,0.006774068
4343,4344,29.501743,0.6669583,0.06315014,0.121953234
4344,4342,10.667112,0.66585433,0.022175647,0.043794543
4344,3028,2.0997276,0.66438806,0.0032709837,0.006936431
4345,1444,17.254494,0.66297585,0.035875067,0.06965576
4346,1344,2.0735016,0.6734226,0.0032550544,0.0070152134
4347,4349,1.4267883,0.67880297,0.0029009357,0.00635235
4347,6818,24.164854,0.68464965,0.051434413,0.09841708
4348,6817,4.8579216,0.68171763,0.009083927,0.018275976
4348,1548,2.3365593,0.6778448,0.004126996,0.008511841
4348,5243,30.524078,0.68176997,0.058959022,0.11308944
4349,1094,1.7296867,0.673923,0.003222406,0.0072372705
4349,1537,10.676039,0.6823851,0.021579795,0.04240413
4350,6682,65.70152,0.5773259,0.13966328,0.27424902
4350,1229,12.139202,0.5875836,0.02612856,0.051234707
4351,4002,3.4273453,0.60021055,0.004951045,0.010809451
4351,626,45.798817,0.59612066,0.11134682,0.21711504
4352,4713,17.035435,0.6322853,0.038471393,0.07467259
4352,5225,63.06066,0.60864776,0.15662754,0.3067904
4353,4902,2.8251534,0.6342747,0.0019620657,0.005185023
4353,3501,50.485054,0.64053214,0.10390199,0.20473103
4354,2705,2.0356636,0.71064866,0.0030122697,0.006391406
4354,4356,90.97325,0.7162423,0.21266067,0.42208898
4355,4354,3.2794952,0.71486324,0.007406853,0.015720308
4355,5709,1.9246063,0.70913565,0.0031934753,0.007237628
4355,2717,90.1958,0.7135104,0.17574343,0.351566
4356,1976,1.5423889,0.7096379,0.001830101,0.0045042485
4357,3881,2.4234161,0.68590003,0.004144646,0.008390754
4357,5845,32.656612,0.6891224,0.07631879,0.150159
4358,3824,43.49487,0.6699598,0.11063372,0.21963578
4358,2959,32.490555,0.67311305,0.07435449,0.14450331
4359,2958,2.0391388,0.66521853,0.003020823,0.0065831095
4359,4318,5.055954,0.66632336,0.010030352,0.020397067
4360,2131,2.0945854,0.6740669,0.0038303435,0.008539021
4360,6519,31.993347,0.6707779,0.07627563,0.15058675
4361,4360,1.4451103,0.66895455,0.003770776,0.008481845
4361,3228,2.3856697,0.6674068,0.00383275,0.008274034
4362,4157,29.453434,0.15063113,0.07541795,0.14405715
4362,4156,73.98467,0.15249753,0.21361011,0.43138993
4363,4364,2.7104034,0.38446966,0.0052574947,0.01040259
4363,3163,29.584164,0.07411462,0.08480544,0.1700034
4364,3981,0.87047577,0.065280706,0.0031596124,0.0067907125
4365,4366,2.727665,0.74565303,0.0041084886,0.009040803
4365,4371,67.35769,0.7420028,0.121850014,0.24389464
4366,4367,1.4376945,0.7438123,0.0022140667,0.004967496
4366,3525,65.37111,0.7435596,0.13328686,0.26429227
4367,5167,2.1329002,0.73898995,0.004406765,0.009633839
4367,3873,31.307207,0.7454031,0.05797906,0.11187179
4368,4366,2.0704117,0.7398757,0.0040188506,0.008572802
4368,4365,2.7182426,0.7438523,0.004429713,0.009434745
4369,4370,98.77223,0.66510415,0.20045188,0.39667386
4369,3030,205.51288,0.65835214,0.37458703,0.73936725
4370,570,2.3385468,0.65476894,0.0049027354,0.010030508
4370,3030,109.3573,0.66632116,0.1984477,0.39392966
4370,4369,98.278015,0.6684061,0.19733062,0.39086366
4371,474,123.88883,0.7433698,0.22423032,0.4459926
4371,2585,102.29348,0.7456124,0.18516621,0.3695441
4371,665,132.85274,0.743198,0.23979226,0.47701526
4371,4365,68.77388,0.7472663,0.12144373,0.24227063
4372,3390,1.9678078,0.72757494,0.0014833733,0.0037175268
4372,333,2.052784,0.72509974,0.0031989068,0.0070962906
4373,2851,2.6874847,0.67335117,0.0054343343,0.011125848
4373,4487,1.9230881,0.6625896,0.0035015345,0.0073438734
4374,3020,2.012661,0.66518605,0.003134124,0.0072978735
4374,3193,1.9737167,0.65929693,0.0039569363,0.008673772
4375,2974,1.3862228,0.43724218,0.0043849275,0.009235188
4376,4379,2.387394,0.6715505,0.0042704865,0.009474039
4377,2269,2.1197357,0.67895854,0.0033151954,0.007502377
4377,5887,64.786026,0.678759,0.1311097,0.26098397
4377,3533,137.87338,0.6776241,0.24943721,0.49327898
4378,1787,1.8116035,0.6830529,0.0035390481,0.007637948
4378,5383,132.41176,0.68051565,0.27061197,0.53355926
4379,5381,2.0802422,0.6743175,0.0036071911,0.0077652633
4379,2243,21.676802,0.67931515,0.046046667,0.089938104
4380,7000,175.06471,0.6676805,0.35426316,0.69857055
4380,2243,9.704376,0.6816666,0.018661067,0.03713289
4381,5382,2.046009,0.6879959,0.0034086704,0.0069842488
4381,3045,79.59735,0.6840809,0.16225968,0.3226233
4382,1195,2.1344376,0.6784672,0.00323575,0.007074997
4382,3450,78.1022,0.6802802,0.1415517,0.28351098
4382,3838,49.730465,0.6821424,0.10037447,0.19877122
4383,659,2.6192703,0.74607134,0.0027196184,0.0055370927
4383,5636,24.449678,0.46153012,0.08062738,0.13146415
4384,1116,2.076931,0.69200903,0.0024122298,0.0059241056
4384,2788,58.827423,0.69642705,0.1359925,0.27108163
4385,3471,1.8575134,0.68646276,0.0047426745,0.010389864
4386,4385,1.8075409,0.6869632,0.0036227927,0.0076818466
4386,1364,59.42283,0.6918219,0.14190243,0.2821952
4387,6724,0.7599373,0.6997086,0.0023638383,0.0053096414
4387,6214,199.18953,0.6856775,0.22394237,0.4453178
4388,4390,2.1559105,0.70091975,0.0039529353,0.008321226
4388,245,15.058575,0.7021549,0.029986449,0.058229282
4389,4390,2.9252777,0.70429057,0.005402535,0.010776579
4389,6134,75.70625,0.70120573,0.15420648,0.30730993
4390,6213,2.349369,0.69883156,0.004400961,0.009259164
4390,4389,2.7804832,0.7018419,0.0049339235,0.010088012
4390,4388,1.8300552,0.6993724,0.0026818737,0.0059954524
4391,150,2.0453873,0.70194435,0.0029279292,0.006548047
4391,4392,30.843765,0.70643187,0.06457824,0.124558344
4391,151,70.340515,0.70389545,0.12696633,0.25380576
4392,649,2.0197563,0.7040044,0.0030083433,0.0066516846
4392,654,70.96442,0.70521164,0.127316,0.25472468
4392,4393,5.371929,0.7050996,0.010526195,0.021533385
4393,4394,2.2980423,0.7048696,0.0047149137,0.009828657
4393,3757,63.393887,0.70400715,0.13010803,0.25970292
4394,4395,6.5634766,0.70746773,0.013862856,0.027624935
4394,1398,1.504303,0.7013837,0.003190592,0.0068664104
4395,838,1.8922234,0.7063276,0.003062509,0.0062628984
4395,839,53.343864,0.70620024,0.09706162,0.19271024
4395,6118,48.91872,0.7055583,0.09840105,0.19562148
4396,4397,9.29987,0.7065737,0.018621296,0.03632158
4396,6120,6.443474,0.7064605,0.013044141,0.026173025
4397,4398,8.141167,0.70919245,0.016108707,0.031390414
4397,4396,9.188225,0.70823866,0.018285252,0.035630107
4397,160,31.390131,0.7090614,0.0608749,0.11633186
4397,159,54.066833,0.70876324,0.09735123,0.19413728
4398,4397,8.410831,0.70713305,0.016717501,0.032627672
4398,4408,7.244728,0.7104343,0.014715582,0.029203266
4399,463,1.7699127,0.7082566,0.0033372492,0.007005438
4400,477,2.0054016,0.7157109,0.0029276013,0.006351769
4400,476,28.15635,0.71550214,0.054116618,0.10459957
4400,4637,28.589825,0.7129748,0.059146754,0.113830015
4401,4406,2.0199928,0.7128511,0.0032310039,0.0065556914
4401,476,38.53847,0.7146694,0.072996065,0.14028671
4401,465,18.591438,0.71446246,0.03787223,0.072679795
4402,4412,1.9974747,0.7092514,0.0028904155,0.0063648373
4402,164,32.79653,0.7096715,0.06790903,0.13128537
4402,160,20.730154,0.70951056,0.041096356,0.07927526
4403,4961,34.486637,0.7049213,0.066474065,0.12671494
4403,150,30.997375,0.70488024,0.0603862,0.11561484
4403,149,35.165333,0.7044653,0.06784882,0.12963551
4403,4404,54.502357,0.7037695,0.10003361,0.19945085
4404,4403,54.927147,0.70146984,0.10083199,0.20086053
4404,6744,17.61274,0.7020907,0.039799497,0.07724085
4405,465,1.8897972,0.7118032,0.0028802752,0.0063337684
4405,4406,18.654135,0.71231824,0.03836464,0.07402205
4406,4401,2.0866928,0.7121507,0.0032877699,0.0066129267
4406,160,19.477108,0.7104894,0.03857426,0.07419302
4406,4407,28.751852,0.713483,0.05991054,0.1146495
4407,4408,1.8061562,0.6910852,0.003487736,0.0076634884
4407,4398,7.5264015,0.7082361,0.0149221495,0.029542029
4408,4399,2.3687134,0.7108971,0.0046022832,0.0096690655
4408,4409,48.609398,0.7096905,0.09977572,0.19801952
4409,158,2.030182,0.7066382,0.0037351698,0.008082047
4409,6401,40.37628,0.7076838,0.08254439,0.15985118
4409,159,18.456505,0.7074299,0.03737929,0.07217345
4410,165,1.0289268,0.71153444,0.0029551908,0.006367907
4410,4411,46.378166,0.7108463,0.09389403,0.18552484
4411,164,2.1085243,0.7085285,0.0032344684,0.0067869127
4411,4412,32.71915,0.7089143,0.06761152,0.13109419
4411,837,51.40619,0.7101859,0.09375917,0.18551674
4412,4402,1.9938774,0.7089161,0.002966836,0.0065038353
4412,6119,28.742748,0.7086831,0.06017814,0.115402006
4412,475,52.389275,0.7090065,0.0953378,0.1890621
4413,4410,1.6676292,0.7130101,0.0032724068,0.0069717765
4413,1404,26.057415,0.71571714,0.06032395,0.1174794
4414,6724,190.97354,0.6977521,0.21221296,0.4231574
4415,4414,12.03236,0.7018753,0.0142766535,0.028931528
4415,6212,3.3849792,0.70382965,0.0066313297,0.013885289
4416,6734,1.8710175,0.7019816,0.004580997,0.009526014
4416,108,30.441801,0.70351595,0.06955174,0.13571118
4417,4416,2.887062,0.7041049,0.0070912093,0.015223801
4417,6734,0.0,0.44250566,0.0019585267,0.0
4418,4417,1.9003143,0.70545274,0.004951954,0.0102161765
4418,115,17.785063,0.4497049,0.04644557,0.084921345
4419,2664,2.1005478,0.7035173,0.002223514,0.0051953197
4419,4418,41.813107,0.7069727,0.095425405,0.18846576
4420,2360,26.227982,0.70482856,0.054339603,0.10421853
4420,109,1.8568344,0.7010881,0.004714869,0.009902477
4420,4419,13.747932,0.7051299,0.030116942,0.05872801
4421,6653,1.8655434,0.724874,0.0044742823,0.009596124
4422,155,66.21939,0.7236656,0.120196566,0.2390808
4422,5086,2.227394,0.7212333,0.0032459348,0.0074871182
4423,4424,24.363426,0.7064962,0.048238274,0.09331498
4423,1301,39.619793,0.7021307,0.07443335,0.14515083
4424,4423,24.707775,0.7074685,0.048718747,0.09453392
4424,1300,35.538277,0.704569,0.06907983,0.13248461
4425,1326,3.8945198,0.70319843,0.0069752038,0.014720157
4425,4426,5.386612,0.7005387,0.009458706,0.01980099
4426,1326,5.003319,0.70165396,0.008694872,0.017700985
4426,245,64.15643,0.7003185,0.115215115,0.23034766
4427,2732,1.9013481,0.7026045,0.0032204688,0.007753089
4427,3755,88.734665,0.70377654,0.18562156,0.36974415
4428,4427,1.973568,0.69370747,0.0043139905,0.009410113
4428,4432,6.608658,0.6993407,0.012708016,0.025648892
4429,4434,1.5587502,0.69906974,0.0039178655,0.00883235
4430,4429,2.203228,0.7027657,0.0037477836,0.00797911
4430,170,32.15484,0.7040796,0.07551275,0.14801346
4431,3151,1.7618141,0.7018344,0.0026073307,0.00567919
4431,4430,34.600693,0.7012223,0.06600659,0.12671384
4431,152,38.155163,0.7025703,0.07281827,0.13984399
4432,4431,29.667835,0.7017599,0.058135837,0.11158214
4432,648,37.63972,0.7008097,0.073593855,0.14172801
4433,4428,2.0303116,0.6980347,0.0039651617,0.008610949
4433,169,34.21921,0.7057518,0.073786296,0.1412011
4434,148,2.1439133,0.7000755,0.0034279302,0.007086873
4434,4435,16.974178,0.6997742,0.03749688,0.07267706
4435,2277,39.4616,0.70099646,0.08893047,0.1731964
4435,148,16.908287,0.7023138,0.036983676,0.07165712
4436,4437,2.0152016,0.7117426,0.0029805452,0.0063840896
4436,4439,103.1152,0.71340275,0.20785025,0.41281497
4437,4436,2.0351067,0.7099621,0.0031489357,0.007042572
4437,5420,216.27489,0.7106635,0.38365385,0.75682586
4437,4438,24.593163,0.71068865,0.050485067,0.09810848
4438,2844,1.945816,0.71129644,0.0029994473,0.0064570457
4438,3315,31.262897,0.7106237,0.06455715,0.12563877
4439,4437,102.849686,0.710603,0.20749247,0.4118986
4439,5417,12.28746,0.7119518,0.02479174,0.048469633
4440,3733,1.6188011,0.57928157,0.002296552,0.005308822
4440,3736,168.70053,0.586745,0.35396555,0.69179064
4441,3378,1.9502678,0.59712446,0.0026084334,0.0059382915
4441,532,167.59125,0.5898184,0.3155319,0.6207226
4441,4442,25.901937,0.5943839,0.05259774,0.10051565
4442,2042,2.3322601,0.59302753,0.003755398,0.008113712
4442,4440,63.518173,0.5867824,0.12125724,0.23829123
4443,4444,2.4096184,0.70070064,0.004307635,0.009652391
4443,1072,40.72476,0.7042837,0.07542929,0.14437526
4444,4443,2.3767052,0.6965044,0.0038127303,0.008643493
4444,113,127.39608,0.70248264,0.232775,0.4624591
4444,6698,48.9296,0.7000692,0.0895516,0.1766804
4445,6599,2.5303001,0.69990784,0.0042818785,0.009426504
4445,6600,2.9099197,0.7009338,0.004946731,0.010688096
4446,147,2.3190002,0.6983253,0.004360616,0.009288788
4446,3745,61.75924,0.70130384,0.12388642,0.24716118
4446,112,16.115526,0.7030878,0.032761883,0.063409835
4447,138,4.2302895,0.70065415,0.008373089,0.016609505
4447,3743,1.8243332,0.6989694,0.0031761974,0.007329464
4448,352,0.12768173,0.12513924,0.001983717,0.0048042387
4448,6068,18.638378,0.7174139,0.038580462,0.075125776
4449,145,2.147705,0.7199547,0.004139796,0.008852735
4450,338,13.486095,0.71169853,0.026436977,0.051520765
4450,3300,122.22547,0.7119562,0.21918091,0.43421185
4451,4454,2.3657417,0.71278024,0.0039408132,0.008041352
4451,5911,28.719498,0.71152896,0.0590499,0.11344713
4451,352,130.10057,0.71298033,0.2319647,0.459926
4452,348,1.985218,0.712301,0.0015349016,0.00382182
4452,4453,46.27138,0.7099799,0.0934668,0.18444715
4453,3560,2.0582504,0.71284974,0.001788795,0.004241988
4453,4451,24.544352,0.71186584,0.051161073,0.09809363
4454,4451,2.0223541,0.7127465,0.0033309907,0.0065315217
4454,3560,24.706696,0.71502835,0.051071737,0.09920979
4455,3937,1.7211151,0.7146322,0.002910316,0.0068789124
4455,5421,67.85693,0.71986175,0.12419408,0.24752694
4456,4455,1.8904495,0.71247053,0.003334634,0.007575065
4456,3256,32.955254,0.7190053,0.06288992,0.12127108
4457,3844,1.9584541,0.7148037,0.0038381517,0.0082695335
4457,4456,26.89746,0.72009104,0.051895104,0.10032966
4458,4457,1.7680702,0.7202629,0.0026679933,0.0061314553
4458,144,29.710205,0.72339416,0.060733963,0.11715991
4459,452,38.38402,0.7122825,0.07260656,0.13826856
4459,142,2.0898361,0.70860577,0.0037709102,0.00807628
4459,1692,14.252342,0.7163367,0.028904915,0.05615165
4460,3840,2.4383087,0.7248758,0.004719004,0.009810641
4460,45,26.108011,0.72838503,0.059979953,0.11569487
4461,4505,1.0728912,0.7030241,0.005683735,0.0123101175
4462,6209,0.22790146,0.44130304,0.0027939677,0.006458178
4463,2372,1.8811569,0.70652884,0.0027276054,0.005757928
4463,2069,83.71022,0.7091008,0.14996535,0.30014798
4463,346,27.011726,0.70852494,0.055108026,0.107226536
4464,2203,7.7094,0.61379266,0.017953202,0.035968944
4464,6297,24.73089,0.6203543,0.051631205,0.0983601
4465,4940,22.693392,0.72714174,0.044538613,0.08533486
4465,6254,2.8624687,0.72204316,0.008877628,0.018030584
4466,4208,1.8165665,0.72806156,0.002724886,0.005767271
4466,6045,29.190613,0.73212415,0.05501366,0.1066188
4466,6571,78.35523,0.7280214,0.15582392,0.31152835
4467,2916,3.3495827,0.71370035,0.0057074726,0.011885911
4467,831,178.60776,0.71031797,0.31483266,0.6230881
4467,3857,39.160164,0.7164683,0.0739413,0.14294334
4468,1699,1.6219978,0.70354044,0.0038140863,0.008045733
4469,4469,13.384317,0.69652367,0.026817523,0.0520999
4469,4469,13.384317,0.69652367,0.026817523,0.0520999
4469,1944,309.24908,0.6962582,0.58994246,1.1635813
4470,5056,1.8714867,0.58811736,0.0019224733,0.0049655885
4470,2115,25.569351,0.59048057,0.06095451,0.11758815
4471,2061,15.16503,0.74282056,0.021681026,0.041986853
4471,296,44.88465,0.74888754,0.075252146,0.14317867
4472,4473,1.9511299,0.6378594,0.005307153,0.010420471
4472,5434,26.274498,0.020272344,0.12581024,0.26829666
4473,4472,1.9179688,0.6382166,0.005164124,0.009722099
4473,3543,41.40694,0.021525294,0.22200936,0.4728462
4474,4715,87.52066,0.6847087,0.19498664,0.38627818
4474,5149,46.256817,0.6682507,0.10750281,0.21279514
4475,2533,58.144062,0.58781946,0.11151187,0.21947126
4476,1960,2.8100739,0.6497792,0.004987411,0.011036202
4476,2653,172.39095,0.6413627,0.32280332,0.63699025
4477,1941,2.520237,0.65227216,0.004851766,0.010268003
4477,3338,110.51786,0.6546381,0.22352579,0.4419936
4477,1937,49.9315,0.6523237,0.10386921,0.20439085
4478,1937,2.0000496,0.6530875,0.0033719987,0.0070185065
4478,3337,101.149124,0.6639868,0.1849172,0.36730254
4478,1941,48.747993,0.65792185,0.101763755,0.20030037
4479,1959,58.22293,0.66075015,0.1175225,0.23492472
4479,4480,11.92083,0.6591536,0.024816416,0.048672453
4480,7000,30.05352,0.66557693,0.064454585,0.12334837
4480,4479,11.789923,0.65841424,0.024688683,0.04867524
4481,4483,1.9851379,0.64713556,0.0029547438,0.006574467
4481,6994,68.72018,0.65504676,0.13951653,0.2779998
4482,4484,2.1169434,0.6521053,0.0036401972,0.008762494
4483,4481,1.8029938,0.64751,0.002468139,0.0057237893
4483,2658,124.55401,0.6397308,0.22907141,0.4531564
4483,1467,107.53589,0.6453846,0.22332367,0.43876767
4484,6994,1.5264091,0.65531635,0.002773501,0.0062925667
4484,4483,68.333305,0.6529281,0.13953152,0.27715197
4485,3044,43.137005,0.6769607,0.08152331,0.16012585
4486,3053,32.66932,0.6953075,0.09050599,0.17859946
4487,4490,2.8744278,0.58813244,0.0065768063,0.013719469
4487,4373,2.12714,0.66006297,0.003598459,0.0068547428
4487,3044,127.52146,0.67596585,0.23305419,0.46183628
4488,2841,62.743614,0.6777356,0.14151567,0.27932745
4488,4489,8.469418,0.6729585,0.017288826,0.034438416
4489,2851,1.36829,0.63228464,0.003157191,0.0067997277
4489,4487,1.5979195,0.6286152,0.0033316761,0.0072444975
4490,1942,3.4431725,0.6726935,0.006658636,0.013336226
4490,4491,36.816715,0.20473307,0.11578321,0.2420012
4491,1943,3.0929718,0.6736133,0.005544536,0.01004982
4491,6069,29.282894,0.045581937,0.09978042,0.21321012
4491,3044,37.66234,0.6766633,0.07122971,0.13827552
4492,4507,10.49716,0.6931095,0.026678696,0.052577928
4493,4509,14.104589,0.7000643,0.028522335,0.056069925
4493,4492,14.787739,0.6970664,0.037028924,0.07244054
4494,4493,39.12009,0.695487,0.11089954,0.21989919
4495,4494,15.954952,0.6923352,0.04164888,0.082036756
4495,4494,22.987738,0.6931895,0.045254853,0.08698003
4496,3053,2.6100845,0.69499105,0.003876567,0.00849393
4496,4067,219.08904,0.70093215,0.3882835,0.7697125
4496,4495,32.315964,0.69733053,0.087499134,0.17205292
4497,2875,2.2662354,0.6935276,0.0033817515,0.007594928
4497,2874,96.71189,0.69718945,0.17541349,0.35034943
4497,4496,41.103783,0.6989748,0.11495164,0.22743365
4498,4497,60.696724,0.70100003,0.18170351,0.3625722
4499,4498,21.657742,0.70062214,0.055839717,0.10933188
4499,4498,31.675226,0.6999645,0.06079729,0.11810069
4499,4028,1.3683167,0.69377834,0.0057256445,0.011529893
4500,5874,2.6074104,0.69662505,0.004886642,0.0101340115
4500,4499,32.345005,0.69418657,0.09049608,0.1765872
4501,1944,230.9724,0.6955067,0.440978,0.8706088
4501,5711,13.308489,0.6943953,0.032530345,0.06366913
4502,872,2.4709892,0.7003846,0.003611654,0.00814113
4502,2091,114.76573,0.70359486,0.20837179,0.41444018
4502,5714,30.362183,0.7024047,0.08179229,0.16046983
4503,4502,13.164047,0.70360816,0.033451892,0.0653493
4504,4503,31.142578,0.700233,0.061558478,0.11884511
4504,4503,21.807064,0.7005364,0.0583534,0.11338624
4505,3977,2.5971375,0.7053035,0.0040275827,0.00893335
4505,2091,123.525276,0.70690554,0.2242671,0.44560766
4505,4814,86.35235,0.70970184,0.25706246,0.51312274
4506,4461,33.39611,0.71029055,0.064332254,0.1226435
4506,4461,22.170185,0.7088793,0.05915616,0.11363242
4507,876,1.8097153,0.69452596,0.0034179688,0.007678345
4507,6905,9.486473,0.6909306,0.023720443,0.046291664
4508,3093,16.676071,0.6978106,0.03336038,0.06515644
4509,4508,14.924742,0.6977123,0.029934153,0.058740318
4509,4508,14.209383,0.69708836,0.0299276,0.058647424
4510,4492,3.3641624,0.6945118,0.005950518,0.012431532
4511,2438,1.2871437,0.6740105,0.0036965013,0.008491099
4511,4382,1.9917717,0.6705246,0.0040202662,0.008848071
4512,4514,2.8108902,0.6823217,0.0046745613,0.010001108
4512,829,226.48505,0.6855435,0.405138,0.80008304
4513,2434,52.64884,0.68248403,0.12688932,0.2522483
4513,4511,5.6044655,0.68033457,0.011316262,0.023039788
4514,1194,2.52491,0.67653143,0.0042305365,0.008796066
4514,4513,2.5780945,0.6770088,0.00495442,0.010722265
4514,3892,78.30046,0.68025625,0.14232768,0.28532404
4515,5444,3.153904,0.67983985,0.0071640834,0.014644131
4516,4519,2.0217705,0.6821693,0.002766855,0.006668806
4516,799,56.915073,0.6822778,0.105935775,0.21143432
4517,4518,1.7321968,0.68340635,0.0034142807,0.007819012
4517,815,65.13357,0.68561137,0.13364784,0.2664235
4518,813,2.7155304,0.6864536,0.005358897,0.0112914145
4518,4532,22.99538,0.68700445,0.04828094,0.09383884
4519,4517,1.7662697,0.68542624,0.0037813634,0.008071899
4519,6832,4.024925,0.68432605,0.008093141,0.016625509
4520,4521,44.83951,0.4738679,0.11473581,0.22254431
4521,1477,1.8512802,0.48164007,0.0025297403,0.005434975
4521,4526,72.066956,0.48328453,0.14374116,0.27842844
4522,698,1.4424858,0.5414802,0.002202198,0.0052523464
4522,1896,29.48899,0.5426262,0.051375143,0.0980428
4523,3286,85.84808,0.5464768,0.17954199,0.349711
4523,4524,4.5316772,0.545632,0.006858349,0.014042601
4524,4522,1.7419968,0.5456426,0.0014470667,0.0034189522
4525,5591,51.765,0.439793,0.104082756,0.19998676
4525,4520,68.160034,0.44815186,0.17990133,0.3458325
4526,4521,71.35765,0.47949573,0.1421152,0.27593166
4526,1478,84.97927,0.49940097,0.16863203,0.32760134
4527,2401,2.112133,0.69406456,0.0033532977,0.0073680133
4527,4531,3.493225,0.69697845,0.0068390146,0.014460802
4528,3533,169.66847,0.6806362,0.33678696,0.6630146
4528,4530,20.439281,0.6895839,0.042443167,0.081807084
4529,3070,2.1547775,0.69394183,0.0033845752,0.0071882755
4529,4527,11.502441,0.69529057,0.023456328,0.046248928
4530,6683,2.136814,0.6890499,0.0032836795,0.0067768395
4530,4529,132.0711,0.69736564,0.26604366,0.5245626
4531,6787,1.8727989,0.6944591,0.0028163195,0.0062274933
4531,875,60.730022,0.69758105,0.10995755,0.21847174
4531,5873,43.459198,0.6967614,0.087276295,0.17248133
4532,6866,1.9429321,0.6811215,0.0033434406,0.0075158924
4533,4537,3.5151672,0.65954924,0.0069168136,0.014455393
4533,2872,15.089571,0.65884817,0.031159252,0.0608458
4534,1148,171.95496,0.6612675,0.3134699,0.6199475
4534,6224,183.60591,0.6571837,0.37150964,0.73185676
4535,2754,2.4235077,0.6601531,0.0040432736,0.009121761
4535,1144,236.40814,0.66928756,0.43151549,0.8503735
4535,4534,9.2567215,0.6656417,0.019137308,0.03803648
4536,4535,29.888742,0.6687259,0.06498494,0.12577164
4536,2389,48.937683,0.6715735,0.0981323,0.19470257
4537,6224,1.7960968,0.6551776,0.0022525862,0.005536914
4537,1460,234.32751,0.6522602,0.43000802,0.84745955
4537,2754,189.62247,0.653861,0.38238394,0.75328344
4538,2044,1.8705368,0.31082648,0.0044775456,0.008474082
4539,4585,52.742863,0.65950364,0.098597616,0.19472304
4539,3043,86.647194,0.66231775,0.16096054,0.32087284
4540,3731,1.7150574,0.5444359,0.0039689094,0.008676842
4540,2505,2.7963371,0.5471576,0.0020489916,0.0051149726
4541,4542,1.6901016,0.6890227,0.0028484464,0.0059667975
4541,6251,49.594368,0.68876165,0.15347284,0.3075719
4542,6253,0.48913574,0.5576398,0.0030177757,0.005266249
4542,4543,43.91425,0.6899096,0.08985391,0.17883076
4543,105,2.0506172,0.6879228,0.00309816,0.0068904907
4543,2720,89.05197,0.68649983,0.1633414,0.3268603
4543,4545,56.000504,0.68785244,0.11382344,0.22656795
4544,131,214.38683,0.69886446,0.3862639,0.7645824
4544,4553,4.635666,0.6912263,0.007910907,0.016497284
4545,131,139.66223,0.6950339,0.27718994,0.54975164
4545,105,55.687828,0.6889193,0.11301946,0.22456601
4546,3250,20.401703,0.65957415,0.041711368,0.080713965
4546,4559,29.626745,0.6607643,0.059381753,0.11351725
4547,17,1.4300995,0.54806346,0.002532892,0.0061186105
4548,3982,0.57722473,0.1405555,0.0021021366,0.0050171465
4548,4551,79.77988,0.44607198,0.16452211,0.31706458
4549,2423,6.923195,0.22568023,0.01597061,0.031316444
4549,4548,2.1865768,0.41823116,0.0042755976,0.009032428
4550,2023,2.9065742,0.47677666,0.005530216,0.011079967
4550,3730,133.8487,0.50692207,0.26679856,0.5177424
4551,4550,2.8581657,0.475524,0.0052744225,0.010449737
4551,2023,1.8727493,0.4747161,0.0029240325,0.0059292614
4551,2049,73.15088,0.46525207,0.14943454,0.28878972
4552,4555,21.708553,0.6970596,0.04286282,0.08238388
4552,6472,2.9007034,0.6937083,0.0051944926,0.010876611
4553,6472,2.2065582,0.6924972,0.0032750517,0.007543847
4554,4555,3.8324318,0.69481355,0.0054048523,0.0114325285
4554,4553,22.773737,0.69407654,0.04508958,0.08697193
4555,4554,3.7648506,0.6953496,0.0052948147,0.011217147
4555,132,18.508627,0.6955836,0.037063546,0.0713625
4556,4557,54.42549,0.69446546,0.09928841,0.19774574
4556,2618,29.982895,0.6931839,0.05893663,0.11273741
4556,134,51.979187,0.6955358,0.09532031,0.18947396
4557,4560,59.13443,0.6951846,0.106729575,0.21290752
4557,5550,26.501923,0.6939825,0.052208982,0.10089578
4557,4556,54.599842,0.6939339,0.09878596,0.19667566
4558,135,2.636219,0.6962957,0.004387237,0.009297654
4558,5550,58.15127,0.69482267,0.10594879,0.21129817
4558,4560,52.62983,0.69689214,0.09641701,0.19217816
4559,1149,1.9073257,0.6574682,0.0028470755,0.0064594746
4559,3453,70.810936,0.6598752,0.1304892,0.25999996
4560,4557,59.129055,0.69504464,0.10734165,0.21407938
4560,4558,52.870567,0.69737273,0.09641318,0.19174923
4560,134,55.315536,0.69629073,0.100642055,0.20040347
4561,2202,13.135857,0.698472,0.026316859,0.051082134
4561,4562,5.5736084,0.6977996,0.010248341,0.020925716
4562,3708,16.293053,0.70266974,0.036504608,0.07136114
4563,4565,2.0034103,0.73812133,0.003767699,0.008079737
4563,499,10.825083,0.7382226,0.021392882,0.04125914
4564,4162,1.8232536,0.7400447,0.0038848966,0.007972136
4564,6808,37.31018,0.74324393,0.07460709,0.14538865
4565,4564,1.7410431,0.7392811,0.0035287365,0.007318467
4565,4566,6.97287,0.7433417,0.013066895,0.025871739
4566,4564,6.365265,0.74286264,0.011579804,0.02307716
4566,320,42.990677,0.740159,0.08072736,0.15519555
4567,321,124.68992,0.7394204,0.24294928,0.48200476
4567,4569,6.9618454,0.73747945,0.014013514,0.02807428
4568,313,10.403404,0.74036837,0.020090126,0.039420053
4568,500,14.0568905,0.7433848,0.028263941,0.05471699
4569,313,2.190113,0.7385099,0.0021307021,0.0045914203
4569,317,56.775627,0.7410826,0.09991437,0.19848254
4569,4568,10.321465,0.74272764,0.020776875,0.04072158
4570,3126,61.738358,0.7347405,0.11676544,0.22883226
4570,4571,6.395897,0.7358466,0.0122939795,0.024431318
4571,300,2.2324104,0.7417642,0.0033523366,0.006770849
4571,4572,7.51025,0.7362977,0.014853507,0.029278263
4572,300,7.2319107,0.7374295,0.01420176,0.027966157
4572,4573,53.20703,0.7407787,0.10101924,0.19652773
4573,4572,52.386955,0.7409835,0.09904972,0.19341032
4573,301,8.171619,0.73963404,0.016619109,0.03265308
4574,301,2.5604553,0.73328257,0.005102895,0.009805188
4574,4573,8.524609,0.7358469,0.016868107,0.03305094
4574,3133,48.38015,0.73061556,0.09423648,0.18322958
4575,3643,66.63716,0.7152636,0.1199808,0.23944776
4575,4184,16.250177,0.7144012,0.032180946,0.062295966
4575,5414,136.95985,0.7161056,0.2472769,0.49042422
4576,2729,7.24419,0.7197535,0.013302438,0.026562378
4576,682,39.006866,0.7150904,0.07864646,0.15469423
4577,2819,2.146824,0.6549857,0.0029076561,0.006484315
4577,4579,11.999968,0.65972877,0.025037378,0.049476385
4578,4579,2.2195396,0.6578331,0.0022818148,0.005548209
4578,4577,12.011372,0.6590818,0.024995953,0.04916124
4579,4578,2.2831192,0.6584784,0.0024448037,0.0056226254
4579,4581,70.72386,0.66003203,0.14369968,0.28615576
4580,4581,2.2727432,0.66159874,0.0024448335,0.0057312995
4580,4578,70.09241,0.6610229,0.14356835,0.28593037
4581,4580,2.3751488,0.6601666,0.0026477128,0.0062178075
4581,3940,107.95535,0.6664922,0.22085443,0.43623942
4582,1776,32.522087,0.6935304,0.062583014,0.120800026
4582,6510,86.68914,0.69259685,0.20127621,0.39906868
4583,2647,2.021431,0.662091,0.0031947717,0.00724262
4583,1470,215.75984,0.6699549,0.39101815,0.7717479
4583,6995,115.344376,0.6639463,0.2322658,0.45862025
4584,3323,2.7802734,0.5734554,0.005512029,0.011744201
4584,3682,0.38999176,0.03502205,0.0009845272,0.0017607659
4585,2662,1.9261055,0.6544632,0.0033708364,0.007259935
4585,4539,54.6296,0.65749776,0.100220844,0.19825992
4586,4105,0.3926735,0.6214076,0.004605226,0.009457007
4586,82,29.770916,0.66428536,0.05887398,0.11354305
4587,2291,3.0758858,0.69921416,0.0061595663,0.013773158
4587,2774,2.0546951,0.68691754,0.003964491,0.009112924
4588,6182,3.9676933,0.67930174,0.007922597,0.016548336
4590,5353,121.73377,0.52091646,0.23933893,0.46451724
4591,2850,46.81997,0.7104089,0.08492541,0.16518033
4591,2840,39.252205,0.7115503,0.074995644,0.14596273
4592,3983,5.256424,0.5652964,0.011516266,0.023689851
4592,5665,2.607216,0.559304,0.001724042,0.0043789297
4593,329,3.625309,0.7190988,0.0031356663,0.00719963
4593,310,108.46373,0.7235153,0.21291128,0.4217813
4594,4251,37.287346,0.72824377,0.07037164,0.13536096
4594,4619,34.115593,0.7294149,0.064700164,0.123822734
4595,3081,1.903141,0.73081994,0.003112644,0.006575376
4595,3763,35.43425,0.7326454,0.070739776,0.13874088
4596,74,2.7179642,0.72600454,0.0045150816,0.010094434
4596,73,85.20405,0.72994196,0.20811091,0.41637677
4596,3307,46.889446,0.72591746,0.08569124,0.16644044
4597,4599,2.1230316,0.72464335,0.0031728074,0.006777838
4597,34,139.98657,0.7248032,0.2516472,0.49880844
4597,5358,55.15792,0.7226871,0.11051974,0.2184408
4598,1978,1.7868195,0.7286958,0.0023568124,0.0053703934
4598,4615,12.928633,0.73009956,0.026019797,0.0505407
4599,4597,2.0390396,0.72407323,0.003184408,0.006899923
4599,40,6.32246,0.7232358,0.012436666,0.02514112
4600,39,1.8465118,0.7140254,0.0033753589,0.0073533803
4600,4601,2.5117645,0.7263286,0.0041292533,0.008839861
4601,39,2.9286842,0.7256243,0.004657261,0.010207891
4601,2101,130.67377,0.72660315,0.23623842,0.4683094
4602,5990,2.8944702,0.73174393,0.0056744367,0.011639357
4602,2820,2.581791,0.73259556,0.0041238368,0.008356258
4603,4604,2.0429878,0.7113328,0.0041423887,0.008508265
4603,355,42.114223,0.7206918,0.09235027,0.18101986
4604,1980,1.6412888,0.7122731,0.004482478,0.009317532
4604,4606,57.62886,0.72305226,0.1158745,0.22957872
4605,2095,1.8834457,0.7246307,0.0027443245,0.0057112575
4605,3082,42.012337,0.72402865,0.07828578,0.15128078
4605,6999,11.699968,0.7238529,0.023753747,0.046474457
4606,4607,3.09663,0.7185091,0.002618827,0.0060908347
4606,4605,40.66012,0.720702,0.08199848,0.16046298
4607,4606,2.951088,0.7188025,0.0023348927,0.0055047274
4607,1980,58.426895,0.72406894,0.11662652,0.23031624
4608,6305,3.2295341,0.7297468,0.004067935,0.008193761
4608,1618,1.8875504,0.73038185,0.0029621497,0.006201446
4608,6153,26.766905,0.7339222,0.05246346,0.101320215
4609,4608,21.428827,0.7331134,0.041350756,0.08057405
4609,2151,50.00863,0.7319104,0.09167997,0.18134502
4610,2048,3.7767067,0.59364414,0.0071989596,0.014564127
4611,4612,2.2599564,0.6985619,0.002674766,0.005747363
4611,2169,67.32362,0.7002665,0.16629906,0.33165583
4612,260,1.418827,0.69717985,0.0039027557,0.008889258
4612,4613,119.388664,0.7035005,0.21946847,0.43665016
4613,260,120.231445,0.70771664,0.22061911,0.43913853
4613,394,5.002945,0.6999296,0.009322293,0.019288003
4614,3255,2.6621246,0.7290111,0.0013723895,0.004105836
4614,3255,3.6686172,0.72660524,0.0068391785,0.014518395
4615,2824,1.8778076,0.7310994,0.002427563,0.0057074875
4615,4614,8.396385,0.7285712,0.016771019,0.032995224
4616,2820,3.8938217,0.7318178,0.007623695,0.015695408
4616,5990,1.6668091,0.7338755,0.00248909,0.0057685524
4617,2924,84.72337,0.73509675,0.19901347,0.39716017
4617,2923,68.03228,0.73261195,0.15916865,0.31827414
4617,2963,100.195404,0.7328068,0.17805132,0.3558522
4618,753,11.74614,0.6775171,0.023666248,0.046393573
4619,4594,34.534378,0.7284613,0.06500994,0.12434833
4619,1956,10.871656,0.7259133,0.020972855,0.04126683
4620,1956,1.7177353,0.72035855,0.0025065988,0.0056367815
4620,2071,219.02734,0.72037125,0.38620526,0.76320845
4620,4619,10.831682,0.7232075,0.020449772,0.039864615
4621,4620,6.36705,0.7227763,0.012001984,0.023924887
4621,2099,93.3609,0.722959,0.1656758,0.33276683
4622,3959,3.7767563,0.72408897,0.006564349,0.01335071
4622,7073,63.830147,0.7256642,0.11919565,0.23765676
4622,4623,10.035908,0.7250801,0.011956722,0.025208503
4623,3958,8.839294,0.72332036,0.017641336,0.03495346
4624,3557,1.9981537,0.72268,0.0029515028,0.0063533187
4624,309,46.438034,0.7257267,0.08544521,0.16570306
4624,3556,43.252293,0.724464,0.08060829,0.1571498
4624,5441,35.30394,0.7272936,0.06603685,0.1266087
4625,6165,0.0,0.050376683,0.0044559315,0.009782493
4626,4635,2.6743965,0.7366961,0.0023517013,0.005078882
4626,1616,2.2241096,0.7363253,0.003690675,0.007792428
4626,4132,120.53757,0.7409415,0.23020035,0.45777363
4627,4628,31.403406,0.7230977,0.05324518,0.10390302
4627,6159,26.980356,0.7266457,0.053905796,0.10462122
4627,399,27.371471,0.72488135,0.055324864,0.10713469
4628,399,4.59037,0.71309775,0.0057892874,0.011831135
4628,5324,371.08618,0.7052028,0.4879629,0.9641511
4628,4627,31.357695,0.72221637,0.053066034,0.1032653
4629,6526,62.82905,0.703339,0.12380761,0.2467618
4629,3349,44.453957,0.70900786,0.08739265,0.17101796
4629,4228,62.82718,0.70311296,0.11271454,0.22320914
4630,670,48.519447,0.7213191,0.14431311,0.28659183
4630,672,37.209846,0.7214057,0.07162961,0.1373459
4631,4752,2.1217613,0.68181133,0.0023814142,0.0059269965
4631,2193,82.671616,0.6778732,0.20003569,0.3974399
4632,21,0.79711914,0.012037158,0.0031609833,0.007632181
4633,4209,7.734375,0.72905767,0.009467766,0.019466862
4633,4634,2.9735756,0.73723924,0.006553665,0.01346992
4634,4209,4.621048,0.74335706,0.008723341,0.017249152
4634,1617,1.6840401,0.74236876,0.002626367,0.0055300146
4635,4625,3.9182167,0.7438483,0.004548155,0.009663224
4635,2232,21.79471,0.09473604,0.09117805,0.19246446
4636,470,2.3615265,0.71046925,0.0038698465,0.008165985
4636,476,30.732615,0.71301705,0.059283942,0.113596804
4637,469,1.73135,0.6974409,0.0034779161,0.007555276
4637,4636,28.460222,0.7131523,0.05627908,0.10822207
4638,4637,1.8021088,0.70942146,0.0030287951,0.00677
4638,477,28.38956,0.7187166,0.058711614,0.11287175
4639,156,1.7869263,0.71333325,0.003104344,0.0072076023
4639,4638,67.95213,0.7184828,0.1229108,0.24532461
4640,468,29.185768,0.7217893,0.056731656,0.10900167
4640,5424,2.4660645,0.7164895,0.0039226413,0.008220494
4641,2761,37.00262,0.70317656,0.06377687,0.12468957
4642,4641,5.2526703,0.70307636,0.008689612,0.018052801
4642,102,49.39915,0.7006189,0.090546004,0.18010482
4642,2836,2.4921722,0.69950676,0.0039877966,0.008565292
4643,4778,2.7423477,0.68387496,0.003320761,0.007884935
4644,4462,3.5639648,0.69372314,0.010767043,0.021538213
4645,5693,2.6150246,0.6761292,0.0053272173,0.011505291
4645,6171,7.9228287,0.6814215,0.008332215,0.01801546
4646,3482,4.5700836,0.6720681,0.00879208,0.018157288
4646,4269,27.799496,0.6765113,0.058066305,0.110862896
4647,4646,4.8406715,0.67319536,0.009088136,0.018999904
4648,4649,2.449314,0.6837081,0.0038794652,0.008965045
4648,4007,60.428276,0.6931853,0.10970838,0.21833788
4649,4005,2.2802238,0.6875998,0.00362131,0.008562341
4650,4286,2.920147,0.6710033,0.004798405,0.010071412
4650,4829,36.492283,0.6695999,0.071175195,0.1378639
4651,4652,2.8328972,0.67165375,0.005078234,0.010622352
4651,3574,28.645164,0.6776672,0.057136647,0.110483736
4652,4651,1.6693497,0.6721542,0.0021776408,0.0052859485
4652,4829,140.2336,0.6688405,0.25510842,0.50503945
4653,2751,2.4383545,0.6927569,0.004251018,0.009137601
4653,4909,15.888529,0.6930319,0.030783854,0.060155667
4653,6384,28.985472,0.69565934,0.05927173,0.11394111
4654,4986,2.0212517,0.7004568,0.003988035,0.009155363
4654,5630,143.77567,0.6975979,0.20540917,0.40977764
4655,1038,3.524456,0.70012915,0.0065938532,0.01404503
4655,6339,80.32,0.6963042,0.11200045,0.2238231
4656,5605,2.086666,0.69593066,0.005003132,0.0108873695
4656,5604,27.642788,0.7004439,0.05698285,0.11152441
4657,5629,2.1291084,0.6970865,0.0040943027,0.00946869
4657,5857,68.3992,0.6962232,0.10326005,0.20400885
4658,3899,2.3604965,0.7526442,0.0024448186,0.005096793
4659,440,1.8702278,0.6910037,0.0045089647,0.009919375
4659,436,28.285494,0.6962452,0.065575674,0.12737116
4660,6238,25.465149,0.71505696,0.058139697,0.11369675
4660,6237,257.80264,0.0,1.0607176,2.2193983
4661,539,1.0603714,0.5296703,0.0037774667,0.0077671707
4661,5266,38.66318,0.53164583,0.076476626,0.14835927
4662,4132,2.8833618,0.7354344,0.005213298,0.010460034
4662,7022,8.272999,0.032393157,0.056918528,0.1224891
4663,6229,36.52205,0.7511136,0.06780316,0.13066545
4663,3904,17.186234,0.45035532,0.057686843,0.09701464
4664,2937,4.3995476,0.75094926,0.00089160353,0.0022598952
4664,2825,27.752136,0.46005997,0.10004534,0.15941352
4665,4666,1.76968,0.41804248,0.0025444925,0.005246237
4665,1985,160.38225,0.41728315,0.33883986,0.6515632
4665,1974,54.532375,0.4054024,0.11459493,0.21995644
4666,4665,1.7238274,0.41893256,0.0027618855,0.0057052523
4666,2397,97.323425,0.42795998,0.1992426,0.3824858
4667,4668,2.2556648,0.38537195,0.0033126846,0.0066953152
4667,5469,7.7019386,0.38838404,0.019239247,0.037337452
4668,6506,2.2641258,0.38347638,0.0052288547,0.010173738
4668,4667,2.2178383,0.38602915,0.0036730915,0.007321179
4669,4650,31.507496,0.67284137,0.06360988,0.12059109
4669,5625,71.04815,0.67348796,0.22362602,0.4461046
4670,5347,117.22476,0.5483171,0.3030041,0.59240687
4670,5347,153.50987,0.54369295,0.29847735,0.58328545
4671,4842,0.81988907,0.5617983,0.0028023124,0.0062233657
4671,4672,14.67738,0.56831783,0.034302346,0.06703218
4671,3688,36.554653,0.5645204,0.09094737,0.17642027
4672,4673,120.97844,0.5501413,0.31430396,0.61415386
4672,4671,14.648188,0.564485,0.03439521,0.067288235
4673,6177,10.03759,0.5451571,0.023406215,0.046207443
4674,767,1.3021164,0.4636365,0.0047871023,0.00975275
4674,1154,77.75218,0.4777731,0.15465567,0.30019248
4674,1154,72.953926,0.4774643,0.14554252,0.28206128
4675,1715,14.755569,0.62083,0.03789216,0.07409156
4676,4675,20.993189,0.6230613,0.058682267,0.11409391
4676,4675,29.352287,0.622404,0.059233285,0.11418913
4677,4678,1.6214485,0.5082551,0.002160646,0.004580125
4677,2229,61.56372,0.50311184,0.12175873,0.2379805
4677,5204,28.229387,0.51522523,0.06284364,0.11938702
4678,4677,1.5432587,0.5091815,0.0020097643,0.0042866915
4678,1455,67.31677,0.51450294,0.13185143,0.25771427
4678,6638,51.88741,0.49213275,0.11514408,0.22406489
4679,4815,2.2551231,0.38387287,0.005507447,0.0106500685
4679,2284,14.829861,0.38946235,0.035816744,0.068525225
4680,1536,70.43755,0.6794879,0.13075075,0.26163316
4680,5184,32.398636,0.6833821,0.06337731,0.12200789
4681,32,14.469412,0.7193544,0.02901581,0.056308024
4681,6596,8.795219,0.71833766,0.017411105,0.0341354
4681,3294,12.209738,0.72132784,0.024384305,0.047317654
4682,5720,5.89835,0.6258512,0.014230445,0.028822869
4683,625,28.753408,0.6272424,0.070014276,0.13502681
4683,4682,3.7294312,0.6176116,0.005325839,0.011586338
4684,417,2.3012009,0.6906319,0.003593348,0.008534446
4684,1345,50.074142,0.6906357,0.05755855,0.10872768
4685,1006,2.1457634,0.6890789,0.0033696145,0.007423654
4685,4851,61.922768,0.6876904,0.13006082,0.2591506
4686,2721,1.984478,0.67631596,0.0028848723,0.0063086003
4686,7065,57.855515,0.6768144,0.116978005,0.2326841
4687,728,2.2575607,0.6831274,0.0035739243,0.0077952445
4687,812,42.517254,0.6818316,0.08067681,0.15924865
4687,3328,7.207554,0.68111855,0.014388412,0.028861776
4688,744,3.018528,0.68292475,0.0052098557,0.010828227
4688,678,2.3836975,0.6809781,0.0037474856,0.008066714
4688,2837,23.696291,0.6817426,0.047756236,0.09319709
4689,744,2.017788,0.6793275,0.005209826,0.010783091
4689,678,3.0564003,0.68236256,0.0056998134,0.012207642
4690,5174,1.7504158,0.68812966,0.004323788,0.009228095
4691,4690,2.5294037,0.6966815,0.004615128,0.009743303
4691,6803,66.9046,0.70182735,0.15535757,0.30537242
4692,1027,30.30723,0.70006853,0.07199584,0.14050096
4692,693,95.530754,0.69560003,0.087738626,0.17006373
4693,2865,13.1322975,0.6643146,0.027456515,0.053878278
4693,567,81.628296,0.6616623,0.16493535,0.32777995
4694,4695,13.759045,0.6814194,0.02829194,0.05523871
4694,975,125.93399,0.67749566,0.2311514,0.4586513
4695,4974,1.8699493,0.677115,0.003301084,0.0074175447
4695,262,130.64673,0.681907,0.24397579,0.482944
4696,968,13.242859,0.6868484,0.026820287,0.052476183
4696,4694,45.862015,0.68387413,0.090147406,0.17771403
4697,2871,2.0838013,0.6510319,0.0030389354,0.0066551417
4697,1146,46.52939,0.6519866,0.08711106,0.17155619
4697,6028,14.0837345,0.6546979,0.029441915,0.057561465
4698,818,1.9631996,0.65206444,0.0035254657,0.00763312
4698,1146,30.062222,0.65431565,0.06360222,0.123454235
4698,6031,6.469307,0.65346885,0.013031527,0.026514053
4699,4992,47.958385,0.6273325,0.100925475,0.19733769
4699,3509,5.9879,0.62532026,0.012570612,0.025290713
4700,6774,3.1832962,0.621129,0.00546287,0.011149958
4700,3355,9.951351,0.62380254,0.020882405,0.04151833
4701,6843,4.4954643,0.5196303,0.009863764,0.019812062
4701,522,2.3162231,0.51599145,0.0051392913,0.011017889
4701,6840,1.3981819,0.5189406,0.0032751411,0.0073141456
4702,521,1.5739517,0.50924426,0.0028754547,0.0062784106
4702,1856,125.94982,0.5415014,0.26531178,0.51656777
4702,6840,59.449593,0.5165662,0.12988788,0.25412816
4703,542,48.44085,0.61965984,0.09892894,0.19328335
4703,4704,2.550518,0.62111825,0.0045020506,0.009589449
4704,4699,17.700336,0.6271104,0.037555233,0.07308715
4705,3509,21.43192,0.62644255,0.04613134,0.08923707
4705,4924,58.578156,0.62167835,0.14740707,0.28935102
4706,1016,2.1467743,0.6830697,0.0031655654,0.0070166737
4706,5139,37.398735,0.6894632,0.07241463,0.13823104
4707,4708,2.768444,0.7165617,0.004926771,0.009988025
4707,2830,50.523125,0.7196249,0.11349335,0.2247237
4708,5230,2.3467789,0.71655625,0.0051204115,0.011105493
4709,808,1.9750595,0.6843734,0.002808258,0.0063074827
4709,1185,87.871445,0.6844585,0.15993896,0.31951126
4709,6964,122.64167,0.6872717,0.24965969,0.4918722
4710,1871,4.048313,0.43949297,0.012314014,0.018085629
4711,3063,51.003876,0.6575915,0.09548778,0.18886428
4711,4219,86.52609,0.6531149,0.16113955,0.32016116
4712,3187,2.0218163,0.7107687,0.0021416098,0.005262062
4712,5502,47.63532,0.7204707,0.1070359,0.21194911
4713,4352,17.204082,0.6336566,0.038617536,0.07491352
4713,4333,6.3842354,0.6385072,0.014742084,0.02937606
4714,4779,2.8266335,0.68651783,0.0037109554,0.008496702
4714,5332,18.884438,0.6880038,0.041732073,0.08080637
4715,1962,1.4411469,0.6838655,0.0041489303,0.0094112605
4715,4793,80.35596,0.70482576,0.19125086,0.3807255
4715,4474,84.74028,0.6903196,0.19656943,0.3908571
4716,4717,2.381878,0.669084,0.0045557544,0.009688854
4716,4718,2.778019,0.67279804,0.00201305,0.0051977485
4717,4718,2.4652328,0.67045814,0.0047642887,0.010276765
4717,584,204.68166,0.6702955,0.3726731,0.7355643
4718,4716,2.6807518,0.6759979,0.0017115176,0.0047887266
4718,4862,27.707825,0.6757853,0.05894125,0.11220237
4719,4695,1.561203,0.6833017,0.0031642392,0.007705122
4719,977,5.118416,0.68602264,0.010827124,0.022409096
4720,6321,26.383234,0.69302213,0.061830625,0.120177776
4721,636,2.4955902,0.68378896,0.004942417,0.010476872
4721,4722,30.06112,0.68608624,0.059477605,0.11397477
4722,6175,269.17328,0.6803433,0.48445296,0.9536157
4722,636,30.647324,0.68436044,0.059504256,0.114728265
4723,4052,2.356617,0.7427544,0.005325645,0.009840399
4723,1615,17.987217,0.017418921,0.11015247,0.23193295
4724,629,1.592022,0.5508113,0.0016294345,0.0040681064
4724,3174,33.04145,0.5626551,0.066051915,0.12724283
4725,2728,95.859604,0.5339479,0.2429781,0.47194415
4725,1935,14.539673,0.5496317,0.027190067,0.053171396
4726,6881,1.8970642,0.69093394,0.0048536733,0.010179952
4727,4763,2.5876656,0.7174534,0.0032199994,0.0073407143
4727,5916,47.693813,0.7189643,0.109574266,0.21647117
4728,6255,1.3185196,0.7259487,0.003947139,0.008481532
4728,41,27.352345,0.7300035,0.062180802,0.1201836
4729,4734,1.2826843,0.5788767,0.0029323623,0.006168768
4730,4732,1.2488251,0.57016647,0.0040174127,0.0085772425
4730,3379,6.7756767,0.5737128,0.01607082,0.03215325
4731,6812,11.976154,0.58241516,0.027553275,0.053640082
4731,4729,1.3861656,0.57992893,0.004106082,0.008679837
4732,4731,1.0227699,0.5778741,0.0030641034,0.0066220164
4733,4730,0.9000206,0.57012725,0.002459392,0.0051253587
4734,2166,7.708374,0.58124125,0.017890513,0.035523072
4734,4733,1.0396042,0.57777727,0.0030464604,0.0064830035
4735,4733,1.6865845,0.57614124,0.004352659,0.009289727
4735,3379,10.466562,0.5751133,0.019318648,0.03867933
4736,4304,2.518898,0.687966,0.002867289,0.0067170262
4736,2172,96.53676,0.69056946,0.1775701,0.35435438
4737,5393,1.5871544,0.6819918,0.0030464008,0.0069902986
4737,5394,27.67683,0.6905786,0.05645804,0.10805053
4738,514,8.50745,0.7188155,0.018397614,0.036694273
4738,1559,24.366707,0.72642875,0.055150714,0.107972056
4739,5866,2.7860794,0.705047,0.0053065047,0.01167877
4739,4740,45.452724,0.6974327,0.083260104,0.16230966
4740,1079,2.7970085,0.66700697,0.0040335953,0.009116173
4740,4906,20.753668,0.6925726,0.04123853,0.07956369
4740,2058,28.864485,0.6906265,0.055851776,0.10707455
4741,5180,40.83478,0.56155545,0.09911891,0.1917635
4741,5197,26.761995,0.56780434,0.052857842,0.10083165
4742,5448,39.554707,0.7223902,0.08026382,0.15718597
4742,5448,42.930893,0.7259754,0.08282346,0.16043961
4743,4317,1.5683479,0.55226713,0.001480557,0.00396277
4743,3960,46.572647,0.57224256,0.11230543,0.2185228
4744,2523,2.0151253,0.6484825,0.003145963,0.007275626
4744,4746,1.5190544,0.64773417,0.004267834,0.009564117
4744,2524,157.70335,0.6450205,0.29133108,0.57577354
4745,5273,2.4066505,0.64977944,0.004089199,0.008467242
4745,2258,9.100697,0.65370715,0.018909916,0.03759235
4746,1129,1.8608971,0.64808345,0.0028143004,0.00628756
4746,4747,36.462605,0.6527987,0.091165684,0.17963256
4747,5273,9.07465,0.6508251,0.020825021,0.041285083
4747,2258,2.339138,0.6464511,0.0041173697,0.00909172
4748,4873,16.634113,0.42547473,0.036790878,0.07111378
4749,4750,2.216774,0.6702958,0.0022050515,0.0056619495
4749,2799,32.714317,0.6732698,0.06540724,0.12573114
4750,4749,2.1451187,0.6677315,0.0021656677,0.0053640753
4750,3207,25.591892,0.6703135,0.05060019,0.097547956
4751,4983,1.8977127,0.6996017,0.0045966133,0.009328902
4751,4984,3.771225,0.70101976,0.0068039447,0.014108941
4752,4631,2.217968,0.6774601,0.0025770664,0.0059496462
4752,5195,88.62794,0.6905907,0.21010834,0.41688752
4753,1448,2.5698166,0.66922927,0.0018992275,0.0053677857
4753,3874,22.129715,0.6706033,0.052274596,0.1016485
4754,4755,2.105667,0.69405717,0.0022990033,0.0054410547
4754,6711,25.19223,0.69934046,0.058004797,0.111652665
4755,4754,2.172676,0.6949418,0.002488397,0.006054148
4755,6708,48.00756,0.70018655,0.11120668,0.21969882
4756,6467,1.7797356,0.66546625,0.003212221,0.00696066
4756,5671,178.22,0.6721134,0.46604663,0.92267215
4757,4756,1.5020638,0.635991,0.0041525736,0.008495465
4757,1452,10.963816,0.67234105,0.021837652,0.042709097
4758,4228,48.435463,0.70628476,0.07619582,0.14392768
4759,4269,2.4259033,0.67303896,0.004591346,0.010176748
4759,4760,3.1940956,0.6792712,0.0014598444,0.004421711
4760,4270,60.098045,0.67507464,0.12203099,0.24314149
4761,4062,4.2174225,0.5927732,0.0066058114,0.013591975
4761,4089,102.98524,0.5956534,0.14928983,0.29506943
4762,2161,82.81789,0.7178135,0.16513957,0.3298745
4762,2829,34.525944,0.71792126,0.078534335,0.15348761
4763,4762,17.43658,0.7190497,0.038229916,0.074744
4763,4727,2.4926758,0.7161615,0.0030598193,0.0070083886
4764,6529,13.847574,0.6915294,0.030702583,0.060205594
4764,4779,22.06767,0.6918205,0.04966284,0.09507347
4765,766,154.53076,0.64041114,0.22703645,0.45012772
4766,5484,128.53455,0.7092962,0.3035039,0.60260737
4767,6519,50.097404,0.67085874,0.11783757,0.23252587
4767,4361,20.310057,0.6754052,0.045847032,0.08838632
4768,5920,38.494896,0.6711217,0.09201,0.18048243
4769,4770,1.9606628,0.5925514,0.0020154119,0.004880503
4769,718,2.3966217,0.5945863,0.0036826879,0.00805755
4770,4769,1.9035568,0.59332156,0.0018780902,0.0044970214
4770,719,29.360863,0.59479564,0.059555363,0.11391286
4771,718,1.8645897,0.5927477,0.001689598,0.0042680204
4771,4770,2.4046211,0.5952133,0.0036327317,0.007934019
4772,3882,2.096016,0.59113854,0.003288336,0.0075093806
4772,4771,42.35529,0.59508896,0.082987726,0.15974486
4773,968,101.3856,0.68862164,0.18632072,0.37131387
4773,4774,8.199654,0.68450195,0.015651979,0.031399995
4774,261,17.389317,0.6864232,0.034904014,0.06794956
4774,4773,8.044231,0.68374676,0.015445933,0.030662596
4775,755,1.9828835,0.69279915,0.0031099245,0.0070230514
4775,1117,31.664669,0.6975461,0.06178917,0.117859796
4775,756,29.350014,0.6979888,0.057299268,0.110363945
4776,1746,9.970676,0.7313521,0.019264929,0.037657514
4776,6679,3.6463509,0.7303114,0.004681386,0.010215446
4777,1799,41.379436,0.14528039,0.115139976,0.23259577
4777,889,78.29062,0.41230732,0.16652158,0.32244456
4777,1767,2.685543,0.11124843,0.006027214,0.012801573
4778,4643,2.8866043,0.6834118,0.0036222264,0.008526728
4778,6916,3.2150154,0.68324625,0.0074195117,0.015654057
4779,4714,2.438427,0.6910837,0.0026497617,0.006523937
4779,4764,22.839916,0.6922623,0.05063233,0.09703188
4780,2453,64.78112,0.64932346,0.16813284,0.33261818
4781,3924,2.1963806,0.73961943,0.003993079,0.008080229
4781,665,46.713455,0.7411989,0.104476266,0.20694341
4782,2135,8.143139,0.67740715,0.016433656,0.03269647
4782,4863,21.100407,0.67607987,0.04538184,0.08701063
4783,4784,2.033764,0.671157,0.0035160705,0.008425489
4784,4864,1.8735771,0.67401767,0.0037060678,0.008069918
4784,2991,14.026205,0.6772938,0.029306363,0.057389975
4785,6392,4.407299,0.043702483,0.032575853,0.068269916
4786,3949,1.9167404,0.6709827,0.0033737347,0.0074784756
4786,5405,85.68178,0.6734946,0.17564091,0.3486712
4787,296,5.5730667,0.7496908,0.00985124,0.019154862
4787,3902,0.510273,0.43371543,0.0045412853,0.0027818978
4788,1558,239.5214,0.727796,0.18817927,0.376783
4788,5487,2.325882,0.7373445,0.002987653,0.0062554926
4789,6680,8.690254,0.73126364,0.016140752,0.031943545
4789,5684,67.39081,0.7325522,0.12066516,0.24036303
4789,3360,3.5982208,0.73158073,0.0059807226,0.011961848
4790,6371,1.202774,0.6838058,0.0032972917,0.007546395
4790,4709,42.167854,0.687464,0.08729054,0.17242932
4791,4324,7.858227,0.73582655,0.014613494,0.028851792
4791,4191,1.8832855,0.7353279,0.0012236163,0.0031263083
4792,4791,12.187933,0.731534,0.023249194,0.04523933
4792,4325,2.0862427,0.7313287,0.0015815347,0.0037852377
4793,4795,2.210846,0.7113392,0.0022948682,0.0057203323
4793,3262,70.671524,0.72248167,0.16545731,0.32951236
4794,3262,1.5027618,0.6483304,0.0022407472,0.0041169226
4794,2393,89.02104,0.73172474,0.15724802,0.3144024
4794,4795,69.99948,0.721544,0.16195773,0.32293272
4795,1962,81.24896,0.70127916,0.192398,0.3820905
4795,4793,2.392025,0.71085644,0.002527669,0.0062912554
4796,4329,0.0,0.4389676,0.0018402264,0.0
4796,4173,68.20657,0.45732394,0.22352093,0.35452262
4797,4779,18.793615,0.69201493,0.04341834,0.08396293
4797,5332,2.0310287,0.6874915,0.0028081685,0.006069854
4798,5330,4.395836,0.70084983,0.007969342,0.01606147
4798,6917,123.65516,0.6947663,0.22423828,0.44522387
4798,4228,16.323101,0.7009791,0.032532312,0.06311341
4799,5331,2.16465,0.6910739,0.0033046529,0.0072399676
4799,5330,43.787987,0.6961421,0.08236012,0.15944532
4800,4797,1.651886,0.6783415,0.0043861344,0.008966327
4800,4799,27.755266,0.69163555,0.054296434,0.10432542
4801,2756,1.9246178,0.6961037,0.0047730356,0.010316685
4801,4008,52.63076,0.6978911,0.096549116,0.19008474
4802,4801,1.8757515,0.6958573,0.0030890703,0.0065591335
4802,4118,56.078243,0.69906396,0.12822528,0.25488722
4803,7024,22.14788,0.4521314,0.046303738,0.08878396
4803,4804,36.834717,0.47030956,0.093968436,0.1804666
4804,6960,25.81905,0.49307474,0.06214349,0.1192916
4805,1797,42.9891,0.4229657,0.11097969,0.21747571
4806,250,1.9064522,0.46041447,0.005817242,0.011628941
4806,7025,2.20607,0.46093917,0.0033051446,0.006514281
4807,6478,2.783249,0.638348,0.004532233,0.009425789
4807,5287,45.99902,0.64104337,0.11364795,0.2235893
4808,2067,100.96988,0.634871,0.18215114,0.35980535
4808,5335,5.158867,0.6438477,0.00951983,0.018971294
4809,2460,2.1659355,0.6385921,0.0030625835,0.0068590343
4809,6262,37.736828,0.6436375,0.07053526,0.13856131
4810,5334,1.2951622,0.63610107,0.0013071746,0.0036564618
4811,4812,2.0957298,0.67017514,0.0020656362,0.0052071065
4811,4286,23.288393,0.6736308,0.04710024,0.090364866
4812,4811,2.202465,0.67084557,0.002403915,0.0057111382
4812,3970,25.613974,0.673259,0.05120269,0.098950356
4813,6891,1.2641983,0.5773174,0.0042705014,0.009263337
4813,2533,20.397182,0.5806346,0.042245694,0.08135375
4814,5712,2.3572311,0.6997913,0.0056287646,0.011929005
4814,4504,22.611004,0.70415866,0.057801742,0.11319227
4815,5301,1.1826363,0.36504942,0.0050678104,0.009956092
4816,6131,28.363728,0.74019885,0.053197693,0.10332594
4816,4817,2.0826492,0.7361358,0.0015987232,0.0038951784
4817,6133,3.388092,0.734978,0.005575873,0.011736423
4817,4816,1.9127235,0.7372192,0.0012368411,0.0032788664
4818,5748,17.266836,0.6779142,0.032218397,0.063282125
4819,3507,8.276077,0.6797658,0.018735118,0.037369385
4820,5391,57.846733,0.6826203,0.08994372,0.17591065
4820,4819,29.019753,0.6832758,0.05117069,0.09973967
4821,3926,49.360348,0.69537616,0.10098714,0.20000619
4822,6655,6.356537,0.6971445,0.014081925,0.028104678
4822,4821,5.7673073,0.69328207,0.009180628,0.01894866
4823,4287,39.472782,0.6655363,0.160525,0.32293624
4824,1386,3.4657135,0.6630953,0.005241625,0.011306837
4824,3617,133.62099,0.6706116,0.24404511,0.48299044
4824,5616,158.64444,0.6698227,0.28759468,0.56811523
4825,7012,2.2567062,0.67387503,0.0039382726,0.0091808885
4826,3920,2.3773727,0.6760411,0.0024401322,0.005935982
4826,4913,60.05127,0.6729372,0.12031238,0.23743176
4827,3208,0.0,0.6663122,0.008331932,0.01681444
4827,5919,2.5678291,0.66851795,0.0047070608,0.010133937
4828,2352,1.0754929,0.5887349,0.0031647906,0.0069882274
4828,2352,42.560093,0.5966772,0.08163325,0.15745819
4829,4652,139.56396,0.6681424,0.2546374,0.5045102
4829,4650,36.67368,0.67121106,0.07117358,0.13789324
4829,4286,35.679893,0.6729622,0.06965466,0.13468498
4830,4831,2.2838058,0.67204696,0.0050851777,0.011008978
4830,3515,9.47242,0.67803305,0.018492676,0.036782727
4831,7052,6.051422,0.67543906,0.015188724,0.030230612
4831,4830,1.4950104,0.6705481,0.0031671077,0.0072591156
4832,5643,62.61803,0.70172185,0.09879828,0.1916709
4833,8,1.6353035,0.5258237,0.0021688864,0.004843101
4833,11,102.9657,0.5228327,0.2693948,0.52408147
4834,4835,25.28009,0.38384417,0.05266617,0.0994799
4834,5472,14.084221,0.3808516,0.032984152,0.063184604
4835,5470,0.06732559,0.058637887,0.0045069456,0.00842765
4836,1841,6.2044945,0.62840056,0.011222519,0.022676915
4836,1891,84.418396,0.6216734,0.15870188,0.3146954
4837,2480,1.2110367,0.66503817,0.0036946163,0.008317053
4837,5926,156.24527,0.6681824,0.31321642,0.61849266
4838,3263,2.740345,0.6709826,0.0018589646,0.004894808
4838,5516,34.669388,0.6700339,0.07273069,0.14256698
4839,3396,14.5553875,0.6717801,0.030053016,0.058312826
4839,3265,25.941483,0.67438793,0.05407531,0.10446389
4840,4841,0.9712601,0.5618455,0.003107749,0.0069904476
4840,533,17.681742,0.5688062,0.041214086,0.07965395
4841,4840,0.9617958,0.5663683,0.003051892,0.0070114285
4841,5664,2.7592926,0.5706307,0.007359378,0.014818847
4842,4671,0.8828049,0.563228,0.0030107945,0.0067760497
4842,4840,4.802582,0.5687925,0.012088299,0.02455847
4843,1416,22.190405,0.73895514,0.051627442,0.100713745
4844,4843,34.872704,0.72972333,0.08438732,0.16422175
4844,4843,47.53588,0.73359185,0.08648838,0.16870387
4845,1885,63.875946,0.537668,0.1236328,0.24243681
4845,3673,24.417463,0.54587615,0.07108845,0.13806424
4846,3249,28.851517,0.69965035,0.07900836,0.15638499
4847,6885,1.9888382,0.6412356,0.0040659383,0.00863196
4847,5050,13.469234,0.662439,0.027161099,0.052732825
4848,3895,99.761024,0.57841927,0.25143418,0.49379784
4849,4158,22.759174,0.4807997,0.05489273,0.10547202
4849,4158,26.777761,0.46258122,0.056260947,0.10755077
4850,1017,2.0554314,0.6933149,0.0023464188,0.00572297
4850,1027,13.474182,0.695015,0.024486192,0.048049837
4851,4853,2.798317,0.68088883,0.005477749,0.011354536
4851,2463,3.5183449,0.68411344,0.0067945123,0.014214575
4852,4854,2.1850777,0.6647359,0.0035370067,0.008002952
4852,4326,43.650738,0.66563904,0.09099258,0.18049805
4852,180,24.42338,0.6676929,0.04961841,0.09478402
4853,2463,2.2403374,0.68276346,0.0042474493,0.009492531
4853,6831,23.55576,0.6821543,0.04980407,0.0950512
4854,4852,2.5240974,0.6644633,0.004205063,0.008907482
4854,4277,105.064316,0.6759467,0.2143245,0.42418262
4855,4853,2.4299202,0.6814225,0.004645027,0.0099518895
4855,1489,3.8027802,0.68419266,0.0074234083,0.015394896
4856,1843,31.74561,0.56936973,0.09575314,0.18854345
4857,4858,2.962635,0.53576416,0.002619125,0.006006032
4857,2315,6.701809,0.5270945,0.019589111,0.038350657
4858,4857,3.3612823,0.53575635,0.0033723488,0.007597506
4858,4159,1.1769524,0.53463274,0.0064479336,0.012548432
4859,4860,2.3083801,0.39134252,0.003645353,0.007188961
4859,272,37.072445,0.38986653,0.12653984,0.24552962
4860,4859,2.3646011,0.39067096,0.003746681,0.007367596
4860,5471,26.346188,0.37878606,0.077568166,0.14941634
4861,4806,2.264248,0.45629883,0.0035623536,0.0075090528
4861,6447,1.6567993,0.45786476,0.0032066107,0.006536633
4862,4782,2.4852982,0.67278713,0.00474634,0.009974197
4862,2134,217.91913,0.67178583,0.43467623,0.85596347
4863,4783,2.234436,0.672561,0.0036521554,0.007859841
4863,2990,24.6166,0.6789714,0.048935164,0.0939132
4864,4863,2.272194,0.6733339,0.004399836,0.009366855
4864,2135,24.557392,0.6741445,0.052441277,0.10238731
4865,3894,2.852085,0.6704574,0.0038212687,0.008519769
4865,4838,150.45074,0.6716384,0.30012044,0.59215784
4866,4186,13.467527,0.65043724,0.027840868,0.054570638
4867,2184,7.879257,0.5558179,0.018790565,0.037534624
4868,5200,5.408745,0.52515626,0.01229088,0.024693787
4869,3364,2.2866821,0.7119374,0.004402362,0.008566096
4869,4231,51.007156,0.029070556,0.3814211,0.80731094
4870,4871,0.45424652,0.28627726,0.0017234012,0.0035574734
4870,2861,46.92616,0.6722389,0.113915846,0.22362891
4871,4870,0.6820946,0.33692753,0.0028911605,0.0061914027
4871,424,13.458912,0.6693928,0.027823359,0.053837925
4872,2567,9.881882,0.7121315,0.0192791,0.038091257
4873,6929,2.8562088,0.42095026,0.0033168048,0.0069758445
4873,689,22.002323,0.4208644,0.050545447,0.0959751
4874,4875,1.4264069,0.6543659,0.0040911213,0.009133995
4874,2527,2.370842,0.6550205,0.0033916458,0.00789246
4875,2525,1.8738098,0.65581846,0.0024053454,0.0053572506
4875,2259,36.15532,0.656315,0.08697108,0.17257524
4876,4877,1.4009323,0.61199266,0.0041281655,0.0084940195
4876,1164,36.399334,0.6182134,0.11172636,0.21942714
4877,4876,1.2852631,0.609966,0.0038177297,0.007820129
4877,2710,16.687233,0.620688,0.042550664,0.08298481
4878,1918,1.3157005,0.6110882,0.004250422,0.009001479
4878,1523,38.224808,0.6224368,0.12153472,0.23855436
4879,4880,3.7299461,0.6638715,0.0073184073,0.015164107
4879,3181,115.91783,0.66464156,0.2334652,0.4620185
4880,3394,68.308105,0.661487,0.14004394,0.2768649
4880,4879,2.184021,0.65621424,0.0036403462,0.008071199
4881,4882,57.786537,0.6517129,0.106056325,0.21012664
4881,4885,3.3248177,0.65222526,0.0061079934,0.0125056505
4882,4884,1.8793755,0.6503604,0.0027160794,0.006301403
4882,4883,16.6089,0.6494279,0.033930853,0.06592416
4883,1557,1.5522537,0.64949435,0.0020701438,0.0047754496
4883,1111,84.9814,0.64898455,0.15748394,0.31331494
4884,4882,1.7681046,0.64690036,0.0024978071,0.005763814
4884,4881,56.765305,0.6525891,0.1067938,0.21150184
4885,1111,67.126724,0.6514755,0.1247534,0.24944344
4885,1110,125.34836,0.6524247,0.23160094,0.45842052
4885,5545,156.18936,0.6526423,0.2879268,0.56865996
4885,4881,3.2198944,0.64851856,0.0055057183,0.011355147
4886,4234,15.664682,0.68061435,0.031706583,0.062273547
4886,5064,78.18556,0.68089736,0.14492051,0.2874904
4887,6601,2.537098,0.6421916,0.004025966,0.008184269
4887,3766,44.43646,0.0069290996,0.24650651,0.52553004
4888,902,1.9411316,0.62333196,0.0030840337,0.007160917
4888,2602,143.31567,0.6205519,0.2655554,0.5243427
4888,6410,39.68923,0.6261706,0.07645142,0.14775544
4889,552,2.2472458,0.64233524,0.0039860606,0.008919552
4889,897,56.390335,0.64845645,0.11644061,0.2295982
4890,4991,175.99062,0.6543712,0.40441287,0.7961131
4890,5992,3.8593407,0.64338243,0.0078117773,0.01638648
4891,5793,2.4669113,0.64961505,0.0018638,0.004811585
4891,5006,3.900177,0.65034807,0.0077731535,0.016276479
4892,897,2.9287148,0.64629763,0.0017932579,0.0047140867
4892,4889,56.083286,0.6466257,0.11423971,0.2257505
4893,898,2.0376816,0.64182246,0.0030596703,0.0067004412
4893,3500,36.423233,0.6451103,0.070938036,0.13872683
4893,5815,22.576208,0.6470429,0.04834693,0.093117476
4894,4892,3.2435837,0.646468,0.0020568594,0.0055512637
4894,3765,17.975704,0.64803123,0.038115334,0.073923096
4895,564,1.5521317,0.646963,0.0018848628,0.0046684146
4895,4891,67.71556,0.64788723,0.13891807,0.27490583
4896,618,60.125275,0.659785,0.11406622,0.22565207
4897,860,32.448265,0.67856133,0.06475053,0.12386471
4897,862,2.025856,0.64835364,0.003657326,0.008016676
4898,5137,2.3788795,0.67352414,0.0043196976,0.009734243
4898,5718,2.0541496,0.6756528,0.003987424,0.009237379
4899,863,24.683235,0.6819915,0.051317178,0.098308995
4899,4900,2.3130875,0.6627532,0.004356481,0.009619623
4900,4898,2.1023178,0.6733769,0.0035516247,0.0074499846
4901,954,4.640728,0.6856538,0.0071147233,0.0146621615
4901,953,5.80373,0.6821095,0.016164593,0.031884745
4902,4353,3.1565247,0.6407894,0.0029020458,0.0069546998
4902,4903,11.864214,0.636681,0.025127508,0.049415976
4902,3768,7.9694633,0.6389658,0.016515218,0.03291318
4903,1740,9.748825,0.6365582,0.023010634,0.04535456
4904,4905,2.4080315,0.6940986,0.0026470572,0.006601125
4904,4653,15.079887,0.6951046,0.029170241,0.05714073
4905,4904,2.3583984,0.6939406,0.002516888,0.0059410185
4905,4907,9.929695,0.69328433,0.018508129,0.037143394
4906,4904,10.363956,0.69307816,0.019560076,0.03922373
4906,4907,2.59766,0.6941514,0.0030157194,0.007075891
4907,4906,2.6002655,0.6942006,0.0030914247,0.0074871033
4907,1079,21.935095,0.6954385,0.04349971,0.08341124
4908,4909,1.8219757,0.6957553,0.0028697029,0.006784126
4908,2751,15.947134,0.6955802,0.03126994,0.06099598
4909,4908,2.0642166,0.69578457,0.0033623874,0.007643059
4909,3007,24.521254,0.6954191,0.048137255,0.092862554
4910,643,51.772297,0.6683525,0.09742372,0.19341847
4910,3260,64.18135,0.66480297,0.116026714,0.23099332
4911,3821,25.8419,0.6726186,0.052686553,0.102029145
4911,4912,48.41667,0.6742842,0.09629232,0.18989488
4912,4913,3.2469177,0.6660181,0.0033309907,0.00774543
4912,3920,61.58027,0.67448103,0.12264866,0.24401373
4913,4912,3.304081,0.67176086,0.0029829964,0.006922066
4913,3319,45.807896,0.6691179,0.09433237,0.1853572
4914,890,2.528122,0.68394256,0.0041267425,0.0088401735
4914,5348,80.925156,0.686354,0.14745568,0.2947148
4915,2390,79.51174,0.53052443,0.15473741,0.30242574
4915,2999,2.6871796,0.5219699,0.0047795773,0.010063216
4915,4916,2.2583084,0.5200781,0.004045889,0.0086452365
4916,2999,2.5243416,0.52407414,0.0070787147,0.014304265
4916,4915,2.127098,0.5240097,0.003283009,0.0073418766
4917,983,5.563923,0.689467,0.012128994,0.023958191
4918,3929,2.4728775,0.6394011,0.003610909,0.008446738
4918,3771,1.1531067,0.028211653,0.010354012,0.02040565
4919,2653,2.4966736,0.6292001,0.004729338,0.009671092
4919,6610,50.405354,0.6335038,0.09423115,0.18306504
4920,2834,43.0778,0.61274296,0.08402826,0.16469884
4920,4923,17.880657,0.625847,0.037033092,0.071752675
4921,1997,36.801792,0.6409832,0.07150982,0.14006889
4921,4922,2.081459,0.6298409,0.002795741,0.006400183
4922,4923,1.5975647,0.62741446,0.0024148598,0.005564183
4922,4920,17.779377,0.6276366,0.036948897,0.071508974
4923,4922,1.4261093,0.6269587,0.0018673539,0.0046652853
4923,4921,2.2300186,0.6300163,0.003233157,0.0074359477
4924,4948,22.465355,0.6140362,0.055972412,0.10949763
4925,4926,2.1890984,0.5484874,0.003698185,0.0074739605
4925,1258,51.793766,0.5659542,0.1003933,0.19696584
4926,4927,1.1257172,0.5425491,0.0012006685,0.0032386035
4926,5193,23.12727,0.53894,0.048689086,0.092803426
4927,4925,1.9412193,0.54909587,0.0032988638,0.006855324
4927,4926,1.1136017,0.54203695,0.0010154918,0.0027082115
4928,3079,45.70917,0.6981524,0.08553243,0.16742095
4928,6049,171.79762,0.69134206,0.30996335,0.6130209
4928,2609,74.95611,0.6954652,0.13554068,0.2716247
4929,4930,4.8979073,0.6981403,0.007146552,0.015074134
4929,5610,2.750126,0.69796586,0.0041384622,0.009315684
4930,3495,12.842039,0.6982626,0.028411157,0.05587314
4931,6222,6.058468,0.703271,0.0050682127,0.011078477
4931,4932,6.286625,0.69990474,0.0107896775,0.022444114
4932,243,33.650146,0.70300305,0.07861446,0.15347442
4933,1497,2.5558434,0.6583215,0.0046310127,0.010046303
4933,4934,3.1118736,0.6551519,0.005339563,0.011124894
4933,1496,30.900944,0.6593834,0.065226495,0.12606499
4934,1497,2.5902328,0.65572053,0.004306607,0.009367302
4934,4933,3.0944366,0.65600723,0.004995778,0.010632187
4934,3018,120.42234,0.6550871,0.23799247,0.4700817
4935,1728,24.664272,0.62367094,0.068486445,0.13373859
4936,4935,19.043764,0.62246776,0.0516002,0.10074566
4936,4935,28.476221,0.61895704,0.057332687,0.11069002
4937,1703,2.0906181,0.61547387,0.0038395599,0.008253515
4937,1706,26.093513,0.61175567,0.05383838,0.10367066
4938,3440,4.211235,0.697397,0.0078043267,0.016064003
4938,3439,2.1991272,0.69706887,0.0031905323,0.0070648044
4939,4940,3.0757904,0.72674465,0.0069728717,0.015082121
4939,6046,10.685703,0.72551495,0.024706267,0.048660085
4940,6045,12.037527,0.7280108,0.023258567,0.046003103
4941,2685,1.6763649,0.63102317,0.0034024715,0.0073823035
4941,2686,11.0484295,0.63615245,0.024210945,0.047853023
4942,4943,3.3658218,0.72033584,0.00405629,0.008903459
4942,3347,5.9165688,0.71912587,0.008930385,0.018280536
4943,4942,3.5192413,0.7190255,0.004656464,0.009732544
4943,1750,85.77269,0.7221279,0.12014409,0.24045087
4944,5404,1.7666969,0.66600555,0.0036212504,0.008121312
4944,3242,44.937828,0.6736479,0.08419655,0.16499104
4945,4946,21.782637,0.662076,0.044475704,0.08608697
4945,5810,1.6371422,0.65584373,0.0033329725,0.008235782
4946,928,2.7045555,0.65200025,0.004597567,0.009524018
4946,5810,20.10862,0.65454626,0.041351806,0.0807119
4947,622,4.158287,0.6620219,0.0072470605,0.0152089
4947,846,98.97959,0.66193455,0.18167776,0.3613331
4948,5905,72.41057,0.6059949,0.18722534,0.36751023
4949,4948,2.6546288,0.61083233,0.006971605,0.014355004
4949,1515,50.19158,0.607837,0.09625087,0.18908174
4949,2358,9.998386,0.60959995,0.019739218,0.03896472
4950,4951,3.3987617,0.61857945,0.005371213,0.01117301
4950,1355,27.7734,0.61431664,0.05666696,0.10837903
4951,544,29.478773,0.61975193,0.06296854,0.12222801
4952,1623,47.4989,0.4867971,0.086012706,0.16686355
4953,4954,0.3285179,0.0530999,0.0018483028,0.0040124804
4953,2039,29.85347,0.30909842,0.07397169,0.14179999
4954,4955,2.3493843,0.33557445,0.0061977655,0.011728123
4954,3980,37.171013,0.19298911,0.09763095,0.19878906
4955,2046,0.76190567,0.11777815,0.0029977262,0.0063298196
4955,4957,56.540283,0.31198692,0.11935664,0.23430946
4956,4538,1.899601,0.25188714,0.0038546026,0.007413283
4956,4538,35.468666,0.3050003,0.07928483,0.15052566
4957,4956,1.7702942,0.31622767,0.004646033,0.008862913
4958,2055,1.6609955,0.3911497,0.0027298108,0.005686596
4958,3452,55.84249,0.39255327,0.11519251,0.22042435
4958,4959,23.40774,0.38044202,0.05474765,0.10332427
4959,2039,1.8017349,0.36606273,0.00320407,0.0063302517
4959,4954,30.565807,0.35559422,0.074053794,0.13925116
4960,1186,148.02545,0.682085,0.20019674,0.40048498
4960,1185,14.560417,0.68517745,0.026043981,0.050813496
4961,4403,34.548653,0.7057729,0.066883676,0.12782924
4961,651,35.229107,0.70701075,0.06788551,0.13004486
4961,649,31.250729,0.7077123,0.06111569,0.11669086
4962,4914,1.8792267,0.6835531,0.0032542944,0.0074275136
4962,3480,87.756424,0.6842331,0.1614669,0.32122457
4963,4962,2.4506226,0.68174434,0.0041219965,0.008395225
4964,6128,1.4148827,0.48338467,0.0018146783,0.0037494004
4964,5068,28.508478,0.07974517,0.091620445,0.18479407
4965,1113,87.63243,0.6942842,0.158137,0.31431952
4965,4967,18.98349,0.69191635,0.03769742,0.07262118
4966,4967,1.4749985,0.6911346,0.0021982417,0.0049081743
4966,4965,18.978365,0.6952904,0.037788503,0.07288422
4967,6227,2.0359383,0.69140756,0.0033781826,0.0073904544
4967,4966,1.3104134,0.69325686,0.0017405227,0.0041723996
4968,1040,3.0255814,0.69574666,0.0051530153,0.010768503
4968,998,42.39075,0.6968823,0.08040746,0.15675196
4968,4969,3.9439964,0.69372666,0.005671777,0.011864439
4969,1040,4.1506195,0.69595057,0.0074528977,0.015232816
4969,828,45.409237,0.69496906,0.08511914,0.16795896
4969,4968,3.7121468,0.69419837,0.0051796213,0.010889366
4970,2888,22.211859,0.571046,0.0469365,0.09002111
4970,6511,63.52661,0.5636249,0.13609739,0.26551914
4971,7031,29.620235,0.5720495,0.05830467,0.11233703
4971,847,61.80066,0.5633927,0.1328086,0.26048595
4972,3332,62.650276,0.68371236,0.12586974,0.25151724
4973,5298,121.59057,0.6854474,0.24692506,0.48788893
4974,6276,2.494732,0.6826409,0.005325824,0.011736572
4974,4973,7.5483475,0.68594605,0.007609047,0.017060608
4975,3600,1.7327385,0.6794879,0.0022531524,0.005720675
4976,3116,5.589615,0.03768584,0.024394989,0.048128366
4977,6725,2.4316254,0.6702738,0.005625598,0.0117806345
4977,6880,83.50285,0.6697349,0.16870904,0.33421057
4978,1957,1.8400002,0.6577067,0.002705507,0.0063796192
4978,2628,207.37047,0.63669276,0.38478574,0.75889176
4978,5278,53.55287,0.6643665,0.12521942,0.24880232
4979,1391,2.1358337,0.65692556,0.0035009384,0.0074332654
4979,4978,52.827652,0.66679394,0.12539648,0.2499981
4980,203,1.8646164,0.65834284,0.0032616556,0.0075778514
4980,4979,30.005152,0.6615977,0.07186226,0.13924147
4981,4980,1.6240311,0.66012377,0.004720472,0.010601282
4981,6516,58.939575,0.6550363,0.06281443,0.11661528
4982,4751,2.0916023,0.6947747,0.004967466,0.010715455
4982,4984,4.4496765,0.685138,0.0067858472,0.013503432
4983,6716,0.0,0.06112328,0.0035905167,0.007508114
4984,664,88.56421,0.69827217,0.16196473,0.32419074
4984,4983,3.5894966,0.6952123,0.0059862137,0.01225543
4985,5735,10.66445,0.6943759,0.023751684,0.047256052
4985,2741,5.7352676,0.70145845,0.009601556,0.01989828
4986,6625,2.0747147,0.7015033,0.003731899,0.008786902
4986,738,21.145895,0.7006062,0.044393715,0.086788274
4987,5862,2.4701653,0.6901779,0.004239626,0.008968934
4988,6935,2.3705292,0.6920597,0.0013458878,0.0037941933
4988,5744,57.75016,0.69236434,0.11682547,0.23178114
4989,439,3.7416992,0.6947025,0.008274838,0.017159268
4989,6189,5.4997826,0.69499743,0.012221053,0.024736509
4990,3705,2.3903618,0.6959907,0.0036647022,0.008006349
4990,5704,39.998394,0.6949725,0.09286752,0.18239911
4991,6942,0.26763916,0.17808762,0.0040953755,0.008377269
4992,1610,2.2993546,0.62596875,0.0070932508,0.015085846
4993,4994,2.447567,0.65998554,0.0015526339,0.004278466
4993,4995,52.52159,0.65270567,0.10828985,0.21404868
4994,4993,2.6759033,0.65796393,0.0021815374,0.005814165
4994,2060,6.6629715,0.6595898,0.013853721,0.027983278
4995,4186,2.5867615,0.6552676,0.0016006008,0.0047238916
4995,3531,18.558254,0.65930504,0.039532207,0.077350274
4996,2060,1.8934479,0.6526535,0.002833292,0.006418422
4996,4993,6.5815163,0.6579907,0.013307549,0.026833504
4996,5883,41.16553,0.6565504,0.077826425,0.15349951
4997,3879,1.7325745,0.63495624,0.002862841,0.007049203
4998,5001,1.4620285,0.59144855,0.001994513,0.0046952665
4998,6361,29.859177,0.58182794,0.07304083,0.14216623
4999,4998,1.441616,0.584965,0.0031231716,0.0069917142
5000,4999,1.7811203,0.59194493,0.0030985773,0.006567776
5000,3512,150.71017,0.63167536,0.3112856,0.61152816
5001,5000,0.9499893,0.5785173,0.0021374598,0.0052939057
5001,3740,32.53331,0.5954872,0.06799559,0.13042623
5002,4282,1.520935,0.68524474,0.0039711893,0.008522198
5003,4086,26.910728,0.6947468,0.056231506,0.10875572
5003,6847,2.7017174,0.6934989,0.0047656745,0.0103181
5004,5962,10.603441,0.6304315,0.020866081,0.041262016
5004,1346,6.5955544,0.6302301,0.01231835,0.024894148
5005,1253,2.1654968,0.6106899,0.0041759238,0.009226009
5005,1276,33.2982,0.6154164,0.06478533,0.12575841
5005,1203,37.56463,0.61456645,0.07787272,0.15295686
5006,5007,2.4849968,0.64213365,0.0013203248,0.002225846
5006,901,5.213932,0.650189,0.010179989,0.020643324
5007,5006,2.4568825,0.64198244,0.0012711361,0.002133578
5007,5793,5.109024,0.6459388,0.009924829,0.020324856
5008,3632,2.5568619,0.7278415,0.004912004,0.009332016
5008,5,13.758368,0.028738499,0.06893322,0.14912313
5008,682,50.348274,0.72480595,0.09941944,0.19269651
5009,6656,28.81641,0.6920966,0.07866326,0.15658075
5009,7054,4.236641,0.7060242,0.008289516,0.017040461
5010,5011,2.7927818,0.7421309,0.0032048002,0.0073863566
5010,3709,96.39113,0.74643457,0.13431156,0.26797763
5011,4632,4.0270004,0.7515614,0.008085437,0.016066298
5011,2235,30.943964,0.7496421,0.050132964,0.09902581
5012,1651,5.4722443,0.6995785,0.009083778,0.01866293
5012,375,4.9274025,0.6926175,0.011424027,0.022783518
5013,5014,1.3975983,0.52892196,0.0043410435,0.008824989
5013,1781,140.49225,0.54751956,0.27054968,0.5295832
5014,5013,0.75790405,0.52741563,0.0036776587,0.008150607
5014,768,64.4598,0.542784,0.20890626,0.40704563
5015,1456,66.74511,0.5476701,0.12883902,0.25305188
5015,5072,1.6719398,0.55672944,0.003418833,0.007433325
5016,626,1.6042938,0.5883039,0.0015411675,0.00386931
5016,6284,31.80506,0.585957,0.06278302,0.12118225
5017,5018,1.26865,0.7275989,0.0030125082,0.0063711554
5017,3870,76.22331,0.7247226,0.13563915,0.27141577
5018,5017,1.6282196,0.72921425,0.0037315562,0.0077825636
5018,5655,13.8926735,0.7270369,0.03467709,0.067823574
5019,5020,2.3459587,0.41967657,0.0035520718,0.007104978
5019,714,17.506138,0.40999964,0.041534074,0.07936279
5020,5019,2.152813,0.4179976,0.0027556866,0.005419761
5020,1906,84.16191,0.46163008,0.23042566,0.44563627
5021,3985,2.4355927,0.6376609,0.0039661303,0.008419663
5021,3048,33.67618,0.64189494,0.06667285,0.12919798
5021,5022,35.642937,0.64280754,0.07010854,0.1360761
5021,5285,64.36999,0.6428024,0.11975995,0.23873676
5022,5283,2.139244,0.6408854,0.0034715682,0.0073507577
5022,3047,31.445915,0.6403955,0.07537408,0.14805847
5022,5021,36.16869,0.64299864,0.07089122,0.1375384
5023,5238,1.9969635,0.69642204,0.003484182,0.007295653
5023,6347,30.15409,0.69660056,0.06254806,0.11912893
5024,5546,3.1562614,0.7007262,0.0051385164,0.010721698
5024,63,83.77803,0.7052227,0.08881853,0.17326353
5024,65,3.02837,0.6840255,0.0047690943,0.010264307
5025,2423,2.7598,0.41715217,0.005464703,0.011084735
5025,4548,6.672207,0.08716026,0.016691357,0.033709526
5026,2140,193.772,0.5741165,0.36987355,0.7242795
5026,3733,8.428928,0.5820746,0.01703465,0.033890173
5026,6067,8.827721,0.5793491,0.017658785,0.03455539
5027,6830,34.48275,0.5108643,0.07100034,0.1360994
5028,6730,0.96404266,0.52752095,0.0033802167,0.007250279
5028,5029,23.399504,0.5160847,0.051930178,0.09948301
5029,1952,1.62006,0.50827485,0.0049132556,0.010033712
5029,3524,8.272827,0.5145973,0.018584475,0.036613703
5030,5031,2.4382095,0.7364615,0.0037490353,0.008221582
5030,3923,87.50215,0.7412507,0.20238414,0.40119743
5030,5109,54.6172,0.74121857,0.09832278,0.19480337
5031,5030,2.7160568,0.73517776,0.004065834,0.008787796
5031,1192,264.34894,0.7344173,0.46363103,0.9148645
5031,2707,157.50272,0.7353809,0.3733345,0.7407277
5032,505,1.921917,0.7302976,0.003365077,0.0075346977
5033,5032,1.8928604,0.73405284,0.0036847964,0.008008376
5033,5851,102.29288,0.7357204,0.20578298,0.41044667
5034,5033,2.448429,0.7323533,0.004854493,0.009830326
5034,3421,53.175697,0.73726887,0.1049556,0.20857222
5035,721,19.364899,0.5939723,0.045732833,0.08911127
5035,2136,28.423687,0.5911746,0.055820473,0.10666492
5036,5609,1.8975677,0.69457686,0.0047070757,0.009996042
5036,737,38.207863,0.6980057,0.06153252,0.119260035
5037,5040,1.1859627,0.69455457,0.0032643154,0.0071471184
5037,4657,34.9094,0.70022804,0.0730887,0.14328197
5038,5037,2.0043793,0.69756055,0.004360616,0.009168059
5038,5079,38.198944,0.7011162,0.090372905,0.17630158
5039,5038,1.1577377,0.6884851,0.0037070438,0.0073931664
5039,4077,17.460627,0.6996501,0.036282998,0.07066019
5040,5039,1.7712975,0.69863474,0.003548503,0.007820949
5040,3494,16.938953,0.70043814,0.03827159,0.07406026
5041,5210,1.9683952,0.70172524,0.0040656105,0.008378163
5041,3809,64.288345,0.70386076,0.153121,0.3046528
5042,5041,1.5451813,0.7007867,0.004380159,0.009529442
5042,4025,22.823305,0.699429,0.048097484,0.09358702
5043,6754,2.276245,0.69623446,0.0058150142,0.011832401
5043,2763,17.24119,0.6927276,0.035642058,0.06926069
5044,4611,1.808445,0.6632235,0.0042997077,0.008800626
5045,1974,22.292791,0.40400803,0.054119322,0.10322665
5045,1974,26.120256,0.40953374,0.05711054,0.108251706
5046,5047,0.993454,0.71582186,0.0029313043,0.006287068
5046,4405,60.289307,0.71643573,0.12185909,0.24190302
5047,5049,2.1131744,0.7072611,0.004332103,0.009476185
5047,4660,30.920876,0.71532416,0.070948645,0.13846162
5048,5046,2.199257,0.70838153,0.0042578876,0.008587629
5048,1406,31.70405,0.71418375,0.07349666,0.14356603
5049,5048,1.2500038,0.6740277,0.003777422,0.0074306577
5049,3853,109.54755,0.718997,0.21890402,0.43339652
5050,974,37.868774,0.6707398,0.07370739,0.144546
5050,6885,12.583139,0.66606784,0.02506715,0.04932283
5051,2657,108.18713,0.63899827,0.20472738,0.40431288
5051,6179,6.870697,0.630912,0.013193749,0.026316896
5052,2377,3.241726,0.69547784,0.0054774657,0.012142479
5052,5053,5.3066216,0.6949198,0.008269325,0.017407924
5053,6799,33.675526,0.70180714,0.06560086,0.12587847
5054,3671,10.0199585,0.6192982,0.01982133,0.039067492
5055,4655,10.338207,0.70053947,0.02142486,0.042136684
5055,4655,19.672148,0.70057523,0.025510907,0.05050613
5056,4470,1.616993,0.5879171,0.0015248805,0.004111156
5056,3961,168.11418,0.59009486,0.41929227,0.8237594
5057,5239,4.516552,0.6728055,0.008278154,0.016935289
5057,5058,96.56726,0.6727685,0.17929941,0.35632432
5058,2931,2.1060638,0.6712567,0.0034153908,0.0075276196
5058,5057,96.54066,0.67403704,0.17835483,0.35489857
5059,5348,1.844368,0.68879896,0.0024590343,0.005793333
5059,890,81.04068,0.6899475,0.14802282,0.2967197
5060,5826,21.235857,0.69953203,0.051711738,0.10053447
5060,3708,46.026623,0.69758666,0.13866717,0.2730461
5061,2528,0.9354706,0.67834926,0.0028593168,0.0065252185
5061,5849,181.22586,0.67649657,0.32814157,0.64760935
5062,121,63.086746,0.6952039,0.12412763,0.24905491
5062,6078,7.8281517,0.6961617,0.015572265,0.031088382
5063,43,3.8921547,0.7371839,0.008265294,0.017260209
5064,2528,112.754105,0.6824807,0.2843694,0.56250674
5065,2838,138.14673,0.6820831,0.32179067,0.63683325
5065,710,62.002785,0.68159866,0.11450385,0.22717321
5066,2569,9.9004135,0.7418346,0.024779104,0.04872027
5067,3701,1.8736534,0.6254261,0.0028933957,0.006625995
5067,6703,109.68204,0.6213032,0.22706291,0.4469223
5068,5069,4.389824,0.49681988,0.003933139,0.009514749
5068,3975,9.303528,0.05461821,0.023110814,0.04645218
5069,5068,2.918003,0.50060606,0.0018668324,0.0053379387
5069,6128,26.861427,0.03921765,0.089438915,0.1835352
5070,2050,2.1130447,0.48022914,0.003182903,0.0059728026
5070,5071,37.50915,0.069944054,0.12486307,0.25877413
5071,2034,28.712597,0.44324517,0.062915675,0.11833431
5071,2467,2.6018066,0.44084787,0.0049684867,0.0101493895
5071,3978,38.17459,0.11018902,0.121554196,0.24983156
5072,6286,1.8369637,0.5633776,0.0038766414,0.0083749145
5072,6285,36.88393,0.57287735,0.0737007,0.14125834
5073,4052,65.65281,0.741717,0.12461461,0.24789223
5074,5534,21.294136,0.7003334,0.0493339,0.09532578
5074,298,26.327766,0.7005722,0.06159507,0.11884302
5075,5074,1.4728279,0.6961277,0.0041571856,0.0097755045
5075,5192,24.089838,0.6987827,0.056495927,0.11073565
5076,4985,46.01042,0.6966227,0.10918547,0.21568297
5076,2181,33.22369,0.70091295,0.06412055,0.12439218
5077,6391,0.0,0.54891133,0.0,0.0
5077,1001,7.327015,0.68289244,0.01497747,0.0302355
5078,5077,2.322956,0.6834718,0.004554063,0.009572282
5078,6623,29.085438,0.68750566,0.068668924,0.13458611
5079,6129,7.1122932,0.69693696,0.016134642,0.032324627
5079,5080,2.0650482,0.6976275,0.0021549463,0.0053195655
5080,5037,38.254623,0.70259094,0.08815309,0.17310181
5080,5079,1.8138161,0.70056593,0.0016242638,0.0045185685
5081,2736,1.8983841,0.692705,0.0037606806,0.008397043
5081,2737,17.016504,0.6970868,0.035286233,0.06890687
5081,2764,38.281933,0.6985171,0.0743456,0.14314455
5082,5083,2.6632767,0.6975593,0.0051723793,0.010440797
5082,5630,1.8808746,0.6985781,0.00345622,0.007580355
5082,4986,142.11,0.7016907,0.21141917,0.41990885
5083,3406,62.318626,0.69798213,0.092795104,0.1841322
5084,3751,2.0620956,0.70211506,0.004041016,0.008388147
5084,1403,13.384794,0.7109913,0.028613888,0.056066073
5085,5086,0.12814331,0.1813128,0.0020320415,0.004307613
5085,4422,2.0298653,0.7293588,0.0028265268,0.0060145855
5086,5088,2.5452995,0.7235955,0.005188979,0.009663761
5086,3652,25.424835,0.72775203,0.059578463,0.1171411
5087,5085,2.307251,0.7218759,0.004465945,0.008836314
5087,1883,34.785206,0.72130024,0.08196189,0.1615871
5088,5087,0.9311333,0.32441074,0.003998004,0.009008393
5088,3862,67.66973,0.7273146,0.13796404,0.2754345
5089,3684,2.1193428,0.7357609,0.003535226,0.007459536
5089,5090,1.6755867,0.7258256,0.0070941374,0.013363168
5090,5092,2.654995,0.7383708,0.005086459,0.010146499
5090,1423,27.158566,0.74182796,0.076312624,0.14943731
5091,5089,2.531887,0.73759645,0.0042828023,0.009051338
5091,4844,2.0182953,0.73737484,0.005151376,0.011039346
5092,5091,1.9294777,0.73989236,0.005151674,0.010750487
5092,6758,45.270214,0.7385789,0.083024345,0.15904438
5093,2763,2.098156,0.69016856,0.0033690333,0.007679224
5093,6754,17.20703,0.69576955,0.03582556,0.07034075
5094,5757,2.6078415,0.688887,0.004361801,0.009102076
5094,1569,39.993675,0.68807214,0.09258556,0.17966078
5095,2252,115.91028,0.6436579,0.212826,0.42057723
5095,1847,25.125103,0.6450002,0.0613472,0.12042007
5096,453,144.93372,0.6854044,0.2046952,0.40886942
5096,6862,24.488482,0.6882769,0.051190972,0.09801634
5096,442,86.511826,0.6832754,0.17300647,0.3441795
5097,4061,13.149727,0.6628016,0.026767537,0.052241653
5097,3033,2.3016472,0.66563123,0.004506305,0.009830549
5097,5785,1.9933968,0.6599622,0.0038342401,0.008097038
5098,5907,29.880045,0.73260504,0.083221056,0.1633556
5099,5101,4.282894,0.7156435,0.009135507,0.018725023
5099,5100,2.7820168,0.717018,0.005438082,0.011528611
5099,2231,215.3405,0.721774,0.4065106,0.80456764
5100,5099,2.8206902,0.7153431,0.006006457,0.012203261
5101,6232,55.898415,0.03251037,0.4057297,0.8516947
5102,5103,1.4522705,0.52011585,0.002195567,0.0046907365
5103,5102,1.5261612,0.5167396,0.0020964965,0.004426971
5103,4661,21.679028,0.5252113,0.04531184,0.0868211
5104,1585,36.9311,0.6263985,0.077221,0.1511517
5104,907,10.140602,0.6218451,0.021296129,0.042133704
5105,3425,3.8492737,0.63849247,0.003209047,0.007983997
5105,3426,3.1245995,0.63922733,0.0066108555,0.013966203
5106,3700,109.862274,0.644051,0.20775366,0.41041443
5107,5622,2.2046509,0.66950446,0.0043579787,0.009310544
5107,4824,110.60159,0.6763739,0.20446256,0.40572792
5108,6844,4.155552,0.6781388,0.0074582696,0.015712976
5108,5107,2.2270355,0.6725395,0.003174588,0.0069198757
5109,5030,53.498165,0.7390408,0.09874987,0.19600801
5110,5975,1.9165306,0.6313674,0.0030613914,0.007319197
5110,1609,26.293585,0.6323222,0.05444766,0.10522218
5111,1571,2.1996918,0.625488,0.003347844,0.0071885586
5111,1610,32.354294,0.6294541,0.06477898,0.12413261
5112,6987,2.168419,0.669557,0.0021607354,0.0052886307
5112,3546,81.55556,0.6702342,0.1507138,0.3005781
5113,6564,2.755127,0.6704532,0.0021152645,0.005397752
5113,596,25.951962,0.6730607,0.056016017,0.10729834
5114,6887,0.19038773,0.045510173,0.0018350333,0.005278453
5114,1361,1.5211372,0.6262802,0.003268823,0.00744462
5115,5114,1.9334679,0.6519619,0.0033945888,0.007180497
5115,5114,2.245121,0.65341055,0.0039831176,0.008407578
5116,6964,1.4138603,0.6858674,0.0030780658,0.007016465
5116,808,124.08703,0.687154,0.25437224,0.50183034
5117,637,40.143044,0.6796637,0.08135532,0.16006395
5117,5118,88.152176,0.67951787,0.18089645,0.35906368
5118,636,2.4215813,0.67913616,0.003794901,0.007975951
5118,5119,1.1220055,0.53963006,0.002581112,0.0057836175
5118,810,99.0457,0.6822108,0.18173315,0.36130482
5119,5120,2.432682,0.67724305,0.0045315027,0.009088963
5120,4721,2.047226,0.68491817,0.003116332,0.006831616
5120,6457,29.052162,0.68606293,0.060868233,0.117067814
5121,3641,35.456234,0.6703929,0.069080845,0.13444477
5121,3867,28.745064,0.6694118,0.058086425,0.111160934
5121,3867,26.175938,0.6692989,0.053066798,0.102129295
5122,2598,45.717728,0.6877469,0.08667802,0.17091875
5122,2802,34.05992,0.6883633,0.07908068,0.15431671
5123,432,1.7990036,0.6433452,0.003427513,0.0073878467
5123,5122,27.834572,0.6888827,0.06525252,0.12758473
5123,6861,41.784657,0.69088125,0.08456677,0.16664399
5124,803,2.3191376,0.6831937,0.0024411753,0.005715728
5124,5123,94.54614,0.68616486,0.22686708,0.44979054
5125,2137,2.051857,0.58950007,0.0021894798,0.0052989423
5125,3914,105.40006,0.5786931,0.2649991,0.520197
5126,1096,15.31226,0.6874245,0.031456128,0.061216682
5126,2568,2.2197342,0.684845,0.0040801316,0.009234831
5127,2745,103.20798,0.6914098,0.24917123,0.49618286
5127,5126,7.2081947,0.6878178,0.017094053,0.03395851
5128,5129,1.7915611,0.6567076,0.003143847,0.0066985935
5128,1089,85.867805,0.68462586,0.16858709,0.3362268
5129,1453,58.908546,0.68220735,0.119949356,0.23968616
5129,5130,2.7748184,0.6792861,0.0053898916,0.011060864
5130,5131,1.9814606,0.6826334,0.0037542656,0.00805597
5131,1551,11.827848,0.6837547,0.024001025,0.046921894
5131,5128,2.9777527,0.68315685,0.005992681,0.012702197
5132,6528,19.029713,0.6948074,0.042626604,0.082840726
5132,6522,2.0720634,0.69014275,0.004692003,0.009872362
5133,519,1.8908272,0.51236147,0.0027507022,0.0057356358
5133,4702,39.384705,0.51050156,0.085131414,0.16357353
5134,5135,2.1229248,0.7200312,0.0040063933,0.008721083
5134,30,95.3996,0.72262573,0.19240357,0.38337058
5135,5657,2.554718,0.7168011,0.0048102587,0.010112196
5135,3294,70.36775,0.72075194,0.14084399,0.28150058
5136,4178,93.63086,0.6786832,0.17306364,0.34441084
5136,5718,29.246243,0.67722094,0.05703236,0.11026239
5137,5136,27.077398,0.68010974,0.054454383,0.1047654
5138,2900,2.1929092,0.6836049,0.0034615025,0.0075826496
5138,1010,38.719852,0.6843749,0.07412125,0.14228038
5138,5139,60.14289,0.6868719,0.11043738,0.22010534
5139,5140,9.901272,0.6854491,0.019414045,0.038760886
5140,1008,2.2585373,0.68452615,0.003867805,0.008497596
5140,5141,21.529974,0.6877028,0.043748878,0.08500067
5140,1009,39.52298,0.68649864,0.07594916,0.14595358
5141,1003,1.9459076,0.68724006,0.0029131696,0.0065478683
5141,1008,20.622038,0.6891349,0.041449685,0.08017902
5142,5143,1.9316978,0.6708604,0.0019934475,0.0052022487
5142,5921,2.0580559,0.67146736,0.005470358,0.011982858
5143,5142,1.812603,0.66970325,0.0017597079,0.0047368556
5143,1461,67.462166,0.67564285,0.16162169,0.32183394
5144,5647,3.256462,0.6808052,0.005304955,0.01121372
5144,3485,24.489288,0.04563874,0.059508257,0.12429612
5145,5146,2.3065414,0.6685116,0.002569273,0.006501287
5145,5147,5.4239464,0.6642981,0.02154731,0.04398322
5146,5145,2.3604202,0.66599053,0.002735816,0.006816432
5146,4669,11.145071,0.66386026,0.037209835,0.07468028
5147,5148,2.514183,0.66524994,0.003016211,0.007344365
5147,5919,38.717274,0.6616058,0.1569758,0.3123525
5148,5147,2.4725876,0.66768575,0.0029585958,0.007359609
5148,5146,5.8291664,0.6668128,0.02228938,0.045024097
5149,5771,28.928284,0.65194315,0.066867754,0.12866774
5149,4474,46.764297,0.6676588,0.10938436,0.21653533
5150,5151,3.1834908,0.7323005,0.0022745505,0.0052599907
5150,6218,55.738922,0.7424032,0.108182386,0.21495445
5151,5150,3.3522148,0.7316013,0.0028301105,0.0063958615
5151,507,163.4208,0.73830426,0.32007182,0.63143003
5152,5593,2.642002,0.5696746,0.0051772892,0.011041343
5152,4970,44.288548,0.57336956,0.09302705,0.17958283
5153,1499,115.91028,0.6369123,0.23618507,0.4651872
5154,1134,30.034971,0.65299094,0.06960844,0.1349887
5154,4874,110.642,0.6539706,0.2717966,0.54002297
5155,1510,161.27017,0.5509769,0.30964366,0.60582554
5156,3000,1.9353294,0.5438112,0.0040517226,0.008744359
5156,5800,49.723755,0.5323629,0.09940464,0.19302063
5157,2450,36.635937,0.6888441,0.07167929,0.13699861
5157,4684,4.2199783,0.68708235,0.007218018,0.015201554
5158,4684,2.5406876,0.69238937,0.0006843209,0.0029078424
5158,5157,3.7909927,0.6912819,0.006331764,0.01361075
5159,5158,2.206707,0.69204915,0.003236547,0.007963985
5159,5276,105.48228,0.6864094,0.095281474,0.1876932
5160,5161,1.9300041,0.6867736,0.0017532483,0.004366055
5160,5159,15.165104,0.6895711,0.029926501,0.058412842
5161,1029,2.0718384,0.68629307,0.0030840635,0.0070610046
5161,5160,1.8280106,0.68713653,0.0015200302,0.004083276
5162,5244,2.9529686,0.7403596,0.00587254,0.012138203
5162,1421,14.801424,0.0905602,0.05919715,0.12251112
5163,2237,1.5351219,0.7422178,0.003373973,0.0077379644
5163,6888,115.17116,0.7581055,0.166501,0.32837468
5164,2237,7.6599846,0.74107254,0.016849466,0.033849284
5164,5163,7.6378517,0.7437179,0.016960628,0.03412451
5165,3528,2.4111633,0.74215305,0.004600331,0.009887099
5165,5300,2.6877632,0.7418748,0.0062780157,0.0134320855
5166,5165,3.9515648,0.7458828,0.0076375604,0.01562889
5166,2570,7.0853195,0.74560165,0.015592471,0.031451106
5167,4368,1.5374413,0.7415526,0.0025694817,0.0057868958
5167,2218,78.900276,0.742624,0.16299088,0.32560515
5168,5169,1.5443687,0.72607696,0.0018431395,0.003874138
5168,4074,34.766693,0.03150302,0.1857672,0.40394288
5169,3774,0.33463287,0.08971012,0.0049084947,0.010115132
5169,5215,86.386536,0.73020446,0.15518764,0.31082717
5170,5171,2.7111092,0.70842004,0.003638588,0.0080960095
5170,993,28.294075,0.71102333,0.06844638,0.13128029
5171,4084,2.4830284,0.7050301,0.005904712,0.012829721
5172,1554,22.14212,0.6242815,0.05258186,0.10227729
5172,1554,27.482403,0.62329286,0.056846075,0.10897658
5173,6711,2.3410034,0.69845754,0.0044697225,0.0097537935
5173,5379,2.4176369,0.6994864,0.0056582987,0.011592016
5173,5650,127.64875,0.70426714,0.2600336,0.51352644
5174,5175,2.2415466,0.69433326,0.0046370253,0.009520516
5174,6364,45.769356,0.6945143,0.102890745,0.20313646
5175,4691,1.9653664,0.69658905,0.0048123896,0.010207191
5175,5177,38.23469,0.69470036,0.0782015,0.15296902
5176,92,2.4762878,0.6990034,0.004600242,0.009836376
5176,6093,36.241615,0.70056903,0.073727466,0.14409113
5177,3080,2.7726212,0.6966545,0.002196014,0.005406067
5177,5178,13.189899,0.6947681,0.027165942,0.053376406
5178,3889,2.5259438,0.69811577,0.0014678016,0.004264131
5178,6572,9.232872,0.6990069,0.0186648,0.03717026
5179,5369,1.4172478,0.5099715,0.0046015084,0.009455025
5179,6317,27.133099,0.5160624,0.06564682,0.12502837
5180,1899,11.735001,0.5513162,0.027781151,0.054915488
5180,4867,16.126879,0.5558819,0.030798223,0.060808577
5180,5515,4.3635445,0.5589644,0.006655544,0.013790682
5181,3302,1.9947243,0.6953,0.0054221377,0.011811659
5182,2127,30.509905,0.50775534,0.068455175,0.12902153
5182,2127,31.469984,0.5089437,0.071844704,0.13589673
5183,3674,28.098259,0.5302507,0.056040727,0.10819553
5184,4347,1.8082428,0.67625797,0.0032757223,0.0074390024
5185,5186,3.1831512,0.6967021,0.0045010746,0.00997211
5186,3707,3.1419601,0.70376,0.006899588,0.014458209
5186,5587,24.6274,0.7060998,0.044819154,0.08758658
5187,6426,84.751785,0.6923118,0.15630177,0.31287017
5187,5093,13.388062,0.69215935,0.026335225,0.051121444
5188,26,1.9152374,0.6996156,0.0031744242,0.007492572
5189,3677,1.7831879,0.69410414,0.004776649,0.010276243
5189,5190,37.59467,0.7006505,0.0719131,0.13787028
5190,2789,1.894867,0.69261193,0.0029042214,0.0062950253
5190,5191,3.4098358,0.69446635,0.0059121177,0.012294799
5190,5191,47.422962,0.6977144,0.08870332,0.17626694
5191,2790,2.0381966,0.69447607,0.0032090321,0.007124901
5191,5190,47.35389,0.6975186,0.08829021,0.1749875
5191,3369,21.694738,0.6951714,0.043947402,0.08472622
5192,6890,2.1517067,0.69921005,0.0053576306,0.011668175
5192,6634,2.3633957,0.69960636,0.002862379,0.0068300962
5192,2314,5.397911,0.70006853,0.008478314,0.017888635
5193,628,5.3342934,0.52855736,0.010395281,0.021075964
5193,4927,22.932009,0.5372787,0.048612077,0.0932401
5193,5908,41.80316,0.52398914,0.08408502,0.16127251
5194,5868,28.175085,0.6675148,0.056571756,0.10958496
5195,5185,35.891335,0.7004848,0.05968736,0.11636142
5195,5587,50.276466,0.70473325,0.104227245,0.20342207
5196,5328,2.5704956,0.71435523,0.00510899,0.010797799
5196,6473,424.80054,0.7093188,0.80860007,1.6057956
5196,5327,67.468666,0.7202504,0.15410146,0.30547535
5198,252,1.1892853,0.53016096,0.0029833838,0.006407067
5198,4858,9.5597725,0.5313915,0.025907554,0.0508164
5199,5200,3.2814827,0.53166515,0.0025867447,0.0060523897
5199,1895,12.306856,0.5316225,0.0272915,0.05338651
5200,5199,3.2155418,0.53377545,0.0027113035,0.006386116
5200,253,30.532423,0.5299837,0.0929677,0.18171889
5201,5202,2.4424057,0.6759642,0.0049434006,0.010608017
5202,5201,2.764248,0.67317945,0.005411014,0.011548072
5202,6088,23.249817,0.6683216,0.1247891,0.25186265
5203,1441,1.8254166,0.5400948,0.0026021823,0.0058407336
5203,1837,33.798027,0.5372582,0.06667421,0.12970465
5203,1790,26.49094,0.5483423,0.057993848,0.11007555
5204,1789,1.6981049,0.5239939,0.002177924,0.004829526
5204,5203,31.375668,0.5343774,0.06848143,0.13194042
5205,1180,1.9026566,0.4868358,0.003927879,0.0073111802
5205,5589,22.984123,0.6703644,0.049727593,0.095335685
5206,3078,2.055172,0.70351064,0.0022127554,0.005687967
5206,5531,110.601555,0.7151105,0.26294407,0.52301735
5207,5208,16.867203,0.5339878,0.045961097,0.0898895
5207,5208,25.96705,0.53068614,0.051717382,0.09942588
5208,4857,6.618347,0.5324232,0.018917903,0.03751935
5209,284,27.160303,0.70211124,0.05318217,0.10199671
5210,5209,1.8303604,0.6956317,0.002565883,0.006009549
5210,4065,1.6072769,0.69814026,0.004322402,0.009315357
5211,843,1.6469803,0.6672431,0.00488995,0.010988474
5211,842,76.431946,0.67050695,0.14005074,0.27909917
5212,5211,1.8971901,0.6660133,0.0032845885,0.0066377074
5212,3875,23.371578,0.6689925,0.055478983,0.10780895
5213,5215,2.3675766,0.7189007,0.0048113465,0.010480374
5213,3774,86.1069,0.73618716,0.15614104,0.30972403
5214,5213,1.700203,0.72369254,0.003081262,0.0069684535
5214,6737,29.521317,0.72221017,0.06259607,0.11971243
5215,5216,1.9223785,0.7224555,0.0025867447,0.0061513186
5215,4742,38.535744,0.7244832,0.07740366,0.15143886
5216,5214,1.8823891,0.72074705,0.0034364983,0.00796774
5217,6451,2.1926079,0.6909137,0.0039843917,0.008768171
5217,5429,53.5596,0.69270074,0.082389526,0.16215177
5217,238,67.18826,0.6954526,0.13317513,0.26678845
5218,7018,19.037924,0.6782778,0.03830487,0.07428821
5218,5221,2.7268715,0.6741829,0.004312247,0.009315565
5219,855,3.3503418,0.6759986,0.0050889477,0.011281639
5220,5218,2.6329765,0.67646426,0.004584864,0.009829938
5221,4886,44.151386,0.6825631,0.08359188,0.16553019
5221,5219,2.3743057,0.67964876,0.00438533,0.009853274
5222,2681,4.1713142,0.6514991,0.008883119,0.018017828
5222,2842,398.24207,0.66494477,2.2888412,4.4970555
5223,1473,2.4760895,0.7117958,0.004029371,0.00865227
5223,5526,72.92427,0.71523184,0.17109507,0.34072447
5224,637,2.9909515,0.6777401,0.0057629272,0.012076527
5224,6273,5.018009,0.6797454,0.0103349015,0.021135837
5225,6891,1.5752869,0.5793163,0.0014812872,0.003751859
5225,4813,1.2465668,0.578732,0.004586175,0.009862661
5226,3430,1.8367004,0.6255555,0.002905257,0.006666258
5226,547,23.806492,0.6339931,0.05155468,0.099066764
5227,1658,2.7918777,0.7234926,0.0051281005,0.010696709
5227,1662,2.3818245,0.72472125,0.004308246,0.008236513
5228,5229,40.794003,0.72467387,0.081546776,0.15856475
5228,5229,45.433308,0.72683716,0.08459422,0.16361733
5229,5216,38.33408,0.7236418,0.07698908,0.15257753
5230,28,2.36557,0.71072704,0.004633099,0.009834945
5230,33,73.462616,0.7232143,0.17236523,0.34340072
5231,3776,53.902176,0.53332555,0.10426982,0.20440567
5231,5782,2.0295067,0.5354553,0.0029732883,0.0074190795
5232,1885,103.74486,0.53735816,0.20177692,0.3940128
5232,5234,2.4550285,0.54123604,0.0038651451,0.009081647
5233,5234,0.88578033,0.41025227,0.0009739995,0.0015178919
5233,5232,2.672783,0.53839654,0.005062543,0.010908112
5234,5781,1.0913696,0.12370762,0.0011189878,0.002191633
5235,3418,1.4206581,0.6988808,0.0019899532,0.0051778555
5235,960,39.028004,0.70129085,0.07305889,0.14127043
5236,5761,4.178364,0.6205977,0.006859958,0.014437929
5236,5237,51.401833,0.62102765,0.09904982,0.1949964
5237,5236,51.34341,0.6207981,0.09767027,0.19247043
5237,1720,19.697044,0.6133076,0.053218726,0.10512664
5238,5023,1.780838,0.6971981,0.003120035,0.006797582
5238,6661,41.021202,0.70321053,0.08437839,0.16697177
5239,5057,4.855072,0.6709053,0.008509293,0.017379075
5239,5583,70.078445,0.67178077,0.13953994,0.27858216
5239,611,108.899765,0.6756954,0.2182276,0.43238002
5240,6593,2.2017174,0.73548615,0.0039199516,0.008320034
5240,6591,2.1464539,0.73942566,0.0032710135,0.006892681
5240,508,59.315598,0.741361,0.11450033,0.22772518
5241,6001,55.984257,0.53607666,0.1185593,0.23097079
5241,6878,1.8736725,0.5296176,0.002379097,0.00551863
5242,345,44.27232,0.7091906,0.083514936,0.16268681
5243,1547,2.30373,0.67858684,0.0041410774,0.008441314
5243,1548,29.90604,0.6836654,0.059669003,0.114059575
5244,6200,0.31087112,0.051164478,0.006488912,0.013689399
5245,3804,2.0758705,0.61477095,0.0030818135,0.0067884624
5245,2309,15.713726,0.6213721,0.03342149,0.06520039
5245,2310,35.315678,0.6136976,0.06926749,0.13509981
5246,4189,1.5590858,0.6088166,0.0054264963,0.01163511
5246,5903,32.03772,0.60866714,0.06694516,0.13043872
5247,6935,54.888412,0.6981149,0.111614615,0.22094628
5247,5744,3.1037521,0.4580078,0.006135449,0.00908947
5247,3330,2.4419289,0.6931485,0.0053554177,0.009988025
5248,1865,41.466457,0.7099107,0.067437395,0.13298117
5248,126,23.298464,0.705091,0.053868797,0.10262482
5249,5252,0.83573914,0.52735996,0.0034145638,0.0074135363
5249,1993,42.794132,0.5245587,0.085018866,0.16275997
5250,5249,1.6309204,0.52067226,0.0026845932,0.006050259
5250,1827,189.42148,0.49731284,0.49618793,0.97099966
5251,5250,1.4927254,0.53081286,0.004718974,0.009877533
5252,6000,1.1142082,0.5299169,0.0044056177,0.009121507
5252,5251,1.8981094,0.528063,0.0028731674,0.006133035
5253,5889,22.6404,0.6599486,0.049130097,0.09453927
5253,1034,26.385258,0.66242343,0.049089342,0.096008465
5254,695,53.319847,0.4958701,0.10588359,0.20619625
5254,1556,5.8257256,0.5097841,0.011506274,0.023090929
5255,1556,0.9015732,0.34668624,0.0025587976,0.0053023845
5255,5254,6.085415,0.5031049,0.012021422,0.024002165
5256,6674,25.696327,0.63065386,0.11800182,0.23701772
5257,5256,6.245075,0.631871,0.017667972,0.03490776
5257,6674,56.036293,0.63161904,0.13876751,0.2728883
5258,3203,2.1718216,0.65475214,0.0037551448,0.008637086
5258,5115,11.090338,0.65653455,0.022471942,0.0447015
5259,5258,1.6984711,0.6527904,0.00239712,0.00614053
5260,618,2.462387,0.66118526,0.0047682747,0.010423198
5260,5259,62.971138,0.66569394,0.11494009,0.23007183
5261,5260,2.0719986,0.6585638,0.0033889636,0.0076376647
5261,1107,6.4793167,0.66141075,0.013232715,0.02674967
5262,1447,153.86807,0.6592275,0.2822417,0.5580222
5262,5261,8.135853,0.66133094,0.016005337,0.032016575
5263,5261,1.868248,0.66203445,0.0036787614,0.008482635
5263,5262,6.899761,0.660869,0.013216101,0.026726797
5264,2349,133.33728,0.57145864,0.27979103,0.5480782
5264,2350,30.24491,0.5926317,0.066670865,0.12815222
5265,1505,2.3028069,0.59300214,0.004233867,0.00917694
5265,5264,97.95389,0.5890836,0.20593594,0.40362293
5266,1512,5.220291,0.53852165,0.009932846,0.020165786
5266,6837,36.619167,0.5379081,0.07199423,0.13872549
5267,3000,39.31674,0.5380754,0.07436076,0.14611547
5267,6837,11.209831,0.5377918,0.02329836,0.045609787
5268,952,72.59684,0.69839,0.23356435,0.4671898
5268,5271,2.1246376,0.681877,0.003389202,0.007957101
5269,4901,10.248199,0.68907803,0.02632296,0.051702395
5269,5270,2.124752,0.67456466,0.0039860457,0.008887351
5270,5268,2.529068,0.6834924,0.004676096,0.0099956095
5271,955,13.702604,0.6849682,0.027418055,0.053719
5271,5269,1.9367943,0.6834975,0.0031396523,0.0072676092
5272,2556,72.36738,0.510432,0.18654382,0.36345348
5273,4745,2.3005867,0.64778674,0.0038041398,0.0078023374
5273,2524,80.910225,0.6493064,0.14947347,0.29778334
5273,6178,49.16657,0.65074545,0.114921786,0.22658494
5274,675,30.237917,0.6812312,0.07138388,0.14008401
5275,5400,2.2093391,0.68945897,0.004422888,0.009403586
5275,2948,5.3821754,0.69164056,0.010772556,0.022024587
5276,5275,5.510273,0.6904558,0.010823928,0.022420794
5277,2799,40.04424,0.6697018,0.07856446,0.15541638
5277,5584,33.23635,0.67029315,0.065852225,0.1262927
5278,2591,16.292898,0.66276616,0.03809364,0.074572206
5278,3648,31.003685,0.6642672,0.07363816,0.14382063
5279,6187,1.391758,0.6781815,0.0024799183,0.005274445
5279,6188,5.102993,0.7321429,0.009902507,0.020176977
5280,6475,122.85826,0.7376991,0.21896571,0.4358073
5280,5279,4.5589294,0.7306778,0.0081027895,0.01633814
5281,569,54.29405,0.66018015,0.1098177,0.21898006
5281,567,2.089714,0.6569466,0.0038513392,0.008608475
5282,557,2.1256561,0.6677985,0.0031550452,0.007419139
5282,3182,83.58155,0.6688807,0.25979927,0.5159833
5283,5435,1.380558,0.6335869,0.0037616268,0.00755246
5283,5284,78.73546,0.64139676,0.14630677,0.29076257
5285,5021,64.72743,0.64339906,0.1199061,0.2391819
5285,5286,18.716864,0.6431597,0.03825412,0.07394869
5285,3048,89.74431,0.64675105,0.16577171,0.32956725
5286,5287,2.2908325,0.63717043,0.0036662966,0.0077521503
5286,5285,18.76051,0.642291,0.038196046,0.0738654
5286,6478,59.070118,0.6426659,0.109646074,0.21762916
5287,5286,2.4288406,0.63863283,0.0039036348,0.008396342
5287,3985,59.493404,0.63916606,0.15295434,0.3039192
5288,1200,0.5171814,0.4548076,0.0013806,0.0028175414
5288,1353,67.056496,0.6289116,0.12550731,0.24850851
5288,3834,63.077576,0.6265355,0.13308236,0.2637025
5289,1239,2.1044579,0.6814873,0.004149705,0.008737922
5289,2568,28.925169,0.68327135,0.060491793,0.1161379
5289,5953,13.730957,0.68247,0.02835735,0.05565656
5290,1083,78.5594,0.68091244,0.14301565,0.28672603
5290,5296,2.620552,0.6839813,0.005290486,0.0112576485
5291,5938,2.9924507,0.6844658,0.002685085,0.0064769983
5291,1087,8.924168,0.685944,0.018328384,0.036440536
5292,5295,7.847721,0.6935145,0.017237082,0.034604862
5292,5293,1.3210144,0.5868513,0.0031087473,0.005940169
5293,5294,2.3578835,0.67791426,0.0058128163,0.011934504
5294,5292,1.8503113,0.68903863,0.004319653,0.009494901
5295,3449,1.4782639,0.6927196,0.0033791512,0.007558152
5295,5293,7.522484,0.6969624,0.016410336,0.03211169
5296,1087,2.1182785,0.684058,0.0039943457,0.008525267
5296,1086,24.097198,0.6863741,0.05018456,0.09621648
5296,5938,9.806461,0.68538266,0.019970737,0.03972633
5297,5299,14.754229,0.67363864,0.029565137,0.057101034
5297,967,7.4671936,0.67430353,0.014924735,0.030165568
5298,424,0.42760468,0.23331445,0.001568608,0.002454251
5298,4870,13.765888,0.67956364,0.028159708,0.055069767
5298,6054,6.562187,0.6799824,0.013932027,0.028041244
5299,4870,10.371849,0.68468076,0.023907915,0.04687862
5299,5298,5.761818,0.6842168,0.011389598,0.02265215
5300,2571,2.9529076,0.7349934,0.0056073293,0.011854768
5301,6636,2.1773338,0.39197534,0.0060967654,0.011974007
5301,3694,23.396097,0.38590604,0.06072363,0.11854187
5302,894,1.6860352,0.6865915,0.004279688,0.008919343
5302,6864,78.38647,0.6860164,0.16136585,0.32197016
5303,3014,4.129505,0.6861209,0.009290941,0.019155428
5303,5302,2.2391014,0.68450904,0.0043664277,0.009351894
5304,5303,1.9854317,0.68594897,0.004743226,0.01014322
5305,6495,1.7217941,0.6957048,0.003377229,0.007245332
5305,6667,52.18255,0.70111936,0.12093713,0.2388601
5306,6492,2.098877,0.68807304,0.00405813,0.008686468
5306,228,3.0920448,0.69928646,0.0066554397,0.013960883
5307,2993,10.523245,0.6851879,0.021692254,0.042875186
5307,2722,3.3932495,0.6850172,0.0064905733,0.013673469
5308,118,2.435238,0.67075515,0.004047096,0.008373663
5308,3850,32.202446,0.67327714,0.06341802,0.12206339
5309,2697,24.014309,0.6496329,0.049852114,0.09599558
5309,5310,27.87195,0.654035,0.05708324,0.109548904
5310,2130,41.48239,0.6536652,0.08022027,0.15778023
5310,5311,61.104095,0.66308045,0.11131808,0.22138904
5311,5312,1.8569679,0.66228914,0.0030693635,0.007257372
5311,3849,26.400608,0.6645085,0.05428169,0.104489274
5312,3850,1.9812508,0.66443163,0.0036197454,0.008400947
5312,5308,32.398148,0.6686583,0.06530899,0.12505679
5313,130,11.311953,0.7014418,0.022844516,0.044683173
5313,96,16.184507,0.7003041,0.032719556,0.063213035
5314,130,1.9738083,0.69747865,0.003730327,0.008281529
5314,106,138.078,0.702484,0.27425924,0.5435255
5314,5313,11.7410965,0.70037603,0.023489833,0.04563093
5315,1467,1.6842804,0.636453,0.0023916736,0.005476728
5315,6423,68.25629,0.6447098,0.12635891,0.25249135
5315,5316,93.53087,0.64598954,0.1928355,0.3794969
5316,3331,107.297844,0.65585506,0.19713055,0.39147198
5316,4481,15.53108,0.6500135,0.03277406,0.06382979
5317,5319,1.6129723,0.70078194,0.0032979324,0.0070626438
5317,6090,14.907801,0.70055836,0.030428968,0.059797578
5318,129,14.537991,0.7005822,0.030033894,0.059015594
5318,2644,21.68179,0.701732,0.045103434,0.086617514
5319,5320,1.1923447,0.6818296,0.0024858788,0.0058618933
5319,1273,13.303759,0.7031106,0.027197264,0.053289786
5320,129,2.0669518,0.69817686,0.0035632998,0.0074653327
5320,5318,15.7636795,0.7006504,0.03212846,0.06217573
5321,126,1.6797066,0.70348465,0.0044408366,0.0091704875
5322,761,24.238699,0.69547266,0.05011814,0.09654262
5322,5323,2.7213135,0.69179773,0.004560828,0.00955762
5323,2751,24.907276,0.6953393,0.051865302,0.09982402
5323,5322,2.9988441,0.69208455,0.005137965,0.010818899
5324,5325,2.8629036,0.7200085,0.0025140494,0.005985588
5324,4628,373.49347,0.7127287,0.4907086,0.96980363
5325,5324,3.0142212,0.71296656,0.0032480732,0.0068025887
5325,3986,26.197258,0.73676646,0.05138728,0.1001775
5326,1968,0.9660988,0.39265507,0.002155304,0.0038950592
5326,3895,65.798256,0.58546793,0.16525686,0.3248393
5327,5328,65.48995,0.71960247,0.14927617,0.29727793
5328,5196,2.1608772,0.7128658,0.0038783103,0.008556604
5328,2619,144.86563,0.7261038,0.28630996,0.5665026
5329,4800,2.5070457,0.68324363,0.0042867735,0.008535892
5329,4643,27.708738,0.68595624,0.06456706,0.124147385
5330,4798,4.588707,0.7023731,0.00873699,0.017157242
5330,5331,43.87697,0.6998492,0.082144216,0.1591983
5331,4797,27.974087,0.69008446,0.05389687,0.10456277
5331,4799,2.0340614,0.6906524,0.0030898452,0.006705031
5332,5329,2.0090218,0.68232167,0.0045315027,0.009840578
5333,4810,1.636631,0.6389979,0.0024968833,0.00521864
5333,4809,5.940571,0.64349,0.0113209635,0.02224885
5334,5335,1.3153114,0.638284,0.0032289922,0.0076924562
5334,4808,5.6121216,0.64317626,0.011160202,0.0227132
5335,5333,0.056137085,0.4575259,0.0,0.0
5335,1688,5.4811516,0.63013756,0.011619069,0.02364643
5336,3948,5.477791,0.67002946,0.011093378,0.022408158
5336,361,298.56506,0.65765715,0.5903891,1.1612877
5337,726,4.5436745,0.67514,0.009081878,0.018535763
5337,3241,96.77776,0.6746819,0.1979534,0.39224625
5338,1637,18.633476,0.70068145,0.04178839,0.08120449
5339,2005,110.146416,0.69756204,0.20337975,0.40361285
5339,2245,1.4364777,0.693556,0.003764756,0.008532301
5340,5338,4.092785,0.69554126,0.009530805,0.019280568
5340,6396,2.5165977,0.6975148,0.00551527,0.012181193
5341,5970,1.9599342,0.6335713,0.0029609874,0.006740093
5341,5971,29.846754,0.6368446,0.060083196,0.11533307
5342,5974,1.9463844,0.6347666,0.0028159916,0.006857425
5342,1611,34.230812,0.63538575,0.06642909,0.12850887
5343,5576,90.1158,0.722822,0.16231847,0.32457167
5343,5503,5.85614,0.7224021,0.01063063,0.021783069
5344,5628,4.700733,0.6942162,0.0107544735,0.021717295
5344,2617,42.98603,0.70521307,0.08004196,0.15359327
5345,1961,1.7232742,0.65962446,0.0028808415,0.0050511807
5345,5346,16.777431,0.6889334,0.03361314,0.06631892
5345,851,23.205843,0.6908428,0.047152735,0.09169857
5346,2617,0.95760727,0.32621902,0.0011222139,0.0014428645
5346,2616,10.178566,0.6970326,0.020777315,0.04021889
5346,6877,42.72974,0.70127463,0.08152846,0.15922783
5347,4672,2.1542778,0.5642032,0.006294094,0.013102159
5348,5059,1.7654648,0.6901438,0.002523169,0.0060551614
5348,5475,22.665615,0.6909213,0.045208085,0.087184675
5349,4942,215.29321,0.7242106,0.2944565,0.5847401
5350,1749,17.453243,0.7331227,0.030729637,0.060059898
5350,5349,40.54259,0.7351747,0.062369373,0.12365711
5351,4200,3.0331001,0.67032886,0.0051158518,0.010558069
5351,1494,106.04419,0.67329884,0.19304518,0.38384676
5351,5580,10.868885,0.6708223,0.01921872,0.03822981
5352,1972,135.05867,0.55064553,0.25985262,0.5073434
5352,7030,42.568516,0.568506,0.081782915,0.16048405
5352,5586,96.9184,0.5499407,0.1881455,0.3678829
5353,1486,138.58716,0.51855737,0.27229923,0.5301539
5353,4590,121.46726,0.5211328,0.23828948,0.4632256
5353,1901,352.52814,0.4669289,0.7047289,1.3682109
5354,5355,1.7233353,0.6935986,0.002705492,0.006015137
5354,393,68.15942,0.7065276,0.121467695,0.2444528
5354,1987,31.772327,0.70696497,0.06152045,0.117545456
5355,5354,1.8754845,0.68918556,0.0026893392,0.0056331307
5355,1731,94.65623,0.70060205,0.17113262,0.33990383
5355,4115,34.005024,0.70122355,0.065853395,0.1255356
5356,3807,3.654541,0.6717011,0.0064511225,0.013644189
5356,1494,78.87244,0.6691345,0.14487307,0.29011276
5357,4165,2.9961777,0.67033494,0.0052824095,0.011096224
5357,6826,2.9734612,0.6665354,0.005304329,0.011112273
5357,3231,200.26968,0.6728641,0.36844355,0.7272169
5358,3295,3.397728,0.7220975,0.0030439347,0.0068517476
5358,6270,9.346245,0.7243904,0.018963471,0.037200138
5359,6714,9.049847,0.71849805,0.019985735,0.039841235
5359,5525,37.75907,0.71922284,0.072750814,0.13927746
5360,6766,23.746273,0.73274505,0.0627609,0.12271081
5360,6957,35.078476,0.7333029,0.06651817,0.12839435
5361,6332,1.864811,0.6968882,0.003213495,0.007366717
5362,5367,4.37051,0.74310035,0.008191168,0.016512275
5363,6937,9.257492,0.7412381,0.017630555,0.03476192
5363,5362,1.7990265,0.7416081,0.0027116314,0.0058668405
5364,5366,0.0,0.4517623,0.0025378019,0.0
5364,5812,67.2792,0.45115378,0.22523436,0.35592535
5365,5363,4.505497,0.7415949,0.007603742,0.0160857
5366,5364,0.0,0.4453808,0.0024326965,0.0
5366,4177,18.476131,0.4486649,0.056340378,0.088161185
5366,5365,33.564438,0.75079906,0.061046,0.117331475
5367,5365,1.9570999,0.7279012,0.0033131316,0.007503718
5367,5364,33.26158,0.75048876,0.061894916,0.11940911
5368,3038,2.7530441,0.66884434,0.0051697493,0.01044859
5369,5524,20.209927,0.5081219,0.047368,0.091069
5370,5179,23.896126,0.50878537,0.05354331,0.10262646
5370,5369,23.741825,0.50856084,0.053463377,0.102305904
5371,1681,126.055244,0.54190236,0.24236384,0.47454673
5371,1682,70.61076,0.5121549,0.13931066,0.2725879
5371,1261,61.470657,0.4997198,0.122040726,0.23864302
5372,6184,25.086445,0.6701135,0.05147843,0.09979143
5372,6357,72.54548,0.6717688,0.1315982,0.26338756
5373,5413,13.275583,0.63829374,0.030194081,0.059042454
5374,5412,3.551754,0.61461043,0.008956604,0.01850003
5374,5373,29.886585,0.6270806,0.058790844,0.11435582
5375,5376,1.9065437,0.69717133,0.0017322525,0.0042252094
5375,514,17.754103,0.7066558,0.03947053,0.07745547
5376,5375,2.2512321,0.6993537,0.0025746971,0.006104216
5376,6811,155.86134,0.65288866,0.38394633,0.75856805
5377,5378,0.0,0.016179562,0.00263267,0.0056869686
5377,5807,11.974024,0.65656126,0.023946844,0.047362268
5378,979,3.3865585,0.63571334,0.0077991933,0.016284406
5378,919,0.0,0.044706047,0.0024090782,0.0055543035
5379,6283,2.2551193,0.6748077,0.0036239699,0.0073789656
5379,3361,1.7518349,0.69116306,0.0047353283,0.0103625655
5380,5182,2.4294968,0.50812346,0.00650353,0.013407677
5380,4259,34.33152,0.5022903,0.0714273,0.13749453
5381,5383,2.1012535,0.6744412,0.003979221,0.008714274
5381,5384,68.788315,0.6789538,0.14030528,0.27906933
5382,4381,2.4509544,0.68639517,0.0043203384,0.008827865
5382,2971,38.86683,0.684423,0.073646784,0.14343688
5382,6121,31.158009,0.68565637,0.06496267,0.12424286
5383,4376,1.8184013,0.6743079,0.003055863,0.006980419
5383,4377,150.86636,0.6749865,0.3036627,0.60007304
5384,2796,194.97711,0.676357,0.3569824,0.7054403
5384,1787,62.895393,0.678997,0.12729329,0.25382978
5385,3045,2.40139,0.6804942,0.004605286,0.009617358
5385,5382,80.492615,0.68293214,0.16086666,0.3192981
5386,5387,1.5883598,0.64380056,0.002263382,0.005296558
5386,3502,39.314713,0.6525746,0.07491482,0.14592509
5387,5386,1.6084213,0.6448038,0.0021548122,0.0050687045
5387,5388,9.154194,0.6447672,0.018002264,0.036127374
5388,2250,2.322075,0.6474714,0.0034939945,0.0076771826
5388,5386,9.016834,0.647822,0.017595515,0.03492783
5389,6095,2.4918861,0.688958,0.0040480345,0.008717656
5389,6047,118.69657,0.6955254,0.21643111,0.43009883
5390,5748,21.009062,0.6769054,0.038598992,0.07444629
5390,3508,29.129395,0.6778335,0.062913835,0.12518716
5391,516,44.781784,0.68120164,0.10212928,0.20171447
5392,3299,23.16625,0.68063337,0.04404037,0.08451514
5392,5748,7.95203,0.67388487,0.01447168,0.02921708
5393,5395,1.9618874,0.6793432,0.0032570586,0.0073684454
5393,3291,40.25648,0.6900066,0.07722142,0.14834774
5394,5393,28.386703,0.69267243,0.05432017,0.10530851
5394,3583,73.61864,0.6899283,0.13366479,0.2685828
5395,3288,1.6201096,0.6848998,0.0022752509,0.0052247047
5396,1012,36.84652,0.67489713,0.061247624,0.11642304
5397,423,73.20635,0.68219364,0.15028079,0.29982817
5397,6342,3.135952,0.6820154,0.006292619,0.013061881
5398,3422,47.70772,0.63152593,0.09791773,0.19259714
5399,5750,5.387539,0.5308686,0.012074888,0.023975968
5399,2334,61.847744,0.5311479,0.11975966,0.23532096
5399,3721,1.7848892,0.53029704,0.0024108142,0.0054897815
5400,6696,4.392288,0.69340444,0.008080721,0.016871125
5400,2948,4.4304504,0.69047236,0.00885798,0.018113509
5401,5402,2.2655678,0.7348004,0.0051587448,0.010488093
5401,3098,69.768166,0.7281709,0.20888469,0.41548854
5402,5401,1.7664642,0.73139155,0.0040725917,0.008442134
5402,4789,44.285667,0.7379629,0.08126939,0.15751348
5403,3240,21.377808,0.67043954,0.04341735,0.08412113
5403,6263,3.3006516,0.66978645,0.0056043714,0.011683732
5403,3806,55.18819,0.67227614,0.06022251,0.11303425
5404,5405,1.8018494,0.67512125,0.003053911,0.007046357
5404,3949,84.922554,0.67643607,0.17562523,0.34963298
5405,5406,1.6660995,0.66753393,0.003088668,0.0071873814
5405,6263,2.3314056,0.67156076,0.0035120249,0.007981077
5406,4944,2.3859062,0.673501,0.004070133,0.00796248
5406,3210,73.80682,0.6727072,0.1528155,0.3040837
5407,595,1.0229759,0.66894746,0.009687729,0.018852368
5407,6562,62.26258,0.6671419,0.12646767,0.25098863
5408,596,1.8993797,0.66626525,0.0032541305,0.007613808
5408,606,119.24393,0.6709949,0.2397041,0.4744972
5408,6564,26.835518,0.67106557,0.056721635,0.10967901
5409,2497,2.628273,0.6841535,0.0044631287,0.009728298
5409,5002,5.5483475,0.68349516,0.0104252845,0.020945176
5410,3146,2.1628075,0.673318,0.004082851,0.008960128
5410,1374,83.4409,0.67478365,0.16516988,0.328909
5411,1023,2.4537125,0.68621516,0.0042320564,0.008923113
5411,6360,29.157078,0.6884199,0.05792092,0.11156921
5412,6933,2.245285,0.610497,0.0023716167,0.0055960566
5412,5373,19.920248,0.6269281,0.046877317,0.09128966
5413,6933,41.436466,0.6347568,0.0791834,0.15435076
5413,5375,84.69311,0.6825673,0.20334747,0.4037808
5414,3352,4.74086,0.7135037,0.008460298,0.017117545
5414,1653,5.337578,0.712932,0.009711079,0.019493803
5414,4575,136.7963,0.71710205,0.24705255,0.4900062
5415,2846,2.0216293,0.7124448,0.0031116307,0.006679371
5415,2840,98.85789,0.71543723,0.1795229,0.3583321
5415,5223,18.472912,0.7167106,0.040987197,0.07999112
5416,1474,2.0237274,0.71147513,0.0029274821,0.0066514015
5416,6136,20.400257,0.7141133,0.045891043,0.09015297
5416,3341,116.48727,0.7127059,0.21082854,0.41926903
5417,3890,2.100441,0.7091447,0.0037687868,0.008137733
5417,4439,12.538954,0.71252865,0.025165357,0.04892899
5417,5416,36.20121,0.71351093,0.08225968,0.16066024
5418,3108,2.5093079,0.6955348,0.0044813678,0.0098088235
5418,5417,32.94332,0.7130214,0.07574223,0.14862016
5419,5418,2.2739906,0.7130103,0.0051606,0.010596514
5419,2828,98.98291,0.7201247,0.19288094,0.38165867
5420,5939,2.1300774,0.7109864,0.004542507,0.009606361
5420,4437,215.52095,0.7131247,0.3821622,0.7555837
5421,5424,1.7507515,0.7138493,0.0025512576,0.00583826
5421,4640,3.0541725,0.7172272,0.004913993,0.010586828
5422,466,2.5561676,0.71820205,0.0045908093,0.00954105
5422,478,15.514547,0.72057825,0.030789796,0.05936364
5423,479,31.945778,0.7222087,0.06096209,0.11673826
5423,5422,16.154688,0.72211134,0.03207599,0.062519394
5424,4639,1.6225319,0.7152454,0.0032318532,0.0073416233
5424,5423,29.578339,0.72262836,0.057981137,0.11199792
5425,1683,11.412706,0.5099745,0.022174649,0.043876827
5426,5425,5.574486,0.5134879,0.010088623,0.020524934
5426,6291,2.1881752,0.5144275,0.00470642,0.010032088
5427,6456,2.35532,0.68730116,0.0027317703,0.006414905
5427,1953,51.75743,0.691012,0.1056833,0.2092212
5428,5427,22.446993,0.6923403,0.038841292,0.07542246
5429,5432,2.170414,0.6889575,0.0034112558,0.0070251524
5429,5428,23.085728,0.69470453,0.041480694,0.08066533
5429,1393,56.285564,0.6934055,0.10247457,0.20415437
5430,3386,194.87787,0.7219311,0.34210554,0.6757479
5430,5431,63.14215,0.71262693,0.113696694,0.22557367
5431,5486,2.1250992,0.7078098,0.0033521727,0.007023111
5431,449,72.02341,0.7167703,0.16766368,0.33401072
5432,5429,2.002102,0.6890542,0.003246054,0.006545827
5432,6451,55.03814,0.69163287,0.08117923,0.15895307
5432,233,15.507114,0.6888443,0.030819971,0.059462354
5433,5435,0.8572006,0.6469215,0.0027961656,0.005747184
5433,5022,1.0784454,0.64376354,0.0036828816,0.008115783
5434,5433,0.0,0.27609175,0.0013027713,0.002898559
5434,5436,0.0,0.08646801,0.004347943,0.008655295
5435,5436,0.0,0.42677078,0.0015173107,0.003377512
5435,5095,77.306725,0.63661605,0.1948028,0.38682765
5436,5437,2.3806076,0.6448925,0.0060642064,0.012408793
5436,1490,43.55929,0.0028631687,0.24540731,0.5251951
5437,5440,0.06857681,0.08468914,0.00258331,0.004576355
5437,5438,0.45567703,0.04940507,0.004554227,0.008439735
5438,5434,1.962719,0.63860124,0.0056279004,0.011334658
5438,4473,26.273159,0.02626884,0.12733212,0.26979524
5439,5438,0.099845886,0.1611183,0.0017951205,0.0034213215
5439,5153,24.650219,0.64262795,0.058813315,0.1135664
5440,5439,1.1487923,0.6547743,0.0036068484,0.007097453
5441,4624,35.016296,0.72584456,0.06603798,0.12746808
5442,2716,2.8013763,0.59603924,0.0068994984,0.014183179
5442,1481,2.8011398,0.5908976,0.006327048,0.012834415
5443,5444,2.3073883,0.6766129,0.0033065975,0.007311791
5443,3521,12.762087,0.6751921,0.024075307,0.047500998
5444,5445,5.7676926,0.6755462,0.011753358,0.023568869
5444,5447,11.108355,0.674312,0.022002637,0.042906076
5445,5446,2.3302345,0.67591655,0.003734991,0.0084472895
5445,774,100.01178,0.67779785,0.18260336,0.36405265
5445,3287,19.778446,0.675034,0.04140158,0.07992055
5446,5443,3.523716,0.6779512,0.0068884343,0.013771325
5446,6064,63.999664,0.6658539,0.11418693,0.22706307
5447,3450,144.03922,0.6732088,0.26255998,0.5186576
5447,4515,8.178055,0.6809048,0.016232252,0.03248532
5448,6163,13.774319,0.7281347,0.02807001,0.055308193
5449,2240,2.0426674,0.6943288,0.0037018582,0.00832656
5450,5457,2.7136955,0.6938915,0.0050265267,0.010909751
5451,5452,2.300274,0.6933861,0.0038477108,0.008551702
5452,5453,1.8682518,0.6962122,0.0033030882,0.0075565428
5452,244,38.584393,0.7007251,0.08056209,0.15486217
5453,2241,1.5997467,0.68266344,0.0029930696,0.006893486
5453,2351,12.474022,0.6971952,0.025169656,0.049075186
5454,5458,3.7416687,0.6961106,0.006764561,0.014382184
5455,5454,3.114334,0.69736224,0.005583741,0.011810616
5455,5451,5.6164207,0.69804025,0.010705337,0.0218409
5456,5455,2.77417,0.69760275,0.0050382465,0.011137813
5457,2239,5.0734215,0.6992137,0.009385787,0.019101724
5457,5456,2.837284,0.6989695,0.0053567737,0.01148437
5458,3866,43.036335,0.6941284,0.087458745,0.17177679
5458,5449,2.590519,0.6961427,0.004381597,0.009373993
5459,3620,2.0105667,0.6977666,0.002918169,0.006574288
5459,239,91.20868,0.69851345,0.16543877,0.3309602
5459,3624,23.770256,0.70308936,0.049808167,0.09548002
5460,4225,2.9307098,0.7385601,0.001790002,0.004832536
5460,5463,3.9171867,0.7400742,0.007462196,0.015651926
5461,3133,62.266144,0.732532,0.11723934,0.23001395
5461,4224,11.538792,0.73551095,0.022805557,0.04421203
5462,5463,1.8872185,0.74049723,0.0034108758,0.0074879527
5462,4225,4.5331573,0.7432325,0.009024531,0.018407375
5463,3155,1.7380981,0.73930705,0.0035938844,0.0073141754
5463,322,25.721546,0.74269885,0.05224388,0.10148986
5464,4142,356.4707,0.69843864,0.30225596,0.5997888
5464,2142,33.79963,0.6993749,0.06449682,0.12357795
5465,5872,0.8344116,0.5642539,0.0034503415,0.007619694
5465,3448,104.31339,0.55009085,0.19841418,0.38863653
5466,5641,1.3494873,0.6639377,0.002802223,0.0061424524
5466,1733,32.57573,0.06310576,0.12921467,0.2729303
5467,5468,2.3414955,0.68599904,0.004003845,0.008798376
5467,694,51.796528,0.68957007,0.10373959,0.20695022
5468,4685,1.915905,0.68371195,0.0034290478,0.007811889
5469,4834,3.2839203,0.38409257,0.009048022,0.01745218
5469,5470,29.507412,0.3786412,0.062151,0.116852224
5470,4859,16.532257,0.3787021,0.0441155,0.085844934
5471,5474,1.3592339,0.36675447,0.004967913,0.0095985085
5471,2274,27.39149,0.37282476,0.06417428,0.12046263
5472,5471,1.4692459,0.3753292,0.005026363,0.00969778
5472,4835,11.634424,0.3819045,0.031155474,0.05936861
5473,5472,1.6828842,0.37874284,0.0054181814,0.010527164
5473,4222,3.5836868,0.37790367,0.009653911,0.018558428
5474,5473,1.4842758,0.3783933,0.005400352,0.010533109
5474,3627,66.27697,0.34655815,0.18687272,0.36484984
5475,3576,2.253437,0.69096357,0.0025338158,0.0057155043
5475,5717,4.7523155,0.68865335,0.008232124,0.016751885
5476,5372,72.00463,0.66990966,0.13426737,0.266585
5477,2780,2.1822243,0.6944465,0.0037229583,0.008305803
5477,5478,8.807236,0.7011983,0.010591514,0.022409067
5478,2793,28.193207,0.7021384,0.05796447,0.11159931
5479,4199,2.0177116,0.01790464,0.006272599,0.01304014
5479,5624,4.078644,0.66738796,0.0031099245,0.007386297
5480,101,25.779818,0.70084,0.05116673,0.09855233
5480,1327,8.021435,0.6980149,0.0153955,0.030483693
5481,103,46.30336,0.7069219,0.08739641,0.17126015
5482,6458,0.3689232,0.44666716,0.0042329878,0.0024612248
5483,5482,4.8755074,0.75303274,0.007612914,0.015360102
5483,2937,35.951393,0.45458755,0.13400146,0.20758069
5484,5431,1.5337639,0.71229494,0.0039572194,0.008798599
5484,5430,61.682022,0.7109897,0.11141029,0.22157378
5485,5484,2.0073166,0.7092376,0.0025520623,0.005693987
5485,2412,18.008013,0.7029216,0.038737286,0.074888825
5486,5485,1.3412209,0.60457826,0.0034703165,0.0067826957
5487,5402,90.07056,0.7464344,0.1624066,0.3239699
5488,5487,3.7212677,0.7386344,0.0064634457,0.013342813
5488,4788,2.6192665,0.74359345,0.0041576177,0.009339556
5489,1298,18.378548,0.7089357,0.036443338,0.07047555
5490,1297,102.75707,0.70880735,0.1875352,0.37326986
5491,436,25.410616,0.69787353,0.049912594,0.09629249
5492,5495,1.8282433,0.73720634,0.0031026676,0.0066042542
5492,5496,7.04554,0.7404643,0.013323806,0.026508003
5493,5492,1.9303284,0.74081326,0.0035539195,0.007818818
5493,6574,25.099262,0.7486595,0.04867011,0.09352912
5494,5493,1.6636848,0.73992026,0.0023639873,0.0054302365
5495,5494,1.8724022,0.7366733,0.0028835014,0.0064906627
5495,5497,6.1043167,0.7390459,0.012112871,0.02398701
5496,320,41.932434,0.7399827,0.07900718,0.15233256
5496,5495,6.097069,0.73973954,0.011098243,0.022141144
5497,5494,6.2173157,0.7402421,0.010864861,0.021883354
5497,1737,3.3135834,0.74108624,0.0059192255,0.011604384
5498,5499,4.2526703,0.7280675,0.00922709,0.018671915
5498,3883,16.942041,0.71650517,0.041149493,0.081522234
5499,6196,8.710297,0.7274306,0.016262189,0.032699496
5500,2443,4.130512,0.7419864,0.009601869,0.02020301
5500,6022,66.78351,0.7400736,0.09469222,0.1855252
5501,2102,66.662964,0.7196854,0.121641226,0.24263833
5501,1287,5.480423,0.72459316,0.009646952,0.019965708
5502,1287,1.525528,0.71361876,0.004128076,0.0083946735
5502,5501,5.437916,0.7259513,0.009945907,0.02007936
5503,5502,1.7484283,0.72355926,0.0026385933,0.0057644546
5503,3187,47.70871,0.7220357,0.10760124,0.21377
5504,5505,1.974617,0.7210878,0.0030049235,0.006283343
5504,2831,43.713562,0.7199096,0.087971225,0.17357467
5505,4707,2.3091164,0.71666133,0.0042724162,0.0082292855
5505,5504,1.9384308,0.7196674,0.002789043,0.005586311
5505,5909,63.308052,0.7212157,0.113536686,0.22478294
5506,5507,2.4410057,0.71283495,0.0024785325,0.005397573
5506,5527,23.985748,0.7165584,0.046226215,0.08999181
5506,5526,10.658339,0.7140176,0.02051127,0.040032163
5507,5506,2.145729,0.7124581,0.00185287,0.004387766
5507,5527,19.526268,0.7176634,0.04372932,0.085372135
5508,1473,2.979107,0.71377856,0.0073581487,0.015276462
5508,6714,24.207632,0.71890986,0.047676213,0.092900895
5509,1992,1.3969803,0.5340894,0.0020143986,0.0045722276
5509,5510,9.330833,0.53706145,0.017981507,0.03599517
5510,3523,63.74167,0.5416987,0.12454402,0.24473023
5510,1992,9.012222,0.5404294,0.017476842,0.034668982
5511,5279,1.6035767,0.72594273,0.0029358715,0.006484285
5511,5280,3.3476982,0.72494245,0.0061684176,0.012968332
5512,3141,26.382132,0.5990744,0.07937534,0.1546008
5512,3120,35.056084,0.60085905,0.084967576,0.16815335
5513,3143,3.4339485,0.6021006,0.008638345,0.017558798
5513,2516,42.56439,0.6006417,0.10132452,0.19806753
5514,1988,14.048967,0.7008002,0.025691465,0.05114709
5514,5855,30.16727,0.6990853,0.05084067,0.09905256
5515,1828,21.341423,0.56012154,0.059036348,0.11588462
5516,5517,2.8044395,0.6739766,0.0019944385,0.0055015385
5516,3265,20.503462,0.67382205,0.043643147,0.083877094
5517,5516,2.545906,0.6739267,0.0014515296,0.004165545
5517,3263,34.22548,0.67081064,0.07180291,0.1395258
5518,5519,2.6765404,0.73222935,0.005792454,0.011285827
5518,1629,3.1448097,0.044526905,0.016245686,0.033264413
5519,1874,1.048027,0.065481365,0.0069518834,0.014264047
5519,5518,2.2475662,0.7413044,0.0046722293,0.009393051
5520,5523,1.2797661,0.7084661,0.0065796524,0.0139876455
5520,1696,30.82214,0.711599,0.08748291,0.17151818
5521,5520,1.2898331,0.7086406,0.0058976635,0.012476265
5521,3351,43.797684,0.7097267,0.09994081,0.19794247
5522,5521,1.4514885,0.7049762,0.0063661486,0.013762951
5522,2326,53.796616,0.70583427,0.12921718,0.25689286
5523,5522,1.695427,0.7064743,0.0051589087,0.011676297
5523,849,113.76603,0.7207716,0.33639464,0.6699871
5524,4849,47.145897,0.49055308,0.12088717,0.23715514
5525,5359,29.780657,0.7164023,0.068502404,0.13325031
5525,5359,37.989586,0.7192674,0.072558776,0.14038883
5526,5507,7.850296,0.714266,0.017059326,0.03402409
5526,5506,10.086018,0.71566117,0.019290939,0.03765367
5527,5915,30.553154,0.7174605,0.069979675,0.13673362
5527,5506,23.16175,0.7196561,0.045546997,0.08847363
5528,5529,1.7197723,0.7143413,0.0025704876,0.005085677
5528,2001,23.01964,0.71660376,0.05167672,0.10069878
5529,5528,1.6236343,0.71832246,0.0025605112,0.005350262
5529,7045,3.305973,0.71733737,0.0056059957,0.011702299
5529,5530,41.016983,0.7189173,0.09343405,0.18560289
5530,5531,2.0918846,0.7123186,0.003138803,0.0070034713
5530,3078,108.80557,0.71211153,0.2603896,0.51865166
5530,791,56.737736,0.7155558,0.10129228,0.20175925
5531,5530,2.1041527,0.7117698,0.0030353665,0.0069845915
5531,5528,62.43757,0.70868635,0.09395617,0.18408413
5532,5533,2.270443,0.684692,0.0036107302,0.008002162
5532,2531,94.83914,0.6841096,0.22823629,0.45304734
5533,5532,2.2135391,0.6834389,0.0033282563,0.0074367225
5533,1182,124.5967,0.6830753,0.22804147,0.45224714
5533,1376,37.038483,0.68852484,0.08584229,0.16653623
5534,284,109.64158,0.7054049,0.2017487,0.40075868
5534,2507,10.135925,0.70251405,0.022619352,0.044991106
5535,162,2.3300629,0.70341945,0.003692381,0.0076058805
5535,839,53.676495,0.70529497,0.098658115,0.19623525
5535,166,42.037853,0.703291,0.08525739,0.16727972
5536,44,11.862028,0.47266316,0.0325859,0.063014604
5536,1150,0.605381,0.47228402,0.0042120367,0.008226484
5537,5542,1.6382675,0.74177414,0.0023663938,0.005117625
5537,498,48.05031,0.7453132,0.08690691,0.16751714
5538,5540,2.3535614,0.7381614,0.0033971146,0.0066552907
5538,6350,98.36561,0.74287695,0.29694742,0.5900019
5539,5538,0.8665886,0.7370425,0.0049818307,0.009857222
5539,5537,1.8857918,0.7411504,0.0024944767,0.0057277083
5540,5541,2.3195686,0.73428863,0.0075943545,0.01417996
5541,5539,2.6209679,0.7385454,0.0037829876,0.0070810467
5541,6206,31.901882,0.73910105,0.08933285,0.17446014
5542,5538,1.7958298,0.7374292,0.002384983,0.0050742626
5542,497,139.16818,0.750817,0.24929363,0.49524426
5543,2679,146.91496,0.64363366,0.26830718,0.52985436
5543,2996,91.88524,0.64633685,0.17111644,0.34103268
5543,2678,87.094696,0.6570988,0.16052556,0.31992194
5544,5545,2.8466606,0.6547919,0.0046553016,0.009728566
5544,1443,113.42337,0.6542096,0.20707622,0.41020593
5545,5544,2.8170586,0.6541867,0.0044248477,0.009253293
5545,3587,6.2222633,0.6570466,0.01131919,0.022907719
5545,4885,155.70215,0.652793,0.2879926,0.5684837
5546,6727,3.7037086,0.68076915,0.0065597817,0.0133729875
5546,5024,3.1555977,0.70029074,0.0055765435,0.011601001
5546,6339,44.80649,0.6989967,0.0837044,0.1638153
5547,5548,2.1714554,0.63615215,0.004879564,0.010345042
5547,4050,125.527596,0.63977855,0.26390234,0.5208845
5548,1280,0.21147919,0.06646958,0.0028178096,0.005895987
5548,1933,10.805019,0.63439554,0.021800265,0.043023467
5549,6457,3.9245262,0.6861932,0.0046387315,0.010077998
5549,4721,28.765026,0.688049,0.061070412,0.118216366
5550,2704,255.41151,0.69374406,0.45922747,0.9054902
5550,4558,58.326298,0.6962292,0.10595819,0.21117698
5550,4557,26.671188,0.69382524,0.052423753,0.10136468
5551,562,1.8906555,0.610903,0.002910629,0.006414324
5551,3930,125.0314,0.6299175,0.23082298,0.45432192
5551,5972,69.92576,0.6321868,0.12923495,0.25649524
5552,563,1.2025261,0.62418085,0.0023653507,0.0061651617
5552,5553,34.611694,0.645768,0.06858006,0.1333025
5553,3930,15.180479,0.63808906,0.03114893,0.060959905
5554,2603,1.9375,0.6169248,0.0038259104,0.008288085
5554,5551,106.90891,0.6239591,0.19870648,0.39183456
5555,5554,1.447094,0.6048188,0.0022475123,0.0053307116
5555,543,25.923029,0.6228156,0.055988714,0.1076668
5556,5557,25.210331,0.47892773,0.055040214,0.104840845
5556,2562,1.9235878,0.47660926,0.0037932768,0.008241668
5557,2340,33.651505,0.47323912,0.06895608,0.13192813
5557,5556,25.50363,0.474244,0.055204123,0.10514811
5558,5559,54.48755,0.65551496,0.11184043,0.22105417
5558,554,23.455654,0.6593342,0.050350405,0.096228495
5559,5560,2.5987663,0.6593724,0.0018973202,0.0047451854
5559,555,55.59445,0.66210765,0.11550149,0.22954759
5560,5559,2.573143,0.6580491,0.0018479154,0.0046682656
5560,5558,54.81191,0.65985596,0.11419738,0.22676873
5561,1585,22.127966,0.6266175,0.04737834,0.09124354
5561,5562,15.324816,0.62652594,0.032942303,0.063777655
5562,903,2.3107796,0.6256018,0.0042186975,0.009254202
5562,5561,16.641705,0.6231915,0.03481758,0.0673267
5563,907,2.960926,0.6136464,0.0024503618,0.006069422
5563,1589,75.24033,0.6282655,0.14018248,0.278996
5563,5104,9.615692,0.62091005,0.020263024,0.040237814
5564,5563,10.74288,0.6241977,0.022824645,0.045128137
5564,5565,36.22621,0.6250102,0.076608405,0.1478869
5565,5564,35.873474,0.62535983,0.07567305,0.14716847
5565,5566,9.881977,0.61913097,0.020996943,0.04147625
5566,1381,2.5116806,0.61583775,0.0050556287,0.010807306
5566,5565,10.574369,0.61731875,0.022436008,0.044486046
5567,1383,64.62389,0.6132326,0.13325217,0.26401734
5567,5568,22.492258,0.61943716,0.04937961,0.09489499
5568,1381,2.057331,0.6152898,0.0039727762,0.008776948
5568,1382,9.958363,0.6177275,0.02101516,0.041623637
5569,5570,1.5999184,0.64752674,0.0022185892,0.0055403113
5569,5991,106.171616,0.6479027,0.21669823,0.42751586
5570,4895,2.4908295,0.64798164,0.0008041784,0.0031957626
5570,5571,8.836914,0.64624643,0.017337367,0.03485523
5571,3416,76.97365,0.6465908,0.10708821,0.21345834
5571,4895,8.140648,0.64428055,0.0154739395,0.030895516
5572,3430,2.286087,0.624688,0.004259616,0.00951609
5572,5573,11.002947,0.62662804,0.022497721,0.044545546
5573,3430,13.010973,0.62730724,0.026535787,0.05218193
5573,6767,153.37326,0.6336237,0.28275725,0.5582071
5574,1190,76.459526,0.6789486,0.14062855,0.28130114
5574,2263,47.622635,0.6860561,0.095129296,0.18882176
5574,1168,132.46246,0.682941,0.26508504,0.5242328
5575,2575,88.72188,0.72925186,0.15893862,0.3189072
5575,1471,22.85332,0.72617227,0.051926076,0.10137049
5576,2101,31.075996,0.72472113,0.059817676,0.1149874
5576,5343,89.292145,0.7254469,0.1587303,0.31786698
5576,73,60.389,0.7248587,0.107748404,0.21466172
5577,5578,2.0667,0.66896856,0.0032269284,0.007363245
5577,639,52.64048,0.6705264,0.13556018,0.2702679
5578,5577,2.215561,0.6689733,0.0034727901,0.007831469
5578,4837,80.65092,0.66979086,0.21299902,0.4242444
5579,291,42.43011,0.69190925,0.077904895,0.15211034
5579,292,4.024296,0.69857883,0.0062083825,0.0131341815
5580,3223,35.336414,0.6749699,0.07329638,0.14428923
5581,6216,37.277832,0.43367139,0.07701832,0.1467996
5581,1833,67.30513,0.4154323,0.1763156,0.34156853
5582,5584,42.006714,0.66825587,0.080595,0.15744421
5582,3965,2.8897667,0.66861016,0.005686201,0.011935338
5583,5239,69.67804,0.67179424,0.14015447,0.280492
5583,5582,3.7624817,0.66855276,0.007381141,0.015616745
5584,5277,33.11001,0.6706694,0.06616354,0.12652522
5584,5582,42.178627,0.6720209,0.08190311,0.16125637
5585,6126,1.6975403,0.47765756,0.0028064623,0.0058295876
5586,5352,97.88185,0.54984313,0.18731554,0.36722648
5587,4030,22.81109,0.7045738,0.05112953,0.09887901
5588,2068,98.76924,0.70232177,0.1792599,0.35770655
5588,3977,64.71116,0.7078113,0.19103932,0.3805481
5589,5205,22.703058,0.6687498,0.04913994,0.094420984
5589,2216,12.285673,0.66537935,0.02531413,0.049807593
5590,1181,1.8894997,0.668703,0.003655456,0.00778082
5591,5937,3.1792755,0.43499485,0.008599304,0.0168017
5592,6358,3.9261284,0.69057816,0.0092859715,0.019324243
5592,5989,5.1149254,0.6911227,0.00877098,0.018265083
5593,5152,3.099697,0.5722179,0.0057154447,0.012359023
5593,1786,11.90004,0.5714725,0.027673401,0.05458025
5593,1782,46.712723,0.5653191,0.11437729,0.22382209
5594,4917,62.523132,0.7064637,0.14697152,0.2944067
5595,1324,6.3407784,0.70197976,0.011244707,0.023155808
5595,2211,4.7659836,0.70299906,0.01198528,0.024484351
5596,5597,1.4267273,0.674441,0.0034971014,0.008066505
5596,5598,23.035986,0.6770539,0.045945544,0.0890003
5597,5596,1.4827576,0.6776027,0.0037248954,0.008130237
5597,5599,14.963129,0.67437756,0.03867896,0.07550329
5598,6164,33.826828,0.6892717,0.067040704,0.12757686
5599,5598,2.0200386,0.6816756,0.0058571324,0.012602851
5599,6261,53.407894,0.6845007,0.15792295,0.31155354
5600,2976,26.918835,0.69720733,0.052470952,0.10153185
5601,5600,1.7383652,0.6972073,0.004465975,0.009667754
5601,3154,19.044876,0.69673395,0.048547942,0.09487888
5602,1142,180.0254,0.6964603,0.35753426,0.706805
5602,1141,15.399561,0.7003123,0.031488806,0.061507523
5603,1141,3.0227394,0.6984191,0.002547048,0.0061297864
5603,5602,17.17776,0.70091933,0.03550773,0.06850248
5604,5608,2.656086,0.69475317,0.0046812817,0.01037471
5604,5181,73.649155,0.6973249,0.1893822,0.37816983
5605,5043,1.7072716,0.6954779,0.0045617223,0.010316446
5605,6130,37.804745,0.69934714,0.08784086,0.17145777
5606,5610,1.629715,0.6964495,0.0039647445,0.009215146
5606,380,26.220337,0.70314145,0.051516425,0.098263845
5607,4077,2.9089355,0.6948895,0.0028458014,0.006311998
5607,5038,16.686064,0.70140886,0.034968514,0.068466134
5608,5036,3.2774696,0.6917335,0.004604064,0.010385588
5609,5604,1.5494995,0.70059144,0.0043322966,0.009610146
5609,5605,24.85181,0.70148087,0.05703248,0.109586515
5610,4930,2.3540611,0.69821894,0.0053773224,0.012139544
5611,750,2.0903206,0.67034733,0.008721612,0.017651543
5611,6950,76.68968,0.6890365,0.12153331,0.23703904
5612,1262,1.6710167,0.4975469,0.002473861,0.0053139776
5612,2307,25.518995,0.5081217,0.053499702,0.101713695
5612,2995,172.37073,0.52084893,0.15675433,0.30724567
5613,605,28.879475,0.6718991,0.06103807,0.11850071
5613,4337,64.268585,0.6643466,0.12901652,0.25578928
5614,1811,33.294033,0.6701905,0.070539415,0.13659339
5615,3545,16.463503,0.6709733,0.03331461,0.06479671
5615,5408,15.147694,0.67095333,0.030712415,0.059753843
5616,1947,86.01589,0.6750081,0.15888107,0.3168665
5616,5802,19.291426,0.6725471,0.03855375,0.07438135
5617,5623,1.7196426,0.6682453,0.007133074,0.014383033
5618,1386,2.8987274,0.6605302,0.0044597834,0.008979842
5618,696,1.9507561,0.66562223,0.0027937293,0.005130276
5618,7062,29.14412,0.0072181225,0.16122109,0.34686387
5619,6123,0.0,0.04350397,0.008053862,0.015045926
5620,5933,6.6324883,0.67326933,0.012341216,0.025223255
5621,5620,2.6234932,0.677014,0.004015282,0.008354917
5621,5619,1.1423264,0.045508265,0.016647108,0.032851145
5622,5617,3.8778,0.66953117,0.00741487,0.015229508
5622,1386,36.427853,0.020201087,0.19896483,0.4240983
5623,4199,4.3822556,0.67338896,0.008275673,0.016530424
5623,5797,84.418625,0.68030965,0.265704,0.5299438
5624,5108,3.036438,0.6781692,0.0053972527,0.011768192
5624,6844,10.526968,0.678975,0.011274748,0.023310259
5625,2416,61.704712,0.67738986,0.12734017,0.2547633
5625,4825,7.6769066,0.67582875,0.015507162,0.031454533
5626,4823,0.0,0.42708614,0.0009316504,0.0022486597
5626,5625,1.8614197,0.67444324,0.0054327697,0.012014866
5627,5798,1.2860107,0.058095306,0.009399511,0.019665763
5627,5626,3.0110626,0.67177373,0.0066201314,0.013616905
5628,5805,36.662857,0.69795716,0.08389373,0.16425394
5629,5082,3.648758,0.701147,0.005703263,0.01192534
5629,5083,2.2165527,0.6973975,0.0043709353,0.009217784
5630,4657,2.4219398,0.6966599,0.0030547455,0.007251784
5630,5040,36.285557,0.6993907,0.07376808,0.14555499
5631,2612,0.5196953,0.47083598,0.002267979,0.0045391917
5631,438,22.409395,0.6917671,0.053325843,0.10322259
5632,6238,2.4022827,0.7162554,0.0041695163,0.009030327
5632,5049,53.402164,0.7151705,0.120205425,0.23808265
5633,6035,1.6101418,0.7371025,0.0027506575,0.0056630373
5633,6034,1.6505661,0.73847926,0.0026293844,0.005698651
5633,4626,70.54291,0.7377782,0.13518777,0.26919267
5634,5635,2.7143974,0.6722557,0.0075471774,0.015917212
5634,1814,172.62436,0.12110606,1.3309705,2.739065
5635,2950,121.48074,0.672596,0.2458745,0.48588604
5636,293,1.5791473,0.43771598,0.0065310895,0.006747201
5636,5637,4.637886,0.733499,0.007045433,0.0145536065
5637,659,27.203259,0.46242002,0.08938272,0.13881491
5638,4239,1.1008263,0.6675913,0.0029236898,0.005994886
5638,4236,35.854237,0.6995464,0.07465883,0.14460172
5639,5466,0.0,0.09926161,0.0023136958,0.0047269017
5639,6889,24.011686,0.61358607,0.052987013,0.1032865
5640,5639,2.653984,0.69446266,0.005533457,0.010971189
5640,7034,35.128647,0.056418777,0.14167029,0.30039987
5641,5640,0.1605835,0.22698674,0.0031781867,0.006766364
5641,5644,92.46734,0.7066896,0.19031055,0.37953445
5642,5638,2.0970306,0.6910875,0.004145868,0.008607864
5642,2109,17.815098,0.69621474,0.039766528,0.07723466
5643,56,68.882355,0.70823586,0.08635279,0.16934898
5644,5361,1.8562508,0.6994363,0.0035321414,0.00795193
5644,5646,10.361063,0.7023107,0.02092924,0.040703997
5645,5644,2.0319023,0.6978178,0.004069835,0.008695573
5645,5640,94.680016,0.7118122,0.19121751,0.3784557
5646,817,101.60453,0.700933,0.18089724,0.36059192
5646,2373,47.479103,0.69768035,0.09745996,0.19267753
5647,4108,1.0468292,0.039311618,0.005211048,0.010325059
5647,4110,20.212599,0.7119258,0.041349404,0.08127034
5648,5144,1.5328865,0.14586663,0.0038646832,0.0066924244
5648,4109,34.900105,0.70867777,0.06598023,0.124644935
5649,5652,1.805336,0.7008715,0.0027237535,0.0061433315
5649,2145,41.763622,0.70001507,0.08403517,0.1629577
5650,5649,1.8915558,0.7005408,0.0036091283,0.008443072
5650,390,73.43276,0.70266795,0.13511613,0.26980746
5651,5650,1.4945717,0.7024074,0.0018666238,0.004795119
5651,6283,133.66835,0.70474875,0.2710208,0.53598326
5652,5651,1.7243004,0.7006486,0.0032853633,0.00809969
5652,4043,93.86041,0.6988124,0.10559235,0.21255657
5653,1828,1.4903336,0.5510141,0.0018415377,0.0038349628
5653,717,30.779465,0.55987877,0.062142372,0.11906802
5653,4856,25.328503,0.55864334,0.05241849,0.09996165
5654,1097,3.478077,0.67505515,0.011512592,0.023226768
5654,1100,3.615532,0.6719344,0.01207608,0.023872256
5655,5656,78.66513,0.72094667,0.2260926,0.4507084
5655,3869,43.35056,0.72182935,0.10355932,0.20605554
5656,5601,32.889603,0.69163,0.093082644,0.18067245
5657,31,1.8110085,0.71659017,0.003369823,0.00756979
5658,4486,21.13646,0.6959756,0.055965587,0.10847799
5658,4486,30.186058,0.6926477,0.05934396,0.11360673
5659,6474,2.1090202,0.6453704,0.0025039688,0.006120011
5659,3671,130.20282,0.6258195,0.31971422,0.6296156
5660,3099,37.45922,0.7303182,0.062036008,0.11911014
5660,1630,3.2320137,0.715991,0.00546097,0.009768978
5660,3126,75.311874,0.737674,0.14542037,0.2884135
5661,5662,3.2111053,0.7330375,0.005460672,0.011477888
5661,5349,15.472183,0.7366467,0.027248591,0.053415388
5662,1749,2.750843,0.7358043,0.0027868748,0.005642146
5662,6673,17.023815,0.73691326,0.03371934,0.06633089
5663,6672,26.72807,0.7267517,0.04508593,0.08882991
5663,5795,124.3925,0.72895074,0.16699064,0.33154225
5664,4671,0.9531212,0.56011736,0.0037800595,0.0079729855
5664,4673,175.01424,0.5417878,0.3393707,0.66179657
5665,4592,2.781456,0.5603883,0.0021034703,0.0048942715
5665,6092,82.4234,0.5656913,0.17602092,0.3426068
5666,3983,0.68859863,0.22505262,0.0034079105,0.0076256394
5666,5665,7.067562,0.5575027,0.01529216,0.030689955
5667,2012,1.236496,0.53928363,0.0036489964,0.0070884824
5667,2010,15.546402,0.54026186,0.03369215,0.06536997
5668,5667,1.3787613,0.53637624,0.0030512363,0.006570816
5668,3992,28.556362,0.53979295,0.069649234,0.1334783
5669,4171,6.4745445,0.7443644,0.011758335,0.024007708
5670,5671,3.0726166,0.675497,0.0030189157,0.0073966533
5670,6467,182.9133,0.6709663,0.45954764,0.9086082
5671,6042,1.5383949,0.66922647,0.004564114,0.009775028
5671,3304,238.17589,0.6709529,0.33323163,0.65518355
5672,5670,1.4850235,0.6730086,0.005429052,0.01153928
5672,3536,68.94162,0.6721456,0.21061665,0.4173103
5673,5674,2.1842232,0.67085695,0.0032955632,0.007614836
5673,4753,32.729073,0.6685388,0.08064775,0.15611349
5674,5673,1.9039764,0.66828424,0.0028994307,0.0065837502
5674,4757,80.15794,0.670445,0.20721446,0.41199952
5674,844,27.725313,0.6688405,0.055514596,0.10679993
5675,5676,2.3814507,0.6617031,0.0040678605,0.009021103
5675,4102,2.6728897,0.66778386,0.004827395,0.010532454
5676,1877,2.9044151,0.66776377,0.004417442,0.009548888
5676,5677,5.1016693,0.66830194,0.009862214,0.02012816
5677,5678,2.022972,0.6601511,0.0029379502,0.0070060194
5678,3183,28.389618,0.67123854,0.058193393,0.11047136
5678,5675,3.7080688,0.6681693,0.008073956,0.016791895
5679,5680,1.8719559,0.6572365,0.0032084137,0.0071284324
5679,4345,2.4837532,0.66426796,0.004348807,0.0097953975
5680,5681,4.0099106,0.66575,0.008119702,0.016397014
5680,1876,39.72761,0.6642884,0.07624162,0.14905074
5681,5682,2.4644508,0.6662713,0.0040051118,0.008609861
5681,1880,4.7343597,0.66458046,0.008923836,0.018094406
5682,5679,3.8543396,0.664078,0.007985443,0.01618804
5682,3276,7.921528,0.6635046,0.014991157,0.029924914
5683,869,1.9468269,0.67205286,0.0029271096,0.0065043867
5683,4178,100.55548,0.67866087,0.18234885,0.3630406
5684,356,7.000477,0.72644544,0.012570061,0.025050342
5684,4789,68.78924,0.7337325,0.12120124,0.24200088
5685,6326,79.46396,0.69319725,0.18348464,0.36240923
5686,5734,41.415714,0.6865461,0.07884808,0.15370964
5686,5685,13.163012,0.6882938,0.023860306,0.046837583
5686,4720,21.813198,0.6924038,0.04346744,0.083783455
5687,5688,1.8821869,0.57557833,0.0060084313,0.012672722
5687,4045,96.465225,0.58984053,0.30787292,0.6067642
5688,1820,84.947945,0.58244586,0.1215992,0.2389071
5689,3069,2.582531,0.6638392,0.0030662864,0.007576838
5689,3218,0.0,0.65429646,0.00784228,0.015869394
5690,6521,36.257828,0.64526856,0.07116006,0.13796811
5690,5691,11.032503,0.6453576,0.02184955,0.043208346
5691,2966,1.9336624,0.64376444,0.0018093511,0.0045663416
5691,5692,9.468952,0.6434825,0.01869551,0.03724432
5691,3898,49.563393,0.644558,0.07476158,0.14447996
5692,1160,78.30308,0.6491842,0.14444345,0.28868806
5692,2966,9.677174,0.64865434,0.019412763,0.03842464
5693,5695,4.6080933,0.6745951,0.0095908195,0.019672006
5693,6171,4.269928,0.67285645,0.0073446557,0.015606388
5694,5999,2.7644196,0.6749871,0.0039273426,0.008736849
5694,3468,4.0701256,0.6742127,0.008228987,0.016974956
5695,4647,3.3592873,0.6745348,0.0060260743,0.013097376
5695,5694,1.739521,0.67167765,0.0026572272,0.0059528053
5696,5697,1.8920135,0.6925385,0.0028677806,0.006367773
5696,4582,38.583923,0.6943583,0.08878913,0.17508173
5697,5696,2.4441376,0.6925657,0.0039659515,0.008417264
5697,852,48.01976,0.69229126,0.09012185,0.17890646
5697,3124,5.4311867,0.6965817,0.0118455365,0.023632824
5698,442,3.2856216,0.6843877,0.0064954087,0.013811782
5698,2952,141.70755,0.6825026,0.28783822,0.56807894
5699,2267,81.563995,0.6780954,0.14760749,0.29501045
5699,5700,2.2928696,0.67441016,0.003537707,0.0076572746
5700,5699,2.2954903,0.6769982,0.003564909,0.0076699704
5700,2270,121.3376,0.67707455,0.2202751,0.43730283
5700,5884,50.82674,0.6797339,0.09427645,0.18488346
5701,5886,21.949226,0.6834637,0.046060186,0.089420386
5701,5702,1.3570595,0.43587154,0.0039202347,0.00880307
5702,4375,3.1193619,0.68512636,0.0061238185,0.012315735
5702,5854,22.515356,0.057764053,0.07287746,0.14879203
5703,4068,3.0597115,0.6773641,0.005569972,0.010449916
5703,2269,170.79674,0.6766651,0.3094744,0.6093723
5703,5701,72.670525,0.5332334,0.18195635,0.3669256
5704,3661,2.3324432,0.69369614,0.0040051118,0.008874804
5704,6337,6.0329514,0.69525987,0.013340183,0.027013645
5705,6096,1.8290939,0.6976181,0.0023407638,0.005510345
5705,1732,85.49155,0.6995089,0.20161971,0.4004786
5706,5707,15.67935,0.72935367,0.031792805,0.062444456
5706,1619,15.004498,0.72856283,0.030114342,0.05836623
5707,6040,19.037169,0.7279821,0.03897664,0.07615662
5707,1620,2.5777016,0.726286,0.0013159811,0.003840834
5708,6201,230.26137,0.6447997,0.5098087,1.0013825
5708,6575,36.663326,0.65805113,0.072205454,0.14122021
5709,4355,2.1072693,0.70521283,0.00391113,0.008402899
5709,5913,32.257725,0.7113527,0.07484942,0.14600524
5710,347,0.7323036,0.31959516,0.003345549,0.006758079
5710,4463,66.91263,0.7089828,0.13542345,0.27059802
5711,4500,1.4322166,0.6751509,0.0059250444,0.011991963
5712,4814,1.9829407,0.7002529,0.004987791,0.010971352
5712,5588,25.448685,0.70335513,0.06802405,0.13254385
5713,1967,2.6783714,0.69695044,0.0046995953,0.0100090355
5713,6607,59.0709,0.7019946,0.17010215,0.33711773
5714,1966,143.8735,0.7054729,0.29005605,0.57415324
5714,5713,1.0163803,0.68539196,0.0050071627,0.0104702115
5715,1105,42.676853,0.6998756,0.08803173,0.1735831
5716,6710,2.7259865,0.69817257,0.006414756,0.013756171
5716,5715,3.1337776,0.6971558,0.0044454485,0.010265037
5717,4006,2.706627,0.6889289,0.0045932084,0.00998877
5717,2757,5.9340096,0.6921568,0.0096956715,0.019831657
5718,4897,2.053852,0.6716431,0.0033411756,0.0076324195
5719,5515,2.134159,0.5542552,0.008452319,0.017151311
5719,1899,9.019772,0.54998434,0.02176027,0.043299526
5720,1841,1.1303444,0.60579324,0.0028462186,0.0062728673
5720,4836,6.950367,0.62714565,0.013545707,0.027105704
5721,5722,1.1536522,0.6784231,0.006415859,0.012875453
5721,1770,4.55122,0.6787092,0.01053644,0.02143234
5722,1772,1.8260269,0.6745869,0.004566096,0.010358214
5722,5724,2.5770645,0.6833656,0.0062493533,0.013328835
5723,5721,1.6648445,0.6773859,0.007738158,0.015739575
5723,1774,4.546959,0.6827166,0.011300482,0.02363585
5724,5723,1.3703079,0.680649,0.0042197853,0.0093470365
5724,1775,3.204239,0.6745023,0.011304066,0.02256149
5725,3242,12.450657,0.67109096,0.024598934,0.048156694
5725,5726,5.184948,0.6688043,0.009413168,0.019041792
5726,3211,127.43471,0.6737575,0.23318994,0.46245313
5726,5725,3.4236794,0.6729332,0.0057634935,0.0122299045
5727,4723,9.414635,0.033295453,0.068676025,0.14727718
5728,6264,4.137787,0.69945186,0.006230347,0.0126271695
5728,681,41.070496,0.6986497,0.079012804,0.15367728
5729,5731,1.7635841,0.6962985,0.004604526,0.009938389
5729,3583,8.547485,0.6947403,0.016661987,0.032795444
5730,5733,1.9518013,0.69660425,0.0054520443,0.011536017
5730,5729,2.9800758,0.6961113,0.005180724,0.010516629
5731,2943,2.1736374,0.6965518,0.0051319525,0.0109445155
5731,5732,2.3045044,0.6914659,0.00394956,0.008452579
5732,3581,2.3592606,0.69019604,0.003938362,0.008755714
5732,2943,2.6471062,0.69145244,0.0049975365,0.010852993
5733,5732,2.0200005,0.69041777,0.0034789145,0.007503867
5733,3581,1.9476814,0.69587016,0.0043349564,0.009444103
5734,6537,1.9355469,0.66611385,0.002270773,0.005516723
5734,6363,79.319305,0.6926789,0.14502576,0.29078484
5734,5686,41.189003,0.6869303,0.07923397,0.15322566
5735,283,18.987564,0.69766176,0.043587055,0.08503773
5736,5737,2.445427,0.6145636,0.004217148,0.009291947
5736,79,73.46532,0.62035674,0.13668156,0.27129126
5736,3886,74.62535,0.6119689,0.24211106,0.47871023
5737,5736,2.5659943,0.6167128,0.0044291914,0.009844109
5737,2640,81.391495,0.62413466,0.16749334,0.33136117
5737,2266,41.694218,0.61486673,0.13449797,0.2638638
5738,2638,1.8412476,0.60017616,0.0024876967,0.0057483315
5738,3402,51.72196,0.6060178,0.106275335,0.20500083
5738,237,23.492731,0.6029422,0.048214268,0.09264712
5739,3865,1.9445381,0.6009838,0.0026980117,0.0062055737
5739,5738,42.13079,0.6049965,0.0874705,0.17021498
5740,4235,44.774727,0.6853309,0.06990799,0.13233878
5740,5741,6.5031967,0.6799092,0.012311347,0.025198817
5741,6784,67.876114,0.6829148,0.09835511,0.19125557
5741,5742,6.274544,0.68147707,0.012162767,0.024694383
5742,7017,10.84375,0.680853,0.021108009,0.042012483
5743,5064,54.768505,0.6703355,0.10579094,0.20098406
5743,5740,42.24891,0.6818332,0.07951355,0.15274951
5744,5745,7.4539146,0.46401793,0.015536778,0.026333109
5745,736,5.679199,0.46345985,0.012387827,0.020872176
5745,2537,3.1533546,0.4512599,0.006467238,0.009386256
5746,2325,3.53059,0.6891373,0.0066399425,0.014152855
5746,2537,2.5112877,0.6989706,0.0032245591,0.0076751113
5747,605,4.146923,0.67166555,0.004504241,0.010161921
5747,5614,29.530354,0.67178136,0.06339887,0.12137072
5748,3298,37.640663,0.67901933,0.063812785,0.12281532
5749,5750,1.8560295,0.53147656,0.0024290234,0.0052702576
5749,3721,6.0207176,0.53303766,0.013318956,0.026588038
5749,3722,4.8916206,0.5336667,0.009281531,0.018850252
5750,5749,1.5621605,0.5361526,0.0020540059,0.0046216846
5750,3728,4.665123,0.5369645,0.009771422,0.01989524
5751,3629,1.8165436,0.53301436,0.002696,0.006093651
5751,5755,4.5775223,0.5337056,0.010329366,0.0208399
5752,5751,1.7412033,0.5267369,0.003194861,0.0063166767
5752,5753,2.8137703,0.5307964,0.005913429,0.012164235
5753,2997,2.2266502,0.52486867,0.004943192,0.010193944
5754,5752,3.7821884,0.52594256,0.0084652975,0.01715593
5754,2197,16.463737,0.5317884,0.03451001,0.066900246
5755,5754,1.3046227,0.5215698,0.0021754727,0.0044996887
5755,4041,2.59626,0.52841026,0.0050944164,0.010964379
5756,5078,66.62442,0.69136405,0.1596412,0.3183412
5757,5756,2.8436089,0.6749017,0.006899558,0.014263645
5757,5411,13.778126,0.6885895,0.02776897,0.053636283
5758,2116,162.78983,0.55293167,0.31424156,0.61464435
5759,267,1.7956314,0.70455635,0.0045610964,0.0100737065
5759,3675,2.906887,0.7033242,0.0048985556,0.010394737
5760,2657,2.276146,0.6269231,0.0042447373,0.0085404515
5760,2660,32.523357,0.63054883,0.0645849,0.12586644
5760,5051,113.46645,0.6344795,0.21117525,0.41531733
5761,5764,0.37140656,0.42619386,0.0011273324,0.0028378367
5762,5765,5.4504585,0.6224121,0.010063313,0.020884126
5763,5762,22.53205,0.6253174,0.046112563,0.08937295
5763,6610,41.32128,0.6306504,0.08037064,0.15868302
5764,5763,23.491621,0.634308,0.04913037,0.09453828
5764,5762,1.3193855,0.6292719,0.0026703626,0.006841451
5765,5236,5.125107,0.62274945,0.009707242,0.02015321
5765,5761,1.9656029,0.61567014,0.0027702004,0.0064491183
5766,4306,72.37868,0.63793075,0.14417863,0.28713697
5767,6408,2.1074142,0.69196326,0.0031938478,0.0071108043
5767,2573,2.409874,0.69720334,0.0053311586,0.011593267
5768,2816,2.230587,0.66255575,0.0052207783,0.011446893
5768,2817,5.526451,0.6678103,0.009506986,0.019595608
5769,2808,5.9066925,0.6614267,0.005965717,0.0135208815
5769,2818,5.6630745,0.66453576,0.010127649,0.020298898
5770,1748,176.7569,0.6682675,0.3259336,0.64371616
5770,5771,15.10976,0.63930637,0.030701216,0.059929542
5771,5149,28.566486,0.6520492,0.066287264,0.1284073
5771,6535,7.875454,0.6414307,0.015145086,0.030360714
5772,5773,2.170868,0.662358,0.0021008104,0.00481984
5772,7081,66.37358,0.6680626,0.12053141,0.2357918
5773,5772,1.7366142,0.6644037,0.0012099072,0.0034849644
5774,7083,8.133289,0.6756157,0.015822925,0.03150858
5775,5776,0.0,0.44786215,0.0030195713,0.0
5775,4091,20.888552,0.46011788,0.06411451,0.10154335
5776,658,3.7055664,0.4583386,0.0049753487,0.004142031
5777,4156,22.214338,0.17136839,0.054036494,0.10173419
5777,5778,23.343927,0.16084415,0.058552306,0.109467804
5778,1975,3.366825,0.14644474,0.0064157695,0.013878733
5778,5777,25.0551,0.16774645,0.06129223,0.11448495
5779,6686,20.273874,0.6998825,0.050178863,0.097392306
5780,275,86.35984,0.5335872,0.16890702,0.33000988
5780,5233,2.057579,0.5251114,0.0028280541,0.0068058074
5781,5782,0.5379486,0.38471356,0.0003400147,0.0
5781,5231,2.2564354,0.53572124,0.0047648996,0.010445818
5782,5233,2.0472603,0.26747537,0.0008525923,0.001930654
5782,5780,1.6665497,0.5215617,0.0030180514,0.007324323
5783,2118,1.863533,0.5304429,0.0017955229,0.00405924
5783,3776,8.008892,0.5291934,0.01642698,0.032596663
5784,6786,127.368164,0.6658174,0.25546136,0.5055033
5784,3033,11.517757,0.66847813,0.023838721,0.046839222
5785,5097,2.269043,0.660933,0.004366532,0.009477571
5785,5786,3.7313843,0.66946125,0.0076382905,0.015509576
5786,615,2.0509987,0.66252357,0.004211083,0.009266108
5786,5785,2.953411,0.66746116,0.00633318,0.013139918
5787,616,86.429535,0.6671127,0.2573108,0.5131289
5787,5788,16.677736,0.6685957,0.034931567,0.06724445
5788,5787,14.199442,0.6641832,0.03402162,0.066152945
5788,615,1.5109444,0.6623236,0.005774483,0.012147486
5789,3415,1.7956429,0.6307772,0.004542701,0.009551972
5789,1613,20.033323,0.0259327,0.09238967,0.19124687
5790,5791,2.437191,0.6450457,0.0012741089,0.0038373321
5790,4894,22.683455,0.6481523,0.04899933,0.0943776
5791,5790,2.4829254,0.64660203,0.0014904365,0.0042404383
5791,5816,18.831179,0.6441216,0.040082127,0.07767073
5792,5007,4.98724,0.64180434,0.01013165,0.02048263
5792,901,3.4644356,0.64062095,0.0036612973,0.008546755
5793,4891,2.2836761,0.65021896,0.0013864636,0.0040659457
5793,564,65.66672,0.6463665,0.1351788,0.26873067
5794,2334,1.0100594,0.5284837,0.0036264956,0.007852793
5794,5871,92.73597,0.5411398,0.29920143,0.58585453
5795,5663,124.43839,0.73006886,0.16750568,0.3332928
5796,5797,0.41304016,0.5382243,0.001531139,0.0025462508
5796,4823,6.4803314,0.6569789,0.01230824,0.024459854
5797,5798,3.5737724,0.6605395,0.007744953,0.015910894
5797,5796,0.8268585,0.539785,0.0025683492,0.0042965263
5797,5626,3.7212257,0.6645385,0.012588412,0.024861947
5798,6868,2.9198608,0.67220163,0.007086031,0.013914585
5798,5797,3.4516907,0.6643383,0.008060567,0.01641792
5798,5479,40.999245,0.0012561679,0.23557511,0.51343447
5799,5800,0.994297,0.5245302,0.003775984,0.007911518
5799,5902,26.286415,0.5220422,0.07608471,0.14624779
5800,5799,0.48392868,0.52072304,0.002933979,0.006849736
5800,5027,36.81906,0.515869,0.07498114,0.14338908
5801,609,2.153141,0.6738714,0.0036901832,0.008273482
5801,610,29.836807,0.6765703,0.063053146,0.12140934
5802,4785,4.5805054,0.668226,0.007130295,0.01462388
5802,730,2.827118,0.66760534,0.0049153343,0.010641992
5803,1793,1.9082718,0.6285967,0.0029781833,0.0070136786
5803,5804,17.879248,0.62727904,0.03693374,0.07223707
5804,722,2.1649094,0.62511533,0.0034003258,0.0075499266
5804,1793,16.949146,0.62695783,0.03511801,0.06858792
5805,4283,1.308918,0.6900042,0.0030895323,0.006726399
5805,2766,16.603827,0.6929895,0.037630584,0.07357524
5806,2402,1.8951416,0.56002367,0.0025250092,0.0056192875
5806,3690,68.129105,0.5594531,0.18005596,0.35167646
5807,5809,29.484192,0.65090114,0.061437696,0.11669078
5807,5378,12.925699,0.65417224,0.026057363,0.051583752
5808,4945,0.0454216,0.05398363,0.0012826174,0.0023696274
5809,5807,29.485125,0.65043724,0.061207514,0.11687486
5809,6545,2.3392563,0.6499572,0.0034843162,0.007876843
5810,5809,2.2577934,0.64666355,0.0039634258,0.0089068115
5811,2273,2.6083908,0.6186235,0.004993595,0.010297805
5811,3989,3.291565,0.61974293,0.0029525533,0.0073851645
5812,5364,68.83081,0.4579961,0.22755584,0.35981748
5812,2125,31.672401,0.4542804,0.11199613,0.173182
5813,5814,2.9083252,0.66279054,0.00547608,0.011606321
5813,2796,120.98493,0.6729194,0.24415159,0.48341608
5813,7005,26.268923,0.668904,0.055081923,0.10537388
5814,5813,2.8352203,0.6661494,0.0052676573,0.011243477
5814,4482,192.24835,0.66283184,0.38781628,0.7649449
5815,5816,2.552845,0.64674604,0.0017977804,0.0046951026
5815,5790,19.395334,0.6432645,0.041604914,0.080560856
5816,898,21.744795,0.646861,0.046844967,0.090435356
5816,5815,2.5081673,0.6491998,0.001630269,0.0045885295
5817,5818,2.7639961,0.6447768,0.0022513494,0.005466014
5817,4893,27.7942,0.65090054,0.060350098,0.11572597
5818,5817,2.6218758,0.6434809,0.0019127727,0.0050525814
5818,5792,25.955507,0.6429367,0.055905316,0.107242964
5819,5675,3.1874847,0.66340286,0.0054025054,0.011487454
5819,4102,8.508804,0.67325336,0.008932315,0.019003257
5820,5821,1.7025986,0.6081725,0.005055614,0.010739803
5820,77,20.165731,0.6176252,0.055626877,0.1101162
5821,5820,1.8227272,0.6044459,0.0051880106,0.011252269
5821,3121,19.49833,0.6096574,0.039784547,0.077084884
5822,1701,2.7116013,0.69765854,0.005393192,0.011259794
5822,5823,3.8796616,0.69784933,0.009887293,0.020473942
5823,4197,23.280365,0.702378,0.053746685,0.10408672
5824,1428,17.629103,0.6983311,0.036231358,0.071115784
5825,3789,2.122326,0.70087504,0.0062036067,0.013682067
5825,5824,3.383419,0.69841874,0.008866295,0.01827541
5826,83,1.4001122,0.69871235,0.0040200576,0.009552151
5826,5827,2.6815681,0.6997145,0.006626442,0.014600709
5827,6087,1.8848495,0.6941926,0.003678538,0.008554265
5828,82,2.8871574,0.6632034,0.0051667914,0.010846317
5828,4107,17.758482,0.6635228,0.03194905,0.06178946
5829,5830,1.7145729,0.669231,0.004330583,0.009269267
5829,5443,138.21878,0.67609173,0.25550145,0.50443274
5830,745,215.26694,0.6734561,0.5547181,1.0979142
5831,5832,1.2012482,0.6804853,0.00335709,0.0069634765
5831,3149,110.77752,0.682311,0.2891652,0.57464755
5832,5831,1.6597519,0.67144954,0.0037197322,0.0075576007
5832,2758,4.152111,0.6758548,0.006916888,0.014100701
5832,3464,57.677086,0.6746396,0.10477383,0.20810308
5833,4541,2.1629753,0.67864126,0.00403215,0.008484185
5833,2704,44.688587,0.68827206,0.08503308,0.1669063
5834,3184,0.85835266,0.3348091,0.0011409,0.0017256439
5834,5835,3.972412,0.66873926,0.007172011,0.0145867765
5835,3185,0.914608,0.37351677,0.0012163594,0.0019517541
5835,5834,3.968174,0.66919184,0.006994821,0.014073625
5836,1457,2.8153687,0.68328863,0.0065876395,0.013591632
5836,5837,1.8380737,0.681875,0.0017356575,0.0045719
5837,5836,1.7755623,0.68309504,0.0016412884,0.0044448823
5837,3473,4.9207497,0.68637985,0.01169052,0.023949325
5838,3473,1.8517838,0.6830937,0.0018352419,0.004844472
5838,5836,5.601494,0.6843728,0.012767687,0.026101708
5839,5840,2.168602,0.6811318,0.0024421066,0.0055618435
5839,3996,2.3321495,0.6805229,0.0028635412,0.006553307
5839,5841,16.70654,0.6861823,0.036723703,0.07152815
5840,5837,4.6049232,0.6858611,0.010802276,0.022272378
5840,5839,2.1412926,0.6835793,0.0026142597,0.0059665293
5841,5842,2.5024872,0.6830946,0.0032049567,0.007391706
5841,5844,31.723747,0.68860394,0.07417095,0.14318055
5841,3585,2.0611305,0.68527114,0.0023189187,0.0056470037
5842,5841,2.5456963,0.686318,0.00331451,0.0077498704
5842,3997,43.49406,0.69007814,0.0807808,0.15505262
5843,5844,2.0276566,0.68199897,0.0022735894,0.0055715293
5843,3585,30.61597,0.6874583,0.07314233,0.14238033
5844,5843,2.3349342,0.6853224,0.0028593913,0.006929204
5844,3998,2.972969,0.6832571,0.00664638,0.014379546
5845,5846,2.074562,0.68801594,0.0023174733,0.0058092475
5845,6312,34.029446,0.68855816,0.07795556,0.15325508
5846,5845,2.2763176,0.68748826,0.0027128085,0.00631164
5846,3881,33.18605,0.6878776,0.0772084,0.15106946
5847,6278,2.0678215,0.6813252,0.003833495,0.008049399
5847,4975,4.5843887,0.6843925,0.0033373088,0.00784795
5848,5611,101.21634,0.6811935,0.22898045,0.45352185
5849,5848,2.1539688,0.67593545,0.004843369,0.010846764
5849,782,128.2359,0.6828625,0.23425779,0.46393573
5850,801,53.58943,0.6833195,0.09852799,0.19517696
5851,5852,3.1014786,0.7252672,0.0023872033,0.0053907037
5851,5881,64.258484,0.72631097,0.13113606,0.26037234
5852,5851,3.0412788,0.7241304,0.0023492575,0.0054247826
5852,5032,101.062805,0.7315377,0.20342764,0.40455097
5853,6073,1.7515068,0.71407384,0.0030696467,0.0070791095
5853,6074,3.8787766,0.7106769,0.008127078,0.017347053
5854,3533,3.7174377,0.06363112,0.010669954,0.022430182
5854,4375,22.804667,0.032251924,0.07525484,0.15692571
5855,5857,3.300331,0.6984048,0.0045338646,0.009798795
5855,5629,72.39235,0.69886476,0.10153739,0.19963181
5856,5855,3.0299568,0.6969047,0.0043778345,0.009330958
5856,1989,8.023907,0.70011985,0.01722689,0.03436266
5857,3596,1.5752449,0.69379365,0.004344359,0.009825513
5858,3872,50.70809,0.7012264,0.09545284,0.1846229
5858,69,10.293755,0.69809836,0.019602112,0.03939061
5859,5860,2.1975517,0.7004968,0.005216986,0.0111528635
5860,5861,2.8824997,0.69765717,0.0040102154,0.008846462
5860,1640,102.66145,0.69983655,0.24644926,0.48983717
5861,3506,2.383587,0.69915485,0.00576739,0.012127504
5862,5864,2.2683296,0.6940251,0.003992066,0.008529976
5862,433,3.895298,0.69569904,0.0073325187,0.015169635
5863,4987,2.118164,0.69396174,0.003667131,0.007955015
5863,2779,2.853588,0.6956166,0.0051821396,0.011107296
5864,5863,1.5355835,0.695774,0.0030929074,0.007166758
5864,5478,3.7948914,0.69761056,0.007029712,0.014590323
5865,6316,2.4550896,0.70611894,0.004547164,0.0098656565
5865,6922,2.8871193,0.70069575,0.0049558356,0.010794431
5866,5865,0.8792763,0.45907655,0.0015411228,0.0037881732
5866,6372,30.871101,0.70421857,0.06437732,0.12384682
5867,5868,2.475895,0.66699934,0.0027430728,0.006409809
5867,6356,27.693893,0.6704531,0.055244632,0.106676914
5868,5867,2.4141731,0.6664396,0.002595745,0.006327912
5869,5870,2.6309357,0.6741728,0.006542124,0.014079735
5869,1102,93.76739,0.015904546,0.3286269,0.69428205
5870,751,109.88953,0.0,0.55779904,1.1682552
5871,1856,1.8613663,0.56753993,0.003169164,0.006973386
5871,1078,57.108204,0.5791725,0.17667452,0.34624746
5872,5465,0.9589195,0.56137335,0.003356807,0.007589549
5872,1853,88.0334,0.5461756,0.28931248,0.5677949
5873,5711,2.5695915,0.69548,0.004536763,0.00963141
5873,875,11.2315235,0.6948421,0.027881399,0.054823272
5874,5873,0.6315651,0.67758685,0.00462538,0.0097742975
5874,6787,42.711006,0.69530034,0.086419985,0.17023996
5875,4015,0.029857635,0.23792961,0.0029483438,0.006196767
5875,5876,1.8861046,0.67798185,0.0044285506,0.009228185
5876,5875,2.0045395,0.69966114,0.0049100965,0.010088205
5876,4501,43.908295,0.69573414,0.12814197,0.2547204
5877,5714,2.5112915,0.69832754,0.0046306252,0.009256676
5877,872,29.303741,0.7021715,0.08132646,0.15966135
5878,2501,2.0914307,0.74753064,0.0039807633,0.008513451
5878,1632,193.66081,0.73650646,0.6269,1.2348906
5879,5880,3.0792732,0.72043854,0.0022387132,0.005719155
5879,3492,24.094114,0.72498095,0.048917133,0.09424528
5880,5882,7.467556,0.7205467,0.01451651,0.029223293
5880,5879,2.9866676,0.7190061,0.0019923896,0.0053747
5881,5879,6.362583,0.7223257,0.0124322325,0.02524364
5881,5882,2.6185417,0.72434443,0.0012789592,0.0038021207
5882,5881,2.5965805,0.7238915,0.0013878718,0.0035441518
5882,5852,64.65673,0.72725403,0.12987405,0.25843823
5883,3077,2.069893,0.6504798,0.003225021,0.0069295317
5883,4996,40.6277,0.6552889,0.07759966,0.1537646
5883,6239,27.953983,0.65811706,0.059946075,0.11538725
5884,6069,2.8706055,0.6758768,0.0053555816,0.0104379505
5884,1943,29.07149,0.045428574,0.09895116,0.21102501
5885,5884,0.22624588,0.099901915,0.0026265904,0.0061181933
5885,5699,53.227867,0.6831609,0.094045304,0.18525848
5886,5887,3.025032,0.6818018,0.0023931637,0.0061269104
5886,2269,66.218445,0.6808663,0.1339905,0.2662127
5887,5886,3.1795235,0.68306005,0.003063582,0.0071333647
5887,5702,22.768187,0.68931496,0.048588783,0.09412198
5888,1034,2.958973,0.6595901,0.005330533,0.011791229
5888,5889,7.440422,0.66503084,0.012856312,0.026581004
5889,2621,20.935314,0.6638818,0.045611512,0.08798269
5890,451,257.2708,0.7316712,0.45720035,0.9014783
5890,5168,4.53347,0.7238518,0.007003583,0.014100254
5891,5168,0.0,0.04273045,0.004386224,0.0092497915
5891,5890,4.201088,0.7281908,0.007379353,0.014852911
5892,536,1.8638611,0.41362256,0.0030043125,0.006082207
5892,3699,106.03879,0.45054945,0.30432543,0.5898484
5893,6290,2.1790962,0.5096741,0.003605783,0.0076497197
5893,5894,3.8195457,0.52109814,0.006084807,0.012613535
5894,2303,55.311775,0.5428568,0.14129345,0.27577904
5895,1231,43.02934,0.48785138,0.092977814,0.1809601
5895,5896,3.8443832,0.4907226,0.008786179,0.017711267
5896,5897,1.7523727,0.49354106,0.003801711,0.007846832
5896,1237,54.52465,0.46665168,0.1418084,0.27477437
5897,6626,1.6202278,0.4880588,0.0044561997,0.009369612
5898,5899,0.97381973,0.50598043,0.0037900954,0.008081645
5898,2544,38.333233,0.49711773,0.079152256,0.15070888
5899,5898,0.98041916,0.50219536,0.003934838,0.008589894
5899,2555,131.35965,0.47270793,0.40729588,0.7918745
5900,5901,0.9630928,0.5118998,0.0037038177,0.007931992
5900,5794,134.54839,0.524562,0.36783513,0.7168043
5901,5900,1.4060135,0.5113589,0.0045679063,0.009341642
5901,2053,76.31702,0.5174882,0.14919962,0.2913765
5901,1238,19.187265,0.50469863,0.04025901,0.07769735
5902,5027,1.4191666,0.51580864,0.0057826936,0.011868745
5902,6829,25.442715,0.50771457,0.07483846,0.14478076
5903,5904,1.7169685,0.6055984,0.004513815,0.010012895
5903,1991,197.2463,0.57454455,0.36223346,0.7050635
5904,4062,83.79267,0.6010654,0.15955558,0.31332815
5905,1516,0.8536835,0.58492106,0.0027005374,0.006292388
5905,3197,57.326065,0.5872452,0.15125084,0.29598176
5906,1714,2.9833984,0.6199882,0.0049377903,0.010413334
5906,3826,5.510521,0.626945,0.0051494166,0.011477992
5907,6484,1.7579536,0.71394944,0.0036251917,0.0074754804
5907,2065,46.796795,0.73823535,0.13570328,0.26736408
5908,2728,2.6911125,0.5250652,0.0038745105,0.007961243
5908,5893,48.562847,0.5180408,0.09657528,0.18812321
5909,2830,2.3902664,0.71957564,0.003948137,0.0077260286
5909,5910,2.36174,0.7190311,0.0037126988,0.007225603
5909,5505,63.443893,0.72176766,0.11302977,0.22527792
5910,5909,2.4694023,0.71907455,0.004475072,0.009024993
5910,29,29.86151,0.7235286,0.05662137,0.10959131
5911,6992,1.6728554,0.69225633,0.0031225383,0.006813422
5911,3339,8.166912,0.7101188,0.016188972,0.032125562
5912,1813,0.62241745,0.3755242,0.006327629,0.010236621
5912,597,2.4506035,0.6696472,0.0045260563,0.009563088
5913,5914,2.1551056,0.70954543,0.0022420138,0.0057567656
5913,5940,79.426346,0.7132203,0.17874706,0.35533756
5914,5913,2.3662605,0.7098595,0.0026459545,0.006411746
5914,4355,33.037228,0.71106374,0.076154724,0.14845082
5915,4763,48.35184,0.71850526,0.10979155,0.21670723
5915,5916,2.4991302,0.7149567,0.0028848574,0.0068471283
5916,5525,71.16328,0.7179745,0.16553164,0.329477
5916,5915,2.6319542,0.7151215,0.0031333044,0.0072698295
5917,5918,2.6487236,0.670803,0.0031220615,0.007549688
5917,5912,11.727581,0.6635967,0.039750047,0.079476014
5918,5917,2.8184128,0.6672855,0.0039048716,0.008748591
5918,3209,10.865576,0.6628415,0.04759103,0.09472066
5919,0,2.0881424,0.6691338,0.006016478,0.012994394
5920,5921,1.9936981,0.6707029,0.0021102875,0.005307421
5920,5143,1.9916878,0.6697829,0.005092293,0.01125221
5921,5920,1.9647179,0.6688415,0.001982309,0.0051209927
5921,4767,38.581512,0.6730501,0.09044092,0.17853034
5922,5923,2.3882408,0.6639043,0.004186094,0.008471146
5923,5336,1.9400864,0.67068344,0.0033898726,0.007718906
5923,4786,2.133915,0.67188567,0.0037694797,0.008479387
5924,4782,219.7471,0.6725577,0.4355278,0.85786456
5925,5926,2.755394,0.6698197,0.0019073933,0.0050640553
5925,2480,157.82309,0.6701549,0.3152568,0.6220296
5926,5925,2.6735687,0.66936064,0.0017520934,0.0045458376
5926,5928,79.844284,0.669108,0.16222644,0.32194546
5927,5928,2.8796883,0.67042935,0.0022213385,0.0054777265
5927,5925,78.42691,0.66968036,0.15865073,0.31506628
5928,5927,2.8755646,0.6697512,0.0022473782,0.0055175424
5928,5930,96.77004,0.67249036,0.19669858,0.3890549
5929,5930,3.00449,0.66969323,0.0026180074,0.006178558
5929,5927,99.460785,0.6691656,0.20081313,0.39662445
5930,5929,2.7204819,0.6663689,0.0018099174,0.0046373606
5930,4865,35.979355,0.6709492,0.07598297,0.14855048
5931,341,37.422012,0.70946884,0.07513763,0.14580522
5931,5932,25.240276,0.71205837,0.052726924,0.10213786
5932,340,79.18058,0.7130344,0.15782095,0.31511137
5932,5931,23.012337,0.71125066,0.048343204,0.09305077
5933,3489,7.043442,0.6748417,0.011998251,0.024357438
5933,5619,2.0623245,0.67285836,0.004935816,0.010693654
5934,1084,2.123581,0.6859673,0.0036548898,0.0073863566
5934,5291,70.35983,0.68491167,0.14329879,0.28532213
5935,2606,2.2659378,0.68119395,0.0034705251,0.0075999647
5935,6755,20.983154,0.6832617,0.044356227,0.0856493
5936,5937,2.7930603,0.4347541,0.0042457357,0.008682296
5936,4525,1.8263054,0.4307291,0.008343302,0.016091734
5937,5936,2.54628,0.43393138,0.0038027838,0.0073961914
5937,1903,20.220583,0.43113816,0.05608528,0.111054786
5938,5291,2.6722794,0.68741757,0.0023399964,0.0054902434
5938,1084,70.44297,0.6837566,0.14341596,0.28493696
5939,2827,1.6225815,0.7062371,0.0037163422,0.007724941
5939,5419,9.448631,0.710161,0.020810433,0.04066837
5940,5420,4.9780197,0.7130844,0.010917567,0.022226125
5941,3139,5.4902344,0.61087877,0.012976095,0.026443869
5941,1174,55.416965,0.6148127,0.11428106,0.22615711
5942,5943,2.6161995,0.37434864,0.0026390105,0.005182937
5942,5944,32.537544,0.37930486,0.075846635,0.14251727
5943,5942,2.548832,0.37352055,0.002448313,0.0048846006
5943,688,62.745773,0.3734004,0.14368726,0.27891725
5944,5945,2.623886,0.38776547,0.0028823987,0.0057228506
5944,6926,29.64526,0.3859741,0.06954633,0.13166459
5945,5944,2.5082207,0.38708556,0.0027798116,0.0055220574
5945,5943,33.213093,0.3795518,0.07701495,0.1449333
5946,5947,6.164749,0.70494485,0.009980112,0.020331472
5946,5948,3.1295128,0.7067362,0.0041539297,0.008878931
5947,6328,2.4207344,0.7050602,0.002551958,0.0059446692
5947,6319,64.39418,0.70119464,0.090733916,0.1770512
5948,1859,2.8250198,0.7066752,0.0036415607,0.0074115247
5948,1330,5.960659,0.70555913,0.011050351,0.022145405
5949,689,65.9071,0.40130514,0.14847824,0.28588462
5949,1520,5.8490143,0.39468592,0.013482466,0.02593106
5950,1520,1.8378906,0.39523807,0.0030937716,0.0061437786
5950,5949,5.214916,0.3933046,0.012283474,0.02399458
5951,2711,5.7172127,0.61323774,0.016508602,0.032550395
5952,5941,3.763256,0.60620385,0.0077405795,0.016290933
5952,2712,5.8940506,0.6073415,0.017264895,0.03461075
5953,5954,2.6569977,0.68571156,0.0020382851,0.0052233487
5953,2744,18.595354,0.6868185,0.038995925,0.07513485
5954,5953,2.4674263,0.6841151,0.0015120134,0.004190773
5954,1239,13.389862,0.685494,0.028054632,0.054788217
5955,5956,1.9333992,0.626865,0.0018769801,0.0047940016
5955,5958,52.36425,0.63358635,0.0993934,0.19576286
5956,5960,10.933224,0.6271806,0.021684945,0.04305011
5956,5955,1.9028206,0.6286451,0.0019009486,0.0049991757
5957,5958,2.085514,0.62703514,0.002177462,0.0054683536
5957,5956,52.333347,0.63172746,0.09954688,0.19609618
5958,5957,1.93824,0.62718844,0.0019001961,0.0050512403
5958,5959,32.470398,0.6304105,0.064411685,0.12410297
5959,5961,1.9652634,0.6275414,0.0019246861,0.0049895793
5959,5962,16.335955,0.6296304,0.033621848,0.065279126
5960,4705,25.922998,0.62731403,0.06485454,0.12705505
5961,5959,2.0190773,0.62651414,0.002035521,0.0051449835
5961,5957,32.246574,0.6307953,0.064111866,0.12343119
5962,5004,10.511692,0.6316993,0.020813301,0.04098472
5962,5961,15.668062,0.6309073,0.03217012,0.062589444
5963,4305,22.763935,0.6003792,0.04930935,0.09429642
5963,5966,10.131298,0.59973586,0.020980835,0.041577473
5964,1205,1.440876,0.64168584,0.0025323257,0.0060296506
5964,6541,104.47009,0.641128,0.19458976,0.38437265
5965,5966,24.758343,0.5997546,0.0522889,0.100505635
5966,5965,24.040426,0.60277486,0.051323805,0.09822067
5966,5963,10.1559105,0.60226285,0.021009035,0.041602537
5967,1347,0.0,0.05091104,0.0040555745,0.00788416
5967,5964,1.7441521,0.6391425,0.0019985735,0.004896626
5968,5967,2.0469017,0.645041,0.0027298555,0.005582884
5968,264,69.7532,0.001134038,0.38141766,0.80209535
5969,4768,49.910145,0.6680633,0.1177807,0.23200037
5969,1286,31.763813,0.67428124,0.07559511,0.14854603
5970,5342,1.7879639,0.6340438,0.0031017289,0.00760825
5970,3932,35.998642,0.64090157,0.06951915,0.13648602
5971,5972,1.4064026,0.62431186,0.0024028048,0.005966738
5971,562,69.59263,0.6369292,0.13049325,0.25968617
5972,5552,2.1506119,0.6282091,0.0034614578,0.007941842
5973,1611,1.1078072,0.6265696,0.0040700436,0.009238958
5973,5974,33.955097,0.63336945,0.065825455,0.12907456
5974,5341,1.9631729,0.63518524,0.0027556717,0.006564811
5974,5110,34.444424,0.63701594,0.06832762,0.13214536
5975,5976,1.7938728,0.63368106,0.0026199594,0.006235093
5975,5111,33.69937,0.6308571,0.06729403,0.12991668
5976,1608,1.8161507,0.62637275,0.0025881007,0.005871117
5977,5973,28.329376,0.63539296,0.07026067,0.13696416
5977,1609,6.092457,0.6290122,0.011403121,0.022988021
5978,5979,2.3595085,0.60305655,0.0029463992,0.0069297105
5978,5172,69.28306,0.613369,0.17135908,0.33617398
5979,5978,1.9914474,0.6027278,0.0022463426,0.005600497
5979,257,37.641,0.6107611,0.092073016,0.17776981
5981,3051,29.012589,0.6862705,0.0889997,0.17691833
5982,5985,2.9199257,0.6926642,0.005740948,0.01201722
5982,5981,41.748177,0.70040566,0.08009616,0.15501043
5983,398,2.5231361,0.6887106,0.004573725,0.009308428
5984,5983,0.0,0.66913307,0.007375397,0.013359085
5985,5984,1.975399,0.6920987,0.0032333955,0.0070569813
5985,5981,22.258286,0.68018395,0.08051252,0.1631639
5986,3051,2.5727158,0.69171965,0.003953427,0.008676231
5986,5984,51.011658,0.69801706,0.17370108,0.3469975
5987,734,1.0163193,0.6718534,0.0064569637,0.013252899
5988,4700,1.9114838,0.62212765,0.003510043,0.0076026022
5989,6358,2.4195938,0.69691026,0.0047612265,0.009719685
5989,281,39.06805,0.69585866,0.07840614,0.1547784
5990,4598,2.2465172,0.72542894,0.004642077,0.009716123
5990,4596,24.848667,0.73115885,0.04812105,0.092839405
5991,5992,2.7117767,0.64738363,0.0021345988,0.0055045187
5991,4890,3.521183,0.64787245,0.0068451986,0.014544874
5992,5991,2.5455208,0.6497798,0.0016708449,0.0046483725
5992,5570,105.26821,0.6493832,0.2148256,0.42322743
5993,5994,2.0298157,0.64621234,0.0048768744,0.009137064
5993,4237,8.044228,0.03921038,0.0324522,0.063612096
5994,5993,1.8652,0.6422763,0.004251212,0.00842683
5994,917,18.07188,0.64727026,0.03775245,0.0729049
5995,5996,2.0670128,0.67236704,0.0022274256,0.005249098
5995,3823,79.89634,0.67890596,0.19044098,0.37776592
5996,5995,2.037136,0.6744674,0.002225116,0.0054189414
5996,4327,67.35965,0.6767292,0.16888252,0.33467066
5997,5102,1.80587,0.51930296,0.002788879,0.005498171
5997,5998,0.4893875,0.5093546,0.0026970431,0.0061541647
5998,5997,0.8168373,0.51538897,0.0031853616,0.0071517676
5998,539,20.693588,0.5236936,0.0521829,0.10012863
5999,5829,29.893177,0.6763476,0.06007496,0.1150993
6000,6001,2.0017471,0.5312222,0.0024621114,0.005756408
6000,6878,49.424507,0.5379888,0.120086536,0.2343143
6001,5251,1.4476242,0.52808666,0.0046940893,0.009685665
6001,6000,1.7105484,0.5297014,0.0019724593,0.004797861
6002,691,1.6799278,0.6971688,0.004293613,0.009454757
6002,6003,32.054268,0.698566,0.0563856,0.10869685
6003,223,11.375191,0.70004064,0.024695203,0.04876092
6004,6005,1.3189087,0.6191854,0.0037976801,0.00842391
6004,3454,31.10913,0.6216705,0.09207726,0.18058605
6005,6004,1.6265182,0.611447,0.004350096,0.008921221
6005,1821,121.57406,0.62708765,0.17505115,0.34666198
6006,2471,1.5129356,0.5395597,0.0019526333,0.004595086
6006,6651,95.961395,0.54304326,0.25184962,0.49086523
6007,3468,2.6432114,0.67265546,0.004645899,0.010507822
6007,3469,13.621214,0.676762,0.016249977,0.033114463
6008,6009,1.7278442,0.63918686,0.0048749074,0.010329157
6008,776,3.8850937,0.63789517,0.012689218,0.025889948
6009,3880,5.2318954,0.63651705,0.009666599,0.019566193
6009,6008,1.5120239,0.63488793,0.004243508,0.009362057
6009,1160,130.64592,0.6459278,0.24110433,0.47714347
6010,4493,2.420559,0.6913252,0.004319027,0.009469509
6010,5658,36.125084,0.69346493,0.1003754,0.19760782
6011,6014,9.725269,0.58857536,0.025164396,0.049381286
6011,6015,11.621878,0.5918578,0.027273916,0.05390106
6012,2452,0.0,0.052722782,0.0046053156,0.009570017
6012,6013,1.3682365,0.60845894,0.00400196,0.007829815
6013,4147,60.10864,0.6100384,0.11558506,0.22731225
6013,6012,1.291832,0.62152004,0.002910614,0.006226763
6014,6015,1.3249054,0.5874403,0.003978744,0.008577615
6014,1713,28.618387,0.5843538,0.060572922,0.11686425
6014,6019,9.824421,0.58379257,0.022951633,0.045263946
6015,6014,1.3386307,0.58374125,0.0038333908,0.007905424
6015,6018,10.464663,0.58767974,0.024617895,0.04862915
6016,4780,1.4454308,0.61572057,0.0039196834,0.008248895
6016,6262,39.850132,0.63782907,0.07539758,0.14548701
6017,1713,30.568562,0.57815874,0.06396112,0.12378168
6017,6019,16.243835,0.5782031,0.036845557,0.07155927
6018,6019,2.0691338,0.58101577,0.0024723932,0.0056589693
6018,1310,39.583656,0.569171,0.09738607,0.18925998
6019,6018,2.0962143,0.58088666,0.0023862347,0.0055749267
6019,6017,16.983923,0.58223325,0.03859844,0.07500634
6020,2264,6.420662,0.6207543,0.017988347,0.035364076
6020,6021,1.0156479,0.61466044,0.0026501194,0.0058243573
6021,6020,1.065567,0.61260176,0.0030086264,0.006245315
6021,6386,2.8778305,0.61149025,0.011025719,0.022086307
6022,6023,3.2278976,0.73635495,0.0074910745,0.01622808
6022,3092,220.30737,0.72654736,0.3105565,0.61282873
6023,1634,37.03235,0.7327644,0.102867976,0.20012388
6024,6025,2.4975128,0.6825993,0.0016723424,0.0045357943
6024,5307,25.994806,0.68520087,0.05500352,0.10560637
6025,6024,2.4329453,0.681881,0.0014864206,0.004295215
6025,5935,13.384045,0.68041646,0.027717441,0.05403708
6026,6027,2.70644,0.6539918,0.0020244718,0.0051478297
6026,6030,13.65036,0.6504532,0.028786026,0.056451038
6027,6026,2.5646439,0.65542734,0.001718849,0.004559651
6027,4697,28.06474,0.6565542,0.060393263,0.11579608
6028,6029,2.790287,0.6553006,0.001920864,0.005040765
6028,1143,37.698032,0.654721,0.079847835,0.15666029
6029,6028,2.753765,0.6567707,0.0020557493,0.005484283
6029,2871,13.512814,0.656283,0.028490074,0.055704273
6030,6031,2.47007,0.65857047,0.0016057864,0.004715726
6030,818,4.5954094,0.65425897,0.009121917,0.018871695
6031,6030,2.4558449,0.6531794,0.0015890598,0.0044538677
6031,6027,13.40712,0.64983946,0.028316818,0.05557912
6032,6033,3.0944633,0.73993534,0.0022323728,0.005287051
6032,4332,28.355026,0.74251854,0.056350093,0.10926725
6033,6032,2.9490395,0.74140674,0.0019884184,0.0049859583
6033,4781,55.844696,0.7432977,0.10952781,0.21612017
6034,5633,2.1751213,0.73759496,0.003489934,0.007148117
6034,3196,13.129942,0.7331644,0.023098186,0.04491335
6035,5633,1.9034004,0.74077165,0.0035653412,0.0072362125
6035,6036,5.862793,0.739247,0.011026897,0.02184309
6036,1735,151.41467,0.73282456,0.2906372,0.5746976
6036,6035,4.7943306,0.7375206,0.00891576,0.01838933
6037,2150,2.567585,0.7311989,0.0041192323,0.007847145
6037,6306,11.061333,0.035497367,0.0728401,0.15436545
6038,6039,2.7874336,0.72506714,0.0017169192,0.0044068694
6038,1660,20.89894,0.7267449,0.043366257,0.084414
6039,6038,2.9830093,0.72351384,0.002085209,0.0050329715
6039,6041,105.93474,0.7271903,0.21130008,0.41903967
6040,6041,2.961773,0.72483563,0.0020376593,0.004844278
6040,6038,106.207794,0.72913253,0.21267061,0.42190507
6041,6040,2.7354164,0.72658515,0.001565069,0.0041029304
6041,1620,19.523657,0.7276301,0.040030945,0.07835707
6042,5672,0.7904701,0.667692,0.0052705556,0.010835275
6043,6044,4.9743805,0.6537421,0.0054263324,0.012517557
6043,6617,9.3972435,0.027056783,0.027138636,0.054293767
6044,6043,5.062626,0.65617234,0.0057830513,0.01335831
6044,979,1.1603241,0.060967207,0.005898185,0.012565017
6045,6046,1.0793724,0.7282197,0.002907969,0.006917998
6045,4466,29.211632,0.73177344,0.055121705,0.10715748
6046,6140,22.523214,0.73001194,0.053758383,0.10721749
6046,6045,1.7949524,0.7284567,0.004226327,0.009090811
6047,6048,1.9916649,0.691049,0.0016516149,0.0044662356
6047,6049,24.18539,0.6919668,0.047966212,0.092201315
6048,6047,2.1429176,0.69004554,0.0020432845,0.0051515996
6048,5389,118.7298,0.6984976,0.21999505,0.43646342
6049,4928,172.72267,0.69338775,0.31085688,0.6159708
6049,6048,23.293285,0.6915281,0.046280514,0.08913184
6050,4208,4.8914413,0.7293625,0.009040646,0.01801522
6050,6051,1.349575,0.7278235,0.0033438727,0.0071510673
6050,4207,34.30919,0.7305564,0.064942114,0.123834014
6051,6050,1.9308853,0.73038256,0.00442522,0.009125069
6051,1414,25.915369,0.73278946,0.061905608,0.12217584
6052,690,124.9537,0.53369176,0.24271777,0.47418988
6052,6053,4.1738815,0.5165381,0.00812421,0.016128913
6053,5013,22.729712,0.5212697,0.04780355,0.09087423
6054,5299,1.3355751,0.6205206,0.003924072,0.007440582
6054,5297,14.150997,0.67702377,0.028871119,0.05682473
6055,974,19.354761,0.67412233,0.039115705,0.075457685
6055,975,34.388626,0.6747254,0.068129525,0.13144872
6055,941,46.894283,0.6760578,0.120153524,0.240039
6056,967,9.965363,0.67247236,0.020170793,0.039903298
6056,426,20.745443,0.6765412,0.04909873,0.095359
6057,6058,1.4033699,0.6923454,0.0035167783,0.0076767206
6057,6778,52.088306,0.7043805,0.1240339,0.24787486
6057,949,42.096592,0.6987198,0.06863864,0.13020204
6058,6057,1.7468262,0.69682443,0.0042479113,0.009081647
6058,3562,16.19397,0.6967566,0.033671446,0.06461202
6059,957,38.79903,0.6934373,0.07411402,0.14137344
6059,261,38.65288,0.6898346,0.0894074,0.1757201
6060,970,31.206684,0.45131415,0.08986046,0.14957443
6060,959,50.354115,0.7065078,0.11326601,0.22303705
6061,6060,0.95053864,0.66913146,0.0027554035,0.0056931227
6061,6062,2.3756676,0.70064425,0.004493326,0.010031626
6062,6063,27.62573,0.70393217,0.0580598,0.11228024
6063,6060,28.950787,0.7037213,0.06127151,0.11844485
6063,1259,2.5724945,0.697428,0.0048388764,0.010379285
6064,6065,1.5621834,0.67023957,0.0045935214,0.010257378
6064,4018,31.821617,0.6761622,0.06210409,0.11910625
6065,2440,22.36081,0.6706929,0.061264254,0.120088354
6066,3742,56.225945,0.69341004,0.10980651,0.21867064
6066,4040,3.3059387,0.6888696,0.005923465,0.012537777
6067,2022,1.5365982,0.5804102,0.0022015125,0.0048326254
6067,3732,108.214714,0.5608196,0.28033584,0.5495575
6068,4448,16.21437,0.7110034,0.033652365,0.0660755
6068,3484,8.98616,0.7129104,0.018227316,0.035705924
6069,6070,0.058475494,0.1692416,0.0018996447,0.0044100583
6070,5885,2.5895996,0.67593527,0.0043541864,0.008710474
6070,5703,34.5487,0.3449765,0.09875448,0.20066634
6071,7071,3.4713097,0.04368037,0.014536217,0.02949676
6071,6072,2.4369507,0.7325654,0.0054291114,0.010239765
6072,3283,9.713459,0.7263106,0.019191012,0.037242264
6072,6071,1.9091835,0.72756314,0.0035556108,0.007130921
6072,7069,32.03723,0.72779906,0.062504746,0.11938268
6073,5853,1.7254448,0.7112695,0.0031766593,0.007042736
6073,4004,27.970053,0.7182133,0.058377888,0.113904476
6073,2565,28.93291,0.7137194,0.057159904,0.11204495
6074,4872,37.184372,0.71296054,0.08159707,0.1599709
6074,4872,40.07016,0.71331036,0.080772124,0.15872438
6075,6561,0.9471283,0.42951488,0.00515303,0.0024770796
6075,3095,128.55212,0.7367617,0.19455752,0.38643408
6076,3097,3.0514946,0.7287878,0.0038127303,0.007809639
6076,6815,3.73497,0.43969032,0.011689924,0.014553562
6077,97,51.239532,0.6976861,0.1009974,0.20147046
6077,6079,2.7906342,0.7018495,0.0054846928,0.011662647
6078,6077,2.1967316,0.6973376,0.0041359887,0.009597763
6079,6081,0.26858902,0.07239184,0.0023206174,0.0042675585
6080,6082,2.4433136,0.6933678,0.0045000017,0.00954847
6081,6080,0.8775101,0.34489235,0.0031239763,0.0070685446
6081,2198,7.279747,0.70141995,0.01600729,0.032498926
6082,6078,1.8898315,0.69665587,0.0030776337,0.0068715364
6082,5062,9.869659,0.6969618,0.019748323,0.03916578
6083,6084,65.658875,0.72589433,0.11667973,0.23114577
6083,2124,39.642967,0.7239573,0.07514709,0.1450711
6084,6083,65.879814,0.72440267,0.11678784,0.23100425
6084,2123,16.347446,0.7285178,0.03201498,0.06220773
6085,2020,19.078747,0.50806177,0.04049908,0.078233585
6085,6086,6.6162148,0.5117409,0.01334253,0.026339814
6086,2040,69.72392,0.49877056,0.13834234,0.26892614
6086,6085,6.5168037,0.5109977,0.013316326,0.02623865
6087,3787,2.7997932,0.6953651,0.002027683,0.0053243637
6087,2582,150.7057,0.6978897,0.30382064,0.6007942
6088,3107,3.0709724,0.6601208,0.032126144,0.06284968
6088,6089,2.400673,0.6681478,0.0049695745,0.010670602
6089,6088,2.3402748,0.6643676,0.0048146322,0.010333866
6089,5201,23.438393,0.66721,0.12482202,0.25238264
6090,6091,2.8886642,0.6967309,0.0023214743,0.005742654
6090,1429,20.262796,0.7034055,0.041760243,0.08035542
6091,6090,2.6436691,0.69977224,0.0017061755,0.004662469
6091,5319,13.410358,0.70273894,0.027621612,0.054056212
6092,2140,72.203415,0.5889257,0.15427963,0.30242124
6093,6094,2.6936111,0.69982857,0.0017201304,0.0048185736
6093,2762,24.194817,0.704088,0.051659744,0.09829072
6094,6093,2.8274078,0.6977811,0.0018456876,0.0048787743
6094,92,36.521626,0.6996489,0.074784495,0.14656943
6095,5389,2.458397,0.69036937,0.0038858354,0.0086823255
6095,2595,44.660217,0.6896565,0.08395205,0.16337647
6096,4260,1.4249382,0.663313,0.0033095032,0.006765723
6097,3411,2.2714539,0.69614863,0.0035938546,0.007727042
6097,5705,2.9378548,0.69953024,0.004602663,0.009924397
6097,1984,66.145805,0.70039403,0.120954804,0.24188617
6098,6710,2.0296288,0.69631755,0.0038057119,0.008414522
6098,6115,24.833965,0.70260507,0.05637098,0.10837186
6099,3777,2.0746574,0.70500696,0.0037108436,0.008613676
6099,6736,47.60918,0.70666003,0.09541283,0.18870279
6100,6104,2.390686,0.7031238,0.004039243,0.009357423
6101,3749,0.15752792,0.45003867,0.0025668144,0.00069856644
6101,3778,27.555208,0.71008694,0.05846947,0.11260593
6102,2655,51.72911,0.62065005,0.09869133,0.19472778
6102,2654,4.969013,0.61869437,0.009101987,0.018741459
6102,6103,2.3425026,0.61933583,0.0035287365,0.007710427
6103,6102,3.0076866,0.6222772,0.0052324235,0.011085913
6104,248,141.58273,0.7019899,0.2598369,0.51571196
6104,6105,2.7325554,0.70194674,0.0042279363,0.009373292
6105,110,40.296436,0.7062465,0.077554375,0.15037
6105,3888,2.1350708,0.70591795,0.002834037,0.0068525076
6106,6107,6.353489,0.7032441,0.01146213,0.023550466
6106,3781,49.842968,0.7054545,0.09249796,0.18426104
6107,653,2.0869026,0.7026117,0.003908649,0.007702008
6107,4429,51.994427,0.7059314,0.12313122,0.2448233
6108,151,11.1474,0.7025412,0.021962821,0.04281567
6108,6109,6.520111,0.7010342,0.011814542,0.023375481
6109,6110,1.5167313,0.7046399,0.0025822371,0.0058250576
6109,6954,57.862686,0.70770687,0.13582417,0.27126068
6110,6107,1.5273781,0.6832943,0.0040734634,0.008408472
6110,6106,6.260441,0.70375574,0.011757061,0.023741335
6111,3846,2.324295,0.71377033,0.0044957027,0.009852812
6111,6238,59.483284,0.7189393,0.116627246,0.23254102
6112,6113,3.1471634,0.65540695,0.0025618076,0.0066818
6112,940,131.6997,0.67674035,0.26775846,0.5277213
6113,6112,2.9696236,0.65681094,0.0022951812,0.0062553436
6113,1206,13.586033,0.65211964,0.028988473,0.056724504
6114,2732,36.08289,0.7057723,0.072631165,0.14235488
6115,6116,1.8456268,0.69561595,0.0018469468,0.004970506
6115,4076,28.65533,0.6981981,0.06556074,0.12669645
6116,6115,1.893364,0.6977794,0.0018698648,0.0049990714
6116,5716,21.45904,0.7018096,0.0485574,0.09403763
6117,475,6.547783,0.70901376,0.012434319,0.024562031
6117,1400,32.528297,0.70826346,0.066625096,0.13088165
6118,163,1.7644539,0.69150007,0.0038666874,0.008363888
6118,5535,49.79264,0.7053616,0.100708835,0.20022352
6119,6118,1.3765869,0.68925834,0.0028525218,0.0061454624
6119,838,48.819942,0.7053945,0.098534904,0.19609506
6120,6119,1.5061836,0.70458114,0.0032337531,0.0069655776
6120,4402,27.609745,0.7108511,0.05880834,0.11337904
6121,6122,2.6830635,0.6852126,0.0017917454,0.004518181
6121,6741,245.10274,0.69269943,0.48599157,0.95635825
6122,6121,2.7153778,0.68244624,0.00195387,0.0048014373
6122,4381,30.36462,0.68909115,0.0643873,0.12428157
6123,3489,2.587017,0.68020755,0.005793594,0.011398777
6123,4233,16.958254,0.03466198,0.1038796,0.21896088
6124,3553,2.1528778,0.46000338,0.0037788823,0.007518828
6125,3736,1.8039055,0.60314584,0.0029471144,0.006779358
6125,3733,137.84421,0.5809127,0.3517679,0.69081205
6125,2140,37.09459,0.60568464,0.07639226,0.14828236
6126,5585,1.670414,0.47722808,0.0021196827,0.0044028014
6126,2019,230.78378,0.51643884,0.45716298,0.88937616
6126,4964,58.12598,0.48496032,0.11527247,0.22527361
6127,5070,2.1042786,0.4848422,0.0030711368,0.0066996813
6127,2043,24.920681,0.48776385,0.05389836,0.102361366
6128,6127,1.884697,0.48448253,0.0032386184,0.0068947673
6128,5070,0.4888687,0.08417618,0.0021825954,0.005672306
6129,6130,1.738636,0.70086,0.0015079826,0.0044312775
6129,5043,37.896202,0.7004149,0.08747446,0.1717145
6130,6129,1.9825745,0.6982167,0.002014652,0.0052516162
6130,5080,7.2996635,0.6985216,0.016545177,0.03327009
6131,4169,1.9880676,0.7367519,0.002810508,0.006577924
6132,4817,28.095339,0.7420451,0.05313202,0.10300596
6132,6131,2.1006393,0.73759437,0.0033356026,0.0075012743
6133,4191,7.995079,0.7356576,0.014868155,0.029297858
6133,4324,1.9135017,0.73621064,0.0012618303,0.0031626225
6134,6698,2.137455,0.6939039,0.00445617,0.009906441
6134,4443,49.1531,0.70208657,0.09046032,0.17688812
6135,5481,2.029335,0.68517244,0.0032928288,0.0076779425
6135,6134,2.0136147,0.6988214,0.003530033,0.00767532
6135,4390,74.64043,0.7029666,0.15469941,0.30825284
6136,6137,2.1981277,0.7108811,0.0034588948,0.007332176
6136,5415,17.331839,0.71612996,0.038132716,0.07425176
6137,6136,1.8143768,0.7106427,0.0025791302,0.005690545
6137,1193,202.10098,0.7118462,0.35714355,0.70591706
6137,1474,20.769043,0.71386003,0.046802014,0.09144803
6138,3249,52.595516,0.7007237,0.06723321,0.13409361
6139,3594,1.5770493,0.7007661,0.0041165054,0.008964986
6139,3590,51.31444,0.70057666,0.10449076,0.20803896
6140,2086,1.978981,0.7147263,0.0036617294,0.0077498555
6140,6141,1.1202316,0.4797015,0.0037642196,0.00783959
6140,4466,2.5708427,0.72748506,0.005089611,0.010716647
6141,6051,3.652691,0.7170826,0.010008626,0.020687103
6142,3956,3.1374092,0.7185264,0.006424159,0.013169855
6142,6143,7.659748,0.7092534,0.009554751,0.020413756
6143,7074,4.723068,0.72509336,0.0033017993,0.0076431334
6143,3558,27.67369,0.015134752,0.09536663,0.20356555
6143,3956,3.9016724,0.7201291,0.0074048787,0.0140592605
6144,6145,3.245716,0.72477174,0.0056043863,0.010219663
6144,1419,28.998665,0.7259136,0.06828901,0.1324448
6145,1411,1.5779228,0.41652995,0.0025005266,0.0047395676
6145,6151,16.416729,0.7291926,0.032207955,0.061746404
6146,6149,1.9578018,0.7188294,0.0027270988,0.0062245578
6146,155,31.573711,0.7241737,0.060573123,0.11705588
6147,6146,2.1368866,0.7233997,0.0032250062,0.0075253993
6147,6149,1.726635,0.7164727,0.002625443,0.006639257
6148,6147,2.2029,0.7228835,0.003709413,0.008668169
6148,6652,68.837296,0.73085856,0.121318944,0.2417593
6149,154,1.6591263,0.7211917,0.0034051165,0.0076779723
6149,3653,17.689161,0.7264503,0.03555246,0.068519905
6150,6151,1.8570862,0.726222,0.0013764352,0.0037159175
6150,1411,15.114971,0.70647746,0.030084234,0.058513977
6151,6150,2.174797,0.7253333,0.0019485876,0.0047187656
6151,6148,40.23181,0.72767067,0.07621578,0.14623602
6152,6153,2.3972588,0.73658943,0.0056775883,0.010009453
6152,7070,68.25653,0.01714015,0.45264587,0.9599471
6153,6152,2.1229591,0.7234173,0.0040703863,0.007940516
6153,3405,96.07489,0.7332131,0.18284392,0.36494744
6153,4608,26.967075,0.7353444,0.052403837,0.10182192
6154,4775,71.696304,0.6912283,0.13075575,0.2617714
6154,6155,2.2888222,0.68758035,0.0037281513,0.0080385655
6155,2794,1.933136,0.6926103,0.004672922,0.010113746
6155,6154,1.6830139,0.6921979,0.0025333688,0.0057991594
6155,4319,61.417328,0.69664884,0.1427209,0.28461406
6156,6157,6.198448,0.60107785,0.008072838,0.016931787
6156,4155,54.75465,0.6100896,0.1157714,0.22838968
6156,581,30.92869,0.6007289,0.06581998,0.12821293
6157,6156,6.2187996,0.60093695,0.008110449,0.017121613
6157,576,30.848372,0.600981,0.06619399,0.12814783
6157,2206,14.206726,0.60544515,0.029998034,0.058367804
6158,3932,0.0,0.043704897,0.0036776885,0.007315725
6158,5342,35.980965,0.64212835,0.07078068,0.13583916
6159,6160,30.974245,0.72678006,0.06255173,0.12100527
6159,4627,26.38941,0.7268412,0.05364081,0.10369574
6160,6660,2.4989624,0.72276187,0.0011648461,0.003589213
6160,2138,9.909729,0.72108346,0.019847326,0.039176017
6161,9,1.3699951,0.54459476,0.0030719563,0.006274447
6161,2032,44.595108,0.5476744,0.086185046,0.16745612
6162,5228,12.211458,0.72740906,0.024481036,0.048276097
6163,2907,54.92053,0.7235894,0.0603716,0.11538229
6163,2905,57.4904,0.73529476,0.11732535,0.23185185
6164,2066,2.2816467,0.69036895,0.003710039,0.008083776
6164,6523,86.20306,0.6977956,0.20788455,0.41361606
6165,6166,3.5402107,0.7342919,0.006119117,0.011858791
6165,6167,19.159786,0.031993806,0.0865758,0.18044648
6166,1616,2.06242,0.7365504,0.003552027,0.0075871646
6166,4635,0.0,0.07275888,0.0043936893,0.009364754
6167,6168,2.1782036,0.745123,0.004985608,0.009164259
6167,4205,17.884987,0.032882184,0.07617864,0.16065475
6168,6167,2.1033096,0.74128217,0.0038436055,0.0077782273
6168,2155,79.27022,0.7393365,0.14698732,0.29441863
6168,4209,26.383953,0.7443298,0.05230446,0.10201892
6169,2153,36.59496,0.733284,0.069460854,0.13210115
6169,2152,3.5199547,0.7316055,0.0059253424,0.012322962
6170,2152,2.3948212,0.73285526,0.004223101,0.008646995
6170,2449,51.609665,0.7336007,0.09523074,0.18918334
6170,6169,3.8873444,0.7301464,0.0066591725,0.013423309
6171,2442,41.6216,0.6756,0.07905411,0.15295961
6172,6173,2.7146416,0.66872245,0.0018482432,0.0048716664
6172,6309,220.74716,0.67350906,0.4358384,0.8579857
6173,6172,2.5805511,0.6666589,0.0015631467,0.0040420145
6173,729,92.02397,0.673498,0.1878869,0.37287468
6174,780,1.6780891,0.6750981,0.002546683,0.006050721
6174,6175,1.825695,0.6806762,0.0026097968,0.006339565
6175,780,2.1384583,0.67472696,0.0033121482,0.007153198
6175,4722,269.3224,0.6786368,0.48465058,0.95467114
6176,6758,1.9571495,0.73452324,0.0028831288,0.0066934526
6176,5091,45.318726,0.7411258,0.08307021,0.15956312
6177,2392,3.9085388,0.5427532,0.008358009,0.01740703
6177,2422,35.823025,0.5384814,0.076439664,0.14745834
6178,1134,11.179089,0.6500653,0.025019906,0.04923621
6178,4745,59.92768,0.65354806,0.117365524,0.23097187
6179,4919,4.620491,0.63447213,0.008510098,0.017273456
6179,5051,7.031063,0.6344986,0.013445124,0.026881456
6180,3180,1.8516922,0.6578016,0.0029861405,0.0068575144
6180,566,91.12962,0.66075414,0.16942939,0.33627027
6181,566,2.0835419,0.65498203,0.003120795,0.006930664
6181,568,16.902164,0.65964156,0.033926826,0.06558004
6181,3180,92.67232,0.6654828,0.1687952,0.33691177
6182,6183,2.5635414,0.6789822,0.0014108345,0.004137486
6182,20,67.09737,0.68906784,0.13827673,0.2711361
6183,6182,2.705738,0.6790795,0.0017879903,0.0051955283
6183,7066,5.7344627,0.68208724,0.011468023,0.023671687
6184,1626,103.81156,0.66809636,0.19011058,0.37652573
6184,5372,24.92732,0.6698712,0.051301867,0.09915393
6185,3764,146.17896,0.7335146,0.2610968,0.51746744
6185,5511,4.677086,0.7286392,0.008312024,0.016731173
6186,5511,1.7793236,0.72898376,0.0027832612,0.005950466
6186,6185,4.7009544,0.7321218,0.008423269,0.017168373
6187,6186,1.0835686,0.7075946,0.0019384474,0.0044482797
6187,6176,67.98184,0.7358333,0.124137394,0.2466918
6188,1416,46.02284,0.7377312,0.0854791,0.16570178
6188,6187,6.1141624,0.7316336,0.011084244,0.022509724
6189,883,15.286886,0.6926473,0.033318684,0.06538573
6190,6191,2.287262,0.6397628,0.0044171587,0.009131163
6190,5222,9.308353,0.64032567,0.03217659,0.064811476
6191,6190,2.3361168,0.6399988,0.004501961,0.009363353
6191,2682,4.0917664,0.63502854,0.017434143,0.034171164
6192,2683,7.8639297,0.6382698,0.017164059,0.034345403
6193,5418,105.80716,0.71333194,0.20929281,0.41484296
6193,2828,13.257284,0.7046375,0.06937936,0.14400955
6194,3486,3.2371788,0.6635688,0.011044569,0.02189076
6195,6531,2.0192604,0.65742296,0.0018438399,0.004988387
6195,6532,1.9392548,0.6485325,0.007920153,0.015404433
6195,2112,3.265602,0.6565236,0.0053519234,0.0113821775
6196,3883,6.750244,0.73440194,0.014176115,0.028091967
6196,3130,14.806046,0.7318643,0.028773963,0.056507193
6197,2477,18.613516,0.4816651,0.04197251,0.080710344
6197,6198,1.3320312,0.48737857,0.0044094846,0.009082362
6198,2478,15.772718,0.4827023,0.03370657,0.06556668
6199,5162,0.08917618,0.032771975,0.006060116,0.012773067
6199,3962,54.68295,0.46136394,0.17776169,0.27653357
6200,6199,2.935173,0.7321171,0.008137263,0.0153175
6200,1420,7.561947,0.035297662,0.034626603,0.07192968
6201,6699,1.4370003,0.6362687,0.0066643655,0.012602553
6201,4201,30.97846,0.059886307,0.15150899,0.32025096
6202,541,19.964714,0.026168674,0.09099569,0.18957621
6203,1357,26.156277,0.62299746,0.06513929,0.12678704
6203,4992,74.0699,0.62379926,0.20039302,0.39475206
6204,6852,2.6999168,0.7348758,0.0046424046,0.009263799
6204,6851,0.0,0.040370643,0.0060849115,0.013087213
6205,6204,0.0,0.4364494,0.002247572,0.0
6205,2236,26.401989,0.030533731,0.12895176,0.28466418
6206,3946,1.9772987,0.7423971,0.0044890568,0.009273663
6206,6023,69.71509,0.7372607,0.21196648,0.42274207
6207,5537,44.066315,0.745419,0.08250145,0.15948263
6208,1037,3.6686668,0.57672316,0.0043106973,0.009411722
6208,3537,75.24797,0.5690992,0.15865982,0.3092308
6209,5710,2.491394,0.70345044,0.0046067536,0.008849725
6209,3681,13.822023,0.71240306,0.034905538,0.067977734
6210,6301,2.3692627,0.6262658,0.0038981438,0.008566856
6210,2476,43.36354,0.63552403,0.067075245,0.12622097
6211,1171,170.08176,0.6314051,0.31557214,0.6220873
6211,6210,4.207184,0.62866765,0.0075305477,0.015365779
6212,6214,1.7559624,0.70328677,0.0035219267,0.00826177
6212,4414,5.9152527,0.70278394,0.007983573,0.016680017
6213,6212,1.6241112,0.70007074,0.0031237975,0.0071484596
6213,6258,9.519566,0.70269036,0.018571757,0.037320748
6214,6215,1.9332542,0.7024152,0.0032864213,0.0072582513
6215,6213,2.2494965,0.7014365,0.004178345,0.009069234
6215,4389,2.90308,0.70338005,0.005815968,0.0121230185
6216,1994,2.3443832,0.43373334,0.003945157,0.0077921897
6216,5581,36.900093,0.4347903,0.07598664,0.14441405
6216,6217,2.2947311,0.43712026,0.0033804402,0.006390497
6217,1994,1.8570023,0.4373985,0.0057231486,0.010946304
6217,6216,2.1783485,0.4372765,0.0030714795,0.0058314353
6218,6219,3.236576,0.7387011,0.005633883,0.011206821
6218,5092,66.84298,0.73659384,0.1684924,0.33418012
6219,6567,2.389309,0.74274766,0.0040205643,0.008250877
6219,6566,0.61034775,0.28973794,0.0038597137,0.0071328133
6220,6223,3.5098839,0.7006445,0.002485551,0.0060079694
6220,6429,68.91269,0.7023984,0.16704614,0.33298212
6221,6220,1.8861351,0.7022249,0.0045647994,0.010621935
6221,3618,75.23662,0.6977113,0.07550146,0.1441248
6222,6221,3.7117653,0.69962084,0.0027894303,0.00612244
6222,4932,3.6689644,0.701769,0.008274123,0.017420009
6223,6222,2.4443169,0.7012706,0.005712807,0.012552917
6223,205,82.387115,0.7022069,0.14959405,0.3001524
6223,6515,62.20106,0.69667727,0.066735275,0.12546831
6224,4537,1.7828026,0.6566738,0.0024019256,0.005592391
6224,4533,2.972454,0.65699273,0.0055658817,0.012088761
6225,6226,2.2459602,0.6659623,0.0036312565,0.007984638
6225,1804,107.77208,0.65700173,0.5288638,1.03297
6226,6225,2.3344269,0.66198176,0.003882438,0.008463085
6226,3068,89.74869,0.65455145,0.4023031,0.7868764
6226,3083,121.43045,0.66036046,0.39910495,0.7883645
6227,4966,1.7822227,0.6954946,0.0029935762,0.0063795
6227,6707,1.7536163,0.6916109,0.0030176565,0.0067712516
6228,305,0.24422455,0.43666166,0.003577225,0.0004773587
6228,6376,4.273159,0.7544893,0.00563059,0.011868805
6229,6376,3.891838,0.7527609,0.006711781,0.014468938
6229,3904,3.830387,0.7518169,0.005521156,0.011937946
6230,6231,0.0,0.4457637,0.0012135208,0.0
6230,400,2.3664207,0.7501394,0.0040672794,0.008377939
6230,6473,36.445473,0.7458394,0.06973252,0.13319135
6231,400,0.19653702,0.4496924,0.0037513524,6.219745e-05
6231,3660,13.302118,0.45501947,0.040122077,0.06051006
6232,6233,0.0,0.04146257,0.0065452456,0.013282567
6233,6234,2.9546928,0.71402985,0.0049844906,0.009932131
6233,7041,12.081474,0.033819824,0.08162108,0.1712657
6234,3959,2.4426003,0.7232802,0.0044244155,0.009224802
6234,1691,0.0,0.049492627,0.007297851,0.014881581
6235,1050,16.04765,0.6929766,0.03221647,0.06258666
6235,409,3.3590279,0.69236493,0.006131701,0.012695372
6236,185,3.985691,0.69571483,0.007520899,0.015039146
6236,1562,28.305033,0.7019035,0.055037383,0.10638482
6237,3817,18.087204,0.0,0.06377999,0.14014085
6238,5632,2.4972572,0.7191252,0.0047240555,0.0102516115
6238,480,44.560375,0.72251284,0.100537896,0.20036688
6238,6111,59.253513,0.72211874,0.115226515,0.23047538
6239,4997,19.534449,0.65265375,0.04134547,0.08023573
6239,925,11.404608,0.65000755,0.023423538,0.04619676
6240,742,2.0066376,0.6742848,0.0032707006,0.0064474195
6240,3461,244.01984,0.67845833,0.5840176,1.1554263
6241,6240,2.2036285,0.64645976,0.005437307,0.011333421
6242,6857,11.18828,0.7083621,0.023818709,0.04704988
6242,6857,11.156982,0.7083429,0.023751311,0.04692234
6243,216,68.86019,0.7106534,0.13729806,0.2755591
6243,6858,5.275715,0.70995605,0.010735109,0.021900445
6244,2689,23.43379,0.63760364,0.0580104,0.112605736
6244,4941,16.839884,0.6420883,0.03797323,0.07362881
6245,1707,38.33888,0.62172043,0.07802496,0.15281689
6245,6248,13.238924,0.6283564,0.03132529,0.06157042
6246,6245,0.9082413,0.62186915,0.004201591,0.009341016
6246,6247,14.464632,0.63132006,0.038420837,0.075608306
6247,1726,7.0525017,0.62652564,0.019750401,0.038664028
6248,6247,1.7606773,0.6305772,0.005406581,0.011520192
6248,2690,35.988144,0.63720304,0.0822109,0.16210893
6249,4274,3.3512917,0.6804807,0.0068651885,0.014097199
6249,4272,26.347446,0.67839897,0.051833224,0.099330224
6250,6251,2.152916,0.68294895,0.0033845007,0.0073783696
6250,4542,50.35501,0.69055206,0.15188564,0.30247405
6251,6250,1.997551,0.6816406,0.0028336048,0.00660789
6251,2676,186.32909,0.68584585,0.33565292,0.6648757
6251,4271,24.414227,0.6855474,0.06726036,0.13180737
6252,4541,0.485878,0.5023185,0.0021902695,0.0041926205
6252,5833,1.6451187,0.6895119,0.0031639412,0.006810114
6253,6252,1.8857841,0.6902988,0.003939703,0.0077702105
6253,132,39.28073,0.69414014,0.11750731,0.2338508
6254,6256,2.4755478,0.7251547,0.008201204,0.01667574
6254,4939,15.787975,0.72903544,0.03609674,0.0710967
6255,6254,2.0823555,0.72730255,0.0052599534,0.01068081
6255,4250,57.266304,0.7264194,0.13793701,0.27530944
6256,4728,1.4464531,0.72259396,0.0057450235,0.012172088
6257,4388,4.432396,0.7014973,0.0079762265,0.016110465
6257,6258,14.882965,0.7008369,0.015866026,0.031776875
6258,3622,41.908024,0.70281327,0.08542594,0.16722912
6259,2502,4.329487,0.7421787,0.005711101,0.011529103
6259,6820,40.272644,0.45543408,0.096428476,0.15050218
6260,6261,2.8630676,0.6924021,0.005876288,0.012771025
6260,6578,66.40185,0.71238947,0.119245075,0.2368843
6261,5498,136.45566,0.7129818,0.26612502,0.5250206
6262,2451,2.9862175,0.64671636,0.004005559,0.008876473
6262,4809,37.481647,0.6422187,0.07068291,0.13819543
6262,5596,64.40689,0.661603,0.116144344,0.2310832
6263,5403,3.974411,0.66947037,0.007021576,0.014286637
6263,5406,2.1323166,0.66920614,0.0031639412,0.0074916184
6264,6675,175.98218,0.6882047,0.21463491,0.42307436
6265,2282,1.9133682,0.51972425,0.004555419,0.00878045
6266,517,1.7673988,0.5203869,0.003696993,0.008121312
6266,5133,33.36149,0.5200812,0.073782034,0.14333382
6267,2281,7.2430534,0.52026695,0.012969673,0.025946826
6267,517,3.9605598,0.51422936,0.0086202845,0.017526358
6268,6270,1.8010597,0.7265328,0.00387761,0.0076194853
6268,3295,10.774855,0.72684276,0.021908239,0.0429682
6269,1977,2.21949,0.7246901,0.0039825067,0.00803189
6269,4600,63.23339,0.72867846,0.12668788,0.251233
6270,6269,1.7222824,0.70475465,0.0033243,0.0071056187
6270,6962,6.2733307,0.7273633,0.012376606,0.024789661
6271,6272,1.4915962,0.6801242,0.001779817,0.004770413
6271,706,1.0346909,0.68055433,0.0032404587,0.007654339
6272,6274,3.9526482,0.68470067,0.009495281,0.019156009
6272,5987,46.127205,0.68036556,0.08675752,0.17011368
6273,779,104.70444,0.6826221,0.19271955,0.3826337
6273,6271,4.281868,0.67753386,0.010233425,0.020561934
6274,6273,2.145996,0.6775033,0.0033907518,0.007759422
6274,5224,5.3177567,0.6784103,0.0104222745,0.021065429
6275,925,88.95392,0.6473379,0.1666098,0.33140677
6275,3799,8.421543,0.6339469,0.011268221,0.023746446
6276,4973,3.0156517,0.6839143,0.0056509823,0.012368083
6276,6278,1.7564545,0.68023956,0.0031087324,0.0068104863
6277,6279,1.5418777,0.671114,0.002994515,0.006791383
6277,4972,3.6460876,0.6834242,0.0068567693,0.014584839
6278,6277,1.7435913,0.67810214,0.0036850795,0.008338898
6278,4975,2.5380287,0.6831323,0.0038197413,0.0087035
6279,6276,2.3531532,0.6787069,0.0045115575,0.009363085
6279,3333,2.7554092,0.68219936,0.0044763535,0.00968121
6280,3922,2.5637436,0.74868083,0.0060464367,0.011819258
6280,6539,36.67271,0.45462573,0.12889113,0.19764917
6281,334,52.972214,0.72254014,0.12028748,0.23663001
6282,790,38.743404,0.7186213,0.076116666,0.1453802
6282,3891,41.849384,0.7119188,0.096504845,0.19021037
6283,3361,2.1711159,0.6962087,0.0039869547,0.0088621825
6284,6285,3.4829292,0.580162,0.005016662,0.01048407
6284,1216,28.887848,0.5842714,0.057573844,0.11123786
6284,6286,39.349655,0.5735894,0.07584108,0.14694218
6285,6284,3.9878922,0.58007705,0.00622797,0.013003871
6285,2224,56.527435,0.5850867,0.10822668,0.21128163
6286,3297,1.517971,0.56774634,0.0022116452,0.0053480417
6286,1230,10.931618,0.57115775,0.02372896,0.046851277
6287,6288,4.77964,0.5420564,0.0056148395,0.012415782
6287,1257,114.3489,0.5239697,0.10475578,0.20409632
6287,4724,25.834185,0.5460036,0.05340913,0.100808516
6288,6287,5.1103477,0.54981685,0.0063212514,0.0140256435
6288,5193,57.344593,0.5378163,0.110690646,0.21690023
6289,6290,1.8605385,0.5114686,0.0056772307,0.011557817
6289,1313,11.617567,0.5116096,0.024869286,0.048753858
6290,6291,1.5494423,0.5148997,0.0019414648,0.0042873323
6290,5894,1.8971481,0.5173121,0.005806327,0.011653557
6291,5425,4.6647453,0.5151553,0.00819923,0.016631067
6291,6292,2.525425,0.51214236,0.0057079196,0.01165624
6292,6289,2.0010567,0.5121917,0.0030874237,0.006659329
6292,3329,39.116295,0.49267942,0.107117586,0.20963356
6293,1911,18.400969,0.602879,0.037890747,0.07314281
6293,6296,3.086689,0.60072845,0.006348081,0.013771787
6294,6293,1.7959366,0.60415196,0.0027500615,0.0059369802
6294,3566,10.910988,0.60847354,0.022031471,0.043764964
6295,6294,2.755333,0.6023404,0.0058780313,0.012499407
6295,6503,33.656815,0.60552746,0.06619549,0.12793642
6296,6295,1.5175629,0.6003167,0.0023855641,0.0055990666
6296,1255,56.497524,0.59564877,0.11959148,0.23524275
6297,6298,1.6574249,0.6113752,0.0027434751,0.006133154
6297,3741,9.629139,0.6166507,0.020744413,0.040984422
6298,6300,1.916172,0.6121776,0.0036758482,0.00813894
6298,1913,75.95268,0.6148608,0.14244102,0.28144795
6299,6300,2.322075,0.61055475,0.003970042,0.008564547
6299,4139,2.1809616,0.61031723,0.0031624064,0.0069497824
6299,3577,13.47451,0.61321163,0.030286439,0.059675217
6300,6299,2.805828,0.6117687,0.005121514,0.010757312
6300,6297,2.222454,0.6131498,0.004580982,0.010209471
6300,3579,21.943266,0.6122741,0.0515029,0.09968248
6301,5803,2.0688744,0.630991,0.0028713495,0.00672397
6301,2475,27.515598,0.63393784,0.06736105,0.13086382
6302,1820,30.31734,0.5927504,0.06133047,0.11803679
6302,4063,22.468912,0.58403856,0.04561252,0.087439954
6303,6304,3.322197,0.72641414,0.006834328,0.013824984
6303,3366,32.053394,0.09530744,0.19440857,0.41306904
6304,6303,3.2572021,0.7297064,0.006743856,0.013716802
6304,6466,45.474983,0.27243596,0.21209204,0.44735992
6305,6306,2.1497192,0.7261954,0.002462633,0.0048847646
6305,6152,6.42749,0.0379622,0.043721274,0.0943344
6306,3365,0.0,0.03539273,0.005136609,0.010691196
6307,6310,1.8482513,0.6643411,0.0045383573,0.009800345
6307,1465,185.66898,0.6660337,0.44993284,0.8896418
6308,6307,1.8392754,0.6644987,0.0042188913,0.009412289
6309,6308,1.6293831,0.66487694,0.0037701502,0.008675128
6310,6309,1.3457947,0.66371727,0.0032780915,0.007613957
6310,6173,219.18819,0.6648617,0.437214,0.86099786
6311,1085,54.151085,0.6861492,0.10731593,0.21486051
6311,5846,33.1909,0.6860378,0.07753618,0.15239991
6312,6311,2.2448425,0.6808063,0.0041595325,0.00922972
6312,3999,28.560825,0.68681335,0.06714499,0.1295734
6313,6344,32.35779,0.6978963,0.0774064,0.15101537
6314,6377,2.3521996,0.6959681,0.0040620714,0.008495957
6314,25,47.787865,0.6929515,0.11140249,0.21560286
6315,2750,1.1868324,0.6980844,0.0022806674,0.005617708
6315,2059,34.35088,0.7012743,0.07236633,0.14058527
6316,4739,1.5330505,0.4748617,0.0027527139,0.006701499
6316,6315,18.140419,0.6573886,0.03719517,0.070847385
6317,6318,1.5791473,0.52377504,0.0017102957,0.00417535
6317,1830,86.32178,0.53924364,0.22304156,0.43422157
6318,6317,1.6362114,0.5234271,0.0018792227,0.004391387
6318,5524,42.791885,0.5117217,0.1061602,0.20783609
6319,6320,1.873272,0.70542216,0.0014214292,0.0038083345
6319,49,7.2469215,0.7042883,0.0118129775,0.023902148
6320,6319,2.0798569,0.70478356,0.0017885566,0.004540652
6320,6328,65.7359,0.70604545,0.09179443,0.17921808
6321,6324,2.385044,0.6887477,0.0053840205,0.011521503
6321,6322,4.135227,0.6911447,0.009268932,0.019068629
6322,2881,3.5286484,0.6748879,0.0081839785,0.016380072
6322,2880,3.4583168,0.6937071,0.007907264,0.016037911
6322,6321,4.2530174,0.692154,0.009971261,0.020246983
6323,6910,0.8161545,0.46991858,0.0031184927,0.0064914525
6323,6324,5.0667686,0.6900917,0.011032715,0.021770433
6323,2880,2.518261,0.6897059,0.0037385598,0.0080037415
6324,2879,19.391357,0.6922707,0.038716912,0.07447012
6324,6323,5.1861,0.696005,0.011628158,0.023387372
6324,6321,1.8889236,0.69169736,0.0049123466,0.010684103
6325,1649,5.099758,0.6951673,0.00811588,0.016890243
6325,2062,3.6199799,0.69418865,0.008382857,0.017332464
6326,5734,68.429245,0.689629,0.12472754,0.2482786
6326,1649,4.6348915,0.6910235,0.010918029,0.02200678
6327,1859,3.8787193,0.70884186,0.0055848137,0.011488661
6327,4,7.9063263,0.70805395,0.013517521,0.026588678
6328,5947,2.3418465,0.7083691,0.0024020746,0.005719945
6328,6327,8.135269,0.70981634,0.013719954,0.027277082
6329,2276,47.684288,0.7071222,0.0951384,0.18869063
6329,265,28.251781,0.7111413,0.05799664,0.11136439
6329,266,34.247044,0.712319,0.06593501,0.12622616
6329,3907,6.046829,0.70721436,0.0101097,0.020377934
6330,6331,21.08986,0.71097344,0.0438108,0.08535524
6330,265,26.8808,0.71258986,0.05437253,0.10742982
6331,3412,2.813446,0.70757806,0.005156912,0.010033786
6331,6544,15.491924,0.70775425,0.031579703,0.061741695
6332,5645,1.6372414,0.6987664,0.003587544,0.0074371547
6332,3966,11.514387,0.7002567,0.023464821,0.046263367
6333,430,1.873642,0.6776758,0.0025939718,0.00591664
6333,783,105.4411,0.68180144,0.19234942,0.38279992
6333,2953,139.5505,0.6789454,0.33904803,0.67337704
6334,3434,228.06706,0.6968262,0.2613517,0.52077585
6334,6379,70.734634,0.70731765,0.16910315,0.33769
6335,985,15.831381,0.7053057,0.017293982,0.03464046
6335,53,14.52104,0.70022553,0.01744949,0.03439322
6336,6344,6.080971,0.69762546,0.012142397,0.024384916
6336,212,8.275425,0.6961217,0.016607888,0.033232957
6337,6338,2.0208511,0.695282,0.0038838685,0.008527845
6337,4094,73.355804,0.69971734,0.17752117,0.35404062
6338,6337,2.3046608,0.69349307,0.0042378977,0.008978158
6338,3661,5.3608284,0.6955776,0.012292936,0.024888694
6338,3662,21.352081,0.69391346,0.044216417,0.08517292
6339,64,32.783985,0.7015382,0.064419046,0.124136135
6339,5546,45.153404,0.6998573,0.084428154,0.16534528
6340,985,2.2700768,0.70766264,0.005471304,0.0116852075
6340,2210,44.334373,0.7075644,0.102151334,0.2014527
6341,6632,2.3694992,0.6716962,0.002951324,0.0068365335
6341,2495,67.35985,0.6814238,0.15519099,0.3091693
6342,2367,2.663517,0.6800437,0.004207857,0.009165183
6342,413,24.944506,0.6853989,0.051593885,0.10003797
6342,5077,44.397396,0.68504333,0.07232669,0.14228684
6342,5397,3.0478516,0.6776041,0.0060625523,0.012803271
6343,3385,34.39191,0.7017528,0.078502655,0.15266745
6343,6345,46.813583,0.7025552,0.10642935,0.20940873
6344,6343,2.6139603,0.70245147,0.005070828,0.011130393
6344,212,4.646446,0.703087,0.010205641,0.020794734
6345,376,5.9980164,0.70119476,0.013337314,0.02711548
6346,2382,29.32412,0.69448817,0.06833503,0.13494112
6346,5238,29.565508,0.70304585,0.060893837,0.11892823
6347,6346,1.3400459,0.67565835,0.0046931356,0.009024352
6348,6349,5.3071785,0.69810474,0.011662826,0.02359116
6349,1651,7.4730415,0.69302,0.017004713,0.03308499
6349,375,6.7082214,0.70077,0.014655061,0.02953273
6350,3614,8.036804,0.7388316,0.02046404,0.04017034
6351,416,3.206997,0.6807241,0.0041377917,0.009875983
6351,5274,11.629297,0.67903125,0.02567143,0.050734714
6352,1687,67.48383,0.6871417,0.16143727,0.32326275
6352,2368,42.42947,0.67680144,0.07034268,0.13804802
6353,353,37.37702,0.7187447,0.07060486,0.1355531
6353,6355,35.52349,0.7208376,0.065098606,0.12588546
6354,3513,24.074902,0.72055477,0.04642933,0.08964252
6354,2102,82.0264,0.7176572,0.1479219,0.2964412
6355,354,1.9853363,0.71500826,0.0033273473,0.006823048
6355,2096,20.274948,0.72050893,0.040313356,0.07744149
6356,5194,2.3865242,0.6682307,0.0024007484,0.006349802
6356,5476,5.596298,0.6664709,0.010266356,0.021139205
6357,5476,2.2402916,0.6661209,0.0020274445,0.0059307516
6357,5194,6.5831184,0.6658305,0.0123322755,0.02547139
6358,5989,2.7599907,0.6951386,0.0053927004,0.011084065
6358,1003,43.258488,0.69406617,0.099904455,0.19823024
6359,6360,2.2035751,0.68537676,0.00226295,0.005391836
6359,1023,29.271503,0.6909953,0.057940457,0.11096634
6360,6359,2.0122566,0.6874928,0.0018567517,0.005004853
6360,280,18.364084,0.68726826,0.03693494,0.07140586
6361,3529,1.7765999,0.26009366,0.0037197769,0.008044943
6361,690,221.72223,0.553129,0.4313964,0.8403375
6362,6361,1.3517075,0.56426376,0.0020540208,0.004547626
6362,5001,29.913893,0.5756558,0.07341184,0.14288482
6363,3503,63.282463,0.6945431,0.116822496,0.23224913
6363,183,66.65556,0.6941039,0.09643013,0.19051935
6364,6367,0.3424301,0.4561493,0.0014240444,0.0035698116
6365,6364,2.2689896,0.6972246,0.0048124045,0.009915188
6365,5175,45.20127,0.70169246,0.10405906,0.20597562
6366,6365,0.8296051,0.5439517,0.0034214333,0.007741332
6366,2759,89.00206,0.6987303,0.2054803,0.40951395
6367,6366,2.4026146,0.69005585,0.0056984723,0.01128827
6367,1768,5.682976,0.6922889,0.0128408745,0.026046112
6368,4790,1.9925804,0.68142295,0.004120566,0.008421138
6368,5124,65.56554,0.6866444,0.15789776,0.31370914
6369,759,1.6286812,0.69548655,0.0022104383,0.0049980134
6369,6374,13.672377,0.6968255,0.027789816,0.054101795
6369,756,49.646744,0.6975933,0.089938805,0.17841496
6370,735,1.5203438,0.66134185,0.0032382607,0.007375151
6371,804,2.3623695,0.68045104,0.0042747706,0.008927062
6371,6370,43.63108,0.68445104,0.10147613,0.19950557
6372,6373,2.4435158,0.69472194,0.0013133883,0.003751129
6372,6369,20.648094,0.69754463,0.04319229,0.08292227
6373,6372,2.5677109,0.69452226,0.0015738085,0.004319474
6373,5865,31.030924,0.6941599,0.064719446,0.122976094
6374,6375,2.375885,0.6969054,0.0010679737,0.0034445822
6374,760,8.80386,0.696658,0.017882928,0.03565882
6375,6374,2.8872833,0.6892574,0.002346255,0.005845517
6375,759,13.811939,0.6955681,0.028262258,0.055185147
6376,3905,10.307436,0.74920726,0.017198563,0.033570945
6377,4387,1.6655083,0.6932883,0.0027626902,0.0061511993
6378,6742,1.893589,0.70179176,0.002699986,0.006186202
6378,6492,39.640347,0.7004384,0.090140924,0.1774987
6379,4387,0.7794571,0.46118388,0.001690574,0.0033510327
6379,6377,1.6526031,0.67361355,0.004076913,0.00863409
6380,3976,1.4962883,0.03680584,0.006749928,0.013168022
6380,4848,15.575663,0.019364417,0.05917575,0.11907318
6381,6382,1.9012756,0.6947238,0.004416831,0.009182423
6381,6384,42.71709,0.6952933,0.088132024,0.17535353
6382,6381,1.7310524,0.6931013,0.0042860284,0.0092228055
6382,6940,1.280777,0.6402488,0.0037288964,0.008330017
6382,1041,28.690554,0.69729674,0.0676336,0.1313556
6383,6940,2.622757,0.69074404,0.0042341948,0.009074211
6383,6939,3.6229553,0.6966767,0.004073493,0.009032577
6383,2212,72.86858,0.6928391,0.10543724,0.21107179
6384,6385,2.059101,0.6942786,0.003268376,0.0070652366
6384,4653,29.004545,0.6958662,0.059231643,0.113818705
6384,2058,34.58226,0.69258994,0.0710551,0.13970257
6385,6384,2.087452,0.6950283,0.0033668354,0.00726074
6385,826,49.245216,0.696418,0.08994719,0.17804909
6385,6382,43.19972,0.6949232,0.08920803,0.17485629
6386,3417,0.8881302,0.6167254,0.0058585927,0.011535078
6386,2265,53.364937,0.62584734,0.1009757,0.19931571
6387,1000,2.0820312,0.6819984,0.003724657,0.008015543
6387,6390,28.264805,0.6857244,0.060223583,0.11716879
6388,3954,4.1767426,0.6831615,0.008733153,0.017818883
6389,2703,58.012672,0.704604,0.16202104,0.32408595
6390,1001,2.9121857,0.6852391,0.0025751293,0.006303802
6390,1002,19.834387,0.6873869,0.04126519,0.08009677
6390,6391,6.699852,0.6868384,0.013595857,0.027531043
6391,5078,2.11734,0.684551,0.004574485,0.010164231
6391,1002,17.221193,0.6887152,0.03338192,0.06566536
6392,1946,0.0,0.038710773,0.0076648816,0.014116004
6393,609,27.710579,0.6725665,0.047002256,0.09215913
6393,6392,9.548172,0.67387104,0.020865709,0.04104303
6394,3784,56.072525,0.70126677,0.11492384,0.22844853
6394,6395,7.7759476,0.7017696,0.015426613,0.031093106
6395,3794,19.109606,0.7045201,0.03849393,0.07414699
6395,6394,7.0322037,0.70294243,0.013752513,0.027592376
6396,6397,4.5856743,0.6963618,0.0100672245,0.020652115
6397,1638,9.686951,0.69418913,0.021992803,0.04258938
6397,5339,1.956749,0.69469345,0.004464142,0.0097557455
6398,5340,4.484646,0.6937009,0.00994394,0.020601258
6399,1566,43.70674,0.6945351,0.10161415,0.20125438
6399,6398,2.4943237,0.6937134,0.0056628063,0.011523098
6400,1695,2.6616554,0.7019,0.004846938,0.010292247
6401,6403,2.1536865,0.70458543,0.0039161593,0.008273095
6401,6402,2.100029,0.7039044,0.0039962307,0.008231461
6402,1695,2.125805,0.70450604,0.004071623,0.008476734
6402,6400,2.2158623,0.70578325,0.0041348934,0.008597076
6403,6402,1.3960724,0.70249707,0.0030012205,0.0062948763
6403,6677,18.096079,0.7063764,0.037032545,0.07174532
6404,6401,2.5416718,0.6953797,0.0021411628,0.0046828985
6404,158,41.048264,0.710384,0.0831225,0.16176116
6405,3138,3.1484375,0.6781931,0.011518069,0.023581058
6406,462,2.0234337,0.69352126,0.0027998462,0.006297067
6406,6407,2.0717468,0.6909273,0.00330434,0.007408157
6407,2181,1.7589874,0.695974,0.004342556,0.009472966
6408,6406,2.4458466,0.6890806,0.004206784,0.008896589
6409,546,1.9789658,0.6247062,0.003631629,0.008186519
6409,1580,42.51519,0.61925864,0.08165881,0.15813434
6410,6409,1.7519417,0.6248448,0.002627544,0.006497398
6410,2601,39.77412,0.6238416,0.08276252,0.16073437
6411,999,18.432348,0.67331976,0.03887663,0.07603236
6412,3658,1.7136421,0.7292956,0.0036000684,0.0077521503
6412,6414,1.4108925,0.7298978,0.0019686222,0.004320085
6413,6412,1.8301239,0.73419166,0.0034221187,0.0071136355
6413,6412,1.751133,0.73830545,0.00232286,0.005302295
6414,3657,2.0289574,0.7375884,0.004257247,0.00874272
6414,6592,45.512558,0.7439643,0.08408086,0.16217877
6415,4321,55.02835,0.7402176,0.10869261,0.21525761
6415,6416,6.7140846,0.7326413,0.012666315,0.025864571
6416,488,0.43284225,0.0376679,0.0026493892,0.005986348
6416,6415,6.1054916,0.74333465,0.012336023,0.024866134
6417,2599,2.2731743,0.68632543,0.0040938705,0.008444935
6417,6418,3.5558357,0.69334114,0.0069489107,0.014216468
6417,1248,44.16346,0.68799126,0.083552375,0.16321181
6418,2599,3.0717926,0.6952174,0.006192751,0.013060242
6418,2351,42.10147,0.6978786,0.08485883,0.16614059
6419,2306,7.7322273,0.7018882,0.017918684,0.0361706
6419,3813,1.5879784,0.6989442,0.0035811365,0.008075431
6420,1185,2.1200829,0.68045837,0.0038074404,0.008118629
6420,4960,11.566395,0.68685997,0.023135878,0.045419663
6421,2149,133.29102,0.7281824,0.25544766,0.50584817
6421,3364,70.510056,0.7263634,0.13498202,0.26910532
6421,2157,93.936676,0.7278951,0.16673556,0.3336624
6422,2700,34.544548,0.6861152,0.07092914,0.13736153
6422,2946,13.00602,0.686931,0.026821606,0.052370355
6423,2659,77.044395,0.6515383,0.14281452,0.28531337
6423,2663,44.209282,0.6474936,0.08414344,0.16646028
6423,2662,118.95283,0.6524293,0.2184377,0.43206018
6423,5315,67.76311,0.6446824,0.12533608,0.25108588
6424,6425,2.605816,0.6935,0.0049303398,0.010780111
6424,1,66.423996,0.6941062,0.13624486,0.27176803
6425,6424,2.6372948,0.69517064,0.0050880387,0.010847226
6425,2536,5.34951,0.69572586,0.010482438,0.021390945
6425,6427,4.8857765,0.6939316,0.009730339,0.01968813
6426,2196,20.404839,0.69141835,0.043047614,0.08326941
6426,5187,85.012825,0.69193256,0.15446614,0.3097943
6426,6709,96.30127,0.6944002,0.1784209,0.35644674
6427,2536,12.093142,0.69504696,0.0145275,0.029982537
6427,6425,4.803276,0.69415826,0.009508364,0.019541502
6427,6502,92.27655,0.69894385,0.18321969,0.36516285
6428,6429,2.491665,0.69679993,0.0041940957,0.008630708
6428,206,51.513824,0.69890994,0.093616985,0.18592685
6428,6223,68.64524,0.69955987,0.16389954,0.32742718
6429,6428,2.6445236,0.69824016,0.0042855963,0.008800447
6429,238,24.90518,0.6970766,0.049712256,0.0954663
6429,6668,60.524113,0.69899136,0.13815165,0.2737599
6430,6434,1.8021584,0.69336057,0.0049534813,0.010940284
6430,6433,2.0746498,0.6922073,0.0032513663,0.0070626885
6431,6434,1.8536911,0.6962571,0.0041589513,0.009056419
6431,6433,2.3738518,0.69797075,0.0053625405,0.011965603
6431,2212,16.35093,0.6997475,0.035086527,0.06777252
6432,6430,1.6683998,0.69099474,0.00439696,0.010097861
6432,3236,56.262035,0.6980583,0.12607013,0.25081858
6433,6430,1.8366623,0.69221175,0.002478145,0.0058869123
6433,6432,2.2023506,0.69220626,0.0045352057,0.010243446
6433,828,39.405167,0.6939454,0.07525813,0.14598691
6434,6431,1.7289238,0.69320977,0.0040002763,0.008777142
6434,190,71.03363,0.69832194,0.16919398,0.33680838
6435,6431,51.996185,0.69877976,0.117094286,0.23391199
6435,6670,88.35506,0.69919765,0.17863938,0.3556501
6436,6663,40.02429,0.6942031,0.093595594,0.18459044
6436,2755,2.8102646,0.689161,0.006221071,0.012430668
6437,434,1.1455956,0.69499743,0.003339842,0.007800609
6438,1648,56.33064,0.6909596,0.08314507,0.16174777
6439,3087,4.427288,0.6993727,0.010288827,0.021050304
6439,6438,6.6899567,0.7017121,0.011632517,0.024039567
6440,2942,5.3599014,0.69151676,0.010898188,0.02209185
6440,6441,19.884682,0.69107,0.023929857,0.04814577
6441,5158,93.45949,0.6841628,0.08820642,0.17025174
6442,1305,1.5652847,0.43290755,0.0033335611,0.0065037757
6443,6863,96.0392,0.68848145,0.1922122,0.38249138
6443,1184,6.5724144,0.68533486,0.013184242,0.02643019
6444,6918,6.1431847,0.6864265,0.012283921,0.024906412
6444,1187,50.532066,0.6831139,0.10222945,0.20363094
6445,6446,21.453575,0.67099226,0.045159217,0.08670504
6445,2183,5.405403,0.6683417,0.010651924,0.02158752
6446,2388,2.1153297,0.6660571,0.0034088045,0.0069613606
6446,1181,46.50362,0.6709852,0.09527037,0.18854602
6447,4806,1.65942,0.46067423,0.0025992692,0.0055214167
6448,2674,1.8686142,0.6881628,0.0027898028,0.006372094
6448,2673,13.181566,0.69206166,0.02742453,0.053643107
6449,6448,2.073429,0.68666965,0.0037016347,0.008142829
6449,2675,26.897587,0.69016016,0.056315977,0.10815216
6450,2673,1.8259811,0.691831,0.0026212633,0.0060194135
6450,2674,14.164385,0.6902325,0.028870516,0.05590953
6450,233,42.387024,0.69005644,0.07972947,0.1548932
6451,177,3.0844421,0.69231,0.004113503,0.0090485215
6451,5217,2.175476,0.6889297,0.004138671,0.008690417
6451,6450,13.599316,0.691536,0.027866803,0.05382964
6452,5483,0.3443222,0.4432008,0.004149273,0.002103418
6453,6454,1.8249397,0.68622404,0.0037550852,0.008314073
6453,1075,12.55382,0.6869387,0.025656424,0.049970776
6454,5427,1.6689224,0.687179,0.0031572357,0.007059887
6454,1397,22.134579,0.68983555,0.03969051,0.07756825
6455,172,2.8953018,0.69102657,0.0033008307,0.0077543855
6455,201,39.781136,0.6884909,0.091415495,0.17790645
6456,6455,2.0888023,0.68812186,0.0023037344,0.0059188902
6456,172,1.6763954,0.68566775,0.0030633286,0.0071381032
6457,5549,3.1163788,0.68572056,0.002976261,0.006527394
6457,6614,33.486412,0.6864278,0.07030855,0.1365825
6458,3899,5.9825935,0.44752416,0.018212624,0.028603092
6458,6452,5.2479362,0.75345224,0.008175015,0.016530648
6459,6460,2.4950752,0.69064236,0.0015782863,0.0042840093
6459,2769,80.49959,0.6945678,0.16314621,0.3253393
6460,6459,2.588791,0.6915877,0.0018991828,0.005022466
6460,3380,33.697292,0.69560456,0.07127096,0.13875589
6461,3350,2.03088,0.70235634,0.0034697503,0.0068750978
6461,481,38.945847,0.7131615,0.07294822,0.13967834
6462,6965,19.353216,0.6863718,0.040646993,0.0791594
6462,1186,64.0033,0.68422246,0.12808245,0.25607505
6463,1014,36.095222,0.6868086,0.06929038,0.13331981
6463,5138,30.716347,0.6900587,0.060616985,0.11606985
6464,1070,70.57472,0.6840522,0.12838684,0.25658613
6464,6463,38.554634,0.6900519,0.07347429,0.14071396
6465,6466,2.6772156,0.7194275,0.0058040097,0.012150407
6465,1616,147.00278,0.73162997,0.2834016,0.5591441
6465,878,47.24988,0.012253523,0.17244592,0.36207148
6466,6465,2.391037,0.7250797,0.0063595176,0.012359947
6466,4057,31.984867,0.5728534,0.10732233,0.213359
6467,2934,1.3489838,0.67007554,0.0044485256,0.009858429
6468,135,8.947735,0.6953121,0.017973267,0.03541155
6468,84,178.62909,0.690776,0.35496217,0.7031522
6469,2644,99.42462,0.69768333,0.19732377,0.39324337
6469,6470,6.004883,0.6938346,0.0118647665,0.023956493
6470,135,1.934288,0.696292,0.0026747957,0.006063178
6470,6468,7.5564384,0.69444275,0.015019208,0.029584408
6471,1438,2.02359,0.6055601,0.002980277,0.0068410784
6471,3400,27.650684,0.6136936,0.06657958,0.12947202
6472,4544,4.0712433,0.69206494,0.006903544,0.01457867
6472,4552,2.2211037,0.6937695,0.0032259002,0.007226497
6473,6230,36.971684,0.74751997,0.06986695,0.13643456
6473,5196,421.9301,0.703766,0.8077427,1.6023983
6474,5659,2.1949883,0.64138323,0.0025342181,0.0061650425
6474,2806,22.814875,0.64554185,0.05311544,0.103094384
6475,2086,50.018,0.72914493,0.12061256,0.23744476
6475,5280,121.83954,0.7377888,0.21952605,0.43708205
6476,2333,99.633896,0.47167948,0.20123762,0.38922668
6476,6841,30.43243,0.50955385,0.067214295,0.12865801
6476,1235,113.058624,0.4679992,0.25091368,0.48439926
6477,4683,62.53218,0.6348806,0.14554213,0.2874958
6478,4807,2.6078491,0.6394299,0.0040367767,0.008450314
6478,6479,11.514551,0.63741016,0.022631496,0.044388518
6478,5286,59.025642,0.64160633,0.11020083,0.21903357
6479,6478,12.047688,0.64260244,0.024244823,0.04746382
6480,6481,1.2518349,0.6814273,0.0035010278,0.0072722733
6480,854,33.135067,0.6857503,0.06428355,0.124361336
6481,6480,1.3894997,0.6852677,0.0037471578,0.008266643
6481,4203,31.679047,0.68053377,0.09196531,0.18017483
6482,6483,2.8004227,0.5532765,0.0020225942,0.005082026
6482,6650,11.146328,0.55336046,0.024896607,0.049034923
6483,6482,2.7283173,0.5546611,0.0020908192,0.0051344633
6483,4032,21.386908,0.5586939,0.047156245,0.09094331
6484,5907,1.9130898,0.7382737,0.003805533,0.008313164
6484,2064,73.84743,0.7390224,0.13047825,0.26020446
6485,6488,1.8689613,0.7230126,0.0027544796,0.005718082
6485,4449,29.507668,0.72694093,0.06009341,0.11649671
6486,468,67.361824,0.72041494,0.12142757,0.24160466
6486,3936,2.1773262,0.71855384,0.0033779442,0.007228583
6487,6489,1.9127235,0.7179786,0.0028216615,0.006348744
6487,3655,31.583088,0.723921,0.059684787,0.115214646
6488,6485,1.479084,0.7238065,0.0018982887,0.004479766
6488,3843,2.184208,0.71904755,0.0042944625,0.009271473
6488,6487,27.886883,0.7241532,0.053749982,0.10360522
6489,3936,1.7809105,0.7155202,0.0031073987,0.006930381
6489,6486,2.4970322,0.7190629,0.004425265,0.009473458
6490,1362,94.83197,0.684635,0.17524733,0.349496
6490,4296,13.458826,0.69194484,0.027145512,0.05294901
6491,207,3.25383,0.6997552,0.006321579,0.013296798
6492,5305,1.4264221,0.6977939,0.0038720146,0.008198157
6492,6491,58.62218,0.69702446,0.11874074,0.23590448
6493,5306,1.9763527,0.6960187,0.0051653013,0.011178434
6493,228,5.4660835,0.6956333,0.009225935,0.01936151
6494,6496,5.982807,0.69542634,0.014040776,0.02812247
6495,5306,1.3372269,0.6955332,0.0034355149,0.00746119
6495,6494,2.9788208,0.6956097,0.007666014,0.015748367
6496,209,29.505959,0.7028911,0.0666805,0.1271368
6496,6493,5.616146,0.70068544,0.012504503,0.025325507
6497,555,1.7428284,0.6573764,0.0025328025,0.0058582425
6497,5560,54.877033,0.6555326,0.114475064,0.2264956
6498,6500,2.4042168,0.69085515,0.0041495115,0.008869037
6499,6498,1.3459587,0.6400547,0.0027115121,0.0057242513
6499,6502,4.4041176,0.6890142,0.009442553,0.019532263
6500,2294,43.947212,0.6988333,0.088076346,0.17416157
6500,6501,2.2610931,0.69453764,0.0037371516,0.008549184
6501,6499,2.3218918,0.6937824,0.0043531805,0.009880781
6502,6427,92.07956,0.695176,0.18334875,0.36525914
6502,6498,4.4410095,0.6953855,0.008495107,0.017446265
6503,1914,1.6493683,0.6039475,0.0013824776,0.0038452
6503,4059,36.934464,0.6078518,0.07099442,0.13783354
6504,6505,1.6127663,0.57008815,0.0016442016,0.004239261
6504,1829,113.104294,0.57216257,0.24085122,0.47045255
6505,6504,1.7385597,0.56943685,0.0018356442,0.004634902
6505,4848,33.378906,0.5762971,0.07243846,0.14140011
6506,6507,2.2766647,0.38607347,0.0036336333,0.0071229488
6506,2122,29.388111,0.38899505,0.07766384,0.14868036
6507,4667,1.8918152,0.38379055,0.0063389614,0.012173146
6507,6506,2.299305,0.38606387,0.0033764243,0.0067635328
6508,309,3.5360565,0.72153383,0.0070670843,0.014382854
6508,6509,1.3766632,0.72657204,0.0017179996,0.0039214194
6509,6508,1.9603844,0.7277732,0.0030917078,0.0063600987
6509,4593,34.85336,0.7252509,0.06949633,0.13476215
6510,3244,19.384626,0.693629,0.04457285,0.08739521
6511,6512,2.1040726,0.57155424,0.0046625286,0.009774283
6512,1491,136.50958,0.57583314,0.28573546,0.5593883
6512,4971,2.725891,0.57464564,0.0056595653,0.011871591
6514,2913,91.77565,0.7377272,0.22632274,0.4485218
6515,472,21.115923,0.70406723,0.044675615,0.08540159
6516,179,9.688618,0.65241027,0.025153838,0.049438864
6517,6518,1.7180214,0.67196476,0.004727848,0.010129139
6517,4149,189.52994,0.6707386,0.34601685,0.6827552
6518,6517,1.3931923,0.667762,0.003954649,0.008740753
6518,3541,109.46091,0.6677867,0.3528642,0.69735783
6519,4136,38.141663,0.6760411,0.08931378,0.17606212
6520,1917,1.5134315,0.6106496,0.0040833727,0.008720428
6520,3734,8.311268,0.6162304,0.016816005,0.033838913
6521,5690,36.537006,0.6429635,0.07157067,0.13913602
6521,1156,182.30513,0.6526391,0.56352705,1.1097115
6522,6524,1.2688408,0.6704351,0.003817059,0.008243546
6522,5132,1.876709,0.6855078,0.004745148,0.010261282
6522,6526,3.8631058,0.6927188,0.0076698065,0.016008034
6523,6527,0.9986572,0.6098487,0.002658613,0.005232945
6523,6525,2.0688057,0.6788913,0.003837511,0.008391291
6524,6523,2.1938515,0.6892978,0.004386775,0.009474218
6524,2066,87.03311,0.69718146,0.20994967,0.41773003
6525,1688,121.42652,0.67385733,0.24407414,0.48319417
6525,6527,1.9515266,0.6855588,0.0030856505,0.0069406778
6526,4629,62.843887,0.7014694,0.122721806,0.24562332
6526,6524,3.5618973,0.6908881,0.006654814,0.014021173
6527,6522,2.1464844,0.68649924,0.0039041564,0.008258283
6528,6529,2.3104248,0.69087076,0.0025471672,0.006302625
6528,4764,13.783005,0.68888855,0.030558426,0.05983276
6529,6528,2.3486862,0.69011927,0.0026532859,0.0064408034
6529,5132,19.098516,0.6930461,0.04299257,0.0830313
6530,4221,16.900652,0.37235415,0.039966058,0.07657879
6530,6963,4.042927,0.3646189,0.010437772,0.020040318
6531,6195,1.9345131,0.65862423,0.0016449466,0.004684359
6531,6532,2.1169891,0.6515119,0.007668242,0.015458003
6531,1170,29.250832,0.65448517,0.05537131,0.106581494
6532,6536,17.526798,0.6555923,0.047425255,0.09360951
6533,6731,3.3743782,0.6852574,0.00661546,0.013634741
6534,6535,0.20324707,0.49070165,0.0016661435,0.003025204
6534,4333,7.616352,0.64449674,0.015212402,0.030330628
6534,4713,12.191469,0.6297916,0.028364584,0.05553072
6535,6534,0.4505043,0.46337333,0.0015057698,0.0025629848
6535,1747,8.761166,0.63668495,0.017434783,0.03499262
6536,1156,62.981922,0.65860915,0.19487631,0.3855813
6536,4299,114.683624,0.67021644,0.21007086,0.4161963
6537,5734,1.8458672,0.67477465,0.0025175288,0.005752459
6537,2111,3.5683556,0.69125754,0.0059328973,0.013029486
6538,1182,76.52482,0.67992765,0.15490827,0.30849117
6538,6565,1.916008,0.6775471,0.0034535453,0.0077629387
6539,6540,2.7963219,0.75562024,0.0034873188,0.0066193044
6539,3097,75.48053,0.4424792,0.26485372,0.42559117
6540,6539,2.648117,0.7571606,0.0029775426,0.005646065
6540,3922,38.629044,0.4588166,0.13361156,0.2038388
6541,6542,1.7100334,0.62292576,0.0022949576,0.005523637
6541,6542,2.1998444,0.6237407,0.0032505468,0.007484913
6542,6543,1.6490669,0.6280329,0.0031200647,0.0072496533
6542,5288,42.935764,0.63617647,0.07977399,0.1544385
6543,1346,1.6553955,0.6298798,0.0028333515,0.006766841
6543,5004,7.3345337,0.6347674,0.014508493,0.02937226
6544,4111,1.9441261,0.70482033,0.0027595684,0.0060800165
6544,3967,63.398174,0.7019067,0.12792319,0.25406975
6544,3413,1.7404022,0.70397615,0.002582401,0.005652204
6545,930,2.0552597,0.6499637,0.0034290776,0.0077188313
6545,5808,2.2601013,0.64349705,0.0036104918,0.008124918
6546,6554,1.2908096,0.3629456,0.0012544096,0.003273487
6546,6552,0.48646545,0.41336498,0.0004044026,0.00024551153
6546,6547,2.5008926,0.18303034,0.0010567904,0.0009946972
6547,6546,1.9835968,0.15008411,0.0020556748,0.0018323362
6547,6550,1.2765732,0.23364124,0.0022208318,0.0028778464
6548,6549,1.9736328,0.6482226,0.0020295978,0.0052006394
6548,6550,25.397194,0.6552682,0.05174545,0.09813338
6549,6548,1.9779053,0.6481788,0.0020381212,0.005212784
6549,6550,24.799244,0.6551279,0.05075916,0.09617666
6550,6547,1.7227898,0.2374981,0.00064314157,0.0
6550,1359,10.849913,0.656533,0.02199103,0.043085128
6551,5808,1.9284401,0.64946824,0.0024307147,0.0059243143
6552,6546,2.6582108,0.4430607,0.004544586,0.008413866
6552,1360,3.729107,0.65021753,0.0062932894,0.013214156
6553,6547,0.7661896,0.32173604,0.0013389289,0.0020530224
6553,6554,2.3413887,0.6412456,0.0021525845,0.005382508
6554,6551,46.153976,0.6577443,0.0695105,0.13219291
6555,3024,28.846497,0.6634396,0.058704853,0.11175454
6555,3021,6.1883774,0.6621207,0.011446126,0.023134828
6556,3021,1.9784012,0.6640517,0.0017784312,0.0046408474
6556,6555,5.2785873,0.66346025,0.009467885,0.01936324
6557,6558,5.0257607,0.7396842,0.010859534,0.022190168
6557,3490,1.5441399,0.72082734,0.010791063,0.021631181
6558,3253,0.24304962,0.74095035,0.008468017,0.017169446
6559,3684,5.898281,0.7409111,0.010988869,0.021741018
6560,6192,7.213066,0.6438307,0.01655297,0.03328091
6560,1727,11.299974,0.6408708,0.02292452,0.045038328
6561,4095,0.0,0.43050572,0.00026977062,0.0
6562,6563,2.71801,0.6702149,0.0020420179,0.005280003
6562,5113,5.094242,0.66931343,0.010173753,0.020887434
6563,6562,2.6625671,0.67168635,0.0018863305,0.0050106794
6563,5407,61.85919,0.669681,0.12520418,0.2494897
6564,5113,2.6186142,0.6717307,0.0019021705,0.0050457716
6564,6563,5.3154907,0.6688768,0.010535456,0.02173096
6565,5533,97.17088,0.6849183,0.23203668,0.46025127
6565,6538,2.0271301,0.67432594,0.0035883188,0.007864699
6566,3762,1.973381,0.7402067,0.003853023,0.007714987
6566,510,57.129738,0.7332325,0.1662795,0.3282225
6567,6566,2.3075333,0.7366227,0.004192926,0.008374229
6567,656,16.091661,0.74742484,0.03031661,0.05908487
6568,6571,1.9739647,0.7214889,0.0038835108,0.008143663
6568,4208,78.42087,0.73021597,0.15719993,0.31403264
6569,6568,2.002678,0.72128665,0.0040736124,0.008682609
6569,645,41.806152,0.7223319,0.083119616,0.16169102
6570,6569,1.8477287,0.72402036,0.0031477287,0.0075137615
6570,3854,51.896126,0.7240365,0.1052489,0.20865801
6571,6570,2.2826157,0.70617723,0.005036041,0.010739341
6571,3861,64.636055,0.72825134,0.13058868,0.26049507
6572,2373,2.7444496,0.69891226,0.0020017177,0.005131215
6572,5361,59.01506,0.6990326,0.11889568,0.2371619
6573,3472,1.7768555,0.68739504,0.0022734404,0.00480181
6573,2743,5.381119,0.6913453,0.01222983,0.02440989
6574,498,1.5270195,0.740334,0.0018492118,0.0039158016
6574,497,173.47707,0.74256605,0.30957446,0.61086076
6574,5542,47.442776,0.7445046,0.08678058,0.16762178
6575,4100,48.206688,0.6547384,0.09221199,0.18175635
6575,4991,33.749413,0.6585939,0.06589014,0.12788977
6576,6577,3.1532326,0.70829415,0.003951408,0.008001581
6576,2534,25.33076,0.7160362,0.047996335,0.09313243
6577,6578,2.921959,0.70754087,0.0031468645,0.0064056367
6577,6576,3.0243835,0.7075634,0.0033179,0.0067048073
6577,5656,33.556698,0.7097503,0.07810312,0.15156633
6578,6577,2.957222,0.70933616,0.0036126822,0.0074759275
6578,1744,12.581057,0.71492684,0.024116583,0.047294438
6579,1066,2.0972977,0.6693042,0.003848441,0.008655176
6579,5396,4.2584953,0.67262733,0.0065356568,0.013990611
6580,795,1.9118958,0.67158103,0.0047770664,0.010366723
6581,6687,4.4019165,0.6782646,0.0069673657,0.014751136
6581,2576,15.422337,0.6781864,0.030783333,0.06044779
6582,2178,2.8139877,0.6771344,0.004617542,0.009997502
6583,3270,11.725882,0.64801806,0.01905369,0.038688287
6583,895,6.2275734,0.02879715,0.019081533,0.03819932
6584,6585,3.7779121,0.7334387,0.0083078,0.017424852
6584,5063,35.67024,0.7367698,0.08236162,0.1590525
6585,5063,53.757748,0.7404509,0.08158588,0.15491804
6586,6594,0.60152817,0.4506169,0.00490506,0.003627792
6586,6587,2.5670738,0.7480512,0.0026788116,0.0053084195
6587,4663,28.481564,0.45571303,0.10345044,0.16441429
6587,6586,2.512745,0.7496544,0.0026961789,0.005536884
6588,6589,2.2591171,0.67117244,0.0035829023,0.007868648
6588,2954,47.05246,0.67311937,0.11831559,0.23458451
6589,6588,2.067318,0.6665674,0.0030438453,0.006788403
6589,3667,182.34534,0.66824764,0.3312121,0.6547493
6589,3822,67.71665,0.67094076,0.16036445,0.3179458
6590,6603,0.9251404,0.42684746,0.00048032403,0.0013815612
6590,4887,0.77804565,0.082734674,0.0034883022,0.005643666
6591,6593,2.607277,0.7387157,0.0039407685,0.008610725
6591,3356,58.91727,0.74527633,0.103910536,0.20673263
6592,5240,3.202343,0.7362144,0.0051192567,0.010672763
6592,509,49.24026,0.74147165,0.08972978,0.17627619
6593,5240,2.1586647,0.73300666,0.003750965,0.007918909
6593,1423,51.128975,0.7395414,0.099444956,0.19592316
6593,3657,47.15425,0.73961216,0.08792718,0.16931745
6594,3943,83.18483,0.4541521,0.30157286,0.49794894
6594,1519,2.9314384,0.7513617,0.0034651458,0.0069218874
6595,6997,52.364937,0.6795956,0.10810977,0.21477374
6595,3662,142.54544,0.6856988,0.2851051,0.5631017
6596,37,3.4651794,0.71801543,0.0066995695,0.013642862
6596,32,15.517742,0.71954423,0.031251,0.060454734
6596,4681,8.913223,0.7188506,0.01777897,0.034773603
6597,125,1.9518623,0.7034089,0.0036771223,0.008365497
6597,2651,28.010464,0.7055528,0.058198575,0.11226793
6598,6597,2.4817924,0.7014837,0.004472293,0.010011435
6599,4445,2.5612335,0.70062643,0.0043661147,0.009591565
6599,167,50.94432,0.7013299,0.09368687,0.1865679
6599,3847,54.64381,0.6996563,0.100420386,0.1992464
6600,360,20.077774,0.70433044,0.039982177,0.07753204
6600,147,36.263874,0.70204115,0.07541284,0.14695236
6600,6599,3.2316856,0.70056725,0.0056261644,0.012007624
6601,6602,2.3585014,0.6335486,0.0032864362,0.006963566
6601,1779,0.16226959,0.036249876,0.005944647,0.012163252
6602,1778,1.499073,0.63801616,0.0044391826,0.009619802
6603,6604,1.5963593,0.6344853,0.0032185838,0.007365644
6603,4888,184.88882,0.63262933,0.3475409,0.68314654
6604,4887,0.7082405,0.15858114,0.0015035421,0.0026982427
6604,6768,37.813736,0.64298856,0.07372051,0.14261536
6605,3107,3.6356888,0.67286885,0.0065013617,0.013067871
6605,6089,2.3880424,0.6556418,0.030063227,0.059417017
6606,6607,2.3708954,0.6954329,0.004205592,0.008116394
6606,1967,59.301277,0.7008284,0.17857051,0.35600185
6607,6685,0.4522972,0.2655833,0.0023262054,0.0046443045
6608,1486,3.6779556,0.5356464,0.0074657947,0.015337363
6608,4589,44.309235,0.5383638,0.08967448,0.17270513
6609,1614,37.235344,0.6631818,0.072781704,0.14251247
6609,6884,9.80658,0.66455096,0.019202001,0.038235173
6610,2656,1.8388443,0.6260339,0.0026355162,0.0058101863
6610,5763,41.50779,0.6299082,0.0796167,0.15639795
6611,3040,47.118233,0.66083634,0.09066555,0.17996608
6611,6612,30.129963,0.6661586,0.0616927,0.118208066
6612,6611,30.570278,0.6625539,0.05965969,0.1148182
6613,2652,0.43712234,0.3818197,0.0008152425,0.0016017258
6613,2640,24.352636,0.6325952,0.053039033,0.1012679
6613,3338,141.13094,0.6413255,0.28826863,0.56757176
6614,2870,1.9956512,0.6842028,0.0028167665,0.0062914193
6614,5116,26.022806,0.6866293,0.055852022,0.10759389
6615,6616,43.43967,0.683029,0.08331327,0.16072918
6615,2870,73.88604,0.68447834,0.1348194,0.27006638
6616,1550,36.54208,0.68192995,0.071521334,0.13959542
6616,6615,45.229584,0.68283015,0.08511547,0.16500881
6617,926,11.327953,0.6617907,0.022960663,0.045322567
6617,3532,0.0,0.025919259,0.0031243786,0.007040307
6618,939,46.333946,0.6578938,0.0884777,0.17473489
6618,3532,36.049248,0.6590128,0.07019578,0.13701293
6619,5002,3.6162453,0.6845744,0.008461893,0.016977206
6619,6620,3.0081596,0.6846763,0.004678637,0.010219663
6620,4281,3.6005096,0.6863569,0.008498944,0.01778932
6621,5274,1.998352,0.67976797,0.0047873855,0.009885207
6621,6352,48.44179,0.68432,0.112794906,0.2245555
6622,1996,27.96627,0.68219584,0.056440666,0.10880068
6623,6622,3.8913803,0.67809486,0.005240783,0.011795431
6623,2367,2.4503212,0.67888975,0.0057779998,0.012354478
6624,6440,1.9266739,0.68786323,0.0033121482,0.007980362
6624,2947,7.1890106,0.68976575,0.014195703,0.028274655
6625,4654,2.1621742,0.7009232,0.0028394163,0.006430745
6625,4026,23.453651,0.70375335,0.049308814,0.095627636
6626,6627,1.8029289,0.4915627,0.003889434,0.008069381
6626,198,31.82586,0.5117838,0.07945204,0.1513801
6627,5896,1.2903404,0.4873457,0.0039066076,0.008085474
6627,5895,4.8879013,0.49356738,0.010744318,0.021330103
6628,6629,2.01371,0.41355747,0.00427901,0.008561492
6628,1671,2.2128143,0.41157812,0.0037569776,0.0076388717
6628,1264,33.60856,0.3946576,0.08858197,0.1715193
6629,6628,2.0826797,0.41510752,0.004590161,0.009048358
6629,1236,24.200098,0.42570972,0.05958001,0.113769725
6629,1679,2.124752,0.4160083,0.0044371784,0.0089686215
6630,6631,1.929615,0.3623904,0.004212782,0.008169949
6630,1314,8.10553,0.3605423,0.02015888,0.038497135
6631,6630,1.8532524,0.36419502,0.0044260696,0.008336246
6631,2317,40.11711,0.38358584,0.10596723,0.20533578
6631,1318,2.0832863,0.3586393,0.0049220845,0.009216294
6632,6341,2.1802673,0.67752796,0.0023801476,0.0058808923
6632,1667,7.022049,0.6774287,0.016309693,0.032710806
6632,1666,14.233061,0.6813881,0.026784167,0.053008214
6633,1667,1.7861328,0.67390996,0.0044736043,0.009688452
6633,794,3.2634735,0.6766584,0.007211022,0.01516135
6634,1646,6.52483,0.7005514,0.014684722,0.029837132
6634,5074,23.324766,0.7030868,0.05393658,0.105322696
6635,2472,32.887943,0.59183794,0.066180445,0.12711342
6635,2036,84.037735,0.588983,0.15907827,0.3137433
6635,2486,116.03435,0.57545066,0.22108456,0.4347896
6636,4679,1.0966835,0.39005357,0.0042568594,0.008598715
6636,6637,94.862465,0.4253212,0.21838745,0.4190332
6637,6638,1.3768463,0.47321606,0.002659902,0.005589068
6637,2225,83.503555,0.46599308,0.17070144,0.33015466
6637,4677,51.183823,0.49032858,0.11498051,0.2233798
6638,6637,1.5728912,0.47246677,0.002950281,0.0062334538
6638,4679,96.950966,0.42179376,0.21928412,0.42072207
6638,1256,143.81937,0.46923172,0.13166693,0.25738776
6639,6640,0.0,0.037876457,0.005090028,0.010873646
6639,7021,2.5092926,0.7397468,0.0039080977,0.008055732
6640,6641,2.3084679,0.7375611,0.003936328,0.0077513307
6640,1872,15.147293,0.03341824,0.064970165,0.1382564
6641,6642,0.12990952,0.103459,0.0038145036,0.007676095
6642,6639,2.9995537,0.7325895,0.0050607324,0.010382935
6642,4075,35.668877,0.26469117,0.15923814,0.33271658
6643,6644,1.8059425,0.74165654,0.0026634932,0.005225748
6643,3419,52.481964,0.74047136,0.10042516,0.19852506
6644,6643,1.9187126,0.74085987,0.002957657,0.0058556944
6644,2583,85.196075,0.74453855,0.15295805,0.30038667
6644,289,68.724846,0.74410963,0.13670272,0.27161807
6645,1292,3.0094795,0.6891715,0.005668983,0.012233719
6645,6709,79.73874,0.6951578,0.19353157,0.3864592
6646,6645,1.8380241,0.6898692,0.0035061464,0.00818795
6646,6647,4.293022,0.6958199,0.009865209,0.020030364
6646,7050,6.9396744,0.69277024,0.015570626,0.03131795
6647,7050,3.7416801,0.6806072,0.0056589097,0.011688575
6647,2325,5.6089935,0.44593412,0.009903848,0.016670227
6648,6649,1.5310326,0.5436135,0.0029498935,0.0060686916
6648,3720,80.659546,0.5449012,0.2101561,0.40984127
6649,6650,0.7680893,0.53349304,0.0018959567,0.0044919103
6649,6483,12.932951,0.55326843,0.028071336,0.055408172
6650,6651,1.1972656,0.54277456,0.0028526857,0.006015718
6650,2471,117.39361,0.5434144,0.24875292,0.48300898
6651,6648,0.6143799,0.2871213,0.0016067848,0.0026978552
6651,525,22.961828,0.54798543,0.051127408,0.09774666
6652,4421,2.845787,0.7279115,0.003560029,0.007888243
6652,1410,42.550785,0.732261,0.09643246,0.19124372
6653,3652,2.9895287,0.72576594,0.004436597,0.009387642
6653,5088,26.848143,0.72535044,0.060173962,0.11649993
6654,4821,7.264591,0.7010335,0.014524527,0.029474974
6654,6715,35.876637,0.70230687,0.069611974,0.13539106
6654,3591,65.46614,0.7023731,0.15494709,0.30925652
6655,6654,2.6161156,0.7002425,0.006441392,0.013004422
6655,504,22.022968,0.703329,0.044910327,0.08744133
6656,3,45.076645,0.6998161,0.09324107,0.18303992
6656,4846,6.2376633,0.7017074,0.007192433,0.015118465
6657,583,88.73122,0.562766,0.16974254,0.333533
6657,3564,83.1669,0.5733219,0.17725092,0.3458516
6657,1825,28.164242,0.5679742,0.0606181,0.11698092
6657,1220,24.211557,0.5751721,0.05236416,0.09970622
6658,6138,3.5128555,0.6936142,0.005624406,0.01109086
6658,3374,36.645264,0.706566,0.07008344,0.13521242
6659,3926,2.973484,0.69975436,0.0034831837,0.007898435
6659,3796,4.7705383,0.70539755,0.0065638423,0.014135376
6660,6160,2.5141335,0.7209948,0.0012342855,0.0035974681
6660,6159,30.711472,0.72695166,0.06289087,0.1208546
6661,6662,1.9018822,0.69887006,0.0034240931,0.007968485
6662,70,103.26418,0.7046099,0.21137175,0.41777882
6662,5023,40.198475,0.69896394,0.08294157,0.16195334
6663,210,22.898804,0.69382125,0.04552898,0.08790714
6663,1018,29.35131,0.6997875,0.070578575,0.13972454
6664,209,1.9675751,0.69267964,0.0047381595,0.010687634
6664,3006,9.98753,0.6934215,0.020260774,0.04030919
6665,2755,2.483982,0.6849337,0.0046414062,0.009044364
6665,6436,2.0109138,0.6950235,0.005468078,0.011352956
6666,6667,1.2995949,0.6845702,0.0038063526,0.007762626
6666,3005,48.366245,0.6968563,0.11115291,0.22035754
6667,6668,2.275505,0.69262636,0.0056181923,0.01157634
6667,6428,59.01188,0.6983253,0.13850936,0.27657035
6668,6669,1.6415558,0.69782,0.004111126,0.009003803
6668,5217,22.643488,0.6974782,0.05254257,0.10093203
6669,6666,2.4029922,0.6969298,0.005726047,0.012250662
6669,6902,38.9323,0.6959492,0.08870828,0.1741011
6670,4150,13.117838,0.692593,0.025751896,0.05035971
6670,6671,1.7009354,0.6893829,0.0030561462,0.0069780797
6671,6670,1.8432045,0.6883018,0.0032076538,0.0073596686
6671,6941,91.39296,0.6950864,0.18525665,0.3691457
6671,1082,69.36779,0.6936469,0.13807811,0.27687606
6672,6673,2.1427193,0.7348628,0.0017068014,0.0039183795
6672,5350,2.2810974,0.7314502,0.0013981089,0.0034481436
6673,6672,2.154354,0.73442066,0.001763232,0.004013017
6673,5663,22.406086,0.73349375,0.043183293,0.08421553
6674,1923,0.0,0.62022954,0.010229036,0.020926833
6675,4726,0.41109467,0.116399676,0.0038937032,0.007305503
6675,2314,3.9395256,0.70159245,0.006144814,0.01262401
6676,2446,1.8639984,0.3576481,0.0040343925,0.007474646
6677,166,19.884497,0.70922625,0.04102336,0.07972611
6679,3098,61.018753,0.7261674,0.110772714,0.21975937
6679,6680,4.9524536,0.7306402,0.007096909,0.0150119215
6680,5017,81.57214,0.7330886,0.14668657,0.29251838
6681,1229,1.6906128,0.5885771,0.002209887,0.0051648915
6681,1258,62.153526,0.5831112,0.11836953,0.2333695
6681,4350,12.76606,0.58763164,0.027628385,0.054130062
6682,4350,66.28037,0.57542473,0.13854815,0.27295348
6682,3297,12.703924,0.5714183,0.0274098,0.054018572
6683,4530,1.864994,0.6899949,0.0027846992,0.0060077608
6683,3052,57.91452,0.6917944,0.10582983,0.21082684
6683,4528,21.658068,0.688681,0.04497335,0.0865155
6684,4947,2.4716759,0.6620474,0.0040776283,0.008988306
6684,6951,8.799343,0.66179574,0.018068671,0.035719156
6684,622,2.7685852,0.66161495,0.0054736733,0.011614457
6685,6686,2.791233,0.6959925,0.0049977005,0.009402528
6685,4016,19.489893,0.6938927,0.04922836,0.09575874
6686,6606,0.14116287,0.26949978,0.0027117804,0.005518511
6686,3071,52.497383,0.704243,0.10512064,0.2048021
6687,6582,1.9899445,0.6772453,0.001808025,0.005031511
6687,6676,11.234205,0.68128276,0.022135034,0.04377444
6688,2407,1.0535583,0.5686116,0.0035354644,0.008105457
6689,6688,0.9701042,0.56475353,0.0034026057,0.007193163
6690,6691,3.0305939,0.703446,0.0024437755,0.006078437
6690,3782,38.79447,0.70464194,0.07813584,0.15336734
6691,6690,3.0351715,0.70271397,0.0023203194,0.0056104213
6691,6748,24.47021,0.7070422,0.051780842,0.09912743
6692,6693,3.0764313,0.7173152,0.0023422986,0.0057712495
6692,7037,18.3633,0.7166138,0.0364965,0.07121228
6693,6692,3.4571838,0.7180281,0.0032996088,0.00756149
6693,3493,9.319366,0.71689004,0.017641082,0.03523165
6694,6695,5.2785606,0.6877341,0.009814151,0.019871593
6694,6695,4.9540024,0.6863719,0.007645726,0.015758455
6694,2848,206.07533,0.6872818,0.36843622,0.7269121
6695,3433,122.62233,0.6919372,0.22288907,0.44260234
6695,6694,5.018959,0.6883438,0.009385131,0.019098386
6695,6694,4.712307,0.68676573,0.0071821883,0.014916733
6696,1647,6.8667526,0.6885512,0.012000002,0.024413377
6697,5481,2.1991997,0.6784965,0.00355459,0.008252531
6697,6135,1.8621788,0.70024395,0.0037314668,0.008269504
6698,6697,2.0795593,0.699434,0.0033456981,0.0076880455
6698,3752,115.4061,0.7051754,0.23051852,0.45577633
6699,6202,1.0087738,0.051756382,0.008107983,0.01624617
6700,6701,1.6033516,0.6175331,0.0032976642,0.0076191276
6700,5245,30.818459,0.61746335,0.06706437,0.13044885
6701,6702,1.7593536,0.6131952,0.003940992,0.008261755
6701,3563,108.10031,0.63094634,0.22528526,0.44239843
6702,6703,1.5467529,0.6189395,0.0028570145,0.0063057095
6702,3702,72.09129,0.62194365,0.15202746,0.29958764
6703,6700,1.3633461,0.6173474,0.0026179627,0.006001562
6703,1218,30.969593,0.61196554,0.065467834,0.125777
6704,6705,0.9022293,0.51596856,0.0024426877,0.005074352
6704,2205,58.192844,0.6232943,0.120021306,0.23622096
6705,6706,1.4274063,0.6285826,0.0029631183,0.006926492
6705,920,27.55558,0.6368401,0.06079735,0.116763964
6706,6704,1.8700333,0.6314666,0.003657028,0.008063406
6706,3802,32.81027,0.63071656,0.07057027,0.13703272
6707,6227,2.0858536,0.690562,0.003477469,0.0076402277
6707,6646,33.103355,0.6918277,0.07695898,0.15131411
6708,6709,2.032467,0.69195783,0.0032458752,0.006898135
6708,1113,46.87607,0.69536924,0.08794458,0.17297673
6708,6707,50.48707,0.6930298,0.1158963,0.22969529
6709,6708,1.9127846,0.6929177,0.0029983819,0.006712675
6709,4754,47.08688,0.6976948,0.10984894,0.21767472
6710,3382,1.7372437,0.7045333,0.004277788,0.0091056675
6710,5715,3.7703476,0.6992276,0.006829791,0.014582336
6711,5173,2.6305046,0.6937459,0.0047572255,0.010483354
6711,2311,176.68121,0.69829077,0.3191821,0.6326629
6711,1104,11.475739,0.699445,0.025204211,0.04957734
6712,6713,2.3759384,0.64464706,0.003969878,0.008192301
6712,1664,68.093796,0.6326767,0.12709947,0.2534216
6712,1712,30.26516,0.6560489,0.063685805,0.12319746
6713,6712,2.2851562,0.645901,0.0039193705,0.008201137
6713,236,47.781677,0.6455523,0.09857233,0.19235346
6714,5508,19.843573,0.7193004,0.044921182,0.08801051
6714,5508,24.341003,0.71973884,0.047865607,0.093437284
6715,4751,2.136959,0.6995337,0.0029162243,0.0070169866
6715,6716,2.2644577,0.7011168,0.002656661,0.006027639
6716,6659,38.00887,0.7000494,0.09092372,0.17840248
6717,6718,2.3904533,0.6692168,0.0062328354,0.013087809
6718,6717,2.4801025,0.6729301,0.005892426,0.012734622
6718,775,12.090845,0.66546726,0.031566247,0.061658412
6719,6778,2.0900307,0.70483774,0.0039493367,0.008849189
6720,959,36.327026,0.7019023,0.06660329,0.12519121
6720,970,43.91956,0.70178723,0.10146081,0.20283324
6721,1336,12.078735,0.7156651,0.024049237,0.046916768
6721,1334,23.772844,0.7147837,0.049903613,0.09586561
6722,1334,1.9292259,0.7108361,0.003226541,0.0069215447
6722,6721,23.450243,0.7149359,0.04901917,0.09485583
6723,6314,1.7698708,0.6930642,0.0030355752,0.006493062
6723,6377,1.2738571,0.69727933,0.0033129528,0.007398799
6724,6723,1.8575745,0.6954593,0.0032802299,0.007356897
6724,6378,2.413845,0.7002561,0.0058487877,0.01255475
6725,4977,2.057228,0.6747599,0.0048954636,0.008686587
6725,731,203.65392,0.16815308,1.5456376,3.1595907
6726,586,1.7877693,0.66651773,0.0026110038,0.0059609115
6726,2812,283.64597,0.65674347,0.5588286,1.0988204
6727,5546,3.6622543,0.6837665,0.0069308802,0.013691902
6727,65,1.4216385,0.41951227,0.001279436,0.0019660592
6727,5024,4.0811768,0.70675,0.007828496,0.016059354
6728,1772,3.2289963,0.6828213,0.007664494,0.01569499
6728,5724,1.8822556,0.68445736,0.0050770342,0.01108633
6729,2479,34.20177,0.5635065,0.067947954,0.13282281
6729,3523,69.5661,0.54643166,0.13372198,0.26123822
6730,5028,1.3382912,0.51757294,0.0041188,0.008418784
6730,1952,25.095592,0.51169455,0.05384361,0.10276684
6731,6732,2.5764198,0.684381,0.006478563,0.014113739
6731,6856,168.37642,0.67982054,0.3380946,0.66567725
6732,740,101.97566,0.6830101,0.18620202,0.3701439
6733,4418,0.26753616,0.43958765,0.00300809,0.0011081398
6733,2664,42.53204,0.70300823,0.09809418,0.19387434
6734,6733,1.3511124,0.70122784,0.003840126,0.007944867
6734,6101,16.972279,0.4541747,0.041807827,0.07544777
6735,3407,2.9141579,0.702216,0.006793581,0.014609531
6735,6912,6.8197327,0.70394194,0.014849566,0.02935271
6736,2366,5.084568,0.704242,0.008859947,0.018452823
6736,6099,48.049694,0.70633024,0.09648846,0.19109944
6737,219,1.7699013,0.7199812,0.0023457333,0.0051306784
6737,218,87.72148,0.7197501,0.15862279,0.31749746
6737,4576,39.77733,0.7185554,0.080273025,0.15685228
6738,3698,1.8214531,0.4890351,0.00310231,0.0066646487
6738,3693,5.7288933,0.48827568,0.0142435655,0.028201193
6739,2547,4.5302696,0.4918764,0.008959949,0.01770933
6739,6738,3.572773,0.49277484,0.009643659,0.019238025
6740,6739,1.9835701,0.4924898,0.003331378,0.006946385
6740,7076,83.61453,0.5113668,0.219058,0.4267353
6741,3072,51.085587,0.7017368,0.101603664,0.20097166
6741,1275,32.1836,0.6967657,0.063656256,0.12139316
6742,6723,1.7739296,0.69766784,0.0043189228,0.00944379
6742,6378,1.9644508,0.6990921,0.0026421025,0.006046623
6743,6744,1.9328804,0.70404243,0.0035271645,0.007938489
6743,7008,1.8716965,0.70360196,0.0035299584,0.007910937
6743,6956,47.534805,0.7067373,0.10691951,0.21228302
6744,6743,2.1349297,0.7042674,0.0039179847,0.008484855
6744,652,13.769218,0.7061407,0.02968933,0.058014855
6745,6748,1.7040443,0.7063871,0.0033723637,0.0071044713
6745,6690,25.002699,0.70732033,0.051722754,0.100246996
6746,6745,2.0953064,0.7002986,0.003764309,0.008283719
6747,6746,2.3367424,0.70339286,0.0045406744,0.009582132
6747,7008,13.303873,0.7056969,0.027724639,0.054153875
6748,6747,1.6249199,0.70155954,0.003521733,0.007652059
6748,6749,41.459835,0.70836747,0.084536426,0.16633014
6749,6752,2.0591278,0.7011246,0.004539609,0.009435415
6749,3792,50.845024,0.7034844,0.10634134,0.21113707
6750,6749,1.86269,0.6960372,0.0041154847,0.008625612
6750,6747,41.36567,0.6999192,0.08471408,0.16548318
6751,6750,2.108181,0.69739205,0.004385747,0.009624779
6751,6953,43.225105,0.71113026,0.08687035,0.17168826
6752,6751,1.7116737,0.70283556,0.0037646815,0.008234739
6752,739,63.094955,0.70473516,0.13154028,0.26159948
6753,724,2.6003609,0.6715975,0.0017394051,0.0049260557
6753,6726,7.590412,0.66976887,0.015575714,0.03129287
6754,4656,3.2368698,0.6986711,0.006484315,0.0134281665
6755,20,2.6556244,0.67460823,0.004292719,0.009206608
6755,6183,67.53621,0.67832845,0.13631119,0.2712439
6756,20,0.73467255,0.3009443,0.00082555413,0.0011927038
6756,2607,2.6666107,0.6834094,0.004958734,0.011120409
6757,6176,1.232727,0.7050641,0.0022710115,0.0055249482
6757,6186,69.132416,0.7313118,0.12446581,0.24709967
6758,6759,1.3652649,0.73296875,0.001869984,0.0048219413
6758,6759,1.6323166,0.7336479,0.0023576915,0.005812496
6759,6757,1.6834831,0.7321637,0.0033669248,0.0075832754
6759,3683,4.9329796,0.7359813,0.009601675,0.019541472
6760,3073,1.9232979,0.7010097,0.0029114187,0.0064068586
6760,6761,3.073986,0.70038235,0.0060537085,0.012971222
6760,3067,175.32928,0.6982127,0.3141237,0.6215875
6761,3162,1.5692291,0.7038501,0.0026039258,0.006022483
6761,5603,26.433594,0.70504934,0.054942306,0.10639166
6762,1489,3.5915108,0.6814849,0.007231578,0.014935955
6762,6763,3.7817078,0.679898,0.007422261,0.01574932
6763,1006,56.458405,0.6883458,0.115003034,0.22890526
6764,2146,6.616314,0.68490064,0.013190769,0.026320696
6764,171,18.993502,0.6856203,0.039635893,0.07648592
6765,1289,29.959621,0.6878108,0.05800181,0.112281814
6766,6957,1.6418648,0.73596776,0.0039511696,0.008240908
6766,3928,2.6387444,0.7307976,0.0084651485,0.016161188
6767,3929,1.7744179,0.5778202,0.0027866513,0.0068185627
6767,5573,152.1218,0.6395385,0.28075662,0.5540068
6767,6769,64.905045,0.6433199,0.115213536,0.22655377
6768,1377,61.33229,0.6353849,0.11443526,0.22715753
6768,6767,107.25809,0.6402471,0.19767189,0.3919763
6769,23,0.0,0.04526958,0.0031906664,0.006045565
6770,3934,75.438644,0.6366194,0.14031506,0.27788752
6770,3933,26.767921,0.015141308,0.1361923,0.28779444
6771,553,3.6594048,0.64852756,0.0075085983,0.015282348
6771,6773,3.3500404,0.65026975,0.0061964095,0.012812182
6771,6772,2.6399574,0.648942,0.0054635704,0.0114855915
6772,1110,136.40463,0.65002275,0.2754238,0.5440461
6772,6771,2.953106,0.6479887,0.0057311505,0.012042969
6773,1126,2.2494545,0.647684,0.003929168,0.008642912
6773,6772,3.4899864,0.65037405,0.0064195767,0.01349175
6774,2355,45.072952,0.62159145,0.0871095,0.16889781
6774,2353,6.595829,0.6194466,0.011515707,0.022999614
6775,7001,98.51637,0.6364844,0.20235412,0.4005431
6775,6613,85.173256,0.6350101,0.17792067,0.3521401
6776,6777,1.3848114,0.6505357,0.0038808659,0.008779332
6776,4586,50.069374,0.6611605,0.095189884,0.18779215
6777,6776,1.5123634,0.6499945,0.0043053627,0.0095950365
6777,4105,31.945263,0.65595317,0.09650278,0.19012976
6778,5235,1.7154427,0.7007705,0.0023594052,0.005601704
6778,3418,1.372467,0.69894546,0.003510818,0.007977024
6779,5830,177.37999,0.6677357,0.4611896,0.9135691
6779,816,5.471241,0.67793065,0.012402043,0.024590567
6780,1485,0.062763214,0.25379074,0.0,0.0
6780,6781,31.281538,0.60110974,0.06880125,0.13313656
6781,6780,30.791115,0.6044049,0.0681631,0.13339755
6781,1491,10.358578,0.5899009,0.02168253,0.042966798
6782,6783,2.1052933,0.6782381,0.005843319,0.012688622
6782,5850,147.0477,0.6795223,0.26840916,0.52988034
6783,2439,101.24962,0.683359,0.266072,0.529641
6784,5219,56.316895,0.6874868,0.10119899,0.19959205
6785,282,19.031006,0.69561005,0.03770923,0.072820835
6785,6846,3.6552277,0.69780785,0.0060051307,0.012858942
6786,5784,127.584206,0.6661337,0.25466332,0.5042389
6786,612,9.7595215,0.66946495,0.018880278,0.037598938
6786,3867,202.78148,0.66681254,0.40047443,0.7895919
6787,4531,1.912281,0.69531924,0.0029427558,0.0062125027
6787,2401,3.9298592,0.693699,0.007911056,0.016094297
6788,2461,76.29979,0.6825239,0.15149032,0.30218396
6788,75,54.54476,0.6807964,0.11089547,0.21916406
6789,75,1.8571777,0.6791414,0.0026974156,0.0058479607
6789,2083,81.91222,0.68256164,0.1496844,0.2992329
6789,6788,52.425415,0.6802271,0.10606074,0.20965916
6790,3324,2.0432854,0.7186582,0.0030378327,0.006737083
6790,2074,5.6071014,0.71942675,0.010427259,0.020583495
6791,575,61.966324,0.58777374,0.1182754,0.23361397
6791,1250,65.43814,0.5965355,0.12441383,0.24617487
6791,1840,19.361135,0.59552956,0.039683495,0.07685069
6792,2196,1.8985405,0.69311494,0.00320255,0.0068971366
6792,6793,1.8517075,0.69099414,0.0034812242,0.007902786
6793,3380,1.7763443,0.6931801,0.0035745353,0.008176088
6793,6459,35.072334,0.69447273,0.07339132,0.14233454
6794,6792,2.9350395,0.68701047,0.005542502,0.011446178
6795,804,42.88408,0.68374217,0.09803361,0.19288261
6795,6370,2.3876839,0.67925113,0.004450433,0.009799555
6796,3976,1.5777092,0.5648856,0.0033322424,0.0068784654
6796,6380,2.9433632,0.5747265,0.0050618276,0.009948701
6797,6798,1.0579033,0.590663,0.003422074,0.0072266757
6797,2714,60.607338,0.5995256,0.19275078,0.38066387
6798,6797,1.3252449,0.5948617,0.003573209,0.0076025873
6798,2713,73.90533,0.60195786,0.18682389,0.36761945
6799,5081,1.559452,0.69674796,0.0030313507,0.006927341
6799,2736,1.6968536,0.69639516,0.0032635406,0.0071664304
6800,591,2.4983368,0.6660077,0.00398127,0.008586884
6800,590,54.791348,0.66777205,0.1014073,0.20108084
6800,6801,2.4554253,0.6649003,0.003743872,0.007970959
6801,591,2.5122833,0.66688764,0.0048728585,0.009950817
6801,6800,2.5371819,0.66859025,0.0040455386,0.008396491
6802,6804,0.286541,0.21884307,0.0035170466,0.007488206
6802,3404,46.915222,0.7020323,0.10759325,0.21192244
6803,6802,2.7069855,0.700248,0.006693974,0.013790429
6803,391,18.350176,0.1993657,0.05463024,0.10990055
6804,6805,2.0300598,0.6944193,0.0050896257,0.010107353
6805,6803,0.8579292,0.28654218,0.0038411096,0.008990437
6805,3079,30.33965,0.7004139,0.06917085,0.13363045
6806,322,116.37649,0.742955,0.21052454,0.41839057
6806,6807,3.0600548,0.7413972,0.0049543157,0.010336086
6807,6808,2.2605667,0.74231046,0.0037008896,0.0079660565
6807,4162,38.62442,0.7463286,0.07475743,0.14687908
6808,6810,2.3083916,0.740456,0.004148513,0.008727178
6809,6807,1.6525192,0.737432,0.0040185675,0.008754998
6809,6806,3.120823,0.7388256,0.0053362474,0.011181653
6810,6809,2.1244392,0.738091,0.0034637004,0.0068495274
6810,3795,23.893623,0.7433494,0.04861766,0.09449677
6811,6812,1.9030647,0.5883689,0.0018957332,0.0047076195
6811,515,2.1533546,0.5882202,0.0058725104,0.011883602
6812,6811,1.8823738,0.5874789,0.0018426329,0.0047978014
6812,5374,32.224133,0.6071693,0.07802152,0.15261205
6813,363,56.51731,0.6866585,0.1058072,0.20854318
6813,3335,54.45746,0.6709699,0.1027386,0.20202896
6814,2562,15.246643,0.47844887,0.033136822,0.064089864
6814,2549,64.337074,0.47561014,0.12951788,0.25094953
6815,6540,77.35758,0.46346256,0.2520387,0.40242285
6816,6740,1.5622597,0.49236578,0.002682902,0.0055272877
6816,6836,3.695755,0.4899674,0.007060975,0.014377207
6816,560,108.30529,0.5097108,0.2173408,0.4235266
6817,4348,5.4590607,0.6823288,0.010497354,0.020870581
6817,1092,2.3310547,0.68373877,0.004424341,0.009759307
6818,1093,28.89806,0.68604225,0.061330367,0.11790927
6818,6817,1.8640747,0.6840086,0.0030265301,0.0067371875
6819,3227,11.874098,0.6733511,0.024452485,0.048014194
6819,2991,8.819172,0.674452,0.017584763,0.034844756
6820,1630,0.0,0.07659632,0.001568146,0.0046197474
6820,6259,39.938892,0.45607185,0.10035421,0.15620528
6821,6822,1.7132607,0.58243304,0.0023156032,0.0052328855
6822,6823,9.146969,0.58005255,0.01675748,0.033450276
6822,1851,55.45195,0.57896096,0.10721497,0.20873061
6823,2518,1.8640862,0.5800826,0.002659522,0.0056736916
6823,1856,58.09133,0.57192725,0.112361856,0.2208403
6824,6825,1.3307266,0.67509526,0.0034841374,0.007339895
6824,5654,3.4857025,0.67501,0.012421824,0.024782717
6825,6824,1.3335648,0.6720822,0.0034887344,0.007882282
6825,1097,11.758495,0.67717755,0.023123264,0.045155153
6826,5357,2.9537926,0.6676826,0.005186327,0.010849357
6826,4178,430.3755,0.66899145,0.7737904,1.5302963
6826,4165,3.188881,0.67201364,0.005632423,0.011763051
6827,6828,1.1193428,0.50575054,0.004089482,0.00856027
6827,5997,53.491447,0.51229423,0.10787315,0.21118431
6828,6827,1.12743,0.5051851,0.003917806,0.0082959235
6828,5998,39.699047,0.5076463,0.108718224,0.21288493
6829,6830,1.4095917,0.5057561,0.0047089607,0.00993067
6829,5899,3.5661201,0.50468683,0.012013763,0.024243698
6830,6829,1.2313347,0.5092173,0.0041934773,0.008734405
6830,5898,8.488525,0.5020541,0.017783888,0.034995347
6831,4277,2.1674156,0.6788008,0.004189752,0.008988246
6831,4852,104.721176,0.6750306,0.21464859,0.4253233
6832,6833,3.157917,0.67847466,0.002711974,0.006903544
6832,4315,31.65902,0.6834235,0.06650244,0.12808914
6833,6832,2.9003487,0.6829666,0.0022605583,0.005654633
6833,4517,3.1613083,0.6848068,0.0062926337,0.013040066
6834,2308,1.606205,0.5228446,0.0021082312,0.004579097
6834,2307,13.133335,0.5240873,0.027376331,0.053397402
6834,2587,51.0495,0.54796433,0.09907854,0.19600277
6835,2547,5.433975,0.48839128,0.009839922,0.019536361
6835,6738,5.007454,0.4930527,0.010238379,0.019979373
6836,2554,3.9729118,0.48985022,0.007938378,0.015549272
6836,6816,3.886448,0.4881316,0.0072580352,0.014687583
6837,5266,36.39072,0.5377227,0.0719279,0.14025329
6837,6839,11.034189,0.53909343,0.02294314,0.04514508
6838,1508,2.4001274,0.5376596,0.0030858293,0.0068546236
6838,5267,10.870787,0.5381355,0.022499114,0.04390648
6839,6838,12.502712,0.54227597,0.025960349,0.0510446
6839,1506,257.5525,0.53300023,0.5060445,0.9878168
6840,4701,1.645855,0.51804364,0.0031992346,0.006961867
6840,2997,14.087883,0.52071923,0.030854251,0.05989922
6841,6476,29.970491,0.5097096,0.066320114,0.12733671
6841,6842,1.8335075,0.5177161,0.0037691146,0.008191019
6842,522,1.5504684,0.5126031,0.0035071447,0.007637158
6842,6843,5.7804184,0.519023,0.00539916,0.011494368
6843,521,56.204094,0.51514995,0.12236422,0.23815198
6844,4200,131.98679,0.67605054,0.2668556,0.52538246
6845,102,1.8462029,0.697909,0.0033866018,0.0074484795
6845,6944,54.089466,0.70170105,0.1094912,0.21710548
6846,6847,0.34314728,0.094652206,0.0014733449,0.0025224686
6846,6785,4.1755447,0.69905096,0.007980689,0.016633004
6847,6846,0.55649185,0.089794815,0.0023170337,0.0044082403
6847,4087,39.951313,0.69546837,0.08072603,0.15714426
6847,5003,1.903019,0.689705,0.003699772,0.007551834
6848,3018,167.02785,0.6538335,0.30882832,0.6088334
6848,6849,3.7509537,0.6647531,0.0064928234,0.013981536
6849,3019,1.8383064,0.6600559,0.002447866,0.0056579113
6849,3023,13.515276,0.6628129,0.027142383,0.053334206
6850,6205,0.03635025,0.039097697,0.006042242,0.012755513
6850,4710,1.0990524,0.44547737,0.006083913,0.002755329
6851,6852,2.2843246,0.740371,0.0042954087,0.007592097
6851,6850,0.0,0.4288536,0.002521336,0.0
6851,2572,16.839527,0.06267017,0.07050688,0.14716706
6852,4320,82.51488,0.74820924,0.1637904,0.32748064
6853,1951,19.395834,0.6520011,0.052371483,0.10247751
6854,4339,1.3030434,0.66327995,0.002668351,0.006073743
6854,6497,67.33489,0.66459244,0.13788259,0.27564076
6855,620,72.064644,0.661966,0.14189243,0.28383183
6855,6854,15.053358,0.6548539,0.031522047,0.06133321
6856,5743,90.283035,0.678376,0.1753175,0.34621367
6856,807,2.3865662,0.6779128,0.006276071,0.013167068
6857,72,1.9787254,0.7029863,0.005145997,0.011192352
6858,6243,5.034458,0.7134735,0.010271363,0.020703971
6858,993,2.5146523,0.7090888,0.0053932667,0.011328056
6859,6947,1.7077637,0.68671113,0.0030908138,0.006705627
6859,6862,4.4557724,0.6884637,0.008512251,0.017711729
6860,6859,2.5061836,0.6811099,0.0047026128,0.009864107
6861,6860,2.8354454,0.6869601,0.0051116124,0.011078298
6861,5123,41.331127,0.6875244,0.083637044,0.1623461
6862,5096,23.971844,0.6912048,0.050373323,0.096877314
6862,6947,4.014183,0.6895944,0.007891513,0.016227141
6863,6443,96.6346,0.68659055,0.19225281,0.3823889
6863,6948,6.4284096,0.6889909,0.012742788,0.025642186
6864,6865,1.6650467,0.670865,0.003368087,0.0076357424
6864,6867,6.9365807,0.68650985,0.0140303075,0.028185174
6865,813,22.37065,0.6889883,0.047942583,0.09341416
6865,4532,1.9977264,0.68543637,0.003712684,0.008083925
6866,6864,1.8603897,0.6860856,0.0035591796,0.0075220466
6866,894,78.1186,0.68581223,0.1583226,0.31446755
6867,1289,2.421379,0.6823036,0.004192956,0.009086236
6867,6865,7.2530785,0.68344057,0.014783546,0.02976662
6868,5798,2.2854881,0.66995627,0.004761584,0.010265484
6868,5624,138.99077,0.67691183,0.25558922,0.506974
6869,3065,26.287447,0.6627523,0.055672962,0.107123226
6869,4341,16.682518,0.65600175,0.035453085,0.06899553
6870,4796,59.08085,0.74179757,0.13429107,0.26697713
6870,6871,7.825821,0.7382467,0.016721904,0.03256011
6871,4794,54.00647,0.73362607,0.12003755,0.23673463
6871,6870,7.9419136,0.7372925,0.01696638,0.03295587
6872,6873,2.0462494,0.58237445,0.0024518669,0.0058799237
6872,2627,15.430941,0.58077973,0.033101406,0.06472026
6873,6872,2.332203,0.5834864,0.0028427094,0.0066217333
6873,2287,74.67413,0.6103362,0.18922436,0.37258652
6874,1642,6.6994553,0.70285225,0.013901375,0.0278572
6874,982,19.271978,0.7059534,0.04413713,0.086129464
6875,5246,140.79517,0.6211512,0.2852335,0.559085
6875,6876,1.9230919,0.6368562,0.0054792464,0.012121052
6876,5803,38.14708,0.63327944,0.07299296,0.14206266
6877,5344,0.40260696,0.23531988,0.0026221573,0.005062878
6878,5719,27.734783,0.54935414,0.06851052,0.13210481
6879,3281,149.81989,0.67133534,0.30112827,0.5941931
6879,6880,18.325876,0.67287475,0.02466201,0.048985988
6880,3950,13.284918,0.6699833,0.027718775,0.05443474
6880,6879,18.876389,0.6712227,0.02546794,0.050358906
6881,6882,1.6814156,0.69380933,0.004110366,0.0089675635
6881,3234,82.085655,0.6972789,0.1494451,0.29918984
6882,6890,2.506588,0.698885,0.004817292,0.0107176155
6882,6634,2.6441383,0.700701,0.00649181,0.01393427
6883,6884,1.4697227,0.66189414,0.0029325783,0.00628908
6883,6609,9.839458,0.66586125,0.019579858,0.03893614
6884,4847,1.4906158,0.6620474,0.0024230555,0.005261153
6884,922,35.132954,0.6689879,0.07590173,0.1478144
6885,6883,1.1708755,0.6675532,0.0017810911,0.004745081
6885,6886,3.3998375,0.6705538,0.00717625,0.014863446
6886,942,57.20323,0.6679506,0.11395538,0.22808324
6886,6883,3.6636353,0.66572815,0.0069564804,0.014556482
6887,933,76.19816,0.6534429,0.14288945,0.28442052
6887,1361,83.824814,0.65197295,0.15656537,0.30977178
6888,3247,50.504677,0.7486038,0.07828549,0.1509408
6889,2145,3.1599274,0.70075744,0.0030190647,0.0069776326
6889,5652,42.155003,0.7021789,0.084806524,0.16588636
6890,2314,2.7492332,0.6990342,0.005100958,0.011503965
6890,4726,1.611721,0.69974995,0.004026793,0.008340463
6891,5225,1.5055733,0.5797631,0.0012645796,0.0034253597
6891,4352,64.33196,0.60901636,0.15899485,0.31207812
6892,2511,49.351463,0.59832406,0.09478654,0.18562746
6892,2031,4.542019,0.599123,0.008047305,0.016589686
6893,2512,13.789003,0.6003083,0.028174609,0.055092327
6893,6892,10.068867,0.6010819,0.020599425,0.04076141
6894,1587,65.48851,0.63149893,0.12341102,0.24512208
6894,1588,116.1821,0.6309532,0.21590495,0.42558378
6894,3551,177.41121,0.6232466,0.3300425,0.6495947
6895,3630,3.1046562,0.71899265,0.0056981742,0.010586679
6895,7055,59.142456,0.03027302,0.25721326,0.5584689
6896,6998,40.377678,0.7230146,0.082849644,0.16164277
6896,6962,70.1021,0.7290166,0.13794227,0.27588794
6897,4069,3.7674446,0.6871306,0.006870769,0.01485689
6897,1194,109.41126,0.68521005,0.21549867,0.42740387
6898,6899,1.665348,0.7031576,0.0037725046,0.008088902
6898,3373,22.450113,0.71021616,0.047399797,0.091368705
6898,3113,18.274803,0.7080718,0.038059883,0.073494084
6899,128,2.1573982,0.7055757,0.004345089,0.009507313
6899,6898,1.8698616,0.7005484,0.004050128,0.008424267
6900,3114,2.3983803,0.70285016,0.0039484873,0.008517921
6900,6901,4.395607,0.6988236,0.006337613,0.01355575
6901,3373,30.479692,0.7090841,0.058800697,0.114008635
6902,6665,0.966156,0.30775425,0.0032972768,0.00647299
6902,2675,47.211784,0.6887142,0.09658346,0.19186711
6903,6902,1.7460632,0.6898424,0.0035563856,0.007378921
6903,6666,38.08755,0.6947606,0.08850897,0.17313164
6904,6903,2.0687752,0.68652266,0.0040151477,0.008415982
6905,6906,1.2229424,0.6908564,0.00419306,0.009308338
6905,5986,44.756374,0.6931429,0.1334615,0.26589647
6906,876,10.700018,0.69037014,0.024988972,0.0493045
6907,4145,0.4667282,0.17953265,0.001995705,0.0039879084
6908,6909,0.17571259,0.28027236,0.0010797828,0.0024939328
6909,2295,1.7492561,0.6920361,0.0036241338,0.0073238015
6909,2791,125.80473,0.6999804,0.25601745,0.50595355
6910,1031,34.333656,0.66733193,0.08546182,0.16773486
6910,2881,61.273987,0.44294217,0.13275048,0.24628332
6911,4144,0.0,0.24357355,0.00034099817,0.00094650686
6912,1272,1.8692207,0.69938153,0.0045614094,0.009857282
6913,1893,1.5788612,0.533685,0.002513811,0.0062838197
6913,4845,2.4281807,0.53493583,0.008994691,0.018207878
6914,1510,3.290844,0.5818399,0.0063321814,0.013062075
6914,6915,3.615242,0.58156335,0.006811142,0.014202848
6915,579,140.31796,0.562116,0.26901075,0.5275887
6915,6914,3.4279366,0.58192503,0.0061023086,0.0128338635
6916,4800,26.028496,0.68831974,0.059969854,0.116384074
6916,6917,22.613173,0.6848172,0.045425847,0.08766379
6917,2067,114.153946,0.65917933,0.20779926,0.41183823
6917,4798,124.192955,0.6940071,0.22463062,0.44566828
6917,6916,22.544504,0.6818921,0.045038544,0.08717123
6918,1184,2.113144,0.68541175,0.0030277967,0.0064932704
6918,454,32.032536,0.6876447,0.063560106,0.12114787
6918,6443,6.0592117,0.68716764,0.012059748,0.024478778
6919,6876,23.042328,0.6351518,0.046996444,0.09046282
6919,6920,2.1493149,0.6328584,0.005530782,0.011912689
6920,6875,17.239523,0.62662405,0.036391795,0.07080389
6921,7006,0.07986832,0.039304733,0.0014480948,0.0029530227
6922,3478,29.149471,0.70204747,0.06121473,0.117767274
6922,6316,3.2350082,0.68446344,0.005480677,0.011932865
6923,1089,8.814606,0.68390024,0.017988063,0.035588846
6923,3584,2.066105,0.68175143,0.003943555,0.0084949285
6924,1177,190.21092,0.6298433,0.3548181,0.6991482
6925,6926,2.1012,0.39172053,0.0036028922,0.007378131
6925,5945,29.496727,0.38710836,0.067988366,0.12872192
6926,6928,1.9092789,0.3892427,0.0042460635,0.008457333
6926,1970,3.6472778,0.39062518,0.007381305,0.014369994
6927,6925,2.1081696,0.38663793,0.004797749,0.009095639
6928,6927,1.8443489,0.3934337,0.0033485144,0.006739974
6928,5950,2.14711,0.3918739,0.005436532,0.010771304
6929,4873,2.6352844,0.41890764,0.0026582256,0.0056174397
6929,4748,16.467789,0.4281794,0.036991257,0.071453236
6930,6938,1.5964928,0.74259686,0.0022999868,0.005151108
6931,6932,2.6188736,0.6017784,0.003830403,0.008092701
6931,6932,71.549774,0.6025641,0.13497095,0.26593664
6931,6934,1.4673233,0.6015603,0.0015208498,0.0035647005
6932,6931,2.3605194,0.6000384,0.0037130564,0.007875115
6932,6933,18.766264,0.6094166,0.038483236,0.074747615
6933,5412,2.375248,0.6097298,0.002545908,0.0059954524
6933,5413,41.51722,0.6310878,0.07893791,0.15334164
6933,6932,18.865276,0.6077958,0.038464006,0.07492825
6934,6931,2.1925278,0.6028417,0.00398694,0.008559778
6935,4988,2.2796516,0.69494015,0.0013308823,0.0036653876
6935,3595,25.695171,0.69668734,0.05418908,0.103979506
6936,6930,1.9084053,0.7381495,0.0024917275,0.005543411
6936,4170,20.245848,0.74096006,0.03953974,0.078010745
6937,6936,2.1274643,0.7374807,0.003377974,0.0070679337
6937,4176,31.23889,0.7438139,0.05896327,0.11409155
6938,6937,1.9099731,0.73972374,0.003480211,0.007302791
6938,5362,7.6164284,0.74556994,0.0148842335,0.029123768
6939,6435,2.652008,0.68952405,0.0068269074,0.014088199
6940,6939,0.770401,0.29555875,0.0035756603,0.007376224
6940,6941,2.130165,0.69195175,0.0035556853,0.007819653
6940,6383,2.6402702,0.69134754,0.0046440586,0.0100298375
6941,6381,2.529335,0.690179,0.004612662,0.010042056
6941,6940,2.2595825,0.69081426,0.0036785826,0.008099258
6942,556,72.24182,0.6593126,0.22545111,0.44763857
6942,1742,63.997684,0.6584102,0.11990209,0.23861334
6943,241,2.7242393,0.70000523,0.0052472353,0.011635095
6944,6945,2.2264442,0.7013069,0.0042339712,0.009429336
6945,2364,6.206642,0.7001915,0.012427278,0.025378868
6945,240,4.853878,0.7003461,0.009572737,0.019866362
6946,6944,2.4237862,0.69807357,0.0044308007,0.009196565
6947,6948,1.3568382,0.67391026,0.002507031,0.005951464
6947,6863,7.541054,0.6873027,0.015197307,0.03063938
6948,6860,1.8285942,0.68647885,0.002862364,0.0064177215
6948,6861,2.7121315,0.68640125,0.004959494,0.010894626
6949,3391,21.162172,0.012373328,0.098316416,0.20053738
6950,6949,61.956566,0.0,0.20809534,0.44143033
6951,937,3.0261497,0.660605,0.0056461617,0.011923611
6951,6684,8.78817,0.6611237,0.01787451,0.035341382
6951,935,43.579735,0.65732056,0.08225812,0.16231285
6952,2982,1.4372902,0.43087283,0.0009606406,0.0007008761
6952,1743,6.4936943,0.6928506,0.012482233,0.025029838
6953,6954,1.4043922,0.7017036,0.0033048317,0.006995216
6953,6110,56.947945,0.703042,0.13610291,0.2708267
6954,6955,1.103569,0.70109344,0.0032544285,0.0073868036
6954,4391,28.020445,0.7073133,0.059453804,0.114057034
6955,6956,1.8109093,0.70132595,0.0034934133,0.007845655
6955,4404,32.89574,0.7041722,0.07548983,0.1470262
6956,6953,1.4954033,0.67553633,0.0041278973,0.008255035
6956,6750,42.252594,0.7079367,0.0855538,0.16846979
6957,6559,4.4705048,0.7408837,0.007507421,0.015821874
6957,6766,1.7678452,0.7352198,0.0043296516,0.008853972
6958,732,42.02308,0.6888579,0.10021066,0.20098922
6958,4129,41.500042,0.68275297,0.10045831,0.20018025
6959,6960,1.9253616,0.50947,0.0024860725,0.005394593
6959,1844,15.116608,0.5001133,0.03580244,0.06939697
6960,6959,1.9975281,0.50532967,0.002826959,0.0059361607
6960,3951,30.874798,0.5168764,0.07808524,0.14952871
6961,796,1.6832466,0.6333009,0.00243631,0.0056968927
6961,1963,256.97113,0.67166495,0.46766254,0.9202692
6961,1747,176.88599,0.6233325,0.3300866,0.6499553
6962,6896,69.3275,0.725981,0.13720012,0.27444655
6962,6269,6.1398277,0.7275574,0.012230858,0.024641246
6964,6965,2.3975754,0.68391055,0.0042970777,0.009290785
6964,6462,19.711958,0.68577313,0.04127874,0.07943393
6965,635,1.982872,0.6829847,0.0032588467,0.0069910586
6966,6968,3.0746193,0.72801244,0.0041639656,0.009260997
6966,2912,6.569618,0.7282394,0.01068078,0.02215515
6967,6966,3.5451508,0.7286829,0.004918307,0.010674939
6967,2904,11.031086,0.72909266,0.013229661,0.027463734
6968,6969,3.757042,0.7302313,0.0053720623,0.011619672
6968,2906,5.821064,0.7306511,0.009265602,0.019386128
6969,6967,3.2144012,0.72755796,0.0043442547,0.009639472
6969,2908,7.7818527,0.7277744,0.013065584,0.026750967
6970,1658,51.874115,0.72729754,0.092809774,0.1834102
6970,6972,2.30505,0.7228669,0.0036214367,0.0076246858
6971,6973,2.7571716,0.7216618,0.0047998205,0.009965107
6972,6970,2.279354,0.7231112,0.0033959672,0.0072229803
6972,1652,99.747955,0.72545093,0.17832921,0.3565055
6972,6971,7.3945427,0.7235646,0.014671795,0.028931022
6973,3359,24.810535,0.72707164,0.05006716,0.09792314
6973,6974,2.5160942,0.7270705,0.004461944,0.009430945
6974,6975,1.7188492,0.72309697,0.0030152574,0.006700769
6975,6977,2.6255379,0.72286314,0.004981816,0.010408327
6975,6977,82.76389,0.72606677,0.16857521,0.3366583
6976,6971,2.197651,0.72297424,0.003971413,0.008361593
6976,6970,6.8350143,0.72208184,0.013692796,0.027307868
6977,6976,3.1320953,0.72407347,0.005935706,0.012528613
6978,1500,132.45224,0.59403604,0.27284765,0.5357518
6978,1501,16.937458,0.5933597,0.036172785,0.07052333
6979,6982,81.31542,0.5858308,0.17144975,0.33553723
6979,2421,48.91731,0.58156705,0.10085121,0.19861667
6980,1501,1.6103706,0.5870544,0.0020519868,0.004904315
6980,6978,15.656698,0.5884159,0.03414557,0.06648406
6981,2405,83.44734,0.5866265,0.15939413,0.31431836
6981,6980,62.643524,0.5897546,0.11937241,0.23428373
6982,6980,1.3537903,0.58649135,0.0028980747,0.006681651
6982,6981,62.9709,0.5904988,0.11873225,0.23300341
6983,6982,1.5426025,0.5877083,0.0020709634,0.004785076
6983,6979,80.10693,0.5803556,0.17174709,0.33635947
6984,6985,2.5051422,0.6686096,0.0017537102,0.0047669113
6984,2915,98.80838,0.67290026,0.24022847,0.47686797
6985,6984,2.7955399,0.67019975,0.0024159178,0.0060256124
6985,2962,93.6205,0.66968066,0.22727779,0.4505068
6986,4837,1.126133,0.67110026,0.0027993247,0.0070982426
6986,5577,80.723816,0.67576534,0.21664539,0.43160707
6987,5112,2.19207,0.6697172,0.002226621,0.0055926293
6987,3547,3.594616,0.67234516,0.0063830614,0.013596103
6988,6989,15.807343,0.67270637,0.031757403,0.062051006
6988,3148,4.970543,0.6745763,0.007822782,0.016293675
6989,2758,16.509733,0.67401135,0.033189077,0.064485915
6989,3148,12.295492,0.671694,0.022622682,0.044350177
6990,4454,26.39891,0.7161447,0.054797318,0.106302194
6990,5911,1.6610985,0.7101004,0.0031604469,0.006764546
6991,6990,1.3647003,0.70492065,0.00272993,0.005953595
6991,340,9.110382,0.7141656,0.018483326,0.036769196
6992,1981,4.6328316,0.71337265,0.008354142,0.016966969
6992,6991,1.5398636,0.7045945,0.0030484423,0.0066934824
6993,269,115.79887,0.4192425,0.24053288,0.46212614
6993,256,41.43739,0.4235332,0.08547849,0.16430704
6993,268,111.36057,0.37859046,0.2385737,0.45738083
6994,6995,1.7914162,0.6511615,0.00381504,0.008532569
6994,2647,114.56859,0.6619265,0.2354545,0.46474522
6995,4482,1.8449974,0.65556526,0.0033066124,0.007189393
6995,5814,191.44217,0.65815014,0.3891895,0.7663118
6996,2083,166.56683,0.68179286,0.30403933,0.60150397
6997,2191,53.034042,0.6730033,0.10699369,0.21316174
6997,6595,51.691418,0.67897505,0.10657403,0.21179764
6998,6999,2.7558327,0.71642375,0.0015312284,0.0042620897
6998,2095,11.110846,0.72132874,0.022314265,0.04418452
6999,6998,2.8199959,0.72127944,0.0018957332,0.004659459
6999,6896,40.85553,0.72161937,0.08267079,0.16176933
7000,76,2.2392197,0.66166043,0.004320532,0.0096897185
7000,4480,30.474197,0.66539246,0.065453514,0.12581325
7001,1960,2.3868103,0.64529014,0.0052330717,0.011235401
7001,4476,2.2922783,0.6484395,0.004128583,0.009223416
7001,6775,98.99156,0.6459815,0.20381278,0.40364635
7002,3401,57.56865,0.60364974,0.17704336,0.3488596
7003,195,1.1518402,0.6001979,0.006300129,0.012561858
7003,7094,61.4541,0.6233962,0.36373705,0.7092413
7004,4380,172.31303,0.66885906,0.34699303,0.6857834
7004,7005,3.2749977,0.6639197,0.0043009147,0.009326041
7005,76,2.5885162,0.6634433,0.0049031377,0.010552764
7005,5813,26.569237,0.667419,0.05594197,0.10743386
7005,7004,3.358097,0.6656814,0.0046170503,0.009842634
7006,1498,3.2542648,0.6632087,0.0064935684,0.012672231
7006,6921,0.12042618,0.041217625,0.001448676,0.0028882027
7007,2163,119.50613,0.71527267,0.21304184,0.422863
7007,2161,8.370735,0.71715313,0.016058527,0.031572282
7008,6743,2.0715866,0.7054186,0.0038416013,0.008342043
7008,6746,14.062561,0.70511174,0.028707795,0.056412034
7009,2979,2.0721893,0.7147792,0.002062261,0.004954502
7009,48,18.210035,0.7160363,0.042511657,0.08342715
7010,4807,30.858364,0.6442997,0.076374814,0.14881992
7010,7011,39.285984,0.6436626,0.07647215,0.15077835
7011,7010,28.829857,0.6396545,0.06996522,0.13604417
7011,7010,39.295013,0.6423913,0.076219276,0.1498053
7012,5627,2.1519585,0.67055583,0.0050424933,0.011001438
7012,6868,3.389843,0.67212737,0.0057367235,0.012458205
7013,3393,27.632809,0.6807246,0.054104924,0.10426429
7014,4070,1.2318726,0.64804643,0.0036857352,0.008213982
7014,1727,45.382595,0.6444274,0.14409922,0.2847184
7015,7016,1.2297745,0.5675534,0.0040804446,0.008573875
7015,1522,61.686398,0.57186687,0.14435697,0.2809555
7016,1739,0.479393,0.5593669,0.003326051,0.0077604055
7016,2414,34.31466,0.56850225,0.08720876,0.16915871
7017,7018,59.350662,0.67847306,0.109506205,0.2175986
7018,857,1.6838799,0.67320466,0.0025069863,0.0058871806
7018,7019,2.4445724,0.6757118,0.0039569065,0.008758843
7018,5218,19.13132,0.67666584,0.038528424,0.07465628
7019,3326,46.935135,0.67610395,0.08791145,0.1732764
7020,1861,4.2302666,0.7049614,0.0043347925,0.009836927
7020,1860,2.8757248,0.7058594,0.006366208,0.013678372
7021,3419,1.7339363,0.7399334,0.00216493,0.004703462
7021,6644,52.515564,0.7426728,0.10129836,0.20074788
7022,7023,1.1169395,0.7239918,0.008876666,0.016360134
7022,2233,31.7835,0.012798548,0.18895519,0.41142094
7023,3254,22.14717,0.7398906,0.05593433,0.1095005
7024,250,2.4323196,0.45619157,0.0038147867,0.007753432
7024,7025,4.3802795,0.4594552,0.007438503,0.014835015
7025,4805,20.259066,0.45213804,0.041182913,0.07904998
7026,1330,141.68611,0.7091236,0.19446038,0.3897814
7026,1862,3.835949,0.7059916,0.005251996,0.011244327
7027,7028,2.8645096,0.39107555,0.0047421157,0.009227842
7027,6630,27.48135,0.37475556,0.068708286,0.13161503
7028,7027,2.980423,0.39202136,0.004974246,0.009759769
7028,1670,27.662592,0.3791206,0.0614229,0.115929
7029,153,2.2292786,0.72218573,0.002031505,0.004684001
7029,3935,43.89687,0.7232947,0.08255918,0.15888011
7030,5352,42.65542,0.5684976,0.08247535,0.16140437
7030,3682,5.9978905,0.5682832,0.011784643,0.023784265
7031,3323,3.3037796,0.56927633,0.0047498345,0.009914011
7031,7030,6.6918755,0.56869125,0.013219431,0.026352182
7032,1681,7.792713,0.56213355,0.014686815,0.029111907
7032,4322,18.909027,0.55559725,0.03950712,0.07619104
7032,2288,144.32803,0.5598653,0.2763755,0.54070973
7033,1838,2.6533813,0.5658427,0.004103869,0.008691013
7033,1825,40.370438,0.5628692,0.07801327,0.1532661
7033,2322,24.373009,0.56049263,0.049826033,0.09502785
7034,7035,1.9074287,0.70746195,0.0027616173,0.0048585236
7034,5648,29.034481,0.032882124,0.11151268,0.2427421
7034,4112,85.008095,0.7048192,0.15331423,0.30390143
7035,7034,2.1070442,0.7089611,0.0030599684,0.0054122657
7035,5639,34.42295,0.07207751,0.14267275,0.30607268
7036,7038,2.6153603,0.7163065,0.005668834,0.011943504
7036,3491,2.7303429,0.7180647,0.004938729,0.01083377
7037,7036,3.2543106,0.71514857,0.005432442,0.012083694
7038,3492,1.6828537,0.7194506,0.003045313,0.006870836
7038,5880,23.8097,0.72569287,0.04847489,0.09466038
7039,2231,2.3462296,0.72272736,0.004094422,0.008425817
7039,7040,39.809204,0.7244431,0.07773502,0.14999469
7039,7040,44.929752,0.72442645,0.08406974,0.1612926
7040,7042,6.6742287,0.7250697,0.012608446,0.025144681
7040,7039,39.87632,0.72414917,0.07845158,0.14993235
7041,7042,2.2332954,0.72781193,0.0052633137,0.009034574
7041,4869,20.60885,0.028424501,0.12874897,0.2769744
7042,7041,2.2313766,0.7211921,0.0043491945,0.008863196
7042,3363,66.41952,0.7281301,0.12354195,0.24623749
7042,7040,6.9250565,0.72573113,0.013170764,0.025899827
7043,445,12.214626,0.7159898,0.026670076,0.05289106
7043,450,81.54292,0.7227951,0.1280326,0.25334078
7044,372,4.2484665,0.70970064,0.0090501085,0.018874466
7044,789,6.8061943,0.7125827,0.011644222,0.023610622
7045,791,1.9944458,0.71133614,0.0028721988,0.0064394027
7045,790,51.64785,0.7140398,0.093319066,0.18524629
7045,7046,5.685627,0.71054935,0.010101505,0.020538464
7046,483,37.704002,0.71768755,0.072075486,0.13800225
7046,791,5.5547295,0.71339893,0.010200053,0.020790935
7047,5883,52.55134,0.6513481,0.10968018,0.21614295
7047,1888,2.773903,0.65280366,0.005699426,0.011890233
7048,7049,2.0235023,0.6967738,0.0022614375,0.005656272
7048,259,32.06736,0.7004037,0.07536238,0.14550774
7049,7048,1.8330956,0.69766974,0.0019211769,0.0047328174
7049,6139,14.323568,0.70089966,0.031235296,0.06113214
7050,5746,2.7836723,0.69854385,0.003870234,0.008667231
7051,3796,4.5296783,0.7004694,0.008441426,0.017937854
7052,3515,2.114315,0.6778819,0.0032123998,0.0070669353
7052,6783,21.918184,0.68518686,0.053476207,0.10531492
7053,4618,2.9041977,0.6788968,0.005397178,0.011436343
7053,2530,310.61542,0.67177427,0.12326513,0.266975
7054,57,44.408813,0.7090318,0.08965063,0.17657726
7055,5009,2.2991295,0.047956765,0.0054123923,0.011842921
7055,7054,5.5297813,0.7174517,0.0095414445,0.018924847
7056,7057,2.4249344,0.6912693,0.0041341037,0.008975625
7056,1082,251.62758,0.6913625,0.4489188,0.8848394
7056,1081,157.07422,0.69199765,0.2872808,0.56828
7057,7056,2.2568398,0.69346064,0.0035788268,0.007615909
7057,3398,15.084032,0.69709176,0.029793989,0.05851701
7057,7058,17.007038,0.70562685,0.03368431,0.065137096
7058,2765,18.515451,0.699015,0.04213428,0.08228565
7058,7057,16.889433,0.70283645,0.033389527,0.06439543
7059,371,34.86522,0.45788264,0.09576409,0.18774648
7059,2320,14.216946,0.43752092,0.031563323,0.06112954
7060,7059,1.8165627,0.4320839,0.003969252,0.008142889
7060,3697,22.395851,0.42248303,0.056043454,0.107925385
7061,7062,2.4311256,0.6602329,0.005558148,0.0117150545
7061,3575,114.43111,0.6763956,0.16004503,0.31854135
7062,5617,9.015564,0.047982335,0.038113613,0.07663345
7063,1814,3.6005058,0.6723498,0.008110106,0.016706169
7063,4977,42.884693,0.671571,0.08687159,0.17143972
7064,7067,6.7971344,0.6729269,0.012804881,0.025662735
7064,2695,3.1946068,0.67293197,0.0053250194,0.011247724
7065,4588,2.117691,0.680032,0.004071519,0.009214848
7065,7068,43.585518,0.67656463,0.082711555,0.15976426
7066,7065,1.9997292,0.6763398,0.0031843483,0.0069316924
7066,2721,57.613365,0.67856634,0.117171645,0.23355173
7067,7068,2.4752579,0.6723628,0.0028306618,0.006679669
7067,4588,44.441162,0.679538,0.083543845,0.16303563
7068,7067,2.3077316,0.67242444,0.002440907,0.006131768
7068,7064,9.0631485,0.6716149,0.017578647,0.035146683
7069,7070,2.170742,0.72121245,0.0041450188,0.008602932
7069,6072,32.032654,0.72714794,0.062369455,0.1197771
7069,4134,126.18074,0.7312648,0.24139044,0.47937274
7070,7069,2.212803,0.72783095,0.0051350817,0.009433895
7070,6071,12.022478,0.031083822,0.053857412,0.11207816
7071,3283,1.9022675,0.7221348,0.003083378,0.006026879
7071,7072,14.696829,0.20666003,0.050482422,0.10216393
7072,7073,2.4127922,0.7313204,0.0053551793,0.010362193
7072,6234,26.752827,0.034390002,0.12269606,0.26763648
7073,7072,1.95158,0.7267473,0.0037377477,0.0073708296
7073,4622,63.94249,0.72723275,0.119739875,0.23850627
7073,3283,29.622765,0.7280716,0.05837522,0.11239924
7075,3692,11.60173,0.5330474,0.02681391,0.053131044
7075,559,1.3158379,0.52511257,0.0039131567,0.0076839924
7076,7075,1.2905426,0.5249684,0.0042852536,0.008905053
7076,560,6.232712,0.5255386,0.015632465,0.031128198
7077,7076,1.1559372,0.5172575,0.0035618618,0.0075148195
7077,5272,1.3270111,0.52062225,0.004363574,0.009302542
7078,3306,21.271027,0.67156756,0.060222413,0.11830794
7079,7078,2.1375427,0.66533005,0.0060426146,0.012589678
7079,3535,1.3312569,0.65762544,0.0067120045,0.013336197
7080,7083,0.5900383,0.2592382,0.0031875744,0.007657081
7080,5774,7.142811,0.67176527,0.013884611,0.027508333
7081,7080,3.3047752,0.6576006,0.005965106,0.010980636
7081,7080,54.508034,0.14337793,0.18708132,0.39228874
7082,7081,0.0,0.03336039,0.0013348684,0.003915459
7082,5773,65.87002,0.6728827,0.11953665,0.23884296
7083,7082,2.4280548,0.66296786,0.0042181164,0.008163169
7083,7086,118.65015,0.4996519,0.29573837,0.5973946
7084,7087,23.64656,0.66502583,0.04840423,0.09379454
7084,7085,26.713001,0.6660256,0.054753717,0.106750555
7085,7082,63.73014,0.08020246,0.23209065,0.49031377
7085,7084,26.440922,0.66826683,0.05421836,0.104532376
7086,7087,2.9963417,0.63899535,0.005335696,0.010348529
7086,3031,76.27237,0.6665289,0.13825111,0.27637088
7087,7086,2.4129906,0.6485278,0.0045278147,0.008586988
7087,7084,23.750921,0.66064185,0.048356436,0.094171405
7087,7085,24.447586,0.09713909,0.0737821,0.14965662
7088,1437,51.5776,0.66504884,0.10276783,0.20484653
7088,1432,2.39542,0.6631075,0.004376039,0.00974834
7089,1432,1.5222282,0.6536069,0.0044165477,0.009589836
7089,7088,2.6436844,0.6699917,0.00499025,0.011168227
7090,7089,0.7119713,0.6695051,0.0020083636,0.0055535436
7090,3201,56.88262,0.67331684,0.1532688,0.30624586
7091,7092,2.6385727,0.61978424,0.004844092,0.010409087
7091,4464,31.096043,0.6220316,0.075342774,0.14709827
7092,630,1.5688133,0.6197818,0.004769169,0.01044181
7092,7093,1.9376678,0.62265897,0.0035594478,0.007910579
7092,7091,2.1788635,0.62177116,0.003738694,0.008513451
7093,4154,2.0522308,0.6222658,0.0031706467,0.0071647763
7093,7092,1.9724045,0.62051946,0.003725104,0.0083682835
7093,3663,4.8029366,0.62120384,0.010215014,0.021128058
7094,2684,50.14033,0.646028,0.112549946,0.22105904
7094,2687,16.31262,0.64085007,0.07339898,0.14727986
