src,dst,travel_time_s,delay_probability,carbon_kg,ev_energy_pct
0,3209,1.4795151,0.47891974,0.002987191,0.0064827353
0,5917,12.209703,0.4673965,0.04253944,0.08396968
1,4073,2.379551,0.50095475,0.0018860772,0.0040303916
1,2311,34.27811,0.50181353,0.076523975,0.14556377
2,2768,2.6209297,0.49989414,0.004404992,0.008864
2,388,14.3805065,0.49981266,0.02993315,0.05851607
3,68,22.056952,0.496661,0.049549904,0.09536534
3,61,102.5401,0.50762963,0.12287779,0.23832034
4,6895,69.14698,0.50452036,0.13785307,0.2652442
4,6327,7.0223885,0.4940584,0.012815207,0.025512442
5,4,133.76393,0.5021082,0.27002257,0.52080643
5,6895,22.260519,0.042396694,0.093146265,0.19471371
6,2209,1.5181694,0.5317236,0.0019817278,0.0046789795
6,3925,68.995834,0.53127223,0.14973113,0.29081953
7,6692,5.635578,0.5157073,0.011997998,0.024319008
7,3493,1.2134895,0.5140766,0.0015533343,0.0033657849
8,4833,1.6224861,0.3640272,0.003126435,0.00612776
8,2011,98.799255,0.36941534,0.20971292,0.40496653
8,13,62.113564,0.3770048,0.16222313,0.3172226
9,12,1.6327629,0.3817792,0.0037648007,0.0075548887
9,10,43.09746,0.37497866,0.11737402,0.22701506
10,3992,2.1702652,0.384103,0.0028385445,0.005330041
10,5667,26.255014,0.3778681,0.06565876,0.124883085
11,2331,1.7143135,0.35760847,0.0035370514,0.006881714
11,2007,53.18815,0.36738947,0.110961266,0.21449713
11,4916,53.483334,0.36512882,0.13861075,0.27151036
12,3724,1.8650703,0.3877982,0.004458651,0.0086800605
12,1852,34.64312,0.385035,0.07986802,0.15090229
13,5668,1.6656075,0.37255418,0.0053369626,0.010335758
14,8,33.306046,0.36966872,0.08648687,0.16393894
14,1858,39.31906,0.36320376,0.089224875,0.16928859
15,16,34.169876,0.37506485,0.072403766,0.13633375
15,2030,13.751238,0.37090316,0.029773787,0.057083443
15,2011,37.57087,0.37369937,0.07966015,0.15071547
16,3727,1.7829895,0.3797181,0.0031201392,0.0061367154
16,15,34.319046,0.37638134,0.072462484,0.13700868
16,2038,22.073092,0.37843883,0.05147826,0.09674623
17,3732,1.9991684,0.38826206,0.0044906884,0.008738801
17,2022,108.5553,0.4007216,0.24828687,0.47655296
18,1920,16.074411,0.43951017,0.04532291,0.088672616
18,1920,23.482054,0.436338,0.051645357,0.09819336
19,3887,26.116922,0.44287467,0.076189235,0.1464216
20,6755,1.4465561,0.45203996,0.0023233965,0.0055814832
20,6756,1.0026245,0.116930306,0.0007137358,0.0021795481
20,2606,19.143658,0.4532503,0.04252666,0.082100555
21,5010,3.4063225,0.54444486,0.0041572154,0.0099995285
21,2692,21.366083,0.0146436095,0.05211307,0.108428106
22,6874,1.4344292,0.4827421,0.0045787543,0.009478509
22,182,5.3789177,0.47598848,0.013965055,0.02724263
23,3431,0.38059235,0.04482928,0.006305963,0.0118905455
23,5766,2.1185608,0.4575177,0.006584987,0.013015345
24,5595,0.70139694,0.048659414,0.0020318776,0.0034539402
24,5594,6.0800476,0.4924449,0.010812312,0.021874085
25,70,50.00048,0.47056067,0.12941016,0.25243443
25,6347,49.12529,0.47463846,0.12605527,0.24413984
25,221,7.5953407,0.4677242,0.015433408,0.030700207
26,3607,1.8472214,0.4911556,0.0028013736,0.005948186
26,3569,4.3132973,0.49112365,0.008957155,0.017973348
27,4655,1.3163681,0.49212325,0.0031406507,0.0069490224
27,6625,45.584087,0.495265,0.07432162,0.14120558
28,5504,1.0225067,0.50672495,0.001975879,0.0046441257
28,4707,0.84397125,0.50258255,0.0028007925,0.006393105
29,5910,24.830097,0.5085255,0.051716354,0.099210426
29,30,11.64558,0.509191,0.024058208,0.047251984
30,1654,210.62987,0.5041608,0.41537383,0.8051199
30,5135,79.732895,0.50866723,0.17500255,0.3375849
30,29,11.677607,0.5109313,0.023969755,0.04704964
31,5134,1.3693047,0.51932824,0.0027468503,0.0055421293
31,5134,158.0487,0.51020193,0.34491083,0.6679603
32,6596,14.088919,0.5158149,0.03057615,0.059612237
32,2831,52.183113,0.50871825,0.110775165,0.21457538
32,4681,13.527164,0.51638883,0.02936089,0.057235487
33,1983,1.8590317,0.51022,0.0024988502,0.005478829
33,879,35.087475,0.5121396,0.08638163,0.1667479
34,1983,95.64746,0.5095953,0.18446946,0.35728166
34,35,38.853447,0.51266277,0.07584288,0.14596169
34,4597,117.46062,0.5135056,0.22736233,0.4401201
35,36,10.034126,0.5150936,0.020252101,0.03993097
35,36,7.740532,0.51475155,0.015286379,0.030401528
35,34,38.15723,0.51300865,0.07469902,0.1440485
36,37,4.3205986,0.5174517,0.007938951,0.016117707
36,35,7.7448006,0.51620007,0.015257865,0.030384898
36,35,9.923862,0.516035,0.019984357,0.039378226
37,6596,3.0563202,0.51741445,0.006439388,0.0133256465
37,36,4.088684,0.51494807,0.0075579137,0.01537177
37,38,101.72657,0.5129646,0.19838852,0.38444775
38,4267,25.499075,0.51491994,0.05635599,0.10885578
38,37,102.03691,0.5160757,0.19898273,0.38502523
38,40,30.245453,0.51617,0.066376075,0.12694438
39,3102,1.03088,0.5211236,0.0018928796,0.0043206364
39,4602,75.32158,0.5174054,0.16607428,0.32126743
40,4597,4.956402,0.5168634,0.010740437,0.02189456
40,38,30.14721,0.51458126,0.06610608,0.126048
41,4031,33.047665,0.5208562,0.071470514,0.13722788
41,655,6.432152,0.52256113,0.015086994,0.030003086
42,674,49.497925,0.5119947,0.16205448,0.31455952
43,3762,22.341606,0.53079647,0.056519397,0.10910279
43,2063,12.988823,0.53253466,0.027771384,0.05458533
44,4780,161.12126,0.37366533,0.34129408,0.6563503
45,3088,1.5455704,0.5152739,0.0020868331,0.004629895
45,2106,143.81259,0.5178807,0.27811405,0.5382171
45,2208,67.99604,0.50936335,0.18094045,0.34857228
46,4460,0.5137787,0.5141676,0.0030361265,0.006457776
47,7009,88.30696,0.49564424,0.24687651,0.47534806
48,2977,1.2765923,0.49021488,0.0024091378,0.005182013
48,220,91.74726,0.48254922,0.18180516,0.34926653
48,2190,35.883545,0.48853502,0.09711462,0.18996334
49,50,25.724844,0.496447,0.05688208,0.108365394
49,6320,7.373768,0.49991176,0.013073854,0.0255851
50,49,25.946833,0.4957574,0.056975838,0.10866375
50,52,23.438488,0.4954742,0.05257735,0.1010939
51,1864,1.3920403,0.49341035,0.0042695627,0.008811533
51,3128,52.91365,0.4853932,0.13791662,0.2682461
52,1861,73.77748,0.49767628,0.07886537,0.14793381
52,986,32.534946,0.4924995,0.07233682,0.13757285
52,994,173.66821,0.4887807,0.27254856,0.5291833
53,984,8.716507,0.4906335,0.007221736,0.015422851
53,65,125.96217,0.49112085,0.18594287,0.3604113
54,50,4.5149155,0.49631742,0.010391727,0.021019608
54,55,2.0183105,0.4940735,0.003957443,0.007902622
55,5643,54.83154,0.4991424,0.08376988,0.15888987
56,57,61.135857,0.4947132,0.1204242,0.23321302
56,3,66.4921,0.49913448,0.08491318,0.15981875
57,4066,33.899727,0.49672192,0.074706584,0.139952
58,59,4.623707,0.49639642,0.009577997,0.019705012
58,3872,5.9944916,0.4968747,0.013637044,0.027297273
59,5514,59.015312,0.49339125,0.09945796,0.18964693
60,738,39.179253,0.4995724,0.049037546,0.09397259
60,4986,11.057802,0.49822453,0.024390996,0.04786402
61,2336,4.612591,0.48840395,0.010273255,0.02050899
61,62,2.9788284,0.49080756,0.0061044693,0.012239009
62,63,46.349777,0.5014734,0.07733957,0.14637706
63,5643,60.74987,0.5012204,0.07495378,0.14096747
63,5024,69.179535,0.49683535,0.08355979,0.1591905
64,62,4.139885,0.49490172,0.007884532,0.01577504
64,2336,3.6399422,0.495658,0.0069353282,0.013632253
65,6727,0.90613556,0.25377128,0.0004319325,0.0007713735
65,3604,54.04834,0.49163327,0.10892086,0.21114895
65,53,123.1909,0.48347786,0.187158,0.3640619
66,3605,2.7875595,0.48779017,0.005771406,0.012076318
66,67,6.103264,0.49290264,0.015032664,0.03004469
67,24,105.027756,0.49524027,0.12838282,0.24795052
68,58,15.976837,0.49789977,0.035184454,0.068311036
68,1990,15.74214,0.5005466,0.03147883,0.061602592
69,7051,64.972916,0.502161,0.09970586,0.19145082
69,1998,2.2956276,0.49495187,0.0049253628,0.0104031265
69,5858,9.01823,0.49785972,0.01887007,0.037022308
70,71,17.270866,0.4714124,0.04235567,0.08214898
70,6242,56.90447,0.47719625,0.15221904,0.2951317
71,6334,3.2627182,0.4710361,0.009242974,0.018703043
71,989,65.68106,0.47410393,0.17241678,0.33137167
72,993,1.1416359,0.48150614,0.0035105944,0.00731273
72,5171,25.604078,0.48366502,0.062005118,0.11873281
73,4596,70.95378,0.5154094,0.19346943,0.37291113
73,1472,64.119125,0.51250553,0.17439386,0.33740282
73,5576,52.45894,0.51397306,0.101246,0.19620407
74,4596,1.5627251,0.5199118,0.0021675453,0.0049284548
74,1734,81.25518,0.5194466,0.15606457,0.3036731
74,4598,20.833706,0.5190213,0.044173393,0.08481088
75,6789,1.7415009,0.47066092,0.0024639145,0.0052159727
75,2639,12.943796,0.47188544,0.028298885,0.054910496
76,7000,1.515934,0.46410802,0.0032093748,0.007183492
76,7004,2.1170807,0.46684512,0.004955806,0.010576203
76,7005,1.9361305,0.4639543,0.004158303,0.008810148
77,4936,8.421982,0.42546624,0.02350472,0.04547143
78,1720,1.7566032,0.42676082,0.0026473403,0.005456567
78,4058,37.367115,0.42297965,0.12756622,0.24888995
78,2031,35.327446,0.42474574,0.07167503,0.13603254
79,5736,62.735783,0.42258835,0.12703186,0.24523038
79,5736,39.965714,0.43481877,0.13348106,0.26148382
80,2165,1.8455772,0.42706946,0.0027560145,0.0056597292
80,800,4.1090393,0.4276241,0.00804159,0.016081214
80,3805,70.07567,0.42652866,0.23290727,0.4485489
81,1438,28.381413,0.42185366,0.072638676,0.1383982
81,3143,44.708237,0.42099977,0.1183337,0.22852203
82,5828,1.8714714,0.45038366,0.0027965829,0.0058890283
82,2697,111.48748,0.43706572,0.22715068,0.43759358
82,4106,24.35277,0.44930223,0.051669385,0.09790767
83,5827,2.513012,0.4619149,0.004921049,0.0099904835
83,3788,0.6404991,0.433868,0.0047736615,0.009414822
84,6468,145.78387,0.47026026,0.3240544,0.6243802
84,1142,104.48283,0.47081754,0.23267713,0.4474085
84,2641,57.787827,0.47125176,0.12715739,0.24652697
85,3784,1.7960739,0.44913417,0.0035283193,0.0072342604
85,107,21.913406,0.44783264,0.049253464,0.093533136
86,106,18.248632,0.44934314,0.040372822,0.077987045
86,85,23.300022,0.44740278,0.0535505,0.10155687
87,3859,1.5140533,0.46649188,0.004080519,0.008670583
87,482,73.18281,0.47351846,0.16005158,0.31017488
88,3780,1.6201019,0.4392971,0.0028539822,0.0060530007
88,248,56.372223,0.44245425,0.124600664,0.24086739
88,242,70.65042,0.43754753,0.15812984,0.30428663
89,1761,25.124022,0.46609917,0.053931653,0.102811955
89,2645,67.9658,0.46302646,0.1334288,0.25869432
90,1405,1.6217918,0.48141068,0.003089115,0.0062220395
90,836,5.0101585,0.4753502,0.012218706,0.02443026
91,4258,1.7576523,0.4364202,0.0026572421,0.0055439174
91,2679,188.73093,0.44323394,0.3881281,0.74888223
91,1466,47.02548,0.4361888,0.105100766,0.20304197
92,205,2.422783,0.4514608,0.0047156364,0.009719372
93,3752,2.350628,0.22849634,0.0066452995,0.011316553
93,3754,50.009323,0.44179764,0.11396255,0.21995682
94,3745,1.9836273,0.44663253,0.0036756396,0.0074197054
94,2186,15.088638,0.45273128,0.033220846,0.064333424
95,3777,1.0064392,0.24179658,0.0041032434,0.005529374
95,6099,1.758255,0.4203208,0.0039029643,0.007999167
96,97,51.367752,0.44450933,0.11446205,0.2216688
96,5313,14.637772,0.4391514,0.03225582,0.062063925
96,119,25.99119,0.440355,0.055555325,0.10518475
97,96,51.43232,0.4434428,0.11387151,0.2201173
97,6077,41.64946,0.4490388,0.090234466,0.17384772
97,120,29.662998,0.4488026,0.06655373,0.12596166
98,116,13.518911,0.44624943,0.02714032,0.052506432
98,123,29.58947,0.4468528,0.066901885,0.12674125
99,2836,2.4969292,0.44257304,0.0045263544,0.009200335
99,1244,12.348637,0.44190845,0.026465148,0.051226974
100,378,8.69949,0.4462289,0.019096643,0.03721012
100,119,67.23888,0.44187266,0.13450533,0.25985137
100,4227,15.202261,0.4436976,0.03336294,0.06411902
101,100,46.029358,0.44210172,0.09537064,0.1822004
101,5480,21.412943,0.44249937,0.04632945,0.08831375
101,3761,67.566956,0.43278563,0.1363506,0.2629097
102,2359,3.1263275,0.44867477,0.0063833147,0.012279063
102,6845,1.7146034,0.44259787,0.0032889321,0.006785676
102,4642,41.258392,0.44389945,0.082186274,0.15723938
103,4256,2.1579247,0.44469506,0.0044713393,0.008924574
104,1072,1.7909279,0.45562685,0.003174305,0.0064212233
104,4444,32.7454,0.45001525,0.06592674,0.12479387
105,4543,1.7487946,0.4592587,0.0024423152,0.005127251
105,6253,36.16817,0.46007708,0.08271295,0.15958543
106,107,20.97847,0.44422597,0.046960633,0.08962882
106,5314,107.25092,0.436141,0.23730963,0.4571755
106,86,17.920645,0.44426405,0.03921035,0.075664684
107,248,19.94554,0.44674838,0.04445351,0.08533651
107,106,20.702616,0.44757783,0.04658009,0.08901258
107,85,21.558037,0.44833246,0.04850903,0.092401735
108,3778,20.533075,0.4327347,0.0450401,0.086093575
108,4416,26.513441,0.43495953,0.064628825,0.12271999
108,2277,2.6354103,0.43400565,0.007285759,0.01479125
109,2306,10.772261,0.4416559,0.025399081,0.049553394
109,4420,1.5461998,0.44165123,0.0044714436,0.009086683
110,3761,1.8510361,0.43254104,0.0027709901,0.005729899
110,5314,46.4645,0.43481678,0.10302611,0.19933742
110,6105,31.829727,0.42957526,0.066813014,0.12589695
111,104,2.4896011,0.4547637,0.005120307,0.010462642
112,2242,19.154411,0.4517223,0.042766012,0.08208399
113,3746,1.8061943,0.4465001,0.0025786832,0.0053723156
113,4444,99.86739,0.4414633,0.20433398,0.3930673
113,94,19.257833,0.44711378,0.043087862,0.08277467
114,2362,5.87595,0.43989867,0.011437178,0.02243632
114,4419,26.721617,0.44019488,0.050385922,0.09525877
114,115,41.832848,0.44437975,0.084619924,0.16226201
115,3750,32.643,0.24351686,0.09917038,0.16981342
115,114,42.824577,0.43999618,0.086448684,0.16523394
116,2665,73.915855,0.43497127,0.11524157,0.2241899
116,124,25.493017,0.443528,0.05874444,0.111237764
117,2130,43.67146,0.43960643,0.09652895,0.18670593
117,1958,38.258743,0.44425413,0.08407449,0.16217977
117,2129,93.44944,0.43320692,0.1912928,0.36797735
117,3849,19.712778,0.44066554,0.042706408,0.082043365
118,2384,5.908886,0.44690642,0.011679038,0.023277506
118,5308,1.899128,0.4478789,0.0028654188,0.0058399737
118,1958,29.669624,0.44836503,0.061936557,0.11717032
119,100,67.316,0.4400017,0.13366328,0.25799647
119,96,25.90648,0.44111037,0.05616613,0.10579291
120,119,38.65319,0.44567207,0.07995552,0.15262742
120,123,11.000216,0.44781777,0.024009123,0.046499982
120,97,29.752205,0.44800004,0.066073984,0.12574467
121,2666,56.66371,0.45104033,0.112878375,0.21898861
121,5062,50.885826,0.44917187,0.11167771,0.21684614
121,2722,54.237183,0.4524712,0.120891295,0.23460782
122,124,77.195984,0.4457302,0.17496425,0.33565253
122,1955,90.974976,0.44269037,0.14049254,0.2714597
122,3172,20.333948,0.44691187,0.04382392,0.08388529
122,2665,40.06024,0.44812053,0.081152685,0.15491067
123,116,27.650608,0.445647,0.063044675,0.11918892
123,120,10.730568,0.4493528,0.023197792,0.045171395
124,1792,25.460281,0.44656298,0.058175884,0.11049266
124,1650,27.880135,0.44659775,0.06413395,0.12110931
125,3782,1.9222031,0.45510292,0.0040159374,0.008384466
125,6691,31.567257,0.45878804,0.071082674,0.13464132
126,1697,2.209011,0.46991557,0.004689239,0.009706259
126,1865,12.784224,0.475454,0.030046154,0.058305174
127,3791,48.61567,0.4711013,0.105692364,0.2039704
127,1868,12.55134,0.46877572,0.02759701,0.05318442
128,6898,1.5888252,0.47404987,0.0032294393,0.006973505
128,2648,38.632065,0.47208047,0.08279613,0.15945831
129,5317,1.9540291,0.47417042,0.0035663545,0.007223025
130,5314,1.8144913,0.43710053,0.00360962,0.0075065345
130,3761,45.057762,0.43515074,0.10223573,0.19725172
131,4545,110.05084,0.44962168,0.24415416,0.4709378
131,2198,2.9223747,0.44893384,0.006116323,0.012103483
131,4544,168.50273,0.44743612,0.3467717,0.6684653
132,133,1.9813042,0.45879796,0.0029002205,0.0058211386
132,2200,4.111927,0.45536882,0.013379805,0.025972337
133,132,1.5775566,0.4605296,0.002106987,0.004369527
133,2618,68.425476,0.46365458,0.1364652,0.2647511
133,6252,32.85368,0.45815915,0.10627549,0.20967478
134,4560,46.306877,0.46875763,0.09131917,0.17749815
134,2650,20.658453,0.46534464,0.044199456,0.084413
134,4556,43.882607,0.4672409,0.086042464,0.16727346
135,4558,2.4224167,0.47199887,0.0036916956,0.007605493
135,6470,1.748333,0.46991453,0.0022574365,0.0046895593
135,6469,5.7438583,0.47780675,0.012472913,0.024450883
136,137,39.06463,0.4682644,0.077973604,0.14956006
136,2650,66.25166,0.46536052,0.13225585,0.25579384
136,1429,22.202513,0.4678066,0.0492881,0.09387934
136,1428,49.492958,0.46477315,0.108386055,0.20990734
137,2703,51.7782,0.46517465,0.10063787,0.1955344
137,2649,15.959007,0.4674485,0.03344044,0.064771004
137,136,39.086143,0.46897122,0.07757547,0.14822306
138,112,43.802376,0.45787606,0.09837975,0.19083267
138,2694,9.287918,0.45062327,0.019220367,0.03753841
138,4447,4.073574,0.45141882,0.00865823,0.017236948
139,2693,99.62967,0.46303362,0.1998443,0.3844446
139,230,26.925426,0.48103353,0.056677315,0.107460305
139,140,44.616364,0.48344195,0.08741709,0.16949174
140,2733,49.90631,0.4758248,0.09954332,0.19301523
140,139,44.51897,0.48261958,0.087816715,0.17064324
140,141,45.90243,0.48766905,0.08941322,0.17364043
141,3845,1.3932762,0.48715436,0.0017778352,0.003815651
141,143,16.433992,0.48812646,0.035393745,0.06859243
141,140,45.877724,0.4872682,0.089983195,0.17508432
142,141,40.73585,0.486536,0.08825621,0.16983674
142,4459,1.4692192,0.47467354,0.0026377589,0.005905062
143,4458,1.6026039,0.49432227,0.0030333027,0.006284341
144,6485,1.4912987,0.49709508,0.0031365603,0.006446451
144,3843,1.7229004,0.49815717,0.0022665858,0.0046339035
145,3841,1.5224342,0.50589347,0.0021701008,0.0044775903
145,4082,37.686916,0.50913274,0.08246637,0.157279
146,4034,1.4158096,0.51054496,0.0018497482,0.0037569404
147,4446,1.9099007,0.45475644,0.00359153,0.0073729455
147,461,3.7007637,0.44795886,0.0068788007,0.0137581825
147,3753,69.93943,0.44298485,0.15628389,0.3000298
148,4430,1.3376923,0.4423812,0.004104048,0.008514091
148,3151,27.373411,0.44011056,0.060527578,0.113735214
149,651,29.098019,0.47006476,0.06036429,0.114207625
149,652,52.056396,0.4659227,0.102758005,0.19951883
149,4403,28.880371,0.46651262,0.060005557,0.11370314
149,1401,38.55745,0.4706715,0.07686013,0.14658786
150,4391,1.883934,0.45856643,0.0026512966,0.0054983497
150,4403,25.964705,0.46057135,0.054795165,0.10356287
150,6955,24.84866,0.46037537,0.056262575,0.106490426
151,654,25.601368,0.45352834,0.054718476,0.10309109
151,6108,10.337969,0.45032343,0.021432549,0.041860834
151,4391,56.782223,0.45398995,0.11286723,0.21863644
151,152,23.319183,0.4511931,0.050120942,0.09495614
152,170,19.932169,0.44714,0.0442585,0.0849285
152,648,24.118927,0.4516113,0.05413152,0.102313556
152,4431,30.885303,0.447135,0.06405837,0.12101379
152,151,23.548782,0.44951692,0.050675284,0.09599009
153,467,22.60454,0.5102813,0.04748132,0.090656504
153,7029,2.1130142,0.5036279,0.0022299066,0.004968509
154,6148,0.9882088,0.50725776,0.0014710575,0.0038846731
154,6150,33.589695,0.5094671,0.06902282,0.13050508
155,479,16.269148,0.5055758,0.03382515,0.0653839
155,4422,55.692505,0.5024779,0.10747764,0.20816174
155,466,27.214088,0.5027957,0.056109168,0.10645044
155,6146,26.349388,0.50629574,0.055331066,0.10541819
156,5421,1.9147911,0.49949256,0.0016759112,0.00354895
156,3937,57.627502,0.4940463,0.11115128,0.21549714
157,3846,1.4653778,0.4889143,0.001775682,0.003922656
157,6111,1.5397987,0.49062103,0.0034108907,0.0071983486
157,466,57.97963,0.49436754,0.11419807,0.22175714
158,4409,1.6760559,0.46937498,0.0029365644,0.006149471
158,4399,41.386868,0.477318,0.08827874,0.1704629
159,162,17.208855,0.46531624,0.037372787,0.07193985
159,4409,16.322205,0.4694547,0.035547104,0.068564124
159,4397,45.01436,0.46982232,0.088902496,0.17291617
160,471,29.320906,0.47804,0.06004122,0.11371046
160,4406,17.301424,0.47505635,0.03621846,0.0701985
160,4397,26.304874,0.47378343,0.05482869,0.103574835
160,4402,17.999207,0.47233784,0.03786239,0.073212996
161,471,42.690926,0.48082194,0.08382819,0.16103823
161,5046,14.376551,0.4867239,0.033550616,0.06573771
162,5535,2.034851,0.46246448,0.003053777,0.0062602907
162,159,17.27201,0.4672328,0.037583377,0.07224692
162,163,41.095757,0.4688357,0.0886059,0.17172813
163,6120,1.4561157,0.43646717,0.0024250373,0.005379021
163,4396,6.264015,0.4689906,0.013781518,0.027269438
164,4411,1.8633308,0.4777705,0.0025695115,0.0051939785
164,471,17.951645,0.4760841,0.037773527,0.07292666
164,165,38.79812,0.48114952,0.08245055,0.15871868
165,1406,1.3400459,0.47370794,0.0026056617,0.005736634
165,161,14.460379,0.48287067,0.0336233,0.065291554
166,167,29.005817,0.4599371,0.0648786,0.12393078
166,162,33.95741,0.4653057,0.075433545,0.14386326
166,6600,29.26767,0.4601822,0.06631782,0.12606181
167,459,23.340166,0.45418173,0.050378278,0.09545157
167,6599,41.790855,0.45384312,0.08310651,0.16006106
167,168,17.10276,0.45545298,0.037305176,0.07177199
167,166,28.586826,0.45849666,0.06361923,0.12087825
168,459,17.507124,0.45280102,0.036974087,0.07141679
168,3847,30.636469,0.4515289,0.06436779,0.12095194
168,169,5.739208,0.45250994,0.012257718,0.024185494
168,167,16.92257,0.45620897,0.036721665,0.07081231
169,458,22.877865,0.45691162,0.051339865,0.09769721
169,168,6.211342,0.45259997,0.013090096,0.025690153
170,152,19.928593,0.44876182,0.044324562,0.08475055
170,653,21.02096,0.45081675,0.050975047,0.0975656
171,1074,25.070196,0.45576346,0.055873547,0.10577621
171,181,37.29181,0.4545737,0.08182562,0.15696464
172,6454,2.2725105,0.44822058,0.0018912405,0.0041424036
172,6453,1.664177,0.45735422,0.0034871995,0.0072654933
173,6456,27.782038,0.4511539,0.063702375,0.12021734
173,1269,89.87122,0.44676065,0.17800534,0.34323585
174,2148,16.569199,0.45420036,0.034812007,0.067163214
174,2674,34.152073,0.4575944,0.06949743,0.1321084
174,233,13.721138,0.45701438,0.02868314,0.055516385
175,694,1.3976898,0.4723706,0.0044028983,0.009918153
175,1018,0.63974,0.026971966,0.0025212169,0.0064216703
175,5468,41.647137,0.473034,0.09452833,0.18398231
176,2718,18.732157,0.47352245,0.044101883,0.085281715
177,6669,26.071135,0.46306533,0.048693307,0.0928522
178,6220,38.826996,0.4526796,0.04904005,0.09363834
178,238,66.85362,0.45335758,0.1461594,0.28105953
179,6713,17.491493,0.43078807,0.038605988,0.07436602
180,1076,26.470873,0.44844016,0.056243442,0.10617038
180,1137,37.05317,0.4463124,0.082866535,0.15857777
181,180,32.45992,0.45182633,0.07227741,0.13869381
182,367,8.687965,0.4877845,0.021046601,0.041569978
183,3291,83.77338,0.4761564,0.16763464,0.32356995
183,3580,23.214153,0.49093816,0.057550963,0.11190905
184,6882,8.943947,0.4883114,0.01873494,0.037148803
184,1646,11.502975,0.4899671,0.022122972,0.04392664
185,6236,3.1277046,0.48981008,0.0057611316,0.011963174
185,1054,2.0720978,0.49090815,0.0034740493,0.0075273365
185,997,53.759453,0.4977653,0.10972189,0.2129812
186,3085,38.10995,0.4969613,0.076015025,0.14589608
186,3588,29.9032,0.49882528,0.06631892,0.1268692
186,2749,68.320915,0.491645,0.15189812,0.2932142
187,2542,6.69701,0.4919067,0.013552859,0.026762784
187,2541,7.5995636,0.49056754,0.015196145,0.030269414
187,828,36.54094,0.49226278,0.07281169,0.1396862
187,998,18.973854,0.4892741,0.039951682,0.077187955
188,5728,36.792305,0.48874608,0.08280435,0.15784046
188,189,23.647112,0.48953065,0.058125254,0.11235511
189,3236,2.777645,0.4868946,0.0076130778,0.015736118
189,405,5.774124,0.49202847,0.014812864,0.029770032
190,1080,29.87857,0.4924468,0.07510637,0.14154129
190,3007,23.233809,0.4869818,0.050078545,0.09563401
191,755,67.52232,0.49359614,0.13324162,0.25851983
191,3613,32.068623,0.49723247,0.08077637,0.15407656
191,1118,3.0395966,0.49388957,0.0044545904,0.009484053
192,2058,1.4511948,0.46504444,0.0013015494,0.002774313
192,1044,5.393833,0.4883228,0.012334265,0.024648428
193,1373,52.44317,0.48158827,0.114059016,0.22139964
193,4386,52.126343,0.48216116,0.11504394,0.22395857
194,1019,27.059204,0.47363102,0.07019271,0.13372773
194,6516,174.82295,0.4505836,0.39089927,0.7515088
195,2588,3.4098206,0.40949833,0.012002431,0.023774952
195,7002,3.696991,0.41012812,0.0124769285,0.02424036
196,7003,17.677628,0.40924656,0.03959493,0.07584727
196,2698,113.71401,0.41790643,0.23357132,0.44837624
197,631,2.0447464,0.36811212,0.003841184,0.007531017
197,1309,20.435865,0.37636492,0.050699163,0.09689058
198,197,16.158615,0.36742106,0.039576083,0.0756998
198,1684,1.8377419,0.35820848,0.0041100383,0.008146569
198,632,1.896656,0.35991532,0.0038852096,0.007662475
199,627,2.3389664,0.31616724,0.0058427528,0.0111910105
199,2319,27.86487,0.3006105,0.07201387,0.13673763
199,1623,2.079071,0.31599513,0.0054429322,0.010307908
200,2627,2.2037697,0.39400727,0.003778331,0.007654801
200,3538,67.91872,0.3997036,0.14036992,0.27129605
200,6873,13.163553,0.40109545,0.030630175,0.05902244
201,6455,32.708416,0.4513426,0.084366016,0.1591505
201,202,29.974781,0.4535481,0.07548368,0.14372708
201,1073,13.9661255,0.4510851,0.029671699,0.057555072
202,201,29.174,0.45452842,0.07466416,0.14291218
202,1954,33.469555,0.45202374,0.08518895,0.16218507
202,1077,13.851538,0.44692707,0.02897475,0.056182608
203,3837,2.127945,0.44397622,0.0040861815,0.008331642
203,4326,1.6868019,0.4355411,0.0049969405,0.010062113
204,6764,2.4641876,0.4625664,0.004670903,0.0094795525
204,2146,7.4175644,0.45483667,0.015663162,0.031049266
204,3510,41.463745,0.46087915,0.09282014,0.17853002
205,206,13.888086,0.45944393,0.03045328,0.058918647
206,6428,43.007923,0.45363957,0.084891,0.16353527
206,208,1.8828392,0.4643437,0.0040607676,0.008157253
207,6378,53.85556,0.4624638,0.1081873,0.21015303
207,5176,16.922894,0.46102276,0.036782466,0.07141801
208,6491,1.781517,0.46148598,0.0034523085,0.0068937987
208,5305,47.409157,0.45902115,0.10497567,0.20550874
209,3006,8.971703,0.47299075,0.019469172,0.038132086
209,6496,25.017103,0.46345222,0.061097383,0.11663623
210,1136,39.12465,0.46740586,0.07912206,0.1512678
210,2000,12.494284,0.46585375,0.026199564,0.051173955
210,6663,19.671886,0.4646987,0.04248651,0.081642635
211,692,91.43677,0.47230613,0.18446489,0.3565083
211,6336,29.877842,0.4787038,0.064768694,0.12381917
212,374,15.289173,0.48426828,0.03532805,0.06875706
213,227,8.889126,0.4860369,0.016670726,0.033205435
213,2981,4.1656303,0.4819727,0.008942135,0.018666029
214,335,5.8297806,0.45460635,0.012662791,0.025223061
215,3004,21.355936,0.49614832,0.045041014,0.086299
215,1340,8.004234,0.49837577,0.016110145,0.031883836
215,247,138.11908,0.4908916,0.27439556,0.53106946
215,2731,94.15059,0.48745134,0.18661955,0.35986996
216,3004,40.438095,0.4951236,0.08708117,0.16777119
216,6243,56.085484,0.48468944,0.122580186,0.23795602
217,3002,10.084099,0.49407947,0.021232642,0.041580692
217,3003,14.232019,0.4911087,0.03146925,0.061091833
218,2979,37.67884,0.4923089,0.08216476,0.15675284
218,217,17.475863,0.49371302,0.03721462,0.07211798
219,6737,1.5592842,0.5052513,0.002213426,0.0047219545
219,5213,24.864756,0.5042665,0.055893842,0.10719401
220,230,73.77106,0.47744077,0.14574954,0.2817039
220,48,92.36933,0.4818659,0.18221325,0.35140142
221,225,27.808655,0.46660513,0.058077294,0.110363334
221,25,7.3291473,0.46953854,0.014957733,0.02977109
222,223,63.29416,0.4693033,0.12471135,0.24229884
222,176,16.74598,0.4684966,0.035978105,0.06958371
223,2691,1.8449554,0.4738223,0.0048628226,0.009591505
223,222,63.110764,0.47147468,0.12453692,0.24259391
224,221,91.36459,0.47411323,0.18211998,0.3519413
224,6003,16.28242,0.47997186,0.037452307,0.07243391
225,2718,55.64392,0.46764937,0.110499725,0.21468326
225,209,37.6695,0.47012338,0.07659067,0.14478351
225,221,27.724785,0.46939373,0.0577423,0.1096909
226,1439,28.998516,0.46134382,0.06018998,0.11500707
226,6742,2.5869331,0.46795535,0.0072838143,0.014693499
227,992,44.310516,0.4891611,0.10986764,0.21326496
228,226,28.472471,0.4652331,0.07016532,0.13417463
229,4692,30.337612,0.466508,0.07790469,0.14676307
229,2719,73.76543,0.46789733,0.2420348,0.46617466
230,220,73.58217,0.48054495,0.14526147,0.2801965
230,139,27.261219,0.48261377,0.057258897,0.108375214
231,1076,35.76624,0.45120105,0.072682485,0.13887554
231,1074,41.6618,0.4547072,0.08296044,0.15982221
231,181,25.678947,0.4535768,0.05513892,0.10395541
232,1076,42.0674,0.4456523,0.08342451,0.15923837
232,1137,23.03016,0.44220948,0.05624673,0.107561186
233,2147,16.94362,0.45512632,0.03578184,0.06913916
233,6450,34.786465,0.45865807,0.07047777,0.13412294
233,5432,13.880234,0.45718294,0.029029481,0.056350335
233,174,13.818741,0.45675313,0.028911151,0.05601728
234,4981,1.2777138,0.43881965,0.004502319,0.008894861
235,1077,42.161625,0.44813982,0.083968334,0.16087896
235,232,10.273968,0.44579825,0.024312302,0.047259018
236,2672,66.17139,0.42574224,0.14830528,0.28800458
236,2670,97.6548,0.43224862,0.19796765,0.381113
237,2637,71.63852,0.41893914,0.14671162,0.28405637
238,178,66.47902,0.44841707,0.14665931,0.2821032
238,239,36.334587,0.45622784,0.0734397,0.13960382
238,6429,21.165977,0.45572993,0.04517459,0.08646665
238,5217,54.314487,0.45795387,0.11845204,0.22992557
239,1393,14.730196,0.45473185,0.031029884,0.05992873
239,238,36.525963,0.45612988,0.07408573,0.14135045
239,5459,72.96135,0.44826883,0.146392,0.28241938
240,2364,4.4176636,0.44034982,0.0092149,0.018361479
240,3754,29.821087,0.4451571,0.06763773,0.12903742
241,114,4.0550385,0.44192284,0.00785739,0.015726656
241,2362,5.9913483,0.4360057,0.012762286,0.025170594
242,3779,1.7365341,0.4302183,0.0030871704,0.0065383315
242,246,5.378311,0.42702228,0.012203075,0.023868129
243,2836,34.067726,0.45178995,0.06550722,0.122881554
243,2761,43.914417,0.44686007,0.120492056,0.23123896
244,4226,2.2573433,0.44490618,0.0027524456,0.00565958
244,5480,44.70785,0.44587025,0.09163618,0.17575765
244,100,20.17926,0.44610304,0.045713264,0.08721768
245,6257,8.280777,0.45404592,0.016994596,0.033129424
245,4426,51.471626,0.44759482,0.10355965,0.19978727
246,3749,23.893026,0.43108872,0.054028206,0.10285026
247,215,138.54062,0.49005845,0.27711344,0.5361762
247,1521,5.0344696,0.48225313,0.012240224,0.024412706
248,6104,109.24647,0.427949,0.22421655,0.43048733
248,88,56.39748,0.44315487,0.12484045,0.24090473
248,107,19.528208,0.4446834,0.043325406,0.083015345
249,292,44.43886,0.4978851,0.097728364,0.18674721
249,3707,23.154444,0.5002955,0.045647826,0.08647899
250,1555,2.8826523,0.30274403,0.0087427795,0.016368777
251,5249,56.423035,0.3469382,0.15045698,0.29440045
251,695,43.221146,0.33297896,0.092741095,0.1767886
252,1895,2.005844,0.37180752,0.0049420744,0.009699225
252,4868,3.9353561,0.3717909,0.008647695,0.01689291
253,1897,0.543766,0.36822104,0.005645141,0.010826334
253,700,68.30194,0.3737488,0.10847668,0.20585442
254,2126,3.443924,0.36632684,0.0040147454,0.008124739
254,5370,45.008644,0.36189872,0.102571055,0.1957001
255,3953,47.121906,0.24104792,0.13665597,0.27103215
255,269,121.89151,0.2800772,0.27607045,0.53399986
256,6993,35.994503,0.2971052,0.07981908,0.14980367
256,4160,46.888927,0.31072354,0.1649614,0.32604507
257,1875,200.99937,0.41928357,0.417607,0.8038252
257,1875,27.826256,0.4221066,0.06976243,0.13153252
258,6139,1.5803795,0.48616436,0.0033589974,0.0072858483
258,7048,11.937386,0.49062797,0.028097034,0.05487655
259,2167,5.617428,0.46486074,0.010681078,0.020792887
259,2411,1.9742355,0.47417402,0.006334059,0.012669653
260,5044,2.2398834,0.49371582,0.0026117936,0.0052116513
260,5206,57.05886,0.49261376,0.15097407,0.29315242
261,941,28.622814,0.45075524,0.061552413,0.117196456
261,975,42.225334,0.45247236,0.10691224,0.20722269
261,4774,15.069658,0.44780084,0.032231044,0.06239564
262,965,28.513496,0.45864254,0.061732635,0.11697225
262,923,10.2702675,0.46322772,0.024226949,0.04701753
263,980,8.873562,0.07346454,0.019958548,0.040115505
263,895,35.913986,0.4726155,0.0924198,0.17828766
264,4303,20.765186,0.45488793,0.05165359,0.099733174
264,1370,11.263836,0.08167529,0.040199425,0.078989364
265,6329,24.683887,0.50455236,0.054705594,0.10448951
265,4109,63.49138,0.5023789,0.12314436,0.23939331
265,6330,23.262505,0.50377107,0.051244628,0.09798191
266,3907,22.976711,0.50433886,0.04812963,0.09178001
266,1372,32.06901,0.50593513,0.06471993,0.12413311
267,449,1.4944077,0.5118172,0.0018806681,0.003975913
267,3675,2.2350922,0.51134896,0.0033047274,0.007028118
267,5486,60.462746,0.5106125,0.15569264,0.301062
268,6530,1.3322754,0.25352877,0.0057724193,0.010174349
268,6993,95.26992,0.26490057,0.21809402,0.42380923
269,6993,97.57926,0.29701692,0.22117025,0.42758542
269,255,121.3087,0.27969038,0.27824086,0.53671825
269,270,103.20438,0.333266,0.2291364,0.44206774
270,274,116.28587,0.35433257,0.25270316,0.4859357
270,269,103.44848,0.3340243,0.22855005,0.4414339
270,271,94.146706,0.34853256,0.20433171,0.394462
271,4259,1.7217407,0.3471436,0.003497608,0.0067913234
271,2128,30.716457,0.35128552,0.067777514,0.1265794
271,270,93.5015,0.34936774,0.20346516,0.3935386
272,1902,2.6959686,0.28503317,0.0053630024,0.009964317
272,2117,16.059671,0.2912798,0.04601478,0.08968202
273,2927,89.92713,0.34661156,0.19558272,0.37965792
273,274,8.980598,0.35897225,0.019610338,0.03761658
273,715,91.04425,0.37634066,0.19373399,0.3740034
274,275,43.88491,0.36682665,0.092797145,0.17721677
274,273,9.33733,0.35894936,0.020297706,0.038951874
274,270,115.67555,0.3546046,0.25149924,0.4838236
275,715,114.64782,0.38303307,0.24353912,0.4674939
275,5780,72.52573,0.3733542,0.15469031,0.3002212
275,274,44.0827,0.36724147,0.093110494,0.17751504
276,3592,1.6258278,0.49771467,0.002153717,0.004377663
276,1335,6.965439,0.49817273,0.014487445,0.028543025
277,3590,1.7249908,0.48890635,0.0027474612,0.0056561828
277,1333,19.019638,0.48954275,0.040260423,0.077610366
277,3594,43.48014,0.484314,0.09398855,0.18310058
278,279,25.120733,0.46735102,0.053760324,0.10274094
278,5409,23.058353,0.46854088,0.049523186,0.094641164
279,2489,4.488922,0.46571544,0.008655593,0.016754746
279,1024,32.62832,0.4693879,0.06831869,0.12917762
280,281,44.25888,0.47436947,0.08709451,0.16823786
280,6359,15.581085,0.47385296,0.033177733,0.06419789
280,1003,44.27433,0.4740563,0.08937141,0.17074248
281,2986,1.7217636,0.4772675,0.0022578537,0.0045953393
281,280,44.16142,0.47733507,0.086532086,0.16721937
281,1568,35.15465,0.4824185,0.075851396,0.1437365
282,6785,16.675833,0.4790591,0.03521154,0.06845393
282,3438,7.5832596,0.4851011,0.015318118,0.029741377
283,299,25.207085,0.484081,0.053629942,0.102083184
283,5075,37.513306,0.48875898,0.09556861,0.18615396
284,285,15.748407,0.49444738,0.03351869,0.06528566
284,407,23.166069,0.49184853,0.05099501,0.09751772
285,286,22.892323,0.49090233,0.050128046,0.09600463
285,380,50.909996,0.49554777,0.10332554,0.20009145
286,3499,21.118868,0.49767366,0.05195688,0.10055144
287,2459,1.224369,0.53852016,0.0013278648,0.0033471137
287,484,105.4664,0.5316959,0.20222008,0.39237332
287,290,17.217484,0.5404029,0.040368676,0.078287974
288,1482,15.328039,0.5294887,0.031783935,0.061925083
289,3420,1.1903267,0.5339826,0.0013132393,0.0032637417
289,451,46.644554,0.52777135,0.098606355,0.18900105
290,2470,1.3045387,0.535996,0.0016467199,0.003747642
290,1188,11.858362,0.54023516,0.027920999,0.054605648
291,1964,46.832,0.49381113,0.09289711,0.1796247
291,3626,175.52531,0.48120108,0.35169125,0.67869383
291,5579,36.77669,0.49879918,0.07340634,0.1396716
292,4631,72.70162,0.487081,0.19054678,0.36688265
293,4019,0.9649086,0.29881716,0.00412751,0.005456388
294,3525,2.3050728,0.5400743,0.0012077391,0.0033376515
294,4367,57.966022,0.5390315,0.12447661,0.24008578
295,5775,0.94143677,0.2852172,0.0038052201,0.005099863
295,3963,45.89593,0.32936174,0.16652113,0.26211968
296,323,4.143963,0.5265185,0.013736509,0.026820272
296,4787,3.7741508,0.54111016,0.006711796,0.013920382
296,4471,37.804516,0.53527546,0.06583536,0.12710728
297,396,60.227577,0.5050874,0.11646487,0.22645982
297,5528,28.650932,0.5072996,0.058039594,0.110266194
298,3087,1.0922585,0.48810312,0.0038607419,0.008242756
298,5859,17.818884,0.4901982,0.04316125,0.0838992
299,283,25.167469,0.4839487,0.054022454,0.10292513
299,3503,45.541363,0.48533362,0.09026332,0.17432295
299,680,44.86909,0.49098963,0.08819139,0.16933782
300,4571,1.170166,0.53970945,0.0011968613,0.003132388
300,303,42.09906,0.5406685,0.080105,0.15350813
300,4570,4.737301,0.5335248,0.009926543,0.020242527
301,4574,2.2972984,0.5382505,0.0045318455,0.009146646
301,502,9.835567,0.53315645,0.020255119,0.04003547
302,314,38.837933,0.53491265,0.075758845,0.14654717
302,502,46.69859,0.53054416,0.08798329,0.16931757
302,3906,76.081604,0.52996016,0.14258459,0.27500662
303,300,42.447388,0.5362322,0.08147532,0.15554428
303,3157,65.49226,0.5356214,0.12635556,0.24662787
303,3133,61.70121,0.534588,0.11822613,0.23048767
303,316,59.84135,0.5366511,0.116362,0.22707522
304,2923,109.09381,0.5256206,0.21184886,0.41099012
304,3285,220.58742,0.51738507,0.4333479,0.84185255
304,3896,68.96847,0.52875763,0.13348255,0.25949058
305,3900,30.046516,0.2929266,0.11204065,0.1837058
306,3896,6.6690407,0.5304193,0.012878403,0.02596283
306,4137,2.1710663,0.5312189,0.0029994622,0.006652251
306,2924,5.5105324,0.53355694,0.013516203,0.026662096
307,327,274.8355,0.52351713,0.58660865,1.1459233
307,1519,48.091137,0.31675297,0.18266311,0.29158726
308,310,75.39334,0.52027506,0.16101281,0.31166154
309,3957,1.6113281,0.52266943,0.0022162944,0.005148068
309,3557,36.80713,0.51755595,0.07679182,0.14680226
309,4624,40.13728,0.52169144,0.07765961,0.1494813
310,329,88.83539,0.51989424,0.19488928,0.3753226
310,308,77.06627,0.5216992,0.1604181,0.31127837
311,3105,7.6364403,0.46224594,0.05184845,0.10517876
311,1753,37.61665,0.47419983,0.09324561,0.18031855
312,19,65.78816,0.4455442,0.15079482,0.29043
312,1916,6.3836403,0.43602487,0.045487564,0.09175883
313,4569,2.4396057,0.5348633,0.0027774572,0.006761506
313,4567,5.7668114,0.5358214,0.012406059,0.025438711
313,314,73.80692,0.53537065,0.14223571,0.27697283
314,313,74.42491,0.5325958,0.14363532,0.27917296
314,302,39.200905,0.5340816,0.07594905,0.14624298
314,3133,51.835495,0.53428745,0.0983585,0.19041196
314,315,82.75473,0.5315462,0.15934019,0.30951154
315,359,66.62268,0.5323974,0.12641452,0.24544632
315,319,22.757763,0.5360077,0.044004593,0.084808044
315,314,82.656006,0.53241205,0.15794909,0.30756128
316,3127,66.165665,0.53847194,0.12696153,0.24767864
316,303,59.635765,0.53968674,0.11408979,0.2225629
316,3099,81.033,0.53428024,0.15357172,0.29846856
316,3126,37.29591,0.5369578,0.07236214,0.1393493
317,321,59.97724,0.53410935,0.114943296,0.2234537
317,318,52.12217,0.5324984,0.09923893,0.19186404
317,4569,49.326683,0.53148717,0.09335083,0.17996687
318,317,51.849827,0.53483814,0.099460445,0.19205655
318,499,36.451866,0.5354926,0.07431581,0.14233753
318,3372,79.654724,0.5307224,0.11814105,0.2274119
319,4215,2.937626,0.53212124,0.00471244,0.010500252
319,315,23.0634,0.54006684,0.045580678,0.08817564
320,5496,36.70274,0.5352406,0.070978805,0.13680562
320,4566,37.77381,0.5351946,0.07268382,0.13995123
320,3100,55.458126,0.53917575,0.113855734,0.2215012
320,496,75.158295,0.5357655,0.15326914,0.29846394
321,317,59.779427,0.5317419,0.11461039,0.22276282
321,4567,104.86818,0.5294597,0.2176069,0.421112
321,501,32.994514,0.53302205,0.071316406,0.13772596
322,6806,98.70297,0.53438544,0.188656,0.36667198
322,3157,33.36969,0.5364533,0.0689593,0.13200967
322,3155,22.491306,0.5312003,0.049290564,0.094490185
323,2498,1.2492485,0.52605224,0.0074558556,0.014218882
324,4243,2.235775,0.5246547,0.0035048053,0.007723883
324,3958,3.890648,0.5216789,0.0070707127,0.014517754
324,3285,76.64843,0.5193218,0.14734222,0.28659046
325,2923,7.795742,0.5279621,0.015600339,0.031117022
325,3158,56.75861,0.5243517,0.10918872,0.21168628
325,2151,84.35738,0.5253258,0.16220444,0.31496507
326,4609,14.34256,0.5269034,0.029623657,0.058087133
327,307,274.67352,0.5198686,0.5837142,1.1378819
327,328,46.335762,0.52963406,0.08855938,0.17109092
328,327,45.912926,0.5278254,0.08672218,0.16684514
329,4593,2.512745,0.52296066,0.0014340654,0.0039197803
329,6508,29.892609,0.5180413,0.06733926,0.12811041
330,802,4.5129814,0.4733907,0.014198914,0.027509615
331,4114,1.7767105,0.49858326,0.002202198,0.004645318
332,3388,1.4720078,0.51247644,0.0016344637,0.0035941303
333,3390,1.5274315,0.5222135,0.0025370717,0.0054459125
333,3386,73.13756,0.52943647,0.14003725,0.27373278
334,2706,120.002335,0.51997113,0.31520334,0.6102319
334,3640,10.835773,0.5181914,0.022163287,0.04365763
335,2188,93.23037,0.44360003,0.20438936,0.39369333
335,111,2.0460587,0.4552714,0.0036529377,0.0071416795
336,339,65.970665,0.5017208,0.12865159,0.25000048
336,337,26.836332,0.50333124,0.05955701,0.11435371
336,352,42.548664,0.5099185,0.092968374,0.1808965
337,2840,108.24517,0.5012523,0.21314612,0.41173166
337,336,26.822327,0.50442845,0.059672862,0.11450655
337,338,19.09063,0.5050913,0.041841973,0.08065482
338,4450,13.337955,0.5032444,0.027548157,0.05364664
338,339,45.609016,0.503689,0.0970357,0.18838169
338,337,19.237967,0.505171,0.041885633,0.0808531
339,336,65.73166,0.5014129,0.12832096,0.24931721
339,3339,25.636105,0.5013124,0.056867328,0.108615465
339,338,45.453568,0.50333035,0.09709963,0.18828532
340,6990,7.4290276,0.5043831,0.015867352,0.03206663
340,5932,64.8179,0.4989435,0.14169456,0.27360475
341,342,1.6786842,0.49731487,0.0030516535,0.006653324
341,5931,31.517506,0.5003341,0.06928824,0.13185605
341,4183,33.37876,0.49886543,0.066217504,0.12508042
342,341,1.8575134,0.49485844,0.0033120438,0.007285431
342,343,62.871025,0.49453014,0.13618347,0.26405394
343,1295,57.00826,0.49359113,0.11266243,0.21857603
343,342,63.24621,0.49687156,0.13661677,0.26423913
343,344,43.407368,0.49887806,0.092803136,0.18013573
344,1294,2.5635338,0.49857867,0.004258752,0.008928627
344,345,51.44912,0.4957951,0.11129098,0.2162773
344,343,43.079144,0.49935198,0.09205448,0.17905134
345,346,48.34072,0.49680772,0.103412315,0.2007753
345,344,52.27617,0.49929926,0.11320543,0.22035873
345,5242,38.589523,0.49358788,0.07689351,0.146772
346,345,47.876328,0.4916138,0.102797225,0.19844753
346,2372,23.061663,0.49232283,0.0513467,0.09814719
347,4506,0.5399208,0.4757468,0.0047163814,0.0092099905
347,4462,0.978817,0.49539682,0.002420947,0.004998192
348,4452,1.8763313,0.49491742,0.0017922446,0.0037592798
348,349,22.406116,0.49880907,0.05017413,0.096084215
349,2092,2.003601,0.49947426,0.0029370412,0.006352052
349,1294,146.34906,0.49567142,0.28941354,0.5591138
350,2089,39.81103,0.5034283,0.0858717,0.16587764
350,2752,73.101166,0.5031038,0.15942681,0.30791375
350,353,114.87092,0.50456434,0.22520804,0.43524265
351,2085,120.56259,0.4982864,0.26067856,0.5029494
351,4308,23.763336,0.49840093,0.05341769,0.102016196
352,4448,0.9301529,0.067798495,0.0020491704,0.004740387
352,4451,105.84141,0.50257397,0.20568556,0.39702225
352,336,42.268097,0.5115573,0.09241215,0.17849007
353,3336,139.98958,0.50538874,0.27364132,0.52870995
353,350,114.39898,0.5081845,0.22417995,0.4334606
353,6353,31.412386,0.50718766,0.06348172,0.12108626
354,6355,1.2041626,0.50235385,0.0012673438,0.0032910407
354,355,77.083786,0.5133488,0.14966421,0.29101944
354,6353,29.23605,0.506248,0.059538525,0.11406772
355,354,77.39068,0.5025849,0.15004501,0.29187086
355,4712,3.3428955,0.501893,0.007928468,0.016056836
356,357,2.603508,0.53045225,0.0041335225,0.008978769
356,3362,157.43153,0.52790195,0.28391474,0.55111116
357,356,2.8360634,0.5283224,0.0048551634,0.010033891
357,3737,31.528786,0.52452785,0.06289856,0.11989956
357,5684,5.782524,0.5260762,0.011177927,0.022431105
358,2141,11.753824,0.5239062,0.017769642,0.03597322
358,3737,2.6034584,0.52494633,0.0042198002,0.009285688
358,1071,116.10495,0.5214916,0.2256926,0.43727374
359,315,65.914604,0.5313721,0.12555563,0.2439805
359,503,53.87068,0.5300229,0.122191876,0.23665354
359,3353,24.804817,0.5306273,0.051103316,0.09849245
360,2899,18.021444,0.45802027,0.038305815,0.074177444
360,6677,32.013958,0.4572804,0.06577735,0.12488793
361,1626,191.44614,0.4666988,0.38459203,0.74191344
361,644,37.457935,0.47484818,0.08196899,0.15603904
362,363,38.25572,0.043343335,0.1531281,0.32088274
363,2577,23.967009,0.4690048,0.05784312,0.11040455
364,6676,1.8028374,0.46764168,0.004823081,0.010525197
364,3219,21.349066,0.05814135,0.08206591,0.16565856
365,2497,2.530304,0.4701267,0.0034031123,0.0068995953
366,2002,8.103123,0.0510692,0.023513667,0.04680659
367,6343,21.959213,0.47256148,0.05499287,0.108194105
367,6348,8.035027,0.4893759,0.019099176,0.037402183
368,416,7.2038155,0.47333723,0.016849495,0.033160374
368,793,29.48325,0.47668567,0.07256194,0.13774045
369,1669,7.2117805,0.3160318,0.01679004,0.031883135
369,3329,30.697018,0.32476074,0.07276892,0.13698362
369,1676,9.204788,0.31283054,0.021054514,0.0398245
370,2285,21.33343,0.28918272,0.05005389,0.09432376
370,2316,8.438801,0.28599006,0.019333787,0.036592633
370,2283,22.73109,0.28028768,0.053677864,0.10104311
370,1676,26.064949,0.30038643,0.061550003,0.115459256
371,3329,1.9353943,0.32674825,0.0045379996,0.0087855905
371,6289,35.797768,0.33462462,0.10096412,0.19446291
372,450,2.3652534,0.5178207,0.006452784,0.013285667
372,373,59.404816,0.5097481,0.09765297,0.18778819
373,366,27.58041,0.5161751,0.05361475,0.10457798
374,6348,1.5374107,0.48774296,0.004363291,0.008895174
374,1007,126.785,0.4718085,0.2549053,0.4923272
375,22,7.4631577,0.48491505,0.018195286,0.03618069
376,709,13.1577835,0.4879577,0.028645687,0.05596953
376,2506,5.12212,0.4899194,0.012700759,0.02529578
377,2071,1.9298058,0.50515985,0.0029347688,0.0060975403
377,2073,1.8944817,0.505086,0.002519153,0.0055627525
377,4312,125.24196,0.4972275,0.24676782,0.47634113
378,4227,16.517569,0.4471982,0.036197975,0.06942078
378,1650,15.616526,0.446567,0.034145884,0.06575642
379,777,36.068195,0.49241957,0.07261341,0.13860402
379,5052,10.939051,0.4957111,0.023209304,0.04542093
380,379,25.734018,0.49193957,0.055112273,0.105489045
380,4929,18.35509,0.49182567,0.03937089,0.07619346
381,2312,14.533295,0.49354455,0.030714136,0.05981639
381,285,24.91736,0.49367067,0.052992705,0.100785054
382,383,16.237328,0.49103013,0.034432314,0.06687534
382,2312,34.88968,0.496003,0.07106456,0.13484162
383,1562,2.7999916,0.49048352,0.00477726,0.009855241
383,382,15.914331,0.4905581,0.0336747,0.06558529
383,185,24.730566,0.49639896,0.052924562,0.10096081
384,2735,39.95405,0.4985211,0.08838134,0.17019603
385,2734,15.296936,0.49851066,0.033399962,0.06497876
386,2739,23.24062,0.49727535,0.051467583,0.09836792
387,386,14.834595,0.4987741,0.032595795,0.063481994
387,1055,11.722208,0.4991665,0.025478251,0.050205022
388,2775,1.7664528,0.50302994,0.002785191,0.006406799
388,2,14.717945,0.49977633,0.030700386,0.060180023
389,2776,3.315773,0.49710837,0.0058798864,0.011732414
389,909,74.65631,0.49165377,0.15648586,0.30357668
390,3403,1.5893936,0.49860802,0.0020299405,0.0041675717
390,6097,7.028141,0.5003398,0.014358722,0.028324664
391,1733,1.7945328,0.50490683,0.0028356835,0.005955592
391,817,28.125288,0.09797692,0.09825176,0.20343767
392,393,54.31645,0.49909258,0.10684107,0.20734274
392,1113,64.801994,0.49456173,0.1276963,0.24823174
393,5354,56.08082,0.4995678,0.112053804,0.21854457
393,395,26.819447,0.49978134,0.057235815,0.108901165
394,392,11.740572,0.49844933,0.024739392,0.048568085
394,4613,5.0163116,0.49547398,0.009860776,0.019894853
395,394,61.047997,0.49854323,0.11976452,0.23232715
395,396,73.43924,0.5010663,0.1437141,0.27952573
396,397,39.741383,0.50678414,0.078512944,0.15004778
396,297,59.218105,0.5067432,0.11624319,0.22622852
396,395,72.86444,0.5015486,0.1425583,0.27733743
397,2003,2.3429031,0.49993652,0.002904743,0.0066943318
397,396,39.500267,0.5052283,0.078295425,0.15022524
397,331,49.963345,0.500154,0.0963489,0.18755387
398,5985,0.0,0.47447464,0.006921336,0.012515083
398,5980,1.9702377,0.4904494,0.0033985302,0.0069966316
399,4628,3.6756363,0.5096651,0.00441847,0.009313256
399,3864,135.36455,0.5280837,0.2846122,0.5491671
399,4627,23.755407,0.5208114,0.051979095,0.0996529
400,6230,1.4077606,0.55482966,0.0025200099,0.0063917637
401,2938,69.322815,0.527797,0.14560524,0.28268856
401,401,19.169447,0.5237954,0.042351905,0.08233487
402,403,87.60776,0.51480013,0.17134821,0.3318507
402,1655,101.59433,0.5157491,0.21881929,0.42213362
402,3642,238.57329,0.5073129,0.5034732,0.97880024
403,402,87.31712,0.51594675,0.16847709,0.3266433
403,1655,61.591732,0.5154579,0.11845644,0.22992326
403,3274,25.720387,0.51637876,0.052968398,0.10129671
404,4266,1.3746681,0.51899076,0.0015591606,0.0035565645
404,1652,48.485878,0.5159913,0.09425457,0.18182395
404,4267,93.143906,0.5161838,0.20294356,0.39065236
405,5728,19.2937,0.49143988,0.046085496,0.088973366
405,2541,29.409931,0.48723394,0.06098541,0.115896575
406,184,75.47887,0.49541327,0.114623696,0.22263144
406,3234,1.1139488,0.473051,0.0018689334,0.0044815987
407,2313,31.646103,0.49446225,0.066221796,0.12519455
407,2312,1.7912216,0.494014,0.0027466863,0.005773872
408,825,8.068718,0.49319214,0.016340762,0.032467738
408,2212,11.880274,0.4940123,0.027742527,0.054189965
409,6235,1.8829384,0.49235275,0.002875872,0.0058626533
409,825,30.073566,0.493559,0.061783165,0.11747183
410,6236,2.234661,0.4941319,0.003785424,0.00774087
410,1054,5.094742,0.4951864,0.00977166,0.019597918
411,1052,52.895496,0.4938543,0.10449571,0.20341666
411,412,57.78721,0.4959844,0.10965224,0.21284722
411,410,18.825073,0.49492624,0.040648054,0.078732215
412,1048,75.43327,0.4937706,0.14923798,0.28917146
412,411,57.663025,0.49687684,0.108467326,0.21082401
412,1045,20.287067,0.4955603,0.042954393,0.082587495
412,1046,23.285748,0.4957847,0.049603574,0.09448925
413,414,21.12607,0.45425063,0.047466375,0.09096452
414,1000,3.1094017,0.46192932,0.006818548,0.014240459
414,6388,5.9264336,0.45900235,0.012105674,0.023982212
415,2896,1.258934,0.4522325,0.004493147,0.009112313
415,2897,1.4642639,0.45309803,0.004963927,0.009974122
416,6621,9.665894,0.47012025,0.022651263,0.04438302
417,5159,2.5413322,0.46355432,0.0012105629,0.0028563142
417,5161,13.30405,0.46578738,0.028121784,0.05476194
418,423,33.882683,0.45510924,0.075305685,0.1439005
418,422,14.495941,0.44812858,0.03155275,0.060780868
419,3443,1.8403244,0.4409091,0.005355224,0.010600343
419,1059,11.894665,0.43547302,0.028839566,0.055766426
420,2445,16.619938,0.4496963,0.039774347,0.0772679
420,1304,21.661285,0.43640158,0.047456693,0.090367965
421,420,8.156303,0.44473568,0.019987263,0.038805738
422,421,3.5674515,0.44325742,0.007359095,0.014569834
422,418,14.7317505,0.4474868,0.032041844,0.06193161
423,2894,35.3338,0.45339358,0.07287912,0.13927293
423,418,34.03238,0.45422858,0.075271145,0.14326844
423,5397,60.17003,0.46056673,0.13348475,0.25838912
424,5298,0.9778137,0.10283458,0.0010682121,0.0026989132
424,2858,97.72188,0.4542324,0.22099945,0.423335
425,3775,2.444378,0.04267633,0.0066568702,0.013245165
425,3290,3.0248756,0.46590513,0.0062343776,0.013103485
426,965,10.448793,0.45859623,0.02540075,0.049756035
426,976,15.668306,0.45450863,0.034577746,0.066616744
427,6059,27.947096,0.43999776,0.06104566,0.1163178
427,6057,28.200665,0.44549358,0.07286137,0.13951245
428,429,41.03642,0.45331925,0.089884356,0.17355382
428,4996,42.08324,0.45428973,0.092724435,0.17911947
429,966,64.190475,0.4542581,0.14531934,0.27970988
429,922,24.300241,0.45417583,0.054415297,0.10318212
429,428,40.931015,0.45287627,0.08945047,0.17162006
430,6333,1.5444527,0.4809129,0.0019213706,0.004015669
430,431,27.324121,0.4829809,0.06708959,0.12761948
431,712,31.429657,0.4849613,0.0794091,0.15244852
431,5698,114.45387,0.48019743,0.25459355,0.49061936
432,5123,1.3262138,0.44911313,0.0023922697,0.005301833
432,803,76.26217,0.48481256,0.20428544,0.39512286
433,2783,1.3556595,0.49241143,0.0029017776,0.00650014
433,437,19.48101,0.49643585,0.042913318,0.08306136
434,5631,1.4255409,0.49837506,0.0044138283,0.008689836
434,758,34.4071,0.50053066,0.07645098,0.14613211
435,3676,2.4003754,0.49519297,0.0068144426,0.014072657
435,6437,7.0421257,0.4846769,0.017487966,0.03523694
436,435,1.389782,0.4931885,0.004189223,0.008733287
437,758,20.142952,0.4943734,0.044198636,0.085030414
437,2783,18.050364,0.49396685,0.04020387,0.07807092
438,2795,1.6211433,0.49276125,0.0030423999,0.006502509
438,6155,28.608624,0.49619958,0.07096363,0.13613266
439,6877,16.561783,0.49306083,0.037787475,0.07331767
439,6189,3.9789734,0.49642864,0.010136083,0.020418525
440,4659,1.3678513,0.48474613,0.004021533,0.0085362345
440,3123,25.986708,0.49152127,0.06268364,0.12033607
441,883,17.99587,0.49505997,0.043197524,0.083735086
441,5628,23.185555,0.49192882,0.056367345,0.10743787
442,5698,2.1436615,0.48447448,0.0043683797,0.009414181
442,5096,70.76364,0.48434028,0.15504952,0.29916188
442,3245,33.50712,0.4864748,0.074635856,0.14164537
443,5759,65.215294,0.51354825,0.17278637,0.33475944
443,444,5.85664,0.51568764,0.009938873,0.020764187
444,443,5.1475143,0.51814324,0.008760162,0.018619418
445,6281,34.290783,0.51357234,0.08722505,0.1656343
446,2002,1.3838844,0.50985795,0.0013631731,0.0028249621
446,447,7.06353,0.11586991,0.020417452,0.039946496
447,444,47.574337,0.5123067,0.08427248,0.1611674
447,7043,12.908871,0.5185213,0.02949443,0.058844008
448,788,13.756083,0.5148306,0.03191737,0.06279606
449,267,1.7526741,0.51618874,0.0025041997,0.005346656
449,7044,81.211716,0.5086211,0.21112007,0.40688804
450,5529,35.47445,0.5153312,0.08823575,0.16902739
451,3421,1.0676117,0.5324548,0.0010772869,0.0026513636
451,5890,216.45724,0.5196622,0.42420492,0.8223393
451,5033,45.841278,0.5280098,0.098799415,0.18998446
452,4459,31.595093,0.4737447,0.06428795,0.12197067
452,2733,57.66345,0.46671325,0.1144844,0.22170931
452,1694,11.265671,0.4677054,0.023253508,0.045578033
453,5096,118.26209,0.4859293,0.18243468,0.352777
453,1184,25.486101,0.4869138,0.05684045,0.10790828
453,3328,86.239914,0.47916755,0.18824703,0.36149877
454,2594,15.299957,0.48898563,0.032112543,0.062193073
454,6918,27.86045,0.48702592,0.057623383,0.109169744
454,2598,98.01988,0.4839092,0.19489738,0.37608093
455,733,16.483566,0.48891574,0.034587886,0.06713664
455,2594,107.611755,0.48500198,0.21421912,0.413268
455,1366,168.02608,0.48994344,0.34127268,0.65823555
456,2611,22.83378,0.490933,0.048661333,0.09346302
457,839,6.4836655,0.4546935,0.012841277,0.02541557
457,4394,39.42662,0.46024007,0.087790735,0.17099811
458,3757,1.7443123,0.45204484,0.0025910437,0.0054252297
458,459,9.787621,0.45514762,0.020425566,0.04003966
458,457,14.767145,0.45422065,0.03302609,0.06374013
459,839,21.668518,0.45543733,0.04662901,0.08903848
459,168,17.852074,0.4518161,0.03785816,0.073056184
459,167,23.667803,0.45430586,0.05086204,0.09642808
459,458,9.568127,0.45385045,0.019870706,0.03899549
460,2061,86.044975,0.5379442,0.09569904,0.18483567
461,147,4.1792984,0.4483775,0.007752821,0.015258074
461,6114,49.21006,0.45369327,0.09901266,0.19203418
462,5767,2.0026627,0.48064572,0.0041860044,0.008948326
462,3441,27.687584,0.48084238,0.05906303,0.11154451
463,4407,1.5895157,0.46762097,0.0030875131,0.0064499974
463,4401,25.201036,0.47892028,0.056735273,0.10850872
464,6144,0.26298904,0.19027033,0.00093486905,0.0017566085
465,4405,1.6187477,0.48130164,0.0021212623,0.0043822676
465,3846,54.619904,0.4858719,0.1055488,0.20461978
465,5047,49.804214,0.48566806,0.10821636,0.20935425
466,5422,1.7154579,0.4984555,0.0024458393,0.005231306
466,157,57.331055,0.49142787,0.112590216,0.21878842
466,480,59.94157,0.4974326,0.11647154,0.22651988
466,155,26.94013,0.5009402,0.055521008,0.10566414
467,3654,1.7721138,0.50540465,0.0025357008,0.0054010004
467,1412,47.56317,0.5083218,0.09403587,0.18144976
467,673,25.503185,0.50610703,0.054179043,0.10380888
468,4640,24.749857,0.50003415,0.05232149,0.09987265
468,3654,27.918037,0.5038312,0.057073012,0.108184576
468,479,26.617653,0.5031409,0.05477956,0.104062125
468,6486,56.229427,0.49842998,0.1083692,0.21082279
469,3938,1.5609436,0.4847178,0.0020004064,0.004251927
469,6907,51.965122,0.47858548,0.11306327,0.21987358
470,4636,1.9486771,0.48138225,0.0028512403,0.0057745576
470,3327,66.536835,0.4730689,0.13056506,0.25392878
470,469,23.625866,0.48389205,0.05090837,0.09667028
471,164,17.577969,0.47660774,0.036807947,0.07112371
471,161,41.902767,0.48420644,0.08252237,0.15975197
471,160,29.29254,0.47986457,0.060185764,0.1139753
472,2762,1.8522377,0.44943607,0.0034688786,0.007204294
472,6094,20.174494,0.44742078,0.04551262,0.08726159
473,1761,73.52965,0.4644637,0.14642909,0.2808349
473,2643,31.919407,0.47234374,0.06725553,0.12711364
474,2466,1.8710556,0.538165,0.0029668212,0.006676644
474,4371,105.50345,0.5365295,0.20101777,0.39156845
474,3917,53.370323,0.5384204,0.13213791,0.25535917
475,837,29.601696,0.47125027,0.061330162,0.11591064
475,838,26.098133,0.46468735,0.05568387,0.10534295
475,6117,6.5739937,0.46682572,0.013026811,0.025828317
475,4412,43.24883,0.47210926,0.084559396,0.16353273
476,4636,25.611202,0.4812597,0.054049145,0.102632724
476,4401,31.910458,0.48152202,0.06517075,0.12340451
476,4400,23.58278,0.4831308,0.049751934,0.09448912
477,4400,1.7456093,0.4877468,0.0023186207,0.004742846
477,478,57.786034,0.4922658,0.11235237,0.21792896
477,157,15.415281,0.49059355,0.03378822,0.065471865
478,477,58.5449,0.49086916,0.11301811,0.21897066
478,4639,24.892101,0.49397388,0.052656792,0.10043327
479,3653,27.884491,0.50567096,0.05710502,0.108313225
479,5423,26.67055,0.50126237,0.0556345,0.105756104
479,155,16.468094,0.5050037,0.034395956,0.06637108
479,468,26.8718,0.50307804,0.055188466,0.1048513
480,1883,1.6544571,0.5012443,0.0022102296,0.0045668185
480,466,60.582066,0.4989149,0.11866233,0.23065278
480,5085,30.19189,0.5030598,0.0750676,0.14592966
481,6461,32.372654,0.4807804,0.066619635,0.12587382
481,5048,13.784563,0.48797303,0.030057974,0.05902203
482,3858,1.2473373,0.46093792,0.0016248375,0.0037924945
482,3851,98.54758,0.47865927,0.21608543,0.41689909
482,1403,93.71385,0.4720577,0.18395051,0.35552317
483,701,45.835316,0.5107715,0.088123485,0.17068173
483,7046,31.352016,0.5098745,0.06357515,0.12120494
483,684,33.62315,0.5150199,0.06665021,0.1275785
484,288,5.6175003,0.53389686,0.011166833,0.022610933
484,485,54.412903,0.53076434,0.104489505,0.20235263
485,1872,1.0625076,0.53846127,0.00038462132,0.0010798723
485,1874,20.009365,0.53691393,0.0401143,0.077947274
486,485,6.7845535,0.5364309,0.01346837,0.027001038
486,288,52.49635,0.5319898,0.09913681,0.19104433
487,4321,1.5145493,0.5334903,0.0028997734,0.0067935437
487,490,2.4125938,0.53473634,0.0049727857,0.0106152445
488,2913,0.90166473,0.5299788,0.0021082908,0.00549227
488,6416,0.6329193,0.024778485,0.0013536364,0.0036205053
488,492,30.761406,0.52659327,0.08264685,0.15948209
489,508,83.95683,0.5317669,0.1634148,0.3172984
489,509,53.001568,0.5320875,0.111804284,0.2169417
489,490,92.99842,0.530643,0.20011702,0.38765335
490,489,92.36638,0.5295397,0.19837555,0.38435692
490,491,41.796787,0.5284501,0.08077778,0.15576337
490,487,2.487915,0.53317463,0.0050349236,0.010915309
491,490,41.904274,0.5289444,0.080567054,0.154908
491,2106,15.89307,0.5266044,0.032964602,0.0642958
491,492,75.475174,0.52460325,0.14205676,0.27631807
492,491,74.92027,0.5233617,0.14196956,0.275764
492,2826,45.8743,0.5171427,0.12276052,0.23865868
493,2106,92.518616,0.51340336,0.1760279,0.3418532
493,46,35.900494,0.5121452,0.090869755,0.17560934
494,1629,4.322983,0.5412687,0.0054467395,0.01187861
494,5518,5.2418976,0.5417458,0.012773238,0.025451437
495,496,34.52445,0.5354308,0.08045316,0.15536484
495,4210,28.59244,0.5322742,0.06623204,0.12683639
495,1737,83.34538,0.52789086,0.15916455,0.30718452
496,320,74.42177,0.53411496,0.15323669,0.2985007
496,495,34.03439,0.533329,0.07972053,0.15424064
496,3372,25.792831,0.53192675,0.06000001,0.1164795
497,3090,16.974493,0.5395316,0.03518997,0.06858701
498,6574,1.2124252,0.54100585,0.0016010851,0.0039152205
498,5492,20.622835,0.53838354,0.043182105,0.08345958
499,318,37.31575,0.53688186,0.074638985,0.14400125
499,4565,8.13168,0.53993547,0.017033055,0.03429635
500,4568,11.40785,0.5394143,0.024316505,0.04753281
500,5462,22.258173,0.5388933,0.048943605,0.09401916
501,503,101.88664,0.5277909,0.23780254,0.4601226
501,3372,30.977142,0.53127176,0.07254252,0.1404385
501,321,33.118866,0.5320971,0.07182093,0.13888133
502,302,47.51127,0.53401405,0.08765618,0.16816804
502,4574,9.152355,0.5318627,0.018696822,0.036972582
503,2154,63.386944,0.53372717,0.12255397,0.23806137
503,501,103.86125,0.53075147,0.23659194,0.45797926
503,359,53.948048,0.53168195,0.12282241,0.23805879
504,3595,2.6077003,0.4955017,0.0022156015,0.0049812794
504,4988,22.93668,0.4958185,0.051105794,0.09784467
505,5034,1.0982208,0.52168894,0.0019402727,0.004342735
505,6,27.80687,0.5326032,0.060815692,0.11642399
506,6204,13.415365,0.030860275,0.060417622,0.12367052
506,508,74.70079,0.5413959,0.16379267,0.31739974
507,3763,1.118824,0.51970476,0.0011210144,0.0030586869
507,3081,29.927479,0.52371585,0.06623015,0.12650263
508,489,84.15116,0.53041285,0.16258198,0.31589025
508,506,74.19147,0.5344031,0.1666028,0.32003626
508,5240,51.358467,0.5356285,0.108514436,0.21068503
509,489,52.852806,0.5317059,0.110670224,0.21450952
509,6592,43.016167,0.53158736,0.08244565,0.15869038
509,3658,29.01067,0.53093755,0.062833056,0.12122693
510,5066,15.903896,0.5319888,0.043205332,0.084778845
510,5066,22.085976,0.5393795,0.04577133,0.08862397
510,6237,22.853443,0.009141207,0.08144504,0.16733275
511,512,85.006226,0.5296464,0.16601966,0.32309163
511,2233,22.639673,0.53124756,0.056432102,0.11014553
512,3129,1.6233902,0.5404292,0.002460599,0.005406171
512,1420,52.70623,0.5363129,0.10250298,0.19828013
512,511,86.5728,0.5305765,0.16511023,0.32186222
513,2393,84.86026,0.5328636,0.16255586,0.3159816
513,4329,37.919483,0.29501203,0.13368708,0.21494535
513,3660,1.9356041,0.28961062,0.0056500733,0.008654028
514,5376,15.537367,0.5053222,0.035865452,0.07030352
514,4738,7.0589027,0.5045259,0.016861424,0.033481732
515,4729,5.0977135,0.41369677,0.013234571,0.025800318
515,2166,3.819992,0.4033051,0.005998485,0.011872426
516,2893,1.9999542,0.44965723,0.0028753355,0.0057224035
516,1060,64.27525,0.44907477,0.12853867,0.24895428
516,4288,8.649204,0.45299047,0.021243684,0.041308478
517,6266,1.9041252,0.36499232,0.004164502,0.008155227
517,2281,3.7464218,0.3630074,0.008358516,0.0159944
517,6265,4.6508102,0.3608732,0.010519326,0.020056263
518,6265,4.516842,0.3593529,0.007791236,0.0146668255
518,517,3.808487,0.36060092,0.008902617,0.01687856
519,5133,1.7571335,0.35824227,0.0032908916,0.006429687
519,2280,38.31417,0.35073188,0.081325844,0.15330277
519,518,27.426987,0.36512405,0.06463813,0.12124228
520,2280,48.57936,0.34153265,0.10347991,0.19777061
520,519,20.778404,0.35531354,0.04946942,0.092839964
521,4702,1.790947,0.35707805,0.0041152164,0.007984325
521,520,17.472757,0.3534452,0.039789274,0.076223634
522,4701,2.1533127,0.3624329,0.0048567206,0.009763673
522,6841,3.129406,0.36212838,0.0075116158,0.014446497
523,524,258.58847,0.38745886,0.60148174,1.1656072
523,4041,16.24338,0.36940432,0.03568137,0.068410106
523,1855,20.252733,0.3755402,0.044634454,0.08491554
524,3772,1.8568764,0.39060378,0.00388591,0.007846028
524,523,258.87677,0.38796437,0.60054576,1.1637005
524,528,61.366863,0.3985977,0.1414071,0.27429545
525,526,73.62226,0.37315485,0.16703665,0.32234806
525,6648,21.07749,0.38651204,0.049730472,0.094253704
526,525,72.28198,0.37269926,0.1679286,0.3246675
526,4000,49.43917,0.35168958,0.112410024,0.21693301
526,2026,76.19738,0.34461844,0.1653338,0.32103193
527,2432,27.505318,0.29924142,0.06327923,0.11873025
527,2039,52.7539,0.283377,0.115140796,0.2236135
527,3610,21.574436,0.3042441,0.049530476,0.0927679
528,3773,1.8001595,0.4041149,0.002899371,0.0059559494
528,3167,39.90547,0.4062235,0.090426415,0.17398287
529,3041,88.538086,0.41376418,0.18219768,0.35018626
529,530,40.06574,0.42444432,0.08899923,0.17172895
529,3167,77.50214,0.41394022,0.17554913,0.3371798
530,3988,2.2616997,0.42794678,0.005060196,0.0101002455
530,529,39.835228,0.42411914,0.08863547,0.17093459
531,4592,128.02554,0.39991736,0.29690725,0.5714502
531,3734,94.35556,0.4185797,0.19170342,0.3684522
532,4441,138.2055,0.412817,0.28936124,0.55578285
532,2144,41.8404,0.42901093,0.084458284,0.16180632
532,2144,42.859615,0.42821392,0.08628187,0.16599166
533,3689,1.7589874,0.39729747,0.0036602318,0.007445991
533,2421,114.05172,0.40120316,0.26253554,0.5050875
533,1553,17.130999,0.40008575,0.041141514,0.078533836
534,1506,31.840591,0.38690436,0.07171008,0.13605306
534,535,64.54715,0.37796864,0.17697874,0.34166473
535,5272,16.016943,0.36708045,0.0332293,0.06416722
535,559,7.2802505,0.3498448,0.018636271,0.03617753
536,5892,1.8807068,0.2942294,0.004394971,0.00828819
536,2341,128.53531,0.3268304,0.283393,0.54479486
536,1323,61.397743,0.2820078,0.18057911,0.35281825
537,575,2.5397644,0.40838808,0.0054650754,0.010974839
537,2344,52.93573,0.39985463,0.1187105,0.23002048
537,576,41.688236,0.40921593,0.09293601,0.17902379
537,1220,21.6971,0.40556657,0.04918863,0.093309954
538,1514,1.6136093,0.41416317,0.0052281395,0.010482475
538,2370,83.96553,0.41692224,0.24454501,0.47203708
539,4661,1.2594643,0.37221164,0.004915543,0.009400487
539,538,136.98145,0.3784177,0.41701186,0.805876
540,5955,11.41058,0.44752157,0.023870416,0.047100216
540,5960,0.7892761,0.1774669,0.0028137192,0.006454006
541,1612,0.45640945,0.17518231,0.0051136017,0.009653568
541,540,66.12885,0.4471481,0.18479934,0.3577549
542,5555,2.127205,0.43712512,0.004177876,0.008485034
543,4950,4.827507,0.43317813,0.009517781,0.018794045
543,4951,2.4975624,0.43599576,0.004964933,0.01011844
544,545,20.881239,0.43697748,0.046812832,0.089180395
544,2602,1.85709,0.4338241,0.0026960596,0.005578026
544,1591,33.28561,0.43591246,0.068940215,0.13093458
545,2604,1.8720016,0.43530563,0.0027858615,0.0056516826
545,1596,26.848993,0.438887,0.060563557,0.11449598
545,1590,25.580256,0.4353497,0.054929893,0.103358895
546,905,21.139664,0.43955716,0.04763392,0.09086745
546,2605,2.1066856,0.43828014,0.0032484457,0.006748259
547,3445,1.9397964,0.44667992,0.0038203746,0.007791236
547,3447,1.7910347,0.44280645,0.0024753958,0.0052116513
547,1589,55.082405,0.4423324,0.10999499,0.21237035
548,4306,1.666748,0.44866422,0.002343461,0.0048933476
548,1378,71.32949,0.44276953,0.14464925,0.27913234
548,549,62.30571,0.45113847,0.14432463,0.28024876
549,6770,0.47027206,0.039886683,0.006220445,0.011460751
549,916,1.6674957,0.44628412,0.0038008913,0.007215932
550,3549,0.52778244,0.23439556,0.0003270954,0.0014037043
550,551,57.630615,0.44453454,0.12695149,0.24683788
551,910,59.60402,0.44984138,0.11794077,0.22897395
551,2251,33.787895,0.4570167,0.07478608,0.14281777
551,550,57.386562,0.44638914,0.1280532,0.24780722
552,4889,1.7034798,0.45535496,0.0033342913,0.007098332
552,2251,1.7421684,0.45652026,0.0033740476,0.007202089
552,553,72.59096,0.45586425,0.16060002,0.30861008
553,6771,3.4162407,0.45748785,0.0071034953,0.014106318
553,552,72.367386,0.4548011,0.16098894,0.31016827
553,1126,5.739811,0.4568288,0.011267103,0.0223099
554,3064,8.033768,0.46299937,0.017256044,0.033862025
554,5558,21.426987,0.4607211,0.04764757,0.09096162
554,1110,28.89486,0.464202,0.065083556,0.12257609
555,6497,1.6644936,0.46171096,0.0023590475,0.0049014837
555,1433,175.1031,0.4596224,0.35642567,0.687348
555,4339,57.994244,0.4620339,0.12715988,0.24637714
556,568,84.0336,0.45659563,0.16840066,0.324485
556,558,10.223682,0.4653228,0.027856201,0.05424343
557,3680,1.6251869,0.46571892,0.0020722225,0.004555285
557,5282,1.7102852,0.46200997,0.0020314753,0.0041772276
557,3278,33.183792,0.4714474,0.10469437,0.2052768
558,1876,1.6953392,0.45971972,0.0022173822,0.004692018
558,1881,29.985493,0.4645492,0.06312509,0.119846284
558,3183,70.12614,0.4517914,0.25524524,0.49208134
559,7077,1.9713326,0.36706495,0.005878523,0.011453047
560,3572,32.26672,0.37011603,0.086221084,0.16370097
561,3692,22.489582,0.3729676,0.04765478,0.09029304
561,7075,8.589569,0.36837983,0.021243326,0.04082577
562,5551,1.52705,0.41995567,0.0024302378,0.0050964206
562,2603,88.62416,0.43085572,0.17749158,0.34233707
562,1571,23.306019,0.43673036,0.050575126,0.09597193
563,5971,2.0366287,0.44626898,0.0030210614,0.0060491115
563,5970,26.572956,0.44628948,0.057667784,0.10946697
564,5569,2.8338776,0.45422107,0.0018568262,0.003850177
565,1443,20.728308,0.46040535,0.040392004,0.07754878
565,4241,9.566299,0.4604624,0.019581117,0.038556278
565,896,55.142204,0.4646475,0.086831,0.1672053
566,6181,1.8248367,0.4629305,0.0024923235,0.00512062
566,569,65.011,0.4655531,0.12948237,0.25021267
566,5281,51.160503,0.46921718,0.10241416,0.19743693
567,6181,53.002632,0.46960738,0.10590156,0.20507301
567,5281,1.5850601,0.46635258,0.002978392,0.006547436
567,4693,67.94659,0.4669437,0.1496878,0.2881628
568,6181,15.322498,0.46259418,0.032019835,0.06189084
568,556,83.22603,0.4588635,0.16645776,0.32064602
568,1109,49.74567,0.4643799,0.09824822,0.1905241
569,620,2.3890877,0.46519053,0.0047655404,0.009808704
569,5281,46.34584,0.4656102,0.101576224,0.19661506
570,4370,1.4558449,0.46726075,0.0027702898,0.0063934624
570,4343,1.6486702,0.46853352,0.0032342002,0.006916046
571,639,41.900875,0.46963623,0.14221165,0.27645648
571,640,28.408443,0.47389513,0.084890485,0.16580227
572,3685,1.7782097,0.3942086,0.0028516278,0.0058134943
572,2413,60.334053,0.3948896,0.15839118,0.30764288
573,2428,32.47269,0.39009854,0.06897868,0.1305587
573,2425,114.9956,0.38914528,0.24377602,0.4681638
573,2019,32.860546,0.3891101,0.06991589,0.13272005
574,2019,56.487206,0.38856515,0.11677695,0.22483626
574,3687,63.516968,0.3907662,0.13111892,0.25360548
574,3975,137.29974,0.36798954,0.29417235,0.5678684
574,2391,28.291058,0.38789535,0.061419837,0.11579952
575,537,2.5030785,0.4093243,0.0054585934,0.010854036
575,580,53.83726,0.40213278,0.120457225,0.23354703
575,581,41.18742,0.4092331,0.09125203,0.17629014
575,6791,53.903248,0.4091847,0.10901432,0.20873746
576,581,3.967167,0.4147833,0.0077828094,0.015535578
576,537,41.40937,0.41067222,0.09230933,0.17822728
576,6157,26.927021,0.4189872,0.06181959,0.11677982
576,1219,25.745571,0.41278198,0.053076033,0.09996718
577,4138,0.49286652,0.24875292,0.0007600412,0.0020468235
577,582,1.4880219,0.41410822,0.005094968,0.0104982555
578,2238,2.2236862,0.38788942,0.0043560043,0.008737043
578,2238,93.863014,0.3845564,0.21560551,0.41542333
578,579,23.540829,0.38697094,0.053990494,0.10144039
579,1511,2.816742,0.39053226,0.0052654967,0.01056397
579,580,39.549507,0.39274442,0.08859768,0.1703699
579,578,23.372007,0.38936794,0.053432465,0.10056737
579,6915,116.795204,0.39155924,0.24505794,0.47102708
580,2344,2.645008,0.39822957,0.005108647,0.010269493
580,575,53.8279,0.40146524,0.1201402,0.23354876
580,579,39.269695,0.39147347,0.08851811,0.17085095
580,1254,53.052155,0.4005084,0.108567074,0.20901659
581,576,3.6063385,0.41394567,0.0069921613,0.013882622
581,1840,35.862095,0.41700384,0.07353842,0.13940866
581,6156,26.918941,0.42003137,0.061655603,0.1169064
581,575,40.892097,0.41051316,0.09080941,0.17547435
582,4155,1.0294914,0.4039447,0.002563335,0.005509123
582,7092,19.959026,0.43368274,0.048900492,0.09427715
583,1511,27.8799,0.39216447,0.0646934,0.12153083
583,2344,12.637003,0.39745808,0.027976416,0.053807765
583,6657,74.227264,0.3957293,0.15444459,0.29822856
584,1462,40.203266,0.4766546,0.08035817,0.1537687
584,4717,169.35535,0.47302607,0.34195468,0.66037726
584,3226,142.69003,0.4749061,0.28675956,0.55362606
585,1464,271.81113,0.46787626,0.55372286,1.0757589
585,1462,224.7735,0.46974477,0.4538536,0.8777999
585,586,99.07199,0.46589416,0.19788724,0.38119692
586,6726,1.519413,0.46986452,0.0019807443,0.0043143183
586,724,8.050106,0.4766319,0.017697334,0.03491035
586,585,98.84906,0.4696176,0.19671111,0.3783173
587,2958,1.7281914,0.47193253,0.0024874732,0.005110875
587,2959,24.046644,0.47504726,0.05875294,0.112816066
588,1807,1.7454681,0.46965283,0.0024867281,0.005165443
588,638,94.82091,0.46680322,0.18906349,0.3640916
588,4338,43.04912,0.47102568,0.11930939,0.23262843
589,2410,3.5296555,0.4753441,0.010063596,0.020027593
589,1808,3.3741302,0.46782276,0.005165644,0.010316536
590,6800,47.10947,0.46971753,0.09392091,0.18148558
590,1803,23.210882,0.4700775,0.08443143,0.16710389
591,6800,1.857975,0.47291863,0.00278873,0.0060353875
591,607,44.97202,0.47349513,0.09678923,0.18715161
592,1812,3.8043709,0.47298685,0.0068674088,0.01371716
592,604,35.41218,0.47422022,0.07109952,0.13577871
592,1806,20.557604,0.47429568,0.04395053,0.08440268
593,599,32.888985,0.47468424,0.069360614,0.13248485
593,595,38.520367,0.47310424,0.07659413,0.14652552
593,1812,20.31714,0.47207987,0.043402366,0.08310445
594,3216,3.6368294,0.47263417,0.0035482347,0.007902399
594,598,2.0301704,0.4749001,0.0039077103,0.008211434
594,1805,22.99256,0.46821383,0.099186584,0.20201963
595,5407,0.35533142,0.46428877,0.007944383,0.014499545
595,593,39.41306,0.47167438,0.0772421,0.14785221
595,598,23.251709,0.47447363,0.05160305,0.097964734
596,5408,1.4908028,0.47261924,0.0026717111,0.0056998134
596,5615,13.331066,0.47375494,0.028199725,0.055002235
597,3545,63.94567,0.472337,0.12522599,0.24277365
597,1813,2.0126877,0.4727059,0.0028608516,0.00540109
597,598,65.22513,0.4757685,0.12796172,0.24864021
598,594,2.1306458,0.47317666,0.0043291748,0.0088532865
598,597,65.24568,0.47499216,0.12740974,0.24756886
598,595,22.853458,0.47334865,0.05099176,0.09668368
599,606,54.54797,0.47401407,0.11340947,0.22005317
599,593,33.09912,0.47428262,0.06997385,0.13401252
599,600,33.081833,0.47273916,0.06751984,0.12899505
600,604,9.696571,0.47155988,0.019847251,0.03901021
600,602,58.64522,0.46628484,0.111153945,0.21510491
600,1812,36.50397,0.46653992,0.069866836,0.13230503
600,599,32.924553,0.47003323,0.06723522,0.12722957
601,1811,1.6507149,0.4742145,0.0025286674,0.005247146
601,5613,30.71807,0.47554168,0.06800039,0.1288268
601,604,31.271664,0.47450748,0.064141884,0.12156194
602,600,58.81019,0.46613157,0.11238602,0.21718526
602,606,49.10179,0.47105685,0.10700233,0.20715708
602,603,13.390026,0.47114587,0.029063538,0.056237563
603,602,13.313684,0.4735318,0.028763302,0.055583626
603,605,50.982075,0.47278526,0.11068619,0.21436211
603,604,57.665028,0.47195604,0.11450603,0.22212212
604,600,9.570084,0.47179747,0.01953438,0.03831324
604,592,35.68707,0.47446403,0.07139621,0.13617189
604,601,31.725845,0.47382042,0.06477792,0.1219374
604,603,57.475826,0.47267368,0.11375925,0.22040418
605,5747,4.127491,0.4665101,0.0046966597,0.010225534
605,589,5.7332115,0.47734562,0.014867462,0.029707566
605,603,51.094135,0.47376105,0.11094748,0.21510029
606,5408,99.55345,0.47015887,0.21812737,0.42012566
606,599,54.64352,0.47165668,0.113713406,0.22086298
606,602,49.417572,0.472923,0.107281394,0.20831141
607,1804,3.8561974,0.47094777,0.0021707416,0.004206255
607,590,26.751717,0.47258154,0.09786205,0.19706102
608,3574,25.550554,0.47265822,0.054126546,0.10261997
608,1815,147.94003,0.4705739,0.2969682,0.5733065
608,1816,59.255577,0.4745424,0.11685435,0.22665006
609,730,3.790863,0.48432994,0.008061446,0.015868202
609,5801,1.4823761,0.47339705,0.0027019382,0.005988106
609,3280,25.63782,0.48071092,0.04695721,0.08956882
609,5618,52.477066,0.03266132,0.27249178,0.5678975
610,611,48.27152,0.47588032,0.10528246,0.20412122
610,5801,25.955122,0.47577322,0.058491353,0.111359745
610,3266,36.189636,0.47610462,0.07268633,0.1386528
611,5239,90.25547,0.470793,0.19761956,0.3801449
611,610,48.365643,0.4738756,0.10573007,0.20489365
611,2930,54.4534,0.47257593,0.109024145,0.21174543
612,3035,108.96638,0.46566498,0.16858828,0.32609177
612,3894,31.210812,0.47246847,0.05743592,0.10846936
612,6786,9.488461,0.4716615,0.018984042,0.037416384
613,614,88.14653,0.46973354,0.19592723,0.37716776
613,1436,62.24398,0.47071722,0.13502787,0.26089972
613,2132,113.74803,0.4635301,0.23013768,0.4433235
613,3035,59.28567,0.4707419,0.09070216,0.17585625
614,3042,121.881096,0.463579,0.24675864,0.47570455
614,613,88.350044,0.46825334,0.19615798,0.37769434
614,3032,61.64441,0.47267422,0.1336302,0.25872687
615,5786,1.4918594,0.46444553,0.0027932078,0.0061244816
615,4061,10.402142,0.4699732,0.022511087,0.044024944
615,5788,0.87392044,0.46413726,0.0045475513,0.009341538
616,5787,73.26692,0.46527916,0.2285938,0.441132
616,617,7.5072136,0.4651551,0.016449928,0.032397866
617,3394,12.488586,0.47003588,0.027017482,0.053026587
617,616,8.101513,0.47098503,0.017630093,0.034908265
618,5263,1.7236404,0.4634493,0.0026703626,0.005442381
618,619,75.98765,0.46279213,0.172092,0.33090687
619,1444,28.587704,0.46052262,0.06390073,0.12110199
619,5263,76.27559,0.45971006,0.17119467,0.32885602
620,569,2.2510262,0.46509528,0.0046325624,0.009592056
620,621,100.95426,0.4598335,0.20394161,0.39293042
620,6855,59.400158,0.46283436,0.13137798,0.2540795
621,620,101.68355,0.46326727,0.20453098,0.39361197
621,3042,46.380146,0.46518633,0.09237913,0.17935416
621,3042,38.746613,0.46497583,0.07775371,0.14889142
622,936,25.856195,0.461314,0.057875637,0.11021812
622,6684,2.717926,0.46293372,0.005485557,0.010869965
623,1887,19.141268,0.45249593,0.045577638,0.08790294
624,3456,7.235489,0.45198,0.017402686,0.034164116
624,6477,14.887108,0.4515863,0.035034537,0.06828317
625,7091,1.6412201,0.4364521,0.0050350726,0.0100785345
625,630,3.0039673,0.43370023,0.006087199,0.011788711
626,5016,2.1987495,0.4113713,0.003141366,0.006368175
626,4725,68.862785,0.39578655,0.18432467,0.35671914
627,199,2.3891106,0.31535488,0.0057326183,0.011068448
627,1669,2.1216278,0.3166248,0.005500488,0.010556638
627,2726,24.118189,0.32822096,0.061744295,0.11649844
628,5193,4.1143723,0.3626585,0.00846222,0.016512588
628,6287,49.014076,0.3671342,0.10090353,0.19268696
629,4724,2.3730927,0.3776604,0.0033978745,0.0065125525
629,1912,112.25561,0.39818573,0.31115028,0.6002612
630,4154,1.6885796,0.43463454,0.0031250045,0.006440595
630,625,2.6114502,0.43354425,0.0052504465,0.010365382
630,4682,25.93492,0.4362731,0.06425196,0.12295519
631,197,1.8805923,0.36940032,0.0033753142,0.0065220296
631,2279,84.66753,0.36809158,0.18125543,0.34987205
631,632,15.272781,0.3683902,0.037411932,0.07155419
632,198,1.8330765,0.35897845,0.004152544,0.007939607
632,6627,28.679996,0.35159928,0.07400575,0.14133096
633,634,196.92473,0.48708564,0.42870888,0.8309619
633,1242,180.42636,0.48100844,0.36144775,0.6986116
633,1965,298.3916,0.47308347,0.5978132,1.1609241
633,853,26.85331,0.4892913,0.060056873,0.11494446
634,1242,107.2622,0.48241532,0.21351366,0.41161534
634,1186,12.429863,0.4857185,0.02720403,0.052791744
634,633,196.79327,0.4860463,0.42797253,0.82940793
635,5116,1.5970459,0.4814806,0.0032407716,0.0071247965
635,2870,23.391907,0.4879169,0.05189059,0.09913927
636,5118,1.3206367,0.48289746,0.0015667006,0.003633961
636,5119,1.1391907,0.4814356,0.0008845553,0.0025345534
636,5117,72.58482,0.48172235,0.16203168,0.3121063
637,779,83.84189,0.47647345,0.16738784,0.3225736
637,5224,2.0719528,0.48119697,0.003991194,0.008459017
637,5117,33.910927,0.4866673,0.074177526,0.14179894
638,3656,2.4799538,0.4721,0.0041911975,0.00871937
638,588,93.81081,0.46497595,0.18812293,0.36280113
638,1810,100.93208,0.46823958,0.20314395,0.39146382
639,1809,0.56731796,0.46707493,0.004779801,0.009614348
639,571,43.003593,0.46730816,0.141294,0.27539995
639,588,42.5243,0.47265637,0.117107585,0.22979634
640,571,28.365967,0.4714865,0.08484186,0.16498709
640,3038,43.328682,0.4725207,0.13915244,0.27173072
640,3656,55.0745,0.4678432,0.10836019,0.20978379
641,2410,75.90407,0.47074017,0.14973558,0.28961307
642,643,7.832882,0.4741911,0.0166924,0.032746673
642,1803,67.26652,0.4719853,0.13206626,0.25583243
642,1430,47.71049,0.47566935,0.10284241,0.19928926
643,642,8.058308,0.4741963,0.017095998,0.033579648
643,4910,44.816647,0.47180077,0.08774081,0.17021596
643,1810,43.919125,0.47459987,0.09534456,0.18466622
644,2949,1.5419807,0.47541013,0.0028936714,0.0062132627
645,3862,1.3579903,0.505348,0.00188981,0.0040774494
645,5087,59.297268,0.51752365,0.12580356,0.24657066
646,831,43.5406,0.48327595,0.085051365,0.16467394
646,5520,35.609207,0.48527613,0.08903013,0.17158888
647,3855,1.0172462,0.48141277,0.0009297654,0.0025214404
647,6569,52.922108,0.507812,0.11372015,0.22051844
647,1408,102.34506,0.49552864,0.19801843,0.38278776
648,4432,30.574928,0.44841552,0.06444256,0.121187836
648,654,23.542427,0.45163363,0.050558355,0.095901035
648,152,23.926094,0.45243847,0.053615652,0.1014833
648,3756,5.2579,0.44989127,0.011211559,0.02208072
649,4392,1.9076843,0.46051836,0.002640672,0.005408898
649,150,25.85255,0.4620131,0.058367565,0.11082561
649,4961,25.937983,0.46276224,0.05470556,0.10340363
650,3751,4.304947,0.47824007,0.0109415725,0.022068635
650,651,42.3611,0.4726089,0.08342153,0.16107751
651,149,28.794035,0.46880448,0.059966784,0.11368618
651,3759,6.684189,0.46959636,0.0130865425,0.02618365
651,650,41.669445,0.47251493,0.08213755,0.15805914
651,4961,28.698427,0.46776834,0.05990432,0.11342924
652,149,52.421715,0.462703,0.10430325,0.20270157
652,3678,29.84079,0.46643886,0.075771354,0.14403549
653,6109,1.3855515,0.44865862,0.004423052,0.009251863
653,6108,6.5765686,0.4490873,0.013440721,0.026423782
654,151,25.42345,0.45272446,0.05471673,0.102992825
654,3757,5.6740456,0.45025152,0.011304051,0.022538617
654,4392,56.823368,0.45449525,0.1135951,0.22039594
654,648,23.523895,0.451151,0.050620332,0.09589195
655,1950,1.9562302,0.519572,0.0032336935,0.006204605
655,5575,27.069939,0.5117577,0.06678654,0.12914848
656,6567,14.846781,0.53465134,0.030698154,0.060199298
657,2585,1.4231834,0.5514579,0.0016556531,0.0042243153
657,5776,6.8384094,0.31222704,0.01215025,0.020456418
658,295,1.2157135,0.30487102,0.0045547634,0.006273344
658,3927,43.3606,0.2904637,0.15466897,0.24932899
659,4383,1.7439117,0.550269,0.0014387369,0.0034215748
659,660,8.581768,0.2983234,0.021497391,0.03877294
660,2219,1.0938377,0.5428534,0.00096450746,0.0027425736
660,3947,25.489475,0.30084193,0.08449566,0.14685321
661,3631,182.65242,0.49701804,0.36094344,0.696347
661,1332,38.777634,0.50320864,0.076859,0.14834076
661,663,39.83494,0.5054986,0.07878895,0.15209043
662,1331,99.915115,0.5021315,0.19737977,0.38259035
662,663,55.066322,0.50583345,0.10816983,0.21038353
662,3493,44.09196,0.5126395,0.08779663,0.16951807
663,662,55.159172,0.5055746,0.10831866,0.21070999
663,661,40.153084,0.5052838,0.07943554,0.15374774
663,1331,48.80832,0.5028507,0.09694578,0.1886188
664,1335,28.585915,0.4969019,0.059202068,0.11340969
664,1331,51.868935,0.49845964,0.10280052,0.1998591
664,1333,47.073715,0.4971795,0.09339667,0.18231201
664,4984,73.366135,0.49402732,0.14489195,0.28130886
665,1188,1.9047737,0.53815264,0.0030051023,0.006388277
665,2470,11.60417,0.5422395,0.026417613,0.05150658
665,4371,114.38703,0.5317177,0.21593061,0.419814
666,667,74.84921,0.5303858,0.142329,0.27721158
666,3924,24.563156,0.5366676,0.0610236,0.11881781
667,666,75.51817,0.53363496,0.14245754,0.2773417
667,668,57.361378,0.5320941,0.108728535,0.2109973
667,2209,37.853065,0.52977383,0.07291235,0.1394485
668,290,64.36418,0.53555554,0.122158684,0.23693329
668,667,57.66095,0.53235185,0.10890767,0.2107888
669,4630,1.2812805,0.04386899,0.005332485,0.011041805
670,2804,1.4979591,0.50535095,0.0018243417,0.0038888901
670,671,30.781906,0.5054745,0.061757825,0.11811738
670,4253,16.12702,0.5031002,0.043138396,0.08443757
671,3854,30.985998,0.5039216,0.06215153,0.11832751
671,670,31.072906,0.50477356,0.06205562,0.118779026
671,672,63.47233,0.50013787,0.12259298,0.23764408
672,671,63.026306,0.4997405,0.12220054,0.2369008
672,3856,32.455105,0.49874935,0.06521292,0.12373541
672,4630,31.705963,0.50047064,0.06495434,0.12371971
672,3863,30.24431,0.4991907,0.061663482,0.117190905
673,3653,1.5664177,0.5090245,0.0021524206,0.004725173
673,154,14.033598,0.50448996,0.029477645,0.05766379
674,2208,159.58826,0.51713014,0.31036252,0.6015646
674,5360,23.744625,0.5192444,0.0671845,0.1299502
675,676,1.675808,0.46229568,0.0045577213,0.009490475
676,675,1.7915077,0.4606314,0.004879862,0.0102617
677,2191,70.69297,0.4652835,0.15536824,0.29897493
677,2121,157.2316,0.44818053,0.34792486,0.67170835
677,2383,149.79659,0.45620686,0.3377746,0.6527682
678,4688,1.7466354,0.4818095,0.0023225322,0.0048214197
678,748,43.82635,0.48159567,0.08659158,0.16750613
678,4687,46.0376,0.48643625,0.10099576,0.19542474
679,950,7.9823074,0.43738693,0.019640066,0.038745373
680,685,32.82953,0.48755437,0.072209574,0.13767253
681,3602,38.021786,0.4879454,0.07612525,0.14529642
681,685,69.626236,0.48396155,0.13791157,0.26754448
682,5008,41.92766,0.5135121,0.09275677,0.17889223
682,219,63.390038,0.50375223,0.14035748,0.2718943
683,684,25.152454,0.5179848,0.051615614,0.09900041
684,683,24.811728,0.5162074,0.051567867,0.09899409
684,1112,51.823975,0.51508236,0.10063437,0.1953769
684,483,33.64795,0.5146112,0.06686762,0.12797382
685,681,70.27346,0.4830372,0.13875125,0.26831955
685,6363,18.943918,0.48358893,0.04198091,0.081186846
686,1906,212.13422,0.31022564,0.47253183,0.9063819
686,687,20.022263,0.28345412,0.045549117,0.085804835
686,1904,158.05869,0.2798525,0.3581095,0.6857187
687,4157,111.33908,0.25998807,0.25524122,0.49628025
687,686,19.837872,0.2835828,0.045053117,0.08464714
688,4249,1.6269226,0.2576003,0.0046032146,0.008295029
688,1975,67.28733,0.2491594,0.15364361,0.30197743
688,4268,29.33464,0.25912806,0.07229826,0.13554184
689,6929,19.206095,0.2876804,0.046025924,0.08637438
689,5949,57.120533,0.27459747,0.1369596,0.26736006
690,3529,182.73029,0.3767665,0.39189097,0.7527318
690,6052,102.01358,0.3630677,0.21879274,0.4218155
690,1781,52.0833,0.38763818,0.108547576,0.20858449
691,211,21.45704,0.47963837,0.04701541,0.08974061
691,6313,17.267126,0.48778698,0.040159382,0.077698275
692,1007,128.06088,0.46248448,0.11842446,0.23016384
692,2900,50.52762,0.47359395,0.10128063,0.19542423
693,1015,52.21946,0.46985292,0.10329224,0.1994384
693,692,40.583935,0.4712079,0.050153296,0.09642072
694,4692,1.0312424,0.46428558,0.004460305,0.00955309
694,175,1.0404282,0.48228806,0.004025072,0.008697957
695,1555,111.56078,0.30283308,0.25302562,0.48880076
695,5254,45.184517,0.3392616,0.0974848,0.18667893
695,251,42.616817,0.33475986,0.09156119,0.17444752
696,5618,1.0817986,0.48205376,0.0012367815,0.0023001581
696,4826,92.17096,0.47288197,0.13587652,0.26366043
697,3397,90.91348,0.47866076,0.18083146,0.34827513
697,2395,28.268223,0.4790033,0.059716716,0.11352406
698,1783,2.3438225,0.38202924,0.0028408766,0.0058081746
698,1784,22.024778,0.3782142,0.0492943,0.09373706
699,4229,35.52916,0.375869,0.11806186,0.23132354
699,1885,99.9973,0.3713715,0.21113674,0.40752584
700,1896,1.6814766,0.37802762,0.0028227493,0.005842969
700,698,24.950249,0.374594,0.04776427,0.091309495
701,6282,1.4013138,0.5093194,0.0037890822,0.0071843714
701,483,46.20771,0.51186395,0.09006304,0.17367756
702,3286,146.81573,0.38536364,0.30924356,0.5938653
702,4247,44.92019,0.40115926,0.101585336,0.19677047
703,1829,1.1674004,0.3814318,0.004475519,0.009208381
703,6505,94.683716,0.39180434,0.22289121,0.42729446
703,1968,30.514061,0.40534464,0.096094966,0.1872794
704,2275,89.51738,0.49961635,0.17327085,0.3354572
704,249,86.65384,0.5008896,0.23110494,0.44582576
705,4236,24.987879,0.49979973,0.05518576,0.10502918
705,2276,97.73135,0.50089586,0.21189815,0.40854877
705,2275,46.383823,0.5012586,0.09102532,0.17640373
706,3461,1.8464012,0.48462456,0.0020146072,0.0044636726
706,742,194.083,0.45812875,0.52870965,1.0318403
707,3868,1.4888611,0.48061612,0.0045923144,0.009237841
707,6271,10.443274,0.48181358,0.021959774,0.04311791
708,3878,1.718071,0.48090392,0.0024910271,0.005161524
708,5742,34.54522,0.47986048,0.06960431,0.13229817
709,6661,24.899086,0.48442042,0.054695804,0.10416863
710,711,57.22525,0.48345715,0.1104631,0.21344417
710,787,42.287853,0.48251924,0.08308791,0.15924723
711,783,51.7929,0.48037475,0.10095993,0.19560535
711,2890,43.026737,0.4858693,0.08365081,0.16058734
712,829,46.057823,0.48508275,0.07146176,0.13415426
712,2889,6.6578064,0.48449546,0.016438045,0.03291875
713,5019,9.037334,0.2971602,0.022821255,0.042968437
713,2927,81.83295,0.3124173,0.18018624,0.35082513
714,1904,1.7227058,0.2803998,0.0033397824,0.0065669566
714,255,26.56305,0.2730661,0.069368295,0.13217595
715,273,91.42749,0.37638557,0.19499356,0.37606406
715,2114,105.96678,0.4033515,0.21942383,0.42217308
715,275,114.63439,0.38211364,0.2445223,0.46946192
716,717,56.30008,0.3805374,0.116689496,0.2253109
716,1835,26.979301,0.3726536,0.06125465,0.11485677
717,1843,91.08266,0.39313477,0.1915899,0.37007642
717,716,55.60888,0.38221127,0.11536816,0.22382559
717,5653,27.447071,0.38948315,0.05972075,0.11222481
718,4771,2.1015434,0.42037183,0.0023743063,0.004791051
718,3882,37.671658,0.41582036,0.078460045,0.14655435
719,4769,26.04115,0.4205523,0.05683204,0.10763259
719,720,105.46022,0.42235237,0.2194489,0.41998458
720,722,134.75342,0.4260756,0.2773843,0.5332413
720,1909,40.433014,0.4223843,0.079550445,0.15036559
720,719,105.19095,0.41569695,0.21964332,0.4203362
721,5978,37.119972,0.4280117,0.095124304,0.18331349
721,1909,61.444786,0.41781682,0.12405416,0.23932272
722,5804,1.7170258,0.44628257,0.0024298728,0.00509952
722,723,82.523254,0.43478644,0.16710094,0.32097733
722,720,133.98764,0.4274422,0.27788636,0.53399736
723,722,82.700165,0.43741894,0.1676455,0.3218827
723,6474,92.13617,0.44643354,0.24944356,0.47994673
724,6753,2.9008293,0.46698016,0.002402313,0.00524576
724,725,92.24943,0.46917135,0.20788395,0.39849222
725,3212,2.8043747,0.4685302,0.0022504032,0.0048440397
725,4013,78.695404,0.46701992,0.17958136,0.3448625
726,5336,1.9863815,0.4733456,0.003928818,0.007884383
726,4786,1.967514,0.47358552,0.0038826764,0.0077917725
727,3245,2.0766602,0.48525873,0.0033079684,0.0069090426
727,728,89.10565,0.48031363,0.17760035,0.34244883
727,442,34.180656,0.48698094,0.07614375,0.14452012
728,4687,1.7010612,0.48512414,0.0022008866,0.0044843256
728,727,89.683105,0.47887516,0.17750612,0.34222353
728,4688,46.084873,0.4866159,0.10098357,0.19602126
729,644,5.813431,0.47390127,0.012563899,0.024757728
729,3948,272.49106,0.45982555,0.6074278,1.1795895
730,609,3.8330765,0.47826236,0.008090518,0.016484007
730,5802,1.7569427,0.47797707,0.0033195242,0.007179633
730,4785,0.020210266,0.040985852,0.009717047,0.016632155
731,4135,46.50578,0.030441552,0.23588195,0.49300635
731,3136,7.666889,0.0499973,0.028079294,0.054700606
732,330,15.793495,0.47594067,0.04017061,0.07767759
733,2597,1.6733589,0.49156436,0.0022556782,0.0047153383
733,455,16.187675,0.49027506,0.034184463,0.06644115
734,5065,5.287243,0.4871779,0.014081508,0.02779226
734,3410,66.845345,0.48160037,0.132584,0.2573096
735,3520,2.0659828,0.48789003,0.0055841133,0.010937482
735,805,35.106102,0.47897175,0.06007495,0.11332871
736,5608,100.20998,0.5053654,0.15783283,0.3059901
737,1989,20.781662,0.5041362,0.037751004,0.073565684
737,5856,18.650623,0.50031906,0.034756854,0.06823075
738,5055,7.5389977,0.48807824,0.016855747,0.032822475
739,3781,1.7697029,0.44652596,0.0025632456,0.0050214827
739,88,27.497814,0.44783127,0.063240744,0.11941987
740,810,68.75105,0.48119488,0.13480441,0.2610766
740,807,64.5047,0.48053288,0.12682116,0.24670717
741,809,7.6471786,0.4841303,0.015104786,0.029970303
741,808,57.418194,0.48512405,0.112075284,0.21730497
741,805,40.624233,0.48369122,0.08025486,0.15375915
741,810,30.960024,0.4847516,0.06318967,0.12002472
742,871,2.89217,0.4798027,0.0051740482,0.010242924
742,743,1.6460419,0.47336692,0.004643388,0.00943622
743,6241,1.7809715,0.47771892,0.0025439411,0.00500305
743,3668,36.434086,0.48002598,0.0920871,0.17961375
744,2839,13.473932,0.4865966,0.033521958,0.065467514
745,2437,7.019146,0.48363554,0.018306307,0.036367297
745,3450,2.546173,0.48086342,0.0040389746,0.008515298
746,1561,1.4848099,0.48499373,0.0043127686,0.008319482
746,3892,2.631733,0.4800951,0.00407058,0.008299962
746,774,45.760483,0.48221415,0.09041765,0.17604198
747,2889,44.896538,0.4896932,0.07261969,0.137401
747,2837,15.621582,0.48467255,0.030448768,0.059653938
748,812,54.23801,0.48229104,0.107690796,0.20894316
748,678,44.498188,0.483719,0.08725771,0.16973898
748,1195,55.13389,0.4811895,0.10774605,0.20925803
749,4131,1.1835976,0.476181,0.003895931,0.007959172
750,3137,11.318323,0.47667128,0.03212636,0.062497333
750,782,1.0189095,0.47450987,0.0038208514,0.0079181045
751,5621,17.903522,0.020979494,0.09135415,0.19297802
751,5620,49.056187,0.47438267,0.09677811,0.18765542
752,6066,1.3773384,0.48835763,0.002624862,0.005704209
753,1375,14.560055,0.48428842,0.03174701,0.06178035
753,3144,16.506351,0.48485902,0.036381982,0.07065742
754,3637,1.2710114,0.5181299,0.0013282374,0.002903685
754,3638,14.894754,0.5172895,0.03094947,0.060319886
755,4775,1.6254959,0.49146706,0.0023029745,0.004928872
755,191,67.959885,0.48972595,0.13306767,0.25842625
755,6154,58.95552,0.4913507,0.11679512,0.22753412
756,6369,42.46736,0.49526885,0.08311982,0.16020845
756,761,28.620476,0.4930812,0.058809187,0.112283066
756,755,24.252508,0.49461025,0.052043404,0.09924047
757,2059,2.4025574,0.49541706,0.001635611,0.0038760155
757,2750,30.035841,0.4935432,0.06854053,0.13053836
758,437,20.412231,0.49396536,0.044534866,0.08560351
758,438,30.828613,0.49519464,0.068064414,0.13041203
759,6369,1.5437737,0.49244317,0.0019902661,0.0040947944
759,6373,17.609383,0.49620113,0.038906872,0.07554014
760,4987,1.7742538,0.49991316,0.0036003068,0.0075490177
760,1117,13.7027645,0.49633923,0.029090524,0.05686327
761,3613,33.56133,0.4908691,0.067681,0.1296798
761,756,28.49133,0.49116963,0.05834251,0.11126582
761,5322,21.21179,0.49211422,0.04629366,0.08892557
762,1191,22.919327,0.49189502,0.05562391,0.10682809
762,1290,16.998892,0.49072072,0.03932616,0.07606159
763,3012,1.5641708,0.48433533,0.0021009743,0.0043011457
763,3848,49.11775,0.48255113,0.09621237,0.18703696
763,1600,11.107754,0.4883871,0.02615624,0.051214278
764,4037,1.808258,0.47264954,0.0024001524,0.005172029
764,798,97.999535,0.47609007,0.196205,0.37854725
764,4515,24.669865,0.18259686,0.055601712,0.10776913
765,1167,68.41695,0.47391194,0.15175362,0.29324824
765,1169,61.18579,0.4789899,0.13471419,0.26052314
765,1190,163.6789,0.47835213,0.32932046,0.63577724
766,1969,3.932724,0.4542007,0.012988113,0.02545321
766,3150,2.9421082,0.457169,0.0050393417,0.010033384
767,4674,0.8785553,0.27954954,0.0047314763,0.009064645
767,1155,51.648148,0.31318012,0.18392502,0.361313
768,5688,24.462513,0.39131498,0.044773914,0.08551101
768,5687,11.048367,0.3959484,0.030672628,0.059254363
769,1153,1.6565285,0.29219672,0.006304115,0.011810124
769,5536,40.02026,0.109844536,0.16045636,0.33408138
770,5581,14.864794,0.26214907,0.037342846,0.07116293
771,4674,36.980442,0.27619103,0.084813334,0.15969351
772,2968,1.6714973,0.24366859,0.0041118264,0.0075451583
772,3636,29.467468,0.2615251,0.07836591,0.14789373
773,948,53.839523,0.47362056,0.18618968,0.36229876
773,1771,20.0157,0.4778296,0.05767822,0.113444336
774,1145,238.0481,0.46994203,0.48260772,0.93384385
774,5445,84.1337,0.4761445,0.16623972,0.32076195
774,746,46.213703,0.4830885,0.09144995,0.1777371
775,6008,152.33548,0.44464225,0.51262164,0.9990013
775,1157,7.9661903,0.47694972,0.023160808,0.045540035
776,3880,1.3677635,0.446772,0.00274688,0.00609535
776,2246,67.89989,0.44494572,0.23134878,0.44492912
777,381,16.687084,0.4935877,0.035637386,0.06949168
778,1947,24.675076,0.47844124,0.05197569,0.09857322
778,1946,65.836815,0.48174396,0.13334005,0.25818136
778,3282,26.249989,0.4766314,0.05466921,0.103407025
779,637,84.94231,0.47458884,0.16843376,0.32542437
779,4131,20.722351,0.47861212,0.04483287,0.08562674
780,801,3.1991234,0.47827998,0.0063623562,0.01320377
780,781,25.118465,0.48301244,0.055082403,0.10514589
781,2120,66.25584,0.479289,0.14429703,0.27806538
781,5061,26.60984,0.4745163,0.055356607,0.10568329
782,750,1.0927849,0.4790851,0.004006125,0.008155957
782,4300,18.54886,0.4740394,0.03987169,0.076958604
783,711,51.43204,0.48129213,0.0991243,0.19238883
783,787,31.851068,0.4809031,0.06475899,0.123465024
783,6333,87.18597,0.47937772,0.17305365,0.3336497
784,2953,1.4893875,0.4809776,0.0023841634,0.0046696663
784,430,113.76307,0.4752319,0.31212983,0.6036587
785,3521,55.76182,0.47666794,0.109583944,0.2121814
785,4270,27.993866,0.4815836,0.062088665,0.1184962
785,840,46.00209,0.4840329,0.09954754,0.19298682
786,6095,40.106533,0.49520445,0.079019025,0.15052822
786,1282,24.359509,0.4921144,0.05411333,0.1039794
787,3410,60.67228,0.48052236,0.11902422,0.23074716
787,710,42.04893,0.48436904,0.08179281,0.15781209
787,783,31.903954,0.48184788,0.06491152,0.12388227
788,445,37.641422,0.5135227,0.06681003,0.1255295
788,443,19.804813,0.51451916,0.046623863,0.09040946
789,6281,39.18189,0.51205426,0.06965981,0.13138404
789,790,2.7057,0.5112686,0.0050808713,0.01044333
790,789,2.8188705,0.5123155,0.0047996864,0.010087743
790,7045,44.639385,0.5080264,0.086683944,0.1671595
791,7045,1.5255623,0.508299,0.0019188449,0.004291266
791,5530,47.914654,0.5076244,0.09316877,0.18030979
791,5529,2.7425423,0.51398695,0.004681714,0.009622887
792,1067,5.604252,0.4656468,0.01368878,0.026969716
792,1009,6.609249,0.46174574,0.013131507,0.026084185
793,1665,1.956131,0.4596654,0.0026986673,0.0054110587
793,1011,36.125572,0.46355474,0.072324105,0.1384066
793,6580,21.34341,0.4639782,0.051213637,0.09784078
794,6341,2.8393822,0.4584768,0.0076398477,0.015177384
795,6633,1.4812279,0.46429688,0.004249543,0.009046361
795,5396,2.1054535,0.46196985,0.0037689805,0.0076702535
796,6961,1.9938354,0.4467533,0.0030851886,0.0066403598
796,2394,20.013962,0.4530798,0.03800971,0.07272483
797,3838,1.5593033,0.48395956,0.0021757856,0.004634872
797,812,56.198963,0.48480508,0.11111709,0.21563159
797,1195,43.070385,0.4848605,0.09279216,0.17942932
798,764,99.62674,0.4774139,0.19778052,0.38086107
798,3450,61.039085,0.48373392,0.1202488,0.23423758
798,3839,62.621902,0.48383075,0.12473872,0.24281074
798,815,53.267727,0.48575866,0.105112225,0.2042521
799,1187,28.333395,0.48726565,0.058083937,0.11013494
799,812,92.61115,0.4821812,0.183352,0.35377556
799,4516,49.423405,0.48741382,0.09644188,0.18728212
800,80,3.4937363,0.42497274,0.0068845227,0.013868883
800,3041,209.38359,0.41188338,0.44031915,0.84676963
800,2472,133.67981,0.41557556,0.27731746,0.53275454
801,3397,1.8725739,0.47971112,0.00263156,0.0054530203
801,697,91.79416,0.47712767,0.18169585,0.34987837
802,4831,78.94733,0.47600695,0.19725803,0.37881383
802,4830,96.341965,0.47564942,0.19581732,0.37824622
803,3246,3.1528778,0.4867261,0.004677877,0.009454295
803,5124,2.2574806,0.48647267,0.002936639,0.0059738755
803,4790,55.015076,0.4788516,0.14557835,0.28238422
804,6368,1.3563614,0.4383966,0.0034878403,0.0070705116
805,806,3.730114,0.48536423,0.005053401,0.010012865
805,741,41.024185,0.48784345,0.08108462,0.15536943
806,6732,5.8868523,0.4857393,0.011292942,0.022364542
806,809,38.067818,0.48518753,0.076128654,0.14491014
807,6274,39.870884,0.48472315,0.079368114,0.15104073
808,4709,1.5529518,0.48674273,0.0019647107,0.004299313
808,741,57.69263,0.48549423,0.113380656,0.21998006
808,6371,36.597622,0.48668548,0.07884573,0.14980532
809,741,7.5739784,0.48492768,0.014984623,0.029768094
809,810,26.268965,0.4829413,0.054923423,0.10420386
809,806,37.833817,0.48306385,0.07524919,0.14286599
810,740,68.84502,0.48052862,0.13262942,0.25721094
810,5118,83.031235,0.47944975,0.16443844,0.31738743
810,809,26.481297,0.4827221,0.055191766,0.10448153
810,741,31.124063,0.4855756,0.06356291,0.12067349
811,821,17.828264,0.47698432,0.038922682,0.0750717
811,822,52.363605,0.47241896,0.10509912,0.2037065
811,3824,42.455032,0.47578326,0.09219079,0.17848682
812,799,92.37758,0.48233578,0.18446432,0.35604516
812,748,54.17121,0.4831064,0.10746959,0.20869386
812,797,56.750504,0.48354098,0.10986258,0.2136544
812,4687,36.725655,0.4844199,0.07332335,0.14066742
813,4519,1.7390594,0.49172458,0.0035814345,0.007315308
813,4516,2.0883675,0.49133065,0.0035189837,0.0071415007
814,4047,1.5363045,0.4800491,0.0030058622,0.006287679
814,764,109.35114,0.38498968,0.18093883,0.35172403
815,3848,1.8152542,0.4835188,0.0025619268,0.0054695904
815,814,31.807152,0.48274398,0.069209315,0.12973359
815,798,53.145905,0.48398608,0.104988836,0.20352787
816,3465,28.891193,0.4784215,0.0610438,0.116290815
817,5646,83.99588,0.49844274,0.16412348,0.3179375
817,5641,6.339222,0.1195527,0.016962126,0.034283027
818,4698,1.7307587,0.46324956,0.0031861588,0.006529823
818,819,7.594597,0.4705249,0.016210966,0.03179361
819,4698,6.6107826,0.4651626,0.014073983,0.027902365
820,821,253.46979,0.46507102,0.5566099,1.0820397
820,2819,104.05531,0.4616327,0.22781304,0.43874538
821,2954,133.1818,0.47314084,0.2980304,0.5754939
821,811,17.909536,0.4753048,0.038945064,0.074921824
821,820,251.64297,0.46157077,0.55561894,1.0802457
822,811,52.565804,0.4752318,0.104931384,0.20361644
822,1722,59.148026,0.47239086,0.116441384,0.22583313
822,3941,79.01433,0.46965972,0.15668258,0.30234557
823,2378,6.691536,0.49779397,0.013466053,0.026892379
823,2379,23.710552,0.49628317,0.050455842,0.09656602
824,1048,6.6030235,0.49539238,0.013186812,0.026370198
824,2750,24.70038,0.49565223,0.05272825,0.10105987
825,408,8.063179,0.49226487,0.016101718,0.032061353
825,828,24.210909,0.49038297,0.05103108,0.09706865
825,827,28.994286,0.4923613,0.059473127,0.112905376
825,409,29.93742,0.4917299,0.061591767,0.11692094
826,827,31.444075,0.49379227,0.06386076,0.12138167
826,1042,14.336548,0.4941924,0.029900484,0.058149613
826,6385,42.018364,0.4954245,0.082013376,0.15874283
826,1052,34.11287,0.49511823,0.06856032,0.13111624
827,826,31.61129,0.49369723,0.06402545,0.121651754
827,1050,33.573326,0.49377328,0.06729515,0.12820339
827,1041,21.346767,0.49123204,0.045630906,0.08748878
827,825,29.049114,0.49302503,0.059694674,0.11333144
828,6433,33.4616,0.49274614,0.06756746,0.12888531
828,4969,38.995457,0.4950999,0.077496976,0.14890376
828,825,24.19846,0.49094984,0.051163826,0.0971673
828,187,36.557095,0.49311548,0.07284198,0.13969539
829,4512,186.73158,0.47325358,0.37447563,0.7235687
829,6897,27.397823,0.4813335,0.05490683,0.10515574
830,833,9.348854,0.49895304,0.018827267,0.037228346
830,2579,68.96645,0.4927558,0.13506156,0.26170444
830,2916,19.92944,0.49757937,0.04183994,0.0804898
831,646,42.677395,0.48341656,0.08382967,0.16243611
831,4467,142.99655,0.48488417,0.28363737,0.5477013
831,832,33.08692,0.48648745,0.06705423,0.12712854
832,2579,66.03611,0.48793882,0.1295599,0.25113833
832,831,32.71171,0.48614424,0.06617447,0.1258554
832,1696,9.799313,0.4876828,0.020186186,0.03971012
833,830,9.514786,0.49848413,0.01932671,0.038168132
833,2917,18.888994,0.4958825,0.041507367,0.08048588
834,4311,41.252716,0.5017118,0.089116715,0.17074189
834,669,46.680134,0.49698412,0.14749433,0.28493974
835,3764,1.2230072,0.5186097,0.0013114884,0.0034524798
835,3325,28.76532,0.51892924,0.06349771,0.12236957
836,837,42.095436,0.47494742,0.08307354,0.15974878
836,4410,33.296013,0.47924522,0.08465409,0.16372775
837,836,41.402065,0.4753243,0.08189349,0.15785971
837,475,29.444313,0.4698444,0.061534837,0.11635173
837,4411,42.582706,0.47471958,0.08390723,0.1614668
837,1400,7.362526,0.47093892,0.014589816,0.029154196
838,4395,1.8456078,0.46343163,0.002741143,0.00554201
838,475,26.218647,0.46511242,0.0556479,0.10515626
838,1398,6.0618973,0.46562904,0.012853444,0.025362223
839,4395,43.92766,0.46211758,0.086402744,0.16734023
839,459,21.217028,0.45764694,0.04559428,0.08715544
839,457,6.3897247,0.45532778,0.012650371,0.02487062
839,5535,44.259876,0.46208853,0.08773936,0.17006412
840,3008,24.687141,0.48429194,0.051652834,0.09826921
840,785,46.018585,0.4849612,0.09962612,0.19306754
840,1189,37.238014,0.48614994,0.08041477,0.1545068
841,2869,1.8642769,0.47050297,0.0024855062,0.0052178204
841,843,67.52496,0.4701907,0.13546485,0.2615322
841,844,53.07147,0.46853045,0.10514014,0.20334192
842,2869,4.7154503,0.4702657,0.0089980215,0.017758563
842,3877,139.12668,0.4660666,0.27911642,0.53823626
843,3874,2.0273514,0.4697955,0.0033012927,0.0068025887
843,1448,19.01548,0.46489143,0.04759293,0.092443645
844,841,53.846226,0.46974987,0.10565309,0.20470878
844,1108,99.03264,0.46468174,0.1975198,0.38071576
844,5674,24.114746,0.46508425,0.05152437,0.097522035
845,846,41.35232,0.46520594,0.08246725,0.1588956
845,2934,88.61409,0.46364716,0.17600197,0.339051
845,1447,50.50181,0.4659059,0.10081296,0.19555418
846,845,41.27642,0.4657984,0.0816242,0.15659891
846,4947,82.52631,0.457986,0.16286191,0.31334478
846,1446,23.517601,0.46374375,0.050301515,0.0953349
847,2888,18.622591,0.39940664,0.040982958,0.07883947
847,5152,84.012436,0.408544,0.085356064,0.1632157
848,2079,147.71527,0.49713218,0.2948153,0.56983423
848,2069,86.663994,0.49553514,0.1726446,0.3333672
848,849,87.532364,0.4911548,0.17393647,0.3359185
849,4335,2.1627045,0.48944363,0.0035942346,0.0073690414
849,848,87.341576,0.49010834,0.1728017,0.33398175
849,1138,87.88056,0.49032393,0.28953677,0.5597273
850,3449,13.319967,0.49598867,0.031081725,0.06081704
850,851,6.8788376,0.49047825,0.013784371,0.027618945
851,5696,37.281,0.49329755,0.07440413,0.14082012
851,5345,20.341297,0.48168376,0.04339604,0.083644666
852,1368,52.353645,0.49415252,0.10329895,0.20101917
852,1369,69.65804,0.48953176,0.13807006,0.26757783
852,3550,30.081734,0.4916772,0.0615007,0.117614806
852,5697,41.295532,0.49293607,0.081624724,0.1577747
853,1961,59.73491,0.4886446,0.116270944,0.22568734
853,633,26.601185,0.48880312,0.059715778,0.114292726
854,856,2.8493156,0.47872764,0.004980713,0.00996168
854,3831,29.506742,0.47669846,0.060650647,0.11680612
855,858,50.717403,0.4846312,0.09751665,0.1870781
855,5220,1.8961143,0.47839573,0.0027975664,0.005791113
856,4202,9.316956,0.4858246,0.019117959,0.037770763
857,7018,1.9117622,0.48099935,0.003299579,0.006640315
857,7019,2.3662338,0.48279423,0.0036885738,0.0074762553
857,3878,93.20216,0.4793815,0.18832718,0.3636076
858,863,2.1276245,0.48026043,0.0031543747,0.006289318
858,859,16.409208,0.4763991,0.03421971,0.06636101
859,4900,2.599781,0.47847003,0.00417652,0.008432224
859,5137,7.6208496,0.48011118,0.01507926,0.02955848
860,865,2.5945663,0.4751271,0.004081823,0.008295745
861,862,28.52915,0.48142073,0.0602478,0.11441506
861,860,2.1244698,0.47473443,0.0037300885,0.0077414513
862,4899,1.8795891,0.47086212,0.002457358,0.005018115
863,858,1.7111893,0.4803533,0.002250418,0.004603103
863,5220,49.259888,0.48321882,0.09769863,0.18963039
864,863,35.25562,0.48092788,0.07180524,0.13718854
864,3326,12.08375,0.47818267,0.02541434,0.049789116
865,866,1.6221886,0.47301513,0.0026353076,0.0057492405
865,884,19.259459,0.4813506,0.041225716,0.07981595
866,861,1.7858505,0.47643209,0.0023832768,0.0048627406
867,868,1.4788628,0.47997937,0.0015818551,0.003843382
867,3669,59.779823,0.47807837,0.11683442,0.22659805
868,867,1.8923988,0.48195007,0.0032410845,0.0069629103
868,870,14.377882,0.48206833,0.030744292,0.059933014
869,5683,1.7254486,0.47753668,0.0021856427,0.004604563
869,871,89.773346,0.4722322,0.17660281,0.3403655
869,3669,5.6468315,0.47951585,0.010825656,0.021157786
870,886,6.835037,0.47953245,0.013719447,0.02732943
870,888,1.7064247,0.47688943,0.0022197366,0.004566431
871,743,4.5923424,0.48292074,0.0087538585,0.017255768
871,869,90.008804,0.47068807,0.1774488,0.34183788
872,4502,2.166748,0.487604,0.0034563988,0.0070772767
872,4133,12.346546,0.4902157,0.032959793,0.06426908
872,1788,75.70125,0.4835349,0.15060745,0.29074138
873,5712,18.405642,0.48918578,0.050723847,0.09956159
874,4644,23.208843,0.48197573,0.0497545,0.09525231
874,4644,16.26948,0.49521464,0.044932924,0.08775494
875,5875,36.78379,0.48321384,0.116896644,0.22988394
875,4531,51.373753,0.47967118,0.10121755,0.19718795
876,4507,1.6123238,0.49346924,0.0040079057,0.007962123
876,2520,66.76452,0.4879734,0.14925748,0.2882792
876,6010,24.999481,0.48803815,0.0643275,0.12393673
877,878,175.90254,0.5248673,0.3452003,0.67032
877,2195,271.47095,0.51635665,0.5715189,1.1142749
877,3196,45.34398,0.5279583,0.09430965,0.17885923
878,877,174.78622,0.52427125,0.34325454,0.6666434
878,6465,43.770695,0.003035903,0.15493557,0.3209929
878,4054,41.630302,0.0,0.14931801,0.3106494
879,4603,1.4140663,0.49401045,0.0033146292,0.00661242
880,3667,84.20097,0.4719115,0.16704719,0.32193127
880,3228,95.09271,0.47383144,0.20926043,0.4029196
880,2960,349.3006,0.45625353,0.7051846,1.3674403
880,4318,126.39656,0.4712857,0.27726305,0.534977
881,3760,1.617939,0.44091928,0.004804194,0.009667143
881,110,24.323633,0.43253216,0.055061888,0.10428956
882,2813,3.0519943,0.47112656,0.0016626939,0.0038565546
882,2814,1.4527321,0.4716473,0.004346989,0.008866638
883,440,19.062656,0.49653012,0.04501985,0.087300844
884,885,1.7625389,0.47751415,0.0022749826,0.004583165
884,887,18.011879,0.47795135,0.038180508,0.0737383
885,884,1.7824173,0.477503,0.0022883266,0.0047350675
885,866,18.91718,0.4775207,0.040243793,0.07762129
886,887,1.6360703,0.47658232,0.0021629483,0.0045288354
886,885,17.789999,0.4794289,0.037810363,0.073158056
887,886,1.7044106,0.4764532,0.002240613,0.00466381
887,888,6.349472,0.4792802,0.012722418,0.025312796
888,870,1.743248,0.4764196,0.0023075715,0.004759088
888,867,14.811182,0.48081917,0.031226173,0.0606661
889,4777,64.903946,0.2639795,0.1548068,0.30668896
889,1483,47.987152,0.30280614,0.10677337,0.20401281
889,1799,54.714798,0.2745882,0.12589812,0.24499555
891,3480,1.54393,0.4837029,0.0029136166,0.0064183325
891,892,150.53412,0.47669062,0.33471665,0.6470995
891,4914,76.81163,0.4850028,0.15244573,0.2953719
892,893,56.584785,0.4635675,0.12615037,0.2448031
892,891,151.75598,0.4767262,0.3358711,0.6492829
892,2335,83.80673,0.46477467,0.16863355,0.32461175
893,892,56.434643,0.46295643,0.12462312,0.24172108
893,2383,11.971354,0.46202344,0.0259699,0.050365314
893,2335,68.8281,0.46027055,0.137831,0.26621878
894,5304,1.4877777,0.49699396,0.0030006394,0.0061376244
894,763,44.676983,0.48716503,0.11362297,0.22049253
895,2469,15.447725,0.026275873,0.06740174,0.13587752
896,5569,75.70311,0.45243707,0.15181164,0.29133135
896,565,54.771328,0.46090823,0.087915875,0.16949722
897,3502,2.8093643,0.45259735,0.0014846623,0.0033438653
897,5387,33.745968,0.45528495,0.07128578,0.13413392
898,5818,24.896732,0.45196533,0.056311898,0.106982596
898,4893,1.943985,0.45169702,0.00262665,0.005295858
899,3500,45.783653,0.44898292,0.091257684,0.17651787
899,901,96.327805,0.4438439,0.19375008,0.37298018
899,1740,38.847076,0.448696,0.07852337,0.14979757
900,541,1.4973297,0.45342082,0.0055951923,0.010323733
900,4976,0.8372116,0.04979661,0.0070318505,0.013488665
901,5792,3.1768532,0.45316273,0.0032458454,0.007055506
901,899,96.05495,0.44359326,0.19577609,0.3767829
901,5817,22.646624,0.4545175,0.051447514,0.09753582
902,4888,1.8403549,0.43952307,0.002626814,0.0053335577
902,1377,92.04581,0.43628126,0.18727237,0.35929573
903,2600,1.6949768,0.44121873,0.0032430366,0.006499186
903,5226,2.1634636,0.4419735,0.004546523,0.0089342445
903,5562,1.990097,0.44171983,0.0035984293,0.0070666373
904,1503,21.87657,0.43572885,0.04754289,0.09040331
904,906,21.63528,0.43718204,0.0469095,0.089191645
904,1576,36.287464,0.4355848,0.07388503,0.14063129
904,1584,39.00099,0.43683618,0.079025544,0.150801
905,1583,35.98001,0.43810126,0.073599726,0.13945916
905,903,22.24451,0.4397282,0.050014444,0.09461984
906,904,21.556131,0.43728343,0.04673164,0.08884479
906,1583,41.26597,0.43847552,0.08305026,0.15945351
906,1577,46.595997,0.43569112,0.094270796,0.18205376
906,907,22.614748,0.43713444,0.049124997,0.09321367
907,5563,3.0593033,0.43316555,0.002990909,0.0065564513
907,906,22.59931,0.43806005,0.049002487,0.09287261
907,5564,10.029228,0.44025737,0.022148356,0.04281406
908,1589,37.51046,0.43983546,0.07633225,0.14537136
908,1378,66.59809,0.44006795,0.13464364,0.25963902
908,1380,35.44972,0.44248456,0.0728179,0.13847926
908,1381,95.942764,0.43329832,0.19464311,0.37388742
909,389,74.21349,0.49528638,0.15685412,0.30438703
909,2296,5.828579,0.49777564,0.011340655,0.022482261
910,3765,1.861454,0.4532784,0.002522394,0.005298063
910,551,59.520996,0.4543433,0.11895331,0.23055416
910,4892,17.346165,0.452122,0.038022142,0.073297575
911,3384,1.6177216,0.45373142,0.0054617003,0.011125594
911,5967,46.882557,0.030430585,0.23533961,0.49425685
912,5964,105.23703,0.44147667,0.23860726,0.45878595
912,1350,150.44464,0.44382125,0.30662274,0.590881
913,914,40.163208,0.44500655,0.0808109,0.15455091
913,1352,59.149456,0.44711864,0.11866287,0.22994505
913,2925,67.01368,0.44232997,0.13463221,0.26041263
914,1348,24.938618,0.4437865,0.053618982,0.10122558
914,1349,28.280508,0.4467214,0.059952512,0.11326595
914,913,40.357098,0.44371107,0.080627404,0.15446302
915,1111,68.84671,0.45599538,0.13787097,0.26617607
915,3586,9.945301,0.45739782,0.020436227,0.039957047
915,1443,17.964676,0.46418065,0.034142725,0.06612732
916,3548,1.0481071,0.4484797,0.0017854795,0.005036399
916,1721,0.36629105,0.020991862,0.0065585747,0.011962175
917,4237,1.5061913,0.45368582,0.0020029321,0.004362747
917,1352,15.24526,0.45283914,0.032115594,0.062077194
917,1351,12.627562,0.453914,0.027724206,0.053478703
918,939,49.565464,0.45405537,0.11066546,0.21392216
918,3318,36.7684,0.45702732,0.12075952,0.23738545
919,6043,5.257759,0.055214107,0.012361512,0.024859875
919,927,14.285032,0.46770337,0.030220881,0.059440903
920,3801,1.9151726,0.4368646,0.0029503256,0.0060456246
920,3827,30.043098,0.43801636,0.070301265,0.132128
921,624,2.3130913,0.44661146,0.0062440783,0.012417361
922,964,25.000652,0.45611092,0.056630947,0.10780058
922,4847,31.205326,0.4554225,0.07018855,0.13400038
922,429,24.062115,0.45407572,0.054101743,0.1028021
923,426,27.89315,0.45527107,0.06321022,0.1195571
923,6054,17.664618,0.46314275,0.04193701,0.08099129
924,918,20.02113,0.46566874,0.05686707,0.111203246
925,981,87.60828,0.4500174,0.19492653,0.37496156
925,6239,10.674437,0.4506107,0.023387045,0.04532942
925,6275,75.33074,0.4419227,0.15195414,0.29230282
926,6618,22.655794,0.4588692,0.049234442,0.09353099
926,927,19.29566,0.45436972,0.041348398,0.079726376
927,938,43.998394,0.45722738,0.08663273,0.1677557
927,926,19.52148,0.45460677,0.04185465,0.08063915
927,928,37.654697,0.45894158,0.07595256,0.14389643
928,932,32.87599,0.45737937,0.06731247,0.12811273
928,4946,2.0977097,0.45553982,0.0032517314,0.006523818
928,927,37.444267,0.4575782,0.07566064,0.14330056
928,929,38.225254,0.4573567,0.07693878,0.1462841
929,931,12.563822,0.45492068,0.026055522,0.050607502
929,3615,21.03135,0.45361164,0.04503784,0.08610174
929,928,38.600147,0.45826155,0.07705666,0.14580932
929,3616,52.298943,0.45360842,0.10294612,0.19909681
930,6549,18.534145,0.45397848,0.04000868,0.07740527
930,6553,37.38305,0.45279697,0.07597284,0.1439188
930,6548,19.0586,0.45398247,0.04123869,0.0797324
931,933,67.30324,0.45273829,0.13462242,0.2597127
931,932,39.028442,0.45508185,0.07837222,0.14990555
931,929,12.369509,0.45365784,0.025806226,0.04993877
932,934,64.163895,0.45582506,0.1284743,0.24843517
932,928,33.20032,0.45821604,0.06818182,0.12926057
932,938,34.514904,0.45574218,0.07013125,0.13400507
932,931,39.085697,0.45604318,0.0784687,0.1501234
933,934,70.872925,0.45624176,0.14272177,0.27544135
933,6887,65.44704,0.45546186,0.12885924,0.25041294
933,931,67.48422,0.45452285,0.13483967,0.26073226
934,4280,60.55117,0.45939666,0.11813165,0.22959632
934,932,64.28593,0.45583713,0.12860663,0.24894792
934,935,36.525272,0.45919633,0.074302144,0.14222045
934,933,70.8091,0.45495898,0.14274302,0.27527255
935,936,18.851225,0.46064013,0.039949372,0.07699602
935,934,36.450336,0.4583451,0.07377501,0.14091744
935,938,64.51755,0.45739564,0.12852232,0.24871317
935,6951,37.9995,0.46171427,0.07585287,0.14450735
936,935,18.73669,0.4597834,0.039633974,0.07629699
936,622,25.817293,0.46319726,0.05778486,0.10960288
936,939,86.085724,0.4585009,0.18966661,0.36455047
937,6951,2.6853867,0.46296737,0.0052898303,0.010614008
937,4280,35.54261,0.46757528,0.07753712,0.1471434
938,927,44.10271,0.4584203,0.08733687,0.16939375
938,935,64.669266,0.45853913,0.12893522,0.24942634
938,932,34.474487,0.456512,0.07019624,0.13459292
939,6618,40.191135,0.459086,0.08063331,0.15376623
939,918,49.903484,0.45445615,0.109978646,0.21225877
939,936,86.061264,0.45921296,0.1898726,0.36496928
940,3562,1.9279709,0.43707162,0.0028169304,0.005797878
940,6057,14.851906,0.44277012,0.032841463,0.06300558
940,972,34.976704,0.4442614,0.07300306,0.1385617
941,973,16.457487,0.44948813,0.034858994,0.066979155
941,427,31.071182,0.44834474,0.083868586,0.16144037
942,6886,47.49187,0.44987294,0.10342115,0.20030463
942,971,36.778683,0.45073438,0.08090317,0.15544508
942,943,29.633652,0.4480645,0.06173738,0.116956934
942,973,42.098324,0.44870102,0.083789855,0.16198513
943,942,29.665901,0.44977918,0.061666004,0.117565446
943,961,44.700916,0.44723907,0.08937223,0.17348619
943,1614,61.80239,0.44727224,0.12411024,0.23983702
944,1342,57.873207,0.46602145,0.11470194,0.22234857
944,946,35.44974,0.46321046,0.07163773,0.13686052
945,6813,2.1165123,0.46285912,0.002902016,0.0060911924
946,1341,119.68111,0.4655021,0.24329105,0.46923774
946,1343,42.911762,0.46400103,0.085011885,0.16413814
946,944,35.02804,0.46497974,0.07087952,0.13478008
947,364,36.22555,0.051439583,0.17915548,0.37324846
948,3598,53.372257,0.04330173,0.23359627,0.4808246
949,6059,29.036457,0.43707284,0.07305138,0.1384975
949,6719,29.852543,0.4405528,0.05950749,0.11205448
950,951,36.27123,0.4355563,0.09475321,0.1828956
950,952,25.904655,0.43878612,0.07433568,0.14439848
951,421,1.6044312,0.44549412,0.004953347,0.010173246
951,1033,1.9583321,0.43972775,0.003924057,0.00809215
952,960,53.91284,0.4420071,0.1082857,0.21078975
952,950,26.392439,0.4371654,0.075186245,0.14470729
952,5268,60.95233,0.45253515,0.20639205,0.39710677
953,2170,8.02206,0.46735233,0.016189583,0.03192757
954,953,5.695595,0.4654124,0.012026414,0.023569062
954,4901,3.82061,0.46208704,0.0061788186,0.012345582
955,954,18.091986,0.46666175,0.03985069,0.077094875
955,956,44.998238,0.45849472,0.094199166,0.18241964
956,958,51.644302,0.45164376,0.10819199,0.20973028
956,955,44.320595,0.4613688,0.09316451,0.18110672
956,968,37.361134,0.45841843,0.07865207,0.15112428
957,6719,29.620047,0.44631076,0.06314277,0.11922005
957,958,19.708681,0.4420544,0.04273185,0.081869885
958,957,19.619144,0.44557828,0.042753812,0.082028635
958,956,51.857033,0.45088232,0.10823324,0.20963028
958,960,33.887783,0.4462103,0.06947524,0.13265091
959,6058,31.316822,0.43836528,0.06362344,0.119442284
959,949,1.5086517,0.43560922,0.005178258,0.010629699
960,5235,31.40399,0.4391846,0.06494996,0.12210031
960,958,33.86146,0.4448792,0.0691106,0.13206168
960,952,54.078938,0.43993968,0.10829335,0.20963942
961,963,19.862156,0.44643712,0.042623006,0.081802234
961,943,44.752285,0.44621372,0.08884015,0.17233552
961,971,10.999876,0.44633073,0.022768721,0.044239953
962,3563,96.696434,0.43744802,0.19502993,0.37479675
962,1306,136.6655,0.44136596,0.3086926,0.5947407
962,981,6.696682,0.4486508,0.014517754,0.028533086
963,961,19.97093,0.44576558,0.042897336,0.08224697
963,969,75.873726,0.43862012,0.16862038,0.3238912
963,971,16.759653,0.44949338,0.03657092,0.07028744
964,429,33.656475,0.45594722,0.06984624,0.13184556
964,3799,99.94963,0.44416493,0.22543442,0.4327312
964,1614,29.596466,0.44886252,0.06141507,0.116848975
965,6055,13.367413,0.46005526,0.032037083,0.061743274
966,6056,15.348347,0.45874223,0.03393478,0.06572122
966,976,20.388088,0.4510352,0.044506047,0.084967256
967,5297,6.3081856,0.45809177,0.013474196,0.026670873
967,6056,9.510559,0.45959646,0.02072332,0.040744305
968,4696,11.858742,0.4594496,0.025103264,0.048548996
968,4773,82.581665,0.4523195,0.1650014,0.31782383
968,956,37.599266,0.4587031,0.07857863,0.1506641
969,963,76.261856,0.44142428,0.16931313,0.32483283
969,1260,8.532845,0.43873405,0.019084968,0.036762238
970,2465,19.272335,0.44033116,0.04556478,0.08699926
971,942,37.01417,0.44903746,0.08113416,0.15592098
971,972,42.318913,0.44633836,0.08362622,0.1604099
971,963,16.750225,0.44796932,0.0365524,0.0702573
971,961,11.073469,0.44478923,0.022928648,0.044433296
972,427,15.775553,0.44593367,0.03385773,0.06509771
972,973,39.910736,0.4504577,0.08120966,0.15415709
972,971,42.245075,0.44778606,0.08469938,0.16303942
973,942,42.48672,0.4497729,0.08452198,0.1628566
973,941,16.435299,0.44923154,0.034708295,0.06698203
973,974,54.66913,0.45087254,0.10946271,0.21181372
974,973,55.171097,0.45019996,0.109617196,0.21209885
974,5050,32.579796,0.45312554,0.06800121,0.12765463
974,6055,17.06406,0.45250192,0.036045853,0.06946673
974,976,71.103,0.44533607,0.065435916,0.11844188
975,262,14.02845,0.45768073,0.03277471,0.06293121
975,6055,29.153137,0.4547825,0.06192944,0.11721715
975,4694,103.58733,0.45162332,0.20882356,0.4012717
976,922,54.040848,0.45367485,0.12161963,0.23507585
976,966,20.869001,0.45179358,0.044969678,0.086038634
976,974,68.94824,0.44380775,0.06521928,0.11838342
977,978,64.21425,0.46158552,0.12666802,0.24575436
977,4696,44.390778,0.46570992,0.09455399,0.18250367
978,977,63.41118,0.46798122,0.12535617,0.2430707
979,3531,0.55802155,0.009700954,0.0019603968,0.0035826415
979,4866,2.2680206,0.45627874,0.004620053,0.009283081
980,6044,1.421257,0.048109025,0.0037102178,0.0076508224
980,4866,8.012432,0.47072843,0.011174627,0.023399621
981,3801,101.46874,0.43335873,0.20827378,0.40035376
981,962,6.8635406,0.44933262,0.014908522,0.02919513
981,925,87.85536,0.4473594,0.19580941,0.37679788
982,66,61.527588,0.47875986,0.16252846,0.31395066
983,982,26.332584,0.4849325,0.050957765,0.098125614
983,1643,9.085339,0.49172938,0.021953754,0.043491513
984,4832,36.510742,0.50010884,0.045113258,0.087480456
985,7020,1.3001404,0.49222618,0.0028962344,0.0064413846
985,984,3.3561554,0.49621204,0.008814082,0.017807722
986,7020,1.5282402,0.49364722,0.0033783317,0.007268429
986,1860,5.1887665,0.49980015,0.0026258752,0.006312549
987,1329,79.560135,0.4848088,0.15649821,0.3030907
987,1864,29.556137,0.49290693,0.07337622,0.14043206
988,989,1.9582787,0.48278266,0.0057133734,0.011775166
988,6334,67.145546,0.46894693,0.17956029,0.34614527
989,990,1.6287384,0.47989902,0.0044930577,0.009409547
990,991,1.0015984,0.4822381,0.0037365258,0.007924542
990,72,29.069818,0.4861918,0.072447926,0.13660568
991,2980,1.5771255,0.4829052,0.0048721135,0.010068402
992,988,3.2381134,0.48179835,0.008363791,0.017123833
993,72,1.064373,0.48374724,0.0034095943,0.0069862306
993,991,29.180115,0.4838054,0.07292264,0.13780111
993,6858,1.459549,0.4834482,0.0027557164,0.0058427304
994,247,43.49733,0.4904416,0.107298784,0.20703453
995,4301,61.034462,0.4948633,0.09494751,0.18513137
995,51,34.601547,0.49393833,0.08824954,0.16986142
996,51,1.069828,0.4930779,0.0041183084,0.008978695
996,994,35.97221,0.48501572,0.08983994,0.17460732
997,3235,1.5172043,0.48889136,0.0020574257,0.0043776035
997,998,67.252045,0.4914798,0.13449883,0.2613477
998,997,67.7424,0.49100924,0.13334092,0.25919184
998,4968,36.61892,0.49443448,0.073239654,0.1401686
998,187,18.923616,0.49049705,0.039830428,0.07697979
999,2988,62.541836,0.4662496,0.14074287,0.27415723
999,413,56.506718,0.47042096,0.06667968,0.121978626
1000,6387,1.695343,0.4610169,0.0033215955,0.0070591867
1000,6388,6.244282,0.46511066,0.013400324,0.02637367
1001,6390,2.6985092,0.45850125,0.0025152415,0.005513862
1001,1000,25.594841,0.4652728,0.057498876,0.10953656
1002,2988,17.86327,0.47157222,0.042032328,0.0814409
1003,5141,1.66119,0.46919277,0.0021956563,0.0044932812
1003,2496,12.715725,0.4745424,0.029604279,0.057385705
1004,6464,7.2722816,0.46766087,0.015119031,0.029197246
1004,1028,54.029583,0.45765653,0.107281566,0.20837589
1005,194,42.578934,0.45984894,0.13268493,0.26099625
1006,5467,1.6087799,0.46153894,0.0030856803,0.0065680295
1006,1004,22.53965,0.46273145,0.049506746,0.09409915
1007,374,126.48067,0.47083223,0.25386217,0.49004155
1007,1026,17.748457,0.47307992,0.02477163,0.04875338
1008,1007,49.7778,0.4735531,0.100393064,0.19407065
1008,2900,59.324615,0.4699264,0.11934648,0.23141868
1009,4706,5.120735,0.46767122,0.009987161,0.019922227
1010,1016,42.3452,0.47185504,0.08427882,0.16046241
1010,1011,31.824009,0.4650942,0.06496303,0.123565555
1011,1064,40.181118,0.46307883,0.07956066,0.15245882
1011,1012,33.429874,0.46253306,0.06764889,0.12829998
1011,793,35.869858,0.46485725,0.07204306,0.1366772
1011,1010,31.466064,0.46516648,0.06510691,0.12264712
1012,1065,54.3507,0.4612065,0.086422086,0.16674952
1012,1013,18.724697,0.45791632,0.040121797,0.077512145
1012,1011,33.182915,0.46272442,0.06738195,0.12855707
1013,6579,30.463036,0.45863298,0.0689505,0.13085833
1013,1012,19.132368,0.45545828,0.04097853,0.07909574
1014,1064,22.65377,0.4623616,0.048339564,0.09191849
1015,6463,1.6657639,0.46600044,0.0023372844,0.0046934932
1015,693,53.15491,0.46870342,0.105584525,0.20342338
1015,5467,59.98927,0.46778962,0.11700049,0.22753981
1016,4706,2.1074066,0.46527928,0.0031363666,0.0065092742
1016,1067,12.1052685,0.46906596,0.025134265,0.049202994
1017,4850,2.3752403,0.4723589,0.0029166415,0.006070733
1017,2474,20.183521,0.47515258,0.048156597,0.09252651
1018,175,0.20318222,0.027876824,0.0015979633,0.004196167
1018,2521,13.367201,0.47151834,0.026239373,0.052297786
1018,1005,28.7861,0.4709007,0.07336758,0.14122683
1019,204,29.069805,0.45967835,0.06539455,0.12253935
1020,1801,29.274618,0.46097797,0.065960184,0.12464206
1020,229,66.88433,0.46058762,0.2192198,0.4246568
1021,1068,7.5282707,0.45733795,0.016435206,0.03264545
1021,1069,19.136559,0.45403737,0.042114895,0.08076752
1022,1021,41.838192,0.45806035,0.092928484,0.17998853
1022,1657,101.152916,0.43956226,0.2027806,0.39099598
1023,5411,1.6799202,0.4753461,0.0021901205,0.004507333
1023,5756,15.299284,0.47508258,0.032122035,0.062288575
1023,1024,62.80761,0.472112,0.123933986,0.24073197
1024,1996,30.411457,0.46638247,0.06391056,0.12074402
1024,5078,22.213974,0.4692639,0.048108,0.09171314
1024,1023,62.72771,0.47102836,0.12401897,0.24085957
1025,2580,6.2773933,0.4819128,0.015761785,0.031299382
1026,6358,16.40844,0.47694865,0.02314873,0.045726478
1027,2719,40.18876,0.4755272,0.10005805,0.19436304
1028,6762,27.563751,0.46207577,0.06287263,0.11898951
1028,1004,54.422604,0.45902947,0.10780037,0.20848288
1029,5160,1.9707069,0.46520147,0.0032518953,0.006544769
1029,2879,107.16344,0.4549821,0.21351416,0.41147453
1030,2173,16.059048,0.47526377,0.031683974,0.062043197
1030,2175,25.043537,0.47321802,0.060147077,0.113717206
1031,1030,8.664024,0.47333446,0.020440228,0.040077582
1031,1032,164.19061,0.4547543,0.33336613,0.6435061
1032,3885,15.208733,0.46051747,0.033280052,0.06438649
1032,1031,163.69498,0.4519898,0.33276027,0.6417691
1033,422,4.65057,0.44685173,0.0097660795,0.019397914
1033,1529,40.395042,0.4499535,0.08665704,0.16618411
1034,2629,85.35887,0.43790895,0.19185433,0.3681571
1035,2620,33.794765,0.44334927,0.07777735,0.1490241
1035,5888,21.040194,0.4472953,0.047360122,0.09007393
1036,3422,1.9387436,0.4258592,0.0030591786,0.006203085
1036,1927,44.696785,0.4307073,0.09806458,0.1894432
1037,6208,3.5867538,0.3927566,0.004400708,0.009064913
1037,2302,19.914337,0.40316036,0.046097804,0.08788668
1037,1258,12.313717,0.40121183,0.026706807,0.05151488
1038,1986,1.2421341,0.4926345,0.0032219887,0.0067604333
1038,1039,123.35332,0.4900556,0.1878142,0.36530495
1039,2488,7.7868156,0.49285653,0.009901702,0.020256832
1039,3607,2.8571777,0.48959,0.0061135665,0.012409061
1040,4969,4.470684,0.4923193,0.008377045,0.016815886
1040,4968,3.068077,0.4916154,0.0053041354,0.010797605
1040,1054,33.730217,0.4942797,0.068239875,0.12928033
1041,408,30.184628,0.49322787,0.076516196,0.1454511
1041,827,21.356586,0.48961434,0.045571774,0.08725961
1042,826,14.089308,0.49469614,0.029421858,0.05723515
1042,1047,10.097275,0.49617526,0.020690165,0.040676042
1042,1051,41.890934,0.4998366,0.06916652,0.13074717
1043,1042,45.197876,0.4963298,0.072346225,0.137214
1043,6385,14.794109,0.49790785,0.032189436,0.06270932
1044,1043,8.737545,0.50008076,0.018804826,0.037400886
1044,1047,33.16064,0.49398836,0.0663495,0.12709916
1045,1049,29.823341,0.49478418,0.060678337,0.115677014
1045,1053,10.1279335,0.4978594,0.02056174,0.04063569
1045,412,20.016294,0.49532527,0.042307097,0.081323035
1046,3085,3.6365967,0.4973054,0.0065528303,0.0133509785
1046,824,75.63452,0.49345794,0.14974041,0.28975478
1046,412,23.317804,0.49493015,0.049628705,0.09439991
1047,1042,9.885155,0.49467102,0.020137481,0.03967385
1047,1048,34.026005,0.49543783,0.06870701,0.13119555
1047,1049,34.68439,0.49575788,0.06945869,0.13270396
1047,1044,32.36744,0.49386957,0.06572099,0.12486628
1048,1047,34.3042,0.49562138,0.06901046,0.13211244
1048,824,6.101101,0.49458224,0.012095727,0.024033427
1048,412,75.86467,0.49295646,0.15077615,0.29211152
1049,1051,10.091774,0.49589443,0.020683847,0.040689066
1049,1045,29.634348,0.49475896,0.060819063,0.11573824
1049,1047,34.723717,0.49593127,0.06950195,0.13289016
1050,827,33.65915,0.4949945,0.06791519,0.1294875
1050,3086,38.309635,0.4916898,0.07542469,0.1436993
1050,1052,27.07409,0.49343598,0.056161825,0.10668167
1050,6235,14.745741,0.49306428,0.030894816,0.060453117
1051,1049,10.384417,0.49708313,0.021410093,0.041944936
1051,1052,14.232775,0.49591908,0.029787187,0.057856284
1051,1053,36.815643,0.49908996,0.062760234,0.11850053
1052,826,34.233734,0.49521983,0.068660855,0.1313602
1052,411,52.617443,0.4945457,0.10416961,0.20265396
1052,1050,26.867046,0.49293742,0.05552307,0.105420575
1052,1051,14.127226,0.495084,0.029438961,0.057266437
1053,1045,10.280457,0.50011915,0.021279462,0.0419434
1054,185,2.3095703,0.49023765,0.0038114116,0.0081864
1054,410,4.8462944,0.49277797,0.009333625,0.01869212
1054,1040,33.36182,0.4946128,0.06797809,0.12911874
1055,3588,1.7990608,0.4959012,0.003413625,0.007291332
1055,387,11.837297,0.49780038,0.025784269,0.05079925
1055,3085,30.808855,0.49583593,0.06312482,0.12034848
1056,2490,8.632454,0.47590372,0.020365998,0.040163472
1056,1057,23.21083,0.4668783,0.049166024,0.09375193
1057,2489,11.798527,0.46455428,0.024342366,0.04720068
1057,279,11.5489025,0.46701637,0.024054348,0.046875075
1058,6342,4.4801483,0.46811938,0.0074678585,0.015121713
1058,5397,3.962307,0.4697708,0.006463036,0.013353378
1059,4316,24.764978,0.4401971,0.06109657,0.11642156
1060,1307,95.77153,0.4391483,0.19503602,0.3752035
1060,516,64.00036,0.44782785,0.12809077,0.24802788
1060,1226,34.724697,0.44758442,0.07201415,0.13592675
1060,2623,34.88707,0.44842216,0.07293571,0.13878667
1061,1791,20.733957,0.4427381,0.044743143,0.085339434
1061,1226,60.047943,0.44285193,0.1201481,0.23277912
1061,1223,32.90277,0.44388178,0.06812425,0.13008346
1062,1305,15.811026,0.44702396,0.034858096,0.06745286
1062,1306,25.336088,0.4438232,0.05720807,0.10831576
1062,1223,12.982117,0.4417096,0.02730582,0.05271867
1063,1070,18.846243,0.46790826,0.03687281,0.07145367
1064,1011,40.222507,0.46444044,0.07979353,0.15293226
1064,1065,23.90852,0.45960674,0.05121931,0.097324364
1064,1014,22.726072,0.46336162,0.048793316,0.09281443
1065,1064,23.509008,0.46040854,0.050531358,0.095817395
1065,1063,22.858902,0.46344465,0.043937497,0.08379531
1066,794,5.1997566,0.46280548,0.008537672,0.016963199
1066,6633,2.5689468,0.46346062,0.005469136,0.0112787485
1067,368,2.3037186,0.4668279,0.0059372857,0.011934802
1068,1013,59.531593,0.46248603,0.13745305,0.2645574
1068,1063,32.07235,0.45864698,0.06706744,0.12697965
1069,1068,11.025467,0.4630504,0.022627637,0.044614956
1069,3645,27.437782,0.45461732,0.059187356,0.11197806
1070,1028,23.694624,0.45938644,0.053582,0.10191105
1070,1021,32.253307,0.46021125,0.066891134,0.1270064
1070,6464,57.91327,0.46023613,0.114993274,0.22280234
1071,2535,25.819187,0.5125046,0.05275325,0.10082044
1071,1817,25.136257,0.5111659,0.052296337,0.100040115
1071,358,116.685394,0.5190352,0.22617191,0.43729484
1072,3309,2.2995644,0.45299202,0.0046788007,0.009543017
1073,1077,35.82047,0.4522543,0.07315376,0.13950358
1073,1075,41.743538,0.45503253,0.08330653,0.16034672
1073,231,13.54748,0.45329303,0.028485112,0.055039145
1074,2148,18.417543,0.4534793,0.038795277,0.0747796
1074,1075,13.511869,0.45817763,0.029241633,0.056456976
1074,171,25.111805,0.4556882,0.05628243,0.10650488
1074,231,41.51846,0.45379642,0.0819034,0.15755194
1075,2147,18.367813,0.4540459,0.038725805,0.07472794
1075,6453,11.90794,0.4575642,0.025841117,0.050315976
1075,1074,13.426386,0.45837146,0.029011272,0.056037225
1075,1073,42.07785,0.4549868,0.08256288,0.15870161
1076,232,40.76731,0.4471109,0.081754036,0.15603615
1076,231,35.717773,0.45088658,0.0720985,0.1371171
1076,1077,13.986391,0.44958925,0.029213626,0.056395605
1076,180,26.22847,0.44875944,0.055379424,0.104819074
1077,235,41.079483,0.4483403,0.08232646,0.15730727
1077,1073,35.993523,0.45266232,0.072779946,0.13805279
1077,202,13.98634,0.44938588,0.029476795,0.05717939
1077,1076,13.95343,0.44964615,0.029182348,0.05652892
1078,5512,4.072769,0.41033986,0.013568357,0.02617088
1078,2515,1.0805359,0.41034925,0.004214026,0.008413017
1079,4740,1.2547264,0.4685346,0.0011977702,0.0028265268
1079,5866,40.90226,0.5017917,0.07821155,0.14808223
1080,1118,35.91697,0.49052745,0.08979053,0.17282316
1080,3613,21.947685,0.48641506,0.04727522,0.09033202
1081,1373,75.7274,0.48698124,0.15123871,0.29257187
1081,1083,157.67339,0.48030797,0.3159871,0.61080325
1081,7056,130.67307,0.4892875,0.2616623,0.50536394
1082,7056,203.21657,0.48090634,0.40741313,0.7882436
1082,6671,56.89937,0.48592052,0.12528698,0.24344078
1082,3633,9.8833275,0.4884426,0.021497801,0.042159125
1083,1088,26.8073,0.48045453,0.056964826,0.10801406
1083,5290,66.79495,0.47811505,0.12750307,0.24816003
1083,1081,156.96573,0.48262933,0.31445706,0.60755384
1084,5934,1.4726524,0.48021,0.0019808784,0.004204184
1084,1552,21.268433,0.48070252,0.045316618,0.086745314
1084,1091,59.932537,0.4803939,0.13255149,0.2566613
1085,6311,45.33547,0.47498143,0.09871795,0.19138338
1085,6923,1.5879669,0.48217267,0.003062524,0.006562233
1086,5296,21.560665,0.4811958,0.04744831,0.09062984
1086,3584,9.20158,0.47976726,0.01990056,0.03915243
1086,1089,10.044369,0.48165643,0.021800295,0.042692915
1087,5296,1.6066628,0.47971803,0.0030552372,0.006275177
1087,5290,1.7991409,0.48136106,0.0038834214,0.008207202
1088,6573,2.136444,0.4848898,0.0034225807,0.006964296
1088,1083,26.645693,0.48046333,0.056313764,0.10686288
1089,1086,10.046543,0.482399,0.021857344,0.04310912
1089,5128,69.506096,0.47755647,0.15087935,0.2909634
1090,1545,24.06138,0.47611308,0.052778654,0.099941514
1090,1551,32.778156,0.47912002,0.069659986,0.1331568
1090,1544,70.14186,0.47700933,0.1402523,0.27110773
1091,5934,59.819763,0.47719046,0.13377783,0.2589258
1091,2744,19.462206,0.47922108,0.042862665,0.08279149
1092,6818,1.3471527,0.47570273,0.0027876794,0.0061140656
1092,4349,21.402588,0.47739136,0.047971174,0.09177489
1092,1531,144.42279,0.4687712,0.22227266,0.4296376
1093,1547,10.483358,0.47984758,0.021451123,0.04195547
1093,1538,32.63241,0.48176414,0.071416885,0.1369198
1094,5184,1.5369148,0.48267943,0.003100656,0.006399542
1094,4680,27.159225,0.48010564,0.058431324,0.11126355
1095,773,4.299713,0.035498857,0.01831998,0.036412686
1095,1453,53.358715,0.48369703,0.120330095,0.23281693
1096,5126,14.071709,0.4825582,0.030595522,0.05927027
1096,1541,116.07839,0.4806976,0.25427416,0.490548
1096,1965,23.2467,0.48050785,0.04933381,0.09370937
1097,4140,2.2022362,0.4761128,0.00912682,0.018520042
1098,1283,130.68515,0.4715858,0.26379234,0.5088437
1098,1103,102.03714,0.46835548,0.20226103,0.38937616
1098,1284,40.0305,0.47197056,0.080243684,0.15403342
1099,4291,1.7039185,0.47268662,0.006637506,0.012283385
1100,4129,0.35059357,0.48112592,0.0054811984,0.011515349
1100,6194,1.482563,0.063467085,0.007894769,0.015848264
1101,1103,4.545479,0.47484028,0.008540213,0.017146513
1101,1388,97.9922,0.4734963,0.19617754,0.378067
1101,7013,33.654236,0.47907874,0.06927118,0.13018842
1102,4126,19.11045,0.0019184351,0.073320925,0.14772272
1102,1103,20.56235,0.047972947,0.055251274,0.10892129
1103,1101,4.626522,0.47652778,0.0089681,0.017852351
1103,1098,101.41434,0.4695168,0.20268193,0.39039314
1104,4076,1.3378563,0.49827096,0.0031440407,0.0060797185
1104,6116,24.47852,0.49587345,0.059366163,0.11421999
1105,6424,73.46841,0.49917254,0.1641722,0.31735194
1105,1104,39.068172,0.49975565,0.08483338,0.16407509
1106,5259,1.7540779,0.44978365,0.0028271675,0.005977854
1106,4896,1.9862366,0.45707738,0.0032170787,0.0066990405
1107,1446,95.679436,0.4554649,0.18841344,0.36246306
1107,4279,55.384403,0.4574373,0.12293036,0.23864579
1108,844,99.23906,0.46185526,0.19914858,0.38391036
1108,1283,58.038338,0.4672673,0.11586578,0.22563732
1108,1222,67.08179,0.46307477,0.18559617,0.3590771
1108,1818,123.81819,0.46215457,0.3440914,0.6669617
1109,568,49.604023,0.4628887,0.0984367,0.19042102
1109,1742,9.529926,0.46082857,0.019436516,0.038066477
1109,1742,7.5017395,0.46110263,0.014991902,0.02961053
1110,554,28.802963,0.4633481,0.06568944,0.12435274
1110,6772,111.50758,0.45514464,0.24900529,0.4792025
1110,4885,104.83751,0.45171165,0.21092558,0.40608287
1111,4883,72.17247,0.45367435,0.14443718,0.2788156
1111,4885,57.822582,0.4575643,0.11555424,0.22431536
1111,915,69.19451,0.4562825,0.13817096,0.26683965
1112,684,52.801247,0.5130506,0.10192874,0.19809046
1112,701,24.616756,0.51379913,0.060185485,0.116128854
1113,4965,71.104355,0.49329793,0.14140072,0.2752581
1113,392,64.38719,0.4943613,0.12666942,0.24723044
1113,6708,40.333862,0.4969916,0.08023908,0.15489095
1114,2782,122.58893,0.49321258,0.24251157,0.4694816
1114,3370,90.04187,0.49418575,0.17753246,0.34469247
1115,2249,6.933628,0.4947418,0.014021203,0.02806288
1115,2249,5.2195396,0.4944458,0.0102823675,0.02082482
1115,2786,136.44894,0.4917215,0.27324617,0.5280802
1116,4384,1.7732773,0.4942264,0.002117321,0.004526615
1116,1281,95.94991,0.48936284,0.25155598,0.4856482
1117,4775,26.715387,0.49273074,0.056227867,0.10697307
1118,7058,1.2752419,0.49063596,0.0042465404,0.009070486
1118,191,2.7139816,0.49226248,0.003882192,0.008478582
1119,3110,1.0904427,0.47635528,0.0042907,0.009001419
1119,1120,53.755356,0.4735036,0.11898623,0.23106936
1120,2077,103.1857,0.47571018,0.20565532,0.39671654
1120,2094,18.677757,0.47647122,0.041151654,0.07932315
1120,1119,54.19687,0.47587433,0.11878952,0.23095357
1121,1124,7.3123665,0.4852148,0.014643952,0.029002681
1121,1125,59.933826,0.48075223,0.11911776,0.23111917
1121,1122,41.017056,0.487135,0.08861258,0.17193455
1121,2076,74.78369,0.47820526,0.1643953,0.3163225
1122,1121,41.184715,0.48734865,0.08907301,0.17331237
1122,1125,120.50323,0.47786874,0.24226344,0.46733952
1122,1123,6.2389984,0.48496163,0.013533078,0.026940197
1123,3162,70.03386,0.48031875,0.13780367,0.26697248
1123,1139,96.7177,0.48293376,0.21157023,0.40764964
1123,1124,44.705574,0.48277077,0.088591225,0.17226982
1123,1122,5.9542847,0.4842497,0.01275713,0.025376812
1124,1121,7.4817963,0.4854701,0.015072778,0.029898375
1124,2077,89.17895,0.479647,0.17655297,0.3403908
1124,1123,44.546585,0.48580602,0.08777366,0.17116141
1125,1121,60.165905,0.48095286,0.11901745,0.2311998
1125,1122,120.99063,0.47998926,0.24253875,0.46798772
1125,1425,94.25641,0.47765476,0.18800354,0.36390656
1126,6773,1.7340508,0.4562453,0.0025254562,0.0053267926
1126,2256,152.28928,0.4554276,0.3104911,0.59908545
1126,553,5.6570396,0.45637795,0.011066951,0.022023335
1127,1128,86.213646,0.4547015,0.17440018,0.33575976
1127,2256,73.76997,0.45447618,0.14870794,0.28799665
1127,3016,73.71758,0.4555396,0.14868236,0.2866161
1128,1132,42.59919,0.45668322,0.08426269,0.16230023
1128,1127,86.09234,0.45671427,0.17364891,0.33394206
1128,2257,47.743797,0.4579045,0.09588104,0.18546455
1129,4746,1.6846809,0.45226717,0.0022797436,0.004689738
1129,2523,1.2853928,0.45610046,0.0041519925,0.008630678
1130,2253,2.024971,0.45439273,0.0031201988,0.0065869093
1130,3206,36.63332,0.45423687,0.0808109,0.15450783
1130,2255,105.3959,0.45251134,0.2144582,0.41284493
1131,1130,42.238537,0.4500386,0.09254351,0.18028404
1131,2255,102.43666,0.44753587,0.20619151,0.39751932
1132,1133,1.9519806,0.45793957,0.0028813481,0.0059536546
1132,1128,42.052013,0.45756435,0.083539836,0.16051361
1132,1131,92.07071,0.45361906,0.2059444,0.39628407
1133,1132,2.0241013,0.4559417,0.0031056553,0.006520897
1133,3055,26.243645,0.45754698,0.059959948,0.11362549
1133,3054,18.792196,0.45840827,0.040286016,0.07796561
1134,6178,10.119629,0.45709947,0.023675002,0.04606445
1134,5154,26.676516,0.46039438,0.06497325,0.12355082
1134,2526,75.34694,0.4561818,0.14874533,0.2868843
1135,4874,2.1759682,0.4645123,0.004067324,0.008053899
1135,5154,89.62639,0.46070862,0.24234498,0.46789962
1136,6904,27.766861,0.47179085,0.06332688,0.11930673
1136,210,39.901886,0.46670473,0.079122655,0.15075278
1137,234,10.386164,0.44435835,0.024747178,0.047890067
1137,179,31.864502,0.44077104,0.0731397,0.13885324
1138,3681,1.8183441,0.49110222,0.0034892187,0.007378161
1138,5710,13.791866,0.49038902,0.035999175,0.06981108
1139,1123,97.14055,0.48367178,0.21233958,0.40898764
1139,3681,75.761566,0.48498353,0.16675451,0.32118484
1139,1140,66.18527,0.48481265,0.14490484,0.2801938
1140,6760,2.7039833,0.48261833,0.0059212223,0.012016162
1140,1139,65.4465,0.48262486,0.14247747,0.27610278
1141,5603,2.519577,0.48049542,0.0016421974,0.0040160865
1141,3162,23.18213,0.48489478,0.052112203,0.09918011
1142,84,104.78949,0.47001764,0.2304503,0.44422853
1142,5602,145.88834,0.4775021,0.32148275,0.62095344
1142,3066,21.117922,0.47810054,0.044642825,0.08514714
1143,1459,1.7205276,0.46659854,0.002608031,0.0056052506
1143,2872,32.60196,0.47040138,0.073613085,0.13968752
1144,1145,21.365694,0.47444835,0.045442365,0.08658855
1144,4535,195.84767,0.4697017,0.39730307,0.76759064
1144,1148,135.7612,0.47198084,0.27350906,0.52756643
1145,774,238.43512,0.47158045,0.4823516,0.933957
1145,1144,21.633425,0.47461557,0.046036303,0.087640144
1145,2955,202.88048,0.47585148,0.4109159,0.7940378
1146,1147,51.538105,0.46571028,0.1105731,0.21435365
1146,4698,26.772186,0.4663024,0.059648797,0.113409504
1146,4697,40.64885,0.46560338,0.08036885,0.15376596
1147,1146,51.779396,0.46181026,0.1116348,0.2162137
1148,3250,39.6111,0.47147232,0.0788406,0.15044104
1148,1144,136.60245,0.47294608,0.27461746,0.5296833
1148,4534,143.28809,0.46423042,0.2878035,0.5549051
1149,4559,1.724781,0.46511808,0.0022962987,0.0047320873
1149,4546,26.456625,0.47105685,0.057002395,0.10816905
1150,3444,13.518152,0.30177176,0.029846106,0.05694569
1151,1150,40.409264,0.26997906,0.09346213,0.1765847
1152,772,4.225979,0.24423653,0.011726372,0.021587431
1152,1151,2.7514877,0.24682012,0.0063914806,0.011512369
1153,3251,31.572561,0.27503097,0.07365285,0.13897136
1154,4674,64.298065,0.3082498,0.14182797,0.2756601
1154,1949,39.589344,0.33748743,0.08700243,0.16349764
1155,3462,2.0963135,0.33888096,0.0067878813,0.013061941
1155,4121,2.4306412,0.33703312,0.010305129,0.019738644
1156,4299,1.3260307,0.46941122,0.0068837777,0.013495624
1157,3312,82.10451,0.46963143,0.1663967,0.3190974
1157,2112,61.705856,0.46633318,0.21126017,0.40654773
1158,1159,51.679787,0.47417027,0.10252548,0.19884524
1158,2855,50.37363,0.47686735,0.1005927,0.19485115
1158,2855,53.855347,0.4777246,0.10681944,0.20709696
1158,3467,46.36244,0.47548327,0.09172519,0.1781416
1159,3312,60.240845,0.47214007,0.1195096,0.231782
1159,1158,51.550694,0.47374147,0.103471346,0.20064841
1159,1160,178.09427,0.46322355,0.3614399,0.6970321
1160,5692,67.69919,0.45777047,0.13122918,0.25475118
1160,1159,178.91681,0.4667444,0.361345,0.6969727
1160,6009,110.04552,0.4541512,0.22108227,0.42549133
1161,1374,24.306408,0.48103544,0.051100507,0.09685538
1161,1168,60.338352,0.48295718,0.13152978,0.25445074
1161,3144,70.845924,0.47813973,0.15555817,0.29946765
1162,6779,44.245705,0.47282827,0.14730856,0.28859878
1163,1162,31.949938,0.48594987,0.07244993,0.1354047
1163,2529,9.877007,0.48792493,0.020359263,0.040400773
1164,3944,2.0221634,0.4376022,0.0030865446,0.0063166767
1164,1165,44.903534,0.43913734,0.08956772,0.17337379
1164,5952,56.55535,0.4357982,0.1864343,0.36109734
1165,1166,66.144,0.43864524,0.13181475,0.25528872
1165,1164,45.004818,0.43902898,0.090149626,0.17400056
1165,1175,173.38445,0.43901786,0.3566237,0.68606925
1166,1165,65.748764,0.43664822,0.1333065,0.25771704
1166,4876,35.72351,0.4354316,0.11675813,0.22933918
1167,765,68.00662,0.4783475,0.15056236,0.29103425
1167,3481,10.520569,0.4767815,0.021730363,0.042259812
1168,1169,59.5406,0.4808676,0.1177857,0.22877686
1168,5574,110.05702,0.48449412,0.24010625,0.46260083
1168,1161,60.603268,0.48008066,0.13288084,0.25694543
1169,3972,49.684273,0.47928563,0.09762298,0.18981192
1169,1168,59.551243,0.48203805,0.11755471,0.2284534
1169,765,61.089375,0.47984952,0.13363892,0.25860387
1169,1374,52.013134,0.4815957,0.11268134,0.218626
1170,2262,122.80463,0.45595813,0.24730706,0.47638816
1170,2260,66.0403,0.45917624,0.1274836,0.24762493
1170,6531,24.65439,0.45963278,0.04889381,0.09344343
1171,2261,131.25046,0.454478,0.2644811,0.5093586
1171,2383,89.20492,0.4601162,0.17993963,0.3461583
1171,6211,140.35849,0.44597486,0.28624585,0.55105394
1172,2386,41.22249,0.461177,0.08126378,0.15603028
1172,2876,30.935863,0.46555093,0.069211744,0.13083988
1172,2387,26.056513,0.4650473,0.058018446,0.11037061
1173,1183,43.66396,0.46258223,0.085813895,0.16622342
1173,1179,57.63681,0.4635169,0.12684916,0.24507219
1173,1178,8.886326,0.46427467,0.019031532,0.037072226
1174,1175,106.24758,0.43681407,0.23586446,0.45386958
1174,5941,48.260723,0.43532178,0.10640967,0.20615262
1175,1165,172.81075,0.4375005,0.35546058,0.68425107
1175,1176,12.487476,0.44613916,0.027387157,0.05290416
1175,1174,105.50022,0.4364891,0.23591298,0.45377487
1176,3293,54.21504,0.44813657,0.12003092,0.2327327
1176,1175,12.699972,0.44768146,0.027826518,0.05402842
1177,6924,157.06776,0.44590962,0.32198608,0.62033874
1177,2385,120.1126,0.4537119,0.2681418,0.5168667
1177,3293,11.856382,0.45403725,0.02588547,0.050076038
1178,1460,18.543306,0.46349663,0.039235305,0.075701505
1178,1173,8.925697,0.46551818,0.01909522,0.037230387
1178,2385,70.726105,0.46066406,0.15555584,0.29940507
1179,2754,200.39995,0.46474212,0.4057314,0.7829223
1179,1183,59.272873,0.46304277,0.11701764,0.22727324
1179,2217,116.80022,0.4692434,0.25849062,0.49827427
1179,1173,58.171463,0.46382847,0.12800829,0.24781841
1180,5205,0.5629997,0.32743722,0.000881888,0.0027059615
1180,3909,1.0974922,0.17012641,0.000250943,0.0008690208
1180,5590,3.923809,0.4834828,0.009086311,0.019149393
1181,4645,12.21685,0.4783039,0.026780933,0.05258578
1181,2388,40.649876,0.47055092,0.08666531,0.16753472
1182,5533,104.84622,0.48055166,0.20877337,0.4023875
1182,3480,54.876114,0.4832425,0.120562926,0.23401421
1182,6538,63.24424,0.4824459,0.1420985,0.27611363
1183,2386,61.61154,0.4622524,0.12216066,0.23679817
1183,1173,43.62484,0.46387655,0.086466074,0.16761193
1183,1179,58.87451,0.4635632,0.1162561,0.22509697
1184,6918,1.7409363,0.4866609,0.002209708,0.0046348423
1184,6444,5.5748825,0.49004206,0.011880502,0.023601905
1184,453,25.539879,0.48742977,0.056825448,0.10880381
1185,6420,1.3258705,0.46955502,0.0017381087,0.0039815605
1185,4709,73.21777,0.48514992,0.14489508,0.28099334
1185,3246,39.876682,0.4911367,0.06665727,0.12552501
1186,4960,119.38126,0.47853687,0.17916392,0.34691
1186,6462,53.808353,0.48480198,0.11583101,0.22409984
1186,634,12.177736,0.48857093,0.026474632,0.05150497
1187,1289,34.261147,0.49080494,0.074313596,0.14210127
1187,799,28.14569,0.4863012,0.05764719,0.10930673
1187,1288,45.76323,0.48902312,0.08905025,0.17312306
1187,6444,43.22979,0.49033707,0.09200673,0.17860912
1188,665,1.5143852,0.53687406,0.002171278,0.004911199
1188,666,18.310368,0.53438675,0.04269094,0.08367054
1189,840,37.443848,0.48617437,0.080538794,0.154649
1189,4223,24.59239,0.49053156,0.055546444,0.1060812
1190,3011,28.53605,0.48329097,0.059047084,0.112163745
1190,765,163.26445,0.4807982,0.32836154,0.6342633
1190,5574,64.55629,0.4866054,0.12751742,0.24776018
1191,786,60.916298,0.4846913,0.15473194,0.29916674
1191,2593,27.563057,0.49094895,0.06073039,0.11649489
1192,1337,73.25741,0.51127243,0.14291501,0.27787578
1192,5031,217.12212,0.5216267,0.42467612,0.82372093
1192,1338,37.2493,0.5172145,0.07356834,0.14179459
1193,3352,42.861103,0.5084306,0.08343442,0.16008301
1193,4185,65.41495,0.50422823,0.12435611,0.24018407
1193,6137,166.20047,0.5028548,0.3258079,0.6302293
1194,4514,1.519867,0.48290753,0.0019401386,0.0042945296
1194,4512,1.7397728,0.4829124,0.002601087,0.0052047074
1195,4382,1.6900978,0.47946316,0.0021522269,0.004651025
1195,2438,1.583168,0.4840671,0.003182307,0.006539643
1195,748,54.92572,0.48279357,0.108407035,0.21023111
1196,4080,2.0626564,0.48585832,0.0025650784,0.0054621845
1196,1636,25.184261,0.48057026,0.053383168,0.10327607
1197,1890,57.404778,0.43416122,0.11558155,0.22319998
1197,1353,27.683437,0.43845645,0.058775283,0.11111599
1197,1348,52.758236,0.4398459,0.1062797,0.20537642
1198,3321,25.210922,0.4589745,0.077186525,0.14674324
1198,3534,23.527483,0.4612782,0.07098926,0.1356603
1199,2357,58.85708,0.43329513,0.11851869,0.22942564
1199,1200,67.455666,0.4394179,0.14983831,0.28945914
1199,2354,2.6863518,0.4389627,0.005759716,0.011482373
1200,5288,0.92616653,0.2587508,0.0011742264,0.0032453686
1200,1199,65.78785,0.43350872,0.15097873,0.2917993
1200,6543,35.780502,0.44168708,0.07464406,0.14006318
1201,2358,26.997723,0.43338004,0.058056172,0.10910383
1201,2346,59.74281,0.42474923,0.119778186,0.23151988
1201,2357,9.921204,0.43178993,0.020652652,0.04021491
1202,1277,37.274014,0.42539805,0.076227896,0.14449292
1202,1203,27.458307,0.42630857,0.062830895,0.11769512
1202,1204,12.580227,0.42530823,0.027660951,0.05348207
1203,1202,27.772326,0.42862427,0.06339924,0.11858255
1203,1207,39.458946,0.42405015,0.08762398,0.16694899
1203,5005,32.41469,0.4306162,0.073156245,0.13954148
1204,1254,157.21837,0.40529868,0.33293295,0.6404412
1204,1202,12.141193,0.42307937,0.026840717,0.051653266
1204,1207,23.494764,0.42084235,0.053310484,0.100635596
1205,1347,1.8137665,0.45949996,0.0025836676,0.0049715936
1205,6202,64.46511,0.45246476,0.14874421,0.28778827
1206,3563,1.881031,0.43800956,0.0027883574,0.005833417
1206,6702,89.53264,0.42992154,0.1982155,0.38119635
1207,1203,39.311264,0.4244724,0.08791513,0.16792007
1207,1250,59.546524,0.4182605,0.13402551,0.25837806
1207,1204,23.251925,0.4250747,0.052637674,0.09932485
1208,3609,1.9312134,0.34624946,0.004013084,0.007495731
1208,2225,30.495905,0.3471716,0.06760414,0.12694241
1208,2341,23.296268,0.35210368,0.052503005,0.098282896
1209,3609,39.500088,0.35462457,0.08386545,0.15827769
1210,1442,25.455572,0.3727103,0.055979628,0.105221905
1210,1211,42.61077,0.38104814,0.08812523,0.16874209
1210,1455,14.5413,0.3716123,0.03150922,0.060436197
1211,1456,39.80258,0.38207495,0.083132595,0.15801209
1211,2323,21.11069,0.39004982,0.046700075,0.0885711
1211,1210,42.508183,0.38195786,0.08805224,0.16869932
1212,1934,3.9987984,0.41873002,0.007835843,0.01556693
1212,1214,24.619211,0.41525692,0.05328222,0.10033994
1212,1932,35.65894,0.4238249,0.07342802,0.13997683
1213,1925,2.247364,0.4175691,0.0040394217,0.008141711
1213,1934,31.174843,0.4159484,0.06749763,0.12548378
1214,1212,24.855816,0.41665313,0.05391568,0.10119568
1214,1230,49.808277,0.40311974,0.101905815,0.1957456
1214,1215,35.04762,0.41161567,0.073355824,0.13929296
1214,1229,45.30092,0.40782928,0.092214525,0.17718045
1215,3664,24.603796,0.41840863,0.053934537,0.10136825
1215,1214,35.058094,0.41085407,0.073593244,0.14009508
1215,1932,24.333763,0.4205106,0.053165924,0.09969331
1215,1216,27.13962,0.4047846,0.05755223,0.10963967
1216,1215,27.202644,0.4081976,0.05881649,0.11082072
1216,1278,34.57767,0.4083529,0.07280748,0.13884579
1216,6284,24.973082,0.40173712,0.054629967,0.10294439
1217,2305,24.063145,0.42426592,0.052209727,0.098451786
1217,1279,42.38515,0.41897792,0.085588366,0.1647237
1217,3435,29.987427,0.41986084,0.063910455,0.12008147
1218,3566,1.7569542,0.41951814,0.00312908,0.006455645
1218,1279,13.64773,0.41646415,0.028978288,0.05590161
1218,6293,9.003288,0.413528,0.019817628,0.03799209
1219,576,25.609797,0.41452026,0.05305956,0.10025784
1219,1221,21.949667,0.40907916,0.04658732,0.08810511
1219,2204,40.833958,0.41582844,0.08433494,0.16127266
1220,6657,21.24486,0.40138632,0.048401196,0.09179136
1220,537,21.613499,0.408737,0.049050067,0.09310256
1220,1221,51.391968,0.40461773,0.105724506,0.20259008
1221,1220,51.453278,0.40335155,0.10567492,0.20221211
1221,1839,22.320953,0.41191542,0.04902002,0.092998415
1221,1219,22.052198,0.41041952,0.046467148,0.087870665
1222,1454,22.384193,0.46907568,0.054832436,0.1059625
1222,1108,66.89925,0.4663997,0.18513721,0.35790783
1222,1284,98.18774,0.4658517,0.19761501,0.3812484
1223,1225,20.264236,0.44351327,0.04478102,0.085691154
1223,1305,9.218521,0.44552672,0.020237185,0.039498135
1223,1062,12.721483,0.44072646,0.026640795,0.051502824
1223,1061,33.077965,0.4423874,0.06797977,0.12920266
1224,3701,104.03279,0.43242076,0.21194378,0.40787607
1224,3702,100.79771,0.4355957,0.22694993,0.435906
1224,1225,39.835854,0.44601685,0.08823875,0.16909252
1225,1223,20.256823,0.44442648,0.044838615,0.085802786
1225,1224,39.594357,0.4448014,0.08664395,0.16635579
1225,1306,22.58074,0.44289368,0.049204275,0.09334771
1225,1791,32.6189,0.4418246,0.06759359,0.12845007
1226,1227,35.060062,0.4450063,0.07141146,0.13660532
1226,1061,59.667786,0.4425854,0.11976388,0.23194419
1226,1060,34.598473,0.44844955,0.07129718,0.1350822
1227,1226,35.235176,0.44572836,0.07212445,0.13754284
1227,1791,53.050495,0.44308478,0.10712536,0.20727724
1227,1307,78.11168,0.43665695,0.15887645,0.3050158
1228,1307,48.639355,0.43723145,0.097775325,0.1876346
1228,5253,14.547873,0.4412665,0.031987607,0.06245604
1229,6681,1.7387962,0.40781105,0.0027088672,0.005639419
1229,1214,45.775932,0.40556556,0.09291021,0.17775242
1229,3539,24.78623,0.41310903,0.057035334,0.10749451
1230,6682,2.0697823,0.39763305,0.005199656,0.009920374
1230,1214,50.373604,0.40017033,0.10224823,0.19568539
1231,1316,54.21154,0.31985345,0.11859695,0.22883976
1231,2282,39.793537,0.34740713,0.09215905,0.17628573
1231,2280,33.057762,0.338274,0.07186813,0.13565493
1231,5895,36.904778,0.34103018,0.08628254,0.16213122
1232,1678,39.64655,0.30029917,0.08740419,0.16461182
1232,1679,31.477415,0.30056447,0.07477935,0.14138687
1232,1261,35.02789,0.3243929,0.08175706,0.1543753
1232,1684,102.0557,0.3409979,0.23996425,0.46247894
1233,3696,45.935818,0.2655484,0.10329745,0.1970596
1233,1322,60.113014,0.23764747,0.14642279,0.28732267
1233,2832,2.4182014,0.25204596,0.0067263097,0.012095675
1233,2283,22.152622,0.261825,0.052635666,0.098939024
1234,2300,63.481182,0.2600104,0.14624825,0.28435725
1234,1322,17.656528,0.25109208,0.04231534,0.07993988
1234,1317,15.581743,0.25226068,0.037104182,0.07032893
1235,2333,36.053635,0.31596762,0.079622306,0.15006162
1235,6476,96.01558,0.33012623,0.2298981,0.4436432
1235,1268,15.6202755,0.30419463,0.03581685,0.068154365
1236,1237,2.1350327,0.29742852,0.003337212,0.006641835
1236,5897,46.726044,0.32294542,0.1239844,0.24283648
1237,1236,1.7642746,0.29984516,0.0030715093,0.006241888
1237,1316,53.599678,0.30123603,0.11332257,0.21593787
1237,6628,21.318861,0.2967987,0.05497673,0.104097806
1238,5901,17.463827,0.35736513,0.038307924,0.07342196
1238,2006,28.808329,0.35681966,0.06339961,0.11869384
1238,2013,26.665623,0.35405207,0.05987137,0.11212247
1239,5289,1.6024857,0.48261082,0.0031051338,0.006752491
1239,1538,55.372215,0.48264188,0.12246013,0.2384253
1240,2745,56.273537,0.48070857,0.14941639,0.2888182
1240,1389,77.78485,0.4790464,0.15631135,0.30191165
1240,1539,86.09999,0.47678408,0.1730357,0.33359918
1241,1390,70.36138,0.48205632,0.13998695,0.2706757
1241,1242,29.844822,0.4841225,0.061412957,0.11746348
1241,1550,71.81875,0.4810561,0.143307,0.27675447
1242,633,180.46494,0.48209798,0.36118206,0.6979262
1242,1241,30.01087,0.48386282,0.061831556,0.11790718
1242,634,107.21472,0.48236972,0.21315444,0.41121876
1243,3785,1.8365364,0.45007992,0.0026077032,0.0053111315
1243,86,15.021805,0.44702673,0.033453483,0.06436928
1244,1245,8.470348,0.44146737,0.017836392,0.034268722
1244,101,26.262293,0.44414088,0.05701434,0.10865808
1245,1327,29.610237,0.44248617,0.062346503,0.11833851
1245,1246,12.619741,0.44211537,0.026607417,0.051368073
1246,3409,25.146347,0.4512197,0.04830881,0.092922315
1246,99,8.736717,0.4440956,0.016178608,0.031191096
1247,2994,28.344282,0.44816923,0.059814647,0.11294982
1247,1271,41.37269,0.4438862,0.082849205,0.15935847
1247,1958,11.895205,0.44748494,0.025904246,0.04997863
1247,2724,68.16843,0.44812724,0.15122716,0.29066527
1248,6417,37.04981,0.44582215,0.07634303,0.14437571
1248,3516,1.8319511,0.44835687,0.0027246475,0.005491063
1249,2995,52.05424,0.389204,0.10816259,0.20678094
1249,1664,46.853428,0.40859613,0.09632023,0.18433957
1249,2587,60.708183,0.39206797,0.12593764,0.24247594
1250,6791,56.6948,0.41433227,0.11498157,0.22110257
1250,1207,59.555122,0.41755742,0.1333852,0.2574511
1250,1252,39.014187,0.42370087,0.08649529,0.16637218
1251,1842,4.811161,0.42849293,0.010396548,0.020528376
1251,1890,52.97736,0.4305811,0.10807051,0.20728686
1251,1252,2.6764603,0.42680526,0.0055601373,0.011095688
1252,1840,40.614094,0.42220435,0.08157341,0.15523134
1252,1250,38.964287,0.42371812,0.08641041,0.16661358
1252,1251,2.7404327,0.427354,0.0058137625,0.01136972
1253,3834,7.627533,0.43244413,0.016655765,0.03262584
1253,5005,1.8282166,0.43560064,0.0034844354,0.007125616
1254,2345,37.753983,0.40899098,0.07740308,0.1459486
1254,580,52.974728,0.39972943,0.10859802,0.20931119
1254,1204,157.30243,0.4070748,0.3329095,0.6404964
1255,3564,1.8877449,0.40705484,0.0033909008,0.006806046
1255,2321,29.998737,0.4004339,0.064566985,0.12041429
1255,6657,68.966,0.40236726,0.15967914,0.30966198
1256,2185,9.76976,0.34044367,0.016714022,0.032340914
1256,1455,67.940155,0.3519571,0.1464692,0.28318667
1256,6638,120.8252,0.33904883,0.12537491,0.24566138
1257,1456,57.987667,0.36167705,0.1223243,0.23515305
1257,2376,9.465061,0.34947342,0.016060948,0.03090471
1257,6287,96.78384,0.37001356,0.100940384,0.19661015
1258,6681,53.509327,0.40181327,0.10861176,0.2085352
1258,4925,44.786583,0.39040515,0.09141407,0.17524077
1258,2302,24.854578,0.40745264,0.053369187,0.10035664
1258,1037,12.084805,0.3986235,0.025831848,0.049921542
1259,1260,2.6444016,0.44122598,0.0054901913,0.0109933615
1259,3562,53.709175,0.43882772,0.107938886,0.20846094
1259,6063,2.430767,0.43992075,0.005037442,0.010167837
1260,1259,2.787754,0.4379947,0.005698502,0.011424899
1260,6442,14.167351,0.45051372,0.031516463,0.061926425
1261,5371,52.89011,0.3492344,0.113144845,0.21701677
1261,1682,28.355736,0.34417322,0.066270284,0.12553287
1261,1677,43.466473,0.32467732,0.094718754,0.179593
1261,1232,34.815407,0.32483554,0.081718445,0.1543587
1262,5612,1.9987373,0.34441635,0.00413391,0.008200109
1262,2833,16.23363,0.34463894,0.03644388,0.06973196
1262,1682,32.817307,0.35146505,0.07635144,0.1441212
1262,1677,42.18084,0.32995915,0.09080435,0.17266661
1263,1264,2.3267365,0.26617324,0.0056120604,0.010342851
1263,1672,2.0754128,0.2664629,0.004749298,0.00879544
1263,6629,30.88478,0.2755946,0.082271576,0.15576057
1264,1263,2.4007835,0.26487485,0.0059533417,0.011062518
1264,6631,44.044796,0.25084412,0.122105636,0.2384969
1264,1675,2.3246002,0.2669209,0.005458884,0.010198757
1265,1678,22.378654,0.29285586,0.051385194,0.09612408
1265,1677,13.220007,0.3039025,0.029105775,0.055371583
1265,1686,49.145725,0.2874723,0.109292656,0.2111315
1266,1671,58.803654,0.27943715,0.13087328,0.25419742
1266,1315,7.282013,0.2772933,0.016469933,0.031003326
1266,1316,34.743958,0.29220217,0.07898368,0.14874521
1267,2333,76.22226,0.3056588,0.16937268,0.32855934
1267,1268,26.472092,0.29592225,0.0631563,0.11891328
1267,1317,94.58986,0.26337007,0.23239976,0.45163995
1267,2300,67.98706,0.27818733,0.15436098,0.30012986
1268,1267,25.98906,0.293534,0.06207726,0.11743853
1268,1235,15.819319,0.30380446,0.036285624,0.06900217
1268,1315,71.66209,0.28423035,0.16064204,0.31319952
1269,3866,57.0215,0.44855267,0.11438748,0.22235881
1269,173,89.1969,0.44549677,0.17922343,0.34543487
1269,3517,30.844852,0.45103627,0.065351784,0.123333916
1270,1955,51.576187,0.448519,0.103227176,0.19972454
1270,3518,9.614494,0.45305848,0.020104758,0.03940627
1271,2725,91.66466,0.4415122,0.18620583,0.35775918
1271,1247,41.4906,0.44552785,0.08383969,0.16165057
1271,2699,81.43054,0.4345731,0.16611321,0.3190006
1272,6736,4.7100945,0.42653576,0.010363668,0.020437747
1272,2366,4.9890137,0.43194896,0.0124715865,0.024699464
1273,2649,36.31553,0.47388068,0.07928942,0.1521512
1273,2883,73.75586,0.47209823,0.14862046,0.2870267
1273,5320,12.755642,0.4740589,0.028066419,0.054313093
1274,1275,100.491974,0.48027936,0.20158304,0.38880438
1274,3066,89.617615,0.47864097,0.17997488,0.34674323
1274,2081,69.10481,0.48062205,0.1372282,0.26567918
1275,1274,101.04909,0.4811549,0.20084098,0.38700593
1275,6741,28.059738,0.48546866,0.058981545,0.112006575
1275,1788,63.301746,0.48423392,0.124447,0.24096036
1276,1277,52.89664,0.4270962,0.105746984,0.20464729
1276,1253,28.982954,0.43229425,0.06244223,0.11826514
1277,1276,53.188496,0.4276624,0.10439615,0.20138083
1277,1202,37.11471,0.4259249,0.075934604,0.14392716
1277,2356,17.89302,0.42695534,0.038345072,0.07389997
1278,1216,34.397728,0.40387633,0.07197868,0.13629529
1278,3435,11.235241,0.4165677,0.023819901,0.045998022
1278,4164,21.740559,0.41280913,0.047924977,0.091016844
1279,1218,13.904192,0.4173078,0.029716782,0.05733844
1279,1217,42.31888,0.41782418,0.08564738,0.16468892
1279,2305,56.599728,0.42032602,0.11446585,0.22076873
1280,3700,2.192093,0.4280819,0.0038455576,0.007873043
1280,1931,21.503622,0.42593986,0.049616117,0.094700746
1281,3665,11.2500725,0.4900906,0.023606777,0.046418622
1281,2785,31.329882,0.4909665,0.069494724,0.13132882
1282,2786,64.35594,0.48973978,0.17058483,0.3294816
1283,1098,130.56306,0.47012794,0.2642561,0.51005214
1283,1284,84.72055,0.46984783,0.16996841,0.32770044
1283,1108,57.961006,0.46806723,0.115840204,0.22503233
1284,1283,84.54553,0.47010744,0.1689241,0.32528433
1284,1222,98.1691,0.46694535,0.197332,0.38005623
1284,1098,39.834175,0.4719878,0.08022535,0.15405808
1285,4136,1.6799088,0.47540838,0.002131939,0.0046292543
1285,5969,32.1402,0.47863513,0.08190525,0.15565214
1286,2131,1.0799332,0.47440767,0.0037608147,0.008220717
1286,5924,2.8676338,0.47913733,0.003364414,0.007102534
1287,2097,1.0876274,0.5115372,0.0016184598,0.003294006
1287,2164,29.281914,0.51413053,0.07409479,0.14071974
1288,1599,33.284706,0.4891276,0.06764047,0.12864165
1288,2608,37.54918,0.48886785,0.07430457,0.14273149
1288,1187,45.86659,0.49051,0.0897296,0.17443539
1289,6867,1.9315834,0.48551613,0.003843546,0.008215979
1289,1187,34.230377,0.49142477,0.07499498,0.14368266
1289,6765,26.147377,0.4846587,0.05469521,0.10403643
1290,2608,45.42894,0.48818523,0.08888417,0.17280817
1290,3013,5.809944,0.48698997,0.014153346,0.02833046
1290,762,17.087671,0.48935306,0.039599493,0.0766601
1291,2608,21.000587,0.48617214,0.04440975,0.08508441
1292,6426,26.243122,0.5006735,0.05920532,0.11401758
1293,2615,4.188442,0.49689612,0.010789007,0.021816432
1293,2613,1.3813133,0.49587682,0.0039903447,0.008643523
1294,344,2.6085243,0.49788514,0.0044003204,0.009222597
1294,349,146.68661,0.4941128,0.2899216,0.5603215
1294,2087,113.98001,0.49374136,0.22734028,0.43885475
1295,343,57.320065,0.4962606,0.11248408,0.21827386
1295,3161,56.09863,0.49459141,0.11031473,0.21389996
1295,1296,52.152348,0.49660778,0.103191435,0.20016703
1296,2105,58.817192,0.49742255,0.1147213,0.22205403
1296,1297,27.548347,0.4979704,0.056428332,0.10739238
1296,1295,52.360535,0.49770936,0.10248878,0.19865683
1297,3160,22.536549,0.49916515,0.047738567,0.09075572
1297,5490,85.01577,0.49605635,0.16631752,0.3212702
1297,1296,27.706036,0.49868545,0.05687615,0.10803325
1298,3343,160.7378,0.4982129,0.31804428,0.61492383
1298,1299,81.24946,0.49805522,0.15836546,0.3069864
1298,1605,76.57913,0.49751958,0.14982888,0.29045308
1298,5489,16.06249,0.5010216,0.033550236,0.065104686
1299,1298,81.513794,0.49662262,0.16066192,0.3109303
1299,1300,65.22989,0.49462402,0.14219053,0.27479172
1299,3317,146.38853,0.49987367,0.31719506,0.61332256
1300,1299,64.8055,0.49538836,0.14066842,0.27231386
1300,1605,30.914948,0.49882013,0.06761691,0.12961054
1300,4424,30.847763,0.49446368,0.062844194,0.11930977
1301,1607,86.94824,0.49054724,0.24325839,0.4691075
1301,4423,34.61514,0.494697,0.06989951,0.13165443
1302,2983,1.9104118,0.49937683,0.0028258264,0.0058277547
1302,3343,1.6133194,0.5028359,0.0023750514,0.005050361
1302,2984,33.991856,0.5001636,0.068074554,0.12848657
1303,2844,27.102985,0.50026286,0.055488702,0.10530998
1303,3341,28.963995,0.5024544,0.058872018,0.11195003
1303,1982,8.668781,0.5031295,0.017436676,0.034452945
1304,2464,16.1826,0.43909335,0.035009768,0.067546725
1304,420,21.03874,0.43738297,0.04598933,0.08776134
1305,1223,8.865776,0.4471938,0.019648373,0.03846027
1305,6442,0.2799034,0.24134305,0.0001936853,0.0019123852
1305,1062,15.128197,0.4464035,0.03333899,0.064471416
1305,969,5.6024284,0.43994576,0.013640612,0.026973546
1306,1225,22.442253,0.44258147,0.048659522,0.09227208
1306,1062,25.311132,0.44359842,0.0572288,0.10816923
1306,962,136.96614,0.4443079,0.30754808,0.59281737
1307,1228,48.39338,0.4415962,0.09729738,0.18786079
1307,1227,77.860535,0.43608248,0.1585687,0.3046776
1307,1060,96.1496,0.44014445,0.19527984,0.37570176
1308,3437,35.975025,0.48807228,0.071202576,0.13351974
1308,1637,40.702415,0.4824488,0.0821625,0.15829952
1309,1310,2.070694,0.3831554,0.0037896484,0.007657498
1309,6017,24.9225,0.38942912,0.061697774,0.11582247
1310,4322,1.9802856,0.3823388,0.003927581,0.0079193115
1310,1309,1.9594917,0.37989908,0.0038248524,0.0074427575
1310,631,22.284803,0.37623763,0.05617232,0.1062216
1311,4322,100.58389,0.37700057,0.21239617,0.40871656
1311,2517,112.42699,0.39623937,0.2590707,0.49748254
1311,2279,23.553322,0.37133133,0.05449649,0.10238101
1312,4952,4.0066185,0.34858918,0.009568378,0.017836213
1312,1674,55.103065,0.34317496,0.12690991,0.247911
1313,628,64.99942,0.35431486,0.14169456,0.27376243
1313,2926,35.00389,0.359056,0.06997566,0.13125731
1314,1668,2.1060028,0.2480236,0.0046700537,0.008518279
1314,1263,37.76185,0.25173685,0.10141104,0.19624454
1315,1268,71.35318,0.28434563,0.16025837,0.31248933
1315,1321,26.798313,0.2692715,0.062478937,0.116544604
1315,1266,7.2589073,0.27699512,0.016432084,0.030884504
1316,1237,53.64479,0.29877,0.113916755,0.21576634
1316,1266,34.811954,0.2920053,0.079391435,0.14874052
1316,1231,54.57821,0.31920618,0.11897055,0.2289621
1317,1320,20.265919,0.26556525,0.046989236,0.0876089
1317,1267,94.60614,0.25998843,0.23192677,0.4505298
1317,1234,15.818909,0.2514977,0.03716594,0.070291944
1318,1319,7.9319572,0.2435846,0.019077532,0.035346046
1318,2318,45.155983,0.26508975,0.105397545,0.20011619
1318,6631,2.2218094,0.24723107,0.005913295,0.010810941
1319,2286,2.757412,0.24328896,0.0076418594,0.013702005
1319,1320,59.961674,0.22452667,0.13768686,0.2693441
1320,1317,19.566786,0.23465577,0.04586557,0.085603446
1320,1321,63.776695,0.25058934,0.14593042,0.2851056
1320,1319,61.09842,0.23578429,0.14053655,0.27454674
1320,1322,17.612219,0.24943325,0.040281557,0.07618195
1321,1320,63.89717,0.25025734,0.1462159,0.28556076
1321,1675,64.95843,0.25849196,0.14798038,0.2880448
1321,1315,26.913235,0.26977557,0.06316134,0.11793775
1322,1234,17.938866,0.25068426,0.042742856,0.08065081
1322,1233,59.890926,0.23729959,0.14711073,0.28906152
1322,1320,17.704254,0.2479099,0.04061023,0.076688424
1323,2284,32.3656,0.27436686,0.08829127,0.16370595
1323,6636,21.87188,0.27380428,0.05574413,0.10755875
1324,5594,1.4446983,0.49044156,0.0042651296,0.008931711
1325,4425,2.2572823,0.44009015,0.0042840317,0.008666977
1326,103,8.998375,0.438223,0.019219212,0.037444115
1327,1328,28.047562,0.44588637,0.05896862,0.11166338
1327,1245,29.284882,0.44425967,0.06256592,0.11787853
1327,3618,42.770176,0.4445297,0.08568826,0.16482025
1327,5480,6.7506485,0.44207102,0.013482824,0.02654402
1328,2239,28.49906,0.44834125,0.06117383,0.11508373
1328,1327,27.999506,0.44653773,0.05908493,0.11185336
1328,3620,27.850126,0.44656426,0.058667123,0.111147955
1329,4917,33.00618,0.48640534,0.06632869,0.12665117
1329,987,79.727844,0.49014276,0.15706277,0.30437195
1330,5946,4.6116295,0.4997529,0.0068476573,0.013772085
1330,7026,114.15232,0.49028254,0.17379743,0.33764786
1331,1332,35.992817,0.50095,0.07180806,0.13895229
1331,662,99.97543,0.50220466,0.19752333,0.3829013
1331,663,48.928185,0.5025099,0.09661224,0.18807049
1331,664,51.868446,0.4969421,0.103415646,0.20129089
1332,3592,50.89437,0.49842024,0.099401526,0.19342591
1332,661,38.986393,0.5030828,0.077532865,0.14977159
1332,1331,35.806393,0.50122184,0.071771696,0.13907728
1333,1334,116.42967,0.49609172,0.22993872,0.44538528
1333,277,18.647083,0.48907787,0.03951454,0.076384574
1333,664,47.14981,0.49666166,0.093112275,0.18164039
1334,6722,1.2183952,0.50216085,0.0012449771,0.0029073954
1334,277,86.9124,0.49132103,0.19492768,0.375357
1334,1333,116.30985,0.49633658,0.23044321,0.44618708
1335,664,28.71025,0.49691468,0.059433263,0.11381446
1335,3592,7.099758,0.5005662,0.014362559,0.028477296
1336,3354,31.04432,0.5103445,0.06811265,0.13030535
1336,6721,11.475443,0.50852066,0.024995752,0.04894629
1337,1339,12.280754,0.51434696,0.025356978,0.049700797
1337,1192,73.5848,0.51322865,0.14188413,0.2762917
1337,1338,49.688423,0.51327264,0.09618225,0.18639565
1338,1337,49.32273,0.51172227,0.096147865,0.186388
1338,1192,37.163303,0.51665527,0.07295746,0.14048755
1338,3491,26.608185,0.514029,0.054617386,0.10493746
1339,1337,12.425791,0.51559734,0.025999479,0.050928578
1339,1336,36.261265,0.51197207,0.07354075,0.14067098
1340,215,8.616463,0.495809,0.017505236,0.034635782
1340,2730,19.977333,0.49795395,0.042508654,0.08192878
1341,946,120.36328,0.45975155,0.24352351,0.46888542
1341,1773,33.59653,0.47610494,0.08834572,0.1700577
1342,944,58.363472,0.46663126,0.113866284,0.21998665
1342,945,14.087168,0.46665028,0.029581226,0.05747158
1343,946,43.35355,0.46642625,0.08537084,0.16464373
1343,4346,12.572702,0.46865678,0.0262741,0.051129013
1344,4346,1.9237518,0.46206066,0.002569154,0.005455479
1344,6042,8.961079,0.46004635,0.024502575,0.048196316
1345,1528,22.197138,0.45850015,0.05021169,0.0958231
1346,6541,1.6382256,0.4397573,0.0025518835,0.0054670125
1346,1205,87.48566,0.44138545,0.1800847,0.34630877
1347,4201,1.6971588,0.46306187,0.002143912,0.004451081
1347,6699,29.81664,0.039361477,0.13038498,0.2771812
1348,914,24.93297,0.44369012,0.05352434,0.10107397
1348,1891,96.50523,0.43596414,0.19652912,0.37800395
1348,1197,52.700054,0.43894726,0.10609014,0.2048846
1349,914,28.40234,0.4456473,0.06011893,0.11355765
1349,1352,26.293148,0.44823775,0.05632448,0.10591592
1349,1350,111.492165,0.43917155,0.22703186,0.43688512
1350,912,150.27344,0.4374098,0.3084551,0.59386694
1350,1353,53.832973,0.43986914,0.10857096,0.21000424
1350,1349,111.67391,0.4390452,0.22805044,0.4388699
1351,1352,18.881838,0.44802907,0.040371317,0.07780741
1351,3384,25.358358,0.44923857,0.05712856,0.10770738
1352,1349,26.13937,0.4490587,0.055808987,0.10519713
1352,917,15.105024,0.44954726,0.031675685,0.061392292
1352,1351,19.141598,0.44901365,0.040992897,0.07897969
1352,913,59.047523,0.44500417,0.11818854,0.22867924
1353,1350,53.469994,0.44044128,0.107848,0.20826145
1353,1197,27.674938,0.43807378,0.058784544,0.11109777
1353,5288,58.174835,0.44592413,0.11509983,0.22315866
1354,2371,26.364649,0.42711118,0.056960393,0.10714896
1354,1594,98.037796,0.4220941,0.20083445,0.3857289
1354,1515,63.211006,0.4220628,0.1284143,0.24861851
1355,2371,49.48301,0.43117398,0.098884776,0.19046733
1355,4950,24.803482,0.43361828,0.05373776,0.101610765
1355,1592,20.234137,0.43401566,0.043775648,0.08380785
1356,2371,74.429794,0.42640167,0.1516234,0.29312253
1356,1357,49.69954,0.42890793,0.101108104,0.19404398
1357,2353,12.610706,0.43509877,0.027026005,0.052241623
1358,3416,4.89851,0.44286084,0.008461624,0.01663442
1358,3415,15.7995205,0.45181715,0.03838607,0.07428512
1359,3615,2.1592789,0.4505816,0.0031701103,0.006409049
1359,3616,7.85746,0.4534126,0.016276784,0.0317187
1360,6551,28.048431,0.45482028,0.0594391,0.11370645
1360,6551,28.702904,0.45488095,0.06070835,0.11605124
1361,4044,2.2063065,0.45447037,0.0035404116,0.0073898137
1361,4216,43.070812,0.45939833,0.08629895,0.16466406
1362,1363,61.169975,0.48428577,0.120421655,0.23354024
1362,3633,13.204153,0.4872042,0.027659886,0.053852543
1362,6490,80.910995,0.48317856,0.15724236,0.30414486
1363,3470,1.6627617,0.4805439,0.0023309663,0.0048301965
1363,1362,61.465782,0.48229697,0.12133984,0.23519072
1363,2742,46.297047,0.4860663,0.117430784,0.2289541
1364,4296,0.8907814,0.30787766,0.0022445843,0.0047668815
1364,6490,11.637234,0.4840607,0.023578562,0.04637465
1365,1780,4.280632,0.49393585,0.009281896,0.018870577
1365,1368,30.234262,0.4979515,0.066230126,0.12691903
1365,3550,56.71015,0.49247473,0.11159656,0.21672752
1366,455,168.24655,0.49070495,0.34210667,0.6601853
1366,1369,23.685547,0.49030784,0.050333627,0.095849216
1366,3550,75.1075,0.48894528,0.14947166,0.28880134
1367,3833,251.43344,0.46368897,0.5107613,0.9902543
1367,3394,170.1642,0.4643782,0.34412542,0.6644198
1367,2799,91.64591,0.464845,0.18221796,0.35111633
1368,1365,30.333431,0.49737296,0.06648773,0.12758654
1368,3676,5.848503,0.49258795,0.0124809,0.024917468
1368,852,52.106773,0.49257964,0.10345616,0.2010065
1369,852,69.88854,0.48986897,0.13817741,0.26763833
1369,1366,23.836132,0.48818514,0.050855525,0.09678684
1369,1777,31.85598,0.49051258,0.06497759,0.123606205
1370,4302,21.247988,0.045682073,0.080001876,0.16008513
1371,3798,38.59957,0.4457261,0.08533993,0.1640115
1371,921,4.5149155,0.44858778,0.011555307,0.022802368
1372,3675,85.43886,0.5070888,0.16489747,0.31963307
1372,2276,49.81267,0.50487286,0.09778252,0.18958619
1372,266,31.503069,0.50498796,0.06393075,0.12195662
1373,193,51.94773,0.48374364,0.1132094,0.21947709
1373,1081,75.89555,0.48639655,0.15010533,0.2901209
1373,3633,22.257633,0.48731506,0.04935767,0.09429944
1374,3465,33.535137,0.48262587,0.06788104,0.12817612
1374,1161,24.36818,0.4816908,0.050959267,0.0965684
1374,1169,51.71248,0.4830348,0.111620545,0.21610574
1374,5410,68.63127,0.4799551,0.1488292,0.2864921
1375,753,14.436464,0.4817124,0.031529967,0.06128946
1375,4230,82.071655,0.48137015,0.17974967,0.3460527
1375,2182,51.601757,0.48394734,0.13310006,0.25762153
1376,3576,157.37885,0.48875195,0.3151466,0.60693574
1376,6366,83.73457,0.48485953,0.22365227,0.43157673
1377,6604,62.598618,0.4441525,0.12852623,0.24877936
1377,6768,52.497055,0.4425734,0.10473873,0.20211095
1378,1379,40.020992,0.44531026,0.08093371,0.15485363
1378,548,72.02951,0.4430145,0.14300577,0.27624288
1378,908,66.63969,0.44130096,0.1341655,0.25903833
1378,3934,95.48482,0.44501334,0.19095993,0.36752337
1379,1378,40.12841,0.44432518,0.08125062,0.1555841
1379,1380,66.58326,0.4421542,0.13350295,0.25815326
1379,1499,99.90715,0.4402709,0.20244494,0.38916418
1380,1381,133.80457,0.4306663,0.27521256,0.52896816
1380,1379,66.60258,0.44102758,0.13415942,0.25894925
1380,908,35.384945,0.4416573,0.07292676,0.139117
1381,5566,1.9421272,0.43752247,0.0040452406,0.008445889
1381,5568,1.9042854,0.43751848,0.0038422123,0.007959887
1381,1380,134.25278,0.43265676,0.2744358,0.52769864
1381,908,96.70472,0.43515268,0.19387676,0.37272698
1382,1577,31.08625,0.43352953,0.06490708,0.12309839
1382,5567,11.4265,0.43692908,0.025489219,0.049547985
1383,1573,29.710052,0.430814,0.06736356,0.12788513
1383,5567,55.586864,0.42867595,0.12382747,0.2393716
1383,1575,32.451912,0.43000513,0.067989975,0.12879914
1383,1574,94.19183,0.42757773,0.19285873,0.37030736
1384,1502,46.858955,0.42699978,0.09519674,0.18314244
1384,1573,32.139362,0.42843854,0.07263759,0.13899975
1384,1504,103.82365,0.41811538,0.23498172,0.45080382
1385,1504,127.33608,0.41496632,0.26509848,0.508293
1385,1578,78.05183,0.42237368,0.15981355,0.30712217
1385,1575,51.738808,0.4251187,0.10464136,0.20145284
1386,5618,2.267662,0.46581876,0.004105963,0.008597702
1386,4824,2.130764,0.47208765,0.0034493357,0.007319197
1386,730,51.83784,0.025913835,0.27209276,0.5708985
1387,174,24.988062,0.4562648,0.05398814,0.10264358
1387,204,14.06571,0.45559216,0.031154826,0.05981171
1388,1540,44.91508,0.47973529,0.08865031,0.17206319
1388,1389,127.40746,0.47871295,0.25586724,0.49364382
1388,1101,97.80919,0.47291148,0.19638555,0.37845492
1389,1240,77.71886,0.47799885,0.15578085,0.30076742
1389,2119,55.306923,0.48050988,0.11052883,0.21445902
1389,1388,127.25712,0.4783056,0.25650033,0.4949038
1390,1549,93.884285,0.4799726,0.18881255,0.36431718
1390,1965,78.93837,0.48250034,0.1569373,0.3033045
1390,1241,70.38224,0.48219186,0.14033991,0.27178296
1391,3836,25.065823,0.44067416,0.06028049,0.1151107
1392,1953,1.867878,0.4542804,0.0026947856,0.0055212677
1392,173,19.158487,0.45577896,0.042750392,0.082622625
1393,239,14.904779,0.45447835,0.03138574,0.060630724
1393,1394,16.285324,0.45508665,0.034357958,0.06634258
1393,5429,46.980812,0.45736,0.093027554,0.18084575
1394,1393,16.337618,0.4567243,0.03442736,0.06664415
1394,1953,19.57342,0.4550772,0.041436862,0.07992669
1394,1395,84.99571,0.44966036,0.17143372,0.33028144
1394,1396,35.38584,0.45880133,0.07227401,0.13682668
1395,1394,85.035446,0.44983873,0.17207989,0.33152714
1395,5459,16.869131,0.44826582,0.03719749,0.07174197
1396,5428,12.7962,0.4604472,0.026804134,0.051886827
1396,1394,35.15176,0.4583092,0.072067186,0.13697065
1397,5432,19.940498,0.46093902,0.038699083,0.074227445
1398,3758,1.6121559,0.4618757,0.0029766336,0.0060648173
1398,6117,24.6482,0.46125448,0.055982433,0.10626625
1399,6114,1.7881775,0.44134438,0.0037439466,0.007649392
1399,461,48.16823,0.44513902,0.10162235,0.19322169
1400,3759,2.0517845,0.47217962,0.0031467602,0.0066016763
1400,90,38.33524,0.47351748,0.08241414,0.15803166
1400,837,7.189747,0.4747815,0.014370978,0.028496608
1401,149,38.609108,0.46940416,0.07779957,0.14906919
1401,650,26.808537,0.47686064,0.06597151,0.12553151
1401,1402,1.6869583,0.47190273,0.0024185628,0.004856497
1402,1401,1.7650185,0.47146195,0.0024099424,0.0048459917
1402,5248,35.211445,0.47685048,0.08965977,0.17232825
1403,482,93.91477,0.4672285,0.18452589,0.3568362
1403,1402,23.036503,0.47470394,0.056426685,0.10856111
1404,3350,34.588375,0.48000452,0.07015217,0.13267094
1404,1405,21.955143,0.48352924,0.052765824,0.10122138
1405,5084,1.4744644,0.47435704,0.003955886,0.008212939
1406,4413,1.0535736,0.4622746,0.0030378029,0.0065015852
1406,6461,11.716326,0.47659734,0.023938827,0.04677199
1407,1409,1.4366417,0.5134851,0.0060914084,0.012043968
1407,1418,29.363155,0.5143367,0.0765401,0.14566012
1408,647,102.598404,0.49104178,0.19844952,0.3833993
1408,5632,27.837502,0.50198704,0.06937758,0.13221055
1409,4421,36.0376,0.51181966,0.08931096,0.170887
1410,42,1.1683121,0.50629306,0.006208323,0.012935013
1410,1417,36.322037,0.5179581,0.062131144,0.11839426
1411,464,1.6116791,0.5170738,0.0024472699,0.00479351
1411,1412,30.733494,0.51937044,0.08083516,0.15462081
1412,467,48.21019,0.5086367,0.0928018,0.17984605
1412,3088,44.262695,0.5133579,0.11045764,0.21343435
1413,46,1.1988487,0.5131359,0.0027030036,0.00607498
1413,2903,87.04951,0.5135942,0.23123029,0.44697827
1414,4207,1.9349747,0.5170969,0.0026789904,0.005981803
1414,1415,20.183832,0.52103716,0.051450513,0.09975508
1415,1417,55.845215,0.51762277,0.14151901,0.27520043
1415,1409,29.267479,0.51462454,0.07796839,0.14703734
1416,1407,64.859184,0.5199795,0.18270355,0.35302323
1416,6188,39.90851,0.522505,0.077149294,0.14872004
1417,6145,24.85683,0.51387215,0.05989169,0.11558078
1418,6475,0.73786926,0.51697266,0.004114203,0.0088017285
1419,1418,53.805786,0.5157745,0.13581751,0.2640664
1419,42,34.886505,0.5179985,0.05767604,0.1108669
1420,2234,11.574177,0.030176759,0.055288635,0.113322794
1420,512,53.06584,0.5424219,0.102399275,0.19877961
1421,5164,16.260086,0.5415653,0.038492437,0.075634584
1421,5727,32.9106,0.015777051,0.17040357,0.3651769
1422,6584,2.2150536,0.53842634,0.006271176,0.013138652
1422,3252,1.4321938,0.54205245,0.0017393008,0.004342884
1423,6593,45.181736,0.53400046,0.092841856,0.17807649
1423,6219,29.065277,0.52664906,0.087144956,0.16748834
1424,7016,50.66012,0.4017103,0.1402537,0.2738831
1424,1522,4.700783,0.4000831,0.037349254,0.075443245
1425,2644,78.460754,0.4719537,0.15749836,0.30411023
1425,1125,93.79768,0.47349596,0.18774733,0.36297357
1425,1832,62.252464,0.4747568,0.120565645,0.23335463
1426,2202,31.95052,0.45879033,0.065974325,0.12606953
1427,3783,1.742878,0.45399725,0.0032212585,0.0065559745
1428,136,49.379536,0.46536776,0.10880956,0.21089341
1428,5822,15.204151,0.4655311,0.03337978,0.06460162
1429,136,22.331675,0.46778712,0.04976969,0.094887674
1429,6091,17.638994,0.47067827,0.039281536,0.075848386
1430,6226,44.83388,0.46911967,0.20020214,0.38899928
1430,642,48.3187,0.47151697,0.10602843,0.2047903
1431,3201,1.9236603,0.46683642,0.002726294,0.005582884
1431,7089,49.373352,0.46932164,0.13699555,0.26696736
1432,3198,1.6235085,0.47188333,0.0033089519,0.0064980686
1432,3192,116.489716,0.4695073,0.25933272,0.4987265
1433,3064,116.1161,0.4597265,0.25982386,0.50106794
1433,555,175.78716,0.459048,0.35685888,0.68794405
1433,1434,57.33384,0.46142042,0.12760168,0.24692377
1434,1435,20.144148,0.46404058,0.043147385,0.08261196
1434,3039,30.156986,0.46506056,0.066742614,0.12697774
1434,1433,57.057762,0.46259907,0.12570506,0.24350688
1435,1434,20.060688,0.46197033,0.042851094,0.08215645
1435,3039,23.94111,0.4621975,0.051162377,0.09676178
1435,3064,192.91281,0.4569695,0.39282012,0.75755227
1436,613,62.429794,0.47019193,0.13505942,0.2611765
1436,2133,60.07306,0.47252065,0.13131377,0.25433663
1436,2132,93.844315,0.4657646,0.19002123,0.36590177
1437,2133,25.335348,0.47299153,0.056301065,0.1071653
1437,2133,22.504597,0.47306547,0.0497261,0.09450214
1437,7088,43.68952,0.4736026,0.09348238,0.18066162
1438,1846,1.5970154,0.42040756,0.0058151186,0.011436641
1438,5820,16.122576,0.4174714,0.04305664,0.08364687
1439,225,27.274984,0.46745688,0.05795884,0.11033338
1439,226,28.354076,0.46190593,0.06024154,0.114720605
1440,6016,38.94984,0.42702785,0.07956664,0.14924392
1440,2460,92.677444,0.42404765,0.18780932,0.36082417
1441,5203,1.8442192,0.38231426,0.003216505,0.006444469
1441,2322,42.008625,0.38488275,0.08626641,0.16437148
1441,1789,27.78369,0.37992215,0.06514765,0.12210885
1442,1789,41.996662,0.37425607,0.08711692,0.16584212
1442,1210,25.363651,0.37367046,0.05594527,0.105010375
1442,2322,32.05691,0.38280854,0.068080015,0.12882814
1443,4242,6.680107,0.4576253,0.01326146,0.02637124
1443,5544,94.104935,0.45611662,0.18825392,0.36246276
1443,565,20.50874,0.4614475,0.03965457,0.07627675
1444,619,28.591621,0.4647666,0.0643097,0.1217888
1444,5680,18.719053,0.46814197,0.04158353,0.08055983
1445,1570,40.72845,0.45811293,0.1375092,0.26912588
1445,3062,99.26828,0.45492095,0.20233744,0.38755816
1446,1107,95.75445,0.4592434,0.19004288,0.36568063
1446,846,23.476768,0.4641277,0.050089967,0.09494808
1446,1447,9.012138,0.46556365,0.018375069,0.03603758
1447,5262,125.86221,0.45790434,0.25470605,0.49062127
1447,845,50.208874,0.46653175,0.09983274,0.1934325
1447,1446,8.817207,0.46498114,0.01783318,0.03508781
1447,3875,56.494606,0.46356094,0.11118949,0.21540909
1448,4753,2.5883827,0.46279436,0.0023009256,0.004880473
1448,1450,16.082071,0.46765766,0.039191306,0.07564253
1449,3833,11.7271,0.46833777,0.028009407,0.054561995
1449,5211,35.07739,0.46780217,0.09218617,0.17919855
1450,1451,3.2967567,0.464824,0.008883461,0.017487645
1451,1450,2.7815437,0.4636984,0.00794328,0.015639633
1451,5674,11.081957,0.47297025,0.02682899,0.05185817
1452,1818,86.48474,0.46534112,0.2400297,0.46168882
1452,4756,7.7460327,0.47106957,0.015319236,0.030660167
1453,5130,49.672043,0.47950166,0.10753522,0.20810953
1453,1095,53.892826,0.47710297,0.11980437,0.23124339
1454,3185,42.951656,0.47523674,0.11367201,0.22196384
1454,1222,22.296173,0.46787342,0.054750822,0.10546465
1454,3877,58.50421,0.47143143,0.11573961,0.22472245
1455,4678,57.813835,0.3606265,0.122637294,0.23609915
1455,1210,14.424435,0.3718608,0.031278186,0.059898585
1455,1256,67.756424,0.3536243,0.1466245,0.28371882
1456,1257,57.518196,0.36340442,0.12231053,0.23568697
1456,1211,39.91665,0.3821283,0.08340387,0.15813057
1456,5015,56.758522,0.38286224,0.11870069,0.23034638
1457,3996,1.5799103,0.47103652,0.0018149018,0.004398361
1457,5839,0.7349396,0.46983665,0.0030265003,0.0067789853
1458,2962,1.4666977,0.46327084,0.0028373078,0.006194487
1458,6984,76.369576,0.46874958,0.207858,0.39981192
1459,1143,1.7904663,0.4653238,0.0025485978,0.005424261
1459,3453,16.18364,0.4664107,0.033876397,0.066077635
1459,6029,34.161064,0.46970922,0.07727423,0.14506356
1460,1178,18.278454,0.46334234,0.038578186,0.07448103
1460,4537,194.48015,0.4595057,0.39428413,0.76043546
1460,1476,22.37022,0.4627829,0.048177168,0.091807574
1461,3237,1.5332603,0.47259438,0.0019913763,0.0042597502
1461,2873,91.408264,0.4712293,0.24582654,0.47420543
1461,1463,158.8801,0.47283274,0.31925562,0.61633813
1462,585,224.34045,0.46909836,0.45445102,0.87846845
1462,584,40.118286,0.47407895,0.08042275,0.15398927
1462,1463,102.74338,0.47045022,0.20510691,0.3947001
1463,2873,167.2675,0.47408393,0.3377475,0.65253747
1463,1462,102.94739,0.46987727,0.20561117,0.39608628
1463,1461,159.70853,0.47138938,0.32037702,0.6184492
1464,3239,1.6076927,0.46944338,0.0021904483,0.004630834
1464,2811,109.70159,0.46682352,0.29365277,0.5666206
1464,585,271.53107,0.46887478,0.5538028,1.0759833
1465,2951,2.0086174,0.46648705,0.0029631183,0.0059357285
1465,5768,90.17987,0.46449012,0.24408177,0.4700436
1466,4257,1.8110695,0.44174337,0.002740994,0.005699724
1466,2663,58.339928,0.44251573,0.11776157,0.22792512
1466,5315,42.84685,0.4449576,0.09513975,0.18375924
1467,5315,1.8086281,0.44036794,0.0025925338,0.005370453
1467,4257,43.731842,0.43765783,0.09632696,0.18594125
1468,2462,78.835434,0.42104453,0.1597651,0.30758843
1469,4294,3.2355309,0.4276033,0.012263015,0.02380079
1470,4583,175.23874,0.4601207,0.35644066,0.6871192
1470,2796,21.781242,0.4673619,0.04855426,0.09247532
1470,2461,31.590218,0.46745485,0.070456564,0.13359687
1471,2632,2.1683922,0.51776594,0.0036102682,0.0077064484
1471,1472,111.74143,0.5140235,0.29861408,0.5774388
1472,2164,1.0488663,0.517824,0.004449062,0.009179115
1472,73,65.474724,0.51344585,0.17553256,0.3392201
1472,2097,29.963058,0.51184446,0.076446265,0.14494477
1473,5223,1.397007,0.5052819,0.0016721487,0.0037070513
1473,2846,15.645264,0.50634044,0.03658789,0.07110903
1473,1654,175.17836,0.5064079,0.3437093,0.66569465
1474,5416,1.5457916,0.5064072,0.0020045117,0.0042493343
1474,3890,30.341177,0.51121205,0.07675556,0.14573836
1475,3233,22.612783,0.4744581,0.04814488,0.091484636
1475,1493,16.264832,0.47475353,0.03405019,0.06587989
1475,3279,95.85858,0.47026286,0.19129533,0.36780822
1476,1460,22.240393,0.4588847,0.04751663,0.09065128
1476,1476,203.12022,0.4496364,0.418332,0.8066114
1477,4521,1.9203606,0.332298,0.0036111027,0.0069922656
1477,1905,38.875523,0.32989565,0.10372659,0.20158505
1478,4526,72.624115,0.3528988,0.15674642,0.3053392
1479,1480,78.63241,0.4134345,0.16155064,0.31232584
1479,1488,110.2303,0.41391197,0.22699404,0.43691468
1480,1479,78.08185,0.41850555,0.16064736,0.31055045
1480,5442,3.8113823,0.42660466,0.007670723,0.015130132
1481,5442,1.9138222,0.41727555,0.0056316033,0.011064813
1481,1480,2.735241,0.42002276,0.005022347,0.01012148
1482,1819,50.153206,0.5335729,0.09606227,0.18524677
1482,6643,10.388105,0.5328649,0.021116458,0.041556165
1483,3258,140.17651,0.32230502,0.326833,0.62735575
1483,889,48.128345,0.30261314,0.107603714,0.20609723
1483,1796,113.378174,0.32582438,0.25206932,0.48599285
1484,1485,72.43089,0.42421794,0.16735108,0.32202098
1484,1487,85.36276,0.4264808,0.19227818,0.36933422
1484,2710,237.75682,0.43215743,0.38305703,0.737297
1485,6780,0.97953033,0.10089633,0.0015539452,0.0041264296
1485,3243,160.54694,0.4255665,0.3647092,0.70445555
1485,1484,71.270805,0.4218083,0.16539627,0.31817645
1486,1972,176.72394,0.3765621,0.37949315,0.7285432
1486,5353,114.23891,0.3651942,0.24749017,0.4756626
1486,6608,2.8948479,0.37533194,0.006294884,0.012001038
1487,1484,84.69884,0.4215722,0.19171114,0.3684358
1487,2713,42.89431,0.4288998,0.09497483,0.18289128
1487,1488,118.6875,0.41936192,0.24633306,0.47325283
1488,1824,173.9076,0.40891677,0.3678824,0.7075306
1488,1479,109.912994,0.4115228,0.22690716,0.4360959
1488,1487,118.82346,0.41859943,0.24616751,0.47304702
1489,4851,2.036045,0.46021482,0.003724195,0.0076191574
1489,6763,2.5212593,0.46357608,0.0048063025,0.009732306
1490,3933,1.9285889,0.44743893,0.0030711666,0.00624305
1490,1847,1.675724,0.44631565,0.0024331585,0.005140811
1490,916,27.960411,0.052440017,0.12129158,0.26045924
1491,1824,53.804306,0.41354874,0.108705014,0.20984308
1491,6512,113.766014,0.41224748,0.26120707,0.5024338
1491,6781,8.657085,0.41836172,0.0191712,0.037096366
1492,1493,40.09552,0.47468495,0.07980365,0.15336172
1492,2800,44.775948,0.47381428,0.087942876,0.17124401
1492,3261,65.27043,0.47265866,0.12919685,0.25057244
1493,3233,20.773417,0.47229645,0.044228356,0.084583625
1493,1492,40.2336,0.4750998,0.07928524,0.15222803
1493,1475,16.559229,0.47268125,0.03465443,0.067103595
1494,5351,88.04294,0.4743864,0.17570725,0.3386461
1494,3223,47.48126,0.47585872,0.09386911,0.18222678
1494,5356,67.1329,0.47451308,0.13023122,0.253199
1495,3808,27.634808,0.47440118,0.057210226,0.10872529
1495,3601,32.130775,0.47759384,0.065611094,0.12431999
1495,3807,1.8167648,0.47551608,0.0025816634,0.0055440515
1496,3017,118.59177,0.45998818,0.2640986,0.5085364
1496,3034,47.647823,0.46279374,0.09518723,0.18416306
1496,4933,26.9857,0.4642083,0.060647584,0.11576244
1497,4934,2.2707748,0.46249628,0.0041309968,0.008369282
1497,4933,2.205227,0.4619134,0.0042297468,0.008584589
1497,3034,27.329805,0.46401766,0.061037205,0.11653017
1498,3195,4.2555733,0.46888423,0.008790225,0.01770714
1498,7006,2.21912,0.47182843,0.0035311505,0.008363768
1498,3040,155.53275,0.46392062,0.3333358,0.64317155
1499,3176,226.58832,0.4348989,0.51137704,0.98911923
1499,5153,96.55883,0.44608524,0.21587485,0.41525346
1499,1588,123.43115,0.44276536,0.250873,0.48300266
1499,1379,100.547104,0.43954623,0.20255083,0.38971323
1500,2403,34.05607,0.4234776,0.07674728,0.14553139
1500,1572,234.89691,0.41907668,0.49152634,0.9487194
1500,6978,109.22695,0.41274428,0.24878246,0.47855496
1501,6983,1.8662949,0.4149421,0.0036991984,0.007253781
1502,1574,57.190834,0.42494607,0.11692247,0.22589314
1502,1384,46.647984,0.42295372,0.09540483,0.18349539
1502,3608,295.85513,0.42186388,0.6222441,1.2050354
1503,1582,3.4776268,0.43214598,0.0064237267,0.012840524
1503,904,21.685102,0.43500915,0.047039825,0.089529455
1503,1580,36.82631,0.43669578,0.075002015,0.14189322
1504,1384,103.550476,0.41793755,0.23466086,0.45004684
1504,1385,127.94429,0.4166031,0.2647885,0.50753593
1504,1505,19.811785,0.41914123,0.044864465,0.08593643
1505,5265,1.5616264,0.4208896,0.0033829734,0.007083997
1505,1572,97.506516,0.41818145,0.19955674,0.38336748
1505,1504,19.544191,0.41737795,0.04374537,0.08378781
1506,534,31.422344,0.38667035,0.07221563,0.13736409
1506,2349,68.33426,0.3970617,0.15620042,0.30158666
1506,6839,214.75555,0.37497252,0.4648032,0.89327747
1507,1597,60.791817,0.42735374,0.12188765,0.23566322
1507,1593,21.025024,0.43209904,0.04568183,0.08713729
1507,1590,34.117348,0.43431255,0.070891134,0.13452809
1507,2375,109.943924,0.4196803,0.22559413,0.43368614
1508,6838,2.268299,0.3788146,0.0026586428,0.005237952
1508,2374,192.21794,0.3906353,0.40976143,0.7867485
1508,1512,34.421295,0.3798132,0.07446773,0.13968542
1509,2347,29.199362,0.41081992,0.06469995,0.121226214
1509,1510,5.9074516,0.40564725,0.012215331,0.02425687
1510,5155,133.26424,0.38485754,0.28080454,0.5386202
1510,1509,4.93602,0.40416646,0.0098598525,0.019501
1510,6914,1.8722305,0.40306634,0.0035095066,0.00748311
1511,579,2.6253815,0.3892941,0.0049870983,0.009941116
1511,2238,24.6304,0.38842934,0.056543425,0.10664217
1511,583,28.140491,0.39300156,0.06494603,0.12201755
1512,5266,2.96624,0.37730038,0.0059782714,0.011687174
1512,3061,81.82613,0.3861175,0.17066985,0.32994717
1512,1508,34.704384,0.38067994,0.07431881,0.13987143
1513,3197,1.4145164,0.41300386,0.0050904304,0.010009676
1513,1510,24.208723,0.40755844,0.05355739,0.101111084
1513,1514,40.43795,0.40976372,0.08228091,0.15642829
1514,538,1.6644096,0.41259488,0.0056002066,0.011054352
1514,2347,1.8684311,0.41389108,0.0031519085,0.006572917
1514,1513,40.709755,0.41297492,0.082265355,0.1562545
1515,1354,63.259014,0.42295516,0.12798376,0.2478571
1515,2346,22.089891,0.4256329,0.048249625,0.09164849
1515,4949,44.354202,0.42455977,0.08888595,0.17124182
1515,1516,42.952084,0.42047426,0.08718773,0.16600332
1516,5905,0.9980469,0.40208486,0.0038975254,0.007780358
1517,2342,115.66991,0.36635256,0.24928677,0.48004943
1518,2343,7.3070526,0.37709463,0.01563742,0.030218095
1518,3000,4.236511,0.37466627,0.008918114,0.017352924
1518,1517,5.406536,0.375011,0.011540793,0.022088155
1519,6587,1.7430077,0.3096459,0.0059010386,0.008665726
1519,6594,1.1949005,0.549933,0.00039904565,0.001604706
1520,5950,1.5020905,0.27266443,0.0036482587,0.0067692995
1520,6927,2.9204712,0.2739849,0.007759571,0.013851166
1520,4157,113.616165,0.2598688,0.26101786,0.5061111
1521,5170,0.85042953,0.48014212,0.00318145,0.0070982575
1521,3571,13.065649,0.48842025,0.027695164,0.054033205
1523,1524,2.936863,0.43337676,0.011115521,0.022366166
1523,1526,66.179276,0.44076982,0.16728601,0.32155585
1524,1921,10.344818,0.4418754,0.027968898,0.054532558
1525,1524,66.7747,0.44624493,0.1499537,0.28935045
1525,1526,4.88258,0.4364016,0.039919082,0.07981931
1526,3106,114.410904,0.45188165,0.9019602,1.758522
1527,418,37.495243,0.4546957,0.082821965,0.15830359
1527,1529,2.8852425,0.45280424,0.005863443,0.011720359
1528,1527,2.1185112,0.45606637,0.0041295215,0.00834012
1529,3267,2.630661,0.4565634,0.0053267106,0.010672763
1530,3219,1.353939,0.4760971,0.004086405,0.008166
1530,1533,24.451073,0.47983867,0.05143079,0.097300306
1531,4198,1.5098419,0.4726713,0.001752995,0.0038418025
1531,1092,145.5357,0.47077626,0.22061393,0.42793316
1531,2177,27.218029,0.47948438,0.05681448,0.10838775
1532,1533,4.9113274,0.47838598,0.010499768,0.020387352
1532,1531,25.305634,0.4777387,0.053960424,0.102994174
1532,1537,93.88939,0.47334838,0.20631702,0.39667523
1533,5869,37.311382,0.4762905,0.075807996,0.14379546
1534,1535,1.8032379,0.47445774,0.0024861172,0.0050825775
1534,1536,82.91719,0.475273,0.16563356,0.31844208
1534,1532,26.482466,0.47621763,0.055833764,0.10637194
1535,1534,1.7454376,0.4736771,0.0024989247,0.00549376
1535,4198,32.177986,0.46992803,0.09835579,0.19400103
1536,1534,83.08446,0.47382703,0.1652719,0.31863594
1536,4680,59.77743,0.47802886,0.11706335,0.22757305
1536,2499,122.05934,0.46990678,0.1875521,0.3628781
1537,1532,93.73146,0.47372386,0.20595703,0.3960716
1537,1094,8.371574,0.47758844,0.018515654,0.036288634
1538,1547,46.37337,0.48408946,0.09151778,0.17723626
1538,2745,210.20856,0.47689682,0.4238791,0.8197137
1538,1239,55.41053,0.4825248,0.122226484,0.23866214
1538,1093,32.644073,0.48034322,0.07209237,0.13712007
1539,1540,34.15753,0.48053274,0.06886055,0.13119143
1539,3229,28.852875,0.47933906,0.05976283,0.113296546
1539,1240,85.91385,0.47666022,0.17154126,0.3301704
1540,1388,44.38433,0.47905636,0.087293,0.16968413
1540,1539,33.962486,0.48063743,0.0686973,0.13084409
1540,3229,16.930662,0.4782268,0.035496846,0.06869333
1541,2745,42.531734,0.48284093,0.08487317,0.16498743
1541,1096,116.17151,0.48096964,0.2550644,0.49207848
1541,1543,16.558502,0.48255014,0.036012035,0.06945739
1542,1543,31.159561,0.48193374,0.06914711,0.13206114
1542,2120,80.681725,0.47801095,0.1774129,0.34110618
1542,2119,115.78473,0.47724494,0.23237586,0.4479457
1543,1541,16.843164,0.48407418,0.036478963,0.070437
1543,1549,26.59164,0.4799696,0.055432953,0.105153985
1543,1542,31.133408,0.4838271,0.06828393,0.1306785
1544,1090,70.427475,0.47743946,0.14010379,0.27094528
1544,1552,13.358526,0.48121515,0.027942345,0.05432199
1544,1546,89.85597,0.47883648,0.17976964,0.34699464
1545,1548,52.790943,0.47739738,0.10984369,0.21352711
1545,1090,24.497309,0.4757337,0.05366949,0.101648614
1545,1546,18.934433,0.47625548,0.040068254,0.07722329
1546,1547,57.337105,0.48033404,0.11273056,0.21890004
1546,1544,89.67503,0.47740713,0.18028814,0.34786642
1546,1545,18.484486,0.47686327,0.039087556,0.07530455
1547,5243,1.658432,0.47731653,0.0025750399,0.005391255
1547,1093,10.032558,0.47917318,0.020529822,0.040276185
1547,1546,57.22605,0.47980258,0.112831295,0.21870373
1547,1538,45.89113,0.48346782,0.08996317,0.1750859
1548,4348,1.6430817,0.4747808,0.0025437474,0.0055104047
1548,1545,51.96424,0.4764603,0.109901614,0.21372184
1549,1543,26.4216,0.48048532,0.0554387,0.10491886
1549,1390,93.74034,0.47975603,0.18816668,0.3626933
1549,1550,86.90694,0.4787757,0.17418432,0.33617175
1550,1241,72.02101,0.4820788,0.14246741,0.2753712
1550,1549,87.18965,0.4815383,0.17368875,0.3348412
1550,6616,31.898188,0.48739815,0.065363176,0.123410344
1551,1090,32.736263,0.47951898,0.06935571,0.13276803
1551,5131,10.8361435,0.47871634,0.023102634,0.0451888
1551,1552,73.733574,0.4783481,0.14686584,0.28356904
1552,1544,13.412912,0.4817326,0.028047048,0.05445431
1552,1084,21.620579,0.4811106,0.046049327,0.08812574
1552,1551,73.93735,0.47766113,0.14650294,0.28301096
1553,3690,1.6618996,0.39613178,0.0027369037,0.0055760443
1553,2348,209.99654,0.39944625,0.4473302,0.8609676
1553,2402,59.71956,0.39671275,0.16158682,0.31254518
1554,723,18.189657,0.44592595,0.044181857,0.08573143
1554,5172,24.82535,0.43535164,0.05447597,0.10325715
1555,695,111.94716,0.3008113,0.25253007,0.48682535
1555,5255,87.51132,0.32017022,0.25032267,0.4841841
1556,251,60.562363,0.34608924,0.16379261,0.31860244
1557,4883,1.9137497,0.46080038,0.0034446493,0.0072784424
1557,4884,14.626272,0.46182698,0.03157698,0.061412826
1558,4788,209.06726,0.5335339,0.17283592,0.33614144
1559,1560,64.37138,0.5117161,0.12484057,0.24309975
1559,1794,58.539764,0.5268938,0.13930398,0.27010474
1559,4738,21.247108,0.5173347,0.05125232,0.09911341
1560,1559,65.53965,0.51354665,0.124563426,0.24174502
1561,746,1.3994827,0.48505247,0.0048894137,0.010256574
1561,6065,123.55144,0.46685445,0.38484386,0.74307853
1562,383,2.9585114,0.49095303,0.0051979646,0.010741442
1562,823,23.532112,0.49466017,0.050227363,0.0955259
1563,5757,33.314133,0.47989002,0.084283516,0.16233435
1564,6398,37.670677,0.4753964,0.09528611,0.18276916
1565,4088,16.004887,0.47933406,0.03520154,0.06810889
1566,1563,4.82687,0.47883216,0.011816427,0.023856446
1566,1567,16.27938,0.47852328,0.032186195,0.063039534
1567,2986,35.28494,0.4806005,0.076460876,0.14384456
1568,1563,15.506351,0.4800333,0.029920273,0.058098666
1568,1565,28.278671,0.4681656,0.062250204,0.12037781
1569,1564,5.352188,0.47014877,0.013235465,0.026860967
1569,1565,18.003298,0.47552627,0.035376012,0.068367094
1570,5708,21.561947,0.4623949,0.06161426,0.11876822
1570,4060,10.699713,0.45599806,0.022551045,0.04413484
1571,5111,1.6734314,0.44217643,0.0025165603,0.0052862912
1571,5976,29.567875,0.44548085,0.06344781,0.11892787
1571,562,23.652073,0.44054714,0.051260594,0.09753143
1572,1500,235.0626,0.41861254,0.49175557,0.94925725
1572,2350,91.57013,0.40963796,0.18447694,0.35564756
1572,1505,97.72238,0.41484734,0.19998378,0.3840266
1573,1384,32.087337,0.42739403,0.0720423,0.13806514
1573,1383,29.933704,0.4320788,0.06757534,0.12884766
1573,1574,67.143295,0.42585298,0.13739187,0.26443455
1574,1383,94.86212,0.42867827,0.19331926,0.37116322
1574,1502,57.65471,0.42824274,0.1162416,0.22429268
1574,1573,67.30472,0.42681894,0.13721123,0.26435477
1575,1577,71.45378,0.42780206,0.14528719,0.27915582
1575,1385,51.534027,0.42681506,0.10482036,0.20143679
1575,1383,32.676193,0.43239444,0.06814879,0.13002011
1576,1577,21.64776,0.436575,0.04705294,0.08932824
1576,1578,45.887405,0.43294674,0.09281207,0.17933226
1576,904,36.188118,0.43707794,0.07403894,0.14103748
1577,906,46.56436,0.4351842,0.094081044,0.18176867
1577,1575,71.191444,0.4276688,0.14455426,0.27819848
1577,1382,30.518194,0.43516693,0.06503093,0.12198885
1577,1576,21.844814,0.4352255,0.04734327,0.089931384
1578,1385,78.06334,0.42483312,0.15929945,0.30621725
1578,1582,24.677597,0.43331295,0.053718146,0.10117126
1578,1576,45.966965,0.43207052,0.09279604,0.17924467
1579,1581,16.109972,0.43448216,0.03416307,0.065832905
1579,1582,28.706379,0.43438768,0.061048612,0.114782155
1579,1595,27.88689,0.43533954,0.059294082,0.111621305
1580,1581,20.314283,0.4367559,0.043863397,0.08393726
1580,1584,13.250416,0.43723992,0.02784618,0.053841054
1580,1503,36.74895,0.43686783,0.0750468,0.1420785
1581,1580,20.437382,0.4379183,0.044066627,0.08436253
1581,1579,16.05365,0.43502322,0.034016196,0.06559811
1581,1598,33.65137,0.43395224,0.06959369,0.13173948
1582,1503,3.6087189,0.4323168,0.00670287,0.013303012
1582,1578,24.549845,0.43165195,0.053188886,0.10056208
1582,1579,28.591314,0.433116,0.060722657,0.11426246
1583,1584,21.621733,0.4387196,0.046759035,0.088982455
1583,905,35.694805,0.43865132,0.072906256,0.1386649
1583,906,41.24137,0.43864697,0.08273038,0.15889516
1583,1585,23.612099,0.44073275,0.050911546,0.09642433
1584,1580,13.2329235,0.4377492,0.02774091,0.05369498
1584,1583,21.489655,0.43862158,0.04651579,0.088523194
1584,904,39.003284,0.43726772,0.079046965,0.15076429
1584,546,34.487396,0.44144323,0.07189645,0.13550949
1585,5561,20.14307,0.44139975,0.044631533,0.08531115
1585,5104,32.097805,0.43924382,0.071737714,0.1368235
1585,1583,23.549192,0.44020167,0.05076755,0.09603194
1586,1587,4.4497375,0.44638655,0.0091064125,0.0182361
1587,1586,4.2915573,0.44945258,0.008535646,0.01717706
1587,1588,75.314316,0.44552904,0.15105632,0.29097348
1587,6894,56.8881,0.44736242,0.11383996,0.22084174
1588,6894,97.02022,0.44494313,0.19612962,0.37752554
1588,1499,122.46489,0.43925896,0.25095475,0.4831108
1588,1587,75.02701,0.43881708,0.1521233,0.29279307
1589,908,37.38116,0.44234627,0.07624124,0.14551738
1589,547,55.13713,0.4422295,0.10998991,0.21296316
1589,5563,65.272705,0.43723255,0.13081913,0.25263393
1590,1591,19.106909,0.43417332,0.04103371,0.07897592
1590,1597,20.445284,0.43457276,0.044277746,0.08472599
1590,545,25.399038,0.43394983,0.05433913,0.10227818
1590,1507,34.25463,0.43514866,0.070965655,0.13480893
1591,1590,19.025188,0.43400663,0.04082393,0.078597
1591,1592,20.805143,0.43275705,0.04511956,0.0861315
1591,1593,26.360462,0.43289778,0.05664387,0.10632778
1591,544,33.327164,0.43478525,0.06904353,0.13077617
1592,1591,20.764633,0.4333995,0.04502456,0.08597343
1592,1594,22.339266,0.4311635,0.048758607,0.092525385
1592,1355,20.361425,0.43234769,0.04399074,0.084172085
1593,1594,17.763393,0.43057948,0.038045462,0.07332824
1593,1591,26.42569,0.43333814,0.056759056,0.10659925
1593,1507,21.149124,0.4329053,0.045971446,0.0877234
1594,1593,17.611511,0.43021023,0.037615407,0.07247773
1594,1354,98.28113,0.4223951,0.20049419,0.3854495
1594,1592,22.340088,0.4305223,0.048682,0.092285946
1595,1579,27.812418,0.4354118,0.059216782,0.11142344
1595,1597,12.928858,0.4342611,0.027220674,0.052734375
1595,1596,26.054794,0.43549994,0.05527115,0.10409833
1596,2601,1.8675804,0.4389163,0.0028766617,0.0058830827
1596,1595,26.145412,0.43596742,0.05609725,0.10560244
1596,1598,19.382418,0.43754816,0.0434679,0.08353462
1597,1507,60.91806,0.43054178,0.12245232,0.23665434
1597,1590,20.179495,0.43493423,0.04367093,0.08354617
1597,1595,12.957472,0.4342867,0.027327403,0.05280575
1598,1581,34.08857,0.43238,0.06980674,0.13244003
1598,6409,19.646412,0.43530443,0.044492975,0.0855277
1599,2594,34.259144,0.48977798,0.06923207,0.1318987
1599,1288,33.26846,0.489054,0.067083694,0.1274541
1599,2597,103.30284,0.4856397,0.20420703,0.39355764
1600,3011,1.6251411,0.48460943,0.0021196082,0.0043497235
1600,1601,1.4681702,0.48602033,0.004495062,0.009121001
1601,3009,5.6800537,0.46391943,0.011604227,0.023504555
1601,2192,12.758814,0.08371493,0.027059503,0.054982424
1602,1603,10.273804,0.49445194,0.022230282,0.043870926
1602,2093,71.05522,0.4861077,0.15854159,0.3056578
1603,3060,20.299078,0.4955832,0.044407558,0.08528084
1603,1602,10.246159,0.49585947,0.022203878,0.043529585
1603,3161,50.015118,0.49430296,0.09934693,0.19270799
1604,3057,70.95875,0.49149263,0.13999633,0.2713054
1604,3060,147.6437,0.49696833,0.32345927,0.6250975
1604,1606,59.125416,0.4941447,0.12941018,0.2519235
1605,1300,30.737461,0.49812394,0.067584366,0.12927602
1605,3056,25.64313,0.49495965,0.05697351,0.10910115
1605,1298,76.73602,0.49350077,0.15105595,0.2922709
1606,3056,2.935688,0.4971142,0.0062686875,0.013097137
1606,3058,96.07149,0.49109116,0.18987635,0.36675274
1606,1604,58.111946,0.4936533,0.12855132,0.24906793
1607,3057,42.363243,0.49405628,0.08378227,0.16222765
1607,1301,88.79576,0.49279767,0.24107063,0.46490198
1607,1944,76.608475,0.4927168,0.18218037,0.35138726
1608,5110,1.9161186,0.44899616,0.0034321249,0.007112086
1608,5341,30.132435,0.45125818,0.06479085,0.121807344
1609,5975,23.138912,0.44755402,0.050862756,0.09649432
1609,5977,4.405422,0.44118553,0.008572608,0.0168076
1610,5111,28.523708,0.44016626,0.060806118,0.11485633
1610,5977,25.235207,0.44360313,0.064267784,0.122066304
1611,1612,26.232355,0.4505421,0.06795498,0.12987661
1612,1613,1.6772232,0.45357352,0.0058442354,0.011495277
1612,6158,15.194729,0.06877276,0.0581909,0.11557517
1613,900,0.0,0.046374977,0.004762739,0.009019688
1614,6609,32.039383,0.45333436,0.0673922,0.12654859
1614,943,61.62494,0.4472853,0.12377447,0.23948312
1614,964,29.290138,0.4516423,0.06093731,0.11599595
1615,4625,20.485203,0.01941675,0.087992385,0.1800105
1616,4626,1.5124626,0.53356045,0.0022325516,0.0052226484
1616,6034,81.62846,0.53020525,0.11696072,0.22587436
1616,6465,122.23325,0.525576,0.25701633,0.49928236
1617,4634,1.1954498,0.53374904,0.0016821325,0.0039617717
1617,4210,13.127819,0.5358684,0.029901996,0.058741562
1618,4608,1.287796,0.5274944,0.0017314926,0.0040326416
1618,326,2.8682518,0.52603054,0.0049451664,0.010232061
1618,4187,5.773468,0.52464396,0.0120437145,0.024465531
1619,2123,31.04879,0.52090204,0.06658919,0.12746094
1619,1659,13.271988,0.5224158,0.02854757,0.055842154
1619,5706,14.559305,0.5224392,0.03163593,0.06177003
1620,5707,2.2270546,0.5216537,0.0010537282,0.0028998256
1620,5706,13.797817,0.524273,0.03072093,0.060024604
1621,3802,1.6893349,0.43519258,0.002770394,0.00575155
1621,1892,43.27183,0.43083262,0.08630523,0.16610032
1621,6704,28.99104,0.4336448,0.06594932,0.12373449
1622,1685,4.155205,0.30942395,0.009166457,0.017544672
1623,1685,46.149563,0.31260827,0.100550525,0.192025
1623,1624,43.61622,0.29778713,0.09756073,0.18504551
1623,199,2.0264587,0.3151549,0.005055316,0.009742752
1624,7028,2.4695053,0.27427503,0.0058170184,0.0108136535
1624,1680,16.147799,0.27379078,0.03627058,0.06928477
1625,2833,17.524176,0.3488688,0.038457938,0.07371884
1625,2308,9.2767105,0.3524577,0.019788451,0.0381262
1625,2627,155.13843,0.37617794,0.33390394,0.64202607
1626,361,191.25818,0.46583667,0.38544306,0.7432353
1626,6184,85.574326,0.47043607,0.17153938,0.3306281
1627,3069,0.3138466,0.4648681,0.008118272,0.014932066
1627,3218,1.8485184,0.46915463,0.0025490895,0.0054134876
1628,6850,0.0,0.039324373,0.0045834035,0.0074999034
1628,4710,6.1676674,0.30176622,0.012040772,0.02115351
1629,6641,18.09351,0.045031518,0.07414251,0.15087414
1630,2444,1.5854683,0.3240313,0.0,0.0
1630,5660,1.224083,0.5065327,0.0012203306,0.0034009218
1630,6561,19.503738,0.50773484,0.055000395,0.107168406
1631,1634,1.1553612,0.540207,0.0008484721,0.0021064878
1631,3117,1.5255203,0.53936166,0.0018352717,0.004503876
1631,1633,32.609943,0.5300084,0.099586226,0.19361237
1632,3091,0.9359207,0.5399526,0.0012953803,0.0038113445
1632,3095,0.9755783,0.5436233,0.0016025603,0.003764078
1632,1631,30.204807,0.53088754,0.092072695,0.17917758
1633,3118,1.0280876,0.5368405,0.00096885115,0.0028993785
1633,2519,57.7241,0.52836114,0.19305515,0.37380004
1634,1631,1.4607201,0.5412346,0.0015932769,0.003646344
1634,3091,30.078094,0.5345169,0.09175859,0.17891484
1635,2502,64.18054,0.5212314,0.21778685,0.42234465
1636,188,28.035732,0.48575646,0.0710038,0.13428502
1637,1308,41.008904,0.48211277,0.08158176,0.15768413
1637,5861,76.08854,0.481552,0.20210503,0.39085954
1638,5012,83.37401,0.4750632,0.22056341,0.42546144
1639,6396,5.9546165,0.48989716,0.01453343,0.028961197
1639,5338,6.1332626,0.48502955,0.010129809,0.019860655
1640,1638,28.385752,0.48226142,0.055282574,0.107130244
1640,1639,3.3426437,0.48316574,0.008602619,0.017729506
1641,6345,55.313515,0.48116487,0.12531123,0.24306062
1642,1641,4.846512,0.48532197,0.010988332,0.021921918
1642,182,4.346569,0.48368427,0.011118986,0.02219589
1643,1641,10.994444,0.48805168,0.020968877,0.04092011
1643,1642,7.0916443,0.47027135,0.016782306,0.03298205
1644,3460,3.8306503,0.49128428,0.010347262,0.02071324
1644,2508,6.456585,0.4911773,0.013525896,0.02668412
1645,2901,9.195599,0.4947024,0.021698803,0.042861596
1646,5534,11.026812,0.49102277,0.026583008,0.052201584
1647,3476,52.97576,0.46546125,0.11702734,0.22619773
1647,2947,1.6338234,0.47131088,0.0033419654,0.0073964596
1648,5735,2.0142937,0.48428205,0.005464405,0.011341274
1648,2741,15.617207,0.48741612,0.028408527,0.056631863
1649,5076,8.77195,0.48493132,0.021563537,0.04287298
1650,98,32.02311,0.44947326,0.070620894,0.13511856
1650,378,15.730967,0.4494688,0.034209225,0.06581893
1651,2005,82.26016,0.47562343,0.22271469,0.42884716
1652,6972,83.171394,0.51817864,0.16063903,0.31135267
1652,404,49.00363,0.5162994,0.0942849,0.18203005
1652,3274,62.519363,0.5154424,0.12115466,0.2350933
1653,5414,5.1647415,0.5105169,0.009759195,0.019684464
1653,3352,5.5829735,0.51167387,0.010605656,0.021380723
1653,1654,18.572605,0.5107432,0.038930614,0.07562866
1654,1653,18.587215,0.51052994,0.039020363,0.075594135
1654,30,210.26181,0.5022885,0.41457456,0.80352145
1654,1473,174.30771,0.5021946,0.34297866,0.66400725
1655,1656,70.702576,0.52010375,0.14975157,0.29035738
1655,402,101.225464,0.5155851,0.2173242,0.41914493
1655,403,61.22077,0.5140765,0.11946868,0.23204969
1656,2160,7.706375,0.5223877,0.01655823,0.033117607
1656,1655,69.299934,0.51412964,0.14851627,0.28795823
1657,1022,101.38762,0.44301584,0.20374204,0.39259198
1657,1391,28.842329,0.44299495,0.072268054,0.1389631
1658,5227,2.1257553,0.5211849,0.0040381104,0.008841291
1658,2160,40.812424,0.5176901,0.08620437,0.16546479
1658,6970,44.360638,0.516338,0.085207894,0.16501524
1659,3296,27.667751,0.5206094,0.059713416,0.114620164
1659,1619,12.928112,0.5235959,0.027938478,0.05471746
1659,2124,97.865265,0.5175775,0.18952575,0.36659274
1660,4179,14.68914,0.5261104,0.03204228,0.06290349
1660,6039,17.40568,0.5250173,0.037984293,0.07408727
1661,3559,59.57093,0.520148,0.12596393,0.24491283
1661,4179,20.159214,0.52287304,0.043780755,0.08442535
1661,2156,31.19391,0.520671,0.061834868,0.118888676
1662,3296,35.50171,0.5244253,0.07744655,0.14655198
1663,2139,352.85974,0.49513105,0.69990134,1.3607299
1663,2231,23.257416,0.5180704,0.048896424,0.09343642
1664,1249,46.847664,0.40850314,0.096347906,0.18440025
1664,6712,58.033104,0.42465407,0.11562884,0.22369112
1664,2834,58.272335,0.40987748,0.11958947,0.22983925
1665,793,2.0352478,0.45993292,0.0029091984,0.005800158
1665,6351,30.489145,0.46748403,0.07666645,0.14556707
1666,1665,16.386456,0.46319607,0.03823788,0.07376558
1667,6580,1.5029602,0.46205488,0.004510291,0.009340838
1667,1666,3.3989983,0.46389857,0.008942135,0.017725214
1668,1686,29.81218,0.26494953,0.06943207,0.13011807
1668,1672,45.50636,0.2577132,0.10318535,0.19703205
1668,1314,1.9383163,0.24813604,0.0049639866,0.009034798
1669,369,7.345337,0.3165422,0.016851448,0.031960577
1669,627,2.328312,0.31309333,0.005476959,0.010479331
1669,2727,28.0901,0.32496482,0.060799077,0.1129875
1670,1680,24.689352,0.26446098,0.057228457,0.107463405
1670,1668,11.522795,0.25405002,0.025732808,0.0483737
1671,6628,1.956974,0.2882487,0.0044623986,0.008239448
1671,1266,59.08863,0.28068578,0.13089056,0.2550013
1671,1675,36.772087,0.28085324,0.08276723,0.1552151
1672,1679,36.35293,0.2820735,0.08337467,0.1574686
1672,1263,1.8967934,0.26540846,0.0047625154,0.0087732375
1672,1678,26.173218,0.27756017,0.060522564,0.113221906
1673,1318,7.996166,0.24530831,0.019060828,0.035427853
1673,2316,43.18986,0.2670703,0.09802445,0.18634318
1674,1685,34.07401,0.3282398,0.07458585,0.14024782
1674,1312,55.459385,0.34207562,0.12668628,0.2474509
1674,2833,30.027634,0.34584984,0.07088345,0.13504243
1675,1321,64.959175,0.25910515,0.14791884,0.2885084
1675,1318,53.648293,0.2506674,0.12518835,0.24218673
1675,1264,2.2841072,0.2674955,0.0054946244,0.010112762
1676,370,25.753159,0.29890352,0.061418615,0.115249835
1676,369,8.802128,0.3132186,0.020168677,0.038306758
1676,2316,28.074032,0.29833794,0.06415292,0.12007606
1677,1265,13.198475,0.30437934,0.029096514,0.055375725
1677,1261,43.253036,0.32497126,0.09501134,0.18044116
1677,1262,42.064194,0.33033118,0.09157988,0.17387438
1678,1672,25.966805,0.2782709,0.060070045,0.112203605
1678,1265,22.428492,0.29403836,0.051444065,0.09623304
1678,1232,39.243797,0.30216286,0.087361775,0.16511957
1679,1232,31.275612,0.30187488,0.07459574,0.14128368
1679,1684,111.421715,0.32797012,0.24163198,0.46521872
1679,6629,1.8835526,0.28935376,0.004827723,0.009178907
1680,1670,24.327406,0.26528364,0.056765858,0.10628639
1680,1624,15.611872,0.27359235,0.03492229,0.06673718
1680,1686,9.394337,0.27540982,0.021082297,0.039764896
1681,7032,5.8272743,0.38055205,0.012670107,0.024580762
1681,5371,104.72929,0.37515342,0.22298825,0.42812055
1681,1684,53.307457,0.37485957,0.10990047,0.21089122
1682,5371,60.28331,0.35665756,0.12926409,0.24930757
1682,1262,32.845634,0.349742,0.07670419,0.14474864
1682,1261,28.32648,0.34342074,0.066444494,0.126131
1683,1312,3.1266022,0.3505348,0.0077126995,0.014639467
1683,4952,4.484745,0.3538059,0.008709878,0.016364321
1684,198,1.7934074,0.3609689,0.0041206107,0.008148074
1684,1232,101.80936,0.3411582,0.24189195,0.46584547
1684,1681,52.503548,0.37675104,0.109522894,0.21041884
1684,1679,110.443565,0.32652462,0.24339291,0.4682747
1685,1622,4.490387,0.31058198,0.009969555,0.018709183
1685,1623,45.195858,0.31407088,0.09907553,0.18804647
1685,1674,33.959732,0.32710767,0.074080385,0.13996923
1685,1686,36.617836,0.29674846,0.08217183,0.1545627
1686,1668,30.075802,0.26555127,0.0694761,0.12999734
1686,1680,8.917328,0.2752669,0.019884765,0.037608802
1686,1265,49.371014,0.28768253,0.108777285,0.20977502
1686,1685,36.979565,0.2958271,0.08207042,0.154568
1687,2895,23.407928,0.45513672,0.056235343,0.10850892
1688,5333,4.841568,0.44400653,0.0101759285,0.020229787
1688,6525,103.225624,0.4740454,0.22187454,0.42742318
1689,3349,4.0813713,0.51535404,0.008480273,0.017448217
1689,2138,67.32704,0.51713735,0.14336896,0.27787852
1689,3348,6.237301,0.5135188,0.012207657,0.024514332
1690,2940,26.979856,0.30240598,0.09769177,0.16639325
1691,6232,1.43433,0.5197778,0.0024344176,0.0047537386
1691,7074,0.0,0.06943402,0.0077350363,0.012683824
1692,4459,14.237024,0.47923318,0.030922327,0.060184874
1692,6911,21.74302,0.4863425,0.035004478,0.06786383
1693,3327,1.7299995,0.47623506,0.0025409535,0.005411774
1693,1692,18.1496,0.4817136,0.031462207,0.06186311
1694,452,11.252485,0.4699917,0.02328854,0.045806795
1694,1693,28.542908,0.47560757,0.04730317,0.091610804
1695,6404,1.6519432,0.46268764,0.0032226145,0.0065017194
1695,1694,27.600471,0.47097427,0.045465365,0.08722267
1696,2578,41.50449,0.4877297,0.134336,0.26184824
1696,832,10.341524,0.48878404,0.021210216,0.041796952
1697,1868,1.1985855,0.46564162,0.0039710253,0.008380964
1697,127,12.553087,0.46958825,0.027377442,0.05281876
1698,3678,1.1206131,0.47075835,0.0041877776,0.008576721
1698,6743,37.72538,0.46492207,0.098530844,0.1915611
1699,87,1.9169617,0.48143166,0.0038296133,0.007977292
1699,1697,63.298027,0.47596163,0.16925377,0.32679266
1700,1119,1.5148315,0.4774896,0.0031838417,0.0070512593
1700,2885,38.41565,0.4772634,0.12439949,0.24285123
1701,83,2.2831917,0.4637714,0.0046402067,0.009566233
1701,5823,1.418808,0.46865785,0.0048805624,0.010016546
1702,5825,25.388124,0.45911923,0.06554066,0.12594855
1702,4197,44.95321,0.4631888,0.1186156,0.23193468
1703,1706,16.856754,0.42700994,0.04572548,0.088928744
1703,4937,1.7923279,0.4248299,0.0026332214,0.0059415996
1704,2995,157.31729,0.40518883,0.15058479,0.29787087
1704,6712,105.805374,0.4284072,0.23978394,0.46067625
1705,5821,18.517708,0.4186081,0.04107653,0.07850177
1705,1710,70.84815,0.41628724,0.23363912,0.45165193
1706,1705,13.55965,0.41871578,0.036762305,0.0713151
1707,6246,25.551754,0.42872354,0.07277834,0.13936405
1707,6245,31.937223,0.42332193,0.070777096,0.13377437
1708,2720,37.759224,0.44905078,0.07650468,0.1465489
1708,6250,9.819565,0.45997903,0.027380064,0.053372413
1709,2996,3.323803,0.4355211,0.0062723085,0.012692884
1709,2698,110.85013,0.43111652,0.24709871,0.47549748
1709,6776,41.743423,0.44089147,0.08512193,0.16140117
1710,2588,51.776108,0.40862602,0.16714337,0.32383543
1711,2680,75.41084,0.44910583,0.11709702,0.22536483
1711,4107,17.796001,0.45597187,0.048895154,0.09649163
1711,5828,13.104147,0.4555634,0.025054157,0.048757136
1712,4980,56.96583,0.4395836,0.064217925,0.11736721
1712,1020,137.7434,0.44952542,0.3049206,0.58695066
1713,2590,30.7029,0.39637345,0.07028923,0.13102728
1714,3826,2.2327576,0.43126404,0.004202783,0.008264899
1714,1716,3.2718163,0.4340747,0.012022547,0.023634061
1715,6020,27.58654,0.43901742,0.082467824,0.15885802
1715,1917,30.907166,0.4461245,0.078687996,0.14899355
1716,1469,1.9840965,0.42607227,0.0042494535,0.008449346
1716,2272,45.644653,0.42072532,0.15594417,0.30394498
1717,1719,1.2115669,0.42912567,0.004321724,0.008609697
1717,1703,39.533073,0.42518666,0.13175058,0.25671458
1718,2661,82.2186,0.42355078,0.1717742,0.33048797
1718,5237,39.276886,0.42710644,0.13082445,0.25563806
1719,1717,1.3194199,0.4277474,0.0044827014,0.008835793
1719,4001,18.271069,0.43610114,0.051264018,0.100671016
1720,78,1.8856354,0.42503142,0.0026995987,0.005594209
1720,2655,64.29606,0.42181954,0.22184652,0.42722255
1721,3431,1.6108437,0.456228,0.0028798282,0.0056245625
1721,4918,25.96782,0.043937445,0.106557585,0.22688606
1722,2915,5.986824,0.47279167,0.011878863,0.023601025
1722,822,58.563446,0.47105935,0.11646544,0.2255804
1722,4196,7.636486,0.47826943,0.013331167,0.026230201
1723,4184,2.0702171,0.50966084,0.0030848458,0.006729409
1723,3643,41.24133,0.5088235,0.08066072,0.15455675
1724,1725,0.9712105,0.43493643,0.0060840175,0.011833608
1724,2687,28.494703,0.44317216,0.07108359,0.13484284
1725,2684,15.844856,0.43215394,0.03385782,0.06587634
1725,6777,37.911453,0.43438318,0.1219382,0.23946425
1726,1724,11.977909,0.44245982,0.031745333,0.061882004
1727,6244,7.97908,0.43919542,0.01998011,0.038867533
1728,1719,25.125172,0.43034637,0.0729831,0.14145826
1728,1729,121.00332,0.4243489,0.25131044,0.48443776
1729,2685,2.2462578,0.43577135,0.005024545,0.010137364
1729,1728,120.992325,0.42798874,0.2517719,0.48569196
1730,3485,3.0481644,0.49441996,0.005047269,0.010706186
1730,5647,24.426304,0.029456407,0.056968074,0.11415659
1730,2003,82.612274,0.5051878,0.16248831,0.3150981
1731,5355,79.50563,0.49575856,0.15432185,0.30025008
1731,7035,14.853918,0.1440422,0.0424148,0.08321402
1732,6098,1.1889229,0.4992741,0.0036462918,0.007941067
1733,391,1.850235,0.5051017,0.002811432,0.005734816
1733,3403,44.903194,0.5032573,0.088777244,0.17127647
1733,6802,18.583958,0.1333201,0.054536294,0.105747394
1734,1735,172.00255,0.52315664,0.3348421,0.64880615
1734,1979,94.5325,0.5198851,0.18298754,0.3544471
1734,74,82.105545,0.52137005,0.15709534,0.3051498
1735,2821,82.1606,0.52646476,0.15850127,0.3079182
1735,1734,172.05273,0.5241703,0.33399352,0.6479722
1735,6036,128.76778,0.5258321,0.2644757,0.51138544
1736,1737,86.97197,0.5315347,0.16644382,0.32370198
1736,1617,68.5564,0.53206384,0.14181916,0.27526706
1737,1736,86.96834,0.53435194,0.16582292,0.32262552
1737,495,83.86061,0.531887,0.15954392,0.30812263
1737,5497,1.4901466,0.53852665,0.0019129962,0.0045868903
1738,2444,17.256573,0.3082676,0.03757,0.06290217
1739,7015,1.4660187,0.39987308,0.0043640956,0.0085143745
1739,3815,32.281944,0.3977825,0.06825583,0.12924936
1739,6689,12.859306,0.40867218,0.029738262,0.057636186
1740,899,38.86685,0.4440216,0.07828714,0.14907974
1740,6602,70.48024,0.4473548,0.19735672,0.38025504
1741,4353,6.8485336,0.44880858,0.015074015,0.029806554
1741,3768,1.077385,0.45348787,0.0042898357,0.009065181
1742,1109,9.436317,0.46291503,0.019147255,0.037524313
1742,1109,7.4654846,0.46283343,0.014838144,0.029251412
1742,6942,55.350895,0.46547487,0.11011457,0.21344379
1743,2142,1.3173561,0.49045962,0.0015419573,0.003516391
1743,3346,134.10645,0.4875528,0.268148,0.5180796
1743,5464,28.52853,0.495646,0.058171477,0.111341454
1744,3348,187.13528,0.50807315,0.3645338,0.7065791
1744,1745,4.287956,0.5113078,0.007963702,0.01587616
1745,4943,6.5929794,0.5174517,0.013293795,0.026352689
1745,3347,2.3879433,0.51718044,0.0040688887,0.00872238
1746,3360,2.4004974,0.53454506,0.0038125366,0.008322984
1746,6484,74.57782,0.5350063,0.14266478,0.2777372
1746,2936,169.54832,0.5318228,0.34639207,0.67074776
1747,6961,146.88167,0.43666002,0.30243132,0.5832015
1747,6534,8.184177,0.45347172,0.016603269,0.03254807
1748,5770,148.17075,0.47223246,0.29867265,0.5763007
1748,3262,231.51285,0.5057809,0.4561195,0.8846023
1748,1794,268.13794,0.50928384,0.52997285,1.0296842
1749,3986,1.8955536,0.53191507,0.0015296564,0.002888143
1749,5324,22.839867,0.5293818,0.048964337,0.09411628
1750,3153,27.074162,0.52242994,0.046933223,0.09055945
1750,3153,28.583832,0.5255063,0.048389502,0.093911566
1751,2125,184.94322,0.5164397,0.39171588,0.7581325
1752,2520,37.050144,0.4903267,0.23809865,0.4605196
1752,1945,20.134825,0.4865734,0.045274887,0.086247094
1753,3104,18.981504,0.46440282,0.06324429,0.124921575
1755,1763,46.134064,0.48053008,0.09798292,0.19162573
1755,1759,8.613976,0.46629915,0.05123964,0.10513651
1756,1763,9.861927,0.46997076,0.05185951,0.10461436
1756,1759,32.055298,0.4768677,0.072096094,0.13716511
1757,1753,10.798208,0.46362033,0.051447235,0.10354558
1757,3105,53.961376,0.4729743,0.12071464,0.23319441
1758,3103,32.694767,0.47711298,0.088292405,0.16975015
1758,1754,6.0883904,0.46694884,0.044837575,0.08954716
1759,311,6.88081,0.46545377,0.04649581,0.09213944
1760,2853,26.178722,0.46873423,0.09648976,0.19220875
1761,89,25.751566,0.4660285,0.055787608,0.1062503
1761,473,74.175186,0.4601528,0.14618412,0.2796113
1762,3093,33.114914,0.49528933,0.19270194,0.38039362
1762,6010,53.049408,0.4958186,0.116471104,0.22437155
1763,6605,9.063881,0.47345698,0.020489037,0.040629253
1764,3103,10.811756,0.46193066,0.055664968,0.11169869
1764,1754,49.662605,0.4732343,0.11089011,0.21428671
1765,1817,123.1921,0.4980478,0.2415286,0.4664749
1765,3346,15.081148,0.49007547,0.031625524,0.06130208
1765,2976,82.44992,0.49140328,0.15821818,0.3063823
1766,1823,25.486532,0.3310334,0.057143103,0.10818637
1766,6198,22.658096,0.32353798,0.052283328,0.09873902
1767,6217,52.967506,0.25778073,0.14095826,0.2792753
1768,2522,3.7496338,0.49421805,0.009454243,0.019086108
1768,3742,52.27337,0.49603605,0.11245443,0.21858294
1769,948,40.674274,0.47691083,0.10444373,0.20409828
1770,5838,26.681553,0.47925365,0.06529973,0.1251863
1771,1770,5.289772,0.47846258,0.013835579,0.027585164
1771,5721,1.6982231,0.46813983,0.0075085536,0.01457575
1772,1769,1.3625145,0.4776938,0.0041456446,0.008461744
1772,6728,2.1278267,0.47083294,0.0064908415,0.013097465
1773,1775,4.0649605,0.47446853,0.010645933,0.020872518
1773,6728,1.244503,0.4646056,0.00446783,0.009086981
1774,947,21.619394,0.47267526,0.059518076,0.11571308
1775,1344,83.51938,0.46111393,0.29242846,0.56631905
1776,1777,1.8292427,0.49263665,0.0030500442,0.0064974874
1777,1776,1.952858,0.49182376,0.0029995367,0.006190151
1777,1369,31.928438,0.49155,0.06492314,0.124158934
1777,3828,27.88071,0.489501,0.058862515,0.112305306
1778,1779,1.5092926,0.44625574,0.0022848174,0.004615709
1778,1358,49.533302,0.44975367,0.13389811,0.25969115
1779,1778,2.1056938,0.44817987,0.0030597597,0.005515054
1779,6590,1.8794594,0.45025396,0.0026155114,0.004075393
1779,3544,31.662535,0.036685348,0.14673294,0.31436273
1780,1365,3.9921188,0.49418196,0.0084959045,0.017423287
1780,2787,18.564316,0.49524167,0.041336592,0.08055586
1781,5013,115.289406,0.37784526,0.2471574,0.4749992
1781,4063,79.24287,0.396061,0.16799256,0.32060462
1781,690,52.61502,0.38936394,0.107401855,0.20642179
1782,1995,2.2024841,0.39370558,0.0029729903,0.006029308
1782,1831,40.015285,0.38715506,0.10472547,0.20157148
1783,4524,1.8417358,0.38189802,0.0033937246,0.006736994
1783,4523,2.9782944,0.38067272,0.004294537,0.008239523
1784,1785,2.1299706,0.37859952,0.0025479123,0.005163431
1784,4020,4.400318,0.37723318,0.00937774,0.018120736
1785,1784,2.0770264,0.37962967,0.0023670942,0.0047804266
1785,1783,22.375113,0.3743682,0.05014032,0.09508482
1786,4248,13.021963,0.39815664,0.03076322,0.05915635
1787,5385,2.4899483,0.4695839,0.004988596,0.010252014
1787,3046,32.150642,0.47389543,0.071599945,0.13580434
1788,3067,64.70862,0.4846917,0.12737238,0.24727692
1788,872,75.62194,0.48523772,0.15004699,0.29049534
1788,1275,63.10227,0.48286164,0.12470091,0.2420909
1789,5204,1.7423668,0.36943355,0.0031388327,0.0063117296
1789,1442,42.406364,0.37462124,0.0877851,0.16719495
1789,4678,25.03098,0.36662686,0.05865066,0.11165266
1790,1441,23.989145,0.37931615,0.05525334,0.104242615
1790,1825,12.137571,0.38567662,0.026548639,0.051022217
1791,1061,20.923132,0.4431215,0.04523035,0.086326905
1791,4323,36.935696,0.44390032,0.07500527,0.14315915
1791,1225,32.925266,0.44427815,0.068401724,0.13049617
1791,1227,53.148083,0.44470224,0.10680034,0.20664068
1792,2599,28.363846,0.4479994,0.064914845,0.12250017
1792,4226,65.115395,0.43846032,0.10317299,0.19950609
1793,3455,2.0935402,0.44434536,0.0033797324,0.0068163127
1793,4189,90.50038,0.42836216,0.18938938,0.3633088
1794,2125,1.3397598,0.29197046,0.0045581535,0.006534025
1794,1748,268.91724,0.51075226,0.5299945,1.0300264
1794,1559,58.043472,0.53163403,0.14201817,0.2748163
1795,3414,51.35997,0.45833635,0.087051466,0.16761473
1795,676,72.4147,0.4549212,0.1904318,0.3649572
1796,1483,114.84213,0.324497,0.2517237,0.48588043
1796,1440,90.84818,0.37438238,0.19060767,0.37066603
1797,1767,5.37957,0.23460114,0.0150854215,0.028561503
1797,4777,5.219063,0.13754374,0.011233762,0.022068426
1798,1799,5.3900642,0.27670187,0.012731351,0.023501486
1798,2107,70.53226,0.28190988,0.15956208,0.31100285
1798,3132,41.046455,0.16084906,0.104318514,0.21423171
1799,1798,4.8278084,0.275908,0.011611991,0.021680787
1799,4777,43.674698,0.19328767,0.107743286,0.21570432
1799,889,54.61552,0.27763087,0.12592086,0.24441174
1800,1906,2.3680763,0.36121795,0.0037174746,0.007260591
1800,713,65.75786,0.33167607,0.18133199,0.3529366
1801,1022,1.9544296,0.4601063,0.004122086,0.008409083
1802,3706,1.6660614,0.49943757,0.0021922216,0.004473299
1802,4204,48.914318,0.4965561,0.12330757,0.23971666
1802,2110,73.09866,0.49748757,0.1431261,0.27783996
1803,1430,23.045607,0.4720311,0.08388134,0.16513398
1803,642,67.91843,0.47061715,0.13498992,0.2612278
1804,3659,0.0,0.45956093,0.0076942816,0.013987616
1805,607,0.0,0.46186814,0.0068518817,0.012029082
1805,1806,78.26644,0.4673558,0.092295825,0.18026742
1806,592,20.46916,0.47101393,0.04361074,0.083563045
1806,601,54.821625,0.47294205,0.07226491,0.1338819
1807,588,1.8134308,0.4694999,0.002646044,0.0053031445
1807,1809,42.569977,0.47038075,0.11684627,0.22803812
1808,1810,55.147194,0.47327825,0.121517,0.23552477
1808,5747,6.6254616,0.47585988,0.014558837,0.028814986
1808,589,2.8931236,0.46974358,0.0038982928,0.0079600215
1809,639,0.56137085,0.47016138,0.0049258024,0.00977689
1809,5578,45.11089,0.46806058,0.12242182,0.23945075
1810,643,44.234055,0.47274694,0.09686124,0.1877194
1810,1808,55.461376,0.47125584,0.122443676,0.2373655
1810,638,101.21625,0.46743542,0.20447442,0.39386815
1811,601,1.6989212,0.47381657,0.0023179948,0.004692465
1811,6801,30.54293,0.4716795,0.068811215,0.1296767
1812,592,3.7429237,0.47119346,0.0067680255,0.013699755
1812,600,36.49061,0.46378267,0.06964446,0.13209893
1812,593,20.109623,0.46936437,0.042804796,0.08209849
1813,594,31.762001,0.4742893,0.13121904,0.25952175
1814,6725,13.994841,0.03561142,0.075822905,0.16134164
1815,4003,4.260605,0.47406274,0.00791242,0.015819773
1815,608,147.73515,0.46871105,0.29720864,0.5737655
1815,3547,12.191938,0.4734347,0.025403336,0.04971996
1816,608,60.409573,0.47317314,0.11784292,0.22819987
1817,2534,3.5136185,0.5108661,0.0061727464,0.012595281
1817,1765,122.94086,0.4969083,0.24100941,0.46578526
1817,1071,25.029747,0.5125609,0.051850013,0.09916622
1818,1452,87.49181,0.4681426,0.2388539,0.45937568
1818,2803,62.77793,0.47139573,0.17344898,0.33475
1818,1108,125.49131,0.467447,0.34375036,0.6660972
1819,1482,50.509735,0.53444767,0.09573535,0.18417428
1819,486,16.243069,0.53335524,0.033678435,0.06576776
1820,6302,26.442467,0.4121067,0.05834345,0.11027423
1820,4761,10.434111,0.4181061,0.019863062,0.03861499
1821,6210,2.3201065,0.4469086,0.002574414,0.005219057
1821,6211,2.854576,0.44911876,0.005141087,0.010265186
1822,4200,1.4558563,0.47478873,0.0019722655,0.0042327344
1822,5107,112.32492,0.47415313,0.24842641,0.47841227
1823,1836,115.558716,0.34516525,0.25366524,0.4882812
1823,4330,19.697859,0.3212319,0.044199746,0.08404258
1823,1766,25.19456,0.33099687,0.05692856,0.10734127
1824,1488,173.66591,0.4078738,0.36797345,0.7077395
1824,1972,95.786835,0.39757076,0.1999326,0.38495925
1824,1491,54.0287,0.4081656,0.1102909,0.21266955
1825,7033,35.75839,0.38602775,0.07496289,0.14121376
1825,1790,11.31456,0.38721317,0.025008835,0.048085645
1825,6657,25.376118,0.39514625,0.057671033,0.10967113
1826,4861,3.0773697,0.29529718,0.009203449,0.017592624
1826,4804,23.966862,0.3085581,0.05145668,0.09760751
1827,1834,128.67688,0.34838235,0.27823138,0.534224
1827,1826,48.663548,0.31478047,0.13193882,0.25966942
1828,5653,1.5503082,0.34699446,0.0028168857,0.005187735
1828,4856,14.735247,0.38134938,0.04129742,0.07986058
1829,703,1.0023003,0.39127266,0.003835313,0.00779292
1829,4741,37.62175,0.39560843,0.0984406,0.19102123
1830,1831,2.2442627,0.382991,0.0031061321,0.0062035173
1830,1995,40.3078,0.3861348,0.10460803,0.20142849
1831,1830,2.2016602,0.38255697,0.003113404,0.0061570257
1831,6318,73.09474,0.37167448,0.2016763,0.38818836
1832,2094,4.5034637,0.47592947,0.009613186,0.01919809
1832,2076,59.082016,0.47461998,0.1303291,0.25196728
1832,1425,62.83026,0.4720332,0.1198092,0.23196363
1833,1845,4.8047523,0.260439,0.013278805,0.02440095
1833,3132,6.891182,0.15092197,0.015353218,0.029263586
1834,4743,20.489298,0.37585312,0.05056028,0.096404314
1834,1827,127.55578,0.34788224,0.27828503,0.53448683
1835,1836,22.992435,0.3704791,0.05225062,0.09882736
1835,1993,14.2384205,0.3628474,0.030831233,0.05939299
1836,5509,11.84977,0.362299,0.025666006,0.049197108
1836,1823,116.52739,0.34272546,0.25464413,0.4904229
1837,2342,65.6176,0.36869946,0.1400828,0.27106172
1837,5203,29.687408,0.37589997,0.06464131,0.12102924
1837,2238,123.31968,0.38101494,0.2632939,0.50507313
1838,7033,2.5264282,0.3965966,0.00483682,0.009869099
1839,3564,48.286823,0.40862486,0.097101666,0.1859231
1839,1221,22.453222,0.41159377,0.0493843,0.09353714
1839,2207,26.866737,0.41934174,0.057775278,0.108602
1840,6791,17.545424,0.41961205,0.03765473,0.072457045
1840,581,35.741257,0.4174677,0.07377245,0.1402248
1840,1252,40.391792,0.4216922,0.08185935,0.15581837
1841,2925,44.740936,0.43935478,0.11311316,0.22056337
1842,1251,4.8800163,0.43014446,0.010624163,0.020891502
1842,3663,61.455673,0.42337006,0.1381133,0.2664496
1843,703,3.6033554,0.39894676,0.012314633,0.023939237
1843,717,92.946236,0.39225912,0.19246525,0.36950606
1844,2533,139.60327,0.35703564,0.30184716,0.5790546
1844,4331,9.121925,0.32699668,0.022959374,0.043754056
1845,4803,38.02341,0.26333934,0.09962359,0.19334461
1846,4098,1.983696,0.4123206,0.0030985028,0.0062493533
1846,3119,4.548031,0.41697955,0.012682304,0.024572402
1847,1490,1.7210045,0.45132518,0.002516903,0.0048128963
1847,3548,49.54517,0.4495722,0.13210543,0.25706708
1848,3544,150.01184,0.43861592,1.2823391,2.5276947
1848,4472,39.24619,0.036981106,0.1870194,0.39544958
1849,1857,30.92004,0.3794645,0.06650053,0.12506798
1849,1855,21.47273,0.38263512,0.047672316,0.090249985
1849,1850,63.151356,0.38088048,0.13181548,0.2551984
1850,1849,63.23561,0.37693173,0.13064247,0.25232166
1851,2289,195.20412,0.4005731,0.41294226,0.79552644
1851,5465,2.5473404,0.39256054,0.0050145686,0.009803176
1852,3725,1.7398376,0.3874706,0.0029299334,0.0058228076
1852,2330,35.282356,0.38421124,0.082207665,0.15577203
1853,1857,1.797493,0.36869812,0.0029235855,0.0058617145
1853,3074,143.93253,0.34455395,0.44301322,0.8597472
1854,2328,45.302746,0.38011122,0.09286843,0.17577471
1855,2197,26.111969,0.3763175,0.057524752,0.10796648
1855,1849,21.453741,0.37938482,0.047210142,0.08961859
1855,523,20.319942,0.37690595,0.04492368,0.085499465
1856,5871,1.6380119,0.39267182,0.0033783466,0.006685868
1856,4702,105.0383,0.37778598,0.24274233,0.46654004
1856,2299,57.46624,0.38519016,0.11837931,0.22857101
1856,6823,51.063614,0.39739904,0.10275361,0.19761086
1857,1853,1.8013687,0.3682981,0.0030453727,0.0060130954
1857,2197,17.12497,0.37287688,0.03724739,0.07160421
1857,1849,30.546356,0.37775993,0.065204374,0.12249468
1857,2329,56.25838,0.37169152,0.115564115,0.22382066
1858,14,38.554504,0.36074597,0.09046868,0.17375332
1858,3075,14.554455,0.3570335,0.03262428,0.062190264
1858,2011,96.42573,0.36396927,0.2067162,0.39771968
1859,6327,3.0495796,0.49661124,0.0044092163,0.009147584
1859,5948,2.5462189,0.49467576,0.002996564,0.006480068
1859,5947,7.100075,0.50245345,0.012383662,0.024858326
1860,4832,40.199593,0.49858868,0.048809532,0.09442019
1861,6340,1.5584679,0.49486685,0.0041468665,0.008536249
1861,1863,85.43118,0.50446826,0.08679149,0.166518
1862,4246,3.073616,0.4893295,0.0043593347,0.009086505
1862,7026,3.686596,0.4898561,0.0058077574,0.012078404
1862,996,5.26091,0.49195996,0.013200529,0.026575446
1863,1862,6.1170883,0.4990612,0.0060671046,0.013172016
1863,7026,2.901577,0.4924117,0.004308827,0.0093802065
1864,4245,1.3043022,0.48552236,0.003670089,0.007711619
1865,87,55.31725,0.4731277,0.14416589,0.27938375
1866,2084,27.518574,0.49369228,0.06942882,0.13379088
1867,1869,1.6287727,0.4942664,0.003367208,0.007182926
1867,669,27.824944,0.49686843,0.059539884,0.11492316
1868,5321,2.1349945,0.47118887,0.004185669,0.008700356
1868,1698,11.089357,0.46884534,0.026525386,0.051380023
1869,4314,0.7529373,0.4763642,0.00066682696,0.0025083274
1869,2080,10.418488,0.49972755,0.022981599,0.04521051
1870,1869,26.86039,0.4954191,0.059335425,0.11452378
1870,1866,55.97585,0.49704507,0.15495731,0.2968675
1871,4116,102.64589,0.54045844,0.14506602,0.283396
1871,1873,46.748253,0.30268997,0.16793114,0.26766255
1872,5519,6.117649,0.032366484,0.02588927,0.050504103
1872,485,1.0993195,0.53993934,0.0015123263,0.0037617683
1873,3710,0.85427856,0.2958468,0.0033973232,0.004355639
1873,4116,0.70243835,0.5569086,0.0027255118,0.005609721
1874,1628,11.383574,0.032929093,0.051031645,0.10226698
1875,5125,24.699104,0.4214832,0.061416864,0.117186785
1875,257,200.21214,0.41827753,0.417377,0.8028417
1876,558,1.702774,0.45922852,0.0021927953,0.0044937134
1876,1445,14.722824,0.45796013,0.04054859,0.07899784
1877,1878,54.43125,0.465689,0.10639159,0.20590071
1878,4345,6.2038574,0.46828517,0.0061857924,0.012770072
1878,5679,2.2375145,0.46084872,0.0033472478,0.007096693
1879,5682,3.4661827,0.45995384,0.0075248852,0.015076414
1879,3276,18.04259,0.46491054,0.025414735,0.05000402
1880,2864,18.444017,0.4663047,0.040058848,0.077222764
1881,1880,10.251831,0.46304733,0.012765355,0.025339976
1881,5681,3.0351868,0.45772398,0.005492501,0.011128917
1882,3096,22.964643,0.5359667,0.0633434,0.12279396
1883,480,1.7129173,0.50302774,0.002225861,0.0047116876
1883,1408,12.998648,0.5013707,0.029951885,0.058891878
1884,5592,1.5443115,0.47979367,0.0047544837,0.009812221
1884,2245,92.133865,0.4742891,0.18486124,0.35730746
1885,4845,53.949154,0.3753178,0.11222106,0.21761282
1885,5232,85.803185,0.37320668,0.18231869,0.35334778
1885,699,99.018234,0.37245947,0.21142754,0.40760368
1886,4153,24.320545,0.4523793,0.05861798,0.11261354
1886,1887,4.9134407,0.45167404,0.012223572,0.024050951
1887,1371,10.975384,0.4502927,0.025821999,0.050317362
1888,2469,4.886574,0.44956073,0.010097429,0.01991035
1889,623,17.375937,0.45420355,0.04308488,0.083728135
1889,5993,27.57013,0.026979834,0.117993936,0.2575366
1890,1842,51.742294,0.4289203,0.10535057,0.20191722
1890,1891,14.75061,0.43454295,0.03140675,0.060538135
1890,1197,57.448856,0.43280634,0.1155035,0.22316775
1891,4836,71.79514,0.43015942,0.14450674,0.2789653
1891,1348,96.46248,0.4356928,0.19630577,0.3776285
1891,1890,14.459572,0.43402624,0.030604314,0.059057422
1892,1621,42.84217,0.42985842,0.08585756,0.16530281
1892,2310,28.814087,0.42639193,0.060976624,0.115367256
1892,2205,34.259872,0.42863786,0.07075472,0.13337448
1893,4021,22.077578,0.37261176,0.049301848,0.093680784
1893,1894,0.72310257,0.2389246,0.004299782,0.008611381
1894,4220,1.7258034,0.3682543,0.0033405125,0.0064605623
1894,5207,23.27701,0.3805862,0.06966421,0.13492355
1895,5198,2.1425629,0.37183243,0.005270168,0.010353938
1895,2473,11.570244,0.36830845,0.024760552,0.047584057
1896,700,2.0108032,0.3777319,0.0034113452,0.0068185925
1896,1897,68.02647,0.37073803,0.10860715,0.20554811
1897,1898,2.2862663,0.3689095,0.0027232468,0.0051174015
1897,254,37.510868,0.35900384,0.12935168,0.25068527
1898,253,2.1641045,0.36607426,0.0040516183,0.007948533
1898,5199,35.77173,0.36571386,0.084133305,0.16018264
1899,4867,1.5358162,0.38272995,0.0049053133,0.009501904
1900,1901,2.2721481,0.31462467,0.00508859,0.009818956
1900,1907,13.698528,0.3142181,0.031858712,0.06092342
1901,1900,2.5914345,0.31283224,0.0059298724,0.011097297
1901,5353,287.40726,0.33272007,0.6381846,1.2259555
1901,4520,33.07318,0.32440418,0.07895025,0.14801191
1902,272,2.7341576,0.2830276,0.005361885,0.010069057
1902,4860,34.453087,0.27558136,0.11092464,0.21755445
1903,1985,2.0126572,0.29444987,0.0041443035,0.007974803
1903,2586,17.824257,0.29515907,0.05139924,0.10030961
1904,714,1.4352608,0.27829883,0.0032290071,0.006115675
1904,686,158.05357,0.27787155,0.35653716,0.68387115
1904,5020,15.869762,0.28250203,0.039749928,0.07550809
1905,1900,34.27168,0.32086983,0.08076556,0.1513848
1905,5591,60.18228,0.32091773,0.16076204,0.31563804
1906,1800,2.2775574,0.36005515,0.003600426,0.006812483
1906,686,213.29427,0.31116676,0.4732214,0.90804195
1906,4732,55.69916,0.38663608,0.14611898,0.28464103
1907,2481,2.4283752,0.3136194,0.0039000511,0.007504657
1907,2482,2.1145935,0.30792648,0.0053883344,0.010257602
1908,1970,193.57423,0.29269966,0.43739644,0.8362409
1908,2481,67.95863,0.31023622,0.15221903,0.29633266
1909,721,61.07277,0.42271698,0.12244948,0.23653942
1909,720,39.818443,0.42461592,0.079531945,0.15092616
1909,4276,75.86195,0.41189194,0.15378107,0.29620886
1910,4351,12.818605,0.41431656,0.02995288,0.057906605
1911,1910,4.308899,0.41842395,0.0067915544,0.013021275
1911,4002,19.563889,0.41555163,0.04219206,0.080972925
1912,2223,2.4874763,0.4191894,0.0033439323,0.006627992
1912,1914,39.733093,0.41110408,0.10608539,0.20060201
1913,6294,28.369751,0.42274308,0.062083296,0.11744569
1914,6503,2.0659409,0.42302242,0.0024838,0.0048569143
1914,2324,27.234726,0.41928792,0.06701542,0.12648791
1915,1913,3.1044617,0.42161256,0.0043436736,0.009040102
1915,1910,40.5361,0.41271546,0.10632186,0.20125961
1916,3165,22.95114,0.43847063,0.119463906,0.24398276
1917,6520,1.59618,0.43754888,0.0048502684,0.009832367
1917,2265,42.38846,0.4391043,0.10747243,0.20977497
1917,2264,20.815775,0.44331545,0.042518575,0.08136698
1918,4878,1.7659111,0.43566573,0.0055007115,0.010975629
1918,4676,28.845352,0.43756652,0.08767284,0.1699593
1919,1922,6.680851,0.4454665,0.019823752,0.039555445
1919,2914,91.21476,0.4419769,0.14318106,0.27880162
1920,4878,29.931923,0.43209845,0.09150432,0.17731634
1921,1916,53.738457,0.44966912,0.13287523,0.25684932
1921,19,7.3328896,0.44379553,0.021223292,0.041687816
1922,1918,21.487904,0.43726134,0.06003025,0.11726582
1923,3164,2.2537003,0.44634536,0.009432904,0.018638507
1923,3166,113.278595,0.43864867,0.2879605,0.55434895
1924,3427,13.514429,0.42762402,0.03018104,0.058349915
1924,1926,20.327719,0.42399547,0.04579769,0.08751486
1925,3539,1.7158318,0.42212364,0.00351879,0.007059768
1925,1213,1.5561333,0.42019013,0.002708912,0.0057803392
1925,1926,8.0222435,0.42389968,0.017615236,0.034281865
1926,2301,1.7238121,0.42399105,0.002781637,0.0057940334
1926,1925,7.7864,0.42351076,0.0170146,0.03317049
1926,1924,20.610485,0.42146206,0.046459313,0.08860762
1927,5105,1.2231026,0.03378153,0.0018808022,0.0042099357
1928,4051,16.696796,0.44378635,0.024803467,0.048476234
1928,5398,14.284031,0.44451836,0.021020956,0.040938452
1929,1924,53.23694,0.43329594,0.12881406,0.24590382
1929,1928,16.52695,0.4482067,0.02562005,0.050561145
1930,1932,25.075323,0.42597315,0.05449257,0.10257944
1930,1931,20.661222,0.42601,0.041685842,0.079976164
1930,3664,28.490616,0.42064908,0.054666564,0.10302875
1931,5067,2.6838608,0.4295784,0.0058144927,0.01167956
1931,1930,20.962093,0.42557123,0.042108435,0.08071172
1932,1215,24.33654,0.4197033,0.052755702,0.09935363
1932,1930,25.200634,0.4255434,0.05471646,0.10320364
1932,1212,35.803318,0.42248917,0.07326551,0.13924295
1932,1933,22.708616,0.4255037,0.049705435,0.09438468
1933,1932,22.458347,0.424755,0.049218282,0.09343748
1933,1280,8.954231,0.43241748,0.018706575,0.036906287
1934,1212,4.1661606,0.42019898,0.007916778,0.015556663
1934,2301,31.878162,0.42418027,0.069667704,0.13020338
1935,6288,8.6558,0.3752529,0.018621042,0.035979122
1936,4488,35.612305,0.46987492,0.07880862,0.14963454
1936,1939,21.315664,0.46781546,0.04751562,0.09087494
1937,4478,1.5745163,0.45925042,0.0022173375,0.004857287
1937,1939,129.67075,0.46186346,0.2968595,0.5724752
1938,4022,19.385206,0.46368963,0.041510575,0.07972401
1938,1940,22.070942,0.4651121,0.04728249,0.08999472
1939,4478,132.01248,0.46461058,0.29810467,0.5735283
1939,1936,21.55058,0.4660292,0.047851436,0.09123895
1940,1938,22.097343,0.46360734,0.047547482,0.09050264
1940,3169,174.47826,0.4613624,0.35300985,0.6808887
1940,4022,22.501461,0.46356088,0.048283566,0.09153614
1941,4477,2.1815147,0.46148843,0.00424812,0.008849055
1941,3337,64.996185,0.45449507,0.12949573,0.2506808
1942,4490,1.6091576,0.46535626,0.0022660494,0.0051380247
1942,4373,2.4823837,0.46093583,0.0048169047,0.010053217
1942,2270,46.983345,0.46894342,0.09262666,0.17990285
1943,4491,1.9661674,0.4759649,0.0029849932,0.0062946975
1943,1942,34.763927,0.15256035,0.106009245,0.21695778
1944,4501,193.7221,0.48454604,0.40781862,0.7896986
1944,1607,75.95798,0.49137735,0.1822986,0.3507704
1944,4469,252.33368,0.4830765,0.5359164,1.0437063
1945,4510,20.848007,0.49089664,0.045759022,0.08741121
1945,4510,19.590363,0.49051952,0.04484583,0.08597398
1946,778,67.20835,0.47877634,0.13254488,0.25690693
1946,3488,30.043695,0.037574053,0.17701808,0.37643218
1947,3617,145.14204,0.4776195,0.2927171,0.565265
1947,5616,72.32463,0.47542873,0.14049557,0.27206588
1947,778,24.768099,0.47609994,0.052326765,0.09937574
1947,2221,8.7956085,0.48074582,0.017935783,0.03539318
1948,1422,27.019758,0.5364274,0.068416394,0.13170326
1949,3084,1.756504,0.33997226,0.0037067384,0.0073245317
1949,6052,3.9640198,0.35120478,0.008642793,0.016660213
1949,6053,2.1261787,0.3476997,0.004478447,0.008592069
1950,2935,4.956787,0.5215303,0.012009211,0.024634391
1951,3814,26.691906,0.45896584,0.066330224,0.12718265
1951,6920,113.7673,0.4567384,0.28388283,0.5488113
1952,5029,1.3915863,0.34208915,0.0053091496,0.010429904
1952,1766,27.000362,0.3362776,0.06253737,0.11823866
1953,1392,1.789402,0.45504522,0.0026249662,0.0053872764
1953,1394,19.27539,0.4554577,0.040954042,0.078986116
1953,5449,77.66765,0.44871736,0.17270704,0.33211243
1954,235,11.638498,0.44730753,0.027369104,0.052966252
1954,202,33.9124,0.45299473,0.086840674,0.16521631
1954,2671,93.10307,0.43723556,0.19024996,0.36593264
1955,1270,51.66374,0.4526186,0.10341041,0.200154
1955,2668,72.10881,0.444295,0.14536762,0.2796061
1955,122,91.302704,0.44169766,0.1408423,0.27224535
1956,4620,1.2120247,0.51068676,0.0016562045,0.0038989782
1956,4621,5.0304413,0.514906,0.009708196,0.019866332
1957,4978,1.8530159,0.44352672,0.002524756,0.005249664
1957,1657,20.340889,0.4449217,0.04890092,0.09348685
1958,118,30.00495,0.44853866,0.06301838,0.11859406
1958,117,38.113308,0.44439113,0.08381473,0.1620849
1958,1247,12.0246105,0.44854528,0.026143193,0.050392732
1959,4479,49.318424,0.457847,0.109101385,0.21155728
1959,1960,78.84117,0.448772,0.17373091,0.33378598
1959,2658,265.2677,0.4466244,0.54656845,1.0587486
1960,7001,1.5704079,0.4491413,0.0030994564,0.0067961216
1960,1959,78.18587,0.45111686,0.17424741,0.33505708
1961,5345,1.3621979,0.45702714,0.001867801,0.003885433
1961,853,59.158028,0.4876858,0.115453824,0.22361048
1962,4715,1.5172577,0.49288258,0.0042042434,0.009016782
1962,1963,35.05726,0.49466997,0.08741256,0.1683872
1963,1962,35.350113,0.49806717,0.08947778,0.17148724
1963,6961,213.37343,0.47576532,0.4308584,0.83438927
1963,2393,268.01807,0.50457877,0.53712374,1.0464423
1964,291,46.91838,0.49380848,0.09239506,0.17871693
1964,2121,198.98364,0.47087663,0.40458718,0.7813674
1964,2108,74.80071,0.48387203,0.14722244,0.28482336
1965,1096,23.056875,0.48139623,0.049279355,0.093500085
1965,633,296.36673,0.47446704,0.5936332,1.1532248
1965,1390,78.64114,0.47949675,0.15672904,0.30219203
1966,2093,3.2915916,0.4925902,0.00612469,0.012551561
1966,1602,72.85628,0.4848022,0.16267645,0.31338513
1966,2091,85.837326,0.48701823,0.16992141,0.3280218
1967,5877,0.8217659,0.44051504,0.00453119,0.008792236
1968,5326,0.56139374,0.23225737,0.0022501498,0.0047848076
1968,703,30.700197,0.4033972,0.09580088,0.18488301
1968,4276,34.912075,0.41220582,0.0743323,0.13988039
1969,4023,21.193832,0.46284136,0.0612206,0.11857444
1970,1908,193.56912,0.29530257,0.43714657,0.83464044
1970,6928,2.9447823,0.27226746,0.0071219504,0.013152137
1971,2716,50.765266,0.42418057,0.12612338,0.24365908
1971,6798,37.965965,0.42353517,0.09842498,0.19057015
1972,1486,176.69232,0.37865603,0.38249102,0.7343013
1972,5352,112.733406,0.39131552,0.23785555,0.45748335
1972,1824,95.39963,0.4013006,0.19959153,0.38455015
1972,1973,70.55292,0.39175928,0.1457453,0.28198937
1973,1972,71.109634,0.3936525,0.14587995,0.28134874
1974,2122,1.6278305,0.27532077,0.0035508722,0.0068000406
1974,6507,28.243425,0.2708539,0.07344782,0.1397352
1974,4666,45.093033,0.286036,0.10374609,0.19557008
1975,5778,3.3605347,0.136888,0.007739365,0.0151670575
1975,688,66.109116,0.25388053,0.15453327,0.3016016
1975,3627,61.024563,0.16931611,0.14678523,0.2907059
1976,4356,1.5603981,0.5076239,0.0026153922,0.0051648617
1976,2705,71.14212,0.5069937,0.19035521,0.3676834
1977,6268,1.3782425,0.5227235,0.002198495,0.00447388
1978,4616,1.3387337,0.5256907,0.002554521,0.00554429
1979,1734,93.85414,0.5212794,0.18118083,0.35125855
1979,3307,62.018333,0.51921743,0.117822625,0.22853592
1979,3345,20.150543,0.5196162,0.042175192,0.08102668
1980,879,1.7452545,0.5118498,0.0033961907,0.0065921694
1980,1983,34.298046,0.5036897,0.08566047,0.16386443
1981,2843,74.32986,0.4963318,0.14433235,0.2802291
1981,6991,5.0647736,0.49994612,0.009069949,0.018619165
1982,3300,50.441936,0.49796602,0.09467876,0.18294045
1982,1303,8.500492,0.50525355,0.016914107,0.03350596
1982,3342,104.13231,0.49869284,0.20385605,0.39337295
1983,34,95.031525,0.5103517,0.18498373,0.35799783
1983,33,1.5279655,0.51366466,0.002015993,0.00444977
1983,28,60.947693,0.50638855,0.15834019,0.30538225
1984,6097,56.1342,0.49718514,0.10969773,0.21298464
1985,1903,1.8235435,0.2956947,0.004088901,0.0077397823
1985,5936,17.461811,0.30326355,0.049877834,0.097581
1985,4665,139.37402,0.29590154,0.31410122,0.60342896
1986,27,2.5220146,0.4944483,0.0032850802,0.0068051666
1986,3460,66.04103,0.4878614,0.14964029,0.28920844
1987,3451,19.08477,0.5016831,0.040122334,0.07769582
1987,5355,26.50383,0.50444233,0.05581921,0.106149696
1988,69,61.369537,0.49767378,0.0932099,0.17808087
1989,1988,7.007351,0.49648514,0.011862934,0.02430448
1990,4846,41.98104,0.49743542,0.0911709,0.1753635
1991,2479,1.1653824,0.38307005,0.004552588,0.009146616
1991,5028,77.81455,0.3718594,0.18422452,0.35670105
1991,3919,2.2469978,0.38469088,0.0072876513,0.014381006
1992,716,34.81611,0.3686474,0.07596831,0.14231738
1993,1835,14.596926,0.3635593,0.03157852,0.060785204
1993,5252,34.86947,0.3575654,0.07614301,0.14170112
1994,1152,19.946527,0.26326853,0.051858537,0.098201945
1994,6216,2.0280304,0.2691752,0.00426922,0.007948652
1995,1782,2.0681038,0.39084786,0.0027607605,0.0054912716
1995,702,23.172232,0.39403686,0.05722459,0.10869916
1996,1024,30.411724,0.46598285,0.06315273,0.119916946
1996,278,30.74011,0.4648513,0.0640448,0.12123046
1997,4921,30.534325,0.4306506,0.06540058,0.12333828
1997,4979,29.73116,0.4400316,0.062991306,0.11908156
1998,4822,43.210533,0.4911604,0.1140773,0.2220033
1999,3636,127.240395,0.32593095,0.27916387,0.5378699
1999,3152,112.045876,0.31286538,0.24885342,0.47953838
2000,210,12.465435,0.46530768,0.026038893,0.05081764
2000,6664,30.471066,0.47013235,0.07677417,0.14641175
2001,448,12.842106,0.5144972,0.02993241,0.058753423
2001,373,21.682693,0.5103876,0.041203238,0.08050837
2002,3479,0.81716156,0.05096495,0.0031143427,0.006007418
2002,397,90.273865,0.51197726,0.17474689,0.3387689
2003,397,2.3615303,0.50286746,0.0029380247,0.0065481067
2003,1730,83.05243,0.50531244,0.1626966,0.3147425
2003,3479,89.63919,0.51363474,0.17233065,0.335192
2004,331,0.9074173,0.45017076,0.0010000691,0.0023583323
2004,2003,47.916893,0.5029837,0.09682282,0.18739827
2005,1884,1.584774,0.47652447,0.004363872,0.008977875
2005,1026,10.723934,0.46840313,0.021646477,0.0425521
2006,2017,22.311659,0.351672,0.049931467,0.093838416
2006,1238,28.926128,0.35706288,0.06359524,0.11910755
2006,2339,39.732338,0.35338014,0.085187785,0.16167046
2007,2390,37.90344,0.37376928,0.079693235,0.1508274
2007,11,53.75827,0.36618304,0.11076086,0.21375595
2007,2998,217.59116,0.3706236,0.4702935,0.9046361
2008,2339,20.078348,0.34598404,0.045086335,0.08543127
2008,2017,45.171783,0.34723645,0.09651126,0.1840864
2008,2340,51.797363,0.3399472,0.1106686,0.2134212
2009,2054,33.596546,0.37642503,0.07097966,0.1340758
2009,2032,49.940052,0.38268268,0.10328037,0.19766478
2009,2014,101.806915,0.38194537,0.21701661,0.4170986
2010,2014,27.710945,0.38165784,0.063911065,0.12053311
2010,2012,14.185482,0.3821013,0.03270416,0.0628856
2011,1858,95.98282,0.36420047,0.2071414,0.39886272
2011,15,37.84331,0.37165058,0.08030069,0.15195072
2011,8,99.15683,0.36556786,0.20951256,0.40401882
2012,13,1.9190979,0.3716674,0.0047552884,0.008762404
2012,4833,62.240753,0.36989722,0.16294397,0.3177457
2013,2017,25.923216,0.34879124,0.057827882,0.108582966
2013,1238,26.9723,0.35357675,0.059896413,0.11233323
2013,2333,83.63711,0.3341941,0.18387239,0.35709766
2014,2010,27.617512,0.378731,0.06453434,0.121227086
2014,2015,72.29057,0.3802603,0.16837958,0.3261125
2014,2009,101.88327,0.379186,0.21726936,0.41726398
2015,2014,72.59094,0.38242722,0.16967861,0.3287354
2015,2016,44.789536,0.37702918,0.10129503,0.19575825
2015,2396,190.4806,0.37342462,0.40967548,0.7860762
2016,2417,38.18513,0.3759029,0.08429367,0.16061471
2016,2418,55.58686,0.3757847,0.11751489,0.22528954
2016,2015,44.31492,0.37770128,0.100294456,0.19339061
2017,2006,22.217396,0.35167658,0.04972543,0.093527146
2017,2008,45.151016,0.3478303,0.09620678,0.183673
2017,2013,25.702393,0.3493365,0.057820775,0.10865817
2018,2509,51.646664,0.40717316,0.102866165,0.19805291
2018,2036,27.131329,0.41716856,0.05879309,0.110386536
2018,2513,12.250977,0.41157565,0.026020184,0.05030161
2019,574,56.658653,0.38877156,0.1166761,0.2247414
2019,573,32.94688,0.3889433,0.06979494,0.13215667
2019,2427,34.691624,0.39133173,0.07238928,0.13720919
2019,6126,194.786,0.36343256,0.4228542,0.8111497
2020,2043,65.18968,0.35234368,0.13879353,0.26886097
2020,2051,70.624054,0.3636443,0.15239275,0.2948539
2020,6085,17.703636,0.35862225,0.038871758,0.07462364
2021,3611,1.7000389,0.32061452,0.0036361217,0.007013187
2021,3452,102.25763,0.30936337,0.22986212,0.44457734
2021,2589,6.5500717,0.3200704,0.015801556,0.029497206
2022,4440,1.8760109,0.4026421,0.004227802,0.008638427
2022,2042,55.032402,0.4092185,0.11250141,0.21562931
2023,4551,1.6735001,0.33646327,0.0036383644,0.0071127117
2023,2457,22.148628,0.3279615,0.050243787,0.09465245
2024,4039,20.977701,0.33769685,0.047676075,0.089587264
2024,2025,89.02385,0.30925947,0.1987597,0.3863181
2024,2026,62.795403,0.32588363,0.1363916,0.2637025
2025,3979,6.0365143,0.28376573,0.013927013,0.025926754
2025,2432,72.253914,0.2804581,0.16662323,0.324421
2025,2024,89.025925,0.30756682,0.1988607,0.3866168
2026,526,76.04709,0.34454626,0.1664415,0.3227178
2026,3612,22.709166,0.31887466,0.051159967,0.09631388
2026,2024,62.33271,0.32800588,0.1362998,0.26397276
2027,3720,1.6526527,0.38674858,0.0028679743,0.0054287463
2027,6649,81.38108,0.3876623,0.18875921,0.3672745
2028,2040,4.0297318,0.34386355,0.0087476745,0.01676616
2028,2034,83.11754,0.33211035,0.18190122,0.35329965
2028,4039,25.603859,0.34314668,0.057965387,0.10872461
2029,3729,1.7521248,0.38083822,0.0030186176,0.005946398
2029,2041,36.250427,0.38068575,0.08314467,0.15788251
2030,2053,4.665741,0.36703745,0.009869397,0.019211352
2030,15,13.844677,0.36889014,0.029910289,0.05720412
2030,3075,110.275314,0.35946912,0.23662138,0.45589876
2030,3722,35.587868,0.372118,0.076370046,0.14342758
2031,2036,50.335938,0.4179084,0.10163835,0.19500823
2031,78,34.961838,0.42544305,0.07215706,0.13686645
2031,6893,13.525194,0.422312,0.028910406,0.055774532
2032,6161,39.046562,0.38444734,0.080975756,0.15375145
2032,2009,49.469368,0.3826239,0.10271827,0.19641069
2032,2455,26.446152,0.3839332,0.057814665,0.108802706
2033,2484,1.9503593,0.39811695,0.0037076548,0.0074349344
2033,2483,2.6504097,0.39497432,0.005883962,0.011613876
2034,5071,26.886993,0.3223415,0.061997317,0.11475668
2034,4039,95.14766,0.32260588,0.21028513,0.4068769
2034,2043,53.9662,0.33507517,0.11547076,0.22295353
2034,2028,83.407524,0.33243513,0.18189734,0.35292804
2035,5585,36.96041,0.33861077,0.081107244,0.15122618
2035,2430,56.719555,0.3257017,0.12007126,0.23370266
2036,2031,50.092846,0.4185748,0.10077716,0.19344682
2036,6635,71.09653,0.41365016,0.1460226,0.28129464
2036,2018,27.040771,0.4186182,0.058732618,0.110283166
2037,2433,1.5554237,0.25986803,0.004351437,0.007886201
2037,2468,39.452774,0.15993142,0.10740636,0.22063638
2038,5749,4.0382767,0.3686937,0.009135641,0.01741159
2038,3722,7.3774376,0.36925602,0.010826342,0.020997435
2039,4959,1.3525391,0.2641129,0.003594458,0.006628081
2039,2055,21.446264,0.2701012,0.052525066,0.09807263
2039,527,52.258682,0.2858383,0.115873985,0.22489938
2040,2028,3.9634438,0.34474865,0.008632943,0.016636953
2040,6086,60.306202,0.35394308,0.1277425,0.24783397
2040,2047,71.16954,0.35493904,0.15409587,0.29975414
2041,3730,1.7564888,0.38062406,0.0030993372,0.0060207844
2041,2487,55.86046,0.3826726,0.12690116,0.2474922
2042,3378,23.160103,0.4186634,0.051573303,0.0978332
2042,4442,1.6731567,0.41656774,0.0027049258,0.0056658387
2042,2048,5.128731,0.41294238,0.010669105,0.021224305
2043,2020,64.24191,0.3524675,0.13942653,0.26952887
2043,6127,22.092926,0.33913362,0.04956382,0.09343142
2043,2034,53.21051,0.3374747,0.11539787,0.22281566
2044,4957,1.0054436,0.11218649,0.002644807,0.0047734827
2044,2046,49.81694,0.22215274,0.11330536,0.22158585
2045,4549,1.011692,0.06195742,0.003830582,0.007898405
2046,4953,1.3145905,0.23729551,0.004969679,0.008700758
2046,2037,30.64579,0.15699562,0.0797276,0.15179054
2047,2458,66.83249,0.35622373,0.14312896,0.2773882
2047,2040,72.14103,0.356946,0.15544043,0.3023052
2047,2454,75.66961,0.37698025,0.16163266,0.3123023
2048,4610,2.4059181,0.42244643,0.004640013,0.009455338
2048,2514,95.53151,0.40953028,0.198049,0.38072592
2048,2042,5.590973,0.41403812,0.011438616,0.022439003
2049,4551,63.458637,0.3325053,0.13773246,0.26741585
2049,3729,103.42887,0.35863042,0.22325623,0.42920205
2049,4000,45.33611,0.33609515,0.098266855,0.18638724
2050,4964,1.0040512,0.107575774,0.0032560006,0.006678462
2050,2035,15.606628,0.34028515,0.034498412,0.06611867
2051,4195,58.095135,0.37324616,0.13303335,0.2614023
2051,2417,29.248035,0.37073803,0.06674511,0.12599322
2051,2020,71.07941,0.36229944,0.15337245,0.29533347
2051,2422,41.578224,0.3722331,0.09488276,0.1808713
2052,4363,1.2738991,0.05860868,0.004602857,0.00927721
2053,2030,3.8542519,0.36911863,0.008193605,0.016062006
2053,3721,37.98696,0.373945,0.080108844,0.15103841
2053,5901,65.06789,0.36383146,0.1376886,0.2676575
2053,2337,61.654686,0.36053675,0.13049059,0.25283787
2054,2009,33.561657,0.37420762,0.07066929,0.13413341
2055,4958,1.634079,0.27742702,0.0036716834,0.006914377
2055,3610,30.974674,0.29143956,0.07545254,0.14175107
2056,6315,0.6813698,0.2996173,0.0012004003,0.0035366416
2056,4739,16.588581,0.45881525,0.036818046,0.07204129
2057,3597,1.4883385,0.48746237,0.0028886497,0.005995333
2057,6908,34.72278,0.4971081,0.0760692,0.14424598
2058,192,0.6079216,0.436939,0.0,0.00031380355
2058,4740,24.50502,0.49031,0.0504216,0.09615206
2058,4078,25.025366,0.4923656,0.056551136,0.10812704
2059,757,2.579338,0.4959814,0.002019547,0.004701942
2059,2399,25.951553,0.4983638,0.05933241,0.113888934
2060,4996,1.8969002,0.45220432,0.002583608,0.005239889
2060,428,41.138847,0.45718428,0.09271311,0.17797494
2061,4471,10.122818,0.5336456,0.02069372,0.040760607
2061,460,86.18736,0.5366707,0.09418696,0.18339254
2062,4720,69.761566,0.4679568,0.19317639,0.37177265
2062,6326,1.8359795,0.48429215,0.00503207,0.010297626
2063,4132,140.50839,0.5260805,0.29610622,0.57413787
2064,3871,34.8386,0.53182334,0.06754056,0.12949184
2064,2065,0.26124954,0.5177155,0.0013772845,0.0031441748
2065,5878,66.35077,0.5321578,0.18337478,0.35593408
2065,2064,0.0,0.5038188,0.0003669262,0.0012221485
2066,6260,39.625015,0.4946517,0.07778555,0.14867765
2067,4808,83.67718,0.45241454,0.1669361,0.3211658
2067,6917,95.63138,0.46439558,0.1905822,0.36717418
2067,2394,67.97601,0.44837028,0.10260729,0.19773376
2068,3835,45.585125,0.49002916,0.08961663,0.1734565
2068,3067,44.634182,0.48751506,0.08805948,0.1708295
2068,5588,81.18679,0.48604095,0.15982273,0.30897284
2069,2087,8.105583,0.4996294,0.016539343,0.03265129
2069,848,86.63071,0.4939496,0.17129654,0.33093426
2069,4463,69.34543,0.49229485,0.13310951,0.25861287
2070,2078,12.310465,0.5080831,0.025725894,0.050543696
2070,3324,17.283363,0.503159,0.03617752,0.07062084
2071,377,1.746788,0.5021732,0.0024300516,0.0055175126
2071,4620,178.35783,0.5023374,0.35020363,0.6781602
2071,4024,57.422157,0.50235224,0.11295083,0.21817961
2072,2075,1.6307831,0.51071334,0.0018393323,0.0044845343
2072,2581,36.76101,0.50372255,0.07301761,0.1403592
2073,377,1.6685524,0.49894392,0.0024914593,0.005902916
2074,2581,39.281532,0.5046014,0.077070706,0.14781146
2074,2070,13.445734,0.50497407,0.027938202,0.054577984
2074,6790,4.400177,0.5034194,0.008171074,0.016391248
2075,2078,1.1523056,0.5060242,0.0016728491,0.0043580383
2075,4307,54.90623,0.5041351,0.10961143,0.21188855
2076,1121,75.228745,0.4792575,0.16477373,0.31694347
2076,1832,59.517735,0.47737762,0.13040882,0.25209826
2076,2077,33.130936,0.48002738,0.067903504,0.1295194
2077,1124,88.58126,0.47954887,0.17677763,0.34084806
2077,2326,103.69017,0.47735307,0.20733976,0.4001385
2077,2076,33.179348,0.48156917,0.06774284,0.12883453
2077,1120,102.42903,0.47712165,0.20571889,0.39673752
2078,2075,1.3434601,0.5054236,0.0015955567,0.0039776713
2078,2072,1.7303085,0.50215447,0.0027349517,0.005624503
2078,2070,12.1319275,0.5064503,0.025268935,0.049714625
2079,3159,1.4560127,0.5003383,0.002392508,0.005219981
2079,848,147.92368,0.4971899,0.2909078,0.56289804
2080,4312,6.9710007,0.49863055,0.014231652,0.028273791
2080,4313,1.2636871,0.49485162,0.0021796227,0.004981652
2081,1274,69.19766,0.4797702,0.13649881,0.26433477
2081,3066,139.46664,0.4783064,0.2790098,0.53896534
2081,2082,39.4849,0.4790216,0.07875766,0.15114023
2082,2081,39.696518,0.47893903,0.07832976,0.15057643
2083,6996,137.20787,0.4756462,0.27579874,0.531886
2083,6789,68.7938,0.47337958,0.13609816,0.2642966
2083,2971,104.65945,0.47004527,0.2111522,0.4069155
2084,2578,1.5130959,0.49191833,0.0019452721,0.0040969104
2084,2085,90.22491,0.49213493,0.17812596,0.34375948
2084,5523,74.46745,0.4807313,0.21255578,0.40907586
2085,2084,90.14397,0.49230295,0.17902084,0.346121
2085,4313,84.607605,0.49682274,0.18431255,0.35548395
2085,351,120.47094,0.4971371,0.26313323,0.5076953
2086,6140,1.3228912,0.51188415,0.002333507,0.0056974143
2086,6256,38.693153,0.51238865,0.1006196,0.19493961
2087,2069,8.364655,0.4965139,0.017011657,0.033692196
2087,2088,78.891815,0.49336207,0.15152477,0.29396278
2087,1294,114.706894,0.49357408,0.22719586,0.43781024
2088,2087,78.838135,0.49127382,0.15334253,0.29705736
2088,2089,127.46746,0.4941229,0.250949,0.48504633
2088,2090,140.43987,0.49732235,0.27751654,0.5359421
2089,4310,47.26772,0.5004985,0.09918565,0.1918322
2089,350,39.72009,0.50305593,0.08446511,0.16278902
2089,2088,127.188515,0.49299228,0.24977824,0.48221737
2090,2092,17.283075,0.5016912,0.03633393,0.07042848
2090,2752,114.98827,0.50178814,0.22631368,0.4372579
2090,2088,139.97823,0.49931774,0.2770757,0.5357298
2091,1966,86.12776,0.49023828,0.17034952,0.3287024
2091,4505,101.940475,0.48837483,0.20232883,0.39060003
2091,4502,94.587875,0.487454,0.18802394,0.36305565
2092,349,1.7767372,0.4983322,0.0025453418,0.005272448
2092,2090,16.807882,0.50260496,0.03536761,0.06866321
2092,4452,22.535656,0.49811405,0.050148487,0.096022464
2093,1966,3.2391167,0.49102408,0.005945258,0.012308508
2093,5713,118.79581,0.48647672,0.2606453,0.50180125
2093,3060,180.91234,0.4945347,0.36139286,0.6993839
2094,1832,4.520191,0.4772353,0.009589106,0.019255295
2094,1120,18.70839,0.47833693,0.04120515,0.079486355
2094,2882,22.197166,0.47747055,0.047721233,0.090748146
2095,4605,1.2505302,0.5170507,0.0013778061,0.0032963157
2095,4607,34.062508,0.5134391,0.07432992,0.1402934
2096,3513,1.3827934,0.5082507,0.0017207861,0.0040582865
2096,6354,20.097485,0.5067856,0.042721808,0.082107514
2096,4309,156.75732,0.4999293,0.30722812,0.5944762
2097,5503,1.2201118,0.4864753,0.003392607,0.0069101006
2097,5343,4.393692,0.5119656,0.008182645,0.01666063
2098,2099,29.182652,0.5105401,0.0591427,0.11242291
2098,2103,60.609104,0.51060015,0.11569214,0.22361396
2099,4621,77.50772,0.5102533,0.1476732,0.28733963
2099,2104,15.107571,0.51537097,0.031263586,0.061195254
2100,2633,105.17195,0.51280844,0.20338848,0.3942797
2100,4594,14.681295,0.5120484,0.03068382,0.059674338
2101,4601,108.30338,0.5152483,0.20837617,0.40307367
2101,3082,11.54936,0.51694006,0.0236293,0.0464032
2101,5576,26.343155,0.5156191,0.05378356,0.10266301
2102,2581,97.95938,0.50718045,0.19120133,0.36953503
2102,6354,69.62981,0.5072573,0.13159966,0.2556772
2102,2975,16.408316,0.5103334,0.03416045,0.06680804
2102,5501,57.4258,0.5089037,0.10851032,0.21029027
2103,2975,28.890163,0.5094762,0.05850569,0.11133131
2103,2098,60.672165,0.51127046,0.116564065,0.22486563
2104,2098,15.614841,0.51518625,0.032545373,0.06360577
2104,2099,14.876894,0.5140618,0.031150818,0.060827173
2105,2843,135.37448,0.49793354,0.26790825,0.5173371
2105,1296,58.788105,0.49731442,0.1154999,0.2237979
2105,4183,62.131462,0.5003339,0.11755646,0.2287202
2106,491,16.000294,0.52618575,0.033206385,0.06463161
2106,45,143.30908,0.52047914,0.276869,0.5365941
2106,493,91.75894,0.5173389,0.17513831,0.3398956
2107,1798,70.51652,0.28147638,0.15919897,0.31055558
2108,1964,75.410675,0.4836609,0.14767623,0.28497016
2109,2110,3.5705185,0.4998316,0.005608417,0.011673838
2109,3704,1.9872627,0.49900153,0.0025793687,0.0055039376
2109,1802,55.209778,0.4949896,0.14234607,0.27592182
2110,2109,3.9680138,0.5039036,0.0063112453,0.01307413
2110,1802,73.52295,0.49515027,0.14335698,0.2781677
2110,3705,56.381382,0.49589732,0.10972977,0.21318024
2111,3291,36.62128,0.47284707,0.075209536,0.14330247
2111,6537,2.8688126,0.47285783,0.0048345625,0.010452837
2112,6195,3.6558838,0.46149188,0.006555453,0.0130221695
2112,6853,11.915285,0.463653,0.031987686,0.06235137
2112,6853,11.155441,0.46225607,0.030715674,0.059938245
2113,2716,3.7470474,0.42374292,0.0070664957,0.01411213
2113,3139,190.08182,0.4118311,0.51123244,0.99399215
2113,4305,42.88486,0.42243445,0.095518015,0.18392009
2114,4470,98.36014,0.42340016,0.2680772,0.51641583
2114,715,106.52509,0.4027956,0.2191824,0.42272174
2115,2398,1.7638435,0.41649428,0.0026952699,0.0055122524
2115,2927,170.32823,0.3642192,0.36712116,0.70474017
2115,4735,36.380455,0.41602126,0.09504802,0.18362291
2116,3951,1.8258209,0.358428,0.0035522953,0.007003352
2116,5758,135.26306,0.3828965,0.28546092,0.54751974
2116,6959,28.699348,0.3499565,0.07266046,0.13828193
2117,2586,1.6373482,0.2884073,0.005724795,0.010933101
2117,1985,17.613894,0.29749477,0.050928466,0.100172624
2118,3908,2.1394234,0.37064946,0.0043626055,0.008432224
2118,5783,2.085762,0.371851,0.0024777725,0.0050069094
2119,1542,115.90099,0.47894546,0.23191103,0.4472757
2119,2120,44.034115,0.4815711,0.08675665,0.16859487
2119,1389,55.56832,0.47980356,0.10995281,0.21325128
2120,2119,43.7167,0.4797681,0.08667189,0.16871087
2120,1542,80.29291,0.47820345,0.17691338,0.34025285
2120,781,65.799995,0.4779002,0.14400128,0.27813876
2121,2193,138.7558,0.4555712,0.30428717,0.5873912
2121,1964,199.30962,0.4677955,0.4046967,0.7813157
2121,677,156.82004,0.44723547,0.34748012,0.6704141
2122,2278,15.15625,0.27995917,0.04556085,0.08811951
2122,2278,22.214594,0.2757966,0.051612332,0.09727779
2122,1974,1.7859688,0.27717203,0.0041278824,0.00788559
2123,1619,30.994183,0.520947,0.066276975,0.12692668
2123,2195,20.91712,0.521972,0.045393635,0.087368235
2123,6084,15.597685,0.52019066,0.032268852,0.062844165
2124,1659,98.15149,0.520991,0.18971236,0.3676703
2124,4262,49.64744,0.5156251,0.09479206,0.1827995
2124,6083,34.755924,0.51784974,0.06803362,0.1289086
2125,1794,1.1754379,0.27291277,0.0038412139,0.005375564
2125,5812,24.281086,0.30209497,0.08470129,0.14444505
2125,1751,184.50813,0.5197258,0.3897394,0.75470054
2126,254,3.5743637,0.3615156,0.0044430345,0.009193823
2126,1898,43.534317,0.35993302,0.12355487,0.23972523
2127,2128,2.3378067,0.35808617,0.00563062,0.010949254
2127,4259,30.044037,0.3556944,0.06687882,0.12568665
2128,2126,44.370636,0.358872,0.10090188,0.19363606
2129,2637,5.59811,0.42761534,0.011270709,0.022358045
2129,2130,79.81477,0.42744026,0.16368926,0.31429496
2129,117,93.38241,0.4327026,0.19097495,0.367216
2130,2129,79.65314,0.4286933,0.16321123,0.31383377
2130,5310,35.357006,0.44138435,0.07299134,0.13805002
2130,2698,39.355225,0.43813676,0.08670751,0.16770177
2130,117,43.564568,0.4398711,0.09623545,0.18611652
2131,5924,1.942913,0.48223594,0.0033145696,0.006619677
2131,2134,1.2532578,0.4782381,0.0037822872,0.007812023
2132,1436,93.95183,0.4667033,0.18945439,0.36456507
2132,3194,89.95927,0.47104472,0.1747618,0.3367114
2132,613,114.35237,0.46412632,0.22979912,0.44175172
2133,1437,25.360819,0.47198924,0.05645317,0.107394315
2133,1437,22.418188,0.4720825,0.049526718,0.094061054
2133,1436,59.52187,0.4691502,0.13069955,0.25239265
2134,4361,1.8845825,0.47561467,0.0037579536,0.007809326
2134,4768,17.211777,0.47420716,0.04089795,0.07931297
2135,4716,18.3914,0.4758502,0.040104885,0.077441186
2136,5035,19.418846,0.41975147,0.047558885,0.09158155
2136,5035,25.167759,0.41092896,0.051940728,0.097914934
2137,5125,2.2360458,0.4201286,0.0028158575,0.00559178
2137,2136,10.813442,0.4220259,0.025546126,0.04943207
2138,1689,67.185974,0.5174279,0.14248076,0.2766293
2138,6660,9.37994,0.52262306,0.020357996,0.040488094
2139,4179,135.98114,0.5216433,0.2630561,0.51029354
2139,3559,139.36542,0.5212336,0.27088195,0.5247969
2139,1663,349.5719,0.4978811,0.6875891,1.3384017
2140,531,1.9971924,0.4256959,0.004598856,0.009104043
2140,5026,159.18994,0.40221494,0.33633244,0.6452122
2140,6125,31.58226,0.42493704,0.071810536,0.13637322
2141,3344,18.91263,0.5223733,0.026942901,0.05356781
2141,358,12.089106,0.5248593,0.01830329,0.037076876
2141,3737,8.09745,0.5264408,0.015973866,0.032402113
2142,1743,1.6260948,0.49711514,0.0022394955,0.0046991706
2142,6952,12.340855,0.49629384,0.015032396,0.03055334
2143,2875,28.084272,0.48809403,0.081495136,0.15623409
2143,2400,73.41249,0.4799069,0.14595938,0.2823357
2144,532,41.621117,0.43085262,0.084125705,0.16171193
2144,532,42.65359,0.43015724,0.08605064,0.16598977
2144,3734,37.295563,0.43524083,0.076227665,0.14477281
2145,6889,3.1782494,0.500077,0.002836816,0.0067587346
2145,5466,22.853752,0.498696,0.052357435,0.10142956
2146,2148,18.951471,0.4574514,0.041958887,0.080513924
2147,1075,18.618351,0.45527595,0.03951815,0.07611161
2147,233,17.192486,0.4559834,0.036407847,0.07019862
2147,1397,13.069801,0.4609672,0.028412245,0.0546228
2148,1074,18.458336,0.45508116,0.03904594,0.07520272
2148,174,16.750504,0.4559678,0.035260502,0.068029284
2148,2147,12.981548,0.45939186,0.02833379,0.054635614
2149,4231,1.5438423,0.52579844,0.0015258491,0.0033918768
2149,2150,40.73303,0.52916634,0.08580948,0.16520348
2149,6421,112.004456,0.5236963,0.23109871,0.44736677
2149,2158,30.944351,0.5232588,0.061881542,0.11878678
2150,6037,1.8828926,0.52398247,0.0025532395,0.0055942684
2150,2159,65.19118,0.52707165,0.122523576,0.23777406
2150,4054,37.548824,0.06865442,0.12583247,0.25782132
2150,2149,40.5706,0.5278161,0.084217094,0.1626555
2151,2154,113.690865,0.5275588,0.21850938,0.42353287
2151,4609,44.625298,0.5244317,0.08543805,0.1639988
2151,325,84.812706,0.5255282,0.16306806,0.31655157
2152,6170,1.581501,0.53076774,0.0025397763,0.0060655624
2152,4187,82.23489,0.52617663,0.16713971,0.32477376
2153,6169,31.071777,0.5270006,0.062080055,0.11868891
2153,2154,126.975266,0.5269162,0.24399188,0.47274715
2153,2155,166.9123,0.5254429,0.3229255,0.6259875
2154,503,63.60113,0.5317694,0.12377257,0.24016817
2154,2151,113.746025,0.52684546,0.22000748,0.42673576
2154,2153,127.26729,0.52673393,0.24544072,0.476179
2155,4293,38.614388,0.5321587,0.07926948,0.15333155
2155,6168,66.87971,0.53243923,0.13721582,0.26763248
2155,2153,167.46652,0.5250444,0.3236136,0.62801814
2156,2157,44.012337,0.5214105,0.08461406,0.16347416
2156,1661,31.07861,0.5214079,0.062227227,0.11957736
2156,2159,80.067154,0.5219013,0.15370283,0.29854968
2157,6421,78.04126,0.52276516,0.15094581,0.29303455
2157,2158,63.17804,0.52227294,0.12122252,0.23531604
2157,2156,44.197723,0.52155834,0.08534217,0.16467163
2158,2157,63.191605,0.521937,0.12094002,0.23474506
2158,2149,31.132057,0.52448845,0.06204372,0.11879318
2158,2159,32.54843,0.52280825,0.064592846,0.12379062
2159,2150,65.468445,0.5278999,0.123953,0.24091554
2159,2156,80.344604,0.52279896,0.15415311,0.2993415
2159,2158,32.585823,0.5231957,0.06471182,0.124174714
2160,1658,41.39874,0.5172796,0.087911636,0.16885322
2160,1656,8.272392,0.5217791,0.01770731,0.035563335
2160,3561,107.666855,0.5185164,0.20970629,0.40616012
2161,3484,82.43952,0.50385,0.17745233,0.3427389
2161,4762,68.63428,0.50693506,0.14800182,0.28738356
2161,7007,8.094559,0.5074106,0.016032793,0.031660438
2162,2163,38.866615,0.50837964,0.07488938,0.14493337
2162,4708,26.842196,0.51311,0.06475672,0.1251312
2163,7007,98.170944,0.50794715,0.19615045,0.3806181
2163,2162,38.517715,0.50700265,0.07558268,0.14557555
2164,2632,115.31611,0.5156287,0.30011335,0.5813629
2165,80,1.965889,0.427238,0.0029952377,0.006098211
2165,2462,19.96688,0.43209517,0.056377325,0.1103088
2166,2398,31.745842,0.41807526,0.08113182,0.15495594
2167,5247,66.81432,0.2667699,0.17277074,0.29361382
2168,4612,53.87833,0.484548,0.14359549,0.27739564
2169,2411,2.3252907,0.26044816,0.0038276985,0.006349221
2169,7049,29.900867,0.47738513,0.07584499,0.14630398
2170,2176,9.477146,0.46666786,0.019111842,0.0374258
2170,3292,38.225533,0.47442105,0.076289244,0.14427882
2171,3292,21.442696,0.47342625,0.042416457,0.08089331
2171,3289,25.573313,0.46969083,0.061280783,0.1168434
2172,2173,9.472366,0.47178534,0.019592606,0.03855267
2172,3289,15.820299,0.47121817,0.031207252,0.060833864
2173,5270,35.794464,0.46589476,0.07324828,0.13815406
2174,425,30.452124,0.47286448,0.076948695,0.14670034
2175,2176,16.718102,0.46882898,0.03599151,0.069894694
2175,2174,23.668865,0.4784943,0.057692192,0.11082597
2176,2174,12.87932,0.4703916,0.026652224,0.052057564
2177,6581,2.2525902,0.47416195,0.0033270493,0.0066651553
2178,2177,4.2866096,0.46960166,0.006330177,0.012860939
2178,1530,28.072052,0.47328234,0.059450507,0.11303327
2179,6407,1.7956581,0.48336065,0.004652612,0.0096695125
2179,462,1.8329239,0.4820195,0.004190497,0.009008899
2180,6325,20.850035,0.4750151,0.052637875,0.10251299
2181,4240,2.112667,0.48091125,0.004349515,0.008939669
2181,2180,2.21986,0.48626307,0.006167941,0.012363404
2182,1375,51.447037,0.48526922,0.13392787,0.25904045
2183,3467,63.73195,0.4716819,0.12655585,0.24556108
2183,2387,115.533875,0.46811292,0.2558463,0.49320823
2183,6445,4.6561546,0.47060922,0.010012701,0.019872546
2184,3286,119.90269,0.38249415,0.2515253,0.4832393
2184,3918,30.678455,0.3805282,0.09480603,0.18491994
2185,1256,9.9410095,0.3370729,0.017103195,0.033126697
2185,2228,36.514145,0.3281989,0.08625222,0.16439992
2185,2376,60.91666,0.3454827,0.07705524,0.14161453
2186,2187,2.076336,0.45000908,0.0038397238,0.007876545
2187,111,92.8699,0.44892207,0.20354179,0.39189067
2187,2188,2.0675316,0.44979915,0.0036796257,0.007464111
2188,4447,3.6349068,0.45029688,0.007951163,0.015806347
2189,214,82.22806,0.4617637,0.29008368,0.56219214
2190,2189,11.340019,0.48399907,0.022033297,0.04326214
2190,3311,3.505455,0.48499587,0.010583542,0.021156967
2191,2335,123.76958,0.46834385,0.25012052,0.48224235
2191,677,70.06293,0.46832716,0.15409112,0.2968501
2191,6997,45.606155,0.4802028,0.098177984,0.19000873
2192,4049,25.13375,0.046025097,0.06759423,0.13247499
2192,3010,3.222332,0.3214749,0.0053128526,0.011061236
2193,3512,1.4027481,0.46729314,0.0026208535,0.005905524
2193,4999,123.03706,0.4432767,0.2751059,0.5292901
2193,2121,138.09958,0.45882875,0.30397516,0.5869462
2194,987,1.5170288,0.48607257,0.0048284307,0.01035203
2194,4301,52.20131,0.4927647,0.085023545,0.16515985
2195,2539,169.95355,0.51905036,0.33300638,0.6450011
2195,2123,20.94769,0.5223245,0.0457047,0.08761553
2195,877,269.26968,0.51394403,0.5712886,1.1140014
2196,6793,1.1476555,0.50145286,0.0025043339,0.0055903494
2197,1857,17.334488,0.3733612,0.03762133,0.072140746
2197,5754,15.359652,0.37116915,0.033068918,0.06345658
2197,1855,26.205772,0.3772054,0.05752425,0.107967116
2198,131,3.1675339,0.44781345,0.006627448,0.013315976
2198,6080,8.38422,0.45657605,0.018181123,0.035982132
2199,2582,89.32152,0.4381281,0.18380576,0.3535759
2199,6079,28.818626,0.452255,0.06277838,0.11872414
2200,4554,17.525486,0.4577435,0.038284298,0.07393536
2200,5060,45.101536,0.4584405,0.14932986,0.2927566
2201,4562,1.6955681,0.46095467,0.005160108,0.010705009
2201,4561,2.5945854,0.46092072,0.0042623505,0.008839428
2202,3786,14.484056,0.46104616,0.03075935,0.0597703
2202,1426,32.42993,0.45933342,0.06672557,0.12751469
2202,4561,12.119522,0.46191406,0.025479987,0.049848765
2203,3579,30.153456,0.43019715,0.07512499,0.14216101
2203,6300,13.113184,0.43720347,0.030517984,0.05914803
2204,2207,30.579239,0.42237866,0.064662896,0.122055955
2204,2206,26.616516,0.4242862,0.057058815,0.107379
2204,1219,40.906097,0.4142576,0.084370926,0.1618866
2204,4139,31.174866,0.42571872,0.06524221,0.12308677
2205,3741,1.700428,0.42857298,0.0026827678,0.0053780526
2205,6298,8.623791,0.42114228,0.018914916,0.036513194
2205,1892,33.82645,0.42773256,0.07053174,0.1337322
2206,6157,12.982986,0.42513305,0.028633893,0.055167034
2206,4138,34.671677,0.42432168,0.079843245,0.15261793
2206,2204,26.722336,0.42412972,0.057182785,0.107564285
2207,3565,57.05088,0.41176274,0.11423295,0.22036202
2207,2204,30.62681,0.4225237,0.06457835,0.121796444
2207,4059,22.590122,0.4243597,0.049038865,0.09300559
2207,1839,26.879782,0.41861036,0.057759874,0.10837898
2208,674,159.91162,0.5171841,0.3104387,0.6017013
2208,464,1.5320663,0.5042204,0.0044039786,0.009388179
2209,6,1.6229019,0.53222144,0.0021581873,0.004787013
2209,667,37.00519,0.5297425,0.07273463,0.1395357
2209,5034,27.746498,0.5257707,0.060580906,0.11695604
2210,1324,2.4931526,0.4932658,0.0064837337,0.013419509
2210,2211,3.8015022,0.49582648,0.005590722,0.011389792
2211,6335,29.224644,0.49762473,0.0751027,0.1434308
2212,6383,63.596752,0.49400678,0.09648891,0.18624981
2212,6431,14.134537,0.49165824,0.032662224,0.063170716
2212,408,11.843422,0.49153048,0.02761297,0.053867534
2213,2215,25.565937,0.48821267,0.048471086,0.093850434
2213,2792,18.390907,0.49291533,0.039055098,0.07599002
2214,2248,2.1779785,0.4946383,0.0035148934,0.007097453
2214,1114,32.002754,0.49572477,0.06570831,0.12512136
2215,2213,26.154524,0.49174622,0.049891945,0.09608956
2216,3913,216.71509,0.4661752,0.44043344,0.8504156
2216,5589,11.507456,0.475412,0.025150977,0.04899633
2216,2217,27.289934,0.47617257,0.061096564,0.116675876
2217,2388,48.952484,0.47305772,0.095038876,0.18397956
2217,2216,27.215141,0.4748799,0.061136723,0.116555825
2217,1179,116.494095,0.46799207,0.2569099,0.49501354
2218,3670,2.636219,0.29878873,0.004461333,0.005410835
2218,3915,1.3266335,0.5430841,0.002537042,0.0056084096
2218,2219,52.51122,0.31669885,0.14377463,0.22602387
2219,660,1.0446243,0.54152095,0.00076904893,0.0021324605
2219,3873,92.20552,0.54235184,0.17475012,0.3399804
2219,2218,52.239304,0.31953806,0.1427687,0.22458954
2220,3284,174.72675,0.5181811,0.33972648,0.6582872
2220,3158,32.446434,0.5233804,0.064790815,0.124102935
2220,4134,101.14488,0.5222912,0.19522193,0.3784126
2221,1947,8.878002,0.48414826,0.018618323,0.036614567
2222,2244,84.00198,0.4759839,0.16642585,0.32112983
2223,6296,18.998144,0.41996917,0.04138155,0.079845846
2224,4163,2.5369911,0.41101038,0.004874021,0.009785533
2224,2226,13.022707,0.41031405,0.028105676,0.054169893
2224,2323,70.39954,0.40019596,0.14595422,0.2817871
2225,6637,71.44276,0.32932544,0.15627658,0.3034817
2225,2229,31.167135,0.3473888,0.069088,0.12954071
2225,1208,30.95077,0.34687838,0.068399295,0.12792763
2226,2321,67.74185,0.40076143,0.1376755,0.26631647
2226,2223,30.596325,0.4111799,0.06603995,0.12402176
2227,2228,31.965096,0.33319637,0.06322859,0.11856687
2227,2230,24.315445,0.33353683,0.05398027,0.102136016
2227,2376,29.721016,0.3474306,0.06638955,0.12472591
2228,2227,32.014435,0.33315995,0.063233316,0.11832283
2228,2320,38.943924,0.31806183,0.09218037,0.17606257
2228,2185,36.25724,0.33223736,0.08622858,0.16389641
2229,3609,2.0780373,0.34691447,0.004308872,0.008088246
2229,2225,30.801857,0.34775203,0.06806426,0.12821965
2229,4677,53.260406,0.35308486,0.11126378,0.21537648
2230,2227,24.212479,0.32999915,0.05387924,0.10207903
2231,7039,1.6780128,0.52078795,0.0026501045,0.005952701
2231,1663,22.674519,0.5183929,0.047807932,0.09165324
2231,5099,179.93791,0.5134682,0.37209076,0.7213927
2232,4662,23.135857,0.02775973,0.11405541,0.24515426
2233,5244,10.842192,0.022018492,0.047556944,0.09438147
2234,2692,28.638557,0.55294365,0.08860489,0.17196687
2234,4632,12.7731285,0.040367663,0.02803506,0.056909807
2235,6199,19.675768,0.034067273,0.082800515,0.16983171
2236,2235,31.425346,0.54440206,0.09987773,0.19292952
2236,5010,32.092407,0.53999233,0.057286527,0.110192336
2237,5163,1.117012,0.5333952,0.0040338635,0.008588329
2237,5165,9.972893,0.53608894,0.024511136,0.048385367
2237,3945,2.380062,0.5342586,0.006907977,0.014161661
2238,578,2.2399864,0.38718432,0.0042791143,0.008572057
2238,578,93.743164,0.38407323,0.21564263,0.41540283
2238,1511,24.395914,0.38692546,0.056264717,0.10578147
2238,1837,123.52183,0.38119996,0.26302415,0.50521386
2239,1328,28.742367,0.44822174,0.060484886,0.11431213
2239,5456,3.950222,0.44836074,0.0071302354,0.013938054
2240,1395,16.658741,0.4521521,0.036316615,0.07043757
2240,5450,1.940548,0.4526049,0.0035063848,0.0070482492
2241,5451,1.9267349,0.45226508,0.0041077957,0.008090258
2241,5454,5.905613,0.45200518,0.013194889,0.025846407
2242,2733,49.75924,0.45824388,0.09841759,0.1909287
2242,2886,7.9361916,0.4576621,0.01754456,0.034338117
2243,4380,9.230293,0.46109706,0.020556174,0.04063937
2243,5381,20.410295,0.47591487,0.045509327,0.08709775
2244,2222,83.45288,0.47475058,0.16613197,0.32014185
2244,2748,40.564434,0.4781116,0.08059898,0.1549489
2244,3231,106.518166,0.47552627,0.21283817,0.40993148
2245,6399,1.5443764,0.48259118,0.0040197447,0.008484483
2246,2429,1.4605637,0.44602013,0.007300198,0.014699116
2247,1166,20.865149,0.4523707,0.057599653,0.11247421
2247,4029,50.882275,0.4366302,0.08159555,0.1550932
2248,2214,2.1045532,0.49429145,0.0033803657,0.006962359
2248,2249,5.9449387,0.49016842,0.011916675,0.023884013
2248,2609,218.5923,0.49432012,0.43452722,0.8425246
2249,1115,7.4084816,0.49411222,0.015133619,0.030185968
2249,1115,5.405731,0.4934733,0.010744095,0.02172573
2249,2248,6.246689,0.48750976,0.01253292,0.024950325
2250,5388,2.1434326,0.45722914,0.0038924366,0.008265018
2251,552,1.6981087,0.45431703,0.003185153,0.0068546236
2251,3206,57.536884,0.44989386,0.12666073,0.24431202
2251,551,34.123,0.45400515,0.07560379,0.14388485
2252,2253,33.691322,0.45487282,0.069012664,0.13063535
2252,5095,95.63661,0.4472437,0.19182883,0.3691302
2252,2254,111.331795,0.4460222,0.22566715,0.43442255
2253,1130,1.69207,0.45373034,0.0024838,0.005383119
2253,1133,132.39587,0.4504949,0.30073038,0.5795881
2253,2252,33.494728,0.45559922,0.06909518,0.13078015
2254,2252,112.4669,0.4471574,0.22608429,0.4359669
2254,5283,68.74771,0.44905534,0.18682423,0.35978684
2255,2256,66.493256,0.4535025,0.1336667,0.25958517
2255,1131,103.51529,0.4521338,0.20659614,0.39711803
2255,1130,107.10486,0.45289537,0.21502367,0.41380632
2256,1127,73.69,0.45294565,0.14894076,0.28828374
2256,1126,152.27432,0.45456812,0.3121637,0.6025725
2256,3016,103.37091,0.4524303,0.2094521,0.40425467
2256,2255,66.31331,0.451423,0.13400413,0.2602737
2257,1128,47.40647,0.45580357,0.09499184,0.18375191
2257,3055,13.707899,0.4579135,0.02991835,0.057807006
2257,2258,16.784174,0.4609799,0.036561586,0.0705032
2258,4747,1.8824959,0.45980954,0.0036400333,0.007491559
2258,2257,17.196405,0.4610116,0.037422135,0.07218177
2258,1129,36.7915,0.45855492,0.081591204,0.15543267
2259,2525,31.219131,0.46618998,0.078281865,0.14950174
2260,2261,5.930332,0.4679808,0.0118805915,0.02356644
2260,2262,1.9229622,0.46101493,0.0027158856,0.0054702014
2260,1170,65.8889,0.46104693,0.12687641,0.24621865
2261,1171,131.37524,0.45255962,0.26315975,0.5077892
2261,2262,7.099724,0.46272883,0.014649399,0.02888082
2262,2260,1.8938484,0.46265817,0.0025555864,0.0052212775
2262,1170,122.99157,0.45858762,0.2477372,0.47791916
2263,3015,62.888996,0.48457584,0.12377271,0.24041985
2263,2593,32.344845,0.49087152,0.070633724,0.13536686
2263,5574,41.042126,0.49105635,0.08762689,0.1698334
2264,79,9.809601,0.44039202,0.026856504,0.0522494
2265,18,4.1552086,0.44022426,0.010764264,0.021124184
2265,6386,45.705143,0.43100286,0.09273935,0.1779811
2266,3338,232.747,0.4458626,0.48260662,0.9315426
2266,6021,22.059134,0.43538094,0.062742785,0.12166707
2267,2973,44.26648,0.47824028,0.08745667,0.16955186
2267,5699,68.66116,0.47498503,0.134336,0.26005822
2267,4068,66.55275,0.4720357,0.12951979,0.2517101
2267,2972,26.363602,0.47388095,0.054992776,0.1044821
2268,2972,55.84824,0.4784736,0.108705096,0.2105038
2269,4377,1.3759384,0.47541913,0.0018306822,0.0041840672
2269,5703,139.04526,0.4678094,0.2786816,0.537858
2269,4376,123.34636,0.47137675,0.27280143,0.5246862
2270,3169,197.8152,0.45759895,0.40530735,0.7791457
2270,1942,47.971367,0.46972096,0.093787774,0.18120182
2270,5700,100.498146,0.4667778,0.20157218,0.38791037
2271,1469,44.512615,0.42433077,0.14726174,0.28511807
2272,3991,0.24176788,0.4319567,0.005759239,0.011537448
2273,2272,1.7949486,0.42781562,0.004060708,0.007980049
2273,2271,2.427391,0.43560737,0.009523548,0.018374518
2274,3830,2.6508446,0.25532445,0.0024846792,0.0044925213
2274,3829,14.860733,0.25367117,0.03521433,0.066855215
2275,2412,85.59895,0.5064864,0.16648343,0.3225574
2275,705,46.079258,0.50336653,0.09089743,0.17607993
2275,704,89.59318,0.5063916,0.17338166,0.33582747
2276,6329,41.20159,0.50389165,0.08789965,0.17057611
2276,705,98.08128,0.50108004,0.21228124,0.4094744
2276,1372,49.843826,0.503028,0.09860366,0.19142036
2277,108,2.8761864,0.43680215,0.007653713,0.015526339
2277,4435,31.611187,0.43837732,0.079573914,0.15158848
2278,256,13.770243,0.29348046,0.038615476,0.07410813
2279,631,84.072586,0.3637697,0.18203585,0.3511334
2279,1311,23.249922,0.37055856,0.053876933,0.10155063
2279,6266,4.2858887,0.3669923,0.010032542,0.019233659
2280,520,47.267635,0.34543222,0.10321327,0.19779994
2280,1231,32.92444,0.33950087,0.0725393,0.1365869
2280,519,37.734222,0.3511455,0.081264414,0.15305278
2281,2279,2.2333145,0.3668263,0.005297117,0.010156512
2282,6267,1.6324501,0.35993648,0.003997989,0.0076424778
2282,1231,39.7961,0.3468523,0.092246,0.1768999
2283,3697,40.47793,0.27574205,0.09208458,0.17418322
2283,1233,22.211391,0.2616468,0.052922748,0.09939534
2283,370,22.376814,0.2786184,0.053178035,0.10002188
2284,4038,15.683617,0.27574137,0.040702242,0.07773125
2285,370,20.973045,0.2895092,0.049384672,0.09272861
2285,7060,20.502964,0.29432306,0.049062096,0.09198137
2286,2832,24.868793,0.24675089,0.06048007,0.11416047
2286,1673,7.078251,0.2443803,0.015757933,0.029673353
2287,2626,1.8363228,0.43150893,0.0028359666,0.0058648586
2287,3422,79.71715,0.42559826,0.16350308,0.31532744
2287,3703,45.879112,0.44122678,0.12023059,0.23312122
2288,7032,118.659515,0.3894918,0.24996924,0.47982454
2289,2290,9.429756,0.41794667,0.019797534,0.038543224
2289,3259,31.120617,0.41075236,0.06514305,0.12296036
2289,1851,194.58792,0.39818224,0.41262853,0.7946318
2289,2517,6.3534317,0.4122812,0.013146587,0.02590014
2290,2289,9.304039,0.41904834,0.019714423,0.03859517
2291,2774,3.3406334,0.4988446,0.0059784204,0.011960596
2291,3588,38.007072,0.4970848,0.07581407,0.14560208
2292,6908,1.9063759,0.4978292,0.0035823882,0.0072238445
2292,3597,34.801617,0.5025016,0.07649256,0.14571029
2293,2294,3.8060913,0.4990448,0.007976182,0.015953556
2293,6501,36.513718,0.4981794,0.079175286,0.15088744
2294,2297,2.0942001,0.4968676,0.00422398,0.00885646
2295,2293,4.8117065,0.49696028,0.010496803,0.02126734
2296,2292,1.8013573,0.49929515,0.003177017,0.006792143
2297,909,4.5730896,0.4989894,0.009083837,0.01815568
2297,2296,3.3902283,0.49368852,0.007195808,0.014553562
2298,406,1.9251976,0.49509317,0.0026384294,0.0055094957
2298,2313,29.926311,0.4952763,0.06219421,0.118113995
2299,1856,57.888405,0.38294154,0.11902042,0.22931826
2300,2340,111.19624,0.30653965,0.25068334,0.48450512
2300,1234,64.28637,0.2586433,0.147275,0.28676456
2300,1267,67.63037,0.27604154,0.15461737,0.29997814
2301,1926,1.9561691,0.42288178,0.0032450408,0.0066074133
2302,3538,1.727066,0.40979108,0.00273519,0.005716726
2302,1258,24.963438,0.4067459,0.054142136,0.10167497
2302,1036,46.086544,0.41685164,0.1031477,0.19884934
2303,3537,1.4831696,0.38829106,0.00494767,0.009661794
2303,1037,63.05465,0.39515197,0.14578359,0.282512
2304,2305,30.431099,0.42489573,0.064098276,0.121229656
2304,3664,23.472235,0.42218196,0.05139728,0.097176135
2304,3435,27.873077,0.42132944,0.060000613,0.11273334
2305,1279,56.77297,0.42036662,0.11445933,0.2205466
2305,2304,30.442537,0.42492926,0.06429759,0.12153319
2305,1217,24.072748,0.42401716,0.05224695,0.098442994
2306,109,10.679853,0.43918166,0.025364585,0.04932794
2306,6419,6.8825874,0.43843412,0.017124422,0.033587515
2307,2308,10.172329,0.3566172,0.022005312,0.04207869
2307,5612,22.600769,0.34553492,0.05029067,0.094586104
2308,6834,1.8512497,0.35925907,0.0032736734,0.0063224733
2308,1625,8.820274,0.3530933,0.018672459,0.03606917
2309,3803,1.721386,0.42609534,0.0035739243,0.007371545
2309,1621,19.787407,0.43148908,0.044378247,0.08490095
2310,1892,28.809628,0.4260915,0.060887888,0.11514863
2310,3566,30.453037,0.42382246,0.065529056,0.12238454
2310,5245,30.771942,0.4277525,0.064760014,0.12178981
2311,6794,1.976963,0.50616616,0.0040049776,0.008417681
2311,3381,1.2142448,0.5015751,0.0013233721,0.0029158592
2311,6711,145.24222,0.4964662,0.2905704,0.5631881
2312,381,14.307386,0.49465984,0.030248236,0.05901573
2312,407,1.6430321,0.4913437,0.002550371,0.0053708553
2313,382,4.0948753,0.4950897,0.0076530725,0.015626714
2313,2298,29.905727,0.49627447,0.061834387,0.11749908
2314,680,42.97336,0.49062425,0.09196304,0.17826238
2315,252,2.0723,0.37172356,0.004932113,0.009468198
2315,4868,7.731102,0.37232727,0.009813018,0.018945575
2316,2318,6.3656235,0.2848165,0.014875047,0.028093562
2316,370,8.257217,0.28570557,0.019124113,0.03612803
2316,1673,43.629646,0.26599887,0.09791424,0.18533272
2316,1676,28.027779,0.29867828,0.06356692,0.11906406
2317,2318,2.045967,0.28421906,0.005280085,0.009726509
2317,2319,1.7003822,0.28474897,0.004474908,0.008276105
2317,627,27.98001,0.3021286,0.07254486,0.13916627
2318,2316,6.401886,0.28419125,0.015029676,0.028217345
2318,2317,2.1601562,0.28440335,0.005474396,0.010245115
2318,1669,32.552536,0.30220634,0.07338735,0.13754806
2319,2317,1.7285042,0.28535825,0.0043879673,0.008103833
2319,7027,15.110844,0.27922928,0.038015634,0.07241122
2320,2228,39.610287,0.31705728,0.09154901,0.17343132
2321,2323,30.194836,0.39616513,0.064622015,0.12143317
2321,1255,30.214533,0.40059033,0.064513564,0.12046229
2321,2226,67.02356,0.4015347,0.13728696,0.26536945
2322,1441,41.630077,0.38477805,0.08652965,0.16508493
2322,1442,31.99056,0.38310438,0.067992546,0.12864721
2322,7033,21.332834,0.38950485,0.04696893,0.089141004
2323,1211,21.017914,0.38947517,0.04646483,0.088045366
2323,2321,30.346283,0.3947823,0.06486147,0.12195209
2323,2224,70.66615,0.39779827,0.14453086,0.279241
2324,3578,10.344139,0.43169352,0.02466409,0.047911838
2324,4059,1.9396629,0.42490378,0.0028932914,0.005944237
2325,3330,9.681969,0.2795639,0.021072276,0.03827119
2326,1119,51.29888,0.47695294,0.13989623,0.27210596
2326,2077,104.469894,0.47503424,0.20907618,0.4035767
2327,2884,12.665249,0.47598082,0.026966132,0.052727327
2327,5521,37.939987,0.4794521,0.117402956,0.22946492
2328,3726,39.08245,0.38468742,0.082279675,0.15588465
2328,1854,44.948486,0.38385057,0.09278494,0.17711107
2328,3725,59.49843,0.38552493,0.12278485,0.23683377
2329,3728,15.659096,0.37596303,0.023806319,0.04585938
2329,5750,5.034485,0.37328583,0.010699622,0.020487145
2329,1857,55.961082,0.37274355,0.116895564,0.22673015
2330,3726,1.804821,0.3792457,0.0030948296,0.0060542673
2330,16,12.753412,0.37860858,0.028593726,0.05447936
2331,11,1.7171478,0.36165446,0.0030728877,0.006166473
2331,2920,45.52153,0.3622014,0.118732736,0.23263676
2332,2561,41.499928,0.34306902,0.08792175,0.1661194
2333,2013,84.11485,0.3337934,0.18392631,0.35724348
2333,1235,35.94263,0.3161486,0.080000244,0.15017068
2333,1267,75.42961,0.30272835,0.16978173,0.32877958
2333,6476,83.10692,0.33488315,0.18484154,0.35725176
2334,5794,1.1777267,0.3688638,0.004724756,0.009294257
2334,3511,29.502075,0.3694771,0.06415131,0.1206501
2334,5399,53.11703,0.3707834,0.11003479,0.21225977
2335,892,83.76394,0.46790326,0.16781065,0.3233724
2335,893,69.02019,0.4633731,0.13801259,0.2673036
2335,2191,124.21131,0.46980235,0.25118363,0.48431754
2336,60,36.85253,0.49633458,0.08113785,0.15198049
2337,2053,61.913673,0.35889116,0.13059032,0.25284833
2338,5391,5.512741,0.45175165,0.014027178,0.027250811
2338,4818,25.074713,0.44807106,0.050386433,0.095812336
2339,2008,20.076601,0.34480587,0.044877056,0.08501665
2339,2921,3.510872,0.34687948,0.00762666,0.014656067
2339,2006,39.78578,0.351878,0.085153826,0.16136682
2339,2553,57.956036,0.34183267,0.1237154,0.24083863
2340,2008,52.342075,0.3404057,0.11062971,0.21304752
2340,5557,30.037092,0.33510846,0.0665421,0.12409655
2340,2300,111.16103,0.30807045,0.25036106,0.48383695
2341,1208,23.487225,0.3511224,0.05302186,0.09923873
2341,536,127.39183,0.32467598,0.2823716,0.5436528
2341,2342,40.003063,0.35907868,0.085190244,0.16179727
2342,1517,115.88442,0.3648396,0.24948475,0.48024392
2342,1837,66.00186,0.37286514,0.13992967,0.27083135
2342,2341,40.64825,0.3624665,0.08603907,0.16335922
2343,1518,7.338608,0.38040286,0.015306503,0.029600725
2344,580,2.4942245,0.39874583,0.0047011226,0.009498924
2344,583,12.418175,0.39709356,0.02747567,0.05269219
2344,537,53.043465,0.40178376,0.11875242,0.23040904
2345,1254,37.76176,0.40495887,0.07736384,0.14614758
2346,1201,59.790718,0.4248842,0.12000936,0.23189798
2346,1515,22.054356,0.42576674,0.048243314,0.09147536
2346,2356,15.183382,0.42641318,0.03227786,0.062246308
2347,1514,2.1010437,0.41415313,0.0035448298,0.007206753
2348,2402,125.06938,0.39568847,0.26355967,0.50686175
2348,2349,6.8128014,0.39979467,0.014326245,0.028045043
2348,1553,209.93727,0.40191013,0.44627768,0.8586514
2349,2348,6.971939,0.39955282,0.014507137,0.028157145
2349,1506,68.65091,0.39556032,0.15527153,0.30009285
2349,5264,112.42074,0.40151906,0.2554298,0.49076432
2350,1572,91.58357,0.4091564,0.18330416,0.3547167
2350,5265,57.259388,0.41220433,0.12872265,0.25182346
2351,2241,10.846077,0.45173573,0.024081968,0.046981707
2351,6418,34.07663,0.44786692,0.07505354,0.14277756
2352,5056,12.298611,0.4224447,0.028540313,0.055217154
2353,3355,2.0730476,0.43315688,0.0033062696,0.0067153573
2353,6774,5.8653793,0.4371748,0.010448396,0.020674825
2354,5988,30.313715,0.443398,0.06955911,0.13110577
2354,1199,3.034935,0.44277206,0.006479956,0.0128264725
2355,4924,2.6768875,0.43329918,0.0045803115,0.00881587
2355,2358,18.742691,0.4342477,0.04031212,0.07772198
2356,2357,58.871513,0.42462802,0.118644394,0.2293247
2356,2346,15.154987,0.42619473,0.032210637,0.06208366
2356,1277,17.962107,0.42668408,0.03850015,0.074112654
2357,1199,58.667015,0.43335012,0.11861048,0.22908312
2357,2356,58.8511,0.42536893,0.11876854,0.22950312
2357,1201,9.981995,0.43194345,0.020782448,0.04042904
2358,1201,27.036064,0.4330725,0.05795967,0.10914485
2358,2355,18.712448,0.43229207,0.040194087,0.07755824
2358,4949,8.883072,0.43231684,0.018342093,0.035961002
2359,2365,2.7507172,0.4383893,0.0057776123,0.01143752
2360,4420,22.171104,0.44382766,0.049976654,0.0951068
2360,6946,4.4644775,0.44300708,0.009514272,0.018623069
2360,6845,39.89203,0.44422323,0.08853442,0.17124072
2361,6946,5.9226646,0.44021013,0.012548298,0.024826348
2361,2360,4.867077,0.44255888,0.010575138,0.021060139
2362,2361,2.0512848,0.43540865,0.003628254,0.0071914643
2363,6943,3.9843788,0.4401548,0.008320555,0.016432181
2363,93,53.728775,0.44414842,0.11797817,0.22805823
2364,2363,3.0274544,0.43835706,0.006092064,0.01208806
2365,3621,55.613503,0.4472885,0.1221329,0.23639658
2365,1325,3.2708397,0.4416253,0.0065770745,0.012970731
2366,881,4.544384,0.43470216,0.011232495,0.02210775
2367,6342,2.4849892,0.46418548,0.004101306,0.008400023
2367,6622,1.7604561,0.4648305,0.0025825053,0.005440682
2368,2367,35.850754,0.46503422,0.0688708,0.12865601
2368,6411,12.11977,0.4670443,0.02350545,0.04641989
2369,1058,34.21273,0.4719845,0.064294495,0.12059234
2369,1687,44.095306,0.46833283,0.076498374,0.1447187
2369,6411,9.717464,0.45811877,0.023166843,0.045249194
2370,1356,27.90047,0.4322294,0.058706023,0.11196785
2370,6203,36.748684,0.4338818,0.10016728,0.19256432
2371,1354,26.286638,0.42927453,0.05651166,0.10646542
2371,1355,49.6508,0.43089855,0.09926869,0.19130778
2371,1356,74.48695,0.43043023,0.15016305,0.29088083
2372,4463,1.4702644,0.4939869,0.0018619224,0.0041704923
2372,347,55.18112,0.49387744,0.122981295,0.23918745
2373,6572,2.64719,0.49265182,0.0019831657,0.0045389533
2373,3889,9.309067,0.5000058,0.020679623,0.04078111
2374,2375,27.760252,0.415543,0.06162762,0.116322406
2374,1508,193.64586,0.39392418,0.41020894,0.7872018
2375,1507,111.39888,0.42060593,0.2258718,0.43402386
2375,2374,26.30642,0.4175328,0.05829744,0.1103754
2376,2227,29.724272,0.34303078,0.06620148,0.12443027
2376,2185,60.7093,0.3477915,0.07684369,0.14134055
2376,1257,9.15556,0.34763443,0.015689246,0.030409306
2377,5053,2.557003,0.49870262,0.004420817,0.00897561
2378,411,18.694025,0.49536,0.040316317,0.07796121
2379,2377,33.08088,0.4982173,0.06700131,0.12757954
2379,777,17.300064,0.49469447,0.03652064,0.07117799
2380,3470,67.11626,0.48383424,0.18002951,0.34604323
2381,5685,1.5852776,0.4713598,0.005188994,0.011167049
2381,5686,14.305597,0.4728676,0.028014056,0.05513496
2382,1025,10.8088665,0.4823973,0.020585388,0.040421963
2382,3385,7.887398,0.48019633,0.019518353,0.038486317
2383,893,12.159147,0.4616683,0.026427113,0.051091716
2383,677,150.23721,0.45786393,0.3372272,0.6510422
2383,1171,89.8797,0.45695907,0.17947784,0.3452815
2384,2994,4.6038704,0.44893724,0.0088102445,0.017422706
2384,118,5.5682793,0.44849992,0.010995559,0.021810457
2384,2607,51.826645,0.44798252,0.1084605,0.21024297
2385,2876,167.91183,0.45599616,0.34383518,0.66300297
2385,1178,70.69633,0.45978227,0.15667574,0.30156103
2385,1177,119.95989,0.45012587,0.2687933,0.51789963
2386,1183,61.394215,0.46378097,0.12166175,0.23571794
2386,1172,41.23235,0.46311596,0.081462786,0.1563533
2386,2387,52.74809,0.4679035,0.10471402,0.20338279
2387,2386,52.816612,0.46501422,0.10456592,0.20344634
2387,1172,25.975784,0.4636623,0.058199495,0.11052432
2387,2183,115.66168,0.46777058,0.2554484,0.4926908
2388,6446,1.6585159,0.47534695,0.0023523644,0.0048173517
2388,2217,47.94164,0.47584948,0.0945527,0.18314497
2388,6445,19.24415,0.47369152,0.042356763,0.08173666
2389,3912,1.4792519,0.4797539,0.003122434,0.0064080656
2389,4536,42.094666,0.4759519,0.09126375,0.17617321
2390,2998,77.322815,0.3809123,0.16371334,0.31626487
2390,4915,67.94715,0.37529823,0.14318171,0.27793324
2390,2007,37.627434,0.37532902,0.07962301,0.150656
2391,3688,80.88355,0.39345798,0.16920209,0.32653707
2391,2392,50.205574,0.38522112,0.104280174,0.19973896
2391,574,28.437042,0.3893171,0.061897643,0.11670377
2392,6177,2.8659859,0.38083827,0.006568022,0.01288569
2392,2391,49.965176,0.3876908,0.10305398,0.19752902
2392,4670,3.1748505,0.38166475,0.009156227,0.017608538
2393,4794,76.18331,0.5222039,0.14358604,0.27904135
2393,1963,267.75903,0.50347537,0.5372116,1.0458854
2393,513,85.01709,0.5305128,0.16201101,0.31501472
2394,796,20.056515,0.45123452,0.038241327,0.072590195
2394,2067,68.09197,0.44743443,0.10228014,0.1975156
2395,2746,129.77637,0.46905944,0.25884274,0.4995311
2395,697,28.01989,0.47836146,0.05912413,0.112343274
2395,3231,105.77086,0.47558922,0.21032183,0.40515932
2396,2015,190.96744,0.37781626,0.40984523,0.7862205
2397,4666,81.67403,0.30755562,0.18110211,0.3504191
2398,2115,1.7916641,0.41784626,0.0026166886,0.005350545
2398,4828,9.007294,0.42421576,0.021520935,0.0418593
2399,2057,1.4530754,0.49487132,0.00316073,0.0065069348
2399,3478,44.940517,0.49354267,0.10054883,0.19536139
2400,2143,74.407555,0.486352,0.14449291,0.28000832
2400,2401,102.13343,0.48160344,0.20166603,0.38840038
2400,3433,30.70061,0.48685348,0.06292689,0.11997365
2401,4527,1.4289856,0.48465997,0.0018677264,0.004254207
2401,2400,101.037796,0.4840664,0.20153017,0.38809204
2401,3070,11.867565,0.4875093,0.025984056,0.050573304
2402,5806,1.6576309,0.39215985,0.0028886944,0.005811304
2402,2348,124.94062,0.39602762,0.26505238,0.51019984
2402,534,68.2219,0.38976574,0.18768477,0.361827
2403,1500,34.208458,0.4281219,0.07603613,0.14448053
2403,3608,82.31881,0.42808065,0.18650275,0.3590932
2404,3589,3.3910332,0.4212188,0.006628193,0.013315976
2405,2420,99.10927,0.4118577,0.2056392,0.39560735
2405,3589,57.24689,0.41255558,0.11779841,0.22794549
2405,6981,71.00774,0.41099906,0.14484209,0.27942437
2406,6689,1.2128563,0.40857843,0.0039505586,0.008000031
2406,7015,12.053139,0.4019547,0.028136216,0.054324187
2407,2408,35.245193,0.40249866,0.09044754,0.17086616
2407,2406,1.773735,0.40494424,0.0049814135,0.009737372
2409,2408,1.2377243,0.3982702,0.024972908,0.0501422
2409,2406,31.071064,0.40025365,0.07952249,0.15197983
2410,641,76.183754,0.4684851,0.15054175,0.2906568
2410,4337,18.595713,0.47019872,0.046151344,0.08950816
2411,2167,4.635521,0.24872392,0.009282209,0.016299456
2411,2168,2.223545,0.47461337,0.006785132,0.013155311
2412,2275,85.50719,0.49947408,0.1660054,0.3217871
2412,704,26.52969,0.5070647,0.06470724,0.124433525
2413,2424,16.391108,0.39433557,0.039486717,0.075487725
2413,2415,95.231735,0.39959568,0.19750804,0.38044524
2414,3973,1.6432037,0.3963654,0.0026358142,0.0053740144
2414,2420,104.96181,0.4027331,0.21903455,0.42117006
2414,572,52.940796,0.39659944,0.13717036,0.26725
2415,2420,106.0614,0.40535468,0.22068891,0.42395583
2415,2421,34.695995,0.4059822,0.072429106,0.13732821
2415,2413,94.80615,0.39590475,0.19577648,0.37688774
2416,6879,11.458448,0.4715803,0.02517175,0.048669025
2416,3950,14.451149,0.4741891,0.020746276,0.040975124
2417,2016,38.36252,0.37471753,0.084405504,0.1606862
2417,2051,29.11673,0.3714006,0.0672603,0.12677076
2417,2418,38.882652,0.37397364,0.082190834,0.15622568
2418,2422,47.875767,0.3799446,0.10064321,0.19229671
2418,2016,55.885124,0.37708873,0.11683254,0.22447923
2418,2419,72.849236,0.3814017,0.15384263,0.2973193
2418,2417,38.971542,0.37726444,0.082332365,0.15622988
2419,2418,73.292755,0.38133478,0.15383562,0.2965022
2420,2414,105.937195,0.39840388,0.21946856,0.42204863
2420,2405,99.26535,0.41039923,0.20657185,0.39714682
2420,2415,106.38293,0.40448105,0.22163388,0.42584488
2421,533,114.566895,0.40226623,0.26287487,0.5057765
2421,2415,34.9943,0.40414822,0.07255862,0.13755193
2421,6979,41.987144,0.4061351,0.09330486,0.17970166
2422,2418,48.14964,0.38064292,0.10017733,0.1912771
2422,6177,31.249054,0.38138872,0.07224947,0.13672844
2422,2051,41.207397,0.3764773,0.09447275,0.18135557
2423,5025,2.446762,0.30134222,0.006083809,0.011626855
2423,2052,28.549292,0.13324997,0.077349454,0.14861548
2423,3554,58.248688,0.2836944,0.13370861,0.26209638
2424,3687,1.8094597,0.4000781,0.002930127,0.005994186
2424,2426,26.605055,0.3982194,0.066084415,0.12473607
2425,573,115.56284,0.3907911,0.2432062,0.4668904
2425,3815,4.11462,0.39384723,0.008354664,0.016584605
2425,3625,97.74185,0.39390108,0.20349431,0.39174563
2426,3688,2.1081505,0.4010467,0.0035397112,0.0072078854
2426,4842,32.267014,0.4013784,0.08383359,0.15885407
2427,3686,9.396061,0.39465538,0.020038001,0.038867325
2427,2428,31.296717,0.39373785,0.06659324,0.12516215
2427,2019,34.14375,0.39270186,0.07195756,0.13670623
2428,3625,3.5148544,0.39271867,0.0070491657,0.013927862
2428,573,32.25289,0.39096457,0.06853187,0.12951317
2428,2427,31.511742,0.3926561,0.06662826,0.1252453
2429,2247,4.218624,0.45281643,0.013784595,0.027188763
2429,2708,2.0526924,0.44371176,0.0028876364,0.005784288
2430,2467,12.735516,0.3169409,0.027985997,0.05343692
2430,2035,56.2886,0.32883582,0.1205959,0.23448615
2430,3984,59.657356,0.2976066,0.13137181,0.25616032
2431,2432,30.870394,0.30219442,0.06885865,0.13018864
2432,2025,73.02939,0.28396857,0.16538922,0.3222616
2432,527,27.98308,0.30108905,0.06411453,0.12000297
2432,2431,31.145485,0.30355844,0.06905064,0.13016468
2432,2433,55.69262,0.27809864,0.12357802,0.24065036
2433,2037,1.7397728,0.2585869,0.0051818117,0.009339437
2433,2432,54.169342,0.278104,0.12571658,0.24449916
2433,4953,29.989012,0.1516177,0.07930033,0.15274243
2434,3893,3.0523148,0.48095816,0.011322804,0.022676632
2435,2436,31.169579,0.48550776,0.082650684,0.15879083
2435,2434,59.38772,0.47723106,0.20309624,0.392368
2436,4513,0.6910782,0.47602788,0.0030468777,0.006931931
2436,1194,1.5402718,0.48046985,0.00321839,0.007038936
2437,4511,41.88533,0.4845942,0.11203933,0.21742833
2437,3519,63.985546,0.48047188,0.20503086,0.39700758
2438,3519,33.442017,0.48726255,0.08712011,0.16646357
2438,2436,4.287075,0.48447257,0.00944785,0.019001648
2439,5850,1.4222336,0.47874048,0.0046375543,0.009711787
2439,6481,67.28476,0.4800747,0.2078166,0.40217227
2440,4018,1.2572212,0.4764305,0.0045497194,0.0093817115
2440,2441,70.41026,0.46925202,0.22750393,0.437451
2441,2442,1.1902733,0.4642676,0.0039323717,0.008172065
2441,3145,76.87729,0.4688059,0.27222127,0.5261589
2442,2441,1.0119514,0.4718868,0.0034099817,0.00721848
2442,6988,104.00917,0.4738179,0.20708199,0.39830413
2443,3795,1.6049957,0.5385895,0.0013257489,0.002945438
2443,6809,17.204485,0.5392678,0.041308403,0.08075458
2444,3125,1.2065773,0.5253003,0.0018728748,0.0052143633
2444,1630,1.0471191,0.28913057,0.0,0.0
2444,6820,1.6352501,0.2582633,0.0017381534,0.0011408329
2445,419,6.079918,0.43733954,0.015190862,0.029811159
2445,1059,17.461437,0.43989286,0.03546739,0.06891815
2446,4284,2.9815674,0.4806341,0.0055448636,0.012209594
2446,2803,1.6087456,0.46074927,0.006570637,0.013926461
2447,3230,38.11147,0.47517097,0.07391983,0.14116478
2447,3488,75.29154,0.47926015,0.14813823,0.28536695
2447,3282,94.97366,0.47126576,0.18959826,0.36528772
2448,2449,0.7983818,0.5385193,0.003231436,0.0066780597
2448,6303,21.186909,0.031041354,0.08898115,0.18283868
2449,2448,0.70001984,0.5345382,0.0024991632,0.0047961622
2449,6170,44.074043,0.5286345,0.08928208,0.17268997
2449,4293,32.470623,0.53001297,0.067395374,0.13066894
2450,5157,30.593191,0.46302447,0.06431173,0.12133566
2450,3477,9.11134,0.4667833,0.018973783,0.03711912
2451,2967,2.5340347,0.45645416,0.0041231588,0.008241519
2451,6262,2.2794304,0.44823173,0.0031679869,0.006714314
2451,2453,31.374315,0.47002542,0.083261974,0.15851477
2451,2452,27.717327,0.45367253,0.07084249,0.13447861
2452,4148,33.36455,0.41988385,0.1101071,0.21491462
2453,5597,9.273861,0.4709133,0.025573455,0.05011016
2454,2047,74.80145,0.3743971,0.16080028,0.31050462
2454,2456,46.532288,0.3839127,0.09658733,0.18468788
2454,2455,35.352318,0.38287294,0.07498112,0.14200506
2455,2454,35.456062,0.38355094,0.074895434,0.14210464
2455,2032,26.457678,0.383291,0.057639282,0.108567625
2455,2456,18.92433,0.38477626,0.041450527,0.07948304
2456,2454,46.638573,0.38503498,0.09647242,0.18469033
2456,3720,41.1379,0.38489997,0.084134586,0.1599808
2456,2455,18.823486,0.3850953,0.041241296,0.07909039
2457,3982,49.77337,0.31504226,0.10862764,0.2105601
2457,2023,21.82561,0.32942122,0.04938787,0.0930108
2458,2047,66.892876,0.35295117,0.1422154,0.27505022
2459,287,1.4622536,0.5379734,0.0017613992,0.004030183
2459,474,27.737999,0.53648925,0.06774139,0.13071343
2460,1440,92.802025,0.42664695,0.18684357,0.35991
2460,4810,4.080635,0.45800215,0.0074447617,0.014677286
2461,1470,31.476795,0.47014302,0.06981575,0.13379514
2461,6788,61.511524,0.46786872,0.13593578,0.26334363
2461,3050,25.415705,0.4696082,0.056844737,0.1081288
2462,1468,78.85753,0.42644078,0.16081272,0.30937898
2462,1718,52.73105,0.42433894,0.17684291,0.34232712
2463,1019,22.849031,0.45832133,0.0514436,0.097828954
2464,679,15.330452,0.44260436,0.032973066,0.064213246
2464,2465,21.30519,0.4298511,0.043816414,0.083671674
2465,2464,21.527872,0.4323884,0.04387894,0.0836611
2465,679,8.397587,0.44085196,0.020267792,0.03983338
2466,474,1.3360634,0.53788495,0.0017156079,0.004323274
2466,287,27.126701,0.5362336,0.067538805,0.12987427
2467,5071,2.3263435,0.31625995,0.0050744712,0.009786531
2467,2050,43.12501,0.2056067,0.117167756,0.23927201
2467,2430,12.13987,0.3124535,0.026730217,0.05113858
2468,3979,1.8744736,0.2769658,0.004445836,0.008078977
2468,3984,12.32325,0.28173202,0.028303996,0.05331926
2469,1889,0.99150467,0.009101331,0.008355267,0.015217006
2470,290,1.4995499,0.5345399,0.0018842667,0.004175946
2470,2459,15.438557,0.5383831,0.03667541,0.07144596
2471,6006,1.6257744,0.37851936,0.002981484,0.0059485435
2471,3773,117.05762,0.39229947,0.24311349,0.46736968
2471,2029,25.240374,0.3791875,0.059256338,0.11139982
2472,6635,29.053295,0.4130854,0.062472165,0.11758268
2472,800,134.28477,0.41733286,0.27797505,0.5339896
2472,4058,81.85983,0.40580362,0.16829957,0.3198174
2473,3908,2.1847153,0.36880407,0.004242778,0.008184314
2473,5783,2.148243,0.3688787,0.0040884167,0.008029148
2474,175,7.9345474,0.4760412,0.018983774,0.03724225
2474,2521,5.4417114,0.47073722,0.013503619,0.02661258
2475,2476,1.2154999,0.44290125,0.0041941553,0.0087650865
2475,766,74.985466,0.45077032,0.2606753,0.5013484
2476,2475,1.3610802,0.4428582,0.0046890154,0.009877801
2477,769,41.06739,0.3030125,0.09732227,0.18466882
2478,2477,2.645378,0.3152117,0.0077590123,0.0146496
2478,1153,45.471596,0.30153805,0.10241445,0.19400008
2479,1991,1.368885,0.38663098,0.0047987923,0.009753138
2479,6729,29.670155,0.38198215,0.06473232,0.12152449
2480,3200,1.3794937,0.47288543,0.002932459,0.0059096217
2480,1431,37.541286,0.4702869,0.10332374,0.20237738
2481,2482,2.5411148,0.31073532,0.004194826,0.008010358
2481,1908,68.14171,0.31131607,0.15088598,0.2938862
2482,1901,16.638575,0.3147264,0.038874257,0.074408196
2483,4547,45.14731,0.40183014,0.103997014,0.2028061
2484,2483,3.0416832,0.40476558,0.0044729337,0.008791983
2484,2033,2.0369682,0.3947621,0.003898248,0.007868797
2484,2510,56.74765,0.40042245,0.115058996,0.22247489
2485,2487,81.89708,0.38894874,0.16800895,0.3236115
2486,6635,98.02869,0.40348083,0.20313416,0.39058566
2486,2033,24.959787,0.3927079,0.05805174,0.10921812
2487,2485,80.71736,0.39513716,0.16945788,0.32758915
2487,2486,30.316774,0.39341396,0.07109416,0.13401388
2488,6727,54.28662,0.4968549,0.104246944,0.20322496
2489,280,34.478985,0.4745247,0.07050959,0.13426492
2490,365,9.595539,0.47415146,0.018089436,0.035219625
2490,6619,4.5427513,0.47392744,0.011589877,0.02314587
2491,6632,52.428238,0.4584296,0.1401922,0.27163032
2491,2495,1.3615417,0.4583888,0.004315652,0.008808494
2492,3504,2.6214943,0.459553,0.008016691,0.015541106
2492,2491,3.1204338,0.46150407,0.009090088,0.017926946
2493,2492,1.0579948,0.4562362,0.0036524385,0.007841438
2494,2493,0.8167877,0.4568377,0.004377298,0.009137124
2494,5390,28.52489,0.4534552,0.07501447,0.14319518
2495,2494,1.2422523,0.46253738,0.004077956,0.008467659
2496,1056,3.129879,0.4702058,0.008464076,0.017101705
2496,6620,18.769627,0.47200352,0.04440879,0.085592866
2497,6619,3.511238,0.4691542,0.0065893903,0.0134149045
2497,365,2.6015549,0.46824846,0.0033134595,0.0067703724
2498,5488,56.53495,0.5334355,0.10792935,0.21043667
2498,5401,79.737,0.53020763,0.26790252,0.5193262
2499,3391,1.8676224,0.4810001,0.002199255,0.004199028
2499,1536,121.663506,0.46984363,0.18655886,0.36091918
2499,1534,80.82942,0.47983128,0.16010897,0.30767232
2500,4095,39.708076,0.5333879,0.08172495,0.15697071
2500,1635,1.2671623,0.5450761,0.0069704875,0.013621554
2501,5878,1.1435776,0.53959066,0.0035244226,0.0076996833
2501,5660,113.46369,0.31366822,0.37005082,0.63454425
2502,1882,84.75146,0.5294478,0.27672687,0.53474265
2503,2504,3.3753471,0.3868482,0.0036751777,0.0076693743
2504,2503,3.7313957,0.38998634,0.0045667365,0.009515747
2504,4540,7.6778984,0.3834359,0.017324917,0.03350468
2505,2503,6.161377,0.38032037,0.013823621,0.026480198
2505,4540,2.7058983,0.37999192,0.002462171,0.0051324368
2506,2194,28.043755,0.49208775,0.0689172,0.13072059
2507,1645,2.6958885,0.49517396,0.0070099756,0.014554426
2507,2892,22.495007,0.49404323,0.044100426,0.08442216
2508,27,56.69086,0.48829323,0.12771799,0.24690801
2509,2510,1.9511986,0.4084919,0.0032264665,0.006584972
2509,2018,51.724907,0.40781292,0.10333696,0.199045
2509,2513,45.141953,0.40880793,0.09154117,0.17524119
2510,2509,1.8917847,0.40909868,0.0031285137,0.006376952
2510,2484,57.392628,0.40145048,0.11502375,0.22294316
2511,6892,43.100075,0.4210019,0.086741075,0.16709846
2511,2512,25.341026,0.42190146,0.05468424,0.10282725
2511,2513,67.638794,0.41134375,0.13661075,0.2636178
2512,3378,45.539017,0.4237206,0.08980609,0.17275596
2512,6893,12.587299,0.42241377,0.026715316,0.051755175
2512,2511,25.020758,0.42112097,0.053992286,0.10176576
2513,2514,1.7411308,0.41302747,0.0027901456,0.0056821406
2513,2511,67.347534,0.41056558,0.13759023,0.2655573
2513,2018,12.638367,0.41057006,0.026944548,0.05197294
2514,2513,1.8576584,0.41401654,0.0029822588,0.0060921013
2514,2510,46.061703,0.40763307,0.09538479,0.18158853
2514,2048,95.58714,0.4065877,0.1989134,0.38197953
2515,2517,27.784534,0.41090345,0.059632953,0.11238946
2515,1078,1.5991974,0.40959087,0.005358763,0.010548338
2515,2518,26.174524,0.4048611,0.056314096,0.10576918
2516,4244,1.4960098,0.4062749,0.005943157,0.011739284
2517,2289,7.0926094,0.41206375,0.014681846,0.028842598
2517,1311,112.21679,0.39628702,0.25845364,0.49681687
2517,2515,28.282318,0.4087758,0.06018847,0.11326072
2518,6823,1.6819038,0.40342957,0.0027262792,0.005456805
2518,6821,8.201313,0.3990019,0.015112489,0.029243514
2518,2515,26.248022,0.4066652,0.056946196,0.10699129
2519,3100,1.1121979,0.5406028,0.0015479922,0.0038248599
2519,3134,2.9687347,0.5355805,0.010290623,0.019893497
2521,176,5.79084,0.4714898,0.014272325,0.028456733
2522,5532,102.101746,0.48539206,0.27298325,0.528245
2523,4744,1.8722916,0.45324162,0.0028184205,0.005934939
2523,2254,58.063164,0.44967774,0.15243647,0.29482588
2524,2526,70.15481,0.45698306,0.13789064,0.26633725
2524,5273,69.46806,0.45637152,0.13763362,0.26661545
2524,4744,130.8963,0.44849837,0.26768145,0.5146674
2525,1135,1.7025604,0.44363403,0.004558392,0.009175494
2526,2524,69.5276,0.452637,0.13831462,0.26820242
2526,1134,75.753235,0.4500718,0.1499512,0.2900619
2527,4875,2.0880547,0.46171877,0.0034061,0.0070462227
2528,5061,1.4326553,0.4786433,0.0044717416,0.00932616
2528,5848,118.89627,0.47930446,0.29949746,0.57794017
2529,3149,33.130875,0.48537916,0.083241835,0.15832701
2530,1163,2.9215126,0.48436406,0.0048401505,0.009549856
2530,7053,266.11493,0.46680728,0.109661765,0.22534943
2531,2529,25.307129,0.47972378,0.06128896,0.11748597
2531,2530,15.326687,0.4736471,0.032159835,0.062839784
2532,6538,23.28686,0.47921962,0.050295815,0.096317686
2532,6565,20.368578,0.48029178,0.04931721,0.095351085
2533,1844,139.01979,0.3583413,0.30230442,0.58004946
2533,4813,18.574808,0.40099132,0.0403607,0.07787948
2533,4475,50.937378,0.4051352,0.10340457,0.19762577
2534,1817,3.7354736,0.5122125,0.0069037974,0.013928339
2534,5600,56.559937,0.50051326,0.1104755,0.21470667
2535,3186,1.6921959,0.5154546,0.0026217103,0.00563848
2535,6576,9.148731,0.5149225,0.019071825,0.03754291
2536,3383,72.07563,0.4958819,0.15771991,0.30407962
2537,5181,2.5024757,0.2624176,0.0042596906,0.0070720017
2537,736,3.648262,0.51400685,0.004612915,0.010079637
2538,3974,41.04796,0.5181152,0.0798812,0.1536035
2538,2539,129.47435,0.5179304,0.25268823,0.48890024
2538,3101,69.6705,0.5156209,0.1459381,0.28206187
2539,2195,170.60266,0.5216954,0.3332191,0.64598715
2539,2821,67.10088,0.52662,0.13040929,0.25314033
2539,2538,130.42207,0.5196359,0.25284946,0.48900604
2540,2543,3.4478645,0.48911384,0.009085417,0.018353611
2540,4080,22.915134,0.4744074,0.047201946,0.09035878
2541,187,7.5792694,0.49189374,0.015087545,0.03004916
2541,405,29.387672,0.486414,0.060374998,0.114949
2541,2542,3.5950508,0.48750097,0.005537845,0.011063188
2542,2541,3.7391052,0.48667398,0.005988635,0.01211077
2542,6264,24.720467,0.48919436,0.05199108,0.09926582
2543,1636,3.4387703,0.4837078,0.008878984,0.017841205
2544,2545,5.935871,0.34659636,0.0128302425,0.024298534
2544,2563,18.105621,0.34951645,0.037371818,0.07131155
2545,6835,2.330593,0.3419126,0.0045721903,0.008753628
2545,3693,10.343218,0.3457256,0.021073535,0.040363297
2546,3698,3.4611702,0.34352022,0.009818815,0.018697917
2546,2548,8.80624,0.33465463,0.017297313,0.03300266
2547,2558,2.681839,0.34467202,0.0055249557,0.010689974
2547,6835,4.229965,0.34150556,0.007443741,0.014487639
2548,2549,3.266117,0.33882177,0.0066185147,0.012881398
2549,6814,56.128685,0.33971742,0.12008843,0.23299637
2549,2548,2.6886368,0.34129375,0.0060400814,0.011588559
2550,3691,2.1527748,0.38360897,0.0039974973,0.007934019
2550,2998,35.2062,0.38650894,0.07422146,0.14048399
2550,2564,2.2122192,0.3854937,0.0041531697,0.00821127
2551,2560,1.4674149,0.34156477,0.0058735237,0.011301577
2551,2921,61.415314,0.34491846,0.132522,0.25905448
2551,2918,19.01111,0.34204027,0.043038577,0.081665196
2552,2554,2.9843063,0.33783725,0.0047249943,0.009284988
2552,6816,2.9726524,0.34278387,0.0063818097,0.0122320205
2553,2555,1.3568573,0.34326082,0.005525738,0.010742754
2553,2339,58.055977,0.3432122,0.1245663,0.2429303
2554,2548,2.0462112,0.34130555,0.004280612,0.008346543
2554,2552,3.4072418,0.3407197,0.005690038,0.011108831
2555,2553,1.4175949,0.3410854,0.005171545,0.010071859
2555,5900,99.28699,0.34776872,0.29849938,0.5760637
2556,2557,5.2441864,0.34809855,0.013340391,0.025537103
2556,2559,18.892479,0.3531599,0.039124854,0.074884996
2557,2558,8.119583,0.34993055,0.016308017,0.03112197
2557,6739,3.5379143,0.34763485,0.010028884,0.01897113
2558,2559,4.297638,0.3442787,0.008632511,0.01634325
2559,6827,40.039036,0.35062408,0.0878093,0.1653558
2560,2551,1.442955,0.34351802,0.0053128526,0.010241434
2560,6828,111.678024,0.34249157,0.37234476,0.7198082
2561,2332,42.007866,0.3465569,0.08862346,0.16795248
2561,2562,3.4617996,0.33839256,0.0075211674,0.0143960565
2561,2552,71.98069,0.34219658,0.15670975,0.30615562
2562,2561,4.2110023,0.33457953,0.009072624,0.017245904
2562,5556,1.9666977,0.3354608,0.004491478,0.008654609
2562,2553,45.96323,0.33901322,0.1009205,0.19331226
2563,536,90.56926,0.31515738,0.27358142,0.5317804
2564,3691,1.4998817,0.3835652,0.0052114055,0.010239944
2564,2550,2.135601,0.3843514,0.0038759708,0.0077771693
2565,5940,0.68629456,0.49842125,0.0020698756,0.005095914
2565,5914,63.08232,0.5024979,0.16808365,0.32518357
2566,2567,0.0,0.49656624,0.016505003,0.031645223
2566,3884,22.010273,0.51485467,0.04859781,0.09322521
2567,1752,283.29224,0.49552307,2.067033,4.0418253
2568,5126,1.774498,0.48143968,0.003450133,0.0073065013
2568,5289,25.658638,0.4807014,0.057499394,0.109391965
2568,5127,6.7414284,0.48446223,0.017091267,0.033399627
2569,2570,6.280281,0.53920484,0.016244285,0.032762572
2569,5166,1.821125,0.53761536,0.008089274,0.015933126
2570,3945,2.469921,0.5384127,0.007412344,0.015358105
2571,5166,0.7319031,0.5397932,0.004648328,0.009168461
2571,1948,10.327152,0.5391239,0.022571273,0.04466833
2572,5518,0.6445656,0.071085155,0.0061757043,0.011853933
2572,488,59.992207,0.5442894,0.16702506,0.3251153
2573,2989,1.6024399,0.4800274,0.003506489,0.0076566786
2573,4085,22.988367,0.48239574,0.05132912,0.097996086
2574,6696,92.49925,0.47801772,0.1437085,0.2771734
2575,3345,87.79182,0.5203974,0.16981228,0.32929027
2575,5575,75.39865,0.52261615,0.14362158,0.2794472
2575,3081,75.10406,0.5227186,0.14308867,0.27851307
2576,1095,31.75766,0.025060892,0.14923212,0.322577
2577,1341,6.9692726,0.47961116,0.017782196,0.0354224
2577,947,58.725872,0.47117445,0.18506287,0.357611
2578,2084,1.5314217,0.48981,0.0019228011,0.0040025115
2578,2579,10.940701,0.4909785,0.022539243,0.044106454
2578,834,26.128164,0.49374008,0.07352009,0.1406667
2579,830,68.89034,0.49148774,0.13542,0.262675
2579,832,66.21074,0.4876453,0.12976499,0.2516824
2579,2578,10.634644,0.49451968,0.02189923,0.042910874
2580,691,2.4854279,0.482761,0.0070999116,0.014673486
2580,224,2.0511284,0.4833619,0.00578057,0.011870727
2581,2102,98.74263,0.503621,0.1908527,0.3689838
2581,2074,40.005016,0.50432765,0.07770448,0.14885575
2581,2072,36.779385,0.5025735,0.07225658,0.13819906
2582,4206,1.807579,0.44579107,0.0026147813,0.0055370927
2582,2199,90.350586,0.43970478,0.18292478,0.3520035
2582,1243,21.522282,0.4480356,0.04889937,0.09372773
2583,6644,71.92827,0.53811693,0.13870293,0.26896107
2583,6639,19.548775,0.033915907,0.08671581,0.17788139
2584,3775,8.137569,0.47534597,0.01673843,0.034149855
2584,3599,3.8992424,0.47862205,0.0074564368,0.015668169
2585,657,1.824276,0.54785174,0.0025013015,0.0052455664
2585,3916,72.11987,0.29603228,0.22425768,0.36649013
2585,4371,86.787415,0.54123175,0.16532752,0.3224739
2586,2117,1.533329,0.28888482,0.0055476055,0.010565445
2586,1902,15.823954,0.29026806,0.04521399,0.087859385
2587,2834,55.50318,0.398501,0.11455903,0.21953386
2587,1249,60.375298,0.3920638,0.12580754,0.24242833
2587,6834,44.64837,0.37394142,0.0922504,0.17613028
2588,6011,3.9888992,0.40421188,0.013402931,0.02610375
2589,3612,1.7831879,0.3162845,0.0035265982,0.0068591237
2589,3610,23.070387,0.30915922,0.055397138,0.103879236
2590,2638,51.42486,0.41468334,0.115706235,0.22475909
2590,3402,15.264137,0.40930817,0.033653487,0.0652005
2591,5278,13.821901,0.4473713,0.03386706,0.065697394
2591,2625,122.7096,0.43302873,0.25267455,0.48696595
2591,4180,41.012783,0.4479505,0.08335501,0.16002972
2592,1189,19.485052,0.48570395,0.042363316,0.08155881
2593,3014,40.723022,0.4896989,0.08038859,0.15572241
2593,1191,27.328394,0.48940712,0.060793795,0.116789535
2593,2263,32.08676,0.49084133,0.07033557,0.13473919
2594,455,107.72749,0.48464477,0.21458699,0.41414127
2594,454,15.414419,0.48820257,0.032319512,0.06265634
2594,1599,34.271313,0.48993647,0.06935664,0.13212265
2595,3666,12.0769615,0.492405,0.025046498,0.049004927
2595,2610,1.5716667,0.4923857,0.0019008443,0.0039299726
2595,6095,38.724277,0.49276555,0.076763324,0.14617006
2596,456,2.9058456,0.49909958,0.0037609786,0.008381203
2596,733,2.4189186,0.49414265,0.0031985343,0.007271841
2597,456,2.3212318,0.49155197,0.003500007,0.007053837
2597,1599,103.35864,0.48276857,0.20367323,0.3930869
2598,454,98.17909,0.48516542,0.19498248,0.37647277
2598,5122,39.606762,0.48741153,0.078895316,0.15136752
2598,4090,149.19724,0.4866736,0.29707587,0.57416964
2599,6417,1.9342232,0.44798696,0.0030390546,0.0063195378
2599,1792,28.106228,0.44528493,0.06444927,0.122191206
2600,903,1.8427887,0.4441094,0.0038112476,0.007942677
2600,2605,38.923546,0.44423276,0.08734128,0.168505
2601,1596,2.0066566,0.43792042,0.0029232576,0.0057539493
2601,2604,26.5797,0.4376288,0.060884684,0.11467669
2602,544,1.8310547,0.4364464,0.0026492402,0.005385995
2602,4888,117.348175,0.4327273,0.24093989,0.46342582
2602,5554,48.84677,0.43409786,0.10562081,0.20451121
2603,542,2.035221,0.4366223,0.0033646896,0.0066821575
2603,4704,41.628635,0.43244368,0.0908319,0.17517963
2604,545,2.0389862,0.4348582,0.0029569566,0.005873248
2604,2602,20.953684,0.43448368,0.047485057,0.09055245
2605,6410,1.9481583,0.4362358,0.0038038865,0.007646635
2605,902,32.449657,0.43449593,0.07040395,0.13288605
2606,5935,1.8149719,0.44868433,0.0026462376,0.0055369735
2606,2994,62.272835,0.44900632,0.12493533,0.2419641
2606,6024,12.593273,0.45369813,0.027826078,0.05361329
2607,2384,52.97414,0.4458627,0.11085546,0.21469069
2607,6756,1.6110115,0.45170695,0.001946032,0.004961282
2608,1290,45.620102,0.49138516,0.08926525,0.17374544
2608,1291,20.651655,0.48559064,0.044030342,0.08450692
2608,1288,37.558258,0.48907042,0.07417093,0.1426734
2609,4928,67.87244,0.49444246,0.13430157,0.26158127
2609,2248,219.45229,0.4937952,0.43679994,0.84845066
2610,2595,1.8883553,0.49636924,0.003067404,0.0066170394
2611,762,37.78034,0.49192432,0.094346374,0.18230641
2612,6437,1.4211922,0.47908974,0.0036896914,0.0076997876
2612,4659,30.650574,0.49344504,0.08146551,0.15608963
2613,4989,7.270874,0.49651575,0.017279617,0.0342668
2614,2615,1.0156975,0.49114344,0.0035410374,0.0076617002
2614,2613,8.230072,0.49160036,0.019717239,0.038873628
2615,2616,13.5224495,0.49638888,0.031463407,0.061391175
2616,5346,9.946819,0.49411574,0.020531386,0.041239724
2616,850,11.553957,0.49759835,0.026955895,0.0530477
2617,5346,1.2261963,0.16853401,0.00090406835,0.002131939
2617,1961,14.741198,0.492118,0.030500662,0.05977828
2618,4556,25.310144,0.46398234,0.053850304,0.102089316
2618,2650,52.360928,0.46512496,0.10485141,0.20311418
2618,2704,92.48964,0.4592788,0.18628037,0.35873732
2618,133,69.02994,0.4615254,0.13857216,0.2682962
2619,5328,122.53752,0.51878667,0.2603364,0.5042574
2620,1929,31.204842,0.4446049,0.073557004,0.13681991
2621,2623,26.798706,0.45267424,0.06536566,0.12312415
2622,2620,35.971405,0.44314915,0.079554215,0.15203604
2622,2621,45.629032,0.44806004,0.11678216,0.22835714
2623,4290,7.203739,0.45421624,0.017199926,0.033983424
2623,1060,35.415173,0.447838,0.07258972,0.13859059
2624,2630,2.0160751,0.38784575,0.0042986125,0.008408368
2625,2628,39.601982,0.43586397,0.08846629,0.17091347
2625,2591,122.81792,0.43459344,0.24988973,0.4805894
2626,2287,2.0075073,0.43150324,0.0030236468,0.0060719103
2626,6872,74.04938,0.42217797,0.16984214,0.32978028
2627,200,2.0383072,0.39628708,0.0037630573,0.00770548
2627,2624,16.421345,0.3934602,0.03718218,0.07132908
2627,1625,155.05655,0.37482348,0.33451957,0.6428206
2628,4978,168.73703,0.43163505,0.34732512,0.6692285
2628,2626,2.8255692,0.4307932,0.0061650276,0.012040228
2629,2835,1.5830994,0.44780642,0.0035331994,0.007728517
2629,3650,67.530655,0.4541151,0.18271369,0.35236403
2630,2303,2.151638,0.3891706,0.00483834,0.009457275
2630,5426,56.486336,0.3793,0.12673263,0.24755329
2631,2936,36.769543,0.28945625,0.13751176,0.2227456
2632,1471,2.1059418,0.5123284,0.0032012984,0.006678462
2632,2633,32.857025,0.51618636,0.08303224,0.15787713
2633,1950,10.14584,0.5199251,0.023570567,0.046598956
2633,2100,104.53227,0.50970185,0.20290342,0.39287853
2634,2501,20.797817,0.30632114,0.07075712,0.12757239
2635,2637,48.16287,0.43052667,0.09660555,0.18629543
2635,2636,26.04169,0.4329452,0.05549683,0.10460736
2635,2699,20.808079,0.4348657,0.045166716,0.086186364
2636,2635,26.211859,0.4344597,0.056186777,0.105710715
2636,2891,53.56264,0.42176014,0.107790016,0.20736992
2636,2699,31.312378,0.43513474,0.06569096,0.12444787
2637,2635,48.01496,0.43243298,0.09687154,0.18704629
2637,2129,5.4531326,0.4282422,0.011061385,0.021907017
2637,237,72.08355,0.41728792,0.14685713,0.28346488
2638,5738,1.9999504,0.40950045,0.0032537282,0.006434828
2638,3865,36.21383,0.40812054,0.081866376,0.15391564
2639,2642,68.75279,0.46912357,0.14902225,0.28735307
2639,6789,14.884054,0.47026253,0.032173052,0.062263884
2640,2652,21.078812,0.44360408,0.048455197,0.09244813
2640,5737,68.3412,0.43601653,0.15333517,0.2960235
2641,84,57.310387,0.46734294,0.12599668,0.24388042
2641,2945,15.378939,0.4701694,0.033873986,0.06535092
2642,2639,67.2121,0.46583483,0.14987808,0.28902817
2642,2700,18.427595,0.47101548,0.040123563,0.07728039
2642,2643,26.2749,0.4689449,0.05527316,0.1050466
2643,2642,26.451649,0.47094187,0.054997113,0.10465847
2644,1425,78.66284,0.47537604,0.15711413,0.30289617
2644,5318,19.205841,0.47225633,0.042351943,0.081631295
2644,6469,80.340385,0.46973175,0.17639838,0.3388247
2645,89,67.779526,0.46340656,0.13398999,0.2592668
2645,4583,103.258446,0.45958596,0.23283467,0.4478088
2646,2797,35.12847,0.45521912,0.07154062,0.13595726
2646,2645,33.37746,0.46007353,0.074480616,0.14119028
2647,4583,1.5721169,0.45955548,0.0020848662,0.004578024
2647,3331,73.019325,0.4537759,0.14554907,0.28086004
2647,2646,72.85057,0.45544901,0.16233587,0.3122036
2648,3791,1.7917938,0.46836513,0.0032659248,0.0068387836
2648,6598,88.19419,0.4608112,0.20002276,0.3848499
2648,128,38.586914,0.47367492,0.08274125,0.15960824
2649,137,16.20736,0.46788952,0.034006953,0.06564423
2649,1273,36.14909,0.47100052,0.07919407,0.15146807
2649,3115,61.137268,0.4699896,0.13390419,0.25886655
2650,2618,52.821465,0.4673261,0.10453752,0.20280503
2650,136,66.55887,0.46756786,0.13285841,0.25683516
2650,134,20.659784,0.46542048,0.044153087,0.084293924
2651,3790,1.8192787,0.45631775,0.0025233775,0.005221486
2651,1427,9.146561,0.46387464,0.01960989,0.038303643
2651,3785,150.09872,0.44895265,0.305511,0.58890635
2652,6613,0.6980362,0.24596292,0.0011145249,0.0031215847
2652,6775,73.774765,0.448391,0.17386688,0.3334483
2653,4919,1.9727898,0.44366482,0.0032272115,0.0067291707
2653,2654,95.7013,0.4314003,0.19503197,0.37504625
2653,4476,140.1888,0.4448525,0.28983673,0.5577304
2654,2653,96.22594,0.43216926,0.1937809,0.37325376
2654,6103,3.5227585,0.43846667,0.006628625,0.01274018
2655,3886,2.0204086,0.42600515,0.0031922907,0.0063556284
2655,6102,46.005764,0.43315184,0.09073883,0.17448407
2655,5737,63.35388,0.43083,0.2173427,0.42064434
2656,6610,1.818821,0.44161016,0.0026423857,0.005457446
2656,2657,50.08531,0.44407338,0.101283856,0.19681035
2656,6179,35.74541,0.44351843,0.074855104,0.14129466
2657,5760,1.8307419,0.43947664,0.0029804707,0.0062430203
2657,2656,50.08037,0.44357708,0.101429366,0.19682628
2658,4334,39.186016,0.44350493,0.08020609,0.15209419
2658,4483,103.14603,0.43654168,0.20648518,0.3972705
2658,1959,263.6798,0.44498459,0.5462221,1.0578759
2659,3331,38.23044,0.4519365,0.077928916,0.148954
2659,2677,99.812744,0.4489707,0.20188184,0.38842225
2659,6423,65.25575,0.4474303,0.13181302,0.2546087
2660,2661,13.583355,0.43649152,0.028669037,0.05564733
2660,4334,15.990572,0.44113952,0.031277142,0.060649365
2660,5760,28.535564,0.43672943,0.061543774,0.11636276
2661,4334,2.123989,0.4385945,0.0032651946,0.0066008866
2661,2660,14.0741005,0.43815407,0.029552158,0.05746936
2661,1718,83.65084,0.425009,0.16965082,0.32676446
2662,4585,1.6080933,0.4465065,0.0025472417,0.0056049824
2662,2663,79.92667,0.44231835,0.16153388,0.31078675
2662,6423,98.35928,0.44471985,0.19885153,0.38310847
2663,2662,79.98462,0.44358748,0.16118786,0.30994594
2663,6423,38.057526,0.44448406,0.07764916,0.14847928
2663,1466,58.56939,0.44066477,0.11669469,0.22595596
2664,6736,26.694178,0.42800283,0.050933886,0.096674144
2664,109,11.673382,0.438487,0.027666397,0.053629935
2665,2666,39.169983,0.4505006,0.070665605,0.1322729
2665,122,40.184303,0.4462313,0.080971345,0.15445481
2666,121,56.572063,0.45027405,0.113853104,0.22054708
2666,122,26.636497,0.45220625,0.060207933,0.11454817
2666,2723,37.889004,0.45177537,0.08271775,0.1600946
2667,2668,40.1108,0.44478747,0.081007876,0.15516013
2667,2669,63.91176,0.4406763,0.1292741,0.25041595
2667,3172,62.58763,0.44584873,0.12664683,0.24492306
2668,2667,40.355286,0.44392118,0.08119973,0.15590855
2668,1955,71.91312,0.44357198,0.14519697,0.2792657
2668,2671,21.396229,0.4431392,0.046475474,0.08840672
2669,2670,22.150877,0.4395491,0.048222303,0.09152017
2669,2672,92.032906,0.4221543,0.18769094,0.36026564
2669,2667,63.702545,0.4408465,0.12905638,0.25000897
2670,236,96.8182,0.4316647,0.1974242,0.3793409
2670,2669,22.08538,0.4392697,0.0479581,0.09109602
2670,2671,31.815796,0.44389576,0.066681564,0.12549105
2671,1954,92.83617,0.43518007,0.1901038,0.36537308
2671,2670,31.861666,0.4432202,0.06693549,0.12575893
2671,2668,21.127897,0.44358823,0.04585526,0.08742122
2672,5739,30.254694,0.41271245,0.06991206,0.13190536
2672,2669,92.157,0.4245617,0.18821305,0.36267748
2673,6450,1.9248505,0.4570763,0.0026913881,0.0055404603
2673,177,11.992552,0.46270344,0.026113793,0.050677598
2674,6448,1.7707481,0.45959777,0.0023512095,0.0047991723
2674,6449,1.8791618,0.46450478,0.003948316,0.0076913387
2674,174,34.59748,0.45850915,0.07048335,0.13434117
2675,3510,1.7042313,0.45881954,0.002958089,0.006190732
2675,1387,30.917189,0.46519536,0.06812387,0.12926906
2675,6449,23.12517,0.45887774,0.050911445,0.09648173
2676,6251,150.01544,0.45333326,0.30360073,0.5858179
2676,2702,27.992569,0.46586537,0.05939467,0.11269429
2676,2680,233.2661,0.45701605,0.47722253,0.9235738
2677,2659,99.59964,0.44868416,0.20137176,0.38760918
2677,2797,72.20419,0.45538938,0.14482813,0.27928245
2677,3043,40.02186,0.45460847,0.08065422,0.15469216
2678,2680,76.115814,0.45489028,0.122478686,0.2366753
2678,5543,72.39819,0.44554114,0.14675567,0.28248632
2678,2798,60.845596,0.45082352,0.12297705,0.23837028
2679,2798,62.750988,0.44641885,0.12703258,0.24633649
2679,91,188.48116,0.43872207,0.3878881,0.7485989
2679,5543,118.17014,0.43927646,0.24223241,0.467048
2680,2678,75.84213,0.44997364,0.12249523,0.23687014
2680,1711,75.45885,0.44833183,0.11612702,0.22338636
2680,2676,233.68219,0.4563466,0.47702983,0.9226803
2681,5222,3.8110962,0.44263005,0.009548597,0.018424615
2681,6191,8.176765,0.43264186,0.030824672,0.060507424
2682,2686,9.560459,0.43279302,0.033700474,0.065859735
2682,1729,10.962996,0.44289508,0.024415135,0.04774432
2683,6190,1.6624489,0.42963243,0.011747733,0.022325665
2684,1709,2.0128288,0.43600136,0.003179483,0.0065253675
2685,4941,1.605175,0.43622616,0.003958948,0.0076473057
2685,2689,27.904778,0.4387391,0.06407596,0.12288569
2686,2688,9.126602,0.42867696,0.03308524,0.06427232
2687,2845,10.1011505,0.42765737,0.03549856,0.06959979
2688,1726,23.44471,0.43574238,0.055853046,0.10552089
2688,2690,10.604765,0.42196646,0.05326111,0.10831402
2689,81,31.990303,0.42162433,0.08843409,0.16794536
2690,7002,47.860413,0.4177483,0.3046588,0.58705384
2691,1017,34.893433,0.46954104,0.08988795,0.17422268
2691,1005,66.99658,0.4621716,0.22427279,0.43417364
2692,506,14.630413,0.033864707,0.06927585,0.14159118
2693,139,100.541885,0.46158978,0.20052817,0.38614988
2693,2694,16.103144,0.45155033,0.034392886,0.06645996
2694,138,10.452217,0.44707397,0.021516271,0.042004794
2694,2693,14.940624,0.45461628,0.031722106,0.061509274
2695,2696,65.81488,0.4482569,0.1307576,0.2531811
2695,7064,2.5532455,0.4464283,0.0041697547,0.008552715
2696,5311,2.199379,0.4450154,0.0036330149,0.007562667
2696,5309,72.673874,0.4396886,0.1470831,0.2832762
2697,82,111.869835,0.43857574,0.22593927,0.43457645
2697,2698,36.501896,0.43805006,0.07470811,0.1418276
2697,5309,21.288631,0.43882465,0.04640705,0.0885048
2698,196,112.82626,0.41350025,0.23426923,0.44994742
2698,1709,110.254654,0.43294615,0.2492432,0.47924095
2698,2697,36.175488,0.43669558,0.074300796,0.14117318
2698,2130,39.421345,0.4366669,0.08692583,0.16799515
2699,2636,31.169975,0.43349516,0.06525103,0.12343945
2699,1271,81.06788,0.43460968,0.1653808,0.31775737
2699,2635,20.891146,0.43438762,0.0453151,0.08641021
2700,2642,18.678637,0.4734484,0.040603943,0.07814866
2700,6422,29.099026,0.47384182,0.064576566,0.12286
2700,2767,12.670315,0.46896365,0.026448995,0.05137159
2701,2702,176.28265,0.46180624,0.35297266,0.68106985
2701,2767,29.854267,0.46837085,0.06412233,0.120678544
2702,2676,27.9216,0.46743873,0.059170626,0.11231303
2702,2946,150.04825,0.4628655,0.30136788,0.5813449
2702,2701,174.833,0.46168286,0.35444677,0.68322885
2703,1702,17.165102,0.46654826,0.047321443,0.092621066
2703,137,51.34526,0.4657042,0.10225035,0.19930694
2704,2618,92.48863,0.4602446,0.18561938,0.35726097
2704,5833,38.258827,0.46370247,0.077328905,0.14690024
2704,5550,203.9628,0.4643666,0.41358188,0.79933417
2705,5709,2.9997864,0.5082528,0.008027971,0.016399935
2705,4354,1.4961586,0.5035242,0.0016731322,0.0035479069
2706,2707,1.3023186,0.52447003,0.00096902996,0.0028030574
2706,5030,132.2656,0.5277683,0.3458932,0.671383
2707,2706,1.7260628,0.52594227,0.0019002557,0.004675731
2707,1112,137.76033,0.5167195,0.36212894,0.7019227
2708,6521,73.22298,0.44548655,0.24760514,0.47729975
2708,3243,186.37527,0.4375388,0.38335192,0.7376725
2708,2429,1.6928482,0.44419372,0.0024585426,0.0051371753
2709,3243,28.805809,0.44121656,0.06582163,0.12305653
2709,2708,32.76561,0.44843462,0.100895986,0.19794077
2710,1484,234.43394,0.43312082,0.3844968,0.74047506
2710,2709,17.79733,0.44538367,0.048870467,0.096509315
2711,3944,47.64397,0.4332942,0.15208007,0.29655695
2711,3944,75.668564,0.42707807,0.15175104,0.29283696
2712,3139,1.8813286,0.4367864,0.0058260635,0.0116117
2712,2715,38.127613,0.4301903,0.1255302,0.24358967
2713,2714,1.8236122,0.42886782,0.0035747811,0.007361278
2713,5951,58.15499,0.43011785,0.15485135,0.29937708
2713,1487,42.729637,0.4292751,0.094582774,0.18289305
2714,2713,1.7175865,0.42406446,0.0029472485,0.0060331076
2714,2715,1.7913284,0.42761096,0.0029986426,0.006263748
2714,5951,47.739845,0.42786527,0.1554383,0.30227396
2715,2714,1.6770248,0.42967224,0.0031459183,0.0064168125
2716,2113,3.6203346,0.4232777,0.0069613457,0.013936266
2716,5442,2.2424583,0.42499554,0.006358683,0.012688816
2716,1971,51.011345,0.42422575,0.12680456,0.24464405
2717,4355,73.73031,0.505408,0.15842997,0.3067584
2718,225,56.554317,0.46288732,0.11177831,0.21715033
2718,2000,2.1311646,0.4661721,0.0060864985,0.012164339
2719,6002,20.14904,0.48145446,0.048683163,0.09380087
2720,4543,74.003075,0.4540794,0.14486201,0.27984086
2720,2721,43.30153,0.45524234,0.08586575,0.16578601
2720,3170,44.76984,0.45309785,0.08985384,0.17394483
2720,1708,37.693848,0.45533177,0.07786741,0.14813443
2721,4686,1.8215866,0.45328906,0.0025521368,0.0052226484
2721,2720,43.015022,0.45236534,0.08583512,0.16658121
2721,4274,23.870657,0.45822594,0.053685777,0.10182524
2722,2724,45.061195,0.45214143,0.09954954,0.19285716
2722,121,54.727795,0.45128712,0.12067173,0.23360524
2722,5307,3.0798607,0.45397383,0.0065624714,0.013278097
2723,2725,35.066814,0.4482139,0.07210135,0.13812119
2723,2724,21.963781,0.451549,0.049113497,0.093469866
2723,2666,37.599075,0.45236114,0.082129575,0.15879804
2724,2722,44.84755,0.45333633,0.0996413,0.1930573
2724,1247,68.56087,0.44734913,0.15229374,0.29265198
2724,2723,22.06838,0.44979894,0.049369935,0.09381192
2725,2723,35.523945,0.44771275,0.072642,0.13844141
2725,1271,91.723465,0.44044355,0.18606591,0.35774857
2725,3172,50.94481,0.4455946,0.082293496,0.15886545
2726,2926,52.940548,0.35444677,0.14497098,0.2767943
2727,6292,28.370975,0.3446907,0.05949402,0.11238458
2727,2726,2.600708,0.3380862,0.0047245324,0.009124815
2728,199,72.92447,0.34864992,0.20420237,0.39069343
2729,4576,6.5973816,0.50455844,0.013156757,0.026468366
2730,2729,41.697144,0.49910536,0.08104174,0.15444407
2730,1340,19.12834,0.49719343,0.040592484,0.0785752
2731,215,95.56585,0.48768625,0.187924,0.36274847
2731,3570,13.458872,0.48921716,0.02852434,0.055514567
2732,4433,1.6889381,0.44989598,0.003663756,0.007337421
2732,4445,49.777157,0.4548295,0.10276085,0.19828516
2733,2242,48.57659,0.46406806,0.09759277,0.18936937
2733,140,49.91068,0.4769599,0.09937443,0.19265689
2733,452,57.950905,0.4677869,0.114616685,0.2223287
2734,384,5.2432976,0.49892417,0.011444554,0.02297911
2734,3717,11.750336,0.49779952,0.02577871,0.050448984
2735,2736,16.070528,0.4987657,0.035225116,0.068329096
2735,2737,2.911831,0.4985156,0.006414458,0.012967721
2736,6799,1.4873772,0.49555102,0.002890624,0.006169468
2736,5607,41.642708,0.4964412,0.089707755,0.17417625
2737,2740,23.033895,0.49659577,0.05211281,0.09993595
2738,385,2.8879623,0.49723613,0.006160401,0.012751043
2739,2738,3.7739983,0.4977202,0.008371182,0.016714394
2739,385,3.0093575,0.49847513,0.0063747764,0.012903422
2740,387,7.091728,0.4987781,0.01613149,0.032039896
2740,386,15.423109,0.49878135,0.033539027,0.06516351
2741,2179,62.93268,0.4864533,0.0995354,0.19148622
2742,4080,35.016937,0.4907698,0.06277791,0.119568765
2742,2540,27.100773,0.47996795,0.069317386,0.13234878
2743,4386,1.2498627,0.47540694,0.0036346316,0.0077037215
2743,193,52.55152,0.48196593,0.117740385,0.22887857
2744,5954,16.82761,0.4833157,0.037256956,0.072096236
2744,1091,19.298203,0.48194999,0.042489104,0.08215106
2745,1541,43.324986,0.48478928,0.08509962,0.16478513
2745,1240,56.187927,0.47903258,0.14918444,0.28807887
2745,5127,85.788376,0.4797956,0.23010206,0.44308984
2745,1538,211.01056,0.4775363,0.42468137,0.82096237
2746,2747,37.281643,0.47620606,0.07559859,0.14440446
2746,2395,129.3894,0.4646382,0.25878373,0.4995178
2746,3514,95.39579,0.47083122,0.1885763,0.36413765
2747,2748,18.171495,0.47624627,0.038281094,0.07383595
2747,2746,37.617317,0.47881734,0.07498911,0.14390418
2747,3230,84.42812,0.47571006,0.16820852,0.32402766
2748,2747,18.22583,0.47608787,0.038366932,0.07405739
2748,3282,38.126896,0.4781333,0.075843014,0.1452258
2748,2244,40.160408,0.4771242,0.07975219,0.15330692
2749,2399,1.2421074,0.4722843,0.0023331493,0.005191192
2749,757,25.7197,0.49343604,0.057686467,0.11027748
2750,2056,1.0495377,0.48652208,0.0027516112,0.00642547
2750,4079,15.13541,0.49184072,0.03341774,0.065050855
2751,4653,1.7309914,0.49467698,0.0031250492,0.0063875467
2751,5323,21.382044,0.49343008,0.0468416,0.09009627
2751,4905,13.078499,0.49047923,0.02711109,0.052956298
2752,350,72.91852,0.5047671,0.15954593,0.30851027
2752,3484,92.03545,0.50334543,0.20014885,0.38591266
2752,2090,115.60481,0.5023659,0.22730815,0.43921226
2753,4309,1.3619728,0.49909908,0.0015574396,0.003445372
2753,2079,17.07223,0.49927247,0.03750904,0.07319639
2754,4535,1.6735039,0.4698854,0.0024892539,0.005244866
2754,1179,200.36678,0.46563017,0.40437162,0.7792673
2754,4536,28.038269,0.47353002,0.063840345,0.120283976
2755,6903,0.36637115,0.053343177,0.0021469295,0.004481837
2755,6904,1.5676651,0.46635324,0.0028267503,0.0058540255
2756,3811,1.4332848,0.49702105,0.002131492,0.003965929
2756,4093,17.988573,0.49661842,0.0425128,0.082381815
2757,4648,26.263489,0.49654442,0.05452625,0.104517944
2758,3145,1.1907463,0.4758189,0.0042818636,0.008659795
2758,5832,4.0937157,0.47621137,0.007446252,0.014928147
2758,6989,15.365065,0.4769213,0.032168694,0.062567525
2759,4009,0.88978577,0.48353857,0.0028844401,0.0062526762
2759,4120,37.402084,0.49568045,0.075747065,0.14530604
2760,4649,50.873425,0.502275,0.10057429,0.19454227
2760,4007,1.504219,0.48818243,0.0027394295,0.005889863
2761,3813,15.984001,0.43918753,0.037396897,0.071859054
2762,3622,1.7797432,0.4520161,0.0034184754,0.006876856
2762,4415,37.95304,0.45250684,0.08349721,0.16075648
2763,3713,1.6006203,0.4990886,0.0030998215,0.0064484477
2764,2378,76.51877,0.50127316,0.11430336,0.22278944
2764,387,35.310925,0.49943027,0.060591385,0.11541383
2764,1046,29.231295,0.4960153,0.061220914,0.116153695
2765,2766,0.7585716,0.49461985,0.00403776,0.008678034
2765,4283,14.255447,0.49740922,0.033696502,0.06567164
2766,4319,1.5671997,0.49213505,0.005189009,0.010759413
2766,2794,48.362553,0.490977,0.12868519,0.25002447
2767,2700,12.580189,0.46901917,0.02615469,0.0509672
2767,2701,29.530464,0.47009593,0.06230486,0.11854467
2768,2772,6.24057,0.5020077,0.013627224,0.027096644
2769,2770,4.566929,0.49871778,0.010161087,0.020579025
2770,2738,12.36878,0.49390182,0.02627749,0.05150935
2770,2771,4.6494484,0.49805713,0.010004744,0.020014808
2771,2,3.2693863,0.4991045,0.0060451254,0.0122547895
2771,2768,1.6354408,0.49645773,0.002900742,0.006278932
2772,6460,66.20268,0.49659884,0.14477026,0.28004855
2772,2769,2.4808273,0.5004999,0.0049517304,0.009798616
2773,389,2.5404243,0.50334513,0.005250998,0.011065558
2773,2776,1.5898514,0.49794203,0.0027934164,0.005866751
2774,2773,1.6394157,0.49609333,0.0023964942,0.005156398
2775,4587,0.6999016,0.04173234,0.0014167726,0.0031888038
2776,2777,1.4852028,0.4967343,0.002054304,0.0045161694
2777,388,2.8141937,0.50268483,0.0056574047,0.012020633
2777,2775,1.7691002,0.4954375,0.0026164204,0.006324455
2778,5477,8.674938,0.49687788,0.019197375,0.03761512
2779,760,1.303257,0.49331567,0.0018638596,0.0044181347
2779,6375,8.524826,0.49538922,0.01813405,0.03643301
2780,2784,1.7483635,0.4953169,0.0029598996,0.00625889
2781,2789,52.083572,0.4990885,0.103299096,0.20032765
2781,2787,91.25058,0.4966368,0.20025766,0.38575536
2782,2295,80.349045,0.4948836,0.1757012,0.33880812
2782,1114,122.66667,0.49568996,0.24275118,0.46963036
2783,2780,1.4850197,0.49607614,0.0028511658,0.0057684034
2783,2781,10.250732,0.49741405,0.022444248,0.04423836
2784,433,1.577919,0.49653324,0.0029711798,0.0062254667
2784,5864,2.6163864,0.49772817,0.005393997,0.0107290745
2785,2596,37.498215,0.49558002,0.0686926,0.12808815
2785,2611,30.847694,0.49360898,0.06977217,0.13066027
2786,4384,33.250263,0.49071494,0.08519443,0.16317321
2786,1115,137.75874,0.49038666,0.27386698,0.5299787
2787,1116,49.26175,0.4918063,0.124874994,0.24158612
2788,1780,22.89391,0.49600118,0.05174341,0.099156655
2788,2778,92.21736,0.4897865,0.2032466,0.39066482
2789,5190,1.7218742,0.49339238,0.0026316643,0.0054187328
2789,3677,32.196247,0.49299893,0.06589426,0.12467534
2790,5191,1.7078209,0.49494886,0.002301991,0.0046678185
2790,2789,3.1134758,0.49715734,0.005861789,0.011691123
2790,2778,52.14913,0.49231553,0.10205318,0.19812684
2791,2793,2.492958,0.4965318,0.0034585968,0.0072057843
2791,5863,26.95604,0.49254784,0.06143657,0.116973266
2792,2213,21.551958,0.49952206,0.040710162,0.07798295
2792,2793,3.1440506,0.49592936,0.004749492,0.009741217
2793,2791,1.9465752,0.49534532,0.0021801293,0.004712209
2793,2782,24.996212,0.49434698,0.056474645,0.10783501
2793,2792,2.5910912,0.49382687,0.0030471608,0.006551653
2794,6155,1.1329689,0.49100554,0.003557071,0.007480487
2794,441,24.199692,0.48842952,0.059031267,0.112532675
2794,2795,28.547977,0.49142194,0.07109514,0.13562211
2795,438,1.3738518,0.49206775,0.0025381,0.0054568946
2795,2612,20.81827,0.4920663,0.05027327,0.09662582
2796,5384,159.50912,0.4697432,0.32233825,0.62197214
2796,5813,99.455536,0.46077022,0.22090569,0.42522806
2796,1470,21.586113,0.4677512,0.047991034,0.091422066
2797,3331,120.28636,0.44992188,0.24260163,0.4669395
2797,2646,34.92003,0.46096623,0.0712758,0.13504575
2797,2677,72.22004,0.45670995,0.14460534,0.27884424
2798,2678,61.456303,0.45091894,0.12336846,0.23924029
2798,3043,92.657394,0.44971144,0.18824102,0.36233693
2798,2679,62.643417,0.44692186,0.12615153,0.24584752
2799,5277,35.848408,0.4747594,0.07243292,0.13663658
2799,1367,91.807144,0.46916276,0.18100742,0.34853354
2799,4750,27.830551,0.47390822,0.058593165,0.11157574
2800,2932,12.164331,0.47265396,0.02524256,0.049129233
2800,1492,44.914356,0.4724754,0.08813375,0.17150997
2800,3261,32.48755,0.47667456,0.068492435,0.12844032
2801,4090,2.2732162,0.4932038,0.004302889,0.00914672
2801,6510,43.33994,0.4934953,0.08706171,0.16620423
2802,4090,43.705894,0.49087983,0.08883169,0.17120615
2802,3828,72.41398,0.49025777,0.18665558,0.35968888
2803,4284,5.529316,0.47062156,0.00903964,0.01763603
2803,1818,62.743294,0.47217584,0.17226756,0.3311113
2804,670,1.6619072,0.5071144,0.0022167414,0.004527405
2804,1870,48.234734,0.5026251,0.13095292,0.25470832
2805,3863,1.4805832,0.49889812,0.0019567981,0.004143104
2805,3428,29.354246,0.49238956,0.06669288,0.12834346
2806,1969,11.634382,0.46436095,0.027196206,0.05297163
2806,3150,3.5329285,0.4608961,0.006587133,0.013328895
2807,2810,2.9448128,0.467712,0.0025572702,0.00593552
2807,2815,27.580576,0.48124862,0.03818821,0.07308693
2807,3213,36.286777,0.4719953,0.08241694,0.15868853
2808,2816,3.1145859,0.47199038,0.0018453747,0.004251614
2808,2818,2.0247345,0.47308776,0.005683139,0.0117158
2809,3213,32.985752,0.48684913,0.045262508,0.08725496
2810,2807,2.8265724,0.46918178,0.0023489147,0.0053756535
2810,3214,315.02222,0.46457285,0.29033053,0.56537354
2811,2813,1.3973427,0.47068495,0.004542552,0.009564146
2811,2809,5.143532,0.47335693,0.008474641,0.016971767
2812,5769,27.00401,0.48444113,0.038147327,0.07371176
2812,2810,36.02281,0.46930146,0.08349396,0.1609617
2813,2809,6.305275,0.4789564,0.005962774,0.012304857
2813,2808,1.1727409,0.4716032,0.0038939342,0.008344725
2814,3239,110.42183,0.468194,0.30126598,0.5829376
2815,882,6.6620674,0.47619098,0.005272098,0.010701552
2815,2814,3.047554,0.47805992,0.0038900375,0.008173883
2816,2817,5.3406487,0.4765171,0.004667647,0.0099862665
2816,882,1.1693497,0.4718374,0.0039853007,0.008572146
2817,2810,31.641682,0.4881813,0.04367247,0.08358029
2818,2951,89.92704,0.46804744,0.24247062,0.46795535
2819,4577,1.8620872,0.46181452,0.0023821145,0.004937768
2819,820,102.43753,0.4644702,0.22788844,0.43812227
2820,4602,1.6439018,0.5253288,0.0022597238,0.005343437
2820,3102,75.77075,0.5177483,0.16196185,0.31249642
2820,3974,80.87567,0.5216045,0.15523371,0.30175334
2821,1735,81.97409,0.5271187,0.15858556,0.30814338
2821,2539,67.136,0.52747434,0.13013054,0.25305855
2821,2823,73.40789,0.5246935,0.14170867,0.27540493
2822,2824,34.88742,0.521806,0.06831604,0.1323873
2823,2821,73.84768,0.5243072,0.14143816,0.27490005
2823,3974,52.64598,0.52065945,0.101318814,0.19624355
2823,2822,29.098404,0.51944554,0.058686223,0.11231697
2824,4615,1.5363426,0.5234659,0.0021407008,0.004940167
2824,1978,11.0169735,0.52063566,0.023781873,0.04683292
2824,2822,34.75529,0.5220592,0.06823364,0.13154244
2825,5482,7.177681,0.3077962,0.019894935,0.034886107
2826,2909,26.30024,0.5162017,0.048882946,0.095202
2826,47,55.14848,0.51012456,0.14811452,0.28623316
2827,5853,20.96108,0.50982785,0.050126825,0.097083405
2827,2565,5.303295,0.50791854,0.013130687,0.02651155
2829,2830,1.6484871,0.51198304,0.0020845383,0.0046025366
2829,2162,19.423706,0.51111776,0.046089917,0.08917261
2830,2829,1.5129585,0.5128097,0.0018412247,0.0039918274
2830,5909,1.7048378,0.51373506,0.0023277104,0.005313188
2830,4727,41.546875,0.50655836,0.102156386,0.19764057
2831,32,53.212063,0.51029307,0.11238716,0.21739417
2831,5505,38.895775,0.5080434,0.08202957,0.15668866
2832,1673,21.7755,0.24841776,0.05311618,0.09953044
2832,1233,2.2137032,0.25067875,0.0061769113,0.0111337155
2833,1674,30.296032,0.34386873,0.071209766,0.13492085
2833,1262,16.63827,0.34613273,0.037687123,0.07196518
2833,1625,17.946783,0.34989154,0.039352555,0.07547965
2834,2587,55.82287,0.39914975,0.1146379,0.21978703
2834,4920,37.569748,0.41933715,0.07791439,0.14709978
2834,1664,58.240177,0.41005993,0.11938308,0.22957614
2835,3703,1.1558838,0.44743302,0.004307948,0.008891016
2835,2625,13.252836,0.44729814,0.029625759,0.057217278
2836,99,2.4100037,0.43849063,0.004203394,0.008986995
2836,4642,2.1198158,0.4440474,0.0033054575,0.0069468766
2836,4641,2.6225777,0.44857168,0.003171377,0.0066990405
2837,4688,21.371534,0.4802224,0.045649827,0.08745596
2837,747,14.836073,0.48284918,0.02888985,0.056548625
2838,2890,7.465847,0.48781717,0.012405001,0.025157377
2838,4069,71.247665,0.4777122,0.22424722,0.43137312
2839,2837,4.590618,0.48473734,0.0070783272,0.014428392
2839,6533,66.56525,0.4827499,0.17594501,0.33913654
2840,5415,82.61928,0.50406253,0.1596195,0.3095801
2840,337,108.48042,0.50578517,0.21259868,0.41083926
2840,4591,34.32869,0.5038278,0.06809977,0.1286682
2841,2681,392.26782,0.447249,2.0416708,4.0077596
2842,4489,52.6986,0.46675095,0.12937054,0.25047305
2842,2854,46.247654,0.4618033,0.21174017,0.4112558
2843,1981,74.55108,0.49982116,0.14308499,0.27777895
2843,2985,28.77664,0.5018153,0.058513556,0.11113616
2843,2105,134.88974,0.4977143,0.26669332,0.51496345
2844,4438,1.5675964,0.49902433,0.0020201132,0.004300952
2844,4436,21.414072,0.50102293,0.047220144,0.090447195
2844,1303,26.822365,0.5017601,0.055099476,0.104682736
2845,2683,3.7089958,0.42922336,0.016654357,0.031533644
2845,6192,5.7325096,0.4389335,0.014120035,0.02767326
2846,5415,1.3988609,0.505968,0.0018382072,0.003995344
2846,6137,14.326092,0.50876904,0.0335128,0.06548062
2847,2849,86.44165,0.47461525,0.17016187,0.328751
2847,2972,51.021202,0.47873506,0.101665065,0.19704996
2847,2848,83.75118,0.48041365,0.16562463,0.3195173
2848,6694,169.1239,0.4774538,0.33716017,0.65091944
2848,2847,83.44646,0.4766913,0.16588037,0.32000858
2849,4068,41.02948,0.19943142,0.11859633,0.23991269
2849,2847,86.0654,0.47060743,0.16969043,0.32784277
2850,4591,41.581615,0.5017338,0.07966938,0.1509572
2850,3341,59.268524,0.50090885,0.11321558,0.2191449
2851,2854,32.316517,0.47500083,0.08047653,0.15240203
2851,2852,7.9570312,0.47121498,0.017368942,0.03452146
2852,4488,0.75310135,0.45119232,0.0024949089,0.00581713
2852,1936,34.20894,0.47011736,0.07731622,0.14676704
2853,2852,36.02092,0.47064593,0.08850378,0.17042233
2853,2841,48.659447,0.46427467,0.22136861,0.42827135
2854,1764,22.913937,0.45705986,0.1049508,0.21348082
2855,1158,50.799812,0.47550428,0.10206652,0.19754365
2855,1158,54.30787,0.47644222,0.10830137,0.20991324
2855,3148,11.159973,0.46922967,0.02357947,0.04655683
2855,3312,85.32186,0.4731681,0.17211336,0.33224213
2856,944,61.306175,0.47061974,0.11943608,0.22992179
2857,2861,1.8146019,0.4656468,0.0051600337,0.010221407
2857,4871,39.063717,0.46623743,0.10163125,0.1988367
2858,5847,1.5408783,0.4637416,0.0035577267,0.0073665828
2858,2856,8.431068,0.46154273,0.009203933,0.018311143
2859,2857,4.4044266,0.46374646,0.010967568,0.021849573
2860,2862,1.8883972,0.4647927,0.0050416514,0.010312527
2860,6056,78.40162,0.45938823,0.09191807,0.17899147
2861,2860,1.5412369,0.45845985,0.004278995,0.008822709
2862,3322,22.995865,0.46642426,0.05506686,0.105849415
2862,2859,1.4830551,0.46492943,0.0043289363,0.008979335
2863,2868,1.4133301,0.46612778,0.0027115121,0.0064729005
2863,2866,1.5471611,0.46435398,0.0029255748,0.0066797286
2864,2867,1.8357773,0.4587014,0.0036394224,0.0077192634
2864,2866,1.8674622,0.46273926,0.003615819,0.008109227
2865,2868,0.3848343,0.03663358,0.0007487014,0.0027175844
2865,2867,1.7680702,0.4680451,0.003725879,0.008639887
2866,2864,1.7970848,0.46866,0.0041527227,0.008962348
2866,2863,1.2504959,0.46779162,0.0027006269,0.006587282
2866,1879,19.081598,0.47013807,0.04299569,0.082680576
2867,2865,1.5787163,0.46835598,0.0037082508,0.0084281415
2867,2864,1.8544312,0.4655636,0.004007846,0.008113474
2867,4693,12.484312,0.4672792,0.028198868,0.054477066
2868,2863,1.0264015,0.4680007,0.0021954775,0.005775422
2868,2865,0.62822723,0.04543528,0.0014606491,0.0037454516
2868,3181,49.57354,0.47269666,0.11279517,0.21788782
2869,841,1.8584976,0.4736369,0.0029101223,0.006032899
2870,6614,1.5718613,0.48331416,0.0020265207,0.004224375
2870,6615,62.605972,0.48489743,0.121088654,0.2355094
2870,5549,28.255592,0.48680195,0.06401628,0.12147695
2871,4697,1.9913712,0.46417543,0.0027675852,0.0056630373
2871,6026,26.470074,0.46457523,0.0596667,0.11317177
2872,4533,13.074123,0.46407428,0.028494716,0.05524955
2872,1459,32.6389,0.46918777,0.07280743,0.13836269
2873,3238,1.4909973,0.47175828,0.00184796,0.0039452165
2873,1464,79.363884,0.46764088,0.21363938,0.4113859
2873,1463,166.4672,0.4751844,0.33751392,0.65232766
2874,4497,80.413284,0.4881019,0.15739158,0.30482394
2875,4497,1.7023354,0.4862765,0.0025457293,0.0053783804
2875,4027,52.445946,0.48287934,0.16699375,0.32454824
2876,2385,167.77628,0.4581897,0.34294507,0.66163486
2876,2878,57.521812,0.45750415,0.12804565,0.24791506
2876,1172,30.923077,0.46523854,0.06954515,0.13148652
2877,3880,39.160748,0.45691875,0.08646907,0.16568358
2877,2878,2.5224113,0.45949546,0.0055128336,0.011131793
2878,2877,2.2566338,0.46006963,0.004786834,0.009722352
2878,2876,57.582977,0.45406142,0.12579034,0.24336459
2879,1029,107.05677,0.45568556,0.21472889,0.4140671
2879,6323,17.291046,0.46872112,0.036693577,0.07088929
2880,6322,2.8085403,0.46973178,0.0073380247,0.015241593
2880,6323,2.3816109,0.47011083,0.0037810355,0.007712707
2881,2381,25.714823,0.4663532,0.06486475,0.124076195
2882,2883,35.38709,0.4748738,0.070405215,0.13440113
2883,2882,34.973484,0.47619614,0.070983775,0.13512598
2883,1273,73.526306,0.47126895,0.14742377,0.28517354
2883,3111,28.409512,0.47352403,0.059649557,0.11300048
2884,3351,30.095034,0.4795129,0.062702805,0.11948311
2884,2885,16.253767,0.47630215,0.03473964,0.06764731
2884,3816,37.70024,0.4797029,0.07614803,0.14617395
2884,2327,12.59906,0.4765762,0.026612177,0.05219008
2885,2884,16.287409,0.4736036,0.034984015,0.067804
2885,2327,8.015312,0.48140404,0.02259218,0.044259995
2886,2899,24.671223,0.45933565,0.055279773,0.10507193
2886,147,35.2214,0.45897222,0.07876645,0.15069044
2887,4130,1.234787,0.47490764,0.0039369464,0.007973433
2888,847,19.010588,0.39534673,0.041908238,0.08042185
2888,3682,34.562817,0.412485,0.07776973,0.1472229
2888,4970,20.058496,0.3995663,0.04412837,0.08425705
2889,735,2.884346,0.47517502,0.0033848733,0.007257104
2889,727,42.92101,0.48793173,0.0930159,0.18008289
2890,2902,40.467678,0.48733044,0.06434824,0.121290304
2891,2636,53.72309,0.4193773,0.10780702,0.20681937
2891,5739,29.36832,0.41345114,0.06296382,0.11918467
2892,298,15.540852,0.48862314,0.036763847,0.07164125
2893,516,2.082943,0.45016977,0.0031492785,0.006506145
2893,2898,4.5718765,0.4492311,0.008244649,0.016101912
2893,3299,46.305023,0.45387164,0.122764766,0.23487285
2893,4289,29.99779,0.45687228,0.05949975,0.111898236
2894,415,1.7208328,0.45511377,0.0054940283,0.010959908
2894,423,35.472996,0.45100668,0.07267122,0.13938421
2895,2898,2.4742508,0.44710976,0.003654994,0.0074350834
2895,415,7.394943,0.45192495,0.018652618,0.036284342
2896,3443,50.08417,0.445501,0.13305894,0.25743598
2897,2898,2.927475,0.4519724,0.008381315,0.016390577
2897,2893,6.002434,0.45312157,0.014834799,0.028735712
2898,1795,19.794704,0.4536129,0.047514915,0.09155518
2898,2893,4.0952644,0.4535178,0.00680881,0.01333949
2898,2895,2.1520805,0.4459133,0.003262654,0.0068688393
2899,2886,23.923311,0.4569287,0.05357105,0.10141553
2899,6400,28.72763,0.46568438,0.06515594,0.12247693
2900,5138,1.7744598,0.46711543,0.0023938194,0.00496307
2900,1015,25.713867,0.46600989,0.0555001,0.10554965
2901,1644,2.1161575,0.49265292,0.004725516,0.009499267
2901,5210,61.783615,0.49149454,0.16459401,0.31824395
2902,712,3.8607788,0.47916257,0.006013073,0.012085155
2902,2952,34.04797,0.48652604,0.08532089,0.16343865
2903,2911,16.662233,0.5153294,0.030706193,0.059806757
2903,6162,49.90293,0.51070756,0.11017818,0.21044831
2904,6162,42.869526,0.5141976,0.052514594,0.101314455
2905,493,54.35096,0.50851697,0.13889462,0.26905647
2906,2905,18.731047,0.51318496,0.03441427,0.067175575
2907,2912,7.8497734,0.51160926,0.013774641,0.02751103
2907,6966,7.7141953,0.5143355,0.009427503,0.019533947
2908,47,43.56146,0.50540936,0.072704025,0.137773
2909,2906,8.854778,0.51743305,0.016412959,0.033390522
2909,6968,5.16428,0.515115,0.009189673,0.019019708
2910,2904,10.885675,0.5132459,0.020487048,0.040675998
2910,6967,5.5176315,0.5162375,0.009828053,0.020400897
2911,2908,11.365494,0.5150166,0.020723656,0.040981993
2911,6969,6.6138306,0.51545984,0.011905454,0.024374664
2912,6514,24.840551,0.514429,0.0440833,0.0853689
2913,488,1.253212,0.53204787,0.002411127,0.005985707
2913,494,52.58027,0.5328056,0.13783275,0.26839423
2914,1525,27.566055,0.43504676,0.14932957,0.29789656
2915,1722,6.5523834,0.47264296,0.01298926,0.025871262
2915,2957,1.6870651,0.46987396,0.0021833703,0.004474759
2915,4196,5.0857124,0.4740246,0.012384996,0.02453722
2916,4467,2.7491074,0.4932898,0.0044930875,0.0093713105
2916,2917,10.328285,0.49602243,0.020942137,0.041207746
2916,830,20.194614,0.49601638,0.04252784,0.081737295
2917,4046,1.5021858,0.49497366,0.0017606393,0.0037846267
2917,2805,2.3240013,0.49694312,0.0043183565,0.008879915
2917,2916,10.022705,0.49920696,0.020239294,0.03992054
2918,2919,63.941452,0.3506297,0.13597554,0.264447
2918,2561,27.510563,0.34063962,0.061983436,0.11677039
2919,2331,17.764523,0.36290288,0.043685243,0.083517835
2919,2918,64.171036,0.35073155,0.13616464,0.2644455
2920,14,19.73842,0.36549586,0.04922081,0.09370208
2920,2921,50.021404,0.35615778,0.1047778,0.20169519
2921,2339,3.4917755,0.34679842,0.007537037,0.014487639
2921,2920,49.421062,0.3558604,0.10305432,0.1985361
2921,2551,61.57007,0.34387952,0.13236444,0.25816485
2921,3075,36.93341,0.3537589,0.07944741,0.14948763
2922,5517,1.4495277,0.4714451,0.0027412474,0.0060101002
2922,3396,40.348656,0.47281152,0.08719695,0.16843477
2923,325,7.554371,0.5287062,0.015036084,0.030231416
2923,304,108.85258,0.5255614,0.21087691,0.4091637
2923,4617,57.65267,0.52351594,0.15156619,0.29372516
2924,3896,2.8697052,0.5299362,0.004978262,0.0107061565
2924,306,5.0633354,0.5311108,0.012762852,0.025460213
2924,4617,69.09858,0.52553695,0.18609984,0.359991
2925,913,67.64747,0.43664423,0.13662401,0.26424825
2925,3076,13.285852,0.4510857,0.030793544,0.059517577
2926,629,80.341064,0.3690886,0.22041681,0.4267349
2927,2115,171.37352,0.36378795,0.3676776,0.70548666
2927,713,81.14766,0.3130508,0.18122205,0.35219166
2927,273,90.402374,0.345981,0.19628513,0.38074547
2928,3266,6.09536,0.4761543,0.01181829,0.023574442
2928,2929,10.419941,0.47532398,0.021301478,0.041761026
2928,2930,48.654068,0.47461388,0.09645586,0.18734506
2929,2928,10.512239,0.4753678,0.021531262,0.042201146
2929,3264,5.479866,0.47645974,0.010538645,0.021092594
2929,3233,54.393414,0.4751304,0.10775997,0.20907708
2930,2928,48.73914,0.47686535,0.0962557,0.1869537
2930,2931,69.35048,0.47384065,0.13583767,0.26320532
2930,611,54.52542,0.47646603,0.10792681,0.20943487
2930,3233,15.196438,0.47376284,0.031844582,0.061594777
2931,5058,1.5572853,0.47315633,0.0020128116,0.004156068
2931,2930,68.87443,0.4731306,0.13694054,0.26498693
2931,2932,48.720387,0.47524336,0.09608644,0.18617201
2932,2800,12.0125885,0.47239962,0.025062755,0.048709527
2932,3232,125.45415,0.47043046,0.2529603,0.48783833
2932,2931,48.452423,0.47649625,0.09528486,0.18497351
2933,3820,58.857857,0.47006986,0.16245052,0.31349558
2933,3396,46.398125,0.47358942,0.101131,0.1961604
2933,3641,92.720535,0.46775132,0.18615678,0.35868007
2934,4757,1.64048,0.46919942,0.0023403242,0.004766494
2934,845,88.29289,0.46443915,0.1762955,0.34006804
2934,5673,65.23328,0.46309766,0.1895697,0.36566967
2935,41,1.670826,0.5203629,0.0031844974,0.007006347
2935,6255,23.939007,0.5189977,0.057639495,0.11115126
2936,1746,171.64099,0.5308615,0.3488786,0.6766372
2936,6586,37.107967,0.29624736,0.13904308,0.22474289
2937,4664,3.8721848,0.53016174,0.0,0.0
2937,2939,49.100555,0.2742151,0.1831231,0.29684854
2938,4190,3.8349304,0.29202908,0.011613399,0.020445496
2938,401,70.25241,0.53304845,0.14941105,0.28935474
2939,2940,1.5620117,0.5467384,0.001192458,0.0027377158
2939,3864,26.500525,0.31690475,0.09884459,0.16418108
2940,2939,1.3464584,0.54621106,0.0006978139,0.0019498765
2940,4664,49.82855,0.29901522,0.1880121,0.30358905
2941,2938,9.974831,0.29242057,0.027449459,0.049243733
2942,6441,9.227352,0.4778895,0.011283748,0.02270633
2942,1345,60.23765,0.4625978,0.13567269,0.26320902
2943,2540,3.0591202,0.48392868,0.0047545135,0.009771273
2943,2380,4.0623894,0.48852608,0.010439962,0.020446658
2944,5500,1.8836899,0.5386343,0.0019632801,0.004534915
2944,3921,121.34463,0.5315369,0.25205886,0.48686004
2945,2946,1.6439285,0.47223896,0.0022157058,0.0046748817
2945,6422,11.333944,0.47458273,0.025045373,0.0487345
2946,2945,1.6461487,0.47030345,0.002135612,0.004516721
2946,2702,149.72997,0.46327978,0.3003416,0.5796082
2946,2641,16.893082,0.47372323,0.037029836,0.071296975
2947,5400,1.7190285,0.47143695,0.0040415525,0.008321121
2947,2942,4.8654175,0.47353554,0.010683142,0.02143465
2948,3458,100.13074,0.4782697,0.15257622,0.2951504
2949,2950,5.4118843,0.47582102,0.011871591,0.023602426
2949,6678,82.0493,0.47477707,0.19243288,0.37075806
2950,729,1.8430519,0.4700765,0.0035395846,0.007412374
2950,6172,74.68089,0.46540007,0.1704928,0.32731545
2951,1465,1.9190712,0.46742305,0.0027746186,0.0056133717
2951,6310,151.71927,0.4582969,0.41306505,0.80248535
2952,6333,25.562372,0.4850954,0.06251928,0.119237244
2953,2956,0.94745255,0.46894136,0.0030444115,0.006690547
2953,4328,44.260197,0.48011723,0.08804312,0.1698431
2954,3823,1.301014,0.4739843,0.002296254,0.0052885115
2954,5996,61.41706,0.47268486,0.17446728,0.33641747
2954,821,132.99388,0.47318804,0.2969099,0.5737516
2955,784,1.5746231,0.47662085,0.0023866221,0.0050205737
2955,1145,202.70912,0.47597829,0.41016313,0.79303163
2956,4327,1.4457016,0.4788805,0.002408348,0.005014628
2956,5995,59.892624,0.47422507,0.1562409,0.30254516
2957,2915,1.5568352,0.4716789,0.0020495132,0.004394844
2957,6985,81.26436,0.46762487,0.2182973,0.41949052
2958,587,1.8422012,0.46983525,0.0027280971,0.0053827763
2958,4359,1.7691383,0.47160104,0.002356723,0.004758626
2958,2957,23.642653,0.47483575,0.05752237,0.11031666
2959,4358,28.48476,0.46964532,0.06987093,0.13377947
2959,2958,24.512922,0.477583,0.060153812,0.11557632
2960,2961,1.549778,0.47051024,0.0018784627,0.004345596
2960,880,347.02405,0.45369315,0.7029447,1.3631368
2961,2960,1.8017387,0.47357497,0.003137529,0.006571889
2961,3993,36.641354,0.47702312,0.09365807,0.18098783
2962,1458,1.347496,0.4586806,0.0024264604,0.005522251
2962,3994,4.77071,0.47052482,0.012183294,0.02412267
2963,2965,2.9650726,0.53389317,0.0048753545,0.010596633
2963,4617,83.68416,0.526546,0.16144057,0.31365287
2964,4213,1.5021439,0.53053904,0.0024452955,0.005483106
2964,2963,84.88224,0.52843744,0.16454229,0.31968647
2965,2963,3.2117348,0.53507864,0.0061329007,0.01272966
2965,3353,13.766584,0.5339129,0.02890297,0.056694828
2966,5691,2.354866,0.45875564,0.0027885213,0.0058277547
2966,5690,10.464647,0.4618593,0.022012986,0.042819098
2967,2451,2.3227577,0.4575084,0.0036906302,0.007553622
2967,6013,33.431602,0.45385092,0.07031126,0.13268094
2967,3346,105.98901,0.46750578,0.21298243,0.41033268
2968,772,1.7293053,0.24246442,0.0043022707,0.0077683777
2968,770,7.1277924,0.24993402,0.019051433,0.03528461
2968,771,4.202034,0.2481268,0.010010853,0.018113852
2969,3573,30.017551,0.46384835,0.053749822,0.1024617
2969,3897,4.288265,0.45732072,0.0069420785,0.014007494
2970,3400,30.300102,0.4228772,0.07723688,0.14449444
2970,4097,21.510021,0.41255733,0.047227625,0.090521306
2971,3049,69.62633,0.4724123,0.13858286,0.26800945
2971,5382,33.550354,0.4773568,0.06846503,0.12973753
2971,2083,103.96531,0.46974742,0.21038619,0.40490162
2972,2267,26.322735,0.47621328,0.054883778,0.1042415
2972,2268,55.251747,0.48040435,0.10897436,0.2112708
2972,2847,51.40329,0.47999075,0.10132293,0.19611128
2973,2267,44.89304,0.4785897,0.08767773,0.17000794
2974,5701,1.7802353,0.47721928,0.0032372773,0.0064561367
2974,2849,23.812143,0.41628045,0.054826956,0.10495912
2975,2102,16.691025,0.50931615,0.03490907,0.0682291
2975,2103,27.713583,0.50948375,0.056444496,0.10834394
2976,2967,94.0285,0.47803658,0.18822317,0.36210686
2976,1765,81.616394,0.49108917,0.15848127,0.30635417
2976,3154,1.5616531,0.49143696,0.001724638,0.004059121
2977,48,1.2861137,0.48442584,0.0023657829,0.005709246
2977,217,39.227634,0.49569702,0.08420142,0.16301325
2977,2979,16.188215,0.49462974,0.038998865,0.07538687
2978,2910,42.608562,0.51015466,0.074141994,0.14040583
2978,6514,54.89088,0.5049041,0.14722398,0.2852838
2979,7009,1.838211,0.49221236,0.0021126792,0.004630804
2979,2978,83.96188,0.49067095,0.24618444,0.47446036
2980,992,1.0843887,0.4774021,0.003547594,0.007795736
2980,3308,48.761246,0.49026537,0.12021522,0.23347029
2981,3308,1.5883713,0.48813707,0.0030805022,0.0062366426
2981,227,2.5690765,0.49048647,0.006927341,0.014064699
2982,6952,0.6868477,0.2532139,0.0,0.0
2982,3386,575.0936,0.48861885,1.1077075,2.1678472
2982,3739,175.19144,0.4668275,0.34989268,0.67615604
2983,3342,1.770256,0.5024635,0.0024682581,0.005221769
2983,1302,1.8380585,0.50109255,0.0025314763,0.0053576976
2984,2985,52.796192,0.50056046,0.10295586,0.19875963
2984,2983,34.34399,0.50134945,0.06847943,0.12989683
2985,2984,52.663048,0.50058466,0.10174871,0.19729234
2985,2843,28.497158,0.50276875,0.05797709,0.11056607
2985,3340,12.347027,0.50793576,0.0252337,0.049399078
2986,281,1.6400986,0.47649303,0.0021653622,0.0045030266
2986,5989,32.50793,0.47406363,0.07244485,0.13827369
2987,1564,19.280048,0.47734624,0.03732916,0.07239632
2987,1567,28.21331,0.4729674,0.06356328,0.12250237
2988,5094,35.835915,0.46817034,0.09011989,0.1729913
2989,3458,1.5071182,0.47947735,0.0031714365,0.006681308
2989,2574,4.063938,0.4790596,0.008907661,0.017887935
2990,3668,250.06526,0.46837392,0.5050037,0.97733855
2990,4783,21.532969,0.4733826,0.046198595,0.08824065
2991,4864,13.38591,0.47879362,0.029446572,0.05738718
2991,6819,8.062508,0.47420293,0.017128617,0.033776417
2992,3227,1.4348412,0.4726205,0.0024085566,0.00535585
2992,6819,11.760605,0.47702906,0.025650479,0.04960294
2992,3601,176.34787,0.4739748,0.35619202,0.6890652
2993,3171,66.82221,0.4369709,0.13108121,0.25418487
2993,6025,13.115967,0.44906282,0.02882649,0.056114547
2994,2384,4.8468895,0.4472497,0.009346046,0.01877509
2994,1247,28.306725,0.44904223,0.059534274,0.112833396
2994,2606,62.119522,0.44739783,0.12532166,0.24253094
2995,1249,51.85938,0.3897149,0.107275575,0.20426418
2995,5612,138.93951,0.36069372,0.14676626,0.28576016
2995,1704,156.71729,0.40208787,0.15263087,0.30080926
2996,6560,9.06992,0.43591464,0.018887624,0.036570072
2996,1709,2.6548958,0.4366647,0.0048273653,0.009636447
2996,5543,77.26539,0.43854886,0.15635124,0.301399
2997,5751,6.01495,0.3695166,0.013973296,0.026853636
2997,6840,13.340643,0.3643725,0.02980915,0.05723328
2998,2550,35.80374,0.38331878,0.07535952,0.14224343
2998,2390,77.18257,0.37926775,0.1645168,0.3175962
2998,2007,217.52295,0.3702243,0.47026905,0.9046888
2999,3572,1.8061371,0.36624452,0.0033997,0.006539792
2999,4915,2.1554565,0.3702643,0.004310727,0.008528113
2999,561,31.536535,0.3704798,0.08253527,0.15685718
3000,1518,4.117634,0.37665075,0.00860443,0.016785547
3000,5156,1.8290863,0.38269868,0.0038131177,0.0077227503
3000,5267,33.263657,0.36623755,0.0703657,0.13157448
3001,682,2.666771,0.51266485,0.005558133,0.011717588
3002,3004,16.261297,0.49404103,0.033877287,0.0659126
3002,216,45.98143,0.49420926,0.090312496,0.17322254
3003,1340,20.037489,0.4941326,0.043004606,0.0830207
3003,218,28.441683,0.49618414,0.06401285,0.12139107
3004,3002,16.171314,0.49414113,0.03397649,0.06613701
3004,215,21.21117,0.49482486,0.045170967,0.08644665
3004,3003,6.8064995,0.49031675,0.0142271295,0.028415203
3005,6494,4.0092163,0.46397275,0.0065901056,0.013183981
3005,6495,1.6434975,0.43202436,0.0046133026,0.009473041
3006,1136,7.6419716,0.47004002,0.016597986,0.03272079
3007,4908,20.383892,0.4883385,0.043194007,0.08276357
3007,190,23.364288,0.48897463,0.050677914,0.09676649
3007,6381,28.946701,0.4945586,0.072291166,0.13731375
3008,840,23.98124,0.48191026,0.051912043,0.09828232
3008,4047,9.021755,0.09244165,0.024984084,0.049293324
3009,4223,0.48493576,0.06186098,0.002817884,0.00579831
3009,2592,2.3139915,0.48524138,0.0044978857,0.009281248
3010,3009,1.6903687,0.0763759,0.005487725,0.011701569
3010,2592,2.963543,0.48846492,0.0038445443,0.009010717
3011,1600,1.642498,0.48350757,0.002077788,0.004202828
3011,1190,28.65813,0.48439148,0.058849167,0.11207367
3011,3012,10.792713,0.4887609,0.025075927,0.04923822
3012,763,1.6623878,0.48431516,0.002260469,0.004524827
3012,3015,30.986221,0.48833388,0.07768413,0.14824405
3013,5302,16.70035,0.49059087,0.039843373,0.07736888
3013,1290,5.45401,0.48942685,0.0135874525,0.027148217
3014,2593,40.993683,0.48840946,0.08132356,0.15636621
3014,3013,11.5364,0.49049863,0.027313448,0.05359915
3015,2263,62.77603,0.48362756,0.12489748,0.24246782
3015,5304,17.758377,0.49237597,0.041865528,0.081039645
3016,3395,52.302288,0.46109265,0.10298828,0.19937944
3016,2256,104.04553,0.45763683,0.20851408,0.40168318
3016,1127,73.694595,0.45753658,0.14761645,0.28473043
3017,1496,118.650604,0.46038076,0.26420805,0.50974745
3017,3395,102.58154,0.4552799,0.20449813,0.39404297
3018,3040,63.980213,0.4630797,0.13751523,0.26635835
3018,4934,100.97015,0.46297294,0.21850124,0.4216559
3018,6848,138.3396,0.46285054,0.27941066,0.53907824
3019,3065,368.74,0.4450897,0.745085,1.4446481
3019,6848,1.9691124,0.4695262,0.0029838458,0.0063354075
3020,4374,1.5740318,0.46738225,0.0019596964,0.0041127354
3020,3022,66.70648,0.46497107,0.12953706,0.2511575
3020,3027,62.811203,0.4653101,0.13931255,0.26879627
3021,6556,2.0395203,0.46721345,0.0021668598,0.0043905675
3021,3022,6.580902,0.47346774,0.0131970495,0.025824875
3022,3020,67.3198,0.46231627,0.1309117,0.25337288
3022,6556,6.866829,0.47140336,0.014050767,0.027625054
3023,3024,54.776646,0.46755475,0.10785252,0.20847763
3023,6849,11.901617,0.46567607,0.02456855,0.04812266
3024,3023,53.946213,0.46745974,0.1059012,0.20454393
3024,6555,25.52246,0.46843243,0.05468652,0.1038764
3025,3026,25.844942,0.46450305,0.053821065,0.102228716
3026,3029,63.520756,0.4671014,0.1253201,0.24330696
3026,3028,50.062595,0.4692855,0.09870002,0.19147581
3026,3025,25.682545,0.46699286,0.054095004,0.102561615
3027,4342,1.5407715,0.46259928,0.0018453747,0.0041692406
3027,3028,9.880615,0.46884164,0.021641046,0.0420385
3028,4344,1.8331261,0.46751478,0.0024737567,0.004959911
3028,3026,50.264988,0.46797153,0.099740535,0.19316557
3028,3029,26.120186,0.47033983,0.05854469,0.111461274
3029,4343,1.6241646,0.4682696,0.0020097494,0.004283011
3029,570,1.7161751,0.46891475,0.0033231974,0.0069362074
3029,3026,63.28589,0.46733165,0.12683323,0.24574073
3030,3031,7.949028,0.4710374,0.016188972,0.03192666
3030,4370,91.70904,0.46628535,0.1809979,0.3489145
3030,4369,168.38371,0.464433,0.3414596,0.65852094
3031,7086,63.26937,0.46807152,0.12611759,0.24493998
3031,3030,7.7589264,0.47116238,0.015794545,0.031194106
3031,3036,121.455864,0.4641954,0.2452305,0.47271222
3032,3035,99.01224,0.4654352,0.19851932,0.3824131
3032,4061,2.7604523,0.4683474,0.0055402443,0.01109007
3032,614,60.18911,0.46597233,0.13235253,0.25602236
3033,5097,2.2270699,0.4700128,0.004308395,0.009012401
3033,5784,11.227156,0.46752036,0.023689777,0.04631208
3034,1496,47.687595,0.46345878,0.09488795,0.18374959
3034,1497,27.137512,0.4645304,0.06069114,0.1159297
3034,3039,8.178925,0.46375448,0.01747799,0.034214795
3035,3032,100.028854,0.46875173,0.19958225,0.38405252
3035,613,58.71695,0.46949494,0.090426825,0.17551096
3035,612,108.76212,0.4649564,0.16735688,0.32420492
3036,3031,121.88713,0.46643785,0.24510509,0.47244173
3036,3201,75.51535,0.46806312,0.14943048,0.28869683
3036,3037,25.133892,0.47072428,0.053249113,0.10095764
3037,3036,24.906097,0.47078753,0.052696645,0.10011175
3037,5774,9.524612,0.47355717,0.019560948,0.038139865
3038,5368,1.2799301,0.47534934,0.0013675243,0.0033567995
3038,640,42.890377,0.4738097,0.13941385,0.2721045
3038,3083,57.141438,0.47095975,0.19504035,0.3763577
3039,1435,24.219479,0.46256015,0.051790822,0.09821771
3039,3034,8.076164,0.46455663,0.017177753,0.03368935
3039,1434,30.188347,0.46461636,0.0667819,0.12689322
3040,1498,156.58902,0.46336728,0.3341169,0.6448456
3040,3018,63.756577,0.46261272,0.136162,0.26448515
3040,6611,40.791023,0.46947968,0.081659526,0.15594998
3041,3167,1.6582489,0.4103724,0.0026980117,0.005681202
3041,529,88.21316,0.41168177,0.18231836,0.35005558
3041,800,209.58765,0.41199034,0.44001424,0.8460667
3042,614,121.380745,0.46181142,0.24526125,0.4722612
3042,621,38.651794,0.46382365,0.077592425,0.14831528
3042,621,46.185417,0.4638883,0.092032835,0.17881982
3043,2798,92.82196,0.4514988,0.18770638,0.361
3043,2677,40.148884,0.45548776,0.08052944,0.15426151
3043,4539,72.97785,0.45071596,0.1442104,0.27856007
3044,4487,106.19967,0.4657732,0.2099855,0.40511858
3044,4485,36.79995,0.47250968,0.07422836,0.14229774
3044,4491,33.223324,0.47563627,0.067827016,0.1280829
3045,4378,2.4335518,0.4764363,0.0050693452,0.010526434
3046,3049,2.8433304,0.47388518,0.005044669,0.010379627
3046,3050,88.961136,0.4650923,0.20144375,0.38794833
3047,4744,101.517624,0.45405877,0.2730676,0.5261462
3047,3048,32.919415,0.44941628,0.06783647,0.1287085
3048,3047,32.314682,0.45185074,0.06759787,0.12750354
3048,5285,76.139465,0.44848394,0.15230845,0.29306713
3048,5021,29.878075,0.45525205,0.062655754,0.11824022
3049,3046,2.6451569,0.47057793,0.004611023,0.0095115155
3049,2971,69.50958,0.47271276,0.13834679,0.26821154
3049,5385,31.733421,0.47461072,0.07087944,0.13463849
3050,2461,25.235533,0.46880823,0.05675373,0.107840426
3050,3049,87.77298,0.4708231,0.20135199,0.3871448
3051,5986,1.6884727,0.4849365,0.0027208999,0.0057248324
3051,3432,88.04792,0.4841128,0.17488521,0.33731753
3051,6906,44.77802,0.49012658,0.11745181,0.22819436
3052,6683,49.727688,0.4865609,0.09598581,0.18620832
3053,4496,2.2029037,0.48597938,0.003615491,0.0072451234
3053,2143,8.772053,0.4865815,0.023270369,0.04556586
3054,1129,13.811056,0.4619589,0.029120572,0.05668731
3054,1133,18.444324,0.46136907,0.039281316,0.07588461
3055,1132,26.587734,0.4588457,0.05971504,0.11344067
3055,2257,13.861979,0.45924842,0.030197687,0.058376774
3056,1606,2.868904,0.49666026,0.006009415,0.0126538575
3056,3057,135.27826,0.49020913,0.26909137,0.5200628
3056,1605,25.69082,0.4969384,0.057233345,0.10935287
3057,1607,42.70756,0.49192095,0.08387924,0.16191326
3057,1604,70.67719,0.49364108,0.13846217,0.26874757
3057,3056,135.8399,0.493969,0.2696775,0.5209025
3058,1606,96.647156,0.49729112,0.190519,0.368064
3058,3059,39.418404,0.4958495,0.07831197,0.15105985
3058,3160,97.139496,0.4947209,0.19212756,0.3709901
3059,3160,40.1244,0.4969887,0.07948011,0.15321296
3059,3161,78.623825,0.49361366,0.1542622,0.29794466
3059,3058,39.26914,0.49674806,0.07795091,0.15038879
3060,2093,181.81961,0.49117693,0.36363414,0.7034984
3060,1604,146.65756,0.4940246,0.32213688,0.6223254
3060,1603,20.49219,0.49614966,0.045029953,0.0863056
3061,1512,81.87128,0.38437915,0.17185417,0.33155602
3061,1509,45.749954,0.39742675,0.09350397,0.17805521
3062,3202,1.6601486,0.46215492,0.002219364,0.004708931
3062,1445,100.210754,0.45462966,0.20121865,0.38534006
3062,3797,79.02904,0.4545933,0.15625876,0.30258206
3063,3202,56.930077,0.4619838,0.112247996,0.21787445
3063,4181,19.890236,0.45509645,0.042639837,0.0816004
3063,4711,44.37597,0.46032834,0.08679984,0.16600434
3064,1433,115.38434,0.4597602,0.25900733,0.49911296
3064,1435,193.21088,0.456148,0.3933408,0.7581985
3064,554,8.554897,0.46092317,0.018555008,0.03633499
3065,6869,23.509748,0.46608216,0.052580208,0.09970351
3065,3019,362.69006,0.4486969,0.73507196,1.425644
3065,3204,25.722399,0.46586552,0.05799062,0.11066693
3066,2081,138.5456,0.47557306,0.27893218,0.5384333
3066,1274,88.969185,0.47863537,0.17900142,0.34442398
3066,1142,20.91442,0.47960642,0.04482294,0.0857116
3067,2068,44.97171,0.48662078,0.08876638,0.17186195
3067,6760,142.87997,0.48268864,0.28633344,0.55199355
3067,1788,64.741516,0.4848253,0.12747362,0.247035
3068,3217,1.5663643,0.4681326,0.0027399212,0.0062393993
3068,1627,37.63507,0.46394208,0.16597131,0.3251853
3069,5689,2.5246582,0.47351727,0.0033355579,0.0067290515
3070,4529,1.4465065,0.48207065,0.0018005893,0.0038888603
3070,6683,104.57579,0.4811177,0.23442793,0.4511006
3070,3433,99.55393,0.48209217,0.19803445,0.38122746
3071,3072,0.6297722,0.2515111,0.00044510514,0.001256004
3071,6122,237.1681,0.46734282,0.52635217,1.0197127
3072,3071,0.7729378,0.26055682,0.00065118074,0.0018091649
3072,6606,43.902306,0.50156194,0.09689769,0.18883248
3073,6760,1.5185623,0.48217544,0.00227689,0.0048191994
3073,1140,2.4029427,0.48536584,0.0051034614,0.010604769
3074,3075,1.7605286,0.35428423,0.0038475469,0.007580593
3074,2560,70.080246,0.34706217,0.2042701,0.39719036
3075,3074,1.6836281,0.35250902,0.0040106475,0.007697776
3075,2921,36.636505,0.35318086,0.07955995,0.14967875
3075,2030,110.029274,0.35973686,0.23712322,0.4561503
3075,1858,14.217651,0.35663033,0.03187509,0.060775623
3076,3456,5.796734,0.44871324,0.014212333,0.02809392
3076,6477,16.212605,0.4459955,0.031580053,0.061989598
3077,5883,2.0056038,0.45088547,0.0028851703,0.0058240294
3077,1888,46.848892,0.45038489,0.10313659,0.1989016
3078,5206,1.6185112,0.5029409,0.0019348636,0.004586801
3078,5044,58.585648,0.49220517,0.15274571,0.2959851
3079,4928,38.980694,0.49465647,0.07748882,0.14924663
3079,4690,33.72102,0.49809062,0.083559304,0.15975386
3080,5177,2.5023308,0.49649155,0.0019332394,0.0044873655
3080,4691,31.964378,0.49674922,0.07218364,0.13652116
3081,4595,1.0048866,0.52491623,0.0008704066,0.0024366975
3081,835,52.763847,0.51984066,0.11150338,0.21393704
3081,2575,74.401566,0.5225801,0.14255223,0.27692688
3082,4605,36.600353,0.51155126,0.071483605,0.13555717
3082,2101,11.527775,0.5149383,0.023619086,0.046277255
3082,3187,96.50349,0.5022636,0.18330663,0.35573816
3083,6226,103.558075,0.46894896,0.34985197,0.67625487
3083,3038,57.15561,0.4694195,0.19499213,0.37701958
3084,1949,1.912159,0.34091842,0.003165923,0.006431505
3084,5014,15.51742,0.3511023,0.044273075,0.08541665
3085,1046,3.78096,0.49601823,0.0068847314,0.013811618
3085,186,37.79847,0.49867153,0.07590011,0.14567736
3085,1055,30.68341,0.4953996,0.06289641,0.119723305
3086,1050,37.508446,0.49680984,0.07566342,0.14493437
3086,411,7.6433754,0.49710646,0.016038567,0.03135498
3087,6438,3.5931053,0.48555818,0.004505113,0.009807438
3087,5075,23.290821,0.492554,0.057313554,0.11041402
3088,45,1.6349831,0.5144881,0.0021853298,0.0046972036
3088,3840,23.01387,0.5140699,0.05592199,0.1076097
3089,6557,1.0280991,0.5382636,0.0039608926,0.008918807
3089,5073,8.451809,0.53806525,0.017140128,0.034356117
3090,3089,11.752033,0.5398319,0.02406419,0.04796259
3090,6350,1.6106491,0.53820753,0.004544452,0.00926429
3091,1632,0.9081726,0.539206,0.0012926608,0.0034296513
3091,2500,32.132133,0.53363127,0.09774985,0.19181432
3092,1635,2.391388,0.547213,0.0017473176,0.0038940609
3092,6815,33.305687,0.53968596,0.06443292,0.12346505
3093,6193,219.03923,0.47835732,1.7742335,3.4720435
3094,1758,3.7093582,0.46746767,0.03346829,0.064702064
3095,1632,1.3063431,0.54015446,0.0019928962,0.005102381
3095,3117,56.045544,0.5407264,0.08620922,0.1651215
3095,3127,37.000477,0.5390235,0.07409352,0.14299381
3096,3527,1.702179,0.5364994,0.0046708584,0.009911418
3096,296,6.7761726,0.5266164,0.019601524,0.038460433
3097,3125,37.08815,0.53140503,0.059393194,0.11171173
3097,1738,4.518749,0.28794235,0.011604466,0.02022788
3098,5018,12.151316,0.5172592,0.03343084,0.065657675
3099,6075,2.71529,0.5585602,0.00295382,0.0067092776
3099,316,79.90469,0.5364088,0.15244398,0.29690248
3100,2519,1.1647568,0.5409895,0.0014698803,0.0033220053
3100,6207,8.400883,0.54076153,0.016674668,0.033606663
3100,320,55.777954,0.54017925,0.11350156,0.22077426
3101,4600,1.2449951,0.5070798,0.0019193515,0.0044112355
3101,1977,54.19287,0.5149962,0.11507277,0.22225156
3102,3101,1.298336,0.5136782,0.0020323992,0.00445427
3102,2538,69.551025,0.5140198,0.14684129,0.28362665
3103,1756,22.832558,0.47522157,0.05674487,0.109784596
3104,3094,32.411148,0.48104775,0.082841486,0.1573172
3104,1760,12.519543,0.46133405,0.04339573,0.08579679
3105,312,114.301216,0.4492103,0.8955824,1.7472548
3106,3094,6.469635,0.4606358,0.046681575,0.093674764
3106,1760,41.761547,0.4760905,0.08890721,0.17130455
3107,3168,1.8224487,0.46833068,0.0025205612,0.0051680207
3107,6605,2.7751503,0.4688961,0.004694119,0.009542927
3107,1757,3.9715042,0.4672766,0.024167366,0.047576115
3108,3109,1.3722382,0.50559664,0.0037833452,0.0076218843
3109,5419,1.6349678,0.49569252,0.0018654987,0.004457146
3109,2827,8.909805,0.5102397,0.021242775,0.042140484
3110,3111,24.174868,0.47309446,0.052271493,0.09923273
3110,6389,41.38768,0.47528037,0.11385006,0.22071534
3111,6900,2.0339088,0.47585097,0.0030545667,0.0061878413
3111,2883,28.304886,0.47225854,0.058913387,0.111851126
3112,3429,26.251986,0.47017258,0.057506043,0.10976376
3112,1700,35.906452,0.4765117,0.11403966,0.22199139
3113,6901,1.7461853,0.4658461,0.0026455075,0.0052764863
3113,3114,2.0802116,0.46667263,0.004075922,0.008215949
3114,3115,8.412159,0.4755504,0.017080456,0.03374085
3115,3429,3.8466072,0.47100043,0.008189246,0.016365647
3115,6389,22.670906,0.46769896,0.04848197,0.09170947
3115,2649,61.218285,0.4713677,0.1344223,0.25956976
3116,4890,45.443268,0.44722956,0.15783307,0.30897224
3116,6201,13.520628,0.047995985,0.05454425,0.10884473
3117,1631,1.4303894,0.5398927,0.0015467405,0.0036306828
3117,3118,67.285835,0.5315207,0.092872985,0.17816664
3117,3127,28.792864,0.5383132,0.05864212,0.11193035
3118,1633,0.97644806,0.5389354,0.0006883666,0.0015743077
3118,2443,67.83652,0.5322803,0.0939487,0.1808153
3118,3156,58.336464,0.53502864,0.111619726,0.21638444
3119,5513,3.9628448,0.4113537,0.011111006,0.020996168
3120,4099,21.833145,0.4157599,0.0480588,0.09209468
3121,1846,2.4909592,0.41769645,0.004469186,0.008966252
3121,3119,8.478344,0.42013273,0.015459321,0.030132592
3122,2629,1.095829,0.44960544,0.0046774447,0.0096129775
3122,2622,48.044174,0.44144845,0.120318905,0.23480573
3123,440,25.986141,0.49158928,0.06330292,0.121417835
3123,5294,15.464949,0.4935527,0.036482267,0.07084737
3123,5696,12.9838505,0.49444404,0.030575167,0.059279323
3124,3123,5.9437637,0.4956931,0.01516518,0.030094787
3124,3301,23.881088,0.48480788,0.050657257,0.09607848
3125,2444,1.5077972,0.52499586,0.002083838,0.0046535432
3125,1882,236.32886,0.5524387,0.34185585,0.6650091
3126,5660,66.79875,0.5308029,0.13771462,0.26584062
3126,4570,53.000957,0.5344487,0.108242914,0.20694396
3126,316,37.088867,0.5376804,0.072419286,0.14009228
3127,3117,29.371788,0.539277,0.058872785,0.11305744
3127,316,66.19809,0.5393041,0.12678933,0.24714577
3127,3095,37.378395,0.5420674,0.07815677,0.15336093
3127,3156,37.91009,0.5360917,0.07658115,0.14824453
3128,2506,7.1627846,0.4845156,0.017598055,0.035210416
3128,709,7.0770187,0.48501945,0.015461966,0.031063244
3129,512,1.8559227,0.53966504,0.0035216585,0.007899255
3129,3356,22.028038,0.5368821,0.046312407,0.089080274
3130,3131,1.7452812,0.53119105,0.00081864744,0.0019686967
3130,4776,63.208874,0.52566004,0.117571205,0.22823754
3131,3130,1.6584892,0.5314914,0.00095671415,0.002264753
3131,5098,64.22739,0.5255854,0.21654916,0.4197746
3132,1798,40.885708,0.14384234,0.1027804,0.21350758
3132,1845,8.413551,0.14629087,0.018911332,0.036266327
3133,4574,42.520645,0.5312876,0.08717759,0.16760953
3133,303,61.603043,0.5355805,0.11703362,0.22896576
3133,5461,54.329453,0.5312713,0.11254573,0.21601696
3133,314,51.132874,0.53433126,0.09850956,0.19115594
3134,6207,1.2944221,0.5400287,0.0044159815,0.009402141
3134,5539,27.292038,0.5309732,0.08096113,0.15823834
3135,4141,20.63303,0.06512308,0.07588263,0.15237203
3135,6958,1.4204559,0.4858936,0.005088784,0.010710835
3136,3135,1.8951149,0.048119545,0.009195775,0.017513588
3137,4300,1.1582489,0.48417285,0.004989937,0.010966197
3137,6405,15.085903,0.4831016,0.042474773,0.08285653
3138,4129,1.5353432,0.47408533,0.005595036,0.011478037
3138,6194,1.5289154,0.46889535,0.0072904304,0.013604879
3139,2712,1.6622849,0.43527833,0.0052175,0.010334685
3139,2113,189.64592,0.41347024,0.51216084,0.9955422
3139,5941,4.1702805,0.43353915,0.010790259,0.021159038
3140,707,17.494007,0.47338784,0.037859086,0.07328777
3141,3120,2.981285,0.40988666,0.008695707,0.01683192
3141,3142,37.35184,0.41542587,0.1211023,0.23724473
3142,1707,0.8679161,0.4281595,0.00570485,0.011397973
3143,2516,30.308264,0.40662032,0.083930105,0.15771022
3144,3147,4.0620155,0.47869745,0.008197442,0.016783029
3144,1161,71.147766,0.4750612,0.15459484,0.29785383
3145,2758,1.0868187,0.4791272,0.0039016604,0.008207962
3145,5831,1.0960045,0.47540185,0.0068183094,0.013630196
3146,3463,1.6508179,0.47842526,0.0023357123,0.0048440993
3146,816,54.523403,0.48278704,0.10869046,0.21188435
3146,3464,3.0943604,0.48142624,0.0066685006,0.013372883
3147,5410,6.25552,0.47695282,0.013967007,0.027807593
3147,4618,9.46027,0.4782427,0.02047506,0.040280655
3148,6989,11.582228,0.47241387,0.022254609,0.043675542
3148,2855,10.62084,0.46624297,0.022173882,0.04366781
3149,6718,11.46921,0.47511473,0.031881884,0.062115356
3150,6919,103.21737,0.44636995,0.20806412,0.39913288
3150,766,2.8962097,0.45782456,0.0049617663,0.009896964
3151,4431,2.0216675,0.44179344,0.0028556734,0.0056841373
3151,4427,28.446335,0.44931364,0.06244622,0.117976956
3152,1151,8.022308,0.25164455,0.016579635,0.030681685
3152,772,3.3621063,0.2504518,0.00805676,0.014654517
3153,5662,93.77482,0.5322452,0.1274935,0.24641758
3154,6012,78.65614,0.45914364,0.27422574,0.5291759
3154,2976,1.4773712,0.49265504,0.0020764917,0.0047432035
3155,4224,0.9173584,0.53031516,0.0012199432,0.0031214505
3155,5461,9.759594,0.53575563,0.021061309,0.041662037
3156,3118,59.486122,0.5364771,0.11284712,0.21885607
3156,3127,38.2147,0.5368559,0.07711303,0.14942776
3156,3157,25.103672,0.5384413,0.05179593,0.099325396
3157,303,65.36211,0.5382396,0.12479052,0.24312052
3157,3156,25.03219,0.5371539,0.051906582,0.09923194
3157,322,33.300697,0.5360587,0.06863613,0.13154683
3158,2220,32.383286,0.5234277,0.06438835,0.12345365
3158,325,56.979057,0.52501786,0.10974085,0.2129128
3158,3405,102.054794,0.5228533,0.19700845,0.381754
3159,4308,1.3089294,0.49627325,0.0018004999,0.004115343
3159,351,23.863743,0.49910897,0.053496864,0.101834655
3160,1297,22.659952,0.4982317,0.047919787,0.09120432
3160,3059,40.154076,0.49784887,0.07909914,0.15252782
3160,3058,97.003815,0.49421248,0.19141361,0.36942434
3161,1603,50.811382,0.49540246,0.099689245,0.19356002
3161,1295,56.081543,0.4942254,0.11037193,0.2140927
3161,3059,78.52481,0.49352238,0.15453205,0.29877472
3162,6761,1.6436424,0.47977152,0.0020598546,0.004166782
3162,1123,70.60031,0.48158914,0.13772656,0.26695496
3162,3073,2.2515144,0.48426393,0.004909314,0.010113522
3163,3980,2.1268654,0.26268098,0.0054749474,0.01010789
3163,4955,35.057137,0.15402055,0.09230212,0.18570189
3164,1919,46.21787,0.43872422,0.15392025,0.3011548
3165,3166,2.4290962,0.42461368,0.030994002,0.06170795
3165,3164,126.72062,0.43694717,0.287351,0.55272555
3167,3041,1.6447525,0.41054097,0.00269486,0.005667478
3167,3773,40.447495,0.40747195,0.090957604,0.17502847
3167,529,77.27936,0.41486543,0.17525846,0.33697864
3168,3107,2.1253242,0.4694225,0.0031135678,0.0062302053
3168,3169,24.357792,0.46814507,0.052313168,0.0992476
3169,1940,175.40817,0.46180832,0.35349575,0.6813047
3169,2270,197.76462,0.4576819,0.40440157,0.7773493
3169,3168,24.853033,0.46674225,0.053268936,0.10103624
3170,3171,62.022774,0.45108712,0.12527773,0.24236417
3170,3171,62.21612,0.45067835,0.12569399,0.24313764
3170,2720,44.846638,0.4519981,0.09037884,0.17499687
3171,2993,66.867096,0.44774294,0.1324368,0.25675085
3171,3170,62.286713,0.45296383,0.12507266,0.24213596
3171,3170,62.090523,0.45342577,0.124666885,0.24138425
3172,2667,63.11107,0.44499856,0.12677713,0.24485323
3172,122,20.349926,0.44786853,0.04376543,0.083761774
3172,2725,50.771183,0.44759527,0.08168563,0.15734582
3173,2914,3.3227768,0.4345912,0.030462835,0.06098912
3173,1922,65.93269,0.44190508,0.14768073,0.28647637
3174,5072,2.1144447,0.38758373,0.0039897934,0.007993683
3174,5015,1.9104958,0.39250237,0.0047704577,0.009136379
3175,3178,32.93253,0.44277626,0.06814717,0.12935646
3175,3176,59.731544,0.4382245,0.12058576,0.23346177
3175,3177,87.47826,0.4371948,0.17677383,0.33905995
3176,3175,60.217487,0.4350063,0.120678246,0.2333667
3176,3178,63.736813,0.4348482,0.14263508,0.27503696
3176,1499,225.94293,0.43373653,0.5106969,0.98704046
3177,3175,87.85353,0.43413258,0.17703998,0.34044588
3177,3551,93.96712,0.43672478,0.18894273,0.3632471
3178,3175,33.461082,0.43881214,0.06854616,0.13030611
3178,3608,176.9565,0.4277583,0.39942396,0.7721126
3178,3176,63.83175,0.43588725,0.1427351,0.2753514
3179,3587,22.60039,0.459255,0.048904046,0.092777394
3179,6180,7.2497063,0.46333838,0.014403537,0.028162211
3180,3179,4.336918,0.46429387,0.008338109,0.016616747
3181,2863,50.10252,0.4668795,0.1120885,0.2170655
3181,4879,97.46157,0.4595406,0.21117356,0.4068634
3182,5819,23.646048,0.4609631,0.049349498,0.093907155
3182,1876,72.00074,0.46020538,0.25313288,0.4868884
3183,557,68.75387,0.462452,0.24095273,0.46343607
3184,5834,0.9944229,0.17618772,0.00026230514,0.00074638426
3184,6517,37.85082,0.47356528,0.075693734,0.14628501
3184,3207,46.951653,0.4681719,0.091741234,0.17889717
3185,5835,0.7395134,0.19880363,0.0,0.0
3185,1454,41.085667,0.47788903,0.11434541,0.22137731
3185,3540,35.781715,0.47647387,0.07293368,0.13919076
3186,1744,2.1459198,0.5148566,0.0035874695,0.007510245
3186,6577,7.413559,0.51860774,0.018088825,0.035851493
3187,4712,1.5048218,0.48635232,0.00095012784,0.0027846396
3187,3082,96.12827,0.5029201,0.18532932,0.35916895
3187,4604,39.07521,0.50990266,0.09583248,0.18612991
3188,3189,1.5425377,0.47132915,0.0030361563,0.006584123
3188,4036,43.568985,0.47228837,0.097616784,0.18811612
3189,3190,1.6677628,0.4712752,0.0031400844,0.0066299736
3190,3193,1.3567886,0.4384215,0.0025650784,0.005418241
3190,3020,1.5198898,0.4549539,0.0027710348,0.0060717613
3191,3192,1.7887344,0.47019345,0.0033119544,0.0068226308
3191,3199,80.36567,0.4674997,0.18215811,0.34980085
3192,3194,0.77758026,0.07747394,0.0009326786,0.0025823563
3193,3191,1.696003,0.45913482,0.0028688982,0.0059857816
3194,2132,87.87958,0.45875454,0.17343646,0.33501256
3194,3188,1.9817734,0.47726455,0.0041762516,0.008406356
3195,1498,4.438896,0.4742053,0.009603061,0.019190073
3196,877,44.355125,0.5283252,0.09108655,0.17428903
3196,5633,10.049725,0.5341208,0.021815173,0.043315157
3197,1513,1.2687073,0.414574,0.004872218,0.009865627
3197,5799,135.31949,0.3790847,0.40904972,0.7896185
3198,7090,0.683548,0.36141235,0.0021513626,0.0041320473
3199,4342,85.80878,0.4602106,0.1691177,0.32602468
3199,3198,35.255924,0.47038516,0.07776407,0.14710334
3200,6986,0.80023956,0.41333753,0.003464669,0.006719783
3201,1431,1.6795807,0.4696977,0.0022945702,0.004806146
3201,3200,37.85019,0.4684309,0.10206464,0.19828087
3201,3036,75.53107,0.468258,0.15121955,0.29156584
3202,3062,1.8340149,0.4586145,0.0025779158,0.0053679645
3202,3063,56.796642,0.4563104,0.1126707,0.2187845
3203,1106,1.796627,0.45673418,0.0030258447,0.0062684566
3203,3202,79.921265,0.46363142,0.16312769,0.31488556
3204,3205,2.9180527,0.4623539,0.0025672168,0.0056252927
3204,4035,240.63298,0.45508736,0.5454489,1.0558354
3205,3204,2.9131966,0.45957264,0.0025963113,0.0056191683
3205,3065,25.479668,0.4675215,0.058196172,0.11094165
3206,2251,58.261833,0.45325655,0.12706742,0.2456127
3206,2253,37.56536,0.453551,0.081807576,0.15670934
3207,4749,22.914448,0.4741861,0.049767826,0.09446143
3207,3184,47.91905,0.4820639,0.094391234,0.18259788
3208,5148,33.75875,0.46248052,0.14137176,0.27752417
3209,4827,0.0,0.46818924,0.008187726,0.015675798
3209,4944,64.39837,0.4686401,0.1451858,0.28083813
3210,3208,5.067524,0.47399724,0.009088866,0.017656669
3210,4827,1.8297653,0.47243333,0.0038890913,0.0077798963
3211,5922,1.642643,0.47505218,0.0022621527,0.0045516044
3211,5726,106.93868,0.46885768,0.21434957,0.4124728
3212,725,2.701767,0.46900514,0.0020923018,0.004424393
3212,6753,91.969406,0.46769235,0.20849706,0.39961302
3213,586,232.1582,0.46531403,0.51881635,1.004228
3214,3215,2.06316,0.47033033,0.0022334158,0.0047161877
3215,3214,2.0992584,0.4737854,0.002378665,0.005292028
3215,2807,144.5235,0.47312623,0.32130274,0.6197928
3216,594,3.6218872,0.46377432,0.0037758797,0.008217648
3216,5918,33.76146,0.46710593,0.17342542,0.33963245
3217,3068,1.6042976,0.468595,0.002894029,0.0061774254
3217,6225,74.60062,0.47147506,0.3664183,0.70373136
3218,1627,1.8242874,0.46848252,0.0026436523,0.005327314
3218,3217,37.99997,0.46530178,0.16526423,0.32318836
3219,1530,1.5292244,0.47508666,0.0046742037,0.009470582
3219,5870,37.128773,0.4694335,0.118462294,0.23232687
3220,3140,4.429531,0.482573,0.012131356,0.024605304
3220,5987,44.93933,0.47616494,0.15018618,0.29348397
3221,3222,1.4885635,0.4746584,0.0027800947,0.006245658
3221,3225,149.15807,0.4784329,0.3309347,0.63807535
3222,3221,1.4911385,0.47207946,0.0027412176,0.0061350167
3222,2992,53.340282,0.47739372,0.11857003,0.230238
3223,3225,1.6024628,0.4763148,0.0020815954,0.0044778585
3223,1494,47.368286,0.4749129,0.09360981,0.1815701
3223,3222,147.80518,0.47514737,0.32802224,0.6329909
3224,4165,95.40246,0.4720255,0.19157945,0.369361
3224,3617,86.564415,0.4725739,0.1740617,0.3353204
3224,3225,58.012375,0.4774756,0.11374839,0.22111954
3225,3223,1.6929665,0.4758495,0.002345048,0.0050502717
3225,3224,57.636566,0.47436044,0.11397058,0.22082554
3225,1822,38.344326,0.4785661,0.0829497,0.15860051
3226,584,141.89145,0.47316,0.28617626,0.5525027
3226,3241,340.0146,0.45724744,0.68510544,1.3294077
3226,3601,14.632858,0.4749353,0.030674133,0.059519008
3227,2992,1.6152267,0.47403058,0.0029359907,0.0064811856
3227,3221,51.32943,0.4787622,0.11537017,0.22447596
3228,4360,1.4221115,0.47530732,0.0020714551,0.0042873323
3228,880,94.84198,0.4711107,0.20855382,0.4013331
3229,1540,16.806976,0.48036015,0.03524304,0.06814164
3229,1539,28.678633,0.480374,0.05932107,0.11229663
3229,3393,112.47739,0.47401673,0.22560918,0.43516493
3230,3514,20.025034,0.47383323,0.041667193,0.079804294
3230,2447,37.503872,0.47425547,0.073462725,0.1406636
3230,2747,84.06826,0.4725816,0.1679627,0.32407004
3231,2395,106.00507,0.47449964,0.21164584,0.40809074
3231,5357,167.43375,0.47737706,0.3372277,0.6516635
3231,2244,106.80364,0.47395653,0.21374765,0.41195756
3232,3867,60.69259,0.46476132,0.13059933,0.25041267
3232,3965,5.255169,0.47266,0.0112905875,0.022518083
3232,2932,125.89102,0.46988246,0.2530078,0.48825008
3233,1475,22.985462,0.47299427,0.048908856,0.09291051
3233,1493,20.886799,0.47344977,0.044461887,0.084950656
3233,2930,15.4141445,0.47364217,0.032327555,0.06252633
3233,2929,54.6981,0.47655648,0.10705689,0.20778427
3234,3235,1.5418243,0.48992342,0.0023693517,0.005050093
3235,997,1.5375595,0.49359873,0.0020182654,0.0041206926
3235,2298,1.8402367,0.49426103,0.003208913,0.006502986
3236,6432,46.298367,0.4894172,0.116935164,0.22624943
3236,405,6.8257294,0.4914531,0.01686836,0.033173636
3237,1461,1.6455994,0.47109234,0.0021606311,0.0046087503
3237,5142,55.805115,0.47134,0.14712238,0.28456706
3238,2873,1.6276817,0.47161117,0.0021154732,0.004382491
3238,3237,91.74691,0.46984732,0.24978557,0.48164505
3239,1464,1.7946396,0.4684579,0.002495341,0.0051079392
3239,3238,79.5208,0.47001302,0.21659961,0.41718897
3240,3241,6.191662,0.47318065,0.012311347,0.024500057
3240,5403,19.316889,0.47126225,0.041181926,0.079363
3240,3806,8.293381,0.47724497,0.017459728,0.034209043
3241,3240,6.238838,0.47227907,0.0125478655,0.025067255
3241,7063,60.236164,0.4747075,0.13430315,0.2592747
3241,3226,339.50873,0.45749566,0.6851437,1.3297176
3242,5725,11.242462,0.47188392,0.023193754,0.045375362
3242,5404,39.254745,0.4801271,0.07771749,0.14696665
3243,2708,187.22054,0.4378403,0.38392764,0.73942196
3243,1485,162.11658,0.42894036,0.36700207,0.70997936
3243,2709,28.978783,0.43776575,0.065188035,0.12345679
3244,4336,1.4189682,0.4913515,0.0038687736,0.00819166
3245,727,2.3844185,0.4799004,0.0038205534,0.008013129
3245,6795,42.863922,0.4865387,0.09346782,0.18076092
3246,803,3.1820908,0.48612094,0.004867032,0.009846106
3246,6420,33.33495,0.48763263,0.06958574,0.13093084
3247,3248,0.64312744,0.5217435,0.0027893856,0.006101951
3247,3946,114.67628,0.53313476,0.16570431,0.32333
3248,3247,0.80955124,0.52921504,0.0030527562,0.0068021268
3248,5540,31.09055,0.53194815,0.09517883,0.18554139
3249,5009,2.2822685,0.49751887,0.0022782013,0.0056177974
3249,3630,60.800354,0.041150212,0.24673948,0.51146317
3250,4546,18.339306,0.4694493,0.0388861,0.07528344
3250,1148,39.424706,0.47225806,0.078532875,0.1498394
3250,4188,73.48261,0.46848226,0.14575669,0.2812193
3251,771,10.455957,0.24762017,0.022031762,0.04117541
3251,770,4.3780365,0.2557693,0.010635883,0.019627646
3252,6585,5.528755,0.5377405,0.009103514,0.01861839
3252,1422,1.4723244,0.53935975,0.0026164502,0.006278053
3253,1948,18.142483,0.5399318,0.03396812,0.06641479
3253,3614,4.974598,0.53245115,0.021125019,0.042026833
3254,3490,3.1012077,0.54181236,0.008484453,0.017373055
3254,6558,0.16938782,0.5331665,0.008266643,0.01623407
3255,4614,2.2621078,0.52324903,0.0012400225,0.003139913
3255,2824,7.4779625,0.52490234,0.016551793,0.032987773
3256,6487,1.1801605,0.4975474,0.001873672,0.0045770854
3256,3843,23.025984,0.5014016,0.04973999,0.09558664
3257,4456,1.3987999,0.49013817,0.001733087,0.003510207
3257,3844,22.83024,0.4894334,0.04913703,0.09412559
3258,1483,140.48807,0.32485464,0.32696205,0.62771565
3258,6447,53.294464,0.30944943,0.11875241,0.2267983
3259,4244,1.0589561,0.40108746,0.0041211024,0.008275613
3259,2289,30.631136,0.40807974,0.065783784,0.123720065
3259,6821,25.988619,0.40499786,0.057332397,0.10754809
3260,3656,61.852425,0.4675092,0.12030685,0.2334601
3260,4910,54.702168,0.47436753,0.10746101,0.20774885
3261,1492,65.49077,0.4733467,0.1299851,0.25199622
3261,2800,32.675037,0.47545063,0.06845583,0.1287384
3261,3821,45.02651,0.4761534,0.09048737,0.17510366
3262,4794,0.8524246,0.48332083,0.00031422824,0.0011645257
3262,1748,229.93063,0.50647557,0.45519608,0.88356566
3262,6871,44.810257,0.5170466,0.10977167,0.21130162
3263,4838,2.8870506,0.4671086,0.002587624,0.005552277
3263,3894,125.07947,0.4748341,0.27341855,0.52512586
3264,2929,5.298912,0.47699958,0.010079466,0.020030156
3264,3280,49.98894,0.47532246,0.09799865,0.18967643
3264,3266,10.2715,0.47618306,0.020887658,0.040928453
3265,2922,16.690727,0.47826153,0.036766488,0.07102692
3265,4839,23.688494,0.47568333,0.052383967,0.09936621
3266,2928,6.091526,0.4761047,0.011809483,0.023485303
3266,610,35.944378,0.47476828,0.07163906,0.13636279
3266,3264,10.5210705,0.47509047,0.021465734,0.04199022
3267,1032,4.820854,0.45702928,0.010464057,0.020602256
3267,1528,1.9261284,0.4517039,0.0039009154,0.008018628
3268,3269,2.279026,0.015521944,0.0057833046,0.011463642
3268,924,44.372643,0.42972058,0.11425883,0.22405404
3269,3271,18.116943,0.026848882,0.05725508,0.111911915
3269,3270,9.27483,0.45786542,0.019240357,0.038010553
3270,6583,10.529541,0.46155122,0.016193464,0.03300278
3270,3271,58.482986,0.44905698,0.121146426,0.23464876
3270,3269,8.114708,0.45187438,0.016806342,0.03340611
3271,3270,58.107513,0.4476778,0.11860086,0.22971386
3271,5377,4.058857,0.044199288,0.009846881,0.019654468
3272,3964,1.714901,0.53344643,0.0017081723,0.0041599274
3272,3711,42.91859,0.31035638,0.15594983,0.24809223
3273,5676,1.6265602,0.46524686,0.0036380813,0.007796511
3273,1877,10.050686,0.46806034,0.012078248,0.024201289
3274,3377,129.21704,0.51420057,0.25132176,0.48600388
3274,1652,62.612595,0.51707435,0.12097238,0.23486677
3274,403,25.80072,0.5171259,0.053159136,0.10140128
3275,3277,1.2081833,0.46018142,0.0041722804,0.008701652
3275,3185,42.016193,0.47670284,0.08289702,0.15936482
3276,5677,51.413834,0.4726657,0.10045562,0.1929549
3277,3275,1.1723976,0.4588344,0.0036558136,0.0076366514
3277,3540,46.478165,0.46998003,0.15735814,0.30805534
3278,3679,0.8936577,0.457305,0.0037330016,0.007817432
3278,6518,44.986397,0.46698514,0.15034577,0.2946036
3279,3320,72.287346,0.4810118,0.106758684,0.20641643
3279,1475,96.55943,0.46924248,0.19069152,0.36731654
3280,3264,50.268654,0.47472927,0.09840971,0.19068342
3280,3279,74.243866,0.47995585,0.10951762,0.21131086
3281,3240,46.423,0.4765213,0.10243111,0.19870944
3282,778,26.24005,0.4753223,0.054832894,0.103612885
3282,2748,38.292995,0.4787968,0.07614875,0.1456021
3282,2447,94.77888,0.47441682,0.18931411,0.3642066
3283,6072,8.599487,0.52533203,0.01789362,0.03568916
3283,7071,1.3177795,0.52509856,0.0012281537,0.0028059185
3283,7073,24.962543,0.5231059,0.05341908,0.10218068
3283,3284,73.39183,0.5213687,0.13945465,0.27166328
3284,3285,7.551468,0.5230047,0.015099548,0.030332714
3284,2220,174.559,0.51867026,0.33943447,0.65799105
3284,3283,73.72467,0.52404845,0.1399371,0.27246946
3285,3284,7.5193405,0.5230721,0.014971703,0.030107155
3285,324,77.5296,0.5197501,0.14829604,0.28825223
3285,304,220.02911,0.5178289,0.4332974,0.8413584
3286,4523,72.8871,0.38077858,0.16216601,0.31466752
3286,702,145.36017,0.3844357,0.31092855,0.59729546
3286,2184,118.69237,0.38393462,0.25201795,0.4845358
3287,3910,61.986103,0.47212362,0.13631852,0.263542
3287,5446,16.399025,0.47397143,0.035961002,0.0696102
3288,4737,1.5748405,0.47605863,0.0028897896,0.0063863248
3288,4736,3.6119385,0.4807651,0.0074178725,0.015282258
3289,2880,40.760826,0.4739823,0.10152781,0.19581474
3290,3334,78.16841,0.46337432,0.17345893,0.33362004
3290,978,28.231956,0.4685541,0.059596486,0.112671204
3291,2111,36.876892,0.47725865,0.075051896,0.1442006
3291,183,83.41932,0.47725788,0.16773576,0.3236371
3291,5395,33.76134,0.4810623,0.06896223,0.13114017
3292,4304,81.77893,0.47369242,0.16309625,0.3129782
3293,1177,12.088554,0.45326182,0.02617608,0.05072458
3293,1176,54.060196,0.44929194,0.119762905,0.23190515
3294,5657,60.368332,0.511409,0.12873569,0.2505606
3294,4681,11.413065,0.5170712,0.024710037,0.048461348
3295,5358,2.478428,0.5126348,0.0014240593,0.0036712736
3295,4599,47.67866,0.51537305,0.10180682,0.19532141
3296,5227,46.405003,0.5183222,0.07221224,0.13602735
3296,1659,27.026896,0.520566,0.058896907,0.11239335
3297,3174,1.9857521,0.39202306,0.0050622746,0.009779304
3297,1935,39.598743,0.38015848,0.085395746,0.16208422
3298,5392,2.972763,0.4590389,0.0038777888,0.007825136
3298,4820,24.204384,0.46119568,0.047729902,0.09183613
3299,3508,11.68482,0.44504914,0.028792128,0.05603697
3300,4450,99.63365,0.495628,0.19698566,0.37918037
3300,1982,50.39968,0.4976153,0.09660543,0.18657391
3302,5746,1.3420105,0.5069738,0.0028948933,0.0061133653
3302,3442,2.300106,0.5014161,0.0067101717,0.014008939
3303,7078,0.21614075,0.46428886,0.0053998306,0.010889009
3303,3535,1.4832077,0.46324953,0.005591221,0.010978818
3304,5723,2.1036987,0.4645264,0.008562982,0.016722769
3304,1774,3.8934479,0.461624,0.012493461,0.024565548
3305,3534,19.674902,0.4669984,0.055265777,0.10801258
3305,3392,1.9318962,0.45686483,0.0052813366,0.010206193
3306,263,52.95925,0.45302227,0.1776016,0.34495232
3307,1979,62.025085,0.51548064,0.118402325,0.2296942
3307,74,40.02174,0.5163224,0.07673448,0.1465182
3308,3310,1.1861229,0.46067163,0.0037780777,0.0077477396
3309,213,83.46952,0.46297467,0.297658,0.57552373
3309,214,1.889267,0.45349365,0.0033602193,0.0066106915
3310,3311,1.8434143,0.4861829,0.0038940832,0.008518666
3310,2977,38.459747,0.49073598,0.10484576,0.20603107
3311,2189,5.2193375,0.4869112,0.010706462,0.021250293
3311,2981,1.2293091,0.4835427,0.0041143075,0.008519188
3312,1159,60.33058,0.4743388,0.11911871,0.23126374
3312,2855,85.50862,0.47528887,0.17027575,0.3281562
3312,1157,83.90344,0.46801296,0.1668582,0.319986
3313,3317,78.363785,0.50255764,0.1512811,0.29314983
3314,3316,54.073273,0.5017319,0.104441024,0.20243886
3315,3316,73.388504,0.49837518,0.15817286,0.3056163
3315,2844,27.293514,0.5004392,0.060218416,0.11495825
3316,3317,3.6247444,0.50512,0.007377319,0.015239432
3316,3315,73.76917,0.4980748,0.15876728,0.3061219
3316,3314,53.255165,0.5006252,0.10393042,0.20185088
3316,3342,34.13084,0.50273937,0.06826171,0.12997961
3317,3316,3.6714172,0.5069826,0.0074323043,0.015440017
3317,1299,145.2988,0.49952286,0.31635278,0.61206096
3317,3313,77.268524,0.49858412,0.15033758,0.29107827
3317,3343,34.64252,0.50263166,0.06900555,0.13106501
3318,1198,18.520744,0.4554675,0.053113777,0.105155334
3318,7079,19.127007,0.45536673,0.05511027,0.10871798
3319,4911,1.9673576,0.4725756,0.0041825995,0.008391723
3319,3320,110.954414,0.4721336,0.23407555,0.45032609
3319,3820,30.425522,0.46935314,0.05958731,0.113953196
3320,3319,111.14079,0.46987084,0.23464438,0.4524781
3320,696,20.547565,0.4821752,0.03673049,0.070831835
3321,2859,19.73879,0.46252877,0.05492549,0.10794578
3322,3303,26.019985,0.46012604,0.06651216,0.12772983
3322,3306,37.78237,0.46477196,0.11979861,0.23410064
3323,7031,2.5345306,0.40167364,0.0033590272,0.0066632777
3323,6511,26.218115,0.39822173,0.058405172,0.11027358
3324,4024,1.082386,0.49925756,0.0013839751,0.003553614
3324,2073,59.234627,0.50373757,0.11666012,0.22688417
3325,655,30.540516,0.5157957,0.068275735,0.13032955
3326,864,2.6590843,0.4790362,0.0043091252,0.008966044
3327,1693,2.083725,0.4730985,0.0030916184,0.006306261
3327,470,66.32275,0.4792563,0.1311044,0.25360554
3327,6404,57.564472,0.47984725,0.074703045,0.13935123
3328,728,6.6119576,0.48017794,0.014461197,0.028722182
3328,453,85.80002,0.47813308,0.18755016,0.3609997
3329,371,1.8045769,0.32613033,0.0045057535,0.008730859
3329,7060,32.324764,0.31070483,0.089656636,0.1706807
3329,369,30.65268,0.32288295,0.07279942,0.13755149
3330,2168,58.257576,0.28677577,0.1813134,0.3056308
3330,5247,1.6869202,0.46684784,0.0037732273,0.007836685
3331,2659,38.271683,0.4517329,0.07766904,0.14775193
3331,2647,73.226944,0.45300618,0.14459127,0.27957037
3331,5316,88.84158,0.44876918,0.17757884,0.3416326
3331,2797,119.83641,0.44918737,0.24336421,0.46856368
3332,2584,23.626522,0.4635561,0.05193705,0.09997866
3332,362,27.835714,0.47646064,0.06183873,0.12007589
3333,4719,1.8121376,0.45855433,0.0031852424,0.0070027113
3334,6279,2.683094,0.45496944,0.0057640895,0.012095809
3334,3333,6.0038147,0.47119725,0.0068696663,0.014270648
3335,4972,7.4590416,0.46756613,0.008322671,0.016814277
3335,6277,2.1166573,0.45714155,0.003847666,0.007921919
3336,353,140.54297,0.5063278,0.27486748,0.53240335
3337,4022,77.87146,0.46130127,0.1566126,0.30018854
3337,1941,65.07069,0.45679694,0.12796195,0.24828821
3337,4478,84.765495,0.45910934,0.16775346,0.323883
3338,4477,91.98722,0.45537353,0.20365164,0.39152056
3338,6613,116.40641,0.44688976,0.26467943,0.51073176
3338,2266,235.3848,0.43864292,0.48333868,0.93207395
3339,339,25.632713,0.5036157,0.056832753,0.10870988
3339,6992,6.8553276,0.5025652,0.014511496,0.029549584
3340,2985,12.625011,0.50920445,0.026467837,0.051602572
3341,2850,58.810806,0.4999064,0.11183652,0.21690658
3341,5416,96.36024,0.50313115,0.18773367,0.3629864
3341,1303,29.079395,0.50298244,0.05908735,0.11219553
3342,2983,2.0558891,0.5002234,0.0029814392,0.00624384
3342,3316,33.698364,0.5020888,0.06752743,0.12868477
3342,1982,104.66922,0.49634162,0.20479986,0.39550892
3343,1302,1.6830177,0.4991616,0.0022613779,0.00492014
3343,1298,160.97371,0.49627855,0.31789178,0.6155138
3343,3317,34.257477,0.5016676,0.06888071,0.1308159
3344,4142,78.66672,0.5222095,0.07884209,0.14854921
3344,4142,58.47198,0.52241796,0.08504237,0.16208073
3344,2141,18.771399,0.52112424,0.026416183,0.05244793
3345,2575,87.88995,0.5192557,0.16924915,0.3278411
3345,1471,86.820984,0.51467276,0.16871366,0.3264767
3345,1979,20.151735,0.51916504,0.042358916,0.081365176
3346,1765,15.160688,0.4893527,0.031813163,0.061670914
3346,1743,135.78992,0.48779052,0.26854393,0.5185604
3346,2967,106.25503,0.4685882,0.2129672,0.40994778
3347,3869,2.0963554,0.51981956,0.0035162345,0.007229522
3347,5499,54.922737,0.5164964,0.10418523,0.20039625
3348,3349,4.158695,0.5131475,0.00624799,0.0129433125
3348,1744,186.27007,0.5070552,0.36452192,0.70607173
3348,1689,5.561798,0.5159052,0.010718197,0.021701202
3349,1689,3.8931694,0.51676196,0.008180052,0.01694274
3349,3348,4.398346,0.5119393,0.006824009,0.014103562
3349,4629,37.766045,0.51070625,0.08080206,0.15533227
3350,6461,1.6757355,0.47630668,0.0023513138,0.004837781
3350,1404,34.03846,0.48052272,0.0697497,0.13144547
3350,4413,11.52643,0.48647887,0.023886018,0.046868786
3351,2884,30.695248,0.47990516,0.06368269,0.12192088
3351,3816,19.920532,0.4835031,0.047621764,0.09181752
3352,5414,4.407013,0.5100532,0.008230209,0.016654775
3352,1653,5.6257973,0.5098314,0.010731839,0.021537125
3352,1193,42.617107,0.50686,0.08190417,0.15783106
3353,4213,70.1071,0.52761066,0.1324131,0.25649458
3353,359,24.744308,0.52855915,0.050895516,0.09707004
3354,7,1.652607,0.5144404,0.0029350668,0.0062585026
3354,1336,31.412083,0.5095366,0.06884673,0.13192812
3355,2353,2.260086,0.43536288,0.003495708,0.0070587546
3355,4703,9.939613,0.44312093,0.021534085,0.042003363
3356,6591,52.09012,0.5296588,0.09658588,0.18669473
3357,4262,1.3020668,0.5193479,0.0014595166,0.0034866035
3357,404,8.457203,0.52161044,0.018393971,0.036887676
3358,4265,2.711544,0.5130661,0.0016138181,0.004074812
3358,3357,13.047249,0.5198649,0.029027402,0.05687675
3359,4263,2.7754707,0.5207069,0.0020768642,0.005100459
3359,4261,24.153769,0.52075785,0.053620327,0.10331043
3360,1746,2.388466,0.5308444,0.0037115216,0.008250341
3360,6679,8.283688,0.53188324,0.016677499,0.033324882
3360,4789,3.007393,0.53209317,0.0050607473,0.010830805
3360,5098,29.710976,0.5342456,0.076681934,0.14577708
3361,4755,20.895096,0.50137943,0.04934154,0.095094815
3362,356,156.81023,0.52839863,0.2854914,0.5547271
3363,3364,2.4052773,0.5276925,0.0045733377,0.009832263
3363,3644,6.3811226,0.52223086,0.0136540085,0.027438521
3363,7042,56.20269,0.5188367,0.11489969,0.2233997
3364,3363,2.9126244,0.52447546,0.0057184175,0.012209117
3364,4869,1.4834595,0.5116836,0.0024021044,0.005090356
3364,6421,59.385307,0.52441466,0.12263325,0.23828784
3364,3644,3.613041,0.52208567,0.007741101,0.01616098
3365,3366,1.5836182,0.5337863,0.0017455891,0.0030949414
3365,4053,13.784691,0.021195948,0.062025897,0.12581736
3366,1618,0.996418,0.5294283,0.0012033358,0.0037473142
3366,6305,0.0,0.04838112,0.006943971,0.011120081
3367,3369,1.1564407,0.34648776,0.0018337592,0.0035221577
3367,2790,19.625147,0.49290293,0.041915923,0.08131767
3368,3367,1.5170364,0.48596856,0.0023096502,0.0049038827
3368,2215,23.589455,0.49535617,0.043865953,0.08352228
3369,3371,1.9985466,0.49492463,0.0031344667,0.0057928115
3370,3368,1.6496468,0.489685,0.002336517,0.005076021
3371,2214,126.54585,0.49581563,0.25512516,0.49351144
3371,3370,1.6020622,0.48009762,0.0029155985,0.0063209534
3372,318,79.61339,0.5306938,0.11855337,0.22792761
3372,501,31.041187,0.5347871,0.07228191,0.14003028
3372,496,26.215403,0.53635913,0.060271457,0.116541885
3373,1700,1.5671349,0.4716937,0.003179185,0.006513104
3374,6659,37.94359,0.49495623,0.0793613,0.15135428
3374,276,62.29731,0.49586067,0.1254204,0.24454254
3374,3593,1.5571785,0.4951394,0.0024413243,0.005119443
3375,3672,0.99845505,0.3761484,0.006589718,0.012752637
3375,3376,3.0925522,0.3825358,0.0019921064,0.0040994436
3376,699,7.9461403,0.37678555,0.021802135,0.04177864
3377,3274,129.6227,0.51667196,0.252744,0.48997134
3378,4441,1.8324776,0.42114353,0.0028006136,0.0057941526
3378,2512,45.700348,0.42211777,0.090783186,0.17429563
3379,1800,47.41507,0.38281637,0.12562136,0.24526447
3380,6794,1.3349762,0.50398797,0.0026848763,0.0057035387
3380,3381,1.811161,0.50031656,0.0043738484,0.009129986
3381,2311,1.3182526,0.501787,0.0016989633,0.0035796762
3381,4073,34.671432,0.5009231,0.07678777,0.14558901
3382,1732,1.2419205,0.50256896,0.0028419942,0.005430177
3382,6096,70.86047,0.49753803,0.18582168,0.36061403
3383,1105,1.2669525,0.4980492,0.0027257502,0.0064469427
3383,3382,41.14448,0.49681252,0.08917165,0.17485034
3384,912,4.064865,0.45034528,0.008499548,0.016785204
3385,6313,1.3042755,0.4845276,0.0042202026,0.008502826
3385,1025,6.507992,0.48370072,0.015655339,0.030838609
3386,2982,577.85876,0.49113348,1.1107218,2.1739228
3386,5430,163.2368,0.5147248,0.3164312,0.6122046
3386,333,73.1103,0.5245068,0.13859609,0.2693709
3387,3389,4.755924,0.5242245,0.009116143,0.018623278
3388,3387,1.8722458,0.50417125,0.0032883212,0.0073486716
3388,4123,30.54224,0.5280727,0.06288569,0.11931011
3389,332,1.9096069,0.5110187,0.003415808,0.0072917193
3389,754,66.288864,0.518894,0.1291794,0.25046736
3390,4372,1.929657,0.52394164,0.0018726811,0.004246846
3390,4122,16.869934,0.52245724,0.03557193,0.06920727
3391,2499,1.8116112,0.4814034,0.0024466738,0.005445823
3391,1535,35.59578,0.16359398,0.15297486,0.32245815
3392,3303,0.492054,0.45950535,0.0065440163,0.013319373
3392,4278,4.221344,0.46533388,0.011192836,0.0219585
3393,2499,64.55088,0.4828497,0.12360522,0.23961224
3393,3229,114.08885,0.47285056,0.22615081,0.43583173
3394,1367,170.50772,0.46924952,0.3441321,0.6640499
3394,4880,58.998108,0.46732935,0.1276257,0.24749184
3394,617,12.36207,0.46854684,0.026654169,0.05235459
3395,3016,52.41409,0.45471993,0.10388052,0.20123222
3395,3017,102.05249,0.45477214,0.20457971,0.39357817
3396,2922,40.11532,0.47537166,0.0869664,0.16763158
3396,2933,46.092735,0.47378242,0.099295266,0.19154575
3396,3641,95.83159,0.46897763,0.19113892,0.3677767
3397,6480,55.523888,0.4831154,0.108603954,0.21047959
3397,6174,4.3221397,0.4805997,0.008285768,0.016763657
3398,4283,19.591719,0.49299252,0.042028677,0.08101613
3398,7057,12.601614,0.49063373,0.026486501,0.051703334
3399,5805,11.144957,0.49289972,0.024556898,0.04805088
3399,853,56.844444,0.4874398,0.1265595,0.24518621
3400,3142,6.0648613,0.42955995,0.015962698,0.030853525
3401,2970,43.849327,0.4139382,0.09052639,0.1727678
3401,77,74.37576,0.4163282,0.2505047,0.48179352
3402,196,35.036816,0.41040552,0.07961501,0.1500688
3403,390,1.430172,0.49797413,0.0017307624,0.003659442
3403,1733,45.460384,0.5022932,0.08920248,0.17226645
3403,5649,63.484055,0.49843338,0.122233346,0.23737873
3404,5705,0.791893,0.49755841,0.0033468008,0.0072728842
3404,3411,2.3413162,0.49768782,0.0044222474,0.009285897
3405,4134,18.253767,0.5245877,0.03896111,0.075514965
3405,6153,79.42099,0.5252214,0.16736329,0.32523668
3405,3158,101.90892,0.52397263,0.19677222,0.38151962
3406,59,10.677538,0.49742508,0.013529077,0.027185664
3406,58,7.052059,0.4971868,0.013148695,0.02594082
3407,3813,2.0093079,0.43799773,0.0054041743,0.010626271
3407,3408,15.421829,0.44176054,0.03641314,0.070304625
3408,99,33.87825,0.44136336,0.062099542,0.1158273
3408,3409,44.924713,0.45025378,0.114541635,0.22323927
3409,6221,31.2006,0.43947512,0.08035378,0.15403381
3410,787,60.451546,0.48079577,0.11969888,0.23211616
3410,4328,134.24025,0.478768,0.2682021,0.51712096
3410,734,66.96225,0.47997627,0.13241361,0.2578281
3411,6097,1.6961861,0.4964812,0.0028881133,0.0059396476
3411,3403,7.9960823,0.49990076,0.016713172,0.033149615
3412,6331,1.6754341,0.50222766,0.002392836,0.005695343
3412,6337,179.15628,0.50335336,0.35600764,0.68779904
3412,6330,18.768744,0.50422394,0.041608803,0.0806467
3413,4112,14.535913,0.502477,0.03047717,0.05972237
3413,6544,1.6210213,0.50599784,0.0025227517,0.0056485534
3414,2369,2.626896,0.46081972,0.007163286,0.014656037
3415,5789,1.4878731,0.45043704,0.004697405,0.009221166
3415,4976,37.472023,0.43723047,0.1017,0.19634178
3416,1358,4.8051147,0.4469037,0.008130394,0.016287357
3416,3415,23.184631,0.4529366,0.043858893,0.08348562
3416,5571,63.14251,0.4457318,0.1019157,0.19623677
3417,6520,45.651558,0.4367428,0.11844483,0.22998534
3417,18,32.46627,0.43550938,0.10242704,0.20275821
3418,6720,1.3584023,0.4433845,0.0047692284,0.009362683
3418,6058,41.458958,0.4452179,0.1118076,0.21758123
3419,6640,1.39962,0.53334904,0.0020126477,0.004002854
3419,1819,8.592396,0.52952385,0.017567538,0.034937605
3420,289,1.200779,0.5335813,0.0013284907,0.0032723248
3420,668,31.274092,0.5306718,0.06231875,0.11905746
3420,6643,58.99233,0.5287019,0.12805451,0.24766068
3421,451,1.2878227,0.53036046,0.0015589967,0.0037635267
3421,3420,46.021126,0.5297122,0.09702034,0.18619725
3422,1036,1.8268394,0.4247886,0.0028456077,0.005981013
3422,2287,79.893234,0.42811498,0.16334686,0.31463233
3422,3538,46.47946,0.4184055,0.104661874,0.20169128
3423,1228,18.94826,0.43692797,0.04302867,0.08284054
3424,3423,27.243366,0.448874,0.041581783,0.08001884
3425,4051,1.7623634,0.43512955,0.0035595968,0.0074835867
3425,3424,8.798813,0.4437263,0.0112647265,0.022038117
3426,5548,101.620094,0.43200263,0.23636311,0.4537987
3426,3825,16.150818,0.4405323,0.026738957,0.052360922
3427,3825,35.832718,0.43452936,0.04951119,0.09570206
3427,3423,46.722645,0.42975995,0.10497838,0.20026858
3428,3851,1.2157059,0.4811622,0.0023086146,0.0050548613
3428,3857,9.078056,0.48463655,0.019613579,0.03878334
3429,3115,3.7682304,0.47273293,0.007907055,0.01580733
3429,6899,17.983088,0.47629985,0.040086824,0.07763018
3430,5226,1.9019432,0.4375783,0.002654329,0.0054005235
3430,2600,1.9959564,0.44421765,0.004251495,0.008534417
3431,5766,2.531292,0.45624232,0.0051291436,0.010153934
3431,549,0.32370758,0.044730842,0.0055767223,0.01017803
3432,3051,89.089935,0.4826357,0.17541969,0.33913642
3432,3433,265.24634,0.48001003,0.5367825,1.0432048
3433,2400,30.715744,0.48638695,0.062862255,0.11986351
3433,6695,101.937225,0.48151818,0.2023336,0.39007065
3433,3432,264.8067,0.47922406,0.5351253,1.0394466
3433,3070,99.5378,0.48136926,0.19898677,0.38317162
3434,6214,2.4072075,0.4544589,0.002036281,0.004712358
3434,4389,8.35759,0.45276386,0.009663187,0.019492954
3435,2304,27.978184,0.42034182,0.05973576,0.1125597
3435,1217,30.094522,0.41867954,0.06351064,0.11988144
3435,1278,11.302036,0.41686666,0.023764364,0.04594271
3436,3437,1.9989929,0.47843137,0.002831608,0.0060195327
3436,1308,35.91472,0.48666254,0.07203545,0.13529538
3437,3438,5.6338997,0.48836604,0.011233494,0.022372216
3437,3436,1.9763718,0.47834194,0.0030461475,0.0064237714
3437,282,8.088211,0.48340434,0.016848192,0.03307329
3438,4938,1.9223137,0.48510608,0.0037249252,0.007261142
3439,3436,8.473526,0.4889028,0.017688975,0.03491734
3439,4938,1.792141,0.4817914,0.0023415834,0.0048993677
3440,3439,3.70409,0.4876571,0.007239476,0.014221042
3440,3441,15.592972,0.4815459,0.032707557,0.06362265
3441,3440,15.647587,0.48282033,0.032913,0.06392636
3441,5767,26.974045,0.4836958,0.05784053,0.11014663
3442,6645,3.0631142,0.5032232,0.008482374,0.017356962
3442,1292,3.3372421,0.50389063,0.007097088,0.014290273
3443,2894,50.009933,0.44769484,0.1298956,0.25212
3443,419,1.9725952,0.43802047,0.0056718215,0.011265591
3444,1796,29.293839,0.32241824,0.06880951,0.12978436
3444,44,1.6872864,0.30627897,0.006024286,0.011162549
3445,3446,2.864769,0.4392727,0.0028052106,0.005850047
3445,548,71.47196,0.44117796,0.15756659,0.3033294
3446,3447,1.6963425,0.44125524,0.0037495717,0.0076939613
3446,3445,2.5480957,0.4404,0.0020157844,0.0043340623
3447,547,1.9506035,0.44106746,0.002695866,0.005605504
3447,5572,18.73247,0.4438339,0.041781265,0.080410294
3448,4041,6.063431,0.37251902,0.008493796,0.016699478
3448,5755,4.2053566,0.36913872,0.008992821,0.017539248
3449,5295,1.1283531,0.4915952,0.003232278,0.0070591867
3449,2614,11.467621,0.4961446,0.026771434,0.05239016
3450,4382,65.98103,0.4811257,0.12828267,0.24922988
3450,5447,119.386116,0.47967938,0.236384,0.4563954
3450,798,61.144432,0.48240396,0.12060814,0.23382418
3450,745,2.2820587,0.48276475,0.003778644,0.0078036636
3451,1987,18.808329,0.5038655,0.039644435,0.07705781
3451,4104,7.469578,0.506312,0.011550151,0.022800878
3452,2021,102.64155,0.31088907,0.22888109,0.44324613
3452,4958,47.90428,0.2845953,0.10747022,0.20525707
3452,3980,45.569965,0.2725494,0.10150919,0.19490123
3453,1149,60.59639,0.46971342,0.1207575,0.23306793
3453,1459,16.486221,0.46677163,0.034869913,0.067786366
3454,3455,32.51203,0.44293687,0.08808604,0.16889137
3454,2475,43.861954,0.4474394,0.1477346,0.28865296
3455,1821,2.0356941,0.44475052,0.0032515302,0.006719291
3455,6301,1.2620697,0.44293928,0.0043476596,0.00890331
3456,1886,4.119877,0.45191574,0.010326214,0.02047415
3457,2989,13.02663,0.48317102,0.028498314,0.05622249
3457,2574,13.669937,0.48100522,0.029109329,0.057006598
3458,4240,2.2155228,0.47999576,0.004784845,0.009865999
3458,2180,7.3051147,0.48194185,0.015809305,0.031059176
3459,1645,16.354568,0.49529666,0.031617235,0.06190963
3459,2892,4.187397,0.49181235,0.010482572,0.021248981
3460,3459,11.193018,0.49158278,0.0267753,0.052503273
3461,6272,1.1580734,0.47636977,0.003667131,0.0077429414
3461,706,2.067913,0.48273996,0.002409704,0.005276084
3462,6197,31.17168,0.32947588,0.0738557,0.13789147
3463,3146,1.867218,0.47644714,0.002520427,0.0055565834
3463,7053,9.068584,0.47800282,0.019650578,0.03869471
3464,3463,3.363655,0.47770455,0.007264778,0.014369771
3464,5832,49.503235,0.47766417,0.09752354,0.18940383
3465,1374,33.556656,0.48194918,0.06819692,0.12916496
3465,3972,54.005604,0.48143157,0.10594744,0.20402679
3466,3467,6.853771,0.48055577,0.014074847,0.0278866
3467,3466,6.8099403,0.48036742,0.013469368,0.026786044
3467,1158,46.068687,0.47711116,0.09064247,0.1763998
3467,2183,63.54265,0.47520098,0.12552318,0.24365392
3468,5693,1.7983856,0.47732526,0.0031972826,0.00670588
3468,3469,4.9894066,0.47798902,0.01063329,0.021041155
3469,3909,11.379189,0.483312,0.02498208,0.049797058
3470,1363,1.7523499,0.4810911,0.0022820681,0.004652053
3470,4295,21.555445,0.48555863,0.051805917,0.099349804
3471,2743,1.5229073,0.47915882,0.0028420985,0.006025344
3471,3472,4.499531,0.48551247,0.011217311,0.022252828
3472,4357,1.7196846,0.4792296,0.0042185634,0.008612469
3473,5838,1.9908447,0.4759692,0.0024065077,0.00516966
3473,3474,27.544256,0.48058352,0.06769869,0.12835723
3474,1769,3.9933739,0.47528735,0.010624632,0.021108001
3474,5722,2.5183868,0.47163662,0.006877072,0.01392366
3475,2450,12.583429,0.46211576,0.026461646,0.051379964
3475,3477,6.1841354,0.46351668,0.013557963,0.02691564
3476,3477,1.9375153,0.46048704,0.002976261,0.00616391
3476,4152,23.727001,0.46486148,0.053651758,0.10177749
3477,3476,1.6573944,0.46382514,0.0023215488,0.004781887
3477,6624,47.012615,0.47103286,0.10668071,0.20696843
3478,2057,47.440777,0.4978429,0.10381851,0.2023034
3478,6922,25.257826,0.4943176,0.056423392,0.10825096
3479,3952,2.6961021,0.49465287,0.0039331093,0.0084629655
3479,1730,105.19614,0.2905208,0.14686869,0.280156
3480,891,1.6531639,0.48444176,0.0031521916,0.006667763
3480,1182,54.724056,0.48207158,0.12066272,0.2342638
3481,5695,2.0122032,0.47732127,0.0031443387,0.00656493
3481,4647,10.132351,0.4801199,0.009765945,0.019503668
3482,5694,1.7347717,0.47839433,0.003811814,0.008247256
3482,5999,5.7966423,0.47049946,0.0052530617,0.011212841
3483,4107,2.0184708,0.44894052,0.0034256428,0.0069756806
3483,4072,29.077446,0.44748926,0.06283885,0.11875852
3484,2161,82.307434,0.50243413,0.17758498,0.3427027
3484,2752,91.6766,0.5020884,0.19961768,0.38451874
3484,6068,8.678291,0.50408596,0.018817335,0.03726192
3485,1730,2.7912254,0.5049548,0.0045865923,0.009639487
3485,6329,137.49417,0.4970631,0.1780445,0.34655106
3485,3952,60.945004,0.0,0.14783484,0.31242326
3486,5654,1.5976906,0.4742083,0.007612303,0.015086263
3486,1099,32.163723,0.47326887,0.09860936,0.19495898
3487,6678,143.58014,0.05426413,1.1294974,2.313477
3487,3281,7.0120544,0.47510612,0.017416477,0.03442222
3488,2447,75.11763,0.47149795,0.14628264,0.2829091
3488,3136,19.865667,0.025505364,0.09791662,0.20874596
3489,4232,65.574455,0.48380244,0.09308986,0.17998174
3490,5073,0.7359009,0.5164757,0.009741329,0.018505827
3491,7038,1.3881035,0.5127111,0.003116019,0.0068779737
3491,1338,26.763176,0.5152535,0.055555332,0.10648975
3492,7037,1.1492844,0.5153306,0.0023151264,0.005343914
3492,6693,14.341452,0.5151909,0.03085839,0.060338557
3493,3354,1.6787224,0.51487124,0.0032521337,0.0072783977
3493,7,1.299839,0.51583767,0.0016339123,0.0032613128
3493,662,44.136265,0.5123067,0.086398624,0.16646458
3494,3495,1.9982872,0.50074106,0.002449073,0.0052556545
3494,3496,24.113966,0.5002267,0.058979765,0.113717966
3495,3494,2.2062416,0.5001456,0.0030435473,0.006292805
3495,5039,15.244522,0.5022553,0.035762966,0.06973897
3496,3497,1.9224739,0.49731597,0.0024107397,0.0051671714
3496,3498,12.823212,0.4951962,0.030946288,0.060545795
3497,3496,2.1752472,0.50073224,0.0030334368,0.006652862
3497,5606,9.501831,0.5001549,0.023160666,0.045755357
3498,3499,1.9887733,0.49901423,0.0026558489,0.005815923
3498,5042,30.770302,0.49852931,0.07785793,0.1469436
3499,3498,2.266014,0.49604604,0.0031680167,0.0069258064
3499,3497,12.694899,0.49686295,0.03072898,0.060191453
3500,899,45.615986,0.44878754,0.09132993,0.17680797
3500,4893,32.026978,0.45376083,0.065847404,0.12461938
3500,3769,56.09245,0.44924107,0.110534854,0.2143971
3501,910,24.786238,0.45379832,0.055933613,0.10596337
3501,3769,1.9893303,0.45271063,0.0029368177,0.005925134
3502,4894,2.9480934,0.45374075,0.0015374795,0.0033438653
3502,5791,20.950338,0.4543292,0.04685899,0.08940746
3503,299,45.982456,0.4848154,0.091676235,0.17774881
3503,5076,21.861433,0.48363653,0.04739229,0.090640344
3504,3414,9.594368,0.46181855,0.022721775,0.0442826
3505,3504,7.40012,0.45724356,0.01892656,0.037201956
3505,2493,2.6703568,0.4555819,0.008629538,0.017517596
3506,5859,2.7236862,0.49037743,0.0037976801,0.008108094
3506,6439,11.724178,0.49231428,0.028027967,0.05566752
3507,3505,16.204302,0.45056602,0.041163832,0.079518035
3508,1035,29.28512,0.44397035,0.067652285,0.12742323
3509,5988,2.125164,0.43969667,0.004065819,0.008357808
3509,2354,29.956993,0.44364887,0.06890164,0.12970255
3510,2675,1.6992493,0.45878097,0.0031502917,0.0064936727
3510,6665,38.860416,0.47221944,0.09037289,0.17456785
3511,5752,2.6262512,0.369752,0.0053789318,0.010391682
3511,5753,10.300972,0.37555242,0.014552467,0.027399927
3511,2334,30.252785,0.36903152,0.06506268,0.12222119
3512,2193,1.3972816,0.46822602,0.0022801608,0.005153969
3512,4752,80.04857,0.47510508,0.181633,0.348059
3513,2096,1.4921074,0.5087276,0.0021868944,0.0048910826
3513,354,17.352423,0.50981015,0.036526386,0.07119731
3514,2746,95.07607,0.46993667,0.18862662,0.3642868
3514,3230,20.215046,0.47383517,0.04213785,0.08074195
3514,3515,88.70015,0.47911602,0.1727908,0.33316395
3515,7052,1.4701881,0.473235,0.0018058717,0.004153669
3515,6782,22.455927,0.4771087,0.047987558,0.09118912
3515,3514,88.099686,0.47494644,0.17410684,0.3358025
3516,3518,2.0951424,0.44856718,0.003191933,0.0066731423
3516,1270,8.200787,0.45318788,0.016844027,0.032981545
3517,1269,31.11065,0.4479755,0.065016046,0.12334336
3517,1248,2.773281,0.45201936,0.004922442,0.009400517
3518,3517,1.9571342,0.45265037,0.0035286471,0.007371232
3519,4689,39.084476,0.48505953,0.11179379,0.21809414
3520,2902,1.8546219,0.48972166,0.0055185705,0.011462361
3520,6533,26.832325,0.49103495,0.06723465,0.12877104
3521,785,55.03697,0.4786013,0.10991497,0.2131069
3521,4037,20.253174,0.090008944,0.048210386,0.0947202
3522,2532,43.82095,0.47832802,0.11193226,0.21781112
3522,1162,42.372696,0.46904323,0.14320454,0.2812656
3523,5510,54.19425,0.3691724,0.114978075,0.22198732
3523,6729,58.675232,0.3719058,0.12370148,0.23812939
3524,3462,6.5114937,0.33759135,0.015357532,0.029117048
3524,4121,2.0872383,0.33634573,0.0068081394,0.012831226
3525,294,2.5952377,0.5371341,0.0016229525,0.004253477
3525,3526,11.738583,0.5382115,0.025821678,0.05092761
3526,4332,2.1486702,0.5388909,0.0008529052,0.0026853979
3526,6033,23.621555,0.53719115,0.05235142,0.10124323
3527,2634,3.5215797,0.5251142,0.004563622,0.00996165
3527,4787,4.1747246,0.29098886,0.008883193,0.015145734
3528,3614,0.0,0.53052646,0.0055419654,0.0104943365
3528,3248,61.237106,0.52996314,0.20331953,0.39373738
3529,3530,2.340374,0.37471572,0.004392527,0.008111
3529,3634,48.91428,0.355792,0.12681793,0.24985057
3530,6362,0.631485,0.103260964,0.0026204064,0.005464852
3531,5377,3.3987045,0.43968704,0.00733722,0.015559137
3531,6583,13.022448,0.035509437,0.03774533,0.074935235
3532,924,2.6035042,0.07743335,0.0048519596,0.010579824
3533,5854,4.621563,0.11198494,0.010495707,0.021645054
3533,4528,137.44418,0.48059446,0.30264822,0.5847451
3533,4377,113.239105,0.47840422,0.2256858,0.43528843
3534,5670,45.812702,0.46074617,0.15414819,0.30009705
3535,3305,1.0463676,0.4590456,0.0066690817,0.012999371
3536,4278,2.6018143,0.46409234,0.008281782,0.016549721
3536,3392,4.515465,0.4568503,0.0145510435,0.028486654
3537,2624,1.7132759,0.3885125,0.0045221,0.008670121
3537,200,15.628775,0.39140522,0.037738986,0.0722367
3538,2302,1.8308487,0.40858498,0.0029644966,0.005925417
3538,6208,18.332537,0.39979005,0.041684214,0.07968601
3538,200,67.86496,0.40081844,0.1396267,0.27028632
3539,1925,1.787941,0.420875,0.0034705698,0.007084325
3539,6681,25.066975,0.4103796,0.05729145,0.10831252
3540,3876,26.266174,0.4668657,0.07857683,0.152989
3541,4149,1.590107,0.47516418,0.0048594996,0.010128364
3541,6824,24.67321,0.4778546,0.07027842,0.13528307
3542,6590,32.007538,0.04022062,0.14593603,0.3103634
3542,3543,151.33923,0.44457597,1.3001682,2.562772
3544,5789,2.2098656,0.43981206,0.008026585,0.014936283
3545,597,63.72773,0.47470075,0.12407774,0.24089247
3545,5615,14.963175,0.4728725,0.031262465,0.060784556
3545,3546,10.165268,0.47294438,0.020684972,0.040563032
3546,3545,10.388174,0.47534066,0.021137454,0.041515857
3546,6987,68.904366,0.4744625,0.13662866,0.26415884
3547,3832,1.7258224,0.47411752,0.0027238578,0.0055514276
3547,1815,12.521156,0.47324732,0.026128344,0.050971836
3548,550,0.9849205,0.18543524,0.0012801513,0.0037541986
3548,3549,1.0217209,0.24387771,0.0011659563,0.0032603145
3549,1721,1.8764572,0.4547462,0.0039273426,0.007421449
3549,1741,48.10407,0.45411015,0.12781644,0.24917334
3550,1366,75.37558,0.4892816,0.14945775,0.28902698
3550,1365,57.234253,0.49369216,0.112169884,0.21819326
3550,852,30.183979,0.49206164,0.061642967,0.11812976
3551,3177,94.19452,0.43464595,0.18911143,0.3636578
3551,6894,146.85858,0.4375919,0.29956722,0.5767378
3552,3553,76.05513,0.3118875,0.16893852,0.32946122
3552,3554,56.4458,0.27921247,0.1281808,0.2491079
3553,6124,2.2208557,0.3280157,0.005114764,0.009797767
3553,2045,35.683975,0.13572961,0.099678695,0.20809563
3553,3552,75.20446,0.31121153,0.16846076,0.32880652
3554,2423,59.088734,0.2815945,0.13384418,0.2619019
3554,3552,56.40289,0.27944788,0.1278031,0.24811912
3555,3558,20.345955,0.5220893,0.042674687,0.082536526
3556,6142,0.4867401,0.2895009,0.0,0.0
3556,4624,36.943047,0.52003086,0.07309639,0.1403195
3557,4624,1.5736427,0.5231486,0.0020201579,0.0046423674
3557,3556,34.898533,0.5139637,0.073481195,0.14005509
3558,6143,27.709858,0.021542937,0.09236588,0.18673822
3558,3555,19.637218,0.5203142,0.040916536,0.07934084
3559,3644,134.62561,0.5214649,0.28932282,0.55931437
3559,1661,59.310158,0.5218493,0.12750508,0.24779347
3559,2139,139.0307,0.5213631,0.2707079,0.52437955
3560,4453,1.9925385,0.5003583,0.0019986182,0.004242569
3560,348,39.874306,0.49988592,0.085468315,0.16314225
3561,2160,108.13907,0.5191391,0.21031354,0.40650314
3562,940,1.9543686,0.43887064,0.0027561188,0.0055602044
3562,1259,54.646954,0.4391399,0.10947941,0.21183154
3562,6113,104.37796,0.43899208,0.23888436,0.4598704
3563,1206,1.9827118,0.43737411,0.0031826198,0.006597668
3563,962,96.129486,0.4406383,0.19521329,0.37536424
3563,6112,12.811472,0.44121194,0.028004095,0.054015294
3564,1255,1.6306267,0.40638405,0.0028015077,0.005692795
3564,1839,47.84216,0.40757036,0.097554974,0.18773381
3564,3565,36.80122,0.40826404,0.082940266,0.15885136
3565,2207,57.272274,0.41423947,0.11577759,0.22354864
3565,6295,13.132105,0.41268682,0.02951559,0.056783468
3566,1218,1.7392769,0.4166336,0.0030227378,0.0063456744
3566,6700,26.597006,0.42292058,0.060251787,0.11279273
3566,2310,30.248089,0.42166817,0.064512864,0.12089047
3568,3567,6.5123596,0.49542326,0.0062361956,0.013056174
3568,3569,8.836983,0.49449608,0.009751894,0.02015604
3569,1986,90.02055,0.48706555,0.19872865,0.38224906
3570,3571,3.4112892,0.4843341,0.005217299,0.010407895
3570,5170,15.32435,0.4880818,0.032638874,0.06366675
3571,3570,3.1026993,0.48536816,0.0045189634,0.009066418
3571,2731,17.254633,0.48860323,0.0369153,0.07174217
3572,2999,2.119732,0.3672013,0.0040180534,0.007903352
3572,2919,41.815693,0.3630038,0.10853384,0.21116954
3573,3814,6.2964706,0.45044774,0.0061561614,0.013074189
3573,2969,30.698498,0.46040034,0.054674987,0.10403969
3574,608,25.300247,0.4719815,0.05328537,0.10122854
3574,4652,24.8797,0.47507307,0.053192478,0.10110958
3574,3575,110.944374,0.47769254,0.10074934,0.19505854
3575,3574,110.58779,0.46457514,0.09872843,0.19184472
3575,5796,66.19653,0.4772833,0.12718867,0.24628878
3576,5475,1.8448868,0.48777717,0.0016005561,0.003572777
3576,1376,158.18716,0.48383346,0.315514,0.60925287
3576,5059,19.352884,0.49292216,0.041550834,0.08023143
3577,577,16.37515,0.43281326,0.03863517,0.07500165
3578,6299,18.426355,0.43160143,0.043964975,0.08463116
3578,3577,28.468311,0.42897105,0.07079694,0.13408831
3579,1915,33.20352,0.42032284,0.08670832,0.16495612
3580,5729,0.79645157,0.48195672,0.0039882585,0.008656114
3580,5730,0.75307083,0.4829481,0.003947675,0.008600697
3581,2543,4.2991447,0.48781925,0.011062488,0.021843314
3582,5731,2.862915,0.49053985,0.0052188262,0.01080884
3582,2380,11.78196,0.49000984,0.021546148,0.042307034
3583,3582,2.3084755,0.4860528,0.003534779,0.0073247105
3583,5394,61.614433,0.48154956,0.12165986,0.23637196
3584,1086,9.510971,0.4808882,0.020653963,0.04075083
3584,1085,2.2568054,0.48239717,0.0047338605,0.009607285
3585,5840,14.125923,0.47939152,0.033502206,0.06486493
3585,5841,2.2031136,0.47668198,0.0027442053,0.005671665
3586,915,10.310692,0.4560419,0.021208003,0.041488633
3586,4242,2.1812248,0.4586596,0.0034094304,0.007040903
3587,3179,22.82471,0.45863065,0.04925308,0.09357802
3587,5544,6.257183,0.46460325,0.012397163,0.024284795
3588,1055,1.9037743,0.49689755,0.003633514,0.0075906664
3588,2291,37.554695,0.4971801,0.0750532,0.14411628
3588,186,30.295837,0.49909893,0.066912696,0.12742583
3589,2405,57.90325,0.41430026,0.11718962,0.22622941
3589,2404,2.5726967,0.41864604,0.004914798,0.010055557
3590,277,1.5364723,0.49045116,0.002214618,0.0045319945
3590,6722,89.53441,0.49182343,0.19894046,0.3823322
3591,258,1.373497,0.4803518,0.004366979,0.00934574
3592,276,1.5081062,0.49798852,0.001908578,0.0039470345
3592,1332,50.637794,0.49822143,0.09982142,0.19369233
3592,3593,63.86746,0.49930903,0.12642372,0.24547443
3593,3374,1.4286842,0.49744296,0.0021714717,0.0045252293
3593,6138,30.013294,0.49171478,0.06344235,0.12146356
3594,3591,1.3476639,0.49021485,0.002787143,0.0058139414
3594,4982,44.025562,0.4916847,0.1123069,0.21925884
3595,504,2.4550476,0.4983089,0.0018168762,0.0042227656
3595,6654,19.440079,0.49475586,0.043839596,0.08506154
3596,5856,1.6568527,0.49904284,0.0053702593,0.011013776
3596,5609,32.452408,0.50117517,0.084886,0.16223122
3597,2749,1.1530876,0.48800373,0.0023556426,0.0050346106
3597,186,67.387215,0.49039176,0.14923446,0.28977588
3598,2171,47.47911,0.46522248,0.12302011,0.23955843
3599,362,0.026371002,0.024278134,0.0031772405,0.0066180974
3600,2856,2.4149704,0.46752188,0.004057035,0.008461401
3600,945,45.31144,0.46964785,0.08839823,0.16988689
3601,2992,176.78813,0.47586393,0.35597223,0.6883593
3601,1495,32.266182,0.47658527,0.06547889,0.12395545
3601,3226,14.600674,0.47527957,0.030518055,0.0592869
3602,5730,2.4797668,0.48311457,0.0044004247,0.008850828
3602,5733,4.034073,0.48726863,0.008118331,0.016396165
3603,67,1.6117935,0.49037826,0.003280796,0.0068674684
3604,3603,9.140923,0.49202102,0.009875096,0.019860834
3604,3606,2.1396065,0.49058324,0.003647931,0.0077480227
3605,3567,11.477613,0.49459153,0.015063748,0.030688852
3605,5188,3.3794708,0.4910835,0.0071546286,0.014550433
3606,5188,1.742218,0.4857979,0.0025566146,0.0051228404
3606,3603,3.1973076,0.48911303,0.0067327768,0.013602242
3607,3606,1.3745575,0.48891747,0.002869092,0.0062574744
3607,2488,3.1899796,0.48813912,0.005723931,0.011467785
3608,2403,81.802,0.42596924,0.18666255,0.3593316
3608,3178,176.86113,0.42801687,0.3990733,0.77151203
3608,1502,294.9729,0.4227823,0.6204695,1.2015694
3609,2229,1.8457031,0.3526492,0.0038826019,0.0073979646
3609,1208,1.7962761,0.35166764,0.0037667453,0.0071946084
3609,1209,39.84349,0.3576079,0.08343268,0.15760332
3610,527,21.324217,0.30479938,0.048935935,0.0914364
3610,3612,23.27349,0.31229663,0.055541046,0.10395368
3610,4958,30.607288,0.294869,0.07420974,0.13994016
3611,2021,1.8466454,0.31978065,0.0036009476,0.006914109
3611,4000,32.312977,0.3327911,0.07732218,0.14514655
3612,2589,1.6079063,0.31716073,0.0034215674,0.006701499
3612,3611,6.765396,0.3191946,0.01613684,0.030402303
3612,2026,22.719492,0.31916106,0.05115079,0.09612258
3613,761,34.158554,0.4905875,0.068799846,0.13255583
3613,3007,31.033146,0.4940879,0.078058794,0.14854555
3613,1080,22.366129,0.48715526,0.048254054,0.09237906
3614,5300,2.572174,0.53918606,0.004855469,0.009906843
3614,3528,0.0,0.52068514,0.0051924735,0.009830385
3614,6557,7.0484657,0.53225684,0.026516132,0.052723914
3615,1359,1.8866653,0.4527183,0.0027313977,0.005569577
3615,929,20.931234,0.45405468,0.04494502,0.08593517
3615,6552,9.137726,0.45434812,0.018831223,0.03681335
3616,929,52.851242,0.45377803,0.10440112,0.20190008
3616,3615,8.255997,0.45400983,0.016720124,0.03281109
3617,3224,86.65524,0.4729087,0.17421985,0.3354993
3617,4824,112.49237,0.47152776,0.22467506,0.4332528
3617,1947,146.13295,0.47532576,0.2951028,0.56964844
3618,3619,3.270626,0.45176464,0.0027444437,0.0055817515
3618,1327,42.81689,0.44547445,0.08507093,0.1638121
3619,3620,19.50735,0.44806045,0.04408447,0.08463192
3620,5459,1.9079018,0.44782782,0.0026926696,0.005633399
3620,1328,28.03276,0.4467337,0.059035603,0.11184328
3620,5450,28.85712,0.45216382,0.06544985,0.12315608
3621,472,1.7660065,0.45235932,0.0033596233,0.0069628805
3621,3623,16.963228,0.44886038,0.03710042,0.07133226
3622,3621,1.8805771,0.45423728,0.00342194,0.0068823844
3622,1325,53.74971,0.44695637,0.12006385,0.2316858
3623,4931,44.26022,0.45511493,0.053597644,0.1015958
3623,3619,54.6076,0.4464711,0.123391084,0.23915881
3624,178,22.338123,0.45037112,0.03234143,0.061942615
3624,6515,55.40923,0.4470077,0.120833814,0.23455094
3625,2428,3.3966446,0.39275095,0.006769158,0.013352677
3625,2425,97.04489,0.39257765,0.2039603,0.39268607
3625,3685,6.2368164,0.39336884,0.0130766705,0.025575697
3626,291,176.49623,0.48470703,0.3518546,0.68028677
3627,3953,1.9669876,0.1162993,0.002368234,0.0061997473
3627,1975,60.58397,0.14566213,0.14450568,0.2881267
3627,1904,69.184425,0.24053922,0.19963646,0.3894406
3628,3832,119.63182,0.45942473,0.23706535,0.45611537
3629,5751,2.1413994,0.37229562,0.0040382445,0.0079122335
3629,2299,37.678005,0.37273163,0.08068635,0.15057915
3630,3632,53.327114,0.025708854,0.15465775,0.32286286
3631,661,183.48352,0.5051159,0.36380848,0.7036886
3631,5891,47.424587,0.04032725,0.24439126,0.5121166
3632,5008,1.6861153,0.5109021,0.0035183579,0.006554395
3632,3631,6.0142326,0.034858137,0.025604688,0.049410522
3633,1362,14.138805,0.48548192,0.02970424,0.057772174
3633,1082,9.8516655,0.4875881,0.021462627,0.04221785
3633,1373,22.406397,0.48761153,0.049669154,0.09493357
3634,3635,2.5389786,0.32397056,0.004228778,0.0080563575
3634,2968,44.995174,0.28449133,0.11956574,0.23348495
3635,3634,2.6530266,0.3225131,0.004421085,0.008546069
3635,3530,48.980225,0.35051918,0.12737128,0.2519705
3636,1999,127.18334,0.33240885,0.28095892,0.54017603
3636,3635,19.797401,0.31190515,0.05040005,0.095010325
3637,754,1.313076,0.5203951,0.0013937056,0.0030883849
3637,332,69.890884,0.515901,0.13270724,0.25853717
3638,3639,0.9639473,0.5155685,0.0010387525,0.0025778264
3638,3640,1.8094635,0.51893044,0.0028823689,0.006458044
3639,3638,1.0279465,0.5157216,0.001358591,0.0032530576
3639,3637,13.255329,0.52111375,0.027770504,0.05440758
3640,3639,2.0272903,0.52086973,0.0032799914,0.0072147697
3640,334,10.674957,0.5183835,0.02190119,0.042762965
3641,5121,30.817211,0.471341,0.063579515,0.12067753
3641,3396,96.39755,0.46821177,0.19283408,0.37141263
3641,2933,92.17797,0.46811658,0.1853374,0.35710287
3642,3643,104.69084,0.5078855,0.2041058,0.39517915
3642,402,238.58908,0.5092949,0.5043488,0.9811072
3643,3642,103.62241,0.51113373,0.20262852,0.39124674
3643,1723,41.95623,0.50742114,0.08123781,0.1560862
3643,4575,56.5442,0.50803363,0.11078814,0.21479483
3644,3559,133.85721,0.5199166,0.28623867,0.5535596
3644,3364,3.475727,0.5251761,0.007270634,0.015731603
3645,3646,4.8367805,0.4595498,0.009018607,0.017675966
3645,1069,27.474506,0.454414,0.059098836,0.111606695
3646,3647,0.46528625,0.036144227,0.0015282258,0.00316903
3647,3648,1.7472343,0.46069714,0.005182475,0.010569796
3647,1957,66.31401,0.45252448,0.17567068,0.33844972
3648,3651,1.7750092,0.45360595,0.005032517,0.010206312
3649,3645,5.7112007,0.45308292,0.011132315,0.022006541
3649,3646,1.4742928,0.45072028,0.004184656,0.00860323
3650,3649,1.6488991,0.45071185,0.005052507,0.009982139
3651,3650,0.7661171,0.039564252,0.0020802245,0.00415352
3651,4180,22.51596,0.45913413,0.053527433,0.10247807
3652,6652,1.0042801,0.51219964,0.003089577,0.006724462
3652,6147,57.230305,0.50788295,0.111017875,0.21566236
3653,479,27.778492,0.50528485,0.05685095,0.107987106
3653,673,1.4745865,0.50629765,0.0019511804,0.0042225868
3653,3654,26.352741,0.50589144,0.05429117,0.103217684
3654,468,28.03741,0.5056334,0.05738409,0.10917422
3654,467,1.765007,0.5061991,0.002505213,0.005378291
3654,7029,21.907616,0.506239,0.04636086,0.0884546
3655,146,1.4961166,0.5080298,0.00211405,0.004366368
3655,3842,22.308678,0.50442046,0.048150413,0.09206976
3656,638,2.6339493,0.47238868,0.0044290274,0.009002879
3656,3260,61.184692,0.4666724,0.119098105,0.23127854
3656,640,54.398388,0.4690863,0.10690871,0.20720108
3657,6413,1.1925354,0.52447736,0.0014134273,0.0030899346
3657,5090,45.652718,0.5254721,0.09540798,0.184015
3658,6414,1.497982,0.5293753,0.0023701563,0.005294755
3658,509,29.218735,0.53005636,0.0630168,0.12078236
3659,1805,3.1216812,0.4729253,0.0020861179,0.004496649
3659,3216,21.92392,0.4722834,0.096576944,0.19759288
3660,513,2.2159157,0.27858195,0.0061840042,0.009797946
3660,6231,10.90723,0.3032931,0.028322875,0.04945156
3661,5704,1.626709,0.49721682,0.0031508356,0.006753698
3661,3662,17.143877,0.49974346,0.037418373,0.07242773
3661,3705,33.492027,0.50031614,0.08543846,0.16473514
3662,3661,16.88167,0.4991916,0.036739428,0.071020834
3662,6338,19.065569,0.49810863,0.04181637,0.08077242
3662,6595,116.79304,0.48899594,0.2561381,0.49373066
3663,1842,62.86953,0.42101628,0.13669758,0.26371562
3663,4154,3.031437,0.43104786,0.006765738,0.013497695
3664,1215,24.433989,0.41755867,0.0531872,0.10004572
3664,2304,23.496624,0.42148477,0.05129858,0.0968342
3664,1930,28.64209,0.4206792,0.054548502,0.10271291
3665,2610,12.856466,0.49425954,0.026881233,0.052580267
3665,3666,2.6804237,0.4885119,0.0034816787,0.007164702
3666,3665,2.353119,0.49006587,0.0029858425,0.0061184913
3666,1282,12.588173,0.4936055,0.024445035,0.04803586
3667,880,83.86023,0.472776,0.16660875,0.32132572
3667,6589,151.72427,0.47132796,0.3037673,0.58634216
3667,4136,124.97654,0.47310773,0.25127062,0.48510373
3668,3955,1.4352684,0.47488865,0.0017051548,0.0037933737
3668,2990,248.9039,0.47055665,0.5029383,0.97443146
3668,1285,46.286472,0.4781893,0.12202226,0.23630102
3669,867,59.979485,0.47715163,0.11761904,0.22749831
3669,5683,4.773037,0.48176503,0.009043224,0.018020347
3670,2218,2.4363518,0.30675763,0.0039987043,0.004617259
3670,2585,62.00323,0.29817134,0.19451943,0.3141566
3670,4368,70.13042,0.5402553,0.1499344,0.2906568
3671,5054,9.50209,0.43853852,0.019257016,0.03770788
3671,5979,73.09082,0.43060905,0.19860204,0.38320756
3672,1893,25.544601,0.3769209,0.074281305,0.14474739
3673,3376,0.74440384,0.3696519,0.0055607483,0.011040375
3673,3672,3.7771034,0.36464006,0.004131764,0.008336857
3674,4220,21.443707,0.37462515,0.063101046,0.121037155
3674,5183,24.199064,0.37004846,0.051937032,0.09830523
3675,1372,84.38789,0.50504816,0.16495353,0.31933933
3675,267,1.9688225,0.51591307,0.0030098334,0.0063909143
3676,1368,6.497055,0.49551168,0.013852246,0.02753891
3676,5189,8.987545,0.48899186,0.021703832,0.04314381
3677,434,2.0994797,0.4989666,0.006359473,0.01367344
3678,1401,48.872498,0.47302312,0.12477909,0.24272995
3678,5321,8.397354,0.473793,0.020184055,0.039355725
3679,3278,0.7008934,0.45524138,0.0034047887,0.0068716854
3679,3184,38.811195,0.47524765,0.07813007,0.14935768
3680,557,1.5086594,0.46780103,0.0024054646,0.005335927
3680,3679,50.37546,0.47564036,0.103119925,0.19994643
3681,1138,1.3908997,0.48885128,0.0026638135,0.0058134645
3681,1139,75.04117,0.48609096,0.16502504,0.3182578
3681,4335,87.14078,0.48569596,0.291925,0.564329
3682,4584,1.2530746,0.03852123,0.0010031015,0.0029469281
3682,7030,4.3593025,0.41264367,0.0087488,0.018228576
3682,2888,33.344315,0.39237553,0.07274592,0.13809648
3683,3763,138.03604,0.51678777,0.26587924,0.5146007
3683,6757,3.2512245,0.52407277,0.005655907,0.011964366
3684,6413,44.176086,0.53336835,0.09426228,0.18123543
3685,572,1.6657906,0.39491442,0.0027941763,0.005644217
3685,3973,52.966805,0.39687738,0.13639268,0.2652299
3685,3625,6.607418,0.39423984,0.013893895,0.02709642
3686,2427,9.564884,0.39354315,0.020361274,0.039417908
3686,3685,26.649374,0.39509195,0.066271566,0.124641165
3687,2424,1.7729149,0.3962339,0.0029627606,0.0059372485
3687,574,63.944466,0.39280927,0.13256507,0.25628763
3687,3686,51.855206,0.3919152,0.13755685,0.26694664
3688,2426,1.7208939,0.39946732,0.0030184835,0.006051153
3688,2391,80.996506,0.39488596,0.16982739,0.3274854
3688,3687,25.537058,0.40011376,0.063861534,0.12058535
3689,533,1.8208694,0.40073803,0.003722161,0.0076599866
3689,4841,16.174242,0.3998087,0.03845612,0.07376194
3690,1553,1.8894577,0.3988061,0.0031059235,0.006079331
3690,3689,16.682583,0.39938593,0.040292062,0.07716847
3691,2550,1.9398117,0.38721225,0.00338196,0.006729409
3691,5806,70.09588,0.38495964,0.19410524,0.37413538
3692,2564,61.400246,0.3752372,0.16756234,0.32439744
3693,2563,2.2502174,0.34247264,0.0067248046,0.012771606
3694,5892,60.569687,0.27523744,0.18179059,0.35428047
3695,3694,32.615704,0.27523273,0.0887355,0.16459407
3695,4815,13.589777,0.27349037,0.034317046,0.0654352
3696,4038,1.6164474,0.27388954,0.0038989186,0.0073591173
3696,3695,15.086443,0.27705836,0.03927311,0.07481829
3696,1233,46.2235,0.2643232,0.10466957,0.19952814
3697,2283,40.901207,0.2755339,0.09194539,0.17352502
3697,3696,19.369146,0.28320742,0.051200345,0.096174665
3698,6740,2.341034,0.34281796,0.0074278265,0.014169395
3698,6836,2.0808601,0.34109676,0.0039338246,0.007816881
3699,2546,1.6122932,0.34598178,0.006355785,0.012249142
3699,2549,15.912155,0.3477317,0.033422437,0.06422269
3700,5547,0.5826721,0.022282511,0.0005471036,0.0010331422
3700,5106,90.553024,0.4390995,0.18394403,0.3551867
3701,5067,1.7240486,0.42921266,0.0024451166,0.0050551593
3701,1224,103.329865,0.43237355,0.21150813,0.40677354
3701,3700,24.773117,0.42955953,0.05805613,0.1105322
3702,1224,101.18974,0.43005908,0.22573256,0.43433166
3702,3701,29.996063,0.42669123,0.06952176,0.13218305
3703,3122,1.1216164,0.44489148,0.0037147403,0.0078458935
3704,2109,2.1302605,0.50121224,0.002690591,0.005605504
3704,5638,15.295244,0.4981751,0.036154255,0.0701206
3705,4990,1.6135445,0.49576122,0.0023176968,0.004911363
3705,2110,55.683502,0.4968144,0.1095898,0.21296747
3705,4238,29.08041,0.49735856,0.07216495,0.13877842
3706,1802,1.4393845,0.4981844,0.0017661005,0.0037698746
3706,3704,54.8599,0.4943869,0.1438577,0.27869368
3707,4204,1.985157,0.48817065,0.0019465238,0.004441932
3707,3706,47.98298,0.49596235,0.121731,0.23558073
3708,3112,56.530647,0.46435985,0.18771124,0.36347625
3709,1873,0.9769745,0.5484002,0.0027394444,0.0052627623
3709,6205,53.36754,0.30484095,0.1854929,0.30274135
3710,3711,0.724041,0.54831445,0.0028547496,0.0055375695
3710,3964,43.64504,0.29278636,0.15391453,0.24592878
3711,3709,0.9286957,0.2925592,0.0040639043,0.005331829
3711,5011,53.64572,0.542259,0.13608322,0.2633287
3712,5093,1.1324425,0.497884,0.002567619,0.0055779964
3712,5187,12.24893,0.49868938,0.02612748,0.051125675
3713,3712,1.8278008,0.49867997,0.0030341595,0.0063510835
3713,3718,32.280663,0.49983606,0.0712239,0.13512586
3714,3716,8.725113,0.49733073,0.019720882,0.038752988
3714,3715,2.3030357,0.5018417,0.0017469004,0.003938839
3715,3714,2.326458,0.50343,0.001762189,0.004022032
3715,3719,11.349781,0.49804,0.02551122,0.04975973
3716,3717,2.493988,0.5005901,0.0018431991,0.0044076294
3716,384,13.85623,0.5026975,0.030779324,0.06048055
3717,3716,2.7467918,0.49394894,0.0023425967,0.0053570718
3717,3715,8.884815,0.4981265,0.019831672,0.039117217
3718,3719,2.7582397,0.49822447,0.00252714,0.005426541
3718,3714,10.109001,0.49975032,0.02261348,0.044429645
3719,3718,2.3797646,0.50123703,0.0019067079,0.0039891005
3719,3712,31.24698,0.5001146,0.07104736,0.13546474
3720,2027,1.5457535,0.3870497,0.0025201738,0.0050677955
3720,2456,41.057365,0.38536066,0.08472434,0.16185313
3720,3723,33.959396,0.38490373,0.08976195,0.17308253
3721,5399,4.9121323,0.37362295,0.01158195,0.022021696
3721,5399,2.0135536,0.37424603,0.0038535,0.0076841563
3721,2053,37.75619,0.3722517,0.080806315,0.1532595
3722,2030,35.082535,0.3762605,0.076108195,0.14303523
3722,5749,2.9992294,0.37542546,0.0062600225,0.0123190135
3723,6161,1.8604164,0.38278154,0.004452288,0.008841738
3723,9,1.4190979,0.37972996,0.0050432533,0.01001738
3724,3723,1.950119,0.38758332,0.0045921355,0.009170353
3724,2027,39.44192,0.38374597,0.089851074,0.17305188
3725,1852,1.7584419,0.38627875,0.002997592,0.0059332997
3725,2328,59.31411,0.38413882,0.12364486,0.23835391
3725,3724,34.47623,0.38721555,0.08001164,0.15204164
3726,2330,1.6788788,0.38190678,0.0029493123,0.0059596
3726,2328,39.425465,0.38244075,0.081970535,0.15528098
3726,3725,35.42978,0.3885824,0.08199143,0.15580727
3727,16,1.8939438,0.37846708,0.0031264797,0.006203845
3727,3726,12.418755,0.37947458,0.027778357,0.05308096
3728,3727,22.768671,0.3784865,0.05248425,0.099045515
3729,2029,1.7322083,0.37882465,0.0030341148,0.006082326
3729,2049,103.18599,0.35916433,0.22369656,0.43038774
3729,6006,22.62156,0.37884983,0.05642392,0.10725767
3730,2041,1.743885,0.38179976,0.0029652566,0.0060420036
3730,4550,111.570755,0.35593656,0.24275017,0.46839076
3730,3729,31.707218,0.38117567,0.08355315,0.15946683
3731,4547,1.9551506,0.38988644,0.0045780838,0.008751079
3731,3730,125.82256,0.37744212,0.35734075,0.6899083
3732,2505,2.67696,0.38074636,0.006213635,0.012091026
3732,3731,1.5054817,0.38458496,0.0051680654,0.0100604445
3733,6067,1.3369255,0.40438285,0.0049749315,0.009939358
3734,531,95.425,0.4202358,0.19227187,0.36961696
3734,2144,37.670902,0.43306965,0.076369904,0.14551634
3734,3735,20.06305,0.43518937,0.04778159,0.09133463
3734,6520,7.2599907,0.4368902,0.015630975,0.0306094
3735,3734,20.373087,0.43285882,0.04847691,0.09253588
3735,6125,29.22163,0.4317269,0.07398015,0.14175184
3736,6125,1.8649445,0.4280759,0.0034708977,0.006992638
3736,3735,29.33238,0.43067774,0.07385604,0.14065465
3737,357,31.922768,0.523292,0.062717974,0.119949475
3737,358,2.6172256,0.5248403,0.0042034835,0.00900884
3737,2141,8.324787,0.52479,0.016497687,0.033184797
3738,3740,2.0597,0.4189418,0.0024018213,0.004882604
3738,5000,27.923592,0.41268206,0.06351515,0.11982088
3739,2982,179.38815,0.4730606,0.35276788,0.68097174
3739,3738,73.677895,0.42130134,0.16066149,0.30936646
3740,3738,2.1808243,0.41938856,0.0025806054,0.0052185208
3740,3739,75.598495,0.4229627,0.16357264,0.31537262
3741,2205,1.7908554,0.43019253,0.0026292354,0.005389437
3741,6705,48.521584,0.43238166,0.10893272,0.21166486
3742,2522,51.39903,0.4930612,0.11254967,0.21855275
3742,6066,47.359947,0.492603,0.102997616,0.20028612
3743,2186,2.1431732,0.45104513,0.0044859424,0.008856222
3743,3745,15.1679325,0.4509248,0.033196192,0.064331844
3744,3750,1.881607,0.44365954,0.0036602318,0.007454708
3744,3748,9.115643,0.25032556,0.022543497,0.04043369
3744,93,1.8002968,0.4459465,0.0034595951,0.0070718825
3745,94,1.8037262,0.4486047,0.0033282116,0.006798938
3745,3746,18.87306,0.44785845,0.042210467,0.08136155
3745,4446,49.530895,0.4526189,0.10894382,0.21173026
3746,113,1.9269905,0.44506526,0.0027292147,0.005695075
3746,3747,32.81672,0.4442747,0.07708621,0.14810814
3747,3753,1.0121918,0.46720296,0.0027709603,0.006497279
3747,4446,68.96372,0.45085782,0.15773323,0.30455792
3747,3744,1.7634811,0.26297697,0.0055423826,0.008708745
3748,4417,40.77962,0.24557203,0.12945184,0.21326867
3749,95,1.14077,0.42103192,0.0028318912,0.0059594214
3749,6100,27.064354,0.41924053,0.058859322,0.11049366
3750,93,1.5290642,0.24847889,0.005313985,0.008104578
3750,6943,52.350193,0.43924022,0.117070414,0.2255161
3751,90,0.9220123,0.47253835,0.0033010691,0.0071622133
3751,3759,38.478573,0.47668672,0.08427191,0.16218784
3752,3747,1.2580032,0.45004013,0.0037323013,0.00799799
3752,113,33.760338,0.44154018,0.076969706,0.14677873
3753,3744,1.8256226,0.46255213,0.0038913488,0.007948682
3753,1399,47.369057,0.4442773,0.106066935,0.20520133
3754,6697,41.12039,0.4434045,0.0923059,0.17759503
3755,3748,24.64768,0.45349002,0.035085108,0.06722299
3755,3744,6.9244576,0.45056367,0.015419044,0.029508054
3756,4428,28.266182,0.4497473,0.06456113,0.12293075
3756,648,5.763527,0.4498893,0.012222439,0.024099648
3757,458,1.7430649,0.4535088,0.0026836842,0.0056625307
3757,654,6.067566,0.4532715,0.0119662285,0.023759723
3757,3756,22.394207,0.45220464,0.050647307,0.09645925
3758,4393,1.5717659,0.45062286,0.002869226,0.006005481
3758,649,5.1978188,0.46192822,0.011237286,0.022111416
3759,1400,2.1016312,0.470665,0.0033203885,0.006929651
3759,651,6.6339607,0.47186154,0.013118878,0.026095375
3759,3758,47.982952,0.4638437,0.10396921,0.20123966
3760,6735,14.963978,0.43516034,0.034807548,0.067074865
3761,110,1.758091,0.43088806,0.002825424,0.005868867
3761,101,67.399704,0.43346456,0.13654022,0.26325905
3761,3760,24.34419,0.4357815,0.055998366,0.10511767
3762,6218,0.30601883,0.26860023,4.568696e-05,0.00053964555
3762,5151,48.451664,0.5298186,0.10169023,0.19536227
3763,507,1.2378502,0.52759427,0.0012993515,0.003347963
3763,5150,134.1857,0.5244277,0.2874349,0.55389965
3763,3683,137.83727,0.5222704,0.26601586,0.5144085
3764,835,1.1732292,0.5208259,0.0010739267,0.0027473122
3764,6185,121.214714,0.5224737,0.23402023,0.4529968
3764,4595,52.696533,0.5185854,0.111648105,0.21444845
3765,910,1.9331131,0.4537655,0.0027291104,0.00566341
3765,3769,24.87527,0.45634782,0.056223236,0.10681599
3766,3770,0.6629524,0.02625227,0.0070070177,0.012156993
3767,3766,1.7046623,0.4575434,0.0035987124,0.007273391
3767,6601,44.43027,0.030368268,0.21943152,0.4596634
3768,3767,1.8402328,0.45648557,0.003647916,0.0066327304
3768,4903,4.679905,0.44654545,0.01256676,0.024953812
3769,3501,1.9281082,0.45424923,0.0028306171,0.0059192777
3769,3500,56.19487,0.4527099,0.11155583,0.21595243
3769,4902,43.49862,0.45249736,0.09529224,0.18386932
3770,3771,1.9905281,0.4540314,0.0040091127,0.007822961
3770,3929,1.5980301,0.03766018,0.009981558,0.01885125
3771,1741,1.8248062,0.4591484,0.003411971,0.0066683143
3771,3767,0.20373535,0.04261911,0.005955845,0.010628819
3772,524,1.6015472,0.39558935,0.0034702718,0.0071174204
3772,4033,25.0012,0.3896219,0.057869267,0.10992002
3773,528,1.9587708,0.40468216,0.0033262,0.006862864
3773,3772,61.336,0.40046003,0.1407447,0.2726227
3773,2471,116.90195,0.3929549,0.24353391,0.46791822
3774,5891,1.1548996,0.51820844,0.00096282363,0.0018051267
3774,5008,50.927643,0.029184222,0.261254,0.5432111
3775,3598,2.2339668,0.46717292,0.005163364,0.01076968
3775,3599,4.244961,0.02381441,0.016631417,0.03266798
3776,5231,46.40776,0.3719117,0.096139,0.1838355
3776,2118,7.29018,0.3682773,0.015643217,0.029955775
3777,6101,1.2178535,0.41291618,0.0025981069,0.005321607
3777,6733,14.683762,0.25031468,0.037672177,0.070313044
3778,246,2.2117348,0.42996985,0.0039879605,0.007952571
3778,3779,4.8614464,0.43041387,0.011159919,0.021969259
3779,2277,20.583708,0.43464565,0.04559168,0.08741427
3779,3780,68.725784,0.4354404,0.16004944,0.30741587
3780,88,1.6795502,0.43834105,0.0030545667,0.0061826855
3780,3781,27.398449,0.44449216,0.06288034,0.11953069
3781,739,1.7260704,0.44836754,0.0024629757,0.0049892366
3781,6106,40.772243,0.44870073,0.08290401,0.15942642
3781,6751,51.88261,0.4530772,0.11615359,0.22478542
3782,6598,1.5556679,0.462915,0.0032254234,0.006499529
3782,3791,87.537735,0.46457353,0.1991671,0.38357705
3783,3793,1.7421608,0.4563769,0.0035431236,0.0075814575
3783,3794,13.62524,0.45551056,0.029674802,0.05770442
3784,85,1.8276215,0.44737887,0.003701426,0.0077207834
3784,3785,36.24978,0.45263255,0.08151353,0.1558191
3784,6394,45.399197,0.449436,0.100848,0.19500458
3785,1243,1.7644844,0.44828922,0.0023719072,0.00493291
3785,2651,149.56946,0.44698378,0.30440086,0.5864162
3785,4206,21.133657,0.44975963,0.04766099,0.09102222
3786,3787,8.798939,0.4607393,0.019195832,0.03756258
3786,2202,14.201569,0.45802143,0.029794734,0.057879895
3787,6087,2.6621552,0.45928466,0.0022280887,0.005242318
3787,3788,2.1189117,0.46043476,0.004542552,0.009509787
3788,3789,1.8571014,0.45952204,0.004095614,0.008423939
3788,2201,16.146872,0.46392313,0.039383367,0.07603161
3789,1701,0.79006577,0.4647184,0.004131511,0.008865878
3789,5824,2.238964,0.4646979,0.004587032,0.009090602
3790,2651,1.8031044,0.45464182,0.0026931763,0.0056027025
3790,125,23.883589,0.4574657,0.05434819,0.10338355
3791,2648,1.9144516,0.46828797,0.003523402,0.00734058
3791,127,49.068142,0.46786445,0.10748196,0.20824672
3792,1427,2.012455,0.46145993,0.0039034262,0.0077694803
3792,3790,8.331062,0.45845214,0.018437132,0.03632167
3793,3792,1.8252602,0.45548052,0.0039051697,0.008049905
3793,6752,41.903233,0.45471308,0.0922716,0.17981039
3794,6395,17.099874,0.45433494,0.03731792,0.07213595
3794,3793,14.030666,0.4566342,0.031020336,0.060250178
3795,2944,3.1485481,0.5422635,0.0067606196,0.014300048
3795,3100,32.968723,0.54283214,0.0866015,0.16751793
3796,6658,43.248722,0.50175273,0.07028346,0.13127533
3797,1106,1.8453026,0.45806995,0.002760239,0.0058315545
3797,4896,3.2493782,0.46377522,0.0044543,0.0087419
3798,6275,35.02703,0.44816566,0.047475535,0.091000274
3798,3800,35.694714,0.43847358,0.0803033,0.15279312
3799,3827,3.8152657,0.44564858,0.0046453774,0.010208443
3799,964,99.86049,0.44664097,0.22471765,0.43171299
3799,3800,27.468979,0.45678738,0.039000645,0.074792765
3800,3801,17.80211,0.4400184,0.039673574,0.07655474
3801,920,1.7883682,0.43890327,0.0026964918,0.0054633617
3801,981,101.57217,0.43953192,0.2058692,0.396255
3801,6706,25.369097,0.43681085,0.059293963,0.112742074
3802,1621,1.8041763,0.43590218,0.0029858127,0.005923778
3802,3803,20.38794,0.43210268,0.046790894,0.08956719
3803,2309,1.5687828,0.4269472,0.0031346604,0.006499037
3803,3804,14.997421,0.4335937,0.033382136,0.06448759
3804,5245,1.9696045,0.42813942,0.0028384998,0.0056967437
3804,6701,26.686714,0.4300936,0.06232112,0.1173794
3805,3989,1.9250946,0.42502567,0.0038724467,0.007894009
3805,2273,0.7472305,0.43267968,0.0056342185,0.011152834
3806,726,71.84355,0.4724696,0.15604982,0.2989504
3807,5356,2.7198677,0.47757718,0.0043343604,0.009067327
3807,1495,2.348339,0.4771019,0.0038532317,0.007944822
3808,1495,27.714733,0.47299138,0.056926485,0.10826497
3809,2508,8.163921,0.49338675,0.015184589,0.03072697
3809,1644,8.155472,0.49019596,0.019501328,0.038763106
3810,2759,1.6787071,0.49741018,0.0028180182,0.0056521147
3810,6365,73.721954,0.4906949,0.1908507,0.3678962
3811,4802,1.297039,0.49691516,0.003623329,0.007930592
3812,3810,1.3859978,0.47113252,0.0035718232,0.0074508637
3813,3407,1.9009933,0.43756557,0.0051220506,0.010295302
3813,6912,3.7399902,0.44127548,0.009696327,0.018990248
3813,6419,1.8039818,0.43830582,0.0050336197,0.010180727
3814,3573,6.687359,0.44906265,0.0070302337,0.0148433745
3814,5659,24.395329,0.45632088,0.06071392,0.11619393
3815,1739,32.44101,0.3963429,0.06808164,0.12815645
3815,2425,4.174431,0.39550287,0.008478522,0.016561598
3816,4468,4.3920174,0.48367047,0.010844588,0.02172716
3816,2884,38.207607,0.47994632,0.07721272,0.14737907
3817,5727,31.143368,0.0,0.11344232,0.24987414
3817,6888,35.77462,0.0,0.12888135,0.28459203
3818,3819,23.029362,0.42375317,0.05038741,0.09567643
3818,3819,16.949259,0.43015635,0.04656636,0.09187418
3819,1717,19.495718,0.4325352,0.053878687,0.10665618
3820,2933,59.346855,0.47271055,0.1614379,0.3110975
3820,3319,31.259571,0.4606134,0.05980742,0.114914134
3820,3821,5.1897583,0.46178922,0.010699637,0.021137998
3821,4911,21.92118,0.47158474,0.04878173,0.09331608
3821,3820,4.3938675,0.46239433,0.008753069,0.0178134
3821,3261,44.287148,0.4757269,0.09030397,0.17439385
3822,3824,1.5989532,0.4724439,0.0029633269,0.006260872
3822,4358,39.948006,0.47855937,0.09943439,0.1940489
3823,2954,1.3960991,0.4757363,0.0024080947,0.005357668
3823,6589,43.409657,0.48039627,0.109108925,0.21272525
3824,3822,1.5292053,0.47392944,0.00272087,0.0059490353
3824,811,42.81074,0.4760008,0.09303264,0.18070732
3824,6588,54.842525,0.47130802,0.14988029,0.29119554
3825,3426,16.16952,0.4357505,0.026923656,0.052847654
3826,91,57.077576,0.43686575,0.12960209,0.25257
3827,3799,3.6593819,0.44092256,0.0044244453,0.009891108
3827,921,56.62877,0.44152912,0.12685564,0.24602237
3828,5697,32.38153,0.4950731,0.08186102,0.1556132
3829,4268,2.583168,0.25262472,0.002270393,0.004201725
3829,4249,29.185183,0.25252497,0.07141267,0.13356224
3830,2274,2.7025375,0.25467244,0.0025253817,0.00468567
3830,5474,25.51979,0.25490397,0.06325657,0.11827749
3831,6784,21.292181,0.48500174,0.043480206,0.08412747
3832,5112,1.5795555,0.4726749,0.0025093332,0.0051859915
3832,3628,119.43719,0.45746246,0.23608223,0.45459938
3833,4101,40.12464,0.46771437,0.08630781,0.16546446
3833,1449,12.071327,0.4660611,0.028773248,0.05610928
3833,1367,251.6269,0.4677017,0.51183456,0.99282813
3834,1253,8.1604,0.43300033,0.017746516,0.03459862
3834,1200,54.283417,0.43454826,0.12272982,0.23847309
3835,2068,45.998833,0.48831263,0.089625195,0.1733173
3835,873,23.733227,0.48539355,0.051402625,0.0983475
3836,203,1.4726601,0.43697542,0.004836552,0.010109663
3836,3837,2.7502975,0.44926444,0.003435336,0.0069158077
3837,4854,34.534145,0.44978717,0.07703658,0.14525017
3838,797,1.447319,0.48233554,0.001962006,0.0043711364
3838,3839,48.3916,0.48076048,0.1043811,0.20191273
3839,4315,1.6855621,0.4836146,0.00237374,0.0050471723
3839,798,62.598213,0.48377332,0.12432338,0.24163505
3839,6833,28.621643,0.48600996,0.06360244,0.12041582
3840,1413,0.5668373,0.5140823,0.002522722,0.0057787597
3840,4083,7.0248528,0.5164958,0.015328139,0.030540258
3841,3842,1.3585434,0.50609237,0.0025800988,0.0056351125
3841,146,21.936579,0.50312346,0.047307856,0.09037973
3842,4449,1.8173294,0.5078843,0.0027699769,0.005463004
3842,6488,25.263815,0.5012155,0.056588244,0.1079215
3843,144,1.4789963,0.499274,0.0018818825,0.0037962198
3843,4457,24.918425,0.49483004,0.056289256,0.10782733
3844,143,1.8969879,0.49324644,0.0027996227,0.0054668337
3844,3845,15.195553,0.48864973,0.033732403,0.06618586
3845,141,1.6272125,0.48924503,0.0024074689,0.0050112307
3845,142,40.9296,0.48214918,0.08827327,0.17001905
3846,157,1.5497551,0.4876106,0.0019020811,0.004110694
3846,465,53.589413,0.4834191,0.105447434,0.20438047
3846,4400,15.49902,0.4903273,0.03383428,0.06550777
3847,168,30.956596,0.4518457,0.064496145,0.122005716
3847,4433,6.008621,0.4504388,0.011992805,0.02381739
3848,815,1.4557266,0.48577422,0.0018405542,0.0040075183
3848,763,48.362484,0.4839678,0.09502733,0.18471523
3848,4518,54.500683,0.48231483,0.11978749,0.23303732
3849,5312,23.523048,0.44847566,0.051393237,0.097899556
3849,117,19.44839,0.44228077,0.0420617,0.08070131
3850,2696,1.8831787,0.44528115,0.0028085858,0.005847469
3850,2695,65.681274,0.44327018,0.13297892,0.25733745
3851,3853,1.0407257,0.4807642,0.0012755096,0.003545761
3851,481,75.97379,0.48335698,0.16857235,0.32469237
3852,3428,1.4577332,0.47649103,0.0025503263,0.0056589395
3852,3863,29.974707,0.49170175,0.06814254,0.12902363
3853,3852,1.3258591,0.49598518,0.003057912,0.006567329
3853,647,75.85413,0.49032184,0.1677966,0.32644182
3854,3855,6.65868,0.5038252,0.014099434,0.028598905
3854,671,30.542927,0.50379604,0.062381074,0.11895232
3855,647,1.0125427,0.48644558,0.0011923984,0.0032559037
3855,3856,50.910362,0.4979963,0.11111991,0.21407312
3856,672,32.425236,0.4989345,0.06548732,0.12475218
3856,3852,27.825,0.4951621,0.06329657,0.121411234
3857,4467,33.08261,0.4964101,0.06718625,0.1270707
3857,3858,88.6933,0.48455593,0.19838083,0.3805881
3858,482,1.367836,0.45462447,0.0018765926,0.004240498
3858,3859,71.81091,0.47533098,0.16194376,0.31261235
3859,4468,1.5412788,0.48507395,0.0033777505,0.006766543
3859,646,26.163431,0.477971,0.06490614,0.12367206
3860,3861,1.5681648,0.5038111,0.0026792288,0.005782604
3860,6570,55.74649,0.5033906,0.11655611,0.2279424
3861,4255,1.4273415,0.51019984,0.0027774721,0.0059397966
3861,4254,42.667492,0.5099077,0.05133557,0.098949485
3862,645,1.1255302,0.5065351,0.001380913,0.003564164
3862,4207,69.68544,0.5098003,0.13524202,0.262768
3862,6568,35.197308,0.50432616,0.075651675,0.14407338
3863,4046,2.2519798,0.4945065,0.0040734187,0.00828284
3863,2805,1.3931847,0.49362415,0.0016215071,0.0034531504
3863,672,29.99495,0.49882123,0.061368626,0.11723602
3864,2941,67.71657,0.292261,0.25931358,0.43248427
3864,399,135.02597,0.5310866,0.28752458,0.55550903
3865,5739,1.8898277,0.4099063,0.003014043,0.005881846
3865,1704,29.627813,0.4093681,0.067793295,0.1273387
3866,1269,58.023125,0.44948632,0.11590354,0.22462644
3866,1392,45.730198,0.45268777,0.09935023,0.19197929
3867,5121,25.21566,0.4676395,0.053134646,0.10049181
3867,5121,22.867388,0.46758693,0.04855973,0.092102006
3867,6786,169.10593,0.47035134,0.36573035,0.7059202
3867,3232,61.043602,0.46436954,0.13108914,0.25106275
3868,707,1.42202,0.47825328,0.004647866,0.009293541
3869,3870,2.3477097,0.5128855,0.0037253723,0.00798817
3869,3186,4.2099953,0.519287,0.010911234,0.022473782
3870,2535,6.9833717,0.51584816,0.014017768,0.028041244
3871,2631,9.585247,0.53677607,0.019459642,0.038513154
3871,323,3.2307243,0.5361111,0.008414984,0.01736319
3872,1990,1.6536827,0.49733743,0.003865771,0.008111492
3872,5858,44.88037,0.49823093,0.08831057,0.16954684
3873,2219,92.342224,0.5364021,0.17483723,0.3404857
3873,5167,26.060875,0.5430623,0.05300984,0.102016315
3874,5212,1.2137146,0.46453723,0.004502289,0.0091921985
3875,1447,57.21438,0.4624156,0.11229226,0.21757153
3875,1449,19.64448,0.46723318,0.048688024,0.094271876
3876,5282,10.309387,0.46760717,0.028459787,0.05563023
3876,3877,18.92257,0.45985013,0.03944099,0.07511092
3877,842,139.47652,0.46564656,0.28176147,0.54335904
3877,1454,58.606297,0.47064248,0.11654846,0.22591832
3877,3876,17.394299,0.46077096,0.036454324,0.07055011
3878,3140,24.697527,0.48012275,0.053241767,0.1019432
3879,4997,1.7861481,0.44583836,0.003548652,0.0075588375
3879,3077,6.4753914,0.4566985,0.014331147,0.028271317
3880,6009,4.1629677,0.4560551,0.0077937543,0.015800253
3880,776,1.4928627,0.44330367,0.0028039888,0.006063208
3880,2877,39.51983,0.45912376,0.08662454,0.1662088
3880,2246,110.661125,0.43977576,0.2233518,0.42760083
3881,6573,1.2903862,0.47429293,0.003987588,0.008436665
3881,1088,2.082058,0.48230594,0.0034465492,0.0069168806
3882,3919,76.15401,0.3983673,0.15951127,0.30751714
3883,3131,2.2216644,0.5272169,0.008721255,0.017354026
3884,4004,2.1215744,0.508737,0.005149804,0.010718808
3885,417,44.28682,0.4597673,0.052491393,0.10027683
3885,5276,63.01756,0.46619383,0.13778824,0.26638043
3886,2655,1.9360466,0.42509097,0.0027715117,0.0058371127
3886,78,64.61385,0.42362943,0.22211844,0.42814577
3888,95,19.676695,0.25203162,0.05034598,0.09500881
3888,6100,1.9544029,0.4320974,0.0039148033,0.008509845
3889,5178,2.3758278,0.49882454,0.0016627386,0.0040287524
3889,3080,11.075882,0.499098,0.02478616,0.048475325
3890,5417,1.5605545,0.506387,0.0028126612,0.006163195
3890,3108,28.627745,0.50544834,0.07106479,0.13574909
3891,448,29.324131,0.51321554,0.05393261,0.10440661
3891,366,21.583298,0.52190924,0.05299686,0.10259708
3892,746,2.6413765,0.48093206,0.004136972,0.008405954
3892,4514,65.70265,0.48219296,0.12871371,0.2502906
3892,3893,1.7875214,0.48627418,0.0052411035,0.0101605505
3893,1561,1.0412445,0.47863477,0.006295435,0.012301311
3893,3892,1.4223022,0.4837797,0.005025618,0.010150567
3894,4865,2.507553,0.4679395,0.0032940954,0.0071275234
3894,612,30.932959,0.47132733,0.057516005,0.10864354
3894,5929,33.030766,0.46925592,0.07266375,0.13678747
3895,5326,57.552513,0.40743497,0.1505203,0.28940934
3895,2137,4.739586,0.41536042,0.012000315,0.023266792
3896,306,6.4273796,0.5291152,0.012469299,0.025119781
3896,2924,2.792118,0.53116953,0.0047152713,0.010042414
3896,304,68.61347,0.52608633,0.13168406,0.2559993
3897,3898,10.010944,0.46319252,0.01853548,0.03626786
3897,2969,4.348179,0.45583293,0.0070635006,0.014233559
3898,3897,11.053625,0.4602811,0.02096562,0.04077685
3898,5691,42.505466,0.45691913,0.07233275,0.13574308
3899,4658,1.920063,0.5393676,0.0018197894,0.0040936917
3899,3903,26.203396,0.30934006,0.097232044,0.16210908
3900,3901,1.1489182,0.29050267,0.004944369,0.00774014
3900,3902,2.7905884,0.54652363,0.0032974854,0.007858872
3901,4787,3.091507,0.54136646,0.0056232437,0.012077779
3901,2634,3.46352,0.30627912,0.01061824,0.017278045
3902,2631,0.9241028,0.2848986,0.0040169954,0.0058330446
3903,3943,1.1751595,0.5414744,0.00035738945,0.0015047789
3903,307,22.439735,0.3084695,0.080592975,0.14084789
3904,6228,1.2297974,0.30375665,0.005055912,0.0071760267
3905,4137,595.42645,0.52359974,0.90898204,1.773199
3905,305,7.836376,0.54274404,0.015480407,0.030264765
3906,4212,5.208126,0.53001326,0.010130182,0.020764917
3906,302,76.5921,0.532818,0.14244564,0.27560475
3908,5198,10.7812195,0.37224102,0.023489237,0.04522814
3909,1180,1.24123,0.1499522,0.00092882663,0.0025767982
3909,5590,3.6127548,0.479699,0.008389659,0.018061489
3910,3911,28.743332,0.4700506,0.06653157,0.12763205
3910,3287,62.745956,0.47272304,0.13614985,0.26305777
3911,2389,1.5707932,0.47951004,0.0033357814,0.0071404725
3912,3910,29.340223,0.47151998,0.06915437,0.13067475
3912,3913,10.000507,0.47403756,0.020809963,0.041353524
3913,2216,217.49634,0.47194952,0.43974736,0.8496739
3913,3911,13.837425,0.47383457,0.028729022,0.055805065
3914,5593,29.13934,0.40075216,0.07418538,0.14124414
3914,1786,26.430458,0.4029599,0.064701535,0.12338455
3915,293,1.1258888,0.5383646,0.0017618462,0.003745973
3915,5637,2.807087,0.29620725,0.008419089,0.013237372
3916,2585,72.60278,0.28834778,0.22731179,0.37218568
3917,3710,0.8751221,0.5422813,0.0028270632,0.005666867
3917,3916,21.111456,0.5412164,0.04462594,0.0859057
3918,4229,1.3250275,0.36096856,0.0045645908,0.008912191
3918,3375,40.407013,0.37448928,0.14026025,0.27329803
3919,2479,3.0051842,0.39131457,0.00609196,0.012067959
3919,1991,2.3508797,0.38813686,0.0070802197,0.014311343
3920,7061,2.215992,0.474505,0.002593249,0.005490914
3921,3947,1.2932205,0.5419581,0.0021350756,0.00426133
3921,4383,35.353058,0.2965902,0.124308795,0.2010873
3922,3921,0.31460953,0.28750896,0.0022925064,0.0022452772
3922,5500,92.69797,0.53642416,0.25850686,0.5003545
3923,4781,1.1310501,0.53376037,0.0029823333,0.006262362
3923,6032,48.6706,0.5313331,0.102264434,0.19544049
3924,3925,0.14159775,0.12721351,0.0012540519,0.0025321245
3924,2209,68.98442,0.5248059,0.14726742,0.28711736
3925,3923,1.0963478,0.53476334,0.0024893284,0.005471021
3925,5031,70.366394,0.52564013,0.18640536,0.36332452
3926,7051,1.5031853,0.49729827,0.0024403557,0.0056007653
3926,1998,61.2228,0.49919137,0.095644094,0.18423496
3927,3915,1.1619377,0.28710517,0.0041207895,0.0056933165
3927,3670,1.5095558,0.5440221,0.002784744,0.00586617
3928,6559,1.2045326,0.527009,0.0021014959,0.0043700933
3928,5089,2.420723,0.52917534,0.009779647,0.019977495
3929,6767,1.2040787,0.3663779,0.00180801,0.004958689
3929,4918,1.7484131,0.44434673,0.0021589026,0.0051383823
3929,6769,24.56007,0.04560837,0.09759881,0.20566206
3930,5551,105.268654,0.4337518,0.21092847,0.40631658
3930,6603,51.486588,0.45503885,0.104753286,0.20342296
3931,5553,2.562973,0.44931653,0.004132077,0.008412585
3931,563,30.365187,0.45022506,0.063918956,0.121135354
3932,3542,8.461464,0.046522796,0.033333976,0.065680124
3932,3931,28.549742,0.44924217,0.061896093,0.11717769
3933,3934,1.8058662,0.45150176,0.002500333,0.0053211153
3933,1490,1.9901009,0.4455171,0.003173992,0.006647855
3933,5437,43.667908,0.02241543,0.2159806,0.45435005
3934,3933,1.5547638,0.4549127,0.0021712333,0.0046710074
3934,1378,94.737206,0.44571495,0.19037813,0.36626637
3934,5440,81.66623,0.45196077,0.2309418,0.4449545
3935,3655,1.3031807,0.5038737,0.0015518889,0.0034464598
3935,6489,26.081327,0.49665752,0.055260357,0.10594721
3936,3256,1.3175774,0.49471307,0.0019029453,0.004637331
3936,4455,27.028145,0.49670535,0.058424514,0.1117732
3937,3257,1.6163368,0.49437988,0.0021947175,0.0044790953
3937,4146,56.47795,0.4854548,0.11084089,0.21498793
3938,4638,1.3064919,0.4835707,0.0027435943,0.00583978
3938,156,56.696953,0.4921576,0.11128099,0.21590215
3939,3940,1.7100525,0.47053757,0.0022750571,0.004661441
3939,4580,89.86044,0.46727115,0.20392214,0.391214
3940,3939,1.6896172,0.47114152,0.0021840408,0.0045006275
3940,3941,36.24956,0.47324783,0.080937654,0.1544762
3941,3942,1.5941315,0.47114685,0.0020227283,0.004759997
3941,822,78.80011,0.4700031,0.15792072,0.30406845
3942,3941,1.8476143,0.47530672,0.003194742,0.006830603
3942,3939,36.148407,0.47906104,0.08036599,0.15235601
3943,3903,1.0701752,0.5399927,0.00018778443,0.0011095107
3943,6452,33.537506,0.28865477,0.12422219,0.20261355
3944,1164,1.9705124,0.43884557,0.0029754415,0.0061056763
3944,4877,32.595085,0.43937433,0.100194246,0.19674905
3944,2711,75.3897,0.4340927,0.15107955,0.2915371
3945,511,3.799469,0.54028577,0.010593891,0.021703422
3945,2237,2.4234276,0.53574324,0.0072564185,0.015010446
3946,6206,0.50907516,0.53104615,0.002236776,0.0046892166
3946,2944,64.205376,0.5319052,0.08916667,0.17067674
3947,6280,0.7173271,0.28497624,0.0033772737,0.00415127
3948,5337,1.4555702,0.4740054,0.0028810352,0.0064943284
3948,4056,5.0050354,0.47409886,0.011332251,0.022555023
3949,3211,1.9141083,0.4769611,0.0031198263,0.006415844
3949,5922,1.6439323,0.4767855,0.0031536072,0.006531775
3950,4825,54.0094,0.47688723,0.11852703,0.22898787
3951,2116,1.693821,0.36088902,0.0031753033,0.0063664764
3951,1834,11.555431,0.3656665,0.027775757,0.05316341
3952,446,0.5142288,0.045939535,0.0022941679,0.0039812624
3952,446,1.5088654,0.505471,0.0015312731,0.0026385188
3953,3627,2.0800552,0.12114662,0.0024970472,0.0064194202
3953,268,41.311558,0.23501045,0.11571279,0.22619246
3954,4152,1.9813995,0.46180907,0.0038246885,0.007952973
3954,3475,17.507051,0.46794918,0.038095627,0.07356301
3955,3668,1.5689316,0.47427624,0.0018140227,0.003979072
3955,6241,37.555862,0.48133528,0.09347759,0.18085362
3956,1691,1.4294281,0.52180403,0.0019138604,0.0038268864
3956,3959,1.7869453,0.5219015,0.0021256357,0.004739374
3956,6143,2.496994,0.52336603,0.0045563057,0.009605885
3957,309,1.7395172,0.52405995,0.0023101121,0.0052731633
3957,6509,1.5152473,0.5239845,0.0027993843,0.006185934
3957,4243,68.39712,0.5193278,0.13054237,0.25350916
3958,324,3.9846382,0.5245989,0.0072863847,0.015120387
3958,4064,3.4684982,0.5238619,0.007294655,0.015235767
3959,4622,3.334011,0.52265644,0.005700551,0.0117557645
3959,3956,1.7789307,0.5234867,0.002100855,0.004620999
3959,4623,3.0342445,0.5248009,0.0057239756,0.011814758
3960,3961,1.8386192,0.40564644,0.0023101121,0.0047840774
3960,2114,43.9129,0.41457063,0.110396184,0.21500622
3961,3960,2.0762863,0.4035675,0.002859749,0.0058329552
3961,4317,39.14662,0.39313304,0.102393076,0.19805977
3962,3963,1.0597649,0.53963673,6.6809356e-05,0.00087709725
3962,5775,43.552757,0.31214213,0.15998948,0.25408757
3963,3962,1.1650848,0.5393592,0.00030056387,0.0012765676
3963,5162,39.301884,0.29889476,0.14012037,0.2265922
3964,3272,2.1781044,0.54091454,0.002705969,0.0061058253
3964,4092,16.807192,0.311792,0.052018348,0.09037992
3965,3232,5.210121,0.47239268,0.011325359,0.02283059
3965,5583,2.7014618,0.4749212,0.0061710253,0.012721688
3965,5582,1.8818893,0.47448897,0.003819801,0.0082574785
3966,3967,3.0430489,0.5006621,0.002641894,0.0060361177
3966,4111,53.107033,0.49757394,0.11691107,0.22614038
3967,3966,2.5417366,0.5000778,0.0019707084,0.004584953
3967,5645,9.119873,0.49685916,0.0202941,0.040543273
3968,3971,1.9831696,0.47339132,0.0020943433,0.004225686
3968,4003,21.637049,0.4751982,0.04683975,0.08966965
3969,3970,2.025879,0.47301927,0.0021426901,0.0043001324
3969,4811,22.412209,0.4752604,0.048570726,0.092422046
3970,3969,2.0378532,0.47230124,0.0022570193,0.0046397895
3970,3968,3.4205017,0.4761545,0.0064815506,0.01286301
3971,3968,2.0147896,0.47146934,0.0021732152,0.0044899136
3971,3969,3.668663,0.4760463,0.0070565864,0.013887808
3972,1169,49.811943,0.4819746,0.098197006,0.18991697
3972,1167,75.78979,0.47708407,0.15027803,0.29070842
3973,2414,1.7576332,0.39352828,0.0026052073,0.005339995
3973,1739,31.480072,0.39820296,0.08221635,0.15608831
3974,2823,52.25117,0.52043927,0.10063145,0.19470757
3974,2538,41.383926,0.51976705,0.07937701,0.15269518
3974,2820,81.31411,0.5178911,0.15597814,0.30281147
3975,4194,22.388468,0.12119016,0.061146695,0.11558407
3975,574,138.36151,0.3733557,0.29272574,0.56534326
3976,6504,6.9144936,0.39724797,0.015467256,0.029921785
3977,4505,2.1008224,0.48984495,0.003438875,0.0070961267
3977,874,0.9396553,0.478438,0.005009569,0.0098667
3978,3984,1.8316078,0.28740928,0.0042523667,0.007917225
3978,3979,13.11503,0.28426796,0.030151702,0.057251453
3979,2468,1.7270775,0.27815378,0.004412085,0.008120269
3979,2025,6.13216,0.2853266,0.014035121,0.026274472
3979,2433,41.498302,0.2029905,0.10834107,0.21922353
3980,3163,1.9977455,0.2604402,0.005629018,0.010277003
3980,3452,44.369087,0.2754513,0.10138485,0.1940157
3980,4364,30.10284,0.12405628,0.08103735,0.15745568
3981,2052,2.605484,0.2756729,0.0060685053,0.01142773
3981,5025,28.04889,0.092972875,0.07740976,0.14784889
3982,2045,2.3045235,0.3036623,0.005394757,0.01000005
3982,6124,36.216274,0.12856749,0.10266133,0.2123392
3984,3978,1.7288322,0.28761166,0.004192807,0.007972434
3984,2430,59.51243,0.29926556,0.13200584,0.25642115
3984,2467,46.871986,0.272673,0.11544424,0.23127757
3985,5021,2.2846413,0.44871792,0.003401503,0.006805435
3985,5433,25.729092,0.45877755,0.06594102,0.12621154
3986,5661,1.9251328,0.53390574,0.0017300025,0.0037409961
3987,5811,2.7124634,0.43080354,0.0054405183,0.0107717365
3987,2271,4.352291,0.4333093,0.011745177,0.022824362
3988,3987,2.2351494,0.43158495,0.004793316,0.009924442
3988,3990,2.725338,0.4230881,0.002438061,0.0051015913
3989,5811,2.615921,0.43192798,0.0020288154,0.004967615
3989,3990,3.4314995,0.4269298,0.0077104345,0.015306294
3990,530,1.8898201,0.43020424,0.0043256953,0.008797884
3990,3988,2.666195,0.4272134,0.0023847893,0.005055189
3991,3805,1.6048775,0.42749226,0.0035044253,0.007330239
3991,2165,66.05879,0.41829532,0.23715496,0.45699304
3992,10,2.0283737,0.38008076,0.0029053614,0.0056114495
3992,12,44.095715,0.38061124,0.11554765,0.22456817
3993,3994,2.0354958,0.47118145,0.0021787137,0.004637599
3993,1458,4.9365387,0.46958074,0.012486771,0.025026634
3994,3993,1.9182129,0.4702767,0.0022339523,0.0047147274
3994,2960,36.14866,0.47237462,0.09245704,0.17874673
3995,6311,8.340855,0.480011,0.020289809,0.04010129
3996,5839,2.3441315,0.4770534,0.0032038763,0.006684348
3996,5842,16.90841,0.47400668,0.035520162,0.06915097
3997,3998,2.062683,0.4774682,0.0024222136,0.004962191
3997,3995,19.398947,0.47305137,0.04146771,0.07946621
3998,3997,2.1278877,0.47571272,0.002701357,0.0055362135
3998,3999,2.0929337,0.47682512,0.0026154816,0.005274564
3998,3995,17.125874,0.47884494,0.03980503,0.076631345
3999,3998,2.1162605,0.47812334,0.0026662275,0.005439356
3999,5843,1.7027359,0.47897154,0.005595535,0.01163207
4000,526,50.02598,0.35262355,0.11338345,0.21905936
4000,2021,32.581177,0.33620504,0.07745128,0.14602232
4000,2049,45.277733,0.33888024,0.098271616,0.18727425
4001,1714,19.924923,0.43015647,0.05645732,0.11157805
4001,5906,26.660091,0.4272512,0.05728233,0.10883326
4002,4163,27.460262,0.41554052,0.06113296,0.11519483
4003,1815,4.445751,0.47574747,0.008518517,0.017077401
4003,3971,21.103817,0.47702673,0.045586154,0.087464795
4004,3884,1.6180229,0.5126951,0.004201889,0.008670375
4004,6073,23.953644,0.51191217,0.056109045,0.10872521
4005,4006,1.3985672,0.495145,0.0025451034,0.0053317696
4005,3576,5.024273,0.4861486,0.010211386,0.020915315
4006,4648,1.6860123,0.49624205,0.0024712458,0.00521335
4006,2757,2.0909805,0.49656808,0.0032994747,0.0068715364
4007,4011,1.57967,0.479021,0.0015581995,0.0034372061
4008,4010,1.7555656,0.49496245,0.0025241151,0.0056782216
4009,3812,1.4099197,0.49684033,0.0019842535,0.0037000626
4009,4117,26.132877,0.49620175,0.06407453,0.122111484
4010,4119,12.098742,0.50078046,0.025720857,0.05034958
4010,4012,1.3211403,0.49641415,0.0019710436,0.004374042
4011,2756,46.496887,0.49439728,0.09224763,0.17725849
4011,4008,1.532299,0.4818898,0.002898179,0.0063488036
4012,2760,1.5685043,0.49825087,0.001959607,0.004204154
4013,4014,2.5873566,0.47103631,0.0020099357,0.0043234527
4013,4055,25.297823,0.4717554,0.057439197,0.1097718
4014,4013,2.6283226,0.46823445,0.0021174997,0.0045268387
4014,3212,80.61836,0.47096485,0.18097863,0.3470095
4015,5779,17.400763,0.49153942,0.048902262,0.09628065
4015,5779,26.644783,0.46826115,0.055702314,0.10560451
4016,4017,25.80571,0.48787913,0.05374725,0.10245266
4016,4017,17.60244,0.49004725,0.048089296,0.093768924
4017,5876,0.66430664,0.121849775,0.0031754822,0.006803617
4018,2440,1.0971947,0.47995573,0.004217282,0.008559823
4018,6007,64.952614,0.4737677,0.12701257,0.24752058
4019,3927,1.5579338,0.54004776,0.0024654865,0.005261019
4019,295,43.962566,0.30628443,0.1586737,0.2528591
4020,4021,2.146965,0.3798689,0.002485238,0.004970327
4020,1894,22.219221,0.3828177,0.049264703,0.09402701
4021,4020,2.1165276,0.37923136,0.0024136603,0.004834816
4021,1785,4.2711716,0.3777761,0.009103067,0.017540425
4022,1938,19.525501,0.46249086,0.041911095,0.08063792
4022,3337,77.41981,0.45668373,0.15680343,0.2998588
4022,1940,22.674051,0.4641315,0.048545104,0.09213288
4023,6531,24.762506,0.46329308,0.07103561,0.1371657
4023,6195,24.559395,0.46528158,0.07265695,0.14077817
4024,3324,1.3899727,0.4928318,0.0016733855,0.0038939714
4024,6790,1.8148499,0.5032717,0.0029001608,0.005855605
4025,4026,2.7741432,0.49473423,0.0023026764,0.0053762794
4025,4654,19.899157,0.4947834,0.04503646,0.08702046
4026,4025,2.9593697,0.4933079,0.0026979223,0.006197408
4026,5041,20.406502,0.49461815,0.046337023,0.08924126
4027,4028,18.802063,0.48906487,0.051360153,0.100446306
4027,4028,26.08902,0.48304993,0.054959185,0.10450642
4028,4499,1.2734299,0.4854886,0.0058658794,0.011570796
4028,5874,29.582838,0.4893442,0.08590557,0.16568378
4029,2247,51.294373,0.43617812,0.08140735,0.15526278
4030,4766,106.20404,0.50115246,0.20778212,0.40175915
4030,4766,1.0256157,0.5013379,0.0032283664,0.0072752535
4031,3325,1.4254837,0.5169889,0.002691418,0.0059726834
4031,3764,28.76166,0.5149924,0.06277688,0.12034317
4032,4033,2.732994,0.3882718,0.002741605,0.005642578
4032,524,24.77007,0.39242536,0.057529908,0.10882624
4033,4032,2.7688828,0.38740218,0.002684012,0.005484104
4033,6482,20.174978,0.385624,0.046968333,0.089029916
4034,3935,1.3191948,0.50836736,0.0021921918,0.0052809715
4034,153,37.47199,0.5084571,0.07634216,0.14421938
4035,4036,2.753212,0.46230727,0.0023521483,0.0050679147
4035,3189,44.106026,0.47092,0.09688215,0.18790005
4036,4035,3.058384,0.46383548,0.0028683469,0.006060168
4036,3205,240.45885,0.45342147,0.5463493,1.057745
4037,764,2.0257149,0.4809242,0.0030270517,0.006368473
4037,3008,59.629047,0.10235521,0.15224722,0.30996472
4038,3696,1.84832,0.2742688,0.0038116649,0.007277459
4038,7059,34.104057,0.28276902,0.09473669,0.18175945
4039,2024,21.080605,0.33692342,0.04784042,0.08990163
4039,2034,94.93158,0.32137358,0.20995939,0.40639424
4039,2028,25.716965,0.34260058,0.05832445,0.109276116
4040,4230,68.3581,0.48949224,0.15505753,0.30053717
4040,752,1.2022972,0.4951191,0.002287522,0.005139515
4041,523,16.016687,0.373859,0.035094388,0.06757683
4041,5754,2.7448883,0.37171143,0.00680656,0.013171136
4042,4043,2.0709267,0.49957797,0.0023076162,0.0049726665
4042,5651,81.50097,0.50724053,0.09305917,0.17987758
4043,4042,1.8624115,0.49740246,0.0018461645,0.0042032152
4043,4103,5.3655014,0.5016575,0.007716432,0.015497848
4044,5115,1.8369255,0.4553867,0.0029855147,0.005927056
4044,3203,10.305971,0.45440352,0.021636099,0.042490035
4045,4089,1.0090714,0.43735862,0.0046900585,0.009856701
4045,6004,30.019558,0.43433616,0.09002181,0.17420575
4046,2917,1.4941292,0.49810266,0.0018588156,0.0040135384
4046,1867,26.241192,0.49290013,0.058875043,0.11234877
4047,4048,0.487751,0.25980264,0.0020985827,0.004449278
4048,4049,1.6463089,0.48431385,0.0031971484,0.0066027045
4048,3010,28.234373,0.4724034,0.07018079,0.13623701
4049,814,1.6841965,0.38968033,0.001119718,0.002568692
4049,3848,30.741451,0.48561907,0.06829534,0.12963867
4050,3425,3.58144,0.4271055,0.008105278,0.01611729
4050,3424,15.519663,0.4426437,0.023733161,0.046627387
4051,1927,5.709358,0.44365913,0.006446421,0.012600303
4051,5398,4.115219,0.43869716,0.008718863,0.016959995
4052,4723,0.79535294,0.53427523,0.002624333,0.0051410943
4052,1736,40.624622,0.5358521,0.08384045,0.16083944
4053,4054,1.3955727,0.53805137,0.0047896877,0.008997947
4053,6304,26.055435,0.032164514,0.11784665,0.25173283
4054,4053,1.0514641,0.537094,0.0031723157,0.0062184185
4054,878,41.184677,0.00014382601,0.14726281,0.30772334
4054,2150,38.899284,0.07430935,0.12685485,0.25737703
4055,4056,2.5061073,0.46766943,0.0017186552,0.0039348304
4055,5337,6.126972,0.47353292,0.013571084,0.026706472
4056,4055,2.4529343,0.46962762,0.0016631857,0.003841281
4056,4014,25.410307,0.47367623,0.0572065,0.10900906
4057,4205,1.6867256,0.5340053,0.004397273,0.008874103
4057,6166,31.184093,0.044178814,0.15442787,0.32649168
4058,80,79.23146,0.42166954,0.2769508,0.5336678
4058,2472,80.64368,0.4121081,0.16801338,0.3189639
4059,2324,1.8213844,0.4250698,0.0028435662,0.005848378
4059,2207,22.566936,0.4248299,0.04912976,0.093157254
4059,4139,31.573435,0.42881268,0.06706255,0.12619068
4060,1570,10.3444805,0.45768452,0.021728322,0.042493746
4060,4181,55.892284,0.45938447,0.1100539,0.21312001
4061,5097,12.694353,0.4705919,0.02748806,0.053527668
4061,615,10.382803,0.46556234,0.022364326,0.043555886
4061,3032,2.8209114,0.46849108,0.005427614,0.01131852
4062,4772,1.878933,0.41731966,0.0032403544,0.0066292733
4062,4761,3.5784035,0.41549638,0.005758263,0.01153712
4063,1781,80.12727,0.39475644,0.1694023,0.32193726
4063,6302,19.92376,0.4118777,0.043481488,0.08273592
4064,3957,58.23019,0.51707435,0.12279215,0.23713346
4064,4243,1.7898369,0.5222627,0.0027031973,0.006284952
4065,5209,2.0109863,0.4927576,0.0033457428,0.0069281757
4065,5042,1.5770378,0.49253884,0.0035077557,0.007928714
4065,286,12.388199,0.49673086,0.030093264,0.059244864
4066,54,1.521946,0.49269682,0.003946051,0.008185804
4066,55,2.368454,0.4937466,0.004832536,0.0097346455
4067,4496,178.07214,0.4760495,0.35846707,0.69131124
4068,5703,1.7790565,0.4714215,0.002559632,0.0059709847
4068,2267,65.10013,0.47407484,0.13035491,0.25268924
4068,5885,29.402899,0.07974386,0.08961168,0.18256955
4069,2435,35.51573,0.47815615,0.11273411,0.22165944
4070,7014,1.190548,0.42752504,0.004142344,0.008423731
4070,2996,42.685448,0.44198626,0.08639238,0.16443394
4071,4072,1.3320045,0.44354665,0.0044518113,0.00879775
4071,7014,18.367388,0.44368494,0.050458673,0.10020957
4072,4071,1.3082542,0.43625346,0.004294932,0.0087944865
4072,4070,25.42581,0.4428537,0.054837145,0.10372802
4073,1,2.507389,0.49934635,0.0022105873,0.004745811
4073,6425,56.16488,0.49639165,0.12432422,0.24275762
4074,4075,1.7453613,0.5322729,0.0011768863,0.0032456368
4074,2583,15.162275,0.029042184,0.06711071,0.1377418
4075,4074,1.8148918,0.5314517,0.001047127,0.002679035
4075,5169,34.848557,0.07208443,0.17209998,0.3607446
4076,5173,7.561901,0.50034684,0.018616624,0.03719285
4077,5607,2.5112839,0.4950591,0.0019624382,0.0046682656
4077,6799,41.594658,0.49828798,0.089703515,0.17331314
4078,4079,2.5116882,0.49361292,0.0019150525,0.0044021904
4078,2056,14.451473,0.4945911,0.032176137,0.062738165
4079,4078,2.5523262,0.4892751,0.002028115,0.0044868737
4079,192,25.188107,0.49545452,0.057762843,0.110482946
4080,1196,1.7051392,0.4864987,0.0018687099,0.0044192523
4080,4298,42.328094,0.48713186,0.08511596,0.16305853
4081,1364,1.4630661,0.4835646,0.001976326,0.003998935
4081,4385,49.852856,0.48214206,0.13036485,0.25322902
4082,4083,2.7715683,0.5124802,0.0021149367,0.0049760044
4082,1413,6.6305046,0.514904,0.014752626,0.029487029
4083,4082,2.5420074,0.51380074,0.0019133389,0.0044036508
4083,3841,39.018562,0.5075095,0.08261103,0.15674299
4084,1521,2.1292953,0.48497257,0.0024657547,0.0055339336
4084,995,48.431816,0.48784232,0.11865731,0.23144129
4085,4086,3.120678,0.47378156,0.0029599145,0.0066791624
4085,6847,24.003592,0.48468795,0.054787442,0.106673606
4086,3457,5.8143578,0.484424,0.012561746,0.025338352
4086,4085,2.9307785,0.47702596,0.0026034936,0.0060245246
4087,4088,2.7684402,0.47423956,0.002516605,0.0055627823
4087,2987,15.902651,0.48243257,0.035016157,0.06803228
4088,4087,2.9736671,0.4755533,0.0028210655,0.006149307
4088,5003,32.044125,0.48105448,0.071720056,0.13506933
4089,6005,52.66601,0.42882597,0.08228138,0.15662195
4090,2801,2.0408173,0.49018052,0.0031674951,0.007120043
4090,2598,148.93988,0.48764607,0.2958686,0.57268107
4090,1777,22.34557,0.48631582,0.048513133,0.092692815
4091,4092,1.5516167,0.54539025,0.0011762679,0.0028448105
4091,3272,17.683521,0.31022125,0.053639136,0.094150536
4092,657,10.794622,0.2903149,0.029813197,0.05185622
4092,4091,1.40065,0.5432677,0.00075841695,0.0021813363
4093,4094,1.7843323,0.4954139,0.0020066947,0.004446611
4093,6338,61.78299,0.49451712,0.16417077,0.31742674
4094,4093,1.662796,0.4982031,0.0017212629,0.0039918274
4094,3811,18.51875,0.4979383,0.0442135,0.08546068
4095,6076,1.1296272,0.2890972,0.0043358654,0.0059528053
4095,1738,4.474037,0.5382172,0.007705927,0.01618202
4096,4097,3.403965,0.41281846,0.004910797,0.0097056925
4096,1710,62.962357,0.41637003,0.12978409,0.2520977
4097,6471,11.499308,0.42020684,0.02415663,0.047367156
4098,6471,1.4322548,0.4194283,0.005035922,0.010108143
4098,4099,8.456886,0.41205907,0.017257713,0.033586413
4099,4096,3.295704,0.4121337,0.0062765256,0.012476325
4100,6575,42.000656,0.45483178,0.082996406,0.15967846
4101,3273,16.006435,0.47106212,0.034748524,0.0672275
4101,3833,39.678246,0.46922335,0.08496784,0.16255718
4102,4101,16.75324,0.4700868,0.03629139,0.07014478
4103,4104,1.9782372,0.49951965,0.0018390194,0.0042034984
4103,3451,7.326313,0.50493145,0.011572607,0.023173034
4104,4103,2.1093292,0.49931103,0.002198778,0.0049071014
4104,4042,5.47908,0.5051721,0.007880002,0.015869424
4105,4586,0.4079666,0.4149838,0.0047545135,0.009251863
4105,4106,31.996742,0.44709983,0.09678251,0.18967414
4106,4275,28.056736,0.45860162,0.0846216,0.16197944
4107,3483,1.7136688,0.44988507,0.0025777668,0.005442634
4107,4071,21.891178,0.44693422,0.062189974,0.122335315
4108,5648,2.1266708,0.49711704,0.0029871613,0.006319806
4108,1731,23.415373,0.13343802,0.07491022,0.14928909
4109,5144,30.432442,0.51128703,0.062989354,0.11947252
4109,265,63.683678,0.4999459,0.124564916,0.24178886
4110,4108,18.121557,0.5088392,0.0378445,0.07383681
4110,4113,57.43858,0.502326,0.112941444,0.21939614
4111,6544,1.5388336,0.50350326,0.0021796674,0.0045111626
4111,3412,13.8323555,0.4994561,0.030264728,0.05892492
4112,7034,70.91217,0.5003827,0.1370733,0.26644486
4112,3413,14.745913,0.50201994,0.030561704,0.05979503
4113,4110,56.879417,0.500925,0.112013385,0.2176963
4113,2004,5.131008,0.5014771,0.010103717,0.019997299
4114,4115,1.366375,0.4540078,0.0021456555,0.0048513263
4114,5354,28.48397,0.5053372,0.061107934,0.11573046
4115,2004,1.3973846,0.49743018,0.0018479154,0.0037142187
4115,4113,5.209976,0.50274545,0.010426782,0.020744517
4116,3917,2.7421455,0.55430156,0.0038084015,0.007928684
4116,2466,52.85414,0.54168874,0.13066024,0.25303683
4117,4118,1.6793137,0.49994898,0.001817517,0.004092902
4117,4801,47.05959,0.4938867,0.11945825,0.23175317
4118,4117,1.5928688,0.49961436,0.0016316697,0.003851816
4118,3812,27.216995,0.49684316,0.0669873,0.12811565
4119,4120,2.007534,0.49603218,0.0022041649,0.004509017
4119,4009,36.565903,0.49708325,0.07322124,0.13893074
4120,4119,1.9292297,0.49515498,0.0021373406,0.004571289
4120,4012,11.750521,0.4963288,0.024413407,0.04781781
4121,3084,6.1102867,0.3379931,0.018794835,0.036272928
4122,4123,1.4088173,0.52596915,0.0015176535,0.0034565479
4122,3387,30.53823,0.521019,0.06073627,0.11717901
4123,4122,1.4518051,0.525002,0.0015399903,0.0033490658
4123,4372,17.114752,0.5226652,0.03550508,0.06905757
4124,751,2.1101036,0.47105008,0.0071501955,0.013105944
4125,732,47.766754,0.4736289,0.16163744,0.31299168
4125,4124,21.764692,0.021767467,0.08082634,0.16327347
4126,1099,26.037697,0.0019161701,0.098696806,0.21415603
4126,4125,22.641512,0.0,0.067678764,0.13860728
4127,4128,1.8285828,0.47807926,0.0069103166,0.014146969
4127,802,32.20201,0.4741523,0.10017194,0.19665825
4128,330,26.672783,0.47982416,0.08047834,0.1561565
4128,6950,57.7078,0.4791384,0.14305419,0.2785907
4129,3138,1.3396187,0.47836757,0.0045737997,0.009563521
4129,4127,0.59101105,0.47075164,0.00497631,0.009788632
4130,2887,1.253376,0.47757965,0.0039067715,0.00791055
4130,6174,52.65634,0.48184282,0.10702443,0.20742995
4131,4130,2.886303,0.47773987,0.005281724,0.010639802
4131,749,1.2128754,0.4775263,0.003812641,0.007764414
4132,4662,1.4338493,0.5352931,0.002287984,0.0056351125
4132,7023,29.179293,0.53126556,0.06275914,0.12028184
4132,2063,141.78299,0.52460283,0.2978238,0.5770457
4133,3835,1.9739418,0.4905636,0.0035104752,0.0071501285
4133,873,18.688066,0.49080527,0.05191046,0.10166624
4134,7069,106.87803,0.5217817,0.21946257,0.4255312
4134,3405,18.53692,0.5245265,0.03950054,0.076441824
4134,2220,101.26158,0.52299815,0.19534567,0.3788333
4135,7013,2.4547157,0.47923428,0.007502474,0.015708193
4135,6949,21.271303,0.03197971,0.08315215,0.16849649
4136,1285,1.6035309,0.47337535,0.0020516142,0.004382208
4136,3667,124.64544,0.4748457,0.25002155,0.4822343
4136,3955,45.950356,0.4768441,0.121271536,0.23520845
4137,306,2.2137985,0.53234303,0.0032806024,0.007463962
4137,3905,598.6821,0.52679056,0.91378194,1.7830545
4138,577,0.8379631,0.296242,0.0023186058,0.004294589
4138,4155,2.0234146,0.41874406,0.0036312118,0.007763833
4138,2206,35.31974,0.4258697,0.07962023,0.1522397
4139,6299,1.8638573,0.43065852,0.0026819631,0.0053800493
4139,2204,31.102737,0.42701066,0.06514983,0.123250954
4139,4138,30.314375,0.43748888,0.06533076,0.12227361
4140,4124,29.706299,0.46418685,0.08569856,0.16424613
4141,1100,6.2509995,0.14297557,0.018903166,0.037466854
4141,4140,3.2647629,0.48001692,0.009383239,0.019489184
4142,5464,309.98474,0.4986497,0.2670409,0.52325654
4142,3344,78.284195,0.52192557,0.0784681,0.14670327
4142,3344,57.78005,0.5213523,0.08443671,0.15999155
4143,6907,2.4547844,0.48065045,0.0048824996,0.009509623
4143,3938,49.860825,0.4878614,0.111786574,0.21834548
4144,4146,1.7490463,0.47908467,0.003548354,0.0073328167
4144,3257,55.3155,0.4897278,0.110359155,0.21392103
4145,6911,2.17268,0.4810315,0.0040188953,0.007910833
4145,3327,40.121292,0.47129676,0.058411766,0.11002762
4146,4143,1.1007462,0.045350313,0.0014373884,0.0028193146
4147,1999,47.723003,0.38518193,0.098141715,0.1880984
4147,4148,1.11232,0.40556896,0.004550405,0.0089054555
4148,4147,1.3613014,0.40118793,0.004608467,0.009203494
4148,767,117.35107,0.30414546,0.44064897,0.85148776
4149,6825,31.001938,0.4764624,0.06486065,0.12313105
4150,4151,1.9706993,0.48661503,0.002191268,0.004466161
4150,4297,23.081417,0.48861516,0.05009524,0.09544636
4151,4150,1.9555244,0.48728442,0.00219509,0.0045514256
4151,6671,12.631298,0.49242967,0.026591815,0.051941827
4152,3954,1.8915749,0.45966998,0.0035875589,0.0074735135
4152,6387,7.305069,0.46659952,0.01599969,0.03162065
4153,1370,31.63858,0.45258015,0.084029414,0.16186598
4153,5994,50.383617,0.452205,0.111775056,0.21729329
4154,630,2.0443077,0.4331541,0.003943868,0.0077807456
4155,582,1.493454,0.40199348,0.0034179986,0.007018894
4155,7093,23.706945,0.4363198,0.051991433,0.0988812
4155,6156,46.747375,0.42300743,0.10634354,0.20553249
4156,4362,79.39726,0.17458656,0.19476086,0.39042193
4156,5777,21.24982,0.1895085,0.050781824,0.09435315
4157,1520,112.693,0.2605378,0.26040426,0.5054696
4157,687,110.562645,0.2582844,0.2548613,0.4954136
4157,4362,29.998299,0.17240518,0.07389364,0.13900529
4158,5045,72.47934,0.31114423,0.19858181,0.38619834
4159,3674,21.567875,0.36890465,0.062161826,0.12208173
4159,5183,4.569084,0.3699059,0.009596534,0.019109711
4160,4161,16.803705,0.32662302,0.04787082,0.0932017
4160,4161,23.879475,0.33001998,0.05487771,0.10438875
4161,5380,34.402084,0.34492338,0.09456619,0.18263322
4162,4563,1.3738632,0.5367473,0.0026511177,0.005883962
4162,5460,85.87914,0.53457576,0.18708088,0.36142394
4163,2224,2.402546,0.41272935,0.004239194,0.008612946
4163,4164,16.786524,0.4119859,0.03652886,0.070558764
4164,5016,6.8159676,0.40819252,0.0140103325,0.027317256
4164,1278,21.869057,0.412991,0.04768762,0.09042441
4165,5357,2.452549,0.47784725,0.0040002614,0.008182034
4165,3224,94.70412,0.47172105,0.19031507,0.36670658
4165,6826,2.6010513,0.47655016,0.0043669045,0.008997723
4166,6930,16.695328,0.5421738,0.034760803,0.06782372
4166,4170,1.4855804,0.5371818,0.0024328008,0.005320728
4167,4182,15.922533,0.5473532,0.033659462,0.06574468
4167,5669,1.6713867,0.54551953,0.0028351024,0.00641945
4168,4174,2.0852547,0.53932166,0.0020478964,0.004799649
4168,4174,8.338627,0.5373096,0.016487688,0.033010706
4169,4168,15.423536,0.5398825,0.032157484,0.063009195
4169,4175,1.7258186,0.54080343,0.0028152987,0.006178528
4170,6132,4.0067444,0.54317456,0.0072434917,0.01524663
4171,4176,1.5373878,0.54266393,0.002279058,0.005039364
4171,6936,24.917494,0.5389924,0.051252577,0.09858949
4172,4182,1.683754,0.5472162,0.0015445873,0.0036876202
4172,5669,15.757317,0.5441029,0.03283362,0.06406063
4173,4177,0.8764076,0.30234826,0.0034844354,0.0042708665
4173,4172,3.155239,0.5497697,0.00531999,0.011515871
4173,4796,54.266823,0.31441325,0.1887807,0.30356896
4174,4175,14.733385,0.5389062,0.030547097,0.059922658
4175,4166,1.9292717,0.53768134,0.002885528,0.006280035
4176,4167,1.2961273,0.5419897,0.0015042946,0.0031944811
4177,4173,0.77893066,0.29299343,0.003195919,0.0039046258
4177,5366,15.367779,0.3084165,0.043821126,0.07582093
4178,5136,79.16253,0.47356334,0.15467554,0.2995856
4178,6826,342.46954,0.45756283,0.6961779,1.3538352
4178,5683,83.94006,0.47406358,0.16458815,0.31794342
4179,1661,20.281734,0.52344525,0.04416701,0.0848896
4179,1660,14.760569,0.5246417,0.03219387,0.06291768
4179,2139,134.68112,0.5204037,0.2614996,0.5062391
4180,2835,50.504078,0.44957587,0.13166127,0.25554383
4180,2591,41.802277,0.4465827,0.08357376,0.16117454
4181,3063,19.856586,0.45951587,0.04242155,0.08150439
4181,4060,57.761276,0.46170175,0.1139448,0.21994743
4182,4177,4.7139664,0.5483768,0.008778773,0.017898738
4182,4172,1.8709793,0.5472874,0.0017105639,0.0043378174
4183,342,33.70429,0.49903378,0.068258084,0.12815408
4183,2105,61.300518,0.49498388,0.11823326,0.22919068
4184,1723,1.8866615,0.5105873,0.0025939718,0.0057100356
4184,4185,62.059715,0.5020485,0.118435524,0.22907439
4184,4575,14.192503,0.5116225,0.029430434,0.057401203
4185,1193,64.913925,0.5067067,0.124982744,0.24187256
4185,4184,63.241783,0.5032344,0.119808555,0.23172395
4186,4995,2.7853699,0.449807,0.0026360527,0.005669445
4186,4994,44.72059,0.45492873,0.09899997,0.1900158
4187,326,8.906044,0.52495205,0.015627153,0.031190649
4187,2152,82.74332,0.5225571,0.16715387,0.3248413
4188,3250,73.839966,0.46817693,0.14577049,0.28120437
4189,5904,29.014711,0.43137005,0.061904155,0.11838749
4190,6513,23.5222,0.5290925,0.046632648,0.087969795
4191,4325,10.8155365,0.5264781,0.02247326,0.04411
4191,4791,1.8678322,0.53044015,0.0017467812,0.0040183067
4192,4193,1.4825592,0.5275732,0.00077266246,0.0021651238
4193,4192,2.0074043,0.52660763,0.0019400045,0.004472539
4193,4792,25.528519,0.52934206,0.05255605,0.1008358
4194,4195,2.1722832,0.37094873,0.004685715,0.009374306
4195,4194,1.8950653,0.37688506,0.0045015886,0.008864239
4195,5069,27.339058,0.09304485,0.07743958,0.14795893
4195,2051,57.82435,0.37965596,0.13248268,0.26182568
4196,587,17.504206,0.48022535,0.04178773,0.08061466
4197,133,50.919804,0.46220267,0.16721731,0.32297277
4198,1531,1.5863914,0.47598624,0.0025254712,0.005872458
4198,2576,21.014275,0.037569642,0.08561964,0.1727056
4199,5108,0.0688591,0.47308892,0.0,0.00075896084
4199,5622,0.16302109,0.024815708,0.0,0.0
4200,5351,2.6258354,0.4759568,0.0044754297,0.009308964
4200,1822,1.6285248,0.47425538,0.002371259,0.005128458
4200,5580,8.470997,0.47958368,0.01806143,0.035720885
4201,5968,1.0983467,0.04786262,0.005233161,0.010152772
4202,4203,1.2810097,0.4816356,0.0040134713,0.00794965
4202,708,19.203632,0.47696596,0.04119336,0.07931559
4203,4202,1.1731834,0.48145577,0.003907636,0.0079167485
4203,3220,26.402866,0.48119467,0.07743234,0.1489638
4204,5185,2.0353813,0.5055026,0.005535096,0.011498764
4204,5579,29.631016,0.4927064,0.054112192,0.10360263
4205,4057,1.8498421,0.5360204,0.0048119724,0.009779513
4205,4292,23.616364,0.038423985,0.1360068,0.28933358
4206,2582,1.868988,0.44739467,0.0027506277,0.0057199746
4206,3786,108.03788,0.4514365,0.24477157,0.47061342
4207,1414,1.5509262,0.51582986,0.0018542781,0.0039484054
4207,3862,70.08695,0.507881,0.1333252,0.2590029
4207,6050,28.428345,0.5155273,0.057753574,0.11003902
4208,6050,4.3737755,0.5193467,0.00800392,0.016491026
4208,4466,1.8967628,0.5161284,0.0026373267,0.0057162046
4208,6141,1.812645,0.5162207,0.0029374585,0.0059531927
4209,4634,3.0473747,0.5353481,0.0059067905,0.011886165
4209,6168,22.327879,0.53624374,0.04856612,0.09367702
4210,4633,9.936615,0.53533536,0.0228061,0.045364663
4210,495,28.087673,0.53298765,0.06559377,0.12611559
4211,3906,5.335457,0.53087705,0.010762803,0.02134107
4211,4212,1.6179466,0.53390384,0.002363272,0.0050723404
4212,2964,1.704876,0.53535146,0.0023773238,0.004976213
4213,4214,1.4308815,0.26360574,0.002066575,0.00412488
4214,319,2.2101097,0.53343445,0.0030587316,0.006945044
4214,4215,0.91793823,0.5255279,0.001562193,0.003932014
4215,4211,1.6006432,0.53611237,0.0021573305,0.004551068
4216,4217,1.7920036,0.45583716,0.0024313554,0.005044356
4216,4218,27.110506,0.45734483,0.058945317,0.111583605
4217,4216,1.8686371,0.45594802,0.0025501922,0.0052532554
4217,4044,45.07042,0.45962414,0.09051514,0.17298704
4218,4219,1.8908424,0.45510474,0.0026018545,0.005224794
4218,4711,75.8929,0.4542131,0.15193051,0.29371166
4219,4218,1.7966614,0.45310652,0.0024699941,0.0051633418
4219,4217,27.10101,0.46006837,0.059037723,0.11165991
4220,6913,0.20925522,0.046720475,0.003180556,0.005684018
4221,4222,14.335979,0.25822333,0.031209134,0.058959976
4221,5473,7.7140007,0.2590433,0.019733407,0.037250012
4222,4668,21.866308,0.26338965,0.052840456,0.09924867
4223,3011,7.9642487,0.48991847,0.019286714,0.038354933
4224,5462,1.0191536,0.52864474,0.0017193258,0.0042279065
4224,500,20.603258,0.5354093,0.045725,0.08805855
4225,5460,2.4759102,0.5361447,0.0013646558,0.0038858056
4225,4563,87.29922,0.5328704,0.18479301,0.3572765
4226,244,2.552887,0.44332954,0.0033358857,0.0068365335
4226,5453,30.842686,0.44476634,0.070738785,0.13368298
4226,1792,65.04922,0.43450516,0.10172602,0.19699365
4227,4226,5.549259,0.44465545,0.012284219,0.024162114
4228,4798,14.805597,0.50661904,0.030730296,0.059960715
4228,4629,53.62584,0.50690275,0.104009956,0.20189008
4228,4758,43.57823,0.51385486,0.06910518,0.13034825
4229,3918,1.307003,0.37335896,0.004481733,0.008873314
4229,5241,62.121887,0.37805605,0.18219477,0.35229954
4230,1375,82.16576,0.48267302,0.17990622,0.3465954
4230,752,72.52402,0.48743597,0.16032574,0.30915475
4231,6037,13.98686,0.027420849,0.08106737,0.17331837
4231,2149,1.4169617,0.5271813,0.0016427189,0.0043200254
4232,6393,52.657364,0.48581612,0.07710302,0.14619282
4233,4232,1.2135391,0.48492745,0.004577458,0.00960651
4233,3487,156.30917,0.044618696,1.254389,2.5666966
4234,7017,19.06769,0.479382,0.040745355,0.07901438
4234,4235,16.291487,0.48114085,0.034342397,0.06702164
4235,3831,3.2356186,0.4782217,0.004910916,0.009824008
4235,856,29.110153,0.47972167,0.061203025,0.116976276
4236,705,24.928423,0.50110984,0.055182476,0.10530779
4236,4239,30.445553,0.4995918,0.06836986,0.13101512
4237,917,1.7195244,0.44669142,0.0028948188,0.006289229
4237,911,19.171734,0.03294936,0.077632986,0.15728492
4238,5642,1.2120895,0.4977498,0.00345359,0.0076430887
4239,4238,1.3654747,0.49792725,0.0032095686,0.006476909
4239,4990,28.910004,0.4949232,0.07287062,0.13880822
4240,6408,1.759613,0.48264733,0.0032920241,0.0063236654
4240,2573,1.4829025,0.47911635,0.003585063,0.007689208
4241,3586,6.1549873,0.45927352,0.012412749,0.024346665
4241,565,9.802414,0.45955604,0.02009175,0.039574146
4242,1443,6.7360954,0.4564897,0.013579898,0.027091071
4242,4241,3.2769012,0.46039176,0.006142229,0.012513056
4243,324,2.303074,0.52433133,0.0037541315,0.008197278
4243,3957,68.76586,0.51842797,0.12920955,0.25092992
4243,4064,1.8014259,0.5220796,0.0025426522,0.0056896657
4244,3259,0.9817772,0.40536928,0.0041468814,0.00842762
4244,5872,55.784153,0.39969996,0.1580455,0.30853614
4245,996,1.0621452,0.48725906,0.0038835704,0.008693501
4245,4246,2.6548119,0.48764133,0.0072752014,0.01520738
4246,1862,3.7326164,0.49029505,0.0061202943,0.012097776
4246,6340,90.82424,0.49105233,0.08881898,0.17149012
4247,4248,2.2393188,0.40035918,0.0029901266,0.006061569
4247,6796,15.115379,0.40618908,0.033276424,0.063956365
4248,4247,2.182953,0.40334776,0.0029291138,0.005956739
4248,6380,14.0627575,0.40124553,0.03320122,0.06437273
4249,688,1.5949554,0.2574726,0.0040657893,0.0074180663
4249,5942,54.236267,0.25607067,0.13379015,0.26214206
4250,4255,44.977848,0.5121352,0.051451836,0.09876045
4250,4252,36.455948,0.51102155,0.09630435,0.18683784
4251,3860,1.6183739,0.51232123,0.0033796132,0.00783582
4251,4252,46.46465,0.51212704,0.056261085,0.106954955
4252,2804,17.920538,0.5103986,0.04396503,0.085526444
4253,3860,24.383934,0.5073628,0.055659898,0.106648244
4253,4254,34.24671,0.503232,0.09713352,0.18809493
4254,4465,39.64766,0.5111788,0.11782044,0.22939594
4255,4251,2.813137,0.50026506,0.000110693276,0.0012375414
4255,2100,16.393415,0.5113555,0.034720972,0.06756599
4256,102,3.0875473,0.44578204,0.005558729,0.011267677
4256,2359,3.5304527,0.44770944,0.0072983727,0.014397845
4257,1466,1.8165665,0.4405669,0.002552539,0.005251646
4257,4258,47.385944,0.43683156,0.10505703,0.20243472
4258,91,2.0016632,0.43453902,0.003190279,0.0064258277
4258,1716,56.924538,0.4345629,0.12857291,0.24939813
4259,271,1.8833885,0.3479809,0.0034983382,0.0068252683
4260,3404,1.2207909,0.49929267,0.0025622547,0.0061207414
4260,6804,38.68627,0.5084902,0.09954704,0.1947996
4261,4264,2.550602,0.52124417,0.0017839372,0.004295215
4261,3358,30.097004,0.51852906,0.066703014,0.12588635
4262,3357,1.4399872,0.51838213,0.0017587095,0.004089594
4262,2124,49.06016,0.51661867,0.0953505,0.18376426
4262,4265,13.50465,0.5166021,0.029478699,0.057659395
4263,3359,2.7167397,0.52343553,0.0019272491,0.0048496574
4263,6974,20.343504,0.5204643,0.045562316,0.08795578
4264,4261,2.6661415,0.51932544,0.0018670857,0.004534185
4264,4263,25.504772,0.5183062,0.05697514,0.10985026
4265,3358,2.5141525,0.5200306,0.0016175658,0.0040163845
4265,4264,29.182781,0.51828146,0.06442415,0.12238403
4266,404,1.3435402,0.51785785,0.0015930906,0.0036670268
4266,4262,9.574554,0.5195094,0.020733625,0.04107265
4267,4266,92.912994,0.51473355,0.20411581,0.39240932
4267,38,25.693903,0.515196,0.057059526,0.10960076
4268,3829,2.4239922,0.25446993,0.0021486431,0.0038647503
4268,3830,15.041325,0.25329956,0.035760667,0.06786916
4269,4760,1.8008003,0.48237172,0.0037427545,0.007569611
4269,4646,24.409147,0.47651926,0.054503653,0.10364161
4270,785,28.020687,0.48021957,0.06181749,0.11846924
4270,4759,50.89814,0.48183966,0.11199202,0.2165195
4271,4272,31.514748,0.45960623,0.096757784,0.1891191
4271,6249,26.564808,0.45701912,0.057872627,0.110832706
4272,1711,31.920118,0.44772056,0.104517154,0.20628819
4273,1708,12.249922,0.46050042,0.03287116,0.06384195
4274,6249,2.2723236,0.45430475,0.0047006607,0.009621456
4274,4273,27.246834,0.45593566,0.057401717,0.10924082
4274,4686,23.037477,0.45729005,0.052112192,0.099014856
4275,4274,21.832155,0.45276287,0.047872555,0.091404475
4275,4273,30.90153,0.4559984,0.09522966,0.18668792
4276,1909,75.78366,0.41024083,0.15250143,0.29527202
4276,5326,35.282146,0.41654193,0.07465564,0.13841224
4277,6831,1.6859818,0.45446703,0.0030747205,0.006460637
4277,4855,20.404118,0.4597989,0.045601968,0.08719
4277,1801,19.194584,0.45658556,0.043191295,0.083045
4278,3321,20.047033,0.46234167,0.048716564,0.09367424
4279,4280,1.6963158,0.46240962,0.0024083331,0.005024031
4279,937,35.013847,0.4607561,0.077747256,0.14723107
4280,4279,1.6282005,0.4644028,0.0022503138,0.0048125833
4280,934,59.82306,0.4608047,0.1194018,0.23137498
4280,5260,61.12522,0.46272781,0.13666412,0.2644757
4281,792,9.244244,0.47552156,0.02185098,0.04268235
4281,4282,3.822132,0.4632331,0.0069962665,0.013940975
4282,6621,13.332174,0.4698791,0.031210143,0.060546562
4282,4281,3.885044,0.46328893,0.0070974305,0.014140233
4283,5805,1.4789276,0.4913213,0.0041435435,0.00877592
4283,3399,12.141281,0.4934322,0.025967509,0.05081913
4283,3398,20.244146,0.4890129,0.043013085,0.08270485
4284,6582,3.0124474,0.47476882,0.0051041916,0.010292098
4285,5145,9.863525,0.4666927,0.035775036,0.07026444
4286,4650,2.7063484,0.47499362,0.004387073,0.0089404285
4286,4285,25.452358,0.4725028,0.054390088,0.10308057
4286,4829,31.287973,0.47399142,0.06389045,0.12119417
4287,4285,16.82399,0.47125468,0.06040086,0.11974699
4287,4812,22.796333,0.4692794,0.047853287,0.091648124
4288,2896,1.2195168,0.45183018,0.00452213,0.009129867
4288,2897,1.9017715,0.45329434,0.0061296746,0.012138665
4289,4818,26.970825,0.45459527,0.052915137,0.101259455
4289,3507,25.709045,0.45587504,0.050602235,0.0962026
4290,4819,23.277164,0.4586098,0.058642294,0.113891676
4290,2338,13.726856,0.4563259,0.033342894,0.06556448
4291,3277,90.88876,0.47136667,0.28581154,0.55276
4291,3275,140.31897,0.46381092,0.28340018,0.5460036
4292,4293,0.7991524,0.5368179,0.003306836,0.006506115
4292,2448,15.846647,0.03489667,0.06899786,0.14122131
4293,4292,0.94124603,0.53175664,0.0032000244,0.006336838
4293,2449,32.58898,0.5302191,0.067282215,0.13051504
4293,2155,38.155388,0.5310812,0.07842477,0.15262245
4294,1714,1.7773552,0.42344296,0.003707476,0.0073376596
4294,3818,0.5831642,0.4298226,0.0058355257,0.01141794
4295,4081,0.937767,0.48109588,0.003256984,0.007274598
4296,4295,1.8407326,0.48343146,0.0027062073,0.0055782944
4296,1363,20.979053,0.4856684,0.050334908,0.09727043
4297,4298,2.031643,0.48531905,0.0022201464,0.0046156496
4297,1196,43.04479,0.48930523,0.08522129,0.16290888
4298,4297,1.8295364,0.48501757,0.0019584969,0.0040422976
4298,4151,23.426771,0.48846442,0.050756946,0.096762106
4299,3522,13.393343,0.471429,0.03608318,0.07012708
4299,6536,94.651855,0.46170264,0.19040081,0.3675205
4300,6405,19.695982,0.46786883,0.04259817,0.08157683
4301,4832,91.13687,0.49508363,0.15405837,0.2970911
4302,3268,20.022848,0.02919662,0.076726794,0.15178098
4303,623,34.759636,0.45142156,0.08969458,0.17209022
4303,4302,38.779606,0.4622054,0.07412063,0.13942605
4304,4737,3.9796066,0.47560108,0.007568106,0.015255451
4304,4736,2.2265396,0.47606322,0.0027576908,0.0057356656
4305,2113,43.659084,0.42365298,0.09532621,0.18344958
4305,5963,21.42573,0.42886782,0.04895487,0.093041904
4306,548,1.8334465,0.4473098,0.0026081651,0.0054002106
4306,3446,70.33817,0.4409554,0.1576837,0.3034559
4307,2079,1.38171,0.49720135,0.0020658597,0.004484087
4307,4309,16.82396,0.50021875,0.03694072,0.07168053
4308,4307,1.3289413,0.49937764,0.0027932078,0.006198719
4308,2078,55.377785,0.50094193,0.109189145,0.21193235
4309,2753,1.3958855,0.49981505,0.0015709102,0.0035926402
4309,2096,156.33893,0.5010063,0.30679104,0.59345424
4309,4310,42.937435,0.5015805,0.09044394,0.17399545
4310,2753,43.544285,0.49918464,0.09240988,0.17815895
4310,2089,47.016174,0.50005746,0.10091672,0.19492313
4311,1867,0.6753731,0.48689872,0.001170747,0.0036580116
4311,833,7.669018,0.49605876,0.016781934,0.03335373
4312,377,126.58993,0.49429172,0.24680391,0.47727072
4312,4313,7.0291824,0.4994894,0.0140129775,0.028106347
4313,2085,84.27195,0.4932436,0.1842634,0.35525215
4313,2080,1.4297523,0.49693063,0.0024870262,0.0058440715
4313,4314,11.142323,0.4984137,0.024359912,0.04754287
4314,4311,1.5870781,0.49592197,0.0033664182,0.0070328265
4314,1866,43.205074,0.49647546,0.09125217,0.17634784
4315,3839,1.6285858,0.48455548,0.0022657812,0.0046686977
4315,797,48.321907,0.48461038,0.10374635,0.20136072
4316,6062,15.068731,0.43643904,0.03284693,0.063764654
4316,6061,13.142576,0.43830198,0.031177834,0.060675196
4317,4743,2.268486,0.3828094,0.003252849,0.0064619333
4317,2116,29.481684,0.3740555,0.07426959,0.14105985
4318,880,125.46959,0.4718658,0.27509555,0.5306016
4318,4359,3.9539375,0.4735802,0.008505441,0.017117739
4319,191,17.77152,0.48995504,0.041932356,0.08112645
4320,487,7.7238197,0.53245354,0.016871944,0.033733264
4320,4321,7.719963,0.5318258,0.016883872,0.03388393
4321,487,1.6165657,0.53347564,0.0032031909,0.0074343234
4321,6415,47.489952,0.5262826,0.09935093,0.1908965
4322,1310,1.9748116,0.38059363,0.0038573667,0.00766173
4322,1311,99.98784,0.37766078,0.21275708,0.40992624
4322,7032,17.564018,0.38230747,0.03833232,0.07381965
4323,1791,36.807396,0.44175988,0.07466234,0.14242922
4324,4816,2.0405006,0.52862763,0.0035263747,0.007568136
4324,6133,1.7843971,0.531615,0.0016043931,0.0037982315
4325,4792,1.8462524,0.5296592,0.0017152503,0.0040217936
4325,4192,25.790352,0.52895343,0.05266375,0.10195692
4326,4981,3.5269089,0.44051147,0.0031997263,0.0065938085
4326,234,1.4127998,0.44273886,0.00476671,0.009689704
4327,2955,1.776638,0.48070154,0.003265448,0.006823927
4327,784,1.226654,0.47756323,0.004123457,0.008721769
4328,3410,134.68309,0.47723788,0.2677528,0.516785
4328,2956,45.230755,0.48310253,0.087943114,0.16981965
4329,4796,0.61777115,0.28684425,0.0026635379,0.002831325
4329,6870,50.848198,0.526278,0.12874156,0.24692222
4329,513,37.97115,0.28808802,0.13385352,0.21511687
4330,1823,19.827154,0.3199942,0.04458192,0.08447602
4331,4861,25.033787,0.30764467,0.055347763,0.10421851
4331,4805,32.630802,0.30266595,0.08821238,0.16435632
4332,294,11.535566,0.53924644,0.025487162,0.050192878
4332,3526,2.2534752,0.5382597,0.0009926781,0.0030270815
4333,5770,13.925076,0.4551529,0.029437445,0.057381988
4334,2661,2.105957,0.43680918,0.0033216923,0.0067662746
4334,2658,39.07068,0.44253847,0.07926554,0.14984137
4334,2660,16.178791,0.43815163,0.031421553,0.060886078
4335,849,2.0254097,0.48962045,0.003081292,0.0065587014
4335,5522,92.3369,0.48185378,0.30510584,0.590647
4336,3244,1.5726776,0.48774776,0.0043992847,0.009253293
4336,432,33.962605,0.49480394,0.08957974,0.17383993
4337,1807,44.04063,0.47158888,0.12048052,0.23335138
4338,5614,55.544704,0.4693189,0.12247077,0.2380861
4338,1808,26.138142,0.4685832,0.059046704,0.11339297
4339,4341,1.423584,0.46483105,0.002183713,0.004857287
4339,6869,15.352558,0.4660968,0.03383873,0.06518815
4340,6854,1.2269936,0.44701746,0.0015907809,0.004231915
4340,6855,12.610243,0.4686669,0.027228415,0.053011045
4341,4340,1.7607613,0.46549553,0.0034565628,0.00724642
4342,3027,1.6576118,0.46845526,0.002285622,0.0050078183
4342,4374,63.12374,0.46636188,0.14079511,0.27233413
4342,3199,84.064926,0.46653435,0.16966297,0.3266105
4343,3029,1.6540604,0.4666025,0.0023866966,0.005188063
4343,4344,26.27936,0.46739444,0.05984144,0.11422153
4344,4342,10.1293335,0.46722725,0.021850377,0.04265341
4344,3028,1.865799,0.46907622,0.0026343092,0.0053967535
4345,1444,15.652714,0.47022617,0.03407596,0.06588196
4346,1344,1.7433777,0.46433932,0.002699852,0.0055568814
4347,4349,1.7256088,0.47636828,0.0034663305,0.0073759854
4347,6818,21.332582,0.48235416,0.047052953,0.09045855
4348,6817,3.865162,0.47780424,0.007828645,0.015563354
4348,1548,1.5061302,0.47888348,0.0024584085,0.0051032305
4348,5243,25.955719,0.4820985,0.055097077,0.10513478
4349,1094,1.5809593,0.46327883,0.002801329,0.006072864
4349,1537,9.483963,0.47844872,0.020586103,0.04032713
4350,6682,55.584267,0.39592415,0.124642834,0.24306801
4350,1229,10.958183,0.40258187,0.024559073,0.047050208
4351,4002,3.279396,0.42221963,0.004987471,0.009707406
4351,626,39.1084,0.41206107,0.10004615,0.19510424
4352,4713,16.457773,0.4492094,0.038286418,0.073619835
4352,5225,54.921738,0.42943254,0.14035857,0.2730366
4353,4902,2.6911507,0.4396907,0.0023348331,0.0049872696
4353,3501,43.293736,0.44959942,0.094575964,0.18195167
4354,2705,1.5422974,0.50495404,0.0021490008,0.0045552254
4354,4356,72.49448,0.49717295,0.19286916,0.37098658
4355,4354,2.3106422,0.50756896,0.0065510944,0.013672888
4355,5709,1.2247734,0.5038845,0.0020586923,0.0050383657
4355,2717,74.195366,0.507053,0.15786609,0.3064506
4356,1976,1.3120079,0.5070682,0.001322344,0.003086105
4357,3881,1.885746,0.48497483,0.0030723885,0.006439045
4357,5845,29.604929,0.4886074,0.072228275,0.13763773
4358,3824,36.924015,0.47492665,0.10043406,0.19638409
4358,2959,28.581032,0.4684983,0.070356734,0.13502514
4359,2958,1.7656708,0.47174677,0.002223082,0.0046756715
4359,4318,4.3090935,0.47516817,0.009356484,0.018689126
4360,2131,1.703907,0.476131,0.0033862144,0.007178277
4360,6519,29.071072,0.47270805,0.07335734,0.1404135
4361,4360,1.111969,0.4722338,0.0036479905,0.007755697
4361,3228,1.7257233,0.47595108,0.0026196316,0.005499527
4362,4157,29.837894,0.18075705,0.0718478,0.13408983
4362,4156,77.58275,0.15349612,0.19791484,0.39936656
4363,4364,2.4666176,0.27381864,0.0058162063,0.010908425
4363,3163,30.852556,0.13790545,0.08143834,0.15767857
4364,3981,1.2331581,0.06373495,0.004617423,0.009248525
4365,4366,2.0716743,0.5405965,0.0027203783,0.0064460486
4365,4371,59.576057,0.54151636,0.112994924,0.21973228
4366,4367,0.69963455,0.540375,0.0010190904,0.00275217
4366,3525,57.574356,0.5379507,0.12471155,0.24046859
4367,5167,1.0735931,0.53807837,0.002048403,0.0046361387
4367,3873,26.28963,0.5405664,0.053667914,0.10277853
4368,4366,0.8745003,0.5362251,0.0018452853,0.0042194277
4368,4365,1.8613396,0.53832364,0.00280606,0.0062877685
4369,4370,81.72055,0.46651798,0.1819554,0.35051996
4369,3030,169.75339,0.46532863,0.3417507,0.65951437
4370,570,1.6444054,0.4665755,0.0031528473,0.007336244
4370,3030,90.951096,0.4682426,0.18134564,0.34910297
4370,4369,81.30066,0.467596,0.17979915,0.3454175
4371,474,106.026634,0.5349187,0.20439067,0.3970708
4371,2585,87.50554,0.5377199,0.16804919,0.32706988
4371,665,113.40662,0.5335731,0.22005004,0.42913693
4371,4365,60.580677,0.5388496,0.11543837,0.22424778
4372,3390,1.9160461,0.5237123,0.0018661171,0.0042824745
4372,333,1.4986115,0.5253734,0.00222262,0.004888922
4373,2851,1.8316116,0.47018012,0.0036057085,0.0069725364
4373,4487,1.5620422,0.4577787,0.0022216812,0.0048878193
4374,3020,1.6490402,0.4660084,0.002206482,0.00493373
4374,3193,1.5836906,0.46167678,0.0029068068,0.006269306
4375,2974,1.8597412,0.34036154,0.003661044,0.007422939
4376,4379,1.6512756,0.47217202,0.003097877,0.0066538006
4377,2269,1.3711433,0.4751152,0.0018152371,0.004174471
4377,5887,54.111443,0.47438848,0.12056778,0.23274912
4377,3533,114.02931,0.47572142,0.22626197,0.43617487
4378,1787,1.6142883,0.47579095,0.0031860843,0.006798148
4378,5383,109.22286,0.47071522,0.24226272,0.46664548
4379,5381,1.6841545,0.47350633,0.0029694661,0.0061617345
4379,2243,19.338469,0.47266763,0.04346816,0.08377843
4380,7000,143.25726,0.4647696,0.32197946,0.6197416
4380,2243,7.2037888,0.46007067,0.016403928,0.032841727
4381,5382,1.6294212,0.47402912,0.0022243261,0.0047041625
4381,3045,65.88898,0.47469783,0.14527288,0.28021646
4382,1195,1.5586128,0.4819698,0.0020039007,0.004313007
4382,3450,65.68088,0.48130873,0.12867922,0.24999328
4382,3838,42.79469,0.48492643,0.09154848,0.17701125
4383,659,1.5635567,0.5488808,0.00095450133,0.0026461184
4383,5636,20.495901,0.31028402,0.06686348,0.11789482
4384,1116,1.8274269,0.49632886,0.002321221,0.005043283
4384,2788,49.232555,0.49384815,0.12520644,0.2444418
4385,3471,1.1721458,0.48396048,0.00401444,0.00842008
4386,4385,1.475853,0.4805707,0.0030927733,0.006408289
4386,1364,50.631325,0.48280495,0.12808906,0.25084388
4387,6724,0.89995575,0.46655625,0.0033346936,0.007184863
4387,6214,153.70358,0.4367045,0.19039983,0.3710519
4388,4390,1.9951668,0.45557392,0.0033302605,0.007018402
4388,245,13.256149,0.4596818,0.028059766,0.05468875
4389,4390,2.1348114,0.4558837,0.0034541339,0.0072781146
4389,6134,61.175552,0.44641387,0.13589121,0.26165664
4390,6213,1.7400093,0.45695436,0.003710471,0.007356599
4390,4389,1.8782539,0.45592636,0.0027766451,0.0057391077
4390,4388,1.8094864,0.454591,0.0026432201,0.0055452287
4391,150,1.8416672,0.4584271,0.0025232732,0.0051159114
4391,4392,25.806173,0.46120209,0.058748625,0.11153651
4391,151,57.108353,0.4545997,0.114240825,0.22148997
4392,649,1.8814011,0.4597265,0.0025156736,0.005092755
4392,654,57.458202,0.45702723,0.11481789,0.22305962
4392,4393,5.868454,0.4632901,0.012700178,0.02466318
4393,4394,1.7894058,0.45852405,0.0034433678,0.0075020045
4393,3757,51.520775,0.45311776,0.1152,0.22391881
4394,4395,5.7314873,0.4594918,0.012389086,0.024660617
4394,1398,1.7849312,0.45454443,0.0034379736,0.0068517774
4395,838,1.7749977,0.46107304,0.002588816,0.005337566
4395,839,44.18033,0.4618417,0.08722454,0.1684174
4395,6118,40.01358,0.46583825,0.08594186,0.16608822
4396,4397,9.182827,0.4720296,0.019667163,0.038668856
4396,6120,6.560848,0.46706682,0.014220454,0.028607398
4397,4398,7.6135406,0.47404203,0.016222507,0.032084525
4397,4396,8.796497,0.47241867,0.018861286,0.03719923
4397,160,26.386604,0.47471848,0.054995533,0.10400792
4397,159,44.837437,0.47202665,0.08787114,0.17043115
4398,4397,8.380596,0.47318894,0.017867595,0.035172135
4398,4408,7.014904,0.47427905,0.01522436,0.030437693
4399,463,1.8890686,0.4751592,0.0033961013,0.0067096055
4400,477,1.7457924,0.48742148,0.002437368,0.005084276
4400,476,23.780361,0.4828783,0.05023248,0.09539348
4400,4637,24.221016,0.48532224,0.05418706,0.10310221
4401,4406,1.881649,0.4758504,0.0027102977,0.005584091
4401,476,31.86176,0.4811854,0.064746745,0.122872174
4401,465,16.23955,0.48066175,0.0352344,0.06794037
4402,4412,1.9764824,0.4727842,0.0027289614,0.005406469
4402,164,27.099232,0.47612315,0.060954228,0.11607174
4402,160,17.959827,0.47428834,0.037741438,0.07287544
4403,4961,28.325191,0.46575746,0.058958255,0.11154754
4403,150,25.748068,0.46087894,0.05420579,0.10236777
4403,149,28.919678,0.46620864,0.05994391,0.11364715
4403,4404,44.74324,0.46266848,0.08929364,0.173897
4404,4403,45.988842,0.46073592,0.091194406,0.1769332
4404,6744,15.181009,0.46425873,0.035958126,0.069536544
4405,465,1.6993675,0.48047978,0.0022735745,0.0047486722
4405,4406,16.920797,0.47937986,0.036682542,0.0709694
4406,4401,1.9467888,0.4783893,0.002912864,0.0059634596
4406,160,17.032036,0.4784932,0.035728835,0.06910143
4406,4407,24.559963,0.4766972,0.055012822,0.10438851
4407,4408,1.5640068,0.4480532,0.0025984347,0.0057165027
4407,4398,6.8100166,0.47577628,0.014797412,0.029242337
4408,4399,1.6865425,0.47588894,0.0035957396,0.0073301196
4408,4409,40.010075,0.4700035,0.08930863,0.17270367
4409,158,1.6297226,0.47046962,0.0029337555,0.006211892
4409,6401,33.801506,0.46935776,0.07397848,0.1405548
4409,159,16.141005,0.47066727,0.03494257,0.06751812
4410,165,0.8158722,0.47609156,0.0030326024,0.0066966712
4410,4411,38.784145,0.48273724,0.08392983,0.1609153
4411,164,1.7566528,0.47771928,0.0023862347,0.00487034
4411,4412,27.365273,0.47674826,0.06124641,0.1167535
4411,837,42.844875,0.4755236,0.08500438,0.16391681
4412,4402,1.7789497,0.47335178,0.0023409277,0.0047210753
4412,6119,24.322136,0.47160324,0.05472702,0.10374881
4412,475,43.47109,0.4715966,0.08633049,0.16748121
4413,4410,1.4260254,0.4738908,0.002950251,0.0063468814
4413,1404,23.04209,0.47930157,0.056379814,0.10844147
4414,6724,149.15955,0.4678262,0.18329978,0.35534447
4415,4414,10.046505,0.46130538,0.013653502,0.026996657
4415,6212,3.0234337,0.4564644,0.0067782775,0.013328582
4416,6734,1.4131966,0.43078953,0.0043589175,0.008491293
4416,108,26.085855,0.43955728,0.063954905,0.122693166
4417,4416,1.7284203,0.43332434,0.005681634,0.011235148
4417,6734,1.3424149,0.24334326,0.004773155,0.0071243197
4418,4417,1.0173035,0.43212563,0.00428427,0.008214593
4418,115,16.190231,0.25976738,0.04132794,0.076925
4419,2664,2.2060165,0.43749514,0.00272993,0.0054878443
4419,4418,33.025414,0.4319488,0.084864944,0.16367431
4420,2360,21.91476,0.43845648,0.049357906,0.09388582
4420,109,1.6978722,0.43852037,0.0049262643,0.009982958
4420,4419,12.317705,0.4368035,0.028907746,0.05563046
4421,6653,1.4220963,0.50689834,0.003509149,0.006976694
4422,155,56.218452,0.5030183,0.10902143,0.21095967
4422,5086,1.9320908,0.50873536,0.0025345907,0.0055732876
4423,4424,21.3235,0.49374065,0.045103468,0.086664505
4423,1301,34.037605,0.49354887,0.06896267,0.13073209
4424,4423,21.650396,0.49565446,0.0457829,0.08790604
4424,1300,30.580086,0.4970293,0.063042186,0.11976799
4425,1326,2.930275,0.44139817,0.0056905,0.011442468
4425,4426,5.20216,0.4432044,0.010195471,0.020361781
4426,1326,4.3304443,0.44284606,0.008033261,0.015645772
4426,245,51.640423,0.44984826,0.102778934,0.19883904
4427,2732,1.829895,0.44853175,0.003241323,0.0066337883
4427,3755,70.95385,0.4346581,0.1610527,0.31081265
4428,4427,1.6462173,0.43962705,0.0034780353,0.0071664304
4428,4432,6.060665,0.44658977,0.012558252,0.024684727
4429,4434,1.2891464,0.43966836,0.0043995827,0.008928642
4430,4429,2.2068062,0.44230017,0.0036919042,0.007669866
4430,170,27.05707,0.44585025,0.06713283,0.12724371
4431,3151,1.9103928,0.44156832,0.0027543753,0.00561063
4431,4430,27.166044,0.448615,0.05849789,0.11101205
4431,152,30.898237,0.44890332,0.06408078,0.1218947
4432,4431,24.123903,0.4459902,0.05294396,0.10025106
4432,648,30.728214,0.44774276,0.06440517,0.12187468
4433,4428,1.7929878,0.44520462,0.0032479987,0.0070777386
4433,169,28.475975,0.44916427,0.06713937,0.12626909
4434,148,1.4015427,0.43916494,0.0019634292,0.0040852875
4434,4435,14.294838,0.44113797,0.033468284,0.06415754
4435,2277,31.379906,0.43881392,0.0792463,0.15170999
4435,148,13.46228,0.44135302,0.031502668,0.06050942
4436,4437,1.3513298,0.5042409,0.0015310645,0.0033807307
4436,4439,83.09228,0.5016637,0.18566534,0.35770908
4437,4436,1.4468842,0.5007988,0.0018338934,0.0041380823
4437,5420,176.9295,0.5021615,0.3477111,0.67322373
4437,4438,21.251335,0.5006937,0.047260888,0.090540886
4438,2844,1.5523949,0.5030358,0.0019821897,0.0043307394
4438,3315,26.334019,0.5018256,0.058906715,0.11306395
4439,4437,83.85505,0.49966636,0.18680468,0.3599076
4439,5417,11.506248,0.50783455,0.024874337,0.048884317
4440,3733,1.5581169,0.4071126,0.0028030723,0.00584583
4440,3736,138.97041,0.4129882,0.32160372,0.61715245
4441,3378,1.8147354,0.42149734,0.0027130768,0.00556159
4441,532,138.45917,0.4124291,0.28894532,0.55535233
4441,4442,22.623344,0.4179274,0.05058,0.09556401
4442,2042,2.131359,0.4168799,0.003356807,0.0067883134
4442,4440,54.783165,0.40640453,0.112278596,0.2143219
4443,4444,1.8732262,0.44736725,0.0030310974,0.0063089877
4443,1072,32.897373,0.45026284,0.066804394,0.12620075
4444,4443,1.9129791,0.4494853,0.0032372177,0.0065040737
4444,113,100.797455,0.43999916,0.2042517,0.39361805
4444,6698,40.202072,0.44923437,0.0806505,0.15328172
4445,6599,1.9824333,0.4525419,0.003048651,0.0062357634
4445,6600,1.9296379,0.45553982,0.003353551,0.0069162995
4446,147,1.8300285,0.45382947,0.0036931261,0.0074703246
4446,3745,49.497314,0.44977826,0.10981055,0.21318989
4446,112,13.838364,0.4529039,0.030522205,0.058514327
4447,138,4.6634064,0.44887316,0.009881191,0.019533426
4447,3743,1.9483299,0.45349365,0.003680855,0.0074177235
4448,352,0.40504837,0.09323418,0.00095219165,0.0030793399
4448,6068,17.198498,0.5103194,0.037444167,0.07351403
4449,145,1.3088531,0.5057696,0.00245139,0.0055632293
4450,338,12.756704,0.5050558,0.026450247,0.051586464
4450,3300,100.70962,0.5003575,0.19610223,0.37753737
4451,4454,1.353962,0.5046603,0.0017883778,0.004021734
4451,5911,24.2576,0.49962097,0.054222398,0.103824034
4451,352,106.720314,0.5056676,0.20605114,0.39843583
4452,348,1.8363342,0.4998363,0.001781851,0.0038521588
4452,4453,40.182922,0.4990483,0.08615885,0.16422282
4453,3560,2.0787773,0.49609765,0.0021822676,0.004581675
4453,4451,21.09167,0.50009817,0.046728063,0.089577414
4454,4451,1.4087906,0.49911287,0.0018278509,0.004038036
4454,3560,21.985218,0.5002206,0.048855487,0.094167165
4455,3937,1.355278,0.4922713,0.0019056499,0.0042461604
4455,5421,57.01504,0.49650538,0.11268774,0.21755844
4456,4455,1.3759575,0.4901203,0.0019514859,0.004325852
4456,3256,27.087082,0.49000347,0.057834342,0.11114384
4457,3844,1.2149773,0.4855523,0.0025178269,0.005685538
4457,4456,22.14277,0.48759758,0.047773696,0.091332614
4458,4457,1.7152023,0.494638,0.0024751127,0.0053654164
4458,144,25.553654,0.49880365,0.057050183,0.108898446
4459,452,31.581413,0.4724913,0.06426832,0.12184824
4459,142,1.4162598,0.472887,0.0024166629,0.0053462535
4459,1692,13.918701,0.47426,0.030054316,0.058387168
4460,3840,1.0572853,0.51527274,0.0022971034,0.004803419
4460,45,22.16366,0.51420575,0.053829625,0.10429791
4461,4505,0.2179184,0.48851418,0.0043647364,0.00947465
4462,6209,0.86076355,0.23735625,0.0039329305,0.007727042
4463,2372,1.2872963,0.4927567,0.0014851987,0.0033117086
4463,2069,68.72912,0.49409926,0.1344936,0.26088095
4463,346,23.650097,0.4934713,0.052564923,0.10033797
4464,2203,6.236027,0.42908466,0.015502788,0.030669391
4464,6297,22.392347,0.42794788,0.049247477,0.093805954
4465,4940,19.481653,0.51858205,0.041653648,0.08099084
4465,6254,1.3326225,0.5149168,0.0066837,0.014067739
4466,4208,1.599987,0.5172411,0.0021043643,0.0048033893
4466,6045,24.13728,0.5149408,0.050255705,0.0963457
4466,6571,64.92974,0.5078876,0.1408095,0.27255243
4467,2916,2.6911926,0.49444282,0.004251018,0.008847147
4467,831,142.64035,0.4858621,0.28247243,0.54588956
4467,3857,33.003048,0.49476328,0.06669968,0.12580797
4468,1699,1.4223137,0.48094255,0.003862083,0.008162141
4469,4469,11.722904,0.49554583,0.024901293,0.048673347
4469,4469,11.722904,0.49554583,0.024901293,0.048673347
4469,1944,252.62836,0.48311976,0.53578275,1.0432636
4470,5056,2.232975,0.4226198,0.0027606115,0.0055974573
4470,2115,23.21378,0.4209672,0.056504034,0.10772266
4471,2061,12.622185,0.536824,0.019969836,0.040212065
4471,296,38.31045,0.5322804,0.06692465,0.12864847
4472,4473,1.3816795,0.4548328,0.005039312,0.010371491
4472,5434,27.011036,0.04837072,0.10930942,0.23379798
4473,4472,1.8125038,0.45304883,0.005840905,0.0111391395
4473,3543,41.57717,0.04849398,0.19917393,0.4167577
4474,4715,71.964836,0.4911676,0.17902015,0.3453343
4474,5149,39.648403,0.47390845,0.098393135,0.19164689
4475,2533,50.989414,0.40443495,0.103409655,0.19751355
4476,1960,2.0329018,0.45648137,0.003608577,0.0075665116
4476,2653,141.12585,0.4473179,0.29014152,0.55929834
4477,1941,2.1647758,0.45940584,0.004347779,0.008893177
4477,3338,90.53194,0.45348245,0.20360601,0.39167857
4477,1937,42.765743,0.45937556,0.094292276,0.18269727
4478,1937,1.5662918,0.46155655,0.0023673624,0.005174786
4478,3337,84.17603,0.45819703,0.16950123,0.32617176
4478,1941,41.99299,0.45897177,0.092805386,0.17907983
4479,1959,49.523518,0.45724106,0.1078147,0.20844923
4479,4480,11.388126,0.46182978,0.0250621,0.048504725
4480,7000,26.398739,0.46084118,0.059337206,0.113212004
4480,4479,11.362623,0.46368095,0.025122985,0.048902333
4481,4483,1.804142,0.45012116,0.002512306,0.0052922964
4481,6994,56.799694,0.45159632,0.12727672,0.24710736
4482,4484,1.8711777,0.4536817,0.0034223124,0.00718534
4483,4481,1.8139,0.45041496,0.0025627837,0.005266309
4483,2658,102.652855,0.44344383,0.20773259,0.39946002
4483,1467,88.158554,0.44697803,0.20060867,0.38662076
4484,6994,1.7168007,0.45765164,0.0031757802,0.0067557693
4484,4483,57.332645,0.45578247,0.12593348,0.24415383
4485,3044,37.06641,0.47155482,0.073838614,0.14161842
4486,3053,28.978378,0.49311617,0.08520667,0.16341944
4487,4490,2.5881348,0.4520786,0.0055707917,0.011743113
4487,4373,1.521141,0.46022123,0.0020260885,0.004815623
4487,3044,104.27864,0.46822163,0.21106076,0.40719485
4488,2841,53.276146,0.4731779,0.12899329,0.2505683
4488,4489,7.3161125,0.4687059,0.01622422,0.03208214
4489,2851,0.87324524,0.43415177,0.0022951514,0.005388096
4489,4487,1.3620415,0.4312441,0.002297774,0.0053580105
4490,1942,2.1444244,0.46746606,0.0032595545,0.0068907887
4490,4491,40.52245,0.2726259,0.10834042,0.21641149
4491,1943,1.7596016,0.47484797,0.0024460033,0.005040437
4491,6069,29.644077,0.06786752,0.09158283,0.18898863
4491,3044,32.291878,0.47343013,0.06729109,0.12766984
4492,4507,8.470634,0.48713148,0.023314208,0.045994774
4493,4509,12.231649,0.49353364,0.026525915,0.05195442
4493,4492,12.651079,0.4877051,0.033448104,0.06506256
4494,4493,33.022423,0.48710203,0.104050286,0.20420066
4495,4494,13.467726,0.48846838,0.037051406,0.07214655
4495,4494,19.099274,0.47989765,0.041761957,0.08041309
4496,3053,1.7088852,0.48549032,0.0024894327,0.0052993447
4496,4067,178.4682,0.47512677,0.3591018,0.69113034
4496,4495,28.475237,0.4896117,0.08376852,0.15955143
4497,2875,1.6652412,0.4864982,0.00250566,0.005227715
4497,2874,80.26123,0.4857772,0.15785068,0.30516422
4497,4496,34.27021,0.48576206,0.10638096,0.2090466
4498,4497,51.53332,0.48621145,0.165836,0.32218164
4499,4498,19.087698,0.4853051,0.052058466,0.102106616
4499,4498,26.642395,0.47843903,0.05567819,0.10581566
4499,4028,1.05299,0.48133552,0.0054445043,0.0106075555
4500,5874,1.8135147,0.48799568,0.0037604123,0.007923096
4500,4499,29.18164,0.49029434,0.08457207,0.16198859
4501,1944,194.5338,0.48610747,0.40771258,0.78865117
4501,5711,10.739002,0.47909713,0.028027117,0.054767676
4502,872,2.2059898,0.4861811,0.0035950094,0.007385075
4502,2091,94.51785,0.48652354,0.18771741,0.3617864
4502,5714,27.284937,0.48923045,0.07758841,0.14844798
4503,4502,10.376167,0.4934868,0.028415546,0.05568041
4504,4503,25.772722,0.48346275,0.055487785,0.10634848
4504,4503,18.758566,0.49074203,0.0520662,0.10213581
4505,3977,2.1162567,0.4900068,0.0035852268,0.0071977824
4505,2091,101.88846,0.48919407,0.20233299,0.39035136
4505,4814,71.1064,0.48915872,0.23677525,0.45752376
4506,4461,27.891832,0.48992485,0.058500096,0.11080542
4506,4461,19.08506,0.49558002,0.05328023,0.10419796
4507,876,1.4083977,0.49221662,0.004075356,0.008380294
4507,6905,7.7268677,0.47926426,0.020779252,0.040421724
4508,3093,13.898378,0.48844814,0.029977892,0.058565833
4509,4508,12.868799,0.4903697,0.027941756,0.054348037
4509,4508,12.1864395,0.48972642,0.02749993,0.053509414
4510,4492,2.0364342,0.4863284,0.0034952462,0.0071810335
4511,2438,0.6218529,0.4756234,0.002929844,0.006799981
4511,4382,1.3219528,0.46931413,0.002637133,0.0058983862
4512,4514,2.4543343,0.48569843,0.004244454,0.008657321
4512,829,186.05898,0.47685647,0.37277365,0.7199215
4513,2434,44.735004,0.4841929,0.115213506,0.22469825
4513,4511,4.438362,0.48407763,0.009823307,0.019785807
4514,1194,1.8403053,0.4811891,0.0028009266,0.0058818758
4514,4513,1.7731094,0.4828844,0.0035453066,0.007644281
4514,3892,66.156845,0.4838909,0.12930126,0.25124565
4515,5444,1.7108498,0.4787284,0.0044526607,0.009364784
4516,4519,1.976162,0.4903518,0.0028548688,0.0057818294
4516,799,49.29841,0.48433474,0.096651584,0.18758345
4517,4518,1.2179642,0.48352394,0.0025425926,0.005692616
4517,815,55.150333,0.48282015,0.122842595,0.23964645
4518,813,2.036419,0.49037427,0.0039265975,0.00818105
4518,4532,20.105562,0.49097073,0.044740796,0.08575425
4519,4517,1.4125557,0.48410925,0.0027745739,0.006347552
4519,6832,2.0427704,0.4862849,0.004360527,0.009414151
4520,4521,39.204403,0.33058298,0.10419418,0.20119011
4521,1477,1.8212738,0.33466697,0.0039208904,0.007292673
4521,4526,61.72224,0.34184897,0.13246223,0.25753522
4522,698,2.0090294,0.3802055,0.0035069808,0.0071744174
4522,1896,25.216352,0.3786517,0.04908329,0.09395441
4523,3286,71.88389,0.38655317,0.16085362,0.31228846
4523,4524,4.1810684,0.37986624,0.0068838373,0.013040438
4524,4522,2.2506485,0.38252667,0.0025972947,0.0052119046
4525,5591,43.96135,0.30982092,0.09580195,0.18103749
4525,4520,60.13356,0.3138014,0.16153222,0.31642658
4526,4521,61.251095,0.33710355,0.13191879,0.25400436
4526,1478,71.71563,0.34971875,0.15339117,0.297277
4527,2401,1.573288,0.4847684,0.0020283386,0.0044954717
4527,4531,2.8850021,0.48703757,0.006251037,0.012658507
4528,3533,137.36327,0.4782968,0.30123112,0.5836623
4528,4530,17.763521,0.4821214,0.038792163,0.07524324
4529,3070,1.6311722,0.4838627,0.0021639466,0.004568219
4529,4527,10.782408,0.4851488,0.023615263,0.04623048
4530,6683,1.6060104,0.4839324,0.0021095276,0.0045591146
4530,4529,106.51103,0.47941634,0.2384578,0.4580605
4531,6787,1.6268692,0.48444092,0.0022574663,0.0047271103
4531,875,51.032246,0.48884234,0.099962845,0.19419824
4531,5873,36.99285,0.49033558,0.080085024,0.15174887
4532,6866,1.7290115,0.49154538,0.003045112,0.006198168
4533,4537,3.1104813,0.47048193,0.006825343,0.01337418
4533,2872,13.521875,0.46561903,0.02928628,0.056757845
4534,1148,142.73904,0.46529266,0.2851088,0.55021846
4534,6224,151.11841,0.46430564,0.33998233,0.65533245
4535,2754,1.6380424,0.47270766,0.0023197532,0.0049015284
4535,1144,195.99411,0.47062743,0.39614463,0.76416993
4535,4534,7.7192,0.47446737,0.01693853,0.0332468
4536,4535,27.19725,0.47596815,0.06184862,0.11792436
4536,2389,41.97765,0.4794966,0.090471305,0.17483464
4537,6224,1.668747,0.46392468,0.002210185,0.004682258
4537,1460,195.57275,0.4594675,0.39536226,0.7625179
4537,2754,159.45557,0.46731898,0.35260954,0.68044287
4538,2044,2.1207733,0.22160646,0.006053455,0.010908261
4539,4585,44.34721,0.4512768,0.08935679,0.17277636
4539,3043,73.03462,0.4493581,0.14558825,0.28101754
4540,3731,2.1250725,0.38411227,0.005308613,0.010304421
4540,2505,2.737194,0.3831817,0.0025707409,0.0055516064
4541,4542,1.4940605,0.46008226,0.002680041,0.0054763407
4541,6251,40.82603,0.46019444,0.13608278,0.26700675
4542,6253,0.43182373,0.3548017,0.0037440509,0.0072468966
4542,4543,36.8467,0.46056986,0.081212685,0.15466943
4543,105,1.8131981,0.45897213,0.0024225041,0.005035341
4543,2720,73.495026,0.4554459,0.1469836,0.28314278
4543,4545,46.60287,0.45971528,0.102082066,0.19720958
4544,131,169.74022,0.45130986,0.3457965,0.66691756
4544,4553,3.1040802,0.45594805,0.0054923072,0.010803953
4545,131,110.81438,0.4525147,0.24387884,0.47001016
4545,105,45.98321,0.45715097,0.10138064,0.19589281
4546,3250,18.564615,0.47194523,0.039384507,0.07611705
4546,4559,26.429245,0.4720593,0.056795977,0.10783415
4547,17,2.101883,0.38901085,0.0043652058,0.008601457
4548,3982,1.1884651,0.15063268,0.0039193854,0.007975131
4548,4551,67.91463,0.31779945,0.15223604,0.2983221
4549,2423,6.4570694,0.16266745,0.015470877,0.02954194
4549,4548,2.7966042,0.29279426,0.005895458,0.0114558935
4550,2023,2.4623718,0.3364783,0.005462371,0.010314152
4550,3730,111.57946,0.35836047,0.24284697,0.46850163
4551,4550,2.6702156,0.33469182,0.005820729,0.011013478
4551,2023,1.7850418,0.3350654,0.0039225966,0.0075591505
4551,2049,62.87973,0.3320104,0.13791168,0.26731718
4552,4555,18.880615,0.46503505,0.040852495,0.07873365
4552,6472,2.4140816,0.46125314,0.0042753667,0.008865744
4553,6472,1.8684082,0.45920432,0.0028061941,0.0058116615
4554,4555,3.4422264,0.45761317,0.0051310807,0.010108545
4554,4553,19.241869,0.45876148,0.041627362,0.08007457
4555,4554,3.3603096,0.4567744,0.004995972,0.009849235
4555,132,16.456486,0.46225733,0.035080496,0.067718886
4556,4557,45.775963,0.46753848,0.090185314,0.1752692
4556,2618,25.086956,0.46519297,0.053534754,0.10131015
4556,134,43.913,0.46703517,0.0863186,0.16791204
4557,4560,49.236618,0.46942466,0.097662404,0.18941648
4557,5550,22.630924,0.46893921,0.04833144,0.09183296
4557,4556,45.66091,0.4679937,0.08979837,0.1746169
4558,135,2.3521423,0.47006914,0.0037453622,0.0075996667
4558,5550,48.50398,0.4702407,0.0961694,0.18678835
4558,4560,43.93952,0.47046912,0.08722406,0.1694512
4559,1149,1.8364792,0.46630788,0.002520457,0.0051330477
4559,3453,60.564377,0.47052848,0.11981794,0.23220396
4560,4557,49.2708,0.4683438,0.098024674,0.19001144
4560,4558,44.4818,0.47238764,0.0877002,0.17061274
4560,134,46.218925,0.467915,0.09167578,0.17807968
4561,2202,11.983231,0.45949775,0.025015429,0.04881285
4561,4562,4.4153366,0.4627702,0.008475669,0.016644508
4562,3708,13.57303,0.4611618,0.032488845,0.062848605
4563,4565,1.0060463,0.5364092,0.0017831773,0.0043178797
4563,499,8.2788315,0.5366651,0.01761482,0.034787327
4564,4162,1.0142326,0.53688973,0.0020211563,0.004641339
4564,6808,31.10073,0.53912544,0.067285776,0.12913604
4565,4564,0.9891815,0.53430074,0.0018078163,0.004084289
4565,4566,5.810215,0.5380928,0.011623144,0.023539737
4566,4564,5.584358,0.5392488,0.010326125,0.021339267
4566,320,37.516933,0.53813124,0.0728077,0.1404252
4567,321,104.107765,0.5278412,0.21562472,0.4183462
4567,4569,5.5540504,0.5306945,0.011464439,0.023669288
4568,313,9.729164,0.5358529,0.020465352,0.040682793
4568,500,11.308239,0.5377406,0.024038695,0.047326133
4569,313,1.994564,0.5301922,0.0019926429,0.0051025003
4569,317,48.6911,0.53408474,0.093066946,0.17926645
4569,4568,8.6222,0.53385854,0.018461712,0.036718026
4570,3126,53.900497,0.5364843,0.10857897,0.2084791
4570,4571,4.442856,0.53340983,0.009121276,0.018792957
4571,300,1.4099998,0.540332,0.0017692521,0.0043436885
4571,4572,5.6637726,0.5316873,0.01201421,0.024079412
4572,300,6.3655396,0.5343758,0.013526402,0.027074099
4572,4573,45.292614,0.53422564,0.09401347,0.17918965
4573,4572,44.18095,0.5307261,0.09240202,0.17448094
4573,301,6.7871017,0.54067457,0.015124962,0.029874355
4574,301,1.3587608,0.535984,0.0027240813,0.0063783675
4574,4573,6.499172,0.5368299,0.014098868,0.028249785
4574,3133,42.22127,0.53438693,0.087532155,0.16843157
4575,3643,56.639793,0.5069154,0.11005886,0.21332406
4575,4184,14.946098,0.51052225,0.030997604,0.06035252
4575,5414,114.04825,0.508102,0.2227605,0.43097562
4576,2729,6.179535,0.50439227,0.011912376,0.023927927
4576,682,33.37292,0.5059546,0.07364057,0.13910112
4577,2819,1.7453384,0.46635675,0.002292119,0.004863262
4577,4579,11.115593,0.46886918,0.024548009,0.047859624
4578,4579,2.0070953,0.46429783,0.0020713806,0.0042049736
4578,4577,11.067186,0.4685783,0.024409518,0.047247976
4579,4578,2.042633,0.46547103,0.0022164732,0.00449422
4579,4581,58.585564,0.46596757,0.13237187,0.25601915
4580,4581,1.9714546,0.46647486,0.0021182895,0.004355952
4580,4578,58.266678,0.46611056,0.13185489,0.25497398
4581,4580,2.0465202,0.46797165,0.0021957755,0.0045431107
4581,3940,89.009674,0.46338058,0.20184796,0.38757658
4582,1776,27.751883,0.4908451,0.058368467,0.111131385
4582,6510,70.2279,0.4837108,0.18472049,0.3561867
4583,2647,1.6140366,0.45971596,0.002284415,0.005099073
4583,1470,174.61597,0.4616628,0.355283,0.6852028
4583,6995,93.66997,0.4502424,0.2118158,0.40650862
4584,3323,2.2931557,0.4102674,0.0044437945,0.009845316
4584,3682,1.2480087,0.041439533,0.0017857477,0.004449621
4585,2662,1.6536217,0.44945675,0.0027356073,0.0056766123
4585,4539,46.42414,0.44996583,0.090262175,0.17430624
4586,4105,0.67648697,0.41694218,0.0053515807,0.010489672
4586,82,24.500883,0.4456901,0.052272774,0.09929659
4587,2291,2.6066704,0.5024394,0.005556479,0.011916265
4587,2774,1.4490318,0.49332583,0.0026355758,0.005812973
4588,6182,2.8234138,0.45275858,0.0059553087,0.012176976
4590,5353,101.482285,0.36240655,0.21618688,0.41622865
4591,2850,41.012524,0.50352293,0.07840903,0.14877333
4591,2840,33.990852,0.5038085,0.067893386,0.12916921
4592,3983,4.729046,0.40157992,0.011123657,0.021779984
4592,5665,2.6087646,0.39176327,0.002274111,0.004688099
4593,329,2.857113,0.51898813,0.0017977357,0.0046336204
4593,310,90.6277,0.51993805,0.19340736,0.3723664
4594,4251,32.180298,0.5082103,0.06359295,0.12156336
4594,4619,28.113417,0.5081684,0.05789768,0.11048409
4595,3081,1.1430283,0.52350277,0.0013137907,0.0033879876
4595,3763,29.687603,0.5184818,0.06489104,0.124023855
4596,74,1.5072365,0.5174714,0.0019694567,0.004560381
4596,73,70.74286,0.5134442,0.1939503,0.3747831
4596,3307,40.756313,0.5167296,0.07881121,0.15056017
4597,4599,1.541565,0.51896214,0.0019200072,0.004531935
4597,34,117.05271,0.51451015,0.2267848,0.4390121
4597,5358,48.32808,0.5122454,0.101389006,0.19406565
4598,1978,1.3980827,0.51982915,0.0014929324,0.0034576654
4598,4615,11.551941,0.5236488,0.025112607,0.04982452
4599,4597,1.4571075,0.5171962,0.0017271489,0.003986761
4599,40,5.6345596,0.51767594,0.012120947,0.024569586
4600,39,1.4004402,0.50539565,0.0021965802,0.0045969784
4600,4601,2.289219,0.51724684,0.0038455874,0.008120865
4601,39,2.0216408,0.52067167,0.0028781146,0.006592229
4601,2101,108.96525,0.5139132,0.20940515,0.40572155
4602,5990,1.9149971,0.5178795,0.0032971129,0.007395342
4602,2820,2.0346832,0.5219942,0.002898045,0.006404847
4603,4604,1.2645988,0.50134057,0.002430953,0.005227715
4603,355,34.488724,0.5123475,0.08591565,0.16389905
4604,1980,1.1497841,0.48655897,0.0030069277,0.006272495
4604,4606,49.294754,0.5074084,0.10628141,0.20445022
4605,2095,1.4683914,0.5138931,0.0018234327,0.0041456223
4605,3082,36.25642,0.51321423,0.07151933,0.13656184
4605,6999,10.7162,0.51384103,0.023193538,0.045736223
4606,4607,2.6488762,0.51135176,0.001873672,0.004433006
4606,4605,34.919662,0.5120312,0.0755702,0.14210759
4607,4606,2.413231,0.51020396,0.001343213,0.0034233034
4607,1980,49.9632,0.51337487,0.10688297,0.20668451
4608,6305,1.792759,0.526424,0.0015509352,0.0032651424
4608,1618,1.2619781,0.5259081,0.0017680228,0.0042324215
4608,6153,22.750816,0.5266645,0.048584677,0.09318959
4609,4608,18.272747,0.52562934,0.037893172,0.07346152
4609,2151,44.296238,0.5245976,0.08545525,0.16403618
4610,2048,2.9472542,0.42207938,0.0058757067,0.011950597
4611,4612,2.276249,0.48883763,0.0033045039,0.0067410916
4611,2169,55.66461,0.48329526,0.14666745,0.2856284
4612,260,0.9617195,0.49052382,0.003790319,0.008324802
4612,4613,98.66226,0.49530077,0.19781148,0.3826517
4613,260,98.474365,0.49458236,0.19733825,0.38190508
4613,394,4.7606506,0.49640545,0.009301305,0.018977568
4614,3255,2.2942924,0.52073103,0.0011685938,0.0031902343
4614,3255,1.5538177,0.5255879,0.003598757,0.008165002
4615,2824,1.5752487,0.5226278,0.0022294596,0.0051038265
4615,4614,7.4360886,0.52494645,0.01617489,0.03244254
4616,2820,2.3195648,0.5241405,0.004824385,0.010689452
4616,5990,1.3996353,0.5205017,0.0018995851,0.004456386
4617,2924,70.72332,0.5286153,0.18595834,0.3600674
4617,2923,58.101486,0.5245804,0.15166135,0.29396957
4617,2963,83.799225,0.527502,0.16183941,0.3146334
4618,753,10.867504,0.48532,0.023528025,0.046272025
4619,4594,28.420326,0.51083463,0.05835963,0.11120846
4619,1956,10.014725,0.5152497,0.020387903,0.04057181
4620,1956,1.092907,0.51182985,0.0012271181,0.0031654537
4620,2071,178.31592,0.50576067,0.35096675,0.6802106
4620,4619,10.018032,0.5090327,0.020772293,0.04063618
4621,4620,4.351532,0.5116651,0.008261532,0.016745225
4621,2099,77.53603,0.5051759,0.14808084,0.2872994
4622,3959,2.9906693,0.52216643,0.0049812496,0.010167703
4622,7073,54.13602,0.51698923,0.11101689,0.21611193
4622,4623,10.346632,0.52157265,0.011352621,0.02344343
4623,3958,6.743355,0.52095246,0.014452837,0.029081866
4624,3557,1.5441818,0.5184833,0.0019539148,0.004342139
4624,309,40.31645,0.5200531,0.07814497,0.14986879
4624,3556,37.416702,0.518183,0.073018745,0.13980064
4624,5441,29.181507,0.5201134,0.059105206,0.11349155
4625,6165,0.0,0.024852097,0.003556341,0.0057843477
4626,4635,1.8698578,0.5320013,0.0008040145,0.0016746074
4626,1616,1.2304497,0.53445405,0.0018000975,0.0044393837
4626,4132,100.58563,0.5302743,0.20749685,0.40265214
4627,4628,27.90131,0.5190634,0.049100183,0.094207406
4627,6159,23.123497,0.521172,0.050812572,0.09708341
4627,399,23.696642,0.5192437,0.051971063,0.10008268
4628,399,3.2887268,0.5079499,0.0037346482,0.007947266
4628,5324,297.87177,0.51346284,0.42569587,0.82540977
4628,4627,27.82132,0.5182997,0.04896845,0.094109334
4629,6526,52.874382,0.502136,0.11343624,0.22010326
4629,3349,37.73677,0.5087893,0.0810774,0.15624316
4629,4228,53.79121,0.50407386,0.1044395,0.20244905
4630,670,39.705925,0.4980828,0.12903665,0.2515278
4630,672,32.170338,0.4980738,0.06539102,0.124580145
4631,4752,2.0172653,0.48218182,0.002445206,0.0054676235
4631,2193,67.66341,0.47359443,0.18211883,0.35102722
4632,21,1.098259,0.024117142,0.0011762381,0.002257973
4633,4209,6.838875,0.5278044,0.00703077,0.015564144
4633,4634,1.4410057,0.53705174,0.00400123,0.009019643
4634,4209,3.3938522,0.53760254,0.0066621304,0.013513237
4634,1617,0.9001961,0.53259623,0.001033172,0.0024930835
4635,4625,2.383583,0.54065734,0.0018782094,0.004722625
4635,2232,20.821144,0.053323805,0.08838738,0.18087503
4636,470,1.9320602,0.48201615,0.0027616322,0.0057367086
4636,476,25.780947,0.4798244,0.054171667,0.102854826
4637,469,1.157856,0.4711913,0.0021668747,0.004681349
4637,4636,23.444458,0.48057562,0.050896943,0.096670516
4638,4637,1.485714,0.48476267,0.002119653,0.004214242
4638,477,24.089472,0.48744023,0.054312445,0.103890084
4639,156,1.2470894,0.4930969,0.0017048568,0.0040421933
4639,4638,55.89231,0.49070874,0.111344784,0.21580881
4640,468,25.077799,0.49968287,0.052899662,0.100841746
4640,5424,1.7491035,0.4944505,0.00256259,0.0051920414
4641,2761,29.25106,0.44446585,0.057899598,0.10997319
4642,4641,3.4145622,0.44855526,0.0047845617,0.009626284
4642,102,40.55079,0.44418395,0.08120375,0.15504062
4642,2836,2.5194626,0.4428259,0.00407809,0.008218408
4643,4778,2.7454681,0.49039188,0.0038366318,0.0075784475
4644,4462,2.2486725,0.48294497,0.008787543,0.017631456
4645,5693,1.6158943,0.479868,0.0037206262,0.00812161
4645,6171,8.568283,0.48159984,0.009261347,0.0184858
4646,3482,4.589054,0.48517722,0.009666108,0.019478142
4646,4269,24.725725,0.48121345,0.05502029,0.10476512
4647,4646,4.766262,0.48226145,0.010187395,0.020613328
4648,4649,2.102848,0.48689502,0.0032566711,0.0068331957
4648,4007,52.22535,0.4919598,0.101033,0.19624795
4649,4005,1.7606583,0.48915967,0.0022670403,0.0051002502
4650,4286,2.7169304,0.4727188,0.0043522567,0.0087194145
4650,4829,31.570087,0.47235137,0.06502123,0.12321213
4651,4652,2.1315575,0.47887194,0.0038658753,0.008012876
4651,3574,25.187735,0.4784611,0.054395318,0.10337108
4652,4651,1.5918732,0.47452888,0.0019996166,0.004573256
4652,4829,115.41554,0.46928486,0.2317099,0.44685495
4653,2751,1.6294785,0.49456212,0.0028873533,0.006065324
4653,4909,13.596958,0.4895035,0.028314322,0.055238865
4653,6384,24.971664,0.49297157,0.054117627,0.1031387
4654,4986,1.3618736,0.4942396,0.0036362559,0.00788939
4654,5630,118.216515,0.49228665,0.18036622,0.35057285
4655,1038,1.831871,0.49475193,0.0038137287,0.008244514
4655,6339,68.586525,0.49856526,0.10171285,0.19607627
4656,5605,1.1998749,0.4970476,0.0042287484,0.00898999
4656,5604,24.469048,0.4983656,0.055537954,0.106918484
4657,5629,1.8867645,0.4938818,0.0042568594,0.009143949
4657,5857,59.019203,0.49381468,0.09305184,0.17900006
4658,3899,1.6571007,0.5389475,0.0014946908,0.00368689
4659,440,1.537838,0.48288348,0.004148975,0.009054929
4659,436,24.760315,0.49550253,0.060472764,0.11685054
4660,6238,22.389107,0.49944985,0.05442791,0.1048099
4660,6237,254.23265,0.0,0.9679129,1.9929645
4661,539,1.2044449,0.36969912,0.0048533306,0.009427816
4661,5266,33.80176,0.37386122,0.07251035,0.13638976
4662,4132,1.4525299,0.54003125,0.002462484,0.00558351
4662,7022,9.474663,0.02828139,0.055470444,0.11629844
4663,6229,31.628159,0.5614123,0.06123113,0.117078856
4663,3904,15.976744,0.30984604,0.051031932,0.089439556
4664,2937,3.5742989,0.52845645,0.0,0.0
4664,2825,23.122263,0.30058283,0.08338555,0.144216
4665,4666,1.8324623,0.29666877,0.0039198324,0.0074694604
4665,1985,139.213,0.29490024,0.31353134,0.6024559
4665,1974,46.076866,0.2856602,0.10612906,0.20308116
4666,4665,1.8847504,0.29682082,0.004256934,0.00805299
4666,2397,82.002884,0.30818617,0.18279897,0.35373992
4667,4668,2.5120773,0.26731962,0.00478141,0.008790031
4667,5469,7.3150177,0.27025813,0.01913473,0.0360671
4668,6506,2.4184113,0.2690345,0.006710723,0.0121576935
4668,4667,2.43758,0.26688504,0.004860796,0.008935049
4669,4650,27.751963,0.47773573,0.05938231,0.113153465
4669,5625,58.468353,0.470046,0.20809832,0.40182328
4670,5347,98.03758,0.38403302,0.2721052,0.52441424
4670,5347,126.151054,0.37840772,0.27236283,0.52246815
4671,4842,1.3447227,0.39999402,0.0043241754,0.008680999
4671,4672,13.515041,0.39420998,0.03282812,0.06325163
4671,3688,32.522915,0.4055632,0.08396342,0.15979913
4672,4673,100.2228,0.3805892,0.28289467,0.54478747
4672,4671,13.832741,0.39566025,0.033218246,0.06432539
4673,6177,8.331547,0.38019386,0.020506442,0.039371625
4674,767,0.971962,0.2894144,0.005107537,0.009632543
4674,1154,64.35841,0.31250575,0.14147273,0.27455413
4674,1154,60.75418,0.31143552,0.13348168,0.25891137
4675,1715,12.9187565,0.44310337,0.034767106,0.06775364
4676,4675,18.918058,0.43740922,0.05390478,0.106532335
4676,4675,25.910812,0.42934453,0.056412507,0.10696007
4677,4678,1.792099,0.35638124,0.0035241693,0.006743893
4677,2229,53.35166,0.35314333,0.11250877,0.21798748
4677,5204,25.475927,0.36360937,0.060410127,0.11358812
4678,4677,1.8345451,0.35559958,0.003492646,0.0068576336
4678,1455,57.817177,0.36147654,0.12314427,0.23708105
4678,6638,45.607178,0.34511986,0.10574965,0.20429827
4679,4815,2.229725,0.2740631,0.0062814355,0.011425599
4679,2284,13.74691,0.2808069,0.034199852,0.06524914
4680,1536,59.961845,0.47758538,0.11831019,0.22945821
4680,5184,27.953302,0.48340726,0.059750084,0.113322034
4681,32,13.612156,0.516467,0.029555775,0.05764553
4681,6596,8.870956,0.5167898,0.019046642,0.037793085
4681,3294,11.860689,0.5152059,0.025645465,0.050263554
4682,5720,4.7051086,0.43256325,0.012058526,0.023712158
4683,625,26.194063,0.4346203,0.06505939,0.12490142
4683,4682,2.6904984,0.42528075,0.0039730445,0.008004382
4684,417,1.6994667,0.46783406,0.0026869774,0.0058206916
4684,1345,41.996555,0.4692545,0.051958233,0.0995032
4685,1006,2.1622963,0.4648533,0.0036683604,0.0076939017
4685,4851,51.927162,0.46528733,0.11558154,0.22440708
4686,2721,1.738327,0.45395765,0.0023513436,0.0048411638
4686,7065,47.71852,0.45372525,0.10645936,0.20568626
4687,728,1.6904106,0.4845502,0.002249986,0.0048080385
4687,812,36.721664,0.48448214,0.07399762,0.14219576
4687,3328,7.135227,0.48581707,0.015630089,0.030497566
4688,744,2.1449623,0.4881275,0.0039159805,0.0079948455
4688,678,1.8810539,0.48319682,0.002606079,0.0053325295
4688,2837,21.381191,0.48269016,0.045511313,0.087186664
4689,744,1.389122,0.48997745,0.004375547,0.008816421
4689,678,1.9522438,0.4847553,0.004708752,0.009926632
4690,5174,1.5886192,0.48739928,0.0040987357,0.008456185
4691,4690,1.8504372,0.4987637,0.0039130077,0.007840499
4691,6803,55.65133,0.49831247,0.14289466,0.2773325
4692,1027,26.978134,0.4712991,0.066734195,0.12696984
4692,693,80.07067,0.4707237,0.07859546,0.14700124
4693,2865,12.297836,0.4677794,0.026812516,0.05252777
4693,567,68.2769,0.46409512,0.149122,0.28757972
4694,4695,12.190199,0.4607001,0.02608034,0.050636366
4694,975,103.85025,0.45396498,0.20842299,0.40115607
4695,4974,1.6893997,0.4619541,0.0030535832,0.0063296407
4695,262,104.99546,0.44926962,0.21861401,0.4198501
4696,968,11.901913,0.46035227,0.025319338,0.049177095
4696,4694,38.59313,0.46663344,0.08243313,0.15770303
4697,2871,1.8429298,0.4637648,0.002455555,0.005060509
4697,1146,40.89082,0.46570706,0.08066319,0.15390413
4697,6028,13.141142,0.46841845,0.028700829,0.055384256
4698,818,1.8852692,0.4632939,0.0034129694,0.0070683807
4698,1146,26.68177,0.46593374,0.059250213,0.11286673
4698,6031,6.533413,0.46828607,0.014033459,0.027770773
4699,4992,41.478485,0.43937495,0.09057771,0.17454581
4699,3509,5.094681,0.4411511,0.010928854,0.021983981
4700,6774,3.0415306,0.43923825,0.005531512,0.01099737
4700,3355,8.734402,0.43918478,0.01906415,0.037598535
4701,6843,3.7006187,0.3626746,0.008577883,0.016356662
4701,522,2.2094307,0.3639597,0.005068943,0.010144249
4701,6840,1.6880035,0.36900592,0.0040377155,0.008242115
4702,521,1.9374466,0.35836846,0.0044494495,0.00857985
4702,1856,105.82994,0.37880987,0.24303934,0.46789593
4702,6840,51.78784,0.361032,0.11976983,0.23207307
4703,542,42.072235,0.43452424,0.090716965,0.17431031
4703,4704,2.1084747,0.43537807,0.003970027,0.007952213
4704,4699,15.997234,0.44010288,0.03472674,0.06736292
4705,3509,19.213556,0.4405135,0.04354134,0.083702035
4705,4924,50.524967,0.4430051,0.13457277,0.26161692
4706,1016,1.8010178,0.4667761,0.002367422,0.0048416704
4706,5139,31.2504,0.46771345,0.06529992,0.123295374
4707,4708,1.5001106,0.51345325,0.0026894584,0.0054972917
4707,2830,41.536724,0.5071745,0.103844784,0.20169133
4708,5230,1.4204674,0.5104815,0.0036713853,0.007887632
4709,808,1.4653244,0.48743474,0.0018711016,0.004100129
4709,1185,73.699814,0.4861609,0.14491148,0.28087184
4709,6964,101.05821,0.48313358,0.2258808,0.43463355
4710,1871,4.1693344,0.30487573,0.011583418,0.020184115
4711,3063,44.00821,0.45813602,0.088605836,0.16998778
4711,4219,73.28398,0.4542353,0.14750351,0.2839022
4712,3187,1.2829475,0.4934741,0.00073383003,0.0018279105
4712,5502,40.247337,0.50422853,0.09824317,0.19149867
4713,4352,16.227322,0.4483109,0.037892025,0.072892115
4713,4333,5.5107307,0.4499014,0.013330467,0.026115686
4714,4779,2.1273918,0.49207684,0.0024980307,0.0055401027
4714,5332,16.5426,0.4930517,0.038807772,0.07519725
4715,1962,1.041336,0.4881876,0.0032264218,0.007705778
4715,4793,66.07059,0.5050968,0.17622054,0.33961615
4715,4474,69.38793,0.48981932,0.17988864,0.34568474
4716,4717,1.5127182,0.47798365,0.003240265,0.0069391876
4716,4718,2.6321564,0.46883774,0.0018046051,0.004372582
4717,4718,1.5266647,0.4749522,0.0030986518,0.0065477192
4717,584,169.22571,0.4732534,0.34036103,0.6580497
4718,4716,2.499115,0.47371957,0.0015860349,0.003925845
4718,4862,24.843683,0.4781239,0.055450577,0.105062835
4719,4695,1.223774,0.46611342,0.0022027194,0.0054314286
4719,977,4.2580566,0.4720916,0.0095957145,0.019533575
4720,6321,23.708256,0.4733646,0.05775608,0.111279055
4721,636,1.598423,0.48579407,0.0032345727,0.006562948
4721,4722,25.164263,0.47959673,0.054089908,0.10250545
4722,6175,223.62352,0.47712532,0.44842467,0.8677948
4722,636,26.329954,0.48462826,0.054651715,0.10392713
4723,4052,1.3390923,0.5374485,0.003761381,0.007143125
4723,1615,18.247217,0.02567628,0.10182524,0.21742828
4724,629,2.1701012,0.3819875,0.0029130504,0.0056623966
4724,3174,28.928326,0.38607132,0.064381175,0.121056475
4725,2728,80.54402,0.37382597,0.21449,0.41495013
4725,1935,14.340019,0.3829898,0.028729469,0.055076145
4726,6881,1.2629776,0.48698407,0.003825821,0.008036494
4727,4763,1.7919617,0.51102334,0.002135761,0.004928082
4727,5916,40.80485,0.5079837,0.100548595,0.19461769
4728,6255,0.468647,0.52015346,0.0035747811,0.0078146905
4728,41,23.130722,0.5177188,0.05655461,0.10863971
4729,4734,1.6288643,0.41449448,0.004439257,0.008704796
4730,4732,1.7019615,0.4071914,0.0051171854,0.010059714
4730,3379,6.605175,0.41532218,0.015815862,0.030539066
4731,6812,11.435495,0.4161343,0.026711494,0.05185683
4731,4729,1.5572815,0.41868067,0.004545644,0.009091064
4732,4731,1.6557808,0.40847132,0.0049531534,0.009703636
4733,4730,1.5461731,0.4082303,0.0043220073,0.008527413
4734,2166,7.363163,0.42151594,0.017346993,0.03360966
4734,4733,1.7324715,0.4176283,0.0048514754,0.00939621
4735,4733,1.7501564,0.41300285,0.005214125,0.010250345
4735,3379,9.868946,0.4120634,0.019552052,0.03785859
4736,4304,2.2950325,0.47492754,0.002812095,0.005675152
4736,2172,80.594734,0.47314787,0.15938255,0.30864006
4737,5393,1.254837,0.4747143,0.0019906312,0.00457263
4737,5394,23.749199,0.4785557,0.051911276,0.09894894
4738,514,6.8710785,0.5060704,0.01623936,0.032683283
4738,1559,20.986547,0.51607853,0.050285634,0.09715767
4739,5866,1.722538,0.4949302,0.0028593913,0.0067848563
4739,4740,38.975273,0.48884553,0.075914316,0.14568418
4740,1079,1.489914,0.466358,0.0017804354,0.00453943
4740,4906,17.553541,0.4898911,0.03734523,0.07232128
4740,2058,24.564337,0.48609725,0.050029535,0.09553911
4741,5180,34.68725,0.38668194,0.090440534,0.17401932
4741,5197,23.214478,0.38786304,0.05014894,0.094803095
4742,5448,33.64523,0.5097115,0.07206726,0.13702047
4742,5448,37.331005,0.5098326,0.07370203,0.1408915
4743,4317,2.2002792,0.38192368,0.0032810345,0.0064741075
4743,3960,39.17837,0.3921549,0.10286479,0.19814894
4744,2523,1.9041595,0.45225474,0.0027648956,0.005747974
4744,4746,1.1653976,0.45467585,0.0039991587,0.008561492
4744,2524,130.92944,0.45103806,0.26546586,0.51084775
4745,5273,2.055973,0.4560683,0.0030113459,0.0061517954
4745,2258,8.372967,0.45843887,0.018048488,0.035496354
4746,1129,1.7244377,0.4512981,0.0024056733,0.0048065484
4746,4747,32.216507,0.4582747,0.08365618,0.16081472
4747,5273,8.569244,0.46213055,0.020419195,0.03981766
4747,2258,2.0072632,0.45785993,0.0036896318,0.00744766
4748,4873,14.711012,0.29429805,0.034003,0.065052584
4749,4750,2.1488533,0.46829227,0.002333805,0.0048184693
4749,2799,28.213043,0.47397143,0.059984077,0.11403606
4750,4749,1.9634705,0.47063082,0.0021517798,0.0044751316
4750,3207,22.068926,0.47227782,0.04744957,0.09042971
4751,4983,1.4678879,0.494518,0.004249245,0.008896083
4751,4984,2.7698822,0.49471548,0.0054169297,0.011132196
4752,4631,1.6879921,0.48199865,0.001824297,0.004322663
4752,5195,71.94676,0.48685312,0.19187756,0.36970752
4753,1448,2.4421883,0.46499497,0.0020333305,0.0044122487
4753,3874,19.27016,0.46988055,0.047191963,0.09171452
4754,4755,2.1037064,0.50267416,0.0027980283,0.0059405267
4754,6711,22.626118,0.5021916,0.05462756,0.10493391
4755,4754,2.1022835,0.500967,0.0028509274,0.006128639
4755,6708,39.325428,0.50111294,0.10006,0.19560504
4756,6467,1.6246452,0.46252856,0.0025188103,0.005083397
4756,5671,147.30817,0.45653686,0.42518803,0.82277626
4757,4756,1.013813,0.4281829,0.004014455,0.008316383
4757,1452,9.308712,0.46342802,0.019758254,0.038690925
4758,4228,44.059746,0.5126917,0.07051683,0.13364758
4759,4269,1.8340645,0.48091552,0.004146762,0.008542359
4759,4760,2.8950958,0.47867283,0.0010319129,0.0023794025
4760,4270,50.29279,0.48375848,0.11089861,0.21346834
4761,4062,3.316822,0.41423708,0.005109526,0.010170966
4761,4089,87.98656,0.41685936,0.13358897,0.25731912
4762,2161,68.798065,0.5027215,0.1466248,0.2843178
4762,2829,29.21333,0.51117325,0.0734891,0.13989943
4763,4762,15.055677,0.51111573,0.035453822,0.06928433
4763,4727,1.7475433,0.50868785,0.0018304139,0.00414975
4764,6529,12.0831375,0.49314636,0.028377965,0.055474088
4764,4779,19.674902,0.49245164,0.046189822,0.08906957
4765,766,129.85022,0.44481754,0.20096534,0.3883735
4766,5484,105.76434,0.5040495,0.282022,0.5456583
4767,6519,43.288494,0.48172748,0.10752406,0.2098645
4767,4361,17.321146,0.47767752,0.040687628,0.07865264
4768,5920,33.61915,0.47764063,0.08518298,0.16255769
4769,4770,2.1176262,0.4192427,0.00244537,0.0049410164
4769,718,2.0650368,0.41820323,0.0036213398,0.0073055625
4770,4769,2.188507,0.41985548,0.0025206655,0.005024165
4770,719,25.738665,0.4164055,0.057229925,0.10798051
4771,718,2.0730782,0.41946995,0.002392657,0.0048847944
4771,4770,2.0577774,0.4193832,0.0036114752,0.007291466
4772,3882,1.9502563,0.41306317,0.0030706748,0.006565377
4772,4771,36.45913,0.41702592,0.07731277,0.1455131
4773,968,82.83334,0.4504544,0.16504551,0.31741512
4773,4774,7.948204,0.45036933,0.016470246,0.03211467
4774,261,15.21554,0.4470811,0.032206636,0.062574275
4774,4773,8.382454,0.45326385,0.01724919,0.033541054
4775,755,1.527462,0.48749214,0.0022508502,0.0049243867
4775,1117,26.874243,0.493629,0.056760013,0.10829629
4775,756,24.624926,0.49228823,0.05304295,0.10124289
4776,1746,8.933254,0.52807695,0.018525936,0.036412
4776,6679,2.3891792,0.5310954,0.0028636456,0.006534502
4777,1799,45.460464,0.20513305,0.10587421,0.21274748
4777,889,65.22197,0.26986617,0.15302801,0.3012459
4777,1767,3.171112,0.122045934,0.0072322786,0.013918415
4778,4643,2.4684334,0.4880393,0.0032830685,0.0070736706
4778,6916,2.1376495,0.48483574,0.0061132535,0.01256308
4779,4714,2.087513,0.4964851,0.0023093894,0.005044237
4779,4764,20.164244,0.49118415,0.047408734,0.091541015
4780,2453,54.505478,0.46011332,0.15600057,0.29785547
4781,3924,1.2982941,0.5328961,0.0024350286,0.0050936043
4781,665,38.64756,0.53772426,0.0989439,0.19105564
4782,2135,6.7463913,0.47645754,0.01450748,0.028368592
4782,4863,18.104633,0.46646118,0.041100036,0.07882159
4783,4784,1.7034187,0.47771218,0.0031119883,0.006482467
4784,4864,1.7743912,0.47777182,0.0036932454,0.007992268
4784,2991,12.925055,0.48286226,0.028063275,0.055094562
4785,6392,4.7127686,0.035434037,0.031178743,0.060035773
4786,3949,1.822609,0.47475442,0.0038081557,0.007729858
4786,5405,71.00981,0.4725858,0.16094726,0.30986047
4787,296,4.3386993,0.54057455,0.008110583,0.01695694
4787,3902,2.3867035,0.29034638,0.00768286,0.0128043145
4788,1558,210.25911,0.5325145,0.17215566,0.33507782
4788,5487,1.326374,0.5434197,0.0014045909,0.003363207
4789,6680,7.062355,0.5321485,0.013875194,0.027763233
4789,5684,58.433525,0.5255144,0.11259263,0.21840559
4789,3360,2.956047,0.53269774,0.0051856637,0.010974616
4790,6371,0.8699913,0.47083956,0.0029703602,0.0065472275
4790,4709,36.564198,0.48645777,0.08006775,0.15293609
4791,4324,6.946541,0.5281776,0.014119796,0.028038546
4791,4191,1.7474327,0.5307196,0.0015353039,0.003696084
4792,4791,11.135017,0.5266134,0.023054846,0.04527922
4792,4325,1.7104149,0.52898777,0.0014560968,0.0034202933
4793,4795,1.3088074,0.5102911,0.0009606704,0.0026594102
4793,3262,60.35047,0.51143986,0.15339218,0.2973715
4794,3262,0.8708801,0.4824248,0.00030380487,0.0011118054
4794,2393,74.78325,0.52037364,0.14287914,0.27768382
4794,4795,59.921654,0.5132029,0.15246613,0.29409045
4795,1962,66.45026,0.4990831,0.1768009,0.3409117
4795,4793,1.5715408,0.51301396,0.00159771,0.0037946105
4796,4329,0.6400261,0.29532552,0.00285203,0.0030364096
4796,4173,54.570152,0.30536738,0.1900186,0.3070621
4797,4779,16.79232,0.4930813,0.039699733,0.077019624
4797,5332,1.7133636,0.48868954,0.00277289,0.005478129
4798,5330,3.4309845,0.50247365,0.006117642,0.0126360655
4798,6917,103.20595,0.49073946,0.20302513,0.3918947
4798,4228,14.16416,0.5077914,0.029452343,0.057404175
4799,5331,1.5089188,0.4935966,0.0018517077,0.003847018
4799,5330,38.442917,0.49698496,0.07680361,0.14492872
4800,4797,1.2581673,0.481866,0.003507413,0.007316172
4800,4799,23.76364,0.489909,0.05102406,0.09717349
4801,2756,1.1465034,0.4948032,0.003690347,0.007824525
4801,4008,45.618164,0.49157932,0.08854786,0.1706193
4802,4801,1.5170975,0.49811327,0.00236056,0.0051410645
4802,4118,46.818924,0.49892712,0.11748081,0.22772826
4803,7024,19.697666,0.29539645,0.043560248,0.08205285
4803,4804,32.014214,0.30018535,0.087308764,0.16284585
4804,6960,22.834723,0.32405448,0.057180885,0.11011594
4805,1797,37.466667,0.2687304,0.0984118,0.18969491
4806,250,2.623787,0.298552,0.008350454,0.015652418
4806,7025,2.4812737,0.29935157,0.005013332,0.009468257
4807,6478,2.2864761,0.45170483,0.0034242123,0.0067893714
4807,5287,39.041515,0.45217147,0.104286455,0.20274599
4808,2067,84.52632,0.45571527,0.16669476,0.32014698
4808,5335,4.16457,0.4505855,0.007543817,0.015191823
4809,2460,2.009613,0.45670748,0.0030177012,0.0062008053
4809,6262,33.46221,0.46069986,0.06706732,0.124802254
4810,5334,1.9079056,0.45196304,0.0025181547,0.005388215
4811,4812,2.0266762,0.4714574,0.0022344142,0.004632592
4811,4286,20.492876,0.4760378,0.04414294,0.084736004
4812,4811,2.0927124,0.4704644,0.002492085,0.004991755
4812,3970,22.248123,0.4749238,0.048261523,0.092131466
4813,6891,1.4045372,0.40359712,0.0048441812,0.009559572
4813,2533,18.307205,0.40101534,0.039847028,0.07682967
4814,5712,1.263443,0.48443383,0.004165128,0.0086025
4814,4504,19.369244,0.48685426,0.053001884,0.10377666
4815,5301,0.8476372,0.25433618,0.005190879,0.009663135
4816,6131,23.38044,0.531974,0.048208382,0.092248835
4816,4817,1.7064972,0.5329312,0.001428701,0.0034566969
4817,6133,2.5615463,0.53008705,0.0045792535,0.00960803
4817,4816,1.9036369,0.53159326,0.0018397644,0.004339859
4818,5748,16.478186,0.45877135,0.032877978,0.06462673
4819,3507,7.5587807,0.4506236,0.01917971,0.03751488
4820,5391,46.589233,0.45563477,0.08338221,0.15784997
4820,4819,24.953598,0.4586564,0.049916673,0.095800154
4821,3926,42.526447,0.49623287,0.09163639,0.17704977
4822,6655,4.631485,0.49611315,0.011718951,0.0237111
4822,4821,4.390579,0.49691188,0.006404169,0.01357466
4823,4287,35.076996,0.47022957,0.14685902,0.29066443
4824,1386,2.317276,0.48072428,0.0038257167,0.007950321
4824,3617,110.544685,0.47015685,0.22295189,0.4295922
4824,5616,129.4059,0.4697914,0.26250613,0.50443774
4825,7012,1.7255974,0.47812843,0.003503859,0.007408917
4826,3920,2.1088448,0.4759237,0.0022700354,0.0045223385
4826,4913,50.35928,0.4737772,0.11179371,0.21450996
4827,3208,0.0,0.4656918,0.007144235,0.013332397
4827,5919,1.9355278,0.47470433,0.00376603,0.0076871067
4828,2352,1.49897,0.416945,0.004360199,0.0089339465
4828,2352,36.677555,0.42306477,0.07473477,0.1400213
4829,4652,115.2238,0.4679073,0.23129377,0.44564313
4829,4650,31.880024,0.47553855,0.06508684,0.12339217
4829,4286,31.129826,0.47387463,0.06382762,0.12094797
4830,4831,1.2781982,0.46539184,0.0033527687,0.007101789
4830,3515,8.577057,0.47552162,0.017054103,0.03376238
4831,7052,4.623192,0.46929848,0.012994394,0.025685534
4831,4830,0.84394455,0.4774194,0.00312227,0.006814733
4832,5643,52.327038,0.49479416,0.089087404,0.16914663
4833,8,1.7275658,0.36287683,0.0030683726,0.0060134977
4833,11,89.39646,0.36242682,0.24563444,0.47406
4834,4835,22.439922,0.26493803,0.05005804,0.09410437
4834,5472,11.712215,0.263772,0.02870918,0.05473829
4835,5470,0.0,0.05739671,0.0051485226,0.009579331
4836,1841,5.560631,0.4384662,0.011097677,0.022056699
4836,1891,72.324005,0.42604947,0.14541805,0.2799858
4837,2480,1.2201767,0.46776098,0.0041704327,0.008634031
4837,5926,129.29822,0.46711612,0.28589833,0.5509498
4838,3263,2.7355194,0.46974385,0.002337493,0.0050902963
4838,5516,30.946249,0.4716623,0.06963147,0.13127455
4839,3396,13.6320915,0.47787914,0.029705953,0.057522014
4839,3265,23.437765,0.4729063,0.05174138,0.098205075
4840,4841,1.6139107,0.39635497,0.0048284754,0.009394944
4840,533,16.049791,0.39978912,0.038319472,0.073382
4841,4840,1.4587059,0.39712915,0.0045640394,0.009027362
4841,5664,2.4024315,0.3986825,0.00724303,0.01366733
4842,4671,1.3308678,0.40287316,0.0043000802,0.008641556
4842,4840,3.8261948,0.4031676,0.010317348,0.02010636
4843,1416,18.440632,0.5268177,0.045615032,0.088928394
4844,4843,29.395645,0.521181,0.07755547,0.14872846
4844,4843,41.99977,0.5179281,0.07895931,0.1499882
4845,1885,54.868343,0.37378353,0.112780355,0.21781503
4845,3673,22.232784,0.3818365,0.06415687,0.123187006
4846,3249,25.790886,0.49466014,0.075510345,0.14536977
4847,6885,1.5224953,0.42644912,0.0029192716,0.006371945
4847,5050,12.074738,0.44897312,0.025420666,0.04918982
4848,3895,84.00862,0.40875128,0.22697341,0.43689662
4849,4158,20.823006,0.33641142,0.051645294,0.098037
4849,4158,24.160856,0.33124375,0.05388274,0.10209328
4850,1017,2.0516205,0.4704693,0.0025792047,0.005401641
4850,1027,12.794722,0.4727526,0.025262937,0.049218684
4851,4853,2.1545258,0.46019566,0.004112549,0.008287728
4851,2463,3.1540565,0.4621884,0.0062772855,0.012308806
4852,4854,2.097149,0.44542378,0.003313072,0.006713778
4852,4326,37.065178,0.44585788,0.0837086,0.15972139
4852,180,20.727531,0.45170605,0.045442365,0.08682107
4853,2463,1.8927231,0.46041533,0.00339628,0.006972313
4853,6831,20.198338,0.45688504,0.04495992,0.086463526
4854,4852,1.9835968,0.44812787,0.0029024929,0.0058903694
4854,4277,84.945786,0.45108575,0.19254369,0.3697471
4855,4853,1.5847435,0.45903075,0.003084682,0.0064118356
4855,1489,3.1745834,0.45697808,0.0069735944,0.013874814
4856,1843,29.51933,0.39478043,0.08890101,0.17241286
4857,4858,3.1343727,0.37350947,0.0033969358,0.007009119
4857,2315,5.7592087,0.36809433,0.017398104,0.033378363
4858,4857,3.1951103,0.37453258,0.00367482,0.007689357
4858,4159,1.1311607,0.3706568,0.0071220696,0.013399601
4859,4860,2.4183235,0.27005118,0.0047543496,0.008835092
4859,272,34.72868,0.27471793,0.11239131,0.22081742
4860,4859,2.4929657,0.27091324,0.004963167,0.009076044
4860,5471,24.11005,0.26514694,0.07103316,0.13778389
4861,4806,2.562622,0.2974128,0.0048312917,0.009302929
4861,6447,1.7179718,0.29972947,0.0042706802,0.007948473
4862,4782,1.7603416,0.4748983,0.0035746098,0.007098943
4862,2134,179.80333,0.47172338,0.39800808,0.76980466
4863,4783,1.4912949,0.47762385,0.0025502518,0.0053277016
4863,2990,20.878347,0.47437787,0.04508555,0.08636893
4864,4863,1.5440216,0.47188193,0.003299579,0.0067833066
4864,2135,21.51871,0.46850258,0.048638612,0.093102716
4865,3894,2.769516,0.46780154,0.003717415,0.007900432
4865,4838,122.90936,0.47087944,0.27207068,0.5230138
4866,4186,12.56806,0.45136204,0.027047187,0.05257474
4867,2184,6.730076,0.37822622,0.016973302,0.032799944
4868,5200,5.0265236,0.3660947,0.01163131,0.02275768
4869,3364,1.5778198,0.51814604,0.0025845617,0.0053602904
4869,4231,49.281937,0.03993976,0.35205448,0.7352679
4870,4871,0.38749313,0.12219295,0.00074724853,0.002995655
4870,2861,37.970158,0.46852767,0.10424338,0.20221984
4871,4870,0.28475952,0.12183198,0.0016222224,0.004322186
4871,424,11.574251,0.46176565,0.025045201,0.049225524
4872,2567,7.6564445,0.51180893,0.01609432,0.03215523
4873,6929,3.0524101,0.2928558,0.003440082,0.006855786
4873,689,20.034977,0.29275894,0.048559476,0.09109415
4874,4875,1.3368835,0.4570717,0.004360333,0.008952871
4874,2527,2.0536156,0.45258838,0.0032954141,0.0066968054
4875,2525,1.9890823,0.45683467,0.0032127649,0.006316498
4875,2259,31.2966,0.46412686,0.080242455,0.15275958
4876,4877,1.585434,0.43440524,0.0050272197,0.009990811
4876,1164,32.544003,0.4384849,0.10027443,0.19679515
4877,4876,1.5276566,0.42988676,0.0049102455,0.0097669065
4877,2710,14.6657715,0.44181526,0.03882815,0.07508931
4878,1918,1.6936531,0.43310905,0.0052999407,0.010519519
4878,1523,33.58513,0.43730906,0.10995266,0.21667941
4879,4880,2.4246979,0.4683691,0.0051959082,0.010335118
4879,3181,96.55082,0.45726776,0.21029332,0.4053316
4880,3394,58.32683,0.4710168,0.12690064,0.2461379
4880,4879,1.5924377,0.46648943,0.002838917,0.005959019
4881,4882,49.125862,0.45994577,0.0968514,0.1864508
4881,4885,2.5836449,0.45704615,0.004454434,0.009031028
4882,4884,2.006424,0.45499575,0.0028473437,0.005744055
4882,4883,14.922298,0.4615146,0.03162656,0.061495975
4883,1557,1.5545921,0.45812428,0.002057232,0.004747644
4883,1111,72.0733,0.45346656,0.14502461,0.27974617
4884,4882,1.8153076,0.45715073,0.0024636015,0.004977584
4884,4881,48.241196,0.4606623,0.09743277,0.18855548
4885,1111,57.539524,0.45533463,0.115827575,0.2242993
4885,1110,104.44466,0.45217606,0.21096197,0.40652397
4885,5545,128.08298,0.45612246,0.26080534,0.50296885
4885,4881,2.7246742,0.45504984,0.004631862,0.0094693005
4886,4234,14.040335,0.47883695,0.029501852,0.057580672
4886,5064,65.04727,0.47603235,0.13052835,0.2537696
4887,6601,2.3846169,0.45315176,0.0042954087,0.008391514
4887,3766,44.812847,0.03467053,0.22016972,0.46123546
4888,902,1.7219353,0.4382102,0.0026637018,0.005646065
4888,2602,118.6445,0.43000197,0.24048904,0.462613
4888,6410,34.406597,0.44169486,0.07113049,0.13458559
4889,552,1.7635345,0.45664576,0.0033563972,0.0069363117
4889,897,47.975307,0.4544305,0.105848275,0.20408984
4890,4991,145.10883,0.451501,0.36928487,0.71367866
4890,5992,3.1051483,0.44939348,0.006548777,0.013348728
4891,5793,2.539444,0.44707084,0.0022284016,0.004649535
4891,5006,4.0866547,0.45078933,0.008961558,0.017493218
4892,897,2.8405685,0.45469558,0.0017855838,0.0038700998
4892,4889,47.10813,0.45495558,0.10393871,0.20003393
4893,898,1.9179611,0.45210075,0.002718486,0.0055832714
4893,3500,32.08539,0.4533769,0.06569428,0.12465787
4893,5815,20.381733,0.45541513,0.045676786,0.08728374
4894,4892,3.1696968,0.4493115,0.0018837899,0.0041949004
4894,3765,16.245672,0.45224315,0.03604158,0.06964635
4895,564,1.8686829,0.4522467,0.0027635396,0.0056735724
4895,4891,56.359085,0.44827932,0.12695155,0.24432206
4896,618,52.006104,0.46393284,0.10317738,0.1988305
4897,860,28.541546,0.4810778,0.060643528,0.11527738
4897,862,1.9331131,0.4658396,0.003567107,0.007445261
4898,5137,2.0910988,0.47735295,0.0036771074,0.007717192
4898,5718,1.7014999,0.4747252,0.0030022934,0.0064890534
4899,863,22.221035,0.48106298,0.047875024,0.09197436
4899,4900,1.9275131,0.4718796,0.0034280792,0.00720869
4900,4898,1.921608,0.47614512,0.0028550327,0.005823031
4901,954,3.9255676,0.46219432,0.0063358843,0.012374014
4901,953,4.320408,0.4695688,0.013733402,0.02651459
4902,4353,2.5166626,0.4483515,0.0020026788,0.004404351
4902,4903,10.982189,0.45188895,0.024567291,0.047254294
4902,3768,7.345497,0.45030874,0.016479112,0.03186041
4903,1740,8.55101,0.4502251,0.020815305,0.040585995
4904,4905,1.9827805,0.49045286,0.0021409094,0.004457146
4904,4653,13.715002,0.49083555,0.028355807,0.055487648
4905,4904,1.9057465,0.49059364,0.0021451637,0.00438641
4905,4907,9.061127,0.4893339,0.01863189,0.036941692
4906,4904,9.2960205,0.48842707,0.01928056,0.038177848
4906,4907,2.0996246,0.4911528,0.0025209785,0.005179107
4907,4906,2.132946,0.49018675,0.002469562,0.0051600933
4907,1079,18.95416,0.4942417,0.03965619,0.0771315
4908,4909,1.4653625,0.49094307,0.0021832362,0.004453689
4908,2751,13.758825,0.48832446,0.028571889,0.05578834
4909,4908,1.4728928,0.49188548,0.0022291318,0.0045832545
4909,3007,20.431057,0.4877424,0.0432042,0.083458655
4910,643,45.504566,0.47186503,0.08891442,0.17181873
4910,3260,54.361206,0.47562873,0.10566127,0.20436274
4911,3821,22.406948,0.4755619,0.049143437,0.094036855
4911,4912,41.660168,0.4780982,0.09025663,0.17361104
4912,4913,2.8484726,0.47708762,0.0024048984,0.005751908
4912,3920,51.643494,0.4752035,0.11244655,0.2166141
4913,4912,3.0791206,0.47027627,0.002810195,0.006465733
4913,3319,40.109676,0.4745899,0.08608308,0.1663786
4914,890,1.9688416,0.48347238,0.0028279647,0.005906433
4914,5348,67.9785,0.4871995,0.13412921,0.25961065
4915,2390,67.01434,0.37366498,0.14263625,0.27658528
4915,2999,2.2718925,0.36836994,0.0047564656,0.009317383
4915,4916,2.013008,0.36651018,0.0041898265,0.008286551
4916,2999,2.4242935,0.36569905,0.007352628,0.01393643
4916,4915,1.7852974,0.36663717,0.0033833757,0.006878197
4917,983,4.3597374,0.47820666,0.010830164,0.022087097
4918,3929,1.123272,0.44780198,0.0008485615,0.003071934
4918,3771,1.2937851,0.03890258,0.008941986,0.016383901
4919,2653,1.8163872,0.44360083,0.0029982328,0.006454617
4919,6610,43.88046,0.44309422,0.08555428,0.16396348
4920,2834,38.10756,0.4153217,0.07789628,0.14705507
4920,4923,16.250496,0.42440128,0.03505443,0.0674434
4921,1997,31.007648,0.43087727,0.065250695,0.12365358
4921,4922,1.959095,0.4291212,0.0033804402,0.0069395006
4922,4923,1.7432022,0.42780417,0.0028941482,0.005884111
4922,4920,15.978466,0.42770636,0.03439531,0.06645862
4923,4922,1.5700569,0.42428446,0.0023838952,0.0051787645
4923,4921,2.3548927,0.42726249,0.0041283146,0.008274078
4924,4948,20.82422,0.43699855,0.053118717,0.102324694
4925,4926,2.1683502,0.3748365,0.0042562485,0.008143589
4925,1258,45.508755,0.3879628,0.092524335,0.1764361
4926,4927,1.8360825,0.37770417,0.0029472783,0.005869508
4926,5193,20.356339,0.3704039,0.045538396,0.08663805
4927,4925,2.0415497,0.37755504,0.0039780587,0.007702902
4927,4926,1.6876526,0.376099,0.0028739274,0.0057327896
4928,3079,38.785038,0.49453148,0.07831492,0.15138572
4928,6049,143.66309,0.4927193,0.2857101,0.55225104
4928,2609,63.057343,0.49631163,0.124823965,0.24283674
4929,4930,3.62146,0.4972163,0.0057559535,0.011312887
4929,5610,1.6608276,0.49526533,0.002784036,0.0055523366
4930,3495,10.937237,0.5015046,0.025806807,0.050679103
4931,6222,4.8635864,0.450014,0.0049336255,0.010213703
4931,4932,5.4462585,0.45910782,0.009169027,0.017973095
4932,243,28.61913,0.44777346,0.07123846,0.13574582
4933,1497,2.1458435,0.4619225,0.0041404665,0.008430138
4933,4934,2.958294,0.4622397,0.0050991923,0.010307491
4933,1496,27.152239,0.464244,0.06090103,0.11618701
4934,1497,2.05682,0.46226954,0.0036121458,0.0072895437
4934,4933,2.8011513,0.4624693,0.0046619326,0.009339914
4934,3018,100.1418,0.4612188,0.21736655,0.41950303
4935,1728,22.013979,0.43162823,0.062556975,0.12150191
4936,4935,16.262577,0.4280253,0.04566524,0.08909113
4936,4935,24.730318,0.41872594,0.053906657,0.10280026
4937,1703,1.9833374,0.4272508,0.0035510063,0.0074610114
4937,1706,23.17844,0.42409277,0.05074442,0.09650171
4938,3440,4.28471,0.4891099,0.008561172,0.016887873
4938,3439,2.1667137,0.48111027,0.0031334534,0.006483063
4939,4940,0.8327637,0.519178,0.0041585267,0.009475887
4939,6046,8.787224,0.5189313,0.02263841,0.044984385
4940,6045,10.640564,0.5186959,0.022080109,0.043354884
4941,2685,1.63834,0.43721431,0.0039764643,0.007703334
4941,2686,8.867664,0.44373438,0.020508282,0.039692998
4942,4943,3.1279716,0.51871616,0.0043476,0.0093555
4942,3347,5.2427673,0.51975244,0.008403324,0.017173722
4943,4942,3.2154007,0.5197497,0.004587136,0.009462491
4943,1750,77.34219,0.52074105,0.10631975,0.2066167
4944,5404,1.6334419,0.46601945,0.0031014606,0.006535843
4944,3242,38.787792,0.47676554,0.077571,0.1477738
4945,4946,19.111086,0.45661205,0.040890887,0.079465985
4945,5810,1.6424828,0.4514855,0.0032582209,0.00718154
4946,928,2.2875633,0.456374,0.0034985319,0.007063955
4946,5810,18.294792,0.4555806,0.039511453,0.07626299
4947,622,3.6122246,0.46208313,0.006710276,0.013558313
4947,846,83.100204,0.45529056,0.16364196,0.3152931
4948,5905,61.22867,0.42405373,0.17140894,0.33193082
4949,4948,2.0353432,0.43446833,0.0060837194,0.012010694
4949,1515,44.439377,0.42576587,0.08889025,0.17187159
4949,2358,8.6758995,0.4316948,0.017888874,0.035012662
4950,4951,2.6432648,0.43493074,0.0044627413,0.008819133
4950,1355,24.903372,0.43392956,0.05348405,0.10093536
4951,544,26.728077,0.43912536,0.060221277,0.11455239
4952,1623,40.806267,0.32973194,0.080921605,0.15067694
4953,4954,0.49063492,0.076228976,0.002858013,0.0055942684
4953,2039,28.766777,0.25140914,0.070599586,0.1324967
4954,4955,2.2738304,0.2387169,0.006741062,0.012140363
4954,3980,40.27939,0.24077699,0.09410931,0.1823449
4955,2046,1.5137978,0.1510528,0.0049449727,0.009176984
4955,4957,50.096645,0.22220388,0.11391169,0.2223543
4956,4538,1.6888275,0.1732676,0.00381428,0.0068629235
4956,4538,32.251293,0.21786329,0.075931415,0.1438802
4957,4956,1.9459038,0.22835848,0.005899906,0.010742992
4958,2055,1.5906487,0.27760857,0.0037620887,0.007123947
4958,3452,48.034977,0.28451806,0.10748531,0.2052539
4958,4959,21.410591,0.27065617,0.051982448,0.09748118
4959,2039,1.7567291,0.26143405,0.0041296408,0.0076109916
4959,4954,28.295597,0.2492994,0.07096359,0.13320825
4960,1186,118.877266,0.473777,0.17857313,0.34646416
4960,1185,13.154324,0.4873699,0.02503372,0.0492308
4961,4403,28.298964,0.46564698,0.0589388,0.111694105
4961,651,28.979158,0.4688239,0.06022121,0.11398737
4961,649,25.896858,0.46319354,0.054818276,0.10346921
4962,4914,1.5096359,0.48705405,0.0022576451,0.0048004687
4962,3480,73.52643,0.486825,0.14554204,0.28187054
4963,4962,1.7084923,0.48856393,0.0025846064,0.005256921
4964,6128,1.9534988,0.34374785,0.0040247887,0.0076378137
4964,5068,30.25621,0.0935123,0.08539177,0.16957884
4965,1113,72.24194,0.49818233,0.1402872,0.2717887
4965,4967,16.503212,0.49758857,0.035234947,0.068193264
4966,4967,1.3289719,0.4960475,0.0018155947,0.0037361085
4966,4965,16.585249,0.49882093,0.03535675,0.0687512
4967,6227,1.9685211,0.5019976,0.003221169,0.0065317154
4967,4966,1.3347092,0.49662852,0.0017228052,0.0035271496
4968,1040,2.9398956,0.49249858,0.00508707,0.010428786
4968,998,36.645203,0.49179918,0.07320857,0.1398937
4968,4969,3.852028,0.49000022,0.0060494095,0.012241766
4969,1040,4.376198,0.4926234,0.008230075,0.016679317
4969,828,39.176083,0.49331394,0.07774908,0.14938039
4969,4968,3.7676811,0.48983133,0.005856581,0.011960477
4970,2888,20.208702,0.4003248,0.04463992,0.08516076
4970,6511,54.371307,0.4038409,0.12223001,0.24011728
4971,7031,26.489502,0.40393865,0.057013705,0.108462036
4971,847,53.908855,0.40075073,0.120177045,0.23576662
4972,3332,52.017445,0.47219566,0.11189911,0.21686468
4973,5298,98.75807,0.47408152,0.22187054,0.42527062
4974,6276,1.5007172,0.4676167,0.0032230765,0.0075148344
4974,4973,7.6854553,0.47108746,0.0075606406,0.01534459
4975,3600,1.8560982,0.46350777,0.0027060732,0.005538374
4976,3116,5.095642,0.04281065,0.021463767,0.041818216
4977,6725,0.7247467,0.47407016,0.003428243,0.0066421777
4977,6880,68.11818,0.4689381,0.15435575,0.2970812
4978,1957,1.7483826,0.44344985,0.002427712,0.0050709844
4978,2628,167.62329,0.43035066,0.34725085,0.6689874
4978,5278,44.506695,0.44879225,0.11403503,0.22158706
4979,1391,2.0575943,0.4419238,0.0034657046,0.006480977
4979,4978,44.50951,0.4469357,0.11161371,0.21735269
4980,203,1.8179474,0.4377428,0.0035289451,0.0073866844
4980,4979,26.321701,0.44288588,0.06479588,0.12331368
4981,4980,1.6064873,0.44190836,0.005088918,0.010355145
4981,6516,49.45288,0.4422044,0.05771732,0.107840195
4982,4751,1.0558243,0.49289387,0.004004486,0.008608848
4982,4984,3.5757027,0.48348555,0.005628884,0.011461377
4983,6716,0.6738205,0.036412388,0.0030462816,0.0058769435
4984,664,73.429535,0.49184483,0.14521381,0.28167167
4984,4983,2.7095642,0.49747705,0.004305735,0.008297652
4985,5735,8.654087,0.48300976,0.021485567,0.042204767
4985,2741,5.524048,0.48243952,0.00958176,0.019702613
4986,6625,1.3774605,0.49471712,0.0031541437,0.0068493783
4986,738,17.973486,0.49202725,0.04017698,0.078034
4987,5862,1.7016907,0.49915135,0.0029930845,0.0063399673
4988,6935,2.5037804,0.49630797,0.0022061989,0.0044521987
4988,5744,49.467896,0.494248,0.105453774,0.20430404
4989,439,2.4604492,0.49654463,0.006719917,0.013710052
4989,6189,4.5186157,0.49728402,0.011343524,0.022718772
4990,3705,1.5591125,0.49909326,0.0021434203,0.0043397695
4990,5704,33.819687,0.500579,0.0856493,0.1631115
4991,6942,0.4894905,0.07519308,0.0040563345,0.007811874
4992,1610,2.2129326,0.44758937,0.007716328,0.01541692
4993,4994,2.7129097,0.4481125,0.002556391,0.005161956
4993,4995,44.827835,0.4547034,0.09919736,0.19049737
4994,4993,2.7474937,0.4469703,0.0024985373,0.0050629675
4994,2060,6.573292,0.45487058,0.014786385,0.02878347
4995,4186,2.46883,0.45209888,0.0018376261,0.004087478
4995,3531,16.342089,0.45708922,0.036762908,0.07180335
4996,2060,1.6783676,0.4526615,0.0023701712,0.0048681796
4996,4993,6.28582,0.4564442,0.013946779,0.027033806
4996,5883,35.913185,0.4538461,0.073055565,0.13833517
4997,3879,1.582634,0.44043976,0.0028623194,0.0065128505
4998,5001,1.7902832,0.40768543,0.003466703,0.0071433187
4998,6361,27.74105,0.39496517,0.06899467,0.13136034
4999,4998,1.9341125,0.40022683,0.004456319,0.008704841
5000,4999,1.6500893,0.41134655,0.0033024922,0.0064738095
5000,3512,123.086334,0.4403746,0.2797835,0.5383158
5001,5000,1.5033569,0.40003774,0.0035327077,0.0072271824
5001,3740,27.789679,0.41269967,0.06310858,0.11963881
5002,4282,1.2541656,0.47352666,0.0039916784,0.008322805
5003,4086,23.948362,0.47905755,0.053555686,0.10207349
5003,6847,1.7764168,0.48823372,0.0023650825,0.006012529
5004,5962,9.474518,0.44078535,0.01945728,0.038075104
5004,1346,6.149475,0.441448,0.012450129,0.024452746
5005,1253,1.8085518,0.4341258,0.0034322739,0.0070605576
5005,1276,29.31028,0.43347418,0.06257117,0.11889345
5005,1203,32.619896,0.42676854,0.07299504,0.13900486
5006,5007,2.5619354,0.45121604,0.0017850325,0.0026685596
5006,901,5.2909317,0.45009136,0.011276998,0.021677032
5007,5006,2.5572968,0.45240024,0.0017935112,0.0026967227
5007,5793,3.6545181,0.4496255,0.007759027,0.015202075
5008,3632,1.4316711,0.5092811,0.0027045086,0.0060718507
5008,5,15.518536,0.032240808,0.06881598,0.14219858
5008,682,42.20636,0.5081625,0.09300046,0.17823672
5009,6656,25.673378,0.49491322,0.07438378,0.1455214
5009,7054,2.1033745,0.4997259,0.0042295232,0.009316966
5010,5011,1.8688049,0.54374087,0.0020170957,0.005319014
5010,3709,84.599075,0.53716046,0.1204427,0.2329437
5011,4632,3.0828133,0.5488739,0.006111741,0.011936486
5011,2235,27.389194,0.5342367,0.04482427,0.088703066
5012,1651,4.040531,0.48274285,0.006382689,0.01294823
5012,375,3.3554192,0.48066851,0.008971997,0.018098772
5013,5014,1.2245674,0.35319662,0.0051279664,0.009779856
5013,1781,114.88902,0.37759286,0.24598286,0.47216207
5014,5013,1.1744881,0.35306817,0.0049157217,0.009629488
5014,768,53.634136,0.36761874,0.18500237,0.3610118
5015,1456,57.190674,0.3759928,0.11638932,0.22604829
5015,5072,2.208603,0.38708454,0.005333215,0.010104671
5016,626,2.1620255,0.40686306,0.0029023886,0.005993217
5016,6284,27.760576,0.40112343,0.06090042,0.11513002
5017,5018,0.86400986,0.5270054,0.0029581636,0.0059741437
5017,3870,64.93843,0.51804143,0.12463111,0.24280779
5018,5017,0.8477516,0.5284979,0.0034925863,0.0074325055
5018,5655,11.054237,0.52635413,0.030113675,0.05887807
5019,5020,2.306778,0.28870487,0.0040383786,0.007851228
5019,714,15.7069,0.28351998,0.039292656,0.0749458
5020,5019,2.012394,0.29057208,0.0034529641,0.0064302087
5020,1906,72.883606,0.3207264,0.20844162,0.4031856
5021,3985,2.1527596,0.44900417,0.0033390522,0.006807357
5021,3048,29.607574,0.45302632,0.061753135,0.1168361
5021,5022,31.623976,0.45321736,0.065371566,0.12246157
5021,5285,55.538376,0.45054176,0.11024167,0.21336654
5022,5283,1.8657722,0.45197022,0.002863109,0.0056648552
5022,3047,28.708454,0.4516154,0.07152746,0.13704263
5022,5021,31.849712,0.45219162,0.06673059,0.12600505
5023,5238,1.550911,0.4767284,0.0025829077,0.005522847
5023,6347,25.685694,0.4805332,0.057169527,0.10869232
5024,5546,2.8702164,0.4942243,0.005039118,0.010421827
5024,63,68.80862,0.50253814,0.0833121,0.1590577
5024,65,2.4772644,0.47767028,0.0038667917,0.008858383
5025,2423,2.4683723,0.30526793,0.0059760734,0.011188909
5025,4548,6.3063965,0.1023891,0.015798949,0.03083846
5026,2140,158.80945,0.40333053,0.33555776,0.6445463
5026,3733,7.012066,0.40468952,0.015231781,0.029699191
5026,6067,7.583908,0.40187582,0.016242929,0.031301394
5027,6830,30.296768,0.35929805,0.06739813,0.12643129
5028,6730,1.3451691,0.3503396,0.0048609003,0.009529352
5028,5029,20.85582,0.34868467,0.04859772,0.09202765
5029,1952,1.3258171,0.3403692,0.005264558,0.010067821
5029,3524,6.796726,0.3448214,0.015819952,0.030439764
5030,5031,1.4106369,0.53593093,0.0016089082,0.0040864944
5030,3923,71.59653,0.5281167,0.18501115,0.35723567
5030,5109,47.714966,0.5345501,0.092135265,0.17782488
5031,5030,1.4975662,0.5362489,0.0017281026,0.004573047
5031,1192,217.08453,0.5217853,0.42553675,0.82603353
5031,2707,130.47687,0.5258462,0.34498462,0.6686857
5032,505,1.1544647,0.53191125,0.001836285,0.00414446
5033,5032,0.97712326,0.528818,0.0019206852,0.004517913
5033,5851,85.17003,0.5237767,0.18801416,0.36372805
5034,5033,1.2961121,0.52704585,0.0023472086,0.004974082
5034,3421,45.724464,0.5278132,0.096886426,0.18597877
5035,721,17.227062,0.42150423,0.041970793,0.0805298
5035,2136,25.242708,0.41190594,0.051968604,0.09795512
5036,5609,1.0644264,0.499385,0.0040208623,0.008307457
5036,737,33.68053,0.5047594,0.056553736,0.10791751
5037,5040,1.0214233,0.49452013,0.003527701,0.007578045
5037,4657,29.482258,0.4959337,0.067212954,0.12732929
5038,5037,1.3756905,0.49447253,0.0030175522,0.006746143
5038,5079,32.75962,0.4977481,0.08324885,0.15907596
5039,5038,1.2558365,0.49295712,0.003585644,0.0072499663
5039,4077,15.531416,0.49848703,0.03376889,0.06590967
5040,5039,1.2602997,0.49598595,0.0032269284,0.0069542527
5040,3494,14.793699,0.49755403,0.035192404,0.06826596
5041,5210,1.4439125,0.49014053,0.0033249408,0.0072268546
5041,3809,53.184383,0.4912976,0.13888252,0.2706877
5042,5041,1.0086975,0.49319774,0.003933482,0.008149907
5042,4025,20.246264,0.49316078,0.04499161,0.086851604
5043,6754,1.182476,0.5020907,0.0044127107,0.0091495365
5043,2763,15.04855,0.4989424,0.032953408,0.06398084
5044,4611,1.5617905,0.46070275,0.004354663,0.008734554
5045,1974,19.677309,0.28678712,0.050316803,0.09485291
5045,1974,23.466698,0.28546363,0.053507715,0.10127779
5046,5047,0.7744713,0.4812524,0.0027118698,0.0062826723
5046,4405,49.609505,0.48284245,0.107615374,0.209208
5047,5049,1.1844978,0.47175127,0.0022288784,0.0051638335
5047,4660,26.979565,0.4915566,0.066214025,0.12587704
5048,5046,2.131195,0.47337568,0.0038336888,0.007854849
5048,1406,27.471756,0.4773668,0.06841798,0.13020554
5049,5048,1.305439,0.44884405,0.003562279,0.0066773593
5049,3853,90.16417,0.48747817,0.19662315,0.3790171
5050,974,32.592197,0.45338532,0.067123696,0.12804787
5050,6885,11.232471,0.45856577,0.023565203,0.04620698
5051,2657,90.77167,0.43920994,0.1844199,0.35554582
5051,6179,5.7702446,0.4386416,0.011322252,0.022336736
5052,2377,2.7625923,0.49810392,0.0045335814,0.009444371
5052,5053,4.501255,0.49808317,0.007382609,0.014771983
5053,6799,28.347086,0.4978874,0.059904683,0.11351826
5054,3671,8.948589,0.4398395,0.018430449,0.0361508
5055,4655,10.122566,0.4947335,0.022249624,0.043439955
5055,4655,17.515139,0.49023464,0.024189904,0.04805021
5056,4470,2.049923,0.42396384,0.0026103035,0.005240619
5056,3961,135.78006,0.4127445,0.3836344,0.7415358
5057,5239,3.958603,0.4725329,0.0073064193,0.014791757
5057,5058,80.9592,0.47042358,0.16170159,0.3115024
5058,2931,1.6446419,0.4729982,0.0022764578,0.0048892796
5058,5057,80.94891,0.46947762,0.16132033,0.31078824
5059,5348,1.482666,0.49086222,0.0017997995,0.0038452
5059,890,68.71713,0.488438,0.13610724,0.2650898
5060,5826,18.733797,0.46197993,0.047714043,0.09282161
5060,3708,38.366905,0.46491027,0.124219924,0.24227008
5061,2528,0.9062691,0.4847379,0.0034069493,0.007151231
5061,5849,149.32423,0.47165674,0.30087397,0.5784289
5062,121,50.965256,0.4515023,0.111810684,0.21676937
5062,6078,7.60009,0.45374236,0.01658073,0.03248574
5063,43,1.3142242,0.531122,0.0042146817,0.009345174
5064,2528,91.506226,0.48419386,0.2564723,0.4950639
5065,2838,113.77096,0.4850512,0.29207522,0.5636507
5065,710,51.34352,0.48686552,0.10380811,0.20003788
5066,2569,7.2520638,0.5325302,0.020677745,0.040995285
5067,3701,1.9006577,0.43002865,0.0027592853,0.005786225
5067,6703,89.21887,0.42425913,0.20458773,0.3939227
5068,5069,4.020775,0.35563785,0.004097961,0.009119511
5068,3975,9.202606,0.09566596,0.02163399,0.041999534
5069,5068,3.146202,0.35102513,0.0025709942,0.0061168224
5069,6128,28.705187,0.046871394,0.08475491,0.16863355
5070,2050,2.127121,0.340034,0.004446581,0.007681057
5070,5071,39.802414,0.12627262,0.11759093,0.24230048
5071,2034,26.23342,0.32208252,0.06096279,0.112790294
5071,2467,2.4642868,0.32040304,0.005516939,0.010374188
5071,3978,39.113777,0.12162864,0.11273906,0.231654
5072,6286,2.0908165,0.38635474,0.004901789,0.009600401
5072,6285,32.172554,0.39459246,0.07060549,0.13253316
5073,4052,56.08612,0.53340733,0.11629279,0.22580412
5074,5534,18.10402,0.4893833,0.043790784,0.08465609
5074,298,22.889826,0.48844805,0.05637266,0.10833724
5075,5074,0.8679352,0.48902214,0.0038199052,0.008397177
5075,5192,21.210934,0.4850548,0.052751027,0.102468096
5076,4985,37.789425,0.48110494,0.101037666,0.19436632
5076,2181,27.583344,0.48538956,0.058424823,0.11092397
5077,6391,1.3038635,0.37590468,0.0011760443,0.0024764389
5077,1001,5.940708,0.45973286,0.012894876,0.025828615
5078,5077,1.8478432,0.4643232,0.0034790635,0.007339865
5078,6623,25.872221,0.46761328,0.06368842,0.121955715
5079,6129,6.6040382,0.49697104,0.016926095,0.03364736
5079,5080,1.9865036,0.4976469,0.0026701838,0.005835846
5080,5037,31.693758,0.49907696,0.08274432,0.15522727
5080,5079,1.997818,0.50068146,0.0030309632,0.0066203773
5081,2736,1.2691994,0.4961113,0.0029593855,0.0064490587
5081,2737,14.431524,0.5029177,0.03194709,0.0626084
5081,2764,32.2819,0.49439558,0.06672664,0.12809025
5082,5083,1.6760101,0.49897072,0.0037446916,0.0073191226
5082,5630,1.4605484,0.49900392,0.0032787323,0.006624922
5082,4986,118.93786,0.4939313,0.18392918,0.35608065
5083,3406,53.050674,0.5022388,0.08536941,0.16425739
5084,3751,1.8165016,0.4712489,0.003630124,0.0076605827
5084,1403,11.575226,0.48288405,0.026622914,0.052147776
5085,5086,0.35232544,0.052898407,0.0013106987,0.0025309175
5085,4422,0.9815674,0.5064206,0.00082314014,0.0025395453
5086,5088,1.3298836,0.5030419,0.002973482,0.00633651
5086,3652,22.69786,0.504099,0.056701526,0.10964504
5087,5085,1.3056374,0.4977327,0.002943948,0.005838603
5087,1883,29.445671,0.49802867,0.075686626,0.14582832
5088,5087,0.7418556,0.14281526,0.0022356734,0.0048200786
5088,3862,57.306396,0.5070677,0.12452195,0.24196994
5089,3684,1.1898842,0.530587,0.0018454343,0.004265368
5089,5090,0.5286827,0.5171905,0.0047976896,0.009186417
5090,5092,1.5323448,0.53024477,0.0029601827,0.0061210394
5090,1423,24.668465,0.53060687,0.071777366,0.13889731
5091,5089,1.2719154,0.53185725,0.0024916232,0.005598858
5091,4844,1.0175514,0.53177994,0.0039192066,0.008087784
5092,5091,0.37591553,0.52457476,0.0021619052,0.0051504374
5092,6758,38.784172,0.52697664,0.0753319,0.14181727
5093,2763,1.7601471,0.4990425,0.0027955472,0.005690828
5093,6754,14.5597725,0.50274754,0.03259193,0.06405226
5094,5757,1.7920799,0.47369128,0.0027011484,0.0059470832
5094,1569,33.38082,0.47163182,0.085235275,0.16095409
5095,2252,96.54333,0.44572678,0.19242534,0.37028366
5095,1847,23.066172,0.4521054,0.058334336,0.111166015
5096,453,118.40755,0.4861509,0.18308032,0.35436428
5096,6862,22.017298,0.48616973,0.048948314,0.09372548
5096,442,71.01334,0.48127332,0.15668388,0.30166703
5097,4061,11.757168,0.47215003,0.025491439,0.049814537
5097,3033,1.7416229,0.4699889,0.0033916011,0.007360816
5097,5785,1.5731049,0.4636415,0.0029321983,0.006400898
5098,5907,26.343725,0.5262786,0.0788303,0.15285783
5099,5101,1.1263962,0.5209541,0.0034964532,0.00768812
5099,5100,1.4450073,0.5207611,0.00421001,0.009212419
5099,2231,180.72986,0.5137,0.3750728,0.7269374
5100,5099,1.1673508,0.5210427,0.0035682693,0.007360667
5101,6232,54.50763,0.059723258,0.37374985,0.7686389
5102,5103,2.19561,0.35907173,0.003577657,0.007099062
5103,5102,2.2940826,0.36758578,0.0041421056,0.0079000145
5103,4661,19.213346,0.36776108,0.0425494,0.08119291
5104,1585,32.302948,0.440158,0.071838096,0.13724294
5104,907,9.67762,0.43840364,0.021340728,0.041401222
5105,3425,4.0127068,0.42175326,0.0034396052,0.007453352
5105,3426,2.891117,0.43635696,0.006583743,0.013473734
5106,3700,90.652435,0.42841914,0.18451342,0.3549133
5107,5622,1.585865,0.473582,0.0029135868,0.0065915287
5107,4824,92.60655,0.47255167,0.18586838,0.35756874
5108,6844,2.542122,0.47239304,0.0047783405,0.009552151
5108,5107,1.6511497,0.47308332,0.002348207,0.0046301633
5109,5030,47.89013,0.5362535,0.09125276,0.17545485
5110,5975,1.987381,0.44417945,0.0030244514,0.0061610043
5110,1609,23.493752,0.44856215,0.051447533,0.097937986
5111,1571,1.926033,0.44043207,0.0029743463,0.006046742
5111,1610,28.194042,0.4412306,0.060825903,0.114759736
5112,6987,1.9309692,0.47181028,0.0019262955,0.003961861
5112,3546,68.674164,0.47162786,0.1366931,0.2649708
5113,6564,2.7956429,0.46380794,0.0023613796,0.0050269812
5113,596,23.002132,0.4733522,0.052410804,0.099938616
5114,6887,0.47719193,0.055892557,0.0012050569,0.0033161193
5114,1361,1.1418991,0.44622773,0.0020032749,0.004805565
5115,5114,1.6761932,0.45598525,0.0025167987,0.0053205043
5115,5114,1.6901741,0.45587355,0.0025014207,0.005371213
5116,6964,1.4550667,0.48463017,0.0030797198,0.0066306293
5116,808,100.791824,0.4790861,0.22696963,0.43858773
5117,637,34.201298,0.48257312,0.07476324,0.14376141
5117,5118,72.100464,0.47706038,0.16280001,0.31361505
5118,636,1.3330803,0.4755418,0.0017691329,0.004313469
5118,5119,0.40203857,0.17625067,0.00035195798,0.001958564
5118,810,82.22091,0.47761342,0.16461119,0.3177952
5119,5120,1.6077995,0.48124284,0.003343992,0.00708057
5120,4721,1.8532333,0.48261353,0.0027612895,0.0058462173
5120,6457,25.604837,0.4837259,0.05715718,0.10928203
5121,3641,30.880554,0.4726813,0.063320264,0.12031617
5121,3867,24.997759,0.47136408,0.053237528,0.100829594
5121,3867,22.753143,0.4712059,0.04879114,0.0925462
5122,2598,39.53687,0.4881733,0.079292856,0.15259272
5122,2802,29.557028,0.4915917,0.074158356,0.14019486
5123,432,1.5483437,0.45022893,0.0027801394,0.0060371757
5123,5122,24.699875,0.48870093,0.06003877,0.11593597
5123,6861,35.27788,0.492875,0.07772338,0.14942797
5124,803,2.286049,0.48508564,0.0029498339,0.006064445
5124,5123,76.75372,0.4889422,0.20546764,0.39715427
5125,2137,2.140873,0.41976833,0.0025863275,0.005174488
5125,3914,87.181335,0.40256077,0.24032757,0.4623155
5126,1096,14.006659,0.48195362,0.030471638,0.059248544
5126,2568,2.0050392,0.48211104,0.0037890524,0.007816732
5127,2745,86.53722,0.48294416,0.22913334,0.44197148
5127,5126,6.938236,0.48580572,0.01769565,0.034858987
5128,5129,1.0882645,0.45938265,0.0018338785,0.003944367
5128,1089,69.79047,0.47751787,0.15056984,0.29015124
5129,1453,49.050938,0.4794793,0.10897009,0.21145518
5129,5130,1.5700645,0.48003536,0.0031786487,0.0064606965
5130,5131,1.4763145,0.47674367,0.0028217956,0.0059037954
5131,1551,10.348846,0.47583959,0.021875441,0.042870626
5131,5128,2.1507607,0.47967356,0.0046169013,0.009382531
5132,6528,16.743113,0.4958185,0.03912572,0.075795785
5132,6522,1.3559456,0.48583996,0.0035789162,0.007754937
5133,519,1.855732,0.35715383,0.0035157874,0.0066829175
5133,4702,34.075535,0.36112425,0.080114275,0.1503242
5134,5135,1.3128166,0.51182735,0.0023991838,0.0053520203
5134,30,78.45058,0.5109892,0.17403968,0.33650988
5135,5657,1.2664833,0.50970125,0.0024776086,0.0052746832
5135,3294,58.278156,0.51181513,0.12874627,0.25008962
5136,4178,79.41315,0.47703606,0.15654516,0.30233815
5136,5718,24.899797,0.47495463,0.05258734,0.10008973
5137,5136,23.851236,0.48183292,0.051219895,0.09755421
5138,2900,1.7376099,0.46793684,0.0022968203,0.0047418326
5138,1010,32.186714,0.46908325,0.067412846,0.12727606
5138,5139,50.278786,0.47245178,0.10108542,0.19589828
5139,5140,9.005329,0.4703968,0.018732756,0.03673619
5140,1008,1.6122818,0.4692423,0.002511628,0.0052264035
5140,5141,18.753994,0.4712428,0.040665917,0.0789479
5140,1009,32.80371,0.46760046,0.068810865,0.1303245
5141,1003,1.820282,0.46667737,0.0025408939,0.0052396804
5141,1008,18.021187,0.468425,0.03891565,0.07546749
5142,5143,1.8786125,0.4742967,0.0018394515,0.0040827394
5142,5921,1.2428703,0.47421116,0.004373595,0.009229973
5143,5142,1.8188934,0.4751198,0.0021763518,0.004791245
5143,1461,56.94027,0.47481024,0.14703655,0.28451818
5144,5647,2.6262054,0.49147773,0.0033986345,0.007414624
5144,3485,26.290956,0.08097988,0.055171445,0.107449606
5145,5146,2.2174225,0.4761697,0.0026955828,0.005822137
5145,5147,4.3610992,0.46687284,0.019193105,0.037038058
5146,5145,2.268032,0.47581592,0.0028223917,0.0060860664
5146,4669,8.869286,0.4646626,0.033092014,0.06416972
5147,5148,2.27837,0.47328293,0.0028613284,0.006147042
5147,5919,34.014923,0.46716553,0.14407992,0.28302673
5148,5147,2.323124,0.47362703,0.0028849915,0.0061731786
5148,5146,4.388214,0.46843946,0.019124486,0.036981508
5149,5771,26.077703,0.45995024,0.062723815,0.11980076
5149,4474,40.162518,0.47750026,0.10033843,0.19468655
5150,5151,2.4146767,0.5311577,0.0015473962,0.0038509667
5150,6218,49.639153,0.53538775,0.10236484,0.19882165
5151,5150,2.5448036,0.5308378,0.0014820471,0.003845811
5151,507,134.67616,0.5252859,0.29102868,0.5607201
5152,5593,2.3386307,0.3993498,0.004760556,0.00950487
5152,4970,38.468613,0.39999735,0.08703872,0.16579372
5153,1499,96.79751,0.4466936,0.21508475,0.413716
5154,1134,26.687286,0.4570923,0.064485766,0.12391031
5154,4874,90.200455,0.45312375,0.24704838,0.4769985
5155,1510,132.83266,0.3855573,0.28118443,0.5394083
5156,3000,2.1491966,0.38055322,0.004413083,0.008943647
5156,5800,43.30818,0.37375945,0.09172137,0.17535801
5157,2450,30.639343,0.46300423,0.06474343,0.12206531
5157,4684,3.2522964,0.46722698,0.005954057,0.011568546
5158,4684,2.6857033,0.46342272,0.0010529533,0.0027514398
5158,5157,3.07238,0.4670968,0.005664043,0.011380747
5159,5158,1.8484039,0.46614626,0.0028747693,0.0059865266
5159,5276,88.22244,0.47277483,0.08429403,0.16304919
5160,5161,2.0150757,0.46169174,0.0021571666,0.0043587387
5160,5159,13.751141,0.4650707,0.02895435,0.056147113
5161,1029,1.8184242,0.46724105,0.002860956,0.00576967
5161,5160,2.0271835,0.46185705,0.002141267,0.0043490827
5162,5244,1.1740074,0.5428624,0.0034810007,0.006725669
5162,1421,14.439886,0.04221791,0.059503827,0.12045477
5163,2237,0.83102417,0.53421855,0.0036243275,0.007862806
5163,6888,94.548904,0.5294376,0.14798176,0.2827701
5164,2237,5.623043,0.53586334,0.0149676725,0.03030166
5164,5163,5.985161,0.53581446,0.015800975,0.03181608
5165,3528,0.95456696,0.53827494,0.0020259395,0.0049051046
5165,5300,1.1169319,0.5380352,0.0042312965,0.0090321
5166,5165,1.6069641,0.5403578,0.0036849454,0.008202136
5166,2570,4.1594696,0.5402723,0.011165112,0.022857845
5167,4368,0.8364792,0.5378011,0.0013516322,0.003316477
5167,2218,70.110306,0.53500545,0.14954993,0.29132867
5168,5169,1.1842804,0.5209672,0.0013658479,0.0028518587
5168,4074,33.8648,0.044845074,0.1713643,0.36455932
5169,3774,0.19200516,0.045455694,0.003693603,0.006674841
5169,5215,72.33674,0.51446426,0.1396535,0.2728203
5170,5171,2.2310638,0.4785576,0.0022593364,0.004698351
5170,993,24.516914,0.48566028,0.061237417,0.11759245
5171,4084,1.3629074,0.48669246,0.0045915395,0.009413615
5172,1554,20.625542,0.44128498,0.050025664,0.095825076
5172,1554,24.926731,0.43186918,0.053962845,0.1023423
5173,6711,1.8703346,0.49820176,0.0037214607,0.0078192055
5173,5379,2.0585861,0.50132126,0.0055440366,0.0112130195
5173,5650,105.860794,0.499192,0.23503101,0.45347583
5174,5175,1.3589096,0.4888941,0.0028660893,0.006295264
5174,6364,38.36242,0.5006083,0.09440822,0.18229917
5175,4691,0.98085403,0.49266687,0.0031625852,0.0069809407
5175,5177,33.066017,0.49476823,0.07230598,0.13766274
5176,92,1.892395,0.45958802,0.0035219863,0.0070745796
5176,6093,30.215805,0.45876384,0.0673819,0.1280609
5177,3080,2.5400696,0.49120203,0.001856707,0.0042839795
5177,5178,12.17411,0.49927276,0.026815794,0.05256036
5178,3889,2.3965492,0.49870348,0.0017004982,0.0041054487
5178,6572,8.397797,0.49833477,0.018844835,0.03718327
5179,5369,1.8980522,0.36719078,0.0059990957,0.0117768645
5179,6317,25.349113,0.3643703,0.062365804,0.11850456
5180,1899,11.635429,0.38207698,0.027949244,0.054303646
5180,4867,15.054813,0.38355213,0.030536074,0.059274912
5180,5515,4.5367126,0.3828316,0.007884577,0.01531519
5181,3302,1.1690407,0.5075226,0.0043353736,0.009043872
5182,2127,28.306152,0.35754102,0.06527179,0.1213378
5182,2127,29.089844,0.3582799,0.06773024,0.12556621
5183,3674,24.371973,0.37062004,0.052135594,0.098232165
5184,4347,1.885376,0.48138735,0.0034479797,0.0069009364
5185,5186,2.441265,0.50492716,0.0027548373,0.0059449375
5186,3707,1.8460274,0.5019636,0.0049727857,0.010274261
5186,5587,22.661572,0.5037039,0.04100725,0.07878034
5187,6426,70.93327,0.49686742,0.14151628,0.27517852
5187,5093,12.111582,0.4998164,0.025730714,0.0504802
5188,26,1.6570778,0.49007872,0.0027728602,0.005923718
5189,3677,2.227394,0.4948617,0.0070042387,0.014243543
5189,5190,33.392464,0.4910864,0.066730656,0.1266866
5190,2789,1.4862213,0.49371687,0.002057843,0.004351884
5190,5191,3.1953163,0.49691993,0.0058239847,0.011684746
5190,5191,41.026524,0.49535683,0.08119315,0.15646279
5191,2790,1.6680527,0.49452582,0.002325669,0.004822001
5191,5190,41.14315,0.4956224,0.08129498,0.1565073
5191,3369,19.026745,0.48775518,0.039965276,0.077559285
5192,6890,0.8246269,0.49030465,0.0040178895,0.008919969
5192,6634,1.8344193,0.4897386,0.0025283545,0.0054828674
5192,2314,4.7470016,0.49069157,0.008601949,0.01729381
5193,628,3.372837,0.36187124,0.007168159,0.014042854
5193,4927,20.203405,0.37187666,0.045381393,0.08639729
5193,5908,36.27661,0.36694133,0.07874753,0.14748085
5194,5868,25.01879,0.4710934,0.0528029,0.10084166
5195,5185,30.389952,0.50142694,0.05640585,0.10784351
5195,5587,43.941975,0.4990896,0.095823646,0.18434635
5196,5328,1.3665314,0.51598334,0.0025865063,0.006111473
5196,6473,326.41187,0.49308604,0.71664846,1.4057982
5196,5327,55.041348,0.50645673,0.14316759,0.2770429
5198,252,2.1062927,0.37287873,0.0051124394,0.009820029
5198,4858,8.959293,0.37069783,0.025587104,0.049143016
5199,5200,3.102478,0.36467415,0.0033350661,0.006921828
5199,1895,12.331491,0.3665873,0.028023325,0.05350639
5200,5199,3.4953575,0.36289388,0.0042500645,0.00883469
5200,253,28.689625,0.37024343,0.086491466,0.16662191
5201,5202,1.972477,0.47033098,0.0049880147,0.009522423
5202,5201,2.048439,0.46817076,0.005079232,0.010007918
5202,6088,21.28182,0.46131495,0.114455506,0.23575284
5203,1441,1.8517418,0.38117933,0.0033407956,0.0066089183
5203,1837,29.562843,0.37914145,0.06410055,0.1200719
5203,1790,23.391735,0.38146496,0.05501048,0.10332535
5204,1789,1.836956,0.36756334,0.0031868592,0.0061790645
5204,5203,27.916344,0.37515485,0.06554666,0.122735485
5205,1180,1.2801743,0.33214125,0.0023310408,0.005779177
5205,5589,20.612677,0.4804811,0.046357222,0.08914017
5206,3078,1.4991722,0.5017571,0.0016684607,0.0038021207
5206,5531,89.11563,0.50455534,0.2395443,0.4645757
5207,5208,15.919329,0.37274277,0.0433895,0.08569022
5207,5208,22.96009,0.37475234,0.048454575,0.0918466
5208,4857,6.3159714,0.37337768,0.01842001,0.035411015
5209,284,23.70712,0.49214023,0.050279126,0.095591575
5210,5209,1.4094009,0.49473053,0.0018260255,0.0038657635
5210,4065,0.7891617,0.48937976,0.0033335611,0.007202342
5211,843,1.1688766,0.46408734,0.0045300424,0.009638563
5211,842,63.655956,0.46671,0.12751918,0.24757776
5212,5211,1.7496338,0.46969244,0.0029712096,0.005951375
5212,3875,20.541096,0.47026616,0.05028899,0.09743111
5213,5215,1.3279266,0.5087421,0.0027912185,0.0062146485
5213,3774,74.13326,0.51755327,0.14120014,0.27409852
5214,5213,1.3124428,0.50559884,0.0023028255,0.005188793
5214,6737,26.054976,0.5061753,0.058756314,0.11262192
5215,5216,1.8545876,0.5077541,0.0030263215,0.0058334023
5215,4742,32.36442,0.5106524,0.070277974,0.13364922
5216,5214,1.4390411,0.51321846,0.0024811327,0.005460635
5217,6451,1.9944992,0.46010616,0.0036721677,0.0075238645
5217,5429,44.67964,0.4617008,0.0757713,0.14315
5217,238,54.588318,0.4567752,0.121110186,0.23471628
5218,7018,17.328024,0.47593236,0.036680706,0.07145913
5218,5221,2.17947,0.48133314,0.0035118908,0.007044673
5219,855,2.2797585,0.47650453,0.003700383,0.0074179024
5220,5218,2.0094109,0.48002034,0.0032438487,0.0067148954
5221,4886,38.616055,0.48247576,0.07778723,0.14730299
5221,5219,1.4559937,0.48358947,0.0021650642,0.0049717575
5222,2681,3.2806206,0.43633008,0.008212537,0.01577945
5222,2842,311.55292,0.45296565,2.0467136,4.008043
5223,1473,1.3603706,0.506835,0.0016499907,0.0035310239
5223,5526,60.1767,0.50289804,0.15813616,0.3052298
5224,637,2.2003517,0.480178,0.0044410154,0.009533599
5224,6273,4.366436,0.47900403,0.009533264,0.019277275
5225,6891,2.0212517,0.40539038,0.0024726167,0.0048377514
5225,4813,1.482029,0.40453443,0.0051549524,0.010113135
5226,3430,1.8993301,0.4363628,0.0028925464,0.0059447587
5226,547,21.155865,0.44301754,0.047729854,0.0910659
5227,1658,2.1246376,0.5228512,0.004164368,0.009219438
5227,1662,1.3096695,0.527299,0.002012439,0.0041359365
5228,5229,33.623516,0.5116816,0.07378816,0.14040385
5228,5229,39.011726,0.51161367,0.07562514,0.1448072
5229,5216,31.850826,0.506593,0.069116645,0.13213852
5230,28,1.6046753,0.50555444,0.0031519532,0.0067375153
5230,33,60.279507,0.51120377,0.15803039,0.30572158
5231,3776,46.364536,0.37216586,0.09577178,0.18270786
5231,5782,2.2602959,0.3758374,0.0044331327,0.009660959
5232,1885,85.89534,0.37183183,0.18250875,0.35340297
5232,5234,2.793026,0.37894818,0.0058043227,0.011846185
5233,5234,1.1939926,0.25846663,0.0021626204,0.0049600303
5233,5232,3.2567444,0.37591308,0.0063265488,0.012422696
5234,5781,1.2850647,0.05235067,0.0015313029,0.0036858767
5235,3418,1.8071594,0.43975616,0.0027977154,0.005804375
5235,960,31.215382,0.44142202,0.06582535,0.12390895
5236,5761,3.5155754,0.43623444,0.006925039,0.013772756
5236,5237,44.871845,0.42770496,0.0910978,0.17436165
5237,5236,45.895622,0.42769277,0.08957701,0.17144899
5237,1720,17.52406,0.43333066,0.04861176,0.095718555
5238,5023,1.4993286,0.47925478,0.002681531,0.00570558
5238,6661,34.70333,0.48228616,0.07596309,0.14569618
5239,5057,4.28067,0.46976334,0.0079121515,0.015909433
5239,5583,58.784027,0.46841678,0.12756243,0.24709408
5239,611,90.10819,0.47159398,0.19735217,0.3800291
5240,6593,1.158905,0.5326506,0.0020054504,0.00519903
5240,6591,1.3610115,0.53089225,0.0020629913,0.004930392
5240,508,50.891655,0.53355217,0.10753226,0.20832229
5241,6001,46.932095,0.36520207,0.10834186,0.20805849
5241,6878,2.384655,0.35678166,0.004012771,0.007900223
5242,345,38.794163,0.49465063,0.07662956,0.14522505
5243,1547,1.6833,0.47889876,0.0026792735,0.0057717413
5243,1548,25.645863,0.48024565,0.0551426,0.10467209
5244,6200,0.033161163,0.03457281,0.004983142,0.008906022
5245,3804,1.8116875,0.42990673,0.0027082115,0.0055859834
5245,2309,14.609591,0.43103656,0.032281496,0.062074676
5245,2310,30.790936,0.42722318,0.06459521,0.12212838
5246,4189,1.1912575,0.44069147,0.0052131787,0.010732874
5246,5903,28.314835,0.436306,0.06464211,0.12346353
5247,6935,45.97169,0.4991022,0.10454166,0.20168653
5247,5744,4.1537094,0.2589298,0.008846112,0.014897391
5247,3330,1.6488533,0.46518892,0.0033296049,0.0071362555
5248,1865,33.626804,0.47371924,0.06157547,0.117553964
5248,126,19.77279,0.4698334,0.047583263,0.09202497
5249,5252,1.3394699,0.358329,0.005061701,0.009996802
5249,1993,36.52635,0.3594246,0.07879536,0.14690082
5250,5249,2.0842094,0.35634762,0.0039363876,0.007909209
5250,1827,154.01529,0.32955664,0.44858927,0.86858183
5251,5250,1.9236946,0.36141324,0.0061839595,0.011974573
5252,6000,1.5979843,0.357333,0.0057021007,0.011164099
5252,5251,2.183117,0.3524458,0.004314579,0.00868845
5253,5889,20.555252,0.44229752,0.046464466,0.088999294
5253,1034,23.496033,0.45329368,0.047255218,0.09020221
5254,695,45.62435,0.33536863,0.09696434,0.18517408
5254,1556,4.9499283,0.34092835,0.011025116,0.0210516
5255,1556,0.87509537,0.19728842,0.0038040504,0.0078078657
5255,5254,4.9094467,0.34395105,0.01076825,0.020694837
5256,6674,23.259996,0.43651262,0.10509802,0.21411219
5257,5256,5.1983185,0.44078204,0.015719786,0.030591592
5257,6674,47.330616,0.44709834,0.124289826,0.24183999
5258,3203,1.727684,0.45938388,0.0030687377,0.00640133
5258,5115,10.290775,0.45936394,0.02139242,0.042218998
5259,5258,1.8828926,0.4561048,0.0026712865,0.005417645
5260,618,1.6679611,0.4610737,0.0034012496,0.007234454
5260,5259,52.920128,0.45930478,0.10546813,0.20429924
5261,5260,2.0086823,0.46164334,0.0032984167,0.006628543
5261,1107,5.878952,0.46355474,0.012817405,0.02526553
5262,1447,126.70776,0.45583346,0.25520912,0.49118352
5262,5261,7.5212364,0.4611676,0.015532345,0.030521795
5263,5261,1.6225052,0.4627038,0.003209211,0.0067454427
5263,5262,6.413021,0.46247932,0.013501048,0.026463836
5264,2349,112.252556,0.40266344,0.2555404,0.49082315
5264,2350,27.174522,0.40940496,0.06389041,0.11994318
5265,1505,1.6919594,0.42180294,0.0033668205,0.0069016963
5265,5264,81.86608,0.4108992,0.1880567,0.3616534
5266,1512,3.6684113,0.37812704,0.0075906217,0.014827833
5266,6837,32.00643,0.37896475,0.06899181,0.12954518
5267,3000,33.49116,0.36445513,0.07063286,0.1318818
5267,6837,10.181049,0.37459904,0.021890618,0.042026266
5268,952,60.71176,0.449472,0.20694274,0.39889538
5268,5271,1.7113609,0.45995194,0.0025193468,0.005087614
5269,4901,8.6854515,0.471198,0.023814164,0.04626125
5269,5270,1.9532051,0.45512342,0.0036249682,0.007503316
5270,5268,1.9773979,0.46114707,0.0031398907,0.006356597
5271,955,12.116396,0.4624945,0.025262997,0.048953712
5271,5269,1.8239403,0.46031755,0.0026525706,0.005758688
5272,2556,62.10958,0.3618933,0.16820739,0.3240037
5273,4745,1.7552071,0.46090102,0.0024609864,0.0052553117
5273,2524,68.77726,0.45680082,0.13780469,0.26630104
5273,6178,41.50617,0.4618845,0.10382799,0.20201565
5274,675,27.303864,0.46864828,0.06694974,0.1278391
5275,5400,1.7892265,0.47273383,0.0040538013,0.008265376
5275,2948,3.4833298,0.47527212,0.007650733,0.0150759965
5276,5275,4.0287247,0.4790169,0.008657083,0.017538086
5277,2799,35.860355,0.4715148,0.07177111,0.13636166
5277,5584,29.759409,0.47543454,0.062052574,0.11757383
5278,2591,14.490892,0.44594,0.035250526,0.06887818
5278,3648,27.503044,0.4502594,0.06735113,0.12856187
5279,6187,0.82914734,0.47916213,0.000525184,0.0016759634
5279,6188,3.250618,0.52595425,0.006274149,0.013664886
5280,6475,102.375305,0.5161651,0.19897294,0.38588417
5280,5279,2.8818588,0.5221969,0.004873097,0.010338873
5281,569,46.632164,0.46448547,0.10160738,0.19659232
5281,567,1.5905762,0.46628156,0.002869837,0.0062863976
5282,557,1.8216248,0.46502674,0.0026147366,0.005734265
5282,3182,68.424286,0.46035922,0.23861057,0.45999694
5283,5435,1.4023743,0.43498197,0.004360229,0.008685514
5283,5284,67.78152,0.44328526,0.13300486,0.25874168
5285,5021,55.770912,0.4524961,0.11069134,0.21448645
5285,5286,17.150597,0.45323426,0.036405772,0.07030236
5285,3048,75.90624,0.4483404,0.15270583,0.29388022
5286,5287,2.1223526,0.44987595,0.0032593906,0.0066784024
5286,5285,17.067919,0.45173436,0.036059234,0.06966718
5286,6478,51.020523,0.4535421,0.10085942,0.19475871
5287,5286,2.2419662,0.44923145,0.003352709,0.0066722333
5287,3985,51.311035,0.44856372,0.14101008,0.2737919
5288,1200,1.0136108,0.28928295,0.0019105896,0.004313007
5288,1353,57.637283,0.43934104,0.11544875,0.22250155
5288,3834,53.65878,0.4402628,0.123833336,0.23832677
5289,1239,1.5883827,0.4813064,0.00304126,0.0064231306
5289,2568,25.573383,0.48251605,0.057342343,0.10924996
5289,5953,12.906448,0.48416257,0.028377175,0.0552414
5290,1083,65.89754,0.47294232,0.12797719,0.24856207
5290,5296,1.8547859,0.48265252,0.003993705,0.00828445
5291,5938,2.6700249,0.47786564,0.002193004,0.004523337
5291,1087,8.977051,0.482732,0.02015923,0.03956507
5292,5295,6.531399,0.4961238,0.01568944,0.0315789
5292,5293,1.229042,0.4048209,0.0031502917,0.0061113834
5293,5294,1.7043724,0.49000335,0.0051465333,0.010266766
5294,5292,1.125412,0.49093404,0.003506355,0.0076651126
5295,3449,1.2036552,0.49072108,0.003534332,0.0075675547
5295,5293,6.703354,0.49780104,0.01598911,0.03136933
5296,1087,1.4988823,0.4790339,0.002765797,0.0059829503
5296,1086,21.559023,0.48238575,0.04744665,0.09074587
5296,5938,9.519836,0.48541227,0.020839833,0.040774986
5297,5299,12.5881195,0.45519176,0.027287722,0.052734554
5297,967,7.1147385,0.45617223,0.015376523,0.03033048
5298,424,1.1111946,0.08351779,0.0017116964,0.004328221
5298,4870,12.475292,0.45068574,0.026274487,0.052304447
5298,6054,5.8501625,0.4601163,0.013175599,0.026888683
5299,4870,9.953709,0.4607514,0.023909613,0.04728028
5299,5298,5.482521,0.45943308,0.012430377,0.024910346
5300,2571,1.410347,0.53849286,0.0034773946,0.0075410903
5301,6636,2.3383293,0.2732026,0.0071459413,0.013198271
5301,3694,21.947168,0.27755007,0.05778475,0.11263559
5302,894,1.3895912,0.4885487,0.004186049,0.008566633
5302,6864,64.137665,0.48369265,0.14645326,0.28365415
5303,3014,2.9127197,0.48746756,0.0076438934,0.015607506
5303,5302,1.5835953,0.48550868,0.0033454,0.0073579103
5304,5303,1.0708542,0.4911978,0.0035811812,0.0079000145
5305,6495,1.8439217,0.46069926,0.0036713704,0.007670775
5305,6667,42.087936,0.45636526,0.10615537,0.20858818
5306,6492,1.6297226,0.4586367,0.0032233,0.0066601783
5306,228,1.8284035,0.46943054,0.005019456,0.010086298
5307,2993,9.745399,0.4547248,0.021435581,0.042012066
5307,2722,3.132862,0.45184454,0.0065768063,0.013175115
5308,118,2.0500984,0.45000756,0.0030430704,0.006208822
5308,3850,27.218723,0.44842264,0.05945065,0.112748854
5309,2697,21.136732,0.43947232,0.04584497,0.08735364
5309,5310,24.240816,0.44360805,0.053153377,0.100729436
5310,2130,35.840652,0.43911088,0.07344712,0.13945676
5310,5311,51.115356,0.44813806,0.10105782,0.19433787
5311,5312,1.9538383,0.44452843,0.0032189414,0.0066334605
5311,3849,22.567806,0.44404256,0.049931597,0.095170446
5312,3850,1.6985893,0.44669974,0.0029610023,0.0061760396
5312,5308,27.512703,0.4469627,0.061202496,0.1157861
5313,130,10.993513,0.44054833,0.024273887,0.047145486
5313,96,14.596048,0.44055748,0.03199415,0.06162732
5314,130,1.5794106,0.4375993,0.0031886473,0.0066384077
5314,106,106.60149,0.4374586,0.2382516,0.458427
5314,5313,10.7751465,0.43671283,0.023936227,0.04590693
5315,1467,1.6361084,0.4430626,0.0022935793,0.004853934
5315,6423,57.65753,0.44492885,0.11676697,0.22606558
5315,5316,75.32979,0.4466973,0.1726202,0.33510622
5316,3331,89.184296,0.4468798,0.17828302,0.34262756
5316,4481,14.054121,0.4483708,0.031071238,0.06015391
5317,5319,1.7530632,0.47056872,0.0035697743,0.0077062696
5317,6090,13.360575,0.47445825,0.028854057,0.056454152
5318,129,13.585724,0.47882783,0.029664088,0.057941154
5318,2644,19.121172,0.47412044,0.042040657,0.08102304
5319,5320,1.6633034,0.45432872,0.003262639,0.0067469925
5319,1273,11.736963,0.47080052,0.025889836,0.050675496
5320,129,1.6653023,0.47724515,0.002999641,0.006159082
5320,5318,13.476433,0.47283676,0.029364914,0.05698707
5321,126,0.911438,0.4751537,0.003987916,0.008281201
5322,761,21.227629,0.49250683,0.046232257,0.08860645
5322,5323,2.1737137,0.4916237,0.003507398,0.006850198
5323,2751,21.614912,0.49325448,0.04719356,0.09062203
5323,5322,2.3915634,0.49193078,0.0040645152,0.007904202
5324,5325,1.9402237,0.5227456,0.0007247627,0.0022425205
5324,4628,296.30948,0.5123439,0.42673504,0.8268362
5325,5324,2.290825,0.50886947,0.0019954816,0.0045076758
5325,3986,21.642168,0.52696687,0.046885975,0.09002729
5326,1968,0.7199669,0.23197019,0.0024434775,0.005169332
5326,3895,56.757603,0.4110575,0.1507901,0.29000798
5327,5328,55.19084,0.5131116,0.13995641,0.27173015
5328,5196,1.3171463,0.5123741,0.0020631999,0.0052618086
5328,2619,122.888626,0.5163615,0.26035094,0.5037355
5329,4800,1.9692955,0.49295348,0.0032834113,0.006695196
5329,4643,25.39297,0.49737984,0.0608676,0.11663979
5330,4798,3.813877,0.50534284,0.0070382357,0.014228106
5330,5331,39.370064,0.50018525,0.07700021,0.14484808
5331,4797,24.093977,0.49211356,0.05112794,0.0977889
5331,4799,1.5639801,0.49183938,0.0020486712,0.004261583
5332,5329,1.6148071,0.4897773,0.0039564446,0.007988229
5333,4810,1.7765846,0.45814788,0.00330019,0.006095454
5333,4809,4.9026604,0.45155084,0.010169245,0.019809097
5334,5335,1.367363,0.45805505,0.0029200613,0.00663206
5334,4808,4.933449,0.45889327,0.01013162,0.02041103
5335,5333,1.1675911,0.3490113,0.0017887056,0.0027802289
5335,1688,4.75914,0.42947763,0.010288306,0.020374626
5336,3948,3.966938,0.47034276,0.008700885,0.017407984
5336,361,241.49739,0.45880926,0.5419465,1.0516152
5337,726,3.747425,0.4735056,0.007902384,0.015943527
5337,3241,80.4296,0.4725991,0.18068103,0.3471861
5338,1637,15.332298,0.4879315,0.03623915,0.07074109
5339,2005,92.106125,0.4764257,0.18277669,0.35374594
5339,2245,1.2741737,0.48254767,0.004139781,0.008811891
5340,5338,2.5736694,0.47927368,0.00701759,0.013971761
5340,6396,1.70784,0.48806694,0.0049888343,0.010248676
5341,5970,2.0183487,0.44840688,0.0030065104,0.0059868097
5341,5971,26.37019,0.44964898,0.057366405,0.10904598
5342,5974,1.8883781,0.4457796,0.0029431581,0.0061038584
5342,1611,28.617184,0.4441232,0.06233064,0.11802711
5343,5576,75.42816,0.51193285,0.1434533,0.2785239
5343,5503,4.4467964,0.5184742,0.008212447,0.016919121
5344,5628,4.961647,0.49711442,0.01239571,0.02473332
5344,2617,37.07374,0.49045095,0.074046135,0.13963525
5345,1961,1.5301437,0.47777689,0.0021343231,0.0042626113
5345,5346,15.497717,0.49197286,0.031656563,0.062560886
5345,851,20.082836,0.48487929,0.042913496,0.08307256
5346,2617,0.91820145,0.18294078,0.00012233853,0.00023715198
5346,2616,8.591286,0.4969422,0.017955415,0.036173552
5346,6877,35.646896,0.49857774,0.07570647,0.1455764
5347,4672,2.533245,0.39078593,0.0076436102,0.014543161
5348,5059,1.4418526,0.49123013,0.0018396899,0.0040022135
5348,5475,19.762379,0.49477282,0.042444598,0.081858285
5349,4942,181.75728,0.52079195,0.2671414,0.5194423
5350,1749,14.343361,0.5314253,0.025972113,0.051170126
5350,5349,36.360085,0.5332511,0.05600256,0.10867706
5351,4200,2.7249908,0.47596505,0.0046288744,0.009252399
5351,1494,87.865555,0.4716904,0.17595264,0.3393091
5351,5580,10.208111,0.47891986,0.018879086,0.037004307
5352,1972,112.80078,0.3921104,0.23713237,0.4559571
5352,7030,37.80124,0.39466298,0.07838513,0.14791656
5352,5586,81.822464,0.38577724,0.17123944,0.32986686
5353,1486,115.183,0.3678639,0.24880719,0.4785484
5353,4590,101.55034,0.3652405,0.21651568,0.41784936
5353,1901,288.63684,0.3342387,0.6387567,1.2274532
5354,5355,1.257721,0.4976347,0.0016031712,0.0038907826
5354,393,57.269936,0.4993321,0.11107294,0.21663414
5354,1987,26.301075,0.5006752,0.056190945,0.107105315
5355,5354,1.2746582,0.5026439,0.0016359687,0.0037206262
5355,1731,78.850876,0.5065173,0.15423164,0.3000606
5355,4115,28.870167,0.5011372,0.06002779,0.11412697
5356,3807,3.103325,0.47524512,0.0051399246,0.010661513
5356,1494,67.0459,0.47068387,0.13106588,0.25359938
5357,4165,2.4180412,0.47609255,0.003916651,0.008161485
5357,6826,2.2586632,0.4738749,0.0036411285,0.007701874
5357,3231,166.28262,0.47799352,0.33475485,0.6474573
5358,3295,2.5315208,0.51816386,0.0017137975,0.004246399
5358,6270,8.110405,0.5155706,0.017954484,0.03617695
5359,6714,8.493336,0.5063108,0.020375341,0.040394887
5359,5525,31.723476,0.5033845,0.06461766,0.12365493
5360,6766,20.374878,0.5219687,0.05792497,0.11336103
5360,6957,29.225868,0.52908164,0.05975494,0.11488966
5361,6332,1.3359032,0.5031614,0.002690412,0.005718425
5362,5367,3.1460228,0.5415517,0.005744785,0.012035832
5363,6937,7.427929,0.53998697,0.015057519,0.02988337
5363,5362,1.3256149,0.5425688,0.0018207431,0.0038175136
5364,5366,0.6903229,0.2988041,0.0030870363,0.0034855753
5364,5812,54.204334,0.30616993,0.192102,0.3092201
5365,5363,2.5160828,0.5388954,0.004255347,0.0092936605
5366,5364,0.6576996,0.29586405,0.0028590485,0.003107369
5366,4177,15.106243,0.30603814,0.042965654,0.07446236
5366,5365,28.411507,0.5347153,0.055135928,0.10546876
5367,5365,1.2457008,0.521499,0.0017710999,0.004415065
5367,5364,28.811321,0.53637123,0.056082014,0.10810605
5368,3038,2.358364,0.47697762,0.004653275,0.009472325
5369,5524,18.101208,0.36137682,0.043983657,0.08416972
5370,5179,22.08719,0.36207992,0.05172018,0.098635316
5370,5369,21.882057,0.36027724,0.051138215,0.096748225
5371,1681,104.057915,0.3741969,0.22181112,0.4259327
5371,1682,60.512814,0.3544554,0.12983811,0.2502249
5371,1261,53.02524,0.3465671,0.114102,0.21898067
5372,6184,22.836662,0.4698499,0.048802152,0.09308901
5372,6357,62.242134,0.47491103,0.119234174,0.23091054
5373,5413,12.346983,0.45741907,0.02898895,0.05617114
5374,5412,2.6597023,0.4430812,0.0070808157,0.014391422
5374,5373,26.607346,0.4481987,0.057460606,0.10970944
5375,5376,1.5935593,0.5005442,0.001395084,0.0034391135
5375,514,16.347616,0.5025591,0.038593184,0.07525612
5376,5375,1.832161,0.49793425,0.0023155585,0.0053281337
5376,6811,126.891266,0.4586578,0.3501555,0.6775774
5377,5378,1.0396538,0.013736308,0.0024445504,0.0045957863
5377,5807,9.523285,0.46188742,0.019597627,0.038992986
5378,979,2.890522,0.43927443,0.0067001507,0.014759824
5378,919,0.49631882,0.015407145,0.0007359013,0.0014354587
5379,6283,1.8581886,0.4680329,0.0019337907,0.0043449253
5379,3361,1.0077477,0.49845284,0.003986016,0.008587018
5380,5182,2.5293808,0.3520964,0.007753387,0.015037924
5380,4259,30.028027,0.3491746,0.06665149,0.12514473
5381,5383,1.5765724,0.47409,0.0029555634,0.006228164
5381,5384,57.126648,0.4736816,0.12848847,0.24793148
5382,4381,1.6684494,0.47200918,0.0024893582,0.005290419
5382,2971,33.192,0.47400615,0.068209715,0.12952743
5382,6121,27.573202,0.4722305,0.062230505,0.11822915
5383,4376,1.4624748,0.47345215,0.002720423,0.0057655126
5383,4377,122.14169,0.47101915,0.27382186,0.5283179
5384,2796,158.90329,0.46902162,0.322225,0.6224656
5384,1787,52.108097,0.46926117,0.115552925,0.22514541
5385,3045,1.4657631,0.47402462,0.0028953254,0.0059827715
5385,5382,66.11231,0.4673274,0.14371859,0.27778947
5386,5387,1.8096886,0.45250377,0.0025849491,0.0052631497
5386,3502,33.83054,0.45583582,0.070245676,0.13296176
5387,5386,1.8666763,0.45164204,0.0025322363,0.0051403344
5387,5388,8.046268,0.45758715,0.016626216,0.032664344
5388,2250,1.9754982,0.45584518,0.0029347688,0.006493762
5388,5386,8.36182,0.45484626,0.017197236,0.033866674
5389,6095,1.8326569,0.4851601,0.002477102,0.005412847
5389,6047,98.50545,0.48798436,0.19665268,0.37909132
5390,5748,17.830395,0.4503983,0.03659245,0.07043641
5390,3508,24.434929,0.44364804,0.05670505,0.108680956
5391,516,36.378296,0.46145457,0.09126244,0.17559206
5392,3299,20.183676,0.4589716,0.040976495,0.079107404
5392,5748,6.9055367,0.46029574,0.012349345,0.025212869
5393,5395,1.5596962,0.47583526,0.0021960586,0.004798621
5393,3291,33.713455,0.4806329,0.070664555,0.1339714
5394,5393,24.258596,0.47499457,0.05175583,0.098231636
5394,3583,61.321804,0.48085305,0.12106055,0.23520902
5395,3288,1.8064232,0.4783458,0.002418533,0.0048016906
5396,1012,32.337307,0.46112767,0.058568966,0.11081459
5397,423,59.691093,0.45877048,0.13415301,0.25867733
5397,6342,3.057438,0.463151,0.0062348396,0.012895003
5398,3422,40.040424,0.4310294,0.08942989,0.171751
5399,5750,4.973587,0.3752339,0.011643417,0.022106946
5399,2334,53.63434,0.36911318,0.110411696,0.21315445
5399,3721,2.009575,0.37390947,0.0037960187,0.007425338
5400,6696,3.0127869,0.4706914,0.005892068,0.011852235
5400,2948,2.9925423,0.47284925,0.006612949,0.013502091
5401,5402,0.92240906,0.5342974,0.0031478181,0.006625414
5401,3098,58.557117,0.5239299,0.19626445,0.38105172
5402,5401,0.7270584,0.53305984,0.0027252436,0.0053366274
5402,4789,37.684895,0.53387713,0.073754296,0.14199011
5403,3240,19.522892,0.4695878,0.041579414,0.08018361
5403,6263,2.9029846,0.47262582,0.005111225,0.010213956
5403,3806,45.504715,0.48332286,0.056476198,0.10637016
5404,5405,1.5459633,0.47430345,0.0028218254,0.005861342
5404,3949,69.25145,0.46770772,0.15983447,0.30954745
5405,5406,1.3606949,0.47096106,0.0029650778,0.0064959675
5405,6263,1.8695793,0.47185445,0.003411539,0.006906733
5406,4944,1.6172867,0.47408321,0.0026706457,0.0052264184
5406,3210,61.27368,0.47173283,0.13903633,0.2705883
5407,595,0.0,0.4650131,0.007172562,0.013359487
5407,6562,52.08321,0.47267526,0.11606167,0.22361113
5408,596,1.5142899,0.4694583,0.002629444,0.005810395
5408,606,99.19807,0.471613,0.2177588,0.41963822
5408,6564,23.982956,0.47454578,0.053415693,0.10170232
5409,2497,2.0760536,0.46803707,0.0033568814,0.0066756606
5409,5002,4.544441,0.47440106,0.00889194,0.017343521
5410,3146,1.4981232,0.47774836,0.002942711,0.0064594448
5410,1374,69.32391,0.4753514,0.148416,0.28633663
5411,1023,1.8227196,0.4730193,0.0026773214,0.005553946
5411,6360,25.209604,0.4737053,0.05442272,0.1034799
5412,6933,2.2490273,0.43676427,0.0025334433,0.005127549
5412,5373,18.881193,0.4469577,0.04581308,0.08822814
5413,6933,36.616512,0.449699,0.074331865,0.14055824
5413,5375,68.61571,0.4790133,0.18698709,0.35958517
5414,3352,4.2670326,0.5112926,0.007856309,0.01602444
5414,1653,5.0530624,0.511033,0.00956475,0.019361392
5414,4575,113.94742,0.5062352,0.22259021,0.43097985
5415,2846,1.3664055,0.5063324,0.001734361,0.0038000494
5415,2840,81.93839,0.5032257,0.16083588,0.311159
5415,5223,15.750904,0.50734717,0.037006766,0.07214008
5416,1474,1.4618568,0.50458634,0.0017170236,0.0036833584
5416,6136,17.35521,0.5058926,0.040928554,0.079256475
5416,3341,96.36627,0.5013964,0.18925214,0.36579585
5417,3890,1.3679581,0.5070034,0.0024561957,0.005581975
5417,4439,11.479839,0.50750667,0.024824522,0.04892841
5417,5416,30.477238,0.51005644,0.076061405,0.14479291
5418,3108,1.0316734,0.47768152,0.0011612251,0.0029763132
5418,5417,28.450588,0.5074941,0.07041764,0.13559254
5419,5418,1.3442574,0.50709003,0.0035087615,0.0074704587
5419,2828,79.245636,0.5108351,0.17477605,0.3361941
5420,5939,1.3919716,0.5097449,0.003881298,0.007832006
5420,4437,177.14835,0.5029739,0.348761,0.67533606
5421,5424,1.3191223,0.49225977,0.0017860457,0.0037157983
5421,4640,1.9847145,0.49741697,0.0032731816,0.006673664
5422,466,1.8349991,0.5008811,0.0030317828,0.006478265
5422,478,13.599047,0.4991874,0.028494209,0.05599668
5423,479,26.735641,0.5020788,0.055459544,0.10538053
5423,5422,14.579861,0.50065684,0.030009542,0.058912672
5424,4639,1.0440788,0.49484682,0.0014936626,0.0039491057
5424,5423,25.312532,0.4968779,0.054318268,0.10404548
5425,1683,10.844273,0.3522331,0.022109568,0.042537853
5426,5425,5.2536736,0.3587613,0.009873487,0.01892142
5426,6291,2.681923,0.3553571,0.0061882287,0.0119179785
5427,6456,2.1535683,0.44810593,0.0020381361,0.004465565
5427,1953,42.485332,0.45592302,0.09316042,0.17934129
5428,5427,20.263746,0.46148595,0.03852887,0.074016295
5429,5432,1.8303566,0.45696458,0.0025991648,0.00519675
5429,5428,20.100363,0.46090552,0.03788766,0.07317216
5429,1393,46.255894,0.45752984,0.09224393,0.1793134
5430,3386,164.67143,0.5158491,0.31637216,0.6125784
5430,5431,53.81394,0.50929826,0.10405961,0.2019304
5431,5486,1.1992836,0.50587195,0.0014388859,0.0027436465
5431,449,59.765488,0.5099881,0.15598172,0.30205107
5432,5429,1.7334671,0.4584163,0.002573751,0.0053341985
5432,6451,44.179813,0.46587953,0.07560562,0.1427791
5432,233,13.735043,0.45935088,0.028973699,0.056206018
5433,5435,1.2176094,0.4534015,0.004550971,0.008720681
5433,5022,1.2406883,0.44939673,0.0040422007,0.00848785
5434,5433,0.24632645,0.122814775,0.0021863729,0.0047909915
5434,5436,0.3134308,0.056931496,0.0048910305,0.009237349
5435,5436,0.33150482,0.2118552,0.0023693666,0.0054083467
5435,5095,64.277504,0.4486693,0.1771113,0.34301066
5436,5437,1.97118,0.45452172,0.00594195,0.01172024
5436,1490,44.929142,0.029320568,0.22063982,0.4618606
5437,5440,0.38097763,0.038213402,0.0022277385,0.0045499653
5437,5438,0.14490128,0.0343242,0.0038654432,0.007390052
5438,5434,1.5438805,0.44765383,0.0052211955,0.010358155
5438,4473,27.116665,0.050837487,0.11050322,0.23683731
5439,5438,0.15291977,0.048004806,0.0005978346,0.0016295761
5439,5153,21.553392,0.45969605,0.053929616,0.10476121
5440,5439,0.89157104,0.4550512,0.0043779835,0.008607537
5441,4624,29.488392,0.5219175,0.05917598,0.11358879
5442,2716,1.9871216,0.42889705,0.0057606846,0.011608526
5442,1481,1.7789497,0.414754,0.005453758,0.01092802
5443,5444,1.9635239,0.4822946,0.0028015822,0.00568296
5443,3521,12.5497875,0.47768086,0.022963338,0.04553844
5444,5445,4.737797,0.48195082,0.010320671,0.020254344
5444,5447,9.827877,0.4843495,0.020345569,0.03952478
5445,5446,1.7451973,0.4764925,0.0026175305,0.0054273605
5445,774,84.11791,0.47742423,0.16658443,0.32112643
5445,3287,17.4926,0.47972453,0.03852921,0.07435577
5446,5443,2.3558464,0.47515035,0.004951626,0.009988785
5446,6064,54.557438,0.46936923,0.10534947,0.20520835
5447,3450,120.090294,0.47630307,0.23666832,0.45716566
5447,4515,7.3551865,0.47823384,0.014282383,0.028774798
5448,6163,12.06917,0.51152676,0.026113912,0.051470235
5449,2240,1.9211998,0.4479152,0.0037330464,0.0076338947
5450,5457,2.0167847,0.44853264,0.003999129,0.008117542
5451,5452,2.1481438,0.44592303,0.003701754,0.0076636374
5452,5453,2.100029,0.4463905,0.003929481,0.008167312
5452,244,31.871723,0.4513294,0.07075856,0.13508303
5453,2241,1.5658646,0.43336937,0.0031381845,0.006623134
5453,2351,11.333101,0.44774678,0.025025152,0.04844773
5454,5458,2.7086868,0.44662747,0.0051335767,0.010565698
5455,5454,2.470272,0.45388606,0.005029723,0.010105684
5455,5451,4.3097763,0.4537952,0.009142436,0.018121436
5456,5455,2.0789108,0.44752115,0.003594175,0.0072047263
5457,2239,4.752552,0.45126063,0.009249926,0.01826851
5457,5456,2.562931,0.4505461,0.0051200166,0.010310993
5458,3866,35.501007,0.45467475,0.0774622,0.14701892
5458,5449,2.3116226,0.4466154,0.0041370913,0.008151621
5459,3620,1.8332214,0.4482538,0.0026205257,0.0053946227
5459,239,72.62223,0.44866708,0.14745168,0.2841257
5459,3624,19.625263,0.45008305,0.04391208,0.08396134
5460,4225,2.6516838,0.5363148,0.0015056208,0.0043869466
5460,5463,2.1173706,0.53530693,0.004272461,0.00967443
5461,3133,54.335964,0.5341158,0.10897581,0.20971596
5461,4224,9.88166,0.534781,0.021127105,0.041619465
5462,5463,1.3046913,0.5292463,0.0018391684,0.0042503774
5462,4225,2.866417,0.53737396,0.0060561,0.012732983
5463,3155,0.72135925,0.5305362,0.0013517961,0.003260851
5463,322,21.515823,0.5400209,0.048535366,0.094025485
5464,4142,305.34094,0.49737173,0.2678963,0.52489203
5464,2142,28.711483,0.4956273,0.059214957,0.11259777
5465,5872,1.1814232,0.39286077,0.0047235936,0.009621993
5465,3448,86.394,0.37990254,0.18024401,0.3474519
5466,5641,1.7908401,0.47526887,0.0032235235,0.0062953383
5466,1733,32.546356,0.103994876,0.11624797,0.2407309
5467,5468,1.8465233,0.46527258,0.0028546453,0.005540371
5467,694,42.55254,0.46768343,0.09362194,0.17941147
5468,4685,1.5336838,0.46818933,0.0031135231,0.0065173805
5469,4834,3.2763214,0.26601046,0.009497941,0.017581612
5469,5470,26.356024,0.26255545,0.06022919,0.11265294
5470,4859,14.348389,0.26952434,0.041021477,0.07859993
5471,5474,1.0073814,0.24730101,0.0053468496,0.009832203
5471,2274,25.2056,0.25758415,0.06133891,0.11547718
5472,5471,1.4971046,0.2591842,0.005966909,0.01103501
5472,4835,9.729984,0.26533034,0.028280549,0.053339273
5473,5472,1.7014198,0.26074356,0.0062162355,0.011564836
5473,4222,4.0444527,0.2600607,0.011722714,0.021349236
5474,5473,1.7057152,0.25894052,0.0064637586,0.011991307
5474,3627,58.807575,0.23416758,0.17153372,0.34195268
5475,3576,1.8475189,0.4928164,0.0019764304,0.004200697
5475,5717,4.1589127,0.49407825,0.007932931,0.01555796
5476,5372,61.732986,0.474908,0.11995832,0.23189588
5477,2780,1.5449524,0.49988434,0.0028475225,0.005961731
5477,5478,9.778091,0.4953537,0.010708429,0.021596447
5478,2793,24.695799,0.49801952,0.055518717,0.1067381
5479,4199,2.4721947,0.010082066,0.0037734509,0.008942857
5479,5624,3.0325165,0.4800635,0.0005694181,0.003099814
5480,101,21.40349,0.4436427,0.04641771,0.08857007
5480,1327,7.5605927,0.44372302,0.015296638,0.02999106
5481,103,36.76344,0.4488079,0.078853525,0.1492853
5482,6458,1.0542755,0.30629557,0.0047770664,0.006666094
5483,5482,2.5730896,0.55692375,0.0032326058,0.0070855767
5483,2937,30.040838,0.28681433,0.11147375,0.18618837
5484,5431,0.80472183,0.5086522,0.0027225465,0.005990967
5484,5430,53.446198,0.50765294,0.10396797,0.20190683
5485,5484,1.4653206,0.5095289,0.0016176701,0.0040017515
5485,2412,15.668312,0.51348865,0.035699163,0.0697958
5486,5485,0.99957657,0.4141164,0.0024476275,0.0052072257
5487,5402,75.61698,0.53381354,0.14702547,0.28646097
5488,5487,2.157772,0.5317777,0.0034315437,0.007535994
5488,4788,1.5524368,0.5350847,0.0022920147,0.005267039
5489,1298,15.767273,0.5047924,0.033349443,0.064778544
5490,1297,85.52748,0.49855655,0.16688256,0.32260084
5491,436,21.328667,0.49531636,0.0452253,0.08677206
5492,5495,1.0144501,0.53413814,0.001328297,0.003079459
5492,5496,5.4889984,0.5377444,0.010610029,0.021717176
5493,5492,1.0871277,0.53931755,0.0020475686,0.0046432763
5493,6574,20.935335,0.53990895,0.04391586,0.08462076
5494,5493,1.285183,0.5406259,0.0016968101,0.003903076
5495,5494,0.77939606,0.5380208,0.00088849664,0.002404973
5495,5497,3.3536415,0.5410046,0.0064083785,0.0135691315
5496,320,36.497917,0.537837,0.07132944,0.13735706
5496,5495,4.7615814,0.53534424,0.009005204,0.018368334
5497,5494,3.8260803,0.5403596,0.0069032162,0.014455453
5497,1737,1.4670448,0.53864866,0.0019681603,0.0049108714
5498,5499,1.5570908,0.5290775,0.0050930157,0.011109173
5498,3883,14.241322,0.5216068,0.037450988,0.07355865
5499,6196,7.4530563,0.5243318,0.014931992,0.029703677
5500,2443,1.9185143,0.54109365,0.006452903,0.013476223
5500,6022,61.49977,0.5412306,0.085233,0.163403
5501,2102,57.6417,0.50653267,0.10975004,0.21241067
5501,1287,4.1131134,0.51728994,0.0072584227,0.01515539
5502,1287,1.021061,0.5054793,0.0029712245,0.0059895962
5502,5501,4.2387886,0.5128091,0.008007221,0.01623331
5503,5502,0.9064026,0.5081364,0.0013097301,0.002896607
5503,3187,39.343826,0.5074894,0.098892614,0.19278334
5504,5505,1.5606575,0.510641,0.0019234568,0.0044054985
5504,2831,37.370834,0.51222783,0.0809647,0.15321745
5505,4707,1.4483604,0.5124121,0.0024613515,0.0050598383
5505,5504,1.491745,0.50985676,0.0018006936,0.0039949566
5505,5909,53.58505,0.51187634,0.1030832,0.19925512
5506,5507,2.2221909,0.5085703,0.0023922697,0.0051268786
5506,5527,20.395493,0.5094774,0.043649323,0.08418194
5506,5526,9.660488,0.51021975,0.02012664,0.03973654
5507,5506,2.3251572,0.5020867,0.0028500557,0.006101519
5507,5527,17.151016,0.5086991,0.040719394,0.079163834
5508,1473,1.2818108,0.5091067,0.0043553486,0.009140357
5508,6714,20.865744,0.50450677,0.04485168,0.086364284
5509,1992,2.0896187,0.36325872,0.00414747,0.008229658
5509,5510,7.9538803,0.36694992,0.016311944,0.031700507
5510,3523,54.452778,0.36864185,0.11388548,0.2193148
5510,1992,7.892849,0.36942863,0.017113894,0.032891855
5511,5279,0.9459648,0.5184134,0.0012542158,0.0029491186
5511,5280,2.2925186,0.52204084,0.0040789694,0.009094492
5512,3141,24.261835,0.41595897,0.07191144,0.13862592
5512,3120,30.243645,0.4122078,0.07902712,0.14807099
5513,3143,2.6933746,0.4177891,0.00785052,0.0152977705
5513,2516,35.807945,0.40695643,0.092370346,0.17562641
5514,1988,11.966501,0.49930388,0.02284988,0.045566678
5514,5855,24.23332,0.49581903,0.046875376,0.09066073
5515,1828,19.218103,0.37755334,0.055285145,0.10792796
5516,5517,2.6441612,0.46578926,0.001847975,0.004372105
5516,3265,18.367205,0.47435483,0.040974922,0.07912966
5517,5516,2.5820541,0.46844137,0.0019550174,0.0044062883
5517,3263,30.61936,0.4735743,0.068896644,0.12937981
5518,5519,0.94597626,0.5400499,0.0035256594,0.0068432093
5518,1629,3.6585884,0.030986577,0.015992902,0.030302912
5519,1874,0.5654602,0.04272777,0.0057104304,0.010313883
5519,5518,0.96043015,0.54583246,0.003459327,0.0063771307
5520,5523,0.703598,0.4839097,0.0054555684,0.011435673
5520,1696,28.239643,0.48638955,0.08259576,0.15889405
5521,5520,0.92739487,0.47729737,0.0051900074,0.010520294
5521,3351,35.732136,0.48417172,0.09084486,0.17586437
5522,5521,0.66970444,0.48082718,0.005014956,0.010422811
5522,2326,44.1124,0.48429245,0.11850417,0.23124301
5523,5522,0.7342415,0.48740318,0.0040920004,0.009038016
5523,849,93.35883,0.4858396,0.3027582,0.5855396
5524,4849,41.260284,0.347934,0.10811855,0.21116766
5525,5359,26.11214,0.50390375,0.06463089,0.12357041
5525,5359,31.742235,0.5010429,0.06482571,0.12486454
5526,5507,7.082939,0.5106645,0.017045282,0.034332648
5526,5506,9.628815,0.50947744,0.019854069,0.039143294
5527,5915,26.922998,0.5087268,0.066216335,0.12600738
5527,5506,20.420261,0.50758046,0.04379581,0.08416599
5528,5529,1.3839989,0.5147682,0.001822859,0.0038622022
5528,2001,20.568333,0.5124168,0.04870927,0.09428601
5529,5528,1.5047913,0.51012033,0.0021807253,0.0049560815
5529,7045,2.3721313,0.51148236,0.0041006505,0.008594438
5529,5530,34.13663,0.51332164,0.08697445,0.16665097
5530,5531,1.5969048,0.5086971,0.0021043643,0.0044735223
5530,3078,89.70526,0.5073171,0.2380541,0.46074605
5530,791,47.912567,0.5089629,0.093574144,0.18183771
5531,5530,1.784172,0.5105212,0.0027175993,0.005556375
5531,5528,54.632896,0.5028707,0.085025795,0.16188909
5532,5533,1.6290627,0.4835158,0.0020414814,0.0043810904
5532,2531,77.65841,0.4807752,0.2092802,0.40292016
5533,5532,1.4351234,0.4874976,0.0018730983,0.004070744
5533,1182,103.64867,0.4823491,0.20871034,0.40231025
5533,1376,31.587229,0.4930926,0.07982852,0.15099074
5534,284,92.21303,0.49302033,0.18364666,0.35277566
5534,2507,8.615959,0.4924122,0.021131344,0.04213296
5535,162,1.9183083,0.46203068,0.0027841106,0.0056070536
5535,839,44.317017,0.45951352,0.08868391,0.1717494
5535,166,34.288803,0.45873454,0.07626532,0.14565735
5536,44,9.927757,0.30655438,0.029801842,0.056758113
5536,1150,1.2779732,0.29613745,0.006615117,0.011787519
5537,5542,1.0127106,0.5389982,0.001244545,0.0029096156
5537,498,42.72285,0.53841335,0.08253284,0.15826853
5538,5540,1.274807,0.54202634,0.0018903911,0.0035333931
5538,6350,81.56508,0.5273164,0.27472356,0.53275865
5539,5538,0.61344147,0.5324125,0.004644923,0.008927539
5539,5537,1.0919533,0.5372625,0.0013009608,0.0034515709
5540,5541,0.870594,0.53222704,0.0052627474,0.009365693
5541,5539,1.4884415,0.541898,0.0017551854,0.0034140348
5541,6206,28.268948,0.53686374,0.08424461,0.16307005
5542,5538,1.0860176,0.53988814,0.0011855885,0.0028661638
5542,497,120.547676,0.53770745,0.22967735,0.44575804
5543,2679,119.73736,0.44347593,0.24283206,0.46840143
5543,2996,77.89971,0.43663603,0.1577119,0.30429357
5543,2678,72.92252,0.44455144,0.14722934,0.2842028
5544,5545,3.115162,0.4610759,0.005417645,0.010776728
5544,1443,93.98244,0.4561723,0.18875033,0.36306602
5545,5544,2.8593636,0.46022356,0.004677877,0.009383395
5545,3587,7.374317,0.46087947,0.015066959,0.028987065
5545,4885,127.74752,0.45757627,0.2603011,0.5020002
5546,6727,3.3143845,0.47406146,0.0062978417,0.013141066
5546,5024,3.0530052,0.49028987,0.005585648,0.01130344
5546,6339,37.829117,0.49217814,0.07663527,0.14691912
5547,5548,2.3537521,0.42699167,0.004371561,0.009155482
5547,4050,100.793076,0.42187858,0.23375854,0.44998127
5548,1280,0.6327362,0.046505213,0.0019674003,0.004481137
5548,1933,8.8509445,0.43246767,0.018578924,0.036557212
5549,6457,3.2517433,0.4803459,0.0033668801,0.0074428916
5549,4721,24.568033,0.48186508,0.056054335,0.106693216
5550,2704,203.25496,0.46417245,0.41326907,0.79870015
5550,4558,48.88575,0.47257906,0.0966881,0.18756653
5550,4557,22.475754,0.46778238,0.04800445,0.09114924
5551,562,1.5973244,0.43110076,0.0025514513,0.005412236
5551,3930,103.910164,0.44001156,0.20935115,0.4028371
5551,5972,59.963326,0.44539228,0.11884941,0.23045525
5552,563,1.7334671,0.43422994,0.00328096,0.0067948103
5552,5553,30.658695,0.444245,0.06576359,0.123616405
5553,3930,14.161404,0.4511569,0.02999629,0.05846052
5554,2603,1.596035,0.42845178,0.003140308,0.006483674
5554,5551,89.43655,0.4328545,0.18030933,0.3461864
5555,5554,2.1817818,0.42642593,0.0037753284,0.0076828003
5555,543,23.452093,0.4390238,0.05238688,0.09989633
5556,5557,22.805428,0.3352645,0.05189817,0.09760934
5556,2562,2.2481117,0.33579504,0.004518293,0.00899893
5557,2340,29.803368,0.33412147,0.065723985,0.12311086
5557,5556,22.601904,0.33706698,0.05214167,0.098076664
5558,5559,46.925278,0.46117342,0.10298568,0.19852903
5558,554,21.313196,0.4606445,0.047372058,0.09035145
5559,5560,2.6158333,0.45287624,0.0021824464,0.004581496
5559,555,47.434963,0.4613034,0.1047619,0.20246337
5560,5559,2.4835243,0.45509794,0.0019087121,0.004030332
5560,5558,46.33892,0.46241754,0.10377687,0.2007531
5561,1585,20.351105,0.44153205,0.045044806,0.08585797
5561,5562,14.362118,0.44096085,0.031719666,0.060747735
5562,903,2.028225,0.4397135,0.0038523078,0.007802367
5562,5561,15.127703,0.439989,0.033322178,0.063874036
5563,907,3.0778618,0.43571764,0.0030589253,0.0065862387
5563,1589,64.69383,0.43518677,0.13053976,0.2523619
5563,5104,9.059418,0.43864194,0.020190619,0.039203003
5564,5563,10.316929,0.4373001,0.022780016,0.04428774
5564,5565,31.061378,0.43475667,0.07032344,0.13402107
5565,5564,31.443216,0.43569106,0.0707987,0.13481146
5565,5566,8.844463,0.4416299,0.019690394,0.03857629
5566,1381,2.1178398,0.43749782,0.0042533353,0.009010911
5566,5565,9.476158,0.4414593,0.021041632,0.041186795
5567,1383,56.18216,0.43126306,0.12280309,0.23741156
5567,5568,20.528448,0.43783373,0.046561394,0.089329876
5568,1381,2.0320473,0.43745366,0.0039344653,0.008272216
5568,1382,8.373947,0.43944395,0.018523268,0.036171496
5569,5570,1.8697319,0.45550963,0.0029551908,0.0061375946
5569,5991,86.78017,0.447675,0.19786578,0.37854597
5570,4895,2.6892624,0.44977507,0.0014821216,0.0033022165
5570,5571,7.9714966,0.45179474,0.016698986,0.032807782
5571,3416,65.64328,0.4419232,0.099161364,0.1903808
5571,4895,7.4201584,0.4527311,0.015198618,0.029680386
5572,3430,1.9826736,0.4404751,0.004075356,0.008309171
5572,5573,10.333984,0.441381,0.02156172,0.041908324
5573,3430,12.4245205,0.4388077,0.026383184,0.051144034
5573,6767,128.94922,0.44678766,0.2579384,0.4958769
5574,1190,64.44466,0.48614192,0.12792039,0.24854024
5574,2263,40.79384,0.49107397,0.08744769,0.16903543
5574,1168,109.617355,0.48397392,0.2392132,0.46124738
5575,2575,74.52939,0.51518506,0.14310372,0.278812
5575,1471,19.741339,0.5131606,0.047083527,0.09160137
5576,2101,26.390577,0.51514435,0.054199923,0.103358
5576,5343,75.16673,0.51337224,0.14162096,0.27551207
5576,73,51.457504,0.5154604,0.09986368,0.19326687
5577,5578,1.8383598,0.46539155,0.0027734265,0.00577949
5577,639,44.541515,0.47185796,0.12403013,0.24271172
5578,5577,1.8840599,0.46630633,0.0029913262,0.006017357
5578,4837,66.45455,0.46773064,0.19555536,0.37958252
5579,291,36.200855,0.49739906,0.073363096,0.13947976
5579,292,2.5111427,0.49768066,0.002690263,0.006287977
5580,3223,30.87947,0.47779915,0.068391286,0.1299644
5581,6216,31.414703,0.2725806,0.072141625,0.13565868
5581,1833,57.860725,0.27272284,0.15673901,0.3106959
5582,5584,37.06357,0.4722511,0.074518085,0.14086887
5582,3965,2.1589165,0.47437027,0.0043453723,0.008923486
5583,5239,58.642757,0.46318018,0.12678254,0.24565399
5583,5582,3.0871925,0.46834278,0.0067170113,0.013713777
5584,5277,29.607025,0.47426382,0.062215447,0.11786535
5584,5582,37.583504,0.47011888,0.07455048,0.14174667
5585,6126,1.930603,0.33717358,0.0038421974,0.0074949414
5586,5352,81.81801,0.3869267,0.17095533,0.32916668
5587,4030,19.421131,0.5039641,0.04628381,0.08939874
5588,2068,81.30497,0.48120052,0.16041803,0.30972448
5588,3977,54.264206,0.48776242,0.17544882,0.33969456
5589,5205,20.80598,0.47811812,0.04683389,0.08993318
5589,2216,11.327074,0.47667214,0.024478398,0.048000798
5590,1181,1.4397583,0.4717354,0.0027258843,0.005888343
5591,5937,3.0933876,0.30612442,0.009070709,0.016978458
5592,6358,3.08152,0.47964948,0.008822024,0.017753094
5592,5989,4.467846,0.4727683,0.0075633153,0.015342921
5593,5152,2.5636177,0.4007588,0.0057046264,0.011406288
5593,1786,11.231792,0.40453467,0.0267677,0.0515621
5593,1782,39.477898,0.3944011,0.10519996,0.20349813
5594,4917,51.7023,0.49042752,0.13324952,0.25850832
5595,1324,5.8167534,0.4891877,0.010089263,0.02052322
5595,2211,3.4388733,0.49607775,0.009755686,0.019703373
5596,5597,1.3294907,0.48299912,0.0042201877,0.008599028
5596,5598,19.678555,0.47939453,0.04251936,0.081886366
5597,5596,0.9881096,0.48057443,0.0040205047,0.008400768
5597,5599,12.22764,0.4808847,0.034028012,0.06597247
5598,6164,29.129065,0.4910956,0.059620727,0.1136014
5599,5598,1.2516289,0.49195844,0.0049240366,0.010798946
5599,6261,44.36165,0.4902266,0.14418064,0.28110915
5600,2976,22.892843,0.49487188,0.048392136,0.092693895
5601,5600,0.51885986,0.5027713,0.0034670457,0.0080471635
5601,3154,16.188656,0.49130744,0.044036895,0.08636713
5602,1142,147.36145,0.48163897,0.321348,0.6198651
5602,1141,13.758537,0.48247224,0.029923223,0.058075465
5603,1141,2.5073624,0.47443298,0.0015018135,0.0038624853
5603,5602,15.130953,0.4869592,0.03344292,0.06486476
5604,5608,1.9630814,0.4995337,0.0038989484,0.008224472
5604,5181,61.86641,0.50175154,0.1722034,0.33335873
5605,5043,1.2259445,0.50036466,0.0043198615,0.009251282
5605,6130,31.73304,0.50106674,0.08120774,0.15411712
5606,5610,1.3763542,0.49339125,0.0042503625,0.008993506
5606,380,22.419104,0.49209195,0.048190776,0.09160874
5607,4077,2.781929,0.49640918,0.002576694,0.0059218854
5607,5038,14.951607,0.5002296,0.033320844,0.06537513
5608,5036,2.4846725,0.50156844,0.0027804375,0.005860403
5609,5604,1.5079346,0.49801332,0.005265437,0.010818049
5609,5605,21.62359,0.5037544,0.052305143,0.10089774
5610,4930,1.837738,0.49922282,0.0054949075,0.011525065
5611,750,1.1241455,0.4777059,0.0066691115,0.013497785
5611,6950,64.84515,0.48885787,0.10846358,0.21151568
5612,1262,1.8307571,0.34362617,0.0038036928,0.0074588954
5612,2307,22.89281,0.3424547,0.05063924,0.095359236
5612,2995,139.77173,0.3647874,0.14501403,0.28193617
5613,605,25.832487,0.4728618,0.057554655,0.109602235
5613,4337,54.476383,0.46838152,0.117259115,0.22734332
5614,1811,29.208862,0.47358835,0.06673231,0.12553783
5615,3545,15.101477,0.47309983,0.03145414,0.06111998
5615,5408,13.68792,0.47695845,0.028860196,0.056168333
5616,1947,72.412415,0.47403264,0.14304467,0.27714634
5616,5802,17.075106,0.4798883,0.03624975,0.070229545
5617,5623,1.4999847,0.46603978,0.0065944195,0.012540728
5618,1386,2.5225143,0.46649975,0.0045930743,0.0095691085
5618,696,1.405014,0.47253916,0.0017805845,0.003863424
5618,7062,29.14301,0.029978901,0.13909206,0.29960608
5619,6123,0.0,0.031920344,0.0075967163,0.012814909
5620,5933,6.3590164,0.47829348,0.012618303,0.02459301
5621,5620,2.0738182,0.47780553,0.0029997453,0.0065788627
5621,5619,1.3275032,0.028360546,0.016478084,0.030355215
5622,5617,2.1158524,0.4827867,0.0039794296,0.008319557
5622,1386,35.8788,0.0334,0.1718691,0.36211336
5623,4199,2.7360115,0.47141495,0.005164571,0.011500508
5623,5797,70.58724,0.47168946,0.24439827,0.47233498
5624,5108,2.2607803,0.4715502,0.0038429275,0.008205771
5624,6844,10.836069,0.47865218,0.012378752,0.02488394
5625,2416,51.377907,0.47686592,0.11688468,0.2266906
5625,4825,6.5577316,0.4774896,0.014291309,0.028227031
5626,4823,0.03294754,0.21643445,0.0011375248,0.003237471
5626,5625,1.0146866,0.4771242,0.0041879117,0.009105608
5627,5798,1.3881073,0.05292079,0.008076645,0.015092522
5627,5626,2.036995,0.47810724,0.0054154024,0.010892123
5628,5805,31.236359,0.49596575,0.07709747,0.14687495
5629,5082,3.145874,0.49577522,0.00495591,0.009488359
5629,5083,2.0284195,0.497064,0.0050347447,0.01017797
5630,4657,2.068596,0.4974878,0.0026731715,0.005734548
5630,5040,29.94262,0.4983143,0.0669392,0.12711452
5631,2612,0.3609619,0.33779475,0.0015347004,0.0031746775
5631,438,20.267656,0.4958568,0.048652124,0.09473973
5632,6238,2.4184875,0.4944239,0.0048559606,0.010000989
5632,5049,43.945812,0.4927934,0.10881244,0.21304545
5633,6035,0.9003601,0.53391933,0.0013196245,0.0030994713
5633,6034,0.94579697,0.53356475,0.0012124032,0.003025055
5633,4626,59.88271,0.53176624,0.12480514,0.2416547
5634,5635,1.3486328,0.47840795,0.005421482,0.011198834
5634,1814,160.62122,0.09211996,1.1966103,2.440403
5635,2950,100.62633,0.4677985,0.22416615,0.43234807
5636,293,2.6151237,0.29778272,0.007985756,0.012691945
5636,5637,2.2443047,0.5435715,0.0022089332,0.00546816
5637,659,20.74287,0.30044842,0.06693712,0.11894201
5638,4239,1.0599442,0.45219508,0.002228357,0.0047520995
5638,4236,30.384209,0.5030944,0.06824483,0.12881574
5639,5466,0.016906738,0.042639762,0.0017119348,0.0034139454
5639,6889,23.098019,0.47342515,0.052209347,0.10092869
5640,5639,1.8638916,0.4917358,0.0033828542,0.0067403316
5640,7034,34.339985,0.07014194,0.12942563,0.2689235
5641,5640,0.3290367,0.17068166,0.0020953268,0.0045049787
5641,5644,75.979385,0.5063364,0.1694444,0.33005667
5642,5638,1.4857025,0.4912913,0.002819121,0.0063206255
5642,2109,15.541708,0.5027929,0.03592946,0.0699979
5643,56,56.98258,0.49881217,0.07820641,0.14969015
5644,5361,1.315197,0.49819487,0.002771005,0.0059539825
5644,5646,9.71637,0.4973524,0.021416739,0.042172045
5645,5644,1.4384956,0.49903747,0.00301072,0.0065690577
5645,5640,77.46694,0.49854898,0.17245322,0.33431727
5646,817,83.45205,0.49652234,0.162695,0.31590116
5646,2373,41.757988,0.49666995,0.090008005,0.17338437
5647,4108,1.2942734,0.018383563,0.0033725426,0.0059958845
5647,4110,18.526049,0.5056641,0.03849805,0.076177835
5648,5144,0.97737885,0.03623268,0.0023371503,0.0044421554
5648,4109,29.935387,0.5070489,0.061172865,0.11571747
5649,5652,1.3876991,0.49780974,0.0019625872,0.003996074
5649,2145,35.58535,0.50049746,0.07709737,0.14642209
5650,5649,1.1043968,0.50011814,0.0024876073,0.0055543333
5650,390,61.536945,0.49746454,0.12312536,0.23986444
5651,5650,1.5670242,0.5004143,0.0023023188,0.0045486987
5651,6283,110.784805,0.49681133,0.2441704,0.47136867
5652,5651,1.1582947,0.50105476,0.002597779,0.005700633
5652,4043,81.1114,0.50080806,0.09495672,0.1830465
5653,1828,1.7543907,0.3799936,0.003053762,0.0058867633
5653,717,27.075935,0.3880631,0.05964392,0.11207371
5653,4856,21.946918,0.3858783,0.048778195,0.092026465
5654,1097,2.2811356,0.47555122,0.009289987,0.018748835
5654,1100,2.0117493,0.46964037,0.008636393,0.016399264
5655,5656,65.78552,0.5154082,0.20832033,0.40345725
5655,3869,36.53027,0.52121663,0.09649759,0.18613411
5656,5601,28.7862,0.4980265,0.08824395,0.16995303
5657,31,1.4824715,0.5143004,0.0025695413,0.00525935
5658,4486,17.735561,0.49023545,0.04874167,0.095362276
5658,4486,25.156689,0.48284698,0.053408213,0.102117985
5659,6474,2.1803284,0.4558102,0.002713181,0.005795479
5659,3671,105.76482,0.44673747,0.29129052,0.561456
5660,3099,33.01643,0.5263205,0.054553106,0.10340184
5660,1630,1.9146423,0.5196003,0.002639249,0.004642427
5660,3126,65.42876,0.53331804,0.13594177,0.26394457
5661,5662,1.5740662,0.53449196,0.00216157,0.0045062453
5661,5349,13.301504,0.53422296,0.022322252,0.04427643
5662,1749,2.3231812,0.5325255,0.0022447035,0.0050996095
5662,6673,14.20381,0.5276589,0.029589672,0.057892457
5663,6672,22.008293,0.5298144,0.039598428,0.0747894
5663,5795,107.23721,0.5252573,0.15296544,0.29741585
5664,4671,1.372078,0.40117007,0.004525207,0.00921616
5664,4673,146.80449,0.3795889,0.30887967,0.5914997
5665,4592,2.975525,0.39068374,0.0031730756,0.006654069
5665,6092,70.15532,0.39863455,0.15876192,0.30636778
5666,3983,1.4297104,0.23210314,0.0045982376,0.009190619
5666,5665,6.0929832,0.39122725,0.01396098,0.027087986
5667,2012,1.4749298,0.37660414,0.00518959,0.009879962
5667,2010,14.15222,0.37937596,0.03194922,0.060965
5668,5667,2.0310478,0.37927634,0.0046622753,0.009115383
5668,3992,26.213543,0.38258,0.064741194,0.12278816
5669,4171,4.85186,0.54642904,0.009163201,0.018930495
5670,5671,2.6776657,0.46451285,0.002907239,0.005906284
5670,6467,146.38197,0.44633913,0.42223632,0.8186113
5671,6042,1.0717278,0.46387744,0.004343748,0.008767441
5671,3304,192.98103,0.46466872,0.30480608,0.58865994
5672,5670,1.0944748,0.46372968,0.005019054,0.010271847
5672,3536,56.66773,0.4588441,0.19154091,0.37018758
5673,5674,2.048088,0.4625124,0.0031541735,0.0064506084
5673,4753,29.051195,0.46798772,0.07532868,0.14410254
5674,5673,1.8309746,0.46591333,0.0026644543,0.0054858327
5674,4757,65.63652,0.46616995,0.18912983,0.36500812
5674,844,24.289083,0.4648774,0.0515124,0.097596616
5675,5676,2.2378159,0.4591242,0.0037376583,0.007887378
5675,4102,2.0297775,0.46808857,0.0038624108,0.00800243
5676,1877,2.405098,0.4652764,0.0039195046,0.007727295
5676,5677,4.2128334,0.46674886,0.009007677,0.017589957
5677,5678,1.9585953,0.46947908,0.00280945,0.0057224035
5678,3183,24.69574,0.46191627,0.053794805,0.1020017
5678,5675,2.699688,0.46840835,0.0058209747,0.01203011
5679,5680,1.6392403,0.45773754,0.0025875494,0.005461633
5679,4345,1.8400803,0.46447098,0.0036864802,0.0076132864
5680,5681,3.034401,0.4587791,0.0066985413,0.01300256
5680,1876,34.20308,0.46090642,0.071099535,0.13402508
5681,5682,2.1614532,0.4627218,0.0032920241,0.0068019778
5681,1880,3.571865,0.46362442,0.007084906,0.014102012
5682,5679,2.7829208,0.4597445,0.0061315224,0.012228012
5682,3276,7.3972588,0.46176964,0.01471515,0.028743893
5683,869,1.5619621,0.47710836,0.0019765198,0.0042976737
5683,4178,83.93541,0.47392458,0.16516973,0.3190266
5684,356,5.8913345,0.5281253,0.010853156,0.02207905
5684,4789,59.994553,0.52846617,0.111223616,0.2158231
5685,6326,63.624477,0.4716733,0.16572699,0.32014048
5686,5734,35.22061,0.47572765,0.07108515,0.13533619
5686,5685,11.725592,0.47610348,0.022383668,0.04399906
5686,4720,18.575966,0.470063,0.040284526,0.07678456
5687,5688,1.9253731,0.39767364,0.006619744,0.013156012
5687,4045,80.27902,0.41324055,0.27734724,0.5376624
5688,1820,72.652306,0.40397292,0.11169192,0.21275948
5689,3069,2.3552132,0.4736557,0.0027690977,0.006150037
5689,3218,0.0,0.4607244,0.006648347,0.012675181
5690,6521,31.428303,0.4534243,0.0657619,0.12469484
5690,5691,10.514631,0.46099645,0.021684788,0.042470142
5691,2966,2.1201553,0.45940945,0.0021554828,0.004582241
5691,5692,9.348629,0.4625367,0.019305646,0.03797114
5691,3898,41.62233,0.45921597,0.07170902,0.13487329
5692,1160,67.04058,0.45163217,0.1319344,0.25571036
5692,2966,9.149265,0.4595608,0.018838294,0.036841676
5693,5695,3.5124588,0.47433266,0.0079941,0.016163409
5693,6171,3.5537643,0.47554928,0.0067175776,0.013288572
5694,5999,2.0910645,0.47519812,0.003309086,0.006480545
5694,3468,2.8076973,0.47674248,0.006422311,0.013024211
5695,4647,2.47649,0.47870767,0.004894659,0.009904265
5695,5694,1.6393089,0.4779855,0.0028171986,0.0058019906
5696,5697,1.5858498,0.49180028,0.0021469593,0.004422933
5696,4582,32.57213,0.4949284,0.0821157,0.15616487
5697,5696,1.9051399,0.49056926,0.0027292445,0.0055298656
5697,852,41.69711,0.4917912,0.08267404,0.15997788
5697,3124,4.967098,0.49382147,0.011905648,0.023968756
5698,442,2.4918098,0.48385003,0.0051325783,0.0107141435
5698,2952,117.94572,0.48251745,0.26011908,0.50139403
5699,2267,67.98975,0.4756135,0.13508944,0.2614209
5699,5700,1.7737999,0.47662115,0.0023788735,0.004916668
5700,5699,1.7657089,0.476047,0.002354376,0.004875988
5700,2270,100.59027,0.46607307,0.20146768,0.38765848
5700,5884,43.78652,0.47867775,0.08506849,0.1652435
5701,5886,19.272367,0.47421515,0.042646702,0.08213976
5701,5702,1.4599457,0.39856103,0.0026926845,0.0060837567
5702,4375,2.1688347,0.47901383,0.004332386,0.008881837
5702,5854,26.442533,0.20123172,0.071892805,0.14060321
5703,4068,1.9870682,0.47466826,0.0028238744,0.00614579
5703,2269,138.23596,0.46775413,0.27833652,0.5370899
5703,5701,67.8497,0.39016816,0.16886248,0.33021367
5704,3661,2.0969276,0.4996199,0.004178494,0.008548737
5704,6337,5.30838,0.50161844,0.01335977,0.026967198
5705,6096,1.3908691,0.49540552,0.0021284148,0.0040926933
5705,1732,69.558495,0.4938265,0.18615375,0.3618405
5706,5707,13.69935,0.5231001,0.030020073,0.05893223
5706,1619,13.893843,0.52444017,0.030352324,0.059529364
5707,6040,16.104752,0.52355736,0.035501394,0.06927871
5707,1620,2.2843246,0.5213551,0.0010465458,0.0029772818
5708,6201,192.87892,0.45057043,0.4693891,0.91257566
5708,6575,31.73833,0.45599487,0.06742756,0.12740023
5709,4355,1.4811974,0.5040095,0.002787158,0.0063689053
5709,5913,28.583267,0.50765806,0.07118689,0.13533667
5710,347,0.4759941,0.12674409,0.002523698,0.0053030252
5710,4463,56.099697,0.49332228,0.12250626,0.23861551
5711,4500,1.1216545,0.470395,0.005515717,0.011145726
5712,4814,1.3393097,0.48327264,0.004466802,0.009216756
5712,5588,22.629005,0.4922766,0.06307477,0.121538
5713,1967,1.4586525,0.4859417,0.0030544624,0.0060075074
5713,6607,49.26157,0.48001292,0.15446165,0.30072495
5714,1966,117.94808,0.48665538,0.2614568,0.5035637
5714,5713,0.6104393,0.47895297,0.0044514835,0.009320751
5715,1105,37.119724,0.5014375,0.07994929,0.15310816
5716,6710,2.3838081,0.5005142,0.006870128,0.014369607
5716,5715,2.6131783,0.50288326,0.0035052672,0.0073952526
5717,4006,1.6181526,0.49587184,0.002358839,0.0050147176
5717,2757,4.934681,0.50012136,0.0077781677,0.0154652
5718,4897,1.7671623,0.47406867,0.002225235,0.00447838
5719,5515,2.562954,0.37819767,0.010232322,0.019635603
5719,1899,8.360249,0.3802729,0.020586357,0.04002227
5720,1841,1.4783363,0.4155446,0.0041351914,0.0084005
5720,4836,6.5021057,0.4354904,0.013110608,0.02587691
5721,5722,1.1833878,0.4692724,0.00630486,0.012220234
5721,1770,2.8519058,0.48120242,0.0076703504,0.01507616
5722,1772,1.0844307,0.46716642,0.0040449426,0.0087592155
5722,5724,1.6254349,0.47470337,0.005052373,0.01040341
5723,5721,0.9161606,0.46566033,0.0060423166,0.011485964
5723,1774,2.3971748,0.4762489,0.0074090734,0.015196189
5724,5723,1.0943756,0.47847623,0.0040620714,0.008545086
5724,1775,1.756958,0.46992114,0.008234799,0.015708312
5725,3242,10.937326,0.47355452,0.022560611,0.044093803
5725,5726,4.869953,0.47934726,0.009435207,0.018087268
5726,3211,106.90738,0.46945572,0.21398386,0.4119635
5726,5725,2.949791,0.4749592,0.005229324,0.01037398
5727,4723,11.502203,0.02309978,0.067929454,0.14404148
5728,6264,3.065258,0.48914474,0.0028085709,0.0059954524
5728,681,34.621246,0.48942754,0.07107133,0.135804
5729,5731,0.80830383,0.48702034,0.0034428611,0.007546857
5729,3583,8.01857,0.48896444,0.01704622,0.033360213
5730,5733,1.0721359,0.4849548,0.0043141544,0.009010449
5730,5729,1.9390221,0.48445168,0.003577374,0.00687097
5731,2943,1.2633209,0.48512107,0.0042910054,0.009015694
5731,5732,1.372055,0.48235583,0.0020613968,0.0044475794
5732,3581,1.7537994,0.48575976,0.0026258603,0.005309671
5732,2943,1.7938423,0.48331448,0.0029648542,0.0063114166
5733,5732,1.2764511,0.4837975,0.0018654689,0.004049003
5733,3581,1.4287186,0.4912006,0.0044914037,0.009145498
5734,6537,1.1882858,0.4454958,0.0009791106,0.0028302968
5734,6363,66.346825,0.48177347,0.13085328,0.25349534
5734,5686,35.281216,0.47645777,0.071844354,0.13699338
5735,283,15.981171,0.48719662,0.038373128,0.07399929
5736,5737,1.7576904,0.4375969,0.003390871,0.0067785084
5736,79,62.475914,0.4289913,0.12650089,0.24510424
5736,3886,63.501297,0.42601103,0.22081661,0.425498
5737,5736,1.8744736,0.43504512,0.0035542175,0.0074528307
5737,2640,67.53097,0.43505907,0.15384798,0.29722434
5737,2266,35.66693,0.43340194,0.11953566,0.23437531
5738,2638,1.8000145,0.40648115,0.0031347051,0.00628075
5738,3402,43.251812,0.41107467,0.096385255,0.18538046
5738,237,20.286612,0.4132288,0.044659734,0.08530476
5739,3865,1.7465897,0.40881,0.0029037744,0.0059627295
5739,5738,35.34998,0.41193724,0.081281334,0.15362318
5740,4235,38.16875,0.48532328,0.06498426,0.12328778
5740,5741,6.0881805,0.48267472,0.01202447,0.023669288
5741,6784,58.73609,0.48144373,0.08890327,0.17183547
5741,5742,5.423092,0.47711056,0.010425076,0.02089262
5742,7017,10.381664,0.4787517,0.021161824,0.04144025
5743,5064,45.62197,0.48260164,0.095975935,0.18391037
5743,5740,36.92363,0.48264274,0.07520741,0.14042592
5744,5745,6.9926796,0.2831117,0.014868796,0.026299864
5745,736,6.049412,0.27662605,0.013162792,0.023439556
5745,2537,4.2835655,0.27460235,0.008690141,0.015072927
5746,2325,3.0955963,0.5060321,0.0065876096,0.012994453
5746,2537,2.4225082,0.5076203,0.0027629584,0.005835846
5747,605,4.0777283,0.46090332,0.0048881024,0.010241985
5747,5614,25.719545,0.4696651,0.0587456,0.11226425
5748,3298,31.596167,0.4600589,0.06082975,0.11605833
5749,5750,1.8648987,0.37782463,0.0031709448,0.0063393265
5749,3721,4.74247,0.37466583,0.011094376,0.021193713
5749,3722,3.2152367,0.3725815,0.006551914,0.012876481
5750,5749,1.7753716,0.3753298,0.003181979,0.0062657595
5750,3728,5.67416,0.37588218,0.012526527,0.023440614
5751,3629,1.9787102,0.36896843,0.0038386136,0.0073838383
5751,5755,3.6882324,0.3694116,0.008960396,0.01725468
5752,5751,1.992176,0.36931753,0.0038255826,0.007781863
5752,5753,3.6168442,0.36638784,0.008066714,0.015389487
5753,2997,2.5043259,0.3664649,0.006051831,0.011454999
5754,5752,2.9237823,0.36763293,0.0070524216,0.013593182
5754,2197,15.374466,0.37149453,0.03322828,0.06363979
5755,5754,1.9246407,0.36997372,0.0036025345,0.007082358
5755,4041,2.297165,0.3667068,0.00498686,0.010160923
5756,5078,54.63926,0.4672238,0.14341833,0.27887285
5757,5756,1.9257088,0.45345122,0.0055724382,0.011576384
5757,5411,12.114925,0.47466496,0.025233373,0.049733177
5758,2116,135.54391,0.3826747,0.2852853,0.5480835
5759,267,1.0261459,0.5038021,0.003511265,0.0076208115
5759,3675,2.1272202,0.5066716,0.0033944994,0.0073067695
5760,2657,2.056839,0.44223335,0.0034189075,0.007052079
5760,2660,29.437449,0.43874276,0.06286574,0.11905415
5760,5051,94.88219,0.4407657,0.19320506,0.37197542
5761,5764,1.5148392,0.30371308,0.002218783,0.0052102804
5762,5765,4.4340515,0.4342137,0.008525565,0.016727507
5763,5762,20.158218,0.4394104,0.04404042,0.0841323
5763,6610,36.81525,0.43901122,0.07509288,0.1419108
5764,5763,20.321234,0.4405896,0.044323742,0.08530297
5764,5762,1.7023392,0.43286252,0.0034374222,0.00738056
5765,5236,4.9390564,0.4397633,0.009768106,0.019499183
5765,5761,1.912838,0.43756717,0.0032131523,0.0069704056
5766,4306,61.359978,0.451309,0.13276505,0.25699443
5767,6408,2.0257645,0.48384127,0.0030159727,0.0057382137
5767,2573,1.6985626,0.47854674,0.0040143505,0.008369714
5768,2816,1.5017662,0.46787414,0.004526846,0.009576574
5768,2817,5.099476,0.4721346,0.008294843,0.016744986
5769,2808,9.101807,0.47883332,0.010534272,0.020672888
5769,2818,5.2516327,0.47144455,0.009002499,0.018266723
5770,1748,148.43733,0.4758297,0.29797515,0.5753748
5770,5771,14.818726,0.45601976,0.031212576,0.060306735
5771,5149,25.815159,0.45567247,0.062824704,0.12031156
5771,6535,7.542942,0.45116377,0.015335128,0.029771328
5772,5773,2.2428627,0.46352893,0.002593562,0.005412996
5772,7081,55.273907,0.47830725,0.10873793,0.21153659
5773,5772,1.9394646,0.46359083,0.0018149465,0.004281923
5774,7083,7.79504,0.4776786,0.015054733,0.030028626
5775,5776,1.1049767,0.30749702,0.004571371,0.0059404373
5775,4091,16.458395,0.3060272,0.0495076,0.08610155
5776,658,3.6330872,0.30772883,0.0058863163,0.008207291
5777,4156,21.21285,0.18912491,0.050419345,0.093705
5777,5778,23.169497,0.16378045,0.056846913,0.10552463
5778,1975,3.3061676,0.14221478,0.006942764,0.0139365345
5778,5777,24.231255,0.18209386,0.058085773,0.107338674
5779,6686,17.057846,0.49178144,0.044398207,0.08624448
5780,275,72.77483,0.37013745,0.15285712,0.297328
5780,5233,1.8839722,0.35592145,0.0038514286,0.008784562
5781,5782,1.2393417,0.2626878,0.0026695728,0.0048077554
5781,5231,2.1679115,0.36988315,0.005143866,0.01027897
5782,5233,1.7782745,0.14617363,0.0011598915,0.0036101043
5782,5780,1.5193024,0.35381666,0.0035411417,0.0072891563
5783,2118,2.106701,0.37038857,0.0023812056,0.004838243
5783,3776,6.98777,0.37028584,0.01507844,0.028792888
5784,6786,105.546036,0.46559638,0.2310395,0.4449376
5784,3033,10.688942,0.46837655,0.02334927,0.04536155
5785,5097,1.8002663,0.4656939,0.003374152,0.0073553026
5785,5786,3.1110497,0.46896017,0.0068314746,0.014310613
5786,615,1.5099411,0.46906614,0.0031085983,0.0066660643
5786,5785,2.205326,0.47302985,0.00514891,0.010906562
5787,616,74.35466,0.46565613,0.2313852,0.44606745
5787,5788,15.122635,0.4671719,0.03333662,0.0643021
5788,5787,12.31332,0.4693608,0.030623954,0.05917506
5788,615,0.9577675,0.46780282,0.004759915,0.009752676
5789,3415,1.3607635,0.4513076,0.0046767145,0.00969699
5789,1613,21.360018,0.04422742,0.08425959,0.17262426
5790,5791,2.544098,0.44986153,0.0022024363,0.004940197
5790,4894,20.614874,0.4521146,0.04659616,0.08894499
5791,5790,2.5023842,0.45096916,0.0021105856,0.0046319813
5791,5816,17.732777,0.4532162,0.03956464,0.07622978
5792,5007,4.054367,0.44789776,0.008830942,0.017952845
5792,901,3.139637,0.43585235,0.003302008,0.007230133
5793,4891,2.4944878,0.44733393,0.00202661,0.0043115914
5793,564,55.625107,0.45297432,0.12368493,0.23990962
5794,2334,1.28965,0.36817455,0.00449042,0.008621424
5794,5871,77.49159,0.37000245,0.27442616,0.52571374
5795,5663,106.25665,0.52916723,0.15345517,0.2984985
5796,5797,0.48917007,0.36626387,0.002222903,0.004361257
5796,4823,5.1934586,0.46332175,0.0103001,0.02106388
5797,5798,2.494873,0.48023948,0.006883219,0.01337418
5797,5796,0.9561653,0.36783502,0.003086768,0.0058205277
5797,5626,2.969963,0.46194908,0.010866523,0.020879969
5798,6868,1.8319664,0.47718,0.005619675,0.011061922
5798,5797,2.2323303,0.47548416,0.006388299,0.012465239
5798,5479,41.416187,0.03528869,0.21241435,0.45590168
5799,5800,0.9772148,0.3577053,0.004328549,0.00840722
5799,5902,24.219484,0.37364745,0.069680475,0.13279636
5800,5799,0.88776016,0.35569984,0.0043677837,0.008731857
5800,5027,32.846073,0.36358717,0.07065401,0.13246925
5801,609,1.8561325,0.48178712,0.00326512,0.0068389922
5801,610,25.86408,0.4787588,0.057703927,0.11012037
5802,4785,2.6823273,0.47989228,0.0039399713,0.008103177
5802,730,1.8113251,0.48398876,0.0035100728,0.007331401
5803,1793,1.9274597,0.44497627,0.0029478893,0.0060736537
5803,5804,16.619255,0.44817412,0.03565494,0.0693449
5804,722,1.8027077,0.4464894,0.0026811436,0.0056105405
5804,1793,16.137972,0.44644508,0.034419708,0.066764005
5805,4283,1.0926628,0.49238923,0.0032987744,0.0069900155
5805,2766,14.495703,0.49218342,0.034570225,0.066987485
5806,2402,1.8270378,0.39583862,0.0028159171,0.0056548417
5806,3690,60.278145,0.3912496,0.16242486,0.31391543
5807,5809,25.85795,0.45460832,0.055919684,0.10587287
5807,5378,11.154894,0.45986176,0.022803143,0.045618355
5808,4945,1.1283951,0.025301903,0.0017366111,0.0038862526
5809,5807,25.862467,0.45249113,0.05611837,0.10599542
5809,6545,2.1191063,0.45493457,0.003249772,0.006687179
5810,5809,2.0204697,0.45287964,0.0032262877,0.006533414
5811,2273,1.9413261,0.43033513,0.004205428,0.008550584
5811,3989,2.905407,0.42823595,0.0028043613,0.0066633075
5812,5364,56.29311,0.32023582,0.19859408,0.31915218
5812,2125,25.07184,0.2918907,0.086540684,0.14784569
5813,5814,2.424942,0.46362385,0.004944518,0.010211781
5813,2796,99.25526,0.46473798,0.22028863,0.42420202
5813,7005,23.239914,0.46665865,0.052137647,0.09884761
5814,5813,2.4579163,0.46102688,0.004903525,0.009947136
5814,4482,158.63112,0.45340976,0.35411647,0.68166935
5815,5816,2.6362228,0.44807106,0.0024237707,0.005052179
5815,5790,17.677439,0.45147955,0.039571855,0.07616054
5816,898,19.631927,0.45282748,0.04443529,0.08555033
5816,5815,2.7191124,0.44714403,0.002415143,0.0049554706
5817,5818,2.5882912,0.44710422,0.0023559108,0.0049643666
5817,4893,25.150137,0.45165494,0.057313576,0.10850485
5818,5817,2.6915894,0.44374985,0.002358377,0.004976034
5818,5792,23.566784,0.45066297,0.053626336,0.10218907
5819,5675,2.5461273,0.4661637,0.0041443035,0.008271843
5819,4102,8.689655,0.46670735,0.009421274,0.018874079
5820,5821,1.3523636,0.41936335,0.004771173,0.009271264
5820,77,18.05565,0.416266,0.050168846,0.09728913
5821,5820,1.1943321,0.4144381,0.004486777,0.009055257
5821,3121,17.315874,0.4166504,0.036931302,0.07139825
5822,1701,2.0128784,0.46105164,0.004139513,0.0085249245
5822,5823,1.67659,0.4649667,0.0057221353,0.011577383
5823,4197,20.116058,0.46352735,0.049278557,0.09457308
5824,1428,15.111053,0.46346503,0.03362858,0.06475124
5825,3789,1.087944,0.46435064,0.004939519,0.0102171
5825,5824,2.3414001,0.46871853,0.007526487,0.015000716
5826,83,0.9406128,0.4632441,0.004237555,0.00905098
5826,5827,1.6526031,0.4632875,0.005325645,0.010870963
5827,6087,1.8058662,0.45854628,0.0033850372,0.00707829
5828,82,1.9798965,0.44642663,0.003284201,0.006929934
5828,4107,15.522694,0.44754308,0.029770367,0.058057353
5829,5830,1.4200668,0.47452468,0.0039210543,0.008103892
5829,5443,117.10876,0.47539797,0.23432949,0.4511258
5830,745,178.71875,0.45832774,0.5099985,0.9898519
5831,5832,0.9667778,0.48013672,0.0038473532,0.007924214
5831,3149,91.33161,0.47504044,0.2622921,0.5074942
5832,5831,1.4400864,0.48242962,0.004307978,0.008181229
5832,2758,3.9321327,0.477745,0.007060215,0.014063492
5832,3464,48.737583,0.4805912,0.09594849,0.1860219
5833,4541,1.540081,0.45840096,0.0029399171,0.0061562955
5833,2704,38.285652,0.45950034,0.076823905,0.14563307
5834,3184,1.1901779,0.16184196,0.00077591836,0.002236113
5834,5835,2.6708412,0.4683971,0.003976196,0.009408236
5835,3185,0.670475,0.20316848,0.000111974776,0.0008405447
5835,5834,2.8952866,0.46456116,0.0042551085,0.009832054
5836,1457,1.8668785,0.47724587,0.0053609535,0.010851428
5836,5837,1.8837929,0.47804964,0.0021600798,0.0047251135
5837,5836,1.9494972,0.4780424,0.002270773,0.0049452186
5837,3473,4.046032,0.47907105,0.010735884,0.021357983
5838,3473,2.0349846,0.47870612,0.0023951828,0.005023554
5838,5836,4.8951645,0.47788078,0.012362555,0.024738744
5839,5840,2.2840881,0.47479227,0.0030629411,0.0061564744
5839,3996,2.257656,0.47474584,0.002970986,0.0061204433
5839,5841,14.821728,0.47989595,0.034004673,0.0657602
5840,5837,3.661789,0.47965497,0.009888709,0.020018056
5840,5839,2.0929832,0.4786261,0.002704136,0.005540788
5841,5842,2.0091972,0.47430685,0.002278246,0.004801348
5841,5844,27.757332,0.47865787,0.0681965,0.13015155
5841,3585,2.0280647,0.4765878,0.0025231838,0.005166143
5842,5841,2.129261,0.47677976,0.0025024489,0.0052313358
5842,3997,35.968227,0.47534442,0.07318459,0.14001907
5843,5844,1.958664,0.47606146,0.0024464652,0.0049425066
5843,3585,27.314583,0.48049736,0.06746409,0.1278307
5844,5843,1.9750099,0.47611853,0.002259083,0.00468497
5844,3998,2.221344,0.47053888,0.0062195957,0.012640893
5845,5846,1.9861145,0.48070443,0.0025066286,0.005486205
5845,6312,29.406132,0.48393086,0.073159665,0.1391698
5846,5845,2.0351334,0.48041165,0.0024767667,0.0055032372
5846,3881,28.893059,0.4799428,0.071642324,0.13612956
5847,6278,1.6656685,0.4654918,0.0032194927,0.0065880716
5847,4975,4.294277,0.46282494,0.0030613318,0.006578073
5848,5611,82.786354,0.47288132,0.21076283,0.40646797
5849,5848,1.4434242,0.47801512,0.004276268,0.009325892
5849,782,107.40039,0.47554556,0.2138181,0.41150385
5850,801,45.668747,0.48193577,0.090353236,0.17324223
5851,5852,2.5882797,0.5217882,0.0019024089,0.0043620765
5851,5881,55.450413,0.5153107,0.121215075,0.23412757
5852,5851,2.4296913,0.52336264,0.0017925873,0.0041128844
5852,5032,84.533615,0.522675,0.18293115,0.35322854
5853,6073,0.8227844,0.5103025,0.0025471523,0.0054436624
5853,6074,1.1935425,0.51175594,0.003962025,0.008453965
5854,3533,3.905262,0.05919075,0.009359002,0.019997448
5854,4375,23.585752,0.055502146,0.07322335,0.1429913
5855,5857,2.317974,0.49961984,0.0027019382,0.005856484
5855,5629,60.810966,0.5013705,0.09244592,0.17833413
5856,5855,1.9925995,0.49634254,0.0021369234,0.00500986
5856,1989,6.8106422,0.50296134,0.016274415,0.03278494
5857,3596,1.5954552,0.49142516,0.004882619,0.009665266
5858,3872,43.66836,0.4959808,0.08657764,0.1659241
5858,69,8.517963,0.4971239,0.017572254,0.03469354
5859,5860,1.2950172,0.4883465,0.0041659176,0.008773625
5860,5861,2.4771538,0.4900875,0.003448993,0.0073193163
5860,1640,83.053345,0.47936013,0.22214153,0.42988294
5861,3506,1.4693642,0.4871174,0.004402779,0.009101465
5862,5864,1.6137314,0.49711454,0.00306575,0.0065120906
5862,433,2.781578,0.49860677,0.0057890043,0.01157935
5863,4987,1.5680313,0.5026268,0.0030657202,0.006228596
5863,2779,1.9052925,0.50219786,0.0039132163,0.007960007
5864,5863,1.2143822,0.4925639,0.002700448,0.0059845
5864,5478,2.8754654,0.49616823,0.0060606375,0.0120319575
5865,6316,1.6173706,0.49806663,0.0026682764,0.0065579712
5865,6922,2.4051552,0.4918263,0.0055685863,0.011605889
5866,5865,0.57115936,0.296898,0.00092276186,0.0028243512
5866,6372,26.271772,0.49252132,0.059429526,0.1138279
5867,5868,2.3613586,0.46848753,0.002806969,0.005869791
5867,6356,24.454647,0.4730944,0.051669344,0.09847546
5868,5867,2.4590187,0.46856835,0.0028986707,0.0059582293
5869,5870,1.4800148,0.47643688,0.004751034,0.009877086
5869,1102,90.48512,0.022998989,0.3025305,0.625848
5870,751,104.09845,0.015475154,0.51647156,1.0632126
5871,1856,1.519413,0.39287674,0.0030824244,0.006369546
5871,1078,47.56867,0.3955471,0.155348,0.30557084
5872,5465,1.2969818,0.38501835,0.0048993453,0.009696513
5872,1853,73.68043,0.36730978,0.26454866,0.5084465
5873,5711,1.4181366,0.48893496,0.0027613938,0.005834013
5873,875,9.721401,0.48068318,0.02553597,0.050029427
5874,5873,0.28738785,0.47177756,0.0040638894,0.008568287
5874,6787,36.4717,0.4905387,0.07917038,0.14997017
5875,4015,0.31925583,0.091591656,0.0028236061,0.0052169412
5875,5876,1.1032181,0.47748,0.0032226592,0.006413594
5876,5875,1.3041954,0.48188597,0.004354842,0.008830324
5876,4501,36.63724,0.48358166,0.11619858,0.22721317
5877,5714,1.7920113,0.48835278,0.0038796887,0.007836565
5877,872,26.5146,0.49328595,0.07583009,0.14470385
5878,2501,1.0578499,0.5372895,0.0032404587,0.0068648607
5878,1632,159.47586,0.522122,0.5605483,1.0936011
5879,5880,2.419632,0.520871,0.0011929944,0.0032721758
5879,3492,20.345114,0.5148724,0.04558116,0.0880624
5880,5882,5.322407,0.5207514,0.01179266,0.023962155
5880,5879,2.4674034,0.5167375,0.001253143,0.0034503788
5881,5879,5.166977,0.5196142,0.01156304,0.023531586
5881,5882,2.4011612,0.51808536,0.0015471727,0.0037524402
5882,5881,2.07938,0.5188518,0.0010693744,0.0027566105
5882,5852,55.646957,0.5171045,0.1203261,0.23171002
5883,3077,1.8114014,0.45189297,0.0026068538,0.005341366
5883,4996,35.607914,0.4518431,0.072215796,0.13718684
5883,6239,24.907902,0.4524094,0.05690694,0.107880205
5884,6069,2.136406,0.46041727,0.0027647167,0.005464226
5884,1943,29.67054,0.066496015,0.09230775,0.1882723
5885,5884,0.3733673,0.07885495,0.0013488755,0.003732428
5885,5699,44.561676,0.48014355,0.086848006,0.16611034
5886,5887,2.6109314,0.46755892,0.0017431378,0.004025653
5886,2269,54.983093,0.47483334,0.12176442,0.2356087
5887,5886,2.7621918,0.47030565,0.0022897422,0.005108729
5887,5702,20.183111,0.4795704,0.045540303,0.088143714
5888,1034,2.6903,0.44851184,0.0053388327,0.010546789
5888,5889,7.180065,0.44872725,0.013114087,0.02555944
5889,2621,19.06747,0.44268146,0.042733513,0.08219545
5890,451,216.36096,0.51965755,0.4256679,0.8249635
5890,5168,1.9035606,0.5185257,0.0018144697,0.0041697323
5891,5168,0.0,0.042722464,0.0036986768,0.0063727647
5891,5890,2.4781914,0.5198005,0.004132569,0.009307787
5892,536,1.8102226,0.2962799,0.003804274,0.0075129718
5892,3699,93.46555,0.31590778,0.27623758,0.5348925
5893,6290,2.2503967,0.3553368,0.004941553,0.009789929
5893,5894,4.3395615,0.3608749,0.007930346,0.015254721
5894,2303,47.553307,0.3716631,0.123875916,0.24058071
5895,1231,37.919853,0.3408441,0.08608244,0.16224751
5895,5896,3.294201,0.3426599,0.008449934,0.016075626
5896,5897,1.8634567,0.34009102,0.0047057346,0.008920416
5896,1237,48.239967,0.3224969,0.12710379,0.2482541
5897,6626,1.5728607,0.34109956,0.005505644,0.010660186
5898,5899,1.0891304,0.3426981,0.0046777427,0.009232819
5898,2544,33.19691,0.34810597,0.07352982,0.13766086
5899,5898,1.323658,0.34046474,0.005074233,0.009967804
5899,2555,111.4632,0.3312466,0.37394935,0.7223128
5900,5901,1.1944351,0.35712552,0.0045514777,0.008827925
5900,5794,110.40593,0.36450875,0.3343725,0.64573246
5901,5900,1.1684761,0.3552178,0.004973933,0.009567648
5901,2053,64.76872,0.361684,0.13839594,0.26902083
5901,1238,17.284483,0.3560363,0.037877522,0.072471015
5902,5027,1.4976845,0.36287552,0.006370805,0.012037352
5902,6829,23.348911,0.35877985,0.06817587,0.13128974
5903,5904,1.7916069,0.43164876,0.005330518,0.0108183175
5903,1991,157.88184,0.41334933,0.3294037,0.63297826
5904,4062,71.80101,0.4162563,0.14744693,0.28266627
5905,1516,1.0907974,0.4047966,0.0040912554,0.008403614
5905,3197,49.099705,0.41295236,0.13625838,0.2665183
5906,1714,2.2600403,0.42567348,0.0035256445,0.007056758
5906,3826,5.8593674,0.43510568,0.0060031265,0.011836857
5907,6484,0.60912704,0.51447976,0.0016950071,0.0035791248
5907,2065,39.37704,0.5332226,0.12835711,0.2480073
5908,2728,2.7158737,0.36838174,0.00445351,0.0086440295
5908,5893,41.445805,0.36061835,0.08943806,0.16861671
5909,2830,1.7552643,0.51035273,0.0025148839,0.0056333095
5909,5910,1.9506798,0.5089188,0.003046237,0.0065457374
5909,5505,53.533573,0.50783163,0.102136806,0.19797628
5910,5909,1.9036484,0.5128302,0.0029608682,0.006655872
5910,29,25.375195,0.5093445,0.053038187,0.10131053
5911,6992,1.342617,0.48432907,0.0017310306,0.0039399415
5911,3339,7.3970833,0.50189525,0.015746646,0.03160706
5912,1813,0.871048,0.17995775,0.0064462572,0.009874076
5912,597,1.7037163,0.466592,0.0027050152,0.0067932606
5913,5914,1.6401024,0.50739044,0.0018789396,0.004280582
5913,5940,64.31077,0.5059104,0.16642278,0.32169092
5914,5913,1.7387009,0.5077339,0.0020404756,0.0046325326
5914,4355,28.48423,0.50636554,0.07111079,0.13565016
5915,4763,40.790752,0.5088166,0.10045086,0.19459553
5915,5916,1.8693161,0.509919,0.0022444502,0.0051017404
5916,5525,58.9582,0.50467604,0.15309922,0.29622775
5916,5915,1.997303,0.51139367,0.002381876,0.0054697096
5917,5918,1.8576126,0.4715445,0.0021534935,0.0049809217
5917,5912,11.29158,0.45380014,0.03693603,0.07104391
5918,5917,1.6228409,0.47224757,0.0011690482,0.0027907342
5918,3209,8.686775,0.4733772,0.041777875,0.082523406
5919,0,1.2719536,0.46932152,0.0043778196,0.0087863505
5920,5921,1.9968987,0.47591177,0.0021636635,0.004574269
5920,5143,1.2326584,0.47509122,0.004202828,0.0089241415
5921,5920,1.9527473,0.4755346,0.0022994056,0.004876867
5921,4767,33.094044,0.48201624,0.08394706,0.16014756
5922,5923,1.7438736,0.47666365,0.0033797026,0.0065905303
5923,5336,1.8400345,0.47561744,0.0035475343,0.0073828697
5923,4786,1.872448,0.4754245,0.003646247,0.007601604
5924,4782,180.80582,0.4734474,0.39838502,0.76999515
5925,5926,2.9028625,0.4672022,0.0024495795,0.0053669065
5925,2480,129.65878,0.46810162,0.28425992,0.546205
5926,5925,2.8849068,0.46483415,0.0024322942,0.0053120106
5926,5928,65.76984,0.4676033,0.1480554,0.28540802
5927,5928,2.869419,0.46435174,0.002340719,0.005043447
5927,5925,64.62352,0.46651977,0.14400144,0.27798086
5928,5927,2.8004684,0.46647465,0.0022131428,0.004741326
5928,5930,79.69829,0.4646845,0.17914325,0.3439046
5929,5930,2.834343,0.46254933,0.0022502095,0.0049535036
5929,5927,82.480644,0.46475896,0.18312322,0.35124844
5930,5929,2.6178284,0.4636788,0.0018710569,0.004086435
5930,4865,31.841515,0.46935207,0.07226039,0.13614509
5931,341,31.646631,0.5002699,0.068628795,0.13138163
5931,5932,21.882103,0.5003589,0.04919615,0.09434673
5932,340,65.34535,0.4945574,0.1401486,0.2715475
5932,5931,20.583248,0.50211585,0.045800656,0.08822521
5933,3489,6.4698524,0.48326588,0.010875508,0.021875888
5933,5619,1.1553154,0.47301117,0.0037165508,0.0071769953
5934,1084,1.5813904,0.48051,0.0021867305,0.0046912283
5934,5291,58.16948,0.47931933,0.13067125,0.2523361
5935,2606,2.0128136,0.44736415,0.0030057281,0.006066665
5935,6755,18.158613,0.45331597,0.04050299,0.0780181
5936,5937,2.82967,0.30341774,0.0051463544,0.009781763
5936,4525,1.3469849,0.30643493,0.007976212,0.01525113
5937,5936,2.3496895,0.3036515,0.0040890053,0.00773032
5937,1903,17.524883,0.29715627,0.05108916,0.10012167
5938,5291,2.6673508,0.47537223,0.0023884028,0.0048350543
5938,1084,57.80979,0.47738832,0.12885496,0.2506202
5939,2827,0.7103615,0.5070814,0.0023062006,0.0053334385
5939,5419,7.995842,0.5073021,0.019195266,0.037925586
5940,5420,3.4330482,0.50614667,0.009004019,0.018094614
5941,3139,4.3226852,0.4391059,0.010983795,0.021926105
5941,1174,47.764725,0.43705428,0.10641384,0.20517793
5942,5943,2.7504158,0.2614721,0.0025813356,0.004708767
5942,5944,29.656551,0.26471502,0.072911054,0.13663019
5943,5942,2.7957916,0.26137015,0.0027060881,0.004950866
5943,688,55.440434,0.2577249,0.13336742,0.26041254
5944,5945,2.5778275,0.2680141,0.0024540648,0.004428372
5944,6926,27.372738,0.26560074,0.066658705,0.12509054
5945,5944,2.454811,0.26820153,0.00213594,0.0039976537
5945,5943,29.853802,0.26523697,0.07370344,0.13823506
5946,5947,5.1396637,0.50345767,0.008421011,0.017118886
5946,5948,2.6415558,0.5009148,0.0031708702,0.0068193823
5947,6328,2.1399422,0.496542,0.0022188425,0.0048389435
5947,6319,54.796173,0.5022299,0.08427815,0.16035351
5948,1859,2.878521,0.49242988,0.0040480345,0.008443102
5948,1330,5.6621666,0.49616277,0.011064395,0.022038028
5949,689,57.1107,0.2751717,0.13720131,0.267836
5949,1520,5.490349,0.27298984,0.0131711215,0.024396464
5950,1520,1.6409531,0.2735899,0.0036916956,0.006981373
5950,5949,4.335579,0.27264783,0.011263013,0.021089315
5951,2711,4.4011345,0.43972716,0.013905734,0.027235001
5952,5941,3.06567,0.43452498,0.0068993494,0.013964474
5952,2712,4.8702774,0.4391087,0.0152992755,0.030231044
5953,5954,2.6126785,0.47879234,0.002259247,0.0050550103
5953,2744,16.480839,0.4834298,0.03673399,0.07118101
5954,5953,2.7477837,0.47634694,0.0023605004,0.005173087
5954,1239,12.732613,0.4851463,0.028323784,0.055413254
5955,5956,2.177597,0.44108605,0.00239864,0.004835874
5955,5958,45.319706,0.4425465,0.09176353,0.17550367
5956,5960,10.35421,0.44408673,0.021766886,0.042621255
5956,5955,2.1047287,0.44230953,0.0023482367,0.0047828555
5957,5958,2.238163,0.44289684,0.002574034,0.005189553
5957,5956,45.338318,0.4440611,0.0923733,0.17668132
5958,5957,2.1451263,0.44265217,0.0024777725,0.005028069
5958,5959,27.890358,0.44572562,0.06075281,0.11520584
5959,5961,2.1288185,0.44271985,0.0023767725,0.004862964
5959,5962,15.222605,0.4434748,0.0324782,0.062779784
5960,4705,24.114101,0.44178015,0.06122855,0.11821812
5961,5959,2.153656,0.4422554,0.0024070665,0.004862413
5961,5957,27.86617,0.44537395,0.061025262,0.115616545
5962,5004,9.516998,0.43972144,0.019653343,0.038368225
5962,5961,14.889647,0.44303748,0.031747166,0.061469644
5963,4305,20.634409,0.43014932,0.04697451,0.08965945
5963,5966,9.142071,0.43166634,0.019883677,0.038753703
5964,1205,1.652462,0.44993895,0.0033228546,0.0068662614
5964,6541,88.32196,0.43654722,0.17705049,0.34009516
5965,5966,21.947113,0.4301541,0.049329758,0.09347606
5966,5965,21.587105,0.4347051,0.048368927,0.09161932
5966,5963,9.208904,0.43142632,0.020183787,0.039297163
5967,1347,0.4029503,0.04263857,0.005781494,0.010565266
5967,5964,1.6340408,0.44984114,0.0018702224,0.0043906868
5968,5967,2.1460686,0.4510914,0.0031271577,0.005496472
5968,264,68.745926,0.050828993,0.33727875,0.6920358
5969,4768,43.443764,0.47984642,0.107774734,0.20987697
5969,1286,28.193592,0.4767988,0.06976742,0.13349262
5970,5342,1.8423042,0.44773772,0.0031437129,0.0066853166
5970,3932,30.686012,0.4503027,0.06821958,0.12689015
5971,5972,1.7728844,0.4424548,0.0027308762,0.0055006593
5971,562,59.33229,0.44406998,0.12042064,0.23322651
5972,5552,2.1256523,0.440054,0.0032166764,0.006600842
5973,1611,1.314888,0.4470907,0.0048290268,0.009797409
5973,5974,29.206537,0.4408639,0.062222384,0.11928192
5974,5341,2.0074081,0.44704303,0.0030378774,0.0060236007
5974,5110,29.622295,0.44694263,0.064317755,0.121117555
5975,5976,1.8834457,0.44369915,0.0028250664,0.005688548
5975,5111,28.899323,0.44656563,0.06335072,0.11961092
5976,1608,1.9992485,0.4418654,0.0028269142,0.0056053847
5977,5973,25.954693,0.45096675,0.06601085,0.12617558
5977,1609,4.4467773,0.4416183,0.0085123405,0.016868114
5978,5979,2.3717537,0.4212964,0.003381215,0.0070180446
5978,5172,59.11447,0.43332863,0.15498263,0.29999045
5979,5978,2.2213974,0.42008942,0.0029703304,0.0062265843
5979,257,32.800095,0.42504138,0.08483579,0.16158457
5981,3051,26.665524,0.48143592,0.084010094,0.16146034
5982,5985,1.2912445,0.49076506,0.0026193038,0.0059321523
5982,5981,36.16739,0.4832029,0.07386623,0.13948712
5983,398,1.6334305,0.49126,0.0028186142,0.0061986893
5984,5983,0.3173828,0.47235382,0.007587008,0.012882352
5985,5984,1.6489449,0.49040827,0.0027942657,0.005870387
5985,5981,19.84552,0.4794328,0.0766526,0.15319666
5986,3051,1.6516609,0.48349684,0.0027836636,0.0057766885
5986,5984,43.459393,0.4865814,0.1589013,0.30951107
5987,734,0.7985954,0.47311115,0.005824104,0.0112479925
5988,4700,2.0461502,0.43822697,0.003886059,0.007923156
5989,6358,1.9842491,0.4743122,0.0040351227,0.008313298
5989,281,33.193264,0.47762898,0.07326307,0.1396096
5990,4598,0.7725792,0.5204456,0.0020987317,0.004924506
5990,4596,19.868374,0.5202221,0.042308737,0.08165783
5991,5992,2.6232758,0.44921017,0.0020746365,0.004671976
5991,4890,2.531189,0.4506635,0.005624138,0.011370599
5992,5991,2.7081413,0.44621804,0.0022621378,0.0049512833
5992,5570,86.74558,0.44709584,0.19553038,0.37510046
5993,5994,1.239788,0.44784266,0.004297942,0.008728877
5993,4237,8.315716,0.05127099,0.030179016,0.058281615
5994,5993,1.109726,0.4558963,0.003931567,0.008203536
5994,917,16.272013,0.44926882,0.03544507,0.06828527
5995,5996,1.8644409,0.4782284,0.0021554828,0.0045993477
5995,3823,64.16954,0.47517508,0.17284438,0.33259338
5996,5995,2.4173737,0.47676688,0.0031557903,0.0068443418
5996,4327,56.576405,0.4749924,0.15371132,0.2981223
5997,5102,1.9901924,0.36108115,0.0038709715,0.0077705085
5997,5998,0.84617996,0.34393662,0.004251644,0.0084147155
5998,5997,1.1046677,0.3429037,0.0043467805,0.008425459
5998,539,18.695847,0.36914504,0.048050627,0.09197376
5999,5829,26.351992,0.47731322,0.055009067,0.104740806
6000,6001,2.3693466,0.35749704,0.003403701,0.006998062
6000,6878,40.830368,0.36395317,0.10704067,0.20830962
6001,5251,1.7367592,0.35900772,0.0060317367,0.0119012445
6001,6000,2.293808,0.35402983,0.0035462454,0.0071215183
6002,691,0.9225502,0.48099533,0.0037845224,0.008136272
6002,6003,27.204086,0.4790349,0.051594555,0.09880482
6003,223,9.959026,0.4764497,0.023374163,0.04581037
6004,6005,1.4242706,0.4337315,0.004568428,0.0093472
6004,3454,29.0772,0.4375429,0.086496025,0.16571617
6005,6004,1.5338097,0.43495768,0.004868351,0.009717882
6005,1821,103.09456,0.4277112,0.15527755,0.29945648
6006,2471,1.6589622,0.38018095,0.0028597936,0.005824268
6006,6651,82.165695,0.38326615,0.22585052,0.4355778
6007,3468,1.7225838,0.47799715,0.002794981,0.006140083
6007,3469,12.691221,0.48067862,0.016109638,0.03195417
6008,6009,1.5981255,0.45573616,0.0048973113,0.009898514
6008,776,2.656868,0.45763075,0.010186456,0.02054049
6009,3880,3.9436684,0.45435467,0.0076046884,0.015244365
6009,6008,1.4625435,0.4578917,0.004770413,0.009755045
6009,1160,108.715996,0.45271367,0.22046775,0.42468023
6010,4493,1.5431175,0.4866968,0.0030388758,0.006551504
6010,5658,31.25716,0.4880331,0.094658665,0.18525204
6011,6014,8.109787,0.40364844,0.022481821,0.043207034
6011,6015,10.509703,0.40157786,0.025232106,0.049045384
6012,2452,0.7219162,0.050196677,0.0060390234,0.011560038
6012,6013,0.8303032,0.41824386,0.0038686097,0.007843688
6013,4147,51.780254,0.42156625,0.10604898,0.20385773
6013,6012,1.5957718,0.4471498,0.004803866,0.009536833
6014,6015,1.4736824,0.40574655,0.0047971085,0.009383157
6014,1713,25.109966,0.39813286,0.057923928,0.10829257
6014,6019,8.630959,0.40351185,0.020978995,0.04040532
6015,6014,1.4271088,0.4087939,0.0047657937,0.009232879
6015,6018,9.172115,0.40310025,0.022404298,0.043226898
6016,4780,1.2760162,0.4453439,0.004162453,0.008446857
6016,6262,33.811844,0.4450872,0.069644324,0.13245204
6017,1713,26.841187,0.39270353,0.061336897,0.114520594
6017,6019,14.895298,0.39727896,0.034637537,0.06660824
6018,6019,2.3928337,0.39681977,0.0032780766,0.0063092113
6018,1310,34.74146,0.39479244,0.088927254,0.17064464
6019,6018,2.2498512,0.4017316,0.0032198802,0.006388128
6019,6017,15.887133,0.39436054,0.037381608,0.07164994
6020,2264,4.837967,0.43542466,0.014905535,0.0288492
6020,6021,1.596138,0.43631,0.0048456863,0.00946714
6021,6020,1.2499733,0.43391034,0.0041324794,0.008039504
6021,6386,2.1013184,0.4417237,0.009516098,0.018643066
6022,6023,1.2708321,0.5369796,0.004721336,0.010214046
6022,3092,186.96191,0.52339,0.28171313,0.54670566
6023,1634,31.427814,0.5314332,0.0975411,0.19018272
6024,6025,2.655384,0.44870347,0.002610214,0.0056453347
6024,5307,22.509518,0.4540774,0.051023785,0.09679789
6025,6024,2.531578,0.4476968,0.0022108555,0.004918888
6025,5935,12.988188,0.45005608,0.028811134,0.055777773
6026,6027,2.5949821,0.4584751,0.002133146,0.0046201944
6026,6030,13.309004,0.46372113,0.029373411,0.056844197
6027,6026,2.5330086,0.45832098,0.0021109954,0.004528299
6027,4697,25.388855,0.46523055,0.057311807,0.1088739
6028,6029,3.1661453,0.46210536,0.003096208,0.006410256
6028,1143,33.61205,0.46435097,0.07654928,0.14353542
6029,6028,2.8930168,0.45886368,0.0026203617,0.0056601316
6029,2871,12.627756,0.4660423,0.0281801,0.054684654
6030,6031,2.6719131,0.4575497,0.002285622,0.0049341023
6030,818,3.7362938,0.46296042,0.008366898,0.0166457
6031,6030,2.6697578,0.458315,0.0023905933,0.0051772594
6031,6027,12.7842045,0.46478876,0.028239913,0.054769076
6032,6033,2.5140572,0.53736234,0.0015906617,0.0041229725
6032,4332,24.3026,0.5361001,0.053394955,0.10331398
6033,6032,2.400898,0.53716576,0.0014186576,0.003661871
6033,4781,49.18686,0.53607565,0.1032113,0.1985174
6034,5633,1.1842155,0.5360628,0.0019398853,0.004406348
6034,3196,11.716608,0.5312231,0.021815166,0.04340662
6035,5633,1.0670547,0.5352256,0.001960203,0.004624814
6035,6036,4.2846184,0.5353968,0.007869169,0.016478851
6036,1735,129.126,0.5246059,0.2642067,0.51147145
6036,6035,3.1299057,0.53566027,0.006503232,0.014083177
6037,2150,1.4437408,0.532327,0.0017531887,0.004072875
6037,6306,12.107965,0.034308553,0.06969993,0.14878865
6038,6039,2.4616394,0.5246027,0.0015593097,0.003993109
6038,1660,18.075457,0.52308434,0.040049937,0.077575274
6039,6038,2.5248337,0.52237916,0.0015129969,0.0039111525
6039,6041,88.60646,0.5193457,0.19272606,0.3709911
6040,6041,2.5593262,0.5220783,0.0016826838,0.0040908754
6040,6038,88.74623,0.51973164,0.19428359,0.374036
6041,6040,2.461525,0.52410346,0.0015693381,0.0039453954
6041,1620,16.761488,0.5211119,0.03694864,0.07187249
6042,5672,1.0729332,0.46139956,0.005920373,0.011681497
6043,6044,4.4764137,0.4606514,0.004140839,0.00991033
6043,6617,10.080486,0.055371344,0.026099488,0.05161093
6044,6043,4.239067,0.46130407,0.0037220567,0.008984908
6044,979,2.1251488,0.0387612,0.0057763606,0.0112874955
6045,6046,1.0250664,0.51867545,0.0036301538,0.007626742
6045,4466,24.37702,0.51193845,0.050370395,0.09623812
6046,6140,19.977655,0.5175812,0.05051261,0.09801312
6046,6045,0.8763733,0.5196413,0.0038623512,0.00860402
6047,6048,1.8352242,0.49023414,0.0018684566,0.0039969534
6047,6049,20.583418,0.49461865,0.04410776,0.08506244
6048,6047,1.993763,0.4910244,0.0021346435,0.004444644
6048,5389,99.50814,0.48864505,0.19930539,0.38418466
6049,4928,143.7049,0.49361292,0.28513908,0.55169284
6049,6048,19.878075,0.49301088,0.04324081,0.08304693
6050,4208,4.541191,0.5151412,0.008404858,0.017160729
6050,6051,0.9018593,0.52176857,0.0034627616,0.0072523803
6050,4207,28.497671,0.51390034,0.05755942,0.109542035
6051,6050,0.78658676,0.5207264,0.0034523532,0.0075582117
6051,1414,22.643578,0.5185014,0.058286764,0.1132996
6052,690,103.24511,0.36195016,0.21780843,0.4209382
6052,6053,4.13636,0.3440332,0.008940108,0.016900182
6053,5013,20.154562,0.351338,0.04512836,0.08587999
6054,5299,1.2543945,0.38861287,0.0031589568,0.006327972
6054,5297,12.030437,0.45895556,0.026255392,0.051126584
6055,974,16.756783,0.4516597,0.035547726,0.06850091
6055,975,29.116856,0.45252863,0.060705855,0.115757264
6055,941,38.55613,0.45402628,0.10811153,0.21063864
6056,967,9.513515,0.45744395,0.02081316,0.04042405
6056,426,18.020113,0.46070868,0.044512153,0.08606229
6057,6058,1.465004,0.4374221,0.004345238,0.008709148
6057,6778,41.766544,0.44115853,0.11175742,0.2150303
6057,949,32.331,0.44458574,0.06151264,0.11580531
6058,6057,1.4013786,0.43993992,0.0044616163,0.009037524
6058,3562,14.744408,0.44042137,0.032906406,0.063198514
6059,957,30.86603,0.44319746,0.06467311,0.123795636
6059,261,31.250275,0.44688812,0.0801622,0.15369233
6060,970,27.169628,0.25455838,0.0751178,0.13846421
6060,959,39.786263,0.42739883,0.09984364,0.19425274
6061,6060,1.3225632,0.4068492,0.0041024536,0.008212239
6061,6062,2.0667572,0.43453693,0.0042362064,0.008606583
6062,6063,23.05758,0.43667066,0.052430477,0.09928332
6063,6060,24.22742,0.43544102,0.056339704,0.10710759
6063,1259,2.5023918,0.43729138,0.004976079,0.009944305
6064,6065,1.0765457,0.47770965,0.003975205,0.008540928
6064,4018,27.319527,0.47337657,0.058282763,0.11174806
6065,2440,20.154127,0.47525635,0.057976026,0.113800876
6066,3742,47.100113,0.49229217,0.10062871,0.1958313
6066,4040,1.671627,0.4965013,0.003324777,0.007164076
6067,2022,1.5451546,0.40472704,0.0025500283,0.0055817515
6067,3732,90.3354,0.3896547,0.2513533,0.4824553
6068,4448,15.705915,0.50953645,0.0340964,0.06709657
6068,3484,8.788551,0.5063015,0.019056357,0.03775233
6069,6070,0.75382996,0.07637486,0.0015605167,0.0038158149
6070,5885,2.263832,0.45601106,0.0032726452,0.006516129
6070,5703,37.422203,0.33278593,0.09140618,0.17859778
6071,7071,2.419754,0.052274376,0.011381283,0.022170112
6071,6072,0.7730408,0.53150964,0.003267184,0.006876588
6072,3283,9.17503,0.5246039,0.018939309,0.03756912
6072,6071,0.84934616,0.52772415,0.0027053282,0.0052191466
6072,7069,26.55566,0.52102846,0.055892013,0.10693077
6073,5853,1.1201363,0.5084163,0.0030410215,0.0062407404
6073,4004,24.081223,0.50567716,0.056038376,0.10887733
6073,2565,24.090385,0.5050347,0.052619766,0.10131788
6074,4872,31.02245,0.5075988,0.07510645,0.14321266
6074,4872,33.825703,0.50904596,0.07495025,0.14250599
6075,6561,2.7958221,0.30058977,0.0076158717,0.012801692
6075,3095,112.13493,0.5425931,0.17309588,0.3356653
6076,3097,1.6506577,0.550804,0.0012259707,0.0030789226
6076,6815,4.4841537,0.28785062,0.0109523535,0.018595502
6077,97,41.723072,0.44796616,0.09004386,0.17411841
6077,6079,3.0155602,0.45362702,0.006251037,0.01274395
6078,6077,1.813488,0.4541065,0.0035277903,0.007424161
6079,6081,0.786293,0.024885058,0.0009582639,0.0018749982
6080,6082,2.1935272,0.44714284,0.0040089786,0.007893786
6081,6080,1.1586876,0.14072207,0.0033318102,0.007106021
6081,2198,6.281658,0.44166464,0.014484264,0.028942317
6082,6078,1.9274178,0.45225194,0.0035221055,0.0071882904
6082,5062,8.983456,0.4511744,0.01930409,0.03793496
6083,6084,56.488735,0.5140218,0.106645614,0.20437643
6083,2124,34.42978,0.51685965,0.06819548,0.1297077
6084,6083,56.206932,0.51403916,0.106015794,0.20339209
6084,2123,14.826973,0.5223521,0.03086942,0.060137004
6085,2020,17.401098,0.35674542,0.03813242,0.073141746
6085,6086,5.2655907,0.35858765,0.011341542,0.021848962
6086,2040,60.962173,0.35124627,0.12782231,0.24798304
6086,6085,5.0207214,0.35580295,0.0107475,0.020505726
6087,3787,2.3942986,0.45756623,0.0017034262,0.0041145533
6087,2582,116.61612,0.45367384,0.26938635,0.51960415
6088,3107,1.7395363,0.46229738,0.026756719,0.052203253
6088,6089,1.330986,0.45969558,0.0033693314,0.0066438466
6089,6088,1.4118614,0.45977452,0.0035211667,0.0068778843
6089,5201,21.369081,0.4598782,0.11514985,0.23600894
6090,6091,2.5588036,0.46571177,0.0020795316,0.0046954155
6090,1429,18.058643,0.472457,0.039828513,0.076907754
6091,6090,2.598732,0.46716642,0.0020605177,0.0047156364
6091,5319,12.247686,0.46653908,0.027371481,0.053623423
6092,2140,60.83006,0.4220593,0.14017147,0.2720321
6093,6094,2.6661072,0.4511194,0.0025323853,0.0054203123
6093,2762,21.168156,0.45116493,0.04772391,0.09113974
6094,6093,2.682747,0.45045418,0.002505213,0.0051713586
6094,92,29.773895,0.45428547,0.06757313,0.12754546
6095,5389,1.8873711,0.48871756,0.00271862,0.0057993084
6095,2595,38.754837,0.49557737,0.07792844,0.14858414
6096,4260,0.80669785,0.4694241,0.0028287545,0.006229192
6097,3411,1.6161156,0.498239,0.002279371,0.004914388
6097,5705,1.7269287,0.4994872,0.0027463883,0.005627066
6097,1984,55.834774,0.49729776,0.11046107,0.2147973
6098,6710,1.7820053,0.5010566,0.0034312904,0.007437542
6098,6115,22.30984,0.5048734,0.052720502,0.10139652
6099,3777,1.8470497,0.42090806,0.003917359,0.007626623
6099,6736,38.22124,0.42601043,0.08408947,0.16130544
6100,6104,1.8890572,0.4270613,0.0031556413,0.006603062
6101,3749,1.6151657,0.24163517,0.0049721673,0.007711768
6101,3778,22.547941,0.42762208,0.05163953,0.09840991
6102,2655,45.664043,0.4332983,0.09051448,0.17368048
6102,2654,5.2829666,0.43675688,0.010618299,0.020581216
6102,6103,1.947319,0.43911916,0.0030000135,0.0061929077
6103,6102,2.396988,0.43806928,0.003997527,0.008377209
6104,248,109.9118,0.4266101,0.22441044,0.43065757
6104,6105,1.9377594,0.4273541,0.003406562,0.0067560673
6105,110,32.325203,0.42606056,0.06660199,0.12645108
6105,3888,1.6814995,0.42777902,0.002931811,0.006141633
6106,6107,5.4657707,0.45375845,0.011109993,0.021917358
6106,3781,41.440575,0.44379526,0.08280356,0.15870894
6107,653,2.0291367,0.44864768,0.0036340356,0.007174358
6107,4429,41.704376,0.44067943,0.10773165,0.21041842
6108,151,10.245491,0.44887385,0.02124001,0.041549638
6108,6109,5.6171303,0.44996828,0.01140663,0.022224367
6109,6110,1.4763527,0.44938022,0.0024784282,0.0051718503
6109,6954,46.60025,0.45082355,0.118730836,0.23094389
6110,6107,1.1313438,0.42255503,0.0038909018,0.007928431
6110,6106,5.608589,0.44645876,0.011286676,0.022065401
6111,3846,1.5751228,0.48976856,0.0034203902,0.0072532743
6111,6238,48.53038,0.4905068,0.10536593,0.20497558
6112,6113,3.0841331,0.43818414,0.0031529665,0.006716773
6112,940,104.38507,0.44520894,0.2380706,0.4579249
6113,6112,3.0359573,0.4334512,0.0029931888,0.0065395385
6113,1206,12.760185,0.43747777,0.02859734,0.055252917
6114,2732,29.806541,0.44118464,0.06855704,0.13006288
6115,6116,1.817215,0.50141823,0.0022030026,0.0047587752
6115,4076,25.384651,0.5036944,0.061853044,0.11813606
6116,6115,1.9193802,0.5010018,0.0023556873,0.005129859
6116,5716,18.555914,0.50337666,0.044070434,0.08526984
6117,475,7.1803436,0.46868622,0.014231026,0.028209299
6117,1400,27.732727,0.4702238,0.061935745,0.11775552
6118,163,1.3249588,0.4488324,0.0022775456,0.005041197
6118,5535,40.9646,0.46560642,0.08902203,0.17192967
6119,6118,1.499733,0.45390737,0.0026477575,0.0054975897
6119,838,40.19283,0.46756023,0.08784775,0.16964039
6120,6119,1.4154434,0.4619394,0.0028439537,0.005802408
6120,4402,23.951357,0.46391305,0.054925177,0.1049798
6121,6122,2.8229637,0.4714111,0.0022979751,0.005026102
6121,6741,196.86873,0.47540286,0.44168198,0.8536641
6122,6121,2.7563705,0.4681124,0.0021455213,0.004588902
6122,4381,26.27634,0.47509643,0.060225084,0.11451213
6123,3489,1.7366714,0.48287013,0.0050578713,0.009608254
6123,4233,17.102976,0.03137678,0.09217087,0.19519775
6124,3553,2.1120338,0.32864863,0.005021721,0.009108856
6125,3736,1.6406517,0.42992273,0.0031783208,0.006543547
6125,3733,113.957504,0.4141367,0.31931323,0.6174321
6125,2140,31.881287,0.42602476,0.07192546,0.13684578
6126,5585,1.8555717,0.33575973,0.0038413927,0.007342547
6126,2019,195.13411,0.36193073,0.42196926,0.80953795
6126,4964,50.56281,0.3422758,0.10795201,0.20917752
6127,5070,1.9066315,0.3424059,0.004161544,0.0079791695
6127,2043,22.31882,0.3400919,0.05036385,0.094704986
6128,6127,1.8670883,0.34449553,0.0041556507,0.007626161
6128,5070,1.1352081,0.12583244,0.003945172,0.00788568
6129,6130,1.9402466,0.49969056,0.002946578,0.0065167993
6129,5043,31.400465,0.49769515,0.082342036,0.15432926
6130,6129,2.0136337,0.4973752,0.0027930439,0.006042123
6130,5080,6.563839,0.49715003,0.016839564,0.03353189
6131,4169,1.3691254,0.53777623,0.001583688,0.0035299063
6132,4817,23.443766,0.5337709,0.048888635,0.09332117
6132,6131,1.8746414,0.53609,0.003124304,0.0067694336
6133,4191,7.1753197,0.5281864,0.014652282,0.028943777
6133,4324,1.7130508,0.53197396,0.0014254749,0.0034259409
6134,6698,1.6605644,0.43459508,0.003403537,0.0069779605
6134,4443,39.571167,0.44886267,0.0815003,0.15498562
6135,5481,1.2922935,0.44528317,0.0018869564,0.0051376224
6135,6134,1.566906,0.44746676,0.0027218685,0.0056832284
6135,4390,58.757698,0.4480201,0.13576017,0.26486984
6136,6137,1.3088913,0.5053161,0.0014591292,0.0032312572
6136,5415,14.685883,0.50924844,0.03424653,0.066915415
6137,6136,1.2950172,0.5040466,0.0014518574,0.003158465
6137,1193,165.81688,0.50439817,0.32593796,0.63049746
6137,1474,17.641083,0.50595224,0.04154261,0.08054577
6138,3249,45.097443,0.50034636,0.06305848,0.11726001
6139,3594,0.87049866,0.4845623,0.0034615174,0.0074799955
6139,3590,42.832527,0.49014756,0.093787,0.18288317
6140,2086,0.993721,0.5064553,0.0017736554,0.00460805
6140,6141,0.7844467,0.20741388,0.0025297403,0.0047163963
6140,4466,1.3760033,0.5192068,0.0029262006,0.0067967623
6141,6051,2.5397186,0.5146278,0.008116491,0.016819373
6142,3956,1.2333641,0.5201928,0.0029334724,0.006842211
6142,6143,5.965641,0.5104675,0.0051091984,0.011561021
6143,7074,3.6091118,0.52378136,3.9681792e-05,0.00092116
6143,3558,27.162434,0.020868897,0.091394395,0.1854162
6143,3956,2.2234879,0.5207528,0.0039385706,0.008016244
6144,6145,1.7732964,0.50729936,0.002701655,0.0050397366
6144,1419,25.76152,0.5128184,0.06474782,0.12363278
6145,1411,0.9051399,0.26537216,0.0006301999,0.001868993
6145,6151,14.121288,0.514149,0.029577155,0.058229096
6146,6149,1.4793549,0.50722986,0.0018386915,0.0039373934
6146,155,26.406887,0.504307,0.054530248,0.10413972
6147,6146,1.8138199,0.5061188,0.002966702,0.0061489195
6147,6149,1.2680588,0.5006155,0.0010899752,0.0032533854
6148,6147,1.2213326,0.50646967,0.0016167015,0.0038784742
6148,6652,56.388195,0.5045784,0.11045213,0.21468669
6149,154,0.808651,0.5073086,0.0012202859,0.0034859776
6149,3653,15.819002,0.51312906,0.033311725,0.06540504
6150,6151,1.8114624,0.51210535,0.0018428117,0.0040676743
6150,1411,13.436874,0.51530206,0.027444169,0.05450286
6151,6150,1.9586945,0.51457226,0.0020092726,0.0044196546
6151,6148,33.727543,0.5099861,0.06726408,0.1281789
6152,6153,0.9232178,0.5347723,0.0035997108,0.0067774504
6152,7070,66.63843,0.037665725,0.4266269,0.8861061
6153,6152,0.59581757,0.52605015,0.002438344,0.0044579953
6153,3405,79.10655,0.52403206,0.16623731,0.32338274
6153,4608,22.901958,0.5248028,0.04820664,0.09233502
6154,4775,60.30837,0.48976633,0.1181096,0.23069608
6154,6155,1.6209602,0.49048293,0.002412632,0.0048647523
6155,2794,1.2046585,0.48982483,0.0036359131,0.007919535
6155,6154,1.5601616,0.48374352,0.0023097098,0.004860103
6155,4319,51.57361,0.4932256,0.13195662,0.25601345
6156,6157,5.4748573,0.42306605,0.008055642,0.016147092
6156,4155,46.190987,0.42051935,0.10536793,0.20405692
6156,581,27.369938,0.4169689,0.062305555,0.11733426
6157,6156,5.417534,0.4240401,0.008000128,0.016027287
6157,576,27.194101,0.41649812,0.062084362,0.117179915
6157,2206,13.532,0.4229737,0.029787187,0.05725334
6158,3932,0.34510422,0.032954574,0.005047314,0.00960201
6158,5342,31.308289,0.45114952,0.067624055,0.12690401
6159,6160,26.496618,0.52103406,0.058692906,0.113159664
6159,4627,23.004,0.5207638,0.050938185,0.097368725
6160,6660,2.3580627,0.5186488,0.0012084916,0.0033519715
6160,2138,9.111347,0.5229628,0.020259745,0.040387645
6161,9,1.7760429,0.3820326,0.004412979,0.008445352
6161,2032,39.171795,0.3813758,0.080295265,0.15116543
6162,5228,10.701288,0.51004714,0.023470156,0.04607545
6163,2907,46.03917,0.5146435,0.054393865,0.10444276
6163,2905,48.225845,0.51354694,0.10538077,0.20325656
6164,2066,1.5939293,0.49417138,0.002206169,0.004466325
6164,6523,70.67505,0.49294809,0.19193426,0.36952648
6165,6166,1.6390305,0.5448915,0.0027030334,0.0049500465
6165,6167,19.008316,0.016073883,0.085300796,0.17243169
6166,1616,0.8627167,0.5396835,0.0013779253,0.003922999
6166,4635,0.0,0.04332909,0.0033262148,0.005496621
6167,6168,0.7399368,0.5409149,0.0032236576,0.0064163953
6167,4205,18.182747,0.030431986,0.07587533,0.15398926
6168,6167,0.68860626,0.5414412,0.0025467277,0.004928082
6168,2155,66.42128,0.5317035,0.13641301,0.26625884
6168,4209,23.07698,0.5364089,0.049363922,0.09523062
6169,2153,30.67202,0.52677816,0.06154365,0.11764017
6169,2152,1.9073372,0.52540284,0.0029634312,0.0064702183
6170,2152,1.4572449,0.52568877,0.0021223947,0.0049477965
6170,2449,44.22008,0.53072804,0.08906503,0.17168894
6170,6169,3.1343155,0.52738714,0.0054910704,0.011295453
6171,2442,36.03859,0.47837496,0.073036715,0.13795868
6172,6173,2.7529945,0.46660614,0.0019711033,0.0044659525
6172,6309,182.18434,0.46678403,0.40085992,0.77214605
6173,6172,2.786972,0.4628368,0.0020400882,0.0045104325
6173,729,75.64023,0.46916074,0.17172576,0.33063298
6174,780,1.4595222,0.47425428,0.001837343,0.003947437
6174,6175,1.7603455,0.48191586,0.0024918169,0.0050461143
6175,780,1.490757,0.4776041,0.002083823,0.0042984635
6175,4722,223.1503,0.47389868,0.44865876,0.8673093
6176,6758,1.3377228,0.52483326,0.0018026307,0.0040430278
6176,5091,39.338974,0.52610636,0.075098746,0.14284876
6177,2392,2.7542267,0.3830187,0.0063395426,0.012543917
6177,2422,31.257214,0.38141948,0.07209128,0.13697314
6178,1134,10.379679,0.45876876,0.024228089,0.047140867
6178,4745,50.064053,0.45378992,0.106624454,0.20641717
6179,4919,4.1963463,0.4407823,0.008225642,0.01602
6179,5051,5.995144,0.44021982,0.011922039,0.023524627
6180,3180,1.83498,0.4619983,0.0025454164,0.0056497455
6180,566,76.16969,0.46702743,0.15608436,0.30142197
6181,566,1.7150574,0.46374306,0.0023584664,0.0047813356
6181,568,15.348257,0.46141422,0.03232695,0.062459834
6181,3180,77.52046,0.46202865,0.15455559,0.29937962
6182,6183,2.6631432,0.44840473,0.0025068074,0.0052889585
6182,20,54.791283,0.46283802,0.12396467,0.24209131
6183,6182,2.651329,0.4537915,0.0022116601,0.0049670488
6183,7066,5.1993713,0.4576668,0.011252455,0.02228029
6184,1626,87.14007,0.4721505,0.17358363,0.33353883
6184,5372,22.676062,0.4722114,0.04871404,0.092818804
6185,3764,122.59422,0.5172796,0.2349973,0.4554791
6185,5511,2.6128197,0.522695,0.0047005117,0.009906441
6186,5511,1.0442924,0.5185643,0.0010454431,0.002342537
6186,6185,3.0994072,0.52366155,0.00543271,0.011355758
6187,6186,0.2706108,0.5164734,0.0001045987,0.0013299137
6187,6176,58.297607,0.5287465,0.114583485,0.2217778
6188,1416,40.06824,0.5234627,0.077814035,0.14929284
6188,6187,5.736534,0.52334356,0.010751486,0.022033498
6189,883,13.012028,0.49235162,0.030201986,0.059075467
6190,6191,1.9386673,0.437697,0.004764661,0.008905411
6190,5222,7.197727,0.43317288,0.028022453,0.05456306
6191,6190,1.8129463,0.4405024,0.0044045,0.008298054
6191,2682,2.7724,0.4328234,0.0140526,0.026165023
6192,2683,5.686878,0.44206804,0.013474792,0.025841698
6193,5418,87.30298,0.50170267,0.19187425,0.36909837
6193,2828,10.45178,0.5042016,0.060345225,0.12338087
6194,3486,2.5254784,0.47099584,0.0093394,0.018001378
6195,6531,1.7074051,0.45769963,0.0018653497,0.0042606294
6195,6532,1.1854591,0.45595706,0.006396748,0.012007147
6195,2112,2.7008438,0.4629446,0.0047268122,0.0095959455
6196,3883,4.0079575,0.5330168,0.009742446,0.019465357
6196,3130,12.670834,0.5256923,0.025970548,0.05120018
6197,2477,16.956818,0.31972158,0.040237702,0.07705622
6197,6198,1.68433,0.31564802,0.006093256,0.011487365
6198,2478,13.473724,0.31377217,0.029631596,0.05696307
6199,5162,0.57310486,0.04630524,0.0054784715,0.0093040615
6199,3962,42.197865,0.30421293,0.14626226,0.23736885
6200,6199,1.2585831,0.5399581,0.006081477,0.010743663
6200,1420,7.76305,0.028371602,0.03448738,0.06800745
6201,6699,1.4542046,0.43812463,0.007051125,0.012968481
6201,4201,30.571278,0.05781436,0.1315205,0.28051472
6202,541,21.32174,0.04992661,0.08288206,0.16852868
6203,1357,24.006075,0.43155545,0.059977483,0.11622375
6203,4992,63.35354,0.43623656,0.1829296,0.35424438
6204,6852,0.9419899,0.558233,0.0012340769,0.002038896
6204,6851,0.0,0.031704575,0.0031281859,0.004676774
6205,6204,0.9740448,0.30846933,0.0030950382,0.0024967194
6205,2236,24.880342,0.023624718,0.12039765,0.26135832
6206,3946,0.81552887,0.53475505,0.0031398907,0.007008001
6206,6023,59.737198,0.5347576,0.19936538,0.3875458
6207,5537,37.66105,0.5379865,0.07368237,0.14088303
6208,1037,3.1847534,0.3957794,0.003614612,0.0075708926
6208,3537,60.81102,0.39355564,0.14172617,0.2758927
6209,5710,1.8745728,0.49570152,0.0034508035,0.0071562976
6209,3681,12.111565,0.49611622,0.032054573,0.062553816
6210,6301,2.0416489,0.44518673,0.003255427,0.0066292435
6210,2476,36.457375,0.4522691,0.06422266,0.120385416
6211,1171,141.42952,0.44534433,0.28541714,0.5501022
6211,6210,3.6013107,0.44386318,0.006927654,0.013698921
6212,6214,1.378334,0.4537918,0.0031466559,0.0065546036
6212,4414,4.722069,0.45621666,0.0062123537,0.012701526
6213,6212,1.7376633,0.4516229,0.0033866018,0.0070335567
6213,6258,8.219795,0.45105106,0.017433174,0.034169957
6214,6215,1.791832,0.45811513,0.0036257058,0.007328242
6215,6213,1.8968582,0.4552785,0.0037573949,0.0075038075
6215,4389,1.7954483,0.45775646,0.00372912,0.00773035
6216,1994,1.7596359,0.268018,0.004226193,0.007742882
6216,5581,31.29821,0.272325,0.072087176,0.13570821
6216,6217,2.279644,0.2744577,0.004426576,0.0079135
6217,1994,2.007042,0.2757364,0.007194698,0.012959406
6217,6216,2.3344154,0.27292,0.0044414774,0.007864282
6218,6219,1.3512917,0.53148985,0.00304389,0.0055956095
6218,5092,57.922737,0.52847356,0.15776178,0.30663788
6219,6567,0.6972885,0.5343322,0.0009345859,0.0032273382
6219,6566,0.40433884,0.107329786,0.0033651814,0.0057613254
6220,6223,3.2545013,0.44381946,0.0029065832,0.005788982
6220,6429,55.939323,0.4529125,0.14553659,0.28191864
6221,6220,1.5109711,0.45183435,0.0048530325,0.010161161
6221,3618,60.655712,0.448375,0.069284104,0.1267691
6222,6221,3.385723,0.44332764,0.0032461882,0.006343484
6222,4932,2.017418,0.45311636,0.005772643,0.011705026
6223,6222,1.5720406,0.44716844,0.0050464943,0.0100851655
6223,205,66.82341,0.4500119,0.13301812,0.25748888
6223,6515,51.044216,0.45331535,0.060099315,0.11124762
6224,4537,1.7934914,0.46411842,0.0025227815,0.005206406
6224,4533,2.5790596,0.4685967,0.0056775436,0.011404857
6225,6226,1.5869064,0.46884835,0.0023740232,0.0052360296
6225,1804,88.65469,0.47661304,0.4721333,0.90896887
6226,6225,1.556736,0.47070703,0.0025814697,0.0051727593
6226,3068,75.43399,0.47183168,0.36247686,0.6960027
6226,3083,102.596085,0.4640355,0.3551269,0.6866679
6227,4966,1.7001228,0.49680346,0.003206551,0.006471351
6227,6707,1.2452087,0.49569628,0.0018984228,0.004186183
6228,305,0.87327576,0.28425074,0.0041490644,0.0057418644
6228,6376,2.4936676,0.54656094,0.0026442632,0.005793944
6229,6376,1.8937302,0.5520476,0.0027930439,0.006471649
6229,3904,2.4800262,0.5539467,0.0030774102,0.0069372803
6230,6231,1.7556419,0.3067515,0.005653441,0.008270323
6230,400,1.8748741,0.5550635,0.003169842,0.006996244
6230,6473,30.054745,0.5425525,0.06494351,0.12535103
6231,400,1.4336586,0.30193874,0.005218543,0.0072637796
6231,3660,10.606804,0.29347563,0.02716969,0.048384115
6232,6233,0.0,0.038615614,0.006853096,0.0109844655
6233,6234,1.1976471,0.52250475,0.0016521737,0.0025793463
6233,7041,12.681564,0.029967844,0.07631657,0.16247025
6234,3959,0.87483215,0.529965,0.0013151467,0.0037395954
6234,1691,0.0,0.038451195,0.006749317,0.010817677
6235,1050,13.989216,0.49470755,0.029590376,0.05786541
6235,409,2.4515648,0.4922476,0.0044199675,0.0087813735
6236,185,3.5092926,0.49245843,0.0065849125,0.013542756
6236,1562,24.273298,0.4933755,0.052115873,0.09965714
6237,3817,17.707504,0.01764059,0.06283461,0.13318166
6238,5632,2.33107,0.4948451,0.0047338456,0.009940684
6238,480,36.33335,0.50145066,0.09235897,0.17906123
6238,6111,48.55166,0.49232048,0.10529782,0.20410067
6239,4997,17.820454,0.45439515,0.039634775,0.07641983
6239,925,10.579369,0.45014608,0.02296231,0.044645354
6240,742,1.7399902,0.48119047,0.002666749,0.0049704164
6240,3461,195.6363,0.4645474,0.52837163,1.0328509
6241,6240,1.5822754,0.45296428,0.004273653,0.008792579
6242,6857,9.060234,0.47855288,0.021180093,0.04194224
6242,6857,9.020634,0.47802898,0.021093369,0.041767985
6243,216,56.16011,0.48187998,0.12274395,0.23772347
6243,6858,4.1329384,0.48542437,0.009155363,0.018868834
6244,2689,21.463644,0.4370487,0.05386943,0.104217604
6244,4941,14.959278,0.4376893,0.035007264,0.067753784
6245,1707,32.087967,0.42612904,0.070805475,0.13457273
6245,6248,11.59495,0.43757606,0.028310902,0.05499518
6246,6245,0.97929,0.43046963,0.0046249777,0.009411976
6246,6247,12.8189335,0.42793393,0.034883205,0.06787184
6247,1726,5.712002,0.43448585,0.017000876,0.03306979
6248,6247,1.6932564,0.43040022,0.005567685,0.011096701
6248,2690,30.90311,0.43119025,0.07679556,0.1451355
6249,4274,2.6510468,0.45269504,0.005615823,0.011481613
6249,4272,22.24617,0.45418948,0.048482023,0.09255684
6250,6251,1.7658005,0.45559245,0.0025282055,0.0052862316
6250,4542,41.14257,0.4608271,0.13565055,0.26504335
6251,6250,1.736412,0.455938,0.0022884458,0.004724592
6251,2676,150.67506,0.45900902,0.30372977,0.5860955
6251,4271,21.691626,0.46269038,0.06154623,0.11932496
6252,4541,0.2203064,0.2813354,0.002695106,0.005042076
6252,5833,1.5876884,0.4565658,0.0030151084,0.0062918663
6253,6252,1.2967072,0.45935443,0.0029208586,0.0059580207
6253,132,33.42397,0.46473804,0.10584023,0.20950514
6254,6256,0.74419785,0.5166261,0.00505691,0.010704279
6254,4939,12.425243,0.5214249,0.030991301,0.0610822
6255,6254,0.9583435,0.5172015,0.004016176,0.008118749
6255,4250,48.22638,0.5172759,0.13004443,0.25230148
6256,4728,0.9081154,0.5144742,0.0053184777,0.010893315
6257,4388,3.5822296,0.45263857,0.0063964203,0.01286383
6257,6258,12.027044,0.4600367,0.015498713,0.030846477
6258,3622,34.419064,0.45474783,0.0755818,0.143407
6259,2502,2.3452911,0.53998584,0.0021685138,0.0046203583
6259,6820,30.92709,0.30811206,0.075077266,0.12765978
6260,6261,1.3177643,0.50509244,0.0036390647,0.0076542646
6260,6578,57.554424,0.5075212,0.10999317,0.21197145
6261,5498,115.50414,0.5178648,0.24378127,0.47046667
6262,2451,2.195778,0.4450617,0.002768539,0.0057071
6262,4809,32.924522,0.4576208,0.06721225,0.12476333
6262,5596,54.56218,0.47247514,0.107581675,0.20780781
6263,5403,3.3300133,0.47319403,0.0059136674,0.011848867
6263,5406,1.9480553,0.47527623,0.0030152127,0.00642702
6264,6675,146.15079,0.49783093,0.18817931,0.36466104
6265,2282,1.9999123,0.35544735,0.004834175,0.00921379
6266,517,2.1811638,0.36519897,0.005088143,0.010039195
6266,5133,29.455503,0.36417007,0.06988163,0.13182896
6267,2281,5.7316017,0.36192256,0.009797402,0.019399524
6267,517,3.4742699,0.36420703,0.008157074,0.015897065
6268,6270,1.4409409,0.5109135,0.0027732477,0.0059483945
6268,3295,9.242939,0.5254462,0.02003035,0.040019676
6269,1977,1.3931007,0.5241218,0.0027185604,0.0057332963
6269,4600,53.47586,0.51416427,0.11516302,0.22388448
6270,6269,1.460289,0.49303705,0.0021021068,0.004314959
6270,6962,5.3670197,0.5216853,0.01144363,0.023396865
6271,6272,1.4140816,0.48033074,0.001983732,0.0044615567
6271,706,0.9375992,0.48206955,0.0035589188,0.007816702
6272,6274,2.392048,0.48001698,0.006959945,0.014074117
6272,5987,39.18617,0.4788235,0.080455035,0.15206338
6273,779,86.51401,0.4733907,0.17557648,0.33930093
6273,6271,2.7973442,0.47599167,0.007746607,0.015765682
6274,6273,1.5109406,0.47679284,0.0018698201,0.0040447265
6274,5224,4.1765213,0.48244083,0.00876528,0.017558455
6275,925,75.22543,0.4389187,0.15047123,0.29040682
6275,3799,9.35601,0.44793895,0.013123974,0.025882185
6276,4973,2.2578545,0.46567464,0.0043559447,0.008822963
6276,6278,1.722496,0.4619327,0.0027800053,0.005867988
6277,6279,1.5745964,0.45759985,0.0034375116,0.007172689
6277,4972,2.5417786,0.4652397,0.005285129,0.010513216
6278,6277,1.7281036,0.46216214,0.0037467107,0.007812232
6278,4975,2.1707115,0.45995975,0.0033958182,0.0067195445
6279,6276,1.6759262,0.46260044,0.0034913793,0.0069704056
6279,3333,2.0171623,0.45898104,0.0038101748,0.0076075494
6280,3922,1.3168755,0.5357143,0.0034173578,0.0063628554
6280,6539,29.466476,0.3100989,0.104064405,0.17136192
6281,334,44.743397,0.5153343,0.109343804,0.2108448
6282,790,33.845955,0.49042988,0.068953544,0.12959747
6282,3891,35.649364,0.5035057,0.08851809,0.17101641
6283,3361,1.6515884,0.49683255,0.003462702,0.007175833
6284,6285,2.6682434,0.4041163,0.0036573112,0.0072817504
6284,1216,24.567719,0.39895758,0.052340757,0.099817134
6284,6286,33.573616,0.39524928,0.07219876,0.13650869
6285,6284,2.9053612,0.40408516,0.0042649806,0.008790672
6285,2224,49.000565,0.40524644,0.09971636,0.1903701
6286,3297,1.8191605,0.3913968,0.0034199134,0.007023692
6286,1230,9.639576,0.39293867,0.021871157,0.04187429
6287,6288,4.6815834,0.37195513,0.00669197,0.013295025
6287,1257,96.369995,0.37252486,0.10073446,0.19691508
6287,4724,23.00237,0.37509796,0.051731188,0.09767743
6288,6287,4.7776184,0.37381995,0.006895289,0.014043659
6288,5193,48.396145,0.37041909,0.10239751,0.1955115
6289,6290,1.8539658,0.35503986,0.006429389,0.0123497695
6289,1313,10.771078,0.348218,0.023502909,0.04528983
6290,6291,2.7661552,0.35100138,0.004445672,0.008857816
6290,5894,2.2306328,0.35752147,0.0071096346,0.013596222
6291,5425,4.0298233,0.3555687,0.007589102,0.014537796
6291,6292,2.4185677,0.3534096,0.006222777,0.011903331
6292,6289,2.320118,0.35482657,0.00389342,0.007489726
6292,3329,35.239197,0.33839473,0.098145634,0.18934089
6293,1911,16.167826,0.4145192,0.035443675,0.06837001
6293,6296,2.4037743,0.4147982,0.005769238,0.011631072
6294,6293,1.8556023,0.41655678,0.0032476485,0.006282851
6294,3566,8.914932,0.42125234,0.019121572,0.03733951
6295,6294,2.3811035,0.41109887,0.0056524426,0.011048362
6295,6503,29.11509,0.41361526,0.06402017,0.120793164
6296,6295,1.843605,0.4116376,0.003242664,0.006653771
6296,1255,48.743076,0.40551585,0.108148664,0.21035929
6297,6298,1.9595642,0.42160898,0.0031912327,0.0062825233
6297,3741,8.390076,0.42553043,0.018810317,0.036725417
6298,6300,1.8417778,0.4289176,0.0036527738,0.0073214322
6298,1913,63.476433,0.417758,0.1304865,0.2517094
6299,6300,1.8132324,0.43346983,0.0034265518,0.0068759173
6299,4139,2.190876,0.42785737,0.0034414083,0.0070087165
6299,3577,11.713375,0.43203402,0.027496591,0.053312466
6300,6299,2.2434921,0.43277845,0.004323952,0.008536041
6300,6297,2.303894,0.4294693,0.0047555715,0.009655699
6300,3579,19.793716,0.43012393,0.04771488,0.09128672
6301,5803,1.9150963,0.44698742,0.0029160604,0.006151229
6301,2475,24.810194,0.45051634,0.06281664,0.12043888
6302,1820,26.446,0.40758765,0.0579967,0.10916626
6302,4063,19.456474,0.41101834,0.042812828,0.0812903
6303,6304,1.8891258,0.53380156,0.0049778596,0.009726003
6303,3366,29.25581,0.059073687,0.17839703,0.37459207
6304,6303,1.7909584,0.5333161,0.0047037527,0.009315148
6304,6466,42.698677,0.17380148,0.19425449,0.40198886
6305,6306,0.83418655,0.52560145,0.00013302267,8.5517764e-05
6305,6152,6.84486,0.038727343,0.042750653,0.08612502
6306,3365,0.0,0.034640968,0.0039999634,0.005977422
6307,6310,1.328434,0.47474545,0.0038406774,0.008106455
6307,1465,151.92441,0.46147978,0.41263193,0.80185336
6308,6307,1.5972977,0.47532958,0.0043356717,0.009163499
6309,6308,1.3270836,0.47460508,0.0038119033,0.007979512
6310,6309,1.3274078,0.47129488,0.0038968548,0.008022577
6310,6173,182.32933,0.46687832,0.40419927,0.779582
6311,1085,45.45767,0.47803846,0.0983997,0.19055995
6311,5846,29.494778,0.4771189,0.073068686,0.13917771
6312,6311,1.5004883,0.47386736,0.0031891689,0.0068773776
6312,3999,25.319405,0.48264503,0.061783858,0.11877774
6313,6344,27.913383,0.481134,0.06999232,0.13433948
6314,6377,1.9780197,0.4654265,0.0035371408,0.0075013787
6314,25,39.177895,0.46948266,0.099283144,0.19023353
6315,2750,1.090271,0.483799,0.0021165013,0.005333841
6315,2059,29.158424,0.49069414,0.06591345,0.12548749
6316,4739,0.98036957,0.3147924,0.0015782416,0.0043791533
6316,6315,14.552332,0.4438998,0.031193767,0.061477505
6317,6318,2.2385101,0.36526743,0.003417924,0.00661242
6317,1830,72.57144,0.37179524,0.20141017,0.38753903
6318,6317,2.3308525,0.36611074,0.0033278838,0.006417781
6318,5524,37.55123,0.36240035,0.0978641,0.18740112
6319,6320,1.7866135,0.49180064,0.001639925,0.0035448223
6319,49,6.935627,0.49733794,0.012290128,0.024362147
6320,6319,2.0163841,0.49620894,0.0021753386,0.004691705
6320,6328,56.865517,0.5039984,0.084092245,0.16032784
6321,6324,1.8623428,0.46826452,0.005323112,0.011062607
6321,6322,3.6798744,0.4685342,0.009525128,0.019264147
6322,2881,2.6352882,0.45099863,0.0067921504,0.0137631595
6322,2880,2.642971,0.4693181,0.007124938,0.014734045
6322,6321,3.1358948,0.47061697,0.008582361,0.017552838
6323,6910,0.6934738,0.2097503,0.0029235259,0.006414935
6323,6324,4.446251,0.4712727,0.011046499,0.022038028
6323,2880,2.4896126,0.4689743,0.0037959293,0.007614821
6324,2879,16.936447,0.47148663,0.036101893,0.0701718
6324,6323,4.193142,0.47122693,0.01071436,0.021593824
6324,6321,1.5232925,0.47001413,0.004782386,0.010253951
6325,1649,4.0225334,0.47897542,0.006261371,0.012827843
6325,2062,2.431141,0.48001838,0.0068267137,0.013938457
6326,5734,57.023422,0.48128772,0.113556564,0.2207553
6326,1649,4.071842,0.4758048,0.010823719,0.021677822
6327,1859,3.070671,0.49781132,0.004404679,0.009275511
6327,4,7.5091705,0.4998552,0.013714723,0.027739674
6328,5947,2.1622353,0.4988232,0.0026142597,0.0056369007
6328,6327,8.061554,0.5024289,0.014822915,0.029205412
6329,2276,40.90967,0.50538266,0.08741661,0.16875911
6329,265,24.53637,0.5033355,0.05472968,0.1041463
6329,266,28.869585,0.5031339,0.059683815,0.1135334
6329,3907,5.793354,0.5041848,0.010224648,0.020736888
6330,6331,18.47476,0.5019124,0.040956784,0.079006664
6330,265,23.260231,0.503056,0.051499825,0.09841381
6331,3412,1.6028633,0.50363874,0.002017051,0.004901126
6331,6544,13.964462,0.5055409,0.030656725,0.05990561
6332,5645,1.5041542,0.48893732,0.003100656,0.006809175
6332,3966,9.981674,0.5056047,0.021738581,0.043110132
6333,430,1.3994904,0.48306122,0.0017478839,0.0036240965
6333,783,87.57668,0.47830427,0.17422576,0.3356822
6333,2953,115.108025,0.478783,0.30646354,0.5923452
6334,3434,179.19579,0.46107826,0.22995868,0.4474067
6334,6379,56.881958,0.46512455,0.15108484,0.2931111
6335,985,13.640932,0.49796557,0.015703723,0.03213556
6335,53,13.289253,0.4920834,0.016397014,0.03358683
6336,6344,6.0169754,0.48049322,0.013253428,0.026331887
6336,212,7.125805,0.4874524,0.015545003,0.031036958
6337,6338,1.2327766,0.49530146,0.002390623,0.005492121
6337,4094,60.416565,0.49072555,0.16269225,0.31440443
6338,6337,1.4064407,0.49777502,0.0025315061,0.0056943446
6338,3661,5.726635,0.5031095,0.014345251,0.028438762
6338,3662,18.99474,0.4988912,0.04169804,0.08053781
6339,64,27.387188,0.4931138,0.057818808,0.11050975
6339,5546,38.42315,0.49408406,0.07671424,0.14690167
6340,985,1.0984306,0.49394292,0.003980793,0.008196369
6340,2210,35.624573,0.49403614,0.091267146,0.17646198
6341,6632,2.6584015,0.45772198,0.003963411,0.0076970905
6341,2495,53.89197,0.4592164,0.14202876,0.2748002
6342,2367,2.2522392,0.46122596,0.0033924729,0.0067732185
6342,413,21.416979,0.46814808,0.047755245,0.09127633
6342,5077,36.522243,0.47428256,0.06873854,0.12848105
6342,5397,2.7160149,0.4642675,0.0055013373,0.011239067
6343,3385,28.910055,0.48007852,0.072279125,0.13600786
6343,6345,39.364445,0.48153976,0.0962513,0.18565531
6344,6343,1.8362923,0.48064893,0.0040249825,0.008387864
6344,212,3.3269768,0.483756,0.00859157,0.017441735
6345,376,5.126358,0.48695877,0.01309593,0.026083022
6346,2382,24.61638,0.46634716,0.062134523,0.12034334
6346,5238,25.588081,0.4809684,0.056932308,0.10817893
6347,6346,0.78676987,0.45480326,0.0032731518,0.00628601
6348,6349,4.0811844,0.4864869,0.01055713,0.021403208
6349,1651,6.275631,0.47952121,0.015432812,0.030672982
6349,375,5.2201805,0.48425296,0.012848698,0.025556952
6350,3614,5.670315,0.5358283,0.016606152,0.03283958
6351,416,2.3740044,0.4690435,0.002852179,0.005857423
6351,5274,9.808422,0.46876892,0.023179196,0.045749888
6352,1687,55.934,0.460647,0.1484011,0.28299943
6352,2368,35.594944,0.46571183,0.0665498,0.12641796
6353,353,31.040138,0.50789857,0.06326377,0.12072668
6353,6355,29.862585,0.5059278,0.060173355,0.11450999
6354,3513,20.49325,0.5079905,0.043438226,0.08376947
6354,2102,69.92064,0.5052668,0.13265915,0.25763452
6355,354,1.2407646,0.5052234,0.0016902089,0.0041618347
6355,2096,17.339762,0.51075387,0.03643102,0.07092396
6356,5194,2.300045,0.47454748,0.002220638,0.0045435876
6356,5476,5.2135925,0.4740447,0.010024317,0.019906119
6357,5476,2.1081505,0.47400296,0.0018314198,0.0040153563
6357,5194,6.1801453,0.47149485,0.012466647,0.024769947
6358,5989,1.9106293,0.4716066,0.003751874,0.007733658
6358,1003,35.361942,0.4763561,0.09130212,0.17682776
6359,6360,1.9607086,0.47098827,0.0021332651,0.004387647
6359,1023,24.446543,0.47356784,0.052838314,0.10028309
6360,6359,2.0378647,0.46949774,0.0022345334,0.0046576113
6360,280,16.357573,0.4766551,0.034625027,0.06719399
6361,3529,1.197712,0.09779313,0.0036542788,0.00837931
6361,690,183.18513,0.38156587,0.39335713,0.75325775
6362,6361,2.4523315,0.38531417,0.0039641783,0.007871047
6362,5001,27.606955,0.39791036,0.06828021,0.12975301
6363,3503,51.955284,0.48428574,0.10563868,0.2040756
6363,183,55.480743,0.48423487,0.0883792,0.17171763
6364,6367,0.38666153,0.2773254,0.0009896457,0.0027988404
6365,6364,1.6326599,0.4973896,0.00485602,0.010049835
6365,5175,37.07447,0.4972716,0.09486589,0.18579446
6366,6365,0.9560623,0.2953251,0.0029162243,0.005895406
6366,2759,71.70409,0.49418017,0.1907185,0.36818314
6367,6366,1.6480522,0.4966624,0.004640281,0.009244636
6367,1768,4.987156,0.5008175,0.01255779,0.025481984
6368,4790,1.8026581,0.48347583,0.003711149,0.007736489
6368,5124,55.95416,0.48814765,0.14215314,0.27567
6369,759,1.4808655,0.49297264,0.0018040985,0.0038253814
6369,6374,12.593761,0.4966504,0.027724028,0.05397059
6369,756,42.42728,0.49470562,0.082778364,0.15953697
6370,735,1.3900146,0.45055127,0.0024040937,0.0053417385
6371,804,1.3660126,0.48543906,0.002521798,0.0053640455
6371,6370,36.95102,0.4808835,0.09256422,0.17957214
6372,6373,2.477272,0.4923995,0.0016996488,0.0040564984
6372,6369,18.22542,0.49667734,0.040213592,0.0778065
6373,6372,2.338192,0.49596107,0.0015144423,0.003690645
6373,5865,27.156033,0.49735984,0.061988458,0.11788221
6374,6375,2.5476418,0.4958886,0.0017839819,0.0041746795
6374,760,8.083687,0.49254847,0.01809571,0.035859957
6375,6374,2.85569,0.48430702,0.0023534074,0.0053456426
6375,759,13.248144,0.49609408,0.029160284,0.057136483
6376,3905,7.8290787,0.5450357,0.013515785,0.027443752
6377,4387,1.6632652,0.45889512,0.0030392036,0.0065550357
6378,6742,1.7346725,0.4628661,0.0024280846,0.0048122257
6378,6492,31.959354,0.46684918,0.081512846,0.15776516
6379,4387,0.56189346,0.28428984,0.0015256554,0.0031404644
6379,6377,1.315506,0.43978536,0.00388024,0.0077937692
6380,3976,1.9109344,0.05024627,0.006683536,0.012929052
6380,4848,17.490986,0.06788418,0.05598359,0.108422786
6381,6382,1.1699867,0.4835854,0.0033305436,0.007207662
6381,6384,36.534508,0.49538577,0.080911994,0.15495232
6382,6381,1.1877823,0.48505658,0.0034480095,0.0073729604
6382,6940,1.019268,0.37219173,0.0028564185,0.006630823
6382,1041,25.734293,0.4937991,0.063222766,0.12081452
6383,6940,1.8712959,0.4855203,0.0028199926,0.006109327
6383,6939,2.8869019,0.50152075,0.0027668849,0.0056622475
6383,2212,62.8075,0.4934909,0.09695835,0.18680455
6384,6385,1.9178886,0.4951142,0.0032592937,0.00653784
6384,4653,25.088018,0.49193186,0.05453451,0.10378713
6384,2058,29.193932,0.4956209,0.06458804,0.12353933
6385,6384,1.8122253,0.49498534,0.0029562414,0.0058707893
6385,826,42.097828,0.49477613,0.082567625,0.15977266
6385,6382,37.152676,0.49533957,0.08078727,0.15569282
6386,3417,1.193058,0.4364608,0.0068582594,0.01313366
6386,2265,45.863422,0.43020663,0.09275393,0.17810439
6387,1000,1.6328697,0.46092024,0.0029448792,0.0062907487
6387,6390,24.828054,0.46549553,0.056159463,0.107756786
6388,3954,3.6709251,0.46229795,0.007765211,0.015165284
6389,2703,47.573856,0.46388495,0.14663704,0.28513283
6390,1001,2.6591377,0.46181405,0.0021697283,0.005080238
6390,1002,17.695028,0.46762562,0.039189782,0.07548528
6390,6391,6.624977,0.4642645,0.014694072,0.02893366
6391,5078,1.5316238,0.46007758,0.0034838393,0.007342905
6391,1002,15.398104,0.4657989,0.0300022,0.058513522
6392,1946,0.0,0.03226447,0.0076659694,0.01303871
6393,609,24.904942,0.48794872,0.044366967,0.085023396
6393,6392,7.3515434,0.47810832,0.01745294,0.033985928
6394,3784,46.07739,0.4500615,0.100992955,0.19581988
6394,6395,6.733803,0.45076218,0.014862165,0.029144257
6395,3794,16.9163,0.45413268,0.036983777,0.07121985
6395,6394,6.8313103,0.45458025,0.015046187,0.029457703
6396,6397,3.3912315,0.48788673,0.0087766275,0.017697707
6397,1638,7.570423,0.4785551,0.018523522,0.03634271
6397,5339,1.6311569,0.48391533,0.00446596,0.00923416
6398,5340,2.8193436,0.48473907,0.007933617,0.016162425
6399,1566,36.129894,0.48143184,0.09096254,0.17690134
6399,6398,1.8614769,0.48562884,0.005062513,0.0100750625
6400,1695,2.1388054,0.4660836,0.004128121,0.008204803
6401,6403,1.7959023,0.4683236,0.0034677163,0.0071094334
6401,6402,1.6358414,0.46293685,0.0033065379,0.0067729503
6402,1695,1.9823074,0.4633334,0.0038190708,0.0077489763
6402,6400,1.6770058,0.46817753,0.0032766312,0.0066794604
6403,6402,1.7202568,0.46290597,0.0033317953,0.0072202086
6403,6677,15.059158,0.46597427,0.032762177,0.06364355
6404,6401,2.4230347,0.4588487,0.0021655038,0.0044450313
6404,158,33.690075,0.4713423,0.074467756,0.14071167
6405,3138,1.8898163,0.47264606,0.0089554265,0.01801768
6406,462,2.0848503,0.4800851,0.0033484846,0.0071631223
6406,6407,1.9065285,0.48338693,0.0034887195,0.0073473155
6407,2181,1.1462135,0.48607087,0.0037271082,0.00824517
6408,6406,1.8679428,0.48194626,0.0033681467,0.0069381595
6409,546,1.925724,0.4415659,0.0037128776,0.0075239837
6409,1580,36.234093,0.4386268,0.07599193,0.14305392
6410,6409,1.7796059,0.43701,0.0029521063,0.0062156618
6410,2601,34.19299,0.4384757,0.076493785,0.14385188
6411,999,16.993898,0.45569223,0.037235696,0.07273152
6412,3658,0.75657654,0.5326342,0.0019059777,0.004865423
6412,6414,1.0363617,0.52403593,0.0012359768,0.002958864
6413,6412,1.1023254,0.528008,0.0020476878,0.0043430775
6413,6412,1.7208252,0.52904046,0.002598524,0.005479306
6414,3657,1.0807037,0.5277864,0.0019523054,0.0042488277
6414,6592,39.524765,0.5327723,0.07736053,0.14598313
6415,4321,48.10414,0.52872443,0.10054979,0.19346206
6415,6416,5.6625404,0.5351131,0.011564709,0.0242434
6416,488,0.3071556,0.02825734,0.00081879646,0.0028112382
6416,6415,4.532467,0.53021014,0.009288818,0.019654468
6417,2599,2.0442505,0.44758752,0.0031273216,0.0062305033
6417,6418,2.2283974,0.45154694,0.004705809,0.008993208
6417,1248,36.66743,0.4492342,0.07553931,0.14174904
6418,2599,1.7656212,0.44704655,0.0037531853,0.0078298
6418,2351,33.91951,0.4471411,0.07567255,0.1445354
6419,2306,7.045624,0.44007832,0.017415062,0.03412938
6419,3813,1.6696091,0.43597537,0.004611455,0.00908339
6420,1185,1.4840508,0.4763698,0.0022995546,0.0050213635
6420,4960,10.112152,0.4859326,0.021048829,0.04162346
6421,2149,112.54424,0.5238885,0.23235297,0.44999385
6421,3364,59.218098,0.5297803,0.12550908,0.24443601
6421,2157,77.80292,0.52407384,0.15133175,0.2939807
6422,2700,29.214802,0.46983385,0.064284444,0.12246455
6422,2946,12.008287,0.47591472,0.026441902,0.051400855
6423,2659,65.161896,0.44655153,0.13138345,0.25416023
6423,2663,38.132324,0.4439718,0.077589035,0.14786595
6423,2662,98.4308,0.44430542,0.19859785,0.38218415
6423,5315,58.10144,0.44290292,0.11589698,0.22457382
6424,6425,2.1957855,0.49997035,0.0044562146,0.009240881
6424,1,55.772373,0.4944477,0.12438714,0.24129926
6425,6424,2.1410103,0.49910048,0.004629642,0.0096452385
6425,2536,4.9280624,0.50105137,0.010445021,0.020670876
6425,6427,4.80381,0.49958724,0.010466687,0.021234736
6426,2196,17.592232,0.5046086,0.039407417,0.076632924
6426,5187,70.97888,0.49703318,0.14076185,0.27411813
6426,6709,80.924065,0.49980313,0.16171478,0.31384414
6427,2536,12.783962,0.50046057,0.016759828,0.0334332
6427,6425,4.6863556,0.50007826,0.010065526,0.020346016
6427,6502,74.93211,0.49588168,0.16416636,0.31795958
6428,6429,2.1320572,0.4543888,0.0033936352,0.0069510937
6428,206,42.252407,0.45992386,0.08454138,0.16364941
6428,6223,55.68423,0.45090055,0.14569777,0.28178254
6429,6428,2.617176,0.45539844,0.004445404,0.0090504885
6429,238,21.268318,0.45489287,0.045508195,0.08699346
6429,6668,49.428055,0.45372373,0.12194731,0.23730206
6430,6434,1.0933647,0.49143794,0.0042179674,0.0091673285
6430,6433,1.5473976,0.48938248,0.0021042302,0.004445493
6431,6434,1.3368454,0.489598,0.003776461,0.008031189
6431,6433,2.079319,0.49055475,0.005690828,0.011464596
6431,2212,14.185406,0.4914035,0.03260212,0.06314232
6432,6430,0.9481125,0.48715314,0.00349126,0.0074671805
6432,3236,46.719982,0.48723269,0.115545385,0.2243995
6433,6430,1.4204216,0.4868819,0.0016887337,0.0036471635
6433,6432,1.2221451,0.48743793,0.0035888255,0.007560551
6433,828,33.50647,0.49213594,0.06769662,0.12924659
6434,6431,1.205307,0.49386132,0.0037895143,0.008125693
6434,190,58.36648,0.49111927,0.1532582,0.29666588
6435,6431,43.140343,0.49973112,0.105051376,0.20504804
6435,6670,72.100555,0.49336168,0.15936756,0.3083762
6436,6663,32.83639,0.47330636,0.08393233,0.16074157
6436,2755,1.4906883,0.47210371,0.0040474385,0.008253753
6437,434,0.88357544,0.49598548,0.003682211,0.008387014
6438,1648,46.581013,0.4901656,0.07556116,0.14273372
6439,3087,2.9120903,0.48805675,0.0081916675,0.01698862
6439,6438,5.760128,0.4890994,0.009027131,0.018736258
6440,2942,4.404297,0.47451344,0.009776324,0.020032212
6440,6441,19.419403,0.48030332,0.024614751,0.048570305
6441,5158,78.55911,0.48197386,0.07970602,0.15002787
6442,1305,0.95822525,0.22457987,0.001527898,0.0041505992
6443,6863,79.47562,0.4812327,0.17281953,0.3343232
6443,1184,5.6055183,0.48732126,0.012212887,0.02436328
6444,6918,5.3995705,0.4859199,0.011775531,0.02365698
6444,1187,43.402485,0.4853618,0.09366332,0.181641
6445,6446,19.05899,0.47370476,0.042218532,0.08161643
6445,2183,4.852024,0.4721052,0.010381006,0.020830676
6446,2388,1.6770515,0.47460184,0.0022136047,0.0046717525
6446,1181,40.054245,0.47504902,0.08728809,0.16897032
6447,4806,1.8857422,0.29752633,0.004401274,0.008417115
6448,2674,2.0325928,0.4561064,0.002970688,0.0060563684
6448,2673,11.695385,0.4621964,0.026010484,0.050994366
6449,6448,1.7136269,0.46163738,0.00358662,0.007051721
6449,2675,22.81535,0.4597326,0.050911643,0.09658535
6450,2673,1.8040466,0.45914814,0.0024766624,0.0049866587
6450,2674,12.947884,0.46137807,0.028289445,0.054498732
6450,233,35.206047,0.4593323,0.07147665,0.1366233
6451,177,2.532814,0.46362925,0.002489373,0.0052369833
6451,5217,1.6663513,0.45899758,0.0030762404,0.0064661205
6451,6450,12.709692,0.46116835,0.027900197,0.053749293
6452,5483,1.0131111,0.30814993,0.00468497,0.0064255
6453,6454,1.7012901,0.45543483,0.0034823492,0.0073156655
6453,1075,11.710419,0.4571497,0.02547443,0.049648702
6454,5427,1.540329,0.4534019,0.0031479076,0.0066647977
6454,1397,19.007515,0.46121457,0.036782473,0.07119905
6455,172,2.5811691,0.45840415,0.0028067008,0.0059767514
6455,201,32.266663,0.454458,0.085280776,0.16125263
6456,6455,2.1664925,0.4498276,0.0023758337,0.0050040334
6456,172,1.6573372,0.45408583,0.003252864,0.0070007443
6457,5549,2.991413,0.48165312,0.002781041,0.0059823096
6457,6614,29.279484,0.48359978,0.06614292,0.12500447
6458,3899,5.8035126,0.29051915,0.016047902,0.028442249
6458,6452,2.6308289,0.5565229,0.0031702295,0.0072765946
6459,6460,2.4492836,0.50185245,0.0020987764,0.004404649
6459,2769,67.2092,0.49833497,0.14647014,0.2835881
6460,6459,2.4586754,0.5014962,0.0020422116,0.004308313
6460,3380,28.898535,0.50089395,0.06604445,0.12435363
6461,3350,1.8664169,0.4759094,0.0027488023,0.005655363
6461,481,32.292175,0.48501894,0.066428825,0.12551776
6462,6965,17.065172,0.489438,0.03769706,0.07300137
6462,1186,53.83902,0.48232472,0.11620175,0.22506115
6463,1014,30.017263,0.46481887,0.06341535,0.12074497
6463,5138,25.820915,0.46554878,0.056018174,0.10696656
6464,1070,58.488472,0.45779914,0.11639854,0.22522125
6464,6463,32.343925,0.4663712,0.067258425,0.12640531
6465,6466,1.061306,0.53358513,0.0032454878,0.0068116635
6465,1616,122.305466,0.52895373,0.2565103,0.4971
6465,878,43.176544,0.005375147,0.1539735,0.32066175
6466,6465,1.3539925,0.5367073,0.0043784007,0.008719385
6466,4057,28.216776,0.29577774,0.09942908,0.20357463
6467,2934,1.1123772,0.4635731,0.004516378,0.009751514
6468,135,7.8918076,0.47282556,0.017089471,0.03316495
6468,84,146.08253,0.47068325,0.32220688,0.6220461
6469,2644,80.19151,0.46637848,0.17471328,0.3362028
6469,6470,4.570965,0.47066224,0.0099925175,0.019932121
6470,135,1.9101486,0.46966437,0.0025791302,0.005403951
6470,6468,6.596287,0.47426572,0.0144296065,0.028316915
6471,1438,2.1765327,0.41736817,0.003883049,0.008280098
6471,3400,25.305088,0.42902517,0.06318794,0.12054625
6472,4544,3.3115234,0.46054897,0.006162159,0.012092948
6472,4552,2.115612,0.45889717,0.003067866,0.0066663176
6473,6230,30.71105,0.54631656,0.06606449,0.12778822
6473,5196,327.92096,0.49050945,0.71270174,1.3973857
6474,5659,2.2426796,0.4478337,0.0026937723,0.0058295876
6474,2806,20.58751,0.4591668,0.049360856,0.09473853
6475,2086,41.202007,0.5157638,0.10959652,0.21284124
6475,5280,102.59904,0.5196903,0.19826439,0.384789
6476,2333,84.06031,0.33553156,0.1840609,0.35566324
6476,6841,27.394371,0.35709813,0.06409276,0.12015654
6476,1235,96.42287,0.33042789,0.23026624,0.44409937
6477,4683,52.926758,0.44032666,0.1342299,0.26123372
6478,4807,2.2047768,0.4501405,0.00343436,0.006984949
6478,6479,11.018045,0.45684135,0.022919878,0.04468423
6478,5286,51.334923,0.45494407,0.10108544,0.19506747
6479,6478,11.250973,0.45527393,0.023594387,0.04605253
6480,6481,1.1300888,0.48640487,0.0040841475,0.0080990195
6480,854,27.814295,0.4770952,0.05751811,0.10995618
6481,6480,1.0414276,0.48304594,0.004117772,0.008717254
6481,4203,28.533903,0.47886735,0.086592294,0.16614544
6482,6483,2.730484,0.38661784,0.0025376678,0.0053130984
6482,6650,10.604563,0.38428426,0.02427774,0.04655686
6483,6482,2.8728447,0.38280958,0.0030217767,0.006253645
6483,4032,19.61772,0.3849577,0.045417443,0.08652682
6484,5907,0.96051407,0.534163,0.0027677938,0.0056195855
6484,2064,64.63488,0.5373183,0.122360654,0.23827526
6485,6488,1.517353,0.49778214,0.0019575134,0.004082978
6485,4449,25.266861,0.5026563,0.056367733,0.10788096
6486,468,56.86424,0.499911,0.10902428,0.21160188
6486,3936,1.5648079,0.4933916,0.001716502,0.0035032183
6487,6489,1.2476616,0.49506447,0.0017243698,0.003655851
6487,3655,25.600704,0.4960037,0.054720793,0.10490909
6488,6485,1.4062767,0.49608526,0.0017714873,0.0036368817
6488,3843,1.4153366,0.4978265,0.0030820668,0.00649336
6488,6487,22.554033,0.4980248,0.048482366,0.09253412
6489,3936,1.4456444,0.49453706,0.0019697994,0.0043026954
6489,6486,1.8057709,0.5021824,0.0027491152,0.005928412
6490,1362,80.24693,0.4720473,0.15761688,0.30433506
6490,4296,11.324984,0.4841414,0.023766503,0.04676713
6491,207,2.3340073,0.45937803,0.0047171265,0.009710357
6492,5305,1.2253761,0.45920998,0.0036955625,0.007810697
6492,6491,48.258064,0.45744997,0.10575958,0.2053355
6493,5306,1.4502411,0.46670264,0.004825935,0.01002121
6493,228,4.6237946,0.46086577,0.0074350685,0.01493375
6494,6496,5.553047,0.4599106,0.014164172,0.027740315
6495,5306,1.1056747,0.46624768,0.0038416162,0.00814341
6495,6494,1.6076813,0.4631878,0.005458787,0.011137426
6496,209,25.3394,0.4641114,0.060860313,0.11643574
6496,6493,4.213009,0.4666026,0.010750398,0.021419898
6497,555,1.7649574,0.46077594,0.0024964958,0.0050065815
6497,5560,47.317287,0.46118402,0.10474437,0.20166923
6498,6500,1.6800003,0.49837047,0.0029618964,0.006158024
6499,6498,1.5698929,0.45516664,0.0029911175,0.0060136765
6499,6502,4.1578445,0.48994124,0.009435073,0.019062653
6500,2294,37.222397,0.49762246,0.08006748,0.15278499
6500,6501,1.7582207,0.4991406,0.0032499954,0.0066943318
6501,6499,1.6101418,0.4956898,0.0030502826,0.0066300035
6502,6427,75.533066,0.49761555,0.16387355,0.31779772
6502,6498,3.411602,0.50019395,0.0073343962,0.014751494
6503,1914,2.0726166,0.42069086,0.0024988353,0.0050019324
6503,4059,31.630692,0.4229838,0.06730937,0.12638043
6504,6505,1.9175873,0.40612072,0.002735816,0.005760655
6504,1829,93.30375,0.40455872,0.21829519,0.41871637
6505,6504,2.07296,0.40344426,0.0026840717,0.005577877
6505,4848,29.328781,0.4009843,0.06915837,0.13073479
6506,6507,2.4227715,0.26745734,0.0045796707,0.008406639
6506,2122,27.265095,0.27328405,0.07266459,0.13863184
6507,4667,1.8444824,0.26997524,0.0067636967,0.012472749
6507,6506,2.5400543,0.2682599,0.0048042387,0.00890699
6508,309,1.8967896,0.5252601,0.0038284808,0.008593842
6508,6509,1.2781715,0.52317524,0.0013570264,0.003057018
6509,6508,1.2092018,0.523457,0.0014796704,0.0033362806
6509,4593,30.02348,0.5223013,0.06479155,0.12323948
6510,3244,17.130024,0.49625865,0.040793575,0.079163074
6511,6512,1.8301163,0.40796697,0.0042561293,0.008457676
6512,1491,114.62669,0.40778977,0.26090905,0.50187457
6512,4971,2.2303276,0.40774158,0.0053725243,0.010434195
6514,2913,73.67465,0.52309674,0.2037028,0.39260527
6515,472,17.837471,0.44816813,0.039869346,0.07706013
6516,179,7.185013,0.43826598,0.02023387,0.039625242
6517,6518,1.4751129,0.47405842,0.0049517453,0.010165349
6517,4149,156.85974,0.46453077,0.31737325,0.6113791
6518,6517,1.0315742,0.47131473,0.004023403,0.008475587
6518,3541,90.59494,0.46765652,0.31629252,0.6113385
6519,4136,32.802963,0.48037925,0.082663886,0.15757068
6520,1917,1.7435036,0.4347176,0.0052348003,0.010440573
6520,3734,7.4991264,0.43556187,0.016272336,0.031880066
6521,5690,31.3718,0.45112363,0.06583041,0.12477352
6521,1156,151.95909,0.4441544,0.5042991,0.980741
6522,6524,1.0920906,0.46221173,0.0031868443,0.0063852966
6522,5132,1.3958855,0.47587264,0.0036651045,0.008038044
6522,6526,2.6537094,0.4927052,0.005805522,0.012304381
6523,6527,0.70536804,0.41324553,0.002055794,0.003979951
6523,6525,1.3437042,0.4671606,0.0019478127,0.004417032
6524,6523,1.2227325,0.48447573,0.0020500198,0.0047154576
6524,2066,71.63597,0.49237692,0.19231117,0.37096435
6525,1688,102.86305,0.47380158,0.22127092,0.42683798
6525,6527,1.2333488,0.49817646,0.0021137074,0.0045963377
6526,4629,52.80709,0.49861938,0.11307061,0.21912567
6526,6524,2.2438507,0.49186298,0.004506573,0.009644076
6527,6522,1.4139137,0.49286225,0.0023937896,0.005514264
6528,6529,1.7501793,0.4901207,0.0017348379,0.004111424
6528,4764,12.61187,0.49472606,0.029645402,0.057829276
6529,6528,1.8006287,0.49024704,0.0019023493,0.004439056
6529,5132,16.651974,0.49713635,0.039088797,0.07571081
6530,4221,14.942797,0.25563252,0.03664167,0.069881186
6530,6963,3.8052025,0.25383487,0.010531291,0.019446224
6531,6195,1.6450996,0.45455024,0.0020182803,0.0045182705
6531,6532,1.2454185,0.46357048,0.0060111135,0.011671022
6531,1170,24.372473,0.45804662,0.048692018,0.09280527
6532,6536,15.485756,0.46755606,0.04301765,0.08402526
6533,6731,2.0918617,0.4808317,0.0043178126,0.00926432
6534,6535,0.38951874,0.31857595,0.0017398521,0.0039595813
6534,4333,6.7682495,0.44583705,0.013144396,0.026237592
6534,4713,11.173622,0.45833313,0.026174083,0.051244065
6535,6534,0.7662201,0.29151934,0.0021356419,0.004994184
6535,1747,7.828766,0.45376068,0.016235434,0.032020032
6536,1156,53.672543,0.46584323,0.17839843,0.34574443
6536,4299,95.40126,0.46170852,0.19145206,0.36902487
6537,5734,1.2104874,0.44145584,0.0013133138,0.0031444132
6537,2111,2.7302017,0.4710902,0.005054988,0.010818809
6538,1182,63.67414,0.48403016,0.1419603,0.27505982
6538,6565,1.5757256,0.47804147,0.002894193,0.0063598156
6539,6540,1.6903191,0.5434895,0.0014173836,0.0032709092
6539,3097,64.19281,0.3003747,0.23260403,0.37936148
6540,6539,1.3842163,0.54451436,0.00068806857,0.00193955
6540,3922,29.529388,0.30337727,0.1028212,0.17018165
6541,6542,1.8140259,0.43778187,0.002829276,0.006009117
6541,6542,1.9468727,0.43732327,0.0031320825,0.006668225
6542,6543,1.4967613,0.4433956,0.0025177822,0.0054406226
6542,5288,36.440136,0.4410646,0.07392748,0.13957575
6543,1346,1.9184494,0.43733546,0.002935633,0.006091103
6543,5004,6.253048,0.4393157,0.01285471,0.025363967
6544,4111,1.5571404,0.50333416,0.0021561533,0.0043628067
6544,3967,53.756676,0.50055486,0.117879346,0.2281011
6544,3413,1.3485832,0.5033177,0.0017657131,0.0039298236
6545,930,1.9479218,0.45259428,0.0030953363,0.006629303
6545,5808,2.218319,0.451897,0.0031415597,0.0073679537
6546,6554,1.2641068,0.2461504,0.0,0.001697436
6546,6552,0.5687294,0.24333647,0.0,0.000261873
6546,6547,1.303997,0.0781838,0.0,0.0
6547,6546,1.2855225,0.06443912,0.0,0.0
6547,6550,0.9572792,0.08669272,1.7143786e-05,0.0
6548,6549,2.153286,0.45065,0.0023502707,0.004719302
6548,6550,23.110836,0.45298558,0.04974888,0.09474628
6549,6548,2.1531258,0.4506278,0.0023504198,0.0047184825
6549,6550,22.715784,0.45300353,0.048892654,0.09306293
6550,6547,1.0696373,0.103180856,0.0,0.0
6550,1359,9.155636,0.45426145,0.019091599,0.037819773
6551,5808,1.7362556,0.45399076,0.002820991,0.006279364
6552,6546,1.4605598,0.26787367,0.0020004064,0.0056119114
6552,1360,3.2217865,0.45016655,0.005700715,0.011435434
6553,6547,1.5378952,0.17641887,0.001350753,0.0035121143
6553,6554,2.1360931,0.46072993,0.0016759709,0.0035790652
6554,6551,40.249073,0.45781413,0.0677113,0.12553054
6555,3024,25.76417,0.46923202,0.05464559,0.10365838
6555,3021,6.057625,0.47179922,0.0122495815,0.02360867
6556,3021,2.1607056,0.4653503,0.0023543164,0.0047774613
6556,6555,5.4048424,0.47201094,0.010717519,0.020875797
6557,6558,2.5490265,0.5407402,0.007020712,0.014383316
6557,3490,0.0,0.5238873,0.006514296,0.012421086
6558,3253,0.0,0.527046,0.006097667,0.011747077
6559,3684,3.8654137,0.5357842,0.00695844,0.014407173
6560,6192,6.228615,0.43932587,0.015091442,0.029006526
6560,1727,10.9507675,0.43499577,0.023401916,0.044934407
6561,4095,1.3875275,0.26531765,0.0042046458,0.0063392073
6562,6563,2.5462036,0.4669736,0.001868099,0.004159108
6562,5113,4.474945,0.47383258,0.010020733,0.02001758
6563,6562,2.5759277,0.46804175,0.0020369217,0.004445702
6563,5407,52.16358,0.47347388,0.1144958,0.22142217
6564,5113,2.7056313,0.46555084,0.0021903738,0.004715815
6564,6563,4.418667,0.47366855,0.009898789,0.019725814
6565,5533,79.89896,0.48254153,0.21187475,0.407219
6565,6538,1.5657043,0.4812612,0.003034979,0.0065431
6566,3762,0.5348625,0.53405124,0.0014261529,0.004174158
6566,510,46.346485,0.52332973,0.15377274,0.29731673
6567,6566,1.3091049,0.5354781,0.0022563934,0.004331231
6567,656,15.0360985,0.5366799,0.030932456,0.06033293
6568,6571,0.97971725,0.50189775,0.0015164316,0.0038248897
6568,4208,64.72271,0.5024569,0.14170888,0.27475175
6569,6568,0.6793213,0.5056594,0.0017451271,0.0039916486
6569,645,34.873825,0.5016335,0.07688746,0.14660692
6570,6569,0.9212036,0.5066392,0.0013705939,0.0036008656
6570,3854,44.852478,0.50037646,0.096351095,0.18747252
6571,6570,1.4334602,0.4904779,0.002546087,0.0057275593
6571,3861,54.28852,0.50165,0.118337184,0.23019074
6572,2373,2.5353317,0.49747962,0.0018679351,0.004301116
6572,5361,50.056732,0.4976747,0.108108126,0.20917311
6573,3472,1.665638,0.47910497,0.0024729893,0.0049739033
6573,2743,4.046009,0.47674942,0.010445908,0.02115503
6574,498,1.1739655,0.5384706,0.0012996644,0.0031846762
6574,497,146.6157,0.53010786,0.28185353,0.5450089
6574,5542,42.2292,0.5379735,0.081017375,0.15409982
6575,4100,42.03743,0.4533046,0.08356139,0.1609524
6575,4991,29.476322,0.4623754,0.061004557,0.11535465
6576,6577,2.4923668,0.51571053,0.0028360859,0.0053917468
6576,2534,20.701748,0.5137097,0.043881685,0.08423648
6577,6578,2.265953,0.5155378,0.0022286251,0.004164502
6577,6576,2.3234215,0.5152917,0.0022772327,0.0041676015
6577,5656,28.74955,0.5135919,0.073245734,0.13944457
6578,6577,2.4620972,0.5159323,0.0027560294,0.005371645
6578,1744,10.414127,0.51527256,0.021394126,0.042018816
6579,1066,1.7738953,0.4593203,0.0037151054,0.007749364
6579,5396,3.366642,0.4619698,0.0045239776,0.009107187
6580,795,1.3543472,0.4611731,0.004320428,0.008962646
6581,6687,3.4959908,0.47717196,0.0049893856,0.010112971
6581,2576,12.868389,0.4809999,0.026396938,0.051915184
6582,2178,2.1149635,0.47592208,0.0032458901,0.006638497
6583,3270,9.888561,0.44986475,0.016347393,0.03379281
6583,895,6.792198,0.033454984,0.018993013,0.038385123
6584,6585,1.767849,0.5359298,0.005573392,0.011457339
6584,5063,29.442457,0.5333308,0.07807902,0.14818071
6585,5063,48.218056,0.53156346,0.07282791,0.13916317
6586,6594,1.5494614,0.30576938,0.0059602037,0.009044066
6586,6587,1.0496445,0.5486723,0.00011537969,0.0010544211
6587,4663,24.39935,0.3109321,0.08926374,0.15155813
6587,6586,1.2717285,0.54783744,0.0005273223,0.0018642545
6588,6589,1.6851578,0.47583252,0.0023715124,0.004953712
6588,2954,39.904644,0.47774562,0.10770024,0.21010667
6589,6588,1.5774269,0.47615734,0.002031371,0.0043438375
6589,3667,150.82706,0.47281787,0.30224293,0.58369887
6589,3822,57.46547,0.4712461,0.14607671,0.28298876
6590,6603,1.192627,0.26518285,0.0009299442,0.003816843
6590,4887,1.0538216,0.043174356,0.0048591197,0.008976862
6591,6593,1.3036385,0.53400356,0.0018253699,0.0043246746
6591,3356,51.57546,0.53412765,0.09776278,0.18866996
6592,5240,2.274994,0.53515375,0.0036944672,0.007963955
6592,509,43.14698,0.5346494,0.08318877,0.15937586
6593,5240,1.1536484,0.53005946,0.0019221604,0.004616171
6593,1423,44.461376,0.5313361,0.09279283,0.17779519
6593,3657,41.397015,0.5255084,0.07865424,0.15114906
6594,3943,68.25421,0.28242248,0.258003,0.43071538
6594,1519,1.4216576,0.54903334,0.00077355653,0.0023685247
6595,6997,45.32412,0.48599648,0.09796973,0.18934688
6595,3662,117.52001,0.4917328,0.2558323,0.4935966
6596,37,3.1152802,0.51562434,0.006540358,0.013637364
6596,32,14.335012,0.51656866,0.031286858,0.060989447
6596,4681,8.97551,0.51674914,0.019465543,0.038547218
6597,125,1.6849709,0.45974553,0.0035238937,0.007506311
6597,2651,23.539469,0.45787698,0.052539412,0.099982776
6598,6597,1.9795837,0.4571122,0.003686063,0.0077047497
6599,4445,1.6809692,0.45139486,0.002638176,0.005675465
6599,167,42.32684,0.45522344,0.08350532,0.1603105
6599,3847,43.90337,0.45397875,0.089356035,0.17086479
6600,360,16.745844,0.45565027,0.035797,0.06891721
6600,147,29.345577,0.4519866,0.06700976,0.12711966
6600,6599,2.3195724,0.4558438,0.004001379,0.007827416
6601,6602,1.5140228,0.45241958,0.0022152439,0.0049131215
6601,1779,0.38687134,0.04002446,0.0056892335,0.010892242
6602,1778,1.0881004,0.45185602,0.00410828,0.008439094
6603,6604,2.0570107,0.44969976,0.0033087432,0.0074129254
6603,4888,153.29465,0.44262356,0.31555432,0.60648364
6604,4887,0.69013596,0.060344994,0.000531964,0.0018924922
6604,6768,31.990677,0.4468254,0.07097841,0.13418701
6605,3107,2.8101006,0.46921834,0.005076483,0.010124877
6605,6089,0.9465866,0.46669558,0.024370328,0.04770513
6606,6607,1.423378,0.48783484,0.0029080734,0.005660787
6606,1967,50.299477,0.48638442,0.16092488,0.31395367
6607,6685,0.48779678,0.09451628,0.002881512,0.0060068816
6608,1486,3.0653687,0.3765501,0.0064466,0.012753934
6608,4589,39.00327,0.376372,0.08311197,0.15558481
6609,1614,32.416424,0.45027578,0.06675987,0.12632805
6609,6884,9.49036,0.45663843,0.019471288,0.038322926
6610,2656,1.7926712,0.4409208,0.0025027469,0.00517489
6610,5763,36.190964,0.4395161,0.075074635,0.1412973
6611,3040,41.175396,0.46785673,0.08169892,0.15654203
6611,6612,26.551355,0.46651265,0.057404775,0.1083907
6612,6611,26.946354,0.47276813,0.056854025,0.108660325
6613,2652,0.5430374,0.23534065,0.00082015246,0.003044486
6613,2640,21.635717,0.44353154,0.049283996,0.09390163
6613,3338,115.23619,0.44653717,0.26213193,0.50528705
6614,2870,1.5035858,0.4843443,0.0020276234,0.004290879
6614,5116,22.942432,0.48270345,0.05169604,0.0988577
6615,6616,38.137707,0.48746443,0.077156074,0.14493221
6615,2870,61.406425,0.48393053,0.12231684,0.23824187
6616,1550,31.864716,0.48519385,0.0653251,0.12390728
6616,6615,40.110085,0.48850626,0.078478,0.14783946
6617,926,9.522926,0.46258318,0.019501776,0.038220987
6617,3532,0.8389778,0.0599626,0.002729997,0.005566761
6618,939,40.62846,0.45723557,0.08089609,0.15438972
6618,3532,31.287882,0.46309653,0.066862226,0.12546495
6619,5002,2.4978523,0.46908885,0.0067272335,0.013005659
6619,6620,2.7837944,0.46108243,0.0048210695,0.00954017
6620,4281,2.6817245,0.47053292,0.007480368,0.015220165
6621,5274,1.7347221,0.47107357,0.004972622,0.009810895
6621,6352,39.662083,0.46886894,0.101256534,0.19853415
6622,1996,24.01239,0.46794176,0.05224587,0.0998838
6623,6622,3.0673943,0.4675357,0.003824167,0.008079216
6623,2367,1.6377335,0.4634133,0.005112514,0.010522246
6624,6440,1.4485054,0.4710045,0.0032411292,0.0068596452
6624,2947,6.830078,0.472014,0.015263043,0.029511407
6625,4654,1.7660751,0.49627396,0.0022631586,0.0047929436
6625,4026,20.164062,0.49300304,0.045034353,0.08669271
6626,6627,2.163231,0.3455541,0.005204372,0.010009915
6626,198,28.625504,0.35739654,0.07184754,0.13700414
6627,5896,1.5218658,0.34763348,0.005618207,0.010883808
6627,5895,3.6648445,0.34621477,0.009042479,0.017160907
6628,6629,1.683342,0.28795144,0.004485488,0.008379638
6628,1671,1.8460197,0.2876566,0.004139796,0.0076878667
6628,1264,30.690113,0.2779582,0.08215101,0.15712294
6629,6628,1.8152847,0.28821474,0.0048334748,0.008869365
6629,1236,21.91181,0.29636526,0.056481857,0.10722557
6629,1679,1.9104118,0.28738967,0.0049265027,0.009228185
6630,6631,1.7759666,0.24912453,0.004768826,0.00868839
6630,1314,7.3929443,0.24533749,0.019402295,0.035933644
6631,6630,1.8851318,0.24978605,0.005354047,0.009563148
6631,2317,35.867287,0.26778004,0.09685675,0.18669988
6631,1318,2.232689,0.24511057,0.0059733763,0.010553822
6632,6341,2.2861328,0.46166685,0.0027715266,0.005680442
6632,1667,6.8793297,0.46217674,0.016990878,0.033338234
6632,1666,13.229404,0.46684057,0.026554137,0.051611796
6633,1667,1.5266151,0.46560007,0.0047779977,0.0100785345
6633,794,2.8562355,0.46434054,0.007073708,0.014112338
6634,1646,5.6574974,0.49274722,0.014379606,0.0285431
6634,5074,20.207523,0.4877454,0.049806986,0.09705277
6635,2472,28.785263,0.41323128,0.062329628,0.11726511
6635,2036,71.20268,0.41217735,0.14605653,0.28149283
6635,2486,97.34732,0.40051627,0.202854,0.38971525
6636,4679,1.2347794,0.2775943,0.005409524,0.010033965
6636,6637,81.30875,0.30031973,0.19982871,0.3866298
6637,6638,1.7143517,0.3316641,0.004385464,0.008383915
6637,2225,71.18819,0.33055505,0.15714994,0.3046838
6637,4677,44.982925,0.34603012,0.10556297,0.20460565
6638,6637,1.6755447,0.32926476,0.0042520165,0.0081228465
6638,4679,81.743706,0.2975958,0.19906676,0.3866883
6638,1256,121.246605,0.34143102,0.12634088,0.24798536
6639,6640,0.0,0.03755188,0.004150152,0.0068676174
6639,7021,1.0553741,0.5382831,0.0013076365,0.0028292984
6640,6641,1.0650291,0.5414766,0.0017891377,0.0037954599
6640,1872,15.373035,0.032731205,0.06566018,0.13451767
6641,6642,0.53212357,0.06620461,0.0035954863,0.0061797947
6642,6639,0.9753876,0.53682584,0.0011515617,0.0023456663
6642,4075,36.7712,0.27975428,0.1491334,0.303823
6643,6644,1.0966415,0.5341603,0.0012222081,0.0033685863
6643,3419,45.05617,0.5260159,0.09408526,0.18028998
6644,6643,1.3324509,0.5330567,0.0016225651,0.0038615912
6644,2583,72.0193,0.5321116,0.14160049,0.27152866
6644,289,59.552723,0.5309247,0.12654157,0.24428362
6645,1292,2.683609,0.50411886,0.00550846,0.011340186
6645,6709,64.77294,0.49923742,0.17458431,0.3392812
6646,6645,1.4579353,0.5024916,0.003454402,0.0071981847
6646,6647,4.1173477,0.50615335,0.010782257,0.021627665
6646,7050,6.836708,0.5044667,0.01648055,0.033033073
6647,7050,2.4512863,0.49363887,0.003020361,0.0068329126
6647,2325,6.124199,0.2663462,0.011543207,0.0206756
6648,6649,2.3242683,0.38119918,0.0054593906,0.010461971
6648,3720,71.707344,0.38123697,0.18579355,0.36191434
6649,6650,1.7066536,0.37014353,0.0040240884,0.0080860555
6649,6483,11.646206,0.38065726,0.026043944,0.05000013
6650,6651,1.9106445,0.38172555,0.0047114715,0.008865118
6650,2471,97.44492,0.37815833,0.2243568,0.43358648
6651,6648,0.5691147,0.18421784,0.0027450696,0.005298376
6651,525,20.956894,0.3818329,0.048240896,0.09142822
6652,4421,1.9458084,0.5159332,0.0018943921,0.0042666197
6652,1410,35.602165,0.51363915,0.08989228,0.17307326
6653,3652,1.9595642,0.5070614,0.0022676066,0.005357757
6653,5088,23.517637,0.509373,0.05645711,0.10889246
6654,4821,6.7192154,0.49692792,0.014251985,0.028825015
6654,6715,30.742414,0.4965705,0.06417744,0.12174855
6654,3591,53.524025,0.49032354,0.13990836,0.27203497
6655,6654,1.4072189,0.5040327,0.005172558,0.011296898
6655,504,19.178095,0.496381,0.041823443,0.08090123
6656,3,39.23201,0.4975899,0.085765205,0.164346
6656,4846,4.456291,0.49174762,0.004505947,0.0099134
6657,583,74.52236,0.39422822,0.15592521,0.30076045
6657,3564,69.534584,0.398507,0.1608015,0.31034014
6657,1825,25.282675,0.39219382,0.058075957,0.11048898
6657,1220,21.42608,0.39919704,0.04887744,0.09286071
6658,6138,2.4004173,0.49617973,0.002803862,0.0060393065
6658,3374,31.468052,0.49573067,0.06493512,0.123147964
6659,3926,2.8515396,0.5000825,0.003978431,0.008041933
6659,3796,4.393013,0.4989278,0.0064817294,0.013233826
6660,6160,2.0662231,0.52055305,0.0008921996,0.002532795
6660,6159,26.354206,0.5234394,0.059177823,0.11282748
6661,6662,1.4709587,0.481468,0.0030984432,0.006634429
6662,70,83.67625,0.47412795,0.1869849,0.36003625
6662,5023,33.83547,0.48747855,0.07551902,0.14168485
6663,210,19.90075,0.46237808,0.04283315,0.0818103
6663,1018,26.693085,0.47292674,0.06778146,0.1327094
6664,209,1.0910225,0.46105972,0.0038006082,0.008152738
6664,3006,8.962311,0.46950465,0.019678645,0.03873846
6665,2755,1.7610893,0.45938662,0.0038566962,0.0074828267
6665,6436,1.245266,0.47089612,0.004728876,0.009261057
6666,6667,1.3616867,0.44478256,0.0039026812,0.0080860555
6666,3005,39.116123,0.46314764,0.098488696,0.19304281
6667,6668,1.2441559,0.4600259,0.0042202175,0.00871399
6667,6428,47.583282,0.45183346,0.12217351,0.23941529
6668,6669,1.1296768,0.459691,0.0037013814,0.007839724
6668,5217,19.383373,0.46103075,0.046413675,0.08940612
6669,6666,0.98252106,0.46018857,0.0038387626,0.008411586
6669,6902,31.46994,0.45984158,0.08021892,0.15454294
6670,4150,11.852497,0.48891774,0.02499599,0.048831552
6670,6671,1.2678299,0.48825067,0.0022794902,0.0051777363
6671,6670,1.2064362,0.48562497,0.0022093505,0.0050753206
6671,6941,73.81834,0.49057868,0.16807684,0.32444996
6671,1082,57.36862,0.487733,0.12582093,0.24438366
6672,6673,1.8909836,0.5273352,0.0018144399,0.0043778718
6672,5350,1.5993423,0.5317667,0.00050792843,0.0009810627
6673,6672,1.8404312,0.5295133,0.0017623827,0.004296556
6673,5663,18.078402,0.5309792,0.03756392,0.07217004
6674,1923,0.0,0.42538464,0.008430421,0.016143844
6675,4726,0.8154564,0.053542763,0.0033763945,0.0059540123
6675,2314,2.586338,0.5006501,0.0032049865,0.0073388815
6676,2446,1.4157524,0.14250606,0.0025998354,0.0054500997
6677,166,16.8322,0.46152693,0.03655551,0.07057729
6679,3098,54.066444,0.52823997,0.102093734,0.19722591
6679,6680,3.2881317,0.5327224,0.0042558685,0.009274706
6680,5017,70.278,0.5280416,0.13514796,0.26179963
6681,1229,1.7397346,0.40670854,0.0027964339,0.005665049
6681,1258,53.796997,0.40093914,0.10981815,0.21030912
6681,4350,11.846201,0.40150127,0.026681907,0.051059663
6682,4350,56.083073,0.39340138,0.12285632,0.23992074
6682,3297,11.605282,0.39123642,0.026004866,0.050109982
6683,4530,1.4837685,0.4824539,0.0019255057,0.004153639
6683,3052,49.042118,0.48719501,0.09663733,0.18739575
6683,4528,18.699074,0.48590687,0.041262027,0.07987094
6684,4947,2.2834053,0.4640179,0.0041063353,0.008188948
6684,6951,8.233715,0.464144,0.01781673,0.035024226
6684,622,2.4115944,0.46424323,0.004883431,0.0099103
6685,6686,2.1116257,0.49051023,0.0038274303,0.0074732155
6685,4016,17.320358,0.4894826,0.046020348,0.08958741
6686,6606,0.4238701,0.102200925,0.0028839186,0.0056542605
6686,3071,44.00134,0.4943085,0.096214965,0.18727186
6687,6582,1.9079819,0.476672,0.0018291473,0.003967598
6687,6676,10.88909,0.47369024,0.02235008,0.043783695
6688,2407,1.7726669,0.40909868,0.0049949363,0.0100109875
6689,6688,1.7367783,0.40521914,0.0053472817,0.010242328
6690,6691,2.7135162,0.45691234,0.0025806054,0.005752608
6690,3782,31.387413,0.46283323,0.07185912,0.13511595
6691,6690,2.5949974,0.45753112,0.00221771,0.004955575
6691,6748,21.318419,0.45809323,0.048106335,0.092073224
6692,6693,2.8744812,0.51405686,0.0024921447,0.005668044
6692,7037,15.633581,0.51230854,0.033579506,0.065210596
6693,6692,2.9106293,0.5153995,0.0025069863,0.00563401
6693,3493,7.6205254,0.51466477,0.016130507,0.031953976
6694,6695,4.470314,0.48324782,0.008593768,0.017435297
6694,6695,4.1954536,0.47929332,0.0064005405,0.013079181
6694,2848,168.05582,0.47884145,0.33634642,0.6489227
6695,3433,101.862495,0.47839516,0.2016634,0.38874727
6695,6694,4.156315,0.48007852,0.007952802,0.016295671
6695,6694,3.8402328,0.47577375,0.0055707768,0.011596903
6696,1647,6.130142,0.46908596,0.010749713,0.021538734
6697,5481,1.3964386,0.44612572,0.001840584,0.004993066
6697,6135,1.7530632,0.4468685,0.0037140697,0.0077625513
6698,6697,1.745224,0.44834054,0.0030636862,0.0061859936
6698,3752,91.151344,0.44430554,0.20298189,0.38931254
6699,6202,1.3658371,0.04480061,0.008132778,0.015250772
6700,6701,1.8015175,0.41957372,0.0039340034,0.008113429
6700,5245,27.594566,0.42423835,0.0635435,0.11949974
6701,6702,1.5746613,0.42288175,0.003443934,0.0067666024
6701,3563,88.8277,0.42469054,0.20022616,0.3873403
6702,6703,1.4717903,0.42861453,0.003613308,0.007075578
6702,3702,60.182518,0.42160985,0.1388526,0.268484
6703,6700,1.5614166,0.42236754,0.003525257,0.0068743974
6703,1218,26.907347,0.42001367,0.06100238,0.114705436
6704,6705,1.3003922,0.36104548,0.002745971,0.0058657825
6704,2205,49.054,0.4286554,0.107321545,0.20812286
6705,6706,1.9014778,0.43173993,0.0041857585,0.008241966
6705,920,25.613325,0.43325153,0.05919368,0.11201217
6706,6704,1.7392311,0.4315234,0.003526345,0.0069939643
6706,3802,29.627073,0.4302062,0.06885796,0.12904081
6707,6227,1.4777069,0.4983453,0.0021769032,0.0047245026
6707,6646,28.701176,0.50164884,0.071513556,0.13680579
6708,6709,1.6707115,0.4978086,0.0024081096,0.004912302
6708,1113,40.29378,0.49833593,0.08052039,0.15585925
6708,6707,42.27963,0.49761173,0.10601787,0.20691979
6709,6708,1.8861237,0.500552,0.0027823523,0.0058290064
6709,4754,39.637962,0.49602124,0.10103345,0.1968493
6710,3382,1.2602577,0.49788383,0.0036678761,0.007826239
6710,5715,3.15596,0.49946216,0.0062641427,0.012729615
6711,5173,2.2171745,0.49868843,0.004662022,0.0096524805
6711,2311,145.16449,0.49683762,0.28904906,0.56048125
6711,1104,9.868813,0.502313,0.023675047,0.0466571
6712,6713,1.8317451,0.43266466,0.0028232262,0.0057082176
6712,1664,57.511513,0.42418265,0.11663506,0.22603354
6712,1712,26.667484,0.44064724,0.061124664,0.115228124
6713,6712,1.7327347,0.4333678,0.0025692433,0.005292177
6713,236,40.296417,0.43278062,0.08842943,0.17098597
6714,5508,17.425402,0.505251,0.041300334,0.080266304
6714,5508,20.912174,0.5039826,0.04503315,0.08678088
6715,4751,1.5810738,0.4917254,0.0027131364,0.00542745
6715,6716,1.9043388,0.49798933,0.0021998659,0.004302144
6716,6659,33.320187,0.4952644,0.08411475,0.15968876
6717,6718,1.7857666,0.47218663,0.005747579,0.011306137
6718,6717,2.2348976,0.4697067,0.0061882287,0.012124315
6718,775,9.894096,0.47360656,0.0276495,0.05361533
6719,6778,1.7866173,0.43832093,0.0030628368,0.006741792
6720,959,30.171803,0.43057144,0.05877195,0.111042276
6720,970,34.695904,0.4444309,0.08980851,0.17210051
6721,1336,11.554672,0.51133114,0.025157139,0.049203962
6721,1334,20.725525,0.5071586,0.04598365,0.08827002
6722,1334,1.326088,0.5009286,0.0017048717,0.0039905757
6722,6721,20.916079,0.50786495,0.046475325,0.08942313
6723,6314,1.7823639,0.47058922,0.0036052316,0.0072098523
6723,6377,1.1114845,0.46821594,0.0038915724,0.008063942
6724,6723,1.6696625,0.46070173,0.0031076744,0.0065998137
6724,6378,1.7886353,0.46697468,0.005794741,0.011814818
6725,4977,1.0300751,0.47434202,0.0040754452,0.0077013224
6725,731,172.36429,0.06845838,1.3403399,2.7328777
6726,586,1.5273094,0.47253755,0.0019901022,0.0043450147
6726,2812,232.54396,0.46077198,0.5135203,0.9925441
6727,5546,3.4940605,0.47892904,0.006906837,0.014436707
6727,65,1.0368805,0.24779734,0.0006974563,0.0016376823
6727,5024,3.2554932,0.4917179,0.0065180734,0.013863087
6728,1772,2.1979027,0.47031385,0.006517008,0.013098225
6728,5724,1.3159027,0.4732054,0.004498452,0.009310499
6729,2479,30.265907,0.38346085,0.06497873,0.12223993
6729,3523,58.73913,0.37209833,0.12262284,0.2361941
6730,5028,1.2776375,0.34081835,0.0049061403,0.009540185
6730,1952,21.962149,0.34348655,0.049999088,0.09483496
6731,6732,1.5063133,0.48260868,0.0052486137,0.011120319
6731,6856,139.52846,0.48641607,0.3021944,0.5835906
6732,740,84.300804,0.47921908,0.16906166,0.3257388
6733,4418,1.4327507,0.2463511,0.0050522983,0.0075460672
6733,2664,33.4284,0.4281866,0.08744574,0.16862994
6734,6733,0.91656494,0.4331153,0.003993973,0.007666856
6734,6101,14.934071,0.24748173,0.037008017,0.069669776
6735,3407,2.0733109,0.4389737,0.0061310306,0.012163252
6735,6912,5.7973595,0.43813136,0.01448416,0.02821207
6736,2366,4.2902527,0.43165272,0.008301757,0.016508698
6736,6099,38.354904,0.4288934,0.08509276,0.1633927
6737,219,1.7248459,0.5045576,0.0024181977,0.0049912483
6737,218,72.776665,0.49947065,0.14255667,0.27699375
6737,4576,33.76574,0.5034395,0.07320547,0.13967608
6738,3698,2.1805573,0.34179232,0.0041682795,0.008112028
6738,3693,5.22554,0.34364927,0.013648495,0.026237622
6739,2547,3.706379,0.34368807,0.0077244565,0.014860824
6739,6738,2.4205818,0.345685,0.0077471733,0.014882758
6740,6739,2.3682556,0.34335792,0.0045165867,0.008857921
6740,7076,71.218834,0.35921797,0.19766852,0.3826731
6741,3072,42.46043,0.49063063,0.09386925,0.18312187
6741,1275,27.783455,0.48290354,0.057919934,0.109462455
6742,6723,1.2483253,0.4622731,0.003982641,0.0082769245
6742,6378,1.8299484,0.45963314,0.0027477741,0.0056006163
6743,6744,1.5612755,0.46070316,0.0028831437,0.006081119
6743,7008,1.5786743,0.4612014,0.0029158965,0.006159842
6743,6956,37.70852,0.46142042,0.09633498,0.18669194
6744,6743,1.6406212,0.4616534,0.0028650016,0.0058493763
6744,652,11.744251,0.46793023,0.027566373,0.053708434
6745,6748,1.8227348,0.46493074,0.003805846,0.008045286
6745,6690,21.888382,0.4630201,0.048389487,0.092444785
6746,6745,2.0060158,0.46263632,0.0038679838,0.007737547
6747,6746,2.0364609,0.46176314,0.0039285794,0.0077583194
6747,7008,11.893978,0.46515018,0.026472516,0.05191849
6748,6747,1.6265602,0.4532544,0.0033749565,0.007134348
6748,6749,33.177082,0.457997,0.07556637,0.14367923
6749,6752,1.5974388,0.45663357,0.0031990558,0.0066634864
6749,3792,42.014942,0.45331904,0.092853546,0.18074915
6750,6749,1.6126137,0.44433358,0.0032407716,0.0066937953
6750,6747,33.654118,0.4491595,0.07597097,0.1445921
6751,6750,1.606453,0.44566613,0.003348723,0.0072691888
6751,6953,34.26267,0.45397523,0.07895474,0.15066156
6752,6751,1.4396935,0.45938528,0.002940081,0.0059897155
6752,739,51.69482,0.4516266,0.11527678,0.22394285
6753,724,2.762104,0.46852663,0.0019959286,0.0044846237
6753,6726,7.312237,0.47243103,0.01650212,0.032306477
6754,4656,2.2627182,0.5017649,0.0049327835,0.010500535
6755,20,1.692833,0.45667693,0.0022528544,0.005977422
6755,6183,55.408115,0.45384717,0.12424762,0.23984241
6756,20,0.80210876,0.11652988,0.0004075542,0.0018751174
6756,2607,1.5238724,0.4586501,0.002473861,0.0061106533
6757,6176,0.46043015,0.50588936,0.00046431273,0.0016006976
6757,6186,58.782913,0.5193957,0.11471103,0.22231805
6758,6759,1.2893219,0.5245931,0.0013350174,0.0032429993
6758,6759,1.3227882,0.5248676,0.0013723448,0.0034103096
6759,6757,0.645771,0.5242519,0.00084204227,0.002821833
6759,3683,3.3115883,0.5342095,0.00630296,0.0137459785
6760,3073,1.5292015,0.48260206,0.0020788163,0.0042946488
6760,6761,1.8138733,0.4862338,0.004035391,0.008515939
6760,3067,143.09775,0.48473406,0.28496763,0.54979247
6761,3162,1.483757,0.48221758,0.0022225007,0.0046993047
6761,5603,23.352999,0.4830919,0.05220781,0.0996269
6762,1489,2.959278,0.46154585,0.006156549,0.0123512
6762,6763,2.4515152,0.4618029,0.004792951,0.009746432
6763,1006,46.512493,0.46714616,0.102734774,0.19935283
6764,2146,5.04657,0.45869297,0.011013128,0.02148375
6764,171,15.968824,0.46031678,0.035455834,0.06826175
6765,1289,25.98148,0.48538363,0.054030314,0.10288125
6766,6957,0.87158966,0.52862334,0.0032677948,0.006710425
6766,3928,1.2848549,0.52724326,0.0064167753,0.011757016
6767,3929,0.92936325,0.3805725,0.0008023977,0.0034493804
6767,5573,125.80091,0.4403128,0.25612122,0.49290127
6767,6769,53.711014,0.443511,0.10650529,0.20419231
6768,1377,52.84134,0.44484976,0.10425164,0.2018613
6768,6767,90.8152,0.45557797,0.18121257,0.34862077
6769,23,0.5450325,0.03561482,0.005090058,0.0096049905
6770,3934,63.53527,0.45381528,0.12716481,0.24586816
6770,3933,27.648014,0.043947726,0.11788624,0.25118196
6771,553,3.3524055,0.45861498,0.0071114376,0.014232919
6771,6773,2.9989357,0.4604999,0.0055499226,0.011256158
6771,6772,2.2670326,0.4590515,0.0046368763,0.00942646
6772,1110,110.89084,0.4533872,0.24887702,0.47962266
6772,6771,2.3332214,0.45587224,0.0045911223,0.009251624
6773,1126,1.9335251,0.4546671,0.003076136,0.0062951446
6773,6772,3.1241188,0.45774776,0.006137587,0.012422204
6774,2355,39.148174,0.43797773,0.08005007,0.15100765
6774,2353,5.8211136,0.43626264,0.010343857,0.020248309
6775,7001,83.126495,0.44929343,0.18290201,0.35158336
6775,6613,70.38341,0.44351542,0.16305342,0.31433284
6776,6777,1.4280968,0.4365395,0.004478477,0.008889064
6776,4586,42.208374,0.44984925,0.08607143,0.16492662
6777,6776,0.9582138,0.43316108,0.0039250776,0.007980838
6777,4105,29.490158,0.4443533,0.08903784,0.17300388
6778,5235,1.8314285,0.43669114,0.0028512552,0.005813405
6778,3418,1.3795471,0.4374374,0.004207872,0.008613288
6779,5830,150.0709,0.46937287,0.4238851,0.8217801
6779,816,4.1146965,0.48209953,0.011249676,0.022485256
6780,1485,0.73160934,0.10192084,0.0012178794,0.0034502596
6780,6781,27.475948,0.41913676,0.06440532,0.12233117
6781,6780,27.7989,0.41555104,0.06578765,0.124682896
6781,1491,9.027142,0.41913596,0.019620702,0.038317844
6782,6783,1.278965,0.48197645,0.0045273975,0.009318382
6782,5850,122.98301,0.4777427,0.24531293,0.47209215
6783,2439,84.9097,0.4771233,0.24434793,0.47269243
6784,5219,48.2083,0.48197865,0.091527656,0.17566165
6785,282,16.694832,0.48064694,0.03516343,0.06842748
6785,6846,2.7029877,0.48548964,0.004122041,0.009777725
6786,5784,106.08077,0.46589288,0.23135006,0.44501436
6786,612,9.694702,0.47117284,0.019208439,0.03773488
6786,3867,168.64494,0.4678136,0.36512014,0.70486665
6787,4531,1.6031723,0.4832856,0.002192974,0.0046387613
6787,2401,2.7973595,0.48683485,0.0055748224,0.011641368
6788,2461,61.13704,0.4629945,0.13723901,0.26598698
6788,75,46.199863,0.46550304,0.10073792,0.19487326
6789,75,1.6858215,0.47253847,0.0021691099,0.0046082735
6789,2083,68.2731,0.4705869,0.13559316,0.26235938
6789,6788,44.937077,0.47213775,0.09640844,0.18620491
6790,3324,1.6437721,0.5064542,0.0020232946,0.0047825873
6790,2074,5.164669,0.5067955,0.009818733,0.019819781
6791,575,53.76246,0.41006473,0.109340146,0.20996839
6791,1250,56.69735,0.41439784,0.11549796,0.22188286
6791,1840,17.503128,0.41915944,0.037530743,0.07215968
6792,2196,1.416275,0.5016731,0.0023978502,0.005024433
6792,6793,1.5896416,0.5002693,0.0031450838,0.006920129
6793,3380,1.7736206,0.49850056,0.0041395873,0.008548424
6793,6459,29.691174,0.49978337,0.0662721,0.12650393
6794,6792,1.7072258,0.4998814,0.0036195368,0.0074689984
6795,804,36.216206,0.48796868,0.089243986,0.17202926
6795,6370,1.3854904,0.48281246,0.0031685233,0.0065960586
6796,3976,2.0133667,0.41039282,0.0046353415,0.008820489
6796,6380,2.984398,0.3988571,0.0042608455,0.008331507
6797,6798,1.6329193,0.42503542,0.005104117,0.009984136
6797,2714,53.001392,0.42497224,0.17724814,0.34061944
6798,6797,1.6919861,0.42869604,0.00492429,0.009582639
6798,2713,64.084984,0.42491797,0.17205314,0.3314454
6799,5081,1.2895508,0.49641633,0.0028165877,0.005939409
6799,2736,1.428978,0.4972574,0.0027832761,0.0059175193
6800,591,1.8571358,0.47193325,0.002453506,0.0053648055
6800,590,46.72858,0.4744969,0.092126235,0.17859223
6800,6801,1.9071083,0.4704296,0.0026108846,0.0054899305
6801,591,1.9420586,0.47426534,0.003604263,0.0076720268
6801,6800,2.229744,0.47489816,0.0034879595,0.007339865
6802,6804,0.45357132,0.08544907,0.0029579997,0.005837381
6802,3404,39.438923,0.50114745,0.098072775,0.18949428
6803,6802,0.8698311,0.49481872,0.0032201782,0.006984487
6803,391,20.112165,0.2385442,0.05566917,0.10811066
6804,6805,1.4113197,0.49536228,0.004501164,0.009128958
6805,6803,0.67609024,0.13283566,0.0025850236,0.0063516498
6805,3079,27.013561,0.50424486,0.0652108,0.124436095
6806,322,98.196205,0.5344551,0.18968576,0.3686604
6806,6807,1.4816818,0.5383085,0.0020457208,0.004856527
6807,6808,1.2704735,0.53970766,0.0016296133,0.0037053823
6807,4162,31.268364,0.53820074,0.06887083,0.13166715
6808,6810,1.2156143,0.5404893,0.0019089058,0.0039467365
6809,6807,0.77407074,0.537893,0.0021499768,0.0049040765
6809,6806,2.0404892,0.54071885,0.0032839924,0.0073767602
6810,6809,1.3088379,0.5419809,0.0023126453,0.004854575
6810,3795,20.236477,0.54106146,0.04436073,0.08643031
6811,6812,2.0966148,0.42159784,0.0024974793,0.005114913
6811,515,1.6345177,0.41901296,0.0053169727,0.010360599
6812,6811,2.0916405,0.42447436,0.002808392,0.0056565404
6812,5374,29.635838,0.43116468,0.07443016,0.14019711
6813,363,47.43207,0.47271523,0.09511089,0.18454
6813,3335,45.18419,0.46002448,0.09065884,0.17608269
6814,2562,14.362833,0.33750352,0.031567782,0.06038017
6814,2549,56.691994,0.33636048,0.12011325,0.23185444
6815,6540,62.02179,0.3175922,0.21644847,0.35170507
6816,6740,1.9215088,0.3475682,0.004227951,0.008062005
6816,6836,2.7767525,0.34480697,0.0059539974,0.0115330815
6816,560,92.094315,0.3581848,0.1990599,0.38351357
6817,4348,4.601799,0.47666997,0.00918252,0.01844734
6817,1092,1.8091965,0.4792342,0.0035414547,0.0075013787
6818,1093,24.9441,0.47745097,0.056391113,0.10726678
6818,6817,1.6424294,0.47746897,0.0034829602,0.0070985407
6819,3227,11.260704,0.47673884,0.024604224,0.04811941
6819,2991,8.307434,0.4738113,0.017767191,0.03517559
6820,1630,0.0,0.008743584,0.0,0.000102862716
6820,6259,29.342108,0.29727346,0.07397182,0.12870769
6821,6822,1.8925629,0.40101188,0.003424421,0.0066390485
6822,6823,7.843479,0.4032649,0.014184907,0.027821079
6822,1851,46.433353,0.39511925,0.096790045,0.18554564
6823,2518,1.7403145,0.40553913,0.0027123168,0.0054623038
6823,1856,50.889393,0.3984455,0.10396125,0.20025733
6824,6825,1.0841522,0.4745274,0.003971562,0.008154497
6824,5654,1.6007652,0.47132888,0.0084485635,0.016700923
6825,6824,1.1768684,0.4762647,0.0041699186,0.00856185
6825,1097,10.918615,0.4758793,0.022813201,0.044683456
6826,5357,2.2663078,0.4751601,0.003704384,0.0078641325
6826,4178,341.53162,0.46012485,0.691215,1.3450044
6826,4165,2.678154,0.47496903,0.004541062,0.009476393
6827,6828,1.0625267,0.35018998,0.0047569275,0.009340718
6827,5997,46.358265,0.3557865,0.10018644,0.18919116
6828,6827,1.2031174,0.35102892,0.004786432,0.009275615
6828,5998,35.115276,0.35947353,0.099436454,0.1908264
6829,6830,1.5019531,0.351103,0.0054860488,0.010760263
6829,5899,2.8163338,0.35016,0.010864265,0.02084124
6830,6829,1.1784363,0.35326618,0.0051070005,0.009963229
6830,5898,7.0483093,0.34979004,0.015326105,0.029472187
6831,4277,1.7214699,0.4580037,0.0032055974,0.0066423267
6831,4852,84.3011,0.45144552,0.19283059,0.37077639
6832,6833,2.7699356,0.47399083,0.0020840615,0.0050462037
6832,4315,27.760454,0.48846596,0.062443666,0.11825594
6833,6832,2.6142693,0.48158607,0.0017799959,0.004125759
6833,4517,2.2371826,0.48347297,0.0048478693,0.010255069
6834,2308,1.8423424,0.36014122,0.003306508,0.006387487
6834,2307,11.332823,0.3566005,0.024643831,0.04714705
6834,2587,44.65178,0.3755628,0.0914068,0.17466326
6835,2547,4.164356,0.34126633,0.007313527,0.014124513
6835,6738,3.426632,0.34428582,0.0074454322,0.0143330395
6836,2554,2.850624,0.34042078,0.006038673,0.011485681
6836,6816,2.5004044,0.34072316,0.00499022,0.009742662
6837,5266,32.421143,0.37844494,0.06845233,0.12871386
6837,6839,9.97607,0.37263286,0.021532252,0.04140465
6838,1508,2.1742935,0.37911257,0.002762273,0.0056880563
6838,5267,9.516636,0.37198448,0.0206042,0.03949946
6839,6838,11.435289,0.37139353,0.024534024,0.04730545
6839,1506,215.46715,0.37683585,0.4634656,0.8915825
6840,4701,1.7784157,0.36546862,0.0042466,0.008315042
6840,2997,12.973124,0.36618534,0.02907174,0.055398956
6841,6476,27.247152,0.357499,0.06311919,0.11903134
6841,6842,1.8617897,0.3648224,0.0050698593,0.009869337
6842,522,2.1687431,0.36265707,0.0049578846,0.0098391175
6842,6843,4.550251,0.3553955,0.004866898,0.0097562075
6843,521,48.585133,0.35761017,0.11184666,0.2155874
6844,4200,110.00766,0.47552517,0.24232543,0.4652794
6845,102,1.7080574,0.44451836,0.0030925944,0.006371811
6845,6944,43.836475,0.44284314,0.09605307,0.18549423
6846,6847,0.83304214,0.04182279,0.0007789582,0.0020866394
6846,6785,2.526703,0.48102453,0.0044716373,0.010421142
6847,6846,1.1512527,0.037936002,0.0014780909,0.0034099966
6847,4087,33.62903,0.48798132,0.07491288,0.14410344
6847,5003,1.4266777,0.4817215,0.0021720976,0.005583763
6848,3018,138.81735,0.46100733,0.2793238,0.53908294
6848,6849,2.9672585,0.46663713,0.005630292,0.011398539
6849,3019,1.8268929,0.4712637,0.0026479512,0.0051063597
6849,3023,12.018946,0.4653629,0.02481518,0.048605442
6850,6205,0.0,0.036884606,0.0038552657,0.005606681
6850,4710,2.5698624,0.31340843,0.007575169,0.011843219
6851,6852,1.1375198,0.55366206,0.002157107,0.003064379
6851,6850,0.7570839,0.33052123,0.0024385676,0.0
6851,2572,16.028236,0.029433876,0.069235384,0.14244755
6852,4320,69.30742,0.5395664,0.14928693,0.29183224
6853,1951,17.050177,0.4601749,0.048275035,0.094484374
6854,4339,1.3814354,0.46272576,0.00299979,0.006198138
6854,6497,56.750523,0.46001443,0.12667558,0.24624406
6855,620,59.421616,0.4624408,0.13083781,0.25335586
6855,6854,13.195196,0.46602553,0.029000737,0.056219272
6856,5743,72.119934,0.48029163,0.15844968,0.30678403
6856,807,1.3384438,0.48572326,0.0051199123,0.011165649
6857,72,1.138279,0.48469108,0.004223056,0.008869857
6858,6243,4.2322807,0.48340973,0.009402119,0.019536436
6858,993,1.5030556,0.48523247,0.0033948272,0.007436663
6859,6947,1.5392647,0.48623976,0.0030325428,0.006580621
6859,6862,4.0863075,0.49271902,0.00876525,0.01781118
6860,6859,1.9847031,0.4909625,0.0037574545,0.007614568
6861,6860,2.223095,0.4954579,0.0047214553,0.0097029805
6861,5123,35.812817,0.49122083,0.07805981,0.15022282
6862,5096,21.445984,0.48875087,0.047733106,0.091615535
6862,6947,4.552231,0.488762,0.009976409,0.019955516
6863,6443,80.597725,0.4809608,0.1720012,0.33126515
6863,6948,5.688183,0.4871058,0.012124665,0.024466231
6864,6865,1.5015831,0.46893737,0.002735339,0.0059745014
6864,6867,6.4705086,0.4857216,0.014145538,0.028213963
6865,813,19.902039,0.48701447,0.04516353,0.08740591
6865,4532,1.4084015,0.4890126,0.0032815412,0.0068296045
6866,6864,1.3057556,0.4881649,0.002740115,0.006209135
6866,894,64.810844,0.48779786,0.14219335,0.27535424
6867,1289,2.1748047,0.48737517,0.004373744,0.009069279
6867,6865,6.8790817,0.48777053,0.015160792,0.03058137
6868,5798,1.5168915,0.4865039,0.004460573,0.008416414
6868,5624,114.31574,0.46544105,0.23523626,0.45360798
6869,3065,23.671133,0.46374398,0.0525629,0.099972405
6869,4341,15.635784,0.46969008,0.034714434,0.06710215
6870,4796,51.743515,0.52975184,0.12668829,0.2458673
6870,6871,5.404686,0.5326059,0.013791405,0.027951822
6871,4794,46.24176,0.52563906,0.11185691,0.21647726
6871,6870,5.6550827,0.5338531,0.014276117,0.028845817
6872,6873,2.163578,0.4038162,0.00296475,0.0059620887
6872,2627,14.07119,0.3982042,0.031050913,0.05953721
6873,6872,2.3938103,0.40477917,0.0036970526,0.007632166
6873,2287,63.703896,0.42209688,0.16887295,0.32748717
6874,1642,5.5905266,0.4854344,0.012852043,0.02575548
6874,982,16.529638,0.4850601,0.039713956,0.07757358
6875,5246,114.059326,0.44541422,0.25545883,0.49279797
6875,6876,1.5865517,0.45100144,0.0053366646,0.011067733
6876,5803,32.05411,0.4430896,0.06786283,0.1285871
6877,5344,0.79563904,0.064338535,0.00211481,0.004020557
6878,5719,25.485723,0.3766029,0.064078346,0.1202353
6879,3281,124.07368,0.47093576,0.27170333,0.52263844
6879,6880,17.349247,0.4706268,0.026554316,0.05271949
6880,3950,11.77117,0.47701284,0.025698915,0.049776316
6880,6879,17.171072,0.4779392,0.02638574,0.05214393
6881,6882,1.4190292,0.48841524,0.0045614243,0.009578437
6881,3234,68.033264,0.49051875,0.13299122,0.2602825
6882,6890,2.1498184,0.48767245,0.004727699,0.010155648
6882,6634,1.7719765,0.4880835,0.005910404,0.012404844
6883,6884,1.8215065,0.44659692,0.00365147,0.0073691756
6883,6609,8.401394,0.4520136,0.017513968,0.03457348
6884,4847,1.5841331,0.45195514,0.0026222467,0.005444914
6884,922,30.104706,0.45389175,0.07107554,0.13426383
6885,6883,1.7576332,0.44661152,0.0024363846,0.0052651316
6885,6886,2.4917107,0.45428607,0.0057901293,0.0114863515
6886,942,47.849586,0.45316845,0.10398982,0.20131771
6886,6883,3.1137848,0.44791633,0.0066977516,0.013336062
6887,933,65.06028,0.44597015,0.12965521,0.25195965
6887,1361,71.063545,0.45491692,0.14225672,0.2765717
6888,3247,43.62021,0.53987306,0.07059952,0.13510454
6889,2145,2.7595253,0.50328964,0.0021987334,0.0053690523
6889,5652,35.76704,0.5005594,0.078575894,0.14793542
6890,2314,1.8016777,0.4882316,0.0045056194,0.009277791
6890,4726,1.7105751,0.49426192,0.004917212,0.009659186
6891,5225,2.0370178,0.40554306,0.0025732294,0.005172208
6891,4352,55.823425,0.42973545,0.14417729,0.2795162
6892,2511,43.892868,0.4155637,0.08766627,0.16784856
6892,2031,3.9838295,0.42452708,0.0075969994,0.014931738
6893,2512,12.972319,0.42215988,0.027467415,0.05322577
6893,6892,9.590599,0.42197642,0.020321324,0.039257735
6894,1587,56.47734,0.44475815,0.114460796,0.22218122
6894,1588,96.73892,0.44667488,0.19575512,0.3767388
6894,3551,146.07428,0.43623886,0.29994023,0.5770764
6895,3630,1.9506187,0.5081748,0.0029125959,0.0053192973
6895,7055,56.13128,0.03913921,0.23915356,0.50288624
6896,6998,35.135815,0.5126594,0.076167464,0.1446661
6896,6962,59.168365,0.51687026,0.12574062,0.244461
6897,4069,2.3706741,0.4858909,0.0045366585,0.009506166
6897,1194,92.55278,0.4819141,0.19608009,0.3783814
6898,6899,1.3763924,0.46836966,0.0028161258,0.0063255727
6898,3373,18.812763,0.4767103,0.041794438,0.08049656
6898,3113,16.282654,0.4772907,0.03601605,0.069493346
6899,128,1.6612434,0.47285444,0.0034896955,0.0072903484
6899,6898,1.6559982,0.46002108,0.0030566081,0.006823227
6900,3114,1.7820816,0.47333682,0.0024964362,0.005287349
6900,6901,2.919712,0.4735484,0.0034130737,0.0070652664
6901,3373,25.376358,0.47391966,0.05314517,0.1008129
6902,6665,0.5920677,0.06151226,0.0019020662,0.004373163
6902,2675,39.44108,0.46400994,0.087702535,0.16844027
6903,6902,2.138256,0.45838428,0.004397303,0.009066507
6903,6666,31.416758,0.45966053,0.08023069,0.15427062
6904,6903,2.1129303,0.45333892,0.004064724,0.008292958
6905,6906,0.9035568,0.48920828,0.004080698,0.008490041
6905,5986,37.810074,0.48830843,0.12057179,0.23578708
6906,876,8.483719,0.48991582,0.021715753,0.04283482
6907,4145,0.8317261,0.043138713,0.0014103726,0.0030237734
6908,6909,0.6917877,0.09460196,0.0012592077,0.0026891083
6909,2295,1.2170982,0.4981906,0.0029116422,0.006203577
6909,2791,102.439445,0.49471438,0.23038065,0.44525528
6910,1031,30.702248,0.44645482,0.07868787,0.15559207
6910,2881,56.552856,0.2914629,0.11983365,0.22791469
6911,4144,0.92603683,0.06467664,0.0015544593,0.0031046718
6912,1272,1.2592545,0.4353744,0.004394166,0.008887261
6913,1893,2.2060852,0.36467326,0.0044631287,0.009382457
6913,4845,1.3883743,0.3716531,0.008061908,0.015927047
6914,1510,2.9343376,0.40794513,0.0056758225,0.0116351545
6914,6915,2.7743797,0.4082768,0.0055417866,0.011119857
6915,579,116.55001,0.39031726,0.24581635,0.4726367
6915,6914,2.4231453,0.40571323,0.004766248,0.009698093
6916,4800,23.115057,0.48759967,0.0560717,0.10782381
6916,6917,19.630877,0.48369396,0.041726112,0.0801019
6917,2067,95.9868,0.4669895,0.19045934,0.36597264
6917,4798,103.77288,0.49355125,0.20363763,0.39260665
6917,6916,19.87941,0.48506352,0.042329066,0.081404574
6918,1184,1.6470032,0.48736984,0.0020786673,0.004326552
6918,454,27.828749,0.48684064,0.057519495,0.1089633
6918,6443,5.860943,0.48707068,0.012602285,0.024908751
6919,6876,20.491302,0.4539968,0.04482117,0.08590427
6919,6920,1.8348122,0.46276537,0.005669959,0.011568204
6920,6875,16.109667,0.45156446,0.03614374,0.070003755
6921,7006,0.7972946,0.023307264,0.0010051578,0.0026789308
6922,3478,25.866089,0.49771798,0.057984192,0.11042695
6922,6316,2.0856018,0.48166162,0.0036709234,0.008772582
6923,1089,7.871662,0.48789936,0.017498516,0.034925684
6923,3584,1.2595482,0.48674393,0.0028270334,0.0064009726
6924,1177,158.00815,0.44689733,0.32281703,0.62159467
6925,6926,1.796341,0.26933762,0.0040328354,0.007656023
6925,5945,27.239235,0.27186197,0.06570205,0.1229357
6926,6928,1.712059,0.26612094,0.0050923675,0.009586722
6926,1970,3.2354546,0.2688916,0.007427752,0.0138500035
6927,6925,2.0411568,0.26807982,0.0053822175,0.010057285
6928,6927,1.7707405,0.27138308,0.0041552633,0.0076746047
6928,5950,2.292778,0.26896167,0.0065677688,0.01213482
6929,4873,2.8471184,0.29164535,0.0026403666,0.005026251
6929,4748,14.597437,0.298074,0.03439257,0.06585202
6930,6938,1.2812843,0.5442281,0.0016897172,0.0035372227
6931,6932,2.0955276,0.43414617,0.0032302588,0.0065273643
6931,6932,62.476223,0.4272441,0.12533702,0.24199961
6931,6934,1.3967476,0.4358149,0.0019743666,0.0045773834
6932,6931,1.8590317,0.43379948,0.0028381124,0.0058567226
6932,6933,17.14555,0.43989503,0.036456224,0.07036606
6933,5412,2.1971436,0.444085,0.002381429,0.0049078614
6933,5413,36.038616,0.45254314,0.07412497,0.14003477
6933,6932,17.244806,0.4418552,0.036544368,0.0705355
6934,6931,2.1703568,0.4391712,0.0038625002,0.00807035
6935,4988,2.358162,0.49636894,0.0019877478,0.004250467
6935,3595,22.524487,0.49339235,0.050771855,0.09758347
6936,6930,1.3152008,0.5434199,0.00152421,0.0035247803
6936,4170,16.805391,0.5392582,0.03487045,0.06820577
6937,6936,1.3960838,0.5395075,0.0019790903,0.0045178086
6937,4176,26.444044,0.5425239,0.05371218,0.10318294
6938,6937,1.1065903,0.5395114,0.0018816292,0.003980562
6938,5362,6.386921,0.5440227,0.01292076,0.025600076
6939,6435,1.2593918,0.48755968,0.004278876,0.009179175
6940,6939,0.39016724,0.1081464,0.0021071136,0.004166022
6940,6941,1.3480606,0.48823634,0.0022852346,0.0051140636
6940,6383,2.0399857,0.48919898,0.003883183,0.008482963
6941,6381,1.5601158,0.49523255,0.0032836944,0.006597325
6941,6940,1.730587,0.48632148,0.0025669485,0.005508095
6942,556,60.358215,0.4604895,0.20384562,0.3947607
6942,1742,55.448666,0.45820063,0.10889396,0.21132359
6943,241,2.5836678,0.4419172,0.0055508018,0.011258617
6944,6945,2.0634842,0.43961805,0.004173279,0.008502707
6945,2364,5.3815956,0.44191676,0.011683479,0.023187146
6945,240,3.3913307,0.4405914,0.0072914883,0.014549717
6946,6944,1.9951019,0.4371148,0.0035573244,0.0070136487
6947,6948,1.5715828,0.47061217,0.0026899949,0.005785957
6947,6863,6.257366,0.48975107,0.013620175,0.027357683
6948,6860,1.4816666,0.49660483,0.0027795285,0.0055651516
6948,6861,2.2056313,0.49223572,0.0049175695,0.010334387
6949,3391,21.489788,0.014647543,0.08950785,0.18301716
6950,6949,59.724106,0.0,0.18065932,0.38293868
6951,937,2.5121422,0.4584973,0.0049854442,0.010198519
6951,6684,8.370651,0.4646279,0.017932065,0.035129845
6951,935,37.874393,0.46111983,0.0758351,0.14490028
6952,2982,1.0974236,0.26426432,0.00035200268,0.0005169213
6952,1743,5.846485,0.49339986,0.010923415,0.022650674
6953,6954,1.6671524,0.4460725,0.0035534129,0.0075319856
6953,6110,46.75848,0.4493494,0.11772369,0.23097174
6954,6955,1.1317253,0.4535619,0.00386931,0.008220509
6954,4391,23.860107,0.45591873,0.05396353,0.10258594
6955,6956,1.6962242,0.45709926,0.0035230592,0.0072426945
6955,4404,27.657257,0.45660624,0.06770994,0.12857273
6956,6953,1.2703819,0.43235284,0.0037540868,0.007939637
6956,6750,33.760593,0.45555255,0.076440126,0.145995
6957,6559,2.2018776,0.5285606,0.0036950186,0.008148238
6957,6766,0.9732933,0.5273972,0.003214255,0.0064708292
6958,732,35.609627,0.4723313,0.09319408,0.17678896
6958,4129,35.092583,0.48110512,0.09196688,0.17790711
6959,6960,2.4737625,0.33838165,0.004026927,0.0078091025
6959,1844,14.642469,0.3335085,0.036357794,0.06943402
6960,6959,2.3466492,0.33722872,0.00362999,0.0071362257
6960,3951,28.530296,0.34626278,0.07193151,0.13672823
6961,796,1.6112709,0.44666973,0.002001509,0.0044712424
6961,1963,212.58435,0.47758564,0.43028295,0.8329485
6961,1747,145.87851,0.43744826,0.30063516,0.5791899
6962,6896,59.168472,0.51446205,0.124299616,0.24115348
6962,6269,4.7197914,0.5186601,0.009649061,0.019552156
6964,6965,1.6785545,0.4880693,0.0035696253,0.0073371828
6964,6462,17.070808,0.4864347,0.037854433,0.07325019
6965,635,1.7695389,0.4894723,0.0030927137,0.0061141253
6966,6968,1.962143,0.5107561,0.0016736388,0.0043445975
6966,2912,4.8112984,0.5174652,0.007750459,0.016092926
6967,6966,2.6324806,0.5116015,0.0030104816,0.0068064034
6967,2904,10.788786,0.5170869,0.013651155,0.027923048
6968,6969,2.682022,0.5125012,0.0033774078,0.0075020045
6968,2906,3.8694115,0.51731944,0.00537163,0.0115107
6969,6967,2.0872917,0.51118946,0.0021114722,0.0050810277
6969,2908,6.163315,0.51571786,0.010682993,0.021882698
6970,1658,44.525784,0.51663876,0.08614971,0.16526845
6970,6972,2.1387367,0.5178291,0.0033637285,0.0071393102
6971,6973,1.3650665,0.52015173,0.0024994016,0.005341217
6972,6970,2.1413383,0.51704794,0.0032024607,0.006824866
6972,1652,82.59808,0.5156213,0.15942667,0.30939943
6972,6971,6.2018433,0.5200845,0.013052441,0.026114494
6973,3359,21.18268,0.52213556,0.046074573,0.08830489
6973,6974,1.7384415,0.5225385,0.0032272711,0.0069390982
6974,6975,1.4503441,0.5258503,0.0023344755,0.0049706846
6975,6977,1.5788231,0.52094275,0.0031513274,0.006763652
6975,6977,69.81879,0.5175469,0.14983255,0.29177088
6976,6971,1.607521,0.51857334,0.0029375032,0.005985588
6976,6970,5.350483,0.516732,0.011596926,0.023348153
6977,6976,2.2671928,0.5185024,0.004437208,0.009632796
6978,1500,110.04849,0.41689563,0.24622676,0.47335052
6978,1501,16.005753,0.41229215,0.035667006,0.068714805
6979,6982,67.74409,0.4118865,0.15430766,0.29857564
6979,2421,42.428276,0.4083056,0.09326856,0.17967777
6980,1501,1.9047203,0.41559416,0.0032834709,0.006640509
6980,6978,14.984682,0.41775817,0.033894565,0.06539097
6981,2405,71.293594,0.4118274,0.14628306,0.28150105
6981,6980,54.023235,0.40846086,0.10910837,0.20978759
6982,6980,1.8219681,0.41463846,0.00410223,0.008192688
6982,6981,53.76603,0.4103986,0.1095161,0.2106474
6983,6982,2.2580948,0.4189277,0.0036158934,0.007415816
6983,6979,68.304085,0.41169834,0.15614372,0.30028594
6984,6985,2.7976074,0.46598005,0.002543345,0.0053077787
6984,2915,81.681854,0.4666634,0.21836668,0.4210546
6985,6984,2.8658867,0.46509287,0.002851002,0.0058687776
6985,2962,77.40288,0.4674567,0.20761995,0.4002201
6986,4837,0.9093971,0.4718341,0.002526395,0.006357059
6986,5577,66.668686,0.47103167,0.19765982,0.3815264
6987,5112,2.0757484,0.47125566,0.0023337305,0.0048553944
6987,3547,2.899704,0.47570693,0.0052594915,0.010730833
6988,6989,14.418364,0.4797557,0.0307458,0.05972647
6988,3148,4.53043,0.47878784,0.007147461,0.014185816
6989,2758,14.937773,0.47713658,0.03137791,0.060926445
6989,3148,11.428589,0.4733323,0.021725126,0.042813376
6990,4454,23.64991,0.5001824,0.053177033,0.10288367
6990,5911,1.2130051,0.49291718,0.002109781,0.004773572
6991,6990,1.6108589,0.4830296,0.0027193502,0.005561739
6991,340,7.12661,0.5041023,0.01576683,0.031984344
6992,1981,3.7446022,0.49740326,0.0065590516,0.013632044
6992,6991,1.5363312,0.47990802,0.002449073,0.005225435
6993,269,97.399734,0.29817614,0.21969041,0.42566365
6993,256,36.14768,0.2980144,0.081075646,0.15254308
6993,268,94.87274,0.26531774,0.21906033,0.4244213
6994,6995,1.8451881,0.4522332,0.0035590976,0.0073086917
6994,2647,94.31273,0.45375618,0.21070245,0.40552118
6995,4482,1.5930748,0.45554614,0.0029518828,0.0058870018
6995,5814,156.52785,0.45522088,0.3519778,0.6782336
6996,2083,136.85318,0.47338396,0.27575564,0.5310856
6997,2191,46.035877,0.478398,0.098579414,0.19038752
6997,6595,45.024315,0.48485598,0.09706125,0.18767644
6998,6999,2.573204,0.5069648,0.0012324229,0.0032544434
6998,2095,10.59079,0.51645464,0.023611397,0.046590388
6999,6998,2.275711,0.51508754,0.0011907071,0.0030239522
6999,6896,34.7311,0.51406693,0.0762499,0.1439239
7000,76,1.6875877,0.46034142,0.0032683015,0.0071196705
7000,4480,26.72913,0.45908043,0.060626015,0.115440786
7001,1960,1.7802925,0.4444702,0.003475897,0.007705331
7001,4476,2.1152153,0.4560762,0.0035400689,0.0074774623
7001,6775,82.84305,0.44354478,0.18425739,0.35460848
7002,3401,48.25719,0.40223277,0.15939619,0.3096966
7003,195,0.7879486,0.41358754,0.0062597096,0.012229532
7003,7094,50.66277,0.41954434,0.31948105,0.61398363
7004,4380,139.17969,0.45821637,0.31614375,0.60970527
7004,7005,3.287857,0.4567225,0.004681535,0.009236634
7005,76,1.9592247,0.46120733,0.0039308667,0.008321241
7005,5813,23.739641,0.46566468,0.053146753,0.10112931
7005,7004,3.3879929,0.4572451,0.004963018,0.009789482
7006,1498,2.6653023,0.4686838,0.004673116,0.010181114
7006,6921,0.6939583,0.025438517,0.00063406676,0.0016268939
7007,2163,99.157234,0.5090359,0.19443175,0.37833387
7007,2161,7.7027855,0.50838304,0.015206367,0.03016916
7008,6743,1.6380386,0.4615241,0.0028772876,0.005898088
7008,6746,12.714937,0.4680776,0.027818985,0.054210126
7009,2979,1.9082565,0.4918881,0.002366528,0.004892528
7009,48,14.5124035,0.4902079,0.035541605,0.068802044
7010,4807,28.27111,0.45580313,0.07186161,0.13629726
7010,7011,34.23399,0.4515037,0.07066722,0.13404715
7011,7010,26.123959,0.45435804,0.06559938,0.12461439
7011,7010,34.406456,0.4526273,0.07051117,0.13287213
7012,5627,1.6562691,0.47822654,0.004431851,0.009087205
7012,6868,2.7280464,0.47395125,0.004812211,0.0096882135
7013,3393,23.781403,0.47970495,0.05076728,0.09678717
7014,4070,1.1290779,0.43475106,0.0041169375,0.00833796
7014,1727,38.34147,0.44157782,0.12714306,0.2501589
7015,7016,1.4631805,0.40309736,0.004916005,0.009775519
7015,1522,52.828224,0.40547615,0.1316103,0.25493598
7016,1739,0.82304764,0.3990833,0.0044491366,0.009086654
7016,2414,31.037113,0.39826947,0.08063101,0.15334956
7017,7018,51.071884,0.48291716,0.100698754,0.19411236
7018,857,1.368496,0.4774396,0.0018988997,0.0042735785
7018,7019,1.9808083,0.48099086,0.0027006865,0.0055891722
7018,5218,17.219473,0.47802886,0.036586482,0.071237035
7019,3326,41.2987,0.4805408,0.08217363,0.15531799
7020,1861,3.1290283,0.496703,0.0015439913,0.0044516176
7020,1860,1.3943329,0.49876392,0.0041851476,0.008862719
7021,3419,0.81056213,0.53054386,0.0005737692,0.0019325316
7021,6644,44.400524,0.53508294,0.09414341,0.18126519
7022,7023,0.0,0.52585757,0.005780868,0.00973618
7022,2233,30.031862,0.012593985,0.17409757,0.3768463
7023,3254,19.58847,0.53612196,0.05308797,0.103722796
7024,250,2.8332443,0.2852561,0.005936943,0.011002168
7024,7025,4.7990875,0.3003103,0.010068916,0.018685251
7025,4805,18.400288,0.29161423,0.039684277,0.07561548
7026,1330,114.923134,0.48966172,0.1726262,0.33531517
7026,1862,3.7079926,0.49263456,0.005869761,0.012137622
7027,7028,2.8620377,0.26936612,0.005559221,0.010079727
7027,6630,24.982584,0.25790253,0.06463964,0.122710064
7028,7027,2.9913368,0.269961,0.0058832765,0.010826603
7028,1670,25.031897,0.26422656,0.05888161,0.11082924
7029,153,1.8000145,0.5064029,0.0017234758,0.0038175732
7029,3935,37.339897,0.50325364,0.073933706,0.140749
7030,5352,37.61263,0.3984866,0.07779295,0.14737917
7030,3682,4.6097183,0.40808472,0.009095691,0.018919423
7031,3323,2.6145287,0.4006946,0.0035702065,0.007112935
7031,7030,5.7211647,0.40447372,0.011761829,0.023005381
7032,1681,5.664364,0.38393444,0.012202524,0.023517162
7032,4322,17.378834,0.3830151,0.038243257,0.07348368
7032,2288,119.143845,0.3876484,0.25060865,0.48065126
7033,1838,2.0679855,0.39619622,0.003964402,0.007909209
7033,1825,35.094994,0.3886634,0.074813634,0.14102767
7033,2322,21.021605,0.38956368,0.04646378,0.08821668
7034,7035,1.4277115,0.50827193,0.0019326732,0.0038276762
7034,5648,28.18543,0.052745193,0.10328038,0.21860473
7034,4112,70.16226,0.5032954,0.13862781,0.26942807
7035,7034,1.2999344,0.50396866,0.0017134398,0.0038902014
7035,5639,33.776413,0.08602083,0.1314525,0.27274233
7036,7038,1.098011,0.51012546,0.0020963326,0.005045593
7036,3491,1.2591362,0.5139584,0.002071172,0.0052711964
7037,7036,1.4170723,0.51484257,0.0023000613,0.0053990334
7038,3492,0.94231415,0.5113248,0.0018033609,0.004307404
7038,5880,20.490122,0.51554066,0.04556508,0.08858562
7039,2231,1.6081657,0.5199918,0.0025569424,0.005527705
7039,7040,33.496635,0.5179446,0.06919305,0.13271783
7039,7040,38.75908,0.51703906,0.07532822,0.1445308
7040,7042,5.4873657,0.5219609,0.011037946,0.022311702
7040,7039,33.449986,0.51629704,0.06997324,0.13436773
7041,7042,0.98132706,0.52741355,0.0036129355,0.0063332915
7041,4869,20.643436,0.025144935,0.11605491,0.25380966
7042,7041,0.62926865,0.5230055,0.0029375628,0.0054327697
7042,3363,56.218613,0.51929843,0.11446896,0.22275342
7042,7040,6.2738075,0.5204824,0.012512736,0.024841055
7043,445,10.129276,0.52198493,0.024083197,0.0484733
7043,450,68.5836,0.5156601,0.11368167,0.2189994
7044,372,1.8366699,0.5171461,0.0054508746,0.011892214
7044,789,5.28022,0.5138108,0.008700512,0.01846309
7045,791,1.509758,0.5093089,0.0018035918,0.0040222257
7045,790,44.520912,0.50900435,0.086200275,0.16604096
7045,7046,5.444645,0.5109748,0.010942347,0.021651253
7046,483,31.773094,0.51160073,0.06416735,0.12296164
7046,791,5.125244,0.5124774,0.010130368,0.020237446
7047,5883,43.655197,0.45545053,0.096561424,0.18724856
7047,1888,1.6545906,0.45495248,0.0034279749,0.0072845817
7048,7049,2.0640259,0.48282203,0.002642937,0.0054967403
7048,259,27.431517,0.47726172,0.06757334,0.1283715
7049,7048,2.0541382,0.48509032,0.0025892183,0.005353242
7049,6139,12.3769245,0.4902718,0.029307667,0.05730839
7050,5746,2.3694687,0.49903706,0.0032479241,0.0068761557
7051,3796,2.690422,0.4989592,0.0052235126,0.010820806
7052,3515,1.7704659,0.4756601,0.0025081858,0.005591288
7052,6783,19.695639,0.48506477,0.049881455,0.09654589
7053,4618,1.779911,0.48062178,0.0036221966,0.0074172616
7053,2530,263.99744,0.46383405,0.109713405,0.22609589
7054,57,38.474483,0.50009817,0.08336394,0.15688844
7055,5009,1.9615288,0.023764372,0.003075391,0.00790818
7055,7054,3.2974129,0.50323826,0.0041194856,0.0096181035
7056,7057,1.7045631,0.48974562,0.002599582,0.0056910664
7056,1082,203.43375,0.48252016,0.40730846,0.78910255
7056,1081,130.24542,0.4877831,0.26019052,0.50316185
7057,7056,1.619751,0.4927274,0.0023736358,0.005012989
7057,3398,12.781328,0.494195,0.02647259,0.051954046
7057,7058,14.746197,0.49260023,0.03149933,0.061685286
7058,2765,16.158155,0.49481,0.038373027,0.074986905
7058,7057,14.227699,0.49099877,0.030058686,0.059000246
7059,371,32.212444,0.31312507,0.088809416,0.16895227
7059,2320,12.258255,0.300412,0.028231353,0.053791836
7060,7059,2.0435677,0.29601258,0.005569719,0.010686994
7060,3697,19.760324,0.28962812,0.05253306,0.09994466
7061,7062,1.6317787,0.4809568,0.004436299,0.008720994
7061,3575,97.9171,0.4819435,0.1430918,0.27589208
7062,5617,8.606651,0.05180949,0.03527413,0.06904465
7063,1814,1.55719,0.47219792,0.005106047,0.010113731
7063,4977,36.79097,0.47491738,0.080482304,0.15311351
7064,7067,6.8913116,0.45136756,0.014231041,0.027829275
7064,2695,2.5293808,0.44777802,0.0041152015,0.008187115
7065,4588,1.8966255,0.4516818,0.0036435127,0.007468283
7065,7068,36.018555,0.45377418,0.075231634,0.14260867
7066,7065,1.7534065,0.4542871,0.0027048364,0.0057210624
7066,2721,47.52763,0.45930797,0.10514554,0.20459433
7067,7068,2.1906738,0.4502508,0.0024233833,0.0048772544
7067,4588,36.5421,0.45178512,0.07532085,0.14201158
7068,7067,2.184681,0.45048907,0.002472289,0.00508067
7068,7064,8.497894,0.45115244,0.017766997,0.03480111
7069,7070,0.8808594,0.52424276,0.002966404,0.005677223
7069,6072,26.571684,0.52106816,0.055831205,0.10712558
7069,4134,106.70595,0.5197075,0.21942744,0.42583832
7070,7069,0.82935333,0.5271809,0.0032138377,0.0064217
7070,6071,12.885962,0.04087186,0.054044742,0.108415104
7071,3283,1.1386948,0.5225671,0.0016217604,0.0039154887
7071,7072,16.426401,0.2675725,0.051763605,0.1011991
7072,7073,0.6921768,0.530399,0.0033329725,0.0073322207
7072,6234,25.35037,0.035108984,0.11163548,0.23912321
7073,7072,0.9653969,0.52666277,0.0028875768,0.0054984987
7073,4622,54.515217,0.5191238,0.110984474,0.21568726
7073,3283,25.467066,0.5224709,0.05402227,0.103459574
7075,3692,10.719103,0.37061656,0.025517605,0.049009338
7075,559,1.5208206,0.36317366,0.0053508803,0.010088831
7076,7075,1.672081,0.36974153,0.0056744814,0.010947138
7076,560,4.606804,0.36753467,0.012548119,0.023910165
7077,7076,1.3883362,0.36423194,0.004454799,0.008707821
7077,5272,2.0400963,0.37428823,0.005720988,0.0116993785
7078,3306,19.310064,0.45878285,0.054823775,0.10881423
7079,7078,1.4932213,0.46470627,0.005503595,0.01102078
7079,3535,1.2234688,0.4579317,0.0067351013,0.013348028
7080,7083,0.59737015,0.17554173,0.0013877675,0.0040042102
7080,5774,6.196087,0.468464,0.01223053,0.024317607
7081,7080,2.3664513,0.4670673,0.0035009384,0.006540209
7081,7080,52.277225,0.13070649,0.17041624,0.3506903
7082,7081,0.0,0.037799686,0.0,0.0008267909
7082,5773,54.810997,0.47205144,0.110004246,0.21324563
7083,7082,2.3640099,0.473982,0.0034707189,0.006687507
7083,7086,115.729904,0.43891236,0.27334705,0.530579
7084,7087,20.678776,0.46791553,0.044129673,0.084550425
7084,7085,24.009365,0.47384533,0.051422685,0.09833963
7085,7082,59.350227,0.07078475,0.21010084,0.43416154
7085,7084,23.316809,0.47209138,0.05069365,0.09645102
7086,7087,2.0587006,0.45870733,0.003124185,0.006549388
7086,3031,63.762936,0.46321502,0.12685683,0.24612471
7087,7086,1.8029213,0.4676343,0.0028648376,0.005617097
7087,7084,20.604692,0.46778056,0.044298474,0.08512353
7087,7085,25.57192,0.13316166,0.07146587,0.13918045
7088,1437,43.906147,0.47081763,0.09412634,0.18271379
7088,1432,1.8987846,0.46903136,0.004152186,0.008622214
7089,1432,1.3106728,0.4632821,0.004490614,0.009377196
7089,7088,2.42165,0.47253993,0.005197428,0.010425627
7090,7089,0.54457474,0.46975303,0.0020579174,0.005544111
7090,3201,48.486954,0.4759363,0.13869536,0.26957947
7091,7092,2.4258156,0.43196142,0.0047752783,0.009385154
7091,4464,28.57059,0.43408993,0.07105317,0.135452
7092,630,1.374836,0.44121993,0.0046637356,0.0092756
7092,7093,1.6603622,0.43405324,0.003120467,0.006292209
7092,7091,1.7400017,0.4322402,0.0034181923,0.006975904
7093,4154,2.069538,0.43329635,0.0032253042,0.0066114515
7093,7092,1.9134102,0.4335132,0.0036516786,0.00732857
7093,3663,4.5266647,0.43157905,0.010155849,0.02011986
7094,2684,42.10552,0.43300197,0.103472054,0.19968328
7094,2687,14.608259,0.42607003,0.07202776,0.14034225
